; generated by PrusaSlicer 2.9.4 on 2025-11-19 at 17:03:05 UTC

; 

; external perimeters extrusion width = 0.45mm
; perimeters extrusion width = 0.45mm
; infill extrusion width = 0.45mm
; solid infill extrusion width = 0.45mm
; top infill extrusion width = 0.40mm
; support material extrusion width = 0.35mm
; first layer extrusion width = 0.42mm

;TYPE:Custom
M109 S205
M300
M206 X500
M107
G28
G92 E
M130 T6 U1.3 V80
G1 X-98.0 Y-20.0 Z5.0 F3000
G1 Y-68.0 Z0.3
G1 X-98.0 Y0.0 F500 E20
G92 E
G21 ; set units to millimeters
G90 ; use absolute coordinates
M82 ; use absolute distances for extrusion
G92 E0
; Filament gcode
M107
;LAYER_CHANGE
;Z:0.35
;HEIGHT:0.35
G1 E-2 F2400
G92 E0
G1 Z2.35 F7200
G1 X0 Y36.266
G1 Z.35
G1 E2 F2400
;TYPE:Skirt/Brim
;WIDTH:0.42
G1 F1800
G1 X-64.929 Y36.266 E5.25852
G1 X-67.168 Y35.869 E5.37264
G1 X-69.135 Y34.727 E5.48679
G1 X-70.59 Y32.978 E5.60097
G1 X-71.446 Y29.749 E5.76862
G1 X-71.446 Y-35.251 E9.0307
G1 X-71.049 Y-37.491 E9.14487
G1 X-69.907 Y-39.458 E9.25902
G1 X-68.158 Y-40.912 E9.37317
G1 X-64.929 Y-41.769 E9.54083
G1 X55.071 Y-41.769 E15.56314
G1 X57.311 Y-41.372 E15.67731
G1 X59.278 Y-40.229 E15.79148
G1 X60.732 Y-38.48 E15.90563
G1 X61.589 Y-35.251 E16.07329
G1 X61.589 Y29.749 E19.33537
G1 X61.192 Y31.988 E19.44949
G1 X60.049 Y33.955 E19.56366
G1 X58.3 Y35.41 E19.67784
G1 X55.071 Y36.266 E19.84549
G1 X.06 Y36.266 E22.60627
G1 X.06 Y35.921 F7200
G1 F1800
G1 X-64.929 Y35.921 E25.8678
G1 X-67.106 Y35.524 E25.97886
G1 X-69.003 Y34.385 E26.08991
G1 X-70.377 Y32.65 E26.20098
G1 X-71.101 Y29.749 E26.35103
G1 X-71.101 Y-35.251 E29.61311
G1 X-70.704 Y-37.429 E29.72422
G1 X-69.565 Y-39.326 E29.83527
G1 X-67.83 Y-40.699 E29.94631
G1 X-64.929 Y-41.424 E30.09638
G1 X55.071 Y-41.424 E36.11869
G1 X57.249 Y-41.027 E36.2298
G1 X59.146 Y-39.888 E36.34085
G1 X60.519 Y-38.152 E36.45193
G1 X61.244 Y-35.251 E36.602
G1 X61.244 Y29.749 E39.86408
G1 X60.847 Y31.926 E39.97514
G1 X59.708 Y33.823 E40.08619
G1 X57.972 Y35.197 E40.1973
G1 X55.071 Y35.921 E40.34735
G1 X.12 Y35.921 E43.10512
G1 E41.10512 F2400
G92 E0
G1 Z2.35 F7200
G92 E0
G1 X-1.867 Y-7.114
G1 Z.35
G1 E2 F2400
;TYPE:Perimeter
;WIDTH:0.42
G1 F1800
G1 X-2.16 Y-7.24 E2.01601
G1 X-23.515 Y-20.749 E3.28416
G1 X-23.937 Y-21.076 E3.31095
G1 X-24.252 Y-21.42 E3.33436
G1 X-24.507 Y-21.81 E3.35774
G1 X-24.697 Y-22.236 E3.38115
G1 X-24.816 Y-22.687 E3.40456
G1 X-24.855 Y-23.22 E3.43138
G1 X-24.776 Y-23.869 E3.46419
G1 X-24.61 Y-24.378 E3.49106
G1 X-24.308 Y-24.901 E3.52137
G1 X-24.004 Y-25.255 E3.54479
G1 X-23.648 Y-25.556 E3.56819
G1 X-23.248 Y-25.795 E3.59157
G1 X-22.815 Y-25.968 E3.61497
G1 X-22.36 Y-26.069 E3.63836
G1 X-21.965 Y-26.098 E3.65824
G1 X21.713 Y-26.107 E5.85026
G1 X22.249 Y-26.055 E5.87729
G1 X22.766 Y-25.9 E5.90438
G1 X23.349 Y-25.591 E5.93749
G1 X23.767 Y-25.249 E5.96459
G1 X24.149 Y-24.774 E5.99518
G1 X24.371 Y-24.358 E6.01884
G1 X24.557 Y-23.729 E6.05176
G1 X24.608 Y-23.117 E6.08258
G1 X24.525 Y-22.513 E6.11318
G1 X24.375 Y-22.067 E6.13679
G1 X24.156 Y-21.65 E6.16043
G1 X23.871 Y-21.275 E6.18407
G1 X23.53 Y-20.951 E6.20768
G1 X23.204 Y-20.721 E6.2277
G1 X.759 Y-7.267 E7.54099
G1 X.386 Y-7.079 E7.56195
G1 X-.111 Y-6.922 E7.58811
G1 X-.605 Y-6.859 E7.6131
G1 X-1.061 Y-6.876 E7.636
G1 X-1.573 Y-6.988 E7.6623
G1 X-1.812 Y-7.091 E7.67536
G1 X-1.731 Y-7.431 F7200
G1 F1800
G1 X-2.023 Y-7.557 E7.69132
G1 X-23.331 Y-21.04 E8.95678
G1 X-23.688 Y-21.315 E8.9794
G1 X-23.968 Y-21.616 E9.00003
G1 X-24.196 Y-21.958 E9.02066
G1 X-24.365 Y-22.332 E9.04126
G1 X-24.473 Y-22.729 E9.06191
G1 X-24.513 Y-23.179 E9.08458
G1 X-24.434 Y-23.827 E9.11734
G1 X-24.252 Y-24.33 E9.14419
G1 X-24.041 Y-24.683 E9.16483
G1 X-23.776 Y-24.997 E9.18545
G1 X-23.464 Y-25.264 E9.20606
G1 X-23.113 Y-25.478 E9.22669
G1 X-22.732 Y-25.633 E9.24733
G1 X-22.332 Y-25.725 E9.26793
G1 X-21.965 Y-25.753 E9.2864
G1 X21.713 Y-25.762 E11.47842
G1 X22.166 Y-25.72 E11.50125
G1 X22.604 Y-25.595 E11.52411
G1 X23.187 Y-25.286 E11.55722
G1 X23.595 Y-24.932 E11.58433
G1 X23.849 Y-24.604 E11.60515
G1 X24.047 Y-24.24 E11.62595
G1 X24.219 Y-23.664 E11.65612
G1 X24.263 Y-23.108 E11.68411
G1 X24.195 Y-22.614 E11.70914
G1 X24.067 Y-22.22 E11.72993
G1 X23.876 Y-21.852 E11.75074
G1 X23.628 Y-21.519 E11.77158
G1 X23.329 Y-21.231 E11.79241
G1 X23.026 Y-21.017 E11.81103
G1 X.582 Y-7.563 E13.12427
G1 X.244 Y-7.393 E13.14326
G1 X-.202 Y-7.256 E13.16668
G1 X-.601 Y-7.204 E13.18687
G1 X-1.003 Y-7.216 E13.20705
G1 X-1.437 Y-7.305 E13.22928
G1 X-1.676 Y-7.408 E13.24234
G1 X-1.594 Y-7.748 F7200
;TYPE:External perimeter
G1 F1800
G1 X-1.887 Y-7.874 E13.25835
G1 X-23.146 Y-21.332 E14.52106
G1 X-23.439 Y-21.554 E14.53951
G1 X-23.684 Y-21.812 E14.55737
G1 X-23.884 Y-22.106 E14.57522
G1 X-24.034 Y-22.428 E14.59305
G1 X-24.131 Y-22.77 E14.61089
G1 X-24.17 Y-23.137 E14.62941
G1 X-24.091 Y-23.786 E14.66222
G1 X-23.953 Y-24.158 E14.68213
G1 X-23.773 Y-24.465 E14.69999
G1 X-23.547 Y-24.739 E14.71781
G1 X-23.279 Y-24.973 E14.73567
G1 X-22.978 Y-25.161 E14.75348
G1 X-22.65 Y-25.298 E14.77132
G1 X-22.304 Y-25.381 E14.78918
G1 X-21.965 Y-25.408 E14.80625
G1 X21.713 Y-25.417 E16.99827
G1 X22.083 Y-25.385 E17.01691
G1 X22.443 Y-25.29 E17.0356
G1 X23.026 Y-24.982 E17.06869
G1 X23.326 Y-24.716 E17.08881
G1 X23.549 Y-24.435 E17.10681
G1 X23.723 Y-24.121 E17.12483
G1 X23.88 Y-23.599 E17.15219
G1 X23.918 Y-23.099 E17.17736
G1 X23.866 Y-22.716 E17.19676
G1 X23.758 Y-22.374 E17.21476
G1 X23.596 Y-22.053 E17.2328
G1 X23.384 Y-21.764 E17.25079
G1 X23.129 Y-21.512 E17.26878
G1 X22.849 Y-21.312 E17.28605
G1 X.405 Y-7.858 E18.59929
G1 X.101 Y-7.707 E18.61632
G1 X-.252 Y-7.598 E18.63486
G1 X-.597 Y-7.549 E18.65235
G1 X-.945 Y-7.556 E18.66982
G1 X-1.3 Y-7.621 E18.68793
G1 X-1.539 Y-7.724 E18.70099
G1 X-1.902 Y-7.893 F7200
G1 E16.70099 F2400
G92 E0
G1 Z2.35 F7200
G1 X-2.548 Y.476
G1 Z.35
G1 E2 F2400
;TYPE:Perimeter
G1 F1800
G1 X-2.268 Y.36 E2.01521
G1 X-1.995 Y.296 E2.02928
G1 X-1.364 Y.254 E2.06102
G1 X-.85 Y.317 E2.08701
G1 X-.086 Y.615 E2.12817
G1 X.434 Y.925 E2.15855
G1 X17.557 Y11.584 E3.17078
G1 X17.977 Y11.906 E3.19734
G1 X18.295 Y12.249 E3.22081
G1 X18.553 Y12.639 E3.24428
G1 X18.746 Y13.065 E3.26775
G1 X18.867 Y13.517 E3.29123
G1 X18.915 Y13.982 E3.31469
G1 X18.887 Y14.449 E3.33817
G1 X18.784 Y14.905 E3.36163
G1 X18.537 Y15.464 E3.3923
G1 X18.159 Y15.994 E3.42497
G1 X17.764 Y16.357 E3.45189
G1 X17.305 Y16.638 E3.4789
G1 X16.87 Y16.811 E3.50239
G1 X16.414 Y16.912 E3.52583
G1 X16.018 Y16.941 E3.54576
G1 X-19.904 Y16.928 E5.34854
G1 X-20.442 Y16.875 E5.37567
G1 X-20.896 Y16.75 E5.3993
G1 X-21.325 Y16.552 E5.42301
G1 X-21.715 Y16.288 E5.44665
G1 X-22.058 Y15.964 E5.47033
G1 X-22.343 Y15.588 E5.49401
G1 X-22.564 Y15.171 E5.51769
G1 X-22.714 Y14.724 E5.54135
G1 X-22.79 Y14.259 E5.565
G1 X-22.789 Y13.787 E5.58869
G1 X-22.712 Y13.322 E5.61234
G1 X-22.56 Y12.875 E5.63603
G1 X-22.337 Y12.459 E5.65972
G1 X-22.01 Y12.047 E5.68612
G1 X-21.439 Y11.569 E5.72349
G1 X-2.963 Y.647 E6.80062
G1 X-2.604 Y.498 E6.82013
G1 X-2.422 Y.795 F7200
G1 F1800
G1 X-2.141 Y.68 E6.83537
G1 X-1.408 Y.602 E6.87236
G1 X-.908 Y.657 E6.8976
G1 X-.221 Y.933 E6.93476
G1 X17.372 Y11.876 E7.97454
G1 X17.729 Y12.147 E7.99703
G1 X18.012 Y12.447 E8.01773
G1 X18.243 Y12.788 E8.0384
G1 X18.415 Y13.163 E8.0591
G1 X18.525 Y13.56 E8.07977
G1 X18.57 Y13.97 E8.10047
G1 X18.548 Y14.381 E8.12113
G1 X18.461 Y14.784 E8.14182
G1 X18.238 Y15.292 E8.16966
G1 X17.891 Y15.777 E8.19959
G1 X17.521 Y16.106 E8.22444
G1 X17.169 Y16.321 E8.24514
G1 X16.788 Y16.476 E8.26578
G1 X16.386 Y16.569 E8.28649
G1 X16.018 Y16.596 E8.30501
G1 X-19.904 Y16.583 E10.10779
G1 X-20.358 Y16.541 E10.13067
G1 X-20.759 Y16.433 E10.15151
G1 X-21.138 Y16.262 E10.17238
G1 X-21.484 Y16.032 E10.19323
G1 X-21.788 Y15.749 E10.21407
G1 X-22.043 Y15.42 E10.23496
G1 X-22.24 Y15.054 E10.25582
G1 X-22.375 Y14.661 E10.27667
G1 X-22.445 Y14.251 E10.29754
G1 X-22.448 Y13.835 E10.31842
G1 X-22.382 Y13.425 E10.33926
G1 X-22.252 Y13.03 E10.36013
G1 X-22.059 Y12.662 E10.38098
G1 X-21.777 Y12.302 E10.40393
G1 X-21.239 Y11.851 E10.43916
G1 X-2.787 Y.944 E11.51487
G1 X-2.477 Y.817 E11.53168
G1 X-2.295 Y1.114 F7200
;TYPE:External perimeter
G1 F1800
G1 X-2.013 Y1.001 E11.54693
G1 X-1.385 Y.947 E11.57856
G1 X-.927 Y1.008 E11.60175
G1 X-.346 Y1.255 E11.63343
G1 X17.188 Y12.167 E12.66988
G1 X17.482 Y12.387 E12.68831
G1 X17.729 Y12.644 E12.7062
G1 X17.932 Y12.938 E12.72413
G1 X18.084 Y13.26 E12.742
G1 X18.183 Y13.603 E12.75992
G1 X18.225 Y13.957 E12.77781
G1 X18.21 Y14.313 E12.79569
G1 X18.138 Y14.663 E12.81362
G1 X17.939 Y15.121 E12.83868
G1 X17.624 Y15.559 E12.86576
G1 X17.336 Y15.814 E12.88506
G1 X17.034 Y16.003 E12.90294
G1 X16.705 Y16.141 E12.92084
G1 X16.358 Y16.225 E12.93876
G1 X16.018 Y16.252 E12.95588
G1 X-19.904 Y16.238 E14.75866
G1 X-20.274 Y16.206 E14.7773
G1 X-20.623 Y16.117 E14.79538
G1 X-20.952 Y15.972 E14.81342
G1 X-21.253 Y15.776 E14.83145
G1 X-21.519 Y15.533 E14.84953
G1 X-21.742 Y15.251 E14.86757
G1 X-21.916 Y14.936 E14.88563
G1 X-22.036 Y14.597 E14.90368
G1 X-22.1 Y14.243 E14.92173
G1 X-22.106 Y13.884 E14.93975
G1 X-22.053 Y13.528 E14.95781
G1 X-21.944 Y13.185 E14.97587
G1 X-21.78 Y12.865 E14.99392
G1 X-21.556 Y12.566 E15.01267
G1 X-21.04 Y12.134 E15.04644
G1 X-2.612 Y1.241 E16.12076
G1 X-2.351 Y1.136 E16.13488
G1 X-1.971 Y1.01 F7200
G1 E14.13488 F2400
G92 E0
G1 Z2.35 F7200
G1 X-36.955 Y11.85
G1 Z.35
G1 E2 F2400
;TYPE:Perimeter
G1 F1800
G1 X-36.992 Y11.791 E2.0035
G1 X-37.174 Y11.364 E2.02679
G1 X-37.286 Y10.914 E2.05006
G1 X-37.324 Y10.556 E2.06813
G1 X-38.069 Y-17.749 E3.48913
G1 X-37.983 Y-18.499 E3.52702
G1 X-37.91 Y-18.753 E3.54028
G1 X-37.646 Y-19.319 E3.57162
G1 X-37.5 Y-19.539 E3.58487
G1 X-37.077 Y-19.999 E3.61623
G1 X-36.871 Y-20.164 E3.62948
G1 X-36.328 Y-20.474 E3.66086
G1 X-36.082 Y-20.569 E3.67409
G1 X-35.471 Y-20.701 E3.70546
G1 X-35.208 Y-20.716 E3.71868
G1 X-34.586 Y-20.657 E3.75004
G1 X-34.211 Y-20.541 E3.76974
G1 X-33.741 Y-20.34 E3.79539
G1 X-10.133 Y-5.653 E5.19074
G1 X-9.724 Y-5.341 E5.21656
G1 X-9.412 Y-5.009 E5.23942
G1 X-9.155 Y-4.633 E5.26228
G1 X-8.961 Y-4.221 E5.28513
G1 X-8.834 Y-3.783 E5.30802
G1 X-8.777 Y-3.331 E5.33088
G1 X-8.792 Y-2.876 E5.35373
G1 X-8.877 Y-2.429 E5.37657
G1 X-9.032 Y-2.001 E5.39941
G1 X-9.252 Y-1.602 E5.42228
G1 X-9.531 Y-1.242 E5.44514
G1 X-9.864 Y-.931 E5.46801
G1 X-10.18 Y-.709 E5.48739
G1 X-32.937 Y12.932 E6.81893
G1 X-33.413 Y13.159 E6.8454
G1 X-33.864 Y13.287 E6.86893
G1 X-34.325 Y13.34 E6.89222
G1 X-34.788 Y13.319 E6.91548
G1 X-35.243 Y13.225 E6.9388
G1 X-35.676 Y13.059 E6.96207
G1 X-36.083 Y12.821 E6.98573
G1 X-36.437 Y12.531 E7.0087
G1 X-36.753 Y12.171 E7.03274
G1 X-36.923 Y11.901 E7.04875
G1 X-36.656 Y11.683 F7200
G1 F1800
G1 X-36.678 Y11.648 E7.05082
G1 X-36.842 Y11.273 E7.07136
G1 X-36.943 Y10.877 E7.09187
G1 X-36.98 Y10.533 E7.10923
G1 X-37.724 Y-17.758 E8.52953
G1 X-37.641 Y-18.455 E8.56476
G1 X-37.334 Y-19.174 E8.604
G1 X-36.823 Y-19.766 E8.64325
G1 X-36.333 Y-20.074 E8.6723
G1 X-36.009 Y-20.232 E8.69039
G1 X-35.399 Y-20.364 E8.72171
G1 X-34.619 Y-20.313 E8.76094
G1 X-33.821 Y-19.993 E8.80409
G1 X-10.317 Y-5.362 E10.19353
G1 X-9.969 Y-5.099 E10.21542
G1 X-9.692 Y-4.808 E10.23558
G1 X-9.464 Y-4.478 E10.25571
G1 X-9.29 Y-4.117 E10.27582
G1 X-9.175 Y-3.732 E10.29599
G1 X-9.122 Y-3.334 E10.31614
G1 X-9.132 Y-2.933 E10.33627
G1 X-9.205 Y-2.539 E10.35638
G1 X-9.338 Y-2.16 E10.37654
G1 X-9.529 Y-1.807 E10.39668
G1 X-9.773 Y-1.489 E10.4168
G1 X-10.064 Y-1.212 E10.43696
G1 X-10.357 Y-1.005 E10.45496
G1 X-33.114 Y12.636 E11.7865
G1 X-33.519 Y12.831 E11.80906
G1 X-33.911 Y12.945 E11.82955
G1 X-34.317 Y12.995 E11.85008
G1 X-34.726 Y12.98 E11.87062
G1 X-35.127 Y12.9 E11.89114
G1 X-35.51 Y12.756 E11.91167
G1 X-35.871 Y12.549 E11.93255
G1 X-36.184 Y12.297 E11.95272
G1 X-36.466 Y11.98 E11.97401
G1 X-36.623 Y11.734 E11.98866
G1 X-36.357 Y11.517 F7200
;TYPE:External perimeter
G1 F1800
G1 X-36.364 Y11.505 E11.98936
G1 X-36.509 Y11.182 E12.00713
G1 X-36.6 Y10.84 E12.02489
G1 X-36.635 Y10.511 E12.04149
G1 X-37.38 Y-17.767 E13.46114
G1 X-37.299 Y-18.411 E13.49371
G1 X-37.021 Y-19.029 E13.52772
G1 X-36.569 Y-19.532 E13.56166
G1 X-35.986 Y-19.876 E13.59563
G1 X-35.358 Y-20.02 E13.62796
G1 X-34.652 Y-19.97 E13.66348
G1 X-34.184 Y-19.78 E13.68883
G1 X-33.404 Y-19.327 E13.7341
G1 X-10.502 Y-5.07 E15.08797
G1 X-10.215 Y-4.857 E15.10591
G1 X-9.973 Y-4.608 E15.12334
G1 X-9.772 Y-4.324 E15.1408
G1 X-9.619 Y-4.013 E15.15819
G1 X-9.517 Y-3.681 E15.17562
G1 X-9.467 Y-3.337 E15.19307
G1 X-9.472 Y-2.99 E15.21049
G1 X-9.532 Y-2.648 E15.22792
G1 X-9.644 Y-2.319 E15.24536
G1 X-9.806 Y-2.013 E15.26274
G1 X-10.014 Y-1.735 E15.28016
G1 X-10.264 Y-1.493 E15.29762
G1 X-10.535 Y-1.301 E15.31429
G1 X-33.292 Y12.34 E16.64583
G1 X-33.62 Y12.501 E16.66417
G1 X-33.959 Y12.604 E16.68195
G1 X-34.31 Y12.651 E16.69972
G1 X-34.664 Y12.641 E16.71749
G1 X-35.012 Y12.575 E16.73527
G1 X-35.344 Y12.454 E16.753
G1 X-35.659 Y12.277 E16.77113
G1 X-35.931 Y12.062 E16.78853
G1 X-36.179 Y11.788 E16.80708
G1 X-36.324 Y11.567 E16.82035
G1 X-36.493 Y11.205 F7200
G1 E14.82035 F2400
G92 E0
G1 Z2.35 F7200
G1 X-38.098 Y17.653
G1 Z.35
G1 E2 F2400
;TYPE:Perimeter
G1 F1800
G1 X-37.88 Y17.836 E2.01428
G1 X-37.688 Y18.065 E2.02928
G1 X-37.403 Y18.558 E2.05786
G1 X-37.301 Y18.839 E2.07286
G1 X-37.202 Y19.399 E2.1014
G1 X-37.202 Y19.698 E2.11641
G1 X-37.301 Y20.259 E2.145
G1 X-37.403 Y20.54 E2.16
G1 X-37.688 Y21.033 E2.18858
G1 X-37.88 Y21.262 E2.20358
G1 X-38.316 Y21.627 E2.23212
G1 X-38.764 Y21.869 E2.25767
G1 X-39.539 Y22.036 E2.29746
G1 X-39.838 Y22.036 E2.31247
G1 X-40.399 Y21.937 E2.34106
G1 X-40.68 Y21.834 E2.35608
G1 X-41.173 Y21.55 E2.38463
G1 X-41.402 Y21.358 E2.39963
G1 X-41.768 Y20.922 E2.4282
G1 X-41.917 Y20.663 E2.4432
G1 X-42.112 Y20.128 E2.47178
G1 X-42.164 Y19.833 E2.48681
G1 X-42.164 Y19.264 E2.51537
G1 X-42.112 Y18.969 E2.5304
G1 X-41.917 Y18.435 E2.55893
G1 X-41.768 Y18.176 E2.57393
G1 X-41.402 Y17.74 E2.6025
G1 X-41.173 Y17.547 E2.61753
G1 X-40.68 Y17.263 E2.64608
G1 X-40.4 Y17.161 E2.66104
G1 X-39.85 Y17.063 E2.68908
G1 X-39.334 Y17.077 E2.71499
G1 X-38.575 Y17.32 E2.75499
G1 X-38.316 Y17.47 E2.77001
G1 X-38.144 Y17.614 E2.78127
G1 X-38.321 Y17.919 F7200
G1 F1800
G1 X-37.986 Y18.237 E2.80445
G1 X-37.702 Y18.73 E2.833
G1 X-37.604 Y19.104 E2.8524
G1 X-37.537 Y19.606 E2.87782
G1 X-37.64 Y20.199 E2.90803
G1 X-37.702 Y20.368 E2.91706
G1 X-37.986 Y20.86 E2.94557
G1 X-38.102 Y20.998 E2.95462
G1 X-38.537 Y21.363 E2.98312
G1 X-38.91 Y21.557 E3.00422
G1 X-39.599 Y21.696 E3.03949
G1 X-39.779 Y21.696 E3.04852
G1 X-40.339 Y21.597 E3.07706
G1 X-40.641 Y21.459 E3.09372
G1 X-41.088 Y21.187 E3.11998
G1 X-41.503 Y20.7 E3.15209
G1 X-41.72 Y20.195 E3.17967
G1 X-41.819 Y19.833 E3.1985
G1 X-41.819 Y19.264 E3.22706
G1 X-41.593 Y18.553 E3.2645
G1 X-41.138 Y17.962 E3.30193
G1 X-40.508 Y17.562 E3.33938
G1 X-39.789 Y17.403 E3.37634
G1 X-39.272 Y17.436 E3.40234
G1 X-38.693 Y17.644 E3.43322
G1 X-38.366 Y17.879 E3.45343
G1 X-38.544 Y18.185 F7200
;TYPE:External perimeter
G1 F1800
G1 X-38.325 Y18.362 E3.46756
G1 X-38.004 Y18.896 E3.49883
G1 X-37.887 Y19.486 E3.52902
G1 X-37.98 Y20.139 E3.56212
G1 X-38.285 Y20.688 E3.59364
G1 X-38.759 Y21.099 E3.62513
G1 X-39.099 Y21.258 E3.64397
G1 X-39.659 Y21.356 E3.6725
G1 X-40.279 Y21.258 E3.704
G1 X-40.828 Y20.953 E3.73552
G1 X-41.239 Y20.478 E3.76704
G1 X-41.474 Y19.833 E3.80149
G1 X-41.474 Y19.264 E3.83005
G1 X-41.269 Y18.671 E3.86154
G1 X-40.874 Y18.183 E3.89305
G1 X-40.335 Y17.86 E3.92459
G1 X-39.729 Y17.742 E3.95557
G1 X-39.346 Y17.774 E3.97486
G1 X-38.811 Y17.969 E4.00344
G1 X-38.591 Y18.147 E4.01764
G1 X-38.304 Y18.425 F7200
G1 E2.01764 F2400
G92 E0
G1 Z2.35 F7200
G1 X-43.796 Y20.799
G1 Z.35
G1 E2 F2400
;TYPE:Perimeter
G1 F1800
G1 X-43.811 Y20.936 E2.00692
G1 X-44.019 Y21.488 E2.03652
G1 X-44.335 Y21.905 E2.06278
G1 X-44.786 Y22.234 E2.0908
G1 X-45.39 Y22.436 E2.12276
G1 X-51.929 Y22.449 E2.45093
G1 X-52.404 Y22.381 E2.47501
G1 X-52.882 Y22.192 E2.50081
G1 X-53.278 Y21.876 E2.52624
G1 X-53.47 Y21.647 E2.54124
G1 X-53.728 Y21.157 E2.56903
G1 X-53.829 Y20.55 E2.59991
G1 X-53.829 Y-22.753 E4.77311
G1 X-53.761 Y-23.226 E4.79709
G1 X-53.546 Y-23.747 E4.82538
G1 X-53.18 Y-24.18 E4.85383
G1 X-52.715 Y-24.473 E4.88141
G1 X-52.434 Y-24.575 E4.89641
G1 X-51.93 Y-24.651 E4.92199
G1 X-46.802 Y-24.651 E5.17934
G1 X-46.337 Y-24.586 E5.2029
G1 X-45.793 Y-24.357 E5.23252
G1 X-45.372 Y-23.998 E5.26029
G1 X-45.101 Y-23.575 E5.2855
G1 X-44.991 Y-23.296 E5.30055
G1 X-44.905 Y-22.803 E5.32567
G1 X-43.765 Y20.5 E7.49962
G1 X-43.79 Y20.74 E7.51173
G1 X-44.133 Y20.754 F7200
G1 F1800
G1 X-44.141 Y20.836 E7.51586
G1 X-44.308 Y21.3 E7.54061
G1 X-44.613 Y21.688 E7.56538
G1 X-45.024 Y21.961 E7.59014
G1 X-45.5 Y22.091 E7.6149
G1 X-51.93 Y22.104 E7.9376
G1 X-52.286 Y22.057 E7.95562
G1 X-52.78 Y21.844 E7.98262
G1 X-53.172 Y21.474 E8.00967
G1 X-53.413 Y20.994 E8.03663
G1 X-53.484 Y20.55 E8.0592
G1 X-53.484 Y-22.753 E10.2324
G1 X-53.437 Y-23.108 E10.25037
G1 X-53.224 Y-23.603 E10.27741
G1 X-52.854 Y-23.994 E10.30443
G1 X-52.374 Y-24.236 E10.33141
G1 X-51.93 Y-24.306 E10.35397
G1 X-46.802 Y-24.306 E10.61132
G1 X-46.453 Y-24.261 E10.62898
G1 X-45.966 Y-24.055 E10.65552
G1 X-45.585 Y-23.707 E10.68142
G1 X-45.329 Y-23.228 E10.70868
G1 X-45.25 Y-22.794 E10.73082
G1 X-44.11 Y20.509 E12.90477
G1 X-44.128 Y20.695 E12.91415
G1 X-44.469 Y20.709 F7200
;TYPE:External perimeter
G1 F1800
G1 X-44.471 Y20.737 E12.91556
G1 X-44.59 Y21.102 E12.93483
G1 X-44.818 Y21.411 E12.9541
G1 X-45.132 Y21.633 E12.9734
G1 X-45.501 Y21.746 E12.99277
G1 X-51.93 Y21.759 E13.31542
G1 X-52.168 Y21.733 E13.32744
G1 X-52.558 Y21.58 E13.34846
G1 X-52.873 Y21.302 E13.36954
G1 X-53.074 Y20.934 E13.39058
G1 X-53.139 Y20.55 E13.41013
G1 X-53.139 Y-22.753 E15.58333
G1 X-53.113 Y-22.99 E15.5953
G1 X-52.96 Y-23.381 E15.61637
G1 X-52.682 Y-23.696 E15.63745
G1 X-52.314 Y-23.896 E15.65847
G1 X-51.93 Y-23.961 E15.67802
G1 X-46.802 Y-23.961 E15.93537
G1 X-46.454 Y-23.895 E15.95315
G1 X-46.184 Y-23.788 E15.96773
G1 X-45.879 Y-23.527 E15.98788
G1 X-45.667 Y-23.16 E16.00915
G1 X-45.594 Y-22.785 E16.02832
G1 X-44.455 Y20.518 E18.20227
G1 X-44.465 Y20.649 E18.20886
G1 X-44.571 Y21.035 F7200
G1 E16.20886 F2400
G92 E0
G1 Z2.35 F7200
G1 X-38.633 Y-27.865
G1 Z.35
G1 E2 F2400
;TYPE:Perimeter
G1 F1800
G1 X-38.73 Y-27.598 E2.01426
G1 X-38.88 Y-27.338 E2.02932
G1 X-39.246 Y-26.902 E2.05789
G1 X-39.475 Y-26.71 E2.07289
G1 X-39.97 Y-26.424 E2.10158
G1 X-40.249 Y-26.323 E2.11647
G1 X-40.809 Y-26.224 E2.14501
G1 X-41.108 Y-26.224 E2.16002
G1 X-41.669 Y-26.323 E2.18861
G1 X-41.95 Y-26.426 E2.20363
G1 X-42.443 Y-26.71 E2.23218
G1 X-42.696 Y-26.931 E2.24904
G1 X-43.038 Y-27.338 E2.27572
G1 X-43.187 Y-27.598 E2.29076
G1 X-43.42 Y-28.275 E2.32669
G1 X-43.434 Y-28.996 E2.36288
G1 X-43.382 Y-29.291 E2.37791
G1 X-43.187 Y-29.825 E2.40644
G1 X-43.038 Y-30.084 E2.42144
G1 X-42.672 Y-30.52 E2.45001
G1 X-42.443 Y-30.713 E2.46504
G1 X-41.95 Y-30.997 E2.49359
G1 X-41.67 Y-31.099 E2.50855
G1 X-41.118 Y-31.197 E2.53669
G1 X-40.604 Y-31.183 E2.5625
G1 X-40.175 Y-31.083 E2.58461
G1 X-39.475 Y-30.713 E2.62435
G1 X-39.246 Y-30.52 E2.63938
G1 X-38.88 Y-30.084 E2.66795
G1 X-38.73 Y-29.825 E2.68297
G1 X-38.536 Y-29.291 E2.71148
G1 X-38.484 Y-28.996 E2.72651
G1 X-38.484 Y-28.427 E2.75507
G1 X-38.536 Y-28.132 E2.7701
G1 X-38.612 Y-27.921 E2.78136
G1 X-38.957 Y-27.983 F7200
G1 F1800
G1 X-39.054 Y-27.715 E2.79566
G1 X-39.144 Y-27.56 E2.80466
G1 X-39.51 Y-27.124 E2.83323
G1 X-39.977 Y-26.818 E2.86125
G1 X-40.309 Y-26.663 E2.87964
G1 X-40.869 Y-26.564 E2.90818
G1 X-41.049 Y-26.564 E2.91721
G1 X-41.609 Y-26.663 E2.94575
G1 X-42.014 Y-26.861 E2.96837
G1 X-42.408 Y-27.124 E2.99214
G1 X-42.773 Y-27.56 E3.02068
G1 X-42.905 Y-27.83 E3.03576
G1 X-43.076 Y-28.312 E3.06143
G1 X-43.089 Y-28.996 E3.09576
G1 X-43.058 Y-29.173 E3.10478
G1 X-42.863 Y-29.707 E3.13331
G1 X-42.773 Y-29.863 E3.14235
G1 X-42.408 Y-30.298 E3.17085
G1 X-41.778 Y-30.698 E3.2083
G1 X-41.059 Y-30.857 E3.24526
G1 X-40.541 Y-30.824 E3.27131
G1 X-40.14 Y-30.698 E3.2924
G1 X-39.647 Y-30.414 E3.32095
G1 X-39.144 Y-29.863 E3.35839
G1 X-39.054 Y-29.707 E3.36743
G1 X-38.86 Y-29.173 E3.39594
G1 X-38.829 Y-28.996 E3.40496
G1 X-38.829 Y-28.427 E3.43352
G1 X-38.86 Y-28.25 E3.44254
G1 X-38.937 Y-28.039 E3.45381
G1 X-39.286 Y-28.102 F7200
;TYPE:External perimeter
G1 F1800
G1 X-39.378 Y-27.833 E3.46808
G1 X-39.753 Y-27.371 E3.49794
G1 X-40.312 Y-27.023 E3.53099
G1 X-40.929 Y-26.904 E3.56253
G1 X-41.514 Y-26.996 E3.59225
G1 X-42.098 Y-27.307 E3.62546
G1 X-42.509 Y-27.782 E3.65698
G1 X-42.734 Y-28.368 E3.68848
G1 X-42.744 Y-28.996 E3.72
G1 X-42.539 Y-29.589 E3.75149
G1 X-42.144 Y-30.077 E3.783
G1 X-41.605 Y-30.4 E3.81454
G1 X-40.999 Y-30.518 E3.84552
G1 X-40.63 Y-30.491 E3.86409
G1 X-40.312 Y-30.4 E3.88069
G1 X-39.82 Y-30.115 E3.90922
G1 X-39.408 Y-29.641 E3.94074
G1 X-39.184 Y-29.055 E3.97222
G1 X-39.174 Y-28.427 E4.00374
G1 X-39.266 Y-28.159 E4.01796
G1 X-39.429 Y-27.794 F7200
G1 E2.01796 F2400
G92 E0
G1 Z2.35 F7200
G1 X29.448 Y12.734
G1 Z.35
G1 E2 F2400
;TYPE:Perimeter
G1 F1800
G1 X29.384 Y12.711 E2.00341
G1 X28.224 Y12.009 E2.07146
G1 X7.887 Y-.867 E3.27945
G1 X7.475 Y-1.186 E3.3056
G1 X7.165 Y-1.519 E3.32843
G1 X6.885 Y-1.959 E3.3546
G1 X6.65 Y-2.552 E3.38661
G1 X6.552 Y-3.065 E3.41282
G1 X6.553 Y-3.593 E3.43932
G1 X6.65 Y-4.101 E3.46528
G1 X6.807 Y-4.528 E3.48811
G1 X7.029 Y-4.925 E3.51094
G1 X7.311 Y-5.283 E3.53381
G1 X7.645 Y-5.592 E3.55665
G1 X7.962 Y-5.812 E3.57601
G1 X31.554 Y-19.758 E4.95139
G1 X32.266 Y-20.051 E4.99003
G1 X32.535 Y-20.11 E5.00385
G1 X33.162 Y-20.15 E5.03538
G1 X33.43 Y-20.125 E5.04889
G1 X34.047 Y-19.968 E5.08084
G1 X34.294 Y-19.862 E5.09433
G1 X34.832 Y-19.522 E5.12627
G1 X35.034 Y-19.345 E5.13975
G1 X35.441 Y-18.856 E5.17168
G1 X35.579 Y-18.625 E5.18518
G1 X35.816 Y-18.035 E5.21709
G1 X35.875 Y-17.773 E5.23057
G1 X35.923 Y-17.072 E5.26583
G1 X33.481 Y10.336 E6.64677
G1 X33.387 Y10.849 E6.67294
G1 X33.231 Y11.278 E6.69585
G1 X32.968 Y11.729 E6.72205
G1 X32.547 Y12.21 E6.75413
G1 X32.135 Y12.531 E6.78034
G1 X31.49 Y12.815 E6.81571
G1 X31.167 Y12.918 E6.83272
G1 X30.714 Y12.973 E6.85562
G1 X30.259 Y12.956 E6.87847
G1 X29.812 Y12.868 E6.90133
G1 X29.504 Y12.755 E6.91779
G1 X29.584 Y12.42 F7200
G1 F1800
G1 X29.545 Y12.406 E6.91987
G1 X28.408 Y11.718 E6.98656
G1 X8.071 Y-1.158 E8.19455
G1 X7.722 Y-1.426 E8.21663
G1 X7.447 Y-1.718 E8.23676
G1 X7.205 Y-2.087 E8.25891
G1 X6.97 Y-2.679 E8.29088
G1 X6.888 Y-3.18 E8.31636
G1 X6.901 Y-3.596 E8.33725
G1 X6.976 Y-3.99 E8.35738
G1 X7.112 Y-4.367 E8.37749
G1 X7.305 Y-4.718 E8.39759
G1 X7.551 Y-5.035 E8.41773
G1 X7.843 Y-5.309 E8.43783
G1 X8.138 Y-5.515 E8.45589
G1 X31.73 Y-19.461 E9.83127
G1 X32.393 Y-19.73 E9.86718
G1 X33.184 Y-19.806 E9.90706
G1 X33.962 Y-19.634 E9.94705
G1 X34.648 Y-19.231 E9.98698
G1 X35.176 Y-18.636 E10.0269
G1 X35.495 Y-17.907 E10.06683
G1 X35.578 Y-17.083 E10.10839
G1 X33.138 Y10.305 E11.48832
G1 X33.06 Y10.739 E11.51045
G1 X32.925 Y11.118 E11.53064
G1 X32.708 Y11.502 E11.55278
G1 X32.288 Y11.983 E11.58483
G1 X31.838 Y12.304 E11.61257
G1 X31.118 Y12.577 E11.65121
G1 X30.719 Y12.628 E11.6714
G1 X30.318 Y12.616 E11.69153
G1 X29.923 Y12.541 E11.71171
G1 X29.64 Y12.44 E11.72679
G1 X29.719 Y12.105 F7200
;TYPE:External perimeter
G1 F1800
G1 X29.706 Y12.101 E11.72747
G1 X28.593 Y11.426 E11.7928
G1 X8.256 Y-1.45 E13.00079
G1 X7.97 Y-1.666 E13.01878
G1 X7.729 Y-1.917 E13.03624
G1 X7.526 Y-2.214 E13.05429
G1 X7.291 Y-2.806 E13.08626
G1 X7.234 Y-3.217 E13.10708
G1 X7.241 Y-3.537 E13.12314
G1 X7.302 Y-3.878 E13.14053
G1 X7.417 Y-4.206 E13.15797
G1 X7.581 Y-4.511 E13.17535
G1 X7.791 Y-4.787 E13.19275
G1 X8.042 Y-5.027 E13.21018
G1 X8.313 Y-5.218 E13.22682
G1 X31.905 Y-19.164 E14.6022
G1 X32.52 Y-19.409 E14.63542
G1 X33.206 Y-19.462 E14.66995
G1 X33.876 Y-19.3 E14.70454
G1 X34.464 Y-18.939 E14.73917
G1 X34.911 Y-18.415 E14.77374
G1 X35.175 Y-17.778 E14.80835
G1 X35.231 Y-17.08 E14.84349
G1 X32.794 Y10.275 E16.22176
G1 X32.733 Y10.629 E16.23979
G1 X32.62 Y10.958 E16.25725
G1 X32.448 Y11.275 E16.27535
G1 X32.028 Y11.756 E16.3074
G1 X31.7 Y11.988 E16.32756
G1 X31.107 Y12.225 E16.35961
G1 X30.724 Y12.283 E16.37905
G1 X30.376 Y12.276 E16.39652
G1 X30.034 Y12.215 E16.41395
G1 X29.776 Y12.125 E16.42766
G1 X29.427 Y11.929 F7200
G1 E14.42766 F2400
G92 E0
G1 Z2.35 F7200
G1 X33.165 Y19.177
G1 Z.35
G1 E2 F2400
;TYPE:Perimeter
G1 F1800
G1 X33.172 Y19.087 E2.00453
G1 X33.367 Y18.553 E2.03306
G1 X33.457 Y18.397 E2.0421
G1 X33.822 Y17.962 E2.0706
G1 X33.96 Y17.846 E2.07965
G1 X34.452 Y17.562 E2.10816
G1 X34.62 Y17.5 E2.11715
G1 X35.171 Y17.403 E2.14523
G1 X35.689 Y17.436 E2.17128
G1 X36.09 Y17.562 E2.19237
G1 X36.583 Y17.846 E2.22092
G1 X37.086 Y18.397 E2.25836
G1 X37.37 Y19.087 E2.29581
G1 X37.401 Y19.833 E2.33328
G1 X37.37 Y20.01 E2.3423
G1 X37.176 Y20.545 E2.37086
G1 X37.086 Y20.7 E2.37986
G1 X36.72 Y21.136 E2.40843
G1 X36.258 Y21.439 E2.43616
G1 X35.921 Y21.597 E2.45484
G1 X35.361 Y21.696 E2.48338
G1 X35.181 Y21.696 E2.49241
G1 X34.621 Y21.597 E2.52095
G1 X34.452 Y21.536 E2.52997
G1 X33.96 Y21.251 E2.5585
G1 X33.822 Y21.136 E2.56752
G1 X33.457 Y20.7 E2.59606
G1 X33.367 Y20.545 E2.60506
G1 X33.172 Y20.01 E2.63364
G1 X33.141 Y19.449 E2.66184
G1 X33.159 Y19.237 E2.67252
G1 X33.496 Y19.235 F7200
;TYPE:External perimeter
G1 F1800
G1 X33.691 Y18.671 E2.70247
G1 X34.058 Y18.217 E2.73177
G1 X34.567 Y17.894 E2.76202
G1 X34.681 Y17.84 E2.76835
G1 X35.231 Y17.742 E2.79639
G1 X35.6 Y17.769 E2.81496
G1 X35.918 Y17.86 E2.83156
G1 X36.41 Y18.145 E2.86009
G1 X36.822 Y18.619 E2.89161
G1 X37.046 Y19.205 E2.92309
G1 X37.056 Y19.833 E2.95461
G1 X36.852 Y20.427 E2.98613
G1 X36.41 Y20.953 E3.02061
G1 X35.918 Y21.237 E3.04912
G1 X35.241 Y21.356 E3.08362
G1 X34.681 Y21.258 E3.11215
G1 X34.132 Y20.953 E3.14367
G1 X33.721 Y20.478 E3.17519
G1 X33.496 Y19.892 E3.20669
G1 X33.486 Y19.294 E3.23671
G1 X33.609 Y18.913 F7200
G1 E1.23671 F2400
G92 E0
G1 Z2.35 F7200
G1 X37.775 Y20.072
G1 Z.35
G1 E2 F2400
;TYPE:Perimeter
;WIDTH:0.580493
G1 F1800
G1 X37.827 Y19.264 E2.05954
G1 E.05954 F2400
G92 E0
G1 Z2.35 F7200
G1 X38.14 Y22.472
G1 Z.35
G1 E2 F2400
;WIDTH:0.42
G1 F1800
G1 X37.932 Y21.972 E2.02718
G1 X37.807 Y21.533 E2.05009
G1 X37.769 Y20.923 E2.08076
;WIDTH:0.46797
G1 X37.774 Y20.538 E2.10277
;WIDTH:0.51594
G1 X37.78 Y20.153 E2.12747
;WIDTH:0.540175
G1 X37.775 Y20.072 E2.13296
G1 X37.683 Y20.269 E2.14767
;WIDTH:0.500116
G1 X37.591 Y20.466 E2.16112
;WIDTH:0.460058
G1 X37.5 Y20.662 E2.17322
;WIDTH:0.42
G1 X37.35 Y20.922 E2.18828
G1 X36.984 Y21.358 E2.21685
G1 X36.755 Y21.55 E2.23185
G1 X36.262 Y21.834 E2.2604
G1 X35.981 Y21.937 E2.27542
G1 X35.42 Y22.036 E2.30401
G1 X35.122 Y22.036 E2.31897
G1 X34.561 Y21.937 E2.34756
G1 X34.28 Y21.834 E2.36258
G1 X33.788 Y21.55 E2.39109
G1 X33.558 Y21.358 E2.40613
G1 X33.192 Y20.922 E2.4347
G1 X33.043 Y20.663 E2.4497
G1 X32.848 Y20.128 E2.47828
G1 X32.796 Y19.833 E2.49331
G1 X32.796 Y19.264 E2.52187
G1 X32.848 Y18.969 E2.5369
G1 X33.043 Y18.435 E2.56543
G1 X33.192 Y18.176 E2.58043
G1 X33.558 Y17.74 E2.609
G1 X33.787 Y17.547 E2.62403
G1 X34.28 Y17.263 E2.65258
G1 X34.56 Y17.161 E2.66754
G1 X35.11 Y17.063 E2.69558
G1 X35.626 Y17.077 E2.72149
G1 X36.055 Y17.177 E2.7436
G1 X36.755 Y17.547 E2.78334
G1 X36.984 Y17.74 E2.79837
G1 X37.35 Y18.176 E2.82694
G1 X37.5 Y18.435 E2.84196
;WIDTH:0.44489
G1 X37.706 Y18.965 E2.87256
;WIDTH:0.490091
G1 X37.746 Y19.065 E2.87906
;WIDTH:0.535292
G1 X37.786 Y19.165 E2.88627
;WIDTH:0.580493
G1 X37.827 Y19.264 E2.89415
G1 X37.859 Y19.155 E2.9025
;WIDTH:0.535292
G1 X37.891 Y19.046 E2.91011
;WIDTH:0.490091
G1 X37.924 Y18.937 E2.91699
;WIDTH:0.44489
G1 X37.987 Y18.371 E2.94763
;WIDTH:0.42
G1 X39.683 Y-.67 E3.907
G1 X39.781 Y-1.194 E3.93375
G1 X39.942 Y-1.63 E3.95708
G1 X40.171 Y-2.035 E3.98043
G1 X40.462 Y-2.398 E4.00378
G1 X40.807 Y-2.71 E4.02712
G1 X41.197 Y-2.963 E4.05045
G1 X41.686 Y-3.165 E4.077
G1 X42.288 Y-3.288 E4.10784
G1 X42.848 Y-3.295 E4.13595
G1 X43.386 Y-3.194 E4.16342
G1 X43.884 Y-2.995 E4.19033
G1 X44.28 Y-2.752 E4.21365
G1 X44.632 Y-2.448 E4.23699
G1 X44.932 Y-2.092 E4.26035
G1 X45.17 Y-1.693 E4.28367
G1 X45.342 Y-1.261 E4.30701
G1 X45.442 Y-.807 E4.33034
G1 X45.471 Y-.413 E4.35017
G1 X45.471 Y21.05 E5.42731
G1 X45.422 Y21.569 E5.45347
G1 X45.306 Y22.008 E5.47626
G1 X45.122 Y22.424 E5.49909
G1 X44.875 Y22.806 E5.52192
G1 X44.572 Y23.145 E5.54474
G1 X44.219 Y23.432 E5.56757
G1 X43.826 Y23.661 E5.5904
G1 X43.402 Y23.825 E5.61322
G1 X42.829 Y23.949 E5.64264
G1 X40.658 Y23.949 E5.75159
G1 X39.924 Y23.847 E5.78878
G1 X39.677 Y23.77 E5.80176
G1 X39.126 Y23.502 E5.83251
G1 X38.912 Y23.355 E5.84554
G1 X38.466 Y22.935 E5.87629
G1 X38.172 Y22.523 E5.90169
G1 X38.443 Y22.302 F7200
G1 F1800
G1 X38.405 Y22.246 E5.90509
G1 X38.183 Y21.661 E5.93649
G1 X38.122 Y21.041 E5.96776
G1 X38.171 Y20.188 E6.01064
G1 X40.027 Y-.64 E7.06005
G1 X40.107 Y-1.082 E7.08259
G1 X40.246 Y-1.468 E7.10318
G1 X40.445 Y-1.826 E7.12374
G1 X40.699 Y-2.148 E7.14432
G1 X41.001 Y-2.425 E7.16489
G1 X41.343 Y-2.65 E7.18543
G1 X41.755 Y-2.827 E7.20793
G1 X42.357 Y-2.95 E7.23877
G1 X42.886 Y-2.947 E7.26532
G1 X43.33 Y-2.85 E7.28813
G1 X43.71 Y-2.697 E7.30869
G1 X44.061 Y-2.485 E7.32927
G1 X44.374 Y-2.22 E7.34985
G1 X44.64 Y-1.908 E7.37043
G1 X44.853 Y-1.558 E7.39099
G1 X45.007 Y-1.178 E7.41157
G1 X45.098 Y-.779 E7.43211
G1 X45.126 Y-.413 E7.45053
G1 X45.126 Y21.05 E8.52767
G1 X45.087 Y21.488 E8.54974
G1 X44.987 Y21.876 E8.56985
G1 X44.828 Y22.244 E8.58997
G1 X44.613 Y22.582 E8.61007
G1 X44.348 Y22.883 E8.6302
G1 X44.039 Y23.138 E8.65031
G1 X43.694 Y23.342 E8.67042
G1 X43.322 Y23.49 E8.69051
G1 X42.812 Y23.604 E8.71674
G1 X40.658 Y23.604 E8.82484
G1 X39.976 Y23.506 E8.85942
G1 X39.277 Y23.192 E8.89788
G1 X38.702 Y22.684 E8.93639
G1 X38.477 Y22.352 E8.95652
G1 X38.743 Y22.132 F7200
;TYPE:External perimeter
G1 F1800
G1 X38.709 Y22.08 E8.95964
G1 X38.506 Y21.54 E8.98859
G1 X38.466 Y21.02 E9.01476
G1 X38.515 Y20.219 E9.05503
G1 X40.37 Y-.609 E10.10444
G1 X40.434 Y-.97 E10.12284
G1 X40.55 Y-1.305 E10.14063
G1 X40.719 Y-1.617 E10.15844
G1 X40.936 Y-1.898 E10.17626
G1 X41.195 Y-2.14 E10.19405
G1 X41.489 Y-2.338 E10.21184
G1 X41.824 Y-2.489 E10.23028
G1 X42.426 Y-2.612 E10.26112
G1 X42.86 Y-2.602 E10.28291
G1 X43.207 Y-2.528 E10.30072
G1 X43.537 Y-2.399 E10.3185
G1 X43.843 Y-2.219 E10.33632
G1 X44.115 Y-1.992 E10.3541
G1 X44.348 Y-1.725 E10.37188
G1 X44.535 Y-1.423 E10.38971
G1 X44.672 Y-1.096 E10.4075
G1 X44.755 Y-.751 E10.42531
G1 X44.781 Y-.413 E10.44232
G1 X44.781 Y21.05 E11.51946
G1 X44.751 Y21.408 E11.53749
G1 X44.668 Y21.744 E11.55486
G1 X44.534 Y22.064 E11.57227
G1 X44.351 Y22.358 E11.58965
G1 X44.124 Y22.621 E11.60709
G1 X43.859 Y22.844 E11.62447
G1 X43.562 Y23.024 E11.6419
G1 X43.241 Y23.154 E11.65928
G1 X42.794 Y23.259 E11.68232
G1 X40.658 Y23.259 E11.78952
G1 X40.028 Y23.165 E11.82149
G1 X39.428 Y22.882 E11.85478
G1 X38.938 Y22.432 E11.88817
G1 X38.776 Y22.183 E11.90308
G1 X38.614 Y21.817 F7200
G1 E9.90308 F2400
G92 E0
G1 Z2.35 F7200
G1 X41.591 Y-31.193
G1 Z.35
G1 E2 F2400
;TYPE:Perimeter
G1 F1800
G1 X41.946 Y-31.183 E2.01782
G1 X42.375 Y-31.083 E2.03993
G1 X43.075 Y-30.713 E2.07967
G1 X43.304 Y-30.52 E2.0947
G1 X43.67 Y-30.084 E2.12327
G1 X43.82 Y-29.825 E2.13829
G1 X44.014 Y-29.291 E2.1668
G1 X44.066 Y-28.996 E2.18183
G1 X44.066 Y-28.427 E2.21039
G1 X44.014 Y-28.132 E2.22542
G1 X43.82 Y-27.597 E2.25398
G1 X43.67 Y-27.338 E2.269
G1 X43.304 Y-26.902 E2.29757
G1 X43.075 Y-26.71 E2.31257
G1 X42.582 Y-26.426 E2.34112
G1 X42.301 Y-26.323 E2.35614
G1 X41.741 Y-26.224 E2.38468
G1 X41.478 Y-26.219 E2.39788
G1 X40.881 Y-26.323 E2.42829
G1 X40.6 Y-26.426 E2.44331
G1 X40.102 Y-26.713 E2.47216
G1 X39.878 Y-26.902 E2.48687
G1 X39.512 Y-27.338 E2.51544
G1 X39.363 Y-27.597 E2.53044
G1 X39.168 Y-28.132 E2.55902
G1 X39.116 Y-28.427 E2.57405
G1 X39.116 Y-28.996 E2.60261
G1 X39.168 Y-29.291 E2.61764
G1 X39.363 Y-29.825 E2.64617
G1 X39.512 Y-30.084 E2.66117
G1 X39.878 Y-30.52 E2.68974
G1 X40.107 Y-30.713 E2.70477
G1 X40.6 Y-30.997 E2.73332
G1 X40.88 Y-31.099 E2.74828
G1 X41.432 Y-31.197 E2.77642
G1 X41.531 Y-31.195 E2.78139
G1 X41.591 Y-30.851 F7200
G1 F1800
G1 X42.009 Y-30.824 E2.80241
G1 X42.41 Y-30.698 E2.8235
G1 X42.903 Y-30.414 E2.85205
G1 X43.406 Y-29.863 E2.88949
G1 X43.496 Y-29.707 E2.89853
G1 X43.69 Y-29.173 E2.92704
G1 X43.721 Y-28.996 E2.93606
G1 X43.721 Y-28.427 E2.96462
G1 X43.69 Y-28.25 E2.97364
G1 X43.496 Y-27.715 E3.0022
G1 X43.406 Y-27.56 E3.0112
G1 X43.04 Y-27.124 E3.03977
G1 X42.903 Y-27.009 E3.04875
G1 X42.41 Y-26.724 E3.07733
G1 X42.241 Y-26.663 E3.08635
G1 X41.681 Y-26.564 E3.11489
G1 X41.523 Y-26.561 E3.12282
G1 X40.941 Y-26.663 E3.15247
G1 X40.772 Y-26.724 E3.16149
G1 X40.276 Y-27.011 E3.19025
G1 X40.142 Y-27.124 E3.19905
G1 X39.777 Y-27.56 E3.22759
G1 X39.687 Y-27.715 E3.23659
G1 X39.492 Y-28.25 E3.26517
G1 X39.461 Y-28.427 E3.27419
G1 X39.461 Y-28.996 E3.30275
G1 X39.492 Y-29.173 E3.31177
G1 X39.687 Y-29.707 E3.3403
G1 X39.777 Y-29.863 E3.34934
G1 X40.142 Y-30.298 E3.37784
G1 X40.772 Y-30.698 E3.41529
G1 X41.491 Y-30.857 E3.45225
G1 X41.531 Y-30.855 E3.45426
G1 X41.591 Y-30.515 F7200
;TYPE:External perimeter
G1 F1800
G1 X41.92 Y-30.491 E3.47082
G1 X42.238 Y-30.4 E3.48742
G1 X42.73 Y-30.115 E3.51595
G1 X43.142 Y-29.641 E3.54747
G1 X43.366 Y-29.055 E3.57895
G1 X43.376 Y-28.427 E3.61047
G1 X43.172 Y-27.833 E3.64199
G1 X42.776 Y-27.346 E3.67349
G1 X42.238 Y-27.023 E3.70498
G1 X41.621 Y-26.904 E3.73652
G1 X41.001 Y-27.002 E3.76802
G1 X40.452 Y-27.307 E3.79954
G1 X40.041 Y-27.782 E3.83106
G1 X39.816 Y-28.368 E3.86256
G1 X39.806 Y-28.996 E3.89408
G1 X40.011 Y-29.589 E3.92557
G1 X40.406 Y-30.077 E3.95708
G1 X40.945 Y-30.4 E3.98862
G1 X41.532 Y-30.514 E4.01863
G1 X41.93 Y-30.477 F7200
G1 E2.01863 F2400
G92 E0
G1 Z2.35 F7200
G1 X54.171 Y-34.351
G1 Z.35
G1 E2 F2400
;TYPE:Perimeter
G1 F1800
G1 X54.171 Y28.849 E5.17175
G1 X-64.029 Y28.849 E11.10372
G1 X-64.029 Y-34.351 E14.27547
G1 X54.111 Y-34.351 E20.20443
G1 X54.516 Y-34.696 F7200
G1 F1800
G1 X54.516 Y29.194 E23.4108
G1 X-64.374 Y29.194 E29.3774
G1 X-64.374 Y-34.696 E32.58377
G1 X54.456 Y-34.696 E38.54736
G1 X54.861 Y-35.041 F7200
;TYPE:External perimeter
G1 F1800
G1 X54.861 Y29.539 E41.78836
G1 X-64.719 Y29.539 E47.78959
G1 X-64.719 Y-35.041 E51.03059
G1 X54.801 Y-35.041 E57.0288
G1 X54.861 Y-34.646 F7200
G1 X54.068 Y-33.55
;TYPE:Solid infill
;WIDTH:0.420194
G1 F1800
G1 X53.526 Y-34.093 E57.06732
G1 X53.038 Y-34.093 E57.09182
G1 X53.913 Y-33.218 E57.15396
G1 X53.913 Y-32.73 E57.17846
G1 X52.55 Y-34.093 E57.27525
G1 X52.062 Y-34.093 E57.29975
G1 X53.913 Y-32.242 E57.4312
G1 X53.913 Y-31.754 E57.4557
G1 X51.573 Y-34.093 E57.62184
G1 X51.085 Y-34.093 E57.64634
G1 X53.913 Y-31.265 E57.84717
G1 X53.913 Y-30.777 E57.87167
G1 X50.597 Y-34.093 E58.10715
G1 X50.109 Y-34.093 E58.13165
G1 X53.913 Y-30.289 E58.40179
G1 X53.913 Y-29.801 E58.42629
G1 X49.621 Y-34.093 E58.73108
G1 X49.133 Y-34.093 E58.75558
G1 X53.913 Y-29.313 E59.09502
G1 X53.913 Y-28.825 E59.11952
G1 X48.645 Y-34.093 E59.49362
G1 X48.157 Y-34.093 E59.51812
G1 X53.913 Y-28.337 E59.92687
G1 X53.913 Y-27.849 E59.95137
G1 X47.669 Y-34.093 E60.39478
G1 X47.181 Y-34.093 E60.41928
G1 X53.913 Y-27.361 E60.89734
G1 X53.913 Y-26.873 E60.92184
G1 X46.693 Y-34.093 E61.43456
G1 X46.205 Y-34.093 E61.45906
G1 X53.913 Y-26.385 E62.00643
G1 X53.913 Y-25.897 E62.03093
G1 X45.717 Y-34.093 E62.61296
G1 X45.229 Y-34.093 E62.63746
G1 X53.913 Y-25.409 E63.25414
G1 X53.913 Y-24.921 E63.27864
G1 X44.741 Y-34.093 E63.92998
G1 X44.253 Y-34.093 E63.95448
G1 X53.913 Y-24.433 E64.64047
G1 X53.913 Y-23.945 E64.66497
G1 X43.765 Y-34.093 E65.38561
G1 X43.277 Y-34.093 E65.41011
G1 X53.913 Y-23.457 E66.16541
G1 X53.913 Y-22.969 E66.18991
G1 X42.789 Y-34.093 E66.97986
G1 X42.301 Y-34.093 E67.00436
G1 X53.913 Y-22.481 E67.82897
G1 X53.913 Y-21.993 E67.85347
G1 X41.813 Y-34.093 E68.71273
G1 X41.325 Y-34.093 E68.73723
G1 X53.913 Y-21.505 E69.63115
G1 X53.913 Y-21.017 E69.65565
G1 X40.837 Y-34.093 E70.58422
G1 X40.349 Y-34.093 E70.60872
G1 X53.913 Y-20.529 E71.57195
G1 X53.913 Y-20.041 E71.59645
G1 X44.058 Y-29.896 E72.29629
G1 X44.259 Y-29.374 E72.32438
G1 X44.302 Y-29.164 E72.33514
G1 X53.913 Y-19.553 E73.01765
G1 X53.913 Y-19.065 E73.04215
G1 X44.321 Y-28.657 E73.72331
G1 X44.318 Y-28.295 E73.74149
G1 X44.294 Y-28.196 E73.74661
G1 X53.913 Y-18.577 E74.42969
G1 X53.913 Y-18.089 E74.45419
G1 X44.176 Y-27.826 E75.14565
G1 X44.042 Y-27.472 E75.16466
G1 X53.913 Y-17.601 E75.86563
G1 X53.913 Y-17.113 E75.89013
G1 X43.862 Y-27.164 E76.60389
G1 X43.639 Y-26.899 E76.62128
G1 X53.913 Y-16.625 E77.35087
G1 X53.913 Y-16.137 E77.37537
G1 X43.411 Y-26.639 E78.12115
G1 X43.122 Y-26.44 E78.13877
G1 X53.913 Y-15.649 E78.90508
G1 X53.913 Y-15.161 E78.92958
G1 X42.808 Y-26.266 E79.71818
G1 X42.555 Y-26.126 E79.7327
G1 X42.48 Y-26.105 E79.73661
G1 X53.913 Y-14.673 E80.54847
G1 X53.913 Y-14.185 E80.57297
G1 X42.073 Y-26.025 E81.41377
G1 X41.652 Y-25.958 E81.43518
G1 X53.913 Y-13.697 E82.30588
G1 X53.913 Y-13.209 E82.33038
G1 X41.091 Y-26.03 E83.24088
G1 X40.647 Y-26.119 E83.26362
G1 X40.374 Y-26.26 E83.27905
G1 X53.913 Y-12.721 E84.2405
G1 X53.913 Y-12.233 E84.265
G1 X32.053 Y-34.093 E85.81735
G1 X32.541 Y-34.093 E85.84185
G1 X39.127 Y-27.507 E86.30954
G1 X38.902 Y-28.111 E86.34191
G1 X38.884 Y-28.237 E86.3483
G1 X33.029 Y-34.093 E86.76412
G1 X33.517 Y-34.093 E86.78862
G1 X38.863 Y-28.746 E87.16829
G1 X38.882 Y-29.215 E87.19186
G1 X34.005 Y-34.093 E87.53823
G1 X34.493 Y-34.093 E87.56273
G1 X39 Y-29.585 E87.88282
G1 X39.132 Y-29.941 E87.90189
G1 X34.981 Y-34.093 E88.1967
G1 X35.469 Y-34.093 E88.2212
G1 X39.313 Y-30.249 E88.49418
G1 X39.535 Y-30.514 E88.51154
G1 X35.957 Y-34.093 E88.76566
G1 X36.445 Y-34.093 E88.79016
G1 X39.772 Y-30.765 E89.02646
G1 X40.048 Y-30.977 E89.04394
G1 X36.933 Y-34.093 E89.26518
G1 X37.421 Y-34.093 E89.28968
G1 X40.358 Y-31.156 E89.49825
G1 X40.477 Y-31.225 E89.50516
G1 X40.697 Y-31.305 E89.51691
G1 X37.909 Y-34.093 E89.7149
G1 X38.397 Y-34.093 E89.7394
G1 X41.09 Y-31.399 E89.93067
G1 X41.514 Y-31.463 E89.9522
G1 X38.885 Y-34.093 E90.13893
G1 X39.373 Y-34.093 E90.16343
G1 X42.041 Y-31.425 E90.35289
G1 X42.445 Y-31.332 E90.37371
G1 X42.762 Y-31.192 E90.39111
G1 X39.706 Y-34.248 E90.60813
G1 E88.60813 F2400
G92 E0
G1 Z2.35 F7200
G1 X23.385 Y-25.68
G1 Z.35
G1 E2 F2400
G1 F1800
G1 X14.972 Y-34.093 E2.59744
G1 X14.484 Y-34.093 E2.62194
G1 X22.266 Y-26.311 E3.17457
G1 X21.724 Y-26.365 E3.20192
G1 X13.996 Y-34.093 E3.75071
G1 X13.508 Y-34.093 E3.77521
G1 X21.235 Y-26.365 E4.32397
G1 X20.747 Y-26.365 E4.34847
G1 X13.02 Y-34.093 E4.89723
G1 X12.532 Y-34.093 E4.92173
G1 X20.26 Y-26.365 E5.47052
G1 X19.772 Y-26.365 E5.49502
G1 X12.044 Y-34.093 E6.04381
G1 X11.556 Y-34.093 E6.06831
G1 X19.284 Y-26.365 E6.6171
G1 X18.796 Y-26.365 E6.6416
G1 X11.068 Y-34.093 E7.19039
G1 X10.58 Y-34.093 E7.21489
G1 X18.308 Y-26.365 E7.76368
G1 X17.82 Y-26.364 E7.78818
G1 X10.092 Y-34.093 E8.33701
G1 X9.604 Y-34.093 E8.36151
G1 X17.332 Y-26.364 E8.91034
G1 X16.844 Y-26.364 E8.93484
G1 X9.116 Y-34.093 E9.48367
G1 X8.628 Y-34.093 E9.50817
G1 X16.356 Y-26.364 E10.057
G1 X15.869 Y-26.364 E10.08145
G1 X8.14 Y-34.093 E10.63031
G1 X7.652 Y-34.093 E10.65481
G1 X15.381 Y-26.364 E11.20367
G1 X14.893 Y-26.364 E11.22817
G1 X7.164 Y-34.093 E11.77703
G1 X6.676 Y-34.093 E11.80153
G1 X14.405 Y-26.363 E12.35043
G1 X13.917 Y-26.363 E12.37493
G1 X6.188 Y-34.093 E12.92383
G1 X5.7 Y-34.093 E12.94833
G1 X13.429 Y-26.363 E13.49723
G1 X12.941 Y-26.363 E13.52173
G1 X5.211 Y-34.093 E14.07066
G1 X4.723 Y-34.093 E14.09516
G1 X12.453 Y-26.363 E14.64409
G1 X11.966 Y-26.363 E14.66854
G1 X4.235 Y-34.093 E15.21751
G1 X3.747 Y-34.093 E15.24201
G1 X11.478 Y-26.363 E15.79098
G1 X10.99 Y-26.362 E15.81548
G1 X3.259 Y-34.093 E16.36448
G1 X2.771 Y-34.093 E16.38898
G1 X10.502 Y-26.362 E16.93798
G1 X10.014 Y-26.362 E16.96248
G1 X2.283 Y-34.093 E17.51148
G1 X1.795 Y-34.093 E17.53598
G1 X9.526 Y-26.362 E18.08498
G1 X9.038 Y-26.362 E18.10948
G1 X1.307 Y-34.093 E18.65848
G1 X.819 Y-34.093 E18.68298
G1 X8.55 Y-26.362 E19.23198
G1 X8.062 Y-26.362 E19.25648
G1 X.331 Y-34.093 E19.80548
G1 X-.157 Y-34.093 E19.82998
G1 X7.575 Y-26.361 E20.37906
G1 X7.087 Y-26.361 E20.40356
G1 X-.645 Y-34.093 E20.95264
G1 X-1.133 Y-34.093 E20.97714
G1 X6.599 Y-26.361 E21.52622
G1 X6.111 Y-26.361 E21.55072
G1 X-1.621 Y-34.093 E22.0998
G1 X-2.109 Y-34.093 E22.1243
G1 X5.623 Y-26.361 E22.67338
G1 X5.135 Y-26.361 E22.69788
G1 X-2.597 Y-34.093 E23.24696
G1 X-3.085 Y-34.093 E23.27146
G1 X4.647 Y-26.361 E23.82054
G1 X4.159 Y-26.36 E23.84504
G1 X-3.573 Y-34.093 E24.39415
G1 X-4.061 Y-34.093 E24.41865
G1 X3.672 Y-26.36 E24.9678
G1 X3.184 Y-26.36 E24.9923
G1 X-4.549 Y-34.093 E25.54145
G1 X-5.037 Y-34.093 E25.56595
G1 X2.696 Y-26.36 E26.1151
G1 X2.208 Y-26.36 E26.1396
G1 X-5.525 Y-34.093 E26.68875
G1 X-6.013 Y-34.093 E26.71325
G1 X1.72 Y-26.36 E27.2624
G1 X1.232 Y-26.36 E27.2869
G1 X-6.501 Y-34.093 E27.83605
G1 X-6.989 Y-34.093 E27.86055
G1 X.744 Y-26.36 E28.4097
G1 X.256 Y-26.359 E28.4342
G1 X-7.477 Y-34.093 E28.98338
G1 X-7.965 Y-34.093 E29.00788
G1 X-.232 Y-26.359 E29.55706
G1 X-.719 Y-26.359 E29.58151
G1 X-8.453 Y-34.093 E30.13073
G1 X-8.941 Y-34.093 E30.15523
G1 X-1.207 Y-26.359 E30.70445
G1 X-1.695 Y-26.359 E30.72895
G1 X-9.429 Y-34.093 E31.27817
G1 X-9.917 Y-34.093 E31.30267
G1 X-2.183 Y-26.359 E31.85189
G1 X-2.671 Y-26.359 E31.87639
G1 X-10.405 Y-34.093 E32.42561
G1 X-10.893 Y-34.093 E32.45011
G1 X-3.159 Y-26.358 E32.99936
G1 X-3.647 Y-26.358 E33.02386
G1 X-11.381 Y-34.093 E33.57311
G1 X-11.869 Y-34.093 E33.59761
G1 X-4.135 Y-26.358 E34.14686
G1 X-4.622 Y-26.358 E34.17131
G1 X-12.357 Y-34.093 E34.7206
G1 X-12.845 Y-34.093 E34.7451
G1 X-5.11 Y-26.358 E35.29439
G1 X-5.598 Y-26.358 E35.31889
G1 X-13.333 Y-34.093 E35.86818
G1 X-13.821 Y-34.093 E35.89268
G1 X-6.086 Y-26.358 E36.44197
G1 X-6.574 Y-26.357 E36.46647
G1 X-14.309 Y-34.093 E37.01579
G1 X-14.797 Y-34.093 E37.04029
G1 X-7.062 Y-26.357 E37.58961
G1 X-7.55 Y-26.357 E37.61411
G1 X-15.285 Y-34.093 E38.16343
G1 X-15.773 Y-34.093 E38.18793
G1 X-8.038 Y-26.357 E38.73725
G1 X-8.525 Y-26.357 E38.7617
G1 X-16.261 Y-34.093 E39.31106
G1 X-16.749 Y-34.093 E39.33556
G1 X-9.013 Y-26.357 E39.88492
G1 X-9.501 Y-26.357 E39.90942
G1 X-17.237 Y-34.093 E40.45878
G1 X-17.726 Y-34.093 E40.48333
G1 X-9.989 Y-26.356 E41.03276
G1 X-10.477 Y-26.356 E41.05726
G1 X-18.214 Y-34.093 E41.60669
G1 X-18.702 Y-34.093 E41.63119
G1 X-10.965 Y-26.356 E42.18062
G1 X-11.453 Y-26.356 E42.20512
G1 X-19.19 Y-34.093 E42.75455
G1 X-19.678 Y-34.093 E42.77905
G1 X-11.941 Y-26.356 E43.32848
G1 X-12.429 Y-26.356 E43.35298
G1 X-20.166 Y-34.093 E43.90241
G1 X-20.654 Y-34.093 E43.92691
G1 X-12.916 Y-26.356 E44.47638
G1 X-13.404 Y-26.355 E44.50088
G1 X-21.142 Y-34.093 E45.05038
G1 X-21.63 Y-34.093 E45.07488
G1 X-13.892 Y-26.355 E45.62438
G1 X-14.38 Y-26.355 E45.64888
G1 X-22.118 Y-34.093 E46.19838
G1 X-22.606 Y-34.093 E46.22288
G1 X-14.868 Y-26.355 E46.77238
G1 X-15.356 Y-26.355 E46.79688
G1 X-23.094 Y-34.093 E47.34638
G1 X-23.582 Y-34.093 E47.37088
G1 X-15.844 Y-26.355 E47.92038
G1 X-16.332 Y-26.355 E47.94488
G1 X-24.07 Y-34.093 E48.49438
G1 X-24.558 Y-34.093 E48.51888
G1 X-16.819 Y-26.354 E49.06845
G1 X-17.307 Y-26.354 E49.09295
G1 X-25.046 Y-34.093 E49.64252
G1 X-25.534 Y-34.093 E49.66702
G1 X-17.795 Y-26.354 E50.21659
G1 X-18.283 Y-26.354 E50.24109
G1 X-26.022 Y-34.093 E50.79066
G1 X-26.51 Y-34.093 E50.81516
G1 X-18.771 Y-26.354 E51.36473
G1 X-19.259 Y-26.354 E51.38923
G1 X-26.998 Y-34.093 E51.9388
G1 X-27.486 Y-34.093 E51.9633
G1 X-19.747 Y-26.354 E52.51287
G1 X-20.235 Y-26.354 E52.53737
G1 X-27.974 Y-34.093 E53.08694
G1 X-28.462 Y-34.093 E53.11144
G1 X-20.723 Y-26.353 E53.66105
G1 X-21.21 Y-26.353 E53.6855
G1 X-28.95 Y-34.093 E54.23514
G1 X-29.438 Y-34.093 E54.25964
G1 X-21.698 Y-26.353 E54.80928
G1 X-22.175 Y-26.342 E54.83324
G1 X-29.926 Y-34.093 E55.38367
G1 X-30.414 Y-34.093 E55.40817
G1 X-22.605 Y-26.284 E55.96271
G1 X-22.986 Y-26.177 E55.98258
G1 X-30.902 Y-34.093 E56.54472
G1 X-31.39 Y-34.093 E56.56922
G1 X-23.336 Y-26.039 E57.14116
G1 X-23.644 Y-25.859 E57.15907
G1 X-31.878 Y-34.093 E57.74379
G1 X-32.366 Y-34.093 E57.76829
G1 X-23.935 Y-25.662 E58.367
G1 X-24.187 Y-25.426 E58.38434
G1 X-32.854 Y-34.093 E58.99981
G1 X-33.342 Y-34.093 E59.02431
G1 X-24.417 Y-25.168 E59.65811
G1 X-24.626 Y-24.889 E59.67561
G1 X-33.83 Y-34.093 E60.32922
G1 X-34.318 Y-34.093 E60.35372
G1 X-24.799 Y-24.574 E61.0297
G1 X-24.941 Y-24.228 E61.04848
G1 X-34.806 Y-34.093 E61.74903
G1 X-35.294 Y-34.093 E61.77353
G1 X-25.04 Y-23.839 E62.5017
G1 X-25.093 Y-23.404 E62.5237
G1 X-35.782 Y-34.093 E63.28276
G1 X-36.27 Y-34.093 E63.30726
G1 X-25.105 Y-22.928 E64.10013
G1 X-25.072 Y-22.65 E64.11419
G1 X-24.986 Y-22.32 E64.13131
G1 X-36.758 Y-34.093 E64.96732
G1 X-37.246 Y-34.093 E64.99182
G1 X-2.835 Y.319 E67.4355
G1 X-3.172 Y.47 E67.45404
G1 X-37.734 Y-34.093 E69.90844
G1 X-38.222 Y-34.093 E69.93294
G1 X-3.478 Y.651 E72.40023
G1 X-3.785 Y.832 E72.41813
G1 X-8.622 Y-4.004 E72.76159
G1 X-8.526 Y-3.421 E72.79126
G1 X-4.092 Y1.014 E73.10617
G1 X-4.399 Y1.195 E73.12407
G1 X-8.525 Y-2.931 E73.41707
G1 X-8.591 Y-2.51 E73.43847
G1 X-4.705 Y1.376 E73.71443
G1 X-5.012 Y1.558 E73.73235
G1 X-8.708 Y-2.138 E73.99482
G1 X-8.851 Y-1.794 E74.01353
G1 X-5.319 Y1.739 E74.26439
G1 X-5.625 Y1.92 E74.28224
G1 X-9.025 Y-1.48 E74.52369
G1 X-9.23 Y-1.197 E74.54124
G1 X-5.932 Y2.102 E74.77548
G1 X-6.239 Y2.283 E74.79338
G1 X-9.471 Y-.949 E75.0229
G1 X-9.635 Y-.782 E75.03465
G1 X-9.726 Y-.716 E75.04029
G1 X-6.546 Y2.464 E75.26611
G1 X-6.852 Y2.646 E75.28399
G1 X-10.011 Y-.513 E75.50832
G1 X-10.316 Y-.33 E75.52618
G1 X-7.159 Y2.827 E75.75037
G1 X-7.466 Y3.008 E75.76827
G1 X-10.621 Y-.147 E75.99232
G1 X-10.926 Y.036 E76.01018
G1 X-7.772 Y3.189 E76.23412
G1 X-8.079 Y3.371 E76.25204
G1 X-11.231 Y.219 E76.47587
G1 X-11.536 Y.402 E76.49373
G1 X-8.386 Y3.552 E76.71742
G1 X-8.693 Y3.733 E76.73532
G1 X-11.841 Y.585 E76.95887
G1 X-12.146 Y.768 E76.97673
G1 X-8.999 Y3.915 E77.20021
G1 X-9.306 Y4.096 E77.21811
G1 X-12.452 Y.95 E77.44152
G1 X-12.757 Y1.133 E77.45938
G1 X-9.613 Y4.277 E77.68265
G1 X-9.919 Y4.459 E77.70053
G1 X-13.062 Y1.316 E77.92373
G1 X-13.367 Y1.499 E77.94159
G1 X-10.226 Y4.64 E78.16464
G1 X-10.533 Y4.821 E78.18254
G1 X-13.672 Y1.682 E78.40545
G1 X-13.977 Y1.865 E78.42331
G1 X-10.84 Y5.003 E78.64611
G1 X-11.146 Y5.184 E78.66396
G1 X-14.282 Y2.048 E78.88666
G1 X-14.587 Y2.231 E78.90452
G1 X-11.453 Y5.365 E79.12708
G1 X-11.76 Y5.546 E79.14498
G1 X-14.892 Y2.414 E79.36739
G1 X-15.197 Y2.597 E79.38525
G1 X-12.066 Y5.728 E79.60759
G1 X-12.373 Y5.909 E79.62549
G1 X-15.502 Y2.78 E79.84769
G1 X-15.808 Y2.963 E79.86559
G1 X-12.68 Y6.09 E80.08768
G1 X-12.987 Y6.272 E80.1056
G1 X-16.113 Y3.146 E80.32759
G1 X-16.418 Y3.329 E80.34545
G1 X-13.293 Y6.453 E80.56733
G1 X-13.6 Y6.634 E80.58523
G1 X-16.723 Y3.511 E80.80701
G1 X-17.028 Y3.694 E80.82487
G1 X-13.907 Y6.816 E81.04654
G1 X-14.213 Y6.997 E81.06439
G1 X-17.333 Y3.877 E81.28595
G1 X-17.638 Y4.06 E81.30381
G1 X-14.52 Y7.178 E81.52523
G1 X-14.827 Y7.36 E81.54315
G1 X-17.943 Y4.243 E81.76446
G1 X-18.248 Y4.426 E81.78232
G1 X-15.134 Y7.541 E82.00349
G1 X-15.44 Y7.722 E82.02134
G1 X-18.553 Y4.609 E82.2424
G1 X-18.858 Y4.792 E82.26026
G1 X-15.747 Y7.903 E82.48118
G1 X-16.054 Y8.085 E82.4991
G1 X-19.164 Y4.975 E82.71995
G1 X-19.469 Y5.158 E82.73781
G1 X-16.36 Y8.266 E82.95856
G1 X-16.667 Y8.447 E82.97646
G1 X-19.774 Y5.341 E83.19706
G1 X-20.079 Y5.524 E83.21492
G1 X-16.974 Y8.629 E83.43542
G1 X-17.28 Y8.81 E83.45327
G1 X-20.384 Y5.707 E83.67366
G1 X-20.689 Y5.89 E83.69152
G1 X-17.587 Y8.991 E83.91177
G1 X-17.894 Y9.173 E83.92969
G1 X-20.994 Y6.072 E84.14987
G1 X-21.299 Y6.255 E84.16773
G1 X-18.201 Y9.354 E84.38777
G1 X-18.507 Y9.535 E84.40562
G1 X-21.604 Y6.438 E84.62555
G1 X-21.909 Y6.621 E84.64341
G1 X-18.814 Y9.717 E84.86323
G1 X-19.121 Y9.898 E84.88113
G1 X-22.214 Y6.804 E85.10081
G1 X-22.52 Y6.987 E85.11871
G1 X-19.427 Y10.079 E85.33832
G1 X-19.734 Y10.261 E85.35624
G1 X-22.825 Y7.17 E85.57574
G1 X-23.13 Y7.353 E85.5936
G1 X-20.041 Y10.442 E85.81296
G1 X-20.348 Y10.623 E85.83086
G1 X-23.435 Y7.536 E86.05008
G1 X-23.74 Y7.719 E86.06794
G1 X-20.654 Y10.804 E86.28705
G1 X-20.961 Y10.986 E86.30497
G1 X-24.045 Y7.902 E86.52398
G1 X-24.35 Y8.085 E86.54184
G1 X-21.268 Y11.167 E86.7607
G1 X-21.57 Y11.353 E86.77851
G1 X-24.655 Y8.268 E86.99759
G1 X-24.96 Y8.451 E87.01545
G1 X-21.842 Y11.569 E87.23687
G1 X-22.108 Y11.791 E87.25427
G1 X-25.265 Y8.633 E87.47849
G1 X-25.57 Y8.816 E87.49635
G1 X-22.35 Y12.037 E87.72505
G1 X-22.555 Y12.32 E87.7426
G1 X-25.876 Y8.999 E87.97844
G1 X-26.181 Y9.182 E87.9963
G1 X-22.725 Y12.637 E88.24169
G1 X-22.873 Y12.978 E88.26036
G1 X-26.486 Y9.365 E88.51693
G1 X-26.791 Y9.548 E88.53479
G1 X-22.981 Y13.358 E88.80535
G1 X-23.04 Y13.787 E88.82709
G1 X-27.096 Y9.731 E89.11512
G1 X-27.401 Y9.914 E89.13298
G1 X-23.039 Y14.276 E89.44274
G1 X-23.031 Y14.44 E89.45098
G1 X-22.937 Y14.866 E89.47289
G1 X-27.706 Y10.097 E89.81155
G1 X-28.011 Y10.28 E89.82941
G1 X-9.701 Y28.59 E91.12967
G1 X-9.213 Y28.59 E91.15417
G1 X-20.738 Y17.065 E91.9726
G1 X-20.33 Y17.156 E91.99359
G1 X-20.146 Y17.169 E92.00285
G1 X-8.725 Y28.59 E92.81389
G1 X-8.237 Y28.59 E92.83839
G1 X-19.64 Y17.187 E93.64816
G1 X-19.152 Y17.187 E93.67266
G1 X-7.749 Y28.59 E94.48243
G1 X-7.261 Y28.59 E94.50693
G1 X-18.664 Y17.187 E95.3167
G1 X-18.176 Y17.187 E95.3412
G1 X-6.773 Y28.59 E96.15097
G1 X-6.285 Y28.59 E96.17547
G1 X-17.687 Y17.188 E96.98517
G1 X-17.199 Y17.188 E97.00967
G1 X-5.797 Y28.59 E97.81937
G1 X-5.309 Y28.59 E97.84387
G1 X-16.711 Y17.188 E98.65357
G1 X-16.223 Y17.188 E98.67807
G1 X-4.821 Y28.59 E99.48777
G1 X-4.333 Y28.59 E99.51227
G1 X-15.735 Y17.188 E100.32197
G1 X-15.246 Y17.188 E100.34652
G1 X-3.844 Y28.59 E101.15622
G1 X-3.356 Y28.59 E101.18072
G1 X-14.758 Y17.189 E101.99038
G1 X-14.27 Y17.189 E102.01488
G1 X-2.868 Y28.59 E102.82454
G1 X-2.38 Y28.59 E102.84904
G1 X-13.782 Y17.189 E103.6587
G1 X-13.294 Y17.189 E103.6832
G1 X-1.892 Y28.59 E104.49286
G1 X-1.404 Y28.59 E104.51736
G1 X-12.805 Y17.189 E105.32698
G1 X-12.317 Y17.19 E105.35148
G1 X-.916 Y28.59 E106.16107
G1 X-.428 Y28.59 E106.18557
G1 X-11.829 Y17.19 E106.99516
G1 X-11.341 Y17.19 E107.01966
G1 X.06 Y28.59 E107.82925
G1 X.548 Y28.59 E107.85375
G1 X-10.853 Y17.19 E108.66334
G1 X-10.364 Y17.19 E108.68789
G1 X1.036 Y28.59 E109.49744
G1 X1.524 Y28.59 E109.52194
G1 X-9.876 Y17.19 E110.33149
G1 X-9.388 Y17.191 E110.35599
G1 X2.012 Y28.59 E111.16551
G1 X2.5 Y28.59 E111.19001
G1 X-8.9 Y17.191 E111.99953
G1 X-8.412 Y17.191 E112.02403
G1 X2.988 Y28.59 E112.83355
G1 X3.476 Y28.59 E112.85805
G1 X-7.923 Y17.191 E113.66753
G1 X-7.435 Y17.191 E113.69203
G1 X3.964 Y28.59 E114.50151
G1 X4.452 Y28.59 E114.52601
G1 X-6.947 Y17.192 E115.33546
G1 X-6.459 Y17.192 E115.35996
G1 X4.94 Y28.59 E116.16941
G1 X5.428 Y28.59 E116.19391
G1 X-5.971 Y17.192 E117.00336
G1 X-5.482 Y17.192 E117.02791
G1 X5.916 Y28.59 E117.83732
G1 X6.404 Y28.59 E117.86182
G1 X-4.994 Y17.192 E118.67123
G1 X-4.506 Y17.192 E118.69573
G1 X6.892 Y28.59 E119.50514
G1 X7.38 Y28.59 E119.52964
G1 X-4.018 Y17.193 E120.33902
G1 X-3.53 Y17.193 E120.36352
G1 X7.868 Y28.59 E121.1729
G1 X8.356 Y28.59 E121.1974
G1 X-3.041 Y17.193 E122.00674
G1 X-2.553 Y17.193 E122.03124
G1 X8.844 Y28.59 E122.84058
G1 X9.332 Y28.59 E122.86508
G1 X-2.065 Y17.193 E123.67442
G1 X-1.577 Y17.194 E123.69892
G1 X9.82 Y28.59 E124.50822
G1 X10.308 Y28.59 E124.53272
G1 X-1.089 Y17.194 E125.34202
G1 X-.6 Y17.194 E125.36657
G1 X10.796 Y28.59 E126.17584
G1 X11.284 Y28.59 E126.20034
G1 X-.112 Y17.194 E127.00961
G1 X.376 Y17.194 E127.03411
G1 X11.772 Y28.59 E127.84338
G1 X12.26 Y28.59 E127.86788
G1 X.864 Y17.194 E128.67715
G1 X1.353 Y17.195 E128.7017
G1 X12.748 Y28.59 E129.5109
G1 X13.236 Y28.59 E129.5354
G1 X1.841 Y17.195 E130.3446
G1 X2.329 Y17.195 E130.3691
G1 X13.724 Y28.59 E131.1783
G1 X14.212 Y28.59 E131.2028
G1 X2.817 Y17.195 E132.012
G1 X3.305 Y17.195 E132.0365
G1 X14.7 Y28.59 E132.8457
G1 X15.188 Y28.59 E132.8702
G1 X3.794 Y17.195 E133.67936
G1 X4.282 Y17.196 E133.70386
G1 X15.676 Y28.59 E134.51299
G1 X16.164 Y28.59 E134.53749
G1 X4.77 Y17.196 E135.34662
G1 X5.258 Y17.196 E135.37112
G1 X16.652 Y28.59 E136.18025
G1 X17.14 Y28.59 E136.20475
G1 X5.746 Y17.196 E137.01388
G1 X6.235 Y17.196 E137.03843
G1 X17.628 Y28.59 E137.84752
G1 X18.116 Y28.59 E137.87202
G1 X6.723 Y17.197 E138.68108
G1 X7.211 Y17.197 E138.70558
G1 X18.604 Y28.59 E139.51464
G1 X19.092 Y28.59 E139.53914
G1 X7.699 Y17.197 E140.3482
G1 X8.187 Y17.197 E140.3727
G1 X19.581 Y28.59 E141.18179
G1 X20.069 Y28.59 E141.20629
G1 X8.676 Y17.197 E142.01535
G1 X9.164 Y17.197 E142.03985
G1 X20.557 Y28.59 E142.84891
G1 X21.045 Y28.59 E142.87341
G1 X9.652 Y17.198 E143.68243
G1 X10.14 Y17.198 E143.70693
G1 X21.533 Y28.59 E144.51595
G1 X22.021 Y28.59 E144.54045
G1 X10.628 Y17.198 E145.34947
G1 X11.117 Y17.198 E145.37402
G1 X22.509 Y28.59 E146.18301
G1 X22.997 Y28.59 E146.20751
G1 X11.605 Y17.198 E147.0165
G1 X12.093 Y17.199 E147.041
G1 X23.485 Y28.59 E147.84995
G1 X23.973 Y28.59 E147.87445
G1 X12.581 Y17.199 E148.6834
G1 X13.069 Y17.199 E148.7079
G1 X24.461 Y28.59 E149.51685
G1 X24.949 Y28.59 E149.54135
G1 X13.558 Y17.199 E150.35026
G1 X14.046 Y17.199 E150.37476
G1 X25.437 Y28.59 E151.18367
G1 X25.925 Y28.59 E151.20817
G1 X14.534 Y17.199 E152.01708
G1 X15.022 Y17.2 E152.04158
G1 X26.413 Y28.59 E152.85046
G1 X26.901 Y28.59 E152.87496
G1 X15.51 Y17.2 E153.68384
G1 X15.999 Y17.2 E153.70839
G1 X27.389 Y28.59 E154.51723
G1 X27.877 Y28.59 E154.54173
G1 X16.445 Y17.159 E155.35352
G1 X16.608 Y17.142 E155.36175
G1 X16.85 Y17.076 E155.37435
G1 X28.365 Y28.59 E156.19203
G1 X28.853 Y28.59 E156.21653
G1 X17.219 Y16.956 E157.0427
G1 X17.551 Y16.8 E157.06112
G1 X29.341 Y28.59 E157.89837
G1 X29.829 Y28.59 E157.92287
G1 X17.844 Y16.605 E158.77397
G1 X18.117 Y16.39 E158.79142
G1 X30.317 Y28.59 E159.65778
G1 X30.805 Y28.59 E159.68228
G1 X18.363 Y16.149 E160.56579
G1 X18.583 Y15.881 E160.5832
G1 X31.293 Y28.59 E161.48575
G1 X31.781 Y28.59 E161.51025
G1 X18.767 Y15.576 E162.43442
G1 X18.855 Y15.429 E162.44302
G1 X18.922 Y15.244 E162.4529
G1 X32.269 Y28.59 E163.40068
G1 X32.757 Y28.59 E163.42518
G1 X19.053 Y14.886 E164.39835
G1 X19.142 Y14.487 E164.41888
G1 X33.245 Y28.59 E165.42038
G1 X33.733 Y28.59 E165.44488
G1 X19.171 Y14.028 E166.47898
G1 X19.125 Y13.494 E166.50589
G1 X34.221 Y28.59 E167.57791
G1 X34.709 Y28.59 E167.60241
G1 X18.901 Y12.782 E168.72499
G1 X18.785 Y12.523 E168.73924
G1 X18.504 Y12.097 E168.76487
G1 X18.16 Y11.724 E168.79035
G1 X17.691 Y11.363 E168.82007
G1 X17.137 Y11.018 E168.85284
G1 X-.488 Y-6.607 E170.10445
G1 X-.061 Y-6.668 E170.12611
G1 X35.197 Y28.59 E172.6299
G1 X35.685 Y28.59 E172.6544
G1 X.315 Y-6.78 E175.16615
G1 X.653 Y-6.93 E175.18472
G1 X36.173 Y28.59 E177.70712
G1 X36.661 Y28.59 E177.73162
G1 X.863 Y-7.208 E180.27376
G1 E178.27376 F2400
G92 E0
G1 Z2.35 F7200
G1 X-2.367 Y.298
G1 Z.35
G1 E2 F2400
G1 F1800
G1 X-22.405 Y-19.74 E3.42297
G1 X-21.075 Y-18.897 E3.50204
G1 X-2.122 Y.055 E4.84792
G1 X-1.674 Y.015 E4.87051
G1 X-19.745 Y-18.055 E6.15376
G1 X-18.414 Y-17.213 E6.23285
G1 X-1.199 Y.002 E7.45535
G1 X-.657 Y.098 E7.48299
G1 X-.584 Y.129 E7.48697
G1 X-17.084 Y-16.371 E8.65869
G1 X-15.754 Y-15.528 E8.73776
G1 X.33 Y.556 E9.87994
G1 X1.623 Y1.36 E9.9564
G1 X-14.424 Y-14.686 E11.09592
G1 X-13.093 Y-13.844 E11.17501
G1 X2.916 Y2.165 E12.31186
G1 X4.209 Y2.97 E12.38834
G1 X-11.763 Y-13.002 E13.52257
G1 X-10.433 Y-12.16 E13.60161
G1 X5.501 Y3.775 E14.73317
G1 X6.794 Y4.58 E14.80965
G1 X-9.103 Y-11.317 E15.93855
G1 X-7.772 Y-10.475 E16.01764
G1 X8.087 Y5.384 E17.14384
G1 X9.38 Y6.189 E17.22032
G1 X-6.442 Y-9.633 E18.34389
G1 X-5.112 Y-8.791 E18.42293
G1 X10.673 Y6.994 E19.54388
G1 X11.966 Y7.799 E19.62036
G1 X-3.782 Y-7.948 E20.73864
G1 X-2.451 Y-7.106 E20.81773
G1 X13.258 Y8.604 E21.93332
G1 X14.551 Y9.408 E22.00978
G1 X-1.574 Y-6.717 E23.15487
G1 X-1.483 Y-6.687 E23.15968
G1 X-.977 Y-6.608 E23.1854
G1 X16.328 Y10.698 E24.41432
G1 E22.41432 F2400
G92 E0
G1 Z2.35 F7200
G1 X-10.821 Y-6.203
G1 Z.35
G1 E2 F2400
G1 F1800
G1 X-38.71 Y-34.093 E3.98053
G1 X-39.198 Y-34.093 E4.00503
G1 X-12.598 Y-7.492 E5.89402
G1 X-13.891 Y-8.297 E5.9705
G1 X-39.686 Y-34.093 E7.80233
G1 X-40.174 Y-34.093 E7.82683
G1 X-15.184 Y-9.102 E9.60149
G1 X-16.477 Y-9.907 E9.67797
G1 X-40.662 Y-34.093 E11.39547
G1 X-41.151 Y-34.093 E11.42002
G1 X-17.769 Y-10.712 E13.08042
G1 X-19.062 Y-11.517 E13.1569
G1 X-41.639 Y-34.093 E14.76014
G1 X-42.127 Y-34.093 E14.78464
G1 X-20.355 Y-12.321 E16.33074
G1 X-21.648 Y-13.126 E16.40722
G1 X-42.615 Y-34.093 E17.89616
G1 X-43.103 Y-34.093 E17.92066
G1 X-40.413 Y-31.403 E18.11169
G1 X-40.577 Y-31.441 E18.12014
G1 X-40.967 Y-31.469 E18.13977
G1 X-43.591 Y-34.093 E18.32611
G1 X-44.079 Y-34.093 E18.35061
G1 X-41.396 Y-31.41 E18.54114
G1 X-41.799 Y-31.325 E18.56182
G1 X-44.567 Y-34.093 E18.75839
G1 X-45.055 Y-34.093 E18.78289
G1 X-42.145 Y-31.183 E18.98954
G1 X-42.454 Y-31.004 E19.00747
G1 X-45.543 Y-34.093 E19.22683
G1 X-46.031 Y-34.093 E19.25133
G1 X-42.737 Y-30.799 E19.48525
G1 X-42.865 Y-30.692 E19.49363
G1 X-42.981 Y-30.555 E19.50264
G1 X-46.519 Y-34.093 E19.75389
G1 X-47.007 Y-34.093 E19.77839
G1 X-43.203 Y-30.289 E20.04853
G1 X-43.353 Y-30.082 E20.06137
G1 X-43.394 Y-29.992 E20.06634
G1 X-47.495 Y-34.093 E20.35757
G1 X-47.983 Y-34.093 E20.38207
G1 X-43.527 Y-29.637 E20.69851
G1 X-43.653 Y-29.275 E20.71776
G1 X-48.471 Y-34.093 E21.0599
G1 X-48.959 Y-34.093 E21.0844
G1 X-43.692 Y-28.826 E21.45843
G1 X-43.679 Y-28.325 E21.4836
G1 X-49.447 Y-34.093 E21.89321
G1 X-49.935 Y-34.093 E21.91771
G1 X-43.471 Y-27.629 E22.37674
G1 X-43.399 Y-27.43 E22.38737
G1 X-43.239 Y-27.176 E22.40244
G1 X-42.742 Y-26.606 E22.44041
G1 X-42.575 Y-26.488 E22.45068
G1 X-42.019 Y-26.177 E22.48267
G1 X-36.508 Y-20.666 E22.87403
G1 X-36.819 Y-20.489 E22.892
G1 X-50.423 Y-34.093 E23.85807
G1 X-50.911 Y-34.093 E23.88257
G1 X-37.118 Y-20.3 E24.86206
G1 X-37.369 Y-20.063 E24.87939
G1 X-51.399 Y-34.093 E25.87571
G1 X-51.887 Y-34.093 E25.90021
G1 X-37.602 Y-19.808 E26.91464
G1 X-37.74 Y-19.657 E26.92491
G1 X-37.816 Y-19.534 E26.93217
G1 X-52.375 Y-34.093 E27.96605
G1 X-52.863 Y-34.093 E27.99055
G1 X-37.979 Y-19.209 E29.04751
G1 X-38.13 Y-18.871 E29.0661
G1 X-53.351 Y-34.093 E30.14703
G1 X-53.839 Y-34.093 E30.17153
G1 X-38.236 Y-18.49 E31.27955
G1 X-38.298 Y-18.063 E31.30122
G1 X-54.327 Y-34.093 E32.43953
G1 X-54.815 Y-34.093 E32.46403
G1 X-38.312 Y-17.589 E33.636
G1 X-38.299 Y-17.088 E33.66117
G1 X-55.303 Y-34.093 E34.86872
G1 X-55.791 Y-34.093 E34.89322
G1 X-46.589 Y-24.891 E35.54669
G1 X-47.096 Y-24.909 E35.57216
G1 X-56.279 Y-34.093 E36.22431
G1 X-56.767 Y-34.093 E36.24881
G1 X-47.584 Y-24.91 E36.90093
G1 X-48.072 Y-24.91 E36.92543
G1 X-57.255 Y-34.093 E37.57755
G1 X-57.743 Y-34.093 E37.60205
G1 X-48.56 Y-24.91 E38.25417
G1 X-49.048 Y-24.91 E38.27867
G1 X-58.231 Y-34.093 E38.93079
G1 X-58.719 Y-34.093 E38.95529
G1 X-49.536 Y-24.91 E39.60741
G1 X-50.024 Y-24.91 E39.63191
G1 X-59.207 Y-34.093 E40.28403
G1 X-59.695 Y-34.093 E40.30853
G1 X-50.512 Y-24.91 E40.96065
G1 X-51 Y-24.91 E40.98515
G1 X-60.183 Y-34.093 E41.63727
G1 X-60.671 Y-34.093 E41.66177
G1 X-51.488 Y-24.91 E42.31389
G1 X-51.973 Y-24.906 E42.33824
G1 X-61.159 Y-34.093 E42.99061
G1 X-61.647 Y-34.093 E43.01511
G1 X-52.395 Y-24.841 E43.67213
G1 X-52.609 Y-24.8 E43.68307
G1 X-52.772 Y-24.729 E43.692
G1 X-62.135 Y-34.093 E44.35693
G1 X-62.623 Y-34.093 E44.38143
G1 X-53.085 Y-24.554 E45.05879
G1 X-53.262 Y-24.448 E45.06915
G1 X-53.369 Y-24.35 E45.07644
G1 X-63.111 Y-34.093 E45.76829
G1 X-63.599 Y-34.093 E45.79279
G1 X-53.6 Y-24.093 E46.50289
G1 X-53.805 Y-23.811 E46.5204
G1 X-63.77 Y-33.776 E47.22805
G1 X-63.77 Y-33.288 E47.25255
G1 X-53.949 Y-23.466 E47.95001
G1 X-54.006 Y-23.309 E47.9584
G1 X-54.056 Y-23.085 E47.96992
G1 X-63.77 Y-32.8 E48.65978
G1 X-63.77 Y-32.312 E48.68428
G1 X-54.087 Y-22.628 E49.37194
G1 X-54.087 Y-22.14 E49.39644
G1 X-63.77 Y-31.824 E50.0841
G1 X-63.77 Y-31.336 E50.1086
G1 X-54.087 Y-21.652 E50.79626
G1 X-54.087 Y-21.164 E50.82076
G1 X-63.77 Y-30.848 E51.50842
G1 X-63.77 Y-30.359 E51.53297
G1 X-54.087 Y-20.676 E52.22059
G1 X-54.087 Y-20.188 E52.24509
G1 X-63.77 Y-29.871 E52.93271
G1 X-63.77 Y-29.383 E52.95721
G1 X-54.087 Y-19.7 E53.64483
G1 X-54.087 Y-19.212 E53.66933
G1 X-63.77 Y-28.895 E54.35695
G1 X-63.77 Y-28.407 E54.38145
G1 X-54.087 Y-18.724 E55.06907
G1 X-54.087 Y-18.236 E55.09357
G1 X-63.77 Y-27.919 E55.78119
G1 X-63.77 Y-27.431 E55.80569
G1 X-54.087 Y-17.748 E56.49331
G1 X-54.087 Y-17.26 E56.51781
G1 X-63.77 Y-26.943 E57.20543
G1 X-63.77 Y-26.455 E57.22993
G1 X-54.087 Y-16.772 E57.91755
G1 X-54.087 Y-16.284 E57.94205
G1 X-63.77 Y-25.967 E58.62967
G1 X-63.77 Y-25.479 E58.65417
G1 X-54.087 Y-15.796 E59.34179
G1 X-54.087 Y-15.308 E59.36629
G1 X-63.77 Y-24.991 E60.05391
G1 X-63.77 Y-24.503 E60.07841
G1 X-54.087 Y-14.82 E60.76603
G1 X-54.087 Y-14.332 E60.79053
G1 X-63.77 Y-24.015 E61.47815
G1 X-63.77 Y-23.527 E61.50265
G1 X-54.087 Y-13.844 E62.19027
G1 X-54.087 Y-13.356 E62.21477
G1 X-63.77 Y-23.039 E62.90239
G1 X-63.77 Y-22.551 E62.92689
G1 X-54.087 Y-12.868 E63.61451
G1 X-54.087 Y-12.38 E63.63901
G1 X-63.77 Y-22.063 E64.32663
G1 X-63.77 Y-21.575 E64.35113
G1 X-54.087 Y-11.892 E65.03875
G1 X-54.087 Y-11.404 E65.06325
G1 X-63.77 Y-21.087 E65.75087
G1 X-63.77 Y-20.599 E65.77537
G1 X-54.087 Y-10.916 E66.46299
G1 X-54.087 Y-10.428 E66.48749
G1 X-63.77 Y-20.111 E67.17511
G1 X-63.77 Y-19.623 E67.19961
G1 X-54.087 Y-9.94 E67.88723
G1 X-54.087 Y-9.452 E67.91173
G1 X-63.77 Y-19.135 E68.59935
G1 X-63.77 Y-18.647 E68.62385
G1 X-54.087 Y-8.964 E69.31147
G1 X-54.087 Y-8.476 E69.33597
G1 X-63.77 Y-18.159 E70.02359
G1 X-63.77 Y-17.671 E70.04809
G1 X-54.087 Y-7.988 E70.73571
G1 X-54.087 Y-7.5 E70.76021
G1 X-63.77 Y-17.183 E71.44783
G1 X-63.77 Y-16.695 E71.47233
G1 X-54.087 Y-7.012 E72.15995
G1 X-54.087 Y-6.524 E72.18445
G1 X-63.77 Y-16.207 E72.87207
G1 X-63.77 Y-15.719 E72.89657
G1 X-54.087 Y-6.036 E73.58419
G1 X-54.087 Y-5.548 E73.60869
G1 X-63.77 Y-15.231 E74.29631
G1 X-63.77 Y-14.743 E74.32081
G1 X-54.087 Y-5.06 E75.00843
G1 X-54.087 Y-4.572 E75.03293
G1 X-63.77 Y-14.255 E75.72055
G1 X-63.77 Y-13.767 E75.74505
G1 X-54.087 Y-4.084 E76.43267
G1 X-54.087 Y-3.596 E76.45717
G1 X-63.77 Y-13.279 E77.14479
G1 X-63.77 Y-12.791 E77.16929
G1 X-54.087 Y-3.108 E77.85691
G1 X-54.087 Y-2.62 E77.88141
G1 X-63.77 Y-12.303 E78.56903
G1 X-63.77 Y-11.815 E78.59353
G1 X-54.087 Y-2.132 E79.28115
G1 X-54.087 Y-1.644 E79.30565
G1 X-63.77 Y-11.327 E79.99327
G1 X-63.77 Y-10.839 E80.01777
G1 X-54.087 Y-1.156 E80.70539
G1 X-54.087 Y-.668 E80.72989
G1 X-63.77 Y-10.351 E81.41751
G1 X-63.77 Y-9.863 E81.44201
G1 X-54.087 Y-.179 E82.12967
G1 X-54.087 Y.309 E82.15417
G1 X-63.77 Y-9.375 E82.84183
G1 X-63.77 Y-8.887 E82.86633
G1 X-54.087 Y.797 E83.55399
G1 X-54.087 Y1.285 E83.57849
G1 X-63.77 Y-8.399 E84.26615
G1 X-63.77 Y-7.911 E84.29065
G1 X-54.087 Y1.773 E84.97831
G1 X-54.087 Y2.261 E85.00281
G1 X-63.77 Y-7.422 E85.69043
G1 X-63.77 Y-6.934 E85.71493
G1 X-54.087 Y2.749 E86.40255
G1 X-54.087 Y3.237 E86.42705
G1 X-63.77 Y-6.446 E87.11467
G1 X-63.77 Y-5.958 E87.13917
G1 X-54.087 Y3.725 E87.82679
G1 X-54.087 Y4.213 E87.85129
G1 X-63.77 Y-5.47 E88.53891
G1 X-63.77 Y-4.982 E88.56341
G1 X-54.087 Y4.701 E89.25103
G1 X-54.087 Y5.189 E89.27553
G1 X-63.77 Y-4.494 E89.96315
G1 X-63.77 Y-4.006 E89.98765
G1 X-54.087 Y5.677 E90.67527
G1 X-54.087 Y6.165 E90.69977
G1 X-63.77 Y-3.518 E91.38739
G1 X-63.77 Y-3.03 E91.41189
G1 X-54.087 Y6.653 E92.09951
G1 X-54.087 Y7.141 E92.12401
G1 X-63.77 Y-2.542 E92.81163
G1 X-63.77 Y-2.054 E92.83613
G1 X-54.087 Y7.629 E93.52375
G1 X-54.087 Y8.117 E93.54825
G1 X-63.77 Y-1.566 E94.23587
G1 X-63.77 Y-1.078 E94.26037
G1 X-54.087 Y8.605 E94.94799
G1 X-54.087 Y9.093 E94.97249
G1 X-63.77 Y-.59 E95.66011
G1 X-63.77 Y-.102 E95.68461
G1 X-54.087 Y9.581 E96.37223
G1 X-54.087 Y10.069 E96.39673
G1 X-63.77 Y.386 E97.08435
G1 X-63.77 Y.874 E97.10885
G1 X-54.087 Y10.557 E97.79647
G1 X-54.087 Y11.045 E97.82097
G1 X-63.77 Y1.362 E98.50859
G1 X-63.77 Y1.85 E98.53309
G1 X-54.087 Y11.533 E99.22071
G1 X-54.087 Y12.021 E99.24521
G1 X-63.77 Y2.338 E99.93283
G1 X-63.77 Y2.826 E99.95733
G1 X-54.087 Y12.509 E100.64495
G1 X-54.087 Y12.997 E100.66945
G1 X-63.77 Y3.314 E101.35707
G1 X-63.77 Y3.802 E101.38157
G1 X-54.087 Y13.485 E102.06919
G1 X-54.087 Y13.973 E102.09369
G1 X-63.77 Y4.29 E102.78131
G1 X-63.77 Y4.778 E102.80581
G1 X-54.087 Y14.461 E103.49343
G1 X-54.087 Y14.949 E103.51793
G1 X-63.77 Y5.266 E104.20555
G1 X-63.77 Y5.754 E104.23005
G1 X-54.087 Y15.437 E104.91767
G1 X-54.087 Y15.925 E104.94217
G1 X-63.77 Y6.242 E105.62979
G1 X-63.77 Y6.73 E105.65429
G1 X-54.087 Y16.413 E106.34191
G1 X-54.087 Y16.901 E106.36641
G1 X-63.77 Y7.218 E107.05403
G1 X-63.77 Y7.706 E107.07853
G1 X-54.087 Y17.389 E107.76615
G1 X-54.087 Y17.877 E107.79065
G1 X-63.77 Y8.194 E108.47827
G1 X-63.77 Y8.682 E108.50277
G1 X-54.087 Y18.365 E109.19039
G1 X-54.087 Y18.853 E109.21489
G1 X-63.77 Y9.17 E109.90251
G1 X-63.77 Y9.658 E109.92701
G1 X-54.087 Y19.341 E110.61463
G1 X-54.087 Y19.829 E110.63913
G1 X-63.77 Y10.146 E111.32675
G1 X-63.77 Y10.634 E111.35125
G1 X-54.087 Y20.317 E112.03887
G1 X-54.087 Y20.554 E112.05077
G1 X-54.052 Y20.841 E112.06529
G1 X-63.77 Y11.122 E112.75543
G1 X-63.77 Y11.61 E112.77993
G1 X-46.79 Y28.59 E113.98574
G1 X-46.302 Y28.59 E114.01024
G1 X-52.205 Y22.687 E114.42943
G1 X-51.698 Y22.707 E114.45491
G1 X-45.814 Y28.59 E114.87272
G1 X-45.326 Y28.59 E114.89722
G1 X-51.211 Y22.706 E115.3151
G1 X-50.724 Y22.705 E115.33955
G1 X-44.838 Y28.59 E115.7575
G1 X-44.35 Y28.59 E115.782
G1 X-50.237 Y22.704 E116.20002
G1 X-49.75 Y22.703 E116.22447
G1 X-43.862 Y28.59 E116.64256
G1 X-43.374 Y28.59 E116.66706
G1 X-49.263 Y22.702 E117.08522
G1 X-48.776 Y22.701 E117.10967
G1 X-42.886 Y28.59 E117.5279
G1 X-42.398 Y28.59 E117.5524
G1 X-48.288 Y22.7 E117.97067
G1 X-47.801 Y22.699 E117.99512
G1 X-41.91 Y28.59 E118.41346
G1 X-41.422 Y28.59 E118.43796
G1 X-47.314 Y22.698 E118.85637
G1 X-46.827 Y22.697 E118.88082
G1 X-40.934 Y28.59 E119.2993
G1 X-40.446 Y28.59 E119.3238
G1 X-46.34 Y22.696 E119.74235
G1 X-45.853 Y22.695 E119.7668
G1 X-39.958 Y28.59 E120.18542
G1 X-39.47 Y28.59 E120.20992
G1 X-45.376 Y22.684 E120.62933
G1 X-44.991 Y22.582 E120.64933
G1 X-38.982 Y28.59 E121.07601
G1 X-38.494 Y28.59 E121.10051
G1 X-44.64 Y22.445 E121.53692
G1 X-44.353 Y22.243 E121.55454
G1 X-38.006 Y28.59 E122.00526
G1 X-37.518 Y28.59 E122.02976
G1 X-44.087 Y22.022 E122.49621
G1 X-43.881 Y21.739 E122.51379
G1 X-37.03 Y28.59 E123.0003
G1 X-36.542 Y28.59 E123.0248
G1 X-43.701 Y21.432 E123.53315
G1 X-43.58 Y21.065 E123.55255
G1 X-36.054 Y28.59 E124.08696
G1 X-35.566 Y28.59 E124.11146
G1 X-43.513 Y20.644 E124.67577
G1 X-43.516 Y20.152 E124.70048
G1 X-35.078 Y28.59 E125.29969
G1 X-34.59 Y28.59 E125.32419
G1 X-43.529 Y19.651 E125.95898
G1 X-43.542 Y19.15 E125.98415
G1 X-42.282 Y20.41 E126.07363
G1 X-42.401 Y20.055 E126.09243
G1 X-42.422 Y19.782 E126.10618
G1 X-43.555 Y18.649 E126.18664
G1 X-43.569 Y18.147 E126.21186
G1 X-42.422 Y19.294 E126.29331
G1 X-42.353 Y18.875 E126.31463
G1 X-43.582 Y17.646 E126.40191
G1 X-43.595 Y17.145 E126.42708
G1 X-42.223 Y18.517 E126.52451
G1 X-42.158 Y18.339 E126.53403
G1 X-42.068 Y18.184 E126.54303
G1 X-43.608 Y16.644 E126.65239
G1 X-43.621 Y16.143 E126.67756
G1 X-41.869 Y17.895 E126.80198
G1 X-41.647 Y17.629 E126.81938
G1 X-43.635 Y15.641 E126.96055
G1 X-43.648 Y15.14 E126.98572
G1 X-41.391 Y17.397 E127.146
G1 X-41.308 Y17.327 E127.15145
G1 X-41.096 Y17.204 E127.16376
G1 X-43.661 Y14.639 E127.34591
G1 X-43.674 Y14.138 E127.37108
G1 X-40.784 Y17.028 E127.57631
G1 X-40.422 Y16.902 E127.59556
G1 X-43.687 Y13.637 E127.82742
G1 X-43.701 Y13.135 E127.85264
G1 X-40.004 Y16.832 E128.11518
G1 X-39.77 Y16.793 E128.12709
G1 X-39.542 Y16.806 E128.13856
G1 X-43.714 Y12.634 E128.43483
G1 X-43.727 Y12.133 E128.46
G1 X-38.687 Y17.173 E128.81791
G1 E126.81791 F2400
G92 E0
G1 Z2.35 F7200
G1 X-40.819 Y21.873
G1 Z.35
G1 E2 F2400
G1 F1800
G1 X-34.102 Y28.59 E2.477
G1 X-33.614 Y28.59 E2.5015
G1 X-39.921 Y22.283 E2.94938
G1 X-39.686 Y22.308 E2.96125
G1 X-39.445 Y22.271 E2.97349
G1 X-33.126 Y28.59 E3.42222
G1 X-32.638 Y28.59 E3.44672
G1 X-39.023 Y22.205 E3.90014
G1 X-38.642 Y22.098 E3.92001
G1 X-32.15 Y28.59 E4.38103
G1 X-31.662 Y28.59 E4.40553
G1 X-38.318 Y21.934 E4.8782
G1 X-38.035 Y21.729 E4.89575
G1 X-31.174 Y28.59 E5.38297
G1 X-30.686 Y28.59 E5.40747
G1 X-37.769 Y21.507 E5.91046
G1 X-37.53 Y21.258 E5.92779
G1 X-30.198 Y28.59 E6.44846
G1 X-29.71 Y28.59 E6.47296
G1 X-37.346 Y20.953 E7.01525
G1 X-37.171 Y20.641 E7.03321
G1 X-29.222 Y28.59 E7.5977
G1 X-28.734 Y28.59 E7.6222
G1 X-37.042 Y20.282 E8.21218
G1 X-36.969 Y19.867 E8.23334
G1 X-28.246 Y28.59 E8.85279
G1 X-27.758 Y28.59 E8.87729
G1 X-36.95 Y19.398 E9.53005
G1 X-37.042 Y18.818 E9.55954
G1 X-27.27 Y28.59 E10.25348
G1 X-26.781 Y28.59 E10.27803
G1 X-43.74 Y11.632 E11.48231
G1 X-43.753 Y11.13 E11.50753
G1 X-26.293 Y28.59 E12.74742
G1 X-25.805 Y28.59 E12.77192
G1 X-43.767 Y10.629 E14.04743
G1 X-43.78 Y10.128 E14.0726
G1 X-25.317 Y28.59 E15.38369
G1 X-24.829 Y28.59 E15.40819
G1 X-43.793 Y9.627 E16.75485
G1 X-43.806 Y9.126 E16.78002
G1 X-24.341 Y28.59 E18.16226
G1 X-23.853 Y28.59 E18.18676
G1 X-43.819 Y8.624 E19.60461
G1 X-43.833 Y8.123 E19.62978
G1 X-23.365 Y28.59 E21.08325
G1 X-22.877 Y28.59 E21.10775
G1 X-43.846 Y7.622 E22.5968
G1 X-43.859 Y7.121 E22.62197
G1 X-22.389 Y28.59 E24.14659
G1 X-21.901 Y28.59 E24.17109
G1 X-43.872 Y6.619 E25.73133
G1 X-43.885 Y6.118 E25.7565
G1 X-21.258 Y28.746 E27.36336
G1 E25.36336 F2400
G92 E0
G1 Z2.35 F7200
G1 X-10.034 Y28.746
G1 Z.35
G1 E2 F2400
G1 F1800
G1 X-28.316 Y10.463 E3.2983
G1 X-28.621 Y10.646 E3.31616
G1 X-10.677 Y28.59 E4.59043
G1 X-11.165 Y28.59 E4.61493
G1 X-28.926 Y10.829 E5.8762
G1 X-29.232 Y11.012 E5.8941
G1 X-11.653 Y28.59 E7.14241
G1 X-12.141 Y28.59 E7.16691
G1 X-29.537 Y11.195 E8.40222
G1 X-29.842 Y11.377 E8.42005
G1 X-12.629 Y28.59 E9.6424
G1 X-13.117 Y28.59 E9.6669
G1 X-30.147 Y11.56 E10.87626
G1 X-30.452 Y11.743 E10.89412
G1 X-13.605 Y28.59 E12.09048
G1 X-14.093 Y28.59 E12.11498
G1 X-30.757 Y11.926 E13.29835
G1 X-31.062 Y12.109 E13.31621
G1 X-14.581 Y28.59 E14.48658
G1 X-15.069 Y28.59 E14.51108
G1 X-31.367 Y12.292 E15.66846
G1 X-31.672 Y12.475 E15.68632
G1 X-15.557 Y28.59 E16.8307
G1 X-16.045 Y28.59 E16.8552
G1 X-31.977 Y12.658 E17.98659
G1 X-32.282 Y12.841 E18.00445
G1 X-16.533 Y28.59 E19.12284
G1 X-17.021 Y28.59 E19.14734
G1 X-32.588 Y13.024 E20.25277
G1 X-32.897 Y13.202 E20.27068
G1 X-17.509 Y28.59 E21.36343
G1 X-17.997 Y28.59 E21.38793
G1 X-33.224 Y13.363 E22.46925
G1 X-33.591 Y13.484 E22.48865
G1 X-18.485 Y28.59 E23.56138
G1 X-18.973 Y28.59 E23.58588
G1 X-34.003 Y13.56 E24.65321
G1 X-34.234 Y13.597 E24.66496
G1 X-34.46 Y13.591 E24.67631
G1 X-19.461 Y28.59 E25.74144
G1 X-19.949 Y28.59 E25.76594
G1 X-35.003 Y13.536 E26.83498
G1 X-35.323 Y13.47 E26.85139
G1 X-35.69 Y13.337 E26.87099
G1 X-20.437 Y28.59 E27.95416
G1 X-20.925 Y28.59 E27.97866
G1 X-43.899 Y5.617 E29.61009
G1 X-43.912 Y5.116 E29.63526
G1 X-37.3 Y11.728 E30.1048
G1 X-37.422 Y11.438 E30.1206
G1 X-37.524 Y11.016 E30.1424
G1 X-43.925 Y4.615 E30.59696
G1 X-43.938 Y4.113 E30.62218
G1 X-37.585 Y10.466 E31.07333
G1 X-37.598 Y9.965 E31.0985
G1 X-43.951 Y3.612 E31.54965
G1 X-43.964 Y3.111 E31.57482
G1 X-37.611 Y9.464 E32.02597
G1 X-37.624 Y8.963 E32.05114
G1 X-43.978 Y2.61 E32.50232
G1 X-43.991 Y2.109 E32.52749
G1 X-37.637 Y8.462 E32.97867
G1 X-37.65 Y7.961 E33.00384
G1 X-44.004 Y1.607 E33.45506
G1 X-44.017 Y1.106 E33.48023
G1 X-37.663 Y7.46 E33.93145
G1 X-37.676 Y6.959 E33.95662
G1 X-44.03 Y.605 E34.40784
G1 X-44.044 Y.104 E34.43301
G1 X-37.689 Y6.458 E34.88426
G1 X-37.702 Y5.957 E34.90943
G1 X-44.057 Y-.398 E35.36072
G1 X-44.07 Y-.899 E35.38589
G1 X-37.715 Y5.456 E35.83718
G1 X-37.728 Y4.955 E35.86235
G1 X-44.083 Y-1.4 E36.31364
G1 X-44.096 Y-1.901 E36.33881
G1 X-37.741 Y4.454 E36.7901
G1 X-37.754 Y3.953 E36.81527
G1 X-44.11 Y-2.402 E37.2666
G1 X-44.123 Y-2.904 E37.29182
G1 X-37.767 Y3.452 E37.74318
G1 X-37.78 Y2.951 E37.76835
G1 X-44.136 Y-3.405 E38.21971
G1 X-44.149 Y-3.906 E38.24488
G1 X-37.793 Y2.45 E38.69624
G1 X-37.806 Y1.949 E38.72141
G1 X-44.162 Y-4.407 E39.17277
G1 X-44.176 Y-4.909 E39.19799
G1 X-37.819 Y1.448 E39.64942
G1 X-37.832 Y.947 E39.67459
G1 X-44.189 Y-5.41 E40.12602
G1 X-44.202 Y-5.911 E40.15119
G1 X-37.845 Y.446 E40.60262
G1 X-37.858 Y-.055 E40.62779
G1 X-44.215 Y-6.412 E41.07922
G1 X-44.228 Y-6.913 E41.10439
G1 X-37.871 Y-.556 E41.55582
G1 X-37.884 Y-1.057 E41.58099
G1 X-44.242 Y-7.415 E42.03249
G1 X-44.255 Y-7.916 E42.05766
G1 X-37.897 Y-1.558 E42.50916
G1 X-37.91 Y-2.059 E42.53433
G1 X-44.268 Y-8.417 E42.98583
G1 X-44.281 Y-8.918 E43.011
G1 X-37.923 Y-2.56 E43.4625
G1 X-37.936 Y-3.061 E43.48767
G1 X-44.294 Y-9.42 E43.93921
G1 X-44.308 Y-9.921 E43.96438
G1 X-37.948 Y-3.562 E44.41599
G1 X-37.961 Y-4.063 E44.44116
G1 X-44.321 Y-10.422 E44.89277
G1 X-44.334 Y-10.923 E44.91794
G1 X-37.974 Y-4.564 E45.36955
G1 X-37.987 Y-5.065 E45.39472
G1 X-44.347 Y-11.424 E45.84633
G1 X-44.36 Y-11.926 E45.87155
G1 X-38 Y-5.566 E46.3232
G1 X-38.013 Y-6.067 E46.34837
G1 X-44.374 Y-12.427 E46.80005
G1 X-44.387 Y-12.928 E46.82522
G1 X-38.026 Y-6.568 E47.2769
G1 X-38.039 Y-7.069 E47.30207
G1 X-44.4 Y-13.429 E47.75375
G1 X-44.413 Y-13.93 E47.77892
G1 X-38.052 Y-7.57 E48.2306
G1 X-38.065 Y-8.071 E48.25577
G1 X-44.426 Y-14.432 E48.70749
G1 X-44.44 Y-14.933 E48.73266
G1 X-38.078 Y-8.571 E49.18445
G1 X-38.091 Y-9.072 E49.20962
G1 X-44.453 Y-15.434 E49.66141
G1 X-44.466 Y-15.935 E49.68658
G1 X-38.104 Y-9.573 E50.13837
G1 X-38.117 Y-10.074 E50.16354
G1 X-44.479 Y-16.437 E50.61536
G1 X-44.492 Y-16.938 E50.64053
G1 X-38.13 Y-10.575 E51.09235
G1 X-38.143 Y-11.076 E51.11752
G1 X-44.506 Y-17.439 E51.56938
G1 X-44.519 Y-17.94 E51.59455
G1 X-38.156 Y-11.577 E52.04641
G1 X-38.169 Y-12.078 E52.07158
G1 X-44.532 Y-18.441 E52.52344
G1 X-44.545 Y-18.943 E52.54866
G1 X-38.182 Y-12.579 E53.00055
G1 X-38.195 Y-13.08 E53.02572
G1 X-44.558 Y-19.444 E53.47761
G1 X-44.572 Y-19.945 E53.50278
G1 X-38.208 Y-13.581 E53.95471
G1 X-38.221 Y-14.082 E53.97988
G1 X-44.585 Y-20.446 E54.43181
G1 X-44.598 Y-20.948 E54.45703
G1 X-38.234 Y-14.583 E54.909
G1 X-38.247 Y-15.084 E54.93417
G1 X-44.611 Y-21.449 E55.38614
G1 X-44.624 Y-21.95 E55.41131
G1 X-38.26 Y-15.585 E55.86328
G1 X-38.273 Y-16.086 E55.88845
G1 X-44.638 Y-22.451 E56.34045
G1 X-44.648 Y-22.853 E56.36064
G1 X-44.672 Y-22.974 E56.36683
G1 X-38.126 Y-16.428 E56.83168
G1 E54.83168 F2400
G92 E0
G1 Z2.35 F7200
G1 X-36.038 Y-20.684
G1 Z.35
G1 E2 F2400
G1 F1800
G1 X-41.36 Y-26.006 E2.37793
G1 X-41.149 Y-25.969 E2.38869
G1 X-40.912 Y-25.953 E2.40062
G1 X-40.832 Y-25.966 E2.40469
G1 X-35.765 Y-20.899 E2.76452
G1 X-35.352 Y-20.974 E2.7856
G1 X-40.413 Y-26.034 E3.14496
G1 X-40.013 Y-26.123 E3.16554
G1 X-34.825 Y-20.935 E3.53396
G1 X-34.416 Y-20.891 E3.55462
G1 X-34.234 Y-20.832 E3.56423
G1 X-39.694 Y-26.292 E3.95196
G1 X-39.38 Y-26.467 E3.97001
G1 X-33.283 Y-20.369 E4.40301
G1 X-31.991 Y-19.565 E4.47942
G1 X-39.103 Y-26.677 E4.98447
G1 X-38.879 Y-26.941 E5.00186
G1 X-30.698 Y-18.76 E5.58282
G1 X-29.405 Y-17.955 E5.6593
G1 X-38.658 Y-27.208 E6.31639
G1 X-38.611 Y-27.265 E6.3201
G1 X-38.483 Y-27.521 E6.33447
G1 X-28.112 Y-17.15 E7.07095
G1 X-26.819 Y-16.345 E7.14743
G1 X-38.359 Y-27.885 E7.96693
G1 X-38.241 Y-28.255 E7.98643
G1 X-25.526 Y-15.541 E8.88933
G1 X-24.234 Y-14.736 E8.96577
G1 X-38.231 Y-28.733 E9.95975
G1 X-38.225 Y-28.998 E9.97306
G1 X-38.258 Y-29.248 E9.98572
G1 X-22.456 Y-13.447 E11.10784
G1 E9.10784 F2400
G92 E0
G1 Z2.35 F7200
G1 X-47.123 Y28.746
G1 Z.35
G1 E2 F2400
G1 F1800
G1 X-63.77 Y12.098 E3.1822
G1 X-63.77 Y12.586 E3.2067
G1 X-47.766 Y28.59 E4.3432
G1 X-48.254 Y28.59 E4.3677
G1 X-63.77 Y13.074 E5.46954
G1 X-63.77 Y13.562 E5.49404
G1 X-48.742 Y28.59 E6.56123
G1 X-49.23 Y28.59 E6.58573
G1 X-63.77 Y14.05 E7.61827
G1 X-63.77 Y14.538 E7.64277
G1 X-49.718 Y28.59 E8.64065
G1 X-50.206 Y28.59 E8.66515
G1 X-63.77 Y15.026 E9.62838
G1 X-63.77 Y15.514 E9.65288
G1 X-50.695 Y28.59 E10.58142
G1 X-51.183 Y28.59 E10.60592
G1 X-63.77 Y16.003 E11.49977
G1 X-63.77 Y16.491 E11.52427
G1 X-51.671 Y28.59 E12.38346
G1 X-52.159 Y28.59 E12.40796
G1 X-63.77 Y16.979 E13.2325
G1 X-63.77 Y17.467 E13.257
G1 X-52.647 Y28.59 E14.04688
G1 X-53.135 Y28.59 E14.07138
G1 X-63.77 Y17.955 E14.82661
G1 X-63.77 Y18.443 E14.85111
G1 X-53.623 Y28.59 E15.57168
G1 X-54.111 Y28.59 E15.59618
G1 X-63.77 Y18.931 E16.2821
G1 X-63.77 Y19.419 E16.3066
G1 X-54.599 Y28.59 E16.95786
G1 X-55.087 Y28.59 E16.98236
G1 X-63.77 Y19.907 E17.59897
G1 X-63.77 Y20.395 E17.62347
G1 X-55.575 Y28.59 E18.20543
G1 X-56.063 Y28.59 E18.22993
G1 X-63.77 Y20.883 E18.77723
G1 X-63.77 Y21.371 E18.80173
G1 X-56.551 Y28.59 E19.31438
G1 X-57.039 Y28.59 E19.33888
G1 X-63.77 Y21.859 E19.81687
G1 X-63.77 Y22.347 E19.84137
G1 X-57.527 Y28.59 E20.28471
G1 X-58.015 Y28.59 E20.30921
G1 X-63.77 Y22.835 E20.71789
G1 X-63.77 Y23.323 E20.74239
G1 X-58.503 Y28.59 E21.11642
G1 X-58.991 Y28.59 E21.14092
G1 X-63.77 Y23.811 E21.48029
G1 X-63.77 Y24.299 E21.50479
G1 X-59.479 Y28.59 E21.80951
G1 X-59.967 Y28.59 E21.83401
G1 X-63.77 Y24.787 E22.10407
G1 X-63.77 Y25.275 E22.12857
G1 X-60.455 Y28.59 E22.36398
G1 X-60.943 Y28.59 E22.38848
G1 X-63.77 Y25.763 E22.58924
G1 X-63.77 Y26.251 E22.61374
G1 X-61.431 Y28.59 E22.77984
G1 X-61.919 Y28.59 E22.80434
G1 X-63.77 Y26.739 E22.93579
G1 X-63.77 Y27.227 E22.96029
G1 X-62.407 Y28.59 E23.05708
G1 X-62.895 Y28.59 E23.08158
G1 X-63.77 Y27.715 E23.14372
G1 X-63.77 Y28.203 E23.16822
G1 X-63.228 Y28.746 E23.20674
G1 E21.20674 F2400
G92 E0
G1 Z2.35 F7200
G1 X43.161 Y28.746
G1 Z.35
G1 E2 F2400
G1 F1800
G1 X36.441 Y22.026 E2.47721
G1 X36.326 Y22.094 E2.48392
G1 X36.101 Y22.174 E2.49591
G1 X42.518 Y28.59 E2.95157
G1 X42.029 Y28.59 E2.97612
G1 X35.69 Y22.25 E3.42631
G1 X35.258 Y22.306 E3.44818
G1 X41.541 Y28.59 E3.89439
G1 X41.053 Y28.59 E3.91889
G1 X34.476 Y22.013 E4.38595
G1 E2.38595 F2400
G92 E0
G1 Z2.35 F7200
G1 X37.695 Y21.327
G1 Z.35
G1 E2 F2400
G1 F1800
G1 X37.506 Y21.139 E2.01339
G1 X37.283 Y21.404 E2.03078
G1 X37.572 Y21.693 E2.0513
G1 X37.617 Y21.869 E2.06042
G1 X37.85 Y22.458 E2.09223
G1 X37.046 Y21.655 E2.14929
G1 X36.749 Y21.845 E2.16699
G1 X43.494 Y28.59 E2.64598
G1 X43.982 Y28.59 E2.67048
G1 X39.233 Y23.841 E3.00772
G1 X39.569 Y24.005 E3.02649
G1 X39.879 Y24.102 E3.0428
G1 X39.997 Y24.118 E3.04878
G1 X44.47 Y28.59 E3.36639
G1 X44.958 Y28.59 E3.39089
G1 X40.562 Y24.195 E3.70303
G1 X41.063 Y24.207 E3.72819
G1 X45.446 Y28.59 E4.03944
G1 X45.934 Y28.59 E4.06394
G1 X41.551 Y24.207 E4.37519
G1 X42.039 Y24.207 E4.39969
G1 X46.422 Y28.59 E4.71094
G1 X46.91 Y28.59 E4.73544
G1 X42.527 Y24.207 E5.04669
G1 X42.985 Y24.178 E5.06973
G1 X47.398 Y28.59 E5.38308
G1 X47.886 Y28.59 E5.40758
G1 X43.388 Y24.092 E5.727
G1 X43.752 Y23.968 E5.74631
G1 X48.374 Y28.59 E6.07453
G1 X48.862 Y28.59 E6.09903
G1 X44.088 Y23.816 E6.43805
G1 X44.384 Y23.624 E6.45577
G1 X49.35 Y28.59 E6.80842
G1 X49.838 Y28.59 E6.83292
G1 X44.659 Y23.411 E7.2007
G1 X44.9 Y23.165 E7.21799
G1 X50.326 Y28.59 E7.60327
G1 X50.814 Y28.59 E7.62777
G1 X45.125 Y22.902 E8.03173
G1 X45.311 Y22.599 E8.04958
G1 X51.302 Y28.59 E8.47502
G1 X51.79 Y28.59 E8.49952
G1 X45.475 Y22.275 E8.94797
G1 X45.547 Y22.102 E8.95738
G1 X45.597 Y21.91 E8.96734
G1 X52.278 Y28.59 E9.44175
G1 X52.766 Y28.59 E9.46625
G1 X45.692 Y21.517 E9.96856
G1 X45.726 Y21.063 E9.99142
G1 X53.254 Y28.59 E10.52597
G1 X53.742 Y28.59 E10.55047
G1 X45.727 Y20.575 E11.11964
G1 X45.727 Y20.087 E11.14414
G1 X53.913 Y28.273 E11.72546
G1 X53.913 Y27.785 E11.74996
G1 X45.727 Y19.599 E12.33128
G1 X45.727 Y19.111 E12.35578
G1 X53.913 Y27.297 E12.9371
G1 X53.913 Y26.809 E12.9616
G1 X45.727 Y18.623 E13.54292
G1 X45.727 Y18.135 E13.56742
G1 X53.913 Y26.321 E14.14874
G1 X53.913 Y25.833 E14.17324
G1 X45.727 Y17.647 E14.75456
G1 X45.727 Y17.159 E14.77906
G1 X53.913 Y25.345 E15.36038
G1 X53.913 Y24.857 E15.38488
G1 X45.727 Y16.671 E15.9662
G1 X45.727 Y16.183 E15.9907
G1 X53.913 Y24.369 E16.57202
G1 X53.913 Y23.881 E16.59652
G1 X45.727 Y15.695 E17.17784
G1 X45.727 Y15.207 E17.20234
G1 X53.913 Y23.393 E17.78366
G1 X53.913 Y22.905 E17.80816
G1 X45.727 Y14.719 E18.38948
G1 X45.728 Y14.232 E18.41393
G1 X53.913 Y22.417 E18.99518
G1 X53.913 Y21.929 E19.01968
G1 X45.728 Y13.744 E19.60093
G1 X45.728 Y13.256 E19.62543
G1 X53.913 Y21.441 E20.20668
G1 X53.913 Y20.953 E20.23118
G1 X45.728 Y12.768 E20.81243
G1 X45.728 Y12.28 E20.83693
G1 X53.913 Y20.465 E21.41818
G1 X53.913 Y19.977 E21.44268
G1 X45.728 Y11.792 E22.02393
G1 X45.728 Y11.304 E22.04843
G1 X53.913 Y19.489 E22.62968
G1 X53.913 Y19.001 E22.65418
G1 X45.728 Y10.816 E23.23543
G1 X45.728 Y10.328 E23.25993
G1 X53.913 Y18.513 E23.84118
G1 X53.913 Y18.025 E23.86568
G1 X45.728 Y9.84 E24.44693
G1 X45.728 Y9.352 E24.47143
G1 X53.913 Y17.537 E25.05268
G1 X53.913 Y17.049 E25.07718
G1 X45.728 Y8.864 E25.65843
G1 X45.728 Y8.376 E25.68293
G1 X53.913 Y16.561 E26.26418
G1 X53.913 Y16.073 E26.28868
G1 X45.728 Y7.888 E26.86993
G1 X45.729 Y7.4 E26.89443
G1 X53.913 Y15.585 E27.47564
G1 X53.913 Y15.097 E27.50014
G1 X45.729 Y6.912 E28.08135
G1 X45.729 Y6.424 E28.10585
G1 X53.913 Y14.608 E28.68702
G1 X53.913 Y14.12 E28.71152
G1 X45.729 Y5.936 E29.29269
G1 X45.729 Y5.448 E29.31719
G1 X53.913 Y13.632 E29.89836
G1 X53.913 Y13.144 E29.92286
G1 X45.729 Y4.961 E30.504
G1 X45.729 Y4.473 E30.5285
G1 X53.913 Y12.656 E31.10964
G1 X53.913 Y12.168 E31.13414
G1 X45.729 Y3.985 E31.71528
G1 X45.729 Y3.497 E31.73978
G1 X53.913 Y11.68 E32.32092
G1 X53.913 Y11.192 E32.34542
G1 X45.729 Y3.009 E32.92656
G1 X45.729 Y2.521 E32.95106
G1 X53.913 Y10.704 E33.5322
G1 X53.913 Y10.216 E33.5567
G1 X45.729 Y2.033 E34.13784
G1 X45.729 Y1.545 E34.16234
G1 X53.913 Y9.728 E34.74348
G1 X53.913 Y9.24 E34.76798
G1 X45.729 Y1.057 E35.34912
G1 X45.73 Y.569 E35.37362
G1 X53.913 Y8.752 E35.95472
G1 X53.913 Y8.264 E35.97922
G1 X45.73 Y.081 E36.56032
G1 X45.73 Y-.407 E36.58482
G1 X53.913 Y7.776 E37.16592
G1 X53.913 Y7.288 E37.19042
G1 X45.681 Y-.943 E37.77497
G1 X45.538 Y-1.489 E37.80331
G1 X45.466 Y-1.646 E37.81198
G1 X54.068 Y6.955 E38.4228
G1 E36.4228 F2400
G92 E0
G1 Z2.35 F7200
G1 X54.068 Y-.365
G1 Z.35
G1 E2 F2400
G1 F1800
G1 X35.881 Y-18.552 E3.29152
G1 X36.058 Y-18.126 E3.31468
G1 X36.131 Y-17.814 E3.33077
G1 X53.913 Y-.032 E4.59353
G1 X53.913 Y.456 E4.61803
G1 X36.159 Y-17.298 E5.8788
G1 X36.175 Y-16.988 E5.89439
G1 X36.159 Y-16.809 E5.90341
G1 X53.913 Y.944 E7.16415
G1 X53.913 Y1.432 E7.18865
G1 X36.12 Y-16.361 E8.45219
G1 X36.08 Y-15.913 E8.47478
G1 X53.913 Y1.92 E9.74116
G1 X53.913 Y2.408 E9.76566
G1 X36.04 Y-15.465 E11.03488
G1 X36 Y-15.017 E11.05747
G1 X53.913 Y2.896 E12.32953
G1 X53.913 Y3.384 E12.35403
G1 X35.96 Y-14.569 E13.62893
G1 X35.92 Y-14.121 E13.65152
G1 X53.913 Y3.872 E14.92926
G1 X53.913 Y4.36 E14.95376
G1 X35.88 Y-13.673 E16.23435
G1 X35.84 Y-13.225 E16.25694
G1 X53.913 Y4.848 E17.54037
G1 X53.913 Y5.336 E17.56487
G1 X35.8 Y-12.776 E18.8511
G1 X35.76 Y-12.328 E18.87369
G1 X53.913 Y5.824 E20.16276
G1 X53.913 Y6.312 E20.18726
G1 X35.72 Y-11.88 E21.47917
G1 X35.68 Y-11.432 E21.50176
G1 X43.8 Y-3.312 E22.07839
G1 X43.458 Y-3.443 E22.09678
G1 X43.11 Y-3.515 E22.11462
G1 X35.641 Y-10.984 E22.64502
G1 X35.601 Y-10.536 E22.66761
G1 X42.581 Y-3.556 E23.16328
G1 X42.369 Y-3.561 E23.17393
G1 X42.133 Y-3.515 E23.186
G1 X35.561 Y-10.088 E23.65274
G1 X35.521 Y-9.64 E23.67533
G1 X41.724 Y-3.436 E24.11586
G1 X41.352 Y-3.32 E24.13543
G1 X35.481 Y-9.192 E24.55239
G1 X35.441 Y-8.744 E24.57498
G1 X41.027 Y-3.157 E24.9717
G1 X40.732 Y-2.964 E24.9894
G1 X35.401 Y-8.295 E25.36797
G1 X35.361 Y-7.847 E25.39056
G1 X40.459 Y-2.749 E25.75259
G1 X40.215 Y-2.505 E25.76992
G1 X35.321 Y-7.399 E26.11746
G1 X35.281 Y-6.951 E26.14005
G1 X40.003 Y-2.229 E26.47538
G1 X39.87 Y-2.045 E26.48678
G1 X39.813 Y-1.931 E26.49318
G1 X35.241 Y-6.503 E26.81785
G1 X35.201 Y-6.055 E26.84044
G1 X39.651 Y-1.606 E27.15641
G1 X39.532 Y-1.236 E27.17593
G1 X35.161 Y-5.607 E27.48633
G1 X35.122 Y-5.159 E27.50891
G1 X39.448 Y-.833 E27.81611
G1 X39.399 Y-.394 E27.83829
G1 X35.082 Y-4.711 E28.14486
G1 X35.042 Y-4.263 E28.16745
G1 X39.359 Y.054 E28.47402
G1 X39.319 Y.503 E28.49666
G1 X35.002 Y-3.814 E28.80323
G1 X34.962 Y-3.366 E28.82582
G1 X39.279 Y.951 E29.13239
G1 X39.239 Y1.399 E29.15498
G1 X34.922 Y-2.918 E29.46155
G1 X34.882 Y-2.47 E29.48414
G1 X39.199 Y1.847 E29.79071
G1 X39.159 Y2.295 E29.8133
G1 X34.842 Y-2.022 E30.11987
G1 X34.802 Y-1.574 E30.14246
G1 X39.119 Y2.743 E30.44903
G1 X39.079 Y3.191 E30.47162
G1 X34.762 Y-1.126 E30.77819
G1 X34.722 Y-.678 E30.80078
G1 X39.039 Y3.639 E31.10735
G1 X38.999 Y4.087 E31.12994
G1 X34.682 Y-.23 E31.43651
G1 X34.643 Y.218 E31.45909
G1 X38.96 Y4.535 E31.76566
G1 X38.92 Y4.984 E31.7883
G1 X34.603 Y.667 E32.09487
G1 X34.563 Y1.115 E32.11746
G1 X38.88 Y5.432 E32.42403
G1 X38.84 Y5.88 E32.44662
G1 X34.523 Y1.563 E32.75319
G1 X34.483 Y2.011 E32.77578
G1 X38.8 Y6.328 E33.08235
G1 X38.76 Y6.776 E33.10494
G1 X34.443 Y2.459 E33.41151
G1 X34.403 Y2.907 E33.4341
G1 X38.72 Y7.224 E33.74067
G1 X38.68 Y7.672 E33.76326
G1 X34.363 Y3.355 E34.06983
G1 X34.323 Y3.803 E34.09242
G1 X38.64 Y8.12 E34.39899
G1 X38.6 Y8.568 E34.42158
G1 X34.283 Y4.251 E34.72815
G1 X34.243 Y4.699 E34.75074
G1 X38.56 Y9.016 E35.05731
G1 X38.52 Y9.465 E35.07995
G1 X34.203 Y5.148 E35.38652
G1 X34.163 Y5.596 E35.40911
G1 X38.481 Y9.913 E35.71571
G1 X38.441 Y10.361 E35.7383
G1 X34.124 Y6.044 E36.04487
G1 X34.084 Y6.492 E36.06746
G1 X38.401 Y10.809 E36.37403
G1 X38.361 Y11.257 E36.39662
G1 X34.044 Y6.94 E36.70319
G1 X34.004 Y7.388 E36.72578
G1 X38.321 Y11.705 E37.03235
G1 X38.281 Y12.153 E37.05494
G1 X33.964 Y7.836 E37.36151
G1 X33.924 Y8.284 E37.3841
G1 X38.241 Y12.601 E37.69067
G1 X38.201 Y13.049 E37.71326
G1 X33.884 Y8.732 E38.01983
G1 X33.844 Y9.18 E38.04242
G1 X38.161 Y13.497 E38.34899
G1 X38.121 Y13.946 E38.37163
G1 X33.804 Y9.629 E38.6782
G1 X33.764 Y10.077 E38.70079
G1 X38.081 Y14.394 E39.00736
G1 X38.041 Y14.842 E39.02995
G1 X33.714 Y10.515 E39.33723
G1 X33.674 Y10.766 E39.34999
G1 X33.628 Y10.916 E39.35787
G1 X38.001 Y15.29 E39.66845
G1 X37.962 Y15.738 E39.69103
G1 X33.507 Y11.283 E40.00739
G1 X33.346 Y11.611 E40.02574
G1 X37.922 Y16.186 E40.35066
G1 X37.882 Y16.634 E40.37325
G1 X33.155 Y11.908 E40.7089
G1 X32.927 Y12.168 E40.72626
G1 X37.842 Y17.082 E41.07526
G1 X37.802 Y17.53 E41.09785
G1 X32.695 Y12.423 E41.46052
G1 X32.425 Y12.642 E41.47798
G1 X37.762 Y17.978 E41.85694
G1 X37.735 Y18.282 E41.87227
G1 X37.71 Y18.287 E41.87355
G1 X37.553 Y18.015 E41.88932
G1 X37.178 Y17.568 E41.91862
G1 X36.891 Y17.327 E41.93744
G1 X36.293 Y16.997 E41.97174
G1 X32.128 Y12.832 E42.26751
G1 X31.781 Y12.974 E42.28634
G1 X35.625 Y16.817 E42.55928
G1 X35.254 Y16.791 E42.57796
G1 X35.12 Y16.8 E42.5847
G1 X31.43 Y13.11 E42.84674
G1 X31.33 Y13.149 E42.85213
G1 X31.023 Y13.192 E42.8677
G1 X34.705 Y16.873 E43.12914
G1 X34.469 Y16.915 E43.14118
G1 X34.31 Y16.967 E43.14958
G1 X30.571 Y13.228 E43.4151
G1 X30.298 Y13.222 E43.42881
G1 X30.034 Y13.178 E43.44225
G1 X33.991 Y17.136 E43.72329
G1 X33.679 Y17.312 E43.74128
G1 X29.329 Y12.962 E44.05019
G1 X28.908 Y12.749 E44.07388
G1 X28.144 Y12.265 E44.11929
G1 X33.404 Y17.525 E44.49282
G1 X33.181 Y17.789 E44.51017
G1 X26.813 Y11.422 E44.96235
G1 X25.482 Y10.579 E45.04146
G1 X32.959 Y18.056 E45.57243
G1 X32.875 Y18.18 E45.57995
G1 X32.798 Y18.382 E45.59081
G1 X24.151 Y9.736 E46.20483
G1 X22.82 Y8.893 E46.28394
G1 X32.662 Y18.735 E46.98285
G1 X32.594 Y18.911 E46.99232
G1 X32.554 Y19.115 E47.00276
G1 X21.489 Y8.05 E47.78852
G1 X20.159 Y7.207 E47.86759
G1 X32.538 Y19.587 E48.7467
G1 X32.538 Y19.837 E48.75925
G1 X32.577 Y20.114 E48.7733
G1 X18.828 Y6.365 E49.74966
G1 X17.497 Y5.522 E49.82877
G1 X40.565 Y28.59 E51.46691
G1 X40.077 Y28.59 E51.49141
G1 X16.166 Y4.679 E53.18941
G1 X14.835 Y3.836 E53.26852
G1 X39.589 Y28.59 E55.02639
G1 X39.101 Y28.59 E55.05089
G1 X13.504 Y2.993 E56.86862
G1 X12.173 Y2.15 E56.94773
G1 X38.613 Y28.59 E58.82533
G1 X38.125 Y28.59 E58.84983
G1 X10.842 Y1.307 E60.78729
G1 X9.511 Y.464 E60.8664
G1 X37.637 Y28.59 E62.86372
G1 X37.149 Y28.59 E62.88822
G1 X8.181 Y-.378 E64.94534
G1 X7.678 Y-.697 E64.97525
G1 X7.293 Y-1.001 E64.99988
G1 X7.062 Y-1.239 E65.01653
G1 X6.767 Y-1.635 E65.04133
G1 X6.611 Y-1.948 E65.05889
G1 X1.281 Y-7.278 E65.43739
G1 X1.586 Y-7.461 E65.45525
G1 X6.343 Y-2.704 E65.79306
G1 X6.286 Y-3.131 E65.81469
G1 X6.288 Y-3.247 E65.82052
G1 X1.891 Y-7.644 E66.13277
G1 X2.196 Y-7.827 E66.15063
G1 X6.313 Y-3.71 E66.44299
G1 X6.392 Y-4.12 E66.46396
G1 X2.502 Y-8.01 E66.7402
G1 X2.807 Y-8.192 E66.75803
G1 X6.516 Y-4.483 E67.02142
G1 X6.668 Y-4.819 E67.03994
G1 X3.112 Y-8.375 E67.29246
G1 X3.417 Y-8.558 E67.31032
G1 X6.854 Y-5.121 E67.55439
G1 X7.07 Y-5.393 E67.57183
G1 X3.722 Y-8.741 E67.80958
G1 X4.027 Y-8.924 E67.82744
G1 X7.31 Y-5.641 E68.06058
G1 X7.581 Y-5.858 E68.07801
G1 X4.332 Y-9.107 E68.30873
G1 X4.637 Y-9.29 E68.32659
G1 X7.87 Y-6.057 E68.55618
G1 X8.177 Y-6.239 E68.5741
G1 X4.942 Y-9.473 E68.80379
G1 X5.248 Y-9.656 E68.82169
G1 X8.483 Y-6.42 E69.05145
G1 X8.79 Y-6.601 E69.06935
G1 X5.553 Y-9.839 E69.29926
G1 X5.858 Y-10.021 E69.31709
G1 X9.097 Y-6.782 E69.5471
G1 X9.403 Y-6.964 E69.56498
G1 X6.163 Y-10.204 E69.79506
G1 X6.468 Y-10.387 E69.81292
G1 X9.71 Y-7.145 E70.04315
G1 X10.017 Y-7.326 E70.06105
G1 X6.773 Y-10.57 E70.29142
G1 X7.078 Y-10.753 E70.30928
G1 X10.324 Y-7.508 E70.53975
G1 X10.63 Y-7.689 E70.5576
G1 X7.383 Y-10.936 E70.78818
G1 X7.689 Y-11.119 E70.80608
G1 X10.937 Y-7.87 E71.03677
G1 X11.244 Y-8.052 E71.05469
G1 X7.994 Y-11.302 E71.28548
G1 X8.299 Y-11.485 E71.30334
G1 X11.55 Y-8.233 E71.53424
G1 X11.857 Y-8.414 E71.55214
G1 X8.604 Y-11.668 E71.78318
G1 X8.909 Y-11.85 E71.80101
G1 X12.164 Y-8.596 E72.03212
G1 X12.471 Y-8.777 E72.05002
G1 X9.214 Y-12.033 E72.28128
G1 X9.519 Y-12.216 E72.29914
G1 X12.777 Y-8.958 E72.5305
G1 X13.084 Y-9.14 E72.54842
G1 X9.824 Y-12.399 E72.77989
G1 X10.13 Y-12.582 E72.79779
G1 X13.391 Y-9.321 E73.02936
G1 X13.697 Y-9.502 E73.04721
G1 X10.435 Y-12.765 E73.27889
G1 X10.74 Y-12.948 E73.29675
G1 X14.004 Y-9.683 E73.52857
G1 X14.311 Y-9.865 E73.54649
G1 X11.045 Y-13.131 E73.77842
G1 X11.35 Y-13.314 E73.79628
G1 X14.618 Y-10.046 E74.02835
G1 X14.924 Y-10.227 E74.0462
G1 X11.655 Y-13.497 E74.27838
G1 X11.96 Y-13.679 E74.29621
G1 X15.231 Y-10.409 E74.52846
G1 X15.538 Y-10.59 E74.54636
G1 X12.265 Y-13.862 E74.77875
G1 X12.571 Y-14.045 E74.79665
G1 X15.844 Y-10.771 E75.02911
G1 X16.151 Y-10.953 E75.04703
G1 X12.876 Y-14.228 E75.2796
G1 X13.181 Y-14.411 E75.29746
G1 X16.458 Y-11.134 E75.53017
G1 X16.765 Y-11.315 E75.54807
G1 X13.486 Y-14.594 E75.78092
G1 X13.791 Y-14.777 E75.79878
G1 X17.071 Y-11.497 E76.0317
G1 X17.378 Y-11.678 E76.0496
G1 X14.096 Y-14.96 E76.28267
G1 X14.401 Y-15.143 E76.30053
G1 X17.685 Y-11.859 E76.53374
G1 X17.991 Y-12.04 E76.55159
G1 X14.706 Y-15.326 E76.7849
G1 X15.011 Y-15.508 E76.80273
G1 X18.298 Y-12.222 E77.03612
G1 X18.605 Y-12.403 E77.05402
G1 X15.317 Y-15.691 E77.28751
G1 X15.622 Y-15.874 E77.30537
G1 X18.912 Y-12.584 E77.539
G1 X19.218 Y-12.766 E77.55688
G1 X15.927 Y-16.057 E77.79059
G1 X16.232 Y-16.24 E77.80845
G1 X19.525 Y-12.947 E78.0423
G1 X19.832 Y-13.128 E78.0602
G1 X16.537 Y-16.423 E78.29419
G1 X16.842 Y-16.606 E78.31205
G1 X20.138 Y-13.31 E78.54611
G1 X20.445 Y-13.491 E78.56401
G1 X17.147 Y-16.789 E78.79821
G1 X17.452 Y-16.972 E78.81607
G1 X20.752 Y-13.672 E79.05041
G1 X21.059 Y-13.854 E79.06833
G1 X17.758 Y-17.155 E79.30275
G1 X18.063 Y-17.337 E79.32058
G1 X21.365 Y-14.035 E79.55507
G1 X21.672 Y-14.216 E79.57297
G1 X18.368 Y-17.52 E79.8076
G1 X18.673 Y-17.703 E79.82546
G1 X21.979 Y-14.397 E80.06023
G1 X22.285 Y-14.579 E80.07811
G1 X18.978 Y-17.886 E80.31295
G1 X19.283 Y-18.069 E80.33081
G1 X22.592 Y-14.76 E80.56579
G1 X22.899 Y-14.941 E80.58369
G1 X19.588 Y-18.252 E80.81882
G1 X19.893 Y-18.435 E80.83668
G1 X23.206 Y-15.123 E81.07191
G1 X23.512 Y-15.304 E81.08976
G1 X20.199 Y-18.618 E81.32506
G1 X20.504 Y-18.801 E81.34292
G1 X23.819 Y-15.485 E81.57837
G1 X24.126 Y-15.667 E81.59629
G1 X20.809 Y-18.984 E81.83184
G1 X21.114 Y-19.166 E81.84967
G1 X24.432 Y-15.848 E82.08529
G1 X24.739 Y-16.029 E82.10319
G1 X21.419 Y-19.349 E82.33895
G1 X21.724 Y-19.532 E82.35681
G1 X25.046 Y-16.211 E82.59268
G1 X25.353 Y-16.392 E82.61058
G1 X22.029 Y-19.715 E82.84659
G1 X22.334 Y-19.898 E82.86445
G1 X25.659 Y-16.573 E83.10057
G1 X25.966 Y-16.754 E83.11847
G1 X22.639 Y-20.081 E83.35473
G1 X22.945 Y-20.264 E83.37263
G1 X26.273 Y-16.936 E83.60896
G1 X26.579 Y-17.117 E83.62681
G1 X23.25 Y-20.447 E83.86325
G1 X23.54 Y-20.644 E83.88085
G1 X26.886 Y-17.298 E84.11846
G1 X27.193 Y-17.48 E84.13638
G1 X23.815 Y-20.857 E84.37623
G1 X24.061 Y-21.1 E84.39359
G1 X27.5 Y-17.661 E84.63781
G1 X27.806 Y-17.842 E84.65566
G1 X24.272 Y-21.376 E84.90662
G1 X24.368 Y-21.503 E84.91461
G1 X24.461 Y-21.676 E84.92447
G1 X28.113 Y-18.024 E85.18381
G1 X28.42 Y-18.205 E85.20171
G1 X24.624 Y-22 E85.47124
G1 X24.748 Y-22.365 E85.4906
G1 X28.726 Y-18.386 E85.77313
G1 X29.033 Y-18.568 E85.79105
G1 X24.828 Y-22.772 E86.08963
G1 X24.857 Y-22.947 E86.09854
G1 X24.857 Y-23.232 E86.11285
G1 X29.34 Y-18.749 E86.4312
G1 X29.646 Y-18.93 E86.44905
G1 X24.807 Y-23.77 E86.79272
G1 X24.759 Y-24.037 E86.80634
G1 X24.611 Y-24.453 E86.82851
G1 X29.953 Y-19.112 E87.20783
G1 X30.26 Y-19.293 E87.22573
G1 X15.46 Y-34.093 E88.27673
G1 X15.948 Y-34.093 E88.30123
G1 X30.567 Y-19.474 E89.33938
G1 X30.873 Y-19.655 E89.35723
G1 X16.436 Y-34.093 E90.38249
G1 X16.924 Y-34.093 E90.40699
G1 X31.18 Y-19.837 E91.41936
G1 X31.495 Y-20.01 E91.43741
G1 X17.412 Y-34.093 E92.43749
G1 X17.9 Y-34.093 E92.46199
G1 X31.843 Y-20.149 E93.45217
G1 X32.192 Y-20.289 E93.47105
G1 X18.388 Y-34.093 E94.45132
G1 X18.876 Y-34.093 E94.47582
G1 X32.606 Y-20.363 E95.45083
G1 X33.056 Y-20.401 E95.47351
G1 X19.364 Y-34.093 E96.44583
G1 X19.852 Y-34.093 E96.47033
G1 X33.599 Y-20.346 E97.44655
G1 X34.268 Y-20.164 E97.48136
G1 X20.34 Y-34.093 E98.47047
G1 X20.828 Y-34.093 E98.49497
G1 X53.913 Y-1.008 E100.84445
G1 X53.913 Y-1.496 E100.86895
G1 X21.316 Y-34.093 E103.18378
G1 X21.804 Y-34.093 E103.20828
G1 X53.913 Y-1.984 E105.48845
G1 X53.913 Y-2.472 E105.51295
G1 X22.292 Y-34.093 E107.75847
G1 X22.78 Y-34.093 E107.78297
G1 X53.913 Y-2.96 E109.99383
G1 X53.913 Y-3.448 E110.01833
G1 X23.268 Y-34.093 E112.19454
G1 X23.756 Y-34.093 E112.21904
G1 X53.913 Y-3.936 E114.36059
G1 X53.913 Y-4.424 E114.38509
G1 X24.244 Y-34.093 E116.49199
G1 X24.732 Y-34.093 E116.51649
G1 X53.913 Y-4.912 E118.58873
G1 X53.913 Y-5.4 E118.61323
G1 X25.22 Y-34.093 E120.65082
G1 X25.708 Y-34.093 E120.67532
G1 X53.913 Y-5.888 E122.67825
G1 X53.913 Y-6.376 E122.70275
G1 X26.196 Y-34.093 E124.67103
G1 X26.684 Y-34.093 E124.69553
G1 X53.913 Y-6.864 E126.62916
G1 X53.913 Y-7.352 E126.65366
G1 X27.172 Y-34.093 E128.55263
G1 X27.66 Y-34.093 E128.57713
G1 X53.913 Y-7.84 E130.44145
G1 X53.913 Y-8.328 E130.46595
G1 X28.148 Y-34.093 E132.29561
G1 X28.636 Y-34.093 E132.32011
G1 X53.913 Y-8.817 E134.11508
G1 X53.913 Y-9.305 E134.13958
G1 X29.125 Y-34.093 E135.89986
G1 X29.613 Y-34.093 E135.92436
G1 X53.913 Y-9.793 E137.64999
G1 X53.913 Y-10.281 E137.67449
G1 X30.101 Y-34.093 E139.36546
G1 X30.589 Y-34.093 E139.38996
G1 X53.913 Y-10.769 E141.04628
G1 X53.913 Y-11.257 E141.07078
G1 X31.077 Y-34.093 E142.69244
G1 X31.565 Y-34.093 E142.71694
G1 X54.068 Y-11.589 E144.31499
;LAYER_CHANGE
;Z:0.65
;HEIGHT:0.3
G1 E142.31499 F2400
G92 E0
G1 Z.65 F7200
G1 Z2.65
G1 X-1.913 Y-7.009
G1 Z.65
G1 E2 F2400
;TYPE:Perimeter
;WIDTH:0.45
G1 F3600
G1 X-1.984 Y-7.036 E2.00365
G1 X-2.646 Y-7.422 E2.04051
G1 X-23.567 Y-20.667 E3.23144
G1 X-24.007 Y-21.01 E3.25827
G1 X-24.331 Y-21.366 E3.28142
G1 X-24.595 Y-21.77 E3.30463
G1 X-24.79 Y-22.21 E3.32778
G1 X-24.911 Y-22.676 E3.35094
G1 X-24.957 Y-23.156 E3.37413
G1 X-24.925 Y-23.636 E3.39727
G1 X-24.761 Y-24.252 E3.42793
G1 X-24.47 Y-24.835 E3.45927
G1 X-24.104 Y-25.294 E3.48751
G1 X-23.592 Y-25.7 E3.51894
G1 X-23.02 Y-25.996 E3.54992
G1 X-22.52 Y-26.14 E3.57495
G1 X-21.965 Y-26.194 E3.60177
G1 X21.712 Y-26.203 E5.70248
G1 X22.333 Y-26.131 E5.73255
G1 X22.855 Y-25.965 E5.7589
G1 X23.428 Y-25.657 E5.79019
G1 X23.831 Y-25.322 E5.8154
G1 X24.234 Y-24.821 E5.84632
G1 X24.462 Y-24.391 E5.86973
G1 X24.617 Y-23.93 E5.89312
G1 X24.696 Y-23.45 E5.91652
G1 X24.696 Y-22.964 E5.93989
G1 X24.617 Y-22.484 E5.96329
G1 X24.462 Y-22.023 E5.98668
G1 X24.196 Y-21.544 E6.01303
G1 X23.847 Y-21.121 E6.03941
G1 X23.315 Y-20.675 E6.0728
G1 X.809 Y-7.184 E7.33484
G1 X.457 Y-7.006 E7.35381
G1 X-.048 Y-6.837 E7.37942
G1 X-.554 Y-6.764 E7.40401
G1 X-1.076 Y-6.78 E7.42913
G1 X-1.541 Y-6.872 E7.45193
G1 X-1.856 Y-6.988 E7.46808
G1 X-1.761 Y-7.361 F7200
G1 F3600
G1 X-1.804 Y-7.377 E7.47029
G1 X-2.44 Y-7.747 E7.50568
G1 X-23.361 Y-20.993 E8.69663
G1 X-23.729 Y-21.277 E8.71899
G1 X-24.014 Y-21.585 E8.73917
G1 X-24.246 Y-21.935 E8.75937
G1 X-24.419 Y-22.317 E8.77954
G1 X-24.529 Y-22.722 E8.79972
G1 X-24.572 Y-23.14 E8.81993
G1 X-24.547 Y-23.559 E8.84012
G1 X-24.4 Y-24.116 E8.86783
G1 X-24.136 Y-24.642 E8.89614
G1 X-23.784 Y-25.062 E8.9225
G1 X-23.355 Y-25.395 E8.94862
G1 X-22.855 Y-25.648 E8.97557
G1 X-22.336 Y-25.78 E9.00133
G1 X-21.965 Y-25.809 E9.01923
G1 X21.712 Y-25.818 E11.11994
G1 X22.216 Y-25.764 E11.14432
G1 X22.737 Y-25.597 E11.17063
G1 X23.233 Y-25.324 E11.19786
G1 X23.638 Y-24.966 E11.22386
G1 X23.898 Y-24.631 E11.24426
G1 X24.1 Y-24.258 E11.26466
G1 X24.273 Y-23.675 E11.29391
G1 X24.319 Y-23.11 E11.32117
G1 X24.249 Y-22.598 E11.34602
G1 X24.116 Y-22.195 E11.36643
G1 X23.898 Y-21.789 E11.38859
G1 X23.55 Y-21.367 E11.4149
G1 X23.09 Y-20.99 E11.44351
G1 X.611 Y-7.515 E12.70404
G1 X.285 Y-7.351 E12.72159
G1 X-.194 Y-7.201 E12.74573
G1 X-.602 Y-7.149 E12.76551
G1 X-1.013 Y-7.161 E12.78529
G1 X-1.417 Y-7.237 E12.80506
G1 X-1.705 Y-7.341 E12.81979
G1 X-1.61 Y-7.713 F7200
;TYPE:External perimeter
G1 F1800
G1 X-1.624 Y-7.718 E12.82051
G1 X-2.234 Y-8.073 E12.85446
G1 X-23.154 Y-21.319 E14.04537
G1 X-23.451 Y-21.544 E14.06329
G1 X-23.696 Y-21.804 E14.08047
G1 X-23.898 Y-22.1 E14.09771
G1 X-24.049 Y-22.424 E14.1149
G1 X-24.146 Y-22.769 E14.13214
G1 X-24.186 Y-23.124 E14.14932
G1 X-24.169 Y-23.482 E14.16656
G1 X-24.04 Y-23.979 E14.19126
G1 X-23.802 Y-24.449 E14.2166
G1 X-23.547 Y-24.758 E14.23587
G1 X-23.119 Y-25.091 E14.26195
G1 X-22.653 Y-25.313 E14.28678
G1 X-22.305 Y-25.396 E14.30399
G1 X-21.965 Y-25.423 E14.32039
G1 X21.712 Y-25.432 E16.4211
G1 X22.099 Y-25.396 E16.43979
G1 X22.62 Y-25.23 E16.46609
G1 X23.071 Y-24.968 E16.49118
G1 X23.338 Y-24.725 E16.50854
G1 X23.562 Y-24.442 E16.5259
G1 X23.737 Y-24.126 E16.54327
G1 X23.894 Y-23.603 E16.56953
G1 X23.933 Y-23.1 E16.5938
G1 X23.88 Y-22.711 E16.61268
G1 X23.771 Y-22.367 E16.63004
G1 X23.6 Y-22.034 E16.64804
G1 X23.252 Y-21.612 E16.67435
G1 X22.857 Y-21.299 E16.69859
G1 X.413 Y-7.846 E17.95714
G1 X.114 Y-7.696 E17.97323
G1 X-.25 Y-7.583 E17.99156
G1 X-.597 Y-7.534 E18.00842
G1 X-.948 Y-7.541 E18.02531
G1 X-1.293 Y-7.603 E18.04217
G1 X-1.553 Y-7.693 E18.0554
G1 X-1.905 Y-7.883 F7200
G1 E16.0554 F2400
G92 E0
G1 Z2.65 F7200
G1 X29.41 Y12.822
G1 Z.65
G1 E2 F2400
;TYPE:Perimeter
G1 F3600
G1 X29.339 Y12.796 E2.00364
G1 X28.172 Y12.091 E2.06922
G1 X7.835 Y-.785 E3.22692
G1 X7.405 Y-1.119 E3.25311
G1 X7.086 Y-1.464 E3.27571
G1 X6.795 Y-1.924 E3.30189
G1 X6.56 Y-2.515 E3.33248
G1 X6.457 Y-3.051 E3.35873
G1 X6.454 Y-3.564 E3.3834
G1 X6.586 Y-4.203 E3.41478
G1 X6.838 Y-4.787 E3.44537
G1 X7.144 Y-5.239 E3.47162
G1 X7.837 Y-5.849 E3.51602
G1 X25.752 Y-16.44 E4.51698
G1 X31.505 Y-19.84 E4.83839
G1 X32.229 Y-20.14 E4.87608
G1 X32.529 Y-20.206 E4.89085
G1 X33.155 Y-20.246 E4.92102
G1 X33.455 Y-20.218 E4.93551
G1 X34.07 Y-20.062 E4.96603
G1 X34.346 Y-19.943 E4.98049
G1 X34.883 Y-19.604 E5.01103
G1 X35.109 Y-19.406 E5.02548
G1 X35.515 Y-18.919 E5.05598
G1 X35.669 Y-18.66 E5.07047
G1 X35.905 Y-18.072 E5.10094
G1 X35.972 Y-17.778 E5.11544
G1 X36.02 Y-17.071 E5.14952
G1 X33.578 Y10.344 E6.47331
G1 X33.478 Y10.881 E6.49958
G1 X33.279 Y11.388 E6.52578
G1 X32.94 Y11.927 E6.55641
G1 X32.568 Y12.328 E6.58272
G1 X32.137 Y12.646 E6.60848
G1 X31.678 Y12.87 E6.63304
G1 X31.18 Y13.013 E6.65796
G1 X30.713 Y13.069 E6.68058
G1 X30.242 Y13.051 E6.70325
G1 X29.78 Y12.959 E6.72591
G1 X29.466 Y12.843 E6.74201
G1 X29.562 Y12.471 F7200
G1 F3600
G1 X29.519 Y12.455 E6.74422
G1 X28.378 Y11.765 E6.80835
G1 X8.042 Y-1.111 E7.96601
G1 X7.682 Y-1.387 E7.98783
G1 X7.402 Y-1.686 E8.00753
G1 X7.153 Y-2.067 E8.02942
G1 X6.919 Y-2.657 E8.05995
G1 X6.833 Y-3.159 E8.08445
G1 X6.846 Y-3.606 E8.10596
G1 X6.94 Y-4.05 E8.12779
G1 X7.192 Y-4.634 E8.15838
G1 X7.536 Y-5.097 E8.18612
G1 X8.07 Y-5.539 E8.21946
G1 X25.948 Y-16.108 E9.21835
G1 X31.701 Y-19.509 E9.53978
G1 X32.371 Y-19.781 E9.57456
G1 X33.179 Y-19.861 E9.61361
G1 X33.975 Y-19.688 E9.65279
G1 X34.677 Y-19.278 E9.69189
G1 X35.218 Y-18.672 E9.73096
G1 X35.547 Y-17.928 E9.77009
G1 X35.634 Y-17.084 E9.8109
G1 X33.193 Y10.31 E11.13368
G1 X33.112 Y10.757 E11.15553
G1 X32.952 Y11.183 E11.17742
G1 X32.613 Y11.722 E11.20805
G1 X32.246 Y12.098 E11.23332
G1 X31.706 Y12.433 E11.26388
G1 X31.214 Y12.612 E11.28906
G1 X30.718 Y12.684 E11.31317
G1 X30.308 Y12.671 E11.3329
G1 X29.905 Y12.594 E11.35263
G1 X29.618 Y12.491 E11.3673
G1 X29.713 Y12.119 F7200
;TYPE:External perimeter
G1 F1800
G1 X29.699 Y12.114 E11.36802
G1 X28.584 Y11.439 E11.43071
G1 X8.248 Y-1.437 E12.58837
G1 X7.959 Y-1.656 E12.60581
G1 X7.717 Y-1.908 E12.62261
G1 X7.512 Y-2.209 E12.64013
G1 X7.277 Y-2.8 E12.67072
G1 X7.219 Y-3.217 E12.69097
G1 X7.226 Y-3.54 E12.70651
G1 X7.294 Y-3.897 E12.72399
G1 X7.546 Y-4.481 E12.75458
G1 X7.792 Y-4.809 E12.7743
G1 X8.292 Y-5.223 E12.80552
G1 X26.145 Y-15.776 E13.80298
G1 X31.898 Y-19.177 E14.12441
G1 X32.513 Y-19.423 E14.15627
G1 X33.204 Y-19.477 E14.18961
G1 X33.879 Y-19.314 E14.22301
G1 X34.471 Y-18.952 E14.25638
G1 X34.922 Y-18.425 E14.28974
G1 X35.189 Y-17.785 E14.32309
G1 X35.247 Y-17.081 E14.35706
G1 X32.809 Y10.276 E15.67805
G1 X32.747 Y10.634 E15.69552
G1 X32.625 Y10.978 E15.71307
G1 X32.287 Y11.517 E15.74367
G1 X32.006 Y11.796 E15.76272
G1 X31.535 Y12.087 E15.78935
G1 X31.07 Y12.25 E15.81305
G1 X30.723 Y12.298 E15.8299
G1 X30.373 Y12.291 E15.84674
G1 X30.029 Y12.229 E15.86355
G1 X29.77 Y12.139 E15.87674
G1 X29.421 Y11.943 F7200
G1 E13.87674 F2400
G92 E0
G1 Z2.65 F7200
G1 X41.591 Y-31.287
G1 Z.65
G1 E2 F2400
;TYPE:Perimeter
G1 F1200
G1 X41.943 Y-31.28 E2.01693
G1 X42.399 Y-31.176 E2.03943
G1 X43.122 Y-30.797 E2.07869
G1 X43.379 Y-30.581 E2.09484
G1 X43.743 Y-30.147 E2.12208
G1 X43.911 Y-29.857 E2.1382
G1 X44.105 Y-29.324 E2.16548
G1 X44.163 Y-28.995 E2.18155
G1 X44.163 Y-28.428 E2.20882
G1 X44.105 Y-28.098 E2.22494
G1 X43.911 Y-27.565 E2.25222
G1 X43.743 Y-27.275 E2.26834
G1 X43.379 Y-26.841 E2.29558
G1 X43.122 Y-26.626 E2.3117
G1 X42.632 Y-26.342 E2.33894
G1 X42.317 Y-26.228 E2.35505
G1 X41.759 Y-26.13 E2.3823
G1 X41.424 Y-26.13 E2.39841
G1 X40.866 Y-26.228 E2.42566
G1 X40.551 Y-26.342 E2.44177
G1 X40.053 Y-26.63 E2.46944
G1 X39.803 Y-26.841 E2.48517
G1 X39.439 Y-27.275 E2.51241
G1 X39.272 Y-27.565 E2.52851
G1 X39.078 Y-28.098 E2.55579
G1 X39.02 Y-28.428 E2.57191
G1 X39.02 Y-28.995 E2.59918
G1 X39.078 Y-29.324 E2.61525
G1 X39.272 Y-29.857 E2.64253
G1 X39.439 Y-30.147 E2.65863
G1 X39.803 Y-30.581 E2.68587
G1 X40.06 Y-30.797 E2.70202
G1 X40.551 Y-31.08 E2.72928
G1 X40.861 Y-31.194 E2.74517
G1 X41.397 Y-31.291 E2.77137
G1 X41.531 Y-31.288 E2.77782
G1 X41.591 Y-30.903 F7200
G1 F1200
G1 X42.024 Y-30.878 E2.79868
G1 X42.439 Y-30.746 E2.81963
G1 X42.93 Y-30.463 E2.84689
G1 X43.084 Y-30.333 E2.85658
G1 X43.448 Y-29.899 E2.88382
G1 X43.548 Y-29.725 E2.89347
G1 X43.742 Y-29.193 E2.92071
G1 X43.777 Y-28.995 E2.93038
G1 X43.777 Y-28.428 E2.95765
G1 X43.742 Y-28.23 E2.96732
G1 X43.548 Y-27.697 E2.9946
G1 X43.448 Y-27.523 E3.00425
G1 X43.084 Y-27.089 E3.03149
G1 X42.93 Y-26.96 E3.04115
G1 X42.439 Y-26.676 E3.06843
G1 X42.25 Y-26.608 E3.07809
G1 X41.692 Y-26.509 E3.10535
G1 X41.491 Y-26.509 E3.11502
G1 X40.933 Y-26.608 E3.14228
G1 X40.744 Y-26.676 E3.15194
G1 X40.249 Y-26.962 E3.17944
G1 X40.099 Y-27.089 E3.18889
G1 X39.735 Y-27.523 E3.21613
G1 X39.634 Y-27.697 E3.22581
G1 X39.44 Y-28.23 E3.25309
G1 X39.405 Y-28.428 E3.26276
G1 X39.405 Y-28.995 E3.29003
G1 X39.44 Y-29.193 E3.2997
G1 X39.634 Y-29.725 E3.32694
G1 X39.734 Y-29.899 E3.33659
G1 X40.099 Y-30.333 E3.36386
G1 X40.253 Y-30.463 E3.37355
G1 X40.744 Y-30.746 E3.40081
G1 X41.46 Y-30.91 E3.43614
G1 X41.531 Y-30.906 E3.43956
G1 X41.591 Y-30.527 F7200
;TYPE:External perimeter
G1 F1200
G1 X41.924 Y-30.505 E3.45561
G1 X42.246 Y-30.412 E3.47173
G1 X42.737 Y-30.129 E3.49899
G1 X43.153 Y-29.651 E3.52947
G1 X43.38 Y-29.061 E3.55987
G1 X43.392 Y-28.428 E3.59032
G1 X43.186 Y-27.829 E3.62079
G1 X42.788 Y-27.337 E3.65123
G1 X42.246 Y-27.01 E3.68168
G1 X41.625 Y-26.889 E3.71211
G1 X40.999 Y-26.987 E3.74259
G1 X40.446 Y-27.294 E3.77301
G1 X40.03 Y-27.771 E3.80345
G1 X39.803 Y-28.362 E3.8339
G1 X39.791 Y-28.995 E3.86435
G1 X39.996 Y-29.593 E3.89475
G1 X40.394 Y-30.086 E3.92522
G1 X40.937 Y-30.412 E3.95568
G1 X41.529 Y-30.531 E3.98472
G1 X41.531 Y-30.531 E3.98482
G1 X41.93 Y-30.492 F7200
G1 E1.98482 F2400
G92 E0
G1 Z2.65 F7200
G1 X33.103 Y19.166
G1 Z.65
G1 E2 F2400
;TYPE:Perimeter
G1 F1200
G1 X33.12 Y19.067 E2.00483
G1 X33.314 Y18.535 E2.03207
G1 X33.414 Y18.361 E2.04172
G1 X33.779 Y17.927 E2.06899
G1 X33.919 Y17.805 E2.07792
G1 X34.424 Y17.514 E2.10595
G1 X34.61 Y17.446 E2.11548
G1 X35.14 Y17.35 E2.14139
G1 X35.704 Y17.382 E2.16856
G1 X36.119 Y17.514 E2.18951
G1 X36.61 Y17.797 E2.21677
G1 X36.764 Y17.927 E2.22646
G1 X37.128 Y18.361 E2.2537
G1 X37.228 Y18.535 E2.26335
G1 X37.422 Y19.067 E2.29059
G1 X37.457 Y19.265 E2.30026
G1 X37.457 Y19.832 E2.32753
G1 X37.422 Y20.03 E2.3372
G1 X37.228 Y20.563 E2.36448
G1 X37.128 Y20.737 E2.37413
G1 X36.764 Y21.171 E2.40137
G1 X36.61 Y21.3 E2.41103
G1 X36.119 Y21.584 E2.43831
G1 X35.694 Y21.694 E2.45942
G1 X35.171 Y21.751 E2.48472
G1 X34.613 Y21.652 E2.51198
G1 X34.424 Y21.584 E2.52164
G1 X33.933 Y21.3 E2.54892
G1 X33.779 Y21.171 E2.55858
G1 X33.415 Y20.737 E2.58582
G1 X33.314 Y20.563 E2.5955
G1 X33.12 Y20.03 E2.62278
G1 X33.085 Y19.832 E2.63245
G1 X33.085 Y19.265 E2.65972
G1 X33.092 Y19.225 E2.66167
G1 X33.482 Y19.233 F7200
;TYPE:External perimeter
G1 F1200
G1 X33.676 Y18.667 E2.69045
G1 X34.047 Y18.207 E2.71887
G1 X34.617 Y17.848 E2.75127
G1 X35.11 Y17.747 E2.77547
G1 X35.568 Y17.749 E2.7975
G1 X35.926 Y17.848 E2.81536
G1 X36.417 Y18.131 E2.84262
G1 X36.833 Y18.609 E2.8731
G1 X37.06 Y19.199 E2.9035
G1 X37.072 Y19.832 E2.93395
G1 X36.866 Y20.431 E2.96442
G1 X36.417 Y20.966 E2.99801
G1 X35.926 Y21.25 E3.02529
G1 X35.238 Y21.371 E3.05889
G1 X34.679 Y21.273 E3.08619
G1 X34.126 Y20.966 E3.11661
G1 X33.71 Y20.489 E3.14705
G1 X33.483 Y19.898 E3.1775
G1 X33.471 Y19.291 E3.2067
G1 X33.594 Y18.91 F7200
G1 E1.2067 F2400
G92 E0
G1 Z2.65 F7200
G1 X37.775 Y20.073
G1 Z.65
G1 E2 F2400
;TYPE:Perimeter
;WIDTH:0.417431
G1 F1200
G1 X37.827 Y19.265 E2.03565
G1 E.03565 F2400
G92 E0
G1 Z2.65 F7200
G1 X38.061 Y22.519
G1 Z.65
G1 E2 F2400
;WIDTH:0.45
G1 F3600
G1 X38.016 Y22.456 E2.00372
G1 X37.772 Y21.821 E2.03644
G1 X37.711 Y21.538 E2.05036
G1 X37.673 Y20.93 E2.07966
G1 X37.716 Y20.541 E2.09848
;WIDTH:0.421038
G1 X37.759 Y20.153 E2.11585
G1 X37.675 Y20.424 E2.12847
;WIDTH:0.45
G1 X37.591 Y20.695 E2.14212
G1 X37.423 Y20.985 E2.15824
G1 X37.059 Y21.419 E2.18548
G1 X36.802 Y21.634 E2.2016
G1 X36.312 Y21.918 E2.22884
G1 X35.997 Y22.032 E2.24495
G1 X35.438 Y22.131 E2.27225
G1 X35.104 Y22.13 E2.28831
G1 X34.546 Y22.032 E2.31556
G1 X34.231 Y21.918 E2.33167
G1 X33.74 Y21.634 E2.35895
G1 X33.483 Y21.419 E2.37507
G1 X33.119 Y20.985 E2.40231
G1 X32.952 Y20.695 E2.41841
G1 X32.758 Y20.162 E2.44569
G1 X32.7 Y19.832 E2.46181
G1 X32.7 Y19.265 E2.48908
G1 X32.758 Y18.936 E2.50515
G1 X32.952 Y18.403 E2.53243
G1 X33.119 Y18.113 E2.54853
G1 X33.483 Y17.679 E2.57577
G1 X33.717 Y17.477 E2.59064
G1 X34.231 Y17.18 E2.61919
G1 X34.541 Y17.066 E2.63508
G1 X35.071 Y16.97 E2.66099
G1 X35.623 Y16.98 E2.68754
G1 X36.079 Y17.084 E2.71004
G1 X36.802 Y17.463 E2.7493
G1 X37.059 Y17.679 E2.76545
G1 X37.423 Y18.113 E2.79269
G1 X37.591 Y18.403 E2.80881
G1 X37.782 Y18.936 E2.83604
;WIDTH:0.445103
G1 X37.827 Y19.265 E2.85181
;WIDTH:0.45
G1 X37.89 Y18.364 E2.89525
G1 X39.587 Y-.678 E3.81473
G1 X39.69 Y-1.225 E3.8415
G1 X39.857 Y-1.676 E3.86463
G1 X40.094 Y-2.094 E3.88774
G1 X40.395 Y-2.468 E3.91083
G1 X40.753 Y-2.79 E3.93399
G1 X41.157 Y-3.05 E3.9571
G1 X41.597 Y-3.243 E3.98021
G1 X42.062 Y-3.362 E4.0033
G1 X42.603 Y-3.401 E4.02939
G1 X43.141 Y-3.342 E4.05542
G1 X43.756 Y-3.158 E4.08629
G1 X44.214 Y-2.914 E4.11125
G1 X44.705 Y-2.512 E4.14177
G1 X45.014 Y-2.143 E4.16492
G1 X45.259 Y-1.73 E4.18802
G1 X45.436 Y-1.283 E4.21114
G1 X45.538 Y-.814 E4.23422
G1 X45.567 Y-.413 E4.25356
G1 X45.567 Y21.05 E5.28586
G1 X45.456 Y21.828 E5.32366
G1 X45.273 Y22.34 E5.34981
G1 X44.948 Y22.869 E5.37967
G1 X44.634 Y23.219 E5.40229
G1 X44.269 Y23.515 E5.42489
G1 X43.863 Y23.75 E5.44745
G1 X43.366 Y23.931 E5.47289
G1 X42.649 Y24.045 E5.50781
G1 X40.658 Y24.045 E5.60357
G1 X40.067 Y23.978 E5.63218
G1 X39.484 Y23.797 E5.66154
G1 X39.223 Y23.67 E5.6755
G1 X38.72 Y23.323 E5.70489
G1 X38.361 Y22.937 E5.73024
G1 X38.096 Y22.567 E5.75213
G1 X38.401 Y22.326 F7200
G1 F3600
G1 X38.202 Y21.866 E5.77624
G1 X38.096 Y21.514 E5.79392
G1 X38.058 Y20.906 E5.82322
G1 X39.971 Y-.644 E6.86378
G1 X40.055 Y-1.101 E6.88613
G1 X40.197 Y-1.494 E6.90623
G1 X40.401 Y-1.86 E6.92638
G1 X40.661 Y-2.189 E6.94655
G1 X40.97 Y-2.471 E6.96667
G1 X41.32 Y-2.701 E6.98681
G1 X41.702 Y-2.872 E7.00694
G1 X42.107 Y-2.979 E7.02709
G1 X42.561 Y-3.017 E7.049
G1 X43.099 Y-2.959 E7.07503
G1 X43.633 Y-2.793 E7.10193
G1 X44.097 Y-2.528 E7.12763
G1 X44.416 Y-2.257 E7.14776
G1 X44.687 Y-1.938 E7.16789
G1 X44.904 Y-1.58 E7.18802
G1 X45.061 Y-1.191 E7.2082
G1 X45.154 Y-.783 E7.22833
G1 X45.182 Y-.413 E7.24618
G1 X45.182 Y21.05 E8.27848
G1 X45.075 Y21.767 E8.31335
G1 X44.875 Y22.274 E8.33956
G1 X44.655 Y22.619 E8.35924
G1 X44.384 Y22.926 E8.37894
G1 X44.068 Y23.186 E8.39862
G1 X43.715 Y23.394 E8.41833
G1 X43.29 Y23.553 E8.44015
G1 X42.618 Y23.659 E8.47287
G1 X40.658 Y23.659 E8.56714
G1 X40.182 Y23.61 E8.59015
G1 X39.599 Y23.429 E8.61951
G1 X38.939 Y23.006 E8.65721
G1 X38.435 Y22.406 E8.6949
G1 X38.424 Y22.381 E8.69621
G1 X38.728 Y22.141 F7200
;TYPE:External perimeter
G1 F1800
G1 X38.493 Y21.547 E8.72693
G1 X38.451 Y21.022 E8.75226
G1 X38.5 Y20.219 E8.79095
G1 X40.355 Y-.61 E9.79672
G1 X40.419 Y-.976 E9.81459
G1 X40.537 Y-1.313 E9.83176
G1 X40.708 Y-1.626 E9.84891
G1 X40.926 Y-1.909 E9.86609
G1 X41.187 Y-2.153 E9.88327
G1 X41.483 Y-2.352 E9.90042
G1 X41.808 Y-2.501 E9.91762
G1 X42.152 Y-2.596 E9.93478
G1 X42.519 Y-2.634 E9.95253
G1 X43.057 Y-2.575 E9.97856
G1 X43.545 Y-2.411 E10.00332
G1 X43.852 Y-2.23 E10.02046
G1 X44.127 Y-2.002 E10.03764
G1 X44.361 Y-1.732 E10.05482
G1 X44.549 Y-1.429 E10.07197
G1 X44.687 Y-1.099 E10.08917
G1 X44.77 Y-.752 E10.10633
G1 X44.796 Y-.413 E10.12268
G1 X44.796 Y21.05 E11.15498
G1 X44.694 Y21.707 E11.18696
G1 X44.546 Y22.072 E11.2059
G1 X44.362 Y22.369 E11.2227
G1 X44.133 Y22.632 E11.23947
G1 X43.867 Y22.857 E11.25623
G1 X43.568 Y23.038 E11.27304
G1 X43.229 Y23.172 E11.29057
G1 X42.588 Y23.274 E11.32179
G1 X40.658 Y23.274 E11.41462
G1 X40.297 Y23.242 E11.43205
G1 X39.713 Y23.06 E11.46147
G1 X39.158 Y22.688 E11.49361
G1 X38.758 Y22.192 E11.52426
G1 X38.603 Y21.823 F7200
G1 E9.52426 F2400
G92 E0
G1 Z2.65 F7200
G1 X-2.593 Y.363
G1 Z.65
G1 E2 F2400
;TYPE:Perimeter
G1 F3600
G1 X-2.553 Y.344 E2.00213
G1 X-1.914 Y.193 E2.03371
G1 X-1.537 Y.156 E2.05193
G1 X-.909 Y.212 E2.08225
G1 X-.619 Y.285 E2.09663
G1 X-.039 Y.53 E2.12691
G1 X17.608 Y11.503 E3.12637
G1 X18.088 Y11.885 E3.15587
G1 X18.441 Y12.299 E3.18204
G1 X18.765 Y12.858 E3.21312
G1 X18.931 Y13.353 E3.23823
G1 X19.011 Y13.986 E3.26892
G1 X18.981 Y14.468 E3.29215
G1 X18.874 Y14.94 E3.31543
G1 X18.62 Y15.513 E3.34558
G1 X18.441 Y15.8 E3.36185
G1 X18.126 Y16.167 E3.38511
G1 X17.757 Y16.479 E3.40835
G1 X17.342 Y16.727 E3.4316
G1 X16.893 Y16.905 E3.45483
G1 X16.421 Y17.008 E3.47807
G1 X16.018 Y17.038 E3.49751
G1 X-19.904 Y17.024 E5.22523
G1 X-20.465 Y16.969 E5.25234
G1 X-20.935 Y16.838 E5.27581
G1 X-21.377 Y16.633 E5.29924
G1 X-21.78 Y16.359 E5.32268
G1 X-22.134 Y16.024 E5.34612
G1 X-22.428 Y15.635 E5.36957
G1 X-22.655 Y15.204 E5.393
G1 X-22.809 Y14.742 E5.41642
G1 X-22.886 Y14.198 E5.44285
G1 X-22.862 Y13.649 E5.46928
G1 X-22.716 Y13.014 E5.50062
G1 X-22.497 Y12.536 E5.52591
G1 X-22.118 Y12.015 E5.5569
G1 X-21.762 Y11.683 E5.58031
G1 X-21.427 Y11.45 E5.59994
G1 X-3.012 Y.564 E6.62882
G1 X-2.647 Y.389 E6.64829
G1 X-2.448 Y.728 F7200
G1 F3600
G1 X-2.366 Y.691 E6.65262
G1 X-1.751 Y.552 E6.68295
G1 X-.995 Y.592 E6.71936
G1 X-.769 Y.64 E6.73047
G1 X-.19 Y.885 E6.76071
G1 X17.402 Y11.828 E7.75716
G1 X17.795 Y12.136 E7.78118
G1 X18.148 Y12.549 E7.80731
G1 X18.425 Y13.039 E7.83438
G1 X18.581 Y13.553 E7.86022
G1 X18.626 Y13.972 E7.88049
G1 X18.603 Y14.393 E7.90077
G1 X18.513 Y14.804 E7.92101
G1 X18.286 Y15.321 E7.94817
G1 X17.935 Y15.811 E7.97716
G1 X17.551 Y16.153 E8.00189
G1 X17.191 Y16.372 E8.02216
G1 X16.801 Y16.531 E8.04242
G1 X16.39 Y16.624 E8.06269
G1 X16.018 Y16.652 E8.08063
G1 X-19.903 Y16.639 E9.80831
G1 X-20.372 Y16.595 E9.83097
G1 X-20.782 Y16.484 E9.8514
G1 X-21.169 Y16.309 E9.87183
G1 X-21.522 Y16.073 E9.89225
G1 X-21.832 Y15.783 E9.91267
G1 X-22.091 Y15.446 E9.93311
G1 X-22.292 Y15.072 E9.95353
G1 X-22.43 Y14.671 E9.97393
G1 X-22.5 Y14.214 E9.99617
G1 X-22.477 Y13.666 E10.02255
G1 X-22.343 Y13.115 E10.04982
G1 X-22.103 Y12.629 E10.07589
G1 X-21.847 Y12.29 E10.09632
G1 X-21.539 Y11.997 E10.11677
G1 X-21.231 Y11.782 E10.13484
G1 X-2.816 Y.896 E11.16372
G1 X-2.503 Y.753 E11.18027
G1 X-2.308 Y1.08 F7200
;TYPE:External perimeter
G1 F1800
G1 X-2.281 Y1.067 E11.18171
G1 X-1.666 Y.928 E11.21204
G1 X-1.03 Y.976 E11.24272
G1 X-.35 Y1.236 E11.27773
G1 X17.196 Y12.154 E12.27167
G1 X17.502 Y12.386 E12.29014
G1 X17.855 Y12.8 E12.31631
G1 X18.099 Y13.256 E12.34118
G1 X18.198 Y13.602 E12.35849
G1 X18.24 Y13.958 E12.37573
G1 X18.225 Y14.317 E12.39301
G1 X18.152 Y14.668 E12.41025
G1 X17.951 Y15.129 E12.43444
G1 X17.636 Y15.568 E12.46043
G1 X17.344 Y15.827 E12.4792
G1 X17.039 Y16.017 E12.49648
G1 X16.708 Y16.156 E12.51375
G1 X16.359 Y16.24 E12.53102
G1 X16.018 Y16.267 E12.54747
G1 X-19.903 Y16.253 E14.27515
G1 X-20.278 Y16.221 E14.29325
G1 X-20.629 Y16.13 E14.31069
G1 X-20.96 Y15.984 E14.32809
G1 X-21.264 Y15.787 E14.34551
G1 X-21.531 Y15.542 E14.36294
G1 X-21.755 Y15.258 E14.38034
G1 X-21.93 Y14.941 E14.39776
G1 X-22.051 Y14.599 E14.41521
G1 X-22.115 Y14.231 E14.43318
G1 X-22.092 Y13.682 E14.45961
G1 X-21.957 Y13.178 E14.48471
G1 X-21.792 Y12.856 E14.50211
G1 X-21.576 Y12.565 E14.51954
G1 X-21.317 Y12.312 E14.53695
G1 X-21.035 Y12.114 E14.55352
G1 X-2.62 Y1.228 E15.5824
G1 X-2.362 Y1.106 E15.59613
G1 X-1.976 Y1.001 F7200
G1 E13.59613 F2400
G92 E0
G1 Z2.65 F7200
G1 X-38.03 Y17.572
G1 Z.65
G1 E2 F2400
;TYPE:Perimeter
G1 F1200
G1 X-37.94 Y17.635 E2.00528
G1 X-37.537 Y18.113 E2.03535
G1 X-37.369 Y18.403 E2.05147
G1 X-37.175 Y18.936 E2.07875
G1 X-37.117 Y19.265 E2.09482
G1 X-37.117 Y19.832 E2.12209
G1 X-37.175 Y20.162 E2.13821
G1 X-37.369 Y20.695 E2.16549
G1 X-37.537 Y20.985 E2.18161
G1 X-37.901 Y21.419 E2.20885
G1 X-38.158 Y21.634 E2.22497
G1 X-38.648 Y21.918 E2.25221
G1 X-38.963 Y22.032 E2.26832
G1 X-39.522 Y22.131 E2.29562
G1 X-39.856 Y22.13 E2.31168
G1 X-40.414 Y22.032 E2.33893
G1 X-40.729 Y21.918 E2.35504
G1 X-41.22 Y21.634 E2.38232
G1 X-41.477 Y21.419 E2.39844
G1 X-41.841 Y20.985 E2.42568
G1 X-42.008 Y20.695 E2.44178
G1 X-42.202 Y20.162 E2.46906
G1 X-42.26 Y19.832 E2.48518
G1 X-42.26 Y19.265 E2.51245
G1 X-42.202 Y18.936 E2.52852
G1 X-42.008 Y18.403 E2.5558
G1 X-41.841 Y18.113 E2.5719
G1 X-41.477 Y17.679 E2.59914
G1 X-41.22 Y17.463 E2.61529
G1 X-40.729 Y17.18 E2.64255
G1 X-40.419 Y17.066 E2.65844
G1 X-39.889 Y16.97 E2.68435
G1 X-39.337 Y16.98 E2.7109
G1 X-38.809 Y17.106 E2.73701
G1 X-38.319 Y17.37 E2.76378
G1 X-38.08 Y17.537 E2.7778
G1 X-38.273 Y17.862 F7200
G1 F1200
G1 X-38.196 Y17.927 E2.78265
G1 X-37.832 Y18.361 E2.80989
G1 X-37.654 Y18.747 E2.83033
G1 X-37.504 Y19.229 E2.85461
G1 X-37.503 Y19.758 E2.88005
G1 X-37.538 Y20.03 E2.89324
G1 X-37.732 Y20.563 E2.92052
G1 X-37.832 Y20.737 E2.93017
G1 X-38.196 Y21.171 E2.95741
G1 X-38.35 Y21.3 E2.96707
G1 X-38.841 Y21.584 E2.99435
G1 X-39.03 Y21.652 E3.00401
G1 X-39.589 Y21.751 E3.03131
G1 X-39.789 Y21.751 E3.04093
G1 X-40.348 Y21.652 E3.06823
G1 X-40.536 Y21.584 E3.07785
G1 X-41.027 Y21.3 E3.10513
G1 X-41.181 Y21.171 E3.11479
G1 X-41.545 Y20.737 E3.14203
G1 X-41.717 Y20.368 E3.16161
G1 X-41.875 Y19.847 E3.1878
G1 X-41.875 Y19.265 E3.21579
G1 X-41.84 Y19.067 E3.22546
G1 X-41.646 Y18.535 E3.2527
G1 X-41.545 Y18.361 E3.26238
G1 X-41.181 Y17.927 E3.28962
G1 X-41.027 Y17.797 E3.29931
G1 X-40.536 Y17.514 E3.32657
G1 X-39.82 Y17.35 E3.3619
G1 X-39.293 Y17.374 E3.38727
G1 X-38.841 Y17.514 E3.41003
G1 X-38.35 Y17.797 E3.43729
G1 X-38.319 Y17.823 E3.43924
G1 X-38.521 Y18.157 F7200
;TYPE:External perimeter
G1 F1200
G1 X-38.127 Y18.609 E3.46808
G1 X-37.905 Y19.185 E3.49777
G1 X-37.888 Y19.758 E3.52534
G1 X-37.9 Y19.898 E3.5321
G1 X-38.094 Y20.431 E3.55938
G1 X-38.492 Y20.923 E3.58982
G1 X-39.034 Y21.25 E3.62027
G1 X-39.655 Y21.371 E3.6507
G1 X-40.281 Y21.273 E3.68118
G1 X-40.834 Y20.966 E3.7116
G1 X-41.25 Y20.489 E3.74204
G1 X-41.489 Y19.832 E3.77567
G1 X-41.489 Y19.265 E3.80294
G1 X-41.284 Y18.667 E3.83334
G1 X-40.886 Y18.174 E3.86381
G1 X-40.343 Y17.848 E3.89427
G1 X-39.751 Y17.729 E3.92331
G1 X-39.356 Y17.755 E3.94235
G1 X-39.034 Y17.848 E3.95847
G1 X-38.565 Y18.119 E3.98452
G1 X-38.297 Y18.415 F7200
G1 E1.98452 F2400
G92 E0
G1 Z2.65 F7200
G1 X-37.027 Y11.89
G1 Z.65
G1 E2 F2400
;TYPE:Perimeter
G1 F3600
G1 X-37.082 Y11.799 E2.00511
G1 X-37.268 Y11.389 E2.02676
G1 X-37.382 Y10.924 E2.04979
G1 X-37.422 Y10.524 E2.06912
G1 X-38.166 Y-17.746 E3.42928
G1 X-38.079 Y-18.511 E3.46631
G1 X-37.997 Y-18.794 E3.48048
G1 X-37.734 Y-19.359 E3.51045
G1 X-37.57 Y-19.605 E3.52467
G1 X-37.149 Y-20.064 E3.55463
G1 X-36.918 Y-20.248 E3.56883
G1 X-36.377 Y-20.558 E3.59882
G1 X-36.101 Y-20.664 E3.61304
G1 X-35.492 Y-20.795 E3.643
G1 X-35.198 Y-20.812 E3.65716
G1 X-34.578 Y-20.753 E3.68711
G1 X-34.173 Y-20.63 E3.70747
G1 X-33.701 Y-20.428 E3.73216
G1 X-10.081 Y-5.735 E5.07006
G1 X-9.604 Y-5.352 E5.09948
G1 X-9.194 Y-4.866 E5.13006
G1 X-8.926 Y-4.39 E5.15633
G1 X-8.739 Y-3.797 E5.18624
G1 X-8.681 Y-3.33 E5.20887
G1 X-8.697 Y-2.86 E5.23149
G1 X-8.786 Y-2.398 E5.25412
G1 X-8.947 Y-1.956 E5.27675
G1 X-9.175 Y-1.544 E5.2994
G1 X-9.464 Y-1.173 E5.32202
G1 X-9.808 Y-.852 E5.34465
G1 X-10.131 Y-.626 E5.36361
G1 X-32.887 Y13.015 E6.63968
G1 X-33.389 Y13.253 E6.6664
G1 X-33.851 Y13.382 E6.68947
G1 X-34.327 Y13.437 E6.71252
G1 X-34.866 Y13.401 E6.7385
G1 X-35.39 Y13.27 E6.76448
G1 X-35.974 Y13.004 E6.79534
G1 X-36.394 Y12.701 E6.82025
G1 X-36.846 Y12.185 E6.85324
G1 X-36.996 Y11.941 E6.86702
G1 X-36.684 Y11.699 F7200
G1 F3600
G1 X-36.854 Y11.396 E6.88373
G1 X-36.999 Y10.883 E6.90937
G1 X-37.036 Y10.514 E6.92721
G1 X-37.78 Y-17.756 E8.28737
G1 X-37.696 Y-18.462 E8.32157
G1 X-37.385 Y-19.197 E8.35996
G1 X-37.065 Y-19.585 E8.38415
G1 X-36.726 Y-19.914 E8.40687
G1 X-36.185 Y-20.223 E8.43684
G1 X-35.442 Y-20.411 E8.4737
G1 X-35.234 Y-20.428 E8.48374
G1 X-34.614 Y-20.369 E8.51369
G1 X-34.027 Y-20.148 E8.54386
G1 X-33.357 Y-19.77 E8.58086
G1 X-10.288 Y-5.409 E9.88783
G1 X-9.899 Y-5.104 E9.9116
G1 X-9.489 Y-4.617 E9.94222
G1 X-9.237 Y-4.133 E9.96847
G1 X-9.12 Y-3.74 E9.98819
G1 X-9.067 Y-3.333 E10.00793
G1 X-9.077 Y-2.924 E10.02761
G1 X-9.152 Y-2.52 E10.04737
G1 X-9.289 Y-2.134 E10.06707
G1 X-9.484 Y-1.774 E10.08676
G1 X-9.734 Y-1.449 E10.10648
G1 X-10.032 Y-1.167 E10.12621
G1 X-10.329 Y-.957 E10.1437
G1 X-33.085 Y12.684 E11.41977
G1 X-33.503 Y12.884 E11.44206
G1 X-33.904 Y13 E11.46214
G1 X-34.319 Y13.051 E11.48225
G1 X-34.773 Y13.027 E11.50412
G1 X-35.297 Y12.896 E11.5301
G1 X-35.802 Y12.659 E11.55693
G1 X-36.224 Y12.336 E11.58249
G1 X-36.547 Y11.941 E11.60703
G1 X-36.654 Y11.751 E11.61752
G1 X-36.356 Y11.517 F7200
;TYPE:External perimeter
G1 F1800
G1 X-36.524 Y11.186 E11.63537
G1 X-36.615 Y10.842 E11.65248
G1 X-36.651 Y10.504 E11.66883
G1 X-37.395 Y-17.766 E13.02899
G1 X-37.314 Y-18.413 E13.06035
G1 X-37.035 Y-19.034 E13.09309
G1 X-36.581 Y-19.542 E13.12586
G1 X-35.993 Y-19.889 E13.1587
G1 X-35.36 Y-20.034 E13.18993
G1 X-34.651 Y-19.985 E13.22411
G1 X-34.178 Y-19.794 E13.24864
G1 X-33.561 Y-19.442 E13.28281
G1 X-10.494 Y-5.083 E14.58964
G1 X-10.194 Y-4.856 E14.60773
G1 X-9.784 Y-4.369 E14.63835
G1 X-9.605 Y-4.017 E14.65734
G1 X-9.502 Y-3.683 E14.67415
G1 X-9.454 Y-3.088 E14.70286
G1 X-9.517 Y-2.643 E14.72448
G1 X-9.631 Y-2.312 E14.74132
G1 X-9.794 Y-2.003 E14.75812
G1 X-10.004 Y-1.724 E14.77492
G1 X-10.255 Y-1.481 E14.79172
G1 X-10.527 Y-1.288 E14.80776
G1 X-33.284 Y12.353 E16.08387
G1 X-33.616 Y12.516 E16.10166
G1 X-33.958 Y12.619 E16.11884
G1 X-34.311 Y12.666 E16.13597
G1 X-34.679 Y12.653 E16.15368
G1 X-35.203 Y12.522 E16.17966
G1 X-35.663 Y12.293 E16.20437
G1 X-35.95 Y12.063 E16.22206
G1 X-36.292 Y11.644 E16.24807
G1 X-36.329 Y11.57 E16.25205
G1 X-36.505 Y11.211 F7200
G1 E14.25205 F2400
G92 E0
G1 Z2.65 F7200
G1 X-38.542 Y-27.832
G1 Z.65
G1 E2 F2400
;TYPE:Perimeter
G1 F1200
G1 X-38.639 Y-27.565 E2.01366
G1 X-38.807 Y-27.275 E2.02978
G1 X-39.171 Y-26.841 E2.05702
G1 X-39.428 Y-26.626 E2.07314
G1 X-39.921 Y-26.341 E2.10053
G1 X-40.233 Y-26.228 E2.11649
G1 X-40.791 Y-26.13 E2.14374
G1 X-41.126 Y-26.13 E2.15985
G1 X-41.684 Y-26.228 E2.1871
G1 X-41.999 Y-26.342 E2.20321
G1 X-42.49 Y-26.626 E2.23049
G1 X-42.792 Y-26.895 E2.24994
G1 X-43.111 Y-27.275 E2.2738
G1 X-43.278 Y-27.565 E2.2899
G1 X-43.472 Y-28.098 E2.31718
G1 X-43.53 Y-28.428 E2.3333
G1 X-43.53 Y-28.995 E2.36057
G1 X-43.472 Y-29.324 E2.37664
G1 X-43.278 Y-29.857 E2.40392
G1 X-43.111 Y-30.147 E2.42002
G1 X-42.747 Y-30.581 E2.44726
G1 X-42.49 Y-30.797 E2.46341
G1 X-41.999 Y-31.08 E2.49067
G1 X-41.689 Y-31.194 E2.50656
G1 X-41.153 Y-31.291 E2.53276
G1 X-40.607 Y-31.28 E2.55903
G1 X-40.151 Y-31.176 E2.58153
G1 X-39.428 Y-30.797 E2.62079
G1 X-39.171 Y-30.581 E2.63694
G1 X-38.807 Y-30.147 E2.66418
G1 X-38.639 Y-29.857 E2.6803
G1 X-38.445 Y-29.324 E2.70758
G1 X-38.387 Y-28.995 E2.72365
G1 X-38.387 Y-28.428 E2.75092
G1 X-38.445 Y-28.098 E2.76704
G1 X-38.522 Y-27.888 E2.7778
G1 X-38.905 Y-27.964 F7200
G1 F1200
G1 X-39.002 Y-27.697 E2.79146
G1 X-39.102 Y-27.523 E2.80111
G1 X-39.466 Y-27.089 E2.82835
G1 X-39.62 Y-26.96 E2.83801
G1 X-40.113 Y-26.675 E2.8654
G1 X-40.567 Y-26.561 E2.88791
G1 X-41.059 Y-26.509 E2.91171
G1 X-41.617 Y-26.608 E2.93897
G1 X-41.806 Y-26.676 E2.94863
G1 X-42.297 Y-26.96 E2.97591
G1 X-42.496 Y-27.143 E2.98891
G1 X-42.815 Y-27.523 E3.01277
G1 X-42.957 Y-27.81 E3.02817
G1 X-43.13 Y-28.3 E3.05316
G1 X-43.145 Y-28.995 E3.08659
G1 X-43.11 Y-29.193 E3.09626
G1 X-42.916 Y-29.725 E3.1235
G1 X-42.815 Y-29.899 E3.13318
G1 X-42.451 Y-30.333 E3.16042
G1 X-42.297 Y-30.463 E3.17011
G1 X-41.806 Y-30.746 E3.19737
G1 X-41.09 Y-30.91 E3.2327
G1 X-40.526 Y-30.878 E3.25987
G1 X-40.111 Y-30.746 E3.28082
G1 X-39.62 Y-30.463 E3.30808
G1 X-39.466 Y-30.333 E3.31777
G1 X-39.102 Y-29.899 E3.34501
G1 X-39.002 Y-29.725 E3.35466
G1 X-38.808 Y-29.193 E3.3819
G1 X-38.773 Y-28.995 E3.39157
G1 X-38.773 Y-28.428 E3.41884
G1 X-38.808 Y-28.23 E3.42851
G1 X-38.884 Y-28.02 E3.43925
G1 X-39.272 Y-28.097 F7200
;TYPE:External perimeter
G1 F1200
G1 X-39.364 Y-27.829 E3.45288
G1 X-39.742 Y-27.361 E3.48181
G1 X-40.304 Y-27.01 E3.51368
G1 X-40.925 Y-26.889 E3.54411
G1 X-41.517 Y-26.982 E3.57293
G1 X-42.104 Y-27.294 E3.6049
G1 X-42.52 Y-27.771 E3.63534
G1 X-42.747 Y-28.362 E3.66579
G1 X-42.759 Y-28.995 E3.69624
G1 X-42.554 Y-29.593 E3.72664
G1 X-42.156 Y-30.086 E3.75711
G1 X-41.613 Y-30.412 E3.78757
G1 X-41.021 Y-30.531 E3.81661
G1 X-40.626 Y-30.505 E3.83565
G1 X-40.304 Y-30.412 E3.85177
G1 X-39.813 Y-30.129 E3.87903
G1 X-39.397 Y-29.651 E3.90951
G1 X-39.17 Y-29.061 E3.93991
G1 X-39.158 Y-28.428 E3.97036
G1 X-39.252 Y-28.154 E3.98429
G1 X-39.415 Y-27.789 F7200
G1 E1.98429 F2400
G92 E0
G1 Z2.65 F7200
G1 X-43.702 Y20.812
G1 Z.65
G1 E2 F2400
;TYPE:Perimeter
G1 F3600
G1 X-43.718 Y20.965 E2.0074
G1 X-43.831 Y21.333 E2.02592
G1 X-43.988 Y21.608 E2.04115
G1 X-44.314 Y22.008 E2.06597
G1 X-44.659 Y22.27 E2.08681
G1 X-45.199 Y22.484 E2.11475
G1 X-45.5 Y22.532 E2.12941
G1 X-51.93 Y22.545 E2.43867
G1 X-52.438 Y22.471 E2.46336
G1 X-52.93 Y22.276 E2.48881
G1 X-53.339 Y21.951 E2.51394
G1 X-53.554 Y21.694 E2.53006
G1 X-53.82 Y21.185 E2.55768
G1 X-53.925 Y20.55 E2.58864
G1 X-53.925 Y-22.753 E4.67136
G1 X-53.851 Y-23.26 E4.696
G1 X-53.626 Y-23.8 E4.72414
G1 X-53.246 Y-24.251 E4.7525
G1 X-52.764 Y-24.556 E4.77993
G1 X-52.45 Y-24.671 E4.79601
G1 X-51.93 Y-24.747 E4.82129
G1 X-46.803 Y-24.747 E5.06788
G1 X-46.303 Y-24.676 E5.09217
G1 X-45.736 Y-24.435 E5.1218
G1 X-45.314 Y-24.077 E5.14842
G1 X-45.025 Y-23.637 E5.17374
G1 X-44.896 Y-23.314 E5.19047
G1 X-44.808 Y-22.805 E5.21531
G1 X-43.669 Y20.498 E7.29875
G1 X-43.696 Y20.752 E7.31104
G1 X-44.079 Y20.762 F7200
G1 F3600
G1 X-44.088 Y20.853 E7.31544
G1 X-44.258 Y21.326 E7.33961
G1 X-44.579 Y21.724 E7.3642
G1 X-44.87 Y21.948 E7.38186
G1 X-45.426 Y22.146 E7.41025
G1 X-51.929 Y22.159 E7.72302
G1 X-52.306 Y22.109 E7.74131
G1 X-52.736 Y21.943 E7.76348
G1 X-53.165 Y21.581 E7.79048
G1 X-53.427 Y21.137 E7.81528
G1 X-53.539 Y20.55 E7.84402
G1 X-53.539 Y-22.753 E9.92674
G1 X-53.489 Y-23.128 E9.94494
G1 X-53.305 Y-23.587 E9.96872
G1 X-52.936 Y-24.007 E9.99561
G1 X-52.449 Y-24.275 E10.02235
G1 X-51.93 Y-24.362 E10.04766
G1 X-46.803 Y-24.362 E10.29425
G1 X-46.433 Y-24.313 E10.3122
G1 X-45.96 Y-24.121 E10.33675
G1 X-45.554 Y-23.754 E10.36307
G1 X-45.292 Y-23.307 E10.38799
G1 X-45.195 Y-22.815 E10.41211
G1 X-44.054 Y20.508 E12.49652
G1 X-44.073 Y20.702 E12.5059
G1 X-44.455 Y20.711 F7200
;TYPE:External perimeter
G1 F1800
G1 X-44.457 Y20.742 E12.50739
G1 X-44.587 Y21.122 E12.52671
G1 X-44.913 Y21.514 E12.55123
G1 X-45.128 Y21.648 E12.56341
G1 X-45.501 Y21.761 E12.58216
G1 X-51.93 Y21.774 E12.89137
G1 X-52.174 Y21.747 E12.90318
G1 X-52.569 Y21.59 E12.92362
G1 X-52.887 Y21.309 E12.94403
G1 X-53.089 Y20.935 E12.96447
G1 X-53.154 Y20.55 E12.98325
G1 X-53.154 Y-22.753 E15.06597
G1 X-53.127 Y-22.996 E15.07773
G1 X-52.97 Y-23.391 E15.09817
G1 X-52.689 Y-23.709 E15.11858
G1 X-52.315 Y-23.911 E15.13902
G1 X-51.93 Y-23.976 E15.1578
G1 X-46.803 Y-23.976 E15.40439
G1 X-46.45 Y-23.91 E15.42166
G1 X-46.175 Y-23.8 E15.43591
G1 X-45.88 Y-23.549 E15.45454
G1 X-45.652 Y-23.162 E15.47614
G1 X-45.579 Y-22.785 E15.49461
G1 X-44.44 Y20.518 E17.57805
G1 X-44.45 Y20.651 E17.58446
G1 X-44.56 Y21.036 F7200
G1 E15.58446 F2400
G92 E0
G1 Z2.65 F7200
G1 X54.075 Y-34.255
G1 Z.65
G1 E2 F2400
;TYPE:Perimeter
G1 F3600
G1 X54.075 Y28.753 E5.03047
G1 X-63.933 Y28.753 E10.70624
G1 X-63.933 Y-34.255 E13.73671
G1 X54.015 Y-34.255 E19.4096
G1 X54.461 Y-34.641 F7200
G1 F3600
G1 X54.461 Y29.138 E22.47715
G1 X-64.318 Y29.138 E28.19001
G1 X-64.318 Y-34.641 E31.25756
G1 X54.401 Y-34.641 E36.96753
G1 X54.846 Y-35.026 F7200
;TYPE:External perimeter
G1 F1800
G1 X54.846 Y29.524 E40.07216
G1 X-64.704 Y29.524 E45.8221
G1 X-64.704 Y-35.026 E48.92673
G1 X54.786 Y-35.026 E54.67378
G1 X54.846 Y-34.631 F7200
G1 E52.67378 F2400
G92 E0
G1 Z2.65 F7200
G1 X-63.539 Y-33.935
G1 Z.65
G1 E2 F2400
;TYPE:Solid infill
;WIDTH:0.543559
G1 F1500
G1 X-63.581 Y-33.977 E2.00355
G1 X-63.639 Y-33.961 E2.00715
G1 X-63.654 Y-33.904 E2.01067
G1 X-63.612 Y-33.861 E2.01426
G1 X-63.554 Y-33.877 E2.01786
;WIDTH:0.45
G1 X-63.643 Y-33.261 E2.0478
G1 X-62.938 Y-33.966 E2.09575
G1 X-62.393 Y-33.966 E2.12196
G1 X-63.643 Y-32.715 E2.20702
G1 X-63.643 Y-32.17 E2.23323
G1 X-61.848 Y-33.966 E2.35536
G1 X-61.302 Y-33.966 E2.38162
G1 X-63.643 Y-31.625 E2.54085
G1 X-63.643 Y-31.079 E2.56711
G1 X-60.757 Y-33.966 E2.76345
G1 X-60.212 Y-33.966 E2.78966
G1 X-63.643 Y-30.534 E3.02307
G1 X-63.643 Y-29.989 E3.04928
G1 X-59.666 Y-33.966 E3.31979
G1 X-59.121 Y-33.966 E3.346
G1 X-63.643 Y-29.443 E3.65361
G1 X-63.643 Y-28.898 E3.67982
G1 X-58.575 Y-33.966 E4.02454
G1 X-58.03 Y-33.966 E4.05075
G1 X-63.643 Y-28.353 E4.43254
G1 X-63.643 Y-27.807 E4.4588
G1 X-57.485 Y-33.966 E4.87769
G1 X-56.939 Y-33.966 E4.90395
G1 X-63.643 Y-27.262 E5.35995
G1 X-63.643 Y-26.717 E5.38616
G1 X-56.394 Y-33.966 E5.87923
G1 X-55.849 Y-33.966 E5.90544
G1 X-63.643 Y-26.171 E6.43561
G1 X-63.643 Y-25.626 E6.46182
G1 X-55.303 Y-33.966 E7.0291
G1 X-54.758 Y-33.966 E7.05531
G1 X-63.643 Y-25.081 E7.65966
G1 X-63.643 Y-24.535 E7.68592
G1 X-54.213 Y-33.966 E8.32737
G1 X-53.667 Y-33.966 E8.35363
G1 X-63.643 Y-23.99 E9.03219
G1 X-63.643 Y-23.444 E9.05845
G1 X-53.122 Y-33.966 E9.77411
G1 X-52.577 Y-33.966 E9.80032
G1 X-63.643 Y-22.899 E10.55305
G1 X-63.643 Y-22.354 E10.57926
G1 X-52.031 Y-33.966 E11.36909
G1 X-51.486 Y-33.966 E11.3953
G1 X-63.643 Y-21.808 E12.22224
G1 X-63.643 Y-21.263 E12.24845
G1 X-50.941 Y-33.966 E13.11246
G1 X-50.395 Y-33.966 E13.13872
G1 X-63.643 Y-20.718 E14.03983
G1 X-63.643 Y-20.172 E14.06609
G1 X-49.85 Y-33.966 E15.00431
G1 X-49.305 Y-33.966 E15.03052
G1 X-63.643 Y-19.627 E16.00581
G1 X-63.643 Y-19.082 E16.03202
G1 X-48.759 Y-33.966 E17.04441
G1 X-48.214 Y-33.966 E17.07062
G1 X-63.643 Y-18.536 E18.12012
G1 X-63.643 Y-17.991 E18.14633
G1 X-47.669 Y-33.966 E19.2329
G1 X-47.123 Y-33.966 E19.25916
G1 X-63.643 Y-17.446 E20.38283
G1 X-63.643 Y-16.9 E20.40909
G1 X-46.578 Y-33.966 E21.56986
G1 X-46.032 Y-33.966 E21.59612
G1 X-63.643 Y-16.355 E22.794
G1 X-63.643 Y-15.81 E22.82021
G1 X-45.487 Y-33.966 E24.05516
G1 X-44.942 Y-33.966 E24.08137
G1 X-63.643 Y-15.264 E25.35342
G1 X-63.726 Y-14.416 F7200
;WIDTH:0.404381
G1 F1500
G1 X-63.767 Y-14.405 E25.35522
G1 X-63.786 Y-14.476 E25.35834
G1 X-63.715 Y-14.457 E25.36146
;WIDTH:0.45
G1 X-63.643 Y-14.719 E25.37453
G1 X-44.396 Y-33.966 E26.68369
G1 X-43.851 Y-33.966 E26.7099
G1 X-53.161 Y-24.656 E27.34315
G1 X-53.434 Y-24.422 E27.36044
;WIDTH:0.404381
G1 X-53.621 Y-24.229 E27.37184
;WIDTH:0.45
G1 X-53.861 Y-23.956 E27.38932
G1 X-63.643 Y-14.174 E28.05468
G1 X-63.643 Y-13.628 E28.08094
G1 X-54.184 Y-23.087 E28.72433
G1 X-54.002 Y-23.33 E28.73893
;WIDTH:0.404381
G1 X-54.043 Y-23.319 E28.74073
G1 X-54.063 Y-23.39 E28.74386
G1 X-53.991 Y-23.371 E28.74702
G1 X-54.214 Y-22.512 F7200
;WIDTH:0.45
G1 F1500
G1 X-63.643 Y-13.083 E29.38837
G1 X-63.643 Y-12.538 E29.41458
G1 X-54.214 Y-21.967 E30.05593
G1 X-54.214 Y-21.421 E30.08219
G1 X-63.643 Y-11.992 E30.72354
G1 X-63.643 Y-11.447 E30.74975
G1 X-54.214 Y-20.876 E31.3911
G1 X-54.214 Y-20.331 E31.41731
G1 X-63.643 Y-10.901 E32.05869
G1 X-63.643 Y-10.356 E32.0849
G1 X-54.214 Y-19.785 E32.72625
G1 X-54.214 Y-19.24 E32.75246
G1 X-63.643 Y-9.811 E33.39381
G1 X-63.643 Y-9.265 E33.42007
G1 X-54.214 Y-18.695 E34.06145
G1 X-54.214 Y-18.149 E34.08771
G1 X-63.643 Y-8.72 E34.72906
G1 X-63.643 Y-8.175 E34.75527
G1 X-54.214 Y-17.604 E35.39662
G1 X-54.214 Y-17.058 E35.42288
G1 X-63.643 Y-7.629 E36.06423
G1 X-63.643 Y-7.084 E36.09044
G1 X-54.214 Y-16.513 E36.73179
G1 X-54.214 Y-15.968 E36.758
G1 X-63.643 Y-6.539 E37.39935
G1 X-63.643 Y-5.993 E37.42561
G1 X-54.214 Y-15.422 E38.06696
G1 X-54.214 Y-14.877 E38.09317
G1 X-63.643 Y-5.448 E38.73452
G1 X-63.643 Y-4.903 E38.76073
G1 X-54.214 Y-14.332 E39.40208
G1 X-54.214 Y-13.786 E39.42834
G1 X-63.643 Y-4.357 E40.06969
G1 X-63.643 Y-3.812 E40.0959
G1 X-54.214 Y-13.241 E40.73725
G1 X-54.214 Y-12.696 E40.76346
G1 X-63.643 Y-3.267 E41.40481
G1 X-63.643 Y-2.721 E41.43107
G1 X-54.214 Y-12.15 E42.07242
G1 X-54.214 Y-11.605 E42.09863
G1 X-63.643 Y-2.176 E42.73998
G1 X-63.643 Y-1.631 E42.76619
G1 X-54.214 Y-11.06 E43.40754
G1 X-54.214 Y-10.514 E43.4338
G1 X-63.643 Y-1.085 E44.07515
G1 X-63.643 Y-.54 E44.10136
G1 X-54.214 Y-9.969 E44.74271
G1 X-54.214 Y-9.424 E44.76892
G1 X-63.643 Y.005 E45.41027
G1 X-63.643 Y.551 E45.43653
G1 X-54.214 Y-8.878 E46.07788
G1 X-54.214 Y-8.333 E46.10409
G1 X-63.643 Y1.096 E46.74544
G1 X-63.643 Y1.642 E46.7717
G1 X-54.214 Y-7.788 E47.41308
G1 X-54.214 Y-7.242 E47.43934
G1 X-63.643 Y2.187 E48.08069
G1 X-63.643 Y2.732 E48.1069
G1 X-54.214 Y-6.697 E48.74825
G1 X-54.214 Y-6.152 E48.77446
G1 X-63.643 Y3.278 E49.41584
G1 X-63.643 Y3.823 E49.44205
G1 X-54.214 Y-5.606 E50.0834
G1 X-54.214 Y-5.061 E50.10961
G1 X-63.643 Y4.368 E50.75096
G1 X-63.643 Y4.914 E50.77722
G1 X-54.214 Y-4.515 E51.41857
G1 X-54.214 Y-3.97 E51.44478
G1 X-63.643 Y5.459 E52.08613
G1 X-63.643 Y6.004 E52.11234
G1 X-54.214 Y-3.425 E52.75369
G1 X-54.214 Y-2.879 E52.77995
G1 X-63.643 Y6.55 E53.4213
G1 X-63.643 Y7.095 E53.44751
G1 X-54.214 Y-2.334 E54.08886
G1 X-54.214 Y-1.789 E54.11507
G1 X-63.643 Y7.64 E54.75642
G1 X-63.643 Y8.186 E54.78268
G1 X-54.214 Y-1.243 E55.42403
G1 X-54.214 Y-.698 E55.45024
G1 X-63.643 Y8.731 E56.09159
G1 X-63.643 Y9.276 E56.1178
G1 X-54.214 Y-.153 E56.75915
G1 X-54.214 Y.393 E56.78541
G1 X-63.643 Y9.822 E57.42676
G1 X-63.643 Y10.367 E57.45297
G1 X-54.214 Y.938 E58.09432
G1 X-54.214 Y1.483 E58.12053
G1 X-63.643 Y10.912 E58.76188
G1 X-63.643 Y11.458 E58.78814
G1 X-54.214 Y2.029 E59.42949
G1 X-54.214 Y2.574 E59.4557
G1 X-63.643 Y12.003 E60.09705
G1 X-63.643 Y12.548 E60.12326
G1 X-54.214 Y3.119 E60.76461
G1 X-54.214 Y3.665 E60.79087
G1 X-63.643 Y13.094 E61.43222
G1 X-63.643 Y13.639 E61.45843
G1 X-54.214 Y4.21 E62.09978
G1 X-54.214 Y4.755 E62.12599
G1 X-63.643 Y14.185 E62.76737
G1 X-63.643 Y14.73 E62.79358
G1 X-54.214 Y5.301 E63.43493
G1 X-54.214 Y5.846 E63.46114
G1 X-63.643 Y15.275 E64.10249
G1 X-63.643 Y15.821 E64.12875
G1 X-54.214 Y6.391 E64.77013
G1 X-54.214 Y6.937 E64.79639
G1 X-63.643 Y16.366 E65.43774
G1 X-63.643 Y16.911 E65.46395
G1 X-54.214 Y7.482 E66.1053
G1 X-54.214 Y8.028 E66.13156
G1 X-63.643 Y17.457 E66.77291
G1 X-63.643 Y18.002 E66.79912
G1 X-54.214 Y8.573 E67.44047
G1 X-54.214 Y9.118 E67.46668
G1 X-63.643 Y18.547 E68.10803
G1 X-63.643 Y19.093 E68.13429
G1 X-54.214 Y9.664 E68.77564
G1 X-54.214 Y10.209 E68.80185
G1 X-63.643 Y19.638 E69.4432
G1 X-63.643 Y20.183 E69.46941
G1 X-54.214 Y10.754 E70.11076
G1 X-54.214 Y11.3 E70.13702
G1 X-63.643 Y20.729 E70.77837
G1 X-63.643 Y21.274 E70.80458
G1 X-54.214 Y11.845 E71.44593
G1 X-54.214 Y12.39 E71.47214
G1 X-63.643 Y21.819 E72.11349
G1 X-63.643 Y22.365 E72.13975
G1 X-54.214 Y12.936 E72.7811
G1 X-54.214 Y13.481 E72.80731
G1 X-63.643 Y22.91 E73.44866
G1 X-63.643 Y23.455 E73.47487
G1 X-54.214 Y14.026 E74.11622
G1 X-54.214 Y14.572 E74.14248
G1 X-63.643 Y24.001 E74.78383
G1 X-63.643 Y24.546 E74.81004
G1 X-54.214 Y15.117 E75.45139
G1 X-54.214 Y15.662 E75.4776
G1 X-63.643 Y25.091 E76.11895
G1 X-63.643 Y25.637 E76.14521
G1 X-54.214 Y16.208 E76.78656
G1 X-54.214 Y16.753 E76.81277
G1 X-63.643 Y26.182 E77.45412
G1 X-63.643 Y26.728 E77.48038
G1 X-54.214 Y17.298 E78.12176
G1 X-54.214 Y17.844 E78.14802
G1 X-63.643 Y27.273 E78.78937
G1 X-63.643 Y27.818 E78.81558
G1 X-54.214 Y18.389 E79.45693
G1 X-54.214 Y18.934 E79.48314
G1 X-63.643 Y28.364 E80.12452
G1 X-63.72 Y28.57 E80.1351
;WIDTH:0.404381
G1 X-63.791 Y28.551 E80.13822
G1 X-63.772 Y28.622 E80.14134
G1 X-63.731 Y28.611 E80.14314
;WIDTH:0.45
G1 X-63.198 Y28.463 E80.16975
G1 X-54.214 Y19.48 E80.7808
G1 X-54.214 Y20.025 E80.80701
G1 X-62.652 Y28.463 E81.38095
G1 X-62.107 Y28.463 E81.40716
G1 X-54.213 Y20.569 E81.9441
G1 X-54.142 Y21.043 E81.96715
G1 X-61.562 Y28.463 E82.47185
G1 X-61.016 Y28.463 E82.49811
G1 X-54.014 Y21.461 E82.97438
G1 X-53.813 Y21.806 E82.99358
G1 X-60.471 Y28.463 E83.44641
G1 X-59.926 Y28.463 E83.47262
G1 X-53.58 Y22.118 E83.90423
G1 X-53.282 Y22.365 E83.92285
G1 X-59.38 Y28.463 E84.33763
G1 X-58.835 Y28.463 E84.36384
G1 X-52.949 Y22.578 E84.76416
G1 X-52.56 Y22.734 E84.78432
G1 X-58.29 Y28.463 E85.17403
G1 X-57.744 Y28.463 E85.20029
G1 X-52.103 Y22.822 E85.58398
G1 X-51.569 Y22.833 E85.60967
G1 X-57.199 Y28.463 E85.99262
G1 X-56.654 Y28.463 E86.01883
G1 X-51.023 Y22.832 E86.40184
G1 X-50.476 Y22.831 E86.42815
G1 X-56.108 Y28.463 E86.81123
G1 X-55.563 Y28.463 E86.83744
G1 X-49.93 Y22.83 E87.22059
G1 X-49.383 Y22.829 E87.2469
G1 X-55.018 Y28.463 E87.63015
G1 X-54.472 Y28.463 E87.65641
G1 X-48.837 Y22.828 E88.0397
G1 X-48.291 Y22.827 E88.06596
G1 X-53.927 Y28.463 E88.44931
G1 X-53.381 Y28.463 E88.47557
G1 X-47.744 Y22.826 E88.85899
G1 X-47.198 Y22.825 E88.88525
G1 X-52.836 Y28.463 E89.26874
G1 X-52.291 Y28.463 E89.29495
G1 X-46.651 Y22.824 E89.67854
G1 X-46.105 Y22.823 E89.7048
G1 X-51.745 Y28.463 E90.08843
G1 X-51.2 Y28.463 E90.11464
G1 X-45.558 Y22.822 E90.49837
G1 X-44.868 Y22.677 E90.53228
G1 X-50.655 Y28.463 E90.92587
G1 E88.92587 F2400
G92 E0
G1 Z2.65 F7200
G1 X-52.522 Y-24.816
G1 Z.65
G1 E2 F2400
;WIDTH:0.404381
G1 F1500
G1 X-52.563 Y-24.805 E2.0018
G1 X-52.582 Y-24.876 E2.00492
G1 X-52.511 Y-24.857 E2.00804
;WIDTH:0.45
G1 X-52.279 Y-24.992 E2.02095
G1 X-43.306 Y-33.966 E2.63132
G1 X-42.76 Y-33.966 E2.65758
G1 X-51.689 Y-25.037 E3.26492
G1 X-51.144 Y-25.037 E3.29113
G1 X-42.215 Y-33.966 E3.89847
G1 X-41.67 Y-33.966 E3.92468
G1 X-50.599 Y-25.037 E4.53202
G1 X-50.053 Y-25.037 E4.55828
G1 X-41.124 Y-33.966 E5.16562
G1 X-40.579 Y-33.966 E5.19183
G1 X-49.508 Y-25.037 E5.79917
G1 X-48.66 Y-24.894 F7200
;WIDTH:0.404381
G1 F1500
G1 X-48.701 Y-24.883 E5.80097
G1 X-48.72 Y-24.954 E5.80409
G1 X-48.649 Y-24.935 E5.80721
;WIDTH:0.45
G1 X-48.963 Y-25.037 E5.82309
G1 X-40.034 Y-33.966 E6.43043
G1 X-39.488 Y-33.966 E6.45669
G1 X-42.11 Y-31.344 E6.63504
G1 X-42.382 Y-31.138 E6.65145
;WIDTH:0.404381
G1 X-42.886 Y-30.709 E6.67952
G1 X-43.381 Y-30.149 E6.71122
;WIDTH:0.45
G1 X-43.578 Y-29.876 E6.72741
G1 X-48.417 Y-25.037 E7.05655
G1 X-47.872 Y-25.037 E7.08276
G1 X-43.809 Y-29.1 E7.35912
G1 X-43.633 Y-29.342 E7.37351
;WIDTH:0.404381
G1 X-43.674 Y-29.331 E7.37531
G1 X-43.693 Y-29.403 E7.37847
G1 X-43.622 Y-29.384 E7.38159
G1 X-43.816 Y-28.547 F7200
;WIDTH:0.45
G1 F1500
G1 X-47.327 Y-25.037 E7.62037
G1 X-46.782 Y-25.036 E7.64658
G1 X-43.758 Y-28.06 E7.85227
G1 X-43.618 Y-27.654 E7.87293
G1 X-46.3 Y-24.973 E8.05532
G1 X-45.892 Y-24.836 E8.07602
G1 X-43.456 Y-27.271 E8.24168
G1 X-42.972 Y-26.66 E8.27917
G1 X-42.629 Y-26.372 E8.30071
G1 X-41.984 Y-26.017 E8.33612
G1 X-44.623 Y-23.377 E8.51566
G1 X-44.67 Y-23.557 E8.52461
G1 X-45.115 Y-24.284 E8.56561
G1 X-45.538 Y-24.644 E8.59233
G1 X-43.355 Y-26.827 E8.74081
G1 X-43.246 Y-26.391 E8.76243
G1 X-42.98 Y-26.159 E8.77941
G1 X-42.62 Y-25.926 E8.80003
G1 X-44.508 Y-24.038 E8.92845
G1 X-44.744 Y-24.435 E8.95066
G1 X-44.969 Y-24.668 E8.96624
G1 X-43.382 Y-26.255 E9.07419
G1 X-43.228 Y-25.863 E9.09445
G1 X-44.431 Y-24.66 E9.17628
G1 X-44.533 Y-22.922 F7200
G1 F1500
G1 X-41.545 Y-25.91 E9.37952
G1 X-41.073 Y-25.837 E9.40249
G1 X-44.509 Y-22.401 E9.6362
G1 X-44.495 Y-21.869 E9.6618
G1 X-40.467 Y-25.897 E9.93578
G1 X-40.168 Y-26.008 E9.95112
;WIDTH:0.404381
G1 X-40.209 Y-25.997 E9.95292
G1 X-40.228 Y-26.068 E9.95604
G1 X-40.157 Y-26.049 E9.95916
G1 E7.95916 F2400
G92 E0
G1 Z2.65 F7200
G1 X-41.601 Y-31.363
G1 Z.65
G1 E2 F2400
G1 F1500
G1 X-41.642 Y-31.352 E2.0018
G1 X-41.662 Y-31.424 E2.00497
G1 X-41.59 Y-31.405 E2.00813
;WIDTH:0.45
G1 X-41.362 Y-31.547 E2.02105
G1 X-38.943 Y-33.966 E2.18559
G1 X-38.574 Y-33.79 E2.20525
G1 X-40.791 Y-31.572 E2.35608
G1 X-40.565 Y-31.565 E2.36696
G1 X-40.042 Y-31.442 E2.3928
G1 X-39.543 Y-31.185 E2.4198
G1 X-36.762 Y-33.966 E2.60896
G1 X-38.534 Y-33.966 E2.69419
G1 X-38.238 Y-33.58 E2.71759
G1 X-37.693 Y-33.58 E2.7438
G1 X-39.616 Y-31.656 E2.87463
G1 X-39.989 Y-31.829 E2.89441
G1 X-38.374 Y-33.444 E3.00426
G1 E1.00426 F2400
G92 E0
G1 Z2.65 F7200
G1 X-36.216 Y-33.966
G1 Z.65
G1 E2 F2400
G1 F1500
G1 X-39.201 Y-30.981 E2.20304
G1 X-38.913 Y-30.724 E2.22161
G1 X-35.671 Y-33.966 E2.44213
G1 X-35.126 Y-33.966 E2.46834
G1 X-38.664 Y-30.427 E2.70902
G1 X-38.439 Y-30.107 E2.72783
G1 X-34.58 Y-33.966 E2.99031
G1 X-34.035 Y-33.966 E3.01652
G1 X-38.286 Y-29.714 E3.3057
G1 X-38.144 Y-29.311 E3.32625
G1 X-33.489 Y-33.966 E3.64288
G1 X-32.944 Y-33.966 E3.66909
G1 X-38.098 Y-28.812 E4.01966
G1 X-38.238 Y-27.949 F7200
;WIDTH:0.404381
G1 F1500
G1 X-38.279 Y-27.938 E4.02146
G1 X-38.298 Y-28.009 E4.02458
G1 X-38.227 Y-27.99 E4.0277
;WIDTH:0.45
G1 X-38.113 Y-28.252 E4.04144
G1 X-32.399 Y-33.966 E4.4301
G1 X-31.853 Y-33.966 E4.45636
G1 X-38.381 Y-27.438 E4.90039
G1 X-38.589 Y-27.165 E4.9169
;WIDTH:0.404381
G1 X-39.102 Y-26.608 E4.94901
G1 X-39.373 Y-26.386 E4.96387
;WIDTH:0.45
G1 X-39.646 Y-26.173 E4.98052
G1 X-44.481 Y-21.338 E5.30939
G1 X-44.56 Y-21.035 E5.32445
;WIDTH:0.404381
G1 X-44.601 Y-21.024 E5.32625
G1 X-44.62 Y-21.095 E5.32937
G1 X-44.549 Y-21.076 E5.33249
;WIDTH:0.45
G1 X-44.6 Y-20.629 E5.35413
;WIDTH:0.404381
G1 X-44.641 Y-20.618 E5.35593
G1 X-44.66 Y-20.689 E5.35905
G1 X-44.589 Y-20.67 E5.36217
;WIDTH:0.45
G1 X-31.308 Y-33.966 E6.26604
G1 X-30.763 Y-33.966 E6.29225
G1 X-44.453 Y-20.275 E7.22346
G1 X-44.439 Y-19.744 E7.24901
G1 X-30.217 Y-33.966 E8.21637
G1 X-29.672 Y-33.966 E8.24258
G1 X-44.425 Y-19.213 E9.24606
G1 X-44.411 Y-18.681 E9.27166
G1 X-29.127 Y-33.966 E10.31129
G1 X-28.581 Y-33.966 E10.33755
G1 X-44.397 Y-18.15 E11.41333
G1 X-44.383 Y-17.618 E11.43893
G1 X-28.036 Y-33.966 E12.55087
G1 X-27.491 Y-33.966 E12.57708
G1 X-44.369 Y-17.087 E13.72513
G1 X-44.355 Y-16.556 E13.75068
G1 X-26.945 Y-33.966 E14.93489
G1 X-26.4 Y-33.966 E14.9611
G1 X-44.341 Y-16.024 E16.18146
G1 X-44.327 Y-15.493 E16.20701
G1 X-25.855 Y-33.966 E17.46349
G1 X-25.309 Y-33.966 E17.48975
G1 X-44.313 Y-14.962 E18.78238
G1 X-44.299 Y-14.43 E18.80798
G1 X-24.764 Y-33.966 E20.13676
G1 X-24.219 Y-33.966 E20.16297
G1 X-44.285 Y-13.899 E21.52787
G1 X-44.35 Y-13.065 F7200
;WIDTH:0.404381
G1 F1500
G1 X-44.391 Y-13.054 E21.52967
G1 X-44.41 Y-13.125 E21.53279
G1 X-44.339 Y-13.106 E21.53591
;WIDTH:0.45
G1 X-44.271 Y-13.368 E21.54893
G1 X-23.673 Y-33.966 E22.94998
G1 X-23.128 Y-33.966 E22.97619
G1 X-36.143 Y-20.95 E23.86149
G1 X-36.416 Y-20.78 E23.87696
;WIDTH:0.404381
G1 X-36.242 Y-20.77 E23.88435
G1 X-35.457 Y-21.091 F7200
;WIDTH:0.45
G1 F1500
G1 X-22.583 Y-33.966 E24.76006
G1 X-22.037 Y-33.966 E24.78632
G1 X-34.929 Y-21.074 E25.66322
G1 X-34.437 Y-21.02 E25.68703
G1 X-21.492 Y-33.966 E26.56757
G1 X-20.946 Y-33.966 E26.59383
G1 X-34.032 Y-20.881 E27.48389
G1 X-33.654 Y-20.712 E27.5038
G1 X-20.401 Y-33.966 E28.40529
G1 X-19.856 Y-33.966 E28.4315
G1 X-33.295 Y-20.526 E29.34564
G1 X-32.959 Y-20.317 E29.36467
G1 X-19.31 Y-33.966 E30.29306
G1 X-18.765 Y-33.966 E30.31927
G1 X-32.623 Y-20.108 E31.26187
G1 X-32.287 Y-19.899 E31.2809
G1 X-18.22 Y-33.966 E32.23772
G1 X-17.674 Y-33.966 E32.26398
G1 X-31.951 Y-19.689 E33.23508
G1 X-31.615 Y-19.48 E33.25411
G1 X-17.129 Y-33.966 E34.23943
G1 X-16.584 Y-33.966 E34.26564
G1 X-31.279 Y-19.271 E35.26518
G1 X-30.942 Y-19.062 E35.28425
G1 X-16.038 Y-33.966 E36.298
G1 X-15.493 Y-33.966 E36.32421
G1 X-23.256 Y-26.203 E36.85224
G1 X-23.528 Y-26.008 E36.86834
;WIDTH:0.404381
G1 X-24.132 Y-25.494 E36.90197
G1 X-24.788 Y-24.746 E36.94416
;WIDTH:0.45
G1 X-24.986 Y-24.473 E36.96038
G1 X-30.606 Y-18.853 E37.34265
G1 X-30.27 Y-18.643 E37.36171
G1 X-25.205 Y-23.708 E37.70623
G1 X-25.016 Y-23.948 E37.72092
;WIDTH:0.404381
G1 X-25.057 Y-23.937 E37.72272
G1 X-25.076 Y-24.008 E37.72584
G1 X-25.005 Y-23.989 E37.72896
G1 X-25.237 Y-23.131 F7200
;WIDTH:0.45
G1 F1500
G1 X-29.934 Y-18.434 E38.04844
G1 X-29.598 Y-18.225 E38.06747
G1 X-25.196 Y-22.627 E38.36689
G1 X-25.084 Y-22.194 E38.3884
G1 X-29.262 Y-18.016 E38.67258
G1 X-28.926 Y-17.806 E38.69164
G1 X-24.926 Y-21.806 E38.96372
G1 X-24.739 Y-21.448 E38.98315
G1 X-28.59 Y-17.597 E39.24509
G1 X-28.254 Y-17.388 E39.26412
G1 X-24.508 Y-21.133 E39.51888
G1 X-24.249 Y-20.847 E39.53744
G1 X-27.917 Y-17.179 E39.78693
G1 X-27.581 Y-16.969 E39.80599
G1 X-23.95 Y-20.601 E40.053
G1 X-23.636 Y-20.369 E40.07178
G1 X-27.245 Y-16.76 E40.31726
G1 X-26.909 Y-16.551 E40.33629
G1 X-23.303 Y-20.157 E40.58157
G1 X-22.969 Y-19.946 E40.60057
G1 X-26.573 Y-16.342 E40.84571
G1 X-26.237 Y-16.132 E40.86477
G1 X-22.635 Y-19.735 E41.10981
G1 X-22.301 Y-19.523 E41.12884
G1 X-25.901 Y-15.923 E41.37371
G1 X-25.565 Y-15.714 E41.39274
G1 X-21.967 Y-19.312 E41.63747
G1 X-21.633 Y-19.1 E41.6565
G1 X-25.229 Y-15.505 E41.90106
G1 X-24.892 Y-15.295 E41.92016
G1 X-21.299 Y-18.889 E42.16459
G1 X-20.965 Y-18.678 E42.18359
G1 X-24.556 Y-15.086 E42.42788
G1 X-24.22 Y-14.877 E42.44691
G1 X-20.631 Y-18.466 E42.69103
G1 X-20.297 Y-18.255 E42.71003
G1 X-23.884 Y-14.668 E42.95401
G1 X-23.548 Y-14.459 E42.97304
G1 X-19.963 Y-18.043 E43.21685
G1 X-19.629 Y-17.832 E43.23585
G1 X-23.212 Y-14.249 E43.47956
G1 X-22.876 Y-14.04 E43.49859
G1 X-19.295 Y-17.621 E43.74217
G1 X-18.961 Y-17.409 E43.7612
G1 X-22.54 Y-13.831 E44.00461
G1 X-22.204 Y-13.622 E44.02364
G1 X-18.627 Y-17.198 E44.26691
G1 X-18.293 Y-16.986 E44.28594
G1 X-21.867 Y-13.412 E44.52904
G1 X-21.531 Y-13.203 E44.54807
G1 X-17.959 Y-16.775 E44.79103
G1 X-17.626 Y-16.564 E44.80999
G1 X-21.195 Y-12.994 E45.05278
G1 X-20.859 Y-12.785 E45.07181
G1 X-17.292 Y-16.352 E45.31443
G1 X-16.958 Y-16.141 E45.33343
G1 X-20.523 Y-12.575 E45.57595
G1 X-20.187 Y-12.366 E45.59498
G1 X-16.624 Y-15.929 E45.83733
G1 X-16.29 Y-15.718 E45.85633
G1 X-19.851 Y-12.157 E46.09854
G1 X-19.515 Y-11.948 E46.11757
G1 X-15.956 Y-15.506 E46.35961
G1 X-15.622 Y-15.295 E46.37861
G1 X-19.178 Y-11.738 E46.62052
G1 X-18.842 Y-11.529 E46.63955
G1 X-15.288 Y-15.084 E46.88132
G1 X-14.954 Y-14.872 E46.90035
G1 X-18.506 Y-11.32 E47.14195
G1 X-18.17 Y-11.111 E47.16098
G1 X-14.62 Y-14.661 E47.40245
G1 X-14.286 Y-14.449 E47.42148
G1 X-17.834 Y-10.902 E47.66278
G1 X-17.498 Y-10.692 E47.68184
G1 X-13.952 Y-14.238 E47.92303
G1 X-13.618 Y-14.027 E47.94203
G1 X-17.162 Y-10.483 E48.18309
G1 X-16.826 Y-10.274 E48.20212
G1 X-13.284 Y-13.815 E48.44301
G1 X-12.95 Y-13.604 E48.46201
G1 X-16.49 Y-10.065 E48.70276
G1 X-16.153 Y-9.855 E48.72186
G1 X-12.616 Y-13.392 E48.96244
G1 X-12.283 Y-13.181 E48.9814
G1 X-15.817 Y-9.646 E49.22181
G1 X-15.481 Y-9.437 E49.24084
G1 X-11.949 Y-12.97 E49.48112
G1 X-11.615 Y-12.758 E49.50015
G1 X-15.145 Y-9.228 E49.74026
G1 X-14.809 Y-9.018 E49.75932
G1 X-11.281 Y-12.547 E49.99932
G1 X-10.947 Y-12.335 E50.01835
G1 X-14.473 Y-8.809 E50.25818
G1 X-14.137 Y-8.6 E50.27721
G1 X-10.613 Y-12.124 E50.51691
G1 X-10.279 Y-11.913 E50.53591
G1 X-13.801 Y-8.391 E50.77547
G1 X-13.465 Y-8.181 E50.79453
G1 X-9.945 Y-11.701 E51.03396
G1 X-9.611 Y-11.49 E51.05296
G1 X-13.128 Y-7.972 E51.29222
G1 X-12.792 Y-7.763 E51.31125
G1 X-9.277 Y-11.278 E51.55034
G1 X-8.943 Y-11.067 E51.56934
G1 X-12.456 Y-7.554 E51.80829
G1 X-12.12 Y-7.345 E51.82732
G1 X-8.609 Y-10.856 E52.06613
G1 X-8.275 Y-10.644 E52.08516
G1 X-11.784 Y-7.135 E52.32384
G1 X-11.448 Y-6.926 E52.34287
G1 X-7.941 Y-10.433 E52.58141
G1 X-7.607 Y-10.221 E52.60044
G1 X-11.112 Y-6.717 E52.83881
G1 X-10.776 Y-6.508 E52.85784
G1 X-7.273 Y-10.01 E53.09608
G1 X-6.939 Y-9.798 E53.11511
G1 X-10.44 Y-6.298 E53.35321
G1 X-10.103 Y-6.089 E53.37228
G1 X-6.606 Y-9.587 E53.61018
G1 X-6.272 Y-9.376 E53.62918
G1 X-9.777 Y-5.87 E53.86762
G1 X-9.475 Y-5.627 E53.88626
G1 X-5.938 Y-9.164 E54.12684
G1 X-5.604 Y-8.953 E54.14584
G1 X-9.216 Y-5.341 E54.39152
G1 X-8.967 Y-5.044 E54.41016
G1 X-5.27 Y-8.741 E54.66163
G1 X-4.936 Y-8.53 E54.68063
G1 X-8.761 Y-4.705 E54.9408
G1 X-8.598 Y-4.322 E54.96082
G1 X-4.602 Y-8.319 E55.23266
G1 X-4.268 Y-8.107 E55.25169
G1 X-8.468 Y-3.907 E55.53737
G1 X-8.399 Y-3.431 E55.5605
G1 X-3.934 Y-7.896 E55.8642
G1 X-3.6 Y-7.684 E55.88323
G1 X-8.405 Y-2.879 E56.21006
G1 X-8.734 Y-1.907 F7200
;WIDTH:0.404381
G1 F1500
G1 X-8.753 Y-1.987 E56.21355
G1 X-8.715 Y-2.192 E56.22239
;WIDTH:0.45
G1 X-8.56 Y-2.179 E56.22987
G1 X-3.266 Y-7.473 E56.58996
G1 E54.58996 F2400
G92 E0
G1 Z2.65 F7200
G1 X-22.714 Y-26.256
G1 Z.65
G1 E2 F2400
;WIDTH:0.404381
G1 F1500
G1 X-22.755 Y-26.245 E2.0018
G1 X-22.774 Y-26.316 E2.00492
G1 X-22.703 Y-26.297 E2.00804
;WIDTH:0.45
G1 X-22.472 Y-26.442 E2.02116
G1 X-14.948 Y-33.966 E2.53293
G1 X-14.402 Y-33.966 E2.55919
G1 X-21.888 Y-26.48 E3.06838
G1 X-21.343 Y-26.48 E3.09459
G1 X-13.857 Y-33.966 E3.60378
G1 X-13.312 Y-33.966 E3.62999
G1 X-20.797 Y-26.48 E4.13914
G1 X-20.252 Y-26.48 E4.16535
G1 X-12.766 Y-33.966 E4.67454
G1 X-12.221 Y-33.966 E4.70075
G1 X-19.706 Y-26.48 E5.2099
G1 X-19.161 Y-26.48 E5.23611
G1 X-11.676 Y-33.966 E5.74526
G1 X-11.13 Y-33.966 E5.77152
G1 X-18.615 Y-26.481 E6.28064
G1 X-18.07 Y-26.481 E6.30685
G1 X-10.585 Y-33.966 E6.81597
G1 X-10.04 Y-33.966 E6.84218
G1 X-17.524 Y-26.481 E7.35127
G1 X-16.979 Y-26.481 E7.37748
G1 X-9.494 Y-33.966 E7.8866
G1 X-8.949 Y-33.966 E7.91281
G1 X-16.433 Y-26.481 E8.4219
G1 X-15.888 Y-26.481 E8.44811
G1 X-8.403 Y-33.966 E8.95723
G1 X-7.858 Y-33.966 E8.98344
G1 X-15.342 Y-26.482 E9.49249
G1 X-14.797 Y-26.482 E9.5187
G1 X-7.313 Y-33.966 E10.02775
G1 X-6.767 Y-33.966 E10.05401
G1 X-14.251 Y-26.482 E10.56306
G1 X-13.706 Y-26.482 E10.58927
G1 X-6.222 Y-33.966 E11.09832
G1 X-5.677 Y-33.966 E11.12453
G1 X-13.16 Y-26.482 E11.63355
G1 X-12.615 Y-26.482 E11.65976
G1 X-5.131 Y-33.966 E12.16881
G1 X-4.586 Y-33.966 E12.19502
G1 X-12.069 Y-26.483 E12.704
G1 X-11.524 Y-26.483 E12.73021
G1 X-4.041 Y-33.966 E13.23919
G1 X-3.495 Y-33.966 E13.26545
G1 X-10.978 Y-26.483 E13.77443
G1 X-10.433 Y-26.483 E13.80064
G1 X-2.95 Y-33.966 E14.30962
G1 X-2.405 Y-33.966 E14.33583
G1 X-9.887 Y-26.483 E14.84478
G1 X-9.342 Y-26.483 E14.87099
G1 X-1.859 Y-33.966 E15.37997
G1 X-1.314 Y-33.966 E15.40618
G1 X-8.796 Y-26.484 E15.9151
G1 X-8.251 Y-26.484 E15.94131
G1 X-.769 Y-33.966 E16.45023
G1 X-.223 Y-33.966 E16.47649
G1 X-7.705 Y-26.484 E16.98541
G1 X-7.16 Y-26.484 E17.01162
G1 X.322 Y-33.966 E17.52054
G1 X.867 Y-33.966 E17.54675
G1 X-6.614 Y-26.484 E18.05563
G1 X-6.069 Y-26.484 E18.08184
G1 X1.413 Y-33.966 E18.59076
G1 X1.958 Y-33.966 E18.61697
G1 X-5.523 Y-26.484 E19.12585
G1 X-4.978 Y-26.485 E19.15206
G1 X2.503 Y-33.966 E19.66091
G1 X3.049 Y-33.966 E19.68717
G1 X-4.432 Y-26.485 E20.19602
G1 X-3.887 Y-26.485 E20.22223
G1 X3.594 Y-33.966 E20.73108
G1 X4.14 Y-33.966 E20.75734
G1 X-3.341 Y-26.485 E21.26619
G1 X-2.796 Y-26.485 E21.2924
G1 X4.685 Y-33.966 E21.80125
G1 X5.23 Y-33.966 E21.82746
G1 X-2.25 Y-26.485 E22.33627
G1 X-1.705 Y-26.486 E22.36248
G1 X5.776 Y-33.966 E22.87129
G1 X6.321 Y-33.966 E22.8975
G1 X-1.159 Y-26.486 E23.40628
G1 X-.614 Y-26.486 E23.43249
G1 X6.866 Y-33.966 E23.94127
G1 X7.412 Y-33.966 E23.96753
G1 X-.068 Y-26.486 E24.47631
G1 X.477 Y-26.486 E24.50252
G1 X7.957 Y-33.966 E25.0113
G1 X8.502 Y-33.966 E25.03751
G1 X1.023 Y-26.486 E25.54626
G1 X1.568 Y-26.487 E25.57247
G1 X9.048 Y-33.966 E26.08122
G1 X9.593 Y-33.966 E26.10743
G1 X2.114 Y-26.487 E26.61614
G1 X2.659 Y-26.487 E26.64235
G1 X10.138 Y-33.966 E27.15106
G1 X10.684 Y-33.966 E27.17732
G1 X3.205 Y-26.487 E27.68603
G1 X3.75 Y-26.487 E27.71224
G1 X11.229 Y-33.966 E28.22095
G1 X11.774 Y-33.966 E28.24716
G1 X4.296 Y-26.487 E28.75584
G1 X4.841 Y-26.488 E28.78205
G1 X12.32 Y-33.966 E29.29073
G1 X12.865 Y-33.966 E29.31694
G1 X5.387 Y-26.488 E29.82558
G1 X5.933 Y-26.488 E29.85184
G1 X13.41 Y-33.966 E30.36045
G1 X13.956 Y-33.966 E30.38671
G1 X6.478 Y-26.488 E30.89535
G1 X7.024 Y-26.488 E30.92161
G1 X14.501 Y-33.966 E31.43022
G1 X15.046 Y-33.966 E31.45643
G1 X7.569 Y-26.488 E31.96504
G1 X8.115 Y-26.489 E31.9913
G1 X15.592 Y-33.966 E32.49988
G1 X16.137 Y-33.966 E32.52609
G1 X8.66 Y-26.489 E33.03467
G1 X9.206 Y-26.489 E33.06093
G1 X16.683 Y-33.966 E33.56951
G1 X17.228 Y-33.966 E33.59572
G1 X9.751 Y-26.489 E34.1043
G1 X10.297 Y-26.489 E34.13056
G1 X17.773 Y-33.966 E34.6391
G1 X18.319 Y-33.966 E34.66536
G1 X10.842 Y-26.489 E35.17394
G1 X11.388 Y-26.489 E35.2002
G1 X18.864 Y-33.966 E35.70874
G1 X19.409 Y-33.966 E35.73495
G1 X11.933 Y-26.49 E36.24346
G1 X12.479 Y-26.49 E36.26972
G1 X19.955 Y-33.966 E36.77823
G1 X20.5 Y-33.966 E36.80444
G1 X13.024 Y-26.49 E37.31295
G1 X13.57 Y-26.49 E37.33921
G1 X21.045 Y-33.966 E37.84768
G1 X21.591 Y-33.966 E37.87394
G1 X14.115 Y-26.49 E38.38245
G1 X14.661 Y-26.49 E38.40871
G1 X22.136 Y-33.966 E38.91718
G1 X22.681 Y-33.966 E38.94339
G1 X15.206 Y-26.491 E39.45183
G1 X15.752 Y-26.491 E39.47809
G1 X23.227 Y-33.966 E39.98653
G1 X23.772 Y-33.966 E40.01274
G1 X16.297 Y-26.491 E40.52118
G1 X16.843 Y-26.491 E40.54744
G1 X24.317 Y-33.966 E41.05585
G1 X24.863 Y-33.966 E41.08211
G1 X17.388 Y-26.491 E41.59055
G1 X17.934 Y-26.491 E41.61681
G1 X25.408 Y-33.966 E42.12522
G1 X25.953 Y-33.966 E42.15143
G1 X18.479 Y-26.492 E42.6598
G1 X19.025 Y-26.492 E42.68606
G1 X26.499 Y-33.966 E43.19443
G1 X27.044 Y-33.966 E43.22064
G1 X19.57 Y-26.492 E43.72901
G1 X20.116 Y-26.492 E43.75527
G1 X27.589 Y-33.966 E44.26361
G1 X28.135 Y-33.966 E44.28987
G1 X20.661 Y-26.492 E44.79824
G1 X21.207 Y-26.492 E44.8245
G1 X28.68 Y-33.966 E45.33284
G1 X29.226 Y-33.966 E45.3591
G1 X21.75 Y-26.49 E45.86761
G1 X22.247 Y-26.442 E45.89163
G1 X29.771 Y-33.966 E46.4034
G1 X30.316 Y-33.966 E46.42961
G1 X22.676 Y-26.325 E46.94931
G1 X23.077 Y-26.181 E46.9698
G1 X30.862 Y-33.966 E47.49933
G1 X31.407 Y-33.966 E47.52554
G1 X23.431 Y-25.99 E48.06806
G1 X23.759 Y-25.772 E48.087
G1 X31.952 Y-33.966 E48.64431
G1 X32.498 Y-33.966 E48.67057
G1 X24.04 Y-25.508 E49.24587
G1 X24.294 Y-25.217 E49.26445
G1 X33.043 Y-33.966 E49.85955
G1 X33.588 Y-33.966 E49.88576
G1 X24.52 Y-24.898 E50.50255
G1 X24.71 Y-24.542 E50.52196
G1 X34.134 Y-33.966 E51.16297
G1 X34.679 Y-33.966 E51.18918
G1 X24.856 Y-24.143 E51.85733
G1 X24.954 Y-23.695 E51.87939
G1 X35.224 Y-33.966 E52.57798
G1 X35.77 Y-33.966 E52.60424
G1 X24.991 Y-23.187 E53.33741
G1 X24.801 Y-22.283 F7200
;WIDTH:0.404381
G1 F1500
G1 X24.76 Y-22.272 E53.33921
G1 X24.741 Y-22.343 E53.34233
G1 X24.812 Y-22.324 E53.34545
;WIDTH:0.45
G1 X24.935 Y-22.586 E53.35937
G1 X36.315 Y-33.966 E54.13342
G1 E52.13342 F2400
G92 E0
G1 Z2.65 F7200
G1 X-38.076 Y-19.073
G1 Z.65
G1 E2 F2400
;WIDTH:0.404381
G1 F1500
G1 X-38.147 Y-19.092 E2.00312
G1 X-38.128 Y-19.021 E2.00624
G1 X-38.087 Y-19.032 E2.00804
;WIDTH:0.45
G1 X-38.304 Y-18.789 E2.02371
G1 X-44.257 Y-12.836 E2.42863
G1 X-44.243 Y-12.305 E2.45418
G1 X-38.415 Y-18.133 E2.85059
G1 X-38.45 Y-17.553 E2.87854
G1 X-44.229 Y-11.774 E3.27162
G1 X-44.215 Y-11.242 E3.29722
G1 X-38.436 Y-17.022 E3.69033
G1 X-38.422 Y-16.49 E3.71593
G1 X-44.201 Y-10.711 E4.10901
G1 X-44.187 Y-10.179 E4.13461
G1 X-38.408 Y-15.959 E4.52772
G1 X-38.394 Y-15.428 E4.55327
G1 X-44.173 Y-9.648 E4.94638
G1 X-44.159 Y-9.117 E4.97193
G1 X-38.38 Y-14.896 E5.36501
G1 X-38.366 Y-14.365 E5.39056
G1 X-44.145 Y-8.585 E5.78367
G1 X-44.131 Y-8.054 E5.80922
G1 X-38.352 Y-13.834 E6.20233
G1 X-38.338 Y-13.302 E6.22793
G1 X-44.117 Y-7.523 E6.62101
G1 X-44.103 Y-6.991 E6.64661
G1 X-38.324 Y-12.771 E7.03972
G1 X-38.31 Y-12.24 E7.06527
G1 X-44.089 Y-6.46 E7.45838
G1 X-44.076 Y-5.929 E7.48393
G1 X-38.296 Y-11.708 E7.87704
G1 X-38.282 Y-11.177 E7.90259
G1 X-44.062 Y-5.397 E8.29574
G1 X-44.048 Y-4.866 E8.32129
G1 X-38.268 Y-10.645 E8.7144
G1 X-38.254 Y-10.114 E8.73995
G1 X-44.034 Y-4.335 E9.13306
G1 X-44.02 Y-3.803 E9.15866
G1 X-38.24 Y-9.583 E9.55181
G1 X-38.226 Y-9.051 E9.57741
G1 X-44.006 Y-3.272 E9.97052
G1 X-43.992 Y-2.741 E9.99607
G1 X-38.212 Y-8.52 E10.38918
G1 X-38.198 Y-7.989 E10.41473
G1 X-43.978 Y-2.209 E10.80788
G1 X-43.964 Y-1.678 E10.83343
G1 X-38.184 Y-7.457 E11.22654
G1 X-38.17 Y-6.926 E11.25209
G1 X-43.95 Y-1.146 E11.64524
G1 X-43.936 Y-.615 E11.67079
G1 X-38.156 Y-6.394 E12.0639
G1 X-38.142 Y-5.863 E12.08945
G1 X-43.922 Y-.084 E12.48256
G1 X-43.908 Y.448 E12.50816
G1 X-38.128 Y-5.332 E12.90131
G1 X-38.114 Y-4.8 E12.92691
G1 X-43.894 Y.979 E13.32002
G1 X-43.88 Y1.51 E13.34557
G1 X-38.1 Y-4.269 E13.73868
G1 X-38.086 Y-3.738 E13.76423
G1 X-43.866 Y2.042 E14.15738
G1 X-43.852 Y2.573 E14.18293
G1 X-38.072 Y-3.206 E14.57604
G1 X-38.058 Y-2.675 E14.60159
G1 X-43.838 Y3.104 E14.9947
G1 X-43.824 Y3.636 E15.0203
G1 X-38.044 Y-2.144 E15.41345
G1 X-38.03 Y-1.612 E15.43905
G1 X-43.81 Y4.167 E15.83216
G1 X-43.796 Y4.698 E15.85771
G1 X-38.016 Y-1.081 E16.25082
G1 X-38.002 Y-.549 E16.27642
G1 X-43.782 Y5.23 E16.66953
G1 X-43.768 Y5.761 E16.69508
G1 X-37.988 Y-.018 E17.08819
G1 X-37.974 Y.513 E17.11374
G1 X-43.754 Y6.293 E17.50689
G1 X-43.74 Y6.824 E17.53244
G1 X-37.96 Y1.045 E17.92555
G1 X-37.946 Y1.576 E17.9511
G1 X-43.726 Y7.355 E18.34421
G1 X-43.712 Y7.887 E18.36981
G1 X-37.932 Y2.107 E18.76296
G1 X-37.918 Y2.639 E18.78856
G1 X-43.698 Y8.418 E19.18167
G1 X-43.684 Y8.949 E19.20722
G1 X-37.904 Y3.17 E19.60033
G1 X-37.89 Y3.701 E19.62588
G1 X-43.67 Y9.481 E20.01903
G1 X-43.656 Y10.012 E20.04458
G1 X-37.877 Y4.233 E20.43766
G1 X-37.863 Y4.764 E20.46321
G1 X-43.642 Y10.543 E20.85629
G1 X-43.628 Y11.075 E20.88189
G1 X-37.849 Y5.296 E21.27497
G1 X-37.835 Y5.827 E21.30052
G1 X-43.614 Y11.606 E21.6936
G1 X-43.6 Y12.137 E21.71915
G1 X-37.821 Y6.358 E22.11223
G1 X-37.807 Y6.89 E22.13783
G1 X-43.586 Y12.669 E22.53091
G1 X-43.572 Y13.2 E22.55646
G1 X-37.793 Y7.421 E22.94954
G1 X-37.779 Y7.952 E22.97509
G1 X-43.558 Y13.732 E23.3682
G1 X-43.544 Y14.263 E23.39375
G1 X-37.765 Y8.484 E23.78683
G1 X-37.751 Y9.015 E23.81238
G1 X-43.53 Y14.794 E24.20546
G1 X-43.516 Y15.326 E24.23106
G1 X-37.737 Y9.546 E24.62417
G1 X-37.723 Y10.078 E24.64977
G1 X-43.502 Y15.857 E25.04285
G1 X-43.488 Y16.388 E25.0684
G1 X-37.703 Y10.604 E25.46185
G1 X-37.646 Y11.092 E25.48548
G1 X-43.474 Y16.92 E25.88189
G1 X-43.46 Y17.451 E25.90744
G1 X-37.527 Y11.518 E26.311
G1 X-37.354 Y11.891 E26.33078
G1 X-43.446 Y17.982 E26.74512
G1 X-43.432 Y18.514 E26.77072
G1 X-37.165 Y12.247 E27.19699
G1 X-36.917 Y12.544 E27.2156
G1 X-43.418 Y19.045 E27.65779
G1 X-42.546 Y18.744 F7200
;WIDTH:0.485701
G1 F1500
G1 X-43.306 Y19.477 E27.71328
;WIDTH:0.454744
G1 X-43.409 Y19.472 E27.7183
G1 X-43.392 Y20.107 E27.74923
G1 X-43.009 Y19.727 E27.7755
;WIDTH:0.485701
G1 X-42.737 Y19.48 E27.79481
G1 X-42.567 Y19.542 E27.80432
G1 X-42.564 Y19.237 E27.82035
G1 X-42.488 Y18.823 E27.84247
G1 X-42.409 Y18.607 E27.85456
;WIDTH:0.45
G1 X-41.978 Y17.996 E27.89052
;WIDTH:0.404381
G1 X-41.594 Y17.578 E27.91459
G1 X-40.96 Y17.048 E27.94963
G1 X-40.725 Y17.025 E27.95964
;WIDTH:0.45
G1 X-40.687 Y16.86 E27.96778
G1 X-36.669 Y12.841 E28.24111
G1 X-36.363 Y13.081 E28.25981
G1 X-39.979 Y16.697 E28.50577
G1 X-39.424 Y16.687 E28.53247
G1 X-36.032 Y13.295 E28.76319
G1 X-35.665 Y13.474 E28.78283
G1 X-38.958 Y16.767 E29.00682
G1 X-38.553 Y16.907 E29.02743
G1 X-35.245 Y13.599 E29.25244
G1 X-34.803 Y13.702 E29.27427
G1 X-38.204 Y17.103 E29.5056
G1 X-37.869 Y17.314 E29.52464
G1 X-34.28 Y13.725 E29.76876
G1 X-33.511 Y13.443 F7200
;WIDTH:0.404381
G1 F1500
G1 X-33.37 Y13.465 E29.77481
;WIDTH:0.45
G1 X-33.64 Y13.63 E29.79003
G1 X-37.605 Y17.595 E30.05972
G1 X-37.351 Y17.886 E30.0783
G1 X-32.71 Y13.245 E30.39398
G1 X-32.407 Y13.062 E30.411
;WIDTH:0.404381
G1 X-32.448 Y13.073 E30.4128
G1 X-32.467 Y13.002 E30.41592
G1 X-32.396 Y13.021 E30.41904
G1 X-31.034 Y12.205 F7200
G1 F1500
G1 X-31.105 Y12.186 E30.42216
G1 X-31.086 Y12.257 E30.42528
G1 X-31.045 Y12.246 E30.42708
;WIDTH:0.45
G1 X-31.348 Y12.428 E30.44408
G1 X-37.137 Y18.217 E30.83784
G1 X-36.99 Y18.616 E30.85829
G1 X-29.986 Y11.612 E31.33469
G1 X-29.683 Y11.429 E31.35171
;WIDTH:0.404381
G1 X-29.724 Y11.44 E31.35351
G1 X-29.743 Y11.369 E31.35663
G1 X-29.672 Y11.388 E31.35975
G1 X-28.31 Y10.571 F7200
G1 F1500
G1 X-28.381 Y10.552 E31.36287
G1 X-28.362 Y10.623 E31.36599
G1 X-28.321 Y10.612 E31.36779
;WIDTH:0.45
G1 X-28.624 Y10.795 E31.38481
G1 X-36.858 Y19.03 E31.94491
G1 X-36.83 Y19.546 E31.96976
G1 X-27.262 Y9.978 E32.62056
G1 X-26.959 Y9.796 E32.63756
;WIDTH:0.404381
G1 X-27 Y9.807 E32.63936
G1 X-27.019 Y9.736 E32.64248
G1 X-26.948 Y9.755 E32.6456
G1 X-25.586 Y8.938 F7200
G1 F1500
G1 X-25.657 Y8.919 E32.64872
G1 X-25.638 Y8.99 E32.65184
G1 X-25.597 Y8.979 E32.65364
;WIDTH:0.45
G1 X-25.9 Y9.162 E32.67066
G1 X-36.876 Y20.138 E33.41723
G1 X-37.009 Y20.441 E33.43315
;WIDTH:0.404381
G1 X-37.05 Y20.452 E33.43495
G1 X-37.069 Y20.381 E33.43807
G1 X-36.998 Y20.4 E33.44119
G1 E31.44119 F2400
G92 E0
G1 Z2.65 F7200
G1 X-42.697 Y19.96
G1 Z.65
G1 E2 F2400
;WIDTH:0.45
G1 F1500
G1 X-43.386 Y20.649 E2.04686
G1 X-42.468 Y20.277 F7200
G1 F1500
G1 X-43.531 Y21.34 E2.11916
G1 X-43.719 Y21.612 E2.13506
;WIDTH:0.404381
G1 X-44.326 Y22.273 E2.17312
G1 X-44.596 Y22.482 E2.1876
G1 E.1876 F2400
G92 E0
G1 Z2.65 F7200
G1 X-42.318 Y20.672
G1 Z.65
G1 E2 F2400
;WIDTH:0.45
G1 F1500
G1 X-50.109 Y28.463 E2.52993
G1 X-49.564 Y28.463 E2.55614
G1 X-42.146 Y21.045 E3.0607
G1 X-41.908 Y21.352 E3.07938
G1 X-49.019 Y28.463 E3.56306
G1 X-48.473 Y28.463 E3.58932
G1 X-41.657 Y21.647 E4.05294
G1 X-41.355 Y21.89 E4.07158
G1 X-47.928 Y28.463 E4.51867
G1 X-47.383 Y28.463 E4.54488
G1 X-41.009 Y22.089 E4.97843
G1 X-40.644 Y22.27 E4.99803
G1 X-46.837 Y28.463 E5.41927
G1 X-46.292 Y28.463 E5.44548
G1 X-40.188 Y22.36 E5.86063
G1 X-39.716 Y22.432 E5.88359
G1 X-45.747 Y28.463 E6.29381
G1 X-45.201 Y28.463 E6.32007
G1 X-39.085 Y22.347 E6.73607
G1 X-38.165 Y21.972 F7200
G1 F1500
G1 X-44.656 Y28.463 E7.17758
G1 E5.17758 F2400
G92 E0
G1 Z2.65 F7200
G1 X-37.884 Y21.737
G1 Z.65
G1 E2 F2400
;WIDTH:0.405717
G1 F1500
G1 X-37.448 Y21.286 E2.02671
;WIDTH:0.45
G1 X-37.206 Y21.014 E2.04422
G1 X-24.538 Y8.345 E2.90592
G1 X-24.235 Y8.162 E2.92294
;WIDTH:0.404381
G1 X-24.276 Y8.173 E2.92474
G1 X-24.295 Y8.102 E2.92786
G1 X-24.224 Y8.121 E2.93098
G1 X-22.862 Y7.305 F7200
G1 F1500
G1 X-22.933 Y7.286 E2.9341
G1 X-22.914 Y7.357 E2.93722
G1 X-22.873 Y7.346 E2.93902
;WIDTH:0.45
G1 X-23.176 Y7.528 E2.95602
G1 X-44.111 Y28.463 E4.37999
G1 X-43.565 Y28.463 E4.40625
G1 X-21.814 Y6.712 E5.88573
G1 X-21.511 Y6.529 E5.90275
;WIDTH:0.404381
G1 X-21.552 Y6.54 E5.90455
G1 X-21.571 Y6.469 E5.90767
G1 X-21.5 Y6.488 E5.91079
G1 X-20.138 Y5.671 F7200
G1 F1500
G1 X-20.209 Y5.652 E5.91391
G1 X-20.19 Y5.723 E5.91703
G1 X-20.149 Y5.712 E5.91883
;WIDTH:0.45
G1 X-20.452 Y5.895 E5.93585
G1 X-43.02 Y28.463 E7.4709
G1 X-42.475 Y28.463 E7.49711
G1 X-19.09 Y5.078 E9.08773
G1 X-18.787 Y4.896 E9.10473
;WIDTH:0.404381
G1 X-18.828 Y4.907 E9.10653
G1 X-18.847 Y4.836 E9.10965
G1 X-18.776 Y4.855 E9.11277
G1 X-17.414 Y4.038 F7200
G1 F1500
G1 X-17.485 Y4.019 E9.11589
G1 X-17.466 Y4.09 E9.11901
G1 X-17.425 Y4.079 E9.12081
;WIDTH:0.45
G1 X-17.728 Y4.262 E9.13783
G1 X-41.929 Y28.463 E10.78395
G1 X-41.384 Y28.463 E10.81016
G1 X-16.366 Y3.445 E12.51185
G1 X-16.063 Y3.262 E12.52887
;WIDTH:0.404381
G1 X-16.104 Y3.273 E12.53067
G1 X-16.123 Y3.202 E12.53379
G1 X-16.052 Y3.221 E12.53691
G1 X-14.69 Y2.405 F7200
G1 F1500
G1 X-14.761 Y2.386 E12.54003
G1 X-14.742 Y2.457 E12.54315
G1 X-14.701 Y2.446 E12.54495
;WIDTH:0.45
G1 X-15.004 Y2.628 E12.56195
G1 X-40.838 Y28.463 E14.31918
G1 X-40.293 Y28.463 E14.34539
G1 X-13.642 Y1.812 E16.15816
G1 X-13.339 Y1.629 E16.17518
;WIDTH:0.404381
G1 X-13.38 Y1.64 E16.17698
G1 X-13.399 Y1.569 E16.1801
G1 X-13.328 Y1.588 E16.18322
G1 X-11.966 Y.771 F7200
G1 F1500
G1 X-12.037 Y.752 E16.18634
G1 X-12.018 Y.823 E16.18946
G1 X-11.977 Y.812 E16.19126
;WIDTH:0.45
G1 X-12.28 Y.995 E16.20828
G1 X-39.748 Y28.463 E18.07662
G1 X-38.889 Y28.565 F7200
;WIDTH:0.404381
G1 F1500
G1 X-38.96 Y28.546 E18.07974
G1 X-38.941 Y28.617 E18.08286
G1 X-38.9 Y28.606 E18.08466
;WIDTH:0.45
G1 X-39.202 Y28.463 E18.10073
G1 X-10.918 Y.178 E20.02461
G1 X-10.615 Y-.004 E20.04161
;WIDTH:0.404381
G1 X-10.656 Y.007 E20.04341
G1 X-10.675 Y-.065 E20.04657
G1 X-10.604 Y-.045 E20.0497
G1 E18.0497 F2400
G92 E0
G1 Z2.65 F7200
G1 X-2.932 Y-7.262
G1 Z.65
G1 E2 F2400
;WIDTH:0.45
G1 F1500
G1 X-21.135 Y10.941 E3.23815
G1 X-21.407 Y11.157 E3.25486
;WIDTH:0.404381
G1 X-21.864 Y11.526 E3.27977
G1 X-22.362 Y12.02 E3.30952
G1 X-22.714 Y12.444 E3.33289
;WIDTH:0.45
G1 X-22.91 Y12.717 E3.34905
G1 X-38.657 Y28.463 E4.42011
G1 X-38.112 Y28.463 E4.44632
G1 X-23.128 Y13.479 E5.46551
G1 X-22.944 Y13.24 E5.48002
;WIDTH:0.404381
G1 X-22.985 Y13.251 E5.48182
G1 X-23.004 Y13.179 E5.48498
G1 X-22.933 Y13.198 E5.4881
G1 X-23.164 Y14.061 F7200
;WIDTH:0.45
G1 F1500
G1 X-37.566 Y28.463 E6.46771
G1 X-37.021 Y28.463 E6.49392
G1 X-23.131 Y14.574 E7.43867
G1 X-23.021 Y15.009 E7.46025
G1 X-36.476 Y28.463 E8.37541
G1 X-35.93 Y28.463 E8.40167
G1 X-22.88 Y15.413 E9.28931
G1 X-22.681 Y15.76 E9.30855
G1 X-35.385 Y28.463 E10.17263
G1 X-34.84 Y28.463 E10.19884
G1 X-22.456 Y16.08 E11.04115
G1 X-22.199 Y16.368 E11.05972
G1 X-34.294 Y28.463 E11.88241
G1 X-33.749 Y28.463 E11.90862
G1 X-21.906 Y16.621 E12.71413
G1 X-21.58 Y16.839 E12.73299
G1 X-33.204 Y28.463 E13.52364
G1 X-32.658 Y28.463 E13.5499
G1 X-21.217 Y17.022 E14.3281
G1 X-20.826 Y17.176 E14.34831
G1 X-32.113 Y28.463 E15.11604
G1 X-31.568 Y28.463 E15.14225
G1 X-20.378 Y17.274 E15.90335
G1 X-19.873 Y17.314 E15.92771
G1 X-31.022 Y28.463 E16.68605
G1 X-30.477 Y28.463 E16.71226
G1 X-19.327 Y17.314 E17.47064
G1 X-18.782 Y17.314 E17.49685
G1 X-29.932 Y28.463 E18.25523
G1 X-29.386 Y28.463 E18.28149
G1 X-18.237 Y17.314 E19.03983
G1 X-17.692 Y17.315 E19.06604
G1 X-28.841 Y28.463 E19.82435
G1 X-28.295 Y28.463 E19.85061
G1 X-17.147 Y17.315 E20.60888
G1 X-16.602 Y17.315 E20.63509
G1 X-27.75 Y28.463 E21.39336
G1 X-27.205 Y28.463 E21.41957
G1 X-16.057 Y17.315 E22.17784
G1 X-15.511 Y17.315 E22.2041
G1 X-26.659 Y28.463 E22.96237
G1 X-26.114 Y28.463 E22.98858
G1 X-14.966 Y17.316 E23.74682
G1 X-14.421 Y17.316 E23.77303
G1 X-25.569 Y28.463 E24.53127
G1 X-25.023 Y28.463 E24.55753
G1 X-13.876 Y17.316 E25.31574
G1 X-13.331 Y17.316 E25.34195
G1 X-24.478 Y28.463 E26.10016
G1 X-23.933 Y28.463 E26.12637
G1 X-12.786 Y17.316 E26.88458
G1 X-12.241 Y17.317 E26.91079
G1 X-23.387 Y28.463 E27.66893
G1 X-22.842 Y28.463 E27.69514
G1 X-11.695 Y17.317 E28.45331
G1 X-11.15 Y17.317 E28.47952
G1 X-22.297 Y28.463 E29.23769
G1 X-21.751 Y28.463 E29.26395
G1 X-10.605 Y17.317 E30.02209
G1 X-10.06 Y17.317 E30.0483
G1 X-21.206 Y28.463 E30.80644
G1 X-20.661 Y28.463 E30.83265
G1 X-9.515 Y17.318 E31.59075
G1 X-8.97 Y17.318 E31.61696
G1 X-20.115 Y28.463 E32.37503
G1 X-19.57 Y28.463 E32.40124
G1 X-8.425 Y17.318 E33.15931
G1 X-7.879 Y17.318 E33.18557
G1 X-19.025 Y28.463 E33.94367
G1 X-18.479 Y28.463 E33.96993
G1 X-7.334 Y17.318 E34.728
G1 X-6.789 Y17.319 E34.75421
G1 X-17.934 Y28.463 E35.51225
G1 X-17.389 Y28.463 E35.53846
G1 X-6.244 Y17.319 E36.2965
G1 X-5.699 Y17.319 E36.32271
G1 X-16.843 Y28.463 E37.08071
G1 X-16.298 Y28.463 E37.10692
G1 X-5.154 Y17.319 E37.86492
G1 X-4.609 Y17.319 E37.89113
G1 X-15.752 Y28.463 E38.6491
G1 X-15.207 Y28.463 E38.67531
G1 X-4.063 Y17.32 E39.43328
G1 X-3.518 Y17.32 E39.45949
G1 X-14.662 Y28.463 E40.21746
G1 X-14.116 Y28.463 E40.24372
G1 X-2.973 Y17.32 E41.00165
G1 X-2.428 Y17.32 E41.02786
G1 X-13.571 Y28.463 E41.78579
G1 X-13.026 Y28.463 E41.812
G1 X-1.883 Y17.32 E42.56993
G1 X-1.338 Y17.321 E42.59614
G1 X-12.48 Y28.463 E43.35401
G1 X-11.935 Y28.463 E43.38022
G1 X-.793 Y17.321 E44.13809
G1 X-.247 Y17.321 E44.16435
G1 X-11.39 Y28.463 E44.92225
G1 X-10.844 Y28.463 E44.94851
G1 X.298 Y17.321 E45.70638
G1 X.843 Y17.321 E45.73259
G1 X-10.299 Y28.463 E46.49046
G1 X-9.754 Y28.463 E46.51667
G1 X1.388 Y17.322 E47.2745
G1 X1.933 Y17.322 E47.30071
G1 X-9.208 Y28.463 E48.05851
G1 X-8.663 Y28.463 E48.08472
G1 X2.478 Y17.322 E48.84252
G1 X3.023 Y17.322 E48.86873
G1 X-8.118 Y28.463 E49.62653
G1 X-7.572 Y28.463 E49.65279
G1 X3.569 Y17.322 E50.41059
G1 X4.114 Y17.323 E50.4368
G1 X-7.027 Y28.463 E51.19456
G1 X-6.482 Y28.463 E51.22077
G1 X4.659 Y17.323 E51.97853
G1 X5.204 Y17.323 E52.00474
G1 X-5.936 Y28.463 E52.76247
G1 X-5.391 Y28.463 E52.78868
G1 X5.749 Y17.323 E53.54641
G1 X6.294 Y17.323 E53.57262
G1 X-4.846 Y28.463 E54.33035
G1 X-4.3 Y28.463 E54.35661
G1 X6.839 Y17.324 E55.11427
G1 X7.385 Y17.324 E55.14053
G1 X-3.755 Y28.463 E55.89822
G1 X-3.209 Y28.463 E55.92448
G1 X7.93 Y17.324 E56.68214
G1 X8.475 Y17.324 E56.70835
G1 X-2.664 Y28.463 E57.46601
G1 X-2.119 Y28.463 E57.49222
G1 X9.02 Y17.324 E58.24988
G1 X9.565 Y17.325 E58.27609
G1 X-1.573 Y28.463 E59.03368
G1 X-1.028 Y28.463 E59.05989
G1 X10.11 Y17.325 E59.81748
G1 X10.656 Y17.325 E59.84374
G1 X-.483 Y28.463 E60.60137
G1 X.063 Y28.463 E60.62763
G1 X11.201 Y17.325 E61.38522
G1 X11.746 Y17.325 E61.41143
G1 X.608 Y28.463 E62.16902
G1 X1.153 Y28.463 E62.19523
G1 X12.291 Y17.326 E62.95279
G1 X12.836 Y17.326 E62.979
G1 X1.699 Y28.463 E63.73652
G1 X2.244 Y28.463 E63.76273
G1 X13.381 Y17.326 E64.52025
G1 X13.926 Y17.326 E64.54646
G1 X2.789 Y28.463 E65.30398
G1 X3.335 Y28.463 E65.33024
G1 X14.472 Y17.326 E66.08776
G1 X15.017 Y17.327 E66.11397
G1 X3.88 Y28.463 E66.87146
G1 X4.425 Y28.463 E66.89767
G1 X15.562 Y17.327 E67.65516
G1 X16.116 Y17.318 E67.68181
G1 X4.971 Y28.463 E68.43988
G1 X5.516 Y28.463 E68.46609
G1 X16.738 Y17.241 E69.2294
G1 X17.641 Y16.884 F7200
G1 F1500
G1 X6.061 Y28.463 E70.01702
G1 E68.01702 F2400
G92 E0
G1 Z2.65 F7200
G1 X-20.043 Y10.394
G1 Z.65
G1 E2 F2400
;WIDTH:0.404381
G1 F1500
G1 X-20.084 Y10.405 E2.0018
G1 X-20.103 Y10.334 E2.00492
G1 X-20.032 Y10.353 E2.00804
;WIDTH:0.45
G1 X-19.801 Y10.152 E2.02277
G1 X-2.598 Y-7.05 E3.19286
G1 X-2.25 Y-6.853 E3.21209
G1 X-18.467 Y9.364 E4.31515
G1 X-18.699 Y9.564 E4.32988
;WIDTH:0.404381
G1 X-18.77 Y9.545 E4.333
G1 X-18.751 Y9.616 E4.33612
G1 X-18.71 Y9.605 E4.33792
G1 X-17.376 Y8.817 F7200
G1 F1500
G1 X-17.417 Y8.828 E4.33972
G1 X-17.436 Y8.757 E4.34284
G1 X-17.365 Y8.776 E4.34596
;WIDTH:0.45
G1 X-17.133 Y8.575 E4.36072
G1 X-1.875 Y-6.683 E5.39855
G1 X-1.457 Y-6.556 E5.41956
G1 X-15.799 Y7.787 E6.39512
G1 X-16.031 Y7.987 E6.40985
;WIDTH:0.404381
G1 X-16.102 Y7.968 E6.41297
G1 X-16.083 Y8.039 E6.41609
G1 X-16.042 Y8.028 E6.41789
G1 X-14.708 Y7.24 F7200
G1 F1500
G1 X-14.749 Y7.251 E6.41969
G1 X-14.768 Y7.18 E6.42281
G1 X-14.697 Y7.199 E6.42593
;WIDTH:0.45
G1 X-14.465 Y6.998 E6.44069
G1 X-.987 Y-6.48 E7.35745
G1 X-.435 Y-6.487 E7.384
G1 X-13.132 Y6.21 E8.24763
G1 X-13.363 Y6.41 E8.26233
;WIDTH:0.404381
G1 X-13.434 Y6.391 E8.26545
G1 X-13.415 Y6.463 E8.26861
G1 X-13.374 Y6.452 E8.27041
G1 X-12.04 Y5.663 F7200
G1 F1500
G1 X-12.082 Y5.674 E8.27225
G1 X-12.101 Y5.603 E8.27537
G1 X-12.029 Y5.622 E8.27853
;WIDTH:0.45
G1 X-11.798 Y5.422 E8.29323
G1 X.252 Y-6.629 E9.11289
G1 X1.639 Y-7.38 F7200
;WIDTH:0.404381
G1 F1500
G1 X1.568 Y-7.399 E9.11601
G1 X1.587 Y-7.328 E9.11913
G1 X1.628 Y-7.339 E9.12093
;WIDTH:0.45
G1 X1.326 Y-7.157 E9.13789
G1 X-10.464 Y4.633 E9.93983
G1 X-10.696 Y4.834 E9.95459
;WIDTH:0.404381
G1 X-10.767 Y4.814 E9.95772
G1 X-10.748 Y4.886 E9.96088
G1 X-10.707 Y4.875 E9.96268
G1 X-9.373 Y4.086 F7200
G1 F1500
G1 X-9.414 Y4.097 E9.96448
G1 X-9.433 Y4.026 E9.9676
G1 X-9.362 Y4.045 E9.97072
;WIDTH:0.45
G1 X-9.13 Y3.845 E9.98545
G1 X2.687 Y-7.973 E10.78926
G1 X2.99 Y-8.155 E10.80626
;WIDTH:0.404381
G1 X2.949 Y-8.144 E10.80806
G1 X2.93 Y-8.215 E10.81118
G1 X3.001 Y-8.196 E10.8143
G1 X4.362 Y-9.013 F7200
G1 F1500
G1 X4.291 Y-9.032 E10.81742
G1 X4.31 Y-8.96 E10.82058
G1 X4.351 Y-8.971 E10.82238
;WIDTH:0.45
G1 X4.048 Y-8.789 E10.83938
G1 X-7.796 Y3.056 E11.64503
G1 X-8.028 Y3.257 E11.65979
;WIDTH:0.404381
G1 X-8.099 Y3.238 E11.66291
G1 X-8.08 Y3.309 E11.66603
G1 X-8.039 Y3.298 E11.66783
G1 X-6.705 Y2.509 F7200
G1 F1500
G1 X-6.746 Y2.52 E11.66963
G1 X-6.765 Y2.449 E11.67275
G1 X-6.694 Y2.468 E11.67587
;WIDTH:0.45
G1 X-6.463 Y2.268 E11.69057
G1 X5.41 Y-9.605 E12.49816
G1 X5.713 Y-9.788 E12.51518
;WIDTH:0.404381
G1 X5.672 Y-9.777 E12.51698
G1 X5.653 Y-9.848 E12.5201
G1 X5.724 Y-9.829 E12.52322
G1 X7.085 Y-10.645 F7200
G1 F1500
G1 X7.014 Y-10.664 E12.52634
G1 X7.033 Y-10.593 E12.52946
G1 X7.074 Y-10.604 E12.53126
;WIDTH:0.45
G1 X6.771 Y-10.421 E12.54828
G1 X-5.129 Y1.479 E13.3577
G1 X-5.36 Y1.68 E13.37243
;WIDTH:0.404381
G1 X-5.432 Y1.661 E13.37559
G1 X-5.412 Y1.732 E13.37872
G1 X-5.371 Y1.721 E13.38052
G1 X-4.038 Y.932 F7200
G1 F1500
G1 X-4.079 Y.943 E13.38232
G1 X-4.098 Y.872 E13.38544
G1 X-4.027 Y.891 E13.38856
;WIDTH:0.45
G1 X-3.795 Y.691 E13.40329
G1 X8.133 Y-11.237 E14.21462
G1 X8.436 Y-11.42 E14.23164
;WIDTH:0.404381
G1 X8.394 Y-11.409 E14.23348
G1 X8.375 Y-11.48 E14.2366
G1 X8.447 Y-11.461 E14.23976
G1 X9.808 Y-12.277 F7200
G1 F1500
G1 X9.737 Y-12.296 E14.24288
G1 X9.756 Y-12.225 E14.246
G1 X9.797 Y-12.236 E14.2478
;WIDTH:0.45
G1 X9.494 Y-12.053 E14.26482
G1 X-2.624 Y.065 E15.08907
G1 X-2.896 Y.256 E15.10506
;WIDTH:0.404381
G1 X-2.745 Y.264 E15.11147
G1 X-1.909 Y-.104 F7200
;WIDTH:0.45
G1 F1500
G1 X10.856 Y-12.869 E15.97973
G1 X11.158 Y-13.052 E15.99671
;WIDTH:0.404381
G1 X11.117 Y-13.041 E15.99851
G1 X11.098 Y-13.112 E16.00163
G1 X11.169 Y-13.093 E16.00475
G1 X12.531 Y-13.909 F7200
G1 F1500
G1 X12.46 Y-13.928 E16.00787
G1 X12.479 Y-13.857 E16.01099
G1 X12.52 Y-13.868 E16.01279
;WIDTH:0.45
G1 X12.217 Y-13.685 E16.02981
G1 X-1.358 Y-.111 E16.95313
G1 X-.86 Y-.063 E16.97719
G1 X13.579 Y-14.501 E17.95928
G1 X13.881 Y-14.684 E17.97626
;WIDTH:0.404381
G1 X13.84 Y-14.673 E17.97806
G1 X13.821 Y-14.744 E17.98118
G1 X13.892 Y-14.725 E17.9843
G1 X15.254 Y-15.541 F7200
G1 F1500
G1 X15.183 Y-15.56 E17.98742
G1 X15.202 Y-15.489 E17.99054
G1 X15.243 Y-15.5 E17.99234
;WIDTH:0.45
G1 X14.94 Y-15.318 E18.00934
G1 X-.429 Y.052 E19.05475
G1 X-.05 Y.218 E19.07465
G1 X16.301 Y-16.134 E20.18686
G1 X16.604 Y-16.316 E20.20386
;WIDTH:0.404381
G1 X16.563 Y-16.305 E20.20566
G1 X16.544 Y-16.376 E20.20878
G1 X16.615 Y-16.357 E20.2119
G1 X17.977 Y-17.174 F7200
G1 F1500
G1 X17.906 Y-17.193 E20.21502
G1 X17.925 Y-17.121 E20.21818
G1 X17.966 Y-17.132 E20.21998
;WIDTH:0.45
G1 X17.663 Y-16.95 E20.23698
G1 X.316 Y.398 E21.41694
G1 X.652 Y.607 E21.43597
G1 X19.024 Y-17.766 E22.68564
G1 X19.327 Y-17.949 E22.70266
;WIDTH:0.404381
G1 X19.286 Y-17.938 E22.70446
G1 X19.267 Y-18.009 E22.70758
G1 X19.338 Y-17.99 E22.7107
G1 X20.7 Y-18.806 F7200
G1 F1500
G1 X20.628 Y-18.825 E22.71386
G1 X20.647 Y-18.754 E22.71698
G1 X20.689 Y-18.765 E22.71882
;WIDTH:0.45
G1 X20.386 Y-18.582 E22.73584
G1 X8.209 Y-6.405 E23.5641
G1 X7.937 Y-6.194 E23.58066
;WIDTH:0.404381
G1 X7.161 Y-5.515 E23.62439
G1 X6.666 Y-4.94 E23.65656
;WIDTH:0.45
G1 X6.471 Y-4.668 E23.67266
G1 X.988 Y.816 E24.04564
G1 X1.324 Y1.025 E24.06467
G1 X6.206 Y-3.857 E24.39674
G1 X6.387 Y-4.1 E24.41131
;WIDTH:0.404381
G1 X6.346 Y-4.089 E24.41311
G1 X6.326 Y-4.16 E24.41624
G1 X6.398 Y-4.141 E24.4194
G1 X6.162 Y-3.267 F7200
;WIDTH:0.45
G1 F1500
G1 X1.66 Y1.235 E24.72562
G1 X1.996 Y1.444 E24.74465
G1 X6.206 Y-2.766 E25.03101
G1 X6.321 Y-2.335 E25.05246
G1 X2.332 Y1.653 E25.32375
G1 X2.668 Y1.862 E25.34278
G1 X6.476 Y-1.945 E25.60176
G1 X6.655 Y-1.579 E25.62136
G1 X3.004 Y2.071 E25.86966
G1 X3.341 Y2.281 E25.88876
G1 X6.886 Y-1.265 E26.12992
G1 X7.142 Y-.975 E26.14853
G1 X3.677 Y2.49 E26.38421
G1 X4.013 Y2.699 E26.40324
G1 X7.438 Y-.726 E26.6362
G1 X7.755 Y-.498 E26.65498
G1 X4.349 Y2.908 E26.88665
G1 X4.685 Y3.118 E26.90571
G1 X8.089 Y-.286 E27.13725
G1 X8.423 Y-.075 E27.15625
G1 X5.021 Y3.327 E27.38765
G1 X5.357 Y3.536 E27.40668
G1 X8.757 Y.137 E27.63791
G1 X9.091 Y.348 E27.65691
G1 X5.693 Y3.745 E27.888
G1 X6.03 Y3.955 E27.9071
G1 X9.425 Y.559 E28.13806
G1 X9.759 Y.771 E28.15709
G1 X6.366 Y4.164 E28.38788
G1 X6.702 Y4.373 E28.40691
G1 X10.092 Y.982 E28.63753
G1 X10.426 Y1.194 E28.65656
G1 X7.038 Y4.582 E28.88701
G1 X7.374 Y4.791 E28.90604
G1 X10.76 Y1.405 E29.13635
G1 X11.094 Y1.617 E29.15538
G1 X7.71 Y5.001 E29.38556
G1 X8.046 Y5.21 E29.40459
G1 X11.428 Y1.828 E29.63463
G1 X11.762 Y2.04 E29.65366
G1 X8.382 Y5.419 E29.88353
G1 X8.719 Y5.628 E29.9026
G1 X12.096 Y2.251 E30.1323
G1 X12.43 Y2.463 E30.15133
G1 X9.055 Y5.838 E30.38089
G1 X9.391 Y6.047 E30.39992
G1 X12.764 Y2.674 E30.62935
G1 X13.097 Y2.886 E30.64834
G1 X9.727 Y6.256 E30.87756
G1 X10.063 Y6.465 E30.89659
G1 X13.431 Y3.097 E31.12568
G1 X13.765 Y3.308 E31.14468
G1 X10.399 Y6.674 E31.37363
G1 X10.735 Y6.884 E31.39269
G1 X14.099 Y3.52 E31.62151
G1 X14.433 Y3.731 E31.64051
G1 X11.071 Y7.093 E31.86919
G1 X11.408 Y7.302 E31.88826
G1 X14.767 Y3.943 E32.11674
G1 X15.101 Y4.154 E32.13574
G1 X11.744 Y7.511 E32.36408
G1 X12.08 Y7.721 E32.38314
G1 X15.435 Y4.366 E32.61134
G1 X15.769 Y4.577 E32.63034
G1 X12.416 Y7.93 E32.85841
G1 X12.752 Y8.139 E32.87744
G1 X16.102 Y4.789 E33.1053
G1 X16.436 Y5 E33.1243
G1 X13.088 Y8.348 E33.35203
G1 X13.424 Y8.557 E33.37106
G1 X16.77 Y5.212 E33.59862
G1 X17.104 Y5.423 E33.61762
G1 X13.76 Y8.767 E33.84507
G1 X14.097 Y8.976 E33.86414
G1 X17.438 Y5.635 E34.09139
G1 X17.772 Y5.846 E34.11039
G1 X14.433 Y9.185 E34.3375
G1 X14.769 Y9.394 E34.35653
G1 X18.106 Y6.057 E34.58351
G1 X18.44 Y6.269 E34.60254
G1 X15.105 Y9.604 E34.82938
G1 X15.441 Y9.813 E34.84841
G1 X18.773 Y6.48 E35.07508
G1 X19.107 Y6.692 E35.09411
G1 X15.777 Y10.022 E35.32061
G1 X16.113 Y10.231 E35.33964
G1 X19.441 Y6.903 E35.56601
G1 X19.775 Y7.115 E35.58504
G1 X16.449 Y10.44 E35.81124
G1 X16.786 Y10.65 E35.83034
G1 X20.109 Y7.326 E36.0564
G1 X20.443 Y7.538 E36.07543
G1 X17.122 Y10.859 E36.30132
G1 X17.458 Y11.068 E36.32035
G1 X20.777 Y7.749 E36.5461
G1 X21.111 Y7.961 E36.56513
G1 X17.792 Y11.28 E36.79088
G1 X18.107 Y11.509 E36.80961
G1 X21.445 Y8.172 E37.03662
G1 X21.778 Y8.384 E37.05561
G1 X18.38 Y11.782 E37.28674
G1 X18.631 Y12.076 E37.30533
G1 X22.112 Y8.595 E37.5421
G1 X22.446 Y8.806 E37.5611
G1 X18.85 Y12.403 E37.80573
G1 X19.037 Y12.761 E37.82516
G1 X22.78 Y9.018 E38.07975
G1 X23.114 Y9.229 E38.09875
G1 X19.172 Y13.171 E38.36688
G1 X19.265 Y13.624 E38.38912
G1 X23.448 Y9.441 E38.67364
G1 X23.782 Y9.652 E38.69264
G1 X19.291 Y14.143 E38.99811
G1 X19.09 Y15.065 F7200
;WIDTH:0.404381
G1 F1500
G1 X19.049 Y15.076 E38.99991
G1 X19.03 Y15.005 E39.00303
G1 X19.101 Y15.024 E39.00615
;WIDTH:0.45
G1 X19.217 Y14.762 E39.01993
G1 X24.116 Y9.864 E39.35312
G1 X24.45 Y10.075 E39.37212
G1 X18.862 Y15.663 E39.75221
G1 X18.636 Y15.936 E39.76926
;WIDTH:0.404381
G1 X18.34 Y16.274 E39.78831
G1 X17.914 Y16.665 E39.81283
G1 E37.81283 F2400
G92 E0
G1 Z2.65 F7200
G1 X24.783 Y10.287
G1 Z.65
G1 E2 F2400
;WIDTH:0.45
G1 F1500
G1 X6.607 Y28.463 E3.23631
G1 X7.152 Y28.463 E3.26252
G1 X25.117 Y10.498 E4.48448
G1 X25.451 Y10.71 E4.50351
G1 X7.697 Y28.463 E5.71108
G1 X8.243 Y28.463 E5.73734
G1 X25.785 Y10.921 E6.93053
G1 X26.119 Y11.133 E6.94956
G1 X8.788 Y28.463 E8.12836
G1 X9.334 Y28.463 E8.15462
G1 X26.453 Y11.344 E9.31903
G1 X26.787 Y11.555 E9.33803
G1 X9.879 Y28.463 E10.48809
G1 X10.424 Y28.463 E10.5143
G1 X27.121 Y11.767 E11.64998
G1 X27.455 Y11.978 E11.66898
G1 X10.97 Y28.463 E12.79027
G1 X11.515 Y28.463 E12.81648
G1 X27.788 Y12.19 E13.92335
G1 X28.122 Y12.401 E13.94235
G1 X12.06 Y28.463 E15.03487
G1 X12.606 Y28.463 E15.06113
G1 X28.456 Y12.613 E16.13923
G1 X28.79 Y12.824 E16.15823
G1 X13.151 Y28.463 E17.22198
G1 X13.696 Y28.463 E17.24819
G1 X29.148 Y13.011 E18.29922
G1 X29.529 Y13.176 E18.31919
G1 X14.242 Y28.463 E19.35899
G1 X14.787 Y28.463 E19.3852
G1 X29.956 Y13.294 E20.41698
G1 X30.447 Y13.348 E20.44074
G1 X15.332 Y28.463 E21.46884
G1 X15.878 Y28.463 E21.4951
G1 X31.014 Y13.327 E22.52463
G1 X31.743 Y13.144 E22.56078
G1 X16.423 Y28.463 E23.60279
G1 E21.60279 F2400
G92 E0
G1 Z2.65 F7200
G1 X9.3 Y-6.952
G1 Z.65
G1 E2 F2400
;WIDTH:0.404381
G1 F1500
G1 X9.259 Y-6.941 E2.0018
G1 X9.24 Y-7.012 E2.00492
G1 X9.311 Y-6.993 E2.00804
;WIDTH:0.45
G1 X9.543 Y-7.194 E2.0228
G1 X21.747 Y-19.398 E2.8529
G1 X22.05 Y-19.581 E2.86992
;WIDTH:0.404381
G1 X22.009 Y-19.57 E2.87172
G1 X21.99 Y-19.641 E2.87484
G1 X22.061 Y-19.622 E2.87796
G1 X23.109 Y-20.214 F7200
;WIDTH:0.45
G1 F1500
G1 X10.877 Y-7.982 E3.70997
G1 X10.645 Y-7.782 E3.7247
;WIDTH:0.404381
G1 X10.574 Y-7.801 E3.72782
G1 X10.593 Y-7.73 E3.73094
G1 X10.634 Y-7.741 E3.73274
G1 E1.73274 F2400
G92 E0
G1 Z2.65 F7200
G1 X23.381 Y-20.437
G1 Z.65
G1 E2 F2400
G1 F1500
G1 X23.855 Y-20.84 E2.02638
G1 X24.437 Y-21.475 E2.06291
;WIDTH:0.45
G1 X24.642 Y-21.748 E2.07933
G1 X36.86 Y-33.966 E2.91038
G1 X37.163 Y-34.049 E2.92549
;WIDTH:0.404381
G1 X37.122 Y-34.038 E2.92729
G1 X37.103 Y-34.109 E2.93041
G1 X37.174 Y-34.09 E2.93353
;WIDTH:0.45
G1 X37.406 Y-33.966 E2.94618
G1 X12.211 Y-8.771 E4.65991
G1 X11.979 Y-8.57 E4.67467
;WIDTH:0.404381
G1 X11.908 Y-8.589 E4.67779
G1 X11.927 Y-8.518 E4.68091
G1 X11.968 Y-8.529 E4.68271
G1 X13.302 Y-9.318 F7200
G1 F1500
G1 X13.261 Y-9.307 E4.68451
G1 X13.242 Y-9.378 E4.68763
G1 X13.313 Y-9.359 E4.69075
;WIDTH:0.45
G1 X13.545 Y-9.559 E4.70548
G1 X37.951 Y-33.966 E6.36558
G1 X38.496 Y-33.966 E6.39179
G1 X14.878 Y-10.348 E7.99826
G1 X14.647 Y-10.147 E8.01299
;WIDTH:0.404381
G1 X14.576 Y-10.166 E8.01611
G1 X14.595 Y-10.095 E8.01923
G1 X14.636 Y-10.106 E8.02103
G1 X15.97 Y-10.895 F7200
G1 F1500
G1 X15.929 Y-10.884 E8.02283
G1 X15.909 Y-10.955 E8.02596
G1 X15.981 Y-10.936 E8.02912
;WIDTH:0.45
G1 X16.212 Y-11.136 E8.04382
G1 X39.042 Y-33.966 E9.59669
G1 X39.587 Y-33.966 E9.6229
G1 X17.546 Y-11.925 E11.1221
G1 X17.314 Y-11.724 E11.13686
;WIDTH:0.404381
G1 X17.243 Y-11.743 E11.13998
G1 X17.262 Y-11.672 E11.1431
G1 X17.303 Y-11.683 E11.1449
G1 X18.637 Y-12.472 F7200
G1 F1500
G1 X18.596 Y-12.461 E11.1467
G1 X18.577 Y-12.532 E11.14982
G1 X18.648 Y-12.513 E11.15294
;WIDTH:0.45
G1 X18.88 Y-12.713 E11.16767
G1 X40.132 Y-33.966 E12.61324
G1 X40.678 Y-33.966 E12.6395
G1 X20.214 Y-13.502 E14.03144
G1 X19.982 Y-13.301 E14.0462
;WIDTH:0.404381
G1 X19.911 Y-13.32 E14.04932
G1 X19.93 Y-13.249 E14.05244
G1 X19.971 Y-13.26 E14.05424
G1 X21.305 Y-14.049 F7200
G1 F1500
G1 X21.264 Y-14.038 E14.05604
G1 X21.245 Y-14.109 E14.05916
G1 X21.316 Y-14.09 E14.06228
;WIDTH:0.45
G1 X21.547 Y-14.29 E14.07698
G1 X41.223 Y-33.966 E15.41532
G1 X41.769 Y-33.966 E15.44158
G1 X22.881 Y-15.079 E16.72628
G1 X22.65 Y-14.878 E16.74101
;WIDTH:0.404381
G1 X22.579 Y-14.897 E16.74413
G1 X22.598 Y-14.826 E16.74725
G1 X22.639 Y-14.837 E16.74905
G1 X23.972 Y-15.626 F7200
G1 F1500
G1 X23.931 Y-15.615 E16.75085
G1 X23.912 Y-15.686 E16.75397
G1 X23.983 Y-15.667 E16.75709
;WIDTH:0.45
G1 X24.215 Y-15.867 E16.77182
G1 X42.314 Y-33.966 E18.00289
G1 X42.859 Y-33.966 E18.0291
G1 X39.975 Y-31.081 E18.2253
G1 X39.702 Y-30.84 E18.24281
;WIDTH:0.414821
G1 X39.444 Y-30.575 E18.25898
;WIDTH:0.45
G1 X39.196 Y-30.302 E18.27672
G1 X25.549 Y-16.656 E19.20494
G1 X25.317 Y-16.455 E19.2197
;WIDTH:0.404381
G1 X25.246 Y-16.474 E19.22282
G1 X25.265 Y-16.403 E19.22594
G1 X25.306 Y-16.414 E19.22774
G1 X26.651 Y-17.244 F7200
G1 F1500
G1 X26.58 Y-17.263 E19.23086
G1 X26.599 Y-17.191 E19.23402
G1 X26.64 Y-17.202 E19.23582
;WIDTH:0.45
G1 X38.786 Y-29.347 E20.06194
G1 X38.985 Y-29.589 E20.07701
;WIDTH:0.404381
G1 X38.944 Y-29.578 E20.07881
G1 X38.925 Y-29.65 E20.08197
G1 X38.996 Y-29.631 E20.08509
G1 X38.737 Y-28.753 F7200
;WIDTH:0.45
G1 F1500
G1 X28.217 Y-18.232 E20.80068
G1 X27.985 Y-18.032 E20.81541
;WIDTH:0.404381
G1 X27.914 Y-18.051 E20.81853
G1 X27.933 Y-17.98 E20.82165
G1 X27.974 Y-17.991 E20.82345
G1 X29.308 Y-18.779 F7200
G1 F1500
G1 X29.267 Y-18.768 E20.82525
G1 X29.248 Y-18.84 E20.82841
G1 X29.319 Y-18.82 E20.83154
;WIDTH:0.45
G1 X29.55 Y-19.021 E20.84627
G1 X38.758 Y-28.229 E21.47259
G1 X38.881 Y-27.806 E21.49378
G1 X30.884 Y-19.809 E22.03773
G1 X30.653 Y-19.609 E22.05243
;WIDTH:0.404381
G1 X30.581 Y-19.628 E22.05559
G1 X30.601 Y-19.557 E22.05872
G1 X30.642 Y-19.568 E22.06052
G1 X31.93 Y-20.174 F7200
G1 F1500
G1 X31.833 Y-20.144 E22.06483
G1 X31.686 Y-20.159 E22.0711
;WIDTH:0.45
G1 X31.956 Y-20.336 E22.08663
G1 X39.028 Y-27.408 E22.56766
G1 X39.235 Y-27.069 E22.58676
G1 X32.67 Y-20.505 E23.03327
G1 X33.24 Y-20.529 E23.06071
G1 X39.484 Y-26.773 E23.48542
G1 X39.748 Y-26.492 E23.50396
G1 X33.705 Y-20.449 E23.915
G1 X34.136 Y-20.335 E23.93644
G1 X40.086 Y-26.285 E24.34115
G1 X40.428 Y-26.081 E24.3603
G1 X34.521 Y-20.174 E24.76209
G1 X34.855 Y-19.963 E24.78109
G1 X40.832 Y-25.94 E25.18764
G1 X41.296 Y-25.858 E25.2103
G1 X35.174 Y-19.736 E25.62671
G1 X35.441 Y-19.458 E25.64525
G1 X41.837 Y-25.854 E26.0803
G1 X42.591 Y-26.162 F7200
;WIDTH:0.404381
G1 F1500
G1 X42.787 Y-26.173 E26.08862
;WIDTH:0.45
G1 X42.514 Y-25.986 E26.10454
G1 X35.689 Y-19.161 E26.56877
G1 E24.56877 F2400
G92 E0
G1 Z2.65 F7200
G1 X40.698 Y-31.313
G1 Z.65
G1 E2 F2400
;WIDTH:0.404381
G1 F1500
G1 X40.657 Y-31.302 E2.0018
G1 X40.638 Y-31.373 E2.00492
G1 X40.709 Y-31.354 E2.00804
;WIDTH:0.45
G1 X40.941 Y-31.502 E2.02128
G1 X43.405 Y-33.966 E2.18888
G1 X43.95 Y-33.966 E2.21509
G1 X41.578 Y-31.594 E2.37643
G1 X42.075 Y-31.545 E2.40045
G1 X44.495 Y-33.966 E2.56509
G1 X45.041 Y-33.966 E2.59135
G1 X42.515 Y-31.44 E2.76317
G1 X42.887 Y-31.267 E2.7829
G1 X45.586 Y-33.966 E2.96648
G1 X46.131 Y-33.966 E2.99269
G1 X43.232 Y-31.067 E3.18988
G1 X43.535 Y-30.824 E3.20856
G1 X46.677 Y-33.966 E3.42227
G1 X47.222 Y-33.966 E3.44848
G1 X43.793 Y-30.537 E3.68172
G1 X44.035 Y-30.233 E3.70041
G1 X47.767 Y-33.966 E3.95429
G1 X48.313 Y-33.966 E3.98055
G1 X44.207 Y-29.86 E4.25984
G1 X44.359 Y-29.467 E4.28011
G1 X48.858 Y-33.966 E4.58613
G1 X49.403 Y-33.966 E4.61234
G1 X44.45 Y-29.013 E4.94924
G1 X44.445 Y-28.463 E4.97569
G1 X49.949 Y-33.966 E5.35003
G1 X50.494 Y-33.966 E5.37624
G1 X44.285 Y-27.757 E5.79857
G1 E3.79857 F2400
G92 E0
G1 Z2.65 F7200
G1 X51.039 Y-33.966
G1 Z.65
G1 E2 F2400
G1 F1500
G1 X35.903 Y-18.829 E3.02957
G1 X36.063 Y-18.444 E3.04962
G1 X51.585 Y-33.966 E4.10541
G1 X52.13 Y-33.966 E4.13162
G1 X36.208 Y-18.044 E5.21461
G1 X36.271 Y-17.562 E5.23799
G1 X52.675 Y-33.966 E6.35377
G1 X53.221 Y-33.966 E6.38003
G1 X36.298 Y-17.043 E7.53111
G1 X36.255 Y-16.455 E7.55947
G1 X53.766 Y-33.966 E8.75055
G1 X53.786 Y-33.44 E8.77587
G1 X36.202 Y-15.856 E9.97191
G1 X36.149 Y-15.258 E10.00078
G1 X53.786 Y-32.895 E11.20043
G1 X53.786 Y-32.349 E11.22669
G1 X36.095 Y-14.659 E12.42998
G1 X36.042 Y-14.06 E12.4589
G1 X53.786 Y-31.804 E13.66582
G1 X53.786 Y-31.259 E13.69203
G1 X35.989 Y-13.462 E14.90256
G1 X35.935 Y-12.863 E14.93149
G1 X53.786 Y-30.713 E16.14566
G1 X53.786 Y-30.168 E16.17187
G1 X35.882 Y-12.264 E17.38968
G1 X35.829 Y-11.666 E17.41855
G1 X53.786 Y-29.623 E18.63996
G1 X53.786 Y-29.077 E18.66622
G1 X35.775 Y-11.067 E19.89127
G1 X35.722 Y-10.468 E19.92019
G1 X53.786 Y-28.532 E21.14888
G1 X53.786 Y-27.987 E21.17509
G1 X35.669 Y-9.87 E22.40739
G1 X35.615 Y-9.271 E22.43632
G1 X53.786 Y-27.441 E23.67225
G1 X53.786 Y-26.896 E23.69846
G1 X35.562 Y-8.672 E24.93803
G1 X35.509 Y-8.074 E24.9669
G1 X53.786 Y-26.351 E26.21008
G1 X53.786 Y-25.805 E26.23634
G1 X35.455 Y-7.475 E27.48316
G1 X35.402 Y-6.876 E27.51208
G1 X53.786 Y-25.26 E28.76254
G1 X53.786 Y-24.714 E28.7888
G1 X35.349 Y-6.277 E30.04286
G1 X35.295 Y-5.679 E30.07174
G1 X53.786 Y-24.169 E31.32944
G1 X53.786 Y-23.624 E31.35565
G1 X35.242 Y-5.08 E32.61699
G1 X35.189 Y-4.481 E32.64591
G1 X53.786 Y-23.078 E33.91085
G1 X53.786 Y-22.533 E33.93706
G1 X35.135 Y-3.883 E35.20564
G1 X35.082 Y-3.284 E35.23456
G1 X53.786 Y-21.988 E36.50678
G1 X53.786 Y-21.442 E36.53304
G1 X35.029 Y-2.685 E37.80887
G1 X34.975 Y-2.087 E37.83775
G1 X53.786 Y-20.897 E39.11722
G1 X53.786 Y-20.352 E39.14343
G1 X34.922 Y-1.488 E40.42654
G1 X34.869 Y-.889 E40.45546
G1 X53.786 Y-19.806 E41.74217
G1 X53.786 Y-19.261 E41.76838
G1 X34.815 Y-.291 E43.05873
G1 X34.762 Y.308 E43.08765
G1 X53.786 Y-18.716 E44.38164
G1 X53.786 Y-18.17 E44.4079
G1 X34.709 Y.907 E45.70549
G1 X34.655 Y1.505 E45.73437
G1 X53.786 Y-17.625 E47.0356
G1 X53.786 Y-17.08 E47.06181
G1 X34.602 Y2.104 E48.36668
G1 X34.462 Y2.964 F7200
;WIDTH:0.404381
G1 F1500
G1 X34.391 Y2.945 E48.3698
G1 X34.41 Y3.017 E48.37296
G1 X34.451 Y3.006 E48.37476
;WIDTH:0.45
G1 X34.549 Y2.703 E48.39008
G1 X53.786 Y-16.534 E49.69856
G1 X53.786 Y-15.989 E49.72477
G1 X41.164 Y-3.367 E50.5833
G1 X40.891 Y-3.156 E50.5999
;WIDTH:0.404381
G1 X40.493 Y-2.829 E50.62174
G1 X40.131 Y-2.465 E50.64351
G1 X39.827 Y-2.092 E50.66392
;WIDTH:0.45
G1 X39.616 Y-1.819 E50.68052
G1 X34.495 Y3.301 E51.02881
G1 X34.442 Y3.9 E51.05773
G1 X39.347 Y-1.005 E51.39136
G1 X39.53 Y-1.248 E51.40599
;WIDTH:0.404381
G1 X39.489 Y-1.237 E51.40779
G1 X39.47 Y-1.308 E51.41091
G1 X39.541 Y-1.289 E51.41403
G1 X39.27 Y-.383 F7200
;WIDTH:0.45
G1 F1500
G1 X34.389 Y4.499 E51.74606
G1 X34.335 Y5.098 E51.77499
G1 X39.217 Y.216 E52.10706
G1 X39.164 Y.815 E52.13598
G1 X34.282 Y5.696 E52.46801
G1 X34.229 Y6.295 E52.49693
G1 X39.11 Y1.413 E52.82896
G1 X39.057 Y2.012 E52.85788
G1 X34.175 Y6.894 E53.18995
G1 X34.122 Y7.492 E53.21882
G1 X39.004 Y2.611 E53.55085
G1 X38.95 Y3.209 E53.57973
G1 X34.069 Y8.091 E53.91176
G1 X34.015 Y8.69 E53.94069
G1 X38.897 Y3.808 E54.27276
G1 X38.844 Y4.407 E54.30168
G1 X33.962 Y9.288 E54.63371
G1 X33.909 Y9.887 E54.66263
G1 X38.79 Y5.005 E54.99466
G1 X38.737 Y5.604 E55.02358
G1 X33.846 Y10.495 E55.35626
G1 X33.667 Y11.219 E55.39213
G1 X38.684 Y6.203 E55.73335
G1 E53.73335 F2400
G92 E0
G1 Z2.65 F7200
G1 X33.466 Y11.513
G1 Z.65
G1 E2 F2400
;WIDTH:0.404381
G1 F1500
G1 X33.065 Y12.014 E2.02721
G1 X32.533 Y12.551 E2.05927
G1 X32.015 Y12.96 E2.08726
G1 X32.54 Y12.544 E2.11567
G1 X33.073 Y12.004 E2.14785
G1 X33.345 Y11.663 E2.16635
G1 E.16635 F2400
G92 E0
G1 Z2.65 F7200
G1 X38.63 Y6.802
G1 Z.65
G1 E2 F2400
;WIDTH:0.45
G1 F1500
G1 X16.968 Y28.463 E3.47339
G1 X17.514 Y28.463 E3.49965
G1 X38.577 Y7.4 E4.93233
G1 X38.524 Y7.999 E4.96125
G1 X18.059 Y28.463 E6.35322
G1 X18.604 Y28.463 E6.37943
G1 X38.47 Y8.598 E7.73066
G1 X38.417 Y9.196 E7.75953
G1 X19.15 Y28.463 E9.07005
G1 X19.695 Y28.463 E9.09626
G1 X38.363 Y9.795 E10.36603
G1 X38.31 Y10.394 E10.39495
G1 X20.24 Y28.463 E11.62401
G1 X20.786 Y28.463 E11.65027
G1 X38.257 Y10.992 E12.83863
G1 X38.203 Y11.591 E12.86756
G1 X21.331 Y28.463 E14.01517
G1 X22.179 Y28.606 F7200
;WIDTH:0.404381
G1 F1500
G1 X22.138 Y28.617 E14.01697
G1 X22.119 Y28.546 E14.02009
G1 X22.19 Y28.565 E14.02321
;WIDTH:0.45
G1 X21.877 Y28.463 E14.03904
G1 X38.15 Y12.19 E15.14591
G1 X38.097 Y12.788 E15.17478
G1 X33.775 Y17.11 E15.46876
G1 X33.503 Y17.337 E15.4858
;WIDTH:0.404381
G1 X33.016 Y17.829 E15.51516
;WIDTH:0.45
G1 X32.783 Y18.102 E15.53242
G1 X22.422 Y28.463 E16.23716
G1 X22.967 Y28.463 E16.26337
G1 X32.453 Y18.978 E16.90856
G1 X32.644 Y18.735 E16.92343
;WIDTH:0.404381
G1 X32.603 Y18.746 E16.92523
G1 X32.584 Y18.675 E16.92835
G1 X32.655 Y18.694 E16.93147
G1 X32.412 Y19.564 F7200
;WIDTH:0.45
G1 F1500
G1 X23.513 Y28.463 E17.53677
G1 X24.058 Y28.463 E17.56298
G1 X32.438 Y20.083 E18.13298
G1 X32.573 Y20.493 E18.15374
G1 X24.603 Y28.463 E18.69585
G1 X25.149 Y28.463 E18.72211
G1 X32.722 Y20.89 E19.23722
G1 X32.938 Y21.219 E19.25615
G1 X25.694 Y28.463 E19.74888
G1 X26.239 Y28.463 E19.77509
G1 X33.187 Y21.516 E20.24765
G1 X33.459 Y21.789 E20.26619
G1 X26.785 Y28.463 E20.72015
G1 X27.33 Y28.463 E20.74636
G1 X33.794 Y21.999 E21.18603
G1 X34.144 Y22.195 E21.20532
G1 X27.875 Y28.463 E21.6317
G1 X28.421 Y28.463 E21.65796
G1 X34.556 Y22.328 E22.07526
G1 X35.02 Y22.409 E22.09791
G1 X28.966 Y28.463 E22.5097
G1 X29.511 Y28.463 E22.53591
G1 X35.576 Y22.399 E22.94841
G1 E20.94841 F2400
G92 E0
G1 Z2.65 F7200
G1 X37.476 Y21.251
G1 Z.65
G1 E2 F2400
;WIDTH:0.404381
G1 F1500
G1 X37.373 Y21.306 E2.00495
G1 X36.99 Y21.706 E2.02843
G1 X36.544 Y22.041 E2.05208
;WIDTH:0.45
G1 X36.271 Y22.249 E2.06859
G1 X30.057 Y28.463 E2.49126
G1 X30.602 Y28.463 E2.51747
G1 X37.43 Y21.635 E2.9819
G1 X37.553 Y22.058 E3.00309
G1 X31.147 Y28.463 E3.43878
G1 X31.693 Y28.463 E3.46504
G1 X37.705 Y22.451 E3.87397
G1 X37.894 Y22.807 E3.89336
G1 X32.238 Y28.463 E4.27807
G1 X32.783 Y28.463 E4.30428
G1 X38.134 Y23.113 E4.66821
G1 X38.382 Y23.41 E4.68682
G1 X33.329 Y28.463 E5.03052
G1 X33.874 Y28.463 E5.05673
G1 X38.686 Y23.651 E5.38404
G1 X39.009 Y23.874 E5.40292
G1 X34.42 Y28.463 E5.71506
G1 X34.965 Y28.463 E5.74127
G1 X39.368 Y24.06 E6.04076
G1 X39.781 Y24.192 E6.06161
G1 X35.51 Y28.463 E6.35212
G1 X36.056 Y28.463 E6.37838
G1 X40.218 Y24.3 E6.66151
G1 X40.733 Y24.331 E6.68632
G1 X36.601 Y28.463 E6.96737
G1 X37.146 Y28.463 E6.99358
G1 X41.277 Y24.332 E7.27457
G1 X41.822 Y24.333 E7.30078
G1 X37.692 Y28.463 E7.5817
G1 X38.237 Y28.463 E7.60791
G1 X42.366 Y24.334 E7.88876
G1 X42.957 Y24.289 E7.91727
G1 X38.782 Y28.463 E8.20121
G1 X39.221 Y28.617 E8.22359
;WIDTH:0.404381
G1 X39.15 Y28.598 E8.22671
G1 X39.169 Y28.669 E8.22983
G1 X39.21 Y28.658 E8.23163
;WIDTH:0.45
G1 X39.328 Y28.463 E8.24259
G1 X43.639 Y24.151 E8.53585
G1 X43.912 Y23.971 E8.55158
;WIDTH:0.404381
G1 X43.837 Y23.954 E8.55484
G1 X43.612 Y23.997 E8.56455
G1 E6.56455 F2400
G92 E0
G1 Z2.65 F7200
G1 X34.438 Y16.929
G1 Z.65
G1 E2 F2400
G1 F1500
G1 X34.397 Y16.94 E2.0018
G1 X34.378 Y16.869 E2.00492
G1 X34.449 Y16.888 E2.00804
;WIDTH:0.45
G1 X34.681 Y16.749 E2.02105
G1 X38.043 Y13.387 E2.24973
G1 X37.99 Y13.986 E2.27865
G1 X35.302 Y16.674 E2.46148
G1 X35.797 Y16.724 E2.48541
G1 X37.937 Y14.584 E2.63097
G1 X38.139 Y14.465 E2.64225
;WIDTH:0.404381
G1 X38.098 Y14.476 E2.64405
G1 X38.079 Y14.405 E2.64717
G1 X38.15 Y14.424 E2.65029
G1 X37.883 Y15.183 F7200
;WIDTH:0.45
G1 F1500
G1 X37.64 Y17.921 E2.7825
G1 X37.286 Y17.499 E2.80899
G1 X36.94 Y17.209 E2.8307
G1 X36.462 Y16.933 E2.85725
G1 X36.217 Y16.849 E2.86971
G1 X37.747 Y15.319 E2.97378
G1 X37.412 Y16.193 F7200
;WIDTH:0.439564
G1 F1500
G1 X37.336 Y17.041 E3.01362
G1 X36.873 Y16.731 E3.03969
G1 X37.275 Y16.329 E3.06629
G1 E1.06629 F2400
G92 E0
G1 Z2.65 F7200
G1 X41.734 Y-3.447
G1 Z.65
G1 E2 F2400
;WIDTH:0.404381
G1 F1500
G1 X41.693 Y-3.436 E2.0018
G1 X41.674 Y-3.507 E2.00492
G1 X41.745 Y-3.488 E2.00804
;WIDTH:0.45
G1 X41.974 Y-3.632 E2.02105
G1 X53.786 Y-15.444 E2.82449
G1 X53.786 Y-14.898 E2.85075
G1 X42.576 Y-3.689 E3.61321
G1 X43.071 Y-3.638 E3.63714
G1 X53.786 Y-14.353 E4.36596
G1 X53.786 Y-13.808 E4.39217
G1 X43.515 Y-3.537 E5.09079
G1 X43.923 Y-3.399 E5.11151
G1 X53.786 Y-13.262 E5.78238
G1 X53.786 Y-12.717 E5.80859
G1 X44.28 Y-3.211 E6.45518
G1 X44.597 Y-2.982 E6.47399
G1 X53.786 Y-12.172 E7.09905
G1 X53.786 Y-11.626 E7.12531
G1 X44.887 Y-2.727 E7.73061
G1 X45.149 Y-2.444 E7.74916
G1 X53.786 Y-11.081 E8.33664
G1 X53.786 Y-10.535 E8.3629
G1 X45.368 Y-2.118 E8.93545
G1 X45.554 Y-1.758 E8.95494
G1 X53.786 Y-9.99 E9.51487
G1 X53.786 Y-9.445 E9.54108
G1 X45.711 Y-1.37 E10.09033
G1 X45.809 Y-.923 E10.11234
G1 X53.786 Y-8.899 E10.65489
G1 X53.786 Y-8.354 E10.6811
G1 X45.856 Y-.424 E11.22049
G1 X45.857 Y.12 E11.24665
G1 X53.786 Y-7.809 E11.78597
G1 X53.786 Y-7.263 E11.81223
G1 X45.857 Y.666 E12.35155
G1 X45.857 Y1.211 E12.37776
G1 X53.786 Y-6.718 E12.91708
G1 X53.786 Y-6.173 E12.94329
G1 X45.857 Y1.756 E13.48261
G1 X45.857 Y2.302 E13.50887
G1 X53.786 Y-5.627 E14.04819
G1 X53.786 Y-5.082 E14.0744
G1 X45.857 Y2.847 E14.61372
G1 X45.857 Y3.392 E14.63993
G1 X53.786 Y-4.537 E15.17925
G1 X53.786 Y-3.991 E15.20551
G1 X45.857 Y3.938 E15.74483
G1 X45.857 Y4.483 E15.77104
G1 X53.786 Y-3.446 E16.31036
G1 X53.786 Y-2.901 E16.33657
G1 X45.857 Y5.028 E16.87589
G1 X45.857 Y5.574 E16.90215
G1 X53.786 Y-2.355 E17.44147
G1 X53.786 Y-1.81 E17.46768
G1 X45.857 Y6.119 E18.007
G1 X45.857 Y6.665 E18.03326
G1 X53.786 Y-1.265 E18.57261
G1 X53.786 Y-.719 E18.59887
G1 X45.857 Y7.21 E19.13819
G1 X45.857 Y7.755 E19.1644
G1 X53.786 Y-.174 E19.70372
G1 X53.786 Y.371 E19.72993
G1 X45.857 Y8.301 E20.26928
G1 X45.857 Y8.846 E20.29549
G1 X53.786 Y.917 E20.83481
G1 X53.786 Y1.462 E20.86102
G1 X45.857 Y9.391 E21.40034
G1 X45.857 Y9.937 E21.4266
G1 X53.786 Y2.008 E21.96592
G1 X53.786 Y2.553 E21.99213
G1 X45.857 Y10.482 E22.53145
G1 X45.857 Y11.027 E22.55766
G1 X53.786 Y3.098 E23.09698
G1 X53.786 Y3.644 E23.12324
G1 X45.857 Y11.573 E23.66256
G1 X45.857 Y12.118 E23.68877
G1 X53.786 Y4.189 E24.22809
G1 X53.786 Y4.734 E24.2543
G1 X45.857 Y12.663 E24.79362
G1 X45.857 Y13.209 E24.81988
G1 X53.786 Y5.28 E25.3592
G1 X53.786 Y5.825 E25.38541
G1 X45.857 Y13.754 E25.92473
G1 X45.857 Y14.299 E25.95094
G1 X53.786 Y6.37 E26.49026
G1 X53.786 Y6.916 E26.51652
G1 X45.857 Y14.845 E27.05584
G1 X45.857 Y15.39 E27.08205
G1 X53.786 Y7.461 E27.62137
G1 X53.786 Y8.006 E27.64758
G1 X45.857 Y15.935 E28.1869
G1 X45.857 Y16.481 E28.21316
G1 X53.786 Y8.552 E28.75248
G1 X53.786 Y9.097 E28.77869
G1 X45.857 Y17.026 E29.31801
G1 X45.857 Y17.571 E29.34422
G1 X53.786 Y9.642 E29.88354
G1 X53.786 Y10.188 E29.9098
G1 X45.857 Y18.117 E30.44912
G1 X45.857 Y18.662 E30.47533
G1 X53.786 Y10.733 E31.01465
G1 X53.786 Y11.278 E31.04086
G1 X45.857 Y19.208 E31.58021
G1 X45.857 Y19.753 E31.60642
G1 X53.786 Y11.824 E32.14574
G1 X53.786 Y12.369 E32.17195
G1 X45.857 Y20.298 E32.71127
G1 X45.857 Y20.844 E32.73753
G1 X53.786 Y12.914 E33.27688
G1 X53.786 Y13.46 E33.30314
G1 X45.809 Y21.437 E33.84573
G1 X45.522 Y22.388 F7200
;WIDTH:0.404381
G1 F1500
G1 X45.45 Y22.369 E33.84889
G1 X45.47 Y22.44 E33.85202
G1 X45.511 Y22.429 E33.85382
;WIDTH:0.45
G1 X45.665 Y22.126 E33.87017
G1 X53.786 Y14.005 E34.42255
G1 X53.786 Y14.551 E34.44881
G1 X39.873 Y28.463 E35.39512
G1 X39.641 Y28.565 E35.40731
;WIDTH:0.404381
G1 X39.57 Y28.546 E35.41043
G1 X39.589 Y28.617 E35.41355
G1 X39.63 Y28.606 E35.41535
G1 X40.418 Y28.463 F7200
;WIDTH:0.45
G1 F1500
G1 X53.786 Y15.096 E36.32459
G1 X53.786 Y15.641 E36.3508
G1 X40.964 Y28.463 E37.22294
G1 X41.509 Y28.463 E37.24915
G1 X53.786 Y16.187 E38.08418
G1 X53.786 Y16.732 E38.11039
G1 X42.054 Y28.463 E38.90835
G1 X42.6 Y28.463 E38.93461
G1 X53.786 Y17.277 E39.69547
G1 X53.786 Y17.823 E39.72173
G1 X43.145 Y28.463 E40.44548
G1 X43.69 Y28.463 E40.47169
G1 X53.786 Y18.368 E41.15837
G1 X53.786 Y18.913 E41.18458
G1 X44.236 Y28.463 E41.83416
G1 X44.781 Y28.463 E41.86037
G1 X53.786 Y19.459 E42.47284
G1 X53.786 Y20.004 E42.49905
G1 X45.326 Y28.463 E43.07445
G1 X45.872 Y28.463 E43.10071
G1 X53.786 Y20.549 E43.63901
G1 X53.786 Y21.095 E43.66527
G1 X46.417 Y28.463 E44.16647
G1 X46.963 Y28.463 E44.19273
G1 X53.786 Y21.64 E44.65682
G1 X53.786 Y22.185 E44.68303
G1 X47.508 Y28.463 E45.11005
G1 X48.053 Y28.463 E45.13626
G1 X53.786 Y22.731 E45.52618
G1 X53.786 Y23.276 E45.55239
G1 X48.599 Y28.463 E45.9052
G1 X49.144 Y28.463 E45.93141
G1 X53.786 Y23.821 E46.24715
G1 X53.786 Y24.367 E46.27341
G1 X49.689 Y28.463 E46.55205
G1 X50.235 Y28.463 E46.57831
G1 X53.786 Y24.912 E46.81984
G1 X53.786 Y25.457 E46.84605
G1 X50.78 Y28.463 E47.05051
G1 X51.325 Y28.463 E47.07672
G1 X53.786 Y26.003 E47.24408
G1 X53.786 Y26.548 E47.27029
G1 X51.871 Y28.463 E47.40055
G1 X51.764 Y28.617 E47.40957
;WIDTH:0.404381
G1 X51.693 Y28.598 E47.41269
G1 X51.712 Y28.669 E47.41581
G1 X51.753 Y28.658 E47.41761
G1 E45.41761 F2400
G92 E0
G1 Z2.65 F7200
G1 X53.649 Y27.23
G1 Z.65
G1 E2 F2400
;WIDTH:0.45
G1 F1500
G1 X52.416 Y28.463 E2.08387
G1 X53.786 Y28.463 E2.14976
G1 X53.786 Y27.094 E2.2156
G1 X53.435 Y28.049 F7200
;WIDTH:0.481155
G1 F1500
G1 X53.398 Y28.012 E2.21832
G1 X53.348 Y28.025 E2.22101
G1 X53.334 Y28.076 E2.22376
G1 X53.371 Y28.112 E2.22644
G1 X53.421 Y28.099 E2.22913
;LAYER_CHANGE
;Z:0.95
;HEIGHT:0.3
G1 E.22913 F2400
G92 E0
G1 Z.95 F7200
G1 Z2.95
G1 X-1.913 Y-7.009
G1 Z.95
G1 E2 F2400
;TYPE:Perimeter
;WIDTH:0.45
G1 F3600
G1 X-1.984 Y-7.036 E2.00365
G1 X-2.646 Y-7.422 E2.04051
G1 X-23.567 Y-20.667 E3.23144
G1 X-24.007 Y-21.01 E3.25827
G1 X-24.331 Y-21.366 E3.28142
G1 X-24.595 Y-21.77 E3.30463
G1 X-24.79 Y-22.21 E3.32778
G1 X-24.911 Y-22.676 E3.35094
G1 X-24.957 Y-23.156 E3.37413
G1 X-24.925 Y-23.636 E3.39727
G1 X-24.761 Y-24.252 E3.42793
G1 X-24.47 Y-24.835 E3.45927
G1 X-24.068 Y-25.327 E3.48983
G1 X-23.699 Y-25.637 E3.51301
G1 X-23.285 Y-25.884 E3.5362
G1 X-22.838 Y-26.062 E3.55934
G1 X-22.367 Y-26.165 E3.58253
G1 X-21.965 Y-26.194 E3.60192
G1 X21.712 Y-26.203 E5.70263
G1 X22.273 Y-26.148 E5.72974
G1 X22.741 Y-26.019 E5.75309
G1 X23.183 Y-25.815 E5.7765
G1 X23.622 Y-25.508 E5.80227
G1 X24.036 Y-25.087 E5.83067
G1 X24.368 Y-24.58 E5.85982
G1 X24.575 Y-24.081 E5.8858
G1 X24.687 Y-23.554 E5.91171
G1 X24.696 Y-22.964 E5.94009
G1 X24.617 Y-22.484 E5.96349
G1 X24.462 Y-22.023 E5.98688
G1 X24.234 Y-21.594 E6.01025
G1 X23.939 Y-21.207 E6.03365
G1 X23.586 Y-20.872 E6.05706
G1 X23.253 Y-20.638 E6.07664
G1 X.809 Y-7.184 E7.33521
G1 X.318 Y-6.95 E7.36137
G1 X-.138 Y-6.82 E7.38418
G1 X-.607 Y-6.763 E7.4069
G1 X-1.078 Y-6.781 E7.42957
G1 X-1.541 Y-6.872 E7.45226
G1 X-1.856 Y-6.988 E7.46841
G1 X-1.761 Y-7.361 F7200
G1 F3600
G1 X-1.804 Y-7.377 E7.47062
G1 X-2.44 Y-7.747 E7.50601
G1 X-23.361 Y-20.993 E8.69696
G1 X-23.729 Y-21.277 E8.71932
G1 X-24.014 Y-21.585 E8.7395
G1 X-24.246 Y-21.935 E8.7597
G1 X-24.419 Y-22.317 E8.77987
G1 X-24.529 Y-22.722 E8.80005
G1 X-24.572 Y-23.14 E8.82026
G1 X-24.547 Y-23.559 E8.84045
G1 X-24.4 Y-24.116 E8.86816
G1 X-24.136 Y-24.642 E8.89647
G1 X-23.812 Y-25.039 E8.92112
G1 X-23.493 Y-25.311 E8.94128
G1 X-23.134 Y-25.529 E8.96148
G1 X-22.745 Y-25.687 E8.98167
G1 X-22.336 Y-25.78 E9.00184
G1 X-21.965 Y-25.809 E9.01974
G1 X21.712 Y-25.818 E11.12045
G1 X22.18 Y-25.774 E11.14306
G1 X22.589 Y-25.664 E11.16343
G1 X22.975 Y-25.49 E11.18379
G1 X23.35 Y-25.235 E11.2056
G1 X23.735 Y-24.846 E11.23192
G1 X24.043 Y-24.372 E11.25911
G1 X24.238 Y-23.858 E11.28555
G1 X24.31 Y-23.44 E11.30595
G1 X24.314 Y-23.016 E11.32634
G1 X24.249 Y-22.598 E11.34669
G1 X24.116 Y-22.195 E11.3671
G1 X23.921 Y-21.819 E11.38747
G1 X23.667 Y-21.48 E11.40784
G1 X23.361 Y-21.186 E11.42825
G1 X23.055 Y-20.969 E11.44629
G1 X.611 Y-7.515 E12.70486
G1 X.202 Y-7.317 E12.72672
G1 X-.194 Y-7.201 E12.74657
G1 X-.602 Y-7.149 E12.76635
G1 X-1.013 Y-7.161 E12.78613
G1 X-1.417 Y-7.237 E12.8059
G1 X-1.705 Y-7.341 E12.82063
G1 X-1.61 Y-7.713 F7200
;TYPE:External perimeter
G1 F1800
G1 X-1.624 Y-7.718 E12.82135
G1 X-2.234 Y-8.073 E12.8553
G1 X-23.154 Y-21.319 E14.04621
G1 X-23.451 Y-21.544 E14.06413
G1 X-23.696 Y-21.804 E14.08131
G1 X-23.898 Y-22.1 E14.09855
G1 X-24.049 Y-22.424 E14.11574
G1 X-24.146 Y-22.769 E14.13298
G1 X-24.186 Y-23.124 E14.15016
G1 X-24.169 Y-23.482 E14.1674
G1 X-24.04 Y-23.979 E14.1921
G1 X-23.802 Y-24.449 E14.21744
G1 X-23.556 Y-24.75 E14.23614
G1 X-23.287 Y-24.986 E14.25335
G1 X-22.983 Y-25.175 E14.27057
G1 X-22.653 Y-25.313 E14.28777
G1 X-22.305 Y-25.396 E14.30498
G1 X-21.965 Y-25.423 E14.32138
G1 X21.712 Y-25.432 E16.42209
G1 X22.087 Y-25.4 E16.44019
G1 X22.437 Y-25.31 E16.45757
G1 X22.768 Y-25.165 E16.47495
G1 X23.078 Y-24.961 E16.4928
G1 X23.434 Y-24.605 E16.51701
G1 X23.719 Y-24.163 E16.5423
G1 X23.859 Y-23.786 E16.56164
G1 X23.925 Y-23.43 E16.57905
G1 X23.932 Y-23.069 E16.59642
G1 X23.88 Y-22.711 E16.61382
G1 X23.771 Y-22.367 E16.63118
G1 X23.608 Y-22.044 E16.64858
G1 X23.395 Y-21.753 E16.66592
G1 X23.137 Y-21.499 E16.68333
G1 X22.857 Y-21.299 E16.69988
G1 X.413 Y-7.846 E17.95843
G1 X.086 Y-7.685 E17.97596
G1 X-.25 Y-7.583 E17.99285
G1 X-.597 Y-7.534 E18.00971
G1 X-.948 Y-7.541 E18.0266
G1 X-1.293 Y-7.603 E18.04346
G1 X-1.553 Y-7.693 E18.05669
G1 X-1.905 Y-7.883 F7200
G1 E16.05669 F2400
G92 E0
G1 Z2.95 F7200
G1 X-1.928 Y.197
G1 Z.95
G1 E2 F2400
;TYPE:Perimeter
G1 F3600
G1 X-1.914 Y.193 E2.0007
G1 X-1.537 Y.156 E2.01892
G1 X-.909 Y.212 E2.04924
G1 X-.619 Y.285 E2.06362
G1 X-.039 Y.53 E2.0939
G1 X17.608 Y11.503 E3.09336
G1 X18.046 Y11.839 E3.11991
G1 X18.374 Y12.194 E3.14316
G1 X18.64 Y12.597 E3.16638
G1 X18.839 Y13.038 E3.18965
G1 X18.963 Y13.505 E3.21289
G1 X19.011 Y13.986 E3.23614
G1 X18.981 Y14.468 E3.25937
G1 X18.874 Y14.94 E3.28265
G1 X18.62 Y15.513 E3.3128
G1 X18.441 Y15.8 E3.32907
G1 X18.126 Y16.167 E3.35233
G1 X17.757 Y16.479 E3.37557
G1 X17.342 Y16.727 E3.39882
G1 X16.893 Y16.905 E3.42205
G1 X16.421 Y17.008 E3.44529
G1 X16.018 Y17.038 E3.46473
G1 X-19.904 Y17.024 E5.19245
G1 X-20.465 Y16.969 E5.21956
G1 X-20.935 Y16.838 E5.24303
G1 X-21.377 Y16.633 E5.26646
G1 X-21.78 Y16.359 E5.2899
G1 X-22.134 Y16.024 E5.31334
G1 X-22.428 Y15.635 E5.33679
G1 X-22.59 Y15.347 E5.35268
G1 X-22.809 Y14.742 E5.38363
G1 X-22.886 Y14.26 E5.40711
G1 X-22.884 Y13.773 E5.43053
G1 X-22.804 Y13.292 E5.45398
G1 X-22.646 Y12.831 E5.47742
G1 X-22.415 Y12.402 E5.50085
G1 X-22.118 Y12.015 E5.52431
G1 X-21.762 Y11.683 E5.54772
G1 X-21.427 Y11.45 E5.56735
G1 X-3.012 Y.564 E6.59623
G1 X-2.553 Y.344 E6.62071
G1 X-1.986 Y.21 E6.64873
G1 X-1.872 Y.579 F7200
G1 F3600
G1 X-1.751 Y.552 E6.65469
G1 X-.995 Y.592 E6.6911
G1 X-.769 Y.64 E6.70221
G1 X-.19 Y.885 E6.73245
G1 X17.402 Y11.828 E7.7289
G1 X17.77 Y12.108 E7.75114
G1 X18.058 Y12.415 E7.77139
G1 X18.293 Y12.765 E7.79167
G1 X18.469 Y13.147 E7.8119
G1 X18.581 Y13.553 E7.83216
G1 X18.626 Y13.972 E7.85243
G1 X18.603 Y14.393 E7.87271
G1 X18.513 Y14.804 E7.89295
G1 X18.286 Y15.321 E7.92011
G1 X17.935 Y15.811 E7.9491
G1 X17.551 Y16.153 E7.97383
G1 X17.191 Y16.372 E7.9941
G1 X16.801 Y16.531 E8.01436
G1 X16.39 Y16.624 E8.03463
G1 X16.018 Y16.652 E8.05257
G1 X-19.903 Y16.639 E9.78025
G1 X-20.372 Y16.595 E9.80291
G1 X-20.782 Y16.484 E9.82334
G1 X-21.169 Y16.309 E9.84377
G1 X-21.522 Y16.073 E9.86419
G1 X-21.832 Y15.783 E9.88461
G1 X-22.091 Y15.446 E9.90505
G1 X-22.253 Y15.158 E9.92094
G1 X-22.43 Y14.671 E9.94586
G1 X-22.501 Y14.252 E9.9663
G1 X-22.503 Y13.827 E9.98674
G1 X-22.436 Y13.408 E10.00715
G1 X-22.301 Y13.005 E10.02759
G1 X-22.103 Y12.629 E10.04803
G1 X-21.847 Y12.29 E10.06846
G1 X-21.539 Y11.997 E10.08891
G1 X-21.231 Y11.782 E10.10698
G1 X-2.816 Y.896 E11.13586
G1 X-2.366 Y.691 E11.15964
G1 X-1.93 Y.592 E11.18114
G1 X-1.816 Y.962 F7200
;TYPE:External perimeter
G1 F1800
G1 X-1.666 Y.928 E11.18854
G1 X-1.03 Y.976 E11.21922
G1 X-.35 Y1.236 E11.25423
G1 X17.196 Y12.154 E12.24817
G1 X17.493 Y12.377 E12.26603
G1 X17.742 Y12.636 E12.28331
G1 X17.945 Y12.932 E12.30057
G1 X18.099 Y13.256 E12.31782
G1 X18.198 Y13.602 E12.33513
G1 X18.24 Y13.958 E12.35237
G1 X18.225 Y14.317 E12.36965
G1 X18.152 Y14.668 E12.38689
G1 X17.951 Y15.129 E12.41108
G1 X17.636 Y15.568 E12.43707
G1 X17.344 Y15.827 E12.45584
G1 X17.039 Y16.017 E12.47312
G1 X16.708 Y16.156 E12.49039
G1 X16.359 Y16.24 E12.50766
G1 X16.018 Y16.267 E12.52411
G1 X-19.903 Y16.253 E14.25179
G1 X-20.278 Y16.221 E14.26989
G1 X-20.629 Y16.13 E14.28733
G1 X-20.96 Y15.984 E14.30473
G1 X-21.264 Y15.787 E14.32215
G1 X-21.531 Y15.542 E14.33958
G1 X-21.755 Y15.258 E14.35698
G1 X-21.917 Y14.969 E14.37291
G1 X-22.051 Y14.599 E14.39184
G1 X-22.115 Y14.243 E14.40924
G1 X-22.121 Y13.881 E14.42665
G1 X-22.068 Y13.523 E14.44406
G1 X-21.957 Y13.178 E14.46149
G1 X-21.792 Y12.856 E14.47889
G1 X-21.576 Y12.565 E14.49632
G1 X-21.317 Y12.312 E14.51373
G1 X-21.035 Y12.114 E14.5303
G1 X-2.62 Y1.228 E15.55918
G1 X-2.281 Y1.067 E15.57723
G1 X-1.875 Y.975 E15.59725
G1 X-1.476 Y.95 F7200
G1 E13.59725 F2400
G92 E0
G1 Z2.95 F7200
G1 X-36.909 Y12.109
G1 Z.95
G1 E2 F2400
;TYPE:Perimeter
G1 F3600
G1 X-37.191 Y11.583 E2.02871
G1 X-37.382 Y10.924 E2.06171
G1 X-37.422 Y10.524 E2.08104
G1 X-38.166 Y-17.746 E3.4412
G1 X-38.079 Y-18.511 E3.47823
G1 X-37.997 Y-18.794 E3.4924
G1 X-37.734 Y-19.359 E3.52237
G1 X-37.57 Y-19.605 E3.53659
G1 X-37.149 Y-20.064 E3.56655
G1 X-36.918 Y-20.248 E3.58075
G1 X-36.377 Y-20.558 E3.61074
G1 X-36.102 Y-20.664 E3.62492
G1 X-35.493 Y-20.795 E3.65488
G1 X-35.198 Y-20.812 E3.66909
G1 X-34.578 Y-20.753 E3.69904
G1 X-34.173 Y-20.63 E3.7194
G1 X-33.701 Y-20.428 E3.74409
G1 X-10.081 Y-5.735 E5.08199
G1 X-9.655 Y-5.408 E5.10782
G1 X-9.333 Y-5.065 E5.13045
G1 X-9.069 Y-4.675 E5.1531
G1 X-8.869 Y-4.249 E5.17573
G1 X-8.739 Y-3.797 E5.19835
G1 X-8.681 Y-3.33 E5.22098
G1 X-8.697 Y-2.86 E5.2436
G1 X-8.786 Y-2.398 E5.26623
G1 X-8.947 Y-1.956 E5.28886
G1 X-9.175 Y-1.544 E5.31151
G1 X-9.464 Y-1.173 E5.33413
G1 X-9.808 Y-.852 E5.35676
G1 X-10.131 Y-.626 E5.37572
G1 X-32.887 Y13.015 E6.65179
G1 X-33.389 Y13.253 E6.67851
G1 X-33.851 Y13.382 E6.70158
G1 X-34.327 Y13.437 E6.72463
G1 X-34.806 Y13.414 E6.74769
G1 X-35.276 Y13.315 E6.77079
G1 X-35.724 Y13.142 E6.79389
G1 X-36.137 Y12.901 E6.81689
G1 X-36.54 Y12.56 E6.84228
G1 X-36.872 Y12.157 E6.86739
G1 X-36.588 Y11.896 F7200
G1 F3600
G1 X-36.85 Y11.404 E6.8942
G1 X-36.999 Y10.883 E6.92026
G1 X-37.036 Y10.514 E6.9381
G1 X-37.78 Y-17.756 E8.29826
G1 X-37.696 Y-18.462 E8.33246
G1 X-37.385 Y-19.197 E8.37085
G1 X-37.065 Y-19.585 E8.39504
G1 X-36.726 Y-19.913 E8.41773
G1 X-36.186 Y-20.223 E8.44768
G1 X-35.441 Y-20.412 E8.48465
G1 X-35.234 Y-20.428 E8.49464
G1 X-34.614 Y-20.369 E8.52459
G1 X-34.027 Y-20.148 E8.55476
G1 X-33.357 Y-19.77 E8.59176
G1 X-10.288 Y-5.409 E9.89873
G1 X-9.929 Y-5.137 E9.92039
G1 X-9.647 Y-4.84 E9.94009
G1 X-9.414 Y-4.503 E9.9598
G1 X-9.237 Y-4.133 E9.97953
G1 X-9.12 Y-3.74 E9.99925
G1 X-9.067 Y-3.333 E10.01899
G1 X-9.077 Y-2.924 E10.03867
G1 X-9.152 Y-2.52 E10.05843
G1 X-9.289 Y-2.134 E10.07813
G1 X-9.484 Y-1.774 E10.09782
G1 X-9.734 Y-1.449 E10.11754
G1 X-10.032 Y-1.167 E10.13727
G1 X-10.329 Y-.957 E10.15476
G1 X-33.085 Y12.684 E11.43083
G1 X-33.503 Y12.884 E11.45312
G1 X-33.904 Y13 E11.4732
G1 X-34.319 Y13.051 E11.49331
G1 X-34.737 Y13.035 E11.51343
G1 X-35.146 Y12.952 E11.5335
G1 X-35.538 Y12.804 E11.55365
G1 X-35.9 Y12.597 E11.57371
G1 X-36.245 Y12.312 E11.59523
G1 X-36.55 Y11.943 E11.61826
G1 X-36.266 Y11.682 F7200
;TYPE:External perimeter
G1 F1800
G1 X-36.272 Y11.674 E11.61874
G1 X-36.508 Y11.225 E11.64314
G1 X-36.615 Y10.842 E11.66227
G1 X-36.651 Y10.504 E11.67862
G1 X-37.395 Y-17.766 E13.03878
G1 X-37.314 Y-18.413 E13.07014
G1 X-37.035 Y-19.034 E13.10288
G1 X-36.581 Y-19.542 E13.13565
G1 X-35.994 Y-19.888 E13.16842
G1 X-35.359 Y-20.035 E13.19977
G1 X-34.651 Y-19.985 E13.23391
G1 X-34.178 Y-19.794 E13.25844
G1 X-33.561 Y-19.442 E13.29261
G1 X-10.494 Y-5.083 E14.59944
G1 X-10.204 Y-4.867 E14.61683
G1 X-9.96 Y-4.616 E14.63367
G1 X-9.759 Y-4.33 E14.65048
G1 X-9.605 Y-4.017 E14.66726
G1 X-9.502 Y-3.683 E14.68407
G1 X-9.454 Y-3.088 E14.71278
G1 X-9.517 Y-2.643 E14.7344
G1 X-9.631 Y-2.312 E14.75124
G1 X-9.794 Y-2.003 E14.76804
G1 X-10.004 Y-1.724 E14.78484
G1 X-10.255 Y-1.481 E14.80164
G1 X-10.527 Y-1.288 E14.81768
G1 X-33.284 Y12.353 E16.09379
G1 X-33.616 Y12.516 E16.11158
G1 X-33.958 Y12.619 E16.12876
G1 X-34.311 Y12.666 E16.14589
G1 X-34.667 Y12.655 E16.16302
G1 X-35.017 Y12.589 E16.18015
G1 X-35.353 Y12.466 E16.19736
G1 X-35.663 Y12.293 E16.21443
G1 X-35.949 Y12.065 E16.23202
G1 X-36.228 Y11.728 E16.25306
G1 X-36.425 Y11.38 F7200
G1 E14.25306 F2400
G92 E0
G1 Z2.95 F7200
G1 X-38.029 Y17.571
G1 Z.95
G1 E2 F2400
;TYPE:Perimeter
G1 F1200
G1 X-37.901 Y17.679 E2.00805
G1 X-37.537 Y18.113 E2.03529
G1 X-37.369 Y18.403 E2.05141
G1 X-37.175 Y18.936 E2.07869
G1 X-37.117 Y19.265 E2.09476
G1 X-37.117 Y19.832 E2.12203
G1 X-37.175 Y20.162 E2.13815
G1 X-37.369 Y20.695 E2.16543
G1 X-37.537 Y20.985 E2.18155
G1 X-37.901 Y21.419 E2.20879
G1 X-38.158 Y21.634 E2.22491
G1 X-38.648 Y21.918 E2.25215
G1 X-38.963 Y22.032 E2.26826
G1 X-39.522 Y22.131 E2.29556
G1 X-39.856 Y22.13 E2.31162
G1 X-40.414 Y22.032 E2.33887
G1 X-40.729 Y21.918 E2.35498
G1 X-41.22 Y21.634 E2.38226
G1 X-41.477 Y21.419 E2.39838
G1 X-41.841 Y20.985 E2.42562
G1 X-42.008 Y20.695 E2.44172
G1 X-42.202 Y20.162 E2.469
G1 X-42.26 Y19.832 E2.48512
G1 X-42.26 Y19.265 E2.51239
G1 X-42.202 Y18.936 E2.52846
G1 X-42.008 Y18.403 E2.55574
G1 X-41.841 Y18.113 E2.57184
G1 X-41.477 Y17.679 E2.59908
G1 X-41.22 Y17.463 E2.61523
G1 X-40.729 Y17.18 E2.64249
G1 X-40.422 Y17.067 E2.65822
G1 X-39.908 Y16.972 E2.68336
G1 X-39.345 Y16.979 E2.71044
G1 X-38.809 Y17.106 E2.73693
G1 X-38.158 Y17.463 E2.77264
G1 X-38.075 Y17.532 E2.77783
G1 X-38.279 Y17.869 F7200
G1 F1200
G1 X-38.044 Y18.108 E2.79395
G1 X-37.743 Y18.506 E2.81795
G1 X-37.543 Y19.053 E2.84596
G1 X-37.503 Y19.433 E2.86434
G1 X-37.521 Y19.977 E2.89052
G1 X-37.732 Y20.563 E2.92048
G1 X-37.832 Y20.737 E2.93013
G1 X-38.196 Y21.171 E2.95737
G1 X-38.35 Y21.3 E2.96703
G1 X-38.841 Y21.584 E2.99431
G1 X-39.03 Y21.652 E3.00397
G1 X-39.589 Y21.751 E3.03127
G1 X-39.789 Y21.751 E3.04089
G1 X-40.348 Y21.652 E3.06819
G1 X-40.668 Y21.508 E3.08507
G1 X-41.126 Y21.228 E3.11089
G1 X-41.545 Y20.737 E3.14194
G1 X-41.717 Y20.368 E3.16152
G1 X-41.875 Y19.847 E3.18771
G1 X-41.875 Y19.265 E3.2157
G1 X-41.84 Y19.067 E3.22537
G1 X-41.646 Y18.535 E3.25261
G1 X-41.545 Y18.361 E3.26229
G1 X-41.181 Y17.927 E3.28953
G1 X-41.027 Y17.797 E3.29922
G1 X-40.536 Y17.514 E3.32648
G1 X-39.838 Y17.351 E3.36095
G1 X-39.286 Y17.375 E3.38752
G1 X-38.841 Y17.514 E3.40994
G1 X-38.35 Y17.797 E3.4372
G1 X-38.321 Y17.827 E3.43921
G1 X-38.521 Y18.157 F7200
;TYPE:External perimeter
G1 F1200
G1 X-38.13 Y18.606 E3.46785
G1 X-37.905 Y19.185 E3.49773
G1 X-37.888 Y19.758 E3.5253
G1 X-37.9 Y19.898 E3.53206
G1 X-38.094 Y20.431 E3.55934
G1 X-38.492 Y20.923 E3.58978
G1 X-39.034 Y21.25 E3.62023
G1 X-39.655 Y21.371 E3.65066
G1 X-40.281 Y21.273 E3.68114
G1 X-40.834 Y20.966 E3.71156
G1 X-41.25 Y20.489 E3.742
G1 X-41.489 Y19.832 E3.77563
G1 X-41.489 Y19.265 E3.8029
G1 X-41.284 Y18.667 E3.8333
G1 X-40.886 Y18.174 E3.86377
G1 X-40.343 Y17.848 E3.89423
G1 X-39.769 Y17.731 E3.92241
G1 X-39.356 Y17.755 E3.94231
G1 X-39.034 Y17.848 E3.95843
G1 X-38.565 Y18.118 E3.98446
G1 X-38.297 Y18.415 F7200
G1 E1.98446 F2400
G92 E0
G1 Z2.95 F7200
G1 X-43.702 Y20.812
G1 Z.95
G1 E2 F2400
;TYPE:Perimeter
G1 F3600
G1 X-43.718 Y20.965 E2.0074
G1 X-43.831 Y21.333 E2.02592
G1 X-44.136 Y21.823 E2.05368
G1 X-44.35 Y22.043 E2.06844
G1 X-44.742 Y22.319 E2.0915
G1 X-45.378 Y22.532 E2.12376
G1 X-51.928 Y22.545 E2.43879
G1 X-52.438 Y22.471 E2.46358
G1 X-52.93 Y22.276 E2.48903
G1 X-53.339 Y21.951 E2.51416
G1 X-53.554 Y21.694 E2.53028
G1 X-53.82 Y21.185 E2.5579
G1 X-53.925 Y20.55 E2.58886
G1 X-53.925 Y-22.753 E4.67158
G1 X-53.851 Y-23.26 E4.69622
G1 X-53.626 Y-23.8 E4.72436
G1 X-53.246 Y-24.251 E4.75272
G1 X-52.764 Y-24.556 E4.78015
G1 X-52.45 Y-24.671 E4.79623
G1 X-51.93 Y-24.747 E4.82151
G1 X-46.803 Y-24.747 E5.0681
G1 X-46.303 Y-24.676 E5.09239
G1 X-45.736 Y-24.435 E5.12202
G1 X-45.29 Y-24.053 E5.15026
G1 X-45.015 Y-23.621 E5.17489
G1 X-44.896 Y-23.314 E5.19073
G1 X-44.808 Y-22.805 E5.21557
G1 X-43.669 Y20.498 E7.29901
G1 X-43.696 Y20.752 E7.3113
G1 X-44.079 Y20.762 F7200
G1 F3600
G1 X-44.088 Y20.853 E7.3157
G1 X-44.258 Y21.326 E7.33987
G1 X-44.58 Y21.733 E7.36483
G1 X-45.007 Y22.014 E7.38942
G1 X-45.5 Y22.147 E7.41398
G1 X-51.93 Y22.159 E7.72324
G1 X-52.306 Y22.109 E7.74148
G1 X-52.736 Y21.943 E7.76365
G1 X-53.165 Y21.581 E7.79065
G1 X-53.427 Y21.137 E7.81545
G1 X-53.539 Y20.55 E7.84419
G1 X-53.539 Y-22.753 E9.92691
G1 X-53.489 Y-23.128 E9.94511
G1 X-53.305 Y-23.587 E9.96889
G1 X-52.936 Y-24.007 E9.99578
G1 X-52.449 Y-24.275 E10.02252
G1 X-51.93 Y-24.362 E10.04783
G1 X-46.803 Y-24.362 E10.29442
G1 X-46.433 Y-24.313 E10.31237
G1 X-45.96 Y-24.121 E10.33692
G1 X-45.581 Y-23.799 E10.36084
G1 X-45.292 Y-23.307 E10.38828
G1 X-45.195 Y-22.815 E10.4124
G1 X-44.054 Y20.508 E12.49681
G1 X-44.073 Y20.702 E12.50619
G1 X-44.455 Y20.711 F7200
;TYPE:External perimeter
G1 F1800
G1 X-44.457 Y20.742 E12.50768
G1 X-44.579 Y21.111 E12.52637
G1 X-44.81 Y21.424 E12.54508
G1 X-45.128 Y21.648 E12.56379
G1 X-45.501 Y21.761 E12.58254
G1 X-51.93 Y21.774 E12.89175
G1 X-52.174 Y21.747 E12.90356
G1 X-52.569 Y21.59 E12.924
G1 X-52.887 Y21.309 E12.94441
G1 X-53.089 Y20.935 E12.96485
G1 X-53.154 Y20.55 E12.98363
G1 X-53.154 Y-22.753 E15.06635
G1 X-53.127 Y-22.996 E15.07811
G1 X-52.97 Y-23.391 E15.09855
G1 X-52.689 Y-23.709 E15.11896
G1 X-52.315 Y-23.911 E15.1394
G1 X-51.93 Y-23.976 E15.15818
G1 X-46.803 Y-23.976 E15.40477
G1 X-46.45 Y-23.91 E15.42204
G1 X-46.174 Y-23.799 E15.43635
G1 X-45.839 Y-23.494 E15.45814
G1 X-45.652 Y-23.162 E15.47647
G1 X-45.579 Y-22.785 E15.49494
G1 X-44.44 Y20.518 E17.57838
G1 X-44.45 Y20.651 E17.58479
G1 X-44.557 Y21.037 F7200
G1 E15.58479 F2400
G92 E0
G1 Z2.95 F7200
G1 X-38.542 Y-27.832
G1 Z.95
G1 E2 F2400
;TYPE:Perimeter
G1 F1200
G1 X-38.639 Y-27.565 E2.01366
G1 X-38.807 Y-27.275 E2.02978
G1 X-39.171 Y-26.841 E2.05702
G1 X-39.428 Y-26.626 E2.07314
G1 X-39.921 Y-26.341 E2.10053
G1 X-40.233 Y-26.228 E2.11649
G1 X-40.791 Y-26.13 E2.14374
G1 X-41.126 Y-26.13 E2.15985
G1 X-41.684 Y-26.228 E2.1871
G1 X-41.999 Y-26.342 E2.20321
G1 X-42.49 Y-26.626 E2.23049
G1 X-42.759 Y-26.856 E2.24751
G1 X-43.111 Y-27.275 E2.27383
G1 X-43.278 Y-27.565 E2.28993
G1 X-43.472 Y-28.098 E2.31721
G1 X-43.53 Y-28.428 E2.33333
G1 X-43.53 Y-28.995 E2.3606
G1 X-43.509 Y-29.198 E2.37042
G1 X-43.278 Y-29.857 E2.40401
G1 X-43.111 Y-30.147 E2.42011
G1 X-42.747 Y-30.581 E2.44735
G1 X-42.49 Y-30.797 E2.4635
G1 X-41.999 Y-31.08 E2.49076
G1 X-41.692 Y-31.193 E2.50649
G1 X-41.178 Y-31.288 E2.53163
G1 X-40.615 Y-31.281 E2.55871
G1 X-40.151 Y-31.176 E2.58159
G1 X-39.428 Y-30.797 E2.62085
G1 X-39.171 Y-30.581 E2.637
G1 X-38.807 Y-30.147 E2.66424
G1 X-38.639 Y-29.857 E2.68036
G1 X-38.445 Y-29.324 E2.70764
G1 X-38.387 Y-28.995 E2.72371
G1 X-38.387 Y-28.428 E2.75098
G1 X-38.445 Y-28.098 E2.7671
G1 X-38.522 Y-27.888 E2.77786
G1 X-38.905 Y-27.964 F7200
G1 F1200
G1 X-39.002 Y-27.697 E2.79152
G1 X-39.102 Y-27.523 E2.80117
G1 X-39.466 Y-27.089 E2.82841
G1 X-39.62 Y-26.96 E2.83807
G1 X-40.113 Y-26.675 E2.86546
G1 X-40.567 Y-26.561 E2.88797
G1 X-41.059 Y-26.509 E2.91177
G1 X-41.617 Y-26.608 E2.93903
G1 X-42.024 Y-26.802 E2.96072
G1 X-42.45 Y-27.088 E2.9854
G1 X-42.815 Y-27.523 E3.01271
G1 X-42.957 Y-27.81 E3.02811
G1 X-43.13 Y-28.3 E3.0531
G1 X-43.145 Y-28.995 E3.08653
G1 X-42.916 Y-29.725 E3.12333
G1 X-42.815 Y-29.899 E3.13301
G1 X-42.451 Y-30.333 E3.16025
G1 X-42.297 Y-30.463 E3.16994
G1 X-41.806 Y-30.746 E3.1972
G1 X-41.108 Y-30.909 E3.23167
G1 X-40.526 Y-30.878 E3.2597
G1 X-40.111 Y-30.746 E3.28065
G1 X-39.62 Y-30.463 E3.30791
G1 X-39.466 Y-30.333 E3.3176
G1 X-39.102 Y-29.899 E3.34484
G1 X-39.002 Y-29.725 E3.35449
G1 X-38.808 Y-29.193 E3.38173
G1 X-38.773 Y-28.995 E3.3914
G1 X-38.773 Y-28.428 E3.41867
G1 X-38.808 Y-28.23 E3.42834
G1 X-38.884 Y-28.02 E3.43908
G1 X-39.272 Y-28.097 F7200
;TYPE:External perimeter
G1 F1200
G1 X-39.364 Y-27.829 E3.45271
G1 X-39.743 Y-27.36 E3.48171
G1 X-40.304 Y-27.01 E3.51351
G1 X-40.925 Y-26.889 E3.54394
G1 X-41.517 Y-26.982 E3.57276
G1 X-42.104 Y-27.294 E3.60473
G1 X-42.52 Y-27.771 E3.63517
G1 X-42.747 Y-28.362 E3.66562
G1 X-42.759 Y-28.995 E3.69607
G1 X-42.554 Y-29.593 E3.72647
G1 X-42.156 Y-30.086 E3.75694
G1 X-41.613 Y-30.412 E3.7874
G1 X-41.039 Y-30.529 E3.81558
G1 X-40.626 Y-30.505 E3.83548
G1 X-40.304 Y-30.412 E3.8516
G1 X-39.813 Y-30.129 E3.87886
G1 X-39.397 Y-29.651 E3.90934
G1 X-39.17 Y-29.061 E3.93974
G1 X-39.158 Y-28.428 E3.97019
G1 X-39.252 Y-28.154 E3.98412
G1 X-39.415 Y-27.789 F7200
G1 E1.98412 F2400
G92 E0
G1 Z2.95 F7200
G1 X29.41 Y12.822
G1 Z.95
G1 E2 F2400
;TYPE:Perimeter
G1 F3600
G1 X29.339 Y12.796 E2.00364
G1 X28.172 Y12.091 E2.06922
G1 X7.835 Y-.785 E3.22692
G1 X7.405 Y-1.119 E3.25311
G1 X7.06 Y-1.504 E3.27797
G1 X6.721 Y-2.08 E3.31012
G1 X6.502 Y-2.735 E3.34334
G1 X6.448 Y-3.229 E3.36724
G1 X6.476 Y-3.719 E3.39085
G1 X6.644 Y-4.366 E3.423
G1 X6.982 Y-5.021 E3.45845
G1 X7.391 Y-5.493 E3.48849
G1 X7.857 Y-5.861 E3.51705
G1 X31.505 Y-19.84 E4.8383
G1 X31.983 Y-20.067 E4.86375
G1 X32.575 Y-20.204 E4.89298
G1 X32.913 Y-20.253 E4.90941
G1 X33.455 Y-20.218 E4.93553
G1 X34.07 Y-20.062 E4.96605
G1 X34.346 Y-19.943 E4.98051
G1 X34.883 Y-19.604 E5.01105
G1 X35.109 Y-19.406 E5.0255
G1 X35.515 Y-18.919 E5.056
G1 X35.669 Y-18.66 E5.07049
G1 X35.905 Y-18.072 E5.10096
G1 X35.972 Y-17.778 E5.11546
G1 X36.02 Y-17.071 E5.14954
G1 X33.578 Y10.344 E6.47333
G1 X33.478 Y10.881 E6.4996
G1 X33.316 Y11.323 E6.52224
G1 X33.087 Y11.734 E6.54487
G1 X32.797 Y12.105 E6.56752
G1 X32.412 Y12.452 E6.59245
G1 X31.966 Y12.733 E6.6178
G1 X31.378 Y12.963 E6.64817
G1 X30.864 Y13.059 E6.67332
G1 X30.314 Y13.061 E6.69977
G1 X29.804 Y12.967 E6.72471
G1 X29.466 Y12.843 E6.74203
G1 X29.562 Y12.471 F7200
G1 F3600
G1 X29.519 Y12.455 E6.74424
G1 X28.378 Y11.765 E6.80837
G1 X8.042 Y-1.111 E7.96603
G1 X7.682 Y-1.387 E7.98785
G1 X7.386 Y-1.71 E8.00892
G1 X7.083 Y-2.214 E8.0372
G1 X6.884 Y-2.79 E8.06651
G1 X6.833 Y-3.223 E8.08748
G1 X6.852 Y-3.634 E8.10727
G1 X6.994 Y-4.204 E8.13552
G1 X7.279 Y-4.775 E8.16621
G1 X7.643 Y-5.201 E8.19316
G1 X8.076 Y-5.543 E8.2197
G1 X31.701 Y-19.509 E9.53968
G1 X32.154 Y-19.714 E9.56359
G1 X32.773 Y-19.853 E9.5941
G1 X33.297 Y-19.857 E9.6193
G1 X33.975 Y-19.688 E9.65291
G1 X34.677 Y-19.278 E9.69201
G1 X35.218 Y-18.672 E9.73108
G1 X35.547 Y-17.928 E9.77021
G1 X35.634 Y-17.084 E9.81102
G1 X33.193 Y10.31 E11.1338
G1 X33.112 Y10.757 E11.15565
G1 X32.975 Y11.144 E11.1754
G1 X32.778 Y11.504 E11.19514
G1 X32.527 Y11.829 E11.21489
G1 X32.205 Y12.127 E11.23599
G1 X31.779 Y12.396 E11.26022
G1 X31.244 Y12.602 E11.28779
G1 X30.732 Y12.684 E11.31273
G1 X30.308 Y12.671 E11.33313
G1 X29.905 Y12.594 E11.35286
G1 X29.618 Y12.491 E11.36753
G1 X29.713 Y12.119 F7200
;TYPE:External perimeter
G1 F1800
G1 X29.699 Y12.114 E11.36825
G1 X28.584 Y11.439 E11.43094
G1 X8.248 Y-1.437 E12.5886
G1 X7.959 Y-1.656 E12.60604
G1 X7.712 Y-1.916 E12.62329
G1 X7.444 Y-2.347 E12.6477
G1 X7.265 Y-2.844 E12.67311
G1 X7.219 Y-3.217 E12.69119
G1 X7.228 Y-3.549 E12.70716
G1 X7.344 Y-4.043 E12.73157
G1 X7.575 Y-4.528 E12.75741
G1 X7.903 Y-4.915 E12.78181
G1 X8.305 Y-5.23 E12.80637
G1 X31.898 Y-19.177 E14.12456
G1 X32.238 Y-19.338 E14.14265
G1 X32.857 Y-19.477 E14.17316
G1 X33.265 Y-19.471 E14.19279
G1 X33.879 Y-19.314 E14.22327
G1 X34.471 Y-18.952 E14.25664
G1 X34.922 Y-18.425 E14.29
G1 X35.189 Y-17.785 E14.32335
G1 X35.247 Y-17.081 E14.35732
G1 X32.809 Y10.276 E15.67831
G1 X32.747 Y10.634 E15.69578
G1 X32.633 Y10.965 E15.71262
G1 X32.469 Y11.274 E15.72945
G1 X32.082 Y11.725 E15.75803
G1 X31.603 Y12.052 E15.78592
G1 X31.109 Y12.24 E15.81134
G1 X30.723 Y12.298 E15.83011
G1 X30.373 Y12.291 E15.84695
G1 X30.029 Y12.229 E15.86376
G1 X29.77 Y12.139 E15.87695
G1 X29.421 Y11.943 F7200
G1 E13.87695 F2400
G92 E0
G1 Z2.95 F7200
G1 X33.103 Y19.166
G1 Z.95
G1 E2 F2400
;TYPE:Perimeter
G1 F1200
G1 X33.12 Y19.067 E2.00483
G1 X33.314 Y18.535 E2.03207
G1 X33.415 Y18.361 E2.04175
G1 X33.779 Y17.927 E2.06899
G1 X34.164 Y17.664 E2.09142
G1 X34.608 Y17.446 E2.11521
G1 X35.122 Y17.351 E2.14035
G1 X35.704 Y17.382 E2.16838
G1 X36.119 Y17.514 E2.18933
G1 X36.61 Y17.797 E2.21659
G1 X36.764 Y17.927 E2.22628
G1 X37.128 Y18.361 E2.25352
G1 X37.228 Y18.535 E2.26317
G1 X37.422 Y19.067 E2.29041
G1 X37.457 Y19.265 E2.30008
G1 X37.457 Y19.832 E2.32735
G1 X37.422 Y20.03 E2.33702
G1 X37.228 Y20.563 E2.3643
G1 X37.128 Y20.737 E2.37395
G1 X36.764 Y21.171 E2.40119
G1 X36.61 Y21.3 E2.41085
G1 X36.119 Y21.584 E2.43813
G1 X35.694 Y21.694 E2.45924
G1 X35.171 Y21.751 E2.48454
G1 X34.612 Y21.652 E2.51184
G1 X34.424 Y21.584 E2.52146
G1 X33.933 Y21.3 E2.54874
G1 X33.779 Y21.171 E2.5584
G1 X33.414 Y20.737 E2.58567
G1 X33.314 Y20.563 E2.59532
G1 X33.12 Y20.03 E2.6226
G1 X33.085 Y19.832 E2.63227
G1 X33.085 Y19.265 E2.65954
G1 X33.092 Y19.225 E2.66149
G1 X33.482 Y19.233 F7200
;TYPE:External perimeter
G1 F1200
G1 X33.676 Y18.667 E2.69027
G1 X34.047 Y18.207 E2.71869
G1 X34.617 Y17.848 E2.75109
G1 X35.12 Y17.744 E2.77579
G1 X35.604 Y17.755 E2.79907
G1 X35.926 Y17.848 E2.81519
G1 X36.417 Y18.131 E2.84245
G1 X36.833 Y18.609 E2.87293
G1 X37.06 Y19.199 E2.90333
G1 X37.072 Y19.832 E2.93378
G1 X36.866 Y20.431 E2.96425
G1 X36.531 Y20.848 E2.98998
G1 X36.417 Y20.966 E2.99787
G1 X35.926 Y21.25 E3.02515
G1 X35.238 Y21.371 E3.05875
G1 X34.679 Y21.273 E3.08605
G1 X34.126 Y20.966 E3.11647
G1 X33.71 Y20.489 E3.14691
G1 X33.483 Y19.898 E3.17736
G1 X33.471 Y19.291 E3.20656
G1 X33.594 Y18.91 F7200
G1 E1.20656 F2400
G92 E0
G1 Z2.95 F7200
G1 X37.775 Y20.073
G1 Z.95
G1 E2 F2400
;TYPE:Perimeter
;WIDTH:0.417431
G1 F1200
G1 X37.827 Y19.265 E2.03565
G1 E.03565 F2400
G92 E0
G1 Z2.95 F7200
G1 X37.959 Y22.306
G1 Z.95
G1 E2 F2400
;WIDTH:0.45
G1 F3600
G1 X37.772 Y21.821 E2.025
G1 X37.711 Y21.538 E2.03892
G1 X37.673 Y20.93 E2.06822
G1 X37.716 Y20.541 E2.08704
;WIDTH:0.421037
G1 X37.759 Y20.153 E2.10441
G1 X37.675 Y20.424 E2.11703
;WIDTH:0.45
G1 X37.591 Y20.695 E2.13068
G1 X37.423 Y20.985 E2.1468
G1 X37.059 Y21.419 E2.17404
G1 X36.802 Y21.634 E2.19016
G1 X36.312 Y21.918 E2.2174
G1 X35.997 Y22.032 E2.23351
G1 X35.438 Y22.131 E2.26081
G1 X35.104 Y22.13 E2.27687
G1 X34.546 Y22.032 E2.30412
G1 X34.231 Y21.918 E2.32023
G1 X33.74 Y21.634 E2.34751
G1 X33.483 Y21.419 E2.36363
G1 X33.119 Y20.985 E2.39087
G1 X32.952 Y20.695 E2.40697
G1 X32.758 Y20.162 E2.43425
G1 X32.7 Y19.832 E2.45037
G1 X32.7 Y19.265 E2.47764
G1 X32.758 Y18.936 E2.49371
G1 X32.952 Y18.403 E2.52099
G1 X33.119 Y18.113 E2.53709
G1 X33.483 Y17.679 E2.56433
G1 X33.74 Y17.463 E2.58048
G1 X34.231 Y17.18 E2.60774
G1 X34.538 Y17.067 E2.62347
G1 X35.052 Y16.972 E2.64861
G1 X35.615 Y16.979 E2.67569
G1 X36.079 Y17.084 E2.69857
G1 X36.802 Y17.463 E2.73783
G1 X37.059 Y17.679 E2.75398
G1 X37.423 Y18.113 E2.78122
G1 X37.591 Y18.403 E2.79734
G1 X37.782 Y18.936 E2.82457
;WIDTH:0.445103
G1 X37.827 Y19.265 E2.84034
;WIDTH:0.45
G1 X37.89 Y18.364 E2.88378
G1 X39.587 Y-.678 E3.80326
G1 X39.69 Y-1.225 E3.83003
G1 X39.857 Y-1.676 E3.85316
G1 X40.094 Y-2.094 E3.87627
G1 X40.395 Y-2.468 E3.89936
G1 X40.753 Y-2.79 E3.92252
G1 X41.157 Y-3.05 E3.94563
G1 X41.597 Y-3.243 E3.96874
G1 X42.062 Y-3.362 E3.99183
G1 X42.541 Y-3.405 E4.01496
G1 X43.02 Y-3.372 E4.03805
G1 X43.488 Y-3.262 E4.06117
G1 X43.932 Y-3.078 E4.08429
G1 X44.342 Y-2.826 E4.10744
G1 X44.705 Y-2.512 E4.13052
G1 X45.014 Y-2.143 E4.15367
G1 X45.259 Y-1.73 E4.17677
G1 X45.436 Y-1.283 E4.19989
G1 X45.538 Y-.814 E4.22297
G1 X45.567 Y-.413 E4.24231
G1 X45.567 Y21.05 E5.27461
G1 X45.456 Y21.828 E5.31241
G1 X45.273 Y22.34 E5.33856
G1 X44.948 Y22.869 E5.36842
G1 X44.634 Y23.219 E5.39104
G1 X44.269 Y23.515 E5.41364
G1 X43.863 Y23.75 E5.4362
G1 X43.366 Y23.931 E5.46164
G1 X42.649 Y24.045 E5.49656
G1 X40.658 Y24.045 E5.59232
G1 X40.067 Y23.978 E5.62093
G1 X39.484 Y23.797 E5.65029
G1 X39.223 Y23.67 E5.66425
G1 X38.72 Y23.323 E5.69364
G1 X38.361 Y22.937 E5.71899
G1 X38.016 Y22.456 E5.74746
G1 X37.98 Y22.362 E5.7523
G1 X38.319 Y22.137 F7200
G1 F3600
G1 X38.202 Y21.866 E5.7665
G1 X38.096 Y21.514 E5.78418
G1 X38.058 Y20.906 E5.81348
G1 X38.115 Y20.184 E5.84831
G1 X39.971 Y-.644 E6.85403
G1 X40.055 Y-1.101 E6.87638
G1 X40.197 Y-1.494 E6.89648
G1 X40.401 Y-1.86 E6.91663
G1 X40.661 Y-2.189 E6.9368
G1 X40.97 Y-2.471 E6.95692
G1 X41.32 Y-2.701 E6.97706
G1 X41.702 Y-2.872 E6.99719
G1 X42.107 Y-2.979 E7.01734
G1 X42.524 Y-3.02 E7.03749
G1 X42.942 Y-2.994 E7.05763
G1 X43.35 Y-2.902 E7.07775
G1 X43.739 Y-2.745 E7.09793
G1 X44.097 Y-2.528 E7.11806
G1 X44.416 Y-2.257 E7.13819
G1 X44.687 Y-1.938 E7.15832
G1 X44.904 Y-1.58 E7.17845
G1 X45.061 Y-1.191 E7.19863
G1 X45.154 Y-.783 E7.21876
G1 X45.182 Y-.413 E7.23661
G1 X45.182 Y21.05 E8.26891
G1 X45.075 Y21.767 E8.30378
G1 X44.875 Y22.274 E8.32999
G1 X44.655 Y22.619 E8.34967
G1 X44.384 Y22.926 E8.36937
G1 X44.068 Y23.186 E8.38905
G1 X43.715 Y23.394 E8.40876
G1 X43.29 Y23.553 E8.43058
G1 X42.618 Y23.659 E8.4633
G1 X40.658 Y23.659 E8.55757
G1 X40.182 Y23.61 E8.58058
G1 X39.599 Y23.429 E8.60994
G1 X38.939 Y23.006 E8.64764
G1 X38.435 Y22.406 E8.68533
G1 X38.343 Y22.192 E8.69653
G1 X38.663 Y21.976 F7200
;TYPE:External perimeter
G1 F1800
G1 X38.493 Y21.547 E8.71872
G1 X38.451 Y21.022 E8.74405
G1 X38.5 Y20.219 E8.78274
G1 X40.355 Y-.61 E9.78851
G1 X40.419 Y-.976 E9.80638
G1 X40.537 Y-1.313 E9.82355
G1 X40.708 Y-1.626 E9.8407
G1 X40.926 Y-1.909 E9.85788
G1 X41.187 Y-2.153 E9.87506
G1 X41.483 Y-2.352 E9.89221
G1 X41.808 Y-2.501 E9.90941
G1 X42.152 Y-2.596 E9.92657
G1 X42.507 Y-2.635 E9.94375
G1 X42.863 Y-2.617 E9.96089
G1 X43.212 Y-2.541 E9.97807
G1 X43.545 Y-2.411 E9.99526
G1 X43.852 Y-2.23 E10.0124
G1 X44.127 Y-2.002 E10.02958
G1 X44.361 Y-1.732 E10.04676
G1 X44.549 Y-1.429 E10.06391
G1 X44.687 Y-1.099 E10.08111
G1 X44.77 Y-.752 E10.09827
G1 X44.796 Y-.413 E10.11462
G1 X44.796 Y21.05 E11.14692
G1 X44.694 Y21.707 E11.1789
G1 X44.546 Y22.072 E11.19784
G1 X44.362 Y22.369 E11.21464
G1 X44.133 Y22.632 E11.23141
G1 X43.867 Y22.857 E11.24817
G1 X43.568 Y23.038 E11.26498
G1 X43.229 Y23.172 E11.28251
G1 X42.588 Y23.274 E11.31373
G1 X40.658 Y23.274 E11.40656
G1 X40.297 Y23.242 E11.42399
G1 X39.713 Y23.06 E11.45341
G1 X39.158 Y22.688 E11.48555
G1 X38.739 Y22.168 E11.51767
G1 X38.685 Y22.032 E11.52471
G1 X38.537 Y21.66 F7200
G1 E9.52471 F2400
G92 E0
G1 Z2.95 F7200
G1 X41.591 Y-31.285
G1 Z.95
G1 E2 F2400
;TYPE:Perimeter
G1 F1200
G1 X41.935 Y-31.281 E2.01655
G1 X42.399 Y-31.176 E2.03943
G1 X43.122 Y-30.797 E2.07869
G1 X43.379 Y-30.581 E2.09484
G1 X43.743 Y-30.147 E2.12208
G1 X43.911 Y-29.857 E2.1382
G1 X44.105 Y-29.324 E2.16548
G1 X44.163 Y-28.995 E2.18155
G1 X44.163 Y-28.428 E2.20882
G1 X44.105 Y-28.098 E2.22494
G1 X43.911 Y-27.565 E2.25222
G1 X43.743 Y-27.275 E2.26834
G1 X43.379 Y-26.841 E2.29558
G1 X43.122 Y-26.626 E2.3117
G1 X42.632 Y-26.342 E2.33894
G1 X42.317 Y-26.228 E2.35505
G1 X41.759 Y-26.13 E2.3823
G1 X41.424 Y-26.13 E2.39841
G1 X40.866 Y-26.228 E2.42566
G1 X40.551 Y-26.342 E2.44177
G1 X40.053 Y-26.63 E2.46944
G1 X39.803 Y-26.841 E2.48517
G1 X39.439 Y-27.275 E2.51241
G1 X39.272 Y-27.565 E2.52851
G1 X39.078 Y-28.098 E2.55579
G1 X39.02 Y-28.428 E2.57191
G1 X39.02 Y-28.995 E2.59918
G1 X39.078 Y-29.324 E2.61525
G1 X39.272 Y-29.857 E2.64253
G1 X39.439 Y-30.147 E2.65863
G1 X39.803 Y-30.581 E2.68587
G1 X40.06 Y-30.797 E2.70202
G1 X40.551 Y-31.08 E2.72928
G1 X40.858 Y-31.193 E2.74501
G1 X41.372 Y-31.288 E2.77015
G1 X41.531 Y-31.286 E2.7778
G1 X41.591 Y-30.901 F7200
G1 F1200
G1 X42.024 Y-30.878 E2.79866
G1 X42.439 Y-30.746 E2.81961
G1 X42.93 Y-30.463 E2.84687
G1 X43.084 Y-30.333 E2.85656
G1 X43.448 Y-29.899 E2.8838
G1 X43.548 Y-29.725 E2.89345
G1 X43.742 Y-29.193 E2.92069
G1 X43.777 Y-28.995 E2.93036
G1 X43.777 Y-28.428 E2.95763
G1 X43.742 Y-28.23 E2.9673
G1 X43.548 Y-27.697 E2.99458
G1 X43.448 Y-27.523 E3.00423
G1 X43.084 Y-27.089 E3.03147
G1 X42.93 Y-26.96 E3.04113
G1 X42.439 Y-26.676 E3.06841
G1 X42.25 Y-26.608 E3.07807
G1 X41.692 Y-26.509 E3.10533
G1 X41.491 Y-26.509 E3.115
G1 X40.933 Y-26.608 E3.14226
G1 X40.744 Y-26.676 E3.15192
G1 X40.249 Y-26.962 E3.17942
G1 X40.099 Y-27.089 E3.18887
G1 X39.734 Y-27.523 E3.21614
G1 X39.634 Y-27.697 E3.22579
G1 X39.44 Y-28.23 E3.25307
G1 X39.405 Y-28.428 E3.26274
G1 X39.405 Y-28.995 E3.29001
G1 X39.44 Y-29.193 E3.29968
G1 X39.634 Y-29.725 E3.32692
G1 X39.734 Y-29.899 E3.33657
G1 X40.099 Y-30.333 E3.36384
G1 X40.253 Y-30.463 E3.37353
G1 X40.744 Y-30.746 E3.40079
G1 X41.442 Y-30.909 E3.43526
G1 X41.531 Y-30.904 E3.43955
G1 X41.591 Y-30.525 F7200
;TYPE:External perimeter
G1 F1200
G1 X41.924 Y-30.505 E3.4556
G1 X42.246 Y-30.412 E3.47172
G1 X42.737 Y-30.129 E3.49898
G1 X43.153 Y-29.651 E3.52946
G1 X43.38 Y-29.061 E3.55986
G1 X43.392 Y-28.428 E3.59031
G1 X43.186 Y-27.829 E3.62078
G1 X42.788 Y-27.337 E3.65122
G1 X42.246 Y-27.01 E3.68167
G1 X41.625 Y-26.889 E3.7121
G1 X40.999 Y-26.987 E3.74258
G1 X40.446 Y-27.294 E3.773
G1 X40.03 Y-27.771 E3.80344
G1 X39.803 Y-28.362 E3.83389
G1 X39.791 Y-28.995 E3.86434
G1 X39.996 Y-29.593 E3.89474
G1 X40.394 Y-30.086 E3.92521
G1 X40.937 Y-30.412 E3.95567
G1 X41.511 Y-30.529 E3.98385
G1 X41.531 Y-30.528 E3.98481
G1 X41.93 Y-30.492 F7200
G1 E1.98481 F2400
G92 E0
G1 Z2.95 F7200
G1 X54.075 Y-34.255
G1 Z.95
G1 E2 F2400
;TYPE:Perimeter
G1 F3600
G1 X54.075 Y28.753 E5.03047
G1 X-63.933 Y28.753 E10.70624
G1 X-63.933 Y-34.255 E13.73671
G1 X54.015 Y-34.255 E19.4096
G1 X54.461 Y-34.641 F7200
G1 F3600
G1 X54.461 Y29.138 E22.47715
G1 X-64.318 Y29.138 E28.19001
G1 X-64.318 Y-34.641 E31.25756
G1 X54.401 Y-34.641 E36.96753
G1 X54.846 Y-35.026 F7200
;TYPE:External perimeter
G1 F1800
G1 X54.846 Y29.524 E40.07216
G1 X-64.704 Y29.524 E45.8221
G1 X-64.704 Y-35.026 E48.92673
G1 X54.786 Y-35.026 E54.67378
G1 X54.846 Y-34.631 F7200
G1 E52.67378 F2400
G92 E0
G1 Z2.95 F7200
G1 X-63.612 Y28.359
G1 Z.95
G1 E2 F2400
;TYPE:Solid infill
;WIDTH:0.543559
G1 F1500
G1 X-63.654 Y28.401 E2.00355
G1 X-63.639 Y28.459 E2.00713
G1 X-63.581 Y28.474 E2.01071
G1 X-63.539 Y28.432 E2.01426
G1 X-63.554 Y28.374 E2.01784
;WIDTH:0.45
G1 X-63.643 Y27.758 E2.04778
G1 X-62.801 Y28.587 E2.10461
;WIDTH:0.404381
G1 X-62.82 Y28.658 E2.10773
G1 X-62.749 Y28.639 E2.11085
G1 X-62.76 Y28.598 E2.11265
;WIDTH:0.45
G1 X-62.393 Y28.463 E2.13146
G1 X-63.643 Y27.213 E2.21648
G1 X-63.643 Y26.668 E2.24269
G1 X-61.848 Y28.463 E2.36478
G1 X-61.302 Y28.463 E2.39104
G1 X-63.643 Y26.122 E2.55027
G1 X-63.643 Y25.577 E2.57648
G1 X-60.757 Y28.463 E2.77278
G1 X-60.212 Y28.463 E2.79899
G1 X-63.643 Y25.031 E3.0324
G1 X-63.643 Y24.486 E3.05861
G1 X-59.666 Y28.463 E3.32912
G1 X-59.121 Y28.463 E3.35533
G1 X-63.643 Y23.941 E3.66291
G1 X-63.643 Y23.395 E3.68917
G1 X-58.575 Y28.463 E4.03389
G1 X-58.03 Y28.463 E4.0601
G1 X-63.643 Y22.85 E4.44189
G1 X-63.643 Y22.305 E4.4681
G1 X-57.485 Y28.463 E4.88696
G1 X-56.939 Y28.463 E4.91322
G1 X-63.643 Y21.759 E5.36922
G1 X-63.643 Y21.214 E5.39543
G1 X-56.394 Y28.463 E5.8885
G1 X-55.849 Y28.463 E5.91471
G1 X-63.643 Y20.669 E6.44485
G1 X-63.643 Y20.123 E6.47111
G1 X-55.303 Y28.463 E7.03839
G1 X-54.758 Y28.463 E7.0646
G1 X-63.643 Y19.578 E7.66895
G1 X-63.643 Y19.033 E7.69516
G1 X-54.213 Y28.463 E8.33658
G1 X-53.667 Y28.463 E8.36284
G1 X-63.643 Y18.487 E9.0414
G1 X-63.643 Y17.942 E9.06761
G1 X-53.122 Y28.463 E9.78324
G1 X-52.577 Y28.463 E9.80945
G1 X-63.643 Y17.397 E10.56215
G1 X-63.643 Y16.851 E10.58841
G1 X-52.031 Y28.463 E11.37824
G1 X-51.486 Y28.463 E11.40445
G1 X-63.643 Y16.306 E12.23135
G1 X-63.643 Y15.761 E12.25756
G1 X-50.941 Y28.463 E13.12153
G1 X-50.395 Y28.463 E13.14779
G1 X-63.643 Y15.215 E14.0489
G1 X-63.643 Y14.67 E14.07511
G1 X-49.85 Y28.463 E15.01329
G1 X-49.305 Y28.463 E15.0395
G1 X-63.643 Y14.125 E16.01475
G1 X-63.643 Y13.579 E16.04101
G1 X-48.759 Y28.463 E17.0534
G1 X-48.214 Y28.463 E17.07961
G1 X-63.643 Y13.034 E18.12907
G1 X-63.643 Y12.488 E18.15533
G1 X-47.669 Y28.463 E19.2419
G1 X-47.366 Y28.546 E19.25701
;WIDTH:0.404381
G1 X-47.355 Y28.587 E19.25881
G1 X-47.426 Y28.606 E19.26193
G1 X-47.407 Y28.535 E19.26505
G1 E17.26505 F2400
G92 E0
G1 Z2.95 F7200
G1 X-53.878 Y21.709
G1 Z.95
G1 E2 F2400
;WIDTH:0.45
G1 F1500
G1 X-63.643 Y11.943 E2.66424
G1 X-63.643 Y11.398 E2.69045
G1 X-54.178 Y20.863 E3.33425
G1 X-54.045 Y21.094 E3.34707
;WIDTH:0.404381
G1 X-54.064 Y21.165 E3.35019
G1 X-53.993 Y21.146 E3.35331
G1 X-54.004 Y21.105 E3.35511
G1 X-54.214 Y20.282 F7200
;WIDTH:0.45
G1 F1500
G1 X-63.643 Y10.852 E3.99649
G1 X-63.643 Y10.307 E4.0227
G1 X-54.214 Y19.736 E4.66405
G1 X-54.214 Y19.191 E4.69026
G1 X-63.643 Y9.762 E5.33161
G1 X-63.643 Y9.216 E5.35787
G1 X-54.214 Y18.646 E5.99925
G1 X-54.214 Y18.1 E6.02551
G1 X-63.643 Y8.671 E6.66686
G1 X-63.643 Y8.126 E6.69307
G1 X-54.214 Y17.555 E7.33442
G1 X-54.214 Y17.01 E7.36063
G1 X-63.643 Y7.58 E8.00201
G1 X-63.643 Y7.035 E8.02822
G1 X-54.214 Y16.465 E8.6696
G1 X-54.214 Y15.919 E8.69586
G1 X-63.643 Y6.49 E9.33721
G1 X-63.643 Y5.944 E9.36347
G1 X-54.214 Y15.374 E10.00485
G1 X-54.214 Y14.829 E10.03106
G1 X-63.643 Y5.399 E10.67244
G1 X-63.643 Y4.854 E10.69865
G1 X-54.214 Y14.283 E11.34
G1 X-54.214 Y13.738 E11.36621
G1 X-63.643 Y4.308 E12.00759
G1 X-63.643 Y3.763 E12.0338
G1 X-54.213 Y13.193 E12.67522
G1 X-54.213 Y12.647 E12.70148
G1 X-63.643 Y3.218 E13.34286
G1 X-63.643 Y2.672 E13.36912
G1 X-54.213 Y12.102 E14.01054
G1 X-54.213 Y11.557 E14.03675
G1 X-63.643 Y2.127 E14.67817
G1 X-63.643 Y1.582 E14.70438
G1 X-54.213 Y11.012 E15.3458
G1 X-54.213 Y10.466 E15.37206
G1 X-63.643 Y1.036 E16.01348
G1 X-63.643 Y.491 E16.03969
G1 X-54.213 Y9.921 E16.68111
G1 X-54.213 Y9.376 E16.70732
G1 X-63.643 Y-.055 E17.34877
G1 X-63.643 Y-.6 E17.37498
G1 X-54.213 Y8.83 E18.0164
G1 X-54.213 Y8.285 E18.04261
G1 X-63.643 Y-1.145 E18.68403
G1 X-63.643 Y-1.691 E18.71029
G1 X-54.213 Y7.74 E19.35174
G1 X-54.213 Y7.195 E19.37795
G1 X-63.643 Y-2.236 E20.0194
G1 X-63.643 Y-2.781 E20.04561
G1 X-54.213 Y6.649 E20.68703
G1 X-54.213 Y6.104 E20.71324
G1 X-63.643 Y-3.327 E21.35469
G1 X-63.643 Y-3.872 E21.3809
G1 X-54.213 Y5.559 E22.02235
G1 X-54.213 Y5.013 E22.04861
G1 X-63.643 Y-4.417 E22.69003
G1 X-63.643 Y-4.963 E22.71629
G1 X-54.213 Y4.468 E23.35774
G1 X-54.213 Y3.923 E23.38395
G1 X-63.643 Y-5.508 E24.0254
G1 X-63.643 Y-6.053 E24.05161
G1 X-54.212 Y3.378 E24.69309
G1 X-54.212 Y2.832 E24.71935
G1 X-63.643 Y-6.599 E25.36083
G1 X-63.643 Y-7.144 E25.38704
G1 X-54.212 Y2.287 E26.02852
G1 X-54.212 Y1.742 E26.05473
G1 X-63.643 Y-7.689 E26.69621
G1 X-63.643 Y-8.235 E26.72247
G1 X-54.212 Y1.196 E27.36395
G1 X-54.212 Y.651 E27.39016
G1 X-63.643 Y-8.78 E28.03164
G1 X-63.643 Y-9.325 E28.05785
G1 X-54.212 Y.106 E28.69933
G1 X-54.212 Y-.44 E28.72559
G1 X-63.643 Y-9.871 E29.36707
G1 X-63.643 Y-10.416 E29.39328
G1 X-54.212 Y-.985 E30.03476
G1 X-54.212 Y-1.53 E30.06097
G1 X-63.643 Y-10.961 E30.70245
G1 X-63.643 Y-11.507 E30.72871
G1 X-54.212 Y-2.075 E31.37023
G1 X-54.212 Y-2.621 E31.39649
G1 X-63.643 Y-12.052 E32.03797
G1 X-63.643 Y-12.598 E32.06423
G1 X-54.212 Y-3.166 E32.70575
G1 X-54.212 Y-3.711 E32.73196
G1 X-63.643 Y-13.143 E33.37348
G1 X-63.643 Y-13.688 E33.39969
G1 X-54.212 Y-4.257 E34.04117
G1 X-54.212 Y-4.802 E34.06738
G1 X-63.643 Y-14.234 E34.7089
G1 X-63.643 Y-14.779 E34.73511
G1 X-54.212 Y-5.347 E35.37663
G1 X-54.212 Y-5.892 E35.40284
G1 X-63.643 Y-15.324 E36.04436
G1 X-63.643 Y-15.87 E36.07062
G1 X-54.211 Y-6.438 E36.71217
G1 X-54.211 Y-6.983 E36.73838
G1 X-63.643 Y-16.415 E37.37993
G1 X-63.643 Y-16.96 E37.40614
G1 X-54.211 Y-7.528 E38.04769
G1 X-54.211 Y-8.074 E38.07395
G1 X-63.643 Y-17.506 E38.7155
G1 X-63.643 Y-18.051 E38.74171
G1 X-54.211 Y-8.619 E39.38326
G1 X-54.211 Y-9.164 E39.40947
G1 X-63.643 Y-18.596 E40.05102
G1 X-63.643 Y-19.142 E40.07728
G1 X-54.211 Y-9.71 E40.71883
G1 X-54.211 Y-10.255 E40.74504
G1 X-63.643 Y-19.687 E41.38659
G1 X-63.643 Y-20.232 E41.4128
G1 X-54.211 Y-10.8 E42.05435
G1 X-54.211 Y-11.345 E42.08056
G1 X-63.643 Y-20.778 E42.72215
G1 X-63.643 Y-21.323 E42.74836
G1 X-54.211 Y-11.891 E43.38991
G1 X-54.211 Y-12.436 E43.41612
G1 X-63.643 Y-21.868 E44.05767
G1 X-63.643 Y-22.414 E44.08393
G1 X-54.211 Y-12.981 E44.72552
G1 X-54.211 Y-13.527 E44.75178
G1 X-63.643 Y-22.959 E45.39333
G1 X-63.643 Y-23.504 E45.41954
G1 X-54.211 Y-14.072 E46.06109
G1 X-54.211 Y-14.617 E46.0873
G1 X-63.643 Y-24.05 E46.72889
G1 X-63.643 Y-24.595 E46.7551
G1 X-54.211 Y-15.162 E47.39669
G1 X-54.211 Y-15.708 E47.42295
G1 X-63.643 Y-25.14 E48.0645
G1 X-63.643 Y-25.686 E48.09076
G1 X-54.21 Y-16.253 E48.73238
G1 X-54.21 Y-16.798 E48.75859
G1 X-63.643 Y-26.231 E49.40021
G1 X-63.643 Y-26.777 E49.42647
G1 X-54.21 Y-17.344 E50.06809
G1 X-54.21 Y-17.889 E50.0943
G1 X-63.643 Y-27.322 E50.73592
G1 X-63.643 Y-27.867 E50.76213
G1 X-54.21 Y-18.434 E51.40375
G1 X-54.21 Y-18.979 E51.42996
G1 X-63.643 Y-28.413 E52.07161
G1 X-63.643 Y-28.958 E52.09782
G1 X-54.21 Y-19.525 E52.73944
G1 X-54.21 Y-20.07 E52.76565
G1 X-63.643 Y-29.503 E53.40727
G1 X-63.643 Y-30.049 E53.43353
G1 X-54.21 Y-20.615 E54.07518
G1 X-54.21 Y-21.161 E54.10144
G1 X-63.643 Y-30.594 E54.74306
G1 X-63.643 Y-31.139 E54.76927
G1 X-54.21 Y-21.706 E55.41089
G1 X-54.21 Y-22.251 E55.4371
G1 X-63.643 Y-31.685 E56.07875
G1 X-63.643 Y-32.23 E56.10496
G1 X-54.21 Y-22.797 E56.74658
G1 X-54.143 Y-23.275 E56.76979
G1 X-63.643 Y-32.775 E57.41597
G1 X-63.643 Y-33.321 E57.44223
G1 X-53.999 Y-23.676 E58.09824
G1 X-53.81 Y-24.033 E58.11767
G1 X-63.643 Y-33.866 E58.7865
G1 X-63.731 Y-34.114 E58.79916
;WIDTH:0.404381
G1 X-63.72 Y-34.073 E58.80096
G1 X-63.791 Y-34.053 E58.80409
G1 X-63.772 Y-34.125 E58.80725
;WIDTH:0.45
G1 X-63.198 Y-33.966 E58.8359
G1 X-53.56 Y-24.328 E59.49146
G1 X-53.274 Y-24.588 E59.51005
G1 X-62.652 Y-33.966 E60.14793
G1 X-62.107 Y-33.966 E60.17414
G1 X-52.93 Y-24.789 E60.79835
G1 X-52.54 Y-24.944 E60.81853
G1 X-61.562 Y-33.966 E61.4322
G1 X-61.016 Y-33.966 E61.45846
G1 X-52.068 Y-25.018 E62.06709
G1 X-51.542 Y-25.037 E62.09241
G1 X-60.471 Y-33.966 E62.69975
G1 X-59.926 Y-33.966 E62.72596
G1 X-50.997 Y-25.037 E63.3333
G1 X-50.451 Y-25.037 E63.35956
G1 X-59.38 Y-33.966 E63.9669
G1 X-58.835 Y-33.966 E63.99311
G1 X-49.906 Y-25.037 E64.60045
G1 X-49.36 Y-25.037 E64.62671
G1 X-58.29 Y-33.966 E65.23408
G1 X-57.744 Y-33.966 E65.26034
G1 X-48.815 Y-25.037 E65.86768
G1 X-48.27 Y-25.037 E65.89389
G1 X-57.199 Y-33.966 E66.50123
G1 X-56.654 Y-33.966 E66.52744
G1 X-47.724 Y-25.037 E67.13481
G1 X-47.179 Y-25.037 E67.16102
G1 X-56.108 Y-33.966 E67.76836
G1 X-55.563 Y-33.966 E67.79457
G1 X-46.616 Y-25.019 E68.40313
G1 X-46.357 Y-24.924 E68.4164
;WIDTH:0.404381
G1 X-46.376 Y-24.853 E68.41952
G1 X-46.305 Y-24.872 E68.42264
G1 X-46.316 Y-24.913 E68.42444
G1 X-44.924 Y-23.931 F7200
G1 F1500
G1 X-45.142 Y-24.201 E68.43916
G1 X-45.596 Y-24.619 E68.46533
;WIDTH:0.45
G1 X-45.869 Y-24.817 E68.48155
G1 X-55.017 Y-33.966 E69.10382
G1 E67.10382 F2400
G92 E0
G1 Z2.95 F7200
G1 X-53.649 Y21.981
G1 Z.95
G1 E2 F2400
;WIDTH:0.404381
G1 F1500
G1 X-53.322 Y22.301 E2.0194
;WIDTH:0.45
G1 X-53.049 Y22.538 E2.03679
G1 X-46.986 Y28.587 E2.44871
;WIDTH:0.404381
G1 X-47.005 Y28.658 E2.45183
G1 X-46.934 Y28.639 E2.45495
G1 X-46.945 Y28.598 E2.45675
;WIDTH:0.45
G1 X-46.578 Y28.463 E2.47556
G1 X-52.229 Y22.812 E2.85993
G1 X-52.472 Y22.632 E2.87447
;WIDTH:0.404381
G1 X-52.461 Y22.673 E2.87627
G1 X-52.532 Y22.693 E2.8794
G1 X-52.513 Y22.621 E2.88256
G1 X-51.662 Y22.834 F7200
;WIDTH:0.45
G1 F1500
G1 X-46.032 Y28.463 E3.26547
G1 X-45.487 Y28.463 E3.29168
G1 X-51.118 Y22.833 E3.67466
G1 X-50.574 Y22.832 E3.70082
G1 X-44.942 Y28.463 E4.08387
G1 X-44.396 Y28.463 E4.11013
G1 X-50.029 Y22.83 E4.49328
G1 X-49.485 Y22.829 E4.51944
G1 X-43.851 Y28.463 E4.90266
G1 X-43.306 Y28.463 E4.92887
G1 X-48.941 Y22.828 E5.31216
G1 X-48.396 Y22.827 E5.33837
G1 X-42.76 Y28.463 E5.72172
G1 X-42.215 Y28.463 E5.74793
G1 X-47.852 Y22.826 E6.13135
G1 X-47.308 Y22.825 E6.15751
G1 X-41.67 Y28.463 E6.541
G1 X-41.124 Y28.463 E6.56726
G1 X-46.764 Y22.824 E6.95085
G1 X-46.219 Y22.823 E6.97706
G1 X-40.579 Y28.463 E7.36069
G1 X-40.034 Y28.463 E7.3869
G1 X-45.675 Y22.822 E7.77059
G1 X-45.181 Y22.77 E7.79448
G1 X-39.488 Y28.463 E8.18171
G1 X-38.943 Y28.463 E8.20792
G1 X-44.764 Y22.642 E8.60386
G1 X-44.418 Y22.443 E8.62306
G1 X-38.398 Y28.463 E9.03253
G1 X-37.852 Y28.463 E9.05879
G1 X-44.106 Y22.21 E9.48415
G1 X-43.854 Y21.917 E9.50274
G1 X-37.307 Y28.463 E9.94802
G1 X-36.762 Y28.463 E9.97423
G1 X-43.638 Y21.587 E10.44193
G1 X-43.49 Y21.19 E10.46231
G1 X-36.216 Y28.463 E10.95704
G1 X-35.671 Y28.463 E10.98325
G1 X-43.393 Y20.741 E11.50849
G1 X-43.391 Y20.198 E11.53461
G1 X-35.126 Y28.463 E12.09679
G1 E10.09679 F2400
G92 E0
G1 Z2.95 F7200
G1 X-43.223 Y19.821
G1 Z.95
G1 E2 F2400
G1 F1500
G1 X-42.658 Y20.386 E2.03843
G1 X-42.191 Y20.904 E2.07197
G1 X-42.472 Y20.266 E2.1055
G1 X-42.549 Y19.857 E2.12552
G1 X-42.55 Y19.274 E2.15356
G1 X-42.471 Y18.829 E2.1753
G1 X-42.283 Y18.312 E2.20176
G1 X-42.057 Y17.921 E2.22348
G1 X-41.703 Y17.499 E2.24997
G1 X-41.357 Y17.209 E2.27168
G1 X-41.084 Y17.051 E2.28685
G1 X-43.538 Y14.597 E2.45377
G1 X-43.402 Y19.785 E2.70338
G1 X-42.98 Y19.457 E2.72909
;WIDTH:0.556965
G1 X-42.979 Y19.164 E2.74709
G1 X-43 Y19.009 E2.7567
;WIDTH:0.523857
G1 X-43.02 Y18.853 E2.76571
G1 X-43 Y19.009 E2.77472
;WIDTH:0.556965
G1 X-42.979 Y19.164 E2.78433
G1 X-42.868 Y18.836 E2.8056
;WIDTH:0.52131
G1 X-42.757 Y18.508 E2.82533
;WIDTH:0.485655
G1 X-42.645 Y18.18 E2.84354
;WIDTH:0.45
G1 X-42.352 Y17.673 E2.8717
G1 X-41.999 Y17.251 E2.89816
G1 X-41.695 Y16.985 E2.91759
G1 X-43.127 Y15.553 E3.01499
G1 X-43.046 Y18.662 E3.16457
G1 X-42.693 Y17.494 F7200
;WIDTH:0.445112
G1 F1500
G1 X-42.719 Y16.504 E3.2116
G1 X-42.255 Y16.968 E3.24276
G1 X-42.571 Y17.344 E3.26608
G1 X-40.719 Y16.871 F7200
;WIDTH:0.45
G1 F1500
G1 X-43.553 Y14.037 E3.45885
G1 X-43.567 Y13.477 E3.48579
G1 X-40.293 Y16.752 E3.70852
G1 X-39.826 Y16.673 E3.7313
G1 X-43.582 Y12.917 E3.98678
G1 X-43.597 Y12.357 E4.01372
G1 X-39.247 Y16.707 E4.3096
G1 X-38.944 Y16.825 E4.32524
;WIDTH:0.404381
G1 X-38.933 Y16.866 E4.32704
G1 X-39.004 Y16.885 E4.33016
G1 X-38.985 Y16.814 E4.33328
G1 E2.33328 F2400
G92 E0
G1 Z2.95 F7200
G1 X-42.162 Y20.943
G1 Z.95
G1 E2 F2400
G1 F1500
G1 X-41.526 Y21.649 E2.0403
G1 X-41.152 Y21.95 E2.06066
;WIDTH:0.45
G1 X-40.879 Y22.164 E2.07734
G1 X-34.58 Y28.463 E2.50579
G1 X-34.035 Y28.463 E2.532
G1 X-40.126 Y22.372 E2.9463
G1 X-40.365 Y22.186 E2.96087
;WIDTH:0.404381
G1 X-40.354 Y22.227 E2.96267
G1 X-40.425 Y22.246 E2.96579
G1 X-40.406 Y22.175 E2.96891
G1 X-39.532 Y22.421 F7200
;WIDTH:0.45
G1 F1500
G1 X-33.489 Y28.463 E3.37991
G1 X-32.944 Y28.463 E3.40612
G1 X-39.064 Y22.343 E3.82239
G1 X-38.633 Y22.229 E3.84383
G1 X-32.399 Y28.463 E4.26786
G1 X-31.853 Y28.463 E4.29412
G1 X-38.279 Y22.038 E4.73117
G1 X-37.939 Y21.833 E4.75027
G1 X-31.308 Y28.463 E5.20127
G1 X-30.763 Y28.463 E5.22748
G1 X-37.653 Y21.573 E5.69613
G1 X-37.408 Y21.273 E5.71476
G1 X-30.217 Y28.463 E6.20385
G1 X-29.672 Y28.463 E6.23006
G1 X-37.178 Y20.957 E6.74061
G1 X-37.017 Y20.573 E6.76064
G1 X-29.127 Y28.463 E7.29731
G1 X-28.581 Y28.463 E7.32357
G1 X-36.881 Y20.163 E7.88813
G1 X-36.83 Y19.669 E7.91202
G1 X-28.036 Y28.463 E8.51018
G1 X-27.491 Y28.463 E8.53639
G1 X-36.848 Y19.106 E9.17284
G1 X-36.971 Y18.806 E9.18843
;WIDTH:0.404381
G1 X-36.96 Y18.847 E9.19023
G1 X-37.031 Y18.866 E9.19335
G1 X-37.012 Y18.795 E9.19647
;WIDTH:0.45
G1 X-37.105 Y18.304 E9.22051
G1 X-26.945 Y28.463 E9.91155
G1 E7.91155 F2400
G92 E0
G1 Z2.95 F7200
G1 X-37.316 Y18.031
G1 Z.95
G1 E2 F2400
;WIDTH:0.404381
G1 F1500
G1 X-37.738 Y17.553 E2.02704
G1 X-38.169 Y17.181 E2.05118
;WIDTH:0.45
G1 X-38.441 Y16.967 E2.06783
G1 X-43.612 Y11.797 E2.41952
G1 X-43.699 Y11.494 E2.43468
;WIDTH:0.404381
G1 X-43.688 Y11.535 E2.43648
G1 X-43.759 Y11.554 E2.4396
G1 X-43.74 Y11.483 E2.44272
;WIDTH:0.45
G1 X-43.626 Y11.237 E2.45576
G1 X-26.4 Y28.463 E3.62745
G1 X-25.855 Y28.463 E3.65366
G1 X-43.641 Y10.677 E4.86344
G1 X-43.656 Y10.117 E4.89038
G1 X-25.309 Y28.463 E6.13829
G1 X-24.764 Y28.463 E6.1645
G1 X-43.67 Y9.557 E7.45046
G1 X-43.685 Y8.997 E7.4774
G1 X-24.219 Y28.463 E8.80145
G1 X-23.673 Y28.463 E8.82771
G1 X-43.7 Y8.437 E10.18989
G1 X-43.714 Y7.877 E10.21683
G1 X-23.128 Y28.463 E11.61706
G1 X-22.583 Y28.463 E11.64327
G1 X-43.729 Y7.317 E13.08159
G1 X-43.744 Y6.757 E13.10853
G1 X-22.037 Y28.463 E14.58498
G1 X-21.23 Y28.535 F7200
;WIDTH:0.404381
G1 F1500
G1 X-21.249 Y28.606 E14.5881
G1 X-21.178 Y28.587 E14.59122
G1 X-21.189 Y28.546 E14.59302
;WIDTH:0.45
G1 X-21.492 Y28.463 E14.60813
G1 X-43.758 Y6.197 E16.12264
G1 X-43.773 Y5.637 E16.14958
G1 X-37.161 Y12.249 E16.59932
G1 X-36.915 Y12.522 E16.61699
;WIDTH:0.412487
G1 X-36.478 Y12.966 E16.64404
;WIDTH:0.45
G1 X-36.205 Y13.204 E16.66146
G1 X-20.946 Y28.463 E17.69936
G1 X-20.401 Y28.463 E17.72557
G1 X-35.238 Y13.626 E18.73476
G1 X-35.481 Y13.428 E18.74984
;WIDTH:0.404381
G1 X-35.47 Y13.469 E18.75164
G1 X-35.541 Y13.488 E18.75476
G1 X-35.522 Y13.417 E18.75788
G1 X-34.609 Y13.71 F7200
;WIDTH:0.45
G1 F1500
G1 X-19.856 Y28.463 E19.76136
G1 X-19.31 Y28.463 E19.78762
G1 X-34.076 Y13.697 E20.79198
G1 X-33.606 Y13.622 E20.81487
G1 X-18.765 Y28.463 E21.82434
G1 X-18.22 Y28.463 E21.85055
G1 X-33.195 Y13.488 E22.86913
G1 X-32.828 Y13.309 E22.88877
G1 X-17.674 Y28.463 E23.91953
G1 X-17.129 Y28.463 E23.94574
G1 X-32.483 Y13.109 E24.9901
G1 X-32.142 Y12.905 E25.00921
G1 X-16.584 Y28.463 E26.06745
G1 X-16.038 Y28.463 E26.09371
G1 X-31.801 Y12.7 E27.16589
G1 X-31.46 Y12.496 E27.185
G1 X-15.493 Y28.463 E28.27106
G1 X-14.948 Y28.463 E28.29727
G1 X-31.119 Y12.292 E29.3972
G1 X-30.778 Y12.087 E29.41634
G1 X-14.402 Y28.463 E30.53022
G1 X-13.857 Y28.463 E30.55643
G1 X-30.438 Y11.883 E31.68422
G1 X-30.097 Y11.678 E31.70336
G1 X-13.312 Y28.463 E32.84505
G1 X-12.766 Y28.463 E32.87131
G1 X-29.756 Y11.474 E34.02691
G1 X-29.415 Y11.269 E34.04605
G1 X-12.221 Y28.463 E35.21556
G1 X-11.676 Y28.463 E35.24177
G1 X-29.074 Y11.065 E36.42516
G1 X-28.733 Y10.861 E36.44427
G1 X-11.13 Y28.463 E37.64157
G1 X-10.323 Y28.535 F7200
;WIDTH:0.404381
G1 F1500
G1 X-10.342 Y28.606 E37.64469
G1 X-10.271 Y28.587 E37.64781
G1 X-10.282 Y28.546 E37.64961
;WIDTH:0.45
G1 X-10.585 Y28.463 E37.66472
G1 X-28.392 Y10.656 E38.87593
G1 X-28.051 Y10.452 E38.89504
G1 X-22.339 Y16.18 E39.28411
;WIDTH:0.427041
G1 X-22.106 Y16.418 E39.29918
;WIDTH:0.45
G1 X-21.833 Y16.669 E39.31702
G1 X-10.04 Y28.463 E40.1192
G1 X-9.494 Y28.463 E40.14546
G1 X-20.769 Y17.188 E40.91237
G1 X-21.012 Y16.987 E40.92754
;WIDTH:0.404381
G1 X-21.001 Y17.028 E40.92934
G1 X-21.072 Y17.047 E40.93246
G1 X-21.053 Y16.976 E40.93558
G1 X-20.113 Y17.299 F7200
;WIDTH:0.45
G1 F1500
G1 X-8.949 Y28.463 E41.69494
G1 X-8.403 Y28.463 E41.7212
G1 X-19.553 Y17.314 E42.47958
G1 X-19.007 Y17.314 E42.50584
G1 X-7.858 Y28.463 E43.26418
G1 X-7.313 Y28.463 E43.29039
G1 X-18.462 Y17.314 E44.04873
G1 X-17.916 Y17.314 E44.07499
G1 X-6.767 Y28.463 E44.83333
G1 X-6.222 Y28.463 E44.85954
G1 X-17.371 Y17.315 E45.61785
G1 X-16.825 Y17.315 E45.64411
G1 X-5.677 Y28.463 E46.40238
G1 X-5.131 Y28.463 E46.42864
G1 X-16.28 Y17.315 E47.18695
G1 X-15.734 Y17.315 E47.21321
G1 X-4.586 Y28.463 E47.97148
G1 X-4.041 Y28.463 E47.99769
G1 X-15.189 Y17.315 E48.75596
G1 X-14.643 Y17.316 E48.78222
G1 X-3.495 Y28.463 E49.54046
G1 X-2.95 Y28.463 E49.56667
G1 X-14.097 Y17.316 E50.32488
G1 X-13.552 Y17.316 E50.35109
G1 X-2.405 Y28.463 E51.1093
G1 X-1.859 Y28.463 E51.13556
G1 X-13.006 Y17.316 E51.89377
G1 X-12.461 Y17.316 E51.91998
G1 X-1.314 Y28.463 E52.67819
G1 X-.769 Y28.463 E52.7044
G1 X-11.915 Y17.317 E53.46254
G1 X-11.37 Y17.317 E53.48875
G1 X-.223 Y28.463 E54.24692
G1 X.322 Y28.463 E54.27313
G1 X-10.824 Y17.317 E55.03127
G1 X-10.279 Y17.317 E55.05748
G1 X.867 Y28.463 E55.81562
G1 X1.413 Y28.463 E55.84188
G1 X-9.733 Y17.317 E56.60002
G1 X-9.187 Y17.318 E56.62628
G1 X1.958 Y28.463 E57.38435
G1 X2.503 Y28.463 E57.41056
G1 X-8.642 Y17.318 E58.16863
G1 X-8.096 Y17.318 E58.19489
G1 X3.049 Y28.463 E58.95296
G1 X3.594 Y28.463 E58.97917
G1 X-7.551 Y17.318 E59.73724
G1 X-7.005 Y17.318 E59.7635
G1 X4.14 Y28.463 E60.52157
G1 X4.685 Y28.463 E60.54778
G1 X-6.46 Y17.319 E61.30582
G1 X-5.914 Y17.319 E61.33208
G1 X5.23 Y28.463 E62.09008
G1 X5.776 Y28.463 E62.11634
G1 X-5.369 Y17.319 E62.87438
G1 X-4.823 Y17.319 E62.90064
G1 X6.321 Y28.463 E63.65864
G1 X6.866 Y28.463 E63.68485
G1 X-4.278 Y17.32 E64.44282
G1 X-3.732 Y17.32 E64.46908
G1 X7.412 Y28.463 E65.22705
G1 X7.957 Y28.463 E65.25326
G1 X-3.186 Y17.32 E66.01119
G1 X-2.641 Y17.32 E66.0374
G1 X8.502 Y28.463 E66.79533
G1 X9.048 Y28.463 E66.82159
G1 X-2.095 Y17.32 E67.57952
G1 X-1.55 Y17.321 E67.60573
G1 X9.593 Y28.463 E68.36363
G1 X10.138 Y28.463 E68.38984
G1 X-1.004 Y17.321 E69.14771
G1 X-.459 Y17.321 E69.17392
G1 X10.684 Y28.463 E69.93182
G1 X11.229 Y28.463 E69.95803
G1 X.087 Y17.321 E70.7159
G1 X.632 Y17.321 E70.74211
G1 X11.774 Y28.463 E71.49998
G1 X12.32 Y28.463 E71.52624
G1 X1.178 Y17.322 E72.28407
G1 X1.724 Y17.322 E72.31033
G1 X12.865 Y28.463 E73.06813
G1 X13.41 Y28.463 E73.09434
G1 X2.269 Y17.322 E73.85214
G1 X2.815 Y17.322 E73.8784
G1 X13.956 Y28.463 E74.6362
G1 X14.501 Y28.463 E74.66241
G1 X3.36 Y17.322 E75.42021
G1 X3.906 Y17.323 E75.44647
G1 X15.046 Y28.463 E76.2042
G1 X15.592 Y28.463 E76.23046
G1 X4.451 Y17.323 E76.98822
G1 X4.997 Y17.323 E77.01448
G1 X16.137 Y28.463 E77.77221
G1 X16.683 Y28.463 E77.79847
G1 X5.542 Y17.323 E78.55623
G1 X6.088 Y17.323 E78.58249
G1 X17.228 Y28.463 E79.34022
G1 X17.773 Y28.463 E79.36643
G1 X6.633 Y17.324 E80.12412
G1 X7.179 Y17.324 E80.15038
G1 X18.319 Y28.463 E80.90807
G1 X18.864 Y28.463 E80.93428
G1 X7.725 Y17.324 E81.69194
G1 X8.27 Y17.324 E81.71815
G1 X19.409 Y28.463 E82.47581
G1 X19.955 Y28.463 E82.50207
G1 X8.816 Y17.324 E83.25973
G1 X9.361 Y17.325 E83.28594
G1 X20.5 Y28.463 E84.04357
G1 X21.045 Y28.463 E84.06978
G1 X9.907 Y17.325 E84.82737
G1 X10.452 Y17.325 E84.85358
G1 X21.591 Y28.463 E85.61121
G1 X22.136 Y28.463 E85.63742
G1 X10.998 Y17.325 E86.39501
G1 X11.543 Y17.325 E86.42122
G1 X22.681 Y28.463 E87.17881
G1 X23.227 Y28.463 E87.20507
G1 X12.089 Y17.326 E87.96263
G1 X12.635 Y17.326 E87.98889
G1 X23.772 Y28.463 E88.74641
G1 X24.317 Y28.463 E88.77262
G1 X13.18 Y17.326 E89.53014
G1 X13.726 Y17.326 E89.5564
G1 X24.863 Y28.463 E90.31392
G1 X25.408 Y28.463 E90.34013
G1 X14.271 Y17.326 E91.09765
G1 X14.817 Y17.327 E91.12391
G1 X25.953 Y28.463 E91.88137
G1 X26.499 Y28.463 E91.90763
G1 X15.362 Y17.327 E92.66512
G1 X15.908 Y17.327 E92.69138
G1 X27.044 Y28.463 E93.44884
G1 X27.589 Y28.463 E93.47505
G1 X16.414 Y17.288 E94.23516
G1 X16.878 Y17.207 E94.25781
G1 X28.135 Y28.463 E95.02346
G1 X28.68 Y28.463 E95.04967
G1 X17.279 Y17.062 E95.82515
G1 X17.644 Y16.882 E95.84472
G1 X29.226 Y28.463 E96.63248
G1 X29.771 Y28.463 E96.65869
G1 X17.98 Y16.672 E97.4607
G1 X18.273 Y16.42 E97.47929
G1 X30.316 Y28.463 E98.29844
G1 X30.862 Y28.463 E98.3247
G1 X18.536 Y16.138 E99.16307
G1 X18.766 Y15.822 E99.18187
G1 X31.407 Y28.463 E100.0417
G1 X31.952 Y28.463 E100.06791
G1 X18.97 Y15.481 E100.95093
G1 X19.125 Y15.091 E100.97111
G1 X32.498 Y28.463 E101.88069
G1 X33.043 Y28.463 E101.9069
G1 X19.238 Y14.658 E102.8459
G1 X19.289 Y14.164 E102.86979
G1 X33.588 Y28.463 E103.84239
G1 X34.134 Y28.463 E103.86865
G1 X19.262 Y13.592 E104.88019
G1 E102.88019 F2400
G92 E0
G1 Z2.95 F7200
G1 X-22.881 Y14.979
G1 Z.95
G1 E2 F2400
;WIDTH:0.404381
G1 F1500
G1 X-22.889 Y15.171 E2.00815
;WIDTH:0.45
G1 X-23.059 Y14.899 E2.02358
G1 X-27.71 Y10.247 E2.33997
G1 X-27.369 Y10.043 E2.35908
G1 X-23.176 Y14.236 E2.64428
G1 X-23.158 Y13.708 E2.66969
G1 X-27.028 Y9.838 E2.93292
G1 X-26.687 Y9.634 E2.95203
G1 X-23.08 Y13.242 E3.19741
G1 X-22.951 Y12.825 E3.2184
G1 X-26.346 Y9.43 E3.44932
G1 X-26.006 Y9.225 E3.46842
G1 X-22.777 Y12.453 E3.68802
G1 X-22.563 Y12.123 E3.70694
G1 X-25.665 Y9.021 E3.91793
G1 X-25.324 Y8.816 E3.93707
G1 X-22.319 Y11.821 E4.14147
G1 X-22.049 Y11.546 E4.16001
G1 X-24.983 Y8.612 E4.35958
G1 X-24.642 Y8.408 E4.37869
G1 X-21.736 Y11.313 E4.57632
G1 X-21.404 Y11.1 E4.59529
G1 X-24.301 Y8.203 E4.79234
G1 X-23.96 Y7.999 E4.81145
G1 X-21.061 Y10.897 E5.0086
G1 X-20.718 Y10.695 E5.02775
G1 X-23.619 Y7.794 E5.22507
G1 X-23.278 Y7.59 E5.24418
G1 X-20.376 Y10.492 E5.44157
G1 X-20.033 Y10.29 E5.46072
G1 X-22.937 Y7.385 E5.65828
G1 X-22.596 Y7.181 E5.67739
G1 X-19.69 Y10.087 E5.87505
G1 X-19.348 Y9.884 E5.89418
G1 X-22.255 Y6.977 E6.09191
G1 X-21.914 Y6.772 E6.11105
G1 X-19.005 Y9.682 E6.30895
G1 X-18.662 Y9.479 E6.32812
G1 X-21.573 Y6.568 E6.52612
G1 X-21.233 Y6.363 E6.54522
G1 X-18.319 Y9.277 E6.74343
G1 X-17.977 Y9.074 E6.76256
G1 X-20.892 Y6.159 E6.96083
G1 X-20.551 Y5.954 E6.97997
G1 X-17.634 Y8.871 E7.17838
G1 X-17.291 Y8.669 E7.19753
G1 X-20.21 Y5.75 E7.39608
G1 X-19.869 Y5.546 E7.41519
G1 X-16.948 Y8.466 E7.61384
G1 X-16.606 Y8.264 E7.63294
G1 X-19.528 Y5.341 E7.83172
G1 X-19.187 Y5.137 E7.85083
G1 X-16.263 Y8.061 E8.04972
G1 X-15.92 Y7.858 E8.06889
G1 X-18.846 Y4.932 E8.26791
G1 X-18.505 Y4.728 E8.28702
G1 X-15.577 Y7.656 E8.48618
G1 X-15.235 Y7.453 E8.50531
G1 X-18.164 Y4.524 E8.70454
G1 X-17.823 Y4.319 E8.72368
G1 X-14.892 Y7.251 E8.92308
G1 X-14.549 Y7.048 E8.94225
G1 X-17.482 Y4.115 E9.14175
G1 X-17.141 Y3.91 E9.16089
G1 X-14.206 Y6.845 E9.36053
G1 X-13.864 Y6.643 E9.37963
G1 X-16.801 Y3.706 E9.5794
G1 X-16.46 Y3.501 E9.59854
G1 X-13.521 Y6.44 E9.79845
G1 X-13.178 Y6.237 E9.81762
G1 X-16.119 Y3.297 E10.01763
G1 X-15.778 Y3.093 E10.03674
G1 X-12.835 Y6.035 E10.23689
G1 X-12.493 Y5.832 E10.25602
G1 X-15.437 Y2.888 E10.45627
G1 X-15.096 Y2.684 E10.47538
G1 X-12.15 Y5.63 E10.67576
G1 X-11.807 Y5.427 E10.69493
G1 X-14.755 Y2.479 E10.89545
G1 X-14.414 Y2.275 E10.91456
G1 X-11.464 Y5.224 E11.11518
G1 X-11.122 Y5.022 E11.13428
G1 X-14.073 Y2.07 E11.33504
G1 X-13.732 Y1.866 E11.35415
G1 X-10.779 Y4.819 E11.55501
G1 X-10.436 Y4.617 E11.57416
G1 X-13.391 Y1.662 E11.77516
G1 X-13.05 Y1.457 E11.7943
G1 X-10.094 Y4.414 E11.9954
G1 X-9.751 Y4.211 E12.01457
G1 X-12.709 Y1.253 E12.21577
G1 X-12.368 Y1.048 E12.23491
G1 X-9.408 Y4.009 E12.43628
G1 X-9.065 Y3.806 E12.45545
G1 X-12.028 Y.844 E12.65696
G1 X-11.687 Y.64 E12.67607
G1 X-8.723 Y3.604 E12.87768
G1 X-8.38 Y3.401 E12.89685
G1 X-11.346 Y.435 E13.09859
G1 X-11.005 Y.231 E13.1177
G1 X-8.037 Y3.198 E13.31955
G1 X-7.694 Y2.996 E13.3387
G1 X-10.664 Y.026 E13.54072
G1 X-10.323 Y-.178 E13.55983
G1 X-7.352 Y2.793 E13.76191
G1 X-7.009 Y2.591 E13.78106
G1 X-9.982 Y-.383 E13.98331
G1 X-9.66 Y-.606 E14.00215
G1 X-6.666 Y2.388 E14.2058
G1 X-6.323 Y2.185 E14.22497
G1 X-9.375 Y-.866 E14.43253
G1 X-9.11 Y-1.146 E14.45107
G1 X-5.981 Y1.983 E14.6639
G1 X-5.638 Y1.78 E14.68307
G1 X-8.887 Y-1.469 E14.90406
G1 X-8.692 Y-1.819 E14.92333
G1 X-5.295 Y1.578 E15.15439
G1 X-4.952 Y1.375 E15.17356
G1 X-8.547 Y-2.22 E15.41809
G1 X-8.439 Y-2.657 E15.43974
G1 X-4.61 Y1.172 E15.70018
G1 X-4.267 Y.97 E15.71933
G1 X-8.395 Y-3.158 E16.00011
G1 X-8.6 Y-4.061 F7200
;WIDTH:0.404381
G1 F1500
G1 X-8.619 Y-3.989 E16.00327
G1 X-8.548 Y-4.008 E16.00639
G1 X-8.559 Y-4.05 E16.00823
;WIDTH:0.45
G1 X-8.441 Y-3.75 E16.02373
G1 X-3.924 Y.767 E16.33097
G1 X-3.581 Y.564 E16.35014
G1 X-8.689 Y-4.543 E16.69755
G1 E14.69755 F2400
G92 E0
G1 Z2.95 F7200
G1 X-37.425 Y11.32
G1 Z.95
G1 E2 F2400
;WIDTH:0.404381
G1 F1500
G1 X-37.43 Y11.537 E2.0092
;WIDTH:0.45
G1 X-37.6 Y11.264 E2.02467
G1 X-43.788 Y5.077 E2.44554
G1 X-43.803 Y4.517 E2.47248
G1 X-37.702 Y10.617 E2.88743
G1 X-37.723 Y10.05 E2.91472
G1 X-43.817 Y3.957 E3.32919
G1 X-43.832 Y3.396 E3.35618
G1 X-37.738 Y9.49 E3.77069
G1 X-37.753 Y8.93 E3.79763
G1 X-43.847 Y2.836 E4.21214
G1 X-43.861 Y2.276 E4.23908
G1 X-37.768 Y8.37 E4.65355
G1 X-37.782 Y7.81 E4.68049
G1 X-43.876 Y1.716 E5.095
G1 X-43.891 Y1.156 E5.12194
G1 X-37.797 Y7.25 E5.53645
G1 X-37.812 Y6.69 E5.56339
G1 X-43.905 Y.596 E5.97786
G1 X-43.92 Y.036 E6.0048
G1 X-37.827 Y6.13 E6.41927
G1 X-37.841 Y5.57 E6.44621
G1 X-43.935 Y-.524 E6.86072
G1 X-43.949 Y-1.084 E6.88766
G1 X-37.856 Y5.01 E7.30213
G1 X-37.871 Y4.449 E7.32912
G1 X-43.964 Y-1.644 E7.74356
G1 X-43.979 Y-2.204 E7.7705
G1 X-37.886 Y3.889 E8.18494
G1 X-37.9 Y3.329 E8.21188
G1 X-43.993 Y-2.764 E8.62632
G1 X-44.008 Y-3.324 E8.65326
G1 X-37.915 Y2.769 E9.0677
G1 X-37.93 Y2.209 E9.09464
G1 X-44.023 Y-3.884 E9.50908
G1 X-44.038 Y-4.444 E9.53602
G1 X-37.945 Y1.649 E9.95046
G1 X-37.959 Y1.089 E9.9774
G1 X-44.052 Y-5.004 E10.39184
G1 X-44.067 Y-5.564 E10.41878
G1 X-37.974 Y.529 E10.83322
G1 X-37.989 Y-.031 E10.86016
G1 X-44.082 Y-6.124 E11.2746
G1 X-44.096 Y-6.684 E11.30154
G1 X-38.003 Y-.591 E11.71598
G1 X-38.018 Y-1.151 E11.74292
G1 X-44.111 Y-7.244 E12.15736
G1 X-44.126 Y-7.804 E12.1843
G1 X-38.033 Y-1.712 E12.5987
G1 X-38.048 Y-2.272 E12.62564
G1 X-44.14 Y-8.364 E13.04001
G1 X-44.155 Y-8.924 E13.06695
G1 X-38.062 Y-2.832 E13.48135
G1 X-38.077 Y-3.392 E13.50829
G1 X-44.17 Y-9.484 E13.92269
G1 X-44.184 Y-10.044 E13.94963
G1 X-38.092 Y-3.952 E14.364
G1 X-38.107 Y-4.512 E14.39094
G1 X-44.199 Y-10.604 E14.80531
G1 X-44.214 Y-11.164 E14.83225
G1 X-38.121 Y-5.072 E15.24665
G1 X-38.136 Y-5.632 E15.27359
G1 X-44.229 Y-11.725 E15.68803
G1 X-44.243 Y-12.285 E15.71497
G1 X-38.151 Y-6.192 E16.12937
G1 X-38.166 Y-6.752 E16.15631
G1 X-44.258 Y-12.845 E16.57071
G1 X-44.273 Y-13.405 E16.59765
G1 X-38.18 Y-7.312 E17.01209
G1 X-38.195 Y-7.872 E17.03903
G1 X-44.287 Y-13.965 E17.45343
G1 X-44.302 Y-14.525 E17.48037
G1 X-38.21 Y-8.433 E17.89474
G1 X-38.225 Y-8.993 E17.92168
G1 X-44.317 Y-15.085 E18.33605
G1 X-44.331 Y-15.645 E18.36299
G1 X-38.239 Y-9.553 E18.77736
G1 X-38.254 Y-10.113 E18.8043
G1 X-44.346 Y-16.205 E19.21867
G1 X-44.361 Y-16.765 E19.24561
G1 X-38.269 Y-10.673 E19.65998
G1 X-38.284 Y-11.233 E19.68692
G1 X-44.375 Y-17.325 E20.10126
G1 X-44.39 Y-17.885 E20.1282
G1 X-38.298 Y-11.793 E20.54257
G1 X-38.313 Y-12.353 E20.56951
G1 X-44.405 Y-18.445 E20.98388
G1 X-44.42 Y-19.005 E21.01082
G1 X-38.328 Y-12.913 E21.42519
G1 X-38.342 Y-13.473 E21.45213
G1 X-44.434 Y-19.565 E21.8665
G1 X-44.449 Y-20.125 E21.89344
G1 X-38.357 Y-14.033 E22.30781
G1 X-38.372 Y-14.594 E22.3348
G1 X-44.464 Y-20.685 E22.74914
G1 X-44.478 Y-21.245 E22.77608
G1 X-38.387 Y-15.154 E23.19038
G1 X-38.401 Y-15.714 E23.21732
G1 X-44.493 Y-21.805 E23.63166
G1 X-44.508 Y-22.365 E23.6586
G1 X-38.416 Y-16.274 E24.07294
G1 X-38.431 Y-16.834 E24.09988
G1 X-44.533 Y-22.936 E24.51493
G1 X-44.71 Y-23.658 E24.55068
G1 X-38.446 Y-17.394 E24.97675
G1 X-38.303 Y-17.695 E24.99278
;WIDTH:0.404381
G1 X-38.292 Y-17.654 E24.99458
G1 X-38.363 Y-17.635 E24.9977
G1 X-38.344 Y-17.706 E25.00082
;WIDTH:0.45
G1 X-38.444 Y-17.938 E25.01297
G1 X-54.472 Y-33.966 E26.10317
G1 X-53.927 Y-33.966 E26.12938
G1 X-38.374 Y-18.413 E27.18728
G1 X-38.274 Y-18.858 E27.20922
G1 X-53.381 Y-33.966 E28.23681
G1 X-52.836 Y-33.966 E28.26302
G1 X-38.106 Y-19.236 E29.26494
G1 X-37.924 Y-19.599 E29.28447
G1 X-52.291 Y-33.966 E30.2617
G1 X-51.745 Y-33.966 E30.28796
G1 X-37.685 Y-19.905 E31.24434
G1 X-37.425 Y-20.19 E31.26289
G1 X-51.2 Y-33.966 E32.19988
G1 X-50.655 Y-33.966 E32.22609
G1 X-37.137 Y-20.448 E33.14557
G1 E31.14557 F2400
G92 E0
G1 Z2.95 F7200
G1 X-42.647 Y-26.439
G1 Z.95
G1 E2 F2400
;WIDTH:0.404381
G1 F1500
G1 X-42.924 Y-26.696 E2.01602
G1 X-43.269 Y-27.078 E2.03785
;WIDTH:0.45
G1 X-43.495 Y-27.351 E2.0549
G1 X-50.109 Y-33.966 E2.50481
G1 X-49.564 Y-33.966 E2.53102
G1 X-43.787 Y-28.189 E2.92396
G1 X-43.628 Y-27.958 E2.93745
;WIDTH:0.404381
G1 X-43.647 Y-27.886 E2.94061
G1 X-43.576 Y-27.905 E2.94373
G1 X-43.587 Y-27.947 E2.94557
G1 X-43.818 Y-28.765 F7200
;WIDTH:0.45
G1 F1500
G1 X-49.019 Y-33.966 E3.29934
G1 X-48.473 Y-33.966 E3.3256
G1 X-43.785 Y-29.278 E3.64447
G1 X-43.645 Y-29.683 E3.66508
G1 X-47.928 Y-33.966 E3.9564
G1 X-47.383 Y-33.966 E3.98261
G1 X-43.494 Y-30.078 E4.2471
G1 X-43.274 Y-30.403 E4.26598
G1 X-46.837 Y-33.966 E4.50833
G1 X-46.292 Y-33.966 E4.53454
G1 X-43.025 Y-30.699 E4.75676
G1 X-42.741 Y-30.96 E4.77531
G1 X-45.747 Y-33.966 E4.97977
G1 X-45.201 Y-33.966 E5.00603
G1 X-42.411 Y-31.176 E5.1958
G1 X-42.055 Y-31.365 E5.21519
G1 X-44.656 Y-33.966 E5.39211
G1 X-42.338 Y-33.966 E5.5036
G1 X-42.338 Y-33.829 E5.51019
G1 X-39.877 Y-31.368 E5.67758
G1 X-40.378 Y-31.534 E5.70296
G1 X-41.032 Y-31.59 E5.73453
G1 X-41.646 Y-31.501 E5.76437
G1 X-43.974 Y-33.829 E5.92272
G1 X-43.18 Y-33.58 F7200
;WIDTH:0.449991
G1 F1500
G1 X-42.611 Y-33.557 E5.95011
G1 X-41.027 Y-31.973 E6.05785
G1 X-41.505 Y-31.906 E6.08106
G1 X-43.043 Y-33.444 E6.18567
G1 E4.18567 F2400
G92 E0
G1 Z2.95 F7200
G1 X-42.374 Y-26.23
G1 Z.95
G1 E2 F2400
;WIDTH:0.45
G1 F1500
G1 X-36.793 Y-20.65 E2.37958
G1 X-36.445 Y-20.847 E2.39881
G1 X-41.5 Y-25.902 E2.74264
G1 X-41.743 Y-26.085 E2.75727
;WIDTH:0.404381
G1 X-41.732 Y-26.044 E2.75907
G1 X-41.803 Y-26.025 E2.76219
G1 X-41.784 Y-26.096 E2.76531
G1 X-40.883 Y-25.83 F7200
;WIDTH:0.45
G1 F1500
G1 X-36.027 Y-20.974 E3.09561
G1 X-35.575 Y-21.067 E3.11781
G1 X-40.413 Y-25.906 E3.44692
G1 X-39.967 Y-26.005 E3.46889
G1 X-35.049 Y-21.087 E3.80341
G1 X-34.175 Y-20.898 F7200
;WIDTH:0.404381
G1 F1500
G1 X-34.195 Y-20.827 E3.80654
G1 X-34.123 Y-20.846 E3.8097
G1 X-34.134 Y-20.887 E3.8115
;WIDTH:0.45
G1 X-34.437 Y-21.02 E3.82742
G1 X-39.61 Y-26.193 E4.17928
G1 X-39.262 Y-26.39 E4.19851
G1 X-33.527 Y-20.655 E4.5886
G1 X-33.265 Y-20.488 E4.60354
;WIDTH:0.404381
G1 X-33.284 Y-20.417 E4.60666
G1 X-33.213 Y-20.436 E4.60978
G1 X-33.224 Y-20.477 E4.61158
G1 X-31.82 Y-19.61 F7200
G1 F1500
G1 X-31.809 Y-19.569 E4.61338
G1 X-31.88 Y-19.55 E4.6165
G1 X-31.861 Y-19.621 E4.61962
;WIDTH:0.45
G1 X-32.123 Y-19.796 E4.63477
G1 X-38.965 Y-26.639 E5.10019
G1 X-38.718 Y-26.937 E5.11881
G1 X-30.678 Y-18.897 E5.66568
G1 X-30.416 Y-18.722 E5.68083
;WIDTH:0.404381
G1 X-30.435 Y-18.65 E5.68399
G1 X-30.364 Y-18.669 E5.68711
G1 X-30.375 Y-18.711 E5.68895
G1 X-28.93 Y-17.811 F7200
G1 F1500
G1 X-28.919 Y-17.77 E5.69075
G1 X-28.99 Y-17.751 E5.69387
G1 X-28.971 Y-17.822 E5.69699
;WIDTH:0.45
G1 X-29.233 Y-17.998 E5.71217
G1 X-38.48 Y-27.245 E6.34114
G1 X-38.311 Y-27.621 E6.36097
G1 X-27.788 Y-17.098 E7.07673
G1 X-27.527 Y-16.923 E7.09184
;WIDTH:0.404381
G1 X-27.546 Y-16.852 E7.09496
G1 X-27.475 Y-16.871 E7.09808
G1 X-27.486 Y-16.912 E7.09988
G1 X-26.041 Y-16.012 F7200
G1 F1500
G1 X-26.03 Y-15.971 E7.10168
G1 X-26.101 Y-15.952 E7.1048
G1 X-26.082 Y-16.023 E7.10792
;WIDTH:0.45
G1 X-26.344 Y-16.199 E7.1231
G1 X-38.167 Y-28.022 E7.92729
G1 X-38.098 Y-28.499 E7.95047
G1 X-24.899 Y-15.3 E8.84825
G1 X-24.637 Y-15.124 E8.86343
;WIDTH:0.404381
G1 X-24.656 Y-15.053 E8.86655
G1 X-24.585 Y-15.072 E8.86967
G1 X-24.596 Y-15.113 E8.87147
G1 X-23.152 Y-14.214 F7200
G1 F1500
G1 X-23.141 Y-14.173 E8.87327
G1 X-23.212 Y-14.154 E8.87639
G1 X-23.193 Y-14.225 E8.87951
;WIDTH:0.45
G1 X-23.454 Y-14.4 E8.89462
G1 X-38.102 Y-29.048 E9.89096
G1 E7.89096 F2400
G92 E0
G1 Z2.95 F7200
G1 X-39.326 Y-30.957
G1 Z.95
G1 E2 F2400
;WIDTH:0.404381
G1 F1500
G1 X-39.032 Y-30.687 E2.01693
G1 X-38.518 Y-30.091 E2.05031
;WIDTH:0.45
G1 X-38.327 Y-29.818 E2.06633
G1 X-22.01 Y-13.501 E3.17619
G1 X-21.748 Y-13.325 E3.19137
;WIDTH:0.404381
G1 X-21.767 Y-13.254 E3.19449
G1 X-21.696 Y-13.273 E3.19761
G1 X-21.707 Y-13.314 E3.19941
G1 X-20.262 Y-12.415 F7200
G1 F1500
G1 X-20.251 Y-12.374 E3.20121
G1 X-20.322 Y-12.355 E3.20433
G1 X-20.303 Y-12.426 E3.20745
;WIDTH:0.45
G1 X-20.565 Y-12.602 E3.22263
G1 X-41.929 Y-33.966 E4.67578
G1 X-41.384 Y-33.966 E4.70199
G1 X-19.12 Y-11.702 E6.21636
G1 X-18.859 Y-11.527 E6.23147
;WIDTH:0.404381
G1 X-18.878 Y-11.456 E6.23459
G1 X-18.806 Y-11.475 E6.23775
G1 X-18.817 Y-11.516 E6.23955
G1 X-17.373 Y-10.616 F7200
G1 F1500
G1 X-17.362 Y-10.575 E6.24135
G1 X-17.433 Y-10.556 E6.24447
G1 X-17.414 Y-10.627 E6.24759
;WIDTH:0.45
G1 X-17.676 Y-10.803 E6.26277
G1 X-40.838 Y-33.966 E7.83825
G1 X-40.293 Y-33.966 E7.86446
G1 X-16.231 Y-9.903 E9.50116
G1 X-15.969 Y-9.728 E9.51631
;WIDTH:0.404381
G1 X-15.988 Y-9.657 E9.51943
G1 X-15.917 Y-9.676 E9.52255
G1 X-15.928 Y-9.717 E9.52435
G1 X-14.483 Y-8.818 F7200
G1 F1500
G1 X-14.472 Y-8.777 E9.52615
G1 X-14.543 Y-8.758 E9.52927
G1 X-14.524 Y-8.829 E9.53239
;WIDTH:0.45
G1 X-14.786 Y-9.004 E9.54754
G1 X-39.748 Y-33.966 E11.24542
G1 X-39.202 Y-33.966 E11.27168
G1 X-13.341 Y-8.105 E13.03071
G1 X-13.08 Y-7.929 E13.04585
;WIDTH:0.404381
G1 X-13.099 Y-7.858 E13.04897
G1 X-13.028 Y-7.877 E13.05209
G1 X-13.039 Y-7.918 E13.05389
G1 X-11.594 Y-7.019 F7200
G1 F1500
G1 X-11.583 Y-6.978 E13.05569
G1 X-11.654 Y-6.959 E13.05881
G1 X-11.635 Y-7.03 E13.06193
;WIDTH:0.45
G1 X-11.897 Y-7.205 E13.07708
G1 X-38.657 Y-33.966 E14.8973
G1 X-38.112 Y-33.966 E14.92351
G1 X-10.452 Y-6.306 E16.80491
G1 X-10.179 Y-6.086 E16.82177
;WIDTH:0.404381
G1 X-9.654 Y-5.653 E16.85063
G1 X-9.297 Y-5.303 E16.87183
G1 X-8.886 Y-4.815 E16.89889
G1 E14.89889 F2400
G92 E0
G1 Z2.95 F7200
G1 X-3.239 Y.362
G1 Z.95
G1 E2 F2400
;WIDTH:0.45
G1 F1500
G1 X-37.566 Y-33.966 E4.33491
G1 X-37.021 Y-33.966 E4.36112
G1 X-24.977 Y-21.922 E5.18034
G1 X-24.784 Y-21.649 E5.19642
;WIDTH:0.404381
G1 X-24.475 Y-21.262 E5.21742
G1 X-24.123 Y-20.893 E5.23905
G1 X-23.33 Y-20.221 E5.28313
;WIDTH:0.45
G1 X-23.058 Y-20.002 E5.29993
G1 X-2.88 Y.175 E6.67238
G1 X-2.483 Y.027 E6.69276
G1 X-21.814 Y-19.31 E8.00783
;WIDTH:0.404381
G1 X-21.803 Y-19.269 E8.00963
G1 X-21.874 Y-19.25 E8.01275
G1 X-21.855 Y-19.321 E8.01587
G1 X-20.369 Y-18.38 F7200
G1 F1500
G1 X-20.388 Y-18.309 E8.01899
G1 X-20.317 Y-18.328 E8.02211
G1 X-20.328 Y-18.369 E8.02391
;WIDTH:0.45
G1 X-2.039 Y-.075 E9.26808
G1 X-1.548 Y-.129 E9.29184
G1 X-18.842 Y-17.428 E10.46833
;WIDTH:0.404381
G1 X-18.831 Y-17.387 E10.47013
G1 X-18.902 Y-17.368 E10.47325
G1 X-18.883 Y-17.439 E10.47637
G1 X-17.396 Y-16.498 F7200
G1 F1500
G1 X-17.415 Y-16.427 E10.47949
G1 X-17.344 Y-16.446 E10.48261
G1 X-17.355 Y-16.487 E10.48441
;WIDTH:0.45
G1 X-.945 Y-.071 E11.6008
G1 X-.642 Y.036 E11.61626
;WIDTH:0.404381
G1 X-.631 Y.077 E11.61806
G1 X-.702 Y.096 E11.62118
G1 X-.683 Y.025 E11.6243
;WIDTH:0.45
G1 X-.158 Y.17 E11.6505
G1 X-15.869 Y-15.546 E12.71931
;WIDTH:0.404381
G1 X-15.858 Y-15.505 E12.72111
G1 X-15.929 Y-15.486 E12.72423
G1 X-15.91 Y-15.557 E12.72735
G1 X-14.424 Y-14.616 F7200
G1 F1500
G1 X-14.443 Y-14.545 E12.73047
G1 X-14.372 Y-14.564 E12.73359
G1 X-14.383 Y-14.605 E12.73539
;WIDTH:0.45
G1 X1.108 Y.891 E13.78924
G1 X1.41 Y1.077 E13.8063
;WIDTH:0.404381
G1 X1.421 Y1.118 E13.8081
G1 X1.35 Y1.137 E13.81122
G1 X1.369 Y1.066 E13.81434
G1 X2.814 Y1.965 F7200
G1 F1500
G1 X2.795 Y2.036 E13.81746
G1 X2.866 Y2.017 E13.82058
G1 X2.855 Y1.976 E13.82238
;WIDTH:0.45
G1 X2.552 Y1.79 E13.83948
G1 X-12.897 Y-13.664 E14.89047
;WIDTH:0.404381
G1 X-12.886 Y-13.623 E14.89227
G1 X-12.957 Y-13.604 E14.89539
G1 X-12.938 Y-13.675 E14.89851
G1 X-11.451 Y-12.734 F7200
G1 F1500
G1 X-11.47 Y-12.663 E14.90163
G1 X-11.399 Y-12.682 E14.90475
G1 X-11.41 Y-12.723 E14.90655
;WIDTH:0.45
G1 X3.997 Y2.689 E15.95469
G1 X4.299 Y2.875 E15.97175
;WIDTH:0.404381
G1 X4.31 Y2.917 E15.97359
G1 X4.239 Y2.936 E15.97671
G1 X4.258 Y2.864 E15.97987
G1 X5.703 Y3.764 F7200
G1 F1500
G1 X5.684 Y3.835 E15.98299
G1 X5.755 Y3.816 E15.98611
G1 X5.744 Y3.775 E15.98791
;WIDTH:0.45
G1 X5.441 Y3.588 E16.00504
G1 X-9.924 Y-11.783 E17.05035
;WIDTH:0.404381
G1 X-9.913 Y-11.742 E17.05215
G1 X-9.984 Y-11.722 E17.05528
G1 X-9.965 Y-11.794 E17.05844
G1 X-8.479 Y-10.853 F7200
G1 F1500
G1 X-8.498 Y-10.782 E17.06156
G1 X-8.427 Y-10.801 E17.06468
G1 X-8.438 Y-10.842 E17.06648
;WIDTH:0.45
G1 X6.886 Y4.487 E18.10897
G1 X7.188 Y4.674 E18.12605
;WIDTH:0.404381
G1 X7.199 Y4.715 E18.12785
G1 X7.128 Y4.734 E18.13097
G1 X7.147 Y4.663 E18.13409
G1 X8.592 Y5.562 F7200
G1 F1500
G1 X8.573 Y5.633 E18.13721
G1 X8.644 Y5.614 E18.14033
G1 X8.633 Y5.573 E18.14213
;WIDTH:0.45
G1 X8.33 Y5.386 E18.15926
G1 X-6.952 Y-9.901 E19.19889
;WIDTH:0.404381
G1 X-6.941 Y-9.86 E19.20069
G1 X-7.012 Y-9.841 E19.20381
G1 X-6.993 Y-9.912 E19.20693
G1 X-5.506 Y-8.971 F7200
G1 F1500
G1 X-5.525 Y-8.9 E19.21005
G1 X-5.454 Y-8.919 E19.21317
G1 X-5.465 Y-8.96 E19.21497
;WIDTH:0.45
G1 X9.775 Y6.286 E20.25178
G1 X10.077 Y6.472 E20.26884
;WIDTH:0.404381
G1 X10.088 Y6.513 E20.27064
G1 X10.017 Y6.532 E20.27376
G1 X10.036 Y6.461 E20.27688
G1 X11.481 Y7.36 F7200
G1 F1500
G1 X11.462 Y7.431 E20.28
G1 X11.533 Y7.412 E20.28312
G1 X11.522 Y7.371 E20.28492
;WIDTH:0.45
G1 X11.219 Y7.185 E20.30202
G1 X-3.979 Y-8.019 E21.33597
;WIDTH:0.404381
G1 X-3.968 Y-7.978 E21.33777
G1 X-4.039 Y-7.959 E21.34089
G1 X-4.02 Y-8.03 E21.34401
G1 X-2.581 Y-7.127 F7200
G1 F1500
G1 X-2.6 Y-7.056 E21.34713
G1 X-2.529 Y-7.075 E21.35025
G1 X-2.54 Y-7.116 E21.35205
;WIDTH:0.45
G1 X12.664 Y8.084 E22.38607
G1 X12.966 Y8.27 E22.40313
;WIDTH:0.404381
G1 X12.977 Y8.311 E22.40493
G1 X12.906 Y8.331 E22.40806
G1 X12.925 Y8.259 E22.41122
G1 X14.37 Y9.159 F7200
G1 F1500
G1 X14.351 Y9.23 E22.41434
G1 X14.422 Y9.211 E22.41746
G1 X14.411 Y9.17 E22.41926
;WIDTH:0.45
G1 X14.108 Y8.983 E22.43639
G1 X-1.425 Y-6.55 E23.49293
G1 X-1.668 Y-6.741 E23.5078
;WIDTH:0.404381
G1 X-1.657 Y-6.7 E23.5096
G1 X-1.728 Y-6.681 E23.51272
G1 X-1.709 Y-6.752 E23.51584
G1 X-.809 Y-6.479 F7200
;WIDTH:0.45
G1 F1500
G1 X15.553 Y9.882 E24.62873
G1 X15.814 Y10.058 E24.64387
;WIDTH:0.404381
G1 X15.795 Y10.129 E24.64699
G1 X15.866 Y10.11 E24.65011
G1 X15.855 Y10.069 E24.65191
G1 E22.65191 F2400
G92 E0
G1 Z2.95 F7200
G1 X18.922 Y12.868
G1 Z.95
G1 E2 F2400
G1 F1500
G1 X18.872 Y12.656 E2.00924
G1 X18.885 Y12.584 E2.01234
G1 X18.385 Y11.973 E2.04582
G1 X18.022 Y11.615 E2.06744
G1 X17.27 Y11.001 E2.10861
;WIDTH:0.45
G1 X16.997 Y10.781 E2.12547
G1 X-.291 Y-6.507 E3.30138
G1 E1.30138 F2400
G92 E0
G1 Z2.95 F7200
G1 X19.073 Y12.857
G1 Z.95
G1 E2 F2400
G1 F1500
G1 X34.679 Y28.463 E3.0615
G1 X35.224 Y28.463 E3.08771
G1 X.16 Y-6.601 E5.47272
G1 X.56 Y-6.747 E5.4932
G1 X35.77 Y28.463 E7.88814
G1 X36.618 Y28.546 F7200
;WIDTH:0.404381
G1 F1500
G1 X36.629 Y28.587 E7.88994
G1 X36.558 Y28.606 E7.89306
G1 X36.577 Y28.535 E7.89618
;WIDTH:0.45
G1 X36.315 Y28.463 E7.90925
G1 X.93 Y-6.922 E10.31609
G1 X1.272 Y-7.125 E10.33522
G1 X6.48 Y-1.917 E10.68946
G1 X6.691 Y-1.645 E10.70602
;WIDTH:0.404381
G1 X7.037 Y-1.223 E10.72916
G1 X7.634 Y-.662 E10.7639
G1 X7.875 Y-.467 E10.77705
;WIDTH:0.45
G1 X8.148 Y-.249 E10.79385
G1 X36.86 Y28.463 E12.7468
G1 X37.406 Y28.463 E12.77306
G1 X9.393 Y.444 E14.67867
;WIDTH:0.404381
G1 X9.404 Y.485 E14.68047
G1 X9.332 Y.505 E14.68364
G1 X9.351 Y.433 E14.6868
G1 X10.839 Y1.375 F7200
G1 F1500
G1 X10.82 Y1.446 E14.68992
G1 X10.891 Y1.427 E14.69304
G1 X10.88 Y1.386 E14.69484
;WIDTH:0.45
G1 X37.951 Y28.463 E16.53638
G1 X38.496 Y28.463 E16.56259
G1 X12.367 Y2.328 E18.34006
;WIDTH:0.404381
G1 X12.378 Y2.369 E18.34186
G1 X12.307 Y2.388 E18.34498
G1 X12.326 Y2.317 E18.3481
G1 X13.813 Y3.259 F7200
G1 F1500
G1 X13.794 Y3.33 E18.35122
G1 X13.865 Y3.311 E18.35434
G1 X13.854 Y3.27 E18.35614
;WIDTH:0.45
G1 X39.042 Y28.463 E20.06957
G1 X39.587 Y28.463 E20.09578
G1 X15.342 Y4.212 E21.7451
;WIDTH:0.404381
G1 X15.353 Y4.253 E21.7469
G1 X15.282 Y4.272 E21.75002
G1 X15.301 Y4.201 E21.75314
G1 X16.788 Y5.143 F7200
G1 F1500
G1 X16.769 Y5.214 E21.75626
G1 X16.84 Y5.195 E21.75938
G1 X16.829 Y5.154 E21.76118
;WIDTH:0.45
G1 X40.132 Y28.463 E23.34643
G1 X40.678 Y28.463 E23.37269
G1 X34.539 Y22.325 E23.79022
G1 X34.296 Y22.127 E23.8053
;WIDTH:0.404381
G1 X34.307 Y22.168 E23.8071
G1 X34.236 Y22.187 E23.81022
G1 X34.255 Y22.116 E23.81334
G1 X35.187 Y22.427 F7200
;WIDTH:0.45
G1 F1500
G1 X41.223 Y28.463 E24.2239
G1 X41.768 Y28.463 E24.25011
G1 X35.684 Y22.379 E24.66394
G1 X36.143 Y22.292 E24.68641
G1 X42.314 Y28.463 E25.10615
G1 X42.859 Y28.463 E25.13236
G1 X36.524 Y22.128 E25.56326
G1 X36.866 Y21.925 E25.58239
G1 X43.405 Y28.463 E26.02713
G1 X43.95 Y28.463 E26.05334
G1 X39.633 Y24.146 E26.34698
G1 X39.546 Y23.97 E26.35642
;WIDTH:0.404381
G1 X39.36 Y23.975 E26.36431
G1 X40.346 Y24.314 F7200
;WIDTH:0.45
G1 F1500
G1 X44.495 Y28.463 E26.64652
G1 X45.041 Y28.463 E26.67278
G1 X40.909 Y24.331 E26.95383
G1 X41.455 Y24.332 E26.98009
G1 X45.586 Y28.463 E27.26108
G1 X46.131 Y28.463 E27.28729
G1 X42.001 Y24.333 E27.56821
G1 X42.547 Y24.334 E27.59447
G1 X46.677 Y28.463 E27.87535
G1 X47.222 Y28.463 E27.90156
G1 X43.035 Y24.276 E28.18635
G1 X43.497 Y24.193 E28.20893
G1 X47.767 Y28.463 E28.49937
G1 X48.313 Y28.463 E28.52563
G1 X43.898 Y24.049 E28.8259
G1 X44.253 Y23.858 E28.84529
G1 X48.858 Y28.463 E29.15852
G1 X49.403 Y28.463 E29.18473
G1 X44.577 Y23.637 E29.51299
G1 X44.873 Y23.388 E29.53159
G1 X49.949 Y28.463 E29.87682
G1 X50.494 Y28.463 E29.90303
G1 X45.131 Y23.101 E30.26778
G1 X45.353 Y22.776 E30.28671
G1 X51.039 Y28.463 E30.6735
G1 X51.585 Y28.463 E30.69976
G1 X45.54 Y22.419 E31.1109
G1 X45.703 Y22.036 E31.13092
G1 X52.13 Y28.463 E31.56808
G1 X52.675 Y28.463 E31.59429
G1 X45.786 Y21.574 E32.06287
G1 X45.853 Y21.096 E32.08608
G1 X53.221 Y28.463 E32.58721
G1 X53.766 Y28.463 E32.61342
G1 X45.857 Y20.554 E33.15138
G1 X45.857 Y20.008 E33.17764
G1 X53.786 Y27.938 E33.71699
G1 X53.786 Y27.392 E33.74325
G1 X45.857 Y19.463 E34.28257
G1 X45.857 Y18.918 E34.30878
G1 X53.786 Y26.847 E34.8481
G1 X53.786 Y26.302 E34.87431
G1 X45.857 Y18.372 E35.41366
G1 X45.857 Y17.827 E35.43987
G1 X53.786 Y25.756 E35.97919
G1 X53.786 Y25.211 E36.0054
G1 X45.857 Y17.282 E36.54472
G1 X45.857 Y16.736 E36.57098
G1 X53.786 Y24.665 E37.1103
G1 X53.786 Y24.12 E37.13651
G1 X45.857 Y16.191 E37.67583
G1 X45.857 Y15.646 E37.70204
G1 X53.786 Y23.575 E38.24136
G1 X53.786 Y23.029 E38.26762
G1 X45.857 Y15.1 E38.80694
G1 X45.857 Y14.555 E38.83315
G1 X53.786 Y22.484 E39.37247
G1 X53.786 Y21.939 E39.39868
G1 X45.857 Y14.01 E39.938
G1 X45.857 Y13.464 E39.96426
G1 X53.786 Y21.393 E40.50358
G1 X53.786 Y20.848 E40.52979
G1 X45.857 Y12.919 E41.06911
G1 X45.857 Y12.374 E41.09532
G1 X53.786 Y20.303 E41.63464
G1 X53.786 Y19.757 E41.6609
G1 X45.857 Y11.828 E42.20022
G1 X45.857 Y11.283 E42.22643
G1 X53.786 Y19.212 E42.76575
G1 X53.786 Y18.667 E42.79196
G1 X45.857 Y10.738 E43.33128
G1 X45.857 Y10.192 E43.35754
G1 X53.786 Y18.121 E43.89686
G1 X53.786 Y17.576 E43.92307
G1 X45.857 Y9.647 E44.46239
G1 X45.857 Y9.102 E44.4886
G1 X53.786 Y17.031 E45.02792
G1 X53.786 Y16.485 E45.05418
G1 X45.857 Y8.556 E45.5935
G1 X45.857 Y8.011 E45.61971
G1 X53.786 Y15.94 E46.15903
G1 X53.786 Y15.395 E46.18524
G1 X45.857 Y7.465 E46.72459
G1 X45.857 Y6.92 E46.7508
G1 X53.786 Y14.849 E47.29012
G1 X53.786 Y14.304 E47.31633
G1 X45.857 Y6.375 E47.85565
G1 X45.857 Y5.829 E47.88191
G1 X53.786 Y13.759 E48.42126
G1 X53.786 Y13.213 E48.44752
G1 X45.857 Y5.284 E48.98684
G1 X45.857 Y4.739 E49.01305
G1 X53.786 Y12.668 E49.55237
G1 X53.786 Y12.122 E49.57863
G1 X45.857 Y4.193 E50.11795
G1 X45.857 Y3.648 E50.14416
G1 X53.786 Y11.577 E50.68348
G1 X53.786 Y11.032 E50.70969
G1 X45.857 Y3.103 E51.24901
G1 X45.857 Y2.557 E51.27527
G1 X53.786 Y10.486 E51.81459
G1 X53.786 Y9.941 E51.8408
G1 X45.857 Y2.012 E52.38012
G1 X45.857 Y1.467 E52.40633
G1 X53.786 Y9.396 E52.94565
G1 X53.786 Y8.85 E52.97191
G1 X45.857 Y.921 E53.51123
G1 X45.857 Y.376 E53.53744
G1 X53.786 Y8.305 E54.07676
G1 X53.786 Y7.76 E54.10297
G1 X45.857 Y-.169 E54.64229
G1 X45.834 Y-.738 E54.66968
G1 X53.786 Y7.214 E55.21057
G1 X53.929 Y6.366 F7200
;WIDTH:0.404381
G1 F1500
G1 X53.94 Y6.407 E55.21237
G1 X53.869 Y6.426 E55.21549
G1 X53.888 Y6.355 E55.21861
;WIDTH:0.45
G1 X53.786 Y6.669 E55.23449
G1 X45.693 Y-1.424 E55.78497
G1 E53.78497 F2400
G92 E0
G1 Z2.95 F7200
G1 X37.116 Y21.691
G1 Z.95
G1 E2 F2400
;WIDTH:0.362635
G1 F1500
G1 X37.453 Y21.331 E2.01834
G1 X37.482 Y21.669 E2.03096
G1 X37.69 Y22.265 E2.05444
G1 X37.252 Y21.827 E2.07748
G1 E.07748 F2400
G92 E0
G1 Z2.95 F7200
G1 X32.698 Y20.521
G1 Z.95
G1 E2 F2400
;WIDTH:0.404381
G1 F1500
G1 X32.709 Y20.562 E2.0018
G1 X32.638 Y20.581 E2.00492
G1 X32.657 Y20.51 E2.00804
;WIDTH:0.45
G1 X32.492 Y20.278 E2.02173
G1 X18.316 Y6.096 E2.98617
;WIDTH:0.404381
G1 X18.327 Y6.137 E2.98797
G1 X18.256 Y6.156 E2.99109
G1 X18.275 Y6.085 E2.99421
G1 X19.763 Y7.027 F7200
G1 F1500
G1 X19.744 Y7.098 E2.99733
G1 X19.815 Y7.079 E3.00045
G1 X19.804 Y7.038 E3.00225
;WIDTH:0.45
G1 X32.411 Y19.651 E3.85997
G1 X32.424 Y19.119 E3.88556
G1 X21.291 Y7.98 E4.64302
;WIDTH:0.404381
G1 X21.302 Y8.021 E4.64482
G1 X21.231 Y8.04 E4.64794
G1 X21.25 Y7.969 E4.65106
G1 X22.737 Y8.911 F7200
G1 F1500
G1 X22.718 Y8.982 E4.65418
G1 X22.789 Y8.963 E4.6573
G1 X22.778 Y8.922 E4.6591
;WIDTH:0.45
G1 X32.543 Y18.692 E5.32347
G1 X32.695 Y18.299 E5.34374
G1 X24.266 Y9.864 E5.91727
;WIDTH:0.404381
G1 X24.277 Y9.905 E5.91907
G1 X24.206 Y9.924 E5.92219
G1 X24.225 Y9.853 E5.92531
G1 X25.712 Y10.795 F7200
G1 F1500
G1 X25.693 Y10.866 E5.92843
G1 X25.764 Y10.847 E5.93155
G1 X25.753 Y10.806 E5.93335
;WIDTH:0.45
G1 X32.884 Y17.943 E6.4186
G1 X33.134 Y17.648 E6.4372
G1 X27.24 Y11.748 E6.83831
;WIDTH:0.404381
G1 X27.251 Y11.789 E6.84011
G1 X27.18 Y11.808 E6.84323
G1 X27.199 Y11.737 E6.84635
G1 X28.653 Y12.652 F7200
G1 F1500
G1 X28.634 Y12.723 E6.84947
G1 X28.705 Y12.704 E6.85259
G1 X28.694 Y12.663 E6.85439
;WIDTH:0.45
G1 X33.397 Y17.365 E7.17425
G1 X33.72 Y17.143 E7.1931
G1 X29.854 Y13.277 E7.45606
G1 X29.612 Y13.082 E7.47101
;WIDTH:0.404381
G1 X29.623 Y13.123 E7.47281
G1 X29.552 Y13.142 E7.47593
G1 X29.571 Y13.071 E7.47905
G1 X30.475 Y13.353 F7200
;WIDTH:0.45
G1 F1500
G1 X34.07 Y16.947 E7.72354
G1 X34.458 Y16.79 E7.74367
G1 X30.992 Y13.324 E7.97942
G1 X31.451 Y13.238 E8.00188
G1 X34.916 Y16.703 E8.23756
G1 X35.437 Y16.678 E8.26265
G1 X31.85 Y13.091 E8.50663
G1 X32.215 Y12.911 E8.5262
G1 X36.092 Y16.788 E8.78991
G1 X36.09 Y16.952 E8.7978
;WIDTH:0.404381
G1 X36.288 Y16.984 E8.80631
G1 X36.364 Y16.966 E8.80962
G1 X37.712 Y18.152 F7200
G1 F1500
G1 X37.597 Y18.091 E8.81514
;WIDTH:0.45
G1 X37.65 Y17.801 E8.82932
G1 X32.55 Y12.701 E9.17622
G1 X32.847 Y12.452 E9.19486
G1 X37.695 Y17.3 E9.52461
G1 X37.739 Y16.799 E9.5488
G1 X33.113 Y12.173 E9.86345
G1 X33.342 Y11.856 E9.88226
G1 X37.784 Y16.299 E10.18443
G1 X37.829 Y15.798 E10.20862
G1 X33.538 Y11.507 E10.50049
G1 X33.697 Y11.121 E10.52057
G1 X37.873 Y15.297 E10.80462
G1 X37.918 Y14.796 E10.82881
G1 X33.814 Y10.693 E11.10792
G1 X33.88 Y10.213 E11.13122
G1 X37.963 Y14.296 E11.40894
G1 X38.007 Y13.795 E11.43313
G1 X33.924 Y9.712 E11.71085
G1 X33.969 Y9.211 E11.73504
G1 X38.052 Y13.294 E12.01276
G1 X38.096 Y12.794 E12.0369
G1 X34.013 Y8.711 E12.31462
G1 X34.058 Y8.21 E12.33881
G1 X38.141 Y12.293 E12.61653
G1 X38.186 Y11.792 E12.64072
G1 X34.103 Y7.709 E12.91844
G1 X34.147 Y7.208 E12.94263
G1 X38.23 Y11.291 E13.22035
G1 X38.275 Y10.791 E13.2445
G1 X34.192 Y6.708 E13.52222
G1 X34.237 Y6.207 E13.54641
G1 X38.319 Y10.29 E13.8241
G1 X38.364 Y9.789 E13.84829
G1 X34.281 Y5.706 E14.12601
G1 X34.326 Y5.205 E14.1502
G1 X38.409 Y9.288 E14.42792
G1 X38.453 Y8.788 E14.45206
G1 X34.37 Y4.705 E14.72978
G1 X34.415 Y4.204 E14.75397
G1 X38.498 Y8.287 E15.03169
G1 X38.542 Y7.786 E15.05588
G1 X34.46 Y3.703 E15.33357
G1 X34.504 Y3.202 E15.35776
G1 X38.587 Y7.285 E15.63548
G1 X38.632 Y6.785 E15.65963
G1 X34.549 Y2.702 E15.93735
G1 X34.593 Y2.201 E15.96154
G1 X38.676 Y6.284 E16.23926
G1 X38.721 Y5.783 E16.26345
G1 X34.638 Y1.7 E16.54117
G1 X34.683 Y1.2 E16.56532
G1 X38.766 Y5.282 E16.84301
G1 X38.81 Y4.782 E16.86715
G1 X34.727 Y.699 E17.14487
G1 X34.772 Y.198 E17.16906
G1 X38.855 Y4.281 E17.44678
G1 X38.899 Y3.78 E17.47097
G1 X34.816 Y-.303 E17.74869
G1 X34.861 Y-.803 E17.77284
G1 X38.944 Y3.279 E18.05053
G1 X38.989 Y2.779 E18.07468
G1 X34.906 Y-1.304 E18.3524
G1 X34.95 Y-1.805 E18.37659
G1 X39.033 Y2.278 E18.65431
G1 X39.078 Y1.777 E18.6785
G1 X34.995 Y-2.306 E18.95622
G1 X35.039 Y-2.806 E18.98036
G1 X39.122 Y1.277 E19.25808
G1 X39.167 Y.776 E19.28227
G1 X35.084 Y-3.307 E19.55999
G1 X35.129 Y-3.808 E19.58418
G1 X39.212 Y.275 E19.8619
G1 X39.256 Y-.226 E19.88609
G1 X35.173 Y-4.309 E20.16381
G1 X35.218 Y-4.809 E20.18796
G1 X39.302 Y-.725 E20.46575
G1 X39.385 Y-1.187 E20.48833
G1 X35.263 Y-5.31 E20.76874
G1 X35.307 Y-5.811 E20.79293
G1 X39.514 Y-1.604 E21.07908
G1 X39.692 Y-1.971 E21.0987
G1 X35.352 Y-6.312 E21.39394
G1 X35.396 Y-6.812 E21.41808
G1 X39.903 Y-2.306 E21.72461
G1 X40.143 Y-2.611 E21.74328
G1 X35.441 Y-7.313 E22.0631
G1 X35.486 Y-7.814 E22.08729
G1 X40.415 Y-2.884 E22.42259
G1 X40.727 Y-3.117 E22.44132
G1 X35.53 Y-8.314 E22.79481
G1 X35.575 Y-8.815 E22.819
G1 X41.07 Y-3.32 E23.19276
G1 X41.447 Y-3.488 E23.21261
G1 X35.619 Y-9.316 E23.60902
G1 X35.664 Y-9.817 E23.63321
G1 X41.865 Y-3.616 E24.05499
G1 X42.341 Y-3.685 E24.07812
G1 X35.709 Y-10.317 E24.52922
G1 X35.753 Y-10.818 E24.55341
G1 X42.898 Y-3.674 E25.03937
G1 X43.884 Y-3.383 F7200
;WIDTH:0.404381
G1 F1500
G1 X43.895 Y-3.342 E25.04117
G1 X43.824 Y-3.323 E25.04429
G1 X43.843 Y-3.394 E25.04741
;WIDTH:0.45
G1 X43.582 Y-3.535 E25.06168
G1 X35.798 Y-11.319 E25.59114
G1 X35.842 Y-11.82 E25.61533
G1 X53.786 Y6.124 E26.83586
G1 X53.786 Y5.578 E26.86212
G1 X35.887 Y-12.32 E28.07955
G1 X35.932 Y-12.821 E28.10374
G1 X53.786 Y5.033 E29.31815
G1 X53.786 Y4.488 E29.34436
G1 X35.976 Y-13.322 E30.55577
G1 X36.021 Y-13.823 E30.57996
G1 X53.786 Y3.942 E31.78831
G1 X53.786 Y3.397 E31.81452
G1 X36.066 Y-14.323 E33.01981
G1 X36.11 Y-14.824 E33.044
G1 X53.786 Y2.852 E34.2463
G1 X53.786 Y2.306 E34.27256
G1 X36.155 Y-15.325 E35.4718
G1 X36.199 Y-15.826 E35.49599
G1 X53.786 Y1.761 E36.69224
G1 X53.786 Y1.216 E36.71845
G1 X36.244 Y-16.326 E37.91164
G1 X36.289 Y-16.827 E37.93583
G1 X53.786 Y.67 E39.12595
G1 X53.786 Y.125 E39.15216
G1 X36.281 Y-17.38 E40.34283
G1 X36.223 Y-17.984 E40.37201
G1 X53.786 Y-.42 E41.56666
G1 X53.98 Y-.848 E41.58926
;WIDTH:0.404381
G1 X53.991 Y-.807 E41.59106
G1 X53.92 Y-.788 E41.59418
G1 X53.939 Y-.859 E41.5973
;WIDTH:0.45
G1 X53.786 Y-.966 E41.60628
G1 X35.888 Y-18.863 E42.82365
G1 E40.82365 F2400
G92 E0
G1 Z2.95 F7200
G1 X6.404 Y-2.492
G1 Z.95
G1 E2 F2400
;WIDTH:0.404381
G1 F1500
G1 X6.415 Y-2.451 E2.0018
G1 X6.344 Y-2.432 E2.00492
G1 X6.363 Y-2.503 E2.00804
;WIDTH:0.45
G1 X6.211 Y-2.732 E2.02126
G1 X1.613 Y-7.329 E2.33398
G1 X1.954 Y-7.533 E2.35309
G1 X6.162 Y-3.326 E2.63928
G1 X6.212 Y-3.821 E2.66321
G1 X2.295 Y-7.738 E2.92964
G1 X2.636 Y-7.942 E2.94875
G1 X6.307 Y-4.271 E3.19845
G1 X6.462 Y-4.662 E3.21868
G1 X2.977 Y-8.147 E3.45573
G1 X3.318 Y-8.351 E3.47484
G1 X6.644 Y-5.025 E3.70107
G1 X6.873 Y-5.342 E3.71988
G1 X3.659 Y-8.555 E3.93846
G1 X4 Y-8.76 E3.9576
G1 X7.127 Y-5.633 E4.17029
G1 X7.422 Y-5.883 E4.18889
G1 X4.341 Y-8.964 E4.39846
G1 X4.682 Y-9.169 E4.4176
G1 X7.732 Y-6.119 E4.62506
G1 X8.072 Y-6.324 E4.64416
G1 X5.023 Y-9.373 E4.85155
G1 X5.364 Y-9.577 E4.87066
G1 X8.415 Y-6.527 E5.07815
G1 X8.757 Y-6.729 E5.09725
G1 X5.705 Y-9.782 E5.30488
G1 X6.046 Y-9.986 E5.32399
G1 X9.1 Y-6.932 E5.53172
G1 X9.443 Y-7.135 E5.55089
G1 X6.387 Y-10.19 E5.75872
G1 X6.728 Y-10.395 E5.77786
G1 X9.785 Y-7.337 E5.98583
G1 X10.128 Y-7.54 E6.005
G1 X7.069 Y-10.599 E6.21307
G1 X7.41 Y-10.804 E6.23221
G1 X10.471 Y-7.742 E6.44045
G1 X10.814 Y-7.945 E6.45962
G1 X7.751 Y-11.008 E6.66796
G1 X8.092 Y-11.212 E6.68707
G1 X11.156 Y-8.148 E6.89548
G1 X11.499 Y-8.35 E6.91463
G1 X8.433 Y-11.417 E7.12321
G1 X8.774 Y-11.621 E7.14232
G1 X11.842 Y-8.553 E7.351
G1 X12.185 Y-8.755 E7.37015
G1 X9.115 Y-11.826 E7.579
G1 X9.456 Y-12.03 E7.59811
G1 X12.527 Y-8.958 E7.80703
G1 X12.87 Y-9.161 E7.8262
G1 X9.796 Y-12.234 E8.03526
G1 X10.137 Y-12.439 E8.0544
G1 X13.213 Y-9.363 E8.26363
G1 X13.556 Y-9.566 E8.2828
G1 X10.478 Y-12.643 E8.49213
G1 X10.819 Y-12.847 E8.51124
G1 X13.898 Y-9.768 E8.72067
G1 X14.241 Y-9.971 E8.73984
G1 X11.16 Y-13.052 E8.94941
G1 X11.501 Y-13.256 E8.96852
G1 X14.584 Y-10.174 E9.17819
G1 X14.927 Y-10.376 E9.19734
G1 X11.842 Y-13.461 E9.40718
G1 X12.183 Y-13.665 E9.42629
G1 X15.269 Y-10.579 E9.6362
G1 X15.612 Y-10.781 E9.65535
G1 X12.524 Y-13.869 E9.86539
G1 X12.865 Y-14.074 E9.88453
G1 X15.955 Y-10.984 E10.09471
G1 X16.298 Y-11.187 E10.11388
G1 X13.206 Y-14.278 E10.32416
G1 X13.547 Y-14.483 E10.3433
G1 X16.64 Y-11.389 E10.55372
G1 X16.983 Y-11.592 E10.57289
G1 X13.888 Y-14.687 E10.78341
G1 X14.229 Y-14.891 E10.80252
G1 X17.326 Y-11.795 E11.01314
G1 X17.669 Y-11.997 E11.03229
G1 X14.57 Y-15.096 E11.24308
G1 X14.911 Y-15.3 E11.26219
G1 X18.011 Y-12.2 E11.47305
G1 X18.354 Y-12.402 E11.4922
G1 X15.252 Y-15.504 E11.70319
G1 X15.593 Y-15.709 E11.72233
G1 X18.697 Y-12.605 E11.93346
G1 X19.039 Y-12.808 E11.95259
G1 X15.934 Y-15.913 E12.16379
G1 X16.275 Y-16.118 E12.18293
G1 X19.382 Y-13.01 E12.3943
G1 X19.725 Y-13.213 E12.41347
G1 X16.616 Y-16.322 E12.62494
G1 X16.957 Y-16.526 E12.64405
G1 X20.068 Y-13.415 E12.85566
G1 X20.41 Y-13.618 E12.87479
G1 X17.298 Y-16.731 E13.0865
G1 X17.639 Y-16.935 E13.10561
G1 X20.753 Y-13.821 E13.31742
G1 X21.096 Y-14.023 E13.33657
G1 X17.98 Y-17.14 E13.54855
G1 X18.321 Y-17.344 E13.56766
G1 X21.439 Y-14.226 E13.77974
G1 X21.781 Y-14.428 E13.79884
G1 X18.661 Y-17.548 E14.01106
G1 X19.002 Y-17.753 E14.0302
G1 X22.124 Y-14.631 E14.24255
G1 X22.467 Y-14.834 E14.26172
G1 X19.343 Y-17.957 E14.47418
G1 X19.684 Y-18.161 E14.49329
G1 X22.81 Y-15.036 E14.70588
G1 X23.152 Y-15.239 E14.72501
G1 X20.025 Y-18.366 E14.9377
G1 X20.366 Y-18.57 E14.95681
G1 X23.495 Y-15.441 E15.16964
G1 X23.838 Y-15.644 E15.18881
G1 X20.707 Y-18.775 E15.40178
G1 X21.048 Y-18.979 E15.42089
G1 X24.181 Y-15.847 E15.63396
G1 X24.523 Y-16.049 E15.65306
G1 X21.389 Y-19.183 E15.86623
G1 X21.73 Y-19.388 E15.88537
G1 X24.866 Y-16.252 E16.09868
G1 X25.209 Y-16.454 E16.11783
G1 X22.071 Y-19.592 E16.33127
G1 X22.412 Y-19.797 E16.35041
G1 X25.552 Y-16.657 E16.56399
G1 X25.894 Y-16.86 E16.58312
G1 X22.753 Y-20.001 E16.79677
G1 X23.094 Y-20.205 E16.81588
G1 X26.237 Y-17.062 E17.02966
G1 X26.58 Y-17.265 E17.04883
G1 X23.433 Y-20.412 E17.26289
G1 X23.75 Y-20.64 E17.28167
G1 X26.923 Y-17.467 E17.49749
G1 X27.265 Y-17.67 E17.51662
G1 X24.038 Y-20.898 E17.73615
G1 X24.29 Y-21.191 E17.75474
G1 X27.608 Y-17.873 E17.98043
G1 X27.951 Y-18.075 E17.99958
G1 X24.515 Y-21.511 E18.23329
G1 X24.705 Y-21.866 E18.25266
G1 X28.293 Y-18.278 E18.49671
G1 X28.636 Y-18.481 E18.51588
G1 X24.849 Y-22.268 E18.77347
G1 X24.947 Y-22.715 E18.79548
G1 X28.979 Y-18.683 E19.06973
G1 X29.322 Y-18.886 E19.0889
G1 X24.982 Y-23.226 E19.3841
G1 X24.767 Y-24.137 F7200
;WIDTH:0.404381
G1 F1500
G1 X24.748 Y-24.066 E19.38722
G1 X24.819 Y-24.085 E19.39034
G1 X24.808 Y-24.126 E19.39214
;WIDTH:0.45
G1 X24.927 Y-23.826 E19.40766
G1 X29.664 Y-19.088 E19.7299
G1 X30.007 Y-19.291 E19.74907
G1 X24.661 Y-24.637 E20.1127
G1 E18.1127 F2400
G92 E0
G1 Z2.95 F7200
G1 X-25.019 Y-22.456
G1 Z.95
G1 E2 F2400
;WIDTH:0.404381
G1 F1500
G1 X-25.008 Y-22.415 E2.0018
G1 X-25.079 Y-22.396 E2.00492
G1 X-25.06 Y-22.467 E2.00804
;WIDTH:0.45
G1 X-25.205 Y-22.695 E2.02104
G1 X-36.476 Y-33.966 E2.78768
G1 X-35.93 Y-33.966 E2.81394
G1 X-25.235 Y-23.271 E3.5414
G1 X-25.19 Y-23.771 E3.56555
G1 X-35.385 Y-33.966 E4.259
G1 X-34.84 Y-33.966 E4.28521
G1 X-25.085 Y-24.212 E4.9487
G1 X-24.929 Y-24.6 E4.96881
G1 X-34.294 Y-33.966 E5.60584
G1 X-33.749 Y-33.966 E5.63205
G1 X-24.735 Y-24.952 E6.24517
G1 X-24.502 Y-25.265 E6.26394
G1 X-33.204 Y-33.966 E6.85581
G1 X-32.658 Y-33.966 E6.88207
G1 X-24.241 Y-25.548 E7.45462
G1 X-23.952 Y-25.804 E7.47319
G1 X-32.113 Y-33.966 E8.02833
G1 X-31.568 Y-33.966 E8.05454
G1 X-23.626 Y-26.024 E8.59474
G1 X-23.261 Y-26.204 E8.61431
G1 X-31.022 Y-33.966 E9.14224
G1 X-30.477 Y-33.966 E9.16845
G1 X-22.864 Y-26.353 E9.68628
G1 X-22.413 Y-26.447 E9.70844
G1 X-29.932 Y-33.966 E10.21987
G1 X-29.386 Y-33.966 E10.24613
G1 X-21.9 Y-26.48 E10.75532
G1 X-21.355 Y-26.48 E10.78153
G1 X-28.841 Y-33.966 E11.29072
G1 X-28.295 Y-33.966 E11.31698
G1 X-20.81 Y-26.48 E11.82613
G1 X-20.264 Y-26.48 E11.85239
G1 X-27.75 Y-33.966 E12.36158
G1 X-27.205 Y-33.966 E12.38779
G1 X-19.719 Y-26.48 E12.89698
G1 X-19.174 Y-26.48 E12.92319
G1 X-26.659 Y-33.966 E13.43234
G1 X-26.114 Y-33.966 E13.45855
G1 X-18.629 Y-26.481 E13.96767
G1 X-18.084 Y-26.481 E13.99388
G1 X-25.569 Y-33.966 E14.503
G1 X-25.023 Y-33.966 E14.52926
G1 X-17.539 Y-26.481 E15.03835
G1 X-16.993 Y-26.481 E15.06461
G1 X-24.478 Y-33.966 E15.57373
G1 X-23.933 Y-33.966 E15.59994
G1 X-16.448 Y-26.481 E16.10906
G1 X-15.903 Y-26.481 E16.13527
G1 X-23.387 Y-33.966 E16.64436
G1 X-22.842 Y-33.966 E16.67057
G1 X-15.358 Y-26.482 E17.17962
G1 X-14.813 Y-26.482 E17.20583
G1 X-22.297 Y-33.966 E17.71488
G1 X-21.751 Y-33.966 E17.74114
G1 X-14.267 Y-26.482 E18.25019
G1 X-13.722 Y-26.482 E18.2764
G1 X-21.206 Y-33.966 E18.78545
G1 X-20.661 Y-33.966 E18.81166
G1 X-13.177 Y-26.482 E19.32071
G1 X-12.632 Y-26.482 E19.34692
G1 X-20.115 Y-33.966 E19.85594
G1 X-19.57 Y-33.966 E19.88215
G1 X-12.087 Y-26.483 E20.39113
G1 X-11.541 Y-26.483 E20.41739
G1 X-19.025 Y-33.966 E20.92641
G1 X-18.479 Y-33.966 E20.95267
G1 X-10.996 Y-26.483 E21.46165
G1 X-10.451 Y-26.483 E21.48786
G1 X-17.934 Y-33.966 E21.99684
G1 X-17.389 Y-33.966 E22.02305
G1 X-9.906 Y-26.483 E22.53203
G1 X-9.361 Y-26.483 E22.55824
G1 X-16.843 Y-33.966 E23.06719
G1 X-16.298 Y-33.966 E23.0934
G1 X-8.816 Y-26.484 E23.60232
G1 X-8.27 Y-26.484 E23.62858
G1 X-15.752 Y-33.966 E24.1375
G1 X-15.207 Y-33.966 E24.16371
G1 X-7.725 Y-26.484 E24.67263
G1 X-7.18 Y-26.484 E24.69884
G1 X-14.662 Y-33.966 E25.20776
G1 X-14.116 Y-33.966 E25.23402
G1 X-6.635 Y-26.484 E25.7429
G1 X-6.09 Y-26.484 E25.76911
G1 X-13.571 Y-33.966 E26.27799
G1 X-13.026 Y-33.966 E26.3042
G1 X-5.544 Y-26.484 E26.81312
G1 X-4.999 Y-26.485 E26.83933
G1 X-12.48 Y-33.966 E27.34818
G1 X-11.935 Y-33.966 E27.37439
G1 X-4.454 Y-26.485 E27.88324
G1 X-3.909 Y-26.485 E27.90945
G1 X-11.39 Y-33.966 E28.4183
G1 X-10.844 Y-33.966 E28.44456
G1 X-3.364 Y-26.485 E28.95337
G1 X-2.818 Y-26.485 E28.97963
G1 X-10.299 Y-33.966 E29.48848
G1 X-9.754 Y-33.966 E29.51469
G1 X-2.273 Y-26.485 E30.02354
G1 X-1.728 Y-26.486 E30.04975
G1 X-9.208 Y-33.966 E30.55853
G1 X-8.663 Y-33.966 E30.58474
G1 X-1.183 Y-26.486 E31.09352
G1 X-.638 Y-26.486 E31.11973
G1 X-8.118 Y-33.966 E31.62851
G1 X-7.572 Y-33.966 E31.65477
G1 X-.093 Y-26.486 E32.16352
G1 X.453 Y-26.486 E32.18978
G1 X-7.027 Y-33.966 E32.69856
G1 X-6.482 Y-33.966 E32.72477
G1 X.998 Y-26.486 E33.23355
G1 X1.543 Y-26.487 E33.25976
G1 X-5.936 Y-33.966 E33.76847
G1 X-5.391 Y-33.966 E33.79468
G1 X2.088 Y-26.487 E34.30339
G1 X2.633 Y-26.487 E34.3296
G1 X-4.846 Y-33.966 E34.83831
G1 X-4.3 Y-33.966 E34.86457
G1 X3.179 Y-26.487 E35.37328
G1 X3.724 Y-26.487 E35.39949
G1 X-3.755 Y-33.966 E35.9082
G1 X-3.209 Y-33.966 E35.93446
G1 X4.269 Y-26.487 E36.44314
G1 X4.814 Y-26.488 E36.46935
G1 X-2.664 Y-33.966 E36.97799
G1 X-2.119 Y-33.966 E37.0042
G1 X5.359 Y-26.488 E37.51284
G1 X5.905 Y-26.488 E37.5391
G1 X-1.573 Y-33.966 E38.04774
G1 X-1.028 Y-33.966 E38.07395
G1 X6.45 Y-26.488 E38.58259
G1 X6.995 Y-26.488 E38.6088
G1 X-.483 Y-33.966 E39.11744
G1 X.063 Y-33.966 E39.1437
G1 X7.54 Y-26.488 E39.65231
G1 X8.085 Y-26.489 E39.67852
G1 X.608 Y-33.966 E40.1871
G1 X1.153 Y-33.966 E40.21331
G1 X8.63 Y-26.489 E40.72189
G1 X9.176 Y-26.489 E40.74815
G1 X1.699 Y-33.966 E41.25673
G1 X2.244 Y-33.966 E41.28294
G1 X9.721 Y-26.489 E41.79152
G1 X10.266 Y-26.489 E41.81773
G1 X2.789 Y-33.966 E42.32631
G1 X3.335 Y-33.966 E42.35257
G1 X10.811 Y-26.489 E42.86111
G1 X11.356 Y-26.489 E42.88732
G1 X3.88 Y-33.966 E43.39586
G1 X4.425 Y-33.966 E43.42207
G1 X11.902 Y-26.49 E43.93061
G1 X12.447 Y-26.49 E43.95682
G1 X4.971 Y-33.966 E44.46533
G1 X5.516 Y-33.966 E44.49154
G1 X12.992 Y-26.49 E45.00005
G1 X13.537 Y-26.49 E45.02626
G1 X6.061 Y-33.966 E45.53477
G1 X6.607 Y-33.966 E45.56103
G1 X14.082 Y-26.49 E46.0695
G1 X14.627 Y-26.49 E46.09571
G1 X7.152 Y-33.966 E46.60418
G1 X7.697 Y-33.966 E46.63039
G1 X15.173 Y-26.491 E47.13886
G1 X15.718 Y-26.491 E47.16507
G1 X8.243 Y-33.966 E47.67351
G1 X8.788 Y-33.966 E47.69972
G1 X16.263 Y-26.491 E48.20816
G1 X16.808 Y-26.491 E48.23437
G1 X9.334 Y-33.966 E48.74278
G1 X9.879 Y-33.966 E48.76899
G1 X17.353 Y-26.491 E49.2774
G1 X17.899 Y-26.491 E49.30366
G1 X10.424 Y-33.966 E49.8121
G1 X10.97 Y-33.966 E49.83836
G1 X18.444 Y-26.492 E50.34673
G1 X18.989 Y-26.492 E50.37294
G1 X11.515 Y-33.966 E50.88131
G1 X12.06 Y-33.966 E50.90752
G1 X19.534 Y-26.492 E51.41589
G1 X20.079 Y-26.492 E51.4421
G1 X12.606 Y-33.966 E51.95044
G1 X13.151 Y-33.966 E51.97665
G1 X20.625 Y-26.492 E52.48502
G1 X21.17 Y-26.492 E52.51123
G1 X13.696 Y-33.966 E53.0196
G1 X14.242 Y-33.966 E53.04586
G1 X21.715 Y-26.493 E53.55416
G1 X22.604 Y-26.258 F7200
;WIDTH:0.404381
G1 F1500
G1 X22.43 Y-26.238 E53.56159
;WIDTH:0.45
G1 X22.331 Y-26.421 E53.5716
G1 X14.787 Y-33.966 E54.08477
G1 X15.332 Y-33.966 E54.11098
G1 X23.135 Y-26.163 E54.64173
G1 X23.407 Y-25.948 E54.65841
;WIDTH:0.404381
G1 X23.77 Y-25.648 E54.67838
G1 X24.447 Y-24.91 E54.72085
G1 E52.72085 F2400
G92 E0
G1 Z2.95 F7200
G1 X30.35 Y-19.494
G1 Z.95
G1 E2 F2400
;WIDTH:0.45
G1 F1500
G1 X15.878 Y-33.966 E2.98437
G1 X16.423 Y-33.966 E3.01058
G1 X30.693 Y-19.696 E3.98121
G1 X31.035 Y-19.899 E4.00034
G1 X16.968 Y-33.966 E4.95716
G1 X17.514 Y-33.966 E4.98342
G1 X31.379 Y-20.1 E5.92653
G1 X31.75 Y-20.275 E5.94626
G1 X18.059 Y-33.966 E6.8775
G1 X18.604 Y-33.966 E6.90371
G1 X32.165 Y-20.405 E7.82611
G1 X32.608 Y-20.508 E7.84799
G1 X19.15 Y-33.966 E8.76339
G1 X19.695 Y-33.966 E8.7896
G1 X33.123 Y-20.538 E9.70296
G1 X34.079 Y-20.303 F7200
;WIDTH:0.404381
G1 F1500
G1 X34.09 Y-20.262 E9.70476
G1 X34.019 Y-20.243 E9.70788
G1 X34.038 Y-20.314 E9.711
;WIDTH:0.45
G1 X33.777 Y-20.43 E9.72474
G1 X20.24 Y-33.966 E10.64548
G1 X20.786 Y-33.966 E10.67174
G1 X34.675 Y-20.077 E11.61645
G1 X34.948 Y-19.851 E11.6335
;WIDTH:0.404381
G1 X35.246 Y-19.593 E11.65022
G1 X35.66 Y-19.136 E11.67637
G1 E9.67637 F2400
G92 E0
G1 Z2.95 F7200
G1 X21.331 Y-33.966
G1 Z.95
G1 E2 F2400
;WIDTH:0.45
G1 F1500
G1 X53.786 Y-1.511 E4.20755
G1 X53.888 Y-1.28 E4.2197
;WIDTH:0.404381
G1 X53.869 Y-1.208 E4.22286
G1 X53.94 Y-1.228 E4.22599
G1 X53.929 Y-1.269 E4.22779
G1 X53.786 Y-2.057 F7200
;WIDTH:0.45
G1 F1500
G1 X21.877 Y-33.966 E6.3982
G1 X22.422 Y-33.966 E6.42441
G1 X53.786 Y-2.602 E8.55775
G1 X53.786 Y-3.147 E8.58396
G1 X22.967 Y-33.966 E10.68023
G1 X23.513 Y-33.966 E10.70649
G1 X53.786 Y-3.693 E12.76562
G1 X53.786 Y-4.238 E12.79183
G1 X24.058 Y-33.966 E14.81389
G1 X24.603 Y-33.966 E14.8401
G1 X53.786 Y-4.783 E16.82509
G1 X53.786 Y-5.329 E16.85135
G1 X25.149 Y-33.966 E18.7992
G1 X25.694 Y-33.966 E18.82541
G1 X53.786 Y-5.874 E20.73619
G1 X53.786 Y-6.419 E20.7624
G1 X26.239 Y-33.966 E22.63611
G1 X26.785 Y-33.966 E22.66237
G1 X53.786 Y-6.965 E24.49894
G1 X53.786 Y-7.51 E24.52515
G1 X27.33 Y-33.966 E26.32465
G1 X27.875 Y-33.966 E26.35086
G1 X53.786 Y-8.055 E28.11329
G1 X53.786 Y-8.601 E28.13955
G1 X28.421 Y-33.966 E29.86485
G1 X28.966 Y-33.966 E29.89106
G1 X53.786 Y-9.146 E31.57929
G1 X53.786 Y-9.691 E31.6055
G1 X29.511 Y-33.966 E33.25666
G1 X30.057 Y-33.966 E33.28292
G1 X53.786 Y-10.237 E34.89694
G1 X53.786 Y-10.782 E34.92315
G1 X30.602 Y-33.966 E36.5001
G1 X31.147 Y-33.966 E36.52631
G1 X53.786 Y-11.327 E38.06619
G1 X53.786 Y-11.873 E38.09245
G1 X31.693 Y-33.966 E39.59519
G1 X32.238 Y-33.966 E39.6214
G1 X53.786 Y-12.418 E41.08707
G1 X53.939 Y-12.311 E41.09605
;WIDTH:0.404381
G1 X53.92 Y-12.24 E41.09917
G1 X53.991 Y-12.259 E41.10229
G1 X53.98 Y-12.3 E41.10409
;WIDTH:0.45
G1 X53.929 Y-12.721 E41.12449
;WIDTH:0.404381
G1 X53.94 Y-12.68 E41.12629
G1 X53.869 Y-12.661 E41.12941
G1 X53.888 Y-12.732 E41.13253
;WIDTH:0.45
G1 X53.786 Y-12.963 E41.14468
G1 X40.803 Y-25.946 E42.02777
G1 X40.561 Y-26.149 E42.04296
;WIDTH:0.404381
G1 X40.572 Y-26.108 E42.04476
G1 X40.501 Y-26.089 E42.04788
G1 X40.52 Y-26.16 E42.051
G1 X41.455 Y-25.84 F7200
;WIDTH:0.45
G1 F1500
G1 X53.786 Y-13.509 E42.88974
G1 X53.786 Y-14.054 E42.91595
G1 X41.964 Y-25.876 E43.72007
G1 X42.428 Y-25.957 E43.74272
G1 X53.786 Y-14.6 E44.51524
G1 X53.786 Y-15.145 E44.54145
G1 X42.813 Y-26.118 E45.28782
G1 X43.157 Y-26.319 E45.30698
G1 X53.786 Y-15.69 E46.02995
G1 X53.786 Y-16.236 E46.05621
G1 X43.48 Y-26.541 E46.75718
G1 X43.742 Y-26.824 E46.77573
G1 X53.786 Y-16.781 E47.45888
G1 X53.786 Y-17.326 E47.48509
G1 X43.988 Y-27.124 E48.15154
G1 X44.18 Y-27.478 E48.17091
G1 X53.786 Y-17.872 E48.8243
G1 X53.786 Y-18.417 E48.85051
G1 X44.329 Y-27.874 E49.49376
G1 X44.444 Y-28.304 E49.51517
G1 X53.786 Y-18.962 E50.1506
G1 X53.786 Y-19.508 E50.17686
G1 X44.449 Y-28.845 E50.81195
G1 X44.163 Y-29.801 F7200
;WIDTH:0.404381
G1 F1500
G1 X44.144 Y-29.73 E50.81507
G1 X44.215 Y-29.749 E50.81819
G1 X44.204 Y-29.79 E50.81999
;WIDTH:0.45
G1 X44.352 Y-29.487 E50.83621
G1 X53.786 Y-20.053 E51.4779
G1 X53.939 Y-19.946 E51.48688
;WIDTH:0.404381
G1 X53.92 Y-19.875 E51.49
G1 X53.991 Y-19.894 E51.49312
G1 X53.98 Y-19.935 E51.49492
G1 E49.49492 F2400
G92 E0
G1 Z2.95 F7200
G1 X39.307 Y-27.241
G1 Z.95
G1 E2 F2400
G1 F1500
G1 X39.017 Y-27.635 E2.02075
;WIDTH:0.45
G1 X38.841 Y-27.908 E2.03637
G1 X32.783 Y-33.966 E2.44843
G1 X33.329 Y-33.966 E2.47469
G1 X38.733 Y-28.562 E2.84226
G1 X38.744 Y-29.096 E2.86795
G1 X33.874 Y-33.966 E3.1992
G1 X34.42 Y-33.966 E3.22546
G1 X38.848 Y-29.538 E3.52665
G1 X38.993 Y-29.937 E3.54707
G1 X34.965 Y-33.966 E3.82108
G1 X35.51 Y-33.966 E3.84729
G1 X39.187 Y-30.289 E4.09739
G1 X39.432 Y-30.589 E4.11602
G1 X36.056 Y-33.966 E4.34569
G1 X36.601 Y-33.966 E4.3719
G1 X39.699 Y-30.868 E4.58262
G1 X40.01 Y-31.102 E4.60134
G1 X37.146 Y-33.966 E4.79615
G1 X37.692 Y-33.966 E4.82241
G1 X40.356 Y-31.301 E5.00365
G1 X40.746 Y-31.457 E5.02385
G1 X38.237 Y-33.966 E5.19451
G1 X38.782 Y-33.966 E5.22072
G1 X41.198 Y-31.55 E5.38505
G1 X41.71 Y-31.584 E5.40973
G1 X39.328 Y-33.966 E5.57175
G1 X39.873 Y-33.966 E5.59796
G1 X42.35 Y-31.489 E5.76644
G1 X42.653 Y-31.343 E5.78262
;WIDTH:0.404381
G1 X42.664 Y-31.302 E5.78442
G1 X42.593 Y-31.283 E5.78754
G1 X42.612 Y-31.354 E5.79066
G1 E3.79066 F2400
G92 E0
G1 Z2.95 F7200
G1 X40.418 Y-33.966
G1 Z.95
G1 E2 F2400
;WIDTH:0.45
G1 F1500
G1 X53.786 Y-20.598 E2.90927
G1 X53.888 Y-20.367 E2.92142
;WIDTH:0.404381
G1 X53.869 Y-20.296 E2.92454
G1 X53.94 Y-20.315 E2.92766
G1 X53.929 Y-20.356 E2.92946
G1 X53.786 Y-21.144 F7200
;WIDTH:0.45
G1 F1500
G1 X40.964 Y-33.966 E3.8016
G1 X41.509 Y-33.966 E3.82781
G1 X53.786 Y-21.689 E4.66288
G1 X53.786 Y-22.234 E4.68909
G1 X42.054 Y-33.966 E5.48709
G1 X42.6 Y-33.966 E5.51335
G1 X53.786 Y-22.78 E6.27421
G1 X53.786 Y-23.325 E6.30042
G1 X43.145 Y-33.966 E7.02421
G1 X43.69 Y-33.966 E7.05042
G1 X53.786 Y-23.87 E7.73714
G1 X53.786 Y-24.416 E7.7634
G1 X44.236 Y-33.966 E8.41298
G1 X44.781 Y-33.966 E8.43919
G1 X53.786 Y-24.961 E9.0517
G1 X53.786 Y-25.506 E9.07791
G1 X45.326 Y-33.966 E9.65335
G1 X45.872 Y-33.966 E9.67961
G1 X53.786 Y-26.052 E10.21791
G1 X53.786 Y-26.597 E10.24412
G1 X46.417 Y-33.966 E10.74535
G1 X46.963 Y-33.966 E10.77161
G1 X53.786 Y-27.143 E11.2357
G1 X53.786 Y-27.688 E11.26191
G1 X47.508 Y-33.966 E11.68893
G1 X48.053 Y-33.966 E11.71514
G1 X53.786 Y-28.233 E12.10509
G1 X53.786 Y-28.779 E12.13135
G1 X48.599 Y-33.966 E12.48416
G1 X49.144 Y-33.966 E12.51037
G1 X53.786 Y-29.324 E12.82611
G1 X53.786 Y-29.869 E12.85232
G1 X49.689 Y-33.966 E13.13099
G1 X50.235 Y-33.966 E13.15725
G1 X53.786 Y-30.415 E13.39878
G1 X53.786 Y-30.96 E13.42499
G1 X50.78 Y-33.966 E13.62945
G1 X51.325 Y-33.966 E13.65566
G1 X53.786 Y-31.505 E13.82305
G1 X53.98 Y-31.933 E13.84565
;WIDTH:0.404381
G1 X53.991 Y-31.892 E13.84745
G1 X53.92 Y-31.873 E13.85057
G1 X53.939 Y-31.944 E13.85369
;WIDTH:0.45
G1 X53.786 Y-32.051 E13.86267
G1 X51.871 Y-33.966 E13.99293
G1 X53.786 Y-33.966 E14.08503
G1 X53.786 Y-32.596 E14.15092
G1 X52.552 Y-33.829 E14.23482
G1 X53.371 Y-33.615 F7200
;WIDTH:0.481157
G1 F1500
G1 X53.334 Y-33.578 E14.23754
G1 X53.348 Y-33.528 E14.24024
G1 X53.398 Y-33.514 E14.24294
G1 X53.435 Y-33.551 E14.24566
G1 X53.421 Y-33.601 E14.24836
;LAYER_CHANGE
;Z:1.25
;HEIGHT:0.3
G1 E12.24836 F2400
G92 E0
G1 Z1.25 F7200
G1 Z3.25
G1 X29.41 Y12.822
G1 Z1.25
G1 E2 F2400
;TYPE:Perimeter
;WIDTH:0.45
G1 F3600
G1 X29.339 Y12.796 E2.00364
G1 X28.172 Y12.091 E2.06922
G1 X7.835 Y-.785 E3.22692
G1 X7.405 Y-1.119 E3.25311
G1 X7.086 Y-1.464 E3.27571
G1 X6.825 Y-1.855 E3.29832
G1 X6.62 Y-2.314 E3.3225
G1 X6.482 Y-2.906 E3.35174
G1 X6.453 Y-3.458 E3.37833
G1 X6.554 Y-4.097 E3.40945
G1 X6.843 Y-4.798 E3.44592
G1 X7.144 Y-5.239 E3.4716
G1 X7.513 Y-5.611 E3.4968
G1 X7.914 Y-5.895 E3.52043
G1 X31.505 Y-19.84 E4.83848
G1 X31.996 Y-20.071 E4.86458
G1 X32.57 Y-20.203 E4.89291
G1 X32.989 Y-20.249 E4.91318
G1 X33.621 Y-20.19 E4.94371
G1 X34.246 Y-19.99 E4.97527
G1 X34.893 Y-19.598 E5.01165
G1 X35.109 Y-19.406 E5.02555
G1 X35.515 Y-18.919 E5.05605
G1 X35.669 Y-18.66 E5.07054
G1 X35.905 Y-18.072 E5.10101
G1 X35.972 Y-17.778 E5.11551
G1 X36.02 Y-17.071 E5.14959
G1 X33.578 Y10.344 E6.47338
G1 X33.478 Y10.881 E6.49965
G1 X33.316 Y11.323 E6.52229
G1 X33.087 Y11.734 E6.54492
G1 X32.797 Y12.105 E6.56757
G1 X32.452 Y12.425 E6.5902
G1 X32.061 Y12.687 E6.61284
G1 X31.633 Y12.885 E6.63552
G1 X31.18 Y13.013 E6.65816
G1 X30.713 Y13.069 E6.68078
G1 X30.242 Y13.051 E6.70345
G1 X29.78 Y12.959 E6.72611
G1 X29.466 Y12.843 E6.74221
G1 X29.562 Y12.471 F7200
G1 F3600
G1 X29.519 Y12.455 E6.74442
G1 X28.378 Y11.765 E6.80855
G1 X8.042 Y-1.111 E7.96621
G1 X7.682 Y-1.387 E7.98803
G1 X7.402 Y-1.686 E8.00773
G1 X7.172 Y-2.025 E8.02743
G1 X6.992 Y-2.415 E8.04809
G1 X6.867 Y-2.925 E8.07335
G1 X6.838 Y-3.482 E8.10018
G1 X6.932 Y-4.019 E8.1264
G1 X7.195 Y-4.641 E8.15888
G1 X7.512 Y-5.075 E8.18473
G1 X7.812 Y-5.355 E8.20447
G1 X8.11 Y-5.563 E8.22195
G1 X31.701 Y-19.509 E9.54003
G1 X32.154 Y-19.715 E9.56396
G1 X32.773 Y-19.853 E9.59446
G1 X33.546 Y-19.809 E9.6317
G1 X34.11 Y-19.63 E9.66016
G1 X34.683 Y-19.274 E9.69261
G1 X35.219 Y-18.672 E9.73138
G1 X35.547 Y-17.928 E9.77049
G1 X35.634 Y-17.084 E9.8113
G1 X33.193 Y10.31 E11.13408
G1 X33.112 Y10.757 E11.15593
G1 X32.975 Y11.144 E11.17568
G1 X32.778 Y11.504 E11.19542
G1 X32.527 Y11.829 E11.21517
G1 X32.229 Y12.11 E11.23487
G1 X31.706 Y12.433 E11.26444
G1 X31.214 Y12.612 E11.28962
G1 X30.718 Y12.684 E11.31373
G1 X30.308 Y12.671 E11.33346
G1 X29.905 Y12.594 E11.35319
G1 X29.618 Y12.491 E11.36786
G1 X29.713 Y12.119 F7200
;TYPE:External perimeter
G1 F1800
G1 X29.699 Y12.114 E11.36858
G1 X28.584 Y11.439 E11.43127
G1 X8.248 Y-1.437 E12.58893
G1 X7.959 Y-1.656 E12.60637
G1 X7.717 Y-1.908 E12.62317
G1 X7.518 Y-2.195 E12.63997
G1 X7.364 Y-2.516 E12.65709
G1 X7.252 Y-2.945 E12.67841
G1 X7.223 Y-3.499 E12.70509
G1 X7.322 Y-3.979 E12.72866
G1 X7.547 Y-4.483 E12.75521
G1 X7.781 Y-4.798 E12.77408
G1 X8.033 Y-5.04 E12.79088
G1 X8.306 Y-5.231 E12.8069
G1 X31.898 Y-19.177 E14.12502
G1 X32.239 Y-19.338 E14.14316
G1 X32.857 Y-19.477 E14.17363
G1 X33.51 Y-19.425 E14.20514
G1 X33.993 Y-19.26 E14.22969
G1 X34.473 Y-18.951 E14.25715
G1 X34.922 Y-18.425 E14.29041
G1 X35.189 Y-17.785 E14.32376
G1 X35.247 Y-17.081 E14.35773
G1 X32.809 Y10.276 E15.67872
G1 X32.747 Y10.634 E15.69619
G1 X32.633 Y10.965 E15.71303
G1 X32.469 Y11.274 E15.72986
G1 X32.061 Y11.745 E15.75983
G1 X31.719 Y11.996 E15.78023
G1 X31.404 Y12.149 E15.79707
G1 X30.796 Y12.29 E15.82709
G1 X30.373 Y12.291 E15.84743
G1 X30.029 Y12.229 E15.86424
G1 X29.77 Y12.139 E15.87743
G1 X29.421 Y11.943 F7200
G1 E13.87743 F2400
G92 E0
G1 Z3.25 F7200
G1 X-1.913 Y-7.009
G1 Z1.25
G1 E2 F2400
;TYPE:Perimeter
G1 F3600
G1 X-1.984 Y-7.036 E2.00365
G1 X-2.646 Y-7.422 E2.04051
G1 X-23.567 Y-20.667 E3.23144
G1 X-24.007 Y-21.01 E3.25827
G1 X-24.331 Y-21.366 E3.28142
G1 X-24.595 Y-21.77 E3.30463
G1 X-24.79 Y-22.21 E3.32778
G1 X-24.911 Y-22.676 E3.35094
G1 X-24.957 Y-23.156 E3.37413
G1 X-24.925 Y-23.636 E3.39727
G1 X-24.761 Y-24.252 E3.42793
G1 X-24.47 Y-24.835 E3.45927
G1 X-24.068 Y-25.327 E3.48983
G1 X-23.671 Y-25.655 E3.5146
G1 X-23.122 Y-25.949 E3.54455
G1 X-22.583 Y-26.122 E3.57178
G1 X-22.018 Y-26.194 E3.59917
G1 X21.712 Y-26.203 E5.70243
G1 X22.273 Y-26.148 E5.72954
G1 X22.772 Y-26.005 E5.75451
G1 X23.244 Y-25.776 E5.77974
G1 X23.781 Y-25.364 E5.81229
G1 X24.146 Y-24.95 E5.83884
G1 X24.442 Y-24.422 E5.86795
G1 X24.664 Y-23.671 E5.90562
G1 X24.704 Y-23.12 E5.93219
G1 X24.617 Y-22.484 E5.96306
G1 X24.462 Y-22.023 E5.98645
G1 X24.234 Y-21.594 E6.00982
G1 X23.939 Y-21.207 E6.03322
G1 X23.586 Y-20.872 E6.05663
G1 X23.253 Y-20.638 E6.07621
G1 X.809 Y-7.184 E7.33478
G1 X.318 Y-6.95 E7.36094
G1 X-.138 Y-6.82 E7.38375
G1 X-.607 Y-6.763 E7.40647
G1 X-1.078 Y-6.781 E7.42914
G1 X-1.541 Y-6.872 E7.45183
G1 X-1.856 Y-6.988 E7.46798
G1 X-1.761 Y-7.361 F7200
G1 F3600
G1 X-1.804 Y-7.377 E7.47019
G1 X-2.44 Y-7.747 E7.50558
G1 X-23.361 Y-20.993 E8.69653
G1 X-23.729 Y-21.277 E8.71889
G1 X-24.014 Y-21.585 E8.73907
G1 X-24.246 Y-21.935 E8.75927
G1 X-24.419 Y-22.317 E8.77944
G1 X-24.529 Y-22.722 E8.79962
G1 X-24.572 Y-23.14 E8.81983
G1 X-24.547 Y-23.559 E8.84002
G1 X-24.4 Y-24.116 E8.86773
G1 X-24.136 Y-24.642 E8.89604
G1 X-23.812 Y-25.039 E8.92069
G1 X-23.476 Y-25.322 E8.94182
G1 X-23.005 Y-25.582 E8.9677
G1 X-22.466 Y-25.755 E8.99493
G1 X-21.965 Y-25.809 E9.01917
G1 X21.712 Y-25.818 E11.11988
G1 X22.18 Y-25.774 E11.14249
G1 X22.608 Y-25.656 E11.16384
G1 X23.093 Y-25.412 E11.18995
G1 X23.543 Y-25.06 E11.21743
G1 X23.88 Y-24.661 E11.24255
G1 X24.119 Y-24.204 E11.26735
G1 X24.291 Y-23.573 E11.29881
G1 X24.314 Y-23.016 E11.32562
G1 X24.249 Y-22.598 E11.34597
G1 X24.116 Y-22.195 E11.36638
G1 X23.921 Y-21.819 E11.38675
G1 X23.667 Y-21.48 E11.40712
G1 X23.361 Y-21.186 E11.42753
G1 X23.055 Y-20.969 E11.44557
G1 X.611 Y-7.515 E12.70414
G1 X.201 Y-7.317 E12.72604
G1 X-.194 Y-7.201 E12.74584
G1 X-.602 Y-7.149 E12.76562
G1 X-1.013 Y-7.161 E12.7854
G1 X-1.417 Y-7.237 E12.80517
G1 X-1.705 Y-7.341 E12.8199
G1 X-1.61 Y-7.713 F7200
;TYPE:External perimeter
G1 F1800
G1 X-1.624 Y-7.718 E12.82062
G1 X-2.234 Y-8.073 E12.85457
G1 X-23.154 Y-21.319 E14.04548
G1 X-23.451 Y-21.544 E14.0634
G1 X-23.696 Y-21.804 E14.08058
G1 X-23.898 Y-22.1 E14.09782
G1 X-24.049 Y-22.424 E14.11501
G1 X-24.146 Y-22.769 E14.13225
G1 X-24.186 Y-23.124 E14.14943
G1 X-24.169 Y-23.482 E14.16667
G1 X-24.04 Y-23.979 E14.19137
G1 X-23.802 Y-24.449 E14.21671
G1 X-23.556 Y-24.75 E14.23541
G1 X-23.281 Y-24.989 E14.25293
G1 X-22.887 Y-25.215 E14.27478
G1 X-22.348 Y-25.387 E14.30199
G1 X-21.965 Y-25.423 E14.32049
G1 X21.712 Y-25.432 E16.4212
G1 X22.087 Y-25.4 E16.4393
G1 X22.443 Y-25.307 E16.457
G1 X22.856 Y-25.108 E16.47905
G1 X23.306 Y-24.756 E16.50653
G1 X23.566 Y-24.435 E16.5264
G1 X23.773 Y-24.027 E16.5484
G1 X23.918 Y-23.474 E16.5759
G1 X23.932 Y-23.069 E16.59539
G1 X23.88 Y-22.711 E16.61279
G1 X23.771 Y-22.367 E16.63015
G1 X23.608 Y-22.044 E16.64755
G1 X23.395 Y-21.753 E16.66489
G1 X23.137 Y-21.499 E16.6823
G1 X22.857 Y-21.299 E16.69885
G1 X.413 Y-7.846 E17.9574
G1 X.085 Y-7.685 E17.97497
G1 X-.25 Y-7.583 E17.99181
G1 X-.597 Y-7.534 E18.00867
G1 X-.948 Y-7.541 E18.02556
G1 X-1.293 Y-7.603 E18.04242
G1 X-1.553 Y-7.693 E18.05565
G1 X-1.905 Y-7.883 F7200
G1 E16.05565 F2400
G92 E0
G1 Z3.25 F7200
G1 X41.591 Y-31.284
G1 Z1.25
G1 E2 F2400
;TYPE:Perimeter
G1 F1200
G1 X41.928 Y-31.281 E2.01621
G1 X42.399 Y-31.176 E2.03942
G1 X43.122 Y-30.797 E2.07868
G1 X43.379 Y-30.581 E2.09483
G1 X43.743 Y-30.147 E2.12207
G1 X43.911 Y-29.857 E2.13819
G1 X44.105 Y-29.324 E2.16547
G1 X44.163 Y-28.995 E2.18154
G1 X44.163 Y-28.428 E2.20881
G1 X44.105 Y-28.098 E2.22493
G1 X43.911 Y-27.565 E2.25221
G1 X43.743 Y-27.275 E2.26833
G1 X43.379 Y-26.841 E2.29557
G1 X43.122 Y-26.626 E2.31169
G1 X42.632 Y-26.342 E2.33893
G1 X42.317 Y-26.228 E2.35504
G1 X41.759 Y-26.13 E2.38229
G1 X41.424 Y-26.13 E2.3984
G1 X40.866 Y-26.228 E2.42565
G1 X40.551 Y-26.342 E2.44176
G1 X40.053 Y-26.63 E2.46943
G1 X39.803 Y-26.841 E2.48516
G1 X39.437 Y-27.279 E2.51261
G1 X39.272 Y-27.565 E2.52849
G1 X39.076 Y-28.102 E2.55598
G1 X39.02 Y-28.428 E2.57189
G1 X39.02 Y-28.995 E2.59916
G1 X39.078 Y-29.324 E2.61523
G1 X39.272 Y-29.857 E2.64251
G1 X39.439 Y-30.147 E2.65861
G1 X39.803 Y-30.581 E2.68585
G1 X40.06 Y-30.797 E2.702
G1 X40.551 Y-31.08 E2.72926
G1 X40.855 Y-31.193 E2.74486
G1 X41.352 Y-31.286 E2.76918
G1 X41.531 Y-31.284 E2.77779
G1 X41.591 Y-30.899 F7200
G1 F1200
G1 X42.024 Y-30.878 E2.79864
G1 X42.439 Y-30.746 E2.81959
G1 X42.93 Y-30.463 E2.84685
G1 X43.084 Y-30.333 E2.85654
G1 X43.448 Y-29.899 E2.88378
G1 X43.548 Y-29.725 E2.89343
G1 X43.742 Y-29.193 E2.92067
G1 X43.777 Y-28.995 E2.93034
G1 X43.777 Y-28.428 E2.95761
G1 X43.742 Y-28.23 E2.96728
G1 X43.548 Y-27.697 E2.99456
G1 X43.448 Y-27.523 E3.00421
G1 X43.084 Y-27.089 E3.03145
G1 X42.93 Y-26.96 E3.04111
G1 X42.439 Y-26.676 E3.06839
G1 X42.25 Y-26.608 E3.07805
G1 X41.692 Y-26.509 E3.10531
G1 X41.491 Y-26.509 E3.11498
G1 X40.933 Y-26.608 E3.14224
G1 X40.744 Y-26.676 E3.1519
G1 X40.249 Y-26.962 E3.1794
G1 X40.099 Y-27.089 E3.18885
G1 X39.733 Y-27.525 E3.21623
G1 X39.634 Y-27.697 E3.22578
G1 X39.439 Y-28.232 E3.25317
G1 X39.405 Y-28.428 E3.26274
G1 X39.405 Y-28.995 E3.29001
G1 X39.44 Y-29.193 E3.29968
G1 X39.634 Y-29.725 E3.32692
G1 X39.734 Y-29.899 E3.33657
G1 X40.099 Y-30.333 E3.36384
G1 X40.253 Y-30.463 E3.37353
G1 X40.744 Y-30.746 E3.40079
G1 X41.423 Y-30.907 E3.43435
G1 X41.531 Y-30.901 E3.43955
G1 X41.591 Y-30.523 F7200
;TYPE:External perimeter
G1 F1200
G1 X41.924 Y-30.505 E3.45559
G1 X42.246 Y-30.412 E3.47171
G1 X42.737 Y-30.129 E3.49897
G1 X43.153 Y-29.651 E3.52945
G1 X43.38 Y-29.061 E3.55985
G1 X43.392 Y-28.428 E3.5903
G1 X43.186 Y-27.829 E3.62077
G1 X42.788 Y-27.337 E3.65121
G1 X42.246 Y-27.01 E3.68166
G1 X41.625 Y-26.889 E3.71209
G1 X40.999 Y-26.987 E3.74257
G1 X40.446 Y-27.294 E3.77299
G1 X40.03 Y-27.771 E3.80343
G1 X39.803 Y-28.362 E3.83388
G1 X39.791 Y-28.995 E3.86433
G1 X39.996 Y-29.593 E3.89473
G1 X40.394 Y-30.086 E3.9252
G1 X40.937 Y-30.412 E3.95566
G1 X41.494 Y-30.528 E3.98302
G1 X41.531 Y-30.526 E3.9848
G1 X41.93 Y-30.492 F7200
G1 E1.9848 F2400
G92 E0
G1 Z3.25 F7200
G1 X37.775 Y20.073
G1 Z1.25
G1 E2 F2400
;TYPE:Perimeter
;WIDTH:0.417431
G1 F1200
G1 X37.827 Y19.265 E2.03565
G1 E.03565 F2400
G92 E0
G1 Z3.25 F7200
G1 X38.071 Y22.512
G1 Z1.25
G1 E2 F2400
;WIDTH:0.45
G1 F3600
G1 X37.921 Y22.246 E2.01469
G1 X37.818 Y21.976 E2.02859
G1 X37.689 Y21.379 E2.05797
G1 X37.671 Y20.857 E2.08309
G1 X37.715 Y20.505 E2.10015
;WIDTH:0.421037
G1 X37.759 Y20.153 E2.11593
G1 X37.675 Y20.424 E2.12855
;WIDTH:0.45
G1 X37.591 Y20.695 E2.1422
G1 X37.368 Y21.051 E2.1624
G1 X36.864 Y21.595 E2.19807
G1 X36.312 Y21.918 E2.22883
G1 X35.997 Y22.032 E2.24494
G1 X35.438 Y22.131 E2.27224
G1 X35.104 Y22.13 E2.2883
G1 X34.546 Y22.032 E2.31555
G1 X34.231 Y21.918 E2.33166
G1 X33.74 Y21.634 E2.35894
G1 X33.483 Y21.419 E2.37506
G1 X33.119 Y20.985 E2.4023
G1 X32.952 Y20.695 E2.4184
G1 X32.758 Y20.162 E2.44568
G1 X32.7 Y19.832 E2.4618
G1 X32.7 Y19.265 E2.48907
G1 X32.758 Y18.936 E2.50514
G1 X32.952 Y18.403 E2.53242
G1 X33.119 Y18.113 E2.54852
G1 X33.483 Y17.679 E2.57576
G1 X33.74 Y17.463 E2.59191
G1 X34.231 Y17.18 E2.61917
G1 X34.535 Y17.067 E2.63477
G1 X35.032 Y16.974 E2.65909
G1 X35.608 Y16.979 E2.68679
G1 X36.079 Y17.084 E2.71
G1 X36.802 Y17.463 E2.74926
G1 X37.059 Y17.679 E2.76541
G1 X37.423 Y18.113 E2.79265
G1 X37.591 Y18.403 E2.80877
G1 X37.782 Y18.936 E2.836
;WIDTH:0.445103
G1 X37.827 Y19.265 E2.85177
;WIDTH:0.45
G1 X37.89 Y18.364 E2.89521
G1 X39.587 Y-.678 E3.81469
G1 X39.69 Y-1.225 E3.84146
G1 X39.857 Y-1.676 E3.86459
G1 X40.094 Y-2.094 E3.8877
G1 X40.395 Y-2.468 E3.91079
G1 X40.753 Y-2.79 E3.93395
G1 X41.157 Y-3.05 E3.95706
G1 X41.673 Y-3.261 E3.98387
G1 X42.31 Y-3.388 E4.01511
G1 X42.867 Y-3.391 E4.0419
G1 X43.413 Y-3.287 E4.06863
G1 X43.932 Y-3.078 E4.09554
G1 X44.342 Y-2.826 E4.11869
G1 X44.727 Y-2.487 E4.14336
G1 X45.05 Y-2.086 E4.16813
G1 X45.359 Y-1.49 E4.20042
G1 X45.514 Y-.967 E4.22666
G1 X45.567 Y-.413 E4.25343
G1 X45.567 Y21.05 E5.28573
G1 X45.456 Y21.828 E5.32353
G1 X45.273 Y22.34 E5.34968
G1 X44.948 Y22.869 E5.37954
G1 X44.634 Y23.219 E5.40216
G1 X44.269 Y23.515 E5.42476
G1 X43.863 Y23.75 E5.44732
G1 X43.366 Y23.931 E5.47276
G1 X42.649 Y24.045 E5.50768
G1 X40.658 Y24.045 E5.60344
G1 X39.91 Y23.942 E5.63976
G1 X39.634 Y23.856 E5.65366
G1 X39.084 Y23.589 E5.68307
G1 X38.846 Y23.425 E5.69697
G1 X38.401 Y23.006 E5.72637
G1 X38.222 Y22.778 E5.74031
G1 X38.101 Y22.565 E5.75209
G1 X38.413 Y22.319 F7200
G1 F3600
G1 X38.33 Y22.187 E5.75959
G1 X38.195 Y21.894 E5.77511
G1 X38.066 Y21.298 E5.80444
G1 X38.065 Y20.749 E5.83085
G1 X39.971 Y-.644 E6.86385
G1 X40.055 Y-1.101 E6.8862
G1 X40.197 Y-1.494 E6.9063
G1 X40.401 Y-1.86 E6.92645
G1 X40.661 Y-2.189 E6.94662
G1 X40.97 Y-2.471 E6.96674
G1 X41.32 Y-2.701 E6.98688
G1 X41.748 Y-2.883 E7.00925
G1 X42.385 Y-3.01 E7.04049
G1 X42.897 Y-3.002 E7.06512
G1 X43.35 Y-2.902 E7.08743
G1 X43.739 Y-2.745 E7.10761
G1 X44.097 Y-2.528 E7.12774
G1 X44.429 Y-2.241 E7.14885
G1 X44.76 Y-1.818 E7.17468
G1 X45.015 Y-1.315 E7.2018
G1 X45.154 Y-.783 E7.22825
G1 X45.182 Y-.413 E7.2461
G1 X45.182 Y21.05 E8.2784
G1 X45.075 Y21.767 E8.31327
G1 X44.875 Y22.274 E8.33948
G1 X44.655 Y22.619 E8.35916
G1 X44.384 Y22.926 E8.37886
G1 X44.068 Y23.186 E8.39854
G1 X43.715 Y23.394 E8.41825
G1 X43.29 Y23.553 E8.44007
G1 X42.618 Y23.659 E8.47279
G1 X40.658 Y23.659 E8.56706
G1 X39.968 Y23.561 E8.60058
G1 X39.253 Y23.242 E8.63824
G1 X38.665 Y22.725 E8.6759
G1 X38.444 Y22.37 E8.69601
G1 X38.745 Y22.131 F7200
;TYPE:External perimeter
G1 F1800
G1 X38.666 Y21.997 E8.70349
G1 X38.572 Y21.813 E8.71343
G1 X38.443 Y21.216 E8.74281
G1 X38.5 Y20.219 E8.79084
G1 X40.355 Y-.61 E9.79661
G1 X40.419 Y-.976 E9.81448
G1 X40.537 Y-1.313 E9.83165
G1 X40.708 Y-1.626 E9.8488
G1 X40.926 Y-1.909 E9.86598
G1 X41.187 Y-2.153 E9.88316
G1 X41.483 Y-2.352 E9.90031
G1 X41.823 Y-2.505 E9.91824
G1 X42.461 Y-2.631 E9.94952
G1 X42.863 Y-2.617 E9.96887
G1 X43.212 Y-2.541 E9.98605
G1 X43.545 Y-2.411 E10.00324
G1 X43.852 Y-2.23 E10.02038
G1 X44.131 Y-1.996 E10.03789
G1 X44.416 Y-1.644 E10.05967
G1 X44.671 Y-1.14 E10.08684
G1 X44.77 Y-.752 E10.1061
G1 X44.796 Y-.413 E10.12245
G1 X44.796 Y21.05 E11.15475
G1 X44.694 Y21.707 E11.18673
G1 X44.546 Y22.072 E11.20567
G1 X44.362 Y22.369 E11.22247
G1 X44.133 Y22.632 E11.23924
G1 X43.867 Y22.857 E11.256
G1 X43.568 Y23.038 E11.27281
G1 X43.229 Y23.172 E11.29034
G1 X42.588 Y23.274 E11.32156
G1 X40.658 Y23.274 E11.41439
G1 X40.026 Y23.18 E11.44512
G1 X39.422 Y22.895 E11.47724
G1 X38.929 Y22.444 E11.50938
G1 X38.775 Y22.183 E11.52396
G1 X38.591 Y21.828 F7200
G1 E9.52396 F2400
G92 E0
G1 Z3.25 F7200
G1 X33.103 Y19.166
G1 Z1.25
G1 E2 F2400
;TYPE:Perimeter
G1 F1200
G1 X33.12 Y19.067 E2.00483
G1 X33.314 Y18.535 E2.03207
G1 X33.414 Y18.361 E2.04172
G1 X33.779 Y17.927 E2.06899
G1 X33.997 Y17.76 E2.0822
G1 X34.454 Y17.498 E2.10754
G1 X35.059 Y17.362 E2.13736
G1 X35.586 Y17.364 E2.16271
G1 X36.119 Y17.514 E2.18934
G1 X36.61 Y17.797 E2.2166
G1 X36.764 Y17.927 E2.22629
G1 X37.128 Y18.361 E2.25353
G1 X37.228 Y18.535 E2.26318
G1 X37.422 Y19.067 E2.29042
G1 X37.457 Y19.265 E2.30009
G1 X37.457 Y19.832 E2.32736
G1 X37.422 Y20.03 E2.33703
G1 X37.228 Y20.563 E2.36431
G1 X37.072 Y20.803 E2.37808
G1 X36.647 Y21.277 E2.4087
G1 X36.119 Y21.584 E2.43808
G1 X35.93 Y21.652 E2.44774
G1 X35.371 Y21.751 E2.47504
G1 X35.171 Y21.751 E2.48466
G1 X34.612 Y21.652 E2.51196
G1 X34.424 Y21.584 E2.52158
G1 X33.933 Y21.3 E2.54886
G1 X33.779 Y21.171 E2.55852
G1 X33.414 Y20.737 E2.58579
G1 X33.314 Y20.563 E2.59544
G1 X33.12 Y20.03 E2.62272
G1 X33.085 Y19.832 E2.63239
G1 X33.085 Y19.265 E2.65966
G1 X33.092 Y19.225 E2.66161
G1 X33.482 Y19.233 F7200
;TYPE:External perimeter
G1 F1200
G1 X33.676 Y18.667 E2.69039
G1 X34.047 Y18.207 E2.71881
G1 X34.518 Y17.905 E2.74572
G1 X34.677 Y17.825 E2.75428
G1 X35.174 Y17.732 E2.7786
G1 X35.604 Y17.755 E2.79931
G1 X35.926 Y17.848 E2.81543
G1 X36.417 Y18.131 E2.84269
G1 X36.833 Y18.609 E2.87317
G1 X37.06 Y19.199 E2.90357
G1 X37.072 Y19.832 E2.93402
G1 X36.866 Y20.431 E2.96449
G1 X36.468 Y20.923 E2.99493
G1 X35.926 Y21.25 E3.02538
G1 X35.238 Y21.371 E3.05898
G1 X34.679 Y21.273 E3.08628
G1 X34.126 Y20.966 E3.1167
G1 X33.71 Y20.489 E3.14714
G1 X33.483 Y19.898 E3.17759
G1 X33.471 Y19.291 E3.20679
G1 X33.594 Y18.91 F7200
G1 E1.20679 F2400
G92 E0
G1 Z3.25 F7200
G1 X-2.047 Y.225
G1 Z1.25
G1 E2 F2400
;TYPE:Perimeter
G1 F3600
G1 X-1.915 Y.194 E2.00652
G1 X-1.537 Y.156 E2.02479
G1 X-.909 Y.212 E2.05511
G1 X-.619 Y.285 E2.06949
G1 X.03 Y.56 E2.10339
G1 X17.608 Y11.503 E3.09927
G1 X18.069 Y11.863 E3.1274
G1 X18.471 Y12.341 E3.15744
G1 X18.752 Y12.835 E3.18477
G1 X18.931 Y13.353 E3.21113
G1 X19.011 Y13.986 E3.24182
G1 X18.981 Y14.468 E3.26505
G1 X18.874 Y14.94 E3.28833
G1 X18.62 Y15.513 E3.31848
G1 X18.441 Y15.8 E3.33475
G1 X18.126 Y16.167 E3.35801
G1 X17.757 Y16.479 E3.38125
G1 X17.312 Y16.739 E3.40604
G1 X16.826 Y16.921 E3.431
G1 X16.094 Y17.038 E3.46665
G1 X-19.904 Y17.024 E5.19803
G1 X-20.465 Y16.969 E5.22514
G1 X-20.935 Y16.838 E5.24861
G1 X-21.377 Y16.633 E5.27204
G1 X-21.78 Y16.359 E5.29548
G1 X-22.134 Y16.024 E5.31892
G1 X-22.428 Y15.635 E5.34237
G1 X-22.655 Y15.204 E5.3658
G1 X-22.809 Y14.742 E5.38922
G1 X-22.886 Y14.26 E5.4127
G1 X-22.884 Y13.773 E5.43612
G1 X-22.804 Y13.292 E5.45957
G1 X-22.646 Y12.831 E5.48301
G1 X-22.415 Y12.402 E5.50644
G1 X-22.118 Y12.016 E5.52986
G1 X-21.762 Y11.683 E5.55331
G1 X-21.427 Y11.45 E5.57294
G1 X-3.012 Y.564 E6.60182
G1 X-2.552 Y.343 E6.62637
G1 X-2.105 Y.238 E6.64845
G1 X-1.968 Y.601 F7200
G1 F3600
G1 X-1.751 Y.552 E6.65915
G1 X-.995 Y.592 E6.69556
G1 X-.769 Y.64 E6.70667
G1 X-.148 Y.903 E6.73911
G1 X17.402 Y11.828 E7.73339
G1 X17.784 Y12.123 E7.7566
G1 X18.136 Y12.532 E7.78255
G1 X18.417 Y13.025 E7.80984
G1 X18.581 Y13.553 E7.83643
G1 X18.626 Y13.972 E7.8567
G1 X18.603 Y14.393 E7.87698
G1 X18.513 Y14.804 E7.89722
G1 X18.286 Y15.321 E7.92438
G1 X17.935 Y15.811 E7.95337
G1 X17.551 Y16.153 E7.9781
G1 X17.172 Y16.38 E7.99935
G1 X16.678 Y16.559 E8.02462
G1 X16.061 Y16.652 E8.05463
G1 X-19.903 Y16.639 E9.78437
G1 X-20.372 Y16.595 E9.80703
G1 X-20.782 Y16.484 E9.82746
G1 X-21.169 Y16.309 E9.84789
G1 X-21.522 Y16.073 E9.86831
G1 X-21.832 Y15.783 E9.88873
G1 X-22.091 Y15.446 E9.90917
G1 X-22.292 Y15.072 E9.92959
G1 X-22.43 Y14.671 E9.94999
G1 X-22.501 Y14.252 E9.97043
G1 X-22.503 Y13.827 E9.99087
G1 X-22.436 Y13.408 E10.01128
G1 X-22.301 Y13.005 E10.03172
G1 X-22.103 Y12.629 E10.05216
G1 X-21.847 Y12.29 E10.07259
G1 X-21.539 Y11.997 E10.09304
G1 X-21.231 Y11.782 E10.11111
G1 X-2.816 Y.896 E11.13999
G1 X-2.366 Y.691 E11.16377
G1 X-2.027 Y.614 E11.18049
G1 X-1.89 Y.978 F7200
;TYPE:External perimeter
G1 F1800
G1 X-1.666 Y.928 E11.19153
G1 X-1.03 Y.976 E11.22221
G1 X-.33 Y1.244 E11.25826
G1 X17.196 Y12.154 E12.25118
G1 X17.498 Y12.382 E12.26938
G1 X17.801 Y12.722 E12.29128
G1 X18.082 Y13.216 E12.31861
G1 X18.198 Y13.602 E12.338
G1 X18.24 Y13.958 E12.35524
G1 X18.225 Y14.317 E12.37252
G1 X18.152 Y14.668 E12.38976
G1 X17.951 Y15.129 E12.41395
G1 X17.636 Y15.568 E12.43994
G1 X17.344 Y15.827 E12.45871
G1 X17.033 Y16.02 E12.47631
G1 X16.607 Y16.18 E12.4982
G1 X16.032 Y16.267 E12.52617
G1 X-19.903 Y16.253 E14.25452
G1 X-20.278 Y16.221 E14.27262
G1 X-20.629 Y16.13 E14.29006
G1 X-20.96 Y15.984 E14.30746
G1 X-21.264 Y15.787 E14.32488
G1 X-21.531 Y15.542 E14.34231
G1 X-21.755 Y15.258 E14.35971
G1 X-21.93 Y14.941 E14.37713
G1 X-22.051 Y14.599 E14.39458
G1 X-22.115 Y14.243 E14.41198
G1 X-22.121 Y13.881 E14.42939
G1 X-22.068 Y13.523 E14.4468
G1 X-21.957 Y13.178 E14.46423
G1 X-21.792 Y12.856 E14.48163
G1 X-21.576 Y12.565 E14.49906
G1 X-21.317 Y12.312 E14.51647
G1 X-21.035 Y12.114 E14.53304
G1 X-2.62 Y1.228 E15.56192
G1 X-2.281 Y1.067 E15.57997
G1 X-1.948 Y.992 E15.59639
G1 X-1.551 Y.947 F7200
G1 E13.59639 F2400
G92 E0
G1 Z3.25 F7200
G1 X-36.763 Y12.286
G1 Z1.25
G1 E2 F2400
;TYPE:Perimeter
G1 F3600
G1 X-36.916 Y12.099 E2.01162
G1 X-37.215 Y11.535 E2.04232
G1 X-37.368 Y11.013 E2.06848
G1 X-37.422 Y10.524 E2.09214
G1 X-38.166 Y-17.746 E3.4523
G1 X-38.079 Y-18.511 E3.48933
G1 X-37.997 Y-18.794 E3.5035
G1 X-37.735 Y-19.359 E3.53345
G1 X-37.425 Y-19.794 E3.55914
G1 X-36.782 Y-20.34 E3.59971
G1 X-36.504 Y-20.495 E3.61502
G1 X-35.944 Y-20.71 E3.64387
G1 X-35.542 Y-20.779 E3.66349
G1 X-35.034 Y-20.809 E3.68797
G1 X-34.504 Y-20.743 E3.71366
G1 X-33.876 Y-20.503 E3.746
G1 X-33.431 Y-20.27 E3.77016
G1 X-10.081 Y-5.734 E5.09305
G1 X-9.684 Y-5.428 E5.11716
G1 X-9.186 Y-4.856 E5.15364
G1 X-8.926 Y-4.39 E5.17931
G1 X-8.739 Y-3.797 E5.20922
G1 X-8.681 Y-3.33 E5.23185
G1 X-8.697 Y-2.86 E5.25447
G1 X-8.786 Y-2.398 E5.2771
G1 X-8.947 Y-1.956 E5.29973
G1 X-9.175 Y-1.544 E5.32238
G1 X-9.464 Y-1.173 E5.345
G1 X-9.808 Y-.852 E5.36763
G1 X-10.131 Y-.626 E5.38659
G1 X-32.887 Y13.015 E6.66266
G1 X-33.389 Y13.253 E6.68938
G1 X-33.851 Y13.382 E6.71245
G1 X-34.327 Y13.437 E6.7355
G1 X-34.806 Y13.414 E6.75856
G1 X-35.276 Y13.315 E6.78166
G1 X-35.724 Y13.142 E6.80476
G1 X-36.137 Y12.901 E6.82776
G1 X-36.508 Y12.597 E6.85083
G1 X-36.725 Y12.332 E6.8673
G1 X-36.461 Y12.048 F7200
G1 F3600
G1 X-36.595 Y11.885 E6.87745
G1 X-36.864 Y11.375 E6.90518
G1 X-36.999 Y10.883 E6.92972
G1 X-37.036 Y10.514 E6.94756
G1 X-37.78 Y-17.756 E8.30772
G1 X-37.696 Y-18.462 E8.34192
G1 X-37.385 Y-19.196 E8.38026
G1 X-37.04 Y-19.641 E8.40734
G1 X-36.541 Y-20.039 E8.43804
G1 X-35.806 Y-20.35 E8.47643
G1 X-35.012 Y-20.424 E8.51478
G1 X-34.485 Y-20.342 E8.54043
G1 X-33.871 Y-20.082 E8.5725
G1 X-33.357 Y-19.77 E8.60142
G1 X-10.287 Y-5.409 E9.90843
G1 X-9.835 Y-5.038 E9.93655
G1 X-9.484 Y-4.611 E9.96314
G1 X-9.237 Y-4.133 E9.98902
G1 X-9.12 Y-3.74 E10.00874
G1 X-9.067 Y-3.333 E10.02848
G1 X-9.077 Y-2.924 E10.04816
G1 X-9.152 Y-2.52 E10.06792
G1 X-9.289 Y-2.134 E10.08762
G1 X-9.484 Y-1.774 E10.10731
G1 X-9.734 Y-1.449 E10.12703
G1 X-10.032 Y-1.167 E10.14676
G1 X-10.329 Y-.957 E10.16425
G1 X-33.085 Y12.684 E11.44032
G1 X-33.503 Y12.884 E11.46261
G1 X-33.904 Y13 E11.48269
G1 X-34.319 Y13.051 E11.5028
G1 X-34.737 Y13.035 E11.52292
G1 X-35.146 Y12.952 E11.54299
G1 X-35.538 Y12.804 E11.56314
G1 X-35.9 Y12.597 E11.5832
G1 X-36.225 Y12.334 E11.60331
G1 X-36.423 Y12.095 E11.61824
G1 X-36.159 Y11.81 F7200
;TYPE:External perimeter
G1 F1800
G1 X-36.274 Y11.672 E11.62688
G1 X-36.513 Y11.215 E11.65168
G1 X-36.615 Y10.842 E11.67028
G1 X-36.651 Y10.504 E11.68663
G1 X-37.395 Y-17.766 E13.04679
G1 X-37.314 Y-18.413 E13.07815
G1 X-37.035 Y-19.034 E13.11089
G1 X-36.787 Y-19.349 E13.13017
G1 X-36.301 Y-19.738 E13.16011
G1 X-35.668 Y-19.99 E13.19288
G1 X-34.989 Y-20.039 E13.22562
G1 X-34.594 Y-19.971 E13.2449
G1 X-34.022 Y-19.727 E13.27481
G1 X-10.494 Y-5.083 E14.60771
G1 X-10.133 Y-4.794 E14.62995
G1 X-9.782 Y-4.367 E14.65654
G1 X-9.605 Y-4.017 E14.6754
G1 X-9.502 Y-3.683 E14.69221
G1 X-9.454 Y-3.088 E14.72092
G1 X-9.517 Y-2.643 E14.74254
G1 X-9.631 Y-2.312 E14.75938
G1 X-9.794 Y-2.003 E14.77618
G1 X-10.004 Y-1.724 E14.79298
G1 X-10.255 Y-1.481 E14.80978
G1 X-10.527 Y-1.288 E14.82582
G1 X-33.284 Y12.353 E16.10193
G1 X-33.616 Y12.516 E16.11972
G1 X-33.958 Y12.619 E16.1369
G1 X-34.311 Y12.666 E16.15403
G1 X-34.667 Y12.655 E16.17116
G1 X-35.017 Y12.589 E16.18829
G1 X-35.353 Y12.466 E16.2055
G1 X-35.663 Y12.293 E16.22257
G1 X-35.942 Y12.072 E16.23969
G1 X-36.121 Y11.857 E16.25315
G1 X-36.344 Y11.525 F7200
G1 E14.25315 F2400
G92 E0
G1 Z3.25 F7200
G1 X-38.029 Y17.571
G1 Z1.25
G1 E2 F2400
;TYPE:Perimeter
G1 F1200
G1 X-37.901 Y17.679 E2.00805
G1 X-37.537 Y18.113 E2.03529
G1 X-37.369 Y18.403 E2.05141
G1 X-37.175 Y18.936 E2.07869
G1 X-37.117 Y19.265 E2.09476
G1 X-37.117 Y19.832 E2.12203
G1 X-37.175 Y20.162 E2.13815
G1 X-37.369 Y20.695 E2.16543
G1 X-37.537 Y20.985 E2.18155
G1 X-37.901 Y21.419 E2.20879
G1 X-38.158 Y21.634 E2.22491
G1 X-38.648 Y21.918 E2.25215
G1 X-38.963 Y22.032 E2.26826
G1 X-39.522 Y22.131 E2.29556
G1 X-39.856 Y22.13 E2.31162
G1 X-40.414 Y22.032 E2.33887
G1 X-40.729 Y21.918 E2.35498
G1 X-41.22 Y21.634 E2.38226
G1 X-41.841 Y20.985 E2.42546
G1 X-42.008 Y20.695 E2.44156
G1 X-42.202 Y20.162 E2.46884
G1 X-42.26 Y19.832 E2.48496
G1 X-42.26 Y19.265 E2.51223
G1 X-42.202 Y18.936 E2.5283
G1 X-42.008 Y18.403 E2.55558
G1 X-41.841 Y18.113 E2.57168
G1 X-41.477 Y17.679 E2.59892
G1 X-41.22 Y17.463 E2.61507
G1 X-40.729 Y17.18 E2.64233
G1 X-40.425 Y17.067 E2.65793
G1 X-39.928 Y16.974 E2.68225
G1 X-39.352 Y16.979 E2.70995
G1 X-38.809 Y17.106 E2.73677
G1 X-38.158 Y17.463 E2.77248
G1 X-38.075 Y17.532 E2.77767
G1 X-38.279 Y17.869 F7200
G1 F1200
G1 X-38.044 Y18.108 E2.79379
G1 X-37.743 Y18.506 E2.81779
G1 X-37.543 Y19.053 E2.8458
G1 X-37.503 Y19.434 E2.86423
G1 X-37.521 Y19.977 E2.89036
G1 X-37.732 Y20.563 E2.92032
G1 X-37.832 Y20.737 E2.92997
G1 X-38.196 Y21.171 E2.95721
G1 X-38.35 Y21.3 E2.96687
G1 X-38.841 Y21.584 E2.99415
G1 X-39.03 Y21.652 E3.00381
G1 X-39.589 Y21.751 E3.03111
G1 X-39.789 Y21.751 E3.04073
G1 X-40.348 Y21.652 E3.06803
G1 X-40.668 Y21.508 E3.08491
G1 X-41.073 Y21.271 E3.10748
G1 X-41.545 Y20.737 E3.14176
G1 X-41.717 Y20.368 E3.16134
G1 X-41.875 Y19.847 E3.18753
G1 X-41.875 Y19.265 E3.21552
G1 X-41.84 Y19.067 E3.22519
G1 X-41.646 Y18.535 E3.25243
G1 X-41.545 Y18.361 E3.26211
G1 X-41.181 Y17.927 E3.28935
G1 X-41.027 Y17.797 E3.29904
G1 X-40.536 Y17.514 E3.3263
G1 X-39.857 Y17.353 E3.35986
G1 X-39.341 Y17.366 E3.38469
G1 X-38.841 Y17.514 E3.40977
G1 X-38.35 Y17.797 E3.43703
G1 X-38.321 Y17.827 E3.43904
G1 X-38.521 Y18.157 F7200
;TYPE:External perimeter
G1 F1200
G1 X-38.13 Y18.605 E3.46764
G1 X-37.905 Y19.185 E3.49756
G1 X-37.888 Y19.758 E3.52513
G1 X-37.9 Y19.898 E3.53189
G1 X-38.094 Y20.431 E3.55917
G1 X-38.492 Y20.923 E3.58961
G1 X-39.034 Y21.25 E3.62006
G1 X-39.655 Y21.371 E3.65049
G1 X-40.281 Y21.273 E3.68097
G1 X-40.834 Y20.966 E3.71139
G1 X-41.25 Y20.489 E3.74183
G1 X-41.489 Y19.832 E3.77546
G1 X-41.489 Y19.265 E3.80273
G1 X-41.284 Y18.667 E3.83313
G1 X-40.886 Y18.174 E3.8636
G1 X-40.343 Y17.848 E3.89406
G1 X-39.786 Y17.732 E3.92142
G1 X-39.356 Y17.755 E3.94213
G1 X-39.034 Y17.848 E3.95825
G1 X-38.565 Y18.118 E3.98428
G1 X-38.297 Y18.415 F7200
G1 E1.98428 F2400
G92 E0
G1 Z3.25 F7200
G1 X-43.702 Y20.812
G1 Z1.25
G1 E2 F2400
;TYPE:Perimeter
G1 F3600
G1 X-43.718 Y20.965 E2.0074
G1 X-43.831 Y21.333 E2.02592
G1 X-44.136 Y21.823 E2.05368
G1 X-44.35 Y22.043 E2.06844
G1 X-44.742 Y22.319 E2.0915
G1 X-45.378 Y22.532 E2.12376
G1 X-51.928 Y22.545 E2.43879
G1 X-52.438 Y22.471 E2.46358
G1 X-52.93 Y22.276 E2.48903
G1 X-53.339 Y21.951 E2.51416
G1 X-53.554 Y21.694 E2.53028
G1 X-53.82 Y21.185 E2.5579
G1 X-53.925 Y20.55 E2.58886
G1 X-53.925 Y-22.753 E4.67158
G1 X-53.851 Y-23.26 E4.69622
G1 X-53.626 Y-23.8 E4.72436
G1 X-53.246 Y-24.251 E4.75272
G1 X-52.764 Y-24.556 E4.78015
G1 X-52.45 Y-24.671 E4.79623
G1 X-51.93 Y-24.747 E4.82151
G1 X-46.803 Y-24.747 E5.0681
G1 X-46.303 Y-24.676 E5.09239
G1 X-45.736 Y-24.435 E5.12202
G1 X-45.29 Y-24.053 E5.15026
G1 X-45.015 Y-23.621 E5.17489
G1 X-44.896 Y-23.314 E5.19073
G1 X-44.808 Y-22.805 E5.21557
G1 X-43.669 Y20.498 E7.29901
G1 X-43.696 Y20.752 E7.3113
G1 X-44.079 Y20.762 F7200
G1 F3600
G1 X-44.088 Y20.853 E7.3157
G1 X-44.258 Y21.326 E7.33987
G1 X-44.58 Y21.733 E7.36483
G1 X-45.007 Y22.014 E7.38942
G1 X-45.5 Y22.147 E7.41398
G1 X-51.93 Y22.159 E7.72324
G1 X-52.306 Y22.109 E7.74148
G1 X-52.736 Y21.943 E7.76365
G1 X-53.165 Y21.581 E7.79065
G1 X-53.427 Y21.137 E7.81545
G1 X-53.539 Y20.55 E7.84419
G1 X-53.539 Y-22.753 E9.92691
G1 X-53.489 Y-23.128 E9.94511
G1 X-53.305 Y-23.587 E9.96889
G1 X-52.936 Y-24.007 E9.99578
G1 X-52.449 Y-24.275 E10.02252
G1 X-51.93 Y-24.362 E10.04783
G1 X-46.803 Y-24.362 E10.29442
G1 X-46.433 Y-24.313 E10.31237
G1 X-45.96 Y-24.121 E10.33692
G1 X-45.581 Y-23.799 E10.36084
G1 X-45.292 Y-23.307 E10.38828
G1 X-45.195 Y-22.815 E10.4124
G1 X-44.054 Y20.508 E12.49681
G1 X-44.073 Y20.702 E12.50619
G1 X-44.455 Y20.711 F7200
;TYPE:External perimeter
G1 F1800
G1 X-44.457 Y20.742 E12.50768
G1 X-44.579 Y21.111 E12.52637
G1 X-44.81 Y21.424 E12.54508
G1 X-45.128 Y21.648 E12.56379
G1 X-45.501 Y21.761 E12.58254
G1 X-51.93 Y21.774 E12.89175
G1 X-52.174 Y21.747 E12.90356
G1 X-52.569 Y21.59 E12.924
G1 X-52.887 Y21.309 E12.94441
G1 X-53.089 Y20.935 E12.96485
G1 X-53.154 Y20.55 E12.98363
G1 X-53.154 Y-22.753 E15.06635
G1 X-53.127 Y-22.996 E15.07811
G1 X-52.97 Y-23.391 E15.09855
G1 X-52.689 Y-23.709 E15.11896
G1 X-52.315 Y-23.911 E15.1394
G1 X-51.93 Y-23.976 E15.15818
G1 X-46.803 Y-23.976 E15.40477
G1 X-46.45 Y-23.91 E15.42204
G1 X-46.174 Y-23.799 E15.43635
G1 X-45.839 Y-23.494 E15.45814
G1 X-45.652 Y-23.162 E15.47647
G1 X-45.579 Y-22.785 E15.49494
G1 X-44.44 Y20.518 E17.57838
G1 X-44.45 Y20.651 E17.58479
G1 X-44.557 Y21.037 F7200
G1 E15.58479 F2400
G92 E0
G1 Z3.25 F7200
G1 X-38.542 Y-27.832
G1 Z1.25
G1 E2 F2400
;TYPE:Perimeter
G1 F1200
G1 X-38.639 Y-27.565 E2.01366
G1 X-38.807 Y-27.275 E2.02978
G1 X-39.171 Y-26.841 E2.05702
G1 X-39.447 Y-26.614 E2.07421
G1 X-39.918 Y-26.342 E2.10037
G1 X-40.233 Y-26.228 E2.11648
G1 X-40.791 Y-26.13 E2.14373
G1 X-41.126 Y-26.13 E2.15984
G1 X-41.684 Y-26.228 E2.18709
G1 X-41.999 Y-26.342 E2.2032
G1 X-42.49 Y-26.626 E2.23048
G1 X-42.759 Y-26.856 E2.2475
G1 X-43.111 Y-27.275 E2.27382
G1 X-43.278 Y-27.565 E2.28992
G1 X-43.472 Y-28.098 E2.3172
G1 X-43.53 Y-28.428 E2.33332
G1 X-43.53 Y-28.995 E2.36059
G1 X-43.472 Y-29.324 E2.37666
G1 X-43.278 Y-29.857 E2.40394
G1 X-43.111 Y-30.147 E2.42004
G1 X-42.747 Y-30.581 E2.44728
G1 X-42.49 Y-30.797 E2.46343
G1 X-41.999 Y-31.08 E2.49069
G1 X-41.695 Y-31.193 E2.50629
G1 X-41.198 Y-31.286 E2.53061
G1 X-40.622 Y-31.281 E2.55831
G1 X-40.151 Y-31.176 E2.58152
G1 X-39.428 Y-30.797 E2.62078
G1 X-39.171 Y-30.581 E2.63693
G1 X-38.807 Y-30.147 E2.66417
G1 X-38.639 Y-29.857 E2.68029
G1 X-38.445 Y-29.324 E2.70757
G1 X-38.387 Y-28.995 E2.72364
G1 X-38.387 Y-28.428 E2.75091
G1 X-38.445 Y-28.098 E2.76703
G1 X-38.522 Y-27.888 E2.77779
G1 X-38.905 Y-27.964 F7200
G1 F1200
G1 X-39.002 Y-27.697 E2.79145
G1 X-39.175 Y-27.436 E2.80651
G1 X-39.507 Y-27.045 E2.83118
G1 X-40.111 Y-26.676 E2.86522
G1 X-40.3 Y-26.608 E2.87488
G1 X-40.858 Y-26.509 E2.90214
G1 X-41.059 Y-26.509 E2.91181
G1 X-41.617 Y-26.608 E2.93907
G1 X-42.024 Y-26.802 E2.96076
G1 X-42.45 Y-27.088 E2.98544
G1 X-42.815 Y-27.523 E3.01275
G1 X-42.957 Y-27.81 E3.02815
G1 X-43.13 Y-28.3 E3.05314
G1 X-43.145 Y-28.995 E3.08657
G1 X-43.11 Y-29.193 E3.09624
G1 X-42.916 Y-29.725 E3.12348
G1 X-42.815 Y-29.899 E3.13316
G1 X-42.451 Y-30.333 E3.1604
G1 X-42.297 Y-30.463 E3.17009
G1 X-41.806 Y-30.746 E3.19735
G1 X-41.127 Y-30.907 E3.23091
G1 X-40.526 Y-30.878 E3.25985
G1 X-40.111 Y-30.746 E3.2808
G1 X-39.62 Y-30.463 E3.30806
G1 X-39.466 Y-30.333 E3.31775
G1 X-39.102 Y-29.899 E3.34499
G1 X-39.002 Y-29.725 E3.35464
G1 X-38.808 Y-29.193 E3.38188
G1 X-38.773 Y-28.995 E3.39155
G1 X-38.773 Y-28.428 E3.41882
G1 X-38.808 Y-28.23 E3.42849
G1 X-38.884 Y-28.02 E3.43923
G1 X-39.272 Y-28.097 F7200
;TYPE:External perimeter
G1 F1200
G1 X-39.364 Y-27.829 E3.45286
G1 X-39.762 Y-27.337 E3.4833
G1 X-40.304 Y-27.01 E3.51375
G1 X-40.925 Y-26.889 E3.54418
G1 X-41.517 Y-26.982 E3.573
G1 X-42.104 Y-27.294 E3.60497
G1 X-42.52 Y-27.771 E3.63541
G1 X-42.747 Y-28.362 E3.66586
G1 X-42.759 Y-28.995 E3.69631
G1 X-42.554 Y-29.593 E3.72671
G1 X-42.156 Y-30.086 E3.75718
G1 X-41.613 Y-30.412 E3.78764
G1 X-41.056 Y-30.528 E3.815
G1 X-40.626 Y-30.505 E3.83571
G1 X-40.304 Y-30.412 E3.85183
G1 X-39.813 Y-30.129 E3.87909
G1 X-39.397 Y-29.651 E3.90957
G1 X-39.17 Y-29.061 E3.93997
G1 X-39.158 Y-28.428 E3.97042
G1 X-39.252 Y-28.154 E3.98435
G1 X-39.415 Y-27.789 F7200
G1 E1.98435 F2400
G92 E0
G1 Z3.25 F7200
G1 X54.075 Y-34.255
G1 Z1.25
G1 E2 F2400
;TYPE:Perimeter
G1 F3600
G1 X54.075 Y28.753 E5.03047
G1 X-63.933 Y28.753 E10.70624
G1 X-63.933 Y-34.255 E13.73671
G1 X54.015 Y-34.255 E19.4096
G1 X54.461 Y-34.641 F7200
G1 F3600
G1 X54.461 Y29.138 E22.47715
G1 X-64.318 Y29.138 E28.19001
G1 X-64.318 Y-34.641 E31.25756
G1 X54.401 Y-34.641 E36.96753
G1 X54.846 Y-35.026 F7200
;TYPE:External perimeter
G1 F1800
G1 X54.846 Y29.524 E40.07216
G1 X-64.704 Y29.524 E45.8221
G1 X-64.704 Y-35.026 E48.92673
G1 X54.786 Y-35.026 E54.67378
G1 X54.846 Y-34.631 F7200
G1 E52.67378 F2400
G92 E0
G1 Z3.25 F7200
G1 X-63.539 Y-33.935
G1 Z1.25
G1 E2 F2400
;TYPE:Solid infill
;WIDTH:0.543559
G1 F1500
G1 X-63.581 Y-33.977 E2.00355
G1 X-63.639 Y-33.961 E2.00715
G1 X-63.654 Y-33.904 E2.01067
G1 X-63.612 Y-33.861 E2.01426
G1 X-63.554 Y-33.877 E2.01786
;WIDTH:0.45
G1 X-63.643 Y-33.261 E2.0478
G1 X-62.938 Y-33.966 E2.09575
G1 X-62.393 Y-33.966 E2.12196
G1 X-63.643 Y-32.715 E2.20702
G1 X-63.643 Y-32.17 E2.23323
G1 X-61.848 Y-33.966 E2.35536
G1 X-61.302 Y-33.966 E2.38162
G1 X-63.643 Y-31.625 E2.54085
G1 X-63.643 Y-31.079 E2.56711
G1 X-60.757 Y-33.966 E2.76345
G1 X-60.212 Y-33.966 E2.78966
G1 X-63.643 Y-30.534 E3.02307
G1 X-63.643 Y-29.989 E3.04928
G1 X-59.666 Y-33.966 E3.31979
G1 X-59.121 Y-33.966 E3.346
G1 X-63.643 Y-29.443 E3.65361
G1 X-63.643 Y-28.898 E3.67982
G1 X-58.575 Y-33.966 E4.02454
G1 X-58.03 Y-33.966 E4.05075
G1 X-63.643 Y-28.353 E4.43254
G1 X-63.643 Y-27.807 E4.4588
G1 X-57.485 Y-33.966 E4.87769
G1 X-56.939 Y-33.966 E4.90395
G1 X-63.643 Y-27.262 E5.35995
G1 X-63.643 Y-26.717 E5.38616
G1 X-56.394 Y-33.966 E5.87923
G1 X-55.849 Y-33.966 E5.90544
G1 X-63.643 Y-26.171 E6.43561
G1 X-63.643 Y-25.626 E6.46182
G1 X-55.303 Y-33.966 E7.0291
G1 X-54.758 Y-33.966 E7.05531
G1 X-63.643 Y-25.081 E7.65966
G1 X-63.643 Y-24.535 E7.68592
G1 X-54.213 Y-33.966 E8.32737
G1 X-53.667 Y-33.966 E8.35363
G1 X-63.643 Y-23.99 E9.03219
G1 X-63.643 Y-23.444 E9.05845
G1 X-53.122 Y-33.966 E9.77411
G1 X-52.577 Y-33.966 E9.80032
G1 X-63.643 Y-22.899 E10.55305
G1 X-63.643 Y-22.354 E10.57926
G1 X-52.031 Y-33.966 E11.36909
G1 X-51.486 Y-33.966 E11.3953
G1 X-63.643 Y-21.808 E12.22224
G1 X-63.643 Y-21.263 E12.24845
G1 X-50.941 Y-33.966 E13.11246
G1 X-50.395 Y-33.966 E13.13872
G1 X-63.643 Y-20.718 E14.03983
G1 X-63.643 Y-20.172 E14.06609
G1 X-49.85 Y-33.966 E15.00431
G1 X-49.305 Y-33.966 E15.03052
G1 X-63.643 Y-19.627 E16.00581
G1 X-63.643 Y-19.082 E16.03202
G1 X-48.759 Y-33.966 E17.04441
G1 X-48.214 Y-33.966 E17.07062
G1 X-63.643 Y-18.536 E18.12012
G1 X-63.643 Y-17.991 E18.14633
G1 X-47.669 Y-33.966 E19.2329
G1 X-47.123 Y-33.966 E19.25916
G1 X-63.643 Y-17.446 E20.38283
G1 X-63.643 Y-16.9 E20.40909
G1 X-46.578 Y-33.966 E21.56986
G1 X-46.032 Y-33.966 E21.59612
G1 X-63.643 Y-16.355 E22.794
G1 X-63.643 Y-15.81 E22.82021
G1 X-45.487 Y-33.966 E24.05516
G1 X-44.942 Y-33.966 E24.08137
G1 X-63.643 Y-15.264 E25.35342
G1 X-63.726 Y-14.416 F7200
;WIDTH:0.404381
G1 F1500
G1 X-63.767 Y-14.405 E25.35522
G1 X-63.786 Y-14.476 E25.35834
G1 X-63.715 Y-14.457 E25.36146
;WIDTH:0.45
G1 X-63.643 Y-14.719 E25.37453
G1 X-44.396 Y-33.966 E26.68369
G1 X-43.851 Y-33.966 E26.7099
G1 X-53.152 Y-24.665 E27.34254
G1 X-53.425 Y-24.436 E27.35968
;WIDTH:0.406943
G1 X-53.619 Y-24.229 E27.3718
;WIDTH:0.45
G1 X-53.861 Y-23.956 E27.38935
G1 X-63.643 Y-14.174 E28.05471
G1 X-63.643 Y-13.628 E28.08097
G1 X-54.183 Y-23.089 E28.72446
G1 X-53.999 Y-23.331 E28.73908
;WIDTH:0.404381
G1 X-54.04 Y-23.32 E28.74088
G1 X-54.059 Y-23.392 E28.74404
G1 X-53.988 Y-23.373 E28.74716
G1 X-54.21 Y-22.516 F7200
;WIDTH:0.45
G1 F1500
G1 X-63.643 Y-13.083 E29.38878
G1 X-63.643 Y-12.538 E29.41499
G1 X-54.21 Y-21.971 E30.05661
G1 X-54.21 Y-21.426 E30.08282
G1 X-63.643 Y-11.992 E30.72447
G1 X-63.643 Y-11.447 E30.75068
G1 X-54.21 Y-20.88 E31.3923
G1 X-54.21 Y-20.335 E31.41851
G1 X-63.643 Y-10.901 E32.06016
G1 X-63.643 Y-10.356 E32.08637
G1 X-54.21 Y-19.789 E32.72799
G1 X-54.21 Y-19.244 E32.7542
G1 X-63.643 Y-9.811 E33.39582
G1 X-63.643 Y-9.265 E33.42208
G1 X-54.21 Y-18.699 E34.06373
G1 X-54.21 Y-18.153 E34.08999
G1 X-63.643 Y-8.72 E34.73161
G1 X-63.643 Y-8.175 E34.75782
G1 X-54.21 Y-17.608 E35.39944
G1 X-54.21 Y-17.062 E35.4257
G1 X-63.643 Y-7.629 E36.06732
G1 X-63.643 Y-7.084 E36.09353
G1 X-54.21 Y-16.517 E36.73515
G1 X-54.211 Y-15.971 E36.76141
G1 X-63.643 Y-6.539 E37.40296
G1 X-63.643 Y-5.993 E37.42922
G1 X-54.211 Y-15.426 E38.07081
G1 X-54.211 Y-14.881 E38.09702
G1 X-63.643 Y-5.448 E38.73861
G1 X-63.643 Y-4.903 E38.76482
G1 X-54.211 Y-14.335 E39.40637
G1 X-54.211 Y-13.79 E39.43258
G1 X-63.643 Y-4.357 E40.07417
G1 X-63.643 Y-3.812 E40.10038
G1 X-54.211 Y-13.244 E40.74193
G1 X-54.211 Y-12.699 E40.76814
G1 X-63.643 Y-3.267 E41.40969
G1 X-63.643 Y-2.721 E41.43595
G1 X-54.211 Y-12.154 E42.07754
G1 X-54.211 Y-11.608 E42.1038
G1 X-63.643 Y-2.176 E42.74535
G1 X-63.643 Y-1.631 E42.77156
G1 X-54.211 Y-11.063 E43.41311
G1 X-54.211 Y-10.517 E43.43937
G1 X-63.643 Y-1.085 E44.08092
G1 X-63.643 Y-.54 E44.10713
G1 X-54.211 Y-9.972 E44.74868
G1 X-54.211 Y-9.427 E44.77489
G1 X-63.643 Y.005 E45.41644
G1 X-63.643 Y.551 E45.4427
G1 X-54.211 Y-8.881 E46.08425
G1 X-54.211 Y-8.336 E46.11046
G1 X-63.643 Y1.096 E46.75201
G1 X-63.643 Y1.642 E46.77827
G1 X-54.211 Y-7.79 E47.41982
G1 X-54.211 Y-7.245 E47.44603
G1 X-63.643 Y2.187 E48.08758
G1 X-63.643 Y2.732 E48.11379
G1 X-54.211 Y-6.7 E48.75534
G1 X-54.212 Y-6.154 E48.7816
G1 X-63.643 Y3.278 E49.42312
G1 X-63.643 Y3.823 E49.44933
G1 X-54.212 Y-5.609 E50.09085
G1 X-54.212 Y-5.063 E50.11711
G1 X-63.643 Y4.368 E50.75859
G1 X-63.643 Y4.914 E50.78485
G1 X-54.212 Y-4.518 E51.42637
G1 X-54.212 Y-3.973 E51.45258
G1 X-63.643 Y5.459 E52.0941
G1 X-63.643 Y6.004 E52.12031
G1 X-54.212 Y-3.427 E52.76179
G1 X-54.212 Y-2.882 E52.788
G1 X-63.643 Y6.55 E53.42952
G1 X-63.643 Y7.095 E53.45573
G1 X-54.212 Y-2.336 E54.09721
G1 X-54.212 Y-1.791 E54.12342
G1 X-63.643 Y7.64 E54.7649
G1 X-63.643 Y8.186 E54.79116
G1 X-54.212 Y-1.246 E55.43268
G1 X-54.212 Y-.7 E55.45894
G1 X-63.643 Y8.731 E56.10042
G1 X-63.643 Y9.276 E56.12663
G1 X-54.212 Y-.155 E56.76811
G1 X-54.212 Y.391 E56.79437
G1 X-63.643 Y9.822 E57.43585
G1 X-63.643 Y10.367 E57.46206
G1 X-54.212 Y.936 E58.10354
G1 X-54.212 Y1.481 E58.12975
G1 X-63.643 Y10.912 E58.77123
G1 X-63.643 Y11.458 E58.79749
G1 X-54.212 Y2.027 E59.43897
G1 X-54.212 Y2.572 E59.46518
G1 X-63.643 Y12.003 E60.10666
G1 X-63.643 Y12.548 E60.13287
G1 X-54.212 Y3.118 E60.77432
G1 X-54.213 Y3.663 E60.80053
G1 X-63.643 Y13.094 E61.44198
G1 X-63.643 Y13.639 E61.46819
G1 X-54.213 Y4.208 E62.10964
G1 X-54.213 Y4.754 E62.1359
G1 X-63.643 Y14.185 E62.77735
G1 X-63.643 Y14.73 E62.80356
G1 X-54.213 Y5.299 E63.44501
G1 X-54.213 Y5.845 E63.47127
G1 X-63.643 Y15.275 E64.11269
G1 X-63.643 Y15.821 E64.13895
G1 X-54.213 Y6.39 E64.7804
G1 X-54.213 Y6.935 E64.80661
G1 X-63.643 Y16.366 E65.44806
G1 X-63.643 Y16.911 E65.47427
G1 X-54.213 Y7.481 E66.11569
G1 X-54.213 Y8.026 E66.1419
G1 X-63.643 Y17.457 E66.78335
G1 X-63.643 Y18.002 E66.80956
G1 X-54.213 Y8.572 E67.45098
G1 X-54.213 Y9.117 E67.47719
G1 X-63.643 Y18.547 E68.11861
G1 X-63.643 Y19.093 E68.14487
G1 X-54.213 Y9.662 E68.78632
G1 X-54.213 Y10.208 E68.81258
G1 X-63.643 Y19.638 E69.454
G1 X-63.643 Y20.183 E69.48021
G1 X-54.213 Y10.753 E70.12163
G1 X-54.213 Y11.299 E70.14789
G1 X-63.643 Y20.729 E70.78931
G1 X-63.643 Y21.274 E70.81552
G1 X-54.213 Y11.844 E71.45694
G1 X-54.213 Y12.389 E71.48315
G1 X-63.643 Y21.819 E72.12457
G1 X-63.643 Y22.365 E72.15083
G1 X-54.213 Y12.935 E72.79225
G1 X-54.214 Y13.48 E72.81846
G1 X-63.643 Y22.91 E73.45984
G1 X-63.643 Y23.455 E73.48605
G1 X-54.214 Y14.026 E74.1274
G1 X-54.214 Y14.571 E74.15361
G1 X-63.643 Y24.001 E74.79499
G1 X-63.643 Y24.546 E74.8212
G1 X-54.214 Y15.116 E75.46258
G1 X-54.214 Y15.662 E75.48884
G1 X-63.643 Y25.091 E76.13019
G1 X-63.643 Y25.637 E76.15645
G1 X-54.214 Y16.207 E76.79783
G1 X-54.214 Y16.753 E76.82409
G1 X-63.643 Y26.182 E77.46544
G1 X-63.643 Y26.728 E77.4917
G1 X-54.214 Y17.298 E78.13308
G1 X-54.214 Y17.843 E78.15929
G1 X-63.643 Y27.273 E78.80067
G1 X-63.643 Y27.818 E78.82688
G1 X-54.214 Y18.389 E79.46823
G1 X-54.214 Y18.934 E79.49444
G1 X-63.643 Y28.364 E80.13582
G1 X-63.72 Y28.57 E80.1464
;WIDTH:0.404381
G1 X-63.791 Y28.551 E80.14952
G1 X-63.772 Y28.622 E80.15264
G1 X-63.731 Y28.611 E80.15444
;WIDTH:0.45
G1 X-63.198 Y28.463 E80.18105
G1 X-54.214 Y19.48 E80.7921
G1 X-54.214 Y20.025 E80.81831
G1 X-62.652 Y28.463 E81.39225
G1 X-62.107 Y28.463 E81.41846
G1 X-54.213 Y20.569 E81.9554
G1 X-54.146 Y21.047 E81.97861
G1 X-61.562 Y28.463 E82.48304
G1 X-61.016 Y28.463 E82.5093
G1 X-54.016 Y21.463 E82.98543
G1 X-53.82 Y21.812 E83.00468
G1 X-60.471 Y28.463 E83.45707
G1 X-59.926 Y28.463 E83.48328
G1 X-53.58 Y22.118 E83.91489
G1 X-53.282 Y22.365 E83.93351
G1 X-59.38 Y28.463 E84.34829
G1 X-58.835 Y28.463 E84.3745
G1 X-52.949 Y22.578 E84.77482
G1 X-52.56 Y22.734 E84.79498
G1 X-58.29 Y28.463 E85.18469
G1 X-57.744 Y28.463 E85.21095
G1 X-52.103 Y22.822 E85.59464
G1 X-51.569 Y22.833 E85.62033
G1 X-57.199 Y28.463 E86.00328
G1 X-56.654 Y28.463 E86.02949
G1 X-51.023 Y22.832 E86.4125
G1 X-50.476 Y22.831 E86.43881
G1 X-56.108 Y28.463 E86.82189
G1 X-55.563 Y28.463 E86.8481
G1 X-49.93 Y22.83 E87.23125
G1 X-49.383 Y22.829 E87.25756
G1 X-55.018 Y28.463 E87.64081
G1 X-54.472 Y28.463 E87.66707
G1 X-48.837 Y22.828 E88.05036
G1 X-48.291 Y22.827 E88.07662
G1 X-53.927 Y28.463 E88.45997
G1 X-53.381 Y28.463 E88.48623
G1 X-47.744 Y22.826 E88.86965
G1 X-47.198 Y22.825 E88.89591
G1 X-52.836 Y28.463 E89.2794
G1 X-52.291 Y28.463 E89.30561
G1 X-46.651 Y22.824 E89.6892
G1 X-46.105 Y22.823 E89.71546
G1 X-51.745 Y28.463 E90.09909
G1 X-51.2 Y28.463 E90.1253
G1 X-45.558 Y22.822 E90.50903
G1 E88.50903 F2400
G92 E0
G1 Z3.25 F7200
G1 X-52.528 Y-24.813
G1 Z1.25
G1 E2 F2400
;WIDTH:0.404381
G1 F1500
G1 X-52.569 Y-24.802 E2.0018
G1 X-52.588 Y-24.873 E2.00492
G1 X-52.517 Y-24.854 E2.00804
;WIDTH:0.45
G1 X-52.285 Y-24.987 E2.0209
G1 X-43.306 Y-33.966 E2.63164
G1 X-42.76 Y-33.966 E2.6579
G1 X-51.689 Y-25.037 E3.26524
G1 X-51.144 Y-25.037 E3.29145
G1 X-42.215 Y-33.966 E3.89879
G1 X-41.67 Y-33.966 E3.925
G1 X-50.599 Y-25.037 E4.53234
G1 X-50.053 Y-25.037 E4.5586
G1 X-41.124 Y-33.966 E5.16594
G1 X-40.579 Y-33.966 E5.19215
G1 X-49.508 Y-25.037 E5.79949
G1 X-48.649 Y-24.935 F7200
;WIDTH:0.404381
G1 F1500
G1 X-48.72 Y-24.954 E5.80261
G1 X-48.701 Y-24.883 E5.80573
G1 X-48.66 Y-24.894 E5.80753
;WIDTH:0.45
G1 X-48.963 Y-25.037 E5.82364
G1 X-40.034 Y-33.966 E6.43098
G1 X-39.488 Y-33.966 E6.45724
G1 X-42.109 Y-31.345 E6.63552
G1 X-42.382 Y-31.138 E6.652
;WIDTH:0.404381
G1 X-42.886 Y-30.709 E6.68007
G1 X-43.381 Y-30.149 E6.71177
;WIDTH:0.45
G1 X-43.578 Y-29.876 E6.72796
G1 X-48.417 Y-25.037 E7.0571
G1 X-47.872 Y-25.037 E7.08331
G1 X-43.809 Y-29.1 E7.35967
G1 X-43.633 Y-29.342 E7.37406
;WIDTH:0.404381
G1 X-43.674 Y-29.331 E7.37586
G1 X-43.693 Y-29.403 E7.37902
G1 X-43.622 Y-29.384 E7.38214
G1 X-43.816 Y-28.547 F7200
;WIDTH:0.45
G1 F1500
G1 X-47.327 Y-25.037 E7.62092
G1 X-46.783 Y-25.035 E7.64708
G1 X-43.758 Y-28.06 E7.85284
G1 X-43.618 Y-27.654 E7.8735
G1 X-46.301 Y-24.972 E8.05596
G1 X-45.899 Y-24.828 E8.0765
G1 X-43.456 Y-27.271 E8.24267
G1 X-42.97 Y-26.658 E8.2803
G1 X-42.641 Y-26.38 E8.30102
G1 X-41.984 Y-26.017 E8.33712
G1 X-44.633 Y-23.368 E8.5173
G1 X-44.728 Y-23.697 E8.53377
G1 X-45.091 Y-24.26 E8.56599
G1 X-45.539 Y-24.643 E8.59434
G1 X-43.355 Y-26.827 E8.74289
G1 X-43.246 Y-26.391 E8.76451
G1 X-42.98 Y-26.156 E8.78158
G1 X-42.62 Y-25.926 E8.80213
G1 X-44.495 Y-24.051 E8.92967
G1 X-44.728 Y-24.422 E8.95074
G1 X-44.97 Y-24.667 E8.9673
G1 X-43.382 Y-26.254 E9.07528
G1 X-43.229 Y-25.862 E9.09552
G1 X-44.426 Y-24.665 E9.17694
G1 X-44.532 Y-22.924 F7200
G1 F1500
G1 X-41.545 Y-25.91 E9.38008
G1 X-41.073 Y-25.837 E9.40305
G1 X-44.509 Y-22.401 E9.63676
G1 X-44.495 Y-21.87 E9.66231
G1 X-40.467 Y-25.898 E9.93629
G1 E7.93629 F2400
G92 E0
G1 Z3.25 F7200
G1 X-41.598 Y-31.366
G1 Z1.25
G1 E2 F2400
;WIDTH:0.404381
G1 F1500
G1 X-41.64 Y-31.355 E2.00184
G1 X-41.659 Y-31.426 E2.00496
G1 X-41.587 Y-31.407 E2.00812
;WIDTH:0.45
G1 X-41.359 Y-31.55 E2.02106
G1 X-38.943 Y-33.966 E2.18539
G1 X-38.574 Y-33.79 E2.20505
G1 X-40.791 Y-31.572 E2.35588
G1 X-40.58 Y-31.566 E2.36603
G1 X-40.091 Y-31.459 E2.39011
G1 X-39.543 Y-31.185 E2.41958
G1 X-36.762 Y-33.966 E2.60874
G1 X-38.534 Y-33.966 E2.69397
G1 X-38.238 Y-33.58 E2.71737
G1 X-37.693 Y-33.58 E2.74358
G1 X-39.616 Y-31.656 E2.87441
G1 X-39.989 Y-31.829 E2.89419
G1 X-38.374 Y-33.444 E3.00404
G1 E1.00404 F2400
G92 E0
G1 Z3.25 F7200
G1 X-36.216 Y-33.966
G1 Z1.25
G1 E2 F2400
G1 F1500
G1 X-39.201 Y-30.981 E2.20304
G1 X-38.913 Y-30.724 E2.22161
G1 X-35.671 Y-33.966 E2.44213
G1 X-35.126 Y-33.966 E2.46834
G1 X-38.664 Y-30.427 E2.70902
G1 X-38.439 Y-30.107 E2.72783
G1 X-34.58 Y-33.966 E2.99031
G1 X-34.035 Y-33.966 E3.01652
G1 X-38.286 Y-29.714 E3.3057
G1 X-38.144 Y-29.311 E3.32625
G1 X-33.489 Y-33.966 E3.64288
G1 X-32.944 Y-33.966 E3.66909
G1 X-38.098 Y-28.812 E4.01966
G1 X-38.238 Y-27.949 F7200
;WIDTH:0.404381
G1 F1500
G1 X-38.279 Y-27.938 E4.02146
G1 X-38.298 Y-28.009 E4.02458
G1 X-38.227 Y-27.99 E4.0277
;WIDTH:0.45
G1 X-38.113 Y-28.252 E4.04144
G1 X-32.399 Y-33.966 E4.4301
G1 X-31.853 Y-33.966 E4.45636
G1 X-38.381 Y-27.438 E4.90039
G1 X-38.59 Y-27.165 E4.91693
;WIDTH:0.404381
G1 X-39.171 Y-26.544 E4.95299
G1 X-39.38 Y-26.377 E4.96433
;WIDTH:0.45
G1 X-39.653 Y-26.166 E4.98093
G1 X-44.481 Y-21.339 E5.30929
G1 X-44.559 Y-21.036 E5.32434
;WIDTH:0.404381
G1 X-44.6 Y-21.025 E5.32614
G1 X-44.62 Y-21.096 E5.32927
G1 X-44.548 Y-21.077 E5.33243
;WIDTH:0.45
G1 X-44.467 Y-20.807 E5.34599
G1 X-31.308 Y-33.966 E6.24105
G1 X-30.763 Y-33.966 E6.26726
G1 X-44.453 Y-20.276 E7.19844
G1 X-44.439 Y-19.744 E7.22404
G1 X-30.217 Y-33.966 E8.1914
G1 X-29.672 Y-33.966 E8.21761
G1 X-44.425 Y-19.213 E9.22109
G1 X-44.411 Y-18.681 E9.24669
G1 X-29.127 Y-33.966 E10.28632
G1 X-28.581 Y-33.966 E10.31258
G1 X-44.397 Y-18.15 E11.38836
G1 X-44.383 Y-17.619 E11.41391
G1 X-28.036 Y-33.966 E12.52581
G1 X-27.491 Y-33.966 E12.55202
G1 X-44.369 Y-17.087 E13.70007
G1 X-44.355 Y-16.556 E13.72562
G1 X-26.945 Y-33.966 E14.90983
G1 X-26.4 Y-33.966 E14.93604
G1 X-44.341 Y-16.024 E16.1564
G1 X-44.327 Y-15.493 E16.18195
G1 X-25.855 Y-33.966 E17.43843
G1 X-25.309 Y-33.966 E17.46469
G1 X-44.313 Y-14.962 E18.75732
G1 X-44.3 Y-14.43 E18.78291
G1 X-24.764 Y-33.966 E20.11172
G1 X-24.219 Y-33.966 E20.13793
G1 X-44.286 Y-13.899 E21.50286
G1 X-44.35 Y-13.065 F7200
;WIDTH:0.404381
G1 F1500
G1 X-44.391 Y-13.054 E21.50466
G1 X-44.41 Y-13.125 E21.50778
G1 X-44.339 Y-13.106 E21.5109
;WIDTH:0.45
G1 X-44.272 Y-13.367 E21.52386
G1 X-23.673 Y-33.966 E22.92498
G1 X-23.128 Y-33.966 E22.95119
G1 X-36.167 Y-20.927 E23.83809
G1 X-36.292 Y-20.734 E23.84915
;WIDTH:0.404381
G1 X-36.44 Y-20.749 E23.85546
G1 X-36.292 Y-20.734 E23.86177
G1 X-35.477 Y-21.072 F7200
;WIDTH:0.45
G1 F1500
G1 X-22.583 Y-33.966 E24.7388
G1 X-22.037 Y-33.966 E24.76506
G1 X-34.905 Y-21.098 E25.64033
G1 X-34.435 Y-21.022 E25.66323
G1 X-21.492 Y-33.966 E26.54363
G1 X-20.946 Y-33.966 E26.56989
G1 X-34.032 Y-20.881 E27.45995
G1 X-33.654 Y-20.712 E27.47986
G1 X-20.401 Y-33.966 E28.38135
G1 X-19.856 Y-33.966 E28.40756
G1 X-33.295 Y-20.526 E29.3217
G1 X-32.959 Y-20.317 E29.34073
G1 X-19.31 Y-33.966 E30.26912
G1 X-18.765 Y-33.966 E30.29533
G1 X-32.623 Y-20.108 E31.23793
G1 X-32.287 Y-19.899 E31.25696
G1 X-18.22 Y-33.966 E32.21378
G1 X-17.674 Y-33.966 E32.24004
G1 X-31.951 Y-19.689 E33.21114
G1 X-31.615 Y-19.48 E33.23017
G1 X-17.129 Y-33.966 E34.21549
G1 X-16.584 Y-33.966 E34.2417
G1 X-31.279 Y-19.271 E35.24124
G1 X-30.942 Y-19.062 E35.26031
G1 X-16.038 Y-33.966 E36.27406
G1 X-15.493 Y-33.966 E36.30027
G1 X-23.252 Y-26.207 E36.82803
G1 X-23.525 Y-26.004 E36.84439
;WIDTH:0.404381
G1 X-23.932 Y-25.684 E36.86635
G1 X-24.303 Y-25.326 E36.88821
G1 X-24.788 Y-24.746 E36.92027
;WIDTH:0.45
G1 X-24.986 Y-24.473 E36.93649
G1 X-30.606 Y-18.853 E37.31876
G1 X-30.27 Y-18.643 E37.33782
G1 X-25.205 Y-23.708 E37.68234
G1 X-25.016 Y-23.948 E37.69703
;WIDTH:0.404381
G1 X-25.057 Y-23.937 E37.69883
G1 X-25.076 Y-24.008 E37.70195
G1 X-25.005 Y-23.989 E37.70507
G1 X-25.237 Y-23.131 F7200
;WIDTH:0.45
G1 F1500
G1 X-29.934 Y-18.434 E38.02455
G1 X-29.598 Y-18.225 E38.04358
G1 X-25.188 Y-22.635 E38.34354
G1 X-25.085 Y-22.192 E38.36542
G1 X-29.262 Y-18.016 E38.6495
G1 X-28.926 Y-17.806 E38.66856
G1 X-24.926 Y-21.806 E38.94064
G1 X-24.739 Y-21.448 E38.96007
G1 X-28.59 Y-17.597 E39.22201
G1 X-28.254 Y-17.388 E39.24104
G1 X-24.508 Y-21.133 E39.4958
G1 X-24.249 Y-20.847 E39.51436
G1 X-27.917 Y-17.179 E39.76385
G1 X-27.581 Y-16.969 E39.78291
G1 X-23.95 Y-20.601 E40.02992
G1 X-23.636 Y-20.369 E40.0487
G1 X-27.245 Y-16.76 E40.29418
G1 X-26.909 Y-16.551 E40.31321
G1 X-23.303 Y-20.157 E40.55849
G1 X-22.969 Y-19.946 E40.57749
G1 X-26.573 Y-16.342 E40.82263
G1 X-26.237 Y-16.132 E40.84169
G1 X-22.635 Y-19.735 E41.08673
G1 X-22.301 Y-19.523 E41.10576
G1 X-25.901 Y-15.923 E41.35063
G1 X-25.565 Y-15.714 E41.36966
G1 X-21.967 Y-19.312 E41.61439
G1 X-21.633 Y-19.1 E41.63342
G1 X-25.229 Y-15.505 E41.87798
G1 X-24.892 Y-15.295 E41.89708
G1 X-21.299 Y-18.889 E42.14151
G1 X-20.965 Y-18.678 E42.16051
G1 X-24.556 Y-15.086 E42.4048
G1 X-24.22 Y-14.877 E42.42383
G1 X-20.631 Y-18.466 E42.66795
G1 X-20.297 Y-18.255 E42.68695
G1 X-23.884 Y-14.668 E42.93093
G1 X-23.548 Y-14.459 E42.94996
G1 X-19.963 Y-18.043 E43.19377
G1 X-19.629 Y-17.832 E43.21277
G1 X-23.212 Y-14.249 E43.45648
G1 X-22.876 Y-14.04 E43.47551
G1 X-19.295 Y-17.621 E43.71909
G1 X-18.961 Y-17.409 E43.73812
G1 X-22.54 Y-13.831 E43.98153
G1 X-22.203 Y-13.622 E44.0006
G1 X-18.627 Y-17.198 E44.24384
G1 X-18.293 Y-16.986 E44.26287
G1 X-21.867 Y-13.412 E44.50597
G1 X-21.531 Y-13.203 E44.525
G1 X-17.959 Y-16.775 E44.76796
G1 X-17.626 Y-16.564 E44.78692
G1 X-21.195 Y-12.994 E45.02971
G1 X-20.859 Y-12.785 E45.04874
G1 X-17.292 Y-16.352 E45.29136
G1 X-16.958 Y-16.141 E45.31036
G1 X-20.523 Y-12.575 E45.55288
G1 X-20.187 Y-12.366 E45.57191
G1 X-16.624 Y-15.929 E45.81426
G1 X-16.29 Y-15.718 E45.83326
G1 X-19.851 Y-12.157 E46.07547
G1 X-19.515 Y-11.948 E46.0945
G1 X-15.956 Y-15.506 E46.33654
G1 X-15.622 Y-15.295 E46.35554
G1 X-19.178 Y-11.738 E46.59745
G1 X-18.842 Y-11.529 E46.61648
G1 X-15.288 Y-15.084 E46.85825
G1 X-14.954 Y-14.872 E46.87728
G1 X-18.506 Y-11.32 E47.11888
G1 X-18.17 Y-11.111 E47.13791
G1 X-14.62 Y-14.661 E47.37938
G1 X-14.286 Y-14.449 E47.39841
G1 X-17.834 Y-10.902 E47.63971
G1 X-17.498 Y-10.692 E47.65877
G1 X-13.952 Y-14.238 E47.89996
G1 X-13.618 Y-14.027 E47.91896
G1 X-17.162 Y-10.483 E48.16002
G1 X-16.826 Y-10.274 E48.17905
G1 X-13.284 Y-13.815 E48.41994
G1 X-12.95 Y-13.604 E48.43894
G1 X-16.49 Y-10.065 E48.67969
G1 X-16.153 Y-9.855 E48.69879
G1 X-12.616 Y-13.392 E48.93937
G1 X-12.283 Y-13.181 E48.95833
G1 X-15.817 Y-9.646 E49.19874
G1 X-15.481 Y-9.437 E49.21777
G1 X-11.949 Y-12.97 E49.45805
G1 X-11.615 Y-12.758 E49.47708
G1 X-15.145 Y-9.228 E49.71719
G1 X-14.809 Y-9.018 E49.73625
G1 X-11.281 Y-12.547 E49.97625
G1 X-10.947 Y-12.335 E49.99528
G1 X-14.473 Y-8.809 E50.23511
G1 X-14.137 Y-8.6 E50.25414
G1 X-10.613 Y-12.124 E50.49384
G1 X-10.279 Y-11.913 E50.51284
G1 X-13.801 Y-8.391 E50.7524
G1 X-13.465 Y-8.181 E50.77146
G1 X-9.945 Y-11.701 E51.01089
G1 X-9.611 Y-11.49 E51.02989
G1 X-13.128 Y-7.972 E51.26915
G1 X-12.792 Y-7.763 E51.28818
G1 X-9.277 Y-11.278 E51.52727
G1 X-8.943 Y-11.067 E51.54627
G1 X-12.456 Y-7.554 E51.78522
G1 X-12.12 Y-7.345 E51.80425
G1 X-8.609 Y-10.856 E52.04306
G1 X-8.275 Y-10.644 E52.06209
G1 X-11.784 Y-7.135 E52.30077
G1 X-11.448 Y-6.926 E52.3198
G1 X-7.941 Y-10.433 E52.55834
G1 X-7.607 Y-10.221 E52.57737
G1 X-11.112 Y-6.717 E52.81574
G1 X-10.776 Y-6.508 E52.83477
G1 X-7.273 Y-10.01 E53.07301
G1 X-6.939 Y-9.798 E53.09204
G1 X-10.44 Y-6.298 E53.33014
G1 X-10.103 Y-6.089 E53.34921
G1 X-6.606 Y-9.587 E53.58711
G1 X-6.272 Y-9.376 E53.60611
G1 X-9.78 Y-5.867 E53.84475
G1 X-9.475 Y-5.626 E53.86345
G1 X-5.938 Y-9.164 E54.10407
G1 X-5.604 Y-8.953 E54.12307
G1 X-9.213 Y-5.344 E54.36855
G1 X-8.967 Y-5.044 E54.38721
G1 X-5.27 Y-8.741 E54.63868
G1 X-4.936 Y-8.53 E54.65768
G1 X-8.761 Y-4.705 E54.91785
G1 X-8.598 Y-4.322 E54.93787
G1 X-4.602 Y-8.319 E55.20971
G1 X-4.268 Y-8.107 E55.22874
G1 X-8.468 Y-3.907 E55.51442
G1 X-8.399 Y-3.431 E55.53755
G1 X-3.934 Y-7.896 E55.84125
G1 X-3.6 Y-7.684 E55.86028
G1 X-8.405 Y-2.879 E56.18711
G1 X-8.734 Y-1.907 F7200
;WIDTH:0.404381
G1 F1500
G1 X-8.753 Y-1.987 E56.1906
G1 X-8.715 Y-2.192 E56.19944
;WIDTH:0.45
G1 X-8.56 Y-2.179 E56.20692
G1 X-3.266 Y-7.473 E56.56701
G1 E54.56701 F2400
G92 E0
G1 Z3.25 F7200
G1 X-22.712 Y-26.256
G1 Z1.25
G1 E2 F2400
;WIDTH:0.404381
G1 F1500
G1 X-22.753 Y-26.245 E2.0018
G1 X-22.772 Y-26.316 E2.00492
G1 X-22.701 Y-26.297 E2.00804
;WIDTH:0.45
G1 X-22.472 Y-26.442 E2.02108
G1 X-14.948 Y-33.966 E2.53285
G1 X-14.402 Y-33.966 E2.55911
G1 X-21.888 Y-26.48 E3.0683
G1 X-21.343 Y-26.48 E3.09451
G1 X-13.857 Y-33.966 E3.6037
G1 X-13.312 Y-33.966 E3.62991
G1 X-20.797 Y-26.48 E4.13906
G1 X-20.252 Y-26.48 E4.16527
G1 X-12.766 Y-33.966 E4.67446
G1 X-12.221 Y-33.966 E4.70067
G1 X-19.706 Y-26.48 E5.20982
G1 X-19.161 Y-26.48 E5.23603
G1 X-11.676 Y-33.966 E5.74518
G1 X-11.13 Y-33.966 E5.77144
G1 X-18.615 Y-26.481 E6.28056
G1 X-18.07 Y-26.481 E6.30677
G1 X-10.585 Y-33.966 E6.81589
G1 X-10.04 Y-33.966 E6.8421
G1 X-17.524 Y-26.481 E7.35119
G1 X-16.979 Y-26.481 E7.3774
G1 X-9.494 Y-33.966 E7.88652
G1 X-8.949 Y-33.966 E7.91273
G1 X-16.433 Y-26.481 E8.42182
G1 X-15.888 Y-26.481 E8.44803
G1 X-8.403 Y-33.966 E8.95715
G1 X-7.858 Y-33.966 E8.98336
G1 X-15.342 Y-26.482 E9.49241
G1 X-14.797 Y-26.482 E9.51862
G1 X-7.313 Y-33.966 E10.02767
G1 X-6.767 Y-33.966 E10.05393
G1 X-14.251 Y-26.482 E10.56298
G1 X-13.706 Y-26.482 E10.58919
G1 X-6.222 Y-33.966 E11.09824
G1 X-5.677 Y-33.966 E11.12445
G1 X-13.16 Y-26.482 E11.63347
G1 X-12.615 Y-26.482 E11.65968
G1 X-5.131 Y-33.966 E12.16873
G1 X-4.586 Y-33.966 E12.19494
G1 X-12.069 Y-26.483 E12.70392
G1 X-11.524 Y-26.483 E12.73013
G1 X-4.041 Y-33.966 E13.23911
G1 X-3.495 Y-33.966 E13.26537
G1 X-10.978 Y-26.483 E13.77435
G1 X-10.433 Y-26.483 E13.80056
G1 X-2.95 Y-33.966 E14.30954
G1 X-2.405 Y-33.966 E14.33575
G1 X-9.887 Y-26.483 E14.8447
G1 X-9.342 Y-26.483 E14.87091
G1 X-1.859 Y-33.966 E15.37989
G1 X-1.314 Y-33.966 E15.4061
G1 X-8.796 Y-26.484 E15.91502
G1 X-8.251 Y-26.484 E15.94123
G1 X-.769 Y-33.966 E16.45015
G1 X-.223 Y-33.966 E16.47641
G1 X-7.705 Y-26.484 E16.98533
G1 X-7.16 Y-26.484 E17.01154
G1 X.322 Y-33.966 E17.52046
G1 X.867 Y-33.966 E17.54667
G1 X-6.614 Y-26.484 E18.05555
G1 X-6.069 Y-26.484 E18.08176
G1 X1.413 Y-33.966 E18.59068
G1 X1.958 Y-33.966 E18.61689
G1 X-5.523 Y-26.484 E19.12577
G1 X-4.978 Y-26.485 E19.15198
G1 X2.503 Y-33.966 E19.66083
G1 X3.049 Y-33.966 E19.68709
G1 X-4.432 Y-26.485 E20.19594
G1 X-3.887 Y-26.485 E20.22215
G1 X3.594 Y-33.966 E20.731
G1 X4.14 Y-33.966 E20.75726
G1 X-3.341 Y-26.485 E21.26611
G1 X-2.796 Y-26.485 E21.29232
G1 X4.685 Y-33.966 E21.80117
G1 X5.23 Y-33.966 E21.82738
G1 X-2.25 Y-26.485 E22.33619
G1 X-1.705 Y-26.486 E22.3624
G1 X5.776 Y-33.966 E22.87121
G1 X6.321 Y-33.966 E22.89742
G1 X-1.159 Y-26.486 E23.4062
G1 X-.614 Y-26.486 E23.43241
G1 X6.866 Y-33.966 E23.94119
G1 X7.412 Y-33.966 E23.96745
G1 X-.068 Y-26.486 E24.47623
G1 X.477 Y-26.486 E24.50244
G1 X7.957 Y-33.966 E25.01122
G1 X8.502 Y-33.966 E25.03743
G1 X1.023 Y-26.486 E25.54618
G1 X1.568 Y-26.487 E25.57239
G1 X9.048 Y-33.966 E26.08114
G1 X9.593 Y-33.966 E26.10735
G1 X2.114 Y-26.487 E26.61606
G1 X2.659 Y-26.487 E26.64227
G1 X10.138 Y-33.966 E27.15098
G1 X10.684 Y-33.966 E27.17724
G1 X3.205 Y-26.487 E27.68595
G1 X3.75 Y-26.487 E27.71216
G1 X11.229 Y-33.966 E28.22087
G1 X11.774 Y-33.966 E28.24708
G1 X4.296 Y-26.487 E28.75576
G1 X4.841 Y-26.488 E28.78197
G1 X12.32 Y-33.966 E29.29065
G1 X12.865 Y-33.966 E29.31686
G1 X5.387 Y-26.488 E29.8255
G1 X5.933 Y-26.488 E29.85176
G1 X13.41 Y-33.966 E30.36037
G1 X13.956 Y-33.966 E30.38663
G1 X6.478 Y-26.488 E30.89527
G1 X7.024 Y-26.488 E30.92153
G1 X14.501 Y-33.966 E31.43014
G1 X15.046 Y-33.966 E31.45635
G1 X7.569 Y-26.488 E31.96496
G1 X8.115 Y-26.489 E31.99122
G1 X15.592 Y-33.966 E32.4998
G1 X16.137 Y-33.966 E32.52601
G1 X8.66 Y-26.489 E33.03459
G1 X9.206 Y-26.489 E33.06085
G1 X16.683 Y-33.966 E33.56943
G1 X17.228 Y-33.966 E33.59564
G1 X9.751 Y-26.489 E34.10422
G1 X10.297 Y-26.489 E34.13048
G1 X17.773 Y-33.966 E34.63902
G1 X18.319 Y-33.966 E34.66528
G1 X10.842 Y-26.489 E35.17386
G1 X11.388 Y-26.489 E35.20012
G1 X18.864 Y-33.966 E35.70866
G1 X19.409 Y-33.966 E35.73487
G1 X11.933 Y-26.49 E36.24338
G1 X12.479 Y-26.49 E36.26964
G1 X19.955 Y-33.966 E36.77815
G1 X20.5 Y-33.966 E36.80436
G1 X13.024 Y-26.49 E37.31287
G1 X13.57 Y-26.49 E37.33913
G1 X21.045 Y-33.966 E37.8476
G1 X21.591 Y-33.966 E37.87386
G1 X14.115 Y-26.49 E38.38237
G1 X14.661 Y-26.49 E38.40863
G1 X22.136 Y-33.966 E38.9171
G1 X22.681 Y-33.966 E38.94331
G1 X15.206 Y-26.491 E39.45175
G1 X15.752 Y-26.491 E39.47801
G1 X23.227 Y-33.966 E39.98645
G1 X23.772 Y-33.966 E40.01266
G1 X16.297 Y-26.491 E40.5211
G1 X16.843 Y-26.491 E40.54736
G1 X24.317 Y-33.966 E41.05577
G1 X24.863 Y-33.966 E41.08203
G1 X17.388 Y-26.491 E41.59047
G1 X17.934 Y-26.491 E41.61673
G1 X25.408 Y-33.966 E42.12514
G1 X25.953 Y-33.966 E42.15135
G1 X18.479 Y-26.492 E42.65972
G1 X19.025 Y-26.492 E42.68598
G1 X26.499 Y-33.966 E43.19435
G1 X27.044 Y-33.966 E43.22056
G1 X19.57 Y-26.492 E43.72893
G1 X20.116 Y-26.492 E43.75519
G1 X27.589 Y-33.966 E44.26353
G1 X28.135 Y-33.966 E44.28979
G1 X20.661 Y-26.492 E44.79816
G1 X21.207 Y-26.492 E44.82442
G1 X28.68 Y-33.966 E45.33276
G1 X29.226 Y-33.966 E45.35902
G1 X21.75 Y-26.49 E45.86753
G1 X22.245 Y-26.44 E45.89146
G1 X29.771 Y-33.966 E46.40337
G1 X30.316 Y-33.966 E46.42958
G1 X22.69 Y-26.34 E46.94829
G1 X23.075 Y-26.179 E46.96836
G1 X30.862 Y-33.966 E47.49802
G1 X31.407 Y-33.966 E47.52423
G1 X23.434 Y-25.993 E48.06654
G1 X23.743 Y-25.757 E48.08524
G1 X31.952 Y-33.966 E48.64361
G1 X32.498 Y-33.966 E48.66987
G1 X24.042 Y-25.51 E49.24504
G1 X24.297 Y-25.22 E49.26361
G1 X33.043 Y-33.966 E49.8585
G1 X33.588 Y-33.966 E49.88471
G1 X24.515 Y-24.893 E50.50184
G1 X24.699 Y-24.531 E50.52137
G1 X34.134 Y-33.966 E51.16313
G1 X34.679 Y-33.966 E51.18934
G1 X24.84 Y-24.127 E51.85858
G1 X24.955 Y-23.697 E51.87999
G1 X35.224 Y-33.966 E52.57847
G1 X35.77 Y-33.966 E52.60473
G1 X24.983 Y-23.179 E53.33845
G1 X24.813 Y-22.313 F7200
;WIDTH:0.404381
G1 F1500
G1 X24.742 Y-22.332 E53.34157
G1 X24.761 Y-22.261 E53.34469
G1 X24.802 Y-22.272 E53.34649
;WIDTH:0.45
G1 X24.924 Y-22.574 E53.36216
G1 X36.315 Y-33.966 E54.137
G1 E52.137 F2400
G92 E0
G1 Z3.25 F7200
G1 X32.538 Y12.546
G1 Z1.25
G1 E2 F2400
;WIDTH:0.404381
G1 F1500
G1 X32.015 Y12.96 E2.02829
G1 X31.78 Y12.98 E2.03829
G1 E.03829 F2400
G92 E0
G1 Z3.25 F7200
G1 X-38.125 Y-19.057
G1 Z1.25
G1 E2 F2400
G1 F1500
G1 X-38.132 Y-18.853 E2.00866
;WIDTH:0.45
G1 X-38.309 Y-18.785 E2.01778
G1 X-44.258 Y-12.836 E2.42242
G1 X-44.244 Y-12.305 E2.44797
G1 X-38.42 Y-18.129 E2.84411
G1 X-38.45 Y-17.553 E2.87185
G1 X-44.23 Y-11.773 E3.265
G1 X-44.216 Y-11.242 E3.29055
G1 X-38.436 Y-17.022 E3.6837
G1 X-38.422 Y-16.49 E3.7093
G1 X-44.202 Y-10.71 E4.10245
G1 X-44.188 Y-10.179 E4.128
G1 X-38.408 Y-15.959 E4.52115
G1 X-38.394 Y-15.428 E4.5467
G1 X-44.174 Y-9.648 E4.93985
G1 X-44.16 Y-9.116 E4.96545
G1 X-38.38 Y-14.896 E5.3586
G1 X-38.366 Y-14.365 E5.38415
G1 X-44.146 Y-8.585 E5.7773
G1 X-44.132 Y-8.053 E5.8029
G1 X-38.352 Y-13.834 E6.19608
G1 X-38.338 Y-13.302 E6.22168
G1 X-44.118 Y-7.522 E6.61483
G1 X-44.104 Y-6.99 E6.64043
G1 X-38.324 Y-12.771 E7.03361
G1 X-38.31 Y-12.24 E7.05916
G1 X-44.09 Y-6.459 E7.45234
G1 X-44.076 Y-5.928 E7.47789
G1 X-38.296 Y-11.708 E7.87104
G1 X-38.282 Y-11.177 E7.89659
G1 X-44.063 Y-5.396 E8.28981
G1 X-44.049 Y-4.865 E8.31536
G1 X-38.268 Y-10.645 E8.70854
G1 X-38.254 Y-10.114 E8.73409
G1 X-44.035 Y-4.333 E9.12731
G1 X-44.021 Y-3.802 E9.15286
G1 X-38.24 Y-9.583 E9.54608
G1 X-38.226 Y-9.051 E9.57168
G1 X-44.007 Y-3.271 E9.96486
G1 X-43.993 Y-2.739 E9.99046
G1 X-38.212 Y-8.52 E10.38368
G1 X-38.198 Y-7.989 E10.40923
G1 X-43.979 Y-2.208 E10.80245
G1 X-43.965 Y-1.676 E10.82805
G1 X-38.184 Y-7.457 E11.22127
G1 X-38.17 Y-6.926 E11.24682
G1 X-43.951 Y-1.145 E11.64004
G1 X-43.937 Y-.614 E11.66559
G1 X-38.156 Y-6.394 E12.05877
G1 X-38.142 Y-5.863 E12.08432
G1 X-43.923 Y-.082 E12.47754
G1 X-43.909 Y.449 E12.50309
G1 X-38.128 Y-5.332 E12.89631
G1 X-38.114 Y-4.8 E12.92191
G1 X-43.895 Y.981 E13.31513
G1 X-43.881 Y1.512 E13.34068
G1 X-38.1 Y-4.269 E13.7339
G1 X-38.086 Y-3.738 E13.75945
G1 X-43.867 Y2.043 E14.15267
G1 X-43.853 Y2.575 E14.17827
G1 X-38.072 Y-3.206 E14.57149
G1 X-38.058 Y-2.675 E14.59704
G1 X-43.84 Y3.106 E14.99029
G1 X-43.826 Y3.638 E15.01589
G1 X-38.044 Y-2.144 E15.40917
G1 X-38.03 Y-1.612 E15.43477
G1 X-43.812 Y4.169 E15.82802
G1 X-43.798 Y4.7 E15.85357
G1 X-38.016 Y-1.081 E16.24682
G1 X-38.002 Y-.549 E16.27242
G1 X-43.784 Y5.232 E16.66567
G1 X-43.77 Y5.763 E16.69122
G1 X-37.988 Y-.018 E17.08447
G1 X-37.974 Y.513 E17.11002
G1 X-43.756 Y6.295 E17.5033
G1 X-43.742 Y6.826 E17.52885
G1 X-37.96 Y1.045 E17.9221
G1 X-37.946 Y1.576 E17.94765
G1 X-43.728 Y7.358 E18.34093
G1 X-43.714 Y7.889 E18.36648
G1 X-37.932 Y2.107 E18.75976
G1 X-37.918 Y2.639 E18.78536
G1 X-43.7 Y8.42 E19.17861
G1 X-43.686 Y8.952 E19.20421
G1 X-37.904 Y3.17 E19.59749
G1 X-37.89 Y3.701 E19.62304
G1 X-43.672 Y9.483 E20.01632
G1 X-43.658 Y10.015 E20.04192
G1 X-37.877 Y4.233 E20.43517
G1 X-37.863 Y4.764 E20.46072
G1 X-43.644 Y10.546 E20.85397
G1 X-43.63 Y11.077 E20.87952
G1 X-37.849 Y5.296 E21.27274
G1 X-37.835 Y5.827 E21.29829
G1 X-43.616 Y11.609 E21.69154
G1 X-43.603 Y12.14 E21.71709
G1 X-37.821 Y6.358 E22.11037
G1 X-37.807 Y6.89 E22.13597
G1 X-43.589 Y12.672 E22.52925
G1 X-43.575 Y13.203 E22.5548
G1 X-37.793 Y7.421 E22.94808
G1 X-37.779 Y7.952 E22.97363
G1 X-43.561 Y13.734 E23.36691
G1 X-43.547 Y14.266 E23.39251
G1 X-37.765 Y8.484 E23.78579
G1 X-37.751 Y9.015 E23.81134
G1 X-43.533 Y14.797 E24.20462
G1 X-43.519 Y15.329 E24.23022
G1 X-37.737 Y9.546 E24.62354
G1 X-37.723 Y10.078 E24.64914
G1 X-43.505 Y15.86 E25.04242
G1 X-43.491 Y16.391 E25.06797
G1 X-37.702 Y10.603 E25.4617
G1 X-37.641 Y11.087 E25.48516
G1 X-43.477 Y16.923 E25.88212
G1 X-43.463 Y17.454 E25.90767
G1 X-37.526 Y11.517 E26.3115
G1 X-37.364 Y11.901 E26.33155
G1 X-43.449 Y17.986 E26.74544
G1 X-43.435 Y18.517 E26.77099
G1 X-37.16 Y12.242 E27.19781
G1 X-36.93 Y12.557 E27.21657
G1 X-43.421 Y19.049 E27.65811
G1 X-42.547 Y18.745 F7200
;WIDTH:0.486329
G1 F1500
G1 X-43.31 Y19.48 E27.71387
;WIDTH:0.45419
G1 X-43.408 Y19.475 E27.71864
G1 X-43.391 Y20.106 E27.74933
G1 X-43.012 Y19.73 E27.77529
;WIDTH:0.486329
G1 X-42.739 Y19.482 E27.7947
G1 X-42.568 Y19.545 E27.80429
G1 X-42.565 Y19.237 E27.8205
G1 X-42.488 Y18.823 E27.84266
G1 X-42.41 Y18.608 E27.8547
;WIDTH:0.45
G1 X-41.978 Y17.996 E27.89073
;WIDTH:0.404381
G1 X-41.594 Y17.578 E27.9148
G1 X-40.959 Y17.047 E27.9499
G1 X-40.723 Y17.024 E27.95996
;WIDTH:0.45
G1 X-40.686 Y16.859 E27.96809
G1 X-36.669 Y12.842 E28.24132
G1 X-36.366 Y13.084 E28.25997
G1 X-39.98 Y16.698 E28.50579
G1 X-39.429 Y16.692 E28.53229
G1 X-36.032 Y13.295 E28.76335
G1 X-35.672 Y13.481 E28.78284
G1 X-38.959 Y16.768 E29.00642
G1 X-38.553 Y16.907 E29.02706
G1 X-35.266 Y13.62 E29.25064
G1 X-34.803 Y13.702 E29.27326
G1 X-38.209 Y17.108 E29.50493
G1 X-37.869 Y17.313 E29.52403
G1 X-34.28 Y13.725 E29.76812
G1 X-33.511 Y13.443 F7200
;WIDTH:0.404381
G1 F1500
G1 X-33.37 Y13.465 E29.77417
;WIDTH:0.45
G1 X-33.64 Y13.63 E29.78939
G1 X-37.599 Y17.589 E30.05868
G1 X-37.35 Y17.885 E30.07728
G1 X-32.71 Y13.245 E30.39289
G1 X-32.407 Y13.062 E30.40991
;WIDTH:0.404381
G1 X-32.448 Y13.073 E30.41171
G1 X-32.467 Y13.002 E30.41483
G1 X-32.396 Y13.021 E30.41795
G1 X-31.034 Y12.205 F7200
G1 F1500
G1 X-31.105 Y12.186 E30.42107
G1 X-31.086 Y12.257 E30.42419
G1 X-31.045 Y12.246 E30.42599
;WIDTH:0.45
G1 X-31.348 Y12.428 E30.44299
G1 X-37.137 Y18.217 E30.83675
G1 X-36.99 Y18.616 E30.8572
G1 X-29.986 Y11.612 E31.3336
G1 X-29.683 Y11.429 E31.35062
;WIDTH:0.404381
G1 X-29.724 Y11.44 E31.35242
G1 X-29.743 Y11.369 E31.35554
G1 X-29.672 Y11.388 E31.35866
G1 X-28.31 Y10.571 F7200
G1 F1500
G1 X-28.381 Y10.552 E31.36178
G1 X-28.362 Y10.623 E31.3649
G1 X-28.321 Y10.612 E31.3667
;WIDTH:0.45
G1 X-28.624 Y10.795 E31.38372
G1 X-36.858 Y19.03 E31.94382
G1 X-36.83 Y19.546 E31.96867
G1 X-27.262 Y9.978 E32.61947
G1 X-26.959 Y9.796 E32.63647
;WIDTH:0.404381
G1 X-27 Y9.807 E32.63827
G1 X-27.019 Y9.736 E32.64139
G1 X-26.948 Y9.755 E32.64451
G1 X-25.586 Y8.938 F7200
G1 F1500
G1 X-25.657 Y8.919 E32.64763
G1 X-25.638 Y8.99 E32.65075
G1 X-25.597 Y8.979 E32.65255
;WIDTH:0.45
G1 X-25.9 Y9.162 E32.66957
G1 X-36.876 Y20.138 E33.41614
G1 E31.41614 F2400
G92 E0
G1 Z3.25 F7200
G1 X-42.699 Y19.962
G1 Z1.25
G1 E2 F2400
G1 F1500
G1 X-43.386 Y20.649 E2.04673
G1 X-42.468 Y20.277 F7200
G1 F1500
G1 X-43.534 Y21.342 E2.1192
G1 X-43.721 Y21.615 E2.13512
;WIDTH:0.404381
G1 X-44.084 Y22.044 E2.15895
G1 X-44.595 Y22.491 E2.18774
G1 X-44.896 Y22.523 E2.20058
;WIDTH:0.45
G1 X-44.868 Y22.677 E2.20811
G1 X-50.655 Y28.463 E2.6017
G1 X-50.109 Y28.463 E2.62796
G1 X-42.318 Y20.672 E3.15789
G1 X-42.146 Y21.045 E3.17765
G1 X-49.564 Y28.463 E3.68221
G1 X-49.019 Y28.463 E3.70842
G1 X-41.906 Y21.351 E4.1922
G1 X-41.653 Y21.643 E4.21078
G1 X-48.473 Y28.463 E4.67467
G1 X-47.928 Y28.463 E4.70088
G1 X-41.355 Y21.89 E5.14797
G1 X-41.009 Y22.09 E5.16719
G1 X-47.383 Y28.463 E5.60071
G1 X-46.837 Y28.463 E5.62697
G1 X-40.644 Y22.27 E6.04821
G1 X-40.188 Y22.36 E6.07057
G1 X-46.292 Y28.463 E6.48572
G1 X-45.747 Y28.463 E6.51193
G1 X-39.716 Y22.432 E6.92215
G1 X-39.085 Y22.347 E6.95277
G1 X-45.201 Y28.463 E7.36877
G1 X-44.656 Y28.463 E7.39498
G1 X-38.165 Y21.972 E7.83649
G1 X-37.884 Y21.737 E7.85411
;WIDTH:0.405717
G1 X-37.448 Y21.286 E7.88082
;WIDTH:0.45
G1 X-37.206 Y21.014 E7.89833
G1 X-24.538 Y8.345 E8.76003
G1 X-24.235 Y8.162 E8.77705
;WIDTH:0.404381
G1 X-24.276 Y8.173 E8.77885
G1 X-24.295 Y8.102 E8.78197
G1 X-24.224 Y8.121 E8.78509
G1 X-22.862 Y7.305 F7200
G1 F1500
G1 X-22.933 Y7.286 E8.78821
G1 X-22.914 Y7.357 E8.79133
G1 X-22.873 Y7.346 E8.79313
;WIDTH:0.45
G1 X-23.176 Y7.528 E8.81013
G1 X-44.111 Y28.463 E10.2341
G1 X-43.565 Y28.463 E10.26036
G1 X-21.814 Y6.712 E11.73984
G1 X-21.511 Y6.529 E11.75686
;WIDTH:0.404381
G1 X-21.552 Y6.54 E11.75866
G1 X-21.571 Y6.469 E11.76178
G1 X-21.5 Y6.488 E11.7649
G1 X-20.138 Y5.671 F7200
G1 F1500
G1 X-20.209 Y5.652 E11.76802
G1 X-20.19 Y5.723 E11.77114
G1 X-20.149 Y5.712 E11.77294
;WIDTH:0.45
G1 X-20.452 Y5.895 E11.78996
G1 X-43.02 Y28.463 E13.32501
G1 X-42.475 Y28.463 E13.35122
G1 X-19.09 Y5.078 E14.94184
G1 X-18.787 Y4.896 E14.95884
;WIDTH:0.404381
G1 X-18.828 Y4.907 E14.96064
G1 X-18.847 Y4.836 E14.96376
G1 X-18.776 Y4.855 E14.96688
G1 X-17.414 Y4.038 F7200
G1 F1500
G1 X-17.485 Y4.019 E14.97
G1 X-17.466 Y4.09 E14.97312
G1 X-17.425 Y4.079 E14.97492
;WIDTH:0.45
G1 X-17.728 Y4.262 E14.99194
G1 X-41.929 Y28.463 E16.63806
G1 X-41.384 Y28.463 E16.66427
G1 X-16.366 Y3.445 E18.36596
G1 X-16.063 Y3.262 E18.38298
;WIDTH:0.404381
G1 X-16.104 Y3.273 E18.38478
G1 X-16.123 Y3.202 E18.3879
G1 X-16.052 Y3.221 E18.39102
G1 X-14.69 Y2.405 F7200
G1 F1500
G1 X-14.761 Y2.386 E18.39414
G1 X-14.742 Y2.457 E18.39726
G1 X-14.701 Y2.446 E18.39906
;WIDTH:0.45
G1 X-15.004 Y2.628 E18.41606
G1 X-40.838 Y28.463 E20.17329
G1 X-40.293 Y28.463 E20.1995
G1 X-13.642 Y1.812 E22.01227
G1 X-13.339 Y1.629 E22.02929
;WIDTH:0.404381
G1 X-13.38 Y1.64 E22.03109
G1 X-13.399 Y1.569 E22.03421
G1 X-13.328 Y1.588 E22.03733
G1 X-11.966 Y.771 F7200
G1 F1500
G1 X-12.037 Y.752 E22.04045
G1 X-12.018 Y.823 E22.04357
G1 X-11.977 Y.812 E22.04537
;WIDTH:0.45
G1 X-12.28 Y.995 E22.06239
G1 X-39.748 Y28.463 E23.93073
G1 X-38.889 Y28.565 F7200
;WIDTH:0.404381
G1 F1500
G1 X-38.96 Y28.546 E23.93385
G1 X-38.941 Y28.617 E23.93697
G1 X-38.9 Y28.606 E23.93877
;WIDTH:0.45
G1 X-39.202 Y28.463 E23.95484
G1 X-10.918 Y.178 E25.87872
G1 X-10.615 Y-.004 E25.89572
;WIDTH:0.404381
G1 X-10.656 Y.007 E25.89752
G1 X-10.675 Y-.065 E25.90068
G1 X-10.604 Y-.045 E25.90381
G1 E23.90381 F2400
G92 E0
G1 Z3.25 F7200
G1 X-2.932 Y-7.262
G1 Z1.25
G1 E2 F2400
;WIDTH:0.45
G1 F1500
G1 X-21.135 Y10.941 E3.23815
G1 X-21.407 Y11.157 E3.25486
;WIDTH:0.404381
G1 X-21.862 Y11.524 E3.27965
G1 X-22.237 Y11.884 E3.30169
G1 X-22.708 Y12.444 E3.33272
;WIDTH:0.45
G1 X-22.911 Y12.717 E3.34908
G1 X-38.657 Y28.463 E4.4201
G1 X-38.112 Y28.463 E4.44631
G1 X-23.133 Y13.485 E5.46513
G1 X-22.949 Y13.245 E5.47968
;WIDTH:0.404381
G1 X-22.99 Y13.256 E5.48148
G1 X-23.009 Y13.185 E5.4846
G1 X-22.938 Y13.204 E5.48772
G1 X-23.18 Y14.077 F7200
;WIDTH:0.45
G1 F1500
G1 X-37.566 Y28.463 E6.46624
G1 X-37.021 Y28.463 E6.49245
G1 X-23.129 Y14.571 E7.43737
G1 X-23.021 Y15.009 E7.45907
G1 X-36.476 Y28.463 E8.37423
G1 X-35.93 Y28.463 E8.40049
G1 X-22.88 Y15.413 E9.28813
G1 X-22.681 Y15.76 E9.30737
G1 X-35.385 Y28.463 E10.17145
G1 X-34.84 Y28.463 E10.19766
G1 X-22.456 Y16.08 E11.03997
G1 X-22.199 Y16.368 E11.05854
G1 X-34.294 Y28.463 E11.88123
G1 X-33.749 Y28.463 E11.90744
G1 X-21.906 Y16.621 E12.71295
G1 X-21.58 Y16.839 E12.73181
G1 X-33.204 Y28.463 E13.52246
G1 X-32.658 Y28.463 E13.54872
G1 X-21.217 Y17.022 E14.32692
G1 X-20.826 Y17.176 E14.34713
G1 X-32.113 Y28.463 E15.11486
G1 X-31.568 Y28.463 E15.14107
G1 X-20.378 Y17.274 E15.90217
G1 X-19.873 Y17.314 E15.92653
G1 X-31.022 Y28.463 E16.68487
G1 X-30.477 Y28.463 E16.71108
G1 X-19.327 Y17.314 E17.46946
G1 X-18.782 Y17.314 E17.49567
G1 X-29.932 Y28.463 E18.25405
G1 X-29.386 Y28.463 E18.28031
G1 X-18.237 Y17.314 E19.03865
G1 X-17.692 Y17.315 E19.06486
G1 X-28.841 Y28.463 E19.82317
G1 X-28.295 Y28.463 E19.84943
G1 X-17.147 Y17.315 E20.6077
G1 X-16.602 Y17.315 E20.63391
G1 X-27.75 Y28.463 E21.39218
G1 X-27.205 Y28.463 E21.41839
G1 X-16.057 Y17.315 E22.17666
G1 X-15.511 Y17.315 E22.20292
G1 X-26.659 Y28.463 E22.96119
G1 X-26.114 Y28.463 E22.9874
G1 X-14.966 Y17.316 E23.74564
G1 X-14.421 Y17.316 E23.77185
G1 X-25.569 Y28.463 E24.53009
G1 X-25.023 Y28.463 E24.55635
G1 X-13.876 Y17.316 E25.31456
G1 X-13.331 Y17.316 E25.34077
G1 X-24.478 Y28.463 E26.09898
G1 X-23.933 Y28.463 E26.12519
G1 X-12.786 Y17.316 E26.8834
G1 X-12.241 Y17.317 E26.90961
G1 X-23.387 Y28.463 E27.66775
G1 X-22.842 Y28.463 E27.69396
G1 X-11.695 Y17.317 E28.45213
G1 X-11.15 Y17.317 E28.47834
G1 X-22.297 Y28.463 E29.23651
G1 X-21.751 Y28.463 E29.26277
G1 X-10.605 Y17.317 E30.02091
G1 X-10.06 Y17.317 E30.04712
G1 X-21.206 Y28.463 E30.80526
G1 X-20.661 Y28.463 E30.83147
G1 X-9.515 Y17.318 E31.58957
G1 X-8.97 Y17.318 E31.61578
G1 X-20.115 Y28.463 E32.37385
G1 X-19.57 Y28.463 E32.40006
G1 X-8.425 Y17.318 E33.15813
G1 X-7.879 Y17.318 E33.18439
G1 X-19.025 Y28.463 E33.94249
G1 X-18.479 Y28.463 E33.96875
G1 X-7.334 Y17.318 E34.72682
G1 X-6.789 Y17.319 E34.75303
G1 X-17.934 Y28.463 E35.51107
G1 X-17.389 Y28.463 E35.53728
G1 X-6.244 Y17.319 E36.29532
G1 X-5.699 Y17.319 E36.32153
G1 X-16.843 Y28.463 E37.07953
G1 X-16.298 Y28.463 E37.10574
G1 X-5.154 Y17.319 E37.86374
G1 X-4.609 Y17.319 E37.88995
G1 X-15.752 Y28.463 E38.64792
G1 X-15.207 Y28.463 E38.67413
G1 X-4.063 Y17.32 E39.4321
G1 X-3.518 Y17.32 E39.45831
G1 X-14.662 Y28.463 E40.21628
G1 X-14.116 Y28.463 E40.24254
G1 X-2.973 Y17.32 E41.00047
G1 X-2.428 Y17.32 E41.02668
G1 X-13.571 Y28.463 E41.78461
G1 X-13.026 Y28.463 E41.81082
G1 X-1.883 Y17.32 E42.56875
G1 X-1.338 Y17.321 E42.59496
G1 X-12.48 Y28.463 E43.35283
G1 X-11.935 Y28.463 E43.37904
G1 X-.793 Y17.321 E44.13691
G1 X-.247 Y17.321 E44.16317
G1 X-11.39 Y28.463 E44.92107
G1 X-10.844 Y28.463 E44.94733
G1 X.298 Y17.321 E45.7052
G1 X.843 Y17.321 E45.73141
G1 X-10.299 Y28.463 E46.48928
G1 X-9.754 Y28.463 E46.51549
G1 X1.388 Y17.322 E47.27332
G1 X1.933 Y17.322 E47.29953
G1 X-9.208 Y28.463 E48.05733
G1 X-8.663 Y28.463 E48.08354
G1 X2.478 Y17.322 E48.84134
G1 X3.023 Y17.322 E48.86755
G1 X-8.118 Y28.463 E49.62535
G1 X-7.572 Y28.463 E49.65161
G1 X3.569 Y17.322 E50.40941
G1 X4.114 Y17.323 E50.43562
G1 X-7.027 Y28.463 E51.19338
G1 X-6.482 Y28.463 E51.21959
G1 X4.659 Y17.323 E51.97735
G1 X5.204 Y17.323 E52.00356
G1 X-5.936 Y28.463 E52.76129
G1 X-5.391 Y28.463 E52.7875
G1 X5.749 Y17.323 E53.54523
G1 X6.294 Y17.323 E53.57144
G1 X-4.846 Y28.463 E54.32917
G1 X-4.3 Y28.463 E54.35543
G1 X6.839 Y17.324 E55.11309
G1 X7.385 Y17.324 E55.13935
G1 X-3.755 Y28.463 E55.89704
G1 X-3.209 Y28.463 E55.9233
G1 X7.93 Y17.324 E56.68096
G1 X8.475 Y17.324 E56.70717
G1 X-2.664 Y28.463 E57.46483
G1 X-2.119 Y28.463 E57.49104
G1 X9.02 Y17.324 E58.2487
G1 X9.565 Y17.325 E58.27491
G1 X-1.573 Y28.463 E59.0325
G1 X-1.028 Y28.463 E59.05871
G1 X10.11 Y17.325 E59.8163
G1 X10.656 Y17.325 E59.84256
G1 X-.483 Y28.463 E60.60019
G1 X.063 Y28.463 E60.62645
G1 X11.201 Y17.325 E61.38404
G1 X11.746 Y17.325 E61.41025
G1 X.608 Y28.463 E62.16784
G1 X1.153 Y28.463 E62.19405
G1 X12.291 Y17.326 E62.95161
G1 X12.836 Y17.326 E62.97782
G1 X1.699 Y28.463 E63.73534
G1 X2.244 Y28.463 E63.76155
G1 X13.381 Y17.326 E64.51907
G1 X13.926 Y17.326 E64.54528
G1 X2.789 Y28.463 E65.3028
G1 X3.335 Y28.463 E65.32906
G1 X14.472 Y17.326 E66.08658
G1 X15.017 Y17.327 E66.11279
G1 X3.88 Y28.463 E66.87028
G1 X4.425 Y28.463 E66.89649
G1 X15.562 Y17.327 E67.65398
G1 X16.295 Y17.127 E67.69052
;WIDTH:0.404381
G1 X16.224 Y17.108 E67.69364
G1 X16.243 Y17.179 E67.69676
G1 X16.284 Y17.168 E67.69856
;WIDTH:0.45
G1 X16.121 Y17.313 E67.70905
G1 X4.971 Y28.463 E68.46746
G1 X5.516 Y28.463 E68.49367
G1 X16.757 Y17.222 E69.25827
G1 X17.057 Y17.094 E69.27396
;WIDTH:0.404381
G1 X17.016 Y17.105 E69.27576
G1 X16.997 Y17.034 E69.27888
G1 X17.068 Y17.053 E69.282
;WIDTH:0.45
G1 X17.634 Y16.89 E69.31033
G1 X6.061 Y28.463 E70.09751
G1 E68.09751 F2400
G92 E0
G1 Z3.25 F7200
G1 X-20.043 Y10.394
G1 Z1.25
G1 E2 F2400
;WIDTH:0.404381
G1 F1500
G1 X-20.084 Y10.405 E2.0018
G1 X-20.103 Y10.334 E2.00492
G1 X-20.032 Y10.353 E2.00804
;WIDTH:0.45
G1 X-19.801 Y10.152 E2.02277
G1 X-2.598 Y-7.05 E3.19286
G1 X-2.25 Y-6.853 E3.21209
G1 X-18.467 Y9.364 E4.31515
G1 X-18.699 Y9.564 E4.32988
;WIDTH:0.404381
G1 X-18.77 Y9.545 E4.333
G1 X-18.751 Y9.616 E4.33612
G1 X-18.71 Y9.605 E4.33792
G1 X-17.376 Y8.817 F7200
G1 F1500
G1 X-17.417 Y8.828 E4.33972
G1 X-17.436 Y8.757 E4.34284
G1 X-17.365 Y8.776 E4.34596
;WIDTH:0.45
G1 X-17.133 Y8.575 E4.36072
G1 X-1.875 Y-6.683 E5.39855
G1 X-1.457 Y-6.556 E5.41956
G1 X-15.799 Y7.787 E6.39512
G1 X-16.031 Y7.987 E6.40985
;WIDTH:0.404381
G1 X-16.102 Y7.968 E6.41297
G1 X-16.083 Y8.039 E6.41609
G1 X-16.042 Y8.028 E6.41789
G1 X-14.708 Y7.24 F7200
G1 F1500
G1 X-14.749 Y7.251 E6.41969
G1 X-14.768 Y7.18 E6.42281
G1 X-14.697 Y7.199 E6.42593
;WIDTH:0.45
G1 X-14.465 Y6.998 E6.44069
G1 X-.987 Y-6.48 E7.35745
G1 X-.435 Y-6.487 E7.384
G1 X-13.132 Y6.21 E8.24763
G1 X-13.363 Y6.41 E8.26233
;WIDTH:0.404381
G1 X-13.434 Y6.391 E8.26545
G1 X-13.415 Y6.463 E8.26861
G1 X-13.374 Y6.452 E8.27041
G1 X-12.04 Y5.663 F7200
G1 F1500
G1 X-12.082 Y5.674 E8.27225
G1 X-12.101 Y5.603 E8.27537
G1 X-12.029 Y5.622 E8.27853
;WIDTH:0.45
G1 X-11.798 Y5.422 E8.29323
G1 X.252 Y-6.629 E9.11289
G1 X1.639 Y-7.38 F7200
;WIDTH:0.404381
G1 F1500
G1 X1.568 Y-7.399 E9.11601
G1 X1.587 Y-7.328 E9.11913
G1 X1.628 Y-7.339 E9.12093
;WIDTH:0.45
G1 X1.326 Y-7.157 E9.13789
G1 X-10.464 Y4.633 E9.93983
G1 X-10.696 Y4.834 E9.95459
;WIDTH:0.404381
G1 X-10.767 Y4.814 E9.95772
G1 X-10.748 Y4.886 E9.96088
G1 X-10.707 Y4.875 E9.96268
G1 X-9.373 Y4.086 F7200
G1 F1500
G1 X-9.414 Y4.097 E9.96448
G1 X-9.433 Y4.026 E9.9676
G1 X-9.362 Y4.045 E9.97072
;WIDTH:0.45
G1 X-9.13 Y3.845 E9.98545
G1 X2.687 Y-7.973 E10.78926
G1 X2.99 Y-8.155 E10.80626
;WIDTH:0.404381
G1 X2.949 Y-8.144 E10.80806
G1 X2.93 Y-8.215 E10.81118
G1 X3.001 Y-8.196 E10.8143
G1 X4.362 Y-9.013 F7200
G1 F1500
G1 X4.291 Y-9.032 E10.81742
G1 X4.31 Y-8.96 E10.82058
G1 X4.351 Y-8.971 E10.82238
;WIDTH:0.45
G1 X4.048 Y-8.789 E10.83938
G1 X-7.796 Y3.056 E11.64503
G1 X-8.028 Y3.257 E11.65979
;WIDTH:0.404381
G1 X-8.099 Y3.238 E11.66291
G1 X-8.08 Y3.309 E11.66603
G1 X-8.039 Y3.298 E11.66783
G1 X-6.705 Y2.509 F7200
G1 F1500
G1 X-6.746 Y2.52 E11.66963
G1 X-6.765 Y2.449 E11.67275
G1 X-6.694 Y2.468 E11.67587
;WIDTH:0.45
G1 X-6.463 Y2.268 E11.69057
G1 X5.41 Y-9.605 E12.49816
G1 X5.713 Y-9.788 E12.51518
;WIDTH:0.404381
G1 X5.672 Y-9.777 E12.51698
G1 X5.653 Y-9.848 E12.5201
G1 X5.724 Y-9.829 E12.52322
G1 X7.085 Y-10.645 F7200
G1 F1500
G1 X7.014 Y-10.664 E12.52634
G1 X7.033 Y-10.593 E12.52946
G1 X7.074 Y-10.604 E12.53126
;WIDTH:0.45
G1 X6.771 Y-10.421 E12.54828
G1 X-5.129 Y1.479 E13.3577
G1 X-5.36 Y1.68 E13.37243
;WIDTH:0.404381
G1 X-5.432 Y1.661 E13.37559
G1 X-5.412 Y1.732 E13.37872
G1 X-5.371 Y1.721 E13.38052
G1 X-4.038 Y.932 F7200
G1 F1500
G1 X-4.079 Y.943 E13.38232
G1 X-4.098 Y.872 E13.38544
G1 X-4.027 Y.891 E13.38856
;WIDTH:0.45
G1 X-3.795 Y.691 E13.40329
G1 X8.133 Y-11.237 E14.21462
G1 X8.436 Y-11.42 E14.23164
;WIDTH:0.404381
G1 X8.394 Y-11.409 E14.23348
G1 X8.375 Y-11.48 E14.2366
G1 X8.447 Y-11.461 E14.23976
G1 X9.808 Y-12.277 F7200
G1 F1500
G1 X9.737 Y-12.296 E14.24288
G1 X9.756 Y-12.225 E14.246
G1 X9.797 Y-12.236 E14.2478
;WIDTH:0.45
G1 X9.494 Y-12.053 E14.26482
G1 X-2.624 Y.065 E15.08907
G1 X-2.896 Y.256 E15.10506
;WIDTH:0.404381
G1 X-2.745 Y.264 E15.11147
G1 X-1.909 Y-.104 F7200
;WIDTH:0.45
G1 F1500
G1 X10.856 Y-12.869 E15.97973
G1 X11.158 Y-13.052 E15.99671
;WIDTH:0.404381
G1 X11.117 Y-13.041 E15.99851
G1 X11.098 Y-13.112 E16.00163
G1 X11.169 Y-13.093 E16.00475
G1 X12.531 Y-13.909 F7200
G1 F1500
G1 X12.46 Y-13.928 E16.00787
G1 X12.479 Y-13.857 E16.01099
G1 X12.52 Y-13.868 E16.01279
;WIDTH:0.45
G1 X12.217 Y-13.685 E16.02981
G1 X-1.358 Y-.111 E16.95313
G1 X-.86 Y-.063 E16.97719
G1 X13.579 Y-14.501 E17.95928
G1 X13.881 Y-14.684 E17.97626
;WIDTH:0.404381
G1 X13.84 Y-14.673 E17.97806
G1 X13.821 Y-14.744 E17.98118
G1 X13.892 Y-14.725 E17.9843
G1 X15.254 Y-15.541 F7200
G1 F1500
G1 X15.183 Y-15.56 E17.98742
G1 X15.202 Y-15.489 E17.99054
G1 X15.243 Y-15.5 E17.99234
;WIDTH:0.45
G1 X14.94 Y-15.318 E18.00934
G1 X-.429 Y.052 E19.05475
G1 X-.05 Y.218 E19.07465
G1 X16.301 Y-16.134 E20.18686
G1 X16.604 Y-16.316 E20.20386
;WIDTH:0.404381
G1 X16.563 Y-16.305 E20.20566
G1 X16.544 Y-16.376 E20.20878
G1 X16.615 Y-16.357 E20.2119
G1 X17.977 Y-17.174 F7200
G1 F1500
G1 X17.906 Y-17.193 E20.21502
G1 X17.925 Y-17.121 E20.21818
G1 X17.966 Y-17.132 E20.21998
;WIDTH:0.45
G1 X17.663 Y-16.95 E20.23698
G1 X.316 Y.398 E21.41694
G1 X.652 Y.607 E21.43597
G1 X19.024 Y-17.766 E22.68564
G1 X19.327 Y-17.949 E22.70266
;WIDTH:0.404381
G1 X19.286 Y-17.938 E22.70446
G1 X19.267 Y-18.009 E22.70758
G1 X19.338 Y-17.99 E22.7107
G1 X20.7 Y-18.806 F7200
G1 F1500
G1 X20.628 Y-18.825 E22.71386
G1 X20.647 Y-18.754 E22.71698
G1 X20.689 Y-18.765 E22.71882
;WIDTH:0.45
G1 X20.386 Y-18.582 E22.73584
G1 X8.209 Y-6.405 E23.5641
G1 X7.937 Y-6.187 E23.58087
;WIDTH:0.404381
G1 X7.355 Y-5.707 E23.61286
G1 X6.798 Y-5.115 E23.64733
G1 X6.661 Y-4.934 E23.65696
;WIDTH:0.45
G1 X6.465 Y-4.661 E23.67312
G1 X.988 Y.816 E24.04566
G1 X1.324 Y1.025 E24.06469
G1 X6.218 Y-3.868 E24.39754
G1 X6.391 Y-4.111 E24.41189
;WIDTH:0.404381
G1 X6.35 Y-4.1 E24.41369
G1 X6.331 Y-4.171 E24.41681
G1 X6.402 Y-4.152 E24.41993
G1 X6.177 Y-3.282 F7200
;WIDTH:0.45
G1 F1500
G1 X1.66 Y1.235 E24.72717
G1 X1.996 Y1.444 E24.7462
G1 X6.211 Y-2.771 E25.0329
G1 X6.316 Y-2.33 E25.0547
G1 X2.332 Y1.653 E25.32565
G1 X2.668 Y1.862 E25.34468
G1 X6.465 Y-1.934 E25.60291
G1 X6.66 Y-1.584 E25.62218
G1 X3.005 Y2.071 E25.87079
G1 X3.341 Y2.281 E25.88985
G1 X6.882 Y-1.261 E26.13074
G1 X7.143 Y-.977 E26.14929
G1 X3.677 Y2.49 E26.38508
G1 X4.013 Y2.699 E26.40411
G1 X7.438 Y-.726 E26.63707
G1 X7.755 Y-.498 E26.65585
G1 X4.349 Y2.908 E26.88752
G1 X4.685 Y3.118 E26.90658
G1 X8.089 Y-.286 E27.13812
G1 X8.423 Y-.075 E27.15712
G1 X5.021 Y3.327 E27.38852
G1 X5.357 Y3.536 E27.40755
G1 X8.757 Y.137 E27.63878
G1 X9.091 Y.348 E27.65778
G1 X5.694 Y3.745 E27.88884
G1 X6.03 Y3.954 E27.90787
G1 X9.425 Y.559 E28.13879
G1 X9.759 Y.771 E28.15782
G1 X6.366 Y4.164 E28.38861
G1 X6.702 Y4.373 E28.40764
G1 X10.092 Y.982 E28.63826
G1 X10.426 Y1.194 E28.65729
G1 X7.038 Y4.582 E28.88774
G1 X7.374 Y4.791 E28.90677
G1 X10.76 Y1.405 E29.13708
G1 X11.094 Y1.617 E29.15611
G1 X7.71 Y5.001 E29.38629
G1 X8.046 Y5.21 E29.40532
G1 X11.428 Y1.828 E29.63536
G1 X11.762 Y2.04 E29.65439
G1 X8.382 Y5.419 E29.88426
G1 X8.719 Y5.628 E29.90333
G1 X12.096 Y2.251 E30.13303
G1 X12.43 Y2.463 E30.15206
G1 X9.055 Y5.838 E30.38162
G1 X9.391 Y6.047 E30.40065
G1 X12.764 Y2.674 E30.63008
G1 X13.097 Y2.886 E30.64907
G1 X9.727 Y6.256 E30.87829
G1 X10.063 Y6.465 E30.89732
G1 X13.431 Y3.097 E31.12641
G1 X13.765 Y3.308 E31.14541
G1 X10.399 Y6.674 E31.37436
G1 X10.735 Y6.884 E31.39342
G1 X14.099 Y3.52 E31.62224
G1 X14.433 Y3.731 E31.64124
G1 X11.071 Y7.093 E31.86992
G1 X11.408 Y7.302 E31.88899
G1 X14.767 Y3.943 E32.11747
G1 X15.101 Y4.154 E32.13647
G1 X11.744 Y7.511 E32.36481
G1 X12.08 Y7.721 E32.38387
G1 X15.435 Y4.366 E32.61207
G1 X15.769 Y4.577 E32.63107
G1 X12.416 Y7.93 E32.85914
G1 X12.752 Y8.139 E32.87817
G1 X16.102 Y4.789 E33.10603
G1 X16.436 Y5 E33.12503
G1 X13.088 Y8.348 E33.35276
G1 X13.424 Y8.557 E33.37179
G1 X16.77 Y5.212 E33.59935
G1 X17.104 Y5.423 E33.61835
G1 X13.76 Y8.767 E33.8458
G1 X14.097 Y8.976 E33.86487
G1 X17.438 Y5.635 E34.09212
G1 X17.772 Y5.846 E34.11112
G1 X14.433 Y9.185 E34.33823
G1 X14.769 Y9.394 E34.35726
G1 X18.106 Y6.057 E34.58424
G1 X18.44 Y6.269 E34.60327
G1 X15.105 Y9.604 E34.83011
G1 X15.441 Y9.813 E34.84914
G1 X18.773 Y6.48 E35.07581
G1 X19.107 Y6.692 E35.09484
G1 X15.777 Y10.022 E35.32134
G1 X16.113 Y10.231 E35.34037
G1 X19.441 Y6.903 E35.56674
G1 X19.775 Y7.115 E35.58577
G1 X16.449 Y10.44 E35.81197
G1 X16.786 Y10.65 E35.83107
G1 X20.109 Y7.326 E36.05713
G1 X20.443 Y7.538 E36.07616
G1 X17.122 Y10.859 E36.30205
G1 X17.458 Y11.068 E36.32108
G1 X20.777 Y7.749 E36.54683
G1 X21.111 Y7.961 E36.56586
G1 X17.792 Y11.28 E36.79161
G1 X18.107 Y11.509 E36.81034
G1 X21.445 Y8.172 E37.03735
G1 X21.778 Y8.384 E37.05634
G1 X18.383 Y11.779 E37.28726
G1 X18.633 Y12.074 E37.30586
G1 X22.112 Y8.595 E37.5425
G1 X22.446 Y8.806 E37.5615
G1 X18.843 Y12.41 E37.80661
G1 X19.035 Y12.763 E37.82594
G1 X22.78 Y9.018 E38.08067
G1 X23.114 Y9.229 E38.09967
G1 X19.172 Y13.171 E38.3678
G1 X19.265 Y13.624 E38.39004
G1 X23.448 Y9.441 E38.67456
G1 X23.782 Y9.652 E38.69356
G1 X19.295 Y14.139 E38.99876
G1 X19.099 Y15.027 F7200
;WIDTH:0.404381
G1 F1500
G1 X19.028 Y15.008 E39.00188
G1 X19.047 Y15.079 E39.005
G1 X19.088 Y15.068 E39.0068
;WIDTH:0.45
G1 X19.214 Y14.765 E39.02258
G1 X24.116 Y9.864 E39.35597
G1 X24.45 Y10.075 E39.37497
G1 X18.862 Y15.663 E39.75506
G1 X18.636 Y15.936 E39.77211
;WIDTH:0.404381
G1 X18.34 Y16.274 E39.79116
G1 X17.907 Y16.669 E39.81601
G1 E37.81601 F2400
G92 E0
G1 Z3.25 F7200
G1 X24.783 Y10.287
G1 Z1.25
G1 E2 F2400
;WIDTH:0.45
G1 F1500
G1 X6.607 Y28.463 E3.23631
G1 X7.152 Y28.463 E3.26252
G1 X25.117 Y10.498 E4.48448
G1 X25.451 Y10.71 E4.50351
G1 X7.697 Y28.463 E5.71108
G1 X8.243 Y28.463 E5.73734
G1 X25.785 Y10.921 E6.93053
G1 X26.119 Y11.133 E6.94956
G1 X8.788 Y28.463 E8.12836
G1 X9.334 Y28.463 E8.15462
G1 X26.453 Y11.344 E9.31903
G1 X26.787 Y11.555 E9.33803
G1 X9.879 Y28.463 E10.48809
G1 X10.424 Y28.463 E10.5143
G1 X27.121 Y11.767 E11.64998
G1 X27.455 Y11.978 E11.66898
G1 X10.97 Y28.463 E12.79027
G1 X11.515 Y28.463 E12.81648
G1 X27.788 Y12.19 E13.92335
G1 X28.122 Y12.401 E13.94235
G1 X12.06 Y28.463 E15.03487
G1 X12.606 Y28.463 E15.06113
G1 X28.456 Y12.613 E16.13923
G1 X28.79 Y12.824 E16.15823
G1 X13.151 Y28.463 E17.22198
G1 X13.696 Y28.463 E17.24819
G1 X29.148 Y13.011 E18.29922
G1 X29.529 Y13.176 E18.31919
G1 X14.242 Y28.463 E19.35899
G1 X14.787 Y28.463 E19.3852
G1 X29.956 Y13.294 E20.41698
G1 X30.447 Y13.348 E20.44074
G1 X15.332 Y28.463 E21.46884
G1 X15.878 Y28.463 E21.4951
G1 X31.014 Y13.327 E22.52463
G1 X31.743 Y13.144 E22.56078
G1 X16.423 Y28.463 E23.60279
G1 E21.60279 F2400
G92 E0
G1 Z3.25 F7200
G1 X9.3 Y-6.952
G1 Z1.25
G1 E2 F2400
;WIDTH:0.404381
G1 F1500
G1 X9.259 Y-6.941 E2.0018
G1 X9.24 Y-7.012 E2.00492
G1 X9.311 Y-6.993 E2.00804
;WIDTH:0.45
G1 X9.543 Y-7.194 E2.0228
G1 X21.747 Y-19.398 E2.8529
G1 X22.05 Y-19.581 E2.86992
;WIDTH:0.404381
G1 X22.009 Y-19.57 E2.87172
G1 X21.99 Y-19.641 E2.87484
G1 X22.061 Y-19.622 E2.87796
G1 X23.109 Y-20.214 F7200
;WIDTH:0.45
G1 F1500
G1 X10.877 Y-7.982 E3.70997
G1 X10.645 Y-7.782 E3.7247
;WIDTH:0.404381
G1 X10.574 Y-7.801 E3.72782
G1 X10.593 Y-7.73 E3.73094
G1 X10.634 Y-7.741 E3.73274
G1 E1.73274 F2400
G92 E0
G1 Z3.25 F7200
G1 X23.381 Y-20.434
G1 Z1.25
G1 E2 F2400
G1 F1500
G1 X23.777 Y-20.762 E2.02181
G1 X24.44 Y-21.475 E2.0631
;WIDTH:0.45
G1 X24.642 Y-21.748 E2.07943
G1 X36.86 Y-33.966 E2.91048
G1 X37.163 Y-34.049 E2.92559
;WIDTH:0.404381
G1 X37.122 Y-34.038 E2.92739
G1 X37.103 Y-34.109 E2.93051
G1 X37.174 Y-34.09 E2.93363
;WIDTH:0.45
G1 X37.406 Y-33.966 E2.94628
G1 X12.211 Y-8.771 E4.66001
G1 X11.979 Y-8.57 E4.67477
;WIDTH:0.404381
G1 X11.908 Y-8.589 E4.67789
G1 X11.927 Y-8.518 E4.68101
G1 X11.968 Y-8.529 E4.68281
G1 X13.302 Y-9.318 F7200
G1 F1500
G1 X13.261 Y-9.307 E4.68461
G1 X13.242 Y-9.378 E4.68773
G1 X13.313 Y-9.359 E4.69085
;WIDTH:0.45
G1 X13.545 Y-9.559 E4.70558
G1 X37.951 Y-33.966 E6.36568
G1 X38.496 Y-33.966 E6.39189
G1 X14.878 Y-10.348 E7.99836
G1 X14.647 Y-10.147 E8.01309
;WIDTH:0.404381
G1 X14.576 Y-10.166 E8.01621
G1 X14.595 Y-10.095 E8.01933
G1 X14.636 Y-10.106 E8.02113
G1 X15.97 Y-10.895 F7200
G1 F1500
G1 X15.929 Y-10.884 E8.02293
G1 X15.909 Y-10.955 E8.02606
G1 X15.981 Y-10.936 E8.02922
;WIDTH:0.45
G1 X16.212 Y-11.136 E8.04392
G1 X39.042 Y-33.966 E9.59679
G1 X39.587 Y-33.966 E9.623
G1 X17.546 Y-11.925 E11.1222
G1 X17.314 Y-11.724 E11.13696
;WIDTH:0.404381
G1 X17.243 Y-11.743 E11.14008
G1 X17.262 Y-11.672 E11.1432
G1 X17.303 Y-11.683 E11.145
G1 X18.637 Y-12.472 F7200
G1 F1500
G1 X18.596 Y-12.461 E11.1468
G1 X18.577 Y-12.532 E11.14992
G1 X18.648 Y-12.513 E11.15304
;WIDTH:0.45
G1 X18.88 Y-12.713 E11.16777
G1 X40.132 Y-33.966 E12.61334
G1 X40.678 Y-33.966 E12.6396
G1 X20.214 Y-13.502 E14.03154
G1 X19.982 Y-13.301 E14.0463
;WIDTH:0.404381
G1 X19.911 Y-13.32 E14.04942
G1 X19.93 Y-13.249 E14.05254
G1 X19.971 Y-13.26 E14.05434
G1 X21.305 Y-14.049 F7200
G1 F1500
G1 X21.264 Y-14.038 E14.05614
G1 X21.245 Y-14.109 E14.05926
G1 X21.316 Y-14.09 E14.06238
;WIDTH:0.45
G1 X21.547 Y-14.29 E14.07708
G1 X41.223 Y-33.966 E15.41542
G1 X41.769 Y-33.966 E15.44168
G1 X22.881 Y-15.079 E16.72638
G1 X22.65 Y-14.878 E16.74111
;WIDTH:0.404381
G1 X22.579 Y-14.897 E16.74423
G1 X22.598 Y-14.826 E16.74735
G1 X22.639 Y-14.837 E16.74915
G1 X23.972 Y-15.626 F7200
G1 F1500
G1 X23.931 Y-15.615 E16.75095
G1 X23.912 Y-15.686 E16.75407
G1 X23.983 Y-15.667 E16.75719
;WIDTH:0.45
G1 X24.215 Y-15.867 E16.77192
G1 X42.314 Y-33.966 E18.00299
G1 X42.859 Y-33.966 E18.0292
G1 X39.975 Y-31.081 E18.2254
G1 X39.702 Y-30.84 E18.24291
;WIDTH:0.414821
G1 X39.444 Y-30.575 E18.25908
;WIDTH:0.45
G1 X39.196 Y-30.302 E18.27682
G1 X25.549 Y-16.656 E19.20504
G1 X25.317 Y-16.455 E19.2198
;WIDTH:0.404381
G1 X25.246 Y-16.474 E19.22292
G1 X25.265 Y-16.403 E19.22604
G1 X25.306 Y-16.414 E19.22784
G1 X26.651 Y-17.244 F7200
G1 F1500
G1 X26.58 Y-17.263 E19.23096
G1 X26.599 Y-17.191 E19.23412
G1 X26.64 Y-17.202 E19.23592
;WIDTH:0.45
G1 X38.786 Y-29.347 E20.06204
G1 X38.985 Y-29.589 E20.07711
;WIDTH:0.404381
G1 X38.944 Y-29.578 E20.07891
G1 X38.925 Y-29.65 E20.08207
G1 X38.996 Y-29.631 E20.08519
G1 X38.737 Y-28.753 F7200
;WIDTH:0.45
G1 F1500
G1 X28.217 Y-18.232 E20.80078
G1 X27.985 Y-18.032 E20.81551
;WIDTH:0.404381
G1 X27.914 Y-18.051 E20.81863
G1 X27.933 Y-17.98 E20.82175
G1 X27.974 Y-17.991 E20.82355
G1 X29.308 Y-18.779 F7200
G1 F1500
G1 X29.267 Y-18.768 E20.82535
G1 X29.248 Y-18.839 E20.82847
G1 X29.319 Y-18.82 E20.83159
;WIDTH:0.45
G1 X29.55 Y-19.021 E20.84632
G1 X38.749 Y-28.22 E21.47202
G1 X38.88 Y-27.805 E21.49295
G1 X30.884 Y-19.809 E22.03683
G1 X30.653 Y-19.609 E22.05153
;WIDTH:0.404381
G1 X30.581 Y-19.628 E22.05469
G1 X30.601 Y-19.557 E22.05782
G1 X30.642 Y-19.568 E22.05962
G1 X31.742 Y-20.153 F7200
G1 F1500
G1 X31.701 Y-20.142 E22.06142
G1 X31.681 Y-20.214 E22.06459
G1 X31.753 Y-20.194 E22.06776
;WIDTH:0.45
G1 X31.984 Y-20.364 E22.08155
G1 X39.03 Y-27.41 E22.56081
G1 X39.235 Y-27.069 E22.57995
G1 X32.682 Y-20.516 E23.02568
G1 X32.591 Y-20.347 E23.03491
;WIDTH:0.404381
G1 X32.52 Y-20.366 E23.03803
G1 X32.539 Y-20.295 E23.04115
G1 X32.58 Y-20.306 E23.04295
;WIDTH:0.45
G1 X33.228 Y-20.517 E23.07573
G1 X39.486 Y-26.775 E23.50139
G1 X39.753 Y-26.496 E23.51996
G1 X33.718 Y-20.462 E23.93042
G1 X34.137 Y-20.336 E23.95146
G1 X40.081 Y-26.28 E24.35576
G1 X40.428 Y-26.081 E24.375
G1 X34.525 Y-20.178 E24.77651
G1 X34.856 Y-19.964 E24.79547
G1 X40.832 Y-25.94 E25.20195
G1 X41.296 Y-25.858 E25.22461
G1 X35.178 Y-19.74 E25.64075
G1 X35.441 Y-19.458 E25.6593
G1 X41.837 Y-25.854 E26.09435
G1 X42.591 Y-26.162 F7200
;WIDTH:0.404381
G1 F1500
G1 X42.787 Y-26.173 E26.10267
;WIDTH:0.45
G1 X42.514 Y-25.986 E26.11859
G1 X35.689 Y-19.161 E26.58282
G1 E24.58282 F2400
G92 E0
G1 Z3.25 F7200
G1 X40.699 Y-31.314
G1 Z1.25
G1 E2 F2400
;WIDTH:0.404381
G1 F1500
G1 X40.658 Y-31.303 E2.0018
G1 X40.639 Y-31.374 E2.00492
G1 X40.71 Y-31.355 E2.00804
;WIDTH:0.45
G1 X40.942 Y-31.503 E2.02128
G1 X43.405 Y-33.966 E2.18881
G1 X43.95 Y-33.966 E2.21502
G1 X41.573 Y-31.589 E2.3767
G1 X42.079 Y-31.549 E2.40111
G1 X44.495 Y-33.966 E2.56548
G1 X45.041 Y-33.966 E2.59174
G1 X42.515 Y-31.44 E2.76356
G1 X42.887 Y-31.267 E2.78329
G1 X45.586 Y-33.966 E2.96687
G1 X46.131 Y-33.966 E2.99308
G1 X43.232 Y-31.067 E3.19027
G1 X43.535 Y-30.824 E3.20895
G1 X46.677 Y-33.966 E3.42266
G1 X47.222 Y-33.966 E3.44887
G1 X43.793 Y-30.537 E3.68211
G1 X44.035 Y-30.233 E3.7008
G1 X47.767 Y-33.966 E3.95468
G1 X48.313 Y-33.966 E3.98094
G1 X44.207 Y-29.86 E4.26023
G1 X44.359 Y-29.467 E4.2805
G1 X48.858 Y-33.966 E4.58652
G1 X49.403 Y-33.966 E4.61273
G1 X44.45 Y-29.013 E4.94963
G1 X44.445 Y-28.463 E4.97608
G1 X49.949 Y-33.966 E5.35042
G1 X50.494 Y-33.966 E5.37663
G1 X44.285 Y-27.757 E5.79896
G1 E3.79896 F2400
G92 E0
G1 Z3.25 F7200
G1 X51.039 Y-33.966
G1 Z1.25
G1 E2 F2400
G1 F1500
G1 X35.903 Y-18.829 E3.02957
G1 X36.063 Y-18.444 E3.04962
G1 X51.585 Y-33.966 E4.10541
G1 X52.13 Y-33.966 E4.13162
G1 X36.208 Y-18.044 E5.21461
G1 X36.271 Y-17.562 E5.23799
G1 X52.675 Y-33.966 E6.35377
G1 X53.221 Y-33.966 E6.38003
G1 X36.298 Y-17.043 E7.53111
G1 X36.255 Y-16.455 E7.55947
G1 X53.766 Y-33.966 E8.75055
G1 X53.786 Y-33.44 E8.77587
G1 X36.202 Y-15.856 E9.97191
G1 X36.149 Y-15.258 E10.00078
G1 X53.786 Y-32.895 E11.20043
G1 X53.786 Y-32.349 E11.22669
G1 X36.095 Y-14.659 E12.42998
G1 X36.042 Y-14.06 E12.4589
G1 X53.786 Y-31.804 E13.66582
G1 X53.786 Y-31.259 E13.69203
G1 X35.989 Y-13.462 E14.90256
G1 X35.935 Y-12.863 E14.93149
G1 X53.786 Y-30.713 E16.14566
G1 X53.786 Y-30.168 E16.17187
G1 X35.882 Y-12.264 E17.38968
G1 X35.829 Y-11.666 E17.41855
G1 X53.786 Y-29.623 E18.63996
G1 X53.786 Y-29.077 E18.66622
G1 X35.775 Y-11.067 E19.89127
G1 X35.722 Y-10.468 E19.92019
G1 X53.786 Y-28.532 E21.14888
G1 X53.786 Y-27.987 E21.17509
G1 X35.669 Y-9.87 E22.40739
G1 X35.615 Y-9.271 E22.43632
G1 X53.786 Y-27.441 E23.67225
G1 X53.786 Y-26.896 E23.69846
G1 X35.562 Y-8.672 E24.93803
G1 X35.509 Y-8.074 E24.9669
G1 X53.786 Y-26.351 E26.21008
G1 X53.786 Y-25.805 E26.23634
G1 X35.455 Y-7.475 E27.48316
G1 X35.402 Y-6.876 E27.51208
G1 X53.786 Y-25.26 E28.76254
G1 X53.786 Y-24.714 E28.7888
G1 X35.349 Y-6.277 E30.04286
G1 X35.295 Y-5.679 E30.07174
G1 X53.786 Y-24.169 E31.32944
G1 X53.786 Y-23.624 E31.35565
G1 X35.242 Y-5.08 E32.61699
G1 X35.189 Y-4.481 E32.64591
G1 X53.786 Y-23.078 E33.91085
G1 X53.786 Y-22.533 E33.93706
G1 X35.135 Y-3.883 E35.20564
G1 X35.082 Y-3.284 E35.23456
G1 X53.786 Y-21.988 E36.50678
G1 X53.786 Y-21.442 E36.53304
G1 X35.029 Y-2.685 E37.80887
G1 X34.975 Y-2.087 E37.83775
G1 X53.786 Y-20.897 E39.11722
G1 X53.786 Y-20.352 E39.14343
G1 X34.922 Y-1.488 E40.42654
G1 X34.869 Y-.889 E40.45546
G1 X53.786 Y-19.806 E41.74217
G1 X53.786 Y-19.261 E41.76838
G1 X34.815 Y-.291 E43.05873
G1 X34.762 Y.308 E43.08765
G1 X53.786 Y-18.716 E44.38164
G1 X53.786 Y-18.17 E44.4079
G1 X34.709 Y.907 E45.70549
G1 X34.655 Y1.505 E45.73437
G1 X53.786 Y-17.625 E47.0356
G1 X53.786 Y-17.08 E47.06181
G1 X34.602 Y2.104 E48.36668
G1 X34.451 Y3.006 F7200
;WIDTH:0.404381
G1 F1500
G1 X34.41 Y3.017 E48.36848
G1 X34.391 Y2.945 E48.37164
G1 X34.462 Y2.964 E48.37476
;WIDTH:0.45
G1 X34.549 Y2.703 E48.38799
G1 X53.786 Y-16.534 E49.69647
G1 X53.786 Y-15.989 E49.72268
G1 X41.164 Y-3.367 E50.58121
G1 X40.891 Y-3.156 E50.59781
;WIDTH:0.404381
G1 X40.493 Y-2.829 E50.61965
G1 X40.131 Y-2.465 E50.64142
G1 X39.827 Y-2.092 E50.66183
;WIDTH:0.45
G1 X39.616 Y-1.819 E50.67843
G1 X34.495 Y3.301 E51.02672
G1 X34.442 Y3.9 E51.05564
G1 X39.347 Y-1.005 E51.38927
G1 X39.53 Y-1.248 E51.4039
;WIDTH:0.404381
G1 X39.489 Y-1.237 E51.4057
G1 X39.47 Y-1.308 E51.40882
G1 X39.541 Y-1.289 E51.41194
G1 X39.27 Y-.383 F7200
;WIDTH:0.45
G1 F1500
G1 X34.389 Y4.499 E51.74397
G1 X34.335 Y5.098 E51.7729
G1 X39.217 Y.216 E52.10497
G1 X39.164 Y.815 E52.13389
G1 X34.282 Y5.696 E52.46592
G1 X34.229 Y6.295 E52.49484
G1 X39.11 Y1.413 E52.82687
G1 X39.057 Y2.012 E52.85579
G1 X34.175 Y6.894 E53.18786
G1 X34.122 Y7.492 E53.21673
G1 X39.004 Y2.611 E53.54876
G1 X38.95 Y3.209 E53.57764
G1 X34.069 Y8.091 E53.90967
G1 X34.015 Y8.69 E53.9386
G1 X38.897 Y3.808 E54.27067
G1 X38.844 Y4.407 E54.29959
G1 X33.962 Y9.288 E54.63162
G1 X33.909 Y9.887 E54.66054
G1 X38.79 Y5.005 E54.99257
G1 X38.737 Y5.604 E55.02149
G1 X33.846 Y10.495 E55.35417
G1 X33.33 Y11.699 F7200
;WIDTH:0.404381
G1 F1500
G1 X33.479 Y11.492 E55.36499
;WIDTH:0.45
G1 X33.667 Y11.219 E55.38093
G1 X38.684 Y6.203 E55.72215
G1 X38.63 Y6.802 E55.75108
G1 X16.968 Y28.463 E57.22447
G1 X17.514 Y28.463 E57.25073
G1 X38.577 Y7.4 E58.68341
G1 X38.524 Y7.999 E58.71233
G1 X18.059 Y28.463 E60.1043
G1 X18.604 Y28.463 E60.13051
G1 X38.47 Y8.598 E61.48174
G1 X38.417 Y9.196 E61.51061
G1 X19.15 Y28.463 E62.82113
G1 X19.695 Y28.463 E62.84734
G1 X38.363 Y9.795 E64.11711
G1 X38.31 Y10.394 E64.14603
G1 X20.24 Y28.463 E65.37509
G1 X20.786 Y28.463 E65.40135
G1 X38.257 Y10.992 E66.58971
G1 X38.203 Y11.591 E66.61864
G1 X21.331 Y28.463 E67.76625
G1 X22.19 Y28.565 F7200
;WIDTH:0.404381
G1 F1500
G1 X22.119 Y28.546 E67.76937
G1 X22.138 Y28.617 E67.77249
G1 X22.179 Y28.606 E67.77429
;WIDTH:0.45
G1 X21.877 Y28.463 E67.79036
G1 X38.15 Y12.19 E68.89723
G1 X38.097 Y12.788 E68.9261
G1 X33.767 Y17.118 E69.22062
G1 X33.495 Y17.34 E69.23751
;WIDTH:0.404381
G1 X33.35 Y17.468 E69.24571
G1 X33 Y17.849 E69.26765
;WIDTH:0.45
G1 X32.763 Y18.122 E69.28504
G1 X22.422 Y28.463 E69.98842
G1 X22.967 Y28.463 E70.01463
G1 X32.453 Y18.978 E70.65982
G1 X32.645 Y18.735 E70.67472
;WIDTH:0.404381
G1 X32.604 Y18.746 E70.67652
G1 X32.585 Y18.675 E70.67964
G1 X32.656 Y18.694 E70.68276
G1 X32.412 Y19.564 F7200
;WIDTH:0.45
G1 F1500
G1 X23.513 Y28.463 E71.28806
G1 X24.058 Y28.463 E71.31427
G1 X32.438 Y20.083 E71.88427
G1 X32.573 Y20.493 E71.90503
G1 X24.603 Y28.463 E72.44714
G1 X25.149 Y28.463 E72.4734
G1 X32.722 Y20.89 E72.98851
G1 X32.938 Y21.219 E73.00744
G1 X25.694 Y28.463 E73.50017
G1 X26.239 Y28.463 E73.52638
G1 X33.187 Y21.516 E73.99894
G1 X33.459 Y21.789 E74.01748
G1 X26.785 Y28.463 E74.47144
G1 X27.33 Y28.463 E74.49765
G1 X33.794 Y21.999 E74.93732
G1 X34.144 Y22.195 E74.95661
G1 X27.875 Y28.463 E75.38299
G1 X28.421 Y28.463 E75.40925
G1 X34.556 Y22.328 E75.82655
G1 X35.02 Y22.409 E75.8492
G1 X28.966 Y28.463 E76.26099
G1 X29.511 Y28.463 E76.2872
G1 X35.575 Y22.4 E76.69963
G1 X36.28 Y22.24 E76.7344
G1 X30.057 Y28.463 E77.15768
G1 X30.602 Y28.463 E77.18389
G1 X37.446 Y21.62 E77.64938
G1 X37.459 Y21.248 E77.66728
;WIDTH:0.404381
G1 X37.391 Y21.292 E77.67071
G1 X36.952 Y21.739 E77.69728
G1 X36.552 Y22.047 E77.71869
G1 X36.302 Y22.078 E77.72937
G1 X37.736 Y21.911 F7200
G1 F1500
G1 X37.665 Y21.892 E77.73249
G1 X37.684 Y21.963 E77.73561
G1 X37.725 Y21.952 E77.73741
;WIDTH:0.45
G1 X37.545 Y22.066 E77.74766
G1 X31.147 Y28.463 E78.18281
G1 X31.693 Y28.463 E78.20907
G1 X37.705 Y22.451 E78.618
G1 X37.902 Y22.8 E78.63728
G1 X32.238 Y28.463 E79.0225
G1 X32.783 Y28.463 E79.04871
G1 X38.125 Y23.122 E79.41203
G1 X38.395 Y23.397 E79.43057
G1 X33.329 Y28.463 E79.77515
G1 X33.874 Y28.463 E79.80136
G1 X38.679 Y23.658 E80.12819
G1 X39.009 Y23.874 E80.14716
G1 X34.42 Y28.463 E80.4593
G1 X34.965 Y28.463 E80.48551
G1 X39.376 Y24.052 E80.78554
G1 X39.773 Y24.2 E80.80592
G1 X35.51 Y28.463 E81.09588
G1 X36.056 Y28.463 E81.12214
G1 X40.24 Y24.279 E81.40673
G1 X40.73 Y24.334 E81.43045
G1 X36.601 Y28.463 E81.7113
G1 X37.146 Y28.463 E81.73751
G1 X41.275 Y24.334 E82.01836
G1 X41.821 Y24.334 E82.04462
G1 X37.692 Y28.463 E82.32547
G1 X38.237 Y28.463 E82.35168
G1 X42.366 Y24.334 E82.63253
G1 X42.957 Y24.289 E82.66104
G1 X38.782 Y28.463 E82.94498
G1 X39.21 Y28.658 E82.9676
;WIDTH:0.404381
G1 X39.169 Y28.669 E82.9694
G1 X39.15 Y28.598 E82.97252
G1 X39.221 Y28.617 E82.97564
;WIDTH:0.45
G1 X39.328 Y28.463 E82.98466
G1 X43.639 Y24.152 E83.27789
G1 E81.27789 F2400
G92 E0
G1 Z3.25 F7200
G1 X34.443 Y16.923
G1 Z1.25
G1 E2 F2400
;WIDTH:0.404381
G1 F1500
G1 X34.402 Y16.934 E2.0018
G1 X34.382 Y16.863 E2.00493
G1 X34.454 Y16.882 E2.00809
;WIDTH:0.45
G1 X34.685 Y16.745 E2.02101
G1 X38.043 Y13.387 E2.24942
G1 X37.99 Y13.986 E2.27834
G1 X35.304 Y16.672 E2.46104
G1 X35.803 Y16.718 E2.48514
G1 X37.937 Y14.584 E2.63029
G1 X38.139 Y14.465 E2.64157
;WIDTH:0.404381
G1 X38.098 Y14.476 E2.64337
G1 X38.079 Y14.405 E2.64649
G1 X38.15 Y14.424 E2.64961
G1 X37.883 Y15.183 F7200
;WIDTH:0.45
G1 F1500
G1 X37.64 Y17.921 E2.78182
G1 X37.286 Y17.499 E2.80831
G1 X36.94 Y17.209 E2.83002
G1 X36.462 Y16.933 E2.85657
G1 X36.221 Y16.846 E2.86889
G1 X37.747 Y15.319 E2.97272
G1 X37.412 Y16.193 F7200
;WIDTH:0.439564
G1 F1500
G1 X37.336 Y17.041 E3.01256
G1 X36.873 Y16.731 E3.03863
G1 X37.275 Y16.329 E3.06523
G1 E1.06523 F2400
G92 E0
G1 Z3.25 F7200
G1 X41.706 Y-3.433
G1 Z1.25
G1 E2 F2400
;WIDTH:0.404381
G1 F1500
G1 X41.665 Y-3.422 E2.0018
G1 X41.646 Y-3.493 E2.00492
G1 X41.717 Y-3.474 E2.00804
;WIDTH:0.45
G1 X41.949 Y-3.607 E2.0209
G1 X53.786 Y-15.444 E2.82604
G1 X53.786 Y-14.898 E2.8523
G1 X42.574 Y-3.687 E3.61489
G1 X43.082 Y-3.649 E3.63939
G1 X53.786 Y-14.353 E4.36746
G1 X53.786 Y-13.808 E4.39367
G1 X43.526 Y-3.548 E5.09154
G1 X43.925 Y-3.401 E5.11199
G1 X53.786 Y-13.262 E5.78272
G1 X53.786 Y-12.717 E5.80893
G1 X44.279 Y-3.21 E6.45558
G1 X44.597 Y-2.982 E6.4744
G1 X53.786 Y-12.172 E7.09946
G1 X53.786 Y-11.626 E7.12572
G1 X44.89 Y-2.731 E7.73078
G1 X45.142 Y-2.437 E7.7494
G1 X53.786 Y-11.081 E8.33735
G1 X53.786 Y-10.535 E8.36361
G1 X45.366 Y-2.115 E8.93633
G1 X45.546 Y-1.75 E8.9559
G1 X53.786 Y-9.99 E9.51637
G1 X53.786 Y-9.445 E9.54258
G1 X45.707 Y-1.366 E10.0921
G1 X45.812 Y-.926 E10.11386
G1 X53.786 Y-8.899 E10.65621
G1 X53.786 Y-8.354 E10.68242
G1 X45.856 Y-.424 E11.22181
G1 X45.857 Y.12 E11.24797
G1 X53.786 Y-7.809 E11.78729
G1 X53.786 Y-7.263 E11.81355
G1 X45.857 Y.666 E12.35287
G1 X45.857 Y1.211 E12.37908
G1 X53.786 Y-6.718 E12.9184
G1 X53.786 Y-6.173 E12.94461
G1 X45.857 Y1.756 E13.48393
G1 X45.857 Y2.302 E13.51019
G1 X53.786 Y-5.627 E14.04951
G1 X53.786 Y-5.082 E14.07572
G1 X45.857 Y2.847 E14.61504
G1 X45.857 Y3.392 E14.64125
G1 X53.786 Y-4.537 E15.18057
G1 X53.786 Y-3.991 E15.20683
G1 X45.857 Y3.938 E15.74615
G1 X45.857 Y4.483 E15.77236
G1 X53.786 Y-3.446 E16.31168
G1 X53.786 Y-2.901 E16.33789
G1 X45.857 Y5.028 E16.87721
G1 X45.857 Y5.574 E16.90347
G1 X53.786 Y-2.355 E17.44279
G1 X53.786 Y-1.81 E17.469
G1 X45.857 Y6.119 E18.00832
G1 X45.857 Y6.665 E18.03458
G1 X53.786 Y-1.265 E18.57393
G1 X53.786 Y-.719 E18.60019
G1 X45.857 Y7.21 E19.13951
G1 X45.857 Y7.755 E19.16572
G1 X53.786 Y-.174 E19.70504
G1 X53.786 Y.371 E19.73125
G1 X45.857 Y8.301 E20.2706
G1 X45.857 Y8.846 E20.29681
G1 X53.786 Y.917 E20.83613
G1 X53.786 Y1.462 E20.86234
G1 X45.857 Y9.391 E21.40166
G1 X45.857 Y9.937 E21.42792
G1 X53.786 Y2.008 E21.96724
G1 X53.786 Y2.553 E21.99345
G1 X45.857 Y10.482 E22.53277
G1 X45.857 Y11.027 E22.55898
G1 X53.786 Y3.098 E23.0983
G1 X53.786 Y3.644 E23.12456
G1 X45.857 Y11.573 E23.66388
G1 X45.857 Y12.118 E23.69009
G1 X53.786 Y4.189 E24.22941
G1 X53.786 Y4.734 E24.25562
G1 X45.857 Y12.663 E24.79494
G1 X45.857 Y13.209 E24.8212
G1 X53.786 Y5.28 E25.36052
G1 X53.786 Y5.825 E25.38673
G1 X45.857 Y13.754 E25.92605
G1 X45.857 Y14.299 E25.95226
G1 X53.786 Y6.37 E26.49158
G1 X53.786 Y6.916 E26.51784
G1 X45.857 Y14.845 E27.05716
G1 X45.857 Y15.39 E27.08337
G1 X53.786 Y7.461 E27.62269
G1 X53.786 Y8.006 E27.6489
G1 X45.857 Y15.935 E28.18822
G1 X45.857 Y16.481 E28.21448
G1 X53.786 Y8.552 E28.7538
G1 X53.786 Y9.097 E28.78001
G1 X45.857 Y17.026 E29.31933
G1 X45.857 Y17.571 E29.34554
G1 X53.786 Y9.642 E29.88486
G1 X53.786 Y10.188 E29.91112
G1 X45.857 Y18.117 E30.45044
G1 X45.857 Y18.662 E30.47665
G1 X53.786 Y10.733 E31.01597
G1 X53.786 Y11.278 E31.04218
G1 X45.857 Y19.208 E31.58153
G1 X45.857 Y19.753 E31.60774
G1 X53.786 Y11.824 E32.14706
G1 X53.786 Y12.369 E32.17327
G1 X45.857 Y20.298 E32.71259
G1 X45.857 Y20.844 E32.73885
G1 X53.786 Y12.914 E33.2782
G1 X53.786 Y13.46 E33.30446
G1 X45.809 Y21.437 E33.84705
G1 X45.511 Y22.429 F7200
;WIDTH:0.404381
G1 F1500
G1 X45.47 Y22.44 E33.84885
G1 X45.45 Y22.369 E33.85198
G1 X45.522 Y22.388 E33.85514
;WIDTH:0.45
G1 X45.665 Y22.126 E33.8695
G1 X53.786 Y14.005 E34.42188
G1 X53.786 Y14.551 E34.44814
G1 X39.873 Y28.463 E35.39445
G1 X39.641 Y28.565 E35.40664
;WIDTH:0.404381
G1 X39.57 Y28.546 E35.40976
G1 X39.589 Y28.617 E35.41288
G1 X39.63 Y28.606 E35.41468
G1 X40.418 Y28.463 F7200
;WIDTH:0.45
G1 F1500
G1 X53.786 Y15.096 E36.32392
G1 X53.786 Y15.641 E36.35013
G1 X40.964 Y28.463 E37.22227
G1 X41.509 Y28.463 E37.24848
G1 X53.786 Y16.187 E38.08351
G1 X53.786 Y16.732 E38.10972
G1 X42.054 Y28.463 E38.90768
G1 X42.6 Y28.463 E38.93394
G1 X53.786 Y17.277 E39.6948
G1 X53.786 Y17.823 E39.72106
G1 X43.145 Y28.463 E40.44481
G1 X43.69 Y28.463 E40.47102
G1 X53.786 Y18.368 E41.1577
G1 X53.786 Y18.913 E41.18391
G1 X44.236 Y28.463 E41.83349
G1 X44.781 Y28.463 E41.8597
G1 X53.786 Y19.459 E42.47217
G1 X53.786 Y20.004 E42.49838
G1 X45.326 Y28.463 E43.07378
G1 X45.872 Y28.463 E43.10004
G1 X53.786 Y20.549 E43.63834
G1 X53.786 Y21.095 E43.6646
G1 X46.417 Y28.463 E44.1658
G1 X46.963 Y28.463 E44.19206
G1 X53.786 Y21.64 E44.65615
G1 X53.786 Y22.185 E44.68236
G1 X47.508 Y28.463 E45.10938
G1 X48.053 Y28.463 E45.13559
G1 X53.786 Y22.731 E45.52551
G1 X53.786 Y23.276 E45.55172
G1 X48.599 Y28.463 E45.90453
G1 X49.144 Y28.463 E45.93074
G1 X53.786 Y23.821 E46.24648
G1 X53.786 Y24.367 E46.27274
G1 X49.689 Y28.463 E46.55138
G1 X50.235 Y28.463 E46.57764
G1 X53.786 Y24.912 E46.81917
G1 X53.786 Y25.457 E46.84538
G1 X50.78 Y28.463 E47.04984
G1 X51.325 Y28.463 E47.07605
G1 X53.786 Y26.003 E47.24341
G1 X53.786 Y26.548 E47.26962
G1 X51.871 Y28.463 E47.39988
G1 X51.764 Y28.617 E47.4089
;WIDTH:0.404381
G1 X51.693 Y28.598 E47.41202
G1 X51.712 Y28.669 E47.41514
G1 X51.753 Y28.658 E47.41694
G1 E45.41694 F2400
G92 E0
G1 Z3.25 F7200
G1 X53.649 Y27.23
G1 Z1.25
G1 E2 F2400
;WIDTH:0.45
G1 F1500
G1 X52.416 Y28.463 E2.08387
G1 X53.786 Y28.463 E2.14976
G1 X53.786 Y27.094 E2.2156
G1 X53.435 Y28.049 F7200
;WIDTH:0.481155
G1 F1500
G1 X53.398 Y28.012 E2.21832
G1 X53.348 Y28.025 E2.22101
G1 X53.334 Y28.076 E2.22376
G1 X53.371 Y28.112 E2.22644
G1 X53.421 Y28.099 E2.22913
;LAYER_CHANGE
;Z:1.55
;HEIGHT:0.3
G1 E.22913 F2400
G92 E0
G1 Z1.55 F7200
G1 Z3.55
G1 X-1.914 Y-7.005
G1 Z1.55
G1 E2 F2400
;TYPE:Perimeter
;WIDTH:0.45
G1 F3600
G1 X-1.938 Y-7.013 E2.00122
G1 X-2.957 Y-7.619 E2.05824
G1 X-23.567 Y-20.667 E3.23146
G1 X-24.007 Y-21.01 E3.25829
G1 X-24.331 Y-21.366 E3.28144
G1 X-24.595 Y-21.77 E3.30465
G1 X-24.79 Y-22.21 E3.3278
G1 X-24.911 Y-22.676 E3.35096
G1 X-24.957 Y-23.156 E3.37415
G1 X-24.907 Y-23.709 E3.40086
G1 X-24.725 Y-24.338 E3.43235
G1 X-24.47 Y-24.835 E3.45922
G1 X-24.068 Y-25.327 E3.48978
G1 X-23.699 Y-25.637 E3.51296
G1 X-23.285 Y-25.884 E3.53615
G1 X-22.838 Y-26.062 E3.55929
G1 X-22.367 Y-26.165 E3.58248
G1 X-21.965 Y-26.194 E3.60187
G1 X21.712 Y-26.203 E5.70258
G1 X22.273 Y-26.148 E5.72969
G1 X22.741 Y-26.019 E5.75304
G1 X23.183 Y-25.815 E5.77645
G1 X23.586 Y-25.542 E5.79986
G1 X23.939 Y-25.208 E5.82323
G1 X24.234 Y-24.821 E5.84663
G1 X24.462 Y-24.391 E5.87004
G1 X24.617 Y-23.93 E5.89343
G1 X24.696 Y-23.45 E5.91683
G1 X24.696 Y-22.964 E5.9402
G1 X24.617 Y-22.484 E5.9636
G1 X24.462 Y-22.023 E5.98699
G1 X24.234 Y-21.594 E6.01036
G1 X23.939 Y-21.207 E6.03376
G1 X23.586 Y-20.872 E6.05717
G1 X23.253 Y-20.638 E6.07675
G1 X.809 Y-7.184 E7.33532
G1 X.358 Y-6.964 E7.35945
G1 X-.383 Y-6.787 E7.39609
G1 X-.927 Y-6.767 E7.42227
G1 X-1.461 Y-6.849 E7.44825
G1 X-1.858 Y-6.985 E7.46843
G1 X-1.761 Y-7.361 F7200
G1 F3600
G1 X-1.804 Y-7.377 E7.47064
G1 X-2.751 Y-7.944 E7.52373
G1 X-23.361 Y-20.993 E8.69698
G1 X-23.729 Y-21.277 E8.71934
G1 X-24.014 Y-21.585 E8.73952
G1 X-24.246 Y-21.935 E8.75972
G1 X-24.419 Y-22.317 E8.77989
G1 X-24.529 Y-22.722 E8.80007
G1 X-24.572 Y-23.14 E8.82028
G1 X-24.536 Y-23.605 E8.84271
G1 X-24.354 Y-24.23 E8.87402
G1 X-24.083 Y-24.718 E8.90087
G1 X-23.812 Y-25.039 E8.92108
G1 X-23.493 Y-25.311 E8.94124
G1 X-23.134 Y-25.529 E8.96144
G1 X-22.745 Y-25.687 E8.98163
G1 X-22.336 Y-25.78 E9.0018
G1 X-21.965 Y-25.809 E9.0197
G1 X21.712 Y-25.818 E11.12041
G1 X22.18 Y-25.774 E11.14302
G1 X22.589 Y-25.664 E11.16339
G1 X22.975 Y-25.49 E11.18375
G1 X23.328 Y-25.255 E11.20415
G1 X23.638 Y-24.966 E11.22453
G1 X23.898 Y-24.631 E11.24493
G1 X24.168 Y-24.072 E11.27479
G1 X24.3 Y-23.534 E11.30143
G1 X24.314 Y-23.016 E11.32635
G1 X24.249 Y-22.598 E11.3467
G1 X24.116 Y-22.195 E11.36711
G1 X23.921 Y-21.819 E11.38748
G1 X23.667 Y-21.48 E11.40785
G1 X23.361 Y-21.186 E11.42826
G1 X23.055 Y-20.969 E11.4463
G1 X.611 Y-7.515 E12.70487
G1 X.135 Y-7.299 E12.73001
G1 X-.468 Y-7.163 E12.75974
G1 X-.985 Y-7.157 E12.78461
G1 X-1.417 Y-7.237 E12.80574
G1 X-1.705 Y-7.341 E12.82047
G1 X-1.61 Y-7.713 F7200
;TYPE:External perimeter
G1 F1800
G1 X-1.624 Y-7.718 E12.82119
G1 X-2.545 Y-8.27 E12.87283
G1 X-23.154 Y-21.319 E14.04604
G1 X-23.451 Y-21.544 E14.06396
G1 X-23.696 Y-21.804 E14.08114
G1 X-23.898 Y-22.1 E14.09838
G1 X-24.049 Y-22.424 E14.11557
G1 X-24.146 Y-22.769 E14.13281
G1 X-24.186 Y-23.124 E14.14999
G1 X-24.166 Y-23.497 E14.16796
G1 X-23.984 Y-24.123 E14.19932
G1 X-23.785 Y-24.474 E14.21873
G1 X-23.556 Y-24.75 E14.23598
G1 X-23.287 Y-24.986 E14.25319
G1 X-22.983 Y-25.175 E14.27041
G1 X-22.653 Y-25.313 E14.28761
G1 X-22.305 Y-25.396 E14.30482
G1 X-21.965 Y-25.423 E14.32122
G1 X21.712 Y-25.432 E16.42193
G1 X22.087 Y-25.4 E16.44003
G1 X22.437 Y-25.31 E16.45741
G1 X22.768 Y-25.165 E16.47479
G1 X23.071 Y-24.968 E16.49217
G1 X23.338 Y-24.725 E16.50953
G1 X23.562 Y-24.442 E16.52689
G1 X23.806 Y-23.939 E16.55378
G1 X23.923 Y-23.451 E16.57792
G1 X23.932 Y-23.069 E16.5963
G1 X23.88 Y-22.711 E16.6137
G1 X23.771 Y-22.367 E16.63106
G1 X23.608 Y-22.044 E16.64846
G1 X23.395 Y-21.753 E16.6658
G1 X23.137 Y-21.499 E16.68321
G1 X22.857 Y-21.299 E16.69976
G1 X.412 Y-7.846 E17.95835
G1 X.05 Y-7.675 E17.97761
G1 X-.552 Y-7.539 E18.00729
G1 X-.948 Y-7.541 E18.02634
G1 X-1.293 Y-7.603 E18.0432
G1 X-1.553 Y-7.693 E18.05643
G1 X-1.903 Y-7.887 F7200
G1 E16.05643 F2400
G92 E0
G1 Z3.55 F7200
G1 X-2.118 Y.241
G1 Z1.55
G1 E2 F2400
;TYPE:Perimeter
G1 F3600
G1 X-1.914 Y.193 E2.01008
G1 X-1.537 Y.156 E2.0283
G1 X-.909 Y.212 E2.05862
G1 X-.619 Y.285 E2.073
G1 X-.039 Y.53 E2.10328
G1 X17.608 Y11.503 E3.10274
G1 X18.046 Y11.839 E3.12929
G1 X18.374 Y12.194 E3.15254
G1 X18.64 Y12.597 E3.17576
G1 X18.839 Y13.038 E3.19903
G1 X18.963 Y13.505 E3.22227
G1 X19.011 Y13.986 E3.24552
G1 X18.981 Y14.468 E3.26875
G1 X18.874 Y14.94 E3.29203
G1 X18.62 Y15.513 E3.32218
G1 X18.441 Y15.8 E3.33845
G1 X18.126 Y16.167 E3.36171
G1 X17.757 Y16.479 E3.38495
G1 X17.342 Y16.727 E3.4082
G1 X16.893 Y16.905 E3.43143
G1 X16.421 Y17.008 E3.45467
G1 X16.018 Y17.038 E3.47411
G1 X-19.904 Y17.024 E5.20183
G1 X-20.487 Y16.964 E5.23002
G1 X-20.935 Y16.838 E5.2524
G1 X-21.377 Y16.633 E5.27583
G1 X-21.721 Y16.409 E5.29557
G1 X-22.134 Y16.024 E5.32273
G1 X-22.428 Y15.635 E5.34618
G1 X-22.655 Y15.204 E5.36961
G1 X-22.809 Y14.742 E5.39303
G1 X-22.887 Y14.25 E5.41699
G1 X-22.881 Y13.751 E5.44099
G1 X-22.804 Y13.292 E5.46337
G1 X-22.646 Y12.831 E5.48681
G1 X-22.415 Y12.402 E5.51024
G1 X-22.118 Y12.015 E5.5337
G1 X-21.762 Y11.683 E5.55711
G1 X-21.427 Y11.45 E5.57674
G1 X-3.012 Y.564 E6.60562
G1 X-2.553 Y.344 E6.6301
G1 X-2.177 Y.255 E6.64868
G1 X-2.036 Y.616 F7200
G1 F3600
G1 X-1.751 Y.552 E6.66273
G1 X-.995 Y.592 E6.69914
G1 X-.769 Y.64 E6.71025
G1 X-.19 Y.885 E6.74049
G1 X17.402 Y11.828 E7.73694
G1 X17.77 Y12.108 E7.75918
G1 X18.058 Y12.415 E7.77943
G1 X18.293 Y12.765 E7.79971
G1 X18.469 Y13.147 E7.81994
G1 X18.581 Y13.553 E7.8402
G1 X18.626 Y13.972 E7.86047
G1 X18.603 Y14.393 E7.88075
G1 X18.513 Y14.804 E7.90099
G1 X18.286 Y15.321 E7.92815
G1 X17.935 Y15.811 E7.95714
G1 X17.551 Y16.153 E7.98187
G1 X17.191 Y16.372 E8.00214
G1 X16.801 Y16.531 E8.0224
G1 X16.39 Y16.624 E8.04267
G1 X16.018 Y16.652 E8.06061
G1 X-19.904 Y16.639 E9.78833
G1 X-20.393 Y16.589 E9.81197
G1 X-20.782 Y16.484 E9.83135
G1 X-21.169 Y16.309 E9.85178
G1 X-21.486 Y16.103 E9.86996
G1 X-21.832 Y15.783 E9.89263
G1 X-22.091 Y15.446 E9.91307
G1 X-22.292 Y15.072 E9.93349
G1 X-22.43 Y14.671 E9.95389
G1 X-22.501 Y14.246 E9.97461
G1 X-22.5 Y13.805 E9.99582
G1 X-22.436 Y13.408 E10.01516
G1 X-22.301 Y13.005 E10.0356
G1 X-22.103 Y12.629 E10.05604
G1 X-21.847 Y12.29 E10.07647
G1 X-21.539 Y11.997 E10.09692
G1 X-21.231 Y11.782 E10.11499
G1 X-2.816 Y.896 E11.14387
G1 X-2.366 Y.691 E11.16765
G1 X-2.094 Y.629 E11.18107
G1 X-1.952 Y.993 F7200
;TYPE:External perimeter
G1 F1800
G1 X-1.666 Y.928 E11.19518
G1 X-1.03 Y.976 E11.22586
G1 X-.34 Y1.24 E11.26139
G1 X17.196 Y12.154 E12.25482
G1 X17.493 Y12.377 E12.27268
G1 X17.742 Y12.636 E12.28996
G1 X17.945 Y12.932 E12.30722
G1 X18.099 Y13.256 E12.32447
G1 X18.198 Y13.602 E12.34178
G1 X18.24 Y13.958 E12.35902
G1 X18.225 Y14.317 E12.3763
G1 X18.152 Y14.668 E12.39354
G1 X17.951 Y15.129 E12.41773
G1 X17.636 Y15.568 E12.44372
G1 X17.344 Y15.827 E12.46249
G1 X17.039 Y16.017 E12.47977
G1 X16.708 Y16.156 E12.49704
G1 X16.359 Y16.24 E12.51431
G1 X16.018 Y16.267 E12.53076
G1 X-19.903 Y16.253 E14.25844
G1 X-20.3 Y16.215 E14.27762
G1 X-20.629 Y16.13 E14.29396
G1 X-20.96 Y15.984 E14.31136
G1 X-21.252 Y15.797 E14.32804
G1 X-21.531 Y15.542 E14.34622
G1 X-21.755 Y15.258 E14.36362
G1 X-21.93 Y14.941 E14.38104
G1 X-22.051 Y14.599 E14.39849
G1 X-22.115 Y14.241 E14.41598
G1 X-22.118 Y13.859 E14.43435
G1 X-22.068 Y13.523 E14.45069
G1 X-21.957 Y13.178 E14.46812
G1 X-21.792 Y12.856 E14.48552
G1 X-21.576 Y12.565 E14.50295
G1 X-21.317 Y12.312 E14.52036
G1 X-21.035 Y12.114 E14.53693
G1 X-2.62 Y1.228 E15.56581
G1 X-2.281 Y1.067 E15.58386
G1 X-2.011 Y1.006 E15.59717
G1 X-1.616 Y.945 F7200
G1 E13.59717 F2400
G92 E0
G1 Z3.55 F7200
G1 X-38.029 Y17.571
G1 Z1.55
G1 E2 F2400
;TYPE:Perimeter
G1 F1200
G1 X-37.901 Y17.679 E2.00805
G1 X-37.537 Y18.113 E2.03529
G1 X-37.369 Y18.403 E2.05141
G1 X-37.175 Y18.936 E2.07869
G1 X-37.117 Y19.265 E2.09476
G1 X-37.117 Y19.832 E2.12203
G1 X-37.175 Y20.162 E2.13815
G1 X-37.369 Y20.695 E2.16543
G1 X-37.537 Y20.985 E2.18155
G1 X-37.901 Y21.419 E2.20879
G1 X-38.158 Y21.634 E2.22491
G1 X-38.648 Y21.918 E2.25215
G1 X-38.963 Y22.032 E2.26826
G1 X-39.522 Y22.131 E2.29556
G1 X-39.856 Y22.13 E2.31162
G1 X-40.414 Y22.032 E2.33887
G1 X-40.729 Y21.918 E2.35498
G1 X-41.22 Y21.634 E2.38226
G1 X-41.477 Y21.419 E2.39838
G1 X-41.841 Y20.985 E2.42562
G1 X-42.008 Y20.695 E2.44172
G1 X-42.202 Y20.162 E2.469
G1 X-42.26 Y19.832 E2.48512
G1 X-42.26 Y19.265 E2.51239
G1 X-42.202 Y18.936 E2.52846
G1 X-42.008 Y18.403 E2.55574
G1 X-41.841 Y18.113 E2.57184
G1 X-41.477 Y17.679 E2.59908
G1 X-41.22 Y17.463 E2.61523
G1 X-40.729 Y17.18 E2.64249
G1 X-40.428 Y17.068 E2.65794
G1 X-39.875 Y16.965 E2.68499
G1 X-39.359 Y16.978 E2.70982
G1 X-38.809 Y17.106 E2.73698
G1 X-38.158 Y17.463 E2.77269
G1 X-38.075 Y17.532 E2.77788
G1 X-38.279 Y17.869 F7200
G1 F1200
G1 X-38.044 Y18.108 E2.794
G1 X-37.743 Y18.506 E2.818
G1 X-37.543 Y19.053 E2.84601
G1 X-37.503 Y19.434 E2.86444
G1 X-37.521 Y19.977 E2.89057
G1 X-37.732 Y20.563 E2.92053
G1 X-37.832 Y20.737 E2.93018
G1 X-38.196 Y21.171 E2.95742
G1 X-38.35 Y21.3 E2.96708
G1 X-38.841 Y21.584 E2.99436
G1 X-39.03 Y21.652 E3.00402
G1 X-39.589 Y21.751 E3.03132
G1 X-39.789 Y21.751 E3.04094
G1 X-40.347 Y21.652 E3.0682
G1 X-40.536 Y21.584 E3.07786
G1 X-41.027 Y21.3 E3.10514
G1 X-41.181 Y21.171 E3.1148
G1 X-41.546 Y20.737 E3.14207
G1 X-41.717 Y20.368 E3.16163
G1 X-41.875 Y19.847 E3.18782
G1 X-41.875 Y19.265 E3.21581
G1 X-41.84 Y19.067 E3.22548
G1 X-41.646 Y18.535 E3.25272
G1 X-41.545 Y18.361 E3.2624
G1 X-41.181 Y17.927 E3.28964
G1 X-41.027 Y17.797 E3.29933
G1 X-40.536 Y17.514 E3.32659
G1 X-39.876 Y17.355 E3.35924
G1 X-39.343 Y17.366 E3.38488
G1 X-38.841 Y17.514 E3.41005
G1 X-38.35 Y17.797 E3.43731
G1 X-38.321 Y17.827 E3.43932
G1 X-38.521 Y18.157 F7200
;TYPE:External perimeter
G1 F1200
G1 X-38.13 Y18.606 E3.46796
G1 X-37.905 Y19.185 E3.49784
G1 X-37.888 Y19.758 E3.52541
G1 X-37.9 Y19.898 E3.53217
G1 X-38.094 Y20.431 E3.55945
G1 X-38.492 Y20.923 E3.58989
G1 X-39.034 Y21.25 E3.62034
G1 X-39.655 Y21.371 E3.65077
G1 X-40.281 Y21.273 E3.68125
G1 X-40.834 Y20.966 E3.71167
G1 X-41.25 Y20.489 E3.74211
G1 X-41.489 Y19.832 E3.77574
G1 X-41.489 Y19.265 E3.80301
G1 X-41.284 Y18.667 E3.83341
G1 X-40.886 Y18.174 E3.86388
G1 X-40.343 Y17.848 E3.89434
G1 X-39.803 Y17.734 E3.92088
G1 X-39.356 Y17.755 E3.9424
G1 X-39.034 Y17.848 E3.95852
G1 X-38.565 Y18.118 E3.98455
G1 X-38.297 Y18.415 F7200
G1 E1.98455 F2400
G92 E0
G1 Z3.55 F7200
G1 X-36.769 Y12.291
G1 Z1.55
G1 E2 F2400
;TYPE:Perimeter
G1 F3600
G1 X-36.851 Y12.195 E2.00607
G1 X-37.144 Y11.668 E2.03507
G1 X-37.268 Y11.389 E2.04975
G1 X-37.382 Y10.924 E2.07278
G1 X-37.422 Y10.524 E2.09211
G1 X-38.166 Y-17.746 E3.45227
G1 X-38.112 Y-18.35 E3.48144
G1 X-37.939 Y-18.948 E3.51138
G1 X-37.7 Y-19.425 E3.53704
G1 X-37.349 Y-19.846 E3.5634
G1 X-36.95 Y-20.229 E3.59
G1 X-36.377 Y-20.558 E3.62178
G1 X-36.104 Y-20.663 E3.63585
G1 X-35.515 Y-20.792 E3.66485
G1 X-34.969 Y-20.811 E3.69113
G1 X-34.451 Y-20.732 E3.71633
G1 X-33.72 Y-20.436 E3.75426
G1 X-32.954 Y-19.973 E3.79731
G1 X-10.081 Y-5.735 E5.09315
G1 X-9.655 Y-5.408 E5.11898
G1 X-9.333 Y-5.065 E5.14161
G1 X-9.065 Y-4.667 E5.16469
G1 X-8.842 Y-4.153 E5.19164
G1 X-8.705 Y-3.553 E5.22124
G1 X-8.684 Y-3.011 E5.24733
G1 X-8.789 Y-2.389 E5.27767
G1 X-8.995 Y-1.869 E5.30457
G1 X-9.323 Y-1.348 E5.33418
G1 X-9.692 Y-.95 E5.36028
G1 X-10.131 Y-.626 E5.38652
G1 X-32.887 Y13.015 E6.66259
G1 X-33.389 Y13.253 E6.68931
G1 X-33.851 Y13.382 E6.71238
G1 X-34.327 Y13.437 E6.73543
G1 X-34.806 Y13.414 E6.75849
G1 X-35.276 Y13.315 E6.78159
G1 X-35.724 Y13.142 E6.80469
G1 X-36.137 Y12.901 E6.82769
G1 X-36.508 Y12.597 E6.85076
G1 X-36.73 Y12.337 E6.8672
G1 X-36.467 Y12.053 F7200
G1 F3600
G1 X-36.528 Y11.983 E6.87167
G1 X-36.843 Y11.416 E6.90287
G1 X-36.99 Y10.936 E6.92701
G1 X-37.036 Y10.514 E6.94743
G1 X-37.78 Y-17.756 E8.30759
G1 X-37.742 Y-18.243 E8.33108
G1 X-37.569 Y-18.841 E8.36102
G1 X-37.364 Y-19.236 E8.38242
G1 X-36.865 Y-19.803 E8.41875
G1 X-36.36 Y-20.123 E8.4475
G1 X-36.022 Y-20.286 E8.46555
G1 X-35.433 Y-20.415 E8.49455
G1 X-34.922 Y-20.423 E8.51913
G1 X-34.443 Y-20.325 E8.54265
G1 X-33.871 Y-20.082 E8.57254
G1 X-33.158 Y-19.646 E8.61274
G1 X-10.288 Y-5.409 E9.90843
G1 X-9.929 Y-5.137 E9.93009
G1 X-9.647 Y-4.84 E9.94979
G1 X-9.411 Y-4.498 E9.96978
G1 X-9.218 Y-4.067 E9.99249
G1 X-9.081 Y-3.467 E10.02209
G1 X-9.077 Y-2.924 E10.04821
G1 X-9.154 Y-2.515 E10.06823
G1 X-9.322 Y-2.074 E10.09093
G1 X-9.65 Y-1.553 E10.12054
G1 X-10.032 Y-1.167 E10.14666
G1 X-10.329 Y-.957 E10.16415
G1 X-33.085 Y12.684 E11.44022
G1 X-33.503 Y12.884 E11.46251
G1 X-33.904 Y13 E11.48259
G1 X-34.319 Y13.051 E11.5027
G1 X-34.737 Y13.035 E11.52282
G1 X-35.146 Y12.952 E11.54289
G1 X-35.538 Y12.804 E11.56304
G1 X-35.9 Y12.597 E11.5831
G1 X-36.225 Y12.334 E11.60321
G1 X-36.428 Y12.099 E11.61815
G1 X-36.17 Y11.819 F7200
;TYPE:External perimeter
G1 F1800
G1 X-36.191 Y11.796 E11.61965
G1 X-36.506 Y11.229 E11.65085
G1 X-36.615 Y10.842 E11.67019
G1 X-36.651 Y10.504 E11.68654
G1 X-37.395 Y-17.766 E13.0467
G1 X-37.371 Y-18.136 E13.06453
G1 X-37.198 Y-18.734 E13.09447
G1 X-37.028 Y-19.047 E13.1116
G1 X-36.581 Y-19.542 E13.14368
G1 X-35.994 Y-19.888 E13.17645
G1 X-35.351 Y-20.038 E13.20821
G1 X-34.843 Y-20.019 E13.23266
G1 X-34.475 Y-19.92 E13.25099
G1 X-34.012 Y-19.722 E13.27521
G1 X-10.494 Y-5.083 E14.60758
G1 X-10.204 Y-4.867 E14.62497
G1 X-9.96 Y-4.616 E14.64181
G1 X-9.758 Y-4.329 E14.65869
G1 X-9.594 Y-3.981 E14.67719
G1 X-9.457 Y-3.381 E14.70679
G1 X-9.457 Y-2.987 E14.72574
G1 X-9.518 Y-2.641 E14.74264
G1 X-9.648 Y-2.28 E14.76109
G1 X-9.976 Y-1.759 E14.7907
G1 X-10.255 Y-1.481 E14.80964
G1 X-10.527 Y-1.288 E14.82568
G1 X-33.284 Y12.353 E16.10179
G1 X-33.616 Y12.516 E16.11958
G1 X-33.958 Y12.619 E16.13676
G1 X-34.311 Y12.666 E16.15389
G1 X-34.667 Y12.655 E16.17102
G1 X-35.017 Y12.589 E16.18815
G1 X-35.353 Y12.466 E16.20536
G1 X-35.663 Y12.293 E16.22243
G1 X-35.942 Y12.072 E16.23955
G1 X-36.13 Y11.864 E16.25303
G1 X-36.34 Y11.523 F7200
G1 E14.25303 F2400
G92 E0
G1 Z3.55 F7200
G1 X-38.542 Y-27.832
G1 Z1.55
G1 E2 F2400
;TYPE:Perimeter
G1 F1200
G1 X-38.639 Y-27.565 E2.01366
G1 X-38.807 Y-27.275 E2.02978
G1 X-39.171 Y-26.841 E2.05702
G1 X-39.428 Y-26.626 E2.07314
G1 X-39.921 Y-26.341 E2.10053
G1 X-40.233 Y-26.228 E2.11649
G1 X-40.791 Y-26.13 E2.14374
G1 X-41.126 Y-26.13 E2.15985
G1 X-41.684 Y-26.228 E2.1871
G1 X-41.999 Y-26.342 E2.20321
G1 X-42.49 Y-26.626 E2.23049
G1 X-42.759 Y-26.856 E2.24751
G1 X-43.111 Y-27.275 E2.27383
G1 X-43.278 Y-27.565 E2.28993
G1 X-43.472 Y-28.098 E2.31721
G1 X-43.53 Y-28.428 E2.33333
G1 X-43.53 Y-28.995 E2.3606
G1 X-43.472 Y-29.324 E2.37667
G1 X-43.278 Y-29.857 E2.40395
G1 X-43.111 Y-30.147 E2.42005
G1 X-42.747 Y-30.581 E2.44729
G1 X-42.49 Y-30.797 E2.46344
G1 X-41.999 Y-31.08 E2.4907
G1 X-41.698 Y-31.192 E2.50615
G1 X-41.204 Y-31.286 E2.53034
G1 X-40.629 Y-31.282 E2.558
G1 X-40.151 Y-31.176 E2.58155
G1 X-39.428 Y-30.797 E2.62081
G1 X-39.171 Y-30.581 E2.63696
G1 X-38.807 Y-30.147 E2.6642
G1 X-38.639 Y-29.857 E2.68032
G1 X-38.445 Y-29.324 E2.7076
G1 X-38.387 Y-28.995 E2.72367
G1 X-38.387 Y-28.428 E2.75094
G1 X-38.445 Y-28.098 E2.76706
G1 X-38.522 Y-27.888 E2.77782
G1 X-38.905 Y-27.964 F7200
G1 F1200
G1 X-39.002 Y-27.697 E2.79148
G1 X-39.102 Y-27.523 E2.80113
G1 X-39.467 Y-27.089 E2.8284
G1 X-39.62 Y-26.96 E2.83803
G1 X-40.113 Y-26.675 E2.86542
G1 X-40.567 Y-26.561 E2.88793
G1 X-41.059 Y-26.509 E2.91173
G1 X-41.617 Y-26.608 E2.93899
G1 X-42.024 Y-26.802 E2.96068
G1 X-42.45 Y-27.088 E2.98536
G1 X-42.815 Y-27.523 E3.01267
G1 X-42.957 Y-27.81 E3.02807
G1 X-43.13 Y-28.3 E3.05306
G1 X-43.145 Y-28.995 E3.08649
G1 X-42.916 Y-29.725 E3.12329
G1 X-42.815 Y-29.899 E3.13297
G1 X-42.451 Y-30.333 E3.16021
G1 X-42.297 Y-30.463 E3.1699
G1 X-41.806 Y-30.746 E3.19716
G1 X-41.146 Y-30.905 E3.22981
G1 X-40.526 Y-30.878 E3.25966
G1 X-40.111 Y-30.746 E3.28061
G1 X-39.62 Y-30.463 E3.30787
G1 X-39.466 Y-30.333 E3.31756
G1 X-39.102 Y-29.899 E3.3448
G1 X-39.002 Y-29.725 E3.35445
G1 X-38.808 Y-29.193 E3.38169
G1 X-38.773 Y-28.995 E3.39136
G1 X-38.773 Y-28.428 E3.41863
G1 X-38.808 Y-28.23 E3.4283
G1 X-38.884 Y-28.02 E3.43904
G1 X-39.272 Y-28.097 F7200
;TYPE:External perimeter
G1 F1200
G1 X-39.364 Y-27.829 E3.45267
G1 X-39.762 Y-27.337 E3.48311
G1 X-40.304 Y-27.01 E3.51356
G1 X-40.925 Y-26.889 E3.54399
G1 X-41.517 Y-26.982 E3.57281
G1 X-42.104 Y-27.294 E3.60478
G1 X-42.52 Y-27.771 E3.63522
G1 X-42.747 Y-28.362 E3.66567
G1 X-42.759 Y-28.995 E3.69612
G1 X-42.554 Y-29.593 E3.72652
G1 X-42.156 Y-30.086 E3.75699
G1 X-41.613 Y-30.412 E3.78745
G1 X-41.073 Y-30.526 E3.81399
G1 X-40.626 Y-30.505 E3.83551
G1 X-40.304 Y-30.412 E3.85163
G1 X-39.813 Y-30.129 E3.87889
G1 X-39.397 Y-29.651 E3.90937
G1 X-39.17 Y-29.061 E3.93977
G1 X-39.158 Y-28.428 E3.97022
G1 X-39.252 Y-28.154 E3.98415
G1 X-39.415 Y-27.789 F7200
G1 E1.98415 F2400
G92 E0
G1 Z3.55 F7200
G1 X-43.702 Y20.812
G1 Z1.55
G1 E2 F2400
;TYPE:Perimeter
G1 F3600
G1 X-43.718 Y20.965 E2.0074
G1 X-43.831 Y21.333 E2.02592
G1 X-43.976 Y21.593 E2.04024
G1 X-44.32 Y22.019 E2.06658
G1 X-44.754 Y22.325 E2.09212
G1 X-45.378 Y22.532 E2.12374
G1 X-51.928 Y22.545 E2.43877
G1 X-52.438 Y22.471 E2.46356
G1 X-52.93 Y22.276 E2.48901
G1 X-53.339 Y21.951 E2.51414
G1 X-53.554 Y21.694 E2.53026
G1 X-53.82 Y21.185 E2.55788
G1 X-53.925 Y20.55 E2.58884
G1 X-53.925 Y-22.753 E4.67156
G1 X-53.851 Y-23.26 E4.6962
G1 X-53.626 Y-23.8 E4.72434
G1 X-53.246 Y-24.251 E4.7527
G1 X-52.764 Y-24.556 E4.78013
G1 X-52.45 Y-24.671 E4.79621
G1 X-51.93 Y-24.747 E4.82149
G1 X-46.803 Y-24.747 E5.06808
G1 X-46.303 Y-24.676 E5.09237
G1 X-45.736 Y-24.435 E5.122
G1 X-45.29 Y-24.053 E5.15024
G1 X-45.015 Y-23.621 E5.17487
G1 X-44.896 Y-23.314 E5.19071
G1 X-44.808 Y-22.805 E5.21555
G1 X-43.669 Y20.498 E7.29899
G1 X-43.696 Y20.752 E7.31128
G1 X-44.079 Y20.762 F7200
G1 F3600
G1 X-44.088 Y20.853 E7.31568
G1 X-44.258 Y21.326 E7.33985
G1 X-44.588 Y21.742 E7.36539
G1 X-45.006 Y22.014 E7.38938
G1 X-45.5 Y22.147 E7.41399
G1 X-51.93 Y22.159 E7.72325
G1 X-52.306 Y22.109 E7.74149
G1 X-52.736 Y21.943 E7.76366
G1 X-53.165 Y21.581 E7.79066
G1 X-53.427 Y21.137 E7.81546
G1 X-53.539 Y20.55 E7.8442
G1 X-53.539 Y-22.753 E9.92692
G1 X-53.489 Y-23.128 E9.94512
G1 X-53.305 Y-23.587 E9.9689
G1 X-52.936 Y-24.007 E9.99579
G1 X-52.449 Y-24.275 E10.02253
G1 X-51.93 Y-24.362 E10.04784
G1 X-46.803 Y-24.362 E10.29443
G1 X-46.433 Y-24.313 E10.31238
G1 X-45.96 Y-24.121 E10.33693
G1 X-45.581 Y-23.799 E10.36085
G1 X-45.292 Y-23.307 E10.38829
G1 X-45.195 Y-22.815 E10.41241
G1 X-44.054 Y20.508 E12.49682
G1 X-44.073 Y20.702 E12.5062
G1 X-44.455 Y20.711 F7200
;TYPE:External perimeter
G1 F1800
G1 X-44.457 Y20.742 E12.50769
G1 X-44.584 Y21.119 E12.52682
G1 X-44.934 Y21.523 E12.55253
G1 X-45.127 Y21.648 E12.56359
G1 X-45.501 Y21.761 E12.58238
G1 X-51.93 Y21.774 E12.89159
G1 X-52.174 Y21.747 E12.9034
G1 X-52.569 Y21.59 E12.92384
G1 X-52.887 Y21.309 E12.94425
G1 X-53.089 Y20.935 E12.96469
G1 X-53.154 Y20.55 E12.98347
G1 X-53.154 Y-22.753 E15.06619
G1 X-53.127 Y-22.996 E15.07795
G1 X-52.97 Y-23.391 E15.09839
G1 X-52.689 Y-23.709 E15.1188
G1 X-52.315 Y-23.911 E15.13924
G1 X-51.93 Y-23.976 E15.15802
G1 X-46.803 Y-23.976 E15.40461
G1 X-46.45 Y-23.91 E15.42188
G1 X-46.174 Y-23.799 E15.43619
G1 X-45.839 Y-23.494 E15.45798
G1 X-45.652 Y-23.162 E15.47631
G1 X-45.579 Y-22.785 E15.49478
G1 X-44.44 Y20.518 E17.57822
G1 X-44.45 Y20.651 E17.58463
G1 X-44.559 Y21.036 F7200
G1 E15.58463 F2400
G92 E0
G1 Z3.55 F7200
G1 X29.41 Y12.822
G1 Z1.55
G1 E2 F2400
;TYPE:Perimeter
G1 F3600
G1 X29.339 Y12.796 E2.00364
G1 X28.172 Y12.091 E2.06922
G1 X7.836 Y-.785 E3.22688
G1 X7.405 Y-1.119 E3.25311
G1 X7.081 Y-1.472 E3.27616
G1 X6.785 Y-1.946 E3.30304
G1 X6.559 Y-2.518 E3.33262
G1 X6.457 Y-3.051 E3.35872
G1 X6.453 Y-3.561 E3.38325
G1 X6.559 Y-4.133 E3.41123
G1 X6.722 Y-4.574 E3.43384
G1 X6.958 Y-4.991 E3.45689
G1 X7.299 Y-5.403 E3.48261
G1 X7.849 Y-5.857 E3.51691
G1 X31.083 Y-19.591 E4.81502
G1 X31.539 Y-19.86 E4.84048
G1 X32.053 Y-20.087 E4.86751
G1 X32.575 Y-20.204 E4.89324
G1 X32.988 Y-20.249 E4.91322
G1 X33.62 Y-20.19 E4.94375
G1 X34.17 Y-20.027 E4.97134
G1 X34.885 Y-19.603 E5.01132
G1 X35.299 Y-19.21 E5.03877
G1 X35.644 Y-18.678 E5.06927
G1 X35.838 Y-18.295 E5.08992
G1 X35.972 Y-17.794 E5.11486
G1 X36.02 Y-17.071 E5.14971
G1 X33.578 Y10.344 E6.4735
G1 X33.478 Y10.881 E6.49977
G1 X33.316 Y11.323 E6.52241
G1 X33.087 Y11.734 E6.54504
G1 X32.797 Y12.105 E6.56769
G1 X32.452 Y12.425 E6.59032
G1 X32.061 Y12.687 E6.61296
G1 X31.633 Y12.885 E6.63564
G1 X31.18 Y13.013 E6.65828
G1 X30.713 Y13.069 E6.6809
G1 X30.242 Y13.051 E6.70357
G1 X29.78 Y12.959 E6.72623
G1 X29.466 Y12.843 E6.74233
G1 X29.562 Y12.471 F7200
G1 F3600
G1 X29.519 Y12.455 E6.74454
G1 X28.378 Y11.765 E6.80867
G1 X8.042 Y-1.111 E7.96633
G1 X7.682 Y-1.387 E7.98815
G1 X7.398 Y-1.691 E8.00816
G1 X7.143 Y-2.087 E8.03081
G1 X6.918 Y-2.66 E8.06042
G1 X6.833 Y-3.159 E8.08477
G1 X6.846 Y-3.606 E8.10628
G1 X6.923 Y-4.008 E8.12597
G1 X7.063 Y-4.393 E8.14567
G1 X7.264 Y-4.757 E8.16567
G1 X7.563 Y-5.121 E8.18833
G1 X8.071 Y-5.54 E8.22
G1 X31.279 Y-19.259 E9.51667
G1 X31.722 Y-19.52 E9.5414
G1 X32.154 Y-19.714 E9.56418
G1 X32.773 Y-19.853 E9.59469
G1 X33.546 Y-19.809 E9.63193
G1 X34.042 Y-19.663 E9.6568
G1 X34.678 Y-19.277 E9.69258
G1 X35.064 Y-18.892 E9.7188
G1 X35.413 Y-18.311 E9.7514
G1 X35.576 Y-17.824 E9.7761
G1 X35.633 Y-17.078 E9.81208
G1 X33.193 Y10.31 E11.13456
G1 X33.112 Y10.757 E11.15641
G1 X32.975 Y11.144 E11.17616
G1 X32.778 Y11.504 E11.1959
G1 X32.527 Y11.829 E11.21565
G1 X32.229 Y12.11 E11.23535
G1 X31.706 Y12.433 E11.26492
G1 X31.214 Y12.612 E11.2901
G1 X30.718 Y12.684 E11.31421
G1 X30.308 Y12.671 E11.33394
G1 X29.905 Y12.594 E11.35367
G1 X29.618 Y12.491 E11.36834
G1 X29.713 Y12.119 F7200
;TYPE:External perimeter
G1 F1800
G1 X29.699 Y12.114 E11.36906
G1 X28.584 Y11.439 E11.43175
G1 X8.248 Y-1.437 E12.58941
G1 X7.959 Y-1.656 E12.60685
G1 X7.716 Y-1.91 E12.62376
G1 X7.502 Y-2.228 E12.6422
G1 X7.277 Y-2.801 E12.67181
G1 X7.218 Y-3.19 E12.69073
G1 X7.226 Y-3.54 E12.70757
G1 X7.288 Y-3.883 E12.72433
G1 X7.404 Y-4.213 E12.74115
G1 X7.57 Y-4.522 E12.75802
G1 X7.808 Y-4.824 E12.77651
G1 X8.293 Y-5.223 E12.80672
G1 X31.476 Y-18.927 E14.10198
G1 X31.911 Y-19.184 E14.12628
G1 X32.238 Y-19.338 E14.14366
G1 X32.857 Y-19.477 E14.17417
G1 X33.511 Y-19.425 E14.20572
G1 X33.954 Y-19.28 E14.22814
G1 X34.472 Y-18.952 E14.25763
G1 X34.768 Y-18.642 E14.27825
G1 X35.081 Y-18.115 E14.30773
G1 X35.205 Y-17.705 E14.32833
G1 X35.246 Y-17.079 E14.3585
G1 X32.809 Y10.276 E15.67939
G1 X32.747 Y10.634 E15.69686
G1 X32.633 Y10.965 E15.7137
G1 X32.469 Y11.274 E15.73053
G1 X32.258 Y11.553 E15.74735
G1 X32.006 Y11.796 E15.76419
G1 X31.535 Y12.087 E15.79082
G1 X31.07 Y12.25 E15.81452
G1 X30.723 Y12.298 E15.83137
G1 X30.373 Y12.291 E15.84821
G1 X30.029 Y12.229 E15.86502
G1 X29.77 Y12.139 E15.87821
G1 X29.421 Y11.943 F7200
G1 E13.87821 F2400
G92 E0
G1 Z3.55 F7200
G1 X41.591 Y-31.284
G1 Z1.55
G1 E2 F2400
;TYPE:Perimeter
G1 F1200
G1 X41.921 Y-31.282 E2.01587
G1 X42.399 Y-31.176 E2.03942
G1 X43.122 Y-30.797 E2.07868
G1 X43.379 Y-30.581 E2.09483
G1 X43.743 Y-30.147 E2.12207
G1 X43.911 Y-29.857 E2.13819
G1 X44.105 Y-29.324 E2.16547
G1 X44.163 Y-28.995 E2.18154
G1 X44.163 Y-28.428 E2.20881
G1 X44.105 Y-28.098 E2.22493
G1 X43.911 Y-27.565 E2.25221
G1 X43.743 Y-27.275 E2.26833
G1 X43.379 Y-26.841 E2.29557
G1 X43.122 Y-26.626 E2.31169
G1 X42.632 Y-26.342 E2.33893
G1 X42.317 Y-26.228 E2.35504
G1 X41.759 Y-26.13 E2.38229
G1 X41.424 Y-26.13 E2.3984
G1 X40.866 Y-26.228 E2.42565
G1 X40.497 Y-26.374 E2.44474
G1 X40.053 Y-26.63 E2.46939
G1 X39.803 Y-26.841 E2.48512
G1 X39.439 Y-27.275 E2.51236
G1 X39.272 Y-27.565 E2.52846
G1 X39.076 Y-28.102 E2.55595
G1 X39.02 Y-28.428 E2.57186
G1 X39.02 Y-28.995 E2.59913
G1 X39.078 Y-29.324 E2.6152
G1 X39.272 Y-29.857 E2.64248
G1 X39.439 Y-30.147 E2.65858
G1 X39.803 Y-30.581 E2.68582
G1 X40.06 Y-30.797 E2.70197
G1 X40.551 Y-31.08 E2.72923
G1 X40.852 Y-31.192 E2.74468
G1 X41.346 Y-31.286 E2.76887
G1 X41.531 Y-31.285 E2.77777
G1 X41.591 Y-30.897 F7200
G1 F1200
G1 X42.024 Y-30.878 E2.79862
G1 X42.439 Y-30.746 E2.81957
G1 X42.93 Y-30.463 E2.84683
G1 X43.084 Y-30.333 E2.85652
G1 X43.448 Y-29.899 E2.88376
G1 X43.548 Y-29.725 E2.89341
G1 X43.742 Y-29.193 E2.92065
G1 X43.777 Y-28.995 E2.93032
G1 X43.777 Y-28.428 E2.95759
G1 X43.742 Y-28.23 E2.96726
G1 X43.548 Y-27.697 E2.99454
G1 X43.448 Y-27.523 E3.00419
G1 X43.084 Y-27.089 E3.03143
G1 X42.93 Y-26.96 E3.04109
G1 X42.439 Y-26.676 E3.06837
G1 X42.25 Y-26.608 E3.07803
G1 X41.692 Y-26.509 E3.10529
G1 X41.491 Y-26.509 E3.11496
G1 X40.933 Y-26.608 E3.14222
G1 X40.69 Y-26.708 E3.15486
G1 X40.249 Y-26.962 E3.17934
G1 X40.099 Y-27.089 E3.18879
G1 X39.734 Y-27.523 E3.21606
G1 X39.634 Y-27.697 E3.22571
G1 X39.439 Y-28.232 E3.2531
G1 X39.405 Y-28.428 E3.26267
G1 X39.405 Y-28.995 E3.28994
G1 X39.44 Y-29.193 E3.29961
G1 X39.634 Y-29.725 E3.32685
G1 X39.734 Y-29.899 E3.3365
G1 X40.099 Y-30.333 E3.36377
G1 X40.253 Y-30.463 E3.37346
G1 X40.744 Y-30.746 E3.40072
G1 X41.404 Y-30.905 E3.43337
G1 X41.531 Y-30.899 E3.43949
G1 X41.591 Y-30.521 F7200
;TYPE:External perimeter
G1 F1200
G1 X41.924 Y-30.505 E3.45552
G1 X42.246 Y-30.412 E3.47164
G1 X42.737 Y-30.129 E3.4989
G1 X43.153 Y-29.651 E3.52938
G1 X43.38 Y-29.061 E3.55978
G1 X43.392 Y-28.428 E3.59023
G1 X43.186 Y-27.829 E3.6207
G1 X42.788 Y-27.337 E3.65114
G1 X42.246 Y-27.01 E3.68159
G1 X41.625 Y-26.889 E3.71202
G1 X40.999 Y-26.987 E3.7425
G1 X40.446 Y-27.294 E3.77292
G1 X40.03 Y-27.771 E3.80336
G1 X39.803 Y-28.362 E3.83381
G1 X39.791 Y-28.995 E3.86426
G1 X39.996 Y-29.593 E3.89466
G1 X40.394 Y-30.086 E3.92513
G1 X40.937 Y-30.412 E3.95559
G1 X41.477 Y-30.526 E3.98213
G1 X41.531 Y-30.524 E3.98473
G1 X41.93 Y-30.491 F7200
G1 E1.98473 F2400
G92 E0
G1 Z3.55 F7200
G1 X37.775 Y20.073
G1 Z1.55
G1 E2 F2400
;TYPE:Perimeter
;WIDTH:0.417431
G1 F1200
G1 X37.827 Y19.265 E2.03565
G1 E.03565 F2400
G92 E0
G1 Z3.55 F7200
G1 X38.06 Y22.518
G1 Z1.55
G1 E2 F2400
;WIDTH:0.45
G1 F3600
G1 X37.841 Y22.004 E2.02687
G1 X37.711 Y21.538 E2.05014
G1 X37.673 Y20.93 E2.07944
G1 X37.716 Y20.541 E2.09826
;WIDTH:0.421037
G1 X37.759 Y20.153 E2.11563
G1 X37.675 Y20.424 E2.12825
;WIDTH:0.45
G1 X37.591 Y20.695 E2.1419
G1 X37.423 Y20.985 E2.15802
G1 X37.059 Y21.419 E2.18526
G1 X36.802 Y21.634 E2.20138
G1 X36.312 Y21.918 E2.22862
G1 X35.997 Y22.032 E2.24473
G1 X35.438 Y22.131 E2.27203
G1 X35.104 Y22.13 E2.28809
G1 X34.546 Y22.032 E2.31534
G1 X34.231 Y21.918 E2.33145
G1 X33.74 Y21.634 E2.35873
G1 X33.483 Y21.419 E2.37485
G1 X33.048 Y20.888 E2.40786
G1 X32.758 Y20.162 E2.44546
G1 X32.7 Y19.832 E2.46158
G1 X32.7 Y19.265 E2.48885
G1 X32.758 Y18.936 E2.50492
G1 X32.952 Y18.403 E2.5322
G1 X33.119 Y18.113 E2.5483
G1 X33.483 Y17.679 E2.57554
G1 X33.74 Y17.463 E2.59169
G1 X34.231 Y17.18 E2.61895
G1 X34.532 Y17.068 E2.6344
G1 X35.089 Y16.965 E2.66164
G1 X35.601 Y16.978 E2.68627
G1 X36.079 Y17.084 E2.70982
G1 X36.802 Y17.463 E2.74908
G1 X37.059 Y17.679 E2.76523
G1 X37.423 Y18.113 E2.79247
G1 X37.591 Y18.403 E2.80859
G1 X37.782 Y18.936 E2.83582
;WIDTH:0.445103
G1 X37.827 Y19.265 E2.85159
;WIDTH:0.45
G1 X37.89 Y18.364 E2.89503
G1 X39.587 Y-.678 E3.81451
G1 X39.69 Y-1.225 E3.84128
G1 X39.857 Y-1.676 E3.86441
G1 X40.094 Y-2.094 E3.88752
G1 X40.395 Y-2.468 E3.91061
G1 X40.753 Y-2.79 E3.93377
G1 X41.157 Y-3.05 E3.95688
G1 X41.672 Y-3.261 E3.98365
G1 X42.31 Y-3.388 E4.01494
G1 X42.867 Y-3.391 E4.04173
G1 X43.413 Y-3.287 E4.06846
G1 X43.932 Y-3.078 E4.09537
G1 X44.342 Y-2.826 E4.11852
G1 X44.754 Y-2.452 E4.14528
G1 X45.144 Y-1.931 E4.17658
G1 X45.387 Y-1.43 E4.20336
G1 X45.538 Y-.814 E4.23386
G1 X45.567 Y-.413 E4.2532
G1 X45.567 Y21.05 E5.2855
G1 X45.456 Y21.828 E5.3233
G1 X45.273 Y22.34 E5.34945
G1 X44.948 Y22.869 E5.37931
G1 X44.634 Y23.219 E5.40193
G1 X44.269 Y23.515 E5.42453
G1 X43.854 Y23.754 E5.44756
G1 X43.345 Y23.936 E5.47356
G1 X42.647 Y24.045 E5.50754
G1 X40.658 Y24.045 E5.6032
G1 X39.91 Y23.942 E5.63952
G1 X39.634 Y23.856 E5.65342
G1 X39.084 Y23.589 E5.68283
G1 X38.846 Y23.425 E5.69673
G1 X38.401 Y23.006 E5.72613
G1 X38.089 Y22.586 E5.75129
G1 X38.084 Y22.573 E5.75196
G1 X38.392 Y22.331 F7200
G1 F3600
G1 X38.366 Y22.293 E5.75417
G1 X38.132 Y21.684 E5.78555
G1 X38.067 Y21.046 E5.81639
G1 X38.115 Y20.184 E5.85791
G1 X39.971 Y-.644 E6.86363
G1 X40.055 Y-1.101 E6.88598
G1 X40.197 Y-1.494 E6.90608
G1 X40.401 Y-1.86 E6.92623
G1 X40.661 Y-2.189 E6.9464
G1 X40.97 Y-2.471 E6.96652
G1 X41.32 Y-2.701 E6.98666
G1 X41.748 Y-2.883 E7.00903
G1 X42.385 Y-3.01 E7.04027
G1 X42.897 Y-3.002 E7.0649
G1 X43.35 Y-2.902 E7.08721
G1 X43.739 Y-2.745 E7.10739
G1 X44.097 Y-2.528 E7.12752
G1 X44.445 Y-2.22 E7.14987
G1 X44.835 Y-1.7 E7.18113
G1 X45.061 Y-1.191 E7.20792
G1 X45.154 Y-.783 E7.22805
G1 X45.182 Y-.413 E7.2459
G1 X45.182 Y21.05 E8.2782
G1 X45.075 Y21.767 E8.31307
G1 X44.875 Y22.274 E8.33928
G1 X44.655 Y22.619 E8.35896
G1 X44.384 Y22.926 E8.37866
G1 X44.068 Y23.186 E8.39834
G1 X43.71 Y23.396 E8.4183
G1 X43.268 Y23.558 E8.44094
G1 X42.617 Y23.659 E8.47263
G1 X40.658 Y23.659 E8.56685
G1 X39.968 Y23.561 E8.60037
G1 X39.253 Y23.242 E8.63803
G1 X38.665 Y22.725 E8.67569
G1 X38.426 Y22.38 E8.69588
G1 X38.726 Y22.142 F7200
;TYPE:External perimeter
G1 F1800
G1 X38.71 Y22.118 E8.69727
G1 X38.493 Y21.547 E8.72665
G1 X38.451 Y21.022 E8.75198
G1 X38.5 Y20.219 E8.79067
G1 X40.355 Y-.61 E9.79644
G1 X40.419 Y-.976 E9.81431
G1 X40.537 Y-1.313 E9.83148
G1 X40.708 Y-1.626 E9.84863
G1 X40.926 Y-1.909 E9.86581
G1 X41.187 Y-2.153 E9.88299
G1 X41.483 Y-2.352 E9.90014
G1 X41.823 Y-2.504 E9.91805
G1 X42.461 Y-2.631 E9.94934
G1 X42.863 Y-2.617 E9.96869
G1 X43.212 Y-2.541 E9.98587
G1 X43.545 Y-2.411 E10.00306
G1 X43.852 Y-2.23 E10.0202
G1 X44.137 Y-1.989 E10.03815
G1 X44.526 Y-1.469 E10.06938
G1 X44.687 Y-1.099 E10.08879
G1 X44.77 Y-.752 E10.10595
G1 X44.796 Y-.413 E10.1223
G1 X44.796 Y21.05 E11.1546
G1 X44.694 Y21.707 E11.18658
G1 X44.546 Y22.072 E11.20552
G1 X44.362 Y22.369 E11.22232
G1 X44.133 Y22.632 E11.23909
G1 X43.867 Y22.857 E11.25585
G1 X43.566 Y23.038 E11.27274
G1 X43.208 Y23.177 E11.29121
G1 X42.587 Y23.274 E11.32144
G1 X40.658 Y23.274 E11.41422
G1 X40.026 Y23.18 E11.44495
G1 X39.422 Y22.895 E11.47707
G1 X38.929 Y22.444 E11.50921
G1 X38.76 Y22.192 E11.5238
G1 X38.601 Y21.824 F7200
G1 E9.5238 F2400
G92 E0
G1 Z3.55 F7200
G1 X33.103 Y19.166
G1 Z1.55
G1 E2 F2400
;TYPE:Perimeter
G1 F1200
G1 X33.12 Y19.067 E2.00483
G1 X33.314 Y18.535 E2.03207
G1 X33.414 Y18.361 E2.04172
G1 X33.779 Y17.927 E2.06899
G1 X33.997 Y17.76 E2.0822
G1 X34.454 Y17.498 E2.10754
G1 X35.068 Y17.358 E2.13783
G1 X35.583 Y17.363 E2.1626
G1 X36.119 Y17.514 E2.18938
G1 X36.61 Y17.797 E2.21664
G1 X36.764 Y17.927 E2.22633
G1 X37.128 Y18.361 E2.25357
G1 X37.228 Y18.535 E2.26322
G1 X37.422 Y19.067 E2.29046
G1 X37.457 Y19.265 E2.30013
G1 X37.457 Y19.832 E2.3274
G1 X37.422 Y20.03 E2.33707
G1 X37.228 Y20.563 E2.36435
G1 X37.128 Y20.737 E2.374
G1 X36.764 Y21.171 E2.40124
G1 X36.61 Y21.3 E2.4109
G1 X36.119 Y21.584 E2.43818
G1 X35.93 Y21.652 E2.44784
G1 X35.371 Y21.751 E2.47514
G1 X35.171 Y21.751 E2.48476
G1 X34.613 Y21.652 E2.51202
G1 X34.424 Y21.584 E2.52168
G1 X33.933 Y21.3 E2.54896
G1 X33.779 Y21.171 E2.55862
G1 X33.414 Y20.737 E2.58589
G1 X33.12 Y20.03 E2.62272
G1 X33.085 Y19.832 E2.63239
G1 X33.085 Y19.265 E2.65966
G1 X33.092 Y19.225 E2.66161
G1 X33.482 Y19.233 F7200
;TYPE:External perimeter
G1 F1200
G1 X33.676 Y18.667 E2.69039
G1 X34.047 Y18.207 E2.71881
G1 X34.518 Y17.905 E2.74572
G1 X34.677 Y17.825 E2.75428
G1 X35.172 Y17.732 E2.7785
G1 X35.604 Y17.755 E2.79931
G1 X35.926 Y17.848 E2.81543
G1 X36.417 Y18.131 E2.84269
G1 X36.833 Y18.609 E2.87317
G1 X37.06 Y19.199 E2.90357
G1 X37.072 Y19.832 E2.93402
G1 X36.866 Y20.431 E2.96449
G1 X36.417 Y20.966 E2.99808
G1 X35.926 Y21.25 E3.02536
G1 X35.366 Y21.36 E3.05281
G1 X35.238 Y21.371 E3.05899
G1 X34.679 Y21.273 E3.08629
G1 X34.126 Y20.966 E3.11671
G1 X33.71 Y20.489 E3.14715
G1 X33.483 Y19.898 E3.1776
G1 X33.471 Y19.291 E3.2068
G1 X33.594 Y18.91 F7200
G1 E1.2068 F2400
G92 E0
G1 Z3.55 F7200
G1 X54.075 Y-34.255
G1 Z1.55
G1 E2 F2400
;TYPE:Perimeter
G1 F3600
G1 X54.075 Y28.753 E5.03047
G1 X-63.933 Y28.753 E10.70624
G1 X-63.933 Y-34.255 E13.73671
G1 X54.015 Y-34.255 E19.4096
G1 X54.461 Y-34.641 F7200
G1 F3600
G1 X54.461 Y29.138 E22.47715
G1 X-64.318 Y29.138 E28.19001
G1 X-64.318 Y-34.641 E31.25756
G1 X54.401 Y-34.641 E36.96753
G1 X54.846 Y-35.026 F7200
;TYPE:External perimeter
G1 F1800
G1 X54.846 Y29.524 E40.07216
G1 X-64.704 Y29.524 E45.8221
G1 X-64.704 Y-35.026 E48.92673
G1 X54.786 Y-35.026 E54.67378
G1 X54.846 Y-34.631 F7200
G1 X53.962 Y-33.462
;TYPE:Top solid infill
;WIDTH:0.400497
G1 F900
G1 X53.433 Y-33.991 E54.70514
G1 X52.958 Y-33.991 E54.72505
G1 X53.811 Y-33.138 E54.77562
G1 X53.811 Y-32.663 E54.79553
G1 X52.483 Y-33.991 E54.87426
G1 X52.007 Y-33.991 E54.89421
G1 X53.811 Y-32.187 E55.00116
G1 X53.811 Y-31.712 E55.02107
G1 X51.532 Y-33.991 E55.15619
G1 X51.057 Y-33.991 E55.1761
G1 X53.811 Y-31.237 E55.33938
G1 X53.811 Y-30.761 E55.35933
G1 X50.581 Y-33.991 E55.55083
G1 X50.106 Y-33.991 E55.57074
G1 X53.811 Y-30.286 E55.7904
G1 X53.811 Y-29.811 E55.81031
G1 X49.631 Y-33.991 E56.05813
G1 X49.155 Y-33.991 E56.07808
G1 X53.811 Y-29.335 E56.35412
G1 X53.811 Y-28.86 E56.37403
G1 X48.68 Y-33.991 E56.67823
G1 X48.205 Y-33.991 E56.69814
G1 X53.811 Y-28.385 E57.0305
G1 X53.811 Y-27.909 E57.05045
G1 X47.729 Y-33.991 E57.41103
G1 X47.254 Y-33.991 E57.43094
G1 X53.811 Y-27.434 E57.81968
G1 X53.811 Y-26.959 E57.83959
G1 X46.779 Y-33.991 E58.2565
G1 X46.303 Y-33.991 E58.27645
G1 X53.811 Y-26.483 E58.72158
G1 X53.811 Y-26.008 E58.74149
G1 X45.828 Y-33.991 E59.21478
G1 X45.353 Y-33.991 E59.23469
G1 X53.811 Y-25.533 E59.73614
G1 X53.811 Y-25.057 E59.75609
G1 X44.877 Y-33.991 E60.28576
G1 X44.402 Y-33.991 E60.30567
G1 X53.811 Y-24.582 E60.8635
G1 X53.811 Y-24.107 E60.88341
G1 X43.927 Y-33.991 E61.4694
G1 X43.451 Y-33.991 E61.48935
G1 X53.811 Y-23.631 E62.10356
G1 X53.811 Y-23.156 E62.12347
G1 X42.976 Y-33.991 E62.76584
G1 X42.501 Y-33.991 E62.78575
G1 X53.811 Y-22.681 E63.45629
G1 X53.811 Y-22.205 E63.47624
G1 X42.025 Y-33.991 E64.175
G1 X41.55 Y-33.991 E64.19491
G1 X53.811 Y-21.73 E64.92183
G1 X53.811 Y-21.255 E64.94174
G1 X41.074 Y-33.991 E65.69685
G1 X40.599 Y-33.991 E65.71676
G1 X53.811 Y-20.779 E66.50006
G1 X53.811 Y-20.304 E66.51997
G1 X44.133 Y-29.981 E67.09372
G1 X44.354 Y-29.413 E67.11927
G1 X44.402 Y-29.237 E67.12692
G1 X53.811 Y-19.828 E67.68475
G1 X53.811 Y-19.353 E67.70466
G1 X44.423 Y-28.741 E68.26125
G1 X44.416 Y-28.272 E68.28091
G1 X53.811 Y-18.878 E68.83788
G1 X53.811 Y-18.402 E68.85783
G1 X44.313 Y-27.901 E69.42097
G1 X44.182 Y-27.556 E69.43644
G1 X53.811 Y-17.927 E70.00731
G1 X53.811 Y-17.452 E70.02722
G1 X44.03 Y-27.232 E70.60708
G1 X43.825 Y-26.962 E70.62129
G1 X53.811 Y-16.976 E71.21333
G1 X53.811 Y-16.501 E71.23324
G1 X43.608 Y-26.704 E71.83815
G1 X43.477 Y-26.561 E71.84628
G1 X43.361 Y-26.475 E71.85233
G1 X53.811 Y-16.026 E72.47185
G1 X53.811 Y-15.55 E72.4918
G1 X43.067 Y-26.294 E73.12878
G1 X42.761 Y-26.125 E73.14343
G1 X53.811 Y-15.075 E73.79855
G1 X53.811 Y-14.6 E73.81846
G1 X42.427 Y-25.983 E74.49335
G1 X42.023 Y-25.912 E74.51055
G1 X53.811 Y-14.124 E75.20943
G1 X53.811 Y-13.649 E75.22934
G1 X41.605 Y-25.855 E75.953
G1 X41.382 Y-25.869 E75.96237
G1 X41.059 Y-25.926 E75.97612
G1 X53.811 Y-13.174 E76.73215
G1 X53.811 Y-12.698 E76.7521
G1 X40.36 Y-26.149 E77.54957
G1 X39.779 Y-26.498 E77.57798
G1 X39.637 Y-26.631 E77.58614
G1 X39.234 Y-27.109 E77.61235
G1 X39.082 Y-27.338 E77.62387
G1 X39.029 Y-27.481 E77.63026
G1 X32.518 Y-33.991 E78.01625
G1 X32.994 Y-33.991 E78.0362
G1 X38.779 Y-28.206 E78.37918
G1 X38.755 Y-28.426 E78.38846
G1 X38.761 Y-28.699 E78.39991
G1 X33.469 Y-33.991 E78.71366
G1 X33.944 Y-33.991 E78.73357
G1 X38.77 Y-29.165 E79.01969
G1 X38.874 Y-29.537 E79.03588
G1 X34.42 Y-33.991 E79.29994
G1 X34.895 Y-33.991 E79.31985
G1 X39.001 Y-29.885 E79.56328
G1 X39.108 Y-30.133 E79.5746
G1 X39.158 Y-30.204 E79.57824
G1 X35.37 Y-33.991 E79.80279
G1 X35.846 Y-33.991 E79.82274
G1 X39.366 Y-30.471 E80.03143
G1 X39.583 Y-30.729 E80.04556
G1 X36.321 Y-33.991 E80.23895
G1 X36.796 Y-33.991 E80.25886
G1 X39.837 Y-30.95 E80.43915
G1 X39.922 Y-31.022 E80.44382
G1 X40.124 Y-31.139 E80.45361
G1 X37.272 Y-33.991 E80.6227
G1 X37.747 Y-33.991 E80.64261
G1 X40.426 Y-31.312 E80.80144
G1 X40.772 Y-31.441 E80.81692
G1 X38.222 Y-33.991 E80.9681
G1 X38.698 Y-33.991 E80.98805
G1 X41.167 Y-31.521 E81.13446
G1 X41.303 Y-31.547 E81.14026
G1 X41.603 Y-31.561 E81.15285
G1 X39.173 Y-33.991 E81.29692
G1 X39.648 Y-33.991 E81.31683
G1 X42.123 Y-31.517 E81.46354
G1 X42.472 Y-31.43 E81.47862
G1 X42.863 Y-31.251 E81.49665
G1 X39.973 Y-34.142 E81.66802
G1 E79.66802 F2400
G92 E0
G1 Z3.55 F7200
G1 X17.349 Y11.208
G1 Z1.55
G1 E2 F2400
G1 F900
G1 X-.38 Y-6.521 E3.0511
G1 X-.542 Y-6.5 E3.05795
G1 X-.838 Y-6.503 E3.07036
G1 X15.618 Y9.953 E4.04599
G1 X14.359 Y9.169 E4.10817
G1 X-1.377 Y-6.568 E5.04114
G1 X-1.524 Y-6.592 E5.04738
G1 X-1.987 Y-6.746 E5.06784
G1 X-2.078 Y-6.793 E5.07213
G1 X13.1 Y8.385 E5.97199
G1 X11.841 Y7.601 E6.03417
G1 X-3.257 Y-7.497 E6.92929
G1 X-4.553 Y-8.317 E6.99358
G1 X10.582 Y6.818 E7.89089
G1 X9.323 Y6.034 E7.95307
G1 X-5.848 Y-9.137 E8.85251
G1 X-7.144 Y-9.957 E8.9168
G1 X8.064 Y5.25 E9.81841
G1 X6.805 Y4.467 E9.88056
G1 X-8.439 Y-10.777 E10.78433
G1 X-9.735 Y-11.598 E10.84865
G1 X5.546 Y3.683 E11.75461
G1 X4.287 Y2.899 E11.81679
G1 X-11.03 Y-12.418 E12.72489
G1 X-12.326 Y-13.238 E12.78918
G1 X3.028 Y2.115 E13.69944
G1 X1.769 Y1.332 E13.76159
G1 X-13.621 Y-14.058 E14.67402
G1 X-14.916 Y-14.878 E14.73828
G1 X.51 Y.548 E15.65284
G1 X.194 Y.351 E15.66845
G1 X-.438 Y.075 E15.69736
G1 X-16.212 Y-15.698 E16.63252
G1 X-17.507 Y-16.518 E16.69678
G1 X-1.048 Y-.059 E17.67258
G1 X-1.571 Y-.107 E17.6946
G1 X-18.803 Y-17.338 E18.7162
G1 X-20.098 Y-18.159 E18.78048
G1 X-1.998 Y-.058 E19.8536
G1 X-2.385 Y.03 E19.87024
G1 X-21.394 Y-18.979 E20.99723
G1 X-22.689 Y-19.799 E21.06149
G1 X-2.634 Y.256 E22.25049
G1 E20.25049 F2400
G92 E0
G1 Z3.55 F7200
G1 X-11.614 Y-6.822
G1 Z1.55
G1 E2 F2400
G1 F900
G1 X-38.783 Y-33.991 E3.61077
G1 X-39.258 Y-33.991 E3.63068
G1 X-13.344 Y-8.077 E5.16704
G1 X-14.603 Y-8.861 E5.22922
G1 X-39.733 Y-33.991 E6.7191
G1 X-40.209 Y-33.991 E6.73905
G1 X-15.863 Y-9.645 E8.18245
G1 X-17.122 Y-10.429 E8.24463
G1 X-40.684 Y-33.991 E9.64155
G1 X-41.159 Y-33.991 E9.66146
G1 X-18.381 Y-11.213 E11.0119
G1 X-19.64 Y-11.997 E11.07408
G1 X-41.635 Y-33.991 E12.37807
G1 X-42.11 Y-33.991 E12.39798
G1 X-20.9 Y-12.78 E13.65549
G1 X-22.159 Y-13.564 E13.71767
G1 X-38.316 Y-29.722 E14.6756
G1 X-38.196 Y-29.412 E14.68954
G1 X-38.139 Y-29.193 E14.69903
G1 X-38.128 Y-29.058 E14.70471
G1 X-23.418 Y-14.348 E15.57682
G1 X-24.677 Y-15.132 E15.639
G1 X-38.123 Y-28.578 E16.43617
G1 X-38.123 Y-28.425 E16.44258
G1 X-38.161 Y-28.141 E16.45459
G1 X-25.937 Y-15.916 E17.17934
G1 X-27.196 Y-16.7 E17.24152
G1 X-38.279 Y-27.783 E17.8986
G1 X-38.41 Y-27.439 E17.91403
G1 X-28.455 Y-17.484 E18.50423
G1 X-29.714 Y-18.268 E18.56641
G1 X-38.582 Y-27.135 E19.09214
G1 X-38.798 Y-26.876 E19.10628
G1 X-30.974 Y-19.052 E19.57014
G1 X-32.233 Y-19.836 E19.63232
G1 X-39.017 Y-26.62 E20.03452
G1 X-39.28 Y-26.408 E20.04868
G1 X-33.48 Y-20.608 E20.39254
G1 X-34.312 Y-20.964 E20.43048
G1 X-39.584 Y-26.236 E20.74304
G1 X-39.889 Y-26.066 E20.75768
G1 X-34.893 Y-21.07 E21.05388
G1 X-35.374 Y-21.076 E21.07405
G1 X-40.255 Y-25.957 E21.36343
G1 X-40.665 Y-25.891 E21.38084
G1 X-35.778 Y-21.005 E21.67055
G1 X-36.168 Y-20.919 E21.68729
G1 X-41.114 Y-25.865 E21.98052
G1 X-41.684 Y-25.96 E22.00475
G1 X-36.508 Y-20.783 E22.31165
G1 X-36.811 Y-20.611 E22.32626
G1 X-50.191 Y-33.991 E23.11952
G1 X-49.715 Y-33.991 E23.13947
G1 X-43.714 Y-27.989 E23.49528
G1 X-43.79 Y-28.314 E23.50927
G1 X-43.791 Y-28.542 E23.51883
G1 X-49.24 Y-33.991 E23.84188
G1 X-48.765 Y-33.991 E23.86179
G1 X-43.792 Y-29.018 E24.15662
G1 X-43.767 Y-29.254 E24.16657
G1 X-43.712 Y-29.413 E24.17362
G1 X-48.289 Y-33.991 E24.44501
G1 X-47.814 Y-33.991 E24.46492
G1 X-43.59 Y-29.766 E24.71538
G1 X-43.454 Y-30.106 E24.73073
G1 X-47.339 Y-33.991 E24.96106
G1 X-46.863 Y-33.991 E24.98101
G1 X-43.257 Y-30.384 E25.19483
G1 X-43.04 Y-30.643 E25.209
G1 X-46.388 Y-33.991 E25.40749
G1 X-45.913 Y-33.991 E25.4274
G1 X-42.8 Y-30.878 E25.61196
G1 X-42.628 Y-31.022 E25.62136
G1 X-42.527 Y-31.08 E25.62624
G1 X-45.437 Y-33.991 E25.79879
G1 X-44.962 Y-33.991 E25.8187
G1 X-42.226 Y-31.254 E25.98094
G1 X-42.126 Y-31.312 E25.98579
G1 X-41.894 Y-31.398 E25.99616
G1 X-44.487 Y-33.991 E26.14989
G1 X-44.011 Y-33.991 E26.16984
G1 X-41.516 Y-31.496 E26.31776
G1 X-41.105 Y-31.559 E26.33519
G1 X-43.536 Y-33.991 E26.47935
G1 X-43.061 Y-33.991 E26.49926
G1 X-40.616 Y-31.546 E26.64422
G1 X-40.362 Y-31.506 E26.655
G1 X-39.987 Y-31.393 E26.67142
G1 X-42.736 Y-34.142 E26.8344
G1 E24.8344 F2400
G92 E0
G1 Z3.55 F7200
G1 X-37.508 Y-34.142
G1 Z1.55
G1 E2 F2400
G1 F900
G1 X-3.068 Y.297 E4.04181
G1 X-3.372 Y.47 E4.05647
G1 X-37.832 Y-33.991 E6.09953
G1 X-38.307 Y-33.991 E6.11944
G1 X-10.826 Y-6.509 E7.74874
G1 X-9.938 Y-5.957 E7.79257
G1 X-9.609 Y-5.717 E7.80964
G1 X-9.24 Y-5.364 E7.83105
G1 X-8.931 Y-4.957 E7.85247
G1 X-8.829 Y-4.785 E7.86085
G1 X-8.676 Y-4.473 E7.87542
G1 X-8.615 Y-4.298 E7.88319
G1 X-3.67 Y.646 E8.17633
G1 X-3.969 Y.823 E8.1909
G1 X-8.461 Y-3.669 E8.45722
G1 X-8.417 Y-3.378 E8.46956
G1 X-8.42 Y-3.153 E8.47899
G1 X-4.268 Y.999 E8.72515
G1 X-4.567 Y1.176 E8.73972
G1 X-8.456 Y-2.714 E8.97032
G1 X-8.49 Y-2.497 E8.97953
G1 X-8.543 Y-2.325 E8.98708
G1 X-4.865 Y1.352 E9.20511
G1 X-5.164 Y1.529 E9.21968
G1 X-8.658 Y-1.965 E9.42683
G1 X-8.82 Y-1.652 E9.44161
G1 X-5.463 Y1.706 E9.64067
G1 X-5.762 Y1.882 E9.65522
G1 X-9.004 Y-1.36 E9.84743
G1 X-9.201 Y-1.081 E9.86175
G1 X-6.06 Y2.059 E10.04794
G1 X-6.359 Y2.235 E10.06249
G1 X-9.432 Y-.837 E10.24465
G1 X-9.688 Y-.618 E10.25877
G1 X-6.658 Y2.412 E10.43841
G1 X-6.957 Y2.589 E10.45298
G1 X-9.966 Y-.421 E10.6314
G1 X-10.263 Y-.243 E10.64592
G1 X-7.255 Y2.765 E10.82426
G1 X-7.554 Y2.942 E10.83883
G1 X-10.561 Y-.065 E11.01711
G1 X-10.858 Y.113 E11.03163
G1 X-7.853 Y3.118 E11.20979
G1 X-8.151 Y3.295 E11.22432
G1 X-11.155 Y.292 E11.40239
G1 X-11.452 Y.47 E11.41691
G1 X-8.45 Y3.472 E11.59489
G1 X-8.749 Y3.648 E11.60944
G1 X-11.749 Y.648 E11.7873
G1 X-12.046 Y.826 E11.80182
G1 X-9.048 Y3.825 E11.97959
G1 X-9.346 Y4.001 E11.9941
G1 X-12.344 Y1.004 E12.17181
G1 X-12.641 Y1.182 E12.18633
G1 X-9.645 Y4.178 E12.36395
G1 X-9.944 Y4.355 E12.37852
G1 X-12.938 Y1.361 E12.55603
G1 X-13.235 Y1.539 E12.57055
G1 X-10.243 Y4.531 E12.74794
G1 X-10.541 Y4.708 E12.76247
G1 X-13.532 Y1.717 E12.9398
G1 X-13.829 Y1.895 E12.95432
G1 X-10.84 Y4.884 E13.13153
G1 X-11.139 Y5.061 E13.1461
G1 X-14.127 Y2.073 E13.32325
G1 X-14.424 Y2.252 E13.33779
G1 X-11.438 Y5.238 E13.51482
G1 X-11.736 Y5.414 E13.52933
G1 X-14.721 Y2.43 E13.70627
G1 X-15.018 Y2.608 E13.72079
G1 X-12.035 Y5.591 E13.89764
G1 X-12.334 Y5.767 E13.91219
G1 X-15.315 Y2.786 E14.08892
G1 X-15.612 Y2.964 E14.10344
G1 X-12.633 Y5.944 E14.28009
G1 X-12.931 Y6.121 E14.29462
G1 X-15.91 Y3.142 E14.47124
G1 X-16.207 Y3.321 E14.48578
G1 X-13.23 Y6.297 E14.66225
G1 X-13.529 Y6.474 E14.67682
G1 X-16.504 Y3.499 E14.8532
G1 X-16.801 Y3.677 E14.86772
G1 X-13.828 Y6.65 E15.04398
G1 X-14.126 Y6.827 E15.05851
G1 X-17.098 Y3.855 E15.23471
G1 X-17.395 Y4.033 E15.24923
G1 X-14.425 Y7.004 E15.42534
G1 X-14.724 Y7.18 E15.43989
G1 X-17.692 Y4.212 E15.61585
G1 X-17.99 Y4.39 E15.6304
G1 X-15.023 Y7.357 E15.8063
G1 X-15.321 Y7.533 E15.82081
G1 X-18.287 Y4.568 E15.99663
G1 X-18.584 Y4.746 E16.01115
G1 X-15.62 Y7.71 E16.18688
G1 X-15.919 Y7.887 E16.20145
G1 X-18.881 Y4.924 E16.37709
G1 X-19.178 Y5.102 E16.39161
G1 X-16.218 Y8.063 E16.56713
G1 X-16.516 Y8.24 E16.58166
G1 X-19.475 Y5.281 E16.75709
G1 X-19.773 Y5.459 E16.77164
G1 X-16.815 Y8.416 E16.94698
G1 X-17.114 Y8.593 E16.96155
G1 X-20.07 Y5.637 E17.1368
G1 X-20.367 Y5.815 E17.15132
G1 X-17.412 Y8.77 E17.32651
G1 X-17.711 Y8.946 E17.34106
G1 X-20.664 Y5.993 E17.51613
G1 X-20.961 Y6.171 E17.53065
G1 X-18.01 Y9.123 E17.70564
G1 X-18.309 Y9.299 E17.72019
G1 X-21.258 Y6.35 E17.89503
G1 X-21.556 Y6.528 E17.90958
G1 X-18.607 Y9.476 E18.08439
G1 X-18.906 Y9.653 E18.09896
G1 X-21.853 Y6.706 E18.27368
G1 X-22.15 Y6.884 E18.2882
G1 X-19.205 Y9.829 E18.4628
G1 X-19.504 Y10.006 E18.47737
G1 X-22.447 Y7.062 E18.65188
G1 X-22.744 Y7.241 E18.66642
G1 X-19.802 Y10.182 E18.84081
G1 X-20.101 Y10.359 E18.85538
G1 X-23.041 Y7.419 E19.02968
G1 X-23.339 Y7.597 E19.04423
G1 X-20.4 Y10.536 E19.21847
G1 X-20.699 Y10.712 E19.23302
G1 X-23.636 Y7.775 E19.40715
G1 X-23.933 Y7.953 E19.42167
G1 X-20.997 Y10.889 E19.59574
G1 X-21.296 Y11.065 E19.61029
G1 X-24.23 Y8.131 E19.78424
G1 X-24.527 Y8.31 E19.79878
G1 X-21.593 Y11.244 E19.97273
G1 X-21.874 Y11.438 E19.98704
G1 X-24.824 Y8.488 E20.16194
G1 X-25.122 Y8.666 E20.17649
G1 X-22.129 Y11.659 E20.35394
G1 X-22.361 Y11.902 E20.36802
G1 X-25.419 Y8.844 E20.54932
G1 X-25.716 Y9.022 E20.56384
G1 X-22.566 Y12.172 E20.75059
G1 X-22.753 Y12.46 E20.76499
G1 X-26.013 Y9.201 E20.95824
G1 X-26.31 Y9.379 E20.97276
G1 X-22.905 Y12.784 E21.17463
G1 X-22.956 Y12.894 E21.17971
G1 X-23.025 Y13.139 E21.19038
G1 X-26.607 Y9.557 E21.40275
G1 X-26.904 Y9.735 E21.41727
G1 X-23.113 Y13.526 E21.64203
G1 X-23.154 Y13.961 E21.66035
G1 X-27.202 Y9.913 E21.90034
G1 X-27.499 Y10.091 E21.91486
G1 X-23.118 Y14.472 E22.1746
G1 X-23.068 Y14.794 E22.18826
G1 X-22.962 Y15.103 E22.20195
G1 X-27.796 Y10.27 E22.48851
G1 X-28.093 Y10.448 E22.50303
G1 X-10.053 Y28.488 E23.57257
G1 X-9.577 Y28.488 E23.59252
G1 X-20.968 Y17.097 E24.26786
G1 X-20.854 Y17.144 E24.27303
G1 X-20.337 Y17.254 E24.29519
G1 X-9.102 Y28.488 E24.96125
G1 X-8.627 Y28.488 E24.98116
G1 X-19.826 Y17.289 E25.64512
G1 X-19.351 Y17.289 E25.66503
G1 X-8.151 Y28.488 E26.32901
G1 X-7.676 Y28.488 E26.34892
G1 X-18.875 Y17.289 E27.01288
G1 X-18.4 Y17.289 E27.03279
G1 X-7.201 Y28.488 E27.69675
G1 X-6.725 Y28.488 E27.7167
G1 X-17.924 Y17.289 E28.38066
G1 X-17.449 Y17.29 E28.40057
G1 X-6.25 Y28.488 E29.0645
G1 X-5.775 Y28.488 E29.08441
G1 X-16.973 Y17.29 E29.74831
G1 X-16.498 Y17.29 E29.76822
G1 X-5.299 Y28.488 E30.43215
G1 X-4.824 Y28.488 E30.45206
G1 X-16.022 Y17.29 E31.11596
G1 X-15.547 Y17.29 E31.13587
G1 X-4.349 Y28.488 E31.79977
G1 X-3.873 Y28.488 E31.81972
G1 X-15.071 Y17.29 E32.48362
G1 X-14.595 Y17.291 E32.50358
G1 X-3.398 Y28.488 E33.16742
G1 X-2.923 Y28.488 E33.18733
G1 X-14.12 Y17.291 E33.85117
G1 X-13.644 Y17.291 E33.87112
G1 X-2.447 Y28.488 E34.53496
G1 X-1.972 Y28.488 E34.55487
G1 X-13.169 Y17.291 E35.21871
G1 X-12.693 Y17.291 E35.23866
G1 X-1.496 Y28.488 E35.9025
G1 X-1.021 Y28.488 E35.92241
G1 X-12.218 Y17.292 E36.58622
G1 X-11.742 Y17.292 E36.60617
G1 X-.546 Y28.488 E37.26995
G1 X-.07 Y28.488 E37.2899
G1 X-11.267 Y17.292 E37.95371
G1 X-10.791 Y17.292 E37.97366
G1 X.405 Y28.488 E38.63744
G1 X.88 Y28.488 E38.65735
G1 X-10.316 Y17.292 E39.32113
G1 X-9.84 Y17.292 E39.34108
G1 X1.356 Y28.488 E40.00486
G1 X1.831 Y28.488 E40.02477
G1 X-9.365 Y17.293 E40.68852
G1 X-8.889 Y17.293 E40.70847
G1 X2.306 Y28.488 E41.37219
G1 X2.782 Y28.488 E41.39214
G1 X-8.414 Y17.293 E42.05589
G1 X-7.938 Y17.293 E42.07584
G1 X3.257 Y28.488 E42.73956
G1 X3.732 Y28.488 E42.75947
G1 X-7.463 Y17.293 E43.42319
G1 X-6.987 Y17.293 E43.44314
G1 X4.208 Y28.488 E44.10686
G1 X4.683 Y28.488 E44.12677
G1 X-6.512 Y17.294 E44.79046
G1 X-6.036 Y17.294 E44.81041
G1 X5.158 Y28.488 E45.47407
G1 X5.634 Y28.488 E45.49402
G1 X-5.561 Y17.294 E46.15771
G1 X-5.085 Y17.294 E46.17766
G1 X6.109 Y28.488 E46.84132
G1 X6.584 Y28.488 E46.86123
G1 X-4.61 Y17.294 E47.52489
G1 X-4.134 Y17.295 E47.54485
G1 X7.06 Y28.488 E48.20848
G1 X7.535 Y28.488 E48.22839
G1 X-3.659 Y17.295 E48.89202
G1 X-3.183 Y17.295 E48.91197
G1 X8.01 Y28.488 E49.57557
G1 X8.486 Y28.488 E49.59552
G1 X-2.708 Y17.295 E50.25915
G1 X-2.232 Y17.295 E50.2791
G1 X8.961 Y28.488 E50.9427
G1 X9.436 Y28.488 E50.96261
G1 X-1.757 Y17.295 E51.62621
G1 X-1.281 Y17.296 E51.64617
G1 X9.912 Y28.488 E52.30974
G1 X10.387 Y28.488 E52.32965
G1 X-.806 Y17.296 E52.99322
G1 X-.33 Y17.296 E53.01317
G1 X10.862 Y28.488 E53.67671
G1 X11.338 Y28.488 E53.69666
G1 X.146 Y17.296 E54.3602
G1 X.621 Y17.296 E54.38011
G1 X11.813 Y28.488 E55.04365
G1 X12.288 Y28.488 E55.06356
G1 X1.097 Y17.296 E55.72707
G1 X1.572 Y17.297 E55.74698
G1 X12.764 Y28.488 E56.41049
G1 X13.239 Y28.488 E56.4304
G1 X2.048 Y17.297 E57.09388
G1 X2.523 Y17.297 E57.11379
G1 X13.714 Y28.488 E57.77727
G1 X14.19 Y28.488 E57.79722
G1 X2.999 Y17.297 E58.4607
G1 X3.474 Y17.297 E58.48061
G1 X14.665 Y28.488 E59.14409
G1 X15.14 Y28.488 E59.164
G1 X3.95 Y17.298 E59.82742
G1 X4.425 Y17.298 E59.84733
G1 X15.616 Y28.488 E60.51078
G1 X16.091 Y28.488 E60.53069
G1 X4.901 Y17.298 E61.19411
G1 X5.376 Y17.298 E61.21402
G1 X16.566 Y28.488 E61.87744
G1 X17.042 Y28.488 E61.89739
G1 X5.852 Y17.298 E62.56081
G1 X6.327 Y17.298 E62.58072
G1 X17.517 Y28.488 E63.24414
G1 X17.992 Y28.488 E63.26405
G1 X6.803 Y17.299 E63.92741
G1 X7.278 Y17.299 E63.94732
G1 X18.468 Y28.488 E64.61071
G1 X18.943 Y28.488 E64.63062
G1 X7.754 Y17.299 E65.29398
G1 X8.229 Y17.299 E65.31389
G1 X19.418 Y28.488 E65.97725
G1 X19.894 Y28.488 E65.9972
G1 X8.705 Y17.299 E66.66056
G1 X9.18 Y17.299 E66.68047
G1 X20.369 Y28.488 E67.34383
G1 X20.844 Y28.488 E67.36374
G1 X9.656 Y17.3 E68.02704
G1 X10.131 Y17.3 E68.04695
G1 X21.32 Y28.488 E68.71028
G1 X21.795 Y28.488 E68.73019
G1 X10.607 Y17.3 E69.39349
G1 X11.082 Y17.3 E69.4134
G1 X22.27 Y28.488 E70.0767
G1 X22.746 Y28.488 E70.09665
G1 X11.558 Y17.3 E70.75995
G1 X12.033 Y17.301 E70.77986
G1 X23.221 Y28.488 E71.44313
G1 X23.697 Y28.488 E71.46308
G1 X12.509 Y17.301 E72.12635
G1 X12.984 Y17.301 E72.14626
G1 X24.172 Y28.488 E72.80953
G1 X24.647 Y28.488 E72.82944
G1 X13.46 Y17.301 E73.49268
G1 X13.935 Y17.301 E73.51259
G1 X25.123 Y28.488 E74.17586
G1 X25.598 Y28.488 E74.19577
G1 X14.411 Y17.301 E74.85901
G1 X14.887 Y17.302 E74.87897
G1 X26.073 Y28.488 E75.54215
G1 X26.549 Y28.488 E75.5621
G1 X15.362 Y17.302 E76.22531
G1 X15.838 Y17.302 E76.24526
G1 X27.024 Y28.488 E76.90844
G1 X27.499 Y28.488 E76.92835
G1 X16.287 Y17.276 E77.59308
G1 X16.709 Y17.223 E77.61091
G1 X27.975 Y28.488 E78.27881
G1 X28.45 Y28.488 E78.29872
G1 X17.077 Y17.115 E78.97299
G1 X17.418 Y16.981 E78.98835
G1 X28.925 Y28.488 E79.67057
G1 X29.401 Y28.488 E79.69052
G1 X17.72 Y16.808 E80.38302
G1 X18.008 Y16.62 E80.39744
G1 X29.876 Y28.488 E81.10106
G1 X30.351 Y28.488 E81.12097
G1 X18.261 Y16.398 E81.83775
G1 X18.491 Y16.153 E81.85184
G1 X30.827 Y28.488 E82.58317
G1 X31.302 Y28.488 E82.60308
G1 X18.699 Y15.885 E83.35027
G1 X18.877 Y15.588 E83.36479
G1 X31.777 Y28.488 E84.12959
G1 X32.253 Y28.488 E84.14954
G1 X19.029 Y15.265 E84.93352
G1 X19.155 Y14.915 E84.94911
G1 X32.728 Y28.488 E85.75381
G1 X33.203 Y28.488 E85.77372
G1 X19.239 Y14.524 E86.6016
G1 X19.27 Y14.079 E86.6203
G1 X33.679 Y28.488 E87.47457
G1 X34.154 Y28.488 E87.49448
G1 X19.235 Y13.569 E88.37898
G1 X19.225 Y13.468 E88.38323
G1 X19.083 Y12.942 E88.40607
G1 X34.629 Y28.488 E89.32775
G1 X35.105 Y28.488 E89.3477
G1 X.01 Y-6.606 E91.42835
G1 X.394 Y-6.698 E91.4449
G1 X35.58 Y28.488 E93.53097
G1 X36.055 Y28.488 E93.55088
G1 X.717 Y-6.85 E95.64596
G1 X1.032 Y-7.01 E95.66077
G1 X36.682 Y28.639 E97.77432
G1 E95.77432 F2400
G92 E0
G1 Z3.55 F7200
G1 X40.96 Y28.639
G1 Z1.55
G1 E2 F2400
G1 F900
G1 X34.637 Y22.316 E2.37487
G1 X35.199 Y22.403 E2.39871
G1 X41.284 Y28.488 E2.75947
G1 X41.759 Y28.488 E2.77938
G1 X35.634 Y22.363 E3.14251
G1 X36.036 Y22.29 E3.15964
G1 X42.235 Y28.488 E3.52713
G1 X42.71 Y28.488 E3.54704
G1 X36.391 Y22.169 E3.92167
G1 X36.695 Y21.997 E3.93631
G1 X43.185 Y28.488 E4.32111
G1 X43.661 Y28.488 E4.34106
G1 X36.993 Y21.82 E4.73639
G1 X37.059 Y21.781 E4.7396
G1 X37.249 Y21.601 E4.75057
G1 X37.763 Y22.115 E4.78104
G1 E2.78104 F2400
G92 E0
G1 Z3.55 F7200
G1 X39.614 Y23.966
G1 Z1.55
G1 E2 F2400
G1 F900
G1 X44.136 Y28.488 E2.2681
G1 X44.611 Y28.488 E2.28801
G1 X40.398 Y24.275 E2.53779
G1 X40.653 Y24.309 E2.54857
G1 X40.908 Y24.309 E2.55926
G1 X45.087 Y28.488 E2.80702
G1 X45.562 Y28.488 E2.82693
G1 X41.383 Y24.309 E3.07469
G1 X41.858 Y24.309 E3.0946
G1 X46.037 Y28.488 E3.34236
G1 X46.513 Y28.488 E3.36231
G1 X42.334 Y24.309 E3.61007
G1 X42.79 Y24.29 E3.6292
G1 X46.988 Y28.488 E3.87809
G1 X47.464 Y28.488 E3.89804
G1 X43.201 Y24.226 E4.15075
G1 X43.59 Y24.14 E4.16745
G1 X47.939 Y28.488 E4.42526
G1 X48.414 Y28.488 E4.44517
G1 X43.933 Y24.007 E4.71084
G1 X44.238 Y23.837 E4.72548
G1 X48.89 Y28.488 E5.00125
G1 X49.365 Y28.488 E5.02116
G1 X44.529 Y23.652 E5.30787
G1 X44.782 Y23.43 E5.32198
G1 X49.84 Y28.488 E5.62185
G1 X50.316 Y28.488 E5.6418
G1 X45.02 Y23.193 E5.95575
G1 X45.226 Y22.924 E5.96995
G1 X50.791 Y28.488 E6.29985
G1 X51.266 Y28.488 E6.31976
G1 X45.414 Y22.636 E6.66671
G1 X45.56 Y22.307 E6.6818
G1 X51.742 Y28.488 E7.04828
G1 X52.217 Y28.488 E7.06819
G1 X45.694 Y21.965 E7.45492
G1 X45.763 Y21.559 E7.47218
G1 X52.692 Y28.488 E7.88298
G1 X53.168 Y28.488 E7.90293
G1 X45.824 Y21.145 E8.3383
G1 X45.832 Y20.677 E8.35792
G1 X53.643 Y28.488 E8.82101
G1 X53.811 Y28.488 E8.82805
G1 X53.811 Y28.181 E8.84092
G1 X45.832 Y20.202 E9.31397
G1 X45.832 Y19.726 E9.33392
G1 X53.811 Y27.705 E9.80697
G1 X53.811 Y27.23 E9.82688
G1 X45.832 Y19.251 E10.29993
G1 X45.832 Y18.776 E10.31984
G1 X53.811 Y26.755 E10.79289
G1 X53.811 Y26.279 E10.81284
G1 X45.832 Y18.3 E11.28589
G1 X45.832 Y17.825 E11.3058
G1 X53.811 Y25.804 E11.77885
G1 X53.811 Y25.329 E11.79876
G1 X45.832 Y17.35 E12.27181
G1 X45.832 Y16.874 E12.29176
G1 X53.811 Y24.853 E12.76481
G1 X53.811 Y24.378 E12.78472
G1 X45.832 Y16.399 E13.25777
G1 X45.832 Y15.924 E13.27768
G1 X53.811 Y23.903 E13.75073
G1 X53.811 Y23.427 E13.77068
G1 X45.832 Y15.448 E14.24373
G1 X45.832 Y14.973 E14.26364
G1 X53.811 Y22.952 E14.73669
G1 X53.811 Y22.477 E14.7566
G1 X45.832 Y14.498 E15.22965
G1 X45.832 Y14.022 E15.2496
G1 X53.811 Y22.001 E15.72265
G1 X53.811 Y21.526 E15.74256
G1 X45.832 Y13.547 E16.21561
G1 X45.832 Y13.072 E16.23552
G1 X53.811 Y21.051 E16.70857
G1 X53.811 Y20.575 E16.72852
G1 X45.832 Y12.596 E17.20157
G1 X45.832 Y12.121 E17.22148
G1 X53.811 Y20.1 E17.69453
G1 X53.811 Y19.625 E17.71444
G1 X45.832 Y11.646 E18.18749
G1 X45.832 Y11.17 E18.20744
G1 X53.811 Y19.149 E18.68049
G1 X53.811 Y18.674 E18.7004
G1 X45.832 Y10.695 E19.17345
G1 X45.832 Y10.22 E19.19336
G1 X53.811 Y18.199 E19.66641
G1 X53.811 Y17.723 E19.68636
G1 X45.832 Y9.744 E20.15941
G1 X45.832 Y9.269 E20.17932
G1 X53.811 Y17.248 E20.65237
G1 X53.811 Y16.773 E20.67228
G1 X45.832 Y8.794 E21.14533
G1 X45.832 Y8.318 E21.16528
G1 X53.811 Y16.297 E21.63833
G1 X53.811 Y15.822 E21.65824
G1 X45.832 Y7.843 E22.13129
G1 X45.832 Y7.368 E22.1512
G1 X53.811 Y15.347 E22.62425
G1 X53.811 Y14.871 E22.6442
G1 X45.832 Y6.892 E23.11725
G1 X45.832 Y6.417 E23.13716
G1 X53.811 Y14.396 E23.61021
G1 X53.811 Y13.921 E23.63012
G1 X45.832 Y5.942 E24.10317
G1 X45.832 Y5.466 E24.12312
G1 X53.811 Y13.445 E24.59617
G1 X53.811 Y12.97 E24.61608
G1 X45.832 Y4.991 E25.08913
G1 X45.832 Y4.515 E25.10908
G1 X53.811 Y12.495 E25.58216
G1 X53.811 Y12.019 E25.60211
G1 X45.832 Y4.04 E26.07516
G1 X45.832 Y3.565 E26.09507
G1 X53.811 Y11.544 E26.56812
G1 X53.811 Y11.069 E26.58803
G1 X45.832 Y3.089 E27.06111
G1 X45.832 Y2.614 E27.08102
G1 X53.811 Y10.593 E27.55407
G1 X53.811 Y10.118 E27.57398
G1 X45.832 Y2.139 E28.04703
G1 X45.832 Y1.663 E28.06698
G1 X53.811 Y9.643 E28.54006
G1 X53.811 Y9.167 E28.56001
G1 X45.832 Y1.188 E29.03306
G1 X45.832 Y.713 E29.05297
G1 X53.811 Y8.692 E29.52602
G1 X53.811 Y8.217 E29.54593
G1 X45.832 Y.237 E30.01901
G1 X45.832 Y-.238 E30.03892
G1 X53.811 Y7.741 E30.51197
G1 X53.811 Y7.266 E30.53188
G1 X45.809 Y-.736 E31.00629
G1 X45.697 Y-1.323 E31.03134
G1 X53.811 Y6.791 E31.51239
G1 X53.811 Y6.315 E31.53234
G1 X35.806 Y-11.69 E32.5998
G1 X35.845 Y-12.126 E32.61815
G1 X53.811 Y5.84 E33.6833
G1 X53.811 Y5.365 E33.70321
G1 X35.884 Y-12.563 E34.76608
G1 X35.922 Y-12.999 E34.78443
G1 X53.811 Y4.889 E35.84499
G1 X53.811 Y4.414 E35.8649
G1 X35.961 Y-13.436 E36.92317
G1 X36 Y-13.872 E36.94152
G1 X53.811 Y3.938 E37.99745
G1 X53.811 Y3.463 E38.01736
G1 X36.039 Y-14.309 E39.07101
G1 X36.078 Y-14.745 E39.08936
G1 X53.811 Y2.988 E40.1407
G1 X53.811 Y2.512 E40.16065
G1 X36.117 Y-15.181 E41.20964
G1 X36.156 Y-15.618 E41.22803
G1 X53.811 Y2.037 E42.27474
G1 X53.811 Y1.562 E42.29465
G1 X36.195 Y-16.054 E43.33905
G1 X36.234 Y-16.491 E43.35744
G1 X53.811 Y1.086 E44.39953
G1 X53.811 Y.611 E44.41944
G1 X36.272 Y-16.927 E45.45925
G1 X36.251 Y-17.424 E45.4801
G1 X53.811 Y.136 E46.52118
G1 X53.811 Y-.34 E46.54113
G1 X36.214 Y-17.936 E47.58437
G1 X36.057 Y-18.471 E47.60774
G1 X35.955 Y-18.671 E47.61715
G1 X53.811 Y-.815 E48.67578
G1 X53.811 Y-1.29 E48.69569
G1 X21.11 Y-33.991 E50.63443
G1 X21.586 Y-33.991 E50.65438
G1 X53.811 Y-1.766 E52.5649
G1 X53.811 Y-2.241 E52.58481
G1 X22.061 Y-33.991 E54.46717
G1 X22.536 Y-33.991 E54.48708
G1 X53.811 Y-2.716 E56.34128
G1 X53.811 Y-3.192 E56.36123
G1 X23.012 Y-33.991 E58.18721
G1 X23.487 Y-33.991 E58.20712
G1 X53.811 Y-3.667 E60.00494
G1 X53.811 Y-4.142 E60.02485
G1 X23.962 Y-33.991 E61.79451
G1 X24.438 Y-33.991 E61.81446
G1 X53.811 Y-4.618 E63.5559
G1 X53.811 Y-5.093 E63.57581
G1 X24.913 Y-33.991 E65.28909
G1 X25.388 Y-33.991 E65.309
G1 X53.811 Y-5.568 E66.99411
G1 X53.811 Y-6.044 E67.01406
G1 X25.864 Y-33.991 E68.67095
G1 X26.339 Y-33.991 E68.69086
G1 X53.811 Y-6.519 E70.31959
G1 X53.811 Y-6.994 E70.3395
G1 X26.814 Y-33.991 E71.94007
G1 X27.29 Y-33.991 E71.96002
G1 X53.811 Y-7.47 E73.53237
G1 X53.811 Y-7.945 E73.55228
G1 X27.765 Y-33.991 E75.09647
G1 X28.24 Y-33.991 E75.11638
G1 X53.811 Y-8.42 E76.63241
G1 X53.811 Y-8.896 E76.65236
G1 X28.716 Y-33.991 E78.14017
G1 X29.191 Y-33.991 E78.16008
G1 X53.811 Y-9.371 E79.61973
G1 X53.811 Y-9.846 E79.63964
G1 X29.666 Y-33.991 E81.07112
G1 X30.142 Y-33.991 E81.09107
G1 X53.811 Y-10.322 E82.49433
G1 X53.811 Y-10.797 E82.51424
G1 X30.617 Y-33.991 E83.88934
G1 X31.092 Y-33.991 E83.90925
G1 X53.811 Y-11.272 E85.25619
G1 X53.811 Y-11.748 E85.27614
G1 X31.568 Y-33.991 E86.59486
G1 X32.043 Y-33.991 E86.61477
G1 X53.962 Y-12.072 E87.91428
G1 E85.91428 F2400
G92 E0
G1 Z3.55 F7200
G1 X35.628 Y-11.393
G1 Z1.55
G1 E2 F2400
G1 F900
G1 X43.49 Y-3.53 E2.46614
G1 X42.979 Y-3.647 E2.48812
G1 X42.895 Y-3.65 E2.49164
G1 X35.728 Y-10.817 E2.91655
G1 X35.689 Y-10.38 E2.93494
G1 X42.403 Y-3.666 E3.33299
G1 X42.003 Y-3.591 E3.35005
G1 X35.65 Y-9.944 E3.7267
G1 X35.611 Y-9.508 E3.74505
G1 X41.604 Y-3.515 E4.10036
G1 X41.257 Y-3.386 E4.11588
G1 X35.572 Y-9.071 E4.45293
G1 X35.534 Y-8.635 E4.47128
G1 X40.941 Y-3.227 E4.79187
G1 X40.657 Y-3.035 E4.80624
G1 X35.495 Y-8.198 E5.11231
G1 X35.456 Y-7.762 E5.13066
G1 X40.392 Y-2.826 E5.4233
G1 X40.155 Y-2.587 E5.43741
G1 X35.417 Y-7.325 E5.71831
G1 X35.378 Y-6.889 E5.73666
G1 X39.945 Y-2.322 E6.00742
G1 X39.753 Y-2.038 E6.02179
G1 X35.339 Y-6.452 E6.28348
G1 X35.3 Y-6.016 E6.30183
G1 X39.595 Y-1.721 E6.55647
G1 X39.469 Y-1.372 E6.57203
G1 X35.261 Y-5.579 E6.82148
G1 X35.223 Y-5.143 E6.83983
G1 X39.371 Y-.995 E7.08575
G1 X39.313 Y-.577 E7.10344
G1 X35.184 Y-4.706 E7.34824
G1 X35.145 Y-4.27 E7.36659
G1 X39.274 Y-.141 E7.61139
G1 X39.235 Y.295 E7.62974
G1 X35.106 Y-3.834 E7.87454
G1 X35.067 Y-3.397 E7.89293
G1 X39.196 Y.732 E8.13773
G1 X39.157 Y1.168 E8.15608
G1 X35.028 Y-2.961 E8.40088
G1 X34.989 Y-2.524 E8.41927
G1 X39.118 Y1.605 E8.66407
G1 X39.079 Y2.041 E8.68242
G1 X34.95 Y-2.088 E8.92722
G1 X34.911 Y-1.651 E8.94561
G1 X39.04 Y2.478 E9.19041
G1 X39.002 Y2.914 E9.20876
G1 X34.873 Y-1.215 E9.45356
G1 X34.834 Y-.778 E9.47195
G1 X38.963 Y3.351 E9.71675
G1 X38.924 Y3.787 E9.7351
G1 X34.795 Y-.342 E9.9799
G1 X34.756 Y.095 E9.99829
G1 X38.885 Y4.224 E10.24309
G1 X38.846 Y4.66 E10.26144
G1 X34.717 Y.531 E10.50624
G1 X34.678 Y.967 E10.52459
G1 X38.807 Y5.096 E10.76939
G1 X38.768 Y5.533 E10.78778
G1 X34.639 Y1.404 E11.03258
G1 X34.6 Y1.84 E11.05093
G1 X38.729 Y5.969 E11.29573
G1 X38.691 Y6.406 E11.31412
G1 X34.562 Y2.277 E11.55892
G1 X34.523 Y2.713 E11.57727
G1 X38.652 Y6.842 E11.82207
G1 X38.613 Y7.279 E11.84046
G1 X34.484 Y3.15 E12.08526
G1 X34.445 Y3.586 E12.10361
G1 X38.574 Y7.715 E12.34841
G1 X38.535 Y8.152 E12.3668
G1 X34.406 Y4.023 E12.6116
G1 X34.367 Y4.459 E12.62995
G1 X38.496 Y8.588 E12.87475
G1 X38.457 Y9.025 E12.89314
G1 X34.328 Y4.896 E13.13794
G1 X34.289 Y5.332 E13.15629
G1 X38.418 Y9.461 E13.40109
G1 X38.379 Y9.897 E13.41944
G1 X34.25 Y5.768 E13.66424
G1 X34.212 Y6.205 E13.68263
G1 X38.341 Y10.334 E13.92743
G1 X38.302 Y10.77 E13.94578
G1 X34.173 Y6.641 E14.19058
G1 X34.134 Y7.078 E14.20897
G1 X38.263 Y11.207 E14.45377
G1 X38.224 Y11.643 E14.47212
G1 X34.095 Y7.514 E14.71692
G1 X34.056 Y7.951 E14.73531
G1 X38.185 Y12.08 E14.98011
G1 X38.146 Y12.516 E14.99846
G1 X34.017 Y8.387 E15.24326
G1 X33.978 Y8.824 E15.26165
G1 X38.107 Y12.953 E15.50645
G1 X38.068 Y13.389 E15.5248
G1 X33.939 Y9.26 E15.7696
G1 X33.901 Y9.697 E15.78799
G1 X38.03 Y13.826 E16.03279
G1 X37.991 Y14.262 E16.05114
G1 X33.862 Y10.133 E16.29594
G1 X33.811 Y10.557 E16.31384
G1 X37.952 Y14.698 E16.55935
G1 X37.913 Y15.135 E16.57774
G1 X33.724 Y10.946 E16.82609
G1 X33.608 Y11.306 E16.84195
G1 X37.874 Y15.571 E17.09484
G1 X37.835 Y16.008 E17.11323
G1 X33.452 Y11.625 E17.37308
G1 X33.4 Y11.732 E17.37807
G1 X33.268 Y11.916 E17.38756
G1 X37.796 Y16.444 E17.65601
G1 X37.757 Y16.881 E17.6744
G1 X33.068 Y12.192 E17.9524
G1 X32.832 Y12.431 E17.96648
G1 X37.718 Y17.317 E18.25616
G1 X37.68 Y17.754 E18.27455
G1 X32.581 Y12.655 E18.57685
G1 X32.296 Y12.846 E18.59123
G1 X36.371 Y16.92 E18.83279
G1 X36.152 Y16.83 E18.84272
G1 X35.703 Y16.728 E18.86202
G1 X31.989 Y13.014 E19.08221
G1 X31.654 Y13.154 E19.09743
G1 X35.2 Y16.7 E19.30766
G1 X34.967 Y16.716 E19.31745
G1 X34.777 Y16.752 E19.32556
G1 X31.28 Y13.255 E19.53289
G1 X30.871 Y13.322 E19.55026
G1 X34.384 Y16.835 E19.75854
G1 X34.25 Y16.877 E19.76443
G1 X34.058 Y16.984 E19.77364
G1 X30.397 Y13.323 E19.99069
G1 X30.289 Y13.324 E19.99522
G1 X29.849 Y13.251 E20.01392
G1 X33.753 Y17.155 E20.24538
G1 X33.577 Y17.253 E20.25383
G1 X33.465 Y17.342 E20.25983
G1 X29.064 Y12.941 E20.52075
G1 X28.853 Y12.835 E20.53065
G1 X27.842 Y12.194 E20.58083
G1 X33.226 Y17.578 E20.90003
G1 X33.008 Y17.836 E20.91419
G1 X26.546 Y11.373 E21.29733
G1 X25.249 Y10.552 E21.36168
G1 X32.803 Y18.106 E21.80953
G1 X32.666 Y18.444 E21.82482
G1 X23.953 Y9.731 E22.34139
G1 X22.656 Y8.91 E22.40574
G1 X32.533 Y18.787 E22.99132
G1 X32.498 Y18.878 E22.99541
G1 X32.44 Y19.169 E23.00785
G1 X21.36 Y8.089 E23.66475
G1 X20.064 Y7.268 E23.72907
G1 X32.436 Y19.641 E24.4626
G1 X32.455 Y20.051 E24.47981
G1 X32.486 Y20.165 E24.48476
G1 X18.767 Y6.447 E25.29809
G1 X17.471 Y5.626 E25.36241
G1 X40.333 Y28.488 E26.71783
G1 X39.858 Y28.488 E26.73774
G1 X16.174 Y4.805 E28.14186
G1 X14.878 Y3.984 E28.20618
G1 X39.383 Y28.488 E29.65898
G1 X38.907 Y28.488 E29.67893
G1 X13.582 Y3.163 E31.18037
G1 X12.285 Y2.342 E31.24472
G1 X38.432 Y28.488 E32.79487
G1 X37.957 Y28.488 E32.81478
G1 X10.989 Y1.521 E34.4136
G1 X9.693 Y.699 E34.47794
G1 X37.481 Y28.488 E36.12544
G1 X37.006 Y28.488 E36.14535
G1 X8.396 Y-.122 E37.84155
G1 X7.616 Y-.616 E37.88026
G1 X7.219 Y-.931 E37.90151
G1 X6.99 Y-1.167 E37.9153
G1 X6.669 Y-1.604 E37.93803
G1 X6.54 Y-1.845 E37.94949
G1 X6.454 Y-2.063 E37.95931
G1 X1.33 Y-7.188 E38.26313
G1 X1.627 Y-7.366 E38.27765
G1 X6.232 Y-2.761 E38.55067
G1 X6.184 Y-3.126 E38.5661
G1 X6.186 Y-3.282 E38.57264
G1 X1.924 Y-7.544 E38.82532
G1 X2.221 Y-7.723 E38.83986
G1 X6.217 Y-3.727 E39.07677
G1 X6.291 Y-4.128 E39.09386
G1 X2.518 Y-7.901 E39.31755
G1 X2.816 Y-8.079 E39.3321
G1 X6.409 Y-4.486 E39.54512
G1 X6.552 Y-4.818 E39.56027
G1 X3.113 Y-8.257 E39.76416
G1 X3.41 Y-8.435 E39.77868
G1 X6.733 Y-5.112 E39.97569
G1 X6.931 Y-5.389 E39.98996
G1 X3.707 Y-8.613 E40.1811
G1 X4.004 Y-8.791 E40.19562
G1 X7.163 Y-5.633 E40.38288
G1 X7.427 Y-5.844 E40.39705
G1 X4.302 Y-8.97 E40.58235
G1 X4.599 Y-9.148 E40.59687
G1 X7.692 Y-6.055 E40.78024
G1 X7.981 Y-6.241 E40.79465
G1 X4.896 Y-9.326 E40.97755
G1 X5.193 Y-9.504 E40.99207
G1 X8.279 Y-6.418 E41.17503
G1 X8.578 Y-6.594 E41.18958
G1 X5.49 Y-9.682 E41.37266
G1 X5.787 Y-9.86 E41.38718
G1 X8.877 Y-6.771 E41.57035
G1 X9.176 Y-6.948 E41.58492
G1 X6.085 Y-10.038 E41.76815
G1 X6.382 Y-10.217 E41.78269
G1 X9.474 Y-7.124 E41.96604
G1 X9.773 Y-7.301 E41.98061
G1 X6.679 Y-10.395 E42.16404
G1 X6.976 Y-10.573 E42.17856
G1 X10.072 Y-7.477 E42.36211
G1 X10.371 Y-7.654 E42.37668
G1 X7.273 Y-10.751 E42.56032
G1 X7.571 Y-10.929 E42.57487
G1 X10.669 Y-7.831 E42.75854
G1 X10.968 Y-8.007 E42.77309
G1 X7.868 Y-11.107 E42.95688
G1 X8.165 Y-11.286 E42.97142
G1 X11.267 Y-8.184 E43.15533
G1 X11.566 Y-8.36 E43.16988
G1 X8.462 Y-11.464 E43.35391
G1 X8.759 Y-11.642 E43.36843
G1 X11.864 Y-8.537 E43.55252
G1 X12.163 Y-8.714 E43.56709
G1 X9.057 Y-11.82 E43.75124
G1 X9.354 Y-11.998 E43.76576
G1 X12.462 Y-8.89 E43.95002
G1 X12.76 Y-9.067 E43.96455
G1 X9.651 Y-12.176 E44.14887
G1 X9.948 Y-12.354 E44.16339
G1 X13.059 Y-9.243 E44.34783
G1 X13.358 Y-9.42 E44.3624
G1 X10.245 Y-12.533 E44.54696
G1 X10.543 Y-12.711 E44.56151
G1 X13.657 Y-9.597 E44.74613
G1 X13.955 Y-9.773 E44.76064
G1 X10.84 Y-12.889 E44.94535
G1 X11.137 Y-13.067 E44.95987
G1 X14.254 Y-9.95 E45.14467
G1 X14.553 Y-10.126 E45.15922
G1 X11.434 Y-13.245 E45.34414
G1 X11.731 Y-13.423 E45.35866
G1 X14.852 Y-10.303 E45.54367
G1 X15.15 Y-10.48 E45.5582
G1 X12.029 Y-13.601 E45.74323
G1 X12.326 Y-13.78 E45.75777
G1 X15.449 Y-10.656 E45.94295
G1 X15.748 Y-10.833 E45.95752
G1 X12.623 Y-13.958 E46.14279
G1 X12.92 Y-14.136 E46.15731
G1 X16.047 Y-11.009 E46.3427
G1 X16.345 Y-11.186 E46.35723
G1 X13.217 Y-14.314 E46.54268
G1 X13.514 Y-14.492 E46.5572
G1 X16.644 Y-11.363 E46.74274
G1 X16.943 Y-11.539 E46.75729
G1 X13.812 Y-14.67 E46.94292
G1 X14.109 Y-14.848 E46.95744
G1 X17.242 Y-11.716 E47.14316
G1 X17.54 Y-11.892 E47.15767
G1 X14.406 Y-15.027 E47.34351
G1 X14.703 Y-15.205 E47.35803
G1 X17.839 Y-12.069 E47.54395
G1 X18.138 Y-12.246 E47.55852
G1 X15 Y-15.383 E47.74453
G1 X15.298 Y-15.561 E47.75908
G1 X18.437 Y-12.422 E47.94518
G1 X18.735 Y-12.599 E47.95971
G1 X15.595 Y-15.739 E48.14587
G1 X15.892 Y-15.917 E48.16039
G1 X19.034 Y-12.775 E48.34667
G1 X19.333 Y-12.952 E48.36124
G1 X16.189 Y-16.095 E48.54761
G1 X16.486 Y-16.274 E48.56215
G1 X19.632 Y-13.128 E48.74867
G1 X19.93 Y-13.305 E48.7632
G1 X16.784 Y-16.452 E48.94975
G1 X17.081 Y-16.63 E48.96427
G1 X20.229 Y-13.482 E49.15091
G1 X20.528 Y-13.658 E49.16546
G1 X17.378 Y-16.808 E49.35221
G1 X17.675 Y-16.986 E49.36673
G1 X20.827 Y-13.835 E49.55357
G1 X21.125 Y-14.011 E49.56808
G1 X17.972 Y-17.164 E49.75501
G1 X18.27 Y-17.343 E49.76958
G1 X21.424 Y-14.188 E49.9566
G1 X21.723 Y-14.365 E49.97117
G1 X18.567 Y-17.521 E50.15828
G1 X18.864 Y-17.699 E50.1728
G1 X22.022 Y-14.541 E50.36003
G1 X22.32 Y-14.718 E50.37456
G1 X19.161 Y-17.877 E50.56185
G1 X19.458 Y-18.055 E50.57637
G1 X22.619 Y-14.894 E50.76378
G1 X22.918 Y-15.071 E50.77835
G1 X19.756 Y-18.233 E50.96582
G1 X20.053 Y-18.411 E50.98034
G1 X23.216 Y-15.248 E51.16786
G1 X23.515 Y-15.424 E51.18241
G1 X20.35 Y-18.59 E51.37008
G1 X20.647 Y-18.768 E51.3846
G1 X23.814 Y-15.601 E51.57236
G1 X24.113 Y-15.777 E51.58691
G1 X20.944 Y-18.946 E51.77479
G1 X21.241 Y-19.124 E51.78931
G1 X24.411 Y-15.954 E51.97725
G1 X24.71 Y-16.131 E51.99182
G1 X21.539 Y-19.302 E52.17982
G1 X21.836 Y-19.48 E52.19434
G1 X25.009 Y-16.307 E52.38246
G1 X25.308 Y-16.484 E52.39703
G1 X22.133 Y-19.658 E52.58524
G1 X22.43 Y-19.837 E52.59978
G1 X25.606 Y-16.66 E52.78811
G1 X25.905 Y-16.837 E52.80268
G1 X22.727 Y-20.015 E52.99109
G1 X23.025 Y-20.193 E53.00564
G1 X26.204 Y-17.014 E53.19411
G1 X26.503 Y-17.19 E53.20866
G1 X23.322 Y-20.371 E53.39725
G1 X23.603 Y-20.565 E53.41156
G1 X26.801 Y-17.367 E53.60116
G1 X27.1 Y-17.543 E53.61571
G1 X23.873 Y-20.771 E53.80706
G1 X24.112 Y-21.006 E53.82111
G1 X27.399 Y-17.72 E54.01596
G1 X27.698 Y-17.897 E54.03053
G1 X24.321 Y-21.273 E54.23071
G1 X24.45 Y-21.442 E54.23962
G1 X24.512 Y-21.557 E54.2451
G1 X27.996 Y-18.073 E54.45166
G1 X28.295 Y-18.25 E54.46623
G1 X24.678 Y-21.867 E54.68067
G1 X24.805 Y-22.216 E54.69624
G1 X28.594 Y-18.426 E54.92091
G1 X28.893 Y-18.603 E54.93548
G1 X24.902 Y-22.594 E55.17209
G1 X24.958 Y-23.013 E55.18981
G1 X29.191 Y-18.78 E55.44077
G1 X29.49 Y-18.956 E55.45532
G1 X24.955 Y-23.491 E55.72419
G1 X24.856 Y-24.066 E55.74865
G1 X29.789 Y-19.133 E56.04111
G1 X30.088 Y-19.309 E56.05566
G1 X15.406 Y-33.991 E56.92611
G1 X15.881 Y-33.991 E56.94602
G1 X30.386 Y-19.486 E57.80598
G1 X30.685 Y-19.663 E57.82055
G1 X16.357 Y-33.991 E58.67001
G1 X16.832 Y-33.991 E58.68992
G1 X30.984 Y-19.839 E59.52895
G1 X31.283 Y-20.016 E59.54352
G1 X17.307 Y-33.991 E60.37209
G1 X17.783 Y-33.991 E60.39204
G1 X31.598 Y-20.176 E61.21109
G1 X31.925 Y-20.324 E61.22614
G1 X18.258 Y-33.991 E62.03642
G1 X18.734 Y-33.991 E62.05637
G1 X32.315 Y-20.41 E62.86155
G1 X32.704 Y-20.496 E62.87825
G1 X19.209 Y-33.991 E63.67833
G1 X19.684 Y-33.991 E63.69824
G1 X33.181 Y-20.494 E64.49844
G1 X33.711 Y-20.44 E64.52077
G1 X20.16 Y-33.991 E65.32417
G1 X20.635 Y-33.991 E65.34408
G1 X34.896 Y-19.73 E66.18957
G1 E64.18957 F2400
G92 E0
G1 Z3.55 F7200
G1 X22.825 Y-26.097
G1 Z1.55
G1 E2 F2400
G1 F900
G1 X14.931 Y-33.991 E2.46801
G1 X14.455 Y-33.991 E2.48796
G1 X21.999 Y-26.447 E2.93522
G1 X21.503 Y-26.467 E2.95603
G1 X13.98 Y-33.991 E3.40208
G1 X13.505 Y-33.991 E3.42199
G1 X21.028 Y-26.467 E3.86804
G1 X20.553 Y-26.467 E3.88795
G1 X13.029 Y-33.991 E4.33403
G1 X12.554 Y-33.991 E4.35394
G1 X20.078 Y-26.467 E4.80002
G1 X19.603 Y-26.467 E4.81993
G1 X12.079 Y-33.991 E5.26601
G1 X11.603 Y-33.991 E5.28596
G1 X19.127 Y-26.467 E5.73204
G1 X18.652 Y-26.467 E5.75195
G1 X11.128 Y-33.991 E6.19803
G1 X10.653 Y-33.991 E6.21794
G1 X18.177 Y-26.466 E6.66405
G1 X17.702 Y-26.466 E6.68396
G1 X10.177 Y-33.991 E7.13009
G1 X9.702 Y-33.991 E7.15
G1 X17.227 Y-26.466 E7.59613
G1 X16.751 Y-26.466 E7.61608
G1 X9.227 Y-33.991 E8.06219
G1 X8.751 Y-33.991 E8.08214
G1 X16.276 Y-26.466 E8.52827
G1 X15.801 Y-26.466 E8.54818
G1 X8.276 Y-33.991 E8.99431
G1 X7.801 Y-33.991 E9.01422
G1 X15.326 Y-26.466 E9.46035
G1 X14.851 Y-26.465 E9.48026
G1 X7.325 Y-33.991 E9.92645
G1 X6.85 Y-33.991 E9.94636
G1 X14.375 Y-26.465 E10.39252
G1 X13.9 Y-26.465 E10.41243
G1 X6.375 Y-33.991 E10.85859
G1 X5.899 Y-33.991 E10.87854
G1 X13.425 Y-26.465 E11.32473
G1 X12.95 Y-26.465 E11.34464
G1 X5.424 Y-33.991 E11.79083
G1 X4.949 Y-33.991 E11.81074
G1 X12.475 Y-26.465 E12.25693
G1 X11.999 Y-26.465 E12.27688
G1 X4.473 Y-33.991 E12.72307
G1 X3.998 Y-33.991 E12.74298
G1 X11.524 Y-26.465 E13.18917
G1 X11.049 Y-26.464 E13.20908
G1 X3.523 Y-33.991 E13.6553
G1 X3.047 Y-33.991 E13.67525
G1 X10.574 Y-26.464 E14.1215
G1 X10.099 Y-26.464 E14.14141
G1 X2.572 Y-33.991 E14.58766
G1 X2.097 Y-33.991 E14.60757
G1 X9.623 Y-26.464 E15.05379
G1 X9.148 Y-26.464 E15.0737
G1 X1.621 Y-33.991 E15.51995
G1 X1.146 Y-33.991 E15.53986
G1 X8.673 Y-26.464 E15.98611
G1 X8.198 Y-26.464 E16.00602
G1 X.671 Y-33.991 E16.45227
G1 X.195 Y-33.991 E16.47222
G1 X7.723 Y-26.463 E16.91853
G1 X7.247 Y-26.463 E16.93848
G1 X-.28 Y-33.991 E17.38476
G1 X-.755 Y-33.991 E17.40467
G1 X6.772 Y-26.463 E17.85095
G1 X6.297 Y-26.463 E17.87086
G1 X-1.231 Y-33.991 E18.31717
G1 X-1.706 Y-33.991 E18.33708
G1 X5.822 Y-26.463 E18.78339
G1 X5.347 Y-26.463 E18.8033
G1 X-2.181 Y-33.991 E19.24961
G1 X-2.657 Y-33.991 E19.26956
G1 X4.871 Y-26.463 E19.71587
G1 X4.396 Y-26.462 E19.73578
G1 X-3.132 Y-33.991 E20.18212
G1 X-3.607 Y-33.991 E20.20203
G1 X3.921 Y-26.462 E20.64837
G1 X3.446 Y-26.462 E20.66828
G1 X-4.083 Y-33.991 E21.11465
G1 X-4.558 Y-33.991 E21.13456
G1 X2.971 Y-26.462 E21.58093
G1 X2.495 Y-26.462 E21.60088
G1 X-5.033 Y-33.991 E22.04722
G1 X-5.509 Y-33.991 E22.06717
G1 X2.02 Y-26.462 E22.51354
G1 X1.545 Y-26.462 E22.53345
G1 X-5.984 Y-33.991 E22.97982
G1 X-6.459 Y-33.991 E22.99973
G1 X1.07 Y-26.461 E23.44613
G1 X.595 Y-26.461 E23.46604
G1 X-6.935 Y-33.991 E23.91247
G1 X-7.41 Y-33.991 E23.93238
G1 X.119 Y-26.461 E24.37878
G1 X-.356 Y-26.461 E24.39869
G1 X-7.886 Y-33.991 E24.84512
G1 X-8.361 Y-33.991 E24.86503
G1 X-.831 Y-26.461 E25.31146
G1 X-1.306 Y-26.461 E25.33137
G1 X-8.836 Y-33.991 E25.7778
G1 X-9.312 Y-33.991 E25.79775
G1 X-1.781 Y-26.461 E26.24421
G1 X-2.256 Y-26.46 E26.26412
G1 X-9.787 Y-33.991 E26.71061
G1 X-10.262 Y-33.991 E26.73052
G1 X-2.732 Y-26.46 E27.17698
G1 X-3.207 Y-26.46 E27.19689
G1 X-10.738 Y-33.991 E27.64338
G1 X-11.213 Y-33.991 E27.66329
G1 X-3.682 Y-26.46 E28.10978
G1 X-4.157 Y-26.46 E28.12969
G1 X-11.688 Y-33.991 E28.57618
G1 X-12.164 Y-33.991 E28.59613
G1 X-4.632 Y-26.46 E29.04265
G1 X-5.108 Y-26.46 E29.0626
G1 X-12.639 Y-33.991 E29.50909
G1 X-13.114 Y-33.991 E29.529
G1 X-5.583 Y-26.459 E29.97552
G1 X-6.058 Y-26.459 E29.99543
G1 X-13.59 Y-33.991 E30.44198
G1 X-14.065 Y-33.991 E30.46189
G1 X-6.533 Y-26.459 E30.90844
G1 X-7.008 Y-26.459 E30.92835
G1 X-14.54 Y-33.991 E31.3749
G1 X-15.016 Y-33.991 E31.39485
G1 X-7.484 Y-26.459 E31.8414
G1 X-7.959 Y-26.459 E31.86131
G1 X-15.491 Y-33.991 E32.30786
G1 X-15.966 Y-33.991 E32.32777
G1 X-8.434 Y-26.459 E32.77432
G1 X-8.909 Y-26.458 E32.79423
G1 X-16.442 Y-33.991 E33.24084
G1 X-16.917 Y-33.991 E33.26075
G1 X-9.384 Y-26.458 E33.70736
G1 X-9.86 Y-26.458 E33.72731
G1 X-17.392 Y-33.991 E34.17389
G1 X-17.868 Y-33.991 E34.19384
G1 X-10.335 Y-26.458 E34.64045
G1 X-10.81 Y-26.458 E34.66036
G1 X-18.343 Y-33.991 E35.10697
G1 X-18.818 Y-33.991 E35.12688
G1 X-11.285 Y-26.458 E35.57349
G1 X-11.76 Y-26.458 E35.5934
G1 X-19.294 Y-33.991 E36.04004
G1 X-19.769 Y-33.991 E36.05995
G1 X-12.236 Y-26.457 E36.50659
G1 X-12.711 Y-26.457 E36.5265
G1 X-20.244 Y-33.991 E36.97314
G1 X-20.72 Y-33.991 E36.99309
G1 X-13.186 Y-26.457 E37.43976
G1 X-13.661 Y-26.457 E37.45967
G1 X-21.195 Y-33.991 E37.90634
G1 X-21.67 Y-33.991 E37.92625
G1 X-14.136 Y-26.457 E38.37292
G1 X-14.612 Y-26.457 E38.39287
G1 X-22.146 Y-33.991 E38.83954
G1 X-22.621 Y-33.991 E38.85945
G1 X-15.087 Y-26.457 E39.30612
G1 X-15.562 Y-26.457 E39.32603
G1 X-23.096 Y-33.991 E39.7727
G1 X-23.572 Y-33.991 E39.79265
G1 X-16.037 Y-26.456 E40.23938
G1 X-16.512 Y-26.456 E40.25929
G1 X-24.047 Y-33.991 E40.70602
G1 X-24.522 Y-33.991 E40.72593
G1 X-16.988 Y-26.456 E41.17263
G1 X-17.463 Y-26.456 E41.19254
G1 X-24.998 Y-33.991 E41.63927
G1 X-25.473 Y-33.991 E41.65918
G1 X-17.938 Y-26.456 E42.10591
G1 X-18.413 Y-26.456 E42.12582
G1 X-25.948 Y-33.991 E42.57255
G1 X-26.424 Y-33.991 E42.5925
G1 X-18.888 Y-26.456 E43.03926
G1 X-19.364 Y-26.455 E43.05922
G1 X-26.899 Y-33.991 E43.50598
G1 X-27.374 Y-33.991 E43.52589
G1 X-19.839 Y-26.455 E43.97265
G1 X-20.314 Y-26.455 E43.99256
G1 X-27.85 Y-33.991 E44.43935
G1 X-28.325 Y-33.991 E44.45926
G1 X-20.789 Y-26.455 E44.90605
G1 X-21.264 Y-26.455 E44.92596
G1 X-28.8 Y-33.991 E45.37275
G1 X-29.276 Y-33.991 E45.3927
G1 X-21.74 Y-26.455 E45.83949
G1 X-22.202 Y-26.442 E45.85887
G1 X-29.751 Y-33.991 E46.30643
G1 X-30.226 Y-33.991 E46.32634
G1 X-22.621 Y-26.385 E46.77725
G1 X-22.993 Y-26.282 E46.79343
G1 X-30.702 Y-33.991 E47.25047
G1 X-31.177 Y-33.991 E47.27038
G1 X-23.335 Y-26.149 E47.73531
G1 X-23.644 Y-25.982 E47.75003
G1 X-31.653 Y-33.991 E48.22486
G1 X-32.128 Y-33.991 E48.24477
G1 X-23.927 Y-25.79 E48.73098
G1 X-24.182 Y-25.57 E48.7451
G1 X-32.603 Y-33.991 E49.24436
G1 X-33.079 Y-33.991 E49.26431
G1 X-24.419 Y-25.332 E49.77771
G1 X-24.626 Y-25.063 E49.79194
G1 X-33.554 Y-33.991 E50.32125
G1 X-34.029 Y-33.991 E50.34116
G1 X-24.805 Y-24.767 E50.88802
G1 X-24.965 Y-24.451 E50.90287
G1 X-34.505 Y-33.991 E51.46847
G1 X-34.98 Y-33.991 E51.48838
G1 X-25.069 Y-24.08 E52.07597
G1 X-25.174 Y-23.71 E52.09209
G1 X-35.455 Y-33.991 E52.70162
G1 X-35.931 Y-33.991 E52.72157
G1 X-25.214 Y-23.275 E53.35692
G1 X-25.213 Y-22.971 E53.36966
G1 X-25.183 Y-22.768 E53.37826
G1 X-36.406 Y-33.991 E54.04364
G1 X-36.881 Y-33.991 E54.06355
G1 X-24.763 Y-21.873 E54.78199
G1 E52.78199 F2400
G92 E0
G1 Z3.55 F7200
G1 X-43.786 Y11.867
G1 Z1.55
G1 E2 F2400
G1 F900
G1 X-38.822 Y16.832 E2.29433
G1 X-39.271 Y16.72 E2.31373
G1 X-39.413 Y16.716 E2.31969
G1 X-43.618 Y12.511 E2.56899
G1 X-43.605 Y12.999 E2.58946
G1 X-39.902 Y16.702 E2.809
G1 X-40.303 Y16.776 E2.82609
G1 X-43.592 Y13.487 E3.02108
G1 X-43.579 Y13.975 E3.04155
G1 X-40.674 Y16.88 E3.21378
G1 X-40.856 Y16.948 E3.22193
G1 X-40.999 Y17.031 E3.22886
G1 X-43.567 Y14.463 E3.38111
G1 X-43.554 Y14.951 E3.40158
G1 X-41.3 Y17.205 E3.53521
G1 X-41.567 Y17.414 E3.54942
G1 X-43.541 Y15.44 E3.66645
G1 X-43.528 Y15.928 E3.68692
G1 X-41.801 Y17.655 E3.78931
G1 X-42.018 Y17.913 E3.80344
G1 X-43.515 Y16.416 E3.89219
G1 X-43.503 Y16.904 E3.91265
G1 X-42.198 Y18.209 E3.99002
G1 X-42.254 Y18.307 E3.99475
G1 X-42.34 Y18.542 E4.00524
G1 X-43.49 Y17.392 E4.07342
G1 X-43.477 Y17.88 E4.09389
G1 X-42.461 Y18.897 E4.15416
G1 X-42.525 Y19.308 E4.1716
G1 X-43.464 Y18.368 E4.2273
G1 X-43.451 Y18.857 E4.24781
G1 X-42.524 Y19.784 E4.30277
G1 X-42.5 Y20.076 E4.31505
G1 X-42.401 Y20.382 E4.32853
G1 X-43.439 Y19.345 E4.39004
G1 X-43.426 Y19.833 E4.41051
G1 X-34.77 Y28.488 E4.92367
G1 X-34.295 Y28.488 E4.94358
G1 X-40.513 Y22.27 E5.31223
G1 X-39.921 Y22.387 E5.33753
G1 X-33.82 Y28.488 E5.69924
G1 X-33.344 Y28.488 E5.71919
G1 X-39.447 Y22.386 E6.08099
G1 X-39.043 Y22.314 E6.09819
G1 X-32.869 Y28.488 E6.46423
G1 X-32.394 Y28.488 E6.48414
G1 X-38.665 Y22.216 E6.85596
G1 X-38.354 Y22.053 E6.87068
G1 X-31.918 Y28.488 E7.25222
G1 X-31.443 Y28.488 E7.27213
G1 X-38.053 Y21.879 E7.66399
G1 X-37.783 Y21.673 E7.67823
G1 X-30.968 Y28.488 E8.08227
G1 X-30.492 Y28.488 E8.10222
G1 X-37.561 Y21.42 E8.52129
G1 X-37.347 Y21.158 E8.53547
G1 X-30.017 Y28.488 E8.97004
G1 X-29.542 Y28.488 E8.98995
G1 X-37.162 Y20.868 E9.44172
G1 X-37.027 Y20.527 E9.4571
G1 X-29.066 Y28.488 E9.92908
G1 X-28.591 Y28.488 E9.94899
G1 X-36.909 Y20.17 E10.44214
G1 X-36.855 Y19.903 E10.45356
G1 X-36.855 Y19.749 E10.46002
G1 X-28.116 Y28.488 E10.97813
G1 X-27.64 Y28.488 E10.99808
G1 X-36.855 Y19.273 E11.54441
G1 X-36.855 Y19.185 E11.5481
G1 X-36.925 Y18.85 E11.56245
G1 X-36.995 Y18.658 E11.57102
G1 X-27.165 Y28.488 E12.15381
G1 X-26.69 Y28.488 E12.17372
G1 X-43.643 Y11.534 E13.17884
G1 X-43.656 Y11.046 E13.19931
G1 X-26.214 Y28.488 E14.23339
G1 X-25.739 Y28.488 E14.2533
G1 X-43.669 Y10.558 E15.31632
G1 X-43.682 Y10.07 E15.33679
G1 X-25.263 Y28.488 E16.42877
G1 X-24.788 Y28.488 E16.44868
G1 X-43.695 Y9.582 E17.56959
G1 X-43.707 Y9.094 E17.59005
G1 X-24.313 Y28.488 E18.73986
G1 X-23.837 Y28.488 E18.75981
G1 X-43.72 Y8.605 E19.93861
G1 X-43.733 Y8.117 E19.95908
G1 X-23.362 Y28.488 E21.16682
G1 X-22.887 Y28.488 E21.18673
G1 X-43.746 Y7.629 E22.4234
G1 X-43.759 Y7.141 E22.44387
G1 X-22.411 Y28.488 E23.7095
G1 X-21.936 Y28.488 E23.72941
G1 X-43.771 Y6.653 E25.02394
G1 X-43.784 Y6.165 E25.04441
G1 X-21.31 Y28.639 E26.37683
G1 E24.37683 F2400
G92 E0
G1 Z3.55 F7200
G1 X-10.377 Y28.639
G1 Z1.55
G1 E2 F2400
G1 F900
G1 X-28.39 Y10.626 E3.06794
G1 X-28.687 Y10.804 E3.08246
G1 X-11.003 Y28.488 E4.13089
G1 X-11.479 Y28.488 E4.15084
G1 X-28.985 Y10.982 E5.18872
G1 X-29.282 Y11.16 E5.20324
G1 X-11.954 Y28.488 E6.23057
G1 X-12.429 Y28.488 E6.25048
G1 X-29.579 Y11.339 E7.26722
G1 X-29.876 Y11.517 E7.28174
G1 X-12.905 Y28.488 E8.2879
G1 X-13.38 Y28.488 E8.30781
G1 X-30.173 Y11.695 E9.30342
G1 X-30.47 Y11.873 E9.31794
G1 X-13.855 Y28.488 E10.30299
G1 X-14.331 Y28.488 E10.32294
G1 X-30.768 Y12.051 E11.29744
G1 X-31.065 Y12.23 E11.31198
G1 X-14.806 Y28.488 E12.2759
G1 X-15.281 Y28.488 E12.29581
G1 X-31.362 Y12.408 E13.24917
G1 X-31.659 Y12.586 E13.26369
G1 X-15.757 Y28.488 E14.20647
G1 X-16.232 Y28.488 E14.22638
G1 X-31.956 Y12.764 E15.15861
G1 X-32.253 Y12.942 E15.17313
G1 X-16.707 Y28.488 E16.09481
G1 X-17.183 Y28.488 E16.11476
G1 X-32.551 Y13.12 E17.02588
G1 X-32.853 Y13.293 E17.04047
G1 X-17.658 Y28.488 E17.94134
G1 X-18.133 Y28.488 E17.96125
G1 X-33.172 Y13.45 E18.85284
G1 X-33.526 Y13.571 E18.86852
G1 X-18.609 Y28.488 E19.7529
G1 X-19.084 Y28.488 E19.77281
G1 X-33.924 Y13.649 E20.6526
G1 X-34.259 Y13.7 E20.66681
G1 X-34.351 Y13.696 E20.67067
G1 X-19.559 Y28.488 E21.54764
G1 X-20.035 Y28.488 E21.56759
G1 X-34.848 Y13.675 E22.44581
G1 X-35.252 Y13.598 E22.46305
G1 X-35.477 Y13.521 E22.47302
G1 X-20.51 Y28.488 E23.36037
G1 X-20.985 Y28.488 E23.38028
G1 X-43.797 Y5.677 E24.73271
G1 X-43.81 Y5.188 E24.75322
G1 X-37.512 Y11.487 E25.12664
G1 X-37.628 Y11.064 E25.14503
G1 X-37.648 Y10.875 E25.153
G1 X-43.823 Y4.7 E25.5191
G1 X-43.836 Y4.212 E25.53957
G1 X-37.69 Y10.357 E25.90392
G1 X-37.703 Y9.869 E25.92439
G1 X-43.848 Y3.724 E26.28871
G1 X-43.861 Y3.236 E26.30918
G1 X-37.716 Y9.381 E26.6735
G1 X-37.729 Y8.893 E26.69397
G1 X-43.874 Y2.748 E27.05829
G1 X-43.887 Y2.26 E27.07876
G1 X-37.742 Y8.405 E27.44308
G1 X-37.755 Y7.916 E27.46359
G1 X-43.9 Y1.771 E27.82791
G1 X-43.912 Y1.283 E27.84837
G1 X-37.767 Y7.428 E28.21269
G1 X-37.78 Y6.94 E28.23316
G1 X-43.925 Y.795 E28.59748
G1 X-43.938 Y.307 E28.61795
G1 X-37.793 Y6.452 E28.98227
G1 X-37.806 Y5.964 E29.00274
G1 X-43.951 Y-.181 E29.36706
G1 X-43.964 Y-.669 E29.38753
G1 X-37.819 Y5.476 E29.75185
G1 X-37.832 Y4.987 E29.77236
G1 X-43.976 Y-1.157 E30.13662
G1 X-43.989 Y-1.646 E30.15713
G1 X-37.844 Y4.499 E30.52145
G1 X-37.857 Y4.011 E30.54192
G1 X-44.002 Y-2.134 E30.90624
G1 X-44.015 Y-2.622 E30.92671
G1 X-37.87 Y3.523 E31.29103
G1 X-37.883 Y3.035 E31.3115
G1 X-44.028 Y-3.11 E31.67582
G1 X-44.04 Y-3.598 E31.69628
G1 X-37.896 Y2.546 E32.06054
G1 X-37.909 Y2.058 E32.08101
G1 X-44.053 Y-4.086 E32.44527
G1 X-44.066 Y-4.574 E32.46574
G1 X-37.922 Y1.57 E32.83
G1 X-37.934 Y1.082 E32.85046
G1 X-44.079 Y-5.063 E33.21478
G1 X-44.092 Y-5.551 E33.23525
G1 X-37.947 Y.594 E33.59957
G1 X-37.96 Y.105 E33.62008
G1 X-44.104 Y-6.039 E33.98434
G1 X-44.117 Y-6.527 E34.00481
G1 X-37.973 Y-.383 E34.36907
G1 X-37.986 Y-.871 E34.38954
G1 X-44.13 Y-7.015 E34.7538
G1 X-44.143 Y-7.503 E34.77427
G1 X-37.999 Y-1.359 E35.13853
G1 X-38.011 Y-1.847 E35.15899
G1 X-44.156 Y-7.991 E35.52328
G1 X-44.168 Y-8.48 E35.54379
G1 X-38.024 Y-2.335 E35.90808
G1 X-38.037 Y-2.824 E35.92859
G1 X-44.181 Y-8.968 E36.29285
G1 X-44.194 Y-9.456 E36.31332
G1 X-38.05 Y-3.312 E36.67758
G1 X-38.063 Y-3.8 E36.69805
G1 X-44.207 Y-9.944 E37.06231
G1 X-44.22 Y-10.432 E37.08278
G1 X-38.076 Y-4.288 E37.44704
G1 X-38.089 Y-4.776 E37.46751
G1 X-44.232 Y-10.92 E37.83174
G1 X-44.245 Y-11.408 E37.85221
G1 X-38.101 Y-5.265 E38.21644
G1 X-38.114 Y-5.753 E38.23691
G1 X-44.258 Y-11.897 E38.60117
G1 X-44.271 Y-12.385 E38.62164
G1 X-38.127 Y-6.241 E38.9859
G1 X-38.14 Y-6.729 E39.00637
G1 X-44.284 Y-12.873 E39.37063
G1 X-44.296 Y-13.361 E39.39109
G1 X-38.153 Y-7.217 E39.75532
G1 X-38.166 Y-7.706 E39.77583
G1 X-44.309 Y-13.849 E40.14003
G1 X-44.322 Y-14.337 E40.1605
G1 X-38.179 Y-8.194 E40.5247
G1 X-38.191 Y-8.682 E40.54516
G1 X-44.335 Y-14.825 E40.90939
G1 X-44.348 Y-15.314 E40.9299
G1 X-38.204 Y-9.17 E41.29416
G1 X-38.217 Y-9.658 E41.31463
G1 X-44.36 Y-15.802 E41.67886
G1 X-44.373 Y-16.29 E41.69933
G1 X-38.23 Y-10.146 E42.06356
G1 X-38.243 Y-10.635 E42.08407
G1 X-44.386 Y-16.778 E42.44827
G1 X-44.399 Y-17.266 E42.46874
G1 X-38.256 Y-11.123 E42.83294
G1 X-38.268 Y-11.611 E42.8534
G1 X-44.412 Y-17.754 E43.21763
G1 X-44.425 Y-18.242 E43.2381
G1 X-38.281 Y-12.099 E43.60233
G1 X-38.294 Y-12.587 E43.6228
G1 X-44.437 Y-18.731 E43.98703
G1 X-44.45 Y-19.219 E44.0075
G1 X-38.307 Y-13.076 E44.3717
G1 X-38.32 Y-13.564 E44.39217
G1 X-44.463 Y-19.707 E44.75637
G1 X-44.476 Y-20.195 E44.77684
G1 X-38.333 Y-14.052 E45.14104
G1 X-38.346 Y-14.54 E45.16151
G1 X-44.489 Y-20.683 E45.52571
G1 X-44.501 Y-21.171 E45.54617
G1 X-38.358 Y-15.028 E45.91037
G1 X-38.371 Y-15.517 E45.93088
G1 X-44.514 Y-21.659 E46.29505
G1 X-44.527 Y-22.148 E46.31556
G1 X-38.384 Y-16.005 E46.67976
G1 X-38.397 Y-16.493 E46.70023
G1 X-44.54 Y-22.636 E47.06443
G1 X-44.544 Y-22.815 E47.07194
G1 X-44.598 Y-23.169 E47.08695
G1 X-38.41 Y-16.981 E47.45382
G1 X-38.423 Y-17.469 E47.47429
G1 X-54.944 Y-33.991 E48.4538
G1 X-54.469 Y-33.991 E48.47371
G1 X-38.421 Y-17.943 E49.42515
G1 X-38.413 Y-18.148 E49.43375
G1 X-38.375 Y-18.372 E49.44327
G1 X-53.993 Y-33.991 E50.36924
G1 X-53.518 Y-33.991 E50.38915
G1 X-38.273 Y-18.746 E51.29298
G1 X-38.158 Y-19.106 E51.30882
G1 X-53.043 Y-33.991 E52.19131
G1 X-52.567 Y-33.991 E52.21126
G1 X-37.999 Y-19.423 E53.07495
G1 X-37.82 Y-19.719 E53.08945
G1 X-52.092 Y-33.991 E53.93559
G1 X-51.617 Y-33.991 E53.9555
G1 X-37.593 Y-19.967 E54.78694
G1 X-37.366 Y-20.215 E54.80103
G1 X-51.141 Y-33.991 E55.61774
G1 X-50.666 Y-33.991 E55.63765
G1 X-37.004 Y-20.328 E56.44766
G1 E54.44766 F2400
G92 E0
G1 Z3.55 F7200
G1 X-46.165 Y-24.736
G1 Z1.55
G1 E2 F2400
G1 F900
G1 X-55.419 Y-33.991 E2.54867
G1 X-55.895 Y-33.991 E2.56862
G1 X-46.916 Y-25.012 E3.10096
G1 X-47.391 Y-25.012 E3.12087
G1 X-56.37 Y-33.991 E3.65321
G1 X-56.846 Y-33.991 E3.67316
G1 X-47.866 Y-25.012 E4.20553
G1 X-48.342 Y-25.012 E4.22548
G1 X-57.321 Y-33.991 E4.75782
G1 X-57.796 Y-33.991 E4.77773
G1 X-48.817 Y-25.012 E5.31007
G1 X-49.292 Y-25.012 E5.32998
G1 X-58.272 Y-33.991 E5.86235
G1 X-58.747 Y-33.991 E5.88226
G1 X-49.768 Y-25.012 E6.4146
G1 X-50.243 Y-25.012 E6.43451
G1 X-59.222 Y-33.991 E6.96685
G1 X-59.698 Y-33.991 E6.9868
G1 X-50.718 Y-25.012 E7.51917
G1 X-51.194 Y-25.012 E7.53912
G1 X-60.173 Y-33.991 E8.07146
G1 X-60.648 Y-33.991 E8.09137
G1 X-51.669 Y-25.012 E8.62371
G1 X-51.935 Y-25.012 E8.63486
G1 X-52.118 Y-24.985 E8.64261
G1 X-61.124 Y-33.991 E9.17655
G1 X-61.599 Y-33.991 E9.19646
G1 X-52.529 Y-24.921 E9.73419
G1 X-52.771 Y-24.848 E9.74479
G1 X-52.874 Y-24.791 E9.74973
G1 X-62.074 Y-33.991 E10.29517
G1 X-62.55 Y-33.991 E10.31512
G1 X-53.18 Y-24.621 E10.87064
G1 X-53.45 Y-24.416 E10.88485
G1 X-63.025 Y-33.991 E11.45252
G1 X-63.5 Y-33.991 E11.47243
G1 X-53.672 Y-24.162 E12.05513
G1 X-53.875 Y-23.89 E12.06936
G1 X-63.668 Y-33.684 E12.64999
G1 X-63.668 Y-33.208 E12.66994
G1 X-54.016 Y-23.555 E13.24221
G1 X-54.142 Y-23.206 E13.25777
G1 X-63.668 Y-32.733 E13.82257
G1 X-63.668 Y-32.258 E13.84248
G1 X-54.185 Y-22.774 E14.40473
G1 X-54.185 Y-22.299 E14.42464
G1 X-63.668 Y-31.782 E14.98686
G1 X-63.668 Y-31.307 E15.00677
G1 X-54.185 Y-21.823 E15.56902
G1 X-54.185 Y-21.348 E15.58893
G1 X-63.668 Y-30.831 E16.15115
G1 X-63.668 Y-30.356 E16.17106
G1 X-54.185 Y-20.873 E16.73328
G1 X-54.185 Y-20.398 E16.75319
G1 X-63.668 Y-29.881 E17.31541
G1 X-63.668 Y-29.405 E17.33536
G1 X-54.185 Y-19.922 E17.89758
G1 X-54.185 Y-19.447 E17.91749
G1 X-63.668 Y-28.93 E18.47971
G1 X-63.668 Y-28.455 E18.49962
G1 X-54.185 Y-18.972 E19.06184
G1 X-54.185 Y-18.496 E19.08179
G1 X-63.668 Y-27.979 E19.64401
G1 X-63.668 Y-27.504 E19.66392
G1 X-54.185 Y-18.021 E20.22614
G1 X-54.185 Y-17.546 E20.24605
G1 X-63.668 Y-27.029 E20.80827
G1 X-63.668 Y-26.553 E20.82822
G1 X-54.185 Y-17.071 E21.39041
G1 X-54.185 Y-16.595 E21.41036
G1 X-63.668 Y-26.078 E21.97258
G1 X-63.668 Y-25.603 E21.99249
G1 X-54.185 Y-16.12 E22.55471
G1 X-54.186 Y-15.645 E22.57462
G1 X-63.668 Y-25.127 E23.13678
G1 X-63.668 Y-24.652 E23.15669
G1 X-54.186 Y-15.169 E23.71888
G1 X-54.186 Y-14.694 E23.73879
G1 X-63.668 Y-24.177 E24.30098
G1 X-63.668 Y-23.701 E24.32093
G1 X-54.186 Y-14.219 E24.88309
G1 X-54.186 Y-13.743 E24.90304
G1 X-63.668 Y-23.226 E25.46523
G1 X-63.668 Y-22.751 E25.48514
G1 X-54.186 Y-13.268 E26.04733
G1 X-54.186 Y-12.793 E26.06724
G1 X-63.668 Y-22.275 E26.6294
G1 X-63.668 Y-21.8 E26.64931
G1 X-54.186 Y-12.318 E27.21147
G1 X-54.186 Y-11.842 E27.23142
G1 X-63.668 Y-21.325 E27.79361
G1 X-63.668 Y-20.849 E27.81356
G1 X-54.186 Y-11.367 E28.37572
G1 X-54.186 Y-10.892 E28.39563
G1 X-63.668 Y-20.374 E28.95779
G1 X-63.668 Y-19.899 E28.9777
G1 X-54.186 Y-10.416 E29.53989
G1 X-54.186 Y-9.941 E29.5598
G1 X-63.668 Y-19.423 E30.12196
G1 X-63.668 Y-18.948 E30.14187
G1 X-54.186 Y-9.466 E30.70403
G1 X-54.186 Y-8.991 E30.72394
G1 X-63.668 Y-18.473 E31.2861
G1 X-63.668 Y-17.997 E31.30605
G1 X-54.186 Y-8.515 E31.86821
G1 X-54.186 Y-8.04 E31.88812
G1 X-63.668 Y-17.522 E32.45028
G1 X-63.668 Y-17.047 E32.47019
G1 X-54.186 Y-7.565 E33.03235
G1 X-54.186 Y-7.089 E33.0523
G1 X-63.668 Y-16.571 E33.61446
G1 X-63.668 Y-16.096 E33.63437
G1 X-54.186 Y-6.614 E34.19653
G1 X-54.187 Y-6.139 E34.21644
G1 X-63.668 Y-15.621 E34.77857
G1 X-63.668 Y-15.145 E34.79852
G1 X-54.187 Y-5.664 E35.36062
G1 X-54.187 Y-5.188 E35.38057
G1 X-63.668 Y-14.67 E35.9427
G1 X-63.668 Y-14.195 E35.96261
G1 X-54.187 Y-4.713 E36.52474
G1 X-54.187 Y-4.238 E36.54465
G1 X-63.668 Y-13.719 E37.10675
G1 X-63.668 Y-13.244 E37.12666
G1 X-54.187 Y-3.762 E37.68879
G1 X-54.187 Y-3.287 E37.7087
G1 X-63.668 Y-12.769 E38.27083
G1 X-63.668 Y-12.293 E38.29078
G1 X-54.187 Y-2.812 E38.85288
G1 X-54.187 Y-2.336 E38.87283
G1 X-63.668 Y-11.818 E39.43496
G1 X-63.668 Y-11.343 E39.45487
G1 X-54.187 Y-1.861 E40.017
G1 X-54.187 Y-1.386 E40.03691
G1 X-63.668 Y-10.867 E40.59901
G1 X-63.668 Y-10.392 E40.61892
G1 X-54.187 Y-.911 E41.18102
G1 X-54.187 Y-.435 E41.20097
G1 X-63.668 Y-9.917 E41.7631
G1 X-63.668 Y-9.441 E41.78305
G1 X-54.187 Y.04 E42.34515
G1 X-54.187 Y.515 E42.36506
G1 X-63.668 Y-8.966 E42.92716
G1 X-63.668 Y-8.491 E42.94707
G1 X-54.187 Y.991 E43.5092
G1 X-54.187 Y1.466 E43.52911
G1 X-63.668 Y-8.015 E44.09121
G1 X-63.668 Y-7.54 E44.11112
G1 X-54.187 Y1.941 E44.67322
G1 X-54.187 Y2.416 E44.69313
G1 X-63.668 Y-7.065 E45.25523
G1 X-63.668 Y-6.589 E45.27518
G1 X-54.187 Y2.892 E45.83728
G1 X-54.187 Y3.367 E45.85719
G1 X-63.668 Y-6.114 E46.41929
G1 X-63.668 Y-5.638 E46.43924
G1 X-54.188 Y3.842 E47.00128
G1 X-54.188 Y4.318 E47.02123
G1 X-63.668 Y-5.163 E47.5833
G1 X-63.668 Y-4.688 E47.60321
G1 X-54.188 Y4.793 E48.16528
G1 X-54.188 Y5.268 E48.18519
G1 X-63.668 Y-4.212 E48.74723
G1 X-63.668 Y-3.737 E48.76714
G1 X-54.188 Y5.743 E49.32918
G1 X-54.188 Y6.219 E49.34913
G1 X-63.668 Y-3.262 E49.9112
G1 X-63.668 Y-2.786 E49.93115
G1 X-54.188 Y6.694 E50.49319
G1 X-54.188 Y7.169 E50.5131
G1 X-63.668 Y-2.311 E51.07514
G1 X-63.668 Y-1.836 E51.09505
G1 X-54.188 Y7.645 E51.65712
G1 X-54.188 Y8.12 E51.67703
G1 X-63.668 Y-1.36 E52.23907
G1 X-63.668 Y-.885 E52.25898
G1 X-54.188 Y8.595 E52.82102
G1 X-54.188 Y9.071 E52.84097
G1 X-63.668 Y-.41 E53.40304
G1 X-63.668 Y.066 E53.42299
G1 X-54.188 Y9.546 E53.98503
G1 X-54.188 Y10.021 E54.00494
G1 X-63.668 Y.541 E54.56698
G1 X-63.668 Y1.016 E54.58689
G1 X-54.188 Y10.496 E55.14893
G1 X-54.188 Y10.972 E55.16888
G1 X-63.668 Y1.492 E55.73092
G1 X-63.668 Y1.967 E55.75083
G1 X-54.188 Y11.447 E56.31287
G1 X-54.188 Y11.922 E56.33278
G1 X-63.668 Y2.442 E56.89482
G1 X-63.668 Y2.918 E56.91477
G1 X-54.188 Y12.398 E57.47681
G1 X-54.188 Y12.873 E57.49672
G1 X-63.668 Y3.393 E58.05876
G1 X-63.668 Y3.868 E58.07867
G1 X-54.188 Y13.348 E58.64071
G1 X-54.189 Y13.823 E58.66062
G1 X-63.668 Y4.344 E59.2226
G1 X-63.668 Y4.819 E59.24251
G1 X-54.189 Y14.299 E59.80452
G1 X-54.189 Y14.774 E59.82443
G1 X-63.668 Y5.294 E60.38644
G1 X-63.668 Y5.77 E60.40639
G1 X-54.189 Y15.249 E60.96837
G1 X-54.189 Y15.725 E60.98832
G1 X-63.668 Y6.245 E61.55033
G1 X-63.668 Y6.72 E61.57024
G1 X-54.189 Y16.2 E62.13225
G1 X-54.189 Y16.675 E62.15216
G1 X-63.668 Y7.196 E62.71414
G1 X-63.668 Y7.671 E62.73405
G1 X-54.189 Y17.15 E63.29603
G1 X-54.189 Y17.626 E63.31598
G1 X-63.668 Y8.146 E63.87799
G1 X-63.668 Y8.622 E63.89794
G1 X-54.189 Y18.101 E64.45992
G1 X-54.189 Y18.576 E64.47983
G1 X-63.668 Y9.097 E65.04181
G1 X-63.668 Y9.572 E65.06172
G1 X-54.189 Y19.052 E65.62373
G1 X-54.189 Y19.527 E65.64364
G1 X-63.668 Y10.048 E66.20562
G1 X-63.668 Y10.523 E66.22553
G1 X-54.189 Y20.002 E66.78751
G1 X-54.189 Y20.478 E66.80746
G1 X-63.668 Y10.998 E67.36947
G1 X-63.668 Y11.474 E67.38942
G1 X-53.918 Y21.224 E67.96747
G1 X-52.624 Y22.519 F7200
G1 F900
G1 X-46.654 Y28.488 E68.32138
G1 X-46.178 Y28.488 E68.34133
G1 X-51.858 Y22.809 E68.67805
G1 X-51.383 Y22.808 E68.69796
G1 X-45.703 Y28.488 E69.03471
G1 X-45.228 Y28.488 E69.05462
G1 X-50.909 Y22.807 E69.39143
G1 X-50.434 Y22.806 E69.41134
G1 X-44.752 Y28.488 E69.74821
G1 X-44.277 Y28.488 E69.76812
G1 X-49.96 Y22.805 E70.10505
G1 X-49.486 Y22.804 E70.12492
G1 X-43.802 Y28.488 E70.46191
G1 X-43.326 Y28.488 E70.48186
G1 X-49.011 Y22.803 E70.81891
G1 X-48.537 Y22.802 E70.83878
G1 X-42.851 Y28.488 E71.17589
G1 X-42.376 Y28.488 E71.1958
G1 X-48.062 Y22.802 E71.53291
G1 X-47.588 Y22.801 E71.55278
G1 X-41.9 Y28.488 E71.88997
G1 X-41.425 Y28.488 E71.90988
G1 X-47.114 Y22.8 E72.24713
G1 X-46.639 Y22.799 E72.26704
G1 X-40.95 Y28.488 E72.60432
G1 X-40.474 Y28.488 E72.62427
G1 X-46.165 Y22.798 E72.96164
G1 X-45.69 Y22.797 E72.98155
G1 X-39.999 Y28.488 E73.31895
G1 X-39.524 Y28.488 E73.33886
G1 X-45.246 Y22.766 E73.6781
G1 X-44.885 Y22.652 E73.69397
G1 X-39.048 Y28.488 E74.04
G1 X-38.573 Y28.488 E74.05991
G1 X-44.553 Y22.508 E74.41445
G1 X-44.267 Y22.319 E74.42882
G1 X-38.098 Y28.488 E74.79456
G1 X-37.622 Y28.488 E74.81451
G1 X-44.027 Y22.083 E75.19424
G1 X-43.819 Y21.817 E75.2084
G1 X-37.147 Y28.488 E75.60393
G1 X-36.672 Y28.488 E75.62384
G1 X-43.635 Y21.525 E76.03666
G1 X-43.584 Y21.426 E76.04133
G1 X-43.511 Y21.173 E76.05237
G1 X-36.196 Y28.488 E76.48605
G1 X-35.721 Y28.488 E76.50596
G1 X-43.422 Y20.787 E76.96253
G1 X-43.413 Y20.321 E76.98207
G1 X-35.095 Y28.639 E77.47522
G1 E75.47522 F2400
G92 E0
G1 Z3.55 F7200
G1 X-46.978 Y28.639
G1 Z1.55
G1 E2 F2400
G1 F900
G1 X-63.668 Y11.949 E2.9895
G1 X-63.668 Y12.424 E3.00941
G1 X-47.604 Y28.488 E3.9618
G1 X-48.08 Y28.488 E3.98175
G1 X-63.668 Y12.9 E4.90592
G1 X-63.668 Y13.375 E4.92583
G1 X-48.555 Y28.488 E5.82183
G1 X-49.03 Y28.488 E5.84174
G1 X-63.668 Y13.85 E6.70958
G1 X-63.668 Y14.326 E6.72953
G1 X-49.506 Y28.488 E7.56915
G1 X-49.981 Y28.488 E7.58906
G1 X-63.668 Y14.801 E8.40052
G1 X-63.668 Y15.276 E8.42043
G1 X-50.456 Y28.488 E9.20373
G1 X-50.932 Y28.488 E9.22368
G1 X-63.668 Y15.752 E9.97876
G1 X-63.668 Y16.227 E9.99867
G1 X-51.407 Y28.488 E10.72559
G1 X-51.883 Y28.488 E10.74554
G1 X-63.668 Y16.702 E11.44427
G1 X-63.668 Y17.178 E11.46422
G1 X-52.358 Y28.488 E12.13476
G1 X-52.833 Y28.488 E12.15467
G1 X-63.668 Y17.653 E12.79704
G1 X-63.668 Y18.129 E12.81699
G1 X-53.309 Y28.488 E13.43114
G1 X-53.784 Y28.488 E13.45105
G1 X-63.668 Y18.604 E14.03704
G1 X-63.668 Y19.079 E14.05695
G1 X-54.259 Y28.488 E14.61478
G1 X-54.735 Y28.488 E14.63473
G1 X-63.668 Y19.555 E15.16434
G1 X-63.668 Y20.03 E15.18425
G1 X-55.21 Y28.488 E15.6857
G1 X-55.685 Y28.488 E15.70561
G1 X-63.668 Y20.505 E16.1789
G1 X-63.668 Y20.981 E16.19885
G1 X-56.161 Y28.488 E16.64392
G1 X-56.636 Y28.488 E16.66383
G1 X-63.668 Y21.456 E17.08074
G1 X-63.668 Y21.931 E17.10065
G1 X-57.111 Y28.488 E17.48939
G1 X-57.587 Y28.488 E17.50934
G1 X-63.668 Y22.407 E17.86986
G1 X-63.668 Y22.882 E17.88977
G1 X-58.062 Y28.488 E18.22213
G1 X-58.537 Y28.488 E18.24204
G1 X-63.668 Y23.357 E18.54624
G1 X-63.668 Y23.833 E18.56619
G1 X-59.013 Y28.488 E18.84217
G1 X-59.488 Y28.488 E18.86208
G1 X-63.668 Y24.308 E19.1099
G1 X-63.668 Y24.783 E19.12981
G1 X-59.963 Y28.488 E19.34947
G1 X-60.439 Y28.488 E19.36942
G1 X-63.668 Y25.259 E19.56086
G1 X-63.668 Y25.734 E19.58077
G1 X-60.914 Y28.488 E19.74405
G1 X-61.389 Y28.488 E19.76396
G1 X-63.668 Y26.209 E19.89908
G1 X-63.668 Y26.685 E19.91903
G1 X-61.865 Y28.488 E20.02592
G1 X-62.34 Y28.488 E20.04583
G1 X-63.668 Y27.16 E20.12456
G1 X-63.668 Y27.635 E20.14447
G1 X-62.815 Y28.488 E20.19504
G1 X-63.291 Y28.488 E20.21499
G1 X-63.819 Y27.96 E20.24629
;LAYER_CHANGE
;Z:1.85
;HEIGHT:0.3
G1 E18.24629 F2400
G92 E0
G1 Z1.85 F7200
G1 Z3.85
G1 X46.487 Y-34.335
G1 Z1.85
G1 E2 F2400
;TYPE:Perimeter
;WIDTH:0.396572
G1 F1200
G1 X35.655 Y-34.335 E2.4488
G1 X35.655 Y-34.667 E2.46256
G1 X46.487 Y-34.667 E2.91136
G1 X46.487 Y-34.395 E2.92263
G1 X46.846 Y-33.976 F7200
;TYPE:External perimeter
;WIDTH:0.45
G1 F1200
G1 X35.296 Y-33.976 E3.47814
G1 X35.296 Y-35.026 E3.52864
G1 X46.846 Y-35.026 E4.08415
G1 X46.846 Y-34.036 E4.13177
G1 X46.451 Y-33.977 F7200
G1 E2.13177 F2400
G92 E0
G1 Z3.85 F7200
G1 X38.915 Y-26.814
G1 Z1.85
G1 E2 F2400
G1 F1800
G1 X39.02 Y-26.677 E2.0083
G1 X39.038 Y-26.524 E2.01571
G1 X38.955 Y-26.417 E2.02222
G1 X38.832 Y-26.341 E2.02917
G1 X35.05 Y16.121 E4.07953
G1 X34.979 Y16.254 E4.08678
G1 X34.466 Y16.381 E4.1122
G1 X33.854 Y16.598 E4.14343
G1 X33.227 Y16.987 E4.17892
G1 X33.073 Y17.017 E4.18647
G1 X.863 Y-3.035 E6.01133
G1 X.773 Y-3.217 E6.0211
G1 X.863 Y-3.363 E6.02935
G1 X38.404 Y-26.605 E8.15297
G1 X38.432 Y-26.919 E8.16813
G1 X38.542 Y-27.076 E8.17735
G1 X38.717 Y-27.07 E8.18577
G1 X38.878 Y-26.862 E8.19842
G1 X38.99 Y-26.477 F7200
G1 E6.19842 F2400
G92 E0
G1 Z3.85 F7200
G1 X32.743 Y17.779
G1 Z1.85
G1 E2 F2400
;TYPE:Perimeter
G1 F3600
G1 X32.767 Y18.05 E2.01309
G1 X32.39 Y19.096 E2.06657
G1 X32.294 Y19.231 E2.07454
G1 X32.143 Y19.342 E2.08355
;WIDTH:0.446618
G1 X32.01 Y19.362 E2.08996
;WIDTH:0.421595
G1 X31.876 Y19.383 E2.096
;WIDTH:0.396572
G1 X-34.393 Y19.383 E4.8417
;WIDTH:0.423286
G1 X-34.671 Y19.186 E4.85695
;WIDTH:0.45
G1 X-34.949 Y18.989 E4.87334
G1 X-34.983 Y18.871 E4.87925
G1 X-34.888 Y18.581 E4.89393
;WIDTH:0.423285
G1 X-34.793 Y18.291 E4.90759
;WIDTH:0.396571
G1 X-1.292 Y-2.45 E6.54011
;WIDTH:0.441554
G1 X-1.183 Y-2.544 E6.54688
;WIDTH:0.486537
G1 X-1.074 Y-2.638 E6.55446
;WIDTH:0.53152
G1 X-.965 Y-2.732 E6.56285
;WIDTH:0.576503
G1 X-.856 Y-2.826 E6.57204
;WIDTH:0.621487
G1 X-.747 Y-2.92 E6.58204
G1 X-.599 Y-2.945 E6.59247
;WIDTH:0.574181
G1 X-.45 Y-2.97 E6.60208
G1 X-.276 Y-2.96 E6.61316
;WIDTH:0.621486
G1 X-.102 Y-2.95 E6.62527
G1 X.018 Y-2.85 E6.63612
;WIDTH:0.576503
G1 X.138 Y-2.749 E6.64614
;WIDTH:0.53152
G1 X.258 Y-2.649 E6.65524
;WIDTH:0.486537
G1 X.378 Y-2.549 E6.66346
;WIDTH:0.441554
G1 X.497 Y-2.448 E6.6708
;WIDTH:0.396573
G1 X32.491 Y17.468 E8.23225
;WIDTH:0.41018
G1 X32.612 Y17.56 E8.23881
;WIDTH:0.442324
G1 X32.727 Y17.723 E8.24821
G1 X32.368 Y17.884 F7200
;TYPE:External perimeter
;WIDTH:0.45
G1 F1800
G1 X32.392 Y17.922 E8.25037
G1 X32.015 Y18.964 E8.30367
G1 X31.876 Y19.024 E8.31095
G1 X-34.393 Y19.024 E11.49826
G1 X-34.579 Y18.884 E11.50946
G1 X-34.612 Y18.766 E11.51535
G1 X-34.528 Y18.549 E11.52654
G1 X-.499 Y-2.519 E13.4515
G1 X-.38 Y-2.547 E13.45738
G1 X.308 Y-2.143 E13.49575
G1 X32.301 Y17.773 E15.30829
G1 X32.337 Y17.832 E15.31161
G1 X32.275 Y18.227 F7200
G1 X33.113 Y19.168
;TYPE:Perimeter
G1 F1200
G1 X33.12 Y19.067 E15.31648
G1 X33.314 Y18.535 E15.34372
G1 X33.589 Y18.153 E15.36636
G1 X33.933 Y17.797 E15.39017
G1 X34.429 Y17.511 E15.41771
G1 X35.066 Y17.357 E15.44923
G1 X35.579 Y17.363 E15.47391
G1 X35.867 Y17.426 E15.48809
G1 X36.15 Y17.532 E15.50262
G1 X36.61 Y17.797 E15.52815
G1 X36.821 Y17.994 E15.54203
G1 X37.165 Y18.411 E15.56803
G1 X37.383 Y18.96 E15.59644
G1 X37.457 Y19.265 E15.61154
G1 X37.457 Y19.832 E15.63881
G1 X37.338 Y20.26 E15.66018
G1 X37.134 Y20.729 E15.68478
G1 X36.764 Y21.171 E15.7125
G1 X36.577 Y21.319 E15.72397
G1 X36.119 Y21.584 E15.74942
G1 X35.84 Y21.668 E15.76343
G1 X35.309 Y21.758 E15.78933
G1 X34.721 Y21.671 E15.81792
G1 X34.424 Y21.584 E15.8328
G1 X33.933 Y21.3 E15.86008
G1 X33.618 Y20.979 E15.88171
G1 X33.314 Y20.563 E15.90649
G1 X33.12 Y20.03 E15.93377
G1 X33.085 Y19.549 E15.95697
G1 X33.108 Y19.228 E15.97245
G1 X33.482 Y19.233 F7200
;TYPE:External perimeter
G1 F1200
G1 X33.676 Y18.667 E16.00123
G1 X34.074 Y18.174 E16.0317
G1 X34.676 Y17.826 E16.06514
G1 X35.184 Y17.732 E16.08999
G1 X35.604 Y17.755 E16.11022
G1 X35.957 Y17.866 E16.12802
G1 X36.417 Y18.131 E16.15355
G1 X36.833 Y18.609 E16.18403
G1 X37.072 Y19.265 E16.21761
G1 X37.072 Y19.832 E16.24488
G1 X36.869 Y20.423 E16.27494
G1 X36.468 Y20.923 E16.30577
G1 X35.926 Y21.25 E16.33622
G1 X35.305 Y21.371 E16.36665
G1 X34.617 Y21.25 E16.40025
G1 X34.126 Y20.966 E16.42753
G1 X33.713 Y20.493 E16.45773
G1 X33.483 Y19.898 E16.48841
G1 X33.471 Y19.291 E16.51761
G1 X33.594 Y18.91 F7200
G1 E14.51761 F2400
G92 E0
G1 Z3.85 F7200
G1 X41.591 Y-30.909
G1 Z1.85
G1 E2 F2400
;TYPE:Perimeter
G1 F1200
G1 X41.599 Y-30.91 E2.00039
G1 X42.024 Y-30.878 E2.02089
G1 X42.439 Y-30.746 E2.04184
G1 X42.93 Y-30.463 E2.0691
G1 X43.257 Y-30.127 E2.09165
G1 X43.548 Y-29.725 E2.11552
G1 X43.742 Y-29.193 E2.14276
G1 X43.777 Y-28.904 E2.15676
G1 X43.774 Y-28.368 E2.18254
G1 X43.592 Y-27.816 E2.2105
G1 X43.448 Y-27.523 E2.2262
G1 X43.084 Y-27.089 E2.25344
G1 X42.703 Y-26.829 E2.27563
G1 X42.253 Y-26.608 E2.29974
G1 X41.692 Y-26.509 E2.32714
G1 X41.428 Y-26.52 E2.33985
G1 X40.933 Y-26.608 E2.36403
G1 X40.548 Y-26.789 E2.38449
G1 X40.18 Y-27.01 E2.40514
G1 X39.734 Y-27.523 E2.43783
G1 X39.54 Y-27.954 E2.46056
G1 X39.405 Y-28.428 E2.48426
G1 X39.405 Y-28.995 E2.51153
G1 X39.531 Y-29.441 E2.53382
G1 X39.734 Y-29.899 E2.55792
G1 X40.099 Y-30.333 E2.58519
G1 X40.253 Y-30.463 E2.59488
G1 X40.744 Y-30.746 E2.62214
G1 X41.057 Y-30.839 E2.63784
G1 X41.531 Y-30.901 E2.66083
G1 X41.591 Y-30.516 F7200
;TYPE:External perimeter
G1 F1200
G1 X41.924 Y-30.505 E2.67685
G1 X42.246 Y-30.412 E2.69297
G1 X42.737 Y-30.129 E2.72023
G1 X43.153 Y-29.651 E2.75071
G1 X43.38 Y-29.061 E2.78111
G1 X43.392 Y-28.428 E2.81156
G1 X43.229 Y-27.948 E2.83594
G1 X43.153 Y-27.771 E2.8452
G1 X42.788 Y-27.337 E2.87247
G1 X42.257 Y-27.017 E2.90229
G1 X41.625 Y-26.889 E2.9333
G1 X40.999 Y-26.987 E2.96378
G1 X40.446 Y-27.294 E2.9942
G1 X40.03 Y-27.771 E3.02464
G1 X39.818 Y-28.321 E3.05299
G1 X39.791 Y-28.995 E3.08543
G1 X39.996 Y-29.593 E3.11583
G1 X40.394 Y-30.086 E3.1463
G1 X40.937 Y-30.412 E3.17676
G1 X41.439 Y-30.521 E3.20147
G1 X41.531 Y-30.518 E3.2059
G1 X41.93 Y-30.49 F7200
G1 E1.2059 F2400
G92 E0
G1 Z3.85 F7200
G1 X38.253 Y-27.318
G1 Z1.85
G1 E2 F2400
;TYPE:Perimeter
;WIDTH:0.408043
G1 F1200
G1 X38.387 Y-27.404 E2.00682
G1 X38.406 Y-28.453 F7200
;WIDTH:0.45
G1 F3600
G1 X38.584 Y-28.242 E2.0201
G1 X38.665 Y-27.976 E2.03347
G1 X38.629 Y-27.654 E2.04905
G1 X38.387 Y-27.404 E2.06578
G1 X38.729 Y-27.47 E2.08253
G1 X38.903 Y-27.408 E2.09141
G1 X39.095 Y-27.238 E2.10374
G1 X39.354 Y-26.87 E2.12538
G1 X39.431 Y-26.619 E2.13801
G1 X39.406 Y-26.409 E2.14818
G1 X39.246 Y-26.163 E2.16229
;WIDTH:0.439227
G1 X39.172 Y-26.106 E2.16666
;WIDTH:0.396572
G1 X35.407 Y16.153 E3.9245
;WIDTH:0.438339
G1 X35.341 Y16.411 E3.93692
;WIDTH:0.45
G1 X35.221 Y16.554 E3.9459
G1 X34.937 Y16.677 E3.96079
G1 X34.427 Y16.804 E3.98607
G1 X33.99 Y16.967 E4.0085
G1 X33.429 Y17.315 E4.04025
G1 X33.187 Y17.398 E4.05255
G1 X33.088 Y17.392 E4.05732
;WIDTH:0.423286
G1 X32.989 Y17.387 E4.06176
;WIDTH:0.396573
G1 X.673 Y-2.73 E5.63894
;WIDTH:0.441554
G1 X.599 Y-2.811 E5.6441
;WIDTH:0.486537
G1 X.525 Y-2.892 E5.64988
;WIDTH:0.53152
G1 X.451 Y-2.974 E5.65632
;WIDTH:0.576503
G1 X.377 Y-3.055 E5.66333
;WIDTH:0.621486
G1 X.303 Y-3.136 E5.67095
G1 X.304 Y-3.263 E5.67977
G1 X.378 Y-3.344 E5.68739
;WIDTH:0.576503
G1 X.452 Y-3.425 E5.6944
;WIDTH:0.53152
G1 X.526 Y-3.506 E5.70079
;WIDTH:0.486537
G1 X.6 Y-3.587 E5.70657
;WIDTH:0.441554
G1 X.674 Y-3.668 E5.71173
;WIDTH:0.396571
G1 X38.063 Y-26.816 E7.53371
G1 X38.075 Y-26.951 E7.53933
;WIDTH:0.408043
G1 X38.253 Y-27.318 E7.55681
G1 X37.817 Y-27.054 E7.57866
;WIDTH:0.396571
G1 X.499 Y-3.95 E9.39718
;WIDTH:0.441554
G1 X.39 Y-3.856 E9.40395
;WIDTH:0.486537
G1 X.281 Y-3.762 E9.41153
;WIDTH:0.53152
G1 X.172 Y-3.668 E9.41992
;WIDTH:0.576503
G1 X.063 Y-3.574 E9.42911
;WIDTH:0.621486
G1 X-.046 Y-3.48 E9.43911
G1 X-.194 Y-3.455 E9.44954
;WIDTH:0.574181
G1 X-.342 Y-3.431 E9.45907
G1 X-.516 Y-3.44 E9.47015
;WIDTH:0.621487
G1 X-.691 Y-3.45 E9.48233
G1 X-.811 Y-3.551 E9.49323
;WIDTH:0.576504
G1 X-.93 Y-3.651 E9.50316
;WIDTH:0.531521
G1 X-1.05 Y-3.751 E9.51226
;WIDTH:0.486538
G1 X-1.17 Y-3.852 E9.52052
;WIDTH:0.441555
G1 X-1.29 Y-3.952 E9.52787
;WIDTH:0.396574
G1 X-38.073 Y-26.85 E11.32307
;WIDTH:0.443529
G1 X-38.3 Y-27.07 E11.33802
;WIDTH:0.45
G1 X-38.358 Y-27.28 E11.3485
G1 X-38.332 Y-27.495 E11.35892
G1 X-38.116 Y-28.17 E11.39301
G1 X-37.983 Y-28.394 E11.40554
G1 X-37.832 Y-28.505 E11.41455
;WIDTH:0.44657
G1 X-37.564 Y-28.545 E11.42747
;WIDTH:0.396572
G1 X38.062 Y-28.545 E14.56086
;WIDTH:0.445376
G1 X38.35 Y-28.472 E14.57498
G1 X38.242 Y-28.02 F7200
;TYPE:External perimeter
;WIDTH:0.45
G1 F1800
G1 X38.287 Y-27.862 E14.58288
G1 X38.197 Y-27.712 E14.59129
G1 X-.294 Y-3.881 E16.76867
G1 X-.412 Y-3.853 E16.7745
G1 X-1.1 Y-4.257 E16.81287
G1 X-37.883 Y-27.155 E18.89679
G1 X-37.973 Y-27.306 E18.90524
G1 X-37.736 Y-28.082 E18.94426
G1 X-37.633 Y-28.186 E18.9513
G1 X38.062 Y-28.186 E22.59197
G1 X38.216 Y-28.11 E22.60023
G1 X38.225 Y-28.077 E22.60188
G1 X38.147 Y-27.685 F7200
G1 E20.60188 F2400
G92 E0
G1 Z3.85 F7200
G1 X-38.905 Y-27.964
G1 Z1.85
G1 E2 F2400
;TYPE:Perimeter
G1 F1200
G1 X-39.002 Y-27.697 E2.01366
G1 X-39.155 Y-27.461 E2.02719
G1 X-39.55 Y-27.008 E2.0561
G1 X-40.3 Y-26.608 E2.09698
G1 X-40.858 Y-26.509 E2.12424
G1 X-41.288 Y-26.55 E2.14502
G1 X-41.729 Y-26.639 E2.16666
G1 X-42.297 Y-26.96 E2.19804
G1 X-42.541 Y-27.196 E2.21437
G1 X-42.874 Y-27.608 E2.23985
G1 X-43.068 Y-28.116 E2.266
G1 X-43.145 Y-28.428 E2.28146
G1 X-43.145 Y-28.995 E2.30873
G1 X-43.01 Y-29.468 E2.33239
G1 X-42.815 Y-29.899 E2.35514
G1 X-42.451 Y-30.333 E2.38238
G1 X-42.297 Y-30.463 E2.39207
G1 X-41.806 Y-30.746 E2.41933
G1 X-41.202 Y-30.896 E2.44926
G1 X-40.651 Y-30.897 E2.47576
G1 X-40.158 Y-30.77 E2.50025
G1 X-39.62 Y-30.463 E2.53004
G1 X-39.301 Y-30.136 E2.55201
G1 X-39.002 Y-29.725 E2.57646
G1 X-38.808 Y-29.193 E2.6037
G1 X-38.773 Y-28.712 E2.6269
G1 X-38.808 Y-28.23 E2.65014
G1 X-38.884 Y-28.02 E2.66088
G1 X-39.272 Y-28.097 F7200
;TYPE:External perimeter
G1 F1200
G1 X-39.356 Y-27.852 E2.67334
G1 X-39.756 Y-27.344 E2.70444
G1 X-40.367 Y-26.987 E2.73848
G1 X-40.925 Y-26.889 E2.76573
G1 X-41.551 Y-26.987 E2.79621
G1 X-42.104 Y-27.294 E2.82663
G1 X-42.52 Y-27.771 E2.85707
G1 X-42.759 Y-28.428 E2.8907
G1 X-42.759 Y-28.995 E2.91797
G1 X-42.56 Y-29.576 E2.94751
G1 X-42.156 Y-30.086 E2.9788
G1 X-41.613 Y-30.412 E3.00926
G1 X-41.091 Y-30.524 E3.03494
G1 X-40.626 Y-30.505 E3.05732
G1 X-40.304 Y-30.412 E3.07344
G1 X-39.813 Y-30.129 E3.1007
G1 X-39.413 Y-29.67 E3.12998
G1 X-39.17 Y-29.061 E3.16152
G1 X-39.158 Y-28.428 E3.19197
G1 X-39.252 Y-28.154 E3.2059
G1 X-39.42 Y-27.791 F7200
G1 E1.2059 F2400
G92 E0
G1 Z3.85 F7200
G1 X-36.615 Y18.822
G1 Z1.85
G1 E2 F2400
;TYPE:Perimeter
G1 F3600
G1 X-36.726 Y18.795 E2.00549
G1 X-36.959 Y18.571 E2.02104
G1 X-37.22 Y18.059 E2.04868
G1 X-37.572 Y17.586 E2.07704
G1 X-37.98 Y17.228 E2.10315
G1 X-38.434 Y16.949 E2.12878
G1 X-39.251 Y16.682 E2.17012
G1 X-39.452 Y16.562 E2.18138
G1 X-39.562 Y16.412 E2.19033
;WIDTH:0.438224
G1 X-39.612 Y16.151 E2.20272
;WIDTH:0.396573
G1 X-40.703 Y-25.322 E3.92166
;WIDTH:0.445708
G1 X-40.671 Y-25.586 E3.93431
;WIDTH:0.45
G1 X-40.521 Y-25.782 E3.94618
G1 X-40.139 Y-25.947 E3.96619
G1 X-39.596 Y-26.167 E3.99437
G1 X-38.979 Y-26.602 E4.03068
G1 X-38.723 Y-26.718 E4.0442
G1 X-38.551 Y-26.72 E4.05247
;WIDTH:0.443529
G1 X-38.248 Y-26.568 E4.0685
;WIDTH:0.396574
G1 X-1.466 Y-3.67 E5.86367
;WIDTH:0.441555
G1 X-1.392 Y-3.589 E5.86883
;WIDTH:0.486538
G1 X-1.318 Y-3.508 E5.87461
;WIDTH:0.531521
G1 X-1.244 Y-3.427 E5.881
;WIDTH:0.576504
G1 X-1.17 Y-3.346 E5.88801
;WIDTH:0.621487
G1 X-1.096 Y-3.265 E5.89563
G1 X-1.096 Y-3.137 E5.90452
G1 X-1.17 Y-3.057 E5.91209
;WIDTH:0.576503
G1 X-1.244 Y-2.976 E5.9191
;WIDTH:0.53152
G1 X-1.319 Y-2.895 E5.92553
;WIDTH:0.486537
G1 X-1.393 Y-2.814 E5.93131
;WIDTH:0.441554
G1 X-1.467 Y-2.733 E5.93647
;WIDTH:0.396571
G1 X-34.892 Y17.961 E7.56529
;WIDTH:0.423285
G1 X-35.346 Y18.258 E7.58958
;WIDTH:0.45
G1 X-36.153 Y18.774 E7.63565
G1 X-36.46 Y18.86 E7.65098
G1 X-36.557 Y18.836 E7.65579
G1 X-36.512 Y18.455 F7200
;TYPE:External perimeter
G1 F1800
G1 X-36.625 Y18.378 E7.66237
G1 X-36.849 Y17.924 E7.68672
G1 X-37.275 Y17.34 E7.72149
G1 X-37.675 Y16.972 E7.74763
G1 X-38.248 Y16.611 E7.7802
G1 X-38.71 Y16.427 E7.80412
G1 X-39.188 Y16.28 E7.82817
G1 X-39.253 Y16.141 E7.83555
G1 X-40.345 Y-25.332 E9.83095
G1 X-40.275 Y-25.485 E9.83904
G1 X-39.395 Y-25.838 E9.88464
G1 X-38.654 Y-26.339 E9.92766
G1 X-38.517 Y-26.313 E9.93437
G1 X-1.655 Y-3.366 E12.02276
G1 X-1.565 Y-3.183 E12.03257
G1 X-1.656 Y-3.038 E12.0408
G1 X-36.356 Y18.446 E14.00373
G1 X-36.458 Y18.466 E14.00873
G1 X-36.721 Y18.165 F7200
G1 X-38.278 Y17.868
;TYPE:Perimeter
G1 F1200
G1 X-38.107 Y18.033 E14.02016
G1 X-37.788 Y18.421 E14.04432
G1 X-37.538 Y19.067 E14.07764
G1 X-37.503 Y19.32 E14.08992
G1 X-37.503 Y19.832 E14.11455
G1 X-37.62 Y20.256 E14.13571
G1 X-37.832 Y20.737 E14.16099
G1 X-38.196 Y21.171 E14.18823
G1 X-38.35 Y21.3 E14.19789
G1 X-38.841 Y21.584 E14.22517
G1 X-39.071 Y21.66 E14.23682
G1 X-39.588 Y21.751 E14.26207
G1 X-39.893 Y21.732 E14.27677
G1 X-40.437 Y21.629 E14.3034
G1 X-41.027 Y21.3 E14.33589
G1 X-41.294 Y21.037 E14.35392
G1 X-41.614 Y20.635 E14.37863
G1 X-41.84 Y20.03 E14.40969
G1 X-41.875 Y19.621 E14.42943
G1 X-41.855 Y19.116 E14.45374
G1 X-41.646 Y18.535 E14.48344
G1 X-41.541 Y18.355 E14.49346
G1 X-41.181 Y17.927 E14.52036
G1 X-41 Y17.782 E14.53151
G1 X-40.536 Y17.514 E14.55728
G1 X-40.15 Y17.407 E14.57655
G1 X-39.759 Y17.347 E14.59558
G1 X-39.26 Y17.381 E14.61964
G1 X-38.841 Y17.514 E14.64078
G1 X-38.35 Y17.797 E14.66804
G1 X-38.321 Y17.826 E14.67001
G1 X-38.517 Y18.153 F7200
;TYPE:External perimeter
G1 F1200
G1 X-38.094 Y18.667 E14.70203
G1 X-37.9 Y19.199 E14.72927
G1 X-37.888 Y19.832 E14.75972
G1 X-38.086 Y20.41 E14.78911
G1 X-38.492 Y20.923 E14.82058
G1 X-39.034 Y21.25 E14.85103
G1 X-39.655 Y21.371 E14.88146
G1 X-40.281 Y21.273 E14.91194
G1 X-40.834 Y20.966 E14.94236
G1 X-41.284 Y20.431 E14.97598
G1 X-41.477 Y19.898 E15.00324
G1 X-41.489 Y19.265 E15.03369
G1 X-41.283 Y18.664 E15.06425
G1 X-40.886 Y18.174 E15.09458
G1 X-40.343 Y17.848 E15.12504
G1 X-39.821 Y17.736 E15.15072
G1 X-39.356 Y17.755 E15.1731
G1 X-38.968 Y17.886 E15.1928
G1 X-38.566 Y18.119 E15.21515
G1 X-38.301 Y18.419 F7200
G1 E13.21515 F2400
G92 E0
G1 Z3.85 F7200
G1 X-44.107 Y20.758
G1 Z1.85
G1 E2 F2400
;TYPE:Perimeter
;WIDTH:0.435464
G1 F3600
G1 X-44.119 Y20.932 E2.00807
;WIDTH:0.461046
G1 X-44.183 Y21.138 E2.01874
;WIDTH:0.486629
G1 X-44.248 Y21.343 E2.03007
;WIDTH:0.502133
G1 X-44.527 Y21.724 E2.05585
G1 X-44.911 Y21.986 E2.08123
;WIDTH:0.463074
G1 X-45.206 Y22.055 E2.0963
;WIDTH:0.433007
G1 X-45.5 Y22.123 E2.11017
;WIDTH:0.40294
G1 X-51.929 Y22.133 E2.38165
;WIDTH:0.427743
G1 X-52.306 Y22.097 E2.39881
;WIDTH:0.471304
G1 X-52.712 Y21.968 E2.42043
;WIDTH:0.489866
G1 X-53.143 Y21.635 E2.44933
G1 X-53.402 Y21.192 E2.47656
;WIDTH:0.455644
G1 X-53.457 Y20.905 E2.49082
;WIDTH:0.426108
G1 X-53.513 Y20.617 E2.50406
;WIDTH:0.396572
G1 X-53.513 Y-22.753 E4.301
;WIDTH:0.429883
G1 X-53.459 Y-23.203 E4.32166
;WIDTH:0.455228
G1 X-53.406 Y-23.35 E4.32928
;WIDTH:0.480574
G1 X-53.353 Y-23.496 E4.33734
;WIDTH:0.489756
G1 X-53.088 Y-23.893 E4.36266
G1 X-52.695 Y-24.178 E4.38842
;WIDTH:0.470125
G1 X-52.337 Y-24.289 E4.40739
;WIDTH:0.429479
G1 X-51.93 Y-24.335 E4.42604
;WIDTH:0.396572
G1 X-46.803 Y-24.335 E4.63847
;WIDTH:0.425933
G1 X-46.437 Y-24.302 E4.65504
;WIDTH:0.473889
G1 X-45.945 Y-24.124 E4.68176
;WIDTH:0.488059
G1 X-45.562 Y-23.806 E4.70807
G1 X-45.344 Y-23.423 E4.73136
;WIDTH:0.453264
G1 X-45.283 Y-23.141 E4.74535
;WIDTH:0.424918
G1 X-45.222 Y-22.86 E4.75828
;WIDTH:0.396573
G1 X-44.123 Y18.922 E6.49002
;WIDTH:0.444959
G1 X-44.094 Y19.108 E6.49896
;WIDTH:0.493347
G1 X-44.065 Y19.293 E6.50898
;WIDTH:0.541735
G1 X-44.036 Y19.479 E6.52019
;WIDTH:0.590124
G1 X-44.007 Y19.665 E6.53253
G1 X-44.026 Y19.852 E6.54486
;WIDTH:0.541736
G1 X-44.045 Y20.039 E6.55605
;WIDTH:0.493348
G1 X-44.064 Y20.226 E6.56611
;WIDTH:0.44496
G1 X-44.084 Y20.413 E6.57504
;WIDTH:0.435464
G1 X-44.103 Y20.698 E6.58826
G1 X-44.466 Y20.71 F7200
;TYPE:External perimeter
;WIDTH:0.45
G1 F1800
G1 X-44.481 Y20.822 E6.59369
G1 X-44.579 Y21.111 E6.60837
G1 X-44.824 Y21.434 E6.62787
G1 X-45.128 Y21.648 E6.64575
G1 X-45.501 Y21.761 E6.6645
G1 X-51.93 Y21.774 E6.97371
G1 X-52.178 Y21.745 E6.98572
G1 X-52.569 Y21.59 E7.00595
G1 X-52.887 Y21.309 E7.02636
G1 X-53.096 Y20.891 E7.04884
G1 X-53.154 Y20.55 E7.06548
G1 X-53.154 Y-22.753 E9.1482
G1 X-53.061 Y-23.208 E9.17054
G1 X-52.785 Y-23.621 E9.19443
G1 X-52.527 Y-23.82 E9.2101
G1 X-52.271 Y-23.919 E9.2233
G1 X-51.93 Y-23.976 E9.23993
G1 X-46.803 Y-23.976 E9.48652
G1 X-46.563 Y-23.95 E9.49813
G1 X-46.174 Y-23.799 E9.5182
G1 X-45.858 Y-23.526 E9.53828
G1 X-45.643 Y-23.115 E9.56059
G1 X-45.579 Y-22.785 E9.57676
G1 X-44.44 Y20.518 E11.6602
G1 X-44.458 Y20.65 E11.66661
G1 X-44.558 Y21.037 F7200
G1 E9.66661 F2400
G92 E0
G1 Z3.85 F7200
G1 X32.756 Y19.105
G1 Z1.85
G1 E2 F2400
;TYPE:Perimeter
;WIDTH:0.454368
G1 F1200
G1 X32.766 Y19.071 E2.00172
;WIDTH:0.406621
G1 X32.801 Y18.951 E2.00706
;WIDTH:0.361561
G1 X33.035 Y18.321 E2.03197
;WIDTH:0.409489
G1 X33.075 Y18.228 E2.03633
;WIDTH:0.457418
G1 X33.115 Y18.135 E2.04129
;WIDTH:0.505347
G1 X33.156 Y18.042 E2.04688
;WIDTH:0.553276
G1 X33.196 Y17.949 E2.05305
;WIDTH:0.601205
G1 X33.236 Y17.856 E2.05983
G1 X33.341 Y17.786 E2.06828
;WIDTH:0.551854
G1 X33.447 Y17.716 E2.076
;WIDTH:0.502503
G1 X33.553 Y17.645 E2.08297
;WIDTH:0.453152
G1 X33.658 Y17.575 E2.08909
;WIDTH:0.403801
G1 X33.764 Y17.505 E2.09447
;WIDTH:0.354451
G1 X34.41 Y17.159 E2.12098
;WIDTH:0.370195
G1 X35.01 Y17.016 E2.14451
;WIDTH:0.413316
G1 X35.11 Y16.994 E2.14897
;WIDTH:0.456437
G1 X35.209 Y16.972 E2.15393
;WIDTH:0.499558
G1 X35.308 Y16.95 E2.15943
;WIDTH:0.542679
G1 X35.408 Y16.928 E2.16554
;WIDTH:0.585801
G1 X35.507 Y16.906 E2.17214
G1 X35.579 Y16.938 E2.17726
;WIDTH:0.53979
G1 X35.652 Y16.97 E2.18199
;WIDTH:0.493779
G1 X35.725 Y17.001 E2.18624
;WIDTH:0.447768
G1 X35.797 Y17.033 E2.19001
;WIDTH:0.401757
G1 X36.322 Y17.233 E2.21365
;WIDTH:0.368291
G1 X36.78 Y17.502 E2.23378
;WIDTH:0.372825
G1 X37.086 Y17.771 E2.24945
G1 X37.504 Y18.325 E2.27615
;WIDTH:0.374733
G1 X37.71 Y18.841 E2.29766
G1 X37.798 Y19.265 E2.31442
;WIDTH:0.370635
G1 X37.803 Y19.77 E2.33371
G1 X37.743 Y20.147 E2.34829
;WIDTH:0.365425
G1 X37.554 Y20.672 E2.36924
G1 X37.39 Y20.957 E2.38159
;WIDTH:0.363595
G1 X37.025 Y21.391 E2.40275
;WIDTH:0.368449
G1 X36.749 Y21.618 E2.4163
G1 X36.289 Y21.879 E2.43636
;WIDTH:0.373027
G1 X35.9 Y22.01 E2.45216
G1 X35.213 Y22.095 E2.47881
;WIDTH:0.374425
G1 X34.661 Y22.014 E2.50038
G1 X34.253 Y21.879 E2.517
;WIDTH:0.367487
G1 X33.791 Y21.616 E2.5371
G1 X33.517 Y21.39 E2.55053
;WIDTH:0.364919
G1 X33.155 Y20.961 E2.57157
;WIDTH:0.365153
G1 X32.987 Y20.669 E2.58421
G1 X32.78 Y20.086 E2.60742
;WIDTH:0.407209
G1 X32.75 Y19.978 E2.61221
;WIDTH:0.454809
G1 X32.719 Y19.871 E2.61763
;WIDTH:0.502409
G1 X32.688 Y19.763 E2.62377
;WIDTH:0.550009
G1 X32.657 Y19.656 E2.63052
;WIDTH:0.597609
G1 X32.626 Y19.549 E2.63793
G1 X32.661 Y19.429 E2.64624
;WIDTH:0.549862
G1 X32.696 Y19.31 E2.65375
;WIDTH:0.502115
G1 X32.731 Y19.19 E2.66057
;WIDTH:0.454368
G1 X32.739 Y19.162 E2.66199
G1 E.66199 F2400
G92 E0
G1 Z3.85 F7200
G1 X39.071 Y-29.134
G1 Z1.85
G1 E2 F2400
;WIDTH:0.368183
G1 F1200
G1 X39.312 Y-29.842 E2.02834
;WIDTH:0.365203
G1 X39.476 Y-30.125 E2.04061
G1 X39.838 Y-30.553 E2.06164
;WIDTH:0.370781
G1 X40.135 Y-30.794 E2.07626
G1 X40.573 Y-31.041 E2.09548
;WIDTH:0.372807
G1 X40.991 Y-31.18 E2.11243
G1 X41.536 Y-31.254 E2.13359
;WIDTH:0.360445
G1 X42.051 Y-31.216 E2.15266
;WIDTH:0.357763
G1 X42.537 Y-31.077 E2.17116
;WIDTH:0.366469
G1 X43.086 Y-30.77 E2.19486
G1 X43.346 Y-30.553 E2.20762
;WIDTH:0.363245
G1 X43.71 Y-30.119 E2.22873
;WIDTH:0.368107
G1 X43.884 Y-29.811 E2.24213
G1 X44.062 Y-29.309 E2.26231
;WIDTH:0.373063
G1 X44.124 Y-28.904 E2.27808
G1 X44.11 Y-28.333 E2.30007
;WIDTH:0.374523
G1 X43.919 Y-27.697 E2.32576
G1 X43.709 Y-27.304 E2.343
;WIDTH:0.360073
G1 X43.344 Y-26.87 E2.36391
;WIDTH:0.361775
G1 X43.1 Y-26.664 E2.37575
;WIDTH:0.364873
G1 X42.621 Y-26.386 E2.39651
;WIDTH:0.365059
G1 X42.303 Y-26.269 E2.40922
G1 X41.751 Y-26.173 E2.43023
;WIDTH:0.370641
G1 X41.368 Y-26.18 E2.44486
G1 X40.873 Y-26.272 E2.46409
;WIDTH:0.389195
G1 X40.37 Y-26.482 E2.48617
;WIDTH:0.431612
G1 X40.274 Y-26.516 E2.49083
;WIDTH:0.47403
G1 X40.179 Y-26.549 E2.49597
;WIDTH:0.516447
G1 X40.083 Y-26.583 E2.50171
;WIDTH:0.558865
G1 X39.987 Y-26.617 E2.50799
;WIDTH:0.601283
G1 X39.891 Y-26.65 E2.51479
G1 X39.835 Y-26.745 E2.52217
;WIDTH:0.557804
G1 X39.779 Y-26.839 E2.5289
;WIDTH:0.514325
G1 X39.723 Y-26.933 E2.53504
;WIDTH:0.470846
G1 X39.667 Y-27.028 E2.54063
;WIDTH:0.427367
G1 X39.611 Y-27.122 E2.54558
;WIDTH:0.411413
G1 X39.29 Y-27.572 E2.56951
;WIDTH:0.4524
G1 X39.247 Y-27.629 E2.57297
;WIDTH:0.493388
G1 X39.205 Y-27.687 E2.5768
;WIDTH:0.534375
G1 X39.162 Y-27.744 E2.58099
;WIDTH:0.575363
G1 X39.119 Y-27.801 E2.58554
G1 X38.974 Y-28.428 E2.62655
;WIDTH:0.581365
G1 X38.954 Y-28.498 E2.63124
;WIDTH:0.620569
G1 X38.934 Y-28.568 E2.63629
;WIDTH:0.659773
G1 X38.915 Y-28.637 E2.6416
G1 E.6416 F2400
G92 E0
G1 Z3.85 F7200
G1 X-38.579 Y-27.845
G1 Z1.85
G1 E2 F2400
;WIDTH:0.450438
G1 F1200
G1 X-38.616 Y-27.735 E2.00559
;WIDTH:0.497571
G1 X-38.679 Y-27.546 E2.01635
;WIDTH:0.544704
G1 X-38.742 Y-27.357 E2.02829
;WIDTH:0.591837
G1 X-38.805 Y-27.167 E2.04146
G1 X-38.912 Y-27.083 E2.05041
;WIDTH:0.543823
G1 X-39.019 Y-26.998 E2.05858
;WIDTH:0.495809
G1 X-39.126 Y-26.914 E2.0659
;WIDTH:0.447796
G1 X-39.233 Y-26.829 E2.07243
;WIDTH:0.399782
G1 X-39.34 Y-26.745 E2.07812
;WIDTH:0.377939
G1 X-39.779 Y-26.465 E2.09848
G1 X-40.241 Y-26.272 E2.11806
;WIDTH:0.403993
G1 X-40.37 Y-26.228 E2.12383
;WIDTH:0.447457
G1 X-40.5 Y-26.185 E2.13037
;WIDTH:0.490922
G1 X-40.63 Y-26.141 E2.13767
;WIDTH:0.534386
G1 X-40.759 Y-26.097 E2.14566
;WIDTH:0.577851
G1 X-40.889 Y-26.053 E2.15445
G1 X-40.983 Y-26.085 E2.16081
;WIDTH:0.532893
G1 X-41.078 Y-26.117 E2.16667
;WIDTH:0.487936
G1 X-41.172 Y-26.149 E2.17192
;WIDTH:0.442978
G1 X-41.267 Y-26.181 E2.17665
;WIDTH:0.398021
G1 X-41.762 Y-26.294 E2.19778
;WIDTH:0.378063
G1 X-42.279 Y-26.545 E2.22026
G1 X-42.707 Y-26.874 E2.24138
;WIDTH:0.347931
G1 X-43.073 Y-27.312 E2.26157
;WIDTH:0.377085
G1 X-43.309 Y-27.757 E2.28122
G1 X-43.461 Y-28.292 E2.30291
;WIDTH:0.369807
G1 X-43.49 Y-28.925 E2.32705
G1 X-43.421 Y-29.306 E2.3418
;WIDTH:0.364987
G1 X-43.245 Y-29.825 E2.36235
G1 X-43.069 Y-30.112 E2.37497
;WIDTH:0.350631
G1 X-42.656 Y-30.607 E2.39799
;WIDTH:0.376335
G1 X-42.13 Y-30.962 E2.42268
G1 X-41.793 Y-31.118 E2.43713
;WIDTH:0.364327
G1 X-41.23 Y-31.239 E2.45867
G1 X-40.637 Y-31.225 E2.48086
;WIDTH:0.353107
G1 X-40.164 Y-31.13 E2.49823
;WIDTH:0.376605
G1 X-39.782 Y-30.959 E2.51453
G1 X-39.205 Y-30.553 E2.542
;WIDTH:0.365611
G1 X-38.855 Y-30.139 E2.56237
G1 X-38.691 Y-29.838 E2.57525
;WIDTH:0.359441
G1 X-38.468 Y-29.246 E2.59853
;WIDTH:0.406918
G1 X-38.437 Y-29.139 E2.60329
;WIDTH:0.454395
G1 X-38.406 Y-29.032 E2.60871
;WIDTH:0.501872
G1 X-38.375 Y-28.926 E2.61474
;WIDTH:0.549349
G1 X-38.345 Y-28.819 E2.62146
;WIDTH:0.596827
G1 X-38.314 Y-28.712 E2.62886
G1 X-38.349 Y-28.592 E2.63716
;WIDTH:0.548696
G1 X-38.384 Y-28.473 E2.64465
;WIDTH:0.500565
G1 X-38.419 Y-28.353 E2.65145
;WIDTH:0.452434
G1 X-38.454 Y-28.234 E2.65745
;WIDTH:0.404303
G1 X-38.489 Y-28.114 E2.66275
;WIDTH:0.403305
G1 X-38.553 Y-27.925 E2.67119
;WIDTH:0.450438
G1 X-38.56 Y-27.902 E2.67235
G1 E.67235 F2400
G92 E0
G1 Z3.85 F7200
G1 X-37.27 Y18.75
G1 Z1.85
G1 E2 F2400
;WIDTH:0.418503
G1 F1200
G1 X-37.158 Y18.921 E2.00903
;WIDTH:0.437162
G1 X-36.901 Y19.131 E2.02446
;WIDTH:0.479037
G1 X-36.682 Y19.206 E2.03643
;WIDTH:0.520913
G1 X-36.463 Y19.281 E2.04961
G1 X-36.648 Y19.378 E2.0615
;WIDTH:0.479037
G1 X-36.832 Y19.475 E2.07226
;WIDTH:0.437162
G1 X-37.127 Y19.836 E2.09394
;WIDTH:0.39769
G1 X-37.179 Y20.015 E2.10169
G1 X-37.143 Y19.832 E2.10944
;WIDTH:0.437162
G1 X-37.124 Y19.265 E2.13582
G1 X-37.254 Y18.808 E2.15791
G1 X-37.179 Y20.015 F7200
;WIDTH:0.364919
G1 F1200
G1 X-37.402 Y20.659 E2.18346
;WIDTH:0.378653
G1 X-37.761 Y21.196 E2.20878
G1 X-38.162 Y21.585 E2.23068
;WIDTH:0.360717
G1 X-38.673 Y21.876 E2.25241
;WIDTH:0.368837
G1 X-39.012 Y21.999 E2.2661
G1 X-39.531 Y22.077 E2.28603
;WIDTH:0.372551
G1 X-39.953 Y22.074 E2.30225
G1 X-40.545 Y21.937 E2.32561
;WIDTH:0.376593
G1 X-41.049 Y21.69 E2.34747
G1 X-41.437 Y21.385 E2.36669
;WIDTH:0.360267
G1 X-41.807 Y20.956 E2.3876
;WIDTH:0.377581
G1 X-42.034 Y20.519 E2.40684
;WIDTH:0.412366
G1 X-42.146 Y20.176 E2.4225
;WIDTH:0.447151
G1 X-42.259 Y19.832 E2.43979
;WIDTH:0.485938
G1 X-42.278 Y19.779 E2.44275
;WIDTH:0.524726
G1 X-42.298 Y19.727 E2.44595
;WIDTH:0.563513
G1 X-42.317 Y19.674 E2.44946
;WIDTH:0.602301
G1 X-42.336 Y19.621 E2.45324
G1 X-42.31 Y19.522 E2.46011
;WIDTH:0.560473
G1 X-42.284 Y19.424 E2.46638
;WIDTH:0.518645
G1 X-42.258 Y19.325 E2.47218
;WIDTH:0.476818
G1 X-42.232 Y19.227 E2.4774
;WIDTH:0.43499
G1 X-42.206 Y19.128 E2.48213
;WIDTH:0.393162
G1 X-42.18 Y19.03 E2.48629
;WIDTH:0.363707
G1 X-41.968 Y18.418 E2.51047
;WIDTH:0.365405
G1 X-41.804 Y18.134 E2.52278
G1 X-41.443 Y17.707 E2.54377
;WIDTH:0.366247
G1 X-41.172 Y17.484 E2.55698
G1 X-40.703 Y17.224 E2.57717
;WIDTH:0.381765
G1 X-40.217 Y17.062 E2.59745
;WIDTH:0.428666
G1 X-40.098 Y17.022 E2.60315
;WIDTH:0.475567
G1 X-39.979 Y16.982 E2.60959
;WIDTH:0.522468
G1 X-39.859 Y16.942 E2.61682
;WIDTH:0.569369
G1 X-39.74 Y16.902 E2.62473
G1 X-39.627 Y16.932 E2.63209
;WIDTH:0.526609
G1 X-39.514 Y16.963 E2.63885
;WIDTH:0.483849
G1 X-39.401 Y16.993 E2.64497
;WIDTH:0.44109
G1 X-39.288 Y17.024 E2.65048
;WIDTH:0.39833
G1 X-39.175 Y17.054 E2.65535
;WIDTH:0.360549
G1 X-38.671 Y17.219 E2.67494
G1 X-38.18 Y17.503 E2.69589
;WIDTH:0.375939
G1 X-37.84 Y17.809 E2.71367
G1 X-37.504 Y18.24 E2.73491
;WIDTH:0.398133
G1 X-37.27 Y18.75 E2.75827
G1 X-35.499 Y18.832 F7200
;WIDTH:0.46662
G1 F1200
G1 X-35.28 Y18.696 E2.7712
G1 X-35.362 Y18.979 E2.78598
G1 X-35.328 Y19.097 E2.79214
G1 X-35.067 Y19.294 E2.80855
G1 X-35.539 Y19.294 E2.83223
;WIDTH:0.493337
G1 X-35.916 Y19.281 E2.85241
;WIDTH:0.520055
G1 X-36.294 Y19.267 E2.87391
G1 X-36.12 Y19.188 E2.88477
;WIDTH:0.493337
G1 X-35.946 Y19.109 E2.89499
;WIDTH:0.46662
G1 X-35.55 Y18.864 E2.91835
G1 X-36.294 Y19.267 F7200
;WIDTH:0.520913
G1 F1200
G1 X-36.463 Y19.281 E2.92801
G1 E.92801 F2400
G92 E0
G1 Z3.85 F7200
G1 X38.539 Y-28.97
G1 Z1.85
G1 E2 F2400
;WIDTH:0.45
G1 F3600
G1 X38.585 Y-29.001 E2.00267
G1 X38.71 Y-29.164 E2.01255
G1 X38.878 Y-29.699 E2.03952
G1 X39.097 Y-30.156 E2.06389
G1 X39.422 Y-30.616 E2.09098
G1 X39.955 Y-31.089 E2.12525
G1 X40.433 Y-31.351 E2.15147
G1 X40.93 Y-31.521 E2.17673
G1 X41.638 Y-31.598 E2.21098
G1 X42.176 Y-31.534 E2.23704
G1 X42.755 Y-31.35 E2.26626
G1 X43.27 Y-31.06 E2.29469
G1 X43.594 Y-30.789 E2.31501
G1 X43.984 Y-30.322 E2.34427
G1 X44.203 Y-29.941 E2.36541
G1 X44.39 Y-29.399 E2.39299
G1 X44.471 Y-28.909 E2.41688
G1 X44.455 Y-28.393 E2.44171
G1 X44.359 Y-27.891 E2.46629
G1 X44.17 Y-27.426 E2.49043
G1 X43.846 Y-26.908 E2.51982
G1 X43.468 Y-26.525 E2.5457
G1 X43.038 Y-26.213 E2.57125
G1 X42.581 Y-26.005 E2.5954
G1 X42.075 Y-25.865 E2.62065
G1 X41.568 Y-25.83 E2.64509
G1 X41.009 Y-25.884 E2.6721
G1 X40.035 Y-26.196 E2.72129
G1 X39.744 Y-26.129 E2.73565
G1 X39.54 Y-25.947 E2.7488
G1 X39.503 Y-25.807 E2.75576
;WIDTH:0.423285
G1 X39.466 Y-25.667 E2.76224
;WIDTH:0.396572
G1 X35.738 Y16.182 E4.50302
;WIDTH:0.438339
G1 X35.757 Y16.448 E4.51546
;WIDTH:0.45
G1 X35.85 Y16.609 E4.5244
G1 X35.986 Y16.725 E4.533
G1 X36.797 Y17.098 E4.57593
G1 X37.349 Y17.544 E4.61006
G1 X37.672 Y17.953 E4.63513
G1 X37.924 Y18.412 E4.66031
G1 X38.075 Y18.876 E4.68378
G1 X38.157 Y19.467 E4.71248
G1 X38.116 Y20.018 E4.73905
G1 X37.991 Y20.515 E4.7637
G1 X37.771 Y20.985 E4.78866
G1 X37.473 Y21.418 E4.81394
G1 X37.109 Y21.77 E4.83829
G1 X36.666 Y22.076 E4.86419
G1 X36.213 Y22.274 E4.88797
G1 X35.658 Y22.41 E4.91545
G1 X35.192 Y22.431 E4.93789
G1 X34.597 Y22.356 E4.96673
G1 X34.112 Y22.188 E4.99142
G1 X33.609 Y21.908 E5.01911
G1 X33.273 Y21.629 E5.04012
G1 X32.882 Y21.169 E5.06916
G1 X32.671 Y20.803 E5.08948
G1 X32.432 Y20.107 E5.12487
G1 X32.294 Y19.866 E5.13823
G1 X32.143 Y19.755 E5.14724
;WIDTH:0.446618
G1 X32.01 Y19.735 E5.15365
;WIDTH:0.421595
G1 X31.876 Y19.715 E5.15969
;WIDTH:0.396572
G1 X-34.393 Y19.715 E7.90539
;WIDTH:0.423286
G1 X-34.944 Y19.701 E7.93006
;WIDTH:0.45
G1 X-36.392 Y19.696 E7.9997
G1 X-36.619 Y19.788 E8.01148
G1 X-36.808 Y20.001 E8.02518
G1 X-37.097 Y20.821 E8.067
G1 X-37.468 Y21.387 E8.09955
G1 X-37.685 Y21.626 E8.11508
G1 X-38.013 Y21.892 E8.13539
G1 X-38.725 Y22.266 E8.17407
G1 X-39.244 Y22.401 E8.19986
G1 X-39.838 Y22.418 E8.22844
G1 X-40.285 Y22.374 E8.25004
G1 X-40.814 Y22.19 E8.27698
G1 X-41.249 Y21.978 E8.30025
G1 X-41.785 Y21.528 E8.33391
G1 X-42.093 Y21.14 E8.35774
G1 X-42.366 Y20.626 E8.38573
G1 X-42.577 Y20.048 E8.41532
G1 X-42.828 Y19.841 E8.43097
G1 X-43.121 Y19.798 E8.44521
;WIDTH:0.496708
G1 X-43.125 Y19.775 E8.44647
;WIDTH:0.543416
G1 X-43.128 Y19.751 E8.44792
;WIDTH:0.590124
G1 X-43.131 Y19.728 E8.44944
G1 X-43.276 Y19.745 E8.45901
G1 X-43.587 Y19.869 E8.48096
G1 X-43.628 Y20.003 E8.49015
;WIDTH:0.541736
G1 X-43.669 Y20.136 E8.49844
;WIDTH:0.493348
G1 X-43.71 Y20.27 E8.50594
;WIDTH:0.44496
G1 X-43.752 Y20.404 E8.51261
;WIDTH:0.397718
G1 X-43.748 Y20.557 E8.51897
;WIDTH:0.429969
G1 X-43.765 Y20.887 E8.53404
;WIDTH:0.46222
G1 X-43.781 Y21.217 E8.55043
;WIDTH:0.498176
G1 X-43.919 Y21.629 E8.57394
;WIDTH:0.503449
G1 X-44.19 Y22.01 E8.59954
G1 X-44.616 Y22.291 E8.62749
;WIDTH:0.479199
G1 X-44.947 Y22.414 E8.64576
;WIDTH:0.462218
G1 X-45.224 Y22.438 E8.65956
;WIDTH:0.432579
G1 X-45.5 Y22.462 E8.67228
;WIDTH:0.40294
G1 X-52.142 Y22.465 E8.95275
;WIDTH:0.433986
G1 X-52.481 Y22.411 E8.96857
;WIDTH:0.471402
G1 X-52.821 Y22.358 E8.98604
;WIDTH:0.500007
G1 X-53.196 Y22.162 E9.00903
G1 X-53.506 Y21.872 E9.03209
;WIDTH:0.492308
G1 X-53.715 Y21.501 E9.05482
;WIDTH:0.478175
G1 X-53.819 Y21.061 E9.07815
;WIDTH:0.429883
G1 X-53.845 Y20.55 E9.10148
;WIDTH:0.396572
G1 X-53.845 Y-23.108 E10.91035
;WIDTH:0.429658
G1 X-53.8 Y-23.333 E10.9208
;WIDTH:0.462744
G1 X-53.756 Y-23.558 E10.93219
;WIDTH:0.497784
G1 X-53.547 Y-24.01 E10.95911
G1 X-53.251 Y-24.326 E10.98252
G1 X-52.898 Y-24.532 E11.00461
;WIDTH:0.471288
G1 X-52.441 Y-24.641 E11.02845
;WIDTH:0.429879
G1 X-51.93 Y-24.667 E11.05178
;WIDTH:0.396572
G1 X-46.594 Y-24.667 E11.27286
;WIDTH:0.432309
G1 X-46.262 Y-24.616 E11.28827
;WIDTH:0.468046
G1 X-45.931 Y-24.564 E11.30514
;WIDTH:0.495492
G1 X-45.56 Y-24.374 E11.32755
G1 X-45.251 Y-24.093 E11.35001
;WIDTH:0.488059
G1 X-45.038 Y-23.73 E11.37225
;WIDTH:0.474467
G1 X-44.927 Y-23.304 E11.39477
;WIDTH:0.428424
G1 X-44.889 Y-22.803 E11.41758
;WIDTH:0.396573
G1 X-43.789 Y18.995 E13.14999
;WIDTH:0.444959
G1 X-43.741 Y19.106 E13.15573
;WIDTH:0.493347
G1 X-43.693 Y19.217 E13.1622
;WIDTH:0.541735
G1 X-43.646 Y19.328 E13.16938
;WIDTH:0.590124
G1 X-43.598 Y19.439 E13.17731
G1 X-43.463 Y19.508 E13.18725
G1 X-43.137 Y19.556 E13.20886
G1 X-43.135 Y19.532 E13.21044
;WIDTH:0.543416
G1 X-43.132 Y19.509 E13.21183
;WIDTH:0.496708
G1 X-43.13 Y19.486 E13.21307
;WIDTH:0.45
G1 X-42.839 Y19.428 E13.22734
G1 X-42.673 Y19.305 E13.23728
G1 X-42.535 Y19.057 E13.25093
G1 X-42.396 Y18.547 E13.27635
G1 X-42.077 Y17.926 E13.30993
G1 X-41.687 Y17.469 E13.33883
G1 X-41.333 Y17.181 E13.36078
G1 X-40.674 Y16.836 E13.39656
G1 X-40.179 Y16.658 E13.42186
G1 X-39.98 Y16.423 E13.43667
;WIDTH:0.438224
G1 X-39.944 Y16.16 E13.44905
;WIDTH:0.396573
G1 X-41.036 Y-25.313 E15.16799
;WIDTH:0.445708
G1 X-41.081 Y-25.575 E15.18063
;WIDTH:0.45
G1 X-41.194 Y-25.723 E15.18959
G1 X-41.44 Y-25.858 E15.20309
G1 X-41.974 Y-26.013 E15.22983
G1 X-42.474 Y-26.253 E15.25651
G1 X-42.918 Y-26.614 E15.28403
G1 X-43.259 Y-26.966 E15.3076
G1 X-43.518 Y-27.418 E15.33266
G1 X-43.733 Y-27.913 E15.35862
G1 X-43.84 Y-28.617 E15.39287
G1 X-43.834 Y-28.968 E15.40975
G1 X-43.68 Y-29.663 E15.44399
G1 X-43.548 Y-29.989 E15.46091
G1 X-43.153 Y-30.581 E15.49514
G1 X-42.913 Y-30.837 E15.51202
G1 X-42.331 Y-31.247 E15.54626
G1 X-42.118 Y-31.351 E15.55766
G1 X-41.638 Y-31.517 E15.58209
G1 X-41.13 Y-31.589 E15.60677
G1 X-40.596 Y-31.551 E15.63252
G1 X-40.061 Y-31.451 E15.6587
G1 X-39.58 Y-31.244 E15.68389
G1 X-38.96 Y-30.791 E15.72082
G1 X-38.562 Y-30.321 E15.75044
G1 X-38.244 Y-29.683 E15.78473
G1 X-38.121 Y-29.271 E15.80541
G1 X-37.982 Y-29.029 E15.81883
G1 X-37.832 Y-28.918 E15.8278
;WIDTH:0.44657
G1 X-37.565 Y-28.877 E15.84068
;WIDTH:0.396572
G1 X38.062 Y-28.877 E18.97411
;WIDTH:0.445376
G1 X38.443 Y-28.908 E18.99227
;WIDTH:0.45
G1 X38.488 Y-28.938 E18.99487
G1 X38.306 Y-29.285 F7200
;TYPE:External perimeter
G1 F1800
G1 X38.379 Y-29.367 E19.00015
G1 X38.524 Y-29.85 E19.0244
G1 X38.843 Y-30.486 E19.05862
G1 X39.146 Y-30.886 E19.08276
G1 X39.63 Y-31.327 E19.11425
G1 X40.102 Y-31.625 E19.1411
G1 X40.643 Y-31.839 E19.16908
G1 X41.171 Y-31.956 E19.19509
G1 X41.666 Y-31.982 E19.21893
G1 X42.422 Y-31.879 E19.25563
G1 X42.92 Y-31.698 E19.28112
G1 X43.477 Y-31.385 E19.31185
G1 X43.874 Y-31.054 E19.33671
G1 X44.293 Y-30.552 E19.36816
G1 X44.56 Y-30.086 E19.39399
G1 X44.782 Y-29.429 E19.42734
G1 X44.857 Y-28.915 E19.45232
G1 X44.858 Y-28.535 E19.4706
G1 X44.769 Y-27.945 E19.4993
G1 X44.571 Y-27.362 E19.52891
G1 X44.306 Y-26.891 E19.5549
G1 X43.91 Y-26.401 E19.5852
G1 X43.508 Y-26.062 E19.61049
G1 X42.952 Y-25.736 E19.64149
G1 X42.464 Y-25.558 E19.66647
G1 X41.779 Y-25.445 E19.69986
G1 X41.26 Y-25.456 E19.72483
G1 X40.581 Y-25.6 E19.75821
G1 X40.089 Y-25.797 E19.7837
G1 X39.925 Y-25.788 E19.7916
G1 X39.824 Y-25.635 E19.80042
G1 X36.095 Y16.214 E21.82119
G1 X36.142 Y16.357 E21.82843
G1 X36.55 Y16.539 E21.84992
G1 X37.019 Y16.782 E21.87533
G1 X37.512 Y17.168 E21.90544
G1 X37.9 Y17.6 E21.93337
G1 X38.197 Y18.095 E21.96113
G1 X38.426 Y18.68 E21.99135
G1 X38.52 Y19.195 E22.01653
G1 X38.533 Y19.834 E22.04727
G1 X38.443 Y20.342 E22.07208
G1 X38.227 Y20.953 E22.10325
G1 X37.973 Y21.393 E22.12769
G1 X37.55 Y21.895 E22.15926
G1 X37.136 Y22.237 E22.18509
G1 X36.522 Y22.572 E22.21873
G1 X36.038 Y22.73 E22.24322
G1 X35.33 Y22.82 E22.27755
G1 X34.813 Y22.788 E22.30246
G1 X34.222 Y22.645 E22.33171
G1 X33.691 Y22.414 E22.35956
G1 X33.197 Y22.075 E22.38838
G1 X32.763 Y21.65 E22.4176
G1 X32.44 Y21.178 E22.44511
G1 X32.185 Y20.644 E22.47357
G1 X32.016 Y20.133 E22.49946
G1 X31.876 Y20.074 E22.50677
G1 X-36.327 Y20.077 E25.7871
G1 X-36.465 Y20.178 E25.79533
G1 X-36.755 Y21.002 E25.83734
G1 X-37.145 Y21.598 E25.8716
G1 X-37.418 Y21.905 E25.89136
G1 X-37.824 Y22.229 E25.91634
G1 X-38.6 Y22.631 E25.95837
G1 X-39.198 Y22.786 E25.98808
G1 X-39.828 Y22.803 E26.01839
G1 X-40.313 Y22.76 E26.04181
G1 X-40.641 Y22.658 E26.05833
G1 X-41.194 Y22.453 E26.0867
G1 X-41.656 Y22.14 E26.11354
G1 X-42.127 Y21.73 E26.14357
G1 X-42.481 Y21.25 E26.17226
G1 X-42.718 Y20.793 E26.19702
G1 X-42.872 Y20.313 E26.22127
G1 X-42.98 Y20.195 E26.22896
G1 X-43.276 Y20.212 E26.24322
G1 X-43.393 Y20.394 E26.25363
G1 X-43.39 Y21.238 E26.29422
G1 X-43.503 Y21.689 E26.31658
G1 X-43.732 Y22.108 E26.33955
G1 X-44.087 Y22.468 E26.36387
G1 X-44.602 Y22.735 E26.39177
G1 X-45.16 Y22.824 E26.41895
G1 X-52.412 Y22.824 E26.76775
G1 X-52.977 Y22.734 E26.79527
G1 X-53.471 Y22.483 E26.82192
G1 X-53.863 Y22.091 E26.84858
G1 X-54.115 Y21.596 E26.8753
G1 X-54.204 Y21.032 E26.90276
G1 X-54.204 Y-23.235 E29.03185
G1 X-54.115 Y-23.799 E29.05931
G1 X-53.863 Y-24.293 E29.08598
G1 X-53.471 Y-24.685 E29.11264
G1 X-52.977 Y-24.937 E29.13931
G1 X-52.412 Y-25.026 E29.16682
G1 X-46.333 Y-25.026 E29.4592
G1 X-45.778 Y-24.94 E29.48621
G1 X-45.29 Y-24.696 E29.51245
G1 X-44.9 Y-24.316 E29.53864
G1 X-44.643 Y-23.834 E29.56491
G1 X-44.542 Y-23.282 E29.5919
G1 X-43.432 Y18.904 E31.6216
G1 X-43.346 Y19.059 E31.63013
G1 X-43.107 Y19.101 E31.6418
G1 X-42.954 Y19.041 E31.6497
G1 X-42.637 Y18.131 E31.69605
G1 X-42.383 Y17.692 E31.72044
G1 X-41.962 Y17.199 E31.75162
G1 X-41.574 Y16.872 E31.77603
G1 X-40.853 Y16.489 E31.8153
G1 X-40.358 Y16.309 E31.84063
G1 X-40.303 Y16.169 E31.84786
G1 X-41.396 Y-25.374 E33.84663
G1 X-41.538 Y-25.485 E33.8553
G1 X-42.243 Y-25.704 E33.89081
G1 X-42.689 Y-25.932 E33.9149
G1 X-43.161 Y-26.315 E33.94414
G1 X-43.575 Y-26.743 E33.97278
G1 X-43.947 Y-27.392 E34.00876
G1 X-44.109 Y-27.82 E34.03077
G1 X-44.222 Y-28.559 E34.06673
G1 X-44.219 Y-29.017 E34.08876
G1 X-44.057 Y-29.747 E34.12472
G1 X-43.889 Y-30.173 E34.14674
G1 X-43.474 Y-30.795 E34.1827
G1 X-43.164 Y-31.132 E34.20472
G1 X-42.553 Y-31.562 E34.24065
G1 X-42.2 Y-31.737 E34.2596
G1 X-41.708 Y-31.896 E34.28447
G1 X-40.961 Y-31.985 E34.32065
G1 X-40.352 Y-31.909 E34.35017
G1 X-39.816 Y-31.777 E34.37672
G1 X-39.357 Y-31.558 E34.40118
G1 X-38.683 Y-31.059 E34.44151
G1 X-38.232 Y-30.524 E34.47516
G1 X-37.869 Y-29.794 E34.51437
G1 X-37.704 Y-29.296 E34.5396
G1 X-37.564 Y-29.236 E34.54693
G1 X38.263 Y-29.236 E38.19395
G1 X38.266 Y-29.24 E38.19419
G1 X38.441 Y-29.6 F7200
G1 E36.19419 F2400
G92 E0
G1 Z3.85 F7200
G1 X-55.513 Y-34.335
G1 Z1.85
G1 E2 F2400
;TYPE:Perimeter
;WIDTH:0.396572
G1 F1200
G1 X-64.345 Y-34.335 E2.36593
G1 X-64.345 Y-34.667 E2.37969
G1 X-55.513 Y-34.667 E2.74562
G1 X-55.513 Y-34.395 E2.75689
G1 X-55.154 Y-33.976 F7200
;TYPE:External perimeter
;WIDTH:0.45
G1 F1200
G1 X-64.704 Y-33.976 E3.21621
G1 X-64.704 Y-35.026 E3.26671
G1 X-55.154 Y-35.026 E3.72603
G1 X-55.154 Y-34.036 E3.77365
G1 X-55.549 Y-33.977 F7200
;LAYER_CHANGE
;Z:2.15
;HEIGHT:0.3
G1 E1.77365 F2400
G92 E0
G1 Z2.15 F7200
G1 Z4.15
G1 X46.487 Y-34.335
G1 Z2.15
G1 E2 F2400
;TYPE:Perimeter
;WIDTH:0.396572
G1 F1200
G1 X35.655 Y-34.335 E2.4488
G1 X35.655 Y-34.667 E2.46256
G1 X46.487 Y-34.667 E2.91136
G1 X46.487 Y-34.395 E2.92263
G1 X46.846 Y-33.976 F7200
;TYPE:External perimeter
;WIDTH:0.45
G1 F1200
G1 X35.296 Y-33.976 E3.47814
G1 X35.296 Y-35.026 E3.52864
G1 X46.846 Y-35.026 E4.08415
G1 X46.846 Y-34.036 E4.13177
G1 X46.451 Y-33.977 F7200
G1 E2.13177 F2400
G92 E0
G1 Z4.15 F7200
G1 X38.387 Y-27.404
G1 Z2.15
G1 E2 F2400
;TYPE:Perimeter
;WIDTH:0.408081
G1 F1200
G1 X38.253 Y-27.318 E2.00683
G1 X38.406 Y-28.453 F7200
;WIDTH:0.45
G1 F3600
G1 X38.584 Y-28.242 E2.02011
G1 X38.665 Y-27.976 E2.03348
G1 X38.629 Y-27.654 E2.04906
G1 X38.387 Y-27.404 E2.06579
G1 X38.729 Y-27.47 E2.08254
G1 X38.903 Y-27.408 E2.09142
G1 X39.095 Y-27.238 E2.10375
G1 X39.354 Y-26.87 E2.12539
G1 X39.431 Y-26.619 E2.13802
G1 X39.406 Y-26.409 E2.14819
G1 X39.246 Y-26.163 E2.1623
;WIDTH:0.439333
G1 X39.172 Y-26.106 E2.16667
;WIDTH:0.396572
G1 X35.407 Y16.153 E3.92451
;WIDTH:0.438476
G1 X35.341 Y16.411 E3.93694
;WIDTH:0.45
G1 X35.195 Y16.574 E3.94746
G1 X34.969 Y16.672 E3.95931
G1 X34.441 Y16.795 E3.98538
G1 X34.041 Y16.945 E4.00593
G1 X33.426 Y17.317 E4.0405
G1 X33.187 Y17.398 E4.05264
G1 X33.088 Y17.392 E4.05741
;WIDTH:0.423286
G1 X32.989 Y17.387 E4.06185
;WIDTH:0.396573
G1 X.673 Y-2.73 E5.63903
;WIDTH:0.441554
G1 X.599 Y-2.811 E5.64419
;WIDTH:0.486537
G1 X.525 Y-2.892 E5.64997
;WIDTH:0.53152
G1 X.451 Y-2.974 E5.65641
;WIDTH:0.576503
G1 X.377 Y-3.055 E5.66342
;WIDTH:0.621486
G1 X.303 Y-3.136 E5.67104
G1 X.304 Y-3.263 E5.67986
G1 X.378 Y-3.344 E5.68748
;WIDTH:0.576503
G1 X.452 Y-3.425 E5.69449
;WIDTH:0.53152
G1 X.526 Y-3.506 E5.70088
;WIDTH:0.486537
G1 X.6 Y-3.587 E5.70666
;WIDTH:0.441554
G1 X.674 Y-3.668 E5.71182
;WIDTH:0.396571
G1 X38.063 Y-26.816 E7.5338
G1 X38.075 Y-26.95 E7.53937
;WIDTH:0.408081
G1 X38.253 Y-27.318 E7.55689
G1 X37.817 Y-27.054 E7.57874
;WIDTH:0.396571
G1 X.499 Y-3.95 E9.39726
;WIDTH:0.441554
G1 X.39 Y-3.856 E9.40403
;WIDTH:0.486537
G1 X.281 Y-3.762 E9.41161
;WIDTH:0.53152
G1 X.172 Y-3.668 E9.42
;WIDTH:0.576503
G1 X.063 Y-3.574 E9.42919
;WIDTH:0.621486
G1 X-.046 Y-3.48 E9.43919
G1 X-.194 Y-3.455 E9.44962
;WIDTH:0.574181
G1 X-.342 Y-3.431 E9.45915
G1 X-.516 Y-3.44 E9.47023
;WIDTH:0.621487
G1 X-.691 Y-3.45 E9.48241
G1 X-.811 Y-3.551 E9.49331
;WIDTH:0.576504
G1 X-.93 Y-3.651 E9.50324
;WIDTH:0.531521
G1 X-1.05 Y-3.751 E9.51234
;WIDTH:0.486538
G1 X-1.17 Y-3.852 E9.5206
;WIDTH:0.441555
G1 X-1.29 Y-3.952 E9.52795
;WIDTH:0.396573
G1 X-38.073 Y-26.85 E11.32315
;WIDTH:0.44356
G1 X-38.3 Y-27.07 E11.3381
;WIDTH:0.45
G1 X-38.359 Y-27.28 E11.34859
G1 X-38.332 Y-27.496 E11.35906
G1 X-38.115 Y-28.171 E11.39316
G1 X-37.982 Y-28.394 E11.40565
G1 X-37.831 Y-28.505 E11.41466
;WIDTH:0.44661
G1 X-37.698 Y-28.525 E11.42107
;WIDTH:0.421591
G1 X-37.564 Y-28.545 E11.42711
;WIDTH:0.396572
G1 X38.062 Y-28.545 E14.5605
;WIDTH:0.445395
G1 X38.35 Y-28.472 E14.57462
G1 X38.242 Y-28.02 F7200
;TYPE:External perimeter
;WIDTH:0.45
G1 F1800
G1 X38.287 Y-27.862 E14.58252
G1 X38.197 Y-27.712 E14.59093
G1 X-.294 Y-3.881 E16.76831
G1 X-.412 Y-3.853 E16.77414
G1 X-1.1 Y-4.257 E16.81251
G1 X-37.883 Y-27.155 E18.89643
G1 X-37.974 Y-27.306 E18.90491
G1 X-37.8 Y-27.892 E18.93431
G1 X-37.704 Y-28.127 E18.94652
G1 X-37.564 Y-28.186 E18.95383
G1 X38.062 Y-28.186 E22.59118
G1 X38.215 Y-28.11 E22.5994
G1 X38.225 Y-28.077 E22.60106
G1 X38.147 Y-27.685 F7200
G1 E20.60106 F2400
G92 E0
G1 Z4.15 F7200
G1 X32.743 Y17.779
G1 Z2.15
G1 E2 F2400
;TYPE:Perimeter
G1 F3600
G1 X32.767 Y18.05 E2.01309
G1 X32.39 Y19.096 E2.06657
G1 X32.294 Y19.231 E2.07454
G1 X32.143 Y19.342 E2.08355
;WIDTH:0.446641
G1 X32.009 Y19.362 E2.09001
;WIDTH:0.421606
G1 X31.876 Y19.383 E2.09601
;WIDTH:0.396572
G1 X-34.393 Y19.383 E4.84171
;WIDTH:0.423286
G1 X-34.671 Y19.186 E4.85696
;WIDTH:0.45
G1 X-34.949 Y18.989 E4.87335
G1 X-34.983 Y18.871 E4.87926
G1 X-34.888 Y18.581 E4.89394
;WIDTH:0.423286
G1 X-34.793 Y18.291 E4.9076
;WIDTH:0.396572
G1 X-1.292 Y-2.45 E6.54012
;WIDTH:0.441554
G1 X-1.183 Y-2.544 E6.54689
;WIDTH:0.486537
G1 X-1.074 Y-2.638 E6.55447
;WIDTH:0.53152
G1 X-.965 Y-2.732 E6.56286
;WIDTH:0.576503
G1 X-.856 Y-2.826 E6.57205
;WIDTH:0.621487
G1 X-.747 Y-2.92 E6.58205
G1 X-.599 Y-2.945 E6.59248
;WIDTH:0.574181
G1 X-.45 Y-2.97 E6.60209
G1 X-.276 Y-2.96 E6.61317
;WIDTH:0.621486
G1 X-.102 Y-2.95 E6.62528
G1 X.018 Y-2.85 E6.63613
;WIDTH:0.576503
G1 X.138 Y-2.749 E6.64615
;WIDTH:0.53152
G1 X.258 Y-2.649 E6.65525
;WIDTH:0.486537
G1 X.378 Y-2.549 E6.66347
;WIDTH:0.441554
G1 X.497 Y-2.448 E6.67081
;WIDTH:0.396573
G1 X32.491 Y17.468 E8.23226
;WIDTH:0.410224
G1 X32.612 Y17.56 E8.23882
;WIDTH:0.44232
G1 X32.727 Y17.723 E8.24822
G1 X32.368 Y17.883 F7200
;TYPE:External perimeter
;WIDTH:0.45
G1 F1800
G1 X32.392 Y17.922 E8.25042
G1 X32.015 Y18.964 E8.30372
G1 X31.876 Y19.024 E8.311
G1 X-34.393 Y19.024 E11.49831
G1 X-34.579 Y18.884 E11.50951
G1 X-34.612 Y18.766 E11.5154
G1 X-34.528 Y18.549 E11.52659
G1 X-.499 Y-2.519 E13.45155
G1 X-.38 Y-2.547 E13.45743
G1 X.308 Y-2.143 E13.4958
G1 X32.301 Y17.773 E15.30834
G1 X32.337 Y17.832 E15.31166
G1 X32.275 Y18.227 F7200
G1 E13.31166 F2400
G92 E0
G1 Z4.15 F7200
G1 X38.915 Y-26.814
G1 Z2.15
G1 E2 F2400
G1 F1800
G1 X39.02 Y-26.677 E2.0083
G1 X39.038 Y-26.523 E2.01576
G1 X38.955 Y-26.417 E2.02224
G1 X38.832 Y-26.341 E2.02919
G1 X35.05 Y16.121 E4.07955
G1 X34.97 Y16.26 E4.08726
G1 X34.469 Y16.376 E4.11199
G1 X33.905 Y16.576 E4.14077
G1 X33.226 Y16.987 E4.17894
G1 X33.073 Y17.017 E4.18644
G1 X.863 Y-3.035 E6.0113
G1 X.773 Y-3.217 E6.02107
G1 X.863 Y-3.363 E6.02932
G1 X38.404 Y-26.605 E8.15294
G1 X38.432 Y-26.919 E8.1681
G1 X38.542 Y-27.076 E8.17732
G1 X38.717 Y-27.07 E8.18574
G1 X38.878 Y-26.862 E8.19839
G1 X38.99 Y-26.477 F7200
G1 E6.19839 F2400
G92 E0
G1 Z4.15 F7200
G1 X33.113 Y19.168
G1 Z2.15
G1 E2 F2400
;TYPE:Perimeter
G1 F1200
G1 X33.12 Y19.067 E2.00487
G1 X33.314 Y18.535 E2.03211
G1 X33.589 Y18.153 E2.05475
G1 X33.933 Y17.797 E2.07856
G1 X34.429 Y17.511 E2.1061
G1 X34.723 Y17.426 E2.12082
G1 X35.372 Y17.347 E2.15227
G1 X35.93 Y17.445 E2.17952
G1 X36.144 Y17.529 E2.19058
G1 X36.61 Y17.797 E2.21644
G1 X36.817 Y17.99 E2.23005
G1 X37.165 Y18.41 E2.25628
G1 X37.391 Y18.982 E2.28586
G1 X37.457 Y19.265 E2.29984
G1 X37.457 Y19.832 E2.32711
G1 X37.341 Y20.255 E2.34821
G1 X37.136 Y20.726 E2.37292
G1 X36.764 Y21.171 E2.40082
G1 X36.582 Y21.316 E2.41201
G1 X36.119 Y21.584 E2.43774
G1 X35.846 Y21.667 E2.45146
G1 X35.31 Y21.758 E2.47761
G1 X34.698 Y21.667 E2.50737
G1 X34.424 Y21.584 E2.52114
G1 X33.933 Y21.3 E2.54842
G1 X33.622 Y20.984 E2.56974
G1 X33.341 Y20.625 E2.59167
G1 X33.12 Y20.03 E2.6222
G1 X33.085 Y19.549 E2.6454
G1 X33.109 Y19.228 E2.66088
G1 X33.482 Y19.233 F7200
;TYPE:External perimeter
G1 F1200
G1 X33.676 Y18.667 E2.68966
G1 X34.074 Y18.174 E2.72013
G1 X34.582 Y17.868 E2.74865
G1 X35.164 Y17.74 E2.77731
G1 X35.36 Y17.736 E2.78674
G1 X35.863 Y17.825 E2.81131
G1 X36.417 Y18.131 E2.84175
G1 X36.833 Y18.609 E2.87223
G1 X37.072 Y19.265 E2.90581
G1 X37.072 Y19.832 E2.93308
G1 X36.871 Y20.417 E2.96283
G1 X36.468 Y20.923 E2.99394
G1 X35.926 Y21.25 E3.02439
G1 X35.305 Y21.371 E3.05482
G1 X34.617 Y21.25 E3.08842
G1 X34.126 Y20.966 E3.1157
G1 X33.735 Y20.518 E3.1443
G1 X33.483 Y19.898 E3.17649
G1 X33.471 Y19.291 E3.20569
G1 X33.594 Y18.91 F7200
G1 E1.20569 F2400
G92 E0
G1 Z4.15 F7200
G1 X41.591 Y-30.906
G1 Z2.15
G1 E2 F2400
;TYPE:Perimeter
G1 F1200
G1 X41.692 Y-30.913 E2.00487
G1 X42.25 Y-30.815 E2.03212
G1 X42.646 Y-30.627 E2.0532
G1 X43.084 Y-30.333 E2.07857
G1 X43.448 Y-29.899 E2.10581
G1 X43.661 Y-29.417 E2.13116
G1 X43.777 Y-28.995 E2.15221
G1 X43.777 Y-28.428 E2.17948
G1 X43.742 Y-28.23 E2.18915
G1 X43.548 Y-27.697 E2.21643
G1 X43.448 Y-27.523 E2.22608
G1 X43.084 Y-27.089 E2.25332
G1 X42.93 Y-26.96 E2.26298
G1 X42.439 Y-26.676 E2.29026
G1 X42.25 Y-26.608 E2.29992
G1 X41.687 Y-26.508 E2.32742
G1 X41.449 Y-26.517 E2.33888
G1 X40.933 Y-26.608 E2.36408
G1 X40.253 Y-26.96 E2.40091
G1 X39.939 Y-27.28 E2.42247
G1 X39.675 Y-27.609 E2.44276
G1 X39.455 Y-28.189 E2.4726
G1 X39.405 Y-28.428 E2.48434
G1 X39.405 Y-28.995 E2.51161
G1 X39.533 Y-29.447 E2.5342
G1 X39.734 Y-29.899 E2.55799
G1 X40.099 Y-30.333 E2.58526
G1 X40.313 Y-30.497 E2.59823
G1 X40.796 Y-30.773 E2.62499
G1 X41.366 Y-30.891 E2.65299
G1 X41.531 Y-30.902 E2.66094
G1 X41.591 Y-30.528 F7200
;TYPE:External perimeter
G1 F1200
G1 X41.625 Y-30.533 E2.66259
G1 X42.183 Y-30.435 E2.68984
G1 X42.702 Y-30.149 E2.71834
G1 X43.153 Y-29.651 E2.75065
G1 X43.38 Y-29.061 E2.78105
G1 X43.392 Y-28.428 E2.8115
G1 X43.229 Y-27.948 E2.83588
G1 X43.153 Y-27.771 E2.84514
G1 X42.788 Y-27.337 E2.87241
G1 X42.257 Y-27.017 E2.90223
G1 X41.625 Y-26.889 E2.93324
G1 X40.999 Y-26.987 E2.96372
G1 X40.446 Y-27.294 E2.99414
G1 X40.03 Y-27.771 E3.02458
G1 X39.818 Y-28.321 E3.05293
G1 X39.791 Y-28.995 E3.08537
G1 X39.996 Y-29.593 E3.11577
G1 X40.394 Y-30.086 E3.14624
G1 X40.937 Y-30.412 E3.1767
G1 X41.532 Y-30.517 E3.20576
G1 X41.93 Y-30.476 F7200
G1 E1.20576 F2400
G92 E0
G1 Z4.15 F7200
G1 X-38.905 Y-27.964
G1 Z2.15
G1 E2 F2400
;TYPE:Perimeter
G1 F1200
G1 X-39.002 Y-27.697 E2.01366
G1 X-39.46 Y-27.096 E2.05
;WIDTH:0.484545
G1 X-39.693 Y-26.92 E2.0653
;WIDTH:0.51909
G1 X-39.927 Y-26.743 E2.08194
;WIDTH:0.551569
G1 X-40.05 Y-26.658 E2.09103
;WIDTH:0.584047
G1 X-40.173 Y-26.574 E2.10068
G1 X-40.401 Y-26.552 E2.11553
;WIDTH:0.539365
G1 X-40.63 Y-26.531 E2.12915
;WIDTH:0.494682
G1 X-40.858 Y-26.509 E2.14144
;WIDTH:0.45
G1 X-41.28 Y-26.548 E2.16182
G1 X-41.764 Y-26.654 E2.18565
G1 X-42.297 Y-26.96 E2.21521
G1 X-42.541 Y-27.196 E2.23154
G1 X-42.874 Y-27.608 E2.25702
G1 X-43.068 Y-28.115 E2.28313
G1 X-43.145 Y-28.428 E2.29863
G1 X-43.145 Y-28.995 E2.3259
G1 X-43.01 Y-29.467 E2.34951
G1 X-42.815 Y-29.899 E2.37231
G1 X-42.451 Y-30.333 E2.39955
G1 X-42.297 Y-30.463 E2.40924
G1 X-41.806 Y-30.746 E2.4365
G1 X-41.514 Y-30.833 E2.45115
G1 X-40.994 Y-30.921 E2.47652
G1 X-40.369 Y-30.827 E2.50692
G1 X-40.111 Y-30.746 E2.51993
G1 X-39.62 Y-30.463 E2.54719
G1 X-39.317 Y-30.156 E2.56794
G1 X-39.008 Y-29.741 E2.59283
G1 X-38.808 Y-29.193 E2.62089
G1 X-38.773 Y-28.711 E2.64413
G1 X-38.808 Y-28.23 E2.66733
G1 X-38.884 Y-28.02 E2.67807
G1 X-39.272 Y-28.097 F7200
;TYPE:External perimeter
G1 F1200
G1 X-39.355 Y-27.854 E2.69042
G1 X-39.756 Y-27.344 E2.72162
G1 X-40.304 Y-27.01 E2.75249
G1 X-40.925 Y-26.889 E2.78292
G1 X-41.551 Y-26.987 E2.8134
G1 X-42.104 Y-27.294 E2.84382
G1 X-42.52 Y-27.771 E2.87426
G1 X-42.759 Y-28.428 E2.90789
G1 X-42.759 Y-28.995 E2.93516
G1 X-42.56 Y-29.575 E2.96465
G1 X-42.156 Y-30.086 E2.99598
G1 X-41.613 Y-30.412 E3.02644
G1 X-40.992 Y-30.533 E3.05687
G1 X-40.304 Y-30.412 E3.09047
G1 X-39.813 Y-30.129 E3.11773
G1 X-39.397 Y-29.651 E3.14821
G1 X-39.17 Y-29.061 E3.17861
G1 X-39.158 Y-28.428 E3.20906
G1 X-39.252 Y-28.154 E3.22299
G1 X-39.42 Y-27.791 F7200
G1 E1.22299 F2400
G92 E0
G1 Z4.15 F7200
G1 X-36.615 Y18.822
G1 Z2.15
G1 E2 F2400
;TYPE:Perimeter
G1 F3600
G1 X-36.725 Y18.794 E2.00546
G1 X-36.958 Y18.57 E2.02101
G1 X-37.218 Y18.064 E2.04837
G1 X-37.563 Y17.596 E2.07633
G1 X-37.979 Y17.229 E2.10301
G1 X-38.421 Y16.956 E2.128
G1 X-38.883 Y16.781 E2.15176
G1 X-39.34 Y16.642 E2.17473
G1 X-39.563 Y16.41 E2.19021
;WIDTH:0.438028
G1 X-39.612 Y16.15 E2.20254
;WIDTH:0.396572
G1 X-40.703 Y-25.322 E3.92143
;WIDTH:0.445711
G1 X-40.671 Y-25.586 E3.93408
;WIDTH:0.45
G1 X-40.521 Y-25.781 E3.94591
;WIDTH:0.496968
G1 X-40.393 Y-25.866 E3.9542
;WIDTH:0.543937
G1 X-40.266 Y-25.95 E3.96331
;WIDTH:0.590906
G1 X-40.138 Y-26.035 E3.9734
;WIDTH:0.588897
G1 X-39.904 Y-26.112 E3.98952
;WIDTH:0.542598
G1 X-39.67 Y-26.189 E4.00421
;WIDTH:0.496299
G1 X-39.436 Y-26.267 E4.0175
;WIDTH:0.45
G1 X-38.986 Y-26.596 E4.04431
G1 X-38.723 Y-26.718 E4.05825
G1 X-38.551 Y-26.72 E4.06652
;WIDTH:0.44356
G1 X-38.249 Y-26.568 E4.08251
;WIDTH:0.396573
G1 X-1.466 Y-3.67 E5.87771
;WIDTH:0.441555
G1 X-1.392 Y-3.589 E5.88287
;WIDTH:0.486538
G1 X-1.318 Y-3.508 E5.88865
;WIDTH:0.531521
G1 X-1.244 Y-3.427 E5.89504
;WIDTH:0.576504
G1 X-1.17 Y-3.346 E5.90205
;WIDTH:0.621487
G1 X-1.096 Y-3.265 E5.90967
G1 X-1.096 Y-3.137 E5.91856
G1 X-1.17 Y-3.057 E5.92613
;WIDTH:0.576503
G1 X-1.244 Y-2.976 E5.93314
;WIDTH:0.53152
G1 X-1.319 Y-2.895 E5.93957
;WIDTH:0.486537
G1 X-1.393 Y-2.814 E5.94535
;WIDTH:0.441554
G1 X-1.467 Y-2.733 E5.95051
;WIDTH:0.396572
G1 X-34.892 Y17.961 E7.57933
;WIDTH:0.423286
G1 X-35.346 Y18.258 E7.60362
;WIDTH:0.45
G1 X-36.153 Y18.773 E7.64966
G1 X-36.46 Y18.86 E7.66501
G1 X-36.556 Y18.836 E7.66977
G1 X-36.511 Y18.455 F7200
;TYPE:External perimeter
G1 F1800
G1 X-36.624 Y18.378 E7.67635
G1 X-36.892 Y17.858 E7.70449
G1 X-37.265 Y17.351 E7.73476
G1 X-37.669 Y16.978 E7.76121
G1 X-38.233 Y16.619 E7.79337
G1 X-38.709 Y16.429 E7.81802
G1 X-39.191 Y16.277 E7.84233
G1 X-39.253 Y16.14 E7.84956
G1 X-40.345 Y-25.331 E9.84486
G1 X-40.275 Y-25.484 E9.85295
G1 X-39.718 Y-25.706 E9.88179
G1 X-39.386 Y-25.845 E9.8991
G1 X-38.653 Y-26.338 E9.94159
G1 X-38.517 Y-26.312 E9.94825
G1 X-1.655 Y-3.366 E12.03662
G1 X-1.565 Y-3.183 E12.04643
G1 X-1.656 Y-3.038 E12.05466
G1 X-36.356 Y18.446 E14.01759
G1 X-36.457 Y18.466 E14.02254
G1 X-36.723 Y18.168 F7200
G1 E12.02254 F2400
G92 E0
G1 Z4.15 F7200
G1 X-44.107 Y20.758
G1 Z2.15
G1 E2 F2400
;TYPE:Perimeter
;WIDTH:0.435464
G1 F3600
G1 X-44.119 Y20.932 E2.00807
;WIDTH:0.462817
G1 X-44.189 Y21.146 E2.01926
;WIDTH:0.49017
G1 X-44.259 Y21.361 E2.03127
;WIDTH:0.502041
G1 X-44.569 Y21.761 E2.05889
G1 X-44.889 Y21.976 E2.07993
;WIDTH:0.478367
G1 X-45.157 Y22.05 E2.09429
;WIDTH:0.440653
G1 X-45.425 Y22.123 E2.10733
;WIDTH:0.402939
G1 X-51.929 Y22.133 E2.38197
;WIDTH:0.427743
G1 X-52.306 Y22.097 E2.39913
;WIDTH:0.471305
G1 X-52.712 Y21.968 E2.42075
;WIDTH:0.489867
G1 X-53.143 Y21.635 E2.44965
G1 X-53.402 Y21.192 E2.47688
;WIDTH:0.455643
G1 X-53.457 Y20.905 E2.49114
;WIDTH:0.426107
G1 X-53.513 Y20.617 E2.50438
;WIDTH:0.396572
G1 X-53.513 Y-22.753 E4.30132
;WIDTH:0.427744
G1 X-53.477 Y-23.129 E4.31844
;WIDTH:0.471304
G1 X-53.348 Y-23.535 E4.34006
;WIDTH:0.490879
G1 X-53.023 Y-23.958 E4.36844
G1 X-52.573 Y-24.226 E4.3963
;WIDTH:0.458195
G1 X-52.285 Y-24.28 E4.41069
;WIDTH:0.427383
G1 X-51.997 Y-24.335 E4.42397
;WIDTH:0.396572
G1 X-46.803 Y-24.335 E4.63917
;WIDTH:0.425933
G1 X-46.437 Y-24.302 E4.65574
;WIDTH:0.473889
G1 X-45.945 Y-24.124 E4.68246
;WIDTH:0.488059
G1 X-45.562 Y-23.806 E4.70877
G1 X-45.344 Y-23.423 E4.73206
;WIDTH:0.453265
G1 X-45.283 Y-23.141 E4.74605
;WIDTH:0.424919
G1 X-45.222 Y-22.86 E4.75898
;WIDTH:0.396573
G1 X-44.123 Y18.922 E6.49072
;WIDTH:0.444939
G1 X-44.094 Y19.108 E6.49966
;WIDTH:0.493307
G1 X-44.065 Y19.293 E6.50968
;WIDTH:0.541675
G1 X-44.036 Y19.479 E6.52089
;WIDTH:0.590043
G1 X-44.007 Y19.665 E6.53323
G1 X-44.026 Y19.852 E6.54555
;WIDTH:0.541675
G1 X-44.045 Y20.038 E6.55668
;WIDTH:0.493308
G1 X-44.064 Y20.225 E6.56674
;WIDTH:0.44494
G1 X-44.084 Y20.412 E6.57567
;WIDTH:0.435464
G1 X-44.103 Y20.698 E6.58894
G1 X-44.466 Y20.71 F7200
;TYPE:External perimeter
;WIDTH:0.45
G1 F1800
G1 X-44.481 Y20.822 E6.59437
G1 X-44.582 Y21.117 E6.60937
G1 X-44.854 Y21.462 E6.6305
G1 X-45.149 Y21.655 E6.64746
G1 X-45.501 Y21.761 E6.66514
G1 X-51.93 Y21.774 E6.97435
G1 X-52.178 Y21.745 E6.98636
G1 X-52.569 Y21.59 E7.00659
G1 X-52.887 Y21.309 E7.027
G1 X-53.096 Y20.891 E7.04948
G1 X-53.154 Y20.55 E7.06612
G1 X-53.154 Y-22.753 E9.14884
G1 X-53.125 Y-23.001 E9.16085
G1 X-52.97 Y-23.391 E9.18103
G1 X-52.64 Y-23.737 E9.20403
G1 X-52.3 Y-23.914 E9.22247
G1 X-51.93 Y-23.976 E9.24051
G1 X-46.803 Y-23.976 E9.4871
G1 X-46.563 Y-23.95 E9.49871
G1 X-46.181 Y-23.805 E9.51836
G1 X-45.858 Y-23.526 E9.53889
G1 X-45.643 Y-23.115 E9.5612
G1 X-45.579 Y-22.785 E9.57737
G1 X-44.44 Y20.518 E11.66081
G1 X-44.458 Y20.65 E11.66722
G1 X-44.56 Y21.037 F7200
G1 E9.66722 F2400
G92 E0
G1 Z4.15 F7200
G1 X-38.271 Y17.861
G1 Z2.15
G1 E2 F2400
;TYPE:Perimeter
G1 F1200
G1 X-37.897 Y18.284 E2.02716
G1 X-37.732 Y18.535 E2.04161
G1 X-37.538 Y19.067 E2.06885
G1 X-37.503 Y19.32 E2.08113
G1 X-37.503 Y19.832 E2.10576
G1 X-37.624 Y20.268 E2.12752
G1 X-37.826 Y20.73 E2.15177
G1 X-38.196 Y21.171 E2.17946
G1 X-38.35 Y21.3 E2.18912
G1 X-38.846 Y21.586 E2.21666
G1 X-39.339 Y21.707 E2.24108
G1 X-39.789 Y21.751 E2.26283
G1 X-40.348 Y21.652 E2.29013
G1 X-40.654 Y21.516 E2.30624
G1 X-41.109 Y21.243 E2.33176
G1 X-41.471 Y20.825 E2.35836
G1 X-41.646 Y20.563 E2.37351
G1 X-41.84 Y20.03 E2.40079
G1 X-41.875 Y19.621 E2.42053
G1 X-41.855 Y19.116 E2.44484
G1 X-41.646 Y18.535 E2.47454
G1 X-41.545 Y18.361 E2.48422
G1 X-41.181 Y17.927 E2.51146
G1 X-41.027 Y17.797 E2.52115
G1 X-40.536 Y17.514 E2.54841
G1 X-40.156 Y17.411 E2.56735
G1 X-39.728 Y17.339 E2.58822
G1 X-39.03 Y17.445 E2.62218
G1 X-38.764 Y17.559 E2.6361
G1 X-38.315 Y17.821 E2.6611
G1 X-38.521 Y18.158 F7200
;TYPE:External perimeter
G1 F1200
G1 X-38.094 Y18.667 E2.69305
G1 X-37.9 Y19.199 E2.72029
G1 X-37.888 Y19.832 E2.75074
G1 X-38.094 Y20.431 E2.78121
G1 X-38.492 Y20.923 E2.81165
G1 X-39.034 Y21.25 E2.8421
G1 X-39.655 Y21.371 E2.87253
G1 X-40.281 Y21.273 E2.90301
G1 X-40.834 Y20.966 E2.93343
G1 X-41.284 Y20.431 E2.96705
G1 X-41.477 Y19.898 E2.99431
G1 X-41.489 Y19.265 E3.02476
G1 X-41.284 Y18.667 E3.05516
G1 X-40.886 Y18.174 E3.08563
G1 X-40.343 Y17.848 E3.11609
G1 X-39.722 Y17.727 E3.14652
G1 X-39.097 Y17.825 E3.17695
G1 X-38.566 Y18.119 E3.20614
G1 X-38.302 Y18.42 F7200
G1 E1.20614 F2400
G92 E0
G1 Z4.15 F7200
G1 X32.756 Y19.105
G1 Z2.15
G1 E2 F2400
;TYPE:Perimeter
;WIDTH:0.454673
G1 F1200
G1 X32.766 Y19.071 E2.00173
;WIDTH:0.406922
G1 X32.8 Y18.951 E2.00706
;WIDTH:0.361615
G1 X33.035 Y18.32 E2.03202
;WIDTH:0.409513
G1 X33.076 Y18.227 E2.0364
;WIDTH:0.457412
G1 X33.116 Y18.135 E2.04132
;WIDTH:0.505311
G1 X33.156 Y18.042 E2.04689
;WIDTH:0.55321
G1 X33.196 Y17.949 E2.05306
;WIDTH:0.601109
G1 X33.236 Y17.856 E2.05984
G1 X33.342 Y17.786 E2.06834
;WIDTH:0.551321
G1 X33.447 Y17.716 E2.076
;WIDTH:0.501533
G1 X33.553 Y17.646 E2.08293
;WIDTH:0.451746
G1 X33.659 Y17.576 E2.08907
;WIDTH:0.401958
G1 X33.764 Y17.506 E2.09438
;WIDTH:0.363159
G1 X34.219 Y17.237 E2.11408
;WIDTH:0.371713
G1 X34.663 Y17.085 E2.13207
;WIDTH:0.415174
G1 X34.831 Y17.049 E2.13959
;WIDTH:0.458636
G1 X35 Y17.014 E2.14808
;WIDTH:0.502097
G1 X35.169 Y16.979 E2.1575
;WIDTH:0.545559
G1 X35.338 Y16.944 E2.16786
;WIDTH:0.589021
G1 X35.506 Y16.908 E2.1791
G1 X35.668 Y16.973 E2.19052
;WIDTH:0.544735
G1 X35.83 Y17.037 E2.20096
;WIDTH:0.500449
G1 X35.992 Y17.102 E2.21045
;WIDTH:0.456163
G1 X36.155 Y17.166 E2.21901
;WIDTH:0.411877
G1 X36.317 Y17.23 E2.22656
;WIDTH:0.367591
G1 X36.932 Y17.618 E2.25406
;WIDTH:0.377747
G1 X37.285 Y18.005 E2.27453
G1 X37.52 Y18.372 E2.29156
;WIDTH:0.371337
G1 X37.716 Y18.863 E2.3118
G1 X37.791 Y19.174 E2.32405
;WIDTH:0.371057
G1 X37.803 Y19.764 E2.34662
G1 X37.743 Y20.147 E2.36145
;WIDTH:0.365979
G1 X37.556 Y20.666 E2.3822
G1 X37.39 Y20.957 E2.3948
;WIDTH:0.363171
G1 X36.999 Y21.419 E2.41736
;WIDTH:0.379449
G1 X36.486 Y21.776 E2.44192
G1 X35.989 Y21.988 E2.46315
;WIDTH:0.360523
G1 X35.431 Y22.086 E2.48408
;WIDTH:0.359551
G1 X35.113 Y22.078 E2.49579
;WIDTH:0.359845
G1 X34.553 Y21.988 E2.51669
;WIDTH:0.375683
G1 X34.109 Y21.804 E2.53535
G1 X33.518 Y21.39 E2.56337
;WIDTH:0.366737
G1 X33.176 Y20.987 E2.5833
G1 X33.004 Y20.676 E2.5967
;WIDTH:0.359899
G1 X32.781 Y20.088 E2.61988
;WIDTH:0.407504
G1 X32.75 Y19.98 E2.62469
;WIDTH:0.45511
G1 X32.719 Y19.872 E2.63017
;WIDTH:0.502715
G1 X32.688 Y19.764 E2.63631
;WIDTH:0.550321
G1 X32.657 Y19.656 E2.64312
;WIDTH:0.597926
G1 X32.626 Y19.549 E2.65053
G1 X32.661 Y19.429 E2.65885
;WIDTH:0.550175
G1 X32.696 Y19.31 E2.66637
;WIDTH:0.502424
G1 X32.731 Y19.19 E2.6732
;WIDTH:0.454673
G1 X32.739 Y19.162 E2.67462
G1 E.67462 F2400
G92 E0
G1 Z4.15 F7200
G1 X39.071 Y-29.134
G1 Z2.15
G1 E2 F2400
;WIDTH:0.368677
G1 F1200
G1 X39.312 Y-29.842 E2.02839
;WIDTH:0.365781
G1 X39.48 Y-30.13 E2.04092
G1 X39.838 Y-30.553 E2.06175
;WIDTH:0.371191
G1 X40.14 Y-30.797 E2.07661
G1 X40.657 Y-31.081 E2.09918
;WIDTH:0.375407
G1 X41.305 Y-31.234 E2.12501
G1 X41.751 Y-31.248 E2.14232
;WIDTH:0.361029
G1 X42.309 Y-31.151 E2.16328
G1 X42.609 Y-31.041 E2.1751
;WIDTH:0.367115
G1 X43.067 Y-30.781 E2.19499
;WIDTH:0.376417
G1 X43.525 Y-30.35 E2.21947
G1 X43.821 Y-29.924 E2.23966
;WIDTH:0.358031
G1 X44.061 Y-29.309 E2.26384
G1 X44.109 Y-28.995 E2.27547
;WIDTH:0.356555
G1 X44.116 Y-28.428 E2.29613
G1 X44.056 Y-28.116 E2.30771
;WIDTH:0.356303
G1 X43.867 Y-27.581 E2.32837
G1 X43.705 Y-27.308 E2.33993
;WIDTH:0.357287
G1 X43.343 Y-26.871 E2.36066
G1 X43.099 Y-26.667 E2.37228
;WIDTH:0.361687
G1 X42.621 Y-26.387 E2.39282
G1 X42.309 Y-26.272 E2.40515
;WIDTH:0.360449
G1 X41.742 Y-26.175 E2.42639
;WIDTH:0.366547
G1 X41.389 Y-26.178 E2.43969
G1 X40.874 Y-26.277 E2.45945
;WIDTH:0.390719
G1 X40.363 Y-26.485 E2.48191
;WIDTH:0.432887
G1 X40.269 Y-26.518 E2.48649
;WIDTH:0.475055
G1 X40.174 Y-26.551 E2.49164
;WIDTH:0.517223
G1 X40.08 Y-26.584 E2.49727
;WIDTH:0.559391
G1 X39.985 Y-26.617 E2.50348
;WIDTH:0.601559
G1 X39.891 Y-26.65 E2.51015
G1 X39.835 Y-26.744 E2.51748
;WIDTH:0.558022
G1 X39.779 Y-26.839 E2.52427
;WIDTH:0.514485
G1 X39.723 Y-26.933 E2.53041
;WIDTH:0.470948
G1 X39.667 Y-27.028 E2.536
;WIDTH:0.427411
G1 X39.611 Y-27.122 E2.54095
;WIDTH:0.411453
G1 X39.29 Y-27.572 E2.56488
;WIDTH:0.452435
G1 X39.247 Y-27.629 E2.56834
;WIDTH:0.493418
G1 X39.205 Y-27.686 E2.57213
;WIDTH:0.5344
G1 X39.162 Y-27.744 E2.57636
;WIDTH:0.575383
G1 X39.119 Y-27.801 E2.58091
G1 X38.974 Y-28.428 E2.62193
;WIDTH:0.581423
G1 X38.954 Y-28.498 E2.62662
;WIDTH:0.620686
G1 X38.934 Y-28.568 E2.63167
;WIDTH:0.659949
G1 X38.915 Y-28.638 E2.63706
G1 E.63706 F2400
G92 E0
G1 Z4.15 F7200
G1 X-40.889 Y-26.053
G1 Z2.15
G1 E2 F2400
;WIDTH:0.578191
G1 F1200
G1 X-41.046 Y-26.097 E2.01045
;WIDTH:0.533886
G1 X-41.204 Y-26.141 E2.02005
;WIDTH:0.489582
G1 X-41.361 Y-26.186 E2.02871
;WIDTH:0.445277
G1 X-41.519 Y-26.23 E2.0365
;WIDTH:0.400973
G1 X-41.676 Y-26.274 E2.04335
;WIDTH:0.356669
G1 X-41.972 Y-26.389 E2.05493
;WIDTH:0.343145
G1 X-42.463 Y-26.672 E2.07463
;WIDTH:0.374675
G1 X-42.807 Y-26.972 E2.09229
G1 X-43.157 Y-27.445 E2.11506
;WIDTH:0.373623
G1 X-43.395 Y-27.997 E2.13825
G1 X-43.476 Y-28.428 E2.15516
;WIDTH:0.354377
G1 X-43.483 Y-28.995 E2.17567
;WIDTH:0.378759
G1 X-43.339 Y-29.587 E2.19956
G1 X-43.127 Y-30.03 E2.21882
;WIDTH:0.361543
G1 X-42.713 Y-30.553 E2.24354
;WIDTH:0.376335
G1 X-42.13 Y-30.962 E2.27125
G1 X-41.677 Y-31.15 E2.29033
;WIDTH:0.360243
G1 X-41.118 Y-31.249 E2.31128
;WIDTH:0.359735
G1 X-40.801 Y-31.241 E2.32296
;WIDTH:0.360379
G1 X-40.241 Y-31.15 E2.34391
G1 X-39.944 Y-31.037 E2.35564
;WIDTH:0.356973
G1 X-39.451 Y-30.756 E2.37635
;WIDTH:0.361793
G1 X-39.205 Y-30.553 E2.38818
G1 X-38.848 Y-30.112 E2.40923
;WIDTH:0.358629
G1 X-38.682 Y-29.842 E2.42086
;WIDTH:0.361793
G1 X-38.487 Y-29.309 E2.44191
;WIDTH:0.408861
G1 X-38.452 Y-29.19 E2.44724
;WIDTH:0.455929
G1 X-38.418 Y-29.07 E2.45333
;WIDTH:0.502997
G1 X-38.383 Y-28.95 E2.46017
;WIDTH:0.550065
G1 X-38.348 Y-28.831 E2.46768
;WIDTH:0.597133
G1 X-38.314 Y-28.711 E2.47597
G1 X-38.347 Y-28.598 E2.48379
;WIDTH:0.54889
G1 X-38.38 Y-28.486 E2.49085
;WIDTH:0.500648
G1 X-38.412 Y-28.373 E2.49724
;WIDTH:0.452405
G1 X-38.445 Y-28.26 E2.50294
;WIDTH:0.404163
G1 X-38.478 Y-28.147 E2.50793
;WIDTH:0.376939
G1 X-38.664 Y-27.603 E2.53034
;WIDTH:0.419917
G1 X-38.693 Y-27.516 E2.53441
;WIDTH:0.462896
G1 X-38.721 Y-27.428 E2.539
;WIDTH:0.505875
G1 X-38.749 Y-27.341 E2.54403
;WIDTH:0.548854
G1 X-38.777 Y-27.254 E2.54955
;WIDTH:0.591833
G1 X-38.805 Y-27.167 E2.55556
G1 X-38.912 Y-27.082 E2.56455
;WIDTH:0.543932
G1 X-39.019 Y-26.998 E2.57269
;WIDTH:0.496032
G1 X-39.126 Y-26.913 E2.58005
;WIDTH:0.448131
G1 X-39.233 Y-26.829 E2.58656
;WIDTH:0.400231
G1 X-39.34 Y-26.744 E2.59228
;WIDTH:0.371349
G1 X-39.617 Y-26.562 E2.60497
G1 E.60497 F2400
G92 E0
G1 Z4.15 F7200
G1 X-37.27 Y18.75
G1 Z2.15
G1 E2 F2400
;WIDTH:0.418938
G1 F1200
G1 X-37.157 Y18.921 E2.00906
;WIDTH:0.437469
G1 X-36.901 Y19.13 E2.02444
;WIDTH:0.479353
G1 X-36.681 Y19.206 E2.03649
;WIDTH:0.521237
G1 X-36.462 Y19.281 E2.04968
G1 X-36.647 Y19.378 E2.06158
;WIDTH:0.479353
G1 X-36.832 Y19.475 E2.07239
;WIDTH:0.437469
G1 X-37.126 Y19.836 E2.09405
;WIDTH:0.397074
G1 X-37.177 Y20.007 E2.10145
G1 X-37.144 Y19.832 E2.10884
;WIDTH:0.437469
G1 X-37.123 Y19.265 E2.13524
G1 X-37.254 Y18.808 E2.15736
G1 X-37.177 Y20.007 F7200
;WIDTH:0.363973
G1 F1200
G1 X-37.419 Y20.676 E2.18394
;WIDTH:0.362019
G1 X-37.57 Y20.956 E2.19575
;WIDTH:0.363599
G1 X-37.934 Y21.391 E2.21692
G1 X-38.18 Y21.595 E2.22885
;WIDTH:0.358839
G1 X-38.679 Y21.88 E2.24995
;WIDTH:0.367927
G1 X-39.004 Y21.998 E2.26304
G1 X-39.531 Y22.077 E2.28322
;WIDTH:0.372003
G1 X-39.947 Y22.075 E2.29918
G1 X-40.543 Y21.938 E2.32264
;WIDTH:0.376707
G1 X-41.045 Y21.693 E2.3444
G1 X-41.437 Y21.385 E2.36382
;WIDTH:0.360191
G1 X-41.807 Y20.956 E2.38472
;WIDTH:0.377493
G1 X-42.033 Y20.521 E2.40386
;WIDTH:0.412252
G1 X-42.146 Y20.176 E2.41961
;WIDTH:0.447011
G1 X-42.259 Y19.832 E2.43689
;WIDTH:0.485798
G1 X-42.278 Y19.779 E2.43985
;WIDTH:0.524585
G1 X-42.298 Y19.726 E2.4431
;WIDTH:0.563372
G1 X-42.317 Y19.674 E2.44655
;WIDTH:0.602159
G1 X-42.336 Y19.621 E2.45033
G1 X-42.31 Y19.522 E2.4572
;WIDTH:0.560355
G1 X-42.284 Y19.424 E2.46347
;WIDTH:0.518551
G1 X-42.258 Y19.325 E2.46927
;WIDTH:0.476747
G1 X-42.232 Y19.227 E2.47448
;WIDTH:0.434943
G1 X-42.206 Y19.128 E2.47921
;WIDTH:0.393139
G1 X-42.18 Y19.03 E2.48337
;WIDTH:0.363707
G1 X-41.968 Y18.418 E2.50755
;WIDTH:0.365411
G1 X-41.804 Y18.134 E2.51986
G1 X-41.443 Y17.707 E2.54085
;WIDTH:0.374889
G1 X-40.899 Y17.321 E2.56668
G1 X-40.407 Y17.11 E2.58741
;WIDTH:0.409435
G1 X-40.225 Y17.053 E2.59562
;WIDTH:0.458755
G1 X-40.043 Y16.996 E2.605
;WIDTH:0.508075
G1 X-39.861 Y16.938 E2.61557
;WIDTH:0.543094
G1 X-39.81 Y16.915 E2.61891
;WIDTH:0.578113
G1 X-39.758 Y16.891 E2.62258
G1 X-39.601 Y16.935 E2.63303
;WIDTH:0.534402
G1 X-39.443 Y16.978 E2.64263
;WIDTH:0.490691
G1 X-39.286 Y17.022 E2.6513
;WIDTH:0.44698
G1 X-39.128 Y17.066 E2.65913
;WIDTH:0.403269
G1 X-38.971 Y17.11 E2.66602
;WIDTH:0.372201
G1 X-38.59 Y17.258 E2.68171
G1 X-38.097 Y17.56 E2.70391
;WIDTH:0.373159
G1 X-37.631 Y18.061 E2.73026
G1 X-37.411 Y18.418 E2.74641
;WIDTH:0.398695
G1 X-37.27 Y18.75 E2.76145
G1 X-35.499 Y18.832 F7200
;WIDTH:0.466619
G1 F1200
G1 X-35.28 Y18.696 E2.77438
G1 X-35.362 Y18.979 E2.78916
G1 X-35.328 Y19.097 E2.79532
G1 X-35.067 Y19.294 E2.81173
G1 X-35.539 Y19.294 E2.83541
;WIDTH:0.493511
G1 X-35.916 Y19.281 E2.8556
;WIDTH:0.520403
G1 X-36.293 Y19.267 E2.87706
G1 X-36.119 Y19.188 E2.88793
;WIDTH:0.493511
G1 X-35.945 Y19.108 E2.89818
;WIDTH:0.466619
G1 X-35.55 Y18.863 E2.9215
G1 X-36.293 Y19.267 F7200
;WIDTH:0.521237
G1 F1200
G1 X-36.462 Y19.281 E2.93116
G1 E.93116 F2400
G92 E0
G1 Z4.15 F7200
G1 X38.539 Y-28.971
G1 Z2.15
G1 E2 F2400
;WIDTH:0.45
G1 F3600
G1 X38.585 Y-29.001 E2.00264
G1 X38.71 Y-29.164 E2.01252
G1 X38.881 Y-29.705 E2.03981
G1 X39.099 Y-30.159 E2.06403
G1 X39.398 Y-30.588 E2.08918
G1 X39.765 Y-30.942 E2.1137
G1 X40.267 Y-31.276 E2.1427
G1 X40.773 Y-31.475 E2.16885
G1 X41.266 Y-31.581 E2.1931
G1 X41.776 Y-31.588 E2.21763
G1 X42.308 Y-31.508 E2.24351
G1 X42.756 Y-31.349 E2.26637
G1 X43.278 Y-31.054 E2.29521
G1 X43.763 Y-30.605 E2.327
G1 X44.03 Y-30.249 E2.3484
G1 X44.324 Y-29.63 E2.38136
G1 X44.435 Y-29.094 E2.40769
G1 X44.471 Y-28.576 E2.43266
G1 X44.437 Y-28.227 E2.44953
G1 X44.249 Y-27.598 E2.48111
G1 X44.067 Y-27.227 E2.50099
G1 X43.663 Y-26.71 E2.53255
G1 X43.36 Y-26.43 E2.55239
G1 X42.796 Y-26.094 E2.58397
G1 X42.412 Y-25.944 E2.6038
G1 X41.806 Y-25.842 E2.63336
G1 X41.319 Y-25.841 E2.65678
G1 X40.569 Y-26.019 E2.69385
G1 X40.035 Y-26.196 E2.72091
G1 X39.744 Y-26.128 E2.73528
G1 X39.54 Y-25.947 E2.7484
G1 X39.503 Y-25.807 E2.75536
;WIDTH:0.423285
G1 X39.466 Y-25.667 E2.76184
;WIDTH:0.396572
G1 X35.738 Y16.182 E4.50262
;WIDTH:0.438476
G1 X35.758 Y16.449 E4.51511
;WIDTH:0.45
G1 X35.85 Y16.61 E4.52403
G1 X36.081 Y16.772 E4.5376
G1 X36.755 Y17.072 E4.57308
G1 X37.157 Y17.368 E4.59709
G1 X37.575 Y17.809 E4.62631
G1 X37.846 Y18.289 E4.65282
G1 X38.074 Y18.876 E4.68311
G1 X38.157 Y19.46 E4.71148
G1 X38.116 Y20.015 E4.73825
G1 X37.994 Y20.509 E4.76272
G1 X37.772 Y20.982 E4.78785
G1 X37.477 Y21.413 E4.81297
G1 X37.111 Y21.768 E4.83749
G1 X36.672 Y22.073 E4.8632
G1 X36.216 Y22.273 E4.88715
G1 X35.622 Y22.414 E4.91651
G1 X35.074 Y22.408 E4.94287
G1 X34.452 Y22.313 E4.97313
G1 X33.909 Y22.09 E5.00136
G1 X33.274 Y21.629 E5.0391
G1 X32.883 Y21.171 E5.06806
G1 X32.562 Y20.534 E5.10237
G1 X32.432 Y20.106 E5.12388
G1 X32.294 Y19.867 E5.13715
G1 X32.143 Y19.755 E5.14619
;WIDTH:0.446641
G1 X32.009 Y19.735 E5.15265
;WIDTH:0.421606
G1 X31.876 Y19.715 E5.15864
;WIDTH:0.396572
G1 X-34.393 Y19.715 E7.90434
;WIDTH:0.423286
G1 X-34.944 Y19.701 E7.92901
;WIDTH:0.45
G1 X-36.391 Y19.696 E7.99861
G1 X-36.619 Y19.788 E8.01044
G1 X-36.807 Y20.001 E8.0241
G1 X-36.982 Y20.542 E8.05145
G1 X-37.295 Y21.158 E8.08468
G1 X-37.684 Y21.625 E8.11391
G1 X-38.013 Y21.89 E8.13423
G1 X-38.721 Y22.264 E8.17274
G1 X-39.235 Y22.4 E8.19831
G1 X-39.837 Y22.418 E8.22728
G1 X-40.279 Y22.375 E8.24864
G1 X-40.813 Y22.19 E8.27582
G1 X-41.245 Y21.981 E8.2989
G1 X-41.783 Y21.531 E8.33263
G1 X-42.093 Y21.14 E8.35663
G1 X-42.366 Y20.628 E8.38454
G1 X-42.577 Y20.048 E8.41422
G1 X-42.829 Y19.84 E8.42994
G1 X-43.121 Y19.797 E8.44414
;WIDTH:0.496681
G1 X-43.277 Y19.821 E8.45265
;WIDTH:0.543362
G1 X-43.432 Y19.845 E8.46202
;WIDTH:0.590043
G1 X-43.587 Y19.869 E8.4723
G1 X-43.628 Y20.002 E8.48142
;WIDTH:0.541675
G1 X-43.669 Y20.136 E8.48976
;WIDTH:0.493308
G1 X-43.71 Y20.27 E8.49726
;WIDTH:0.44494
G1 X-43.752 Y20.404 E8.50393
;WIDTH:0.397718
G1 X-43.748 Y20.557 E8.51029
;WIDTH:0.429969
G1 X-43.765 Y20.887 E8.52536
;WIDTH:0.46222
G1 X-43.781 Y21.217 E8.54175
;WIDTH:0.49017
G1 X-43.89 Y21.567 E8.56122
;WIDTH:0.506444
G1 X-44.159 Y21.975 E8.58817
G1 X-44.508 Y22.25 E8.61267
;WIDTH:0.497233
G1 X-44.947 Y22.414 E8.63797
;WIDTH:0.462256
G1 X-45.224 Y22.438 E8.65177
;WIDTH:0.432597
G1 X-45.5 Y22.462 E8.66449
;WIDTH:0.402939
G1 X-52.142 Y22.465 E8.94496
;WIDTH:0.433986
G1 X-52.481 Y22.411 E8.96078
;WIDTH:0.471402
G1 X-52.821 Y22.358 E8.97825
;WIDTH:0.500009
G1 X-53.196 Y22.162 E9.00124
G1 X-53.506 Y21.872 E9.0243
;WIDTH:0.492307
G1 X-53.715 Y21.501 E9.04703
;WIDTH:0.478175
G1 X-53.819 Y21.061 E9.07036
;WIDTH:0.429883
G1 X-53.845 Y20.55 E9.09369
;WIDTH:0.396572
G1 X-53.845 Y-22.965 E10.89663
;WIDTH:0.433987
G1 X-53.791 Y-23.304 E10.91245
;WIDTH:0.471403
G1 X-53.738 Y-23.643 E10.92987
;WIDTH:0.503703
G1 X-53.497 Y-24.089 E10.95765
G1 X-53.121 Y-24.413 E10.98485
;WIDTH:0.486996
G1 X-52.732 Y-24.584 E11.00725
;WIDTH:0.458195
G1 X-52.486 Y-24.641 E11.01965
;WIDTH:0.436743
G1 X-51.93 Y-24.667 E11.0455
;WIDTH:0.396572
G1 X-46.594 Y-24.667 E11.26658
;WIDTH:0.432309
G1 X-46.262 Y-24.616 E11.28199
;WIDTH:0.468046
G1 X-45.931 Y-24.564 E11.29886
;WIDTH:0.495493
G1 X-45.56 Y-24.374 E11.32127
G1 X-45.251 Y-24.093 E11.34373
;WIDTH:0.488059
G1 X-45.038 Y-23.73 E11.36597
;WIDTH:0.474467
G1 X-44.927 Y-23.304 E11.38849
;WIDTH:0.428425
G1 X-44.889 Y-22.803 E11.4113
;WIDTH:0.396573
G1 X-43.789 Y18.995 E13.14371
;WIDTH:0.444939
G1 X-43.741 Y19.106 E13.14945
;WIDTH:0.493307
G1 X-43.693 Y19.217 E13.15592
;WIDTH:0.541675
G1 X-43.646 Y19.328 E13.1631
;WIDTH:0.590043
G1 X-43.598 Y19.439 E13.17103
G1 X-43.482 Y19.446 E13.17865
;WIDTH:0.545988
G1 X-43.365 Y19.453 E13.18569
;WIDTH:0.501933
G1 X-43.248 Y19.46 E13.19209
;WIDTH:0.457878
G1 X-43.131 Y19.468 E13.19785
;WIDTH:0.45
G1 X-42.84 Y19.428 E13.21198
G1 X-42.673 Y19.305 E13.22196
G1 X-42.535 Y19.057 E13.23561
G1 X-42.406 Y18.571 E13.25979
G1 X-42.183 Y18.103 E13.28472
G1 X-41.887 Y17.677 E13.30967
G1 X-41.583 Y17.38 E13.33011
G1 X-41.048 Y17.007 E13.36148
G1 X-40.126 Y16.619 E13.40959
G1 X-39.979 Y16.422 E13.42141
;WIDTH:0.438028
G1 X-39.944 Y16.16 E13.43373
;WIDTH:0.396572
G1 X-41.035 Y-25.313 E15.15266
;WIDTH:0.445711
G1 X-41.081 Y-25.575 E15.16531
;WIDTH:0.45
G1 X-41.194 Y-25.723 E15.17427
G1 X-41.39 Y-25.842 E15.1853
G1 X-41.88 Y-25.978 E15.20976
G1 X-42.486 Y-26.263 E15.24197
G1 X-42.918 Y-26.614 E15.26874
G1 X-43.258 Y-26.965 E15.29224
G1 X-43.517 Y-27.418 E15.31734
G1 X-43.733 Y-27.913 E15.34332
G1 X-43.84 Y-28.617 E15.37757
G1 X-43.835 Y-28.968 E15.39445
G1 X-43.68 Y-29.663 E15.4287
G1 X-43.548 Y-29.988 E15.44557
G1 X-43.153 Y-30.581 E15.47984
G1 X-42.913 Y-30.837 E15.49672
G1 X-42.331 Y-31.247 E15.53096
G1 X-42.118 Y-31.351 E15.54236
G1 X-41.638 Y-31.517 E15.56679
G1 X-40.973 Y-31.598 E15.59901
G1 X-40.234 Y-31.506 E15.63483
G1 X-39.786 Y-31.333 E15.65793
G1 X-39.242 Y-31.024 E15.68802
G1 X-38.798 Y-30.624 E15.71676
G1 X-38.518 Y-30.215 E15.7406
G1 X-38.243 Y-29.689 E15.76915
G1 X-38.121 Y-29.271 E15.79009
G1 X-37.982 Y-29.029 E15.80351
G1 X-37.831 Y-28.918 E15.81252
;WIDTH:0.44661
G1 X-37.698 Y-28.898 E15.81893
;WIDTH:0.421591
G1 X-37.564 Y-28.877 E15.82497
;WIDTH:0.396572
G1 X38.062 Y-28.877 E18.95836
;WIDTH:0.445395
G1 X38.443 Y-28.909 E18.97653
;WIDTH:0.45
G1 X38.488 Y-28.938 E18.9791
G1 X38.305 Y-29.286 F7200
;TYPE:External perimeter
G1 F1800
G1 X38.381 Y-29.375 E18.98473
G1 X38.527 Y-29.858 E19.009
G1 X38.844 Y-30.487 E19.04288
G1 X39.152 Y-30.891 E19.06731
G1 X39.631 Y-31.328 E19.0985
G1 X40.109 Y-31.628 E19.12564
G1 X40.66 Y-31.844 E19.1541
G1 X41.268 Y-31.967 E19.18394
G1 X41.804 Y-31.973 E19.20972
G1 X42.428 Y-31.877 E19.24009
G1 X42.921 Y-31.698 E19.26532
G1 X43.515 Y-31.361 E19.29817
G1 X44.025 Y-30.888 E19.33162
G1 X44.346 Y-30.481 E19.35655
G1 X44.649 Y-29.857 E19.38991
G1 X44.76 Y-29.505 E19.40766
G1 X44.825 Y-29.052 E19.42967
G1 X44.855 Y-28.539 E19.45439
G1 X44.817 Y-28.152 E19.47309
G1 X44.618 Y-27.487 E19.50648
G1 X44.394 Y-27.02 E19.53139
G1 X43.968 Y-26.472 E19.56477
G1 X43.59 Y-26.118 E19.58968
G1 X42.993 Y-25.763 E19.62309
G1 X42.513 Y-25.57 E19.64797
G1 X41.827 Y-25.455 E19.68142
G1 X41.31 Y-25.449 E19.70629
G1 X40.567 Y-25.605 E19.7428
G1 X40.087 Y-25.797 E19.76766
G1 X39.925 Y-25.788 E19.77546
G1 X39.824 Y-25.635 E19.78428
G1 X36.095 Y16.214 E21.80505
G1 X36.142 Y16.358 E21.81234
G1 X36.657 Y16.585 E21.83941
G1 X37.26 Y16.951 E21.87334
G1 X37.635 Y17.286 E21.89752
G1 X38.091 Y17.886 E21.93377
G1 X38.415 Y18.635 E21.97302
G1 X38.52 Y19.193 E22.00033
G1 X38.534 Y19.827 E22.03083
G1 X38.443 Y20.34 E22.05589
G1 X38.23 Y20.946 E22.08678
G1 X37.974 Y21.391 E22.11147
G1 X37.551 Y21.893 E22.14304
G1 X37.143 Y22.233 E22.16858
G1 X36.525 Y22.57 E22.20244
G1 X36.045 Y22.728 E22.22674
G1 X35.297 Y22.823 E22.26301
G1 X34.553 Y22.735 E22.29904
G1 X34.148 Y22.622 E22.31926
G1 X33.688 Y22.406 E22.3437
G1 X32.998 Y21.899 E22.38488
G1 X32.555 Y21.376 E22.41785
G1 X32.187 Y20.646 E22.45717
G1 X32.015 Y20.133 E22.48319
G1 X31.876 Y20.074 E22.49045
G1 X-36.354 Y20.084 E25.77208
G1 X-36.478 Y20.212 E25.78065
G1 X-36.637 Y20.713 E25.80593
G1 X-36.983 Y21.386 E25.84233
G1 X-37.409 Y21.896 E25.87429
G1 X-37.823 Y22.226 E25.89975
G1 X-38.595 Y22.629 E25.94164
G1 X-39.188 Y22.784 E25.97112
G1 X-39.826 Y22.804 E26.00182
G1 X-40.371 Y22.751 E26.02816
G1 X-40.939 Y22.555 E26.05706
G1 X-41.407 Y22.332 E26.08199
G1 X-41.655 Y22.14 E26.09707
G1 X-42.124 Y21.732 E26.12697
G1 X-42.48 Y21.251 E26.15575
G1 X-42.717 Y20.795 E26.18047
G1 X-42.872 Y20.313 E26.20482
G1 X-42.98 Y20.195 E26.21251
G1 X-43.276 Y20.212 E26.22677
G1 X-43.393 Y20.394 E26.23718
G1 X-43.38 Y20.886 E26.26085
G1 X-43.423 Y21.424 E26.28681
G1 X-43.581 Y21.868 E26.30948
G1 X-43.88 Y22.287 E26.33424
G1 X-44.291 Y22.597 E26.359
G1 X-44.641 Y22.745 E26.37728
G1 X-45.16 Y22.824 E26.40253
G1 X-52.412 Y22.824 E26.75133
G1 X-52.977 Y22.734 E26.77885
G1 X-53.471 Y22.483 E26.8055
G1 X-53.863 Y22.091 E26.83216
G1 X-54.115 Y21.596 E26.85888
G1 X-54.204 Y21.032 E26.88634
G1 X-54.204 Y-23.191 E29.01331
G1 X-54.129 Y-23.705 E29.03829
G1 X-53.893 Y-24.233 E29.06611
G1 X-53.737 Y-24.443 E29.07869
G1 X-53.313 Y-24.773 E29.10453
G1 X-52.853 Y-24.954 E29.12831
G1 X-52.42 Y-25.026 E29.14942
G1 X-46.333 Y-25.026 E29.44218
G1 X-45.778 Y-24.94 E29.46919
G1 X-45.29 Y-24.696 E29.49543
G1 X-44.9 Y-24.316 E29.52162
G1 X-44.643 Y-23.834 E29.54789
G1 X-44.542 Y-23.282 E29.57488
G1 X-43.432 Y18.904 E31.60458
G1 X-43.346 Y19.059 E31.61311
G1 X-43.107 Y19.101 E31.62478
G1 X-42.954 Y19.041 E31.63268
G1 X-42.637 Y18.131 E31.67903
G1 X-42.383 Y17.692 E31.70342
G1 X-41.888 Y17.123 E31.73969
G1 X-41.323 Y16.723 E31.77299
G1 X-40.857 Y16.49 E31.79805
G1 X-40.372 Y16.323 E31.82272
G1 X-40.303 Y16.168 E31.83088
G1 X-41.396 Y-25.373 E33.82955
G1 X-41.521 Y-25.48 E33.83746
G1 X-42.014 Y-25.615 E33.86204
G1 X-42.692 Y-25.935 E33.8981
G1 X-43.161 Y-26.315 E33.92713
G1 X-43.575 Y-26.743 E33.95577
G1 X-43.947 Y-27.391 E33.99171
G1 X-44.109 Y-27.819 E34.01372
G1 X-44.222 Y-28.559 E34.04972
G1 X-44.219 Y-29.016 E34.0717
G1 X-44.057 Y-29.746 E34.10766
G1 X-43.889 Y-30.172 E34.12968
G1 X-43.474 Y-30.795 E34.16568
G1 X-43.164 Y-31.131 E34.18767
G1 X-42.553 Y-31.562 E34.22363
G1 X-42.201 Y-31.737 E34.24254
G1 X-41.708 Y-31.896 E34.26745
G1 X-40.961 Y-31.985 E34.30363
G1 X-40.218 Y-31.893 E34.33964
G1 X-39.778 Y-31.765 E34.36168
G1 X-39.167 Y-31.44 E34.39497
G1 X-38.904 Y-31.249 E34.4106
G1 X-38.475 Y-30.845 E34.43894
G1 X-38.09 Y-30.269 E34.47226
G1 X-37.87 Y-29.798 E34.49726
G1 X-37.704 Y-29.296 E34.52269
G1 X-37.564 Y-29.236 E34.53002
G1 X38.263 Y-29.236 E38.17704
G1 X38.266 Y-29.241 E38.17732
G1 X38.441 Y-29.601 F7200
G1 E36.17732 F2400
G92 E0
G1 Z4.15 F7200
G1 X-55.513 Y-34.335
G1 Z2.15
G1 E2 F2400
;TYPE:Perimeter
;WIDTH:0.396572
G1 F1200
G1 X-64.345 Y-34.335 E2.36593
G1 X-64.345 Y-34.667 E2.37969
G1 X-55.513 Y-34.667 E2.74562
G1 X-55.513 Y-34.395 E2.75689
G1 X-55.154 Y-33.976 F7200
;TYPE:External perimeter
;WIDTH:0.45
G1 F1200
G1 X-64.704 Y-33.976 E3.21621
G1 X-64.704 Y-35.026 E3.26671
G1 X-55.154 Y-35.026 E3.72603
G1 X-55.154 Y-34.036 E3.77365
G1 X-55.549 Y-33.977 F7200
;LAYER_CHANGE
;Z:2.45
;HEIGHT:0.3
G1 E1.77365 F2400
G92 E0
G1 Z2.45 F7200
G1 Z4.45
G1 X46.487 Y-34.335
G1 Z2.45
G1 E2 F2400
;TYPE:Perimeter
;WIDTH:0.396572
G1 F1200
G1 X35.655 Y-34.335 E2.4488
G1 X35.655 Y-34.667 E2.46256
G1 X46.487 Y-34.667 E2.91136
G1 X46.487 Y-34.395 E2.92263
G1 X46.846 Y-33.976 F7200
;TYPE:External perimeter
;WIDTH:0.45
G1 F1200
G1 X35.296 Y-33.976 E3.47814
G1 X35.296 Y-35.026 E3.52864
G1 X46.846 Y-35.026 E4.08415
G1 X46.846 Y-34.036 E4.13177
G1 X46.451 Y-33.977 F7200
G1 E2.13177 F2400
G92 E0
G1 Z4.45 F7200
G1 X-36.617 Y18.822
G1 Z2.45
G1 E2 F2400
;TYPE:Perimeter
G1 F3600
G1 X-36.726 Y18.795 E2.0054
G1 X-36.959 Y18.571 E2.02095
G1 X-37.215 Y18.069 E2.04805
G1 X-37.554 Y17.606 E2.07565
G1 X-37.978 Y17.23 E2.10291
G1 X-38.408 Y16.962 E2.12728
G1 X-38.883 Y16.782 E2.15171
G1 X-39.34 Y16.643 E2.17468
G1 X-39.453 Y16.561 E2.1814
G1 X-39.563 Y16.411 E2.19035
;WIDTH:0.43798
G1 X-39.612 Y16.151 E2.20268
;WIDTH:0.396573
G1 X-40.703 Y-25.322 E3.92162
;WIDTH:0.445691
G1 X-40.672 Y-25.586 E3.93426
;WIDTH:0.45
G1 X-40.521 Y-25.782 E3.94616
;WIDTH:0.497023
G1 X-40.395 Y-25.866 E3.95433
;WIDTH:0.544046
G1 X-40.268 Y-25.95 E3.96344
;WIDTH:0.59107
G1 X-40.141 Y-26.034 E3.97344
;WIDTH:0.58902
G1 X-39.909 Y-26.109 E3.98939
;WIDTH:0.54268
G1 X-39.677 Y-26.184 E4.00394
;WIDTH:0.49634
G1 X-39.444 Y-26.259 E4.01713
;WIDTH:0.45
G1 X-38.989 Y-26.595 E4.04433
G1 X-38.723 Y-26.719 E4.05845
G1 X-38.551 Y-26.721 E4.06672
;WIDTH:0.443477
G1 X-38.248 Y-26.568 E4.08277
;WIDTH:0.396573
G1 X-1.466 Y-3.67 E5.87793
;WIDTH:0.441555
G1 X-1.392 Y-3.589 E5.88309
;WIDTH:0.486538
G1 X-1.318 Y-3.508 E5.88887
;WIDTH:0.531521
G1 X-1.244 Y-3.427 E5.89526
;WIDTH:0.576504
G1 X-1.17 Y-3.346 E5.90227
;WIDTH:0.621487
G1 X-1.096 Y-3.265 E5.90989
G1 X-1.096 Y-3.137 E5.91878
G1 X-1.17 Y-3.057 E5.92635
;WIDTH:0.576504
G1 X-1.244 Y-2.976 E5.93336
;WIDTH:0.531521
G1 X-1.319 Y-2.895 E5.93979
;WIDTH:0.486538
G1 X-1.393 Y-2.814 E5.94557
;WIDTH:0.441555
G1 X-1.467 Y-2.733 E5.95073
;WIDTH:0.396572
G1 X-34.892 Y17.961 E7.57955
;WIDTH:0.423286
G1 X-35.346 Y18.258 E7.60384
;WIDTH:0.45
G1 X-36.154 Y18.774 E7.64995
G1 X-36.461 Y18.861 E7.6653
G1 X-36.558 Y18.836 E7.67012
G1 X-36.513 Y18.456 F7200
;TYPE:External perimeter
G1 F1800
G1 X-36.625 Y18.378 E7.67668
G1 X-36.889 Y17.864 E7.70447
G1 X-37.255 Y17.363 E7.73431
G1 X-37.663 Y16.983 E7.76113
G1 X-38.219 Y16.627 E7.79288
G1 X-38.707 Y16.43 E7.81819
G1 X-39.191 Y16.278 E7.84259
G1 X-39.253 Y16.141 E7.84982
G1 X-40.345 Y-25.332 E9.84522
G1 X-40.275 Y-25.485 E9.85331
G1 X-39.726 Y-25.702 E9.8817
G1 X-39.248 Y-25.927 E9.90711
G1 X-38.751 Y-26.292 E9.93677
G1 X-38.574 Y-26.348 E9.9457
G1 X-1.655 Y-3.366 E12.03731
G1 X-1.565 Y-3.183 E12.04712
G1 X-1.656 Y-3.038 E12.05535
G1 X-36.357 Y18.446 E14.01833
G1 X-36.459 Y18.467 E14.02334
G1 X-36.724 Y18.168 F7200
G1 E12.02334 F2400
G92 E0
G1 Z4.45 F7200
G1 X-38.905 Y-27.964
G1 Z2.45
G1 E2 F2400
;TYPE:Perimeter
G1 F1200
G1 X-39.002 Y-27.697 E2.01366
G1 X-39.154 Y-27.461 E2.02716
G1 X-39.553 Y-27.006 E2.05627
;WIDTH:0.492737
G1 X-39.728 Y-26.877 E2.06789
;WIDTH:0.535474
G1 X-39.904 Y-26.749 E2.08068
;WIDTH:0.578212
G1 X-40.079 Y-26.621 E2.09458
;WIDTH:0.587986
G1 X-40.288 Y-26.54 E2.10922
G1 X-40.478 Y-26.53 E2.12165
;WIDTH:0.54199
G1 X-40.668 Y-26.519 E2.13299
;WIDTH:0.495995
G1 X-40.858 Y-26.509 E2.14323
;WIDTH:0.45
G1 X-41.273 Y-26.547 E2.16327
G1 X-41.765 Y-26.655 E2.1875
G1 X-42.451 Y-27.089 E2.22654
G1 X-42.815 Y-27.523 E2.25378
G1 X-42.916 Y-27.697 E2.26346
G1 X-43.11 Y-28.23 E2.29074
G1 X-43.145 Y-28.428 E2.30041
G1 X-43.145 Y-28.998 E2.32783
G1 X-43.108 Y-29.199 E2.33766
G1 X-42.916 Y-29.725 E2.36459
G1 X-42.778 Y-29.944 E2.37704
G1 X-42.451 Y-30.333 E2.40148
G1 X-42.203 Y-30.517 E2.41633
G1 X-41.729 Y-30.783 E2.44247
G1 X-41.207 Y-30.887 E2.46807
G1 X-40.858 Y-30.913 E2.4849
G1 X-40.3 Y-30.815 E2.51215
G1 X-40.111 Y-30.746 E2.52183
G1 X-39.62 Y-30.463 E2.54909
G1 X-39.316 Y-30.154 E2.56994
G1 X-39.015 Y-29.759 E2.59383
G1 X-38.808 Y-29.193 E2.62282
G1 X-38.773 Y-28.712 E2.64602
G1 X-38.808 Y-28.23 E2.66926
G1 X-38.884 Y-28.02 E2.68
G1 X-39.272 Y-28.097 F7200
;TYPE:External perimeter
G1 F1200
G1 X-39.356 Y-27.852 E2.69246
G1 X-39.752 Y-27.349 E2.72325
G1 X-40.304 Y-27.01 E2.75441
G1 X-40.925 Y-26.889 E2.78484
G1 X-41.551 Y-26.987 E2.81532
G1 X-42.156 Y-27.337 E2.84894
G1 X-42.52 Y-27.771 E2.87618
G1 X-42.72 Y-28.287 E2.9028
G1 X-42.759 Y-28.428 E2.90984
G1 X-42.759 Y-28.996 E2.93716
G1 X-42.554 Y-29.593 E2.96752
G1 X-42.156 Y-30.086 E2.99799
G1 X-41.613 Y-30.412 E3.02845
G1 X-40.992 Y-30.533 E3.05888
G1 X-40.304 Y-30.412 E3.09248
G1 X-39.813 Y-30.129 E3.11974
G1 X-39.397 Y-29.651 E3.15022
G1 X-39.17 Y-29.061 E3.18062
G1 X-39.158 Y-28.428 E3.21107
G1 X-39.252 Y-28.154 E3.225
G1 X-39.42 Y-27.791 F7200
G1 E1.225 F2400
G92 E0
G1 Z4.45 F7200
G1 X-38.271 Y17.861
G1 Z2.45
G1 E2 F2400
;TYPE:Perimeter
G1 F1200
G1 X-37.889 Y18.293 E2.02774
G1 X-37.732 Y18.535 E2.04161
G1 X-37.538 Y19.067 E2.06885
G1 X-37.503 Y19.321 E2.08118
G1 X-37.503 Y19.832 E2.10576
G1 X-37.631 Y20.286 E2.12845
G1 X-37.832 Y20.737 E2.1522
G1 X-38.196 Y21.171 E2.17944
G1 X-38.35 Y21.3 E2.1891
G1 X-38.841 Y21.584 E2.21638
G1 X-39.078 Y21.661 E2.22837
G1 X-39.588 Y21.751 E2.25328
G1 X-39.789 Y21.751 E2.26295
G1 X-40.348 Y21.652 E2.29025
G1 X-40.536 Y21.584 E2.29987
G1 X-41.027 Y21.3 E2.32715
G1 X-41.181 Y21.171 E2.33681
G1 X-41.646 Y20.563 E2.37362
G1 X-41.84 Y20.03 E2.4009
G1 X-41.875 Y19.62 E2.42069
G1 X-41.855 Y19.116 E2.44495
G1 X-41.646 Y18.535 E2.47465
G1 X-41.541 Y18.355 E2.48467
G1 X-41.181 Y17.927 E2.51157
G1 X-41.027 Y17.797 E2.52126
G1 X-40.536 Y17.514 E2.54852
G1 X-40.156 Y17.411 E2.56746
G1 X-39.728 Y17.339 E2.58833
G1 X-39.03 Y17.445 E2.62229
G1 X-38.753 Y17.565 E2.63681
G1 X-38.316 Y17.822 E2.66119
G1 X-38.521 Y18.158 F7200
;TYPE:External perimeter
G1 F1200
G1 X-38.094 Y18.667 E2.69314
G1 X-37.9 Y19.199 E2.72038
G1 X-37.888 Y19.832 E2.75083
G1 X-38.094 Y20.431 E2.7813
G1 X-38.492 Y20.923 E2.81174
G1 X-39.034 Y21.25 E2.84219
G1 X-39.655 Y21.371 E2.87262
G1 X-40.281 Y21.273 E2.9031
G1 X-40.834 Y20.966 E2.93352
G1 X-41.189 Y20.561 E2.95942
G1 X-41.284 Y20.431 E2.96716
G1 X-41.477 Y19.898 E2.99442
G1 X-41.489 Y19.265 E3.02487
G1 X-41.284 Y18.667 E3.05527
G1 X-40.886 Y18.174 E3.08574
G1 X-40.343 Y17.848 E3.1162
G1 X-39.722 Y17.727 E3.14663
G1 X-39.097 Y17.825 E3.17706
G1 X-38.566 Y18.119 E3.20625
G1 X-38.302 Y18.42 F7200
G1 E1.20625 F2400
G92 E0
G1 Z4.45 F7200
G1 X-44.107 Y20.758
G1 Z2.45
G1 E2 F2400
;TYPE:Perimeter
;WIDTH:0.435464
G1 F3600
G1 X-44.119 Y20.932 E2.00807
;WIDTH:0.461047
G1 X-44.183 Y21.138 E2.01874
;WIDTH:0.48663
G1 X-44.248 Y21.343 E2.03007
;WIDTH:0.502134
G1 X-44.527 Y21.724 E2.05585
G1 X-44.89 Y21.977 E2.08001
;WIDTH:0.478437
G1 X-45.158 Y22.05 E2.09435
;WIDTH:0.440688
G1 X-45.425 Y22.123 E2.10734
;WIDTH:0.402939
G1 X-51.929 Y22.133 E2.38198
;WIDTH:0.427743
G1 X-52.306 Y22.097 E2.39914
;WIDTH:0.471303
G1 X-52.712 Y21.968 E2.42076
;WIDTH:0.491413
G1 X-53.105 Y21.671 E2.447
G1 X-53.351 Y21.303 E2.47058
;WIDTH:0.478175
G1 X-53.466 Y20.957 E2.4894
;WIDTH:0.429482
G1 X-53.513 Y20.55 E2.50806
;WIDTH:0.396572
G1 X-53.513 Y-22.753 E4.30222
;WIDTH:0.427744
G1 X-53.477 Y-23.129 E4.31934
;WIDTH:0.471305
G1 X-53.348 Y-23.535 E4.34096
;WIDTH:0.489865
G1 X-53.015 Y-23.965 E4.36982
G1 X-52.572 Y-24.225 E4.39708
;WIDTH:0.45564
G1 X-52.285 Y-24.28 E4.41134
;WIDTH:0.426106
G1 X-51.997 Y-24.335 E4.42457
;WIDTH:0.396572
G1 X-46.803 Y-24.335 E4.63977
;WIDTH:0.425933
G1 X-46.437 Y-24.302 E4.65634
;WIDTH:0.47388
G1 X-45.944 Y-24.124 E4.68311
;WIDTH:0.48806
G1 X-45.562 Y-23.806 E4.70938
G1 X-45.344 Y-23.423 E4.73267
;WIDTH:0.453264
G1 X-45.283 Y-23.141 E4.74666
;WIDTH:0.424918
G1 X-45.222 Y-22.86 E4.75959
;WIDTH:0.396573
G1 X-44.123 Y18.922 E6.49133
;WIDTH:0.444909
G1 X-44.094 Y19.108 E6.50026
;WIDTH:0.493247
G1 X-44.065 Y19.293 E6.51028
;WIDTH:0.541585
G1 X-44.036 Y19.479 E6.52148
;WIDTH:0.589924
G1 X-44.007 Y19.664 E6.53375
G1 X-44.026 Y19.851 E6.54607
;WIDTH:0.541586
G1 X-44.045 Y20.038 E6.55726
;WIDTH:0.493248
G1 X-44.064 Y20.225 E6.56731
;WIDTH:0.44491
G1 X-44.084 Y20.412 E6.57624
;WIDTH:0.435464
G1 X-44.103 Y20.698 E6.58951
G1 X-44.466 Y20.71 F7200
;TYPE:External perimeter
;WIDTH:0.45
G1 F1800
G1 X-44.481 Y20.822 E6.59494
G1 X-44.579 Y21.111 E6.60962
G1 X-44.85 Y21.454 E6.63064
G1 X-45.149 Y21.655 E6.64797
G1 X-45.501 Y21.761 E6.66565
G1 X-51.93 Y21.774 E6.97486
G1 X-52.178 Y21.745 E6.98687
G1 X-52.569 Y21.59 E7.0071
G1 X-52.844 Y21.36 E7.02434
G1 X-53.089 Y20.935 E7.04793
G1 X-53.154 Y20.55 E7.06671
G1 X-53.154 Y-22.753 E9.14943
G1 X-53.125 Y-23.001 E9.16144
G1 X-52.97 Y-23.391 E9.18162
G1 X-52.689 Y-23.709 E9.20203
G1 X-52.271 Y-23.919 E9.22453
G1 X-51.93 Y-23.976 E9.24116
G1 X-46.803 Y-23.976 E9.48775
G1 X-46.563 Y-23.95 E9.49936
G1 X-46.173 Y-23.799 E9.51947
G1 X-45.858 Y-23.526 E9.53952
G1 X-45.643 Y-23.115 E9.56183
G1 X-45.579 Y-22.785 E9.578
G1 X-44.44 Y20.518 E11.66144
G1 X-44.458 Y20.65 E11.66785
G1 X-44.558 Y21.037 F7200
G1 E9.66785 F2400
G92 E0
G1 Z4.45 F7200
G1 X32.743 Y17.778
G1 Z2.45
G1 E2 F2400
;TYPE:Perimeter
G1 F3600
G1 X32.767 Y18.05 E2.01313
G1 X32.39 Y19.096 E2.06661
G1 X32.293 Y19.231 E2.07461
G1 X32.141 Y19.339 E2.08358
;WIDTH:0.438877
G1 X31.875 Y19.383 E2.09617
;WIDTH:0.396572
G1 X-34.393 Y19.383 E4.84183
;WIDTH:0.423286
G1 X-34.671 Y19.186 E4.85708
;WIDTH:0.45
G1 X-34.949 Y18.989 E4.87347
G1 X-34.983 Y18.871 E4.87938
G1 X-34.888 Y18.581 E4.89406
;WIDTH:0.423286
G1 X-34.793 Y18.291 E4.90772
;WIDTH:0.396572
G1 X-1.292 Y-2.45 E6.54024
;WIDTH:0.441555
G1 X-1.183 Y-2.544 E6.54701
;WIDTH:0.486538
G1 X-1.074 Y-2.638 E6.55459
;WIDTH:0.531521
G1 X-.965 Y-2.732 E6.56298
;WIDTH:0.576504
G1 X-.856 Y-2.826 E6.57217
;WIDTH:0.621487
G1 X-.747 Y-2.92 E6.58217
G1 X-.599 Y-2.945 E6.5926
;WIDTH:0.574181
G1 X-.45 Y-2.97 E6.60221
G1 X-.276 Y-2.96 E6.61329
;WIDTH:0.621486
G1 X-.102 Y-2.95 E6.6254
G1 X.018 Y-2.85 E6.63625
;WIDTH:0.576503
G1 X.138 Y-2.749 E6.64627
;WIDTH:0.53152
G1 X.258 Y-2.649 E6.65537
;WIDTH:0.486537
G1 X.378 Y-2.549 E6.66359
;WIDTH:0.441554
G1 X.497 Y-2.448 E6.67093
;WIDTH:0.396572
G1 X32.491 Y17.468 E8.23238
;WIDTH:0.410231
G1 X32.612 Y17.56 E8.23894
;WIDTH:0.44232
G1 X32.727 Y17.723 E8.24834
G1 X32.368 Y17.883 F7200
;TYPE:External perimeter
;WIDTH:0.45
G1 F1800
G1 X32.392 Y17.922 E8.25054
G1 X32.015 Y18.964 E8.30384
G1 X31.875 Y19.024 E8.31117
G1 X-34.393 Y19.024 E11.49843
G1 X-34.579 Y18.884 E11.50963
G1 X-34.612 Y18.766 E11.51552
G1 X-34.528 Y18.549 E11.52671
G1 X-.499 Y-2.519 E13.45167
G1 X-.38 Y-2.547 E13.45755
G1 X.308 Y-2.143 E13.49592
G1 X32.301 Y17.773 E15.30846
G1 X32.337 Y17.832 E15.31178
G1 X32.275 Y18.227 F7200
G1 X33.113 Y19.168
;TYPE:Perimeter
G1 F1200
G1 X33.12 Y19.067 E15.31665
G1 X33.314 Y18.535 E15.34389
G1 X33.589 Y18.153 E15.36653
G1 X33.891 Y17.824 E15.38801
G1 X34.424 Y17.514 E15.41767
G1 X34.612 Y17.445 E15.4273
G1 X35.171 Y17.347 E15.4546
G1 X35.427 Y17.357 E15.46692
G1 X35.93 Y17.445 E15.49148
G1 X36.139 Y17.525 E15.50224
G1 X36.61 Y17.797 E15.5284
G1 X36.813 Y17.985 E15.54171
G1 X37.164 Y18.408 E15.56815
G1 X37.422 Y19.067 E15.60219
G1 X37.457 Y19.446 E15.6205
G1 X37.437 Y19.982 E15.6463
G1 X37.235 Y20.543 E15.67498
G1 X37.128 Y20.737 E15.68564
G1 X36.764 Y21.171 E15.71288
G1 X36.587 Y21.313 E15.72379
G1 X36.119 Y21.584 E15.7498
G1 X35.852 Y21.666 E15.76323
G1 X35.312 Y21.758 E15.78958
G1 X34.613 Y21.652 E15.82358
G1 X34.271 Y21.496 E15.84166
G1 X33.831 Y21.225 E15.86651
G1 X33.431 Y20.756 E15.89616
G1 X33.303 Y20.533 E15.90853
G1 X33.12 Y20.03 E15.93427
G1 X33.085 Y19.549 E15.95747
G1 X33.109 Y19.228 E15.97295
G1 X33.482 Y19.233 F7200
;TYPE:External perimeter
G1 F1200
G1 X33.676 Y18.667 E16.00173
G1 X34.074 Y18.174 E16.0322
G1 X34.617 Y17.848 E16.06266
G1 X35.199 Y17.733 E16.09119
G1 X35.83 Y17.819 E16.12182
G1 X36.417 Y18.131 E16.15379
G1 X36.833 Y18.609 E16.18427
G1 X37.06 Y19.199 E16.21467
G1 X37.06 Y19.898 E16.24829
G1 X36.866 Y20.431 E16.27557
G1 X36.468 Y20.923 E16.30601
G1 X35.926 Y21.25 E16.33646
G1 X35.305 Y21.371 E16.36689
G1 X34.679 Y21.273 E16.39737
G1 X34.137 Y20.973 E16.42717
G1 X33.726 Y20.508 E16.45702
G1 X33.483 Y19.898 E16.4886
G1 X33.471 Y19.291 E16.5178
G1 X33.594 Y18.91 F7200
G1 E14.5178 F2400
G92 E0
G1 Z4.45 F7200
G1 X38.915 Y-26.814
G1 Z2.45
G1 E2 F2400
G1 F1800
G1 X39.02 Y-26.677 E2.0083
G1 X39.037 Y-26.523 E2.01575
G1 X38.955 Y-26.417 E2.0222
G1 X38.832 Y-26.341 E2.02915
G1 X35.05 Y16.121 E4.07951
G1 X34.97 Y16.26 E4.08722
G1 X34.388 Y16.413 E4.11616
G1 X34.003 Y16.548 E4.13578
G1 X33.525 Y16.779 E4.16131
G1 X33.146 Y17.014 E4.18276
G1 X33.024 Y16.986 E4.18878
G1 X.863 Y-3.035 E6.01085
G1 X.773 Y-3.217 E6.02062
G1 X.863 Y-3.363 E6.02887
G1 X38.404 Y-26.605 E8.15249
G1 X38.432 Y-26.919 E8.16765
G1 X38.542 Y-27.076 E8.17687
G1 X38.717 Y-27.07 E8.18529
G1 X38.878 Y-26.861 E8.19798
G1 X38.99 Y-26.477 F7200
G1 X38.387 Y-27.404
;TYPE:Perimeter
;WIDTH:0.408071
G1 F1200
G1 X38.253 Y-27.318 E8.20481
G1 X38.406 Y-28.453 F7200
;WIDTH:0.45
G1 F3600
G1 X38.584 Y-28.242 E8.21809
G1 X38.665 Y-27.976 E8.23146
G1 X38.629 Y-27.654 E8.24704
G1 X38.387 Y-27.404 E8.26377
G1 X38.729 Y-27.47 E8.28052
G1 X38.903 Y-27.408 E8.2894
G1 X39.095 Y-27.238 E8.30173
G1 X39.354 Y-26.87 E8.32337
G1 X39.431 Y-26.619 E8.336
G1 X39.406 Y-26.409 E8.34617
G1 X39.246 Y-26.163 E8.36028
;WIDTH:0.439377
G1 X39.172 Y-26.106 E8.36465
;WIDTH:0.396572
G1 X35.407 Y16.153 E10.12249
;WIDTH:0.438484
G1 X35.34 Y16.411 E10.13493
;WIDTH:0.45
G1 X35.195 Y16.573 E10.14539
G1 X34.991 Y16.667 E10.15619
G1 X34.31 Y16.828 E10.18985
G1 X33.72 Y17.113 E10.22136
G1 X33.354 Y17.354 E10.24244
G1 X33.187 Y17.398 E10.25075
G1 X33.088 Y17.392 E10.25552
;WIDTH:0.423286
G1 X32.989 Y17.387 E10.25996
;WIDTH:0.396572
G1 X.673 Y-2.73 E11.83714
;WIDTH:0.441554
G1 X.599 Y-2.811 E11.8423
;WIDTH:0.486537
G1 X.525 Y-2.892 E11.84808
;WIDTH:0.53152
G1 X.451 Y-2.974 E11.85452
;WIDTH:0.576503
G1 X.377 Y-3.055 E11.86153
;WIDTH:0.621486
G1 X.303 Y-3.136 E11.86915
G1 X.304 Y-3.263 E11.87797
G1 X.378 Y-3.344 E11.88559
;WIDTH:0.576503
G1 X.452 Y-3.425 E11.8926
;WIDTH:0.53152
G1 X.526 Y-3.506 E11.89899
;WIDTH:0.486537
G1 X.6 Y-3.587 E11.90477
;WIDTH:0.441554
G1 X.674 Y-3.668 E11.90993
;WIDTH:0.396571
G1 X38.063 Y-26.816 E13.73191
G1 X38.075 Y-26.95 E13.73748
;WIDTH:0.408071
G1 X38.253 Y-27.318 E13.755
G1 X37.817 Y-27.054 E13.77685
;WIDTH:0.396571
G1 X.499 Y-3.95 E15.59537
;WIDTH:0.441554
G1 X.39 Y-3.856 E15.60214
;WIDTH:0.486537
G1 X.281 Y-3.762 E15.60972
;WIDTH:0.53152
G1 X.172 Y-3.668 E15.61811
;WIDTH:0.576503
G1 X.063 Y-3.574 E15.6273
;WIDTH:0.621486
G1 X-.046 Y-3.48 E15.6373
G1 X-.194 Y-3.455 E15.64773
;WIDTH:0.574181
G1 X-.342 Y-3.431 E15.65726
G1 X-.516 Y-3.44 E15.66834
;WIDTH:0.621487
G1 X-.691 Y-3.45 E15.68052
G1 X-.811 Y-3.551 E15.69142
;WIDTH:0.576504
G1 X-.93 Y-3.651 E15.70135
;WIDTH:0.531521
G1 X-1.05 Y-3.751 E15.71045
;WIDTH:0.486538
G1 X-1.17 Y-3.852 E15.71871
;WIDTH:0.441555
G1 X-1.29 Y-3.952 E15.72606
;WIDTH:0.396573
G1 X-38.073 Y-26.85 E17.52126
;WIDTH:0.443477
G1 X-38.3 Y-27.071 E17.53624
;WIDTH:0.45
G1 X-38.358 Y-27.28 E17.54667
G1 X-38.332 Y-27.495 E17.55709
G1 X-38.116 Y-28.17 E17.59118
G1 X-37.983 Y-28.394 E17.60371
G1 X-37.832 Y-28.505 E17.61272
;WIDTH:0.44657
G1 X-37.564 Y-28.545 E17.62564
;WIDTH:0.396572
G1 X38.062 Y-28.545 E20.75903
;WIDTH:0.445413
G1 X38.35 Y-28.472 E20.77315
G1 X38.242 Y-28.02 F7200
;TYPE:External perimeter
;WIDTH:0.45
G1 F1800
G1 X38.287 Y-27.862 E20.78105
G1 X38.197 Y-27.712 E20.78946
G1 X-.294 Y-3.881 E22.96684
G1 X-.412 Y-3.853 E22.97267
G1 X-1.1 Y-4.257 E23.01104
G1 X-37.883 Y-27.155 E25.09496
G1 X-37.973 Y-27.306 E25.10341
G1 X-37.8 Y-27.894 E25.13289
G1 X-37.704 Y-28.127 E25.14501
G1 X-37.564 Y-28.186 E25.15232
G1 X38.062 Y-28.186 E28.78967
G1 X38.215 Y-28.11 E28.79789
G1 X38.225 Y-28.077 E28.79955
G1 X38.147 Y-27.685 F7200
G1 E26.79955 F2400
G92 E0
G1 Z4.45 F7200
G1 X41.591 Y-30.907
G1 Z2.45
G1 E2 F2400
;TYPE:Perimeter
G1 F1200
G1 X41.692 Y-30.913 E2.00487
G1 X42.25 Y-30.815 E2.03212
G1 X42.649 Y-30.624 E2.0534
G1 X43.084 Y-30.333 E2.07857
G1 X43.448 Y-29.899 E2.10581
G1 X43.651 Y-29.443 E2.12982
G1 X43.777 Y-28.995 E2.1522
G1 X43.777 Y-28.428 E2.17947
G1 X43.742 Y-28.23 E2.18914
G1 X43.548 Y-27.697 E2.21642
G1 X43.448 Y-27.523 E2.22607
G1 X43.084 Y-27.089 E2.25331
G1 X42.93 Y-26.96 E2.26297
G1 X42.439 Y-26.676 E2.29025
G1 X42.25 Y-26.608 E2.29991
G1 X41.688 Y-26.509 E2.32736
G1 X41.443 Y-26.518 E2.33915
G1 X40.933 Y-26.608 E2.36406
G1 X40.536 Y-26.797 E2.38521
G1 X40.099 Y-27.089 E2.41049
G1 X39.734 Y-27.523 E2.43776
G1 X39.54 Y-27.954 E2.46049
G1 X39.405 Y-28.428 E2.48419
G1 X39.405 Y-28.995 E2.51146
G1 X39.429 Y-29.157 E2.51934
G1 X39.634 Y-29.725 E2.54838
G1 X39.747 Y-29.914 E2.55897
G1 X40.099 Y-30.333 E2.58529
G1 X40.318 Y-30.5 E2.59854
G1 X40.797 Y-30.773 E2.62506
G1 X41.371 Y-30.892 E2.65325
G1 X41.531 Y-30.903 E2.66096
G1 X41.591 Y-30.528 F7200
;TYPE:External perimeter
G1 F1200
G1 X41.625 Y-30.533 E2.66261
G1 X42.183 Y-30.435 E2.68986
G1 X42.708 Y-30.146 E2.71868
G1 X43.153 Y-29.651 E2.75069
G1 X43.38 Y-29.061 E2.78109
G1 X43.392 Y-28.428 E2.81154
G1 X43.186 Y-27.829 E2.84201
G1 X42.737 Y-27.294 E2.8756
G1 X42.246 Y-27.01 E2.90288
G1 X41.625 Y-26.889 E2.93331
G1 X40.999 Y-26.987 E2.96379
G1 X40.446 Y-27.294 E2.99421
G1 X40.03 Y-27.771 E3.02465
G1 X39.818 Y-28.321 E3.053
G1 X39.791 Y-28.995 E3.08544
G1 X39.996 Y-29.593 E3.11584
G1 X40.394 Y-30.086 E3.14631
G1 X40.937 Y-30.412 E3.17677
G1 X41.532 Y-30.517 E3.20583
G1 X41.93 Y-30.476 F7200
G1 E1.20583 F2400
G92 E0
G1 Z4.45 F7200
G1 X32.755 Y19.105
G1 Z2.45
G1 E2 F2400
;TYPE:Perimeter
;WIDTH:0.454975
G1 F1200
G1 X32.765 Y19.071 E2.00173
;WIDTH:0.407219
G1 X32.8 Y18.951 E2.00708
;WIDTH:0.361671
G1 X33.036 Y18.319 E2.03209
;WIDTH:0.409559
G1 X33.076 Y18.227 E2.03641
;WIDTH:0.457447
G1 X33.116 Y18.134 E2.04137
;WIDTH:0.505335
G1 X33.156 Y18.042 E2.04689
;WIDTH:0.553223
G1 X33.196 Y17.949 E2.05306
;WIDTH:0.601111
G1 X33.236 Y17.856 E2.05984
G1 X33.341 Y17.785 E2.06833
;WIDTH:0.553434
G1 X33.446 Y17.714 E2.07606
;WIDTH:0.505757
G1 X33.551 Y17.643 E2.08304
;WIDTH:0.45808
G1 X33.657 Y17.572 E2.0893
;WIDTH:0.410403
G1 X33.762 Y17.501 E2.09477
;WIDTH:0.362727
G1 X34.257 Y17.225 E2.11586
;WIDTH:0.349923
G1 X34.554 Y17.115 E2.12714
;WIDTH:0.397753
G1 X34.745 Y17.073 E2.13527
;WIDTH:0.445583
G1 X34.935 Y17.032 E2.14451
;WIDTH:0.493413
G1 X35.125 Y16.991 E2.15491
;WIDTH:0.541243
G1 X35.316 Y16.95 E2.16653
;WIDTH:0.589073
G1 X35.506 Y16.908 E2.17926
G1 X35.636 Y16.959 E2.1884
;WIDTH:0.541556
G1 X35.766 Y17.009 E2.19669
;WIDTH:0.494039
G1 X35.896 Y17.059 E2.20415
;WIDTH:0.446522
G1 X36.025 Y17.11 E2.21076
;WIDTH:0.399005
G1 X36.155 Y17.16 E2.21657
;WIDTH:0.379565
G1 X36.586 Y17.379 E2.23558
G1 X37.025 Y17.707 E2.25712
;WIDTH:0.360731
G1 X37.389 Y18.142 E2.27809
;WIDTH:0.373959
G1 X37.618 Y18.589 E2.29748
G1 X37.79 Y19.172 E2.32095
;WIDTH:0.371485
G1 X37.804 Y19.758 E2.3434
G1 X37.743 Y20.147 E2.35848
;WIDTH:0.366543
G1 X37.559 Y20.661 E2.37906
G1 X37.39 Y20.957 E2.39191
;WIDTH:0.362783
G1 X37.025 Y21.391 E2.41302
;WIDTH:0.367063
G1 X36.759 Y21.611 E2.42605
G1 X36.114 Y21.952 E2.45359
;WIDTH:0.377795
G1 X35.605 Y22.065 E2.47397
G1 X35.112 Y22.084 E2.49326
;WIDTH:0.354879
G1 X34.555 Y21.981 E2.51378
;WIDTH:0.359591
G1 X34.254 Y21.878 E2.52549
;WIDTH:0.361633
G1 X33.774 Y21.603 E2.546
G1 X33.524 Y21.385 E2.5583
;WIDTH:0.366409
G1 X33.167 Y20.977 E2.57872
G1 X32.981 Y20.65 E2.59289
;WIDTH:0.363467
G1 X32.798 Y20.131 E2.61342
;WIDTH:0.402918
G1 X32.763 Y20.014 E2.61858
;WIDTH:0.45175
G1 X32.729 Y19.898 E2.62442
;WIDTH:0.500581
G1 X32.694 Y19.782 E2.63101
;WIDTH:0.549413
G1 X32.66 Y19.665 E2.63838
;WIDTH:0.598245
G1 X32.626 Y19.549 E2.64643
G1 X32.66 Y19.429 E2.65473
;WIDTH:0.550488
G1 X32.695 Y19.31 E2.66225
;WIDTH:0.502732
G1 X32.73 Y19.19 E2.66908
;WIDTH:0.454975
G1 X32.739 Y19.162 E2.67051
G1 E.67051 F2400
G92 E0
G1 Z4.45 F7200
G1 X39.071 Y-29.134
G1 Z2.45
G1 E2 F2400
;WIDTH:0.369167
G1 F1200
G1 X39.313 Y-29.842 E2.02844
;WIDTH:0.366361
G1 X39.483 Y-30.135 E2.0412
G1 X39.838 Y-30.553 E2.06186
;WIDTH:0.371609
G1 X40.145 Y-30.8 E2.07696
G1 X40.659 Y-31.082 E2.09943
;WIDTH:0.375031
G1 X41.31 Y-31.235 E2.12534
G1 X41.751 Y-31.248 E2.14243
;WIDTH:0.370867
G1 X42.245 Y-31.167 E2.16157
G1 X42.609 Y-31.041 E2.17629
;WIDTH:0.366577
G1 X43.072 Y-30.777 E2.19638
;WIDTH:0.375103
G1 X43.507 Y-30.37 E2.21947
G1 X43.821 Y-29.926 E2.24055
;WIDTH:0.356659
G1 X44.061 Y-29.308 E2.26472
G1 X44.11 Y-28.995 E2.27627
;WIDTH:0.354861
G1 X44.115 Y-28.428 E2.29681
G1 X44.056 Y-28.116 E2.30831
;WIDTH:0.354263
G1 X43.866 Y-27.582 E2.3288
G1 X43.705 Y-27.307 E2.34032
;WIDTH:0.354873
G1 X43.343 Y-26.872 E2.36082
;WIDTH:0.355057
G1 X43.099 Y-26.667 E2.37237
;WIDTH:0.363483
G1 X42.647 Y-26.402 E2.39192
G1 X42.309 Y-26.272 E2.40543
;WIDTH:0.361015
G1 X41.745 Y-26.174 E2.42661
;WIDTH:0.366839
G1 X41.383 Y-26.179 E2.44027
G1 X40.874 Y-26.276 E2.45982
;WIDTH:0.391807
G1 X40.358 Y-26.488 E2.4826
;WIDTH:0.433787
G1 X40.264 Y-26.52 E2.48718
;WIDTH:0.475768
G1 X40.171 Y-26.553 E2.49224
;WIDTH:0.517749
G1 X40.078 Y-26.585 E2.4978
;WIDTH:0.55973
G1 X39.984 Y-26.617 E2.50393
;WIDTH:0.60171
G1 X39.891 Y-26.65 E2.51054
G1 X39.835 Y-26.744 E2.51787
;WIDTH:0.558168
G1 X39.779 Y-26.839 E2.52466
;WIDTH:0.514626
G1 X39.723 Y-26.933 E2.5308
;WIDTH:0.471083
G1 X39.667 Y-27.028 E2.53639
;WIDTH:0.427541
G1 X39.611 Y-27.122 E2.54135
;WIDTH:0.411451
G1 X39.29 Y-27.572 E2.56528
;WIDTH:0.452434
G1 X39.247 Y-27.629 E2.56874
;WIDTH:0.493417
G1 X39.205 Y-27.686 E2.57253
;WIDTH:0.5344
G1 X39.162 Y-27.744 E2.57676
;WIDTH:0.575383
G1 X39.119 Y-27.801 E2.58131
G1 X38.974 Y-28.428 E2.62233
;WIDTH:0.581481
G1 X38.954 Y-28.498 E2.62703
;WIDTH:0.620802
G1 X38.934 Y-28.568 E2.63208
;WIDTH:0.660123
G1 X38.915 Y-28.638 E2.63747
G1 E.63747 F2400
G92 E0
G1 Z4.45 F7200
G1 X-40.889 Y-26.053
G1 Z2.45
G1 E2 F2400
;WIDTH:0.577795
G1 F1200
G1 X-41.047 Y-26.098 E2.01052
;WIDTH:0.5331
G1 X-41.204 Y-26.142 E2.02005
;WIDTH:0.488405
G1 X-41.361 Y-26.186 E2.02867
;WIDTH:0.44371
G1 X-41.519 Y-26.231 E2.03644
;WIDTH:0.399015
G1 X-41.676 Y-26.275 E2.04325
;WIDTH:0.354321
G1 X-41.973 Y-26.388 E2.05474
;WIDTH:0.354047
G1 X-42.466 Y-26.667 E2.07521
G1 X-42.707 Y-26.874 E2.08669
;WIDTH:0.354883
G1 X-43.074 Y-27.306 E2.10723
G1 X-43.231 Y-27.582 E2.11874
;WIDTH:0.356789
G1 X-43.428 Y-28.114 E2.13943
G1 X-43.482 Y-28.428 E2.15105
;WIDTH:0.364853
G1 X-43.488 Y-28.966 E2.17121
G1 X-43.427 Y-29.315 E2.18449
;WIDTH:0.359353
G1 X-43.236 Y-29.842 E2.20511
;WIDTH:0.364397
G1 X-43.041 Y-30.164 E2.2192
G1 X-42.71 Y-30.55 E2.23823
;WIDTH:0.368403
G1 X-42.375 Y-30.816 E2.25445
G1 X-41.853 Y-31.098 E2.27695
;WIDTH:0.376853
G1 X-41.267 Y-31.231 E2.30037
G1 X-40.801 Y-31.241 E2.31854
;WIDTH:0.360379
G1 X-40.241 Y-31.15 E2.33949
G1 X-39.943 Y-31.037 E2.35126
;WIDTH:0.354399
G1 X-39.451 Y-30.755 E2.37177
;WIDTH:0.361799
G1 X-39.205 Y-30.553 E2.38358
G1 X-38.847 Y-30.113 E2.40462
;WIDTH:0.355745
G1 X-38.684 Y-29.841 E2.41614
;WIDTH:0.361801
G1 X-38.487 Y-29.309 E2.43718
;WIDTH:0.408803
G1 X-38.452 Y-29.19 E2.44251
;WIDTH:0.455806
G1 X-38.418 Y-29.07 E2.4486
;WIDTH:0.502809
G1 X-38.383 Y-28.951 E2.45538
;WIDTH:0.549812
G1 X-38.348 Y-28.831 E2.46295
;WIDTH:0.596815
G1 X-38.314 Y-28.712 E2.47117
G1 X-38.347 Y-28.599 E2.47899
;WIDTH:0.548541
G1 X-38.38 Y-28.486 E2.4861
;WIDTH:0.500267
G1 X-38.412 Y-28.374 E2.49243
;WIDTH:0.451993
G1 X-38.445 Y-28.261 E2.49812
;WIDTH:0.403719
G1 X-38.478 Y-28.149 E2.50306
;WIDTH:0.377627
G1 X-38.665 Y-27.601 E2.52568
;WIDTH:0.420367
G1 X-38.693 Y-27.514 E2.52974
;WIDTH:0.463108
G1 X-38.721 Y-27.428 E2.53424
;WIDTH:0.505849
G1 X-38.749 Y-27.341 E2.53927
;WIDTH:0.54859
G1 X-38.777 Y-27.254 E2.54479
;WIDTH:0.591331
G1 X-38.805 Y-27.168 E2.55073
G1 X-38.913 Y-27.083 E2.55976
;WIDTH:0.542924
G1 X-39.021 Y-26.997 E2.568
;WIDTH:0.494518
G1 X-39.129 Y-26.912 E2.57537
;WIDTH:0.446111
G1 X-39.238 Y-26.827 E2.58195
;WIDTH:0.397705
G1 X-39.346 Y-26.742 E2.58766
;WIDTH:0.373799
G1 X-39.622 Y-26.558 E2.60046
G1 E.60046 F2400
G92 E0
G1 Z4.45 F7200
G1 X-37.271 Y18.75
G1 Z2.45
G1 E2 F2400
;WIDTH:0.418168
G1 F1200
G1 X-37.158 Y18.922 E2.00908
;WIDTH:0.437003
G1 X-36.902 Y19.131 E2.02444
;WIDTH:0.478835
G1 X-36.682 Y19.206 E2.03646
;WIDTH:0.520667
G1 X-36.463 Y19.282 E2.04965
G1 X-36.648 Y19.378 E2.06151
;WIDTH:0.478835
G1 X-36.833 Y19.475 E2.07231
;WIDTH:0.437003
G1 X-37.127 Y19.836 E2.09395
;WIDTH:0.396189
G1 X-37.177 Y20.006 E2.10128
G1 X-37.144 Y19.832 E2.10861
;WIDTH:0.437003
G1 X-37.124 Y19.265 E2.13498
G1 X-37.254 Y18.808 E2.15706
G1 X-37.177 Y20.006 F7200
;WIDTH:0.363245
G1 F1200
G1 X-37.418 Y20.677 E2.18364
;WIDTH:0.361303
G1 X-37.571 Y20.956 E2.19542
;WIDTH:0.363997
G1 X-37.934 Y21.391 E2.21659
G1 X-38.18 Y21.596 E2.22856
;WIDTH:0.362019
G1 X-38.674 Y21.872 E2.24957
;WIDTH:0.367945
G1 X-39.019 Y22 E2.2635
G1 X-39.53 Y22.084 E2.28311
;WIDTH:0.355253
G1 X-39.847 Y22.08 E2.29461
;WIDTH:0.354901
G1 X-40.406 Y21.985 E2.31516
G1 X-40.704 Y21.873 E2.3267
;WIDTH:0.355169
G1 X-41.196 Y21.593 E2.34723
G1 X-41.438 Y21.387 E2.35876
;WIDTH:0.360127
G1 X-41.806 Y20.956 E2.37967
;WIDTH:0.377393
G1 X-42.032 Y20.522 E2.39877
;WIDTH:0.412068
G1 X-42.146 Y20.177 E2.41453
;WIDTH:0.446743
G1 X-42.259 Y19.832 E2.43184
;WIDTH:0.485551
G1 X-42.278 Y19.779 E2.4348
;WIDTH:0.52436
G1 X-42.298 Y19.726 E2.43805
;WIDTH:0.563168
G1 X-42.317 Y19.673 E2.44155
;WIDTH:0.601977
G1 X-42.336 Y19.62 E2.44533
G1 X-42.31 Y19.522 E2.45213
;WIDTH:0.560203
G1 X-42.284 Y19.424 E2.4584
;WIDTH:0.518429
G1 X-42.258 Y19.325 E2.4642
;WIDTH:0.476655
G1 X-42.232 Y19.227 E2.46941
;WIDTH:0.434881
G1 X-42.206 Y19.128 E2.47414
;WIDTH:0.393107
G1 X-42.18 Y19.03 E2.4783
;WIDTH:0.363705
G1 X-41.968 Y18.418 E2.50248
;WIDTH:0.365411
G1 X-41.804 Y18.134 E2.51479
G1 X-41.443 Y17.707 E2.53578
;WIDTH:0.374131
G1 X-40.926 Y17.338 E2.56032
G1 X-40.521 Y17.142 E2.5777
;WIDTH:0.391354
G1 X-40.356 Y17.091 E2.58474
;WIDTH:0.430261
G1 X-40.191 Y17.04 E2.59262
;WIDTH:0.469168
G1 X-40.026 Y16.989 E2.60134
;WIDTH:0.508075
G1 X-39.861 Y16.938 E2.6109
;WIDTH:0.542898
G1 X-39.81 Y16.915 E2.61424
;WIDTH:0.577721
G1 X-39.759 Y16.891 E2.61785
G1 X-39.601 Y16.935 E2.62835
;WIDTH:0.533824
G1 X-39.444 Y16.979 E2.6379
;WIDTH:0.489928
G1 X-39.286 Y17.023 E2.64661
;WIDTH:0.446031
G1 X-39.129 Y17.067 E2.65437
;WIDTH:0.402135
G1 X-38.971 Y17.111 E2.66128
;WIDTH:0.372827
G1 X-38.579 Y17.265 E2.67748
G1 X-38.094 Y17.563 E2.69938
;WIDTH:0.372039
G1 X-37.624 Y18.07 E2.72591
G1 X-37.411 Y18.418 E2.74157
;WIDTH:0.397619
G1 X-37.271 Y18.75 E2.75655
G1 X-35.499 Y18.832 F7200
;WIDTH:0.466619
G1 F1200
G1 X-35.28 Y18.696 E2.76948
G1 X-35.362 Y18.979 E2.78426
G1 X-35.328 Y19.097 E2.79042
G1 X-35.067 Y19.294 E2.80683
G1 X-35.539 Y19.294 E2.83051
;WIDTH:0.493229
G1 X-35.916 Y19.281 E2.85069
;WIDTH:0.519839
G1 X-36.294 Y19.268 E2.87218
G1 X-36.12 Y19.188 E2.88306
;WIDTH:0.493229
G1 X-35.946 Y19.109 E2.89328
;WIDTH:0.466619
G1 X-35.55 Y18.864 E2.91664
G1 X-36.294 Y19.268 F7200
;WIDTH:0.520667
G1 F1200
G1 X-36.463 Y19.282 E2.92629
G1 E.92629 F2400
G92 E0
G1 Z4.45 F7200
G1 X38.538 Y-28.971
G1 Z2.45
G1 E2 F2400
;WIDTH:0.45
G1 F3600
G1 X38.585 Y-29.001 E2.00268
G1 X38.709 Y-29.164 E2.01253
G1 X38.875 Y-29.692 E2.03915
G1 X39.1 Y-30.162 E2.06421
G1 X39.403 Y-30.593 E2.08955
G1 X39.768 Y-30.944 E2.11391
G1 X40.272 Y-31.279 E2.14302
G1 X40.774 Y-31.476 E2.16896
G1 X41.272 Y-31.582 E2.19345
G1 X41.776 Y-31.588 E2.21769
G1 X42.314 Y-31.506 E2.24386
G1 X42.756 Y-31.349 E2.26642
G1 X43.283 Y-31.051 E2.29554
G1 X43.743 Y-30.626 E2.32566
G1 X44.019 Y-30.272 E2.34725
G1 X44.291 Y-29.715 E2.37706
G1 X44.423 Y-29.252 E2.40022
G1 X44.471 Y-28.607 E2.43133
G1 X44.436 Y-28.22 E2.45002
G1 X44.259 Y-27.626 E2.47983
G1 X44.064 Y-27.222 E2.50141
G1 X43.684 Y-26.732 E2.53123
G1 X43.355 Y-26.427 E2.55281
G1 X42.823 Y-26.108 E2.58264
G1 X42.407 Y-25.942 E2.60418
G1 X41.807 Y-25.84 E2.63345
G1 X41.313 Y-25.842 E2.65721
G1 X40.578 Y-26.018 E2.69356
G1 X40.035 Y-26.196 E2.72104
G1 X39.744 Y-26.128 E2.73541
G1 X39.54 Y-25.946 E2.74856
G1 X39.503 Y-25.806 E2.75552
;WIDTH:0.423285
G1 X39.466 Y-25.666 E2.762
;WIDTH:0.396572
G1 X35.738 Y16.182 E4.50274
;WIDTH:0.438484
G1 X35.758 Y16.449 E4.51523
;WIDTH:0.45
G1 X35.85 Y16.61 E4.52415
G1 X36.082 Y16.772 E4.53776
G1 X36.275 Y16.846 E4.5477
G1 X36.786 Y17.091 E4.57496
G1 X37.339 Y17.535 E4.60907
G1 X37.671 Y17.951 E4.63467
G1 X37.931 Y18.437 E4.66118
G1 X38.075 Y18.926 E4.6857
G1 X38.156 Y19.453 E4.71134
G1 X38.117 Y20.012 E4.73829
G1 X37.996 Y20.502 E4.76257
G1 X37.773 Y20.98 E4.78794
G1 X37.482 Y21.407 E4.81279
G1 X37.113 Y21.766 E4.83755
G1 X36.641 Y22.09 E4.86509
G1 X35.979 Y22.347 E4.89925
G1 X35.359 Y22.432 E4.92935
G1 X34.84 Y22.398 E4.95437
G1 X34.114 Y22.189 E4.99071
G1 X33.565 Y21.875 E5.02113
G1 X33.106 Y21.454 E5.05109
G1 X32.894 Y21.186 E5.06753
G1 X32.668 Y20.791 E5.08942
G1 X32.422 Y20.078 E5.1257
G1 X32.293 Y19.867 E5.13759
G1 X32.141 Y19.759 E5.14656
;WIDTH:0.438877
G1 X31.876 Y19.715 E5.15911
;WIDTH:0.396572
G1 X-34.393 Y19.715 E7.90481
;WIDTH:0.423286
G1 X-34.944 Y19.701 E7.92948
;WIDTH:0.45
G1 X-36.392 Y19.696 E7.99912
G1 X-36.619 Y19.788 E8.0109
G1 X-36.808 Y20.001 E8.0246
G1 X-36.976 Y20.533 E8.05143
G1 X-37.234 Y21.056 E8.07948
G1 X-37.473 Y21.399 E8.09959
G1 X-37.834 Y21.755 E8.12398
G1 X-38.322 Y22.09 E8.15245
G1 X-38.812 Y22.288 E8.17787
G1 X-39.263 Y22.403 E8.20026
G1 X-39.812 Y22.419 E8.22668
G1 X-40.33 Y22.361 E8.25175
G1 X-40.803 Y22.198 E8.27581
G1 X-41.289 Y21.948 E8.3021
G1 X-41.685 Y21.614 E8.32702
G1 X-42.093 Y21.14 E8.3571
G1 X-42.365 Y20.63 E8.3849
G1 X-42.577 Y20.047 E8.41474
G1 X-42.829 Y19.839 E8.43046
G1 X-43.121 Y19.797 E8.44465
;WIDTH:0.496641
G1 X-43.125 Y19.774 E8.44591
;WIDTH:0.543282
G1 X-43.129 Y19.751 E8.4473
;WIDTH:0.589924
G1 X-43.133 Y19.728 E8.44883
G1 X-43.277 Y19.745 E8.45833
G1 X-43.587 Y19.868 E8.48019
G1 X-43.628 Y20.002 E8.48938
;WIDTH:0.541586
G1 X-43.669 Y20.136 E8.49772
;WIDTH:0.493248
G1 X-43.71 Y20.269 E8.50516
;WIDTH:0.44491
G1 X-43.752 Y20.403 E8.51182
;WIDTH:0.397718
G1 X-43.748 Y20.557 E8.51822
;WIDTH:0.429968
G1 X-43.765 Y20.887 E8.53329
;WIDTH:0.462219
G1 X-43.781 Y21.217 E8.54968
;WIDTH:0.498176
G1 X-43.919 Y21.629 E8.57319
;WIDTH:0.503448
G1 X-44.165 Y21.985 E8.59689
G1 X-44.523 Y22.259 E8.62158
;WIDTH:0.498172
G1 X-44.947 Y22.414 E8.64601
;WIDTH:0.462218
G1 X-45.224 Y22.438 E8.65981
;WIDTH:0.432578
G1 X-45.5 Y22.462 E8.67253
;WIDTH:0.402939
G1 X-52.142 Y22.465 E8.953
;WIDTH:0.433987
G1 X-52.481 Y22.411 E8.96882
;WIDTH:0.471403
G1 X-52.821 Y22.358 E8.98629
;WIDTH:0.500009
G1 X-53.196 Y22.162 E9.00928
G1 X-53.506 Y21.872 E9.03234
;WIDTH:0.492308
G1 X-53.715 Y21.501 E9.05507
;WIDTH:0.478175
G1 X-53.819 Y21.061 E9.0784
;WIDTH:0.429883
G1 X-53.845 Y20.55 E9.10173
;WIDTH:0.396572
G1 X-53.845 Y-22.965 E10.90467
;WIDTH:0.433988
G1 X-53.791 Y-23.304 E10.92049
;WIDTH:0.471404
G1 X-53.738 Y-23.643 E10.93791
;WIDTH:0.50001
G1 X-53.542 Y-24.018 E10.9609
G1 X-53.253 Y-24.328 E10.98393
;WIDTH:0.492306
G1 X-52.881 Y-24.537 E11.0067
;WIDTH:0.478172
G1 X-52.441 Y-24.641 E11.03003
;WIDTH:0.429878
G1 X-51.93 Y-24.667 E11.05335
;WIDTH:0.396572
G1 X-46.594 Y-24.667 E11.27443
;WIDTH:0.432308
G1 X-46.262 Y-24.616 E11.28984
;WIDTH:0.468045
G1 X-45.931 Y-24.564 E11.30671
;WIDTH:0.495456
G1 X-45.56 Y-24.374 E11.32912
G1 X-45.251 Y-24.093 E11.35158
;WIDTH:0.48806
G1 X-45.038 Y-23.73 E11.37382
;WIDTH:0.474466
G1 X-44.927 Y-23.304 E11.39634
;WIDTH:0.428423
G1 X-44.889 Y-22.803 E11.41915
;WIDTH:0.396573
G1 X-43.789 Y18.995 E13.15156
;WIDTH:0.444909
G1 X-43.741 Y19.106 E13.1573
;WIDTH:0.493247
G1 X-43.694 Y19.217 E13.16375
;WIDTH:0.541585
G1 X-43.646 Y19.328 E13.17095
;WIDTH:0.589924
G1 X-43.598 Y19.439 E13.17888
G1 X-43.463 Y19.507 E13.18879
G1 X-43.137 Y19.555 E13.21039
G1 X-43.135 Y19.532 E13.2119
;WIDTH:0.543282
G1 X-43.132 Y19.509 E13.21329
;WIDTH:0.496641
G1 X-43.13 Y19.486 E13.21453
;WIDTH:0.45
G1 X-42.84 Y19.428 E13.22875
G1 X-42.673 Y19.304 E13.23875
G1 X-42.535 Y19.057 E13.25236
G1 X-42.406 Y18.571 E13.27654
G1 X-42.183 Y18.103 E13.30147
G1 X-41.887 Y17.677 E13.32642
G1 X-41.586 Y17.382 E13.34669
G1 X-41.077 Y17.025 E13.37659
G1 X-40.126 Y16.619 E13.42632
G1 X-39.98 Y16.422 E13.43811
;WIDTH:0.43798
G1 X-39.944 Y16.16 E13.45043
;WIDTH:0.396573
G1 X-41.036 Y-25.313 E15.16937
;WIDTH:0.445691
G1 X-41.081 Y-25.575 E15.18201
;WIDTH:0.45
G1 X-41.194 Y-25.723 E15.19097
G1 X-41.39 Y-25.842 E15.202
G1 X-41.911 Y-25.99 E15.22805
G1 X-42.463 Y-26.252 E15.25744
G1 X-42.829 Y-26.517 E15.27917
G1 X-43.249 Y-26.961 E15.30857
G1 X-43.495 Y-27.34 E15.3303
G1 X-43.727 Y-27.906 E15.35972
G1 X-43.819 Y-28.348 E15.38143
G1 X-43.831 Y-28.959 E15.41082
G1 X-43.757 Y-29.404 E15.43252
G1 X-43.555 Y-29.958 E15.46088
G1 X-43.318 Y-30.368 E15.48366
G1 X-42.964 Y-30.773 E15.50953
G1 X-42.585 Y-31.09 E15.53329
G1 X-42.13 Y-31.334 E15.55812
G1 X-41.638 Y-31.517 E15.58337
G1 X-40.973 Y-31.598 E15.61559
G1 X-40.266 Y-31.51 E15.64986
G1 X-39.787 Y-31.334 E15.6744
G1 X-39.246 Y-31.023 E15.70441
G1 X-38.797 Y-30.623 E15.73333
G1 X-38.518 Y-30.219 E15.75694
G1 X-38.243 Y-29.687 E15.78574
G1 X-38.121 Y-29.271 E15.80659
G1 X-37.982 Y-29.029 E15.82001
G1 X-37.832 Y-28.918 E15.82898
;WIDTH:0.44657
G1 X-37.565 Y-28.877 E15.84186
;WIDTH:0.396572
G1 X38.062 Y-28.877 E18.97529
;WIDTH:0.445413
G1 X38.443 Y-28.909 E18.99346
;WIDTH:0.45
G1 X38.488 Y-28.938 E18.99603
G1 X38.305 Y-29.286 F7200
;TYPE:External perimeter
G1 F1800
G1 X38.381 Y-29.375 E19.00166
G1 X38.53 Y-29.866 E19.02634
G1 X38.845 Y-30.488 E19.05987
G1 X39.157 Y-30.897 E19.08461
G1 X39.632 Y-31.329 E19.11549
G1 X40.115 Y-31.631 E19.14289
G1 X40.661 Y-31.844 E19.17108
G1 X41.275 Y-31.968 E19.20121
G1 X41.805 Y-31.973 E19.2267
G1 X42.434 Y-31.875 E19.25732
G1 X42.923 Y-31.697 E19.28235
G1 X43.52 Y-31.357 E19.31539
G1 X44.005 Y-30.91 E19.34711
G1 X44.349 Y-30.475 E19.37378
G1 X44.638 Y-29.885 E19.40538
G1 X44.757 Y-29.508 E19.42439
G1 X44.82 Y-29.129 E19.44287
G1 X44.855 Y-28.572 E19.46971
G1 X44.816 Y-28.147 E19.49024
G1 X44.629 Y-27.516 E19.52189
G1 X44.392 Y-27.016 E19.5485
G1 X43.989 Y-26.496 E19.58014
G1 X43.587 Y-26.116 E19.60675
G1 X43.021 Y-25.777 E19.63848
G1 X42.509 Y-25.569 E19.66506
G1 X41.86 Y-25.458 E19.69673
G1 X41.307 Y-25.45 E19.72333
G1 X40.6 Y-25.595 E19.75804
G1 X40.086 Y-25.797 E19.7846
G1 X39.925 Y-25.788 E19.79236
G1 X39.824 Y-25.635 E19.80118
G1 X36.095 Y16.214 E21.82195
G1 X36.142 Y16.358 E21.82924
G1 X36.549 Y16.537 E21.85062
G1 X37.006 Y16.774 E21.87538
G1 X37.411 Y17.078 E21.89974
G1 X37.835 Y17.516 E21.92906
G1 X38.112 Y17.929 E21.95298
G1 X38.324 Y18.389 E21.97734
G1 X38.52 Y19.191 E22.01705
G1 X38.534 Y19.819 E22.04726
G1 X38.443 Y20.339 E22.07265
G1 X38.233 Y20.939 E22.10322
G1 X37.975 Y21.39 E22.12821
G1 X37.552 Y21.892 E22.15978
G1 X37.149 Y22.228 E22.18502
G1 X36.529 Y22.569 E22.21905
G1 X36.053 Y22.726 E22.24316
G1 X35.353 Y22.819 E22.27712
G1 X34.808 Y22.787 E22.30338
G1 X34.312 Y22.661 E22.32799
G1 X33.795 Y22.468 E22.35453
G1 X33.33 Y22.182 E22.38079
G1 X32.846 Y21.738 E22.41238
G1 X32.532 Y21.335 E22.43695
G1 X32.293 Y20.887 E22.46137
G1 X32.015 Y20.133 E22.50002
G1 X31.875 Y20.074 E22.50733
G1 X-36.327 Y20.077 E25.78761
G1 X-36.465 Y20.178 E25.79584
G1 X-36.616 Y20.674 E25.82078
G1 X-36.888 Y21.226 E25.85038
G1 X-37.191 Y21.661 E25.87588
G1 X-37.694 Y22.141 E25.90932
G1 X-38.145 Y22.434 E25.93519
G1 X-38.667 Y22.646 E25.96229
G1 X-39.133 Y22.773 E25.98552
G1 X-39.67 Y22.82 E26.01145
G1 X-40.303 Y22.757 E26.04205
G1 X-40.836 Y22.612 E26.06862
G1 X-41.404 Y22.329 E26.09914
G1 X-41.851 Y22.003 E26.12575
G1 X-42.289 Y21.528 E26.15683
G1 X-42.479 Y21.252 E26.17295
G1 X-42.716 Y20.797 E26.19762
G1 X-42.872 Y20.312 E26.22212
G1 X-42.98 Y20.194 E26.22981
G1 X-43.276 Y20.211 E26.24407
G1 X-43.393 Y20.394 E26.25452
G1 X-43.38 Y20.886 E26.27819
G1 X-43.423 Y21.424 E26.30415
G1 X-43.581 Y21.868 E26.32682
G1 X-43.88 Y22.287 E26.35158
G1 X-44.291 Y22.597 E26.37634
G1 X-44.641 Y22.745 E26.39462
G1 X-45.16 Y22.824 E26.41987
G1 X-52.412 Y22.824 E26.76867
G1 X-52.977 Y22.734 E26.79619
G1 X-53.471 Y22.483 E26.82284
G1 X-53.863 Y22.091 E26.8495
G1 X-54.115 Y21.596 E26.87622
G1 X-54.204 Y21.032 E26.90368
G1 X-54.204 Y-23.235 E29.03277
G1 X-54.115 Y-23.799 E29.06023
G1 X-53.863 Y-24.293 E29.0869
G1 X-53.471 Y-24.685 E29.11356
G1 X-52.977 Y-24.937 E29.14023
G1 X-52.412 Y-25.026 E29.16774
G1 X-46.333 Y-25.026 E29.46012
G1 X-45.778 Y-24.94 E29.48713
G1 X-45.29 Y-24.696 E29.51337
G1 X-44.9 Y-24.316 E29.53956
G1 X-44.643 Y-23.834 E29.56583
G1 X-44.542 Y-23.282 E29.59282
G1 X-43.432 Y18.904 E31.62252
G1 X-43.346 Y19.059 E31.63105
G1 X-43.107 Y19.101 E31.64272
G1 X-42.954 Y19.04 E31.65064
G1 X-42.637 Y18.131 E31.69694
G1 X-42.383 Y17.692 E31.72133
G1 X-41.888 Y17.123 E31.7576
G1 X-41.352 Y16.741 E31.78926
G1 X-40.856 Y16.49 E31.816
G1 X-40.372 Y16.323 E31.84063
G1 X-40.303 Y16.169 E31.84875
G1 X-41.396 Y-25.374 E33.84752
G1 X-41.535 Y-25.484 E33.85605
G1 X-42.047 Y-25.628 E33.88163
G1 X-42.629 Y-25.904 E33.91261
G1 X-43.086 Y-26.228 E33.93955
G1 X-43.529 Y-26.696 E33.97054
G1 X-43.839 Y-27.163 E33.9975
G1 X-44.083 Y-27.76 E34.02852
G1 X-44.203 Y-28.307 E34.05545
G1 X-44.216 Y-28.952 E34.08648
G1 X-44.131 Y-29.505 E34.11339
G1 X-43.91 Y-30.112 E34.14446
G1 X-43.63 Y-30.597 E34.1714
G1 X-43.205 Y-31.082 E34.20242
G1 X-42.77 Y-31.434 E34.22933
G1 X-42.189 Y-31.738 E34.26087
G1 X-41.708 Y-31.896 E34.28522
G1 X-40.961 Y-31.985 E34.3214
G1 X-40.218 Y-31.893 E34.35741
G1 X-39.778 Y-31.765 E34.37945
G1 X-39.196 Y-31.458 E34.4111
G1 X-38.915 Y-31.255 E34.42777
G1 X-38.475 Y-30.844 E34.45673
G1 X-38.107 Y-30.298 E34.4884
G1 X-37.869 Y-29.797 E34.51508
G1 X-37.704 Y-29.296 E34.54045
G1 X-37.564 Y-29.236 E34.54778
G1 X38.262 Y-29.236 E38.19475
G1 X38.266 Y-29.241 E38.19506
G1 X38.441 Y-29.6 F7200
G1 E36.19506 F2400
G92 E0
G1 Z4.45 F7200
G1 X-55.513 Y-34.335
G1 Z2.45
G1 E2 F2400
;TYPE:Perimeter
;WIDTH:0.396572
G1 F1200
G1 X-64.345 Y-34.335 E2.36593
G1 X-64.345 Y-34.667 E2.37969
G1 X-55.513 Y-34.667 E2.74562
G1 X-55.513 Y-34.395 E2.75689
G1 X-55.154 Y-33.976 F7200
;TYPE:External perimeter
;WIDTH:0.45
G1 F1200
G1 X-64.704 Y-33.976 E3.21621
G1 X-64.704 Y-35.026 E3.26671
G1 X-55.154 Y-35.026 E3.72603
G1 X-55.154 Y-34.036 E3.77365
G1 X-55.549 Y-33.977 F7200
;LAYER_CHANGE
;Z:2.75
;HEIGHT:0.3
G1 E1.77365 F2400
G92 E0
G1 Z2.75 F7200
G1 Z4.75
G1 X46.487 Y-34.335
G1 Z2.75
G1 E2 F2400
;TYPE:Perimeter
;WIDTH:0.396572
G1 F1200
G1 X35.655 Y-34.335 E2.4488
G1 X35.655 Y-34.667 E2.46256
G1 X46.487 Y-34.667 E2.91136
G1 X46.487 Y-34.395 E2.92263
G1 X46.846 Y-33.976 F7200
;TYPE:External perimeter
;WIDTH:0.45
G1 F1200
G1 X35.296 Y-33.976 E3.47814
G1 X35.296 Y-35.026 E3.52864
G1 X46.846 Y-35.026 E4.08415
G1 X46.846 Y-34.036 E4.13177
G1 X46.451 Y-33.977 F7200
G1 E2.13177 F2400
G92 E0
G1 Z4.75 F7200
G1 X38.253 Y-27.318
G1 Z2.75
G1 E2 F2400
;TYPE:Perimeter
;WIDTH:0.408133
G1 F1200
G1 X38.387 Y-27.404 E2.00683
G1 X38.405 Y-28.454 F7200
;WIDTH:0.45
G1 F3600
G1 X38.584 Y-28.242 E2.02017
G1 X38.665 Y-27.976 E2.03354
G1 X38.629 Y-27.654 E2.04912
G1 X38.387 Y-27.404 E2.06585
G1 X38.729 Y-27.47 E2.0826
G1 X38.903 Y-27.408 E2.09148
G1 X39.095 Y-27.238 E2.10381
G1 X39.354 Y-26.87 E2.12545
G1 X39.431 Y-26.619 E2.13808
G1 X39.406 Y-26.409 E2.14825
G1 X39.246 Y-26.163 E2.16236
;WIDTH:0.439435
G1 X39.172 Y-26.106 E2.16673
;WIDTH:0.396573
G1 X35.407 Y16.153 E3.92457
;WIDTH:0.438469
G1 X35.341 Y16.412 E3.93704
;WIDTH:0.45
G1 X35.195 Y16.574 E3.94753
G1 X34.96 Y16.674 E3.95981
G1 X34.443 Y16.8 E3.9854
G1 X33.978 Y16.973 E4.00926
G1 X33.429 Y17.315 E4.04037
G1 X33.187 Y17.398 E4.05267
G1 X33.088 Y17.392 E4.05744
;WIDTH:0.423286
G1 X32.989 Y17.387 E4.06188
;WIDTH:0.396572
G1 X.673 Y-2.73 E5.63906
;WIDTH:0.441554
G1 X.599 Y-2.811 E5.64422
;WIDTH:0.486537
G1 X.525 Y-2.892 E5.65
;WIDTH:0.53152
G1 X.451 Y-2.974 E5.65644
;WIDTH:0.576503
G1 X.377 Y-3.055 E5.66345
;WIDTH:0.621486
G1 X.303 Y-3.136 E5.67107
G1 X.304 Y-3.263 E5.67989
G1 X.378 Y-3.344 E5.68751
;WIDTH:0.576503
G1 X.452 Y-3.425 E5.69452
;WIDTH:0.53152
G1 X.526 Y-3.506 E5.70091
;WIDTH:0.486537
G1 X.6 Y-3.587 E5.70669
;WIDTH:0.441554
G1 X.674 Y-3.668 E5.71185
;WIDTH:0.396571
G1 X38.063 Y-26.816 E7.53383
G1 X38.075 Y-26.95 E7.5394
;WIDTH:0.408133
G1 X38.253 Y-27.318 E7.55693
G1 X37.817 Y-27.054 E7.57878
;WIDTH:0.396571
G1 X.499 Y-3.95 E9.3973
;WIDTH:0.441554
G1 X.39 Y-3.856 E9.40407
;WIDTH:0.486537
G1 X.281 Y-3.762 E9.41165
;WIDTH:0.53152
G1 X.172 Y-3.668 E9.42004
;WIDTH:0.576503
G1 X.063 Y-3.574 E9.42923
;WIDTH:0.621486
G1 X-.046 Y-3.48 E9.43923
G1 X-.194 Y-3.455 E9.44966
;WIDTH:0.574181
G1 X-.342 Y-3.431 E9.45919
G1 X-.516 Y-3.44 E9.47027
;WIDTH:0.621487
G1 X-.691 Y-3.45 E9.48245
G1 X-.811 Y-3.551 E9.49335
;WIDTH:0.576504
G1 X-.93 Y-3.651 E9.50328
;WIDTH:0.531521
G1 X-1.05 Y-3.751 E9.51238
;WIDTH:0.486538
G1 X-1.17 Y-3.852 E9.52064
;WIDTH:0.441555
G1 X-1.29 Y-3.952 E9.52799
;WIDTH:0.396572
G1 X-38.073 Y-26.85 E11.32318
;WIDTH:0.443477
G1 X-38.3 Y-27.071 E11.33816
;WIDTH:0.45
G1 X-38.358 Y-27.28 E11.34859
G1 X-38.332 Y-27.495 E11.35901
G1 X-38.116 Y-28.17 E11.3931
G1 X-37.983 Y-28.394 E11.40563
G1 X-37.832 Y-28.505 E11.41464
;WIDTH:0.44657
G1 X-37.564 Y-28.545 E11.42756
;WIDTH:0.396572
G1 X38.062 Y-28.545 E14.56095
;WIDTH:0.445432
G1 X38.35 Y-28.472 E14.57507
G1 X38.242 Y-28.02 F7200
;TYPE:External perimeter
;WIDTH:0.45
G1 F1800
G1 X38.287 Y-27.862 E14.58297
G1 X38.197 Y-27.712 E14.59138
G1 X-.294 Y-3.881 E16.76876
G1 X-.412 Y-3.853 E16.77459
G1 X-1.1 Y-4.257 E16.81296
G1 X-37.883 Y-27.155 E18.89688
G1 X-37.973 Y-27.306 E18.90533
G1 X-37.749 Y-28.052 E18.94279
G1 X-37.636 Y-28.186 E18.95122
G1 X38.062 Y-28.186 E22.59203
G1 X38.215 Y-28.11 E22.60025
G1 X38.225 Y-28.077 E22.60191
G1 X38.147 Y-27.685 F7200
G1 E20.60191 F2400
G92 E0
G1 Z4.75 F7200
G1 X-38.905 Y-27.964
G1 Z2.75
G1 E2 F2400
;TYPE:Perimeter
G1 F1200
G1 X-39.002 Y-27.697 E2.01366
G1 X-39.154 Y-27.461 E2.02716
G1 X-39.554 Y-27.005 E2.05633
;WIDTH:0.491991
G1 X-39.729 Y-26.877 E2.06789
;WIDTH:0.533983
G1 X-39.905 Y-26.749 E2.08064
;WIDTH:0.575975
G1 X-40.08 Y-26.622 E2.09444
;WIDTH:0.58911
G1 X-40.288 Y-26.539 E2.1091
G1 X-40.478 Y-26.529 E2.12155
;WIDTH:0.54274
G1 X-40.668 Y-26.519 E2.1329
;WIDTH:0.49637
G1 X-40.858 Y-26.509 E2.14315
;WIDTH:0.45
G1 X-41.268 Y-26.546 E2.16295
G1 X-41.767 Y-26.656 E2.18753
G1 X-42.297 Y-26.96 E2.21692
G1 X-42.451 Y-27.089 E2.22658
G1 X-42.815 Y-27.523 E2.25382
G1 X-42.916 Y-27.697 E2.2635
G1 X-43.11 Y-28.23 E2.29078
G1 X-43.145 Y-28.428 E2.30045
G1 X-43.145 Y-28.995 E2.32772
G1 X-43.097 Y-29.227 E2.33911
G1 X-42.915 Y-29.727 E2.3647
G1 X-42.759 Y-29.967 E2.37847
G1 X-42.422 Y-30.366 E2.40359
G1 X-41.806 Y-30.746 E2.4384
G1 X-41.514 Y-30.833 E2.45305
G1 X-40.994 Y-30.921 E2.47842
G1 X-40.397 Y-30.832 E2.50745
G1 X-40.111 Y-30.746 E2.52181
G1 X-39.62 Y-30.463 E2.54907
G1 X-39.315 Y-30.153 E2.56999
G1 X-39.019 Y-29.768 E2.59335
G1 X-38.808 Y-29.193 E2.62281
G1 X-38.773 Y-28.712 E2.64601
G1 X-38.808 Y-28.23 E2.66925
G1 X-38.884 Y-28.02 E2.67999
G1 X-39.272 Y-28.097 F7200
;TYPE:External perimeter
G1 F1200
G1 X-39.356 Y-27.852 E2.69245
G1 X-39.75 Y-27.351 E2.72311
G1 X-40.304 Y-27.01 E2.7544
G1 X-40.925 Y-26.889 E2.78483
G1 X-41.551 Y-26.987 E2.81531
G1 X-42.104 Y-27.294 E2.84573
G1 X-42.52 Y-27.771 E2.87617
G1 X-42.719 Y-28.282 E2.90255
G1 X-42.759 Y-28.428 E2.90983
G1 X-42.759 Y-28.997 E2.9372
G1 X-42.554 Y-29.593 E2.96751
G1 X-42.156 Y-30.086 E2.99798
G1 X-41.613 Y-30.412 E3.02844
G1 X-40.992 Y-30.533 E3.05887
G1 X-40.304 Y-30.412 E3.09247
G1 X-39.813 Y-30.129 E3.11973
G1 X-39.397 Y-29.651 E3.15021
G1 X-39.17 Y-29.061 E3.18061
G1 X-39.158 Y-28.428 E3.21106
G1 X-39.252 Y-28.154 E3.22499
G1 X-39.42 Y-27.791 F7200
G1 E1.22499 F2400
G92 E0
G1 Z4.75 F7200
G1 X-36.617 Y18.822
G1 Z2.75
G1 E2 F2400
;TYPE:Perimeter
G1 F3600
G1 X-36.726 Y18.795 E2.0054
;WIDTH:0.491203
G1 X-36.804 Y18.746 E2.0103
;WIDTH:0.532407
G1 X-36.882 Y18.697 E2.01568
;WIDTH:0.573611
G1 X-36.96 Y18.648 E2.02153
;WIDTH:0.614815
G1 X-37.038 Y18.599 E2.02785
G1 X-37.343 Y18.018 E2.0729
;WIDTH:0.606254
G1 X-37.629 Y17.641 E2.10488
G1 X-38.021 Y17.29 E2.14044
;WIDTH:0.604548
G1 X-38.449 Y17.028 E2.17425
G1 X-38.621 Y16.949 E2.187
;WIDTH:0.565911
G1 X-38.794 Y16.871 E2.19887
;WIDTH:0.527274
G1 X-38.967 Y16.792 E2.20985
;WIDTH:0.488637
G1 X-39.14 Y16.714 E2.21989
;WIDTH:0.45
G1 X-39.34 Y16.643 E2.2301
G1 X-39.453 Y16.561 E2.23682
G1 X-39.563 Y16.411 E2.24577
;WIDTH:0.437983
G1 X-39.612 Y16.151 E2.2581
;WIDTH:0.396572
G1 X-40.703 Y-25.323 E3.97707
;WIDTH:0.445686
G1 X-40.672 Y-25.586 E3.98966
;WIDTH:0.45
G1 X-40.521 Y-25.782 E4.00156
;WIDTH:0.497166
G1 X-40.396 Y-25.866 E4.00969
;WIDTH:0.544332
G1 X-40.27 Y-25.949 E4.01872
;WIDTH:0.591498
G1 X-40.144 Y-26.033 E4.02868
;WIDTH:0.589263
G1 X-39.913 Y-26.106 E4.04454
;WIDTH:0.542842
G1 X-39.683 Y-26.18 E4.05896
;WIDTH:0.496421
G1 X-39.453 Y-26.254 E4.07198
;WIDTH:0.45
G1 X-38.99 Y-26.595 E4.09964
G1 X-38.723 Y-26.719 E4.1138
G1 X-38.551 Y-26.721 E4.12207
;WIDTH:0.443477
G1 X-38.248 Y-26.568 E4.13812
;WIDTH:0.396572
G1 X-1.466 Y-3.67 E5.93328
;WIDTH:0.441555
G1 X-1.392 Y-3.589 E5.93844
;WIDTH:0.486538
G1 X-1.318 Y-3.508 E5.94422
;WIDTH:0.531521
G1 X-1.244 Y-3.427 E5.95061
;WIDTH:0.576504
G1 X-1.17 Y-3.346 E5.95762
;WIDTH:0.621487
G1 X-1.096 Y-3.265 E5.96524
G1 X-1.096 Y-3.137 E5.97413
G1 X-1.17 Y-3.057 E5.9817
;WIDTH:0.576504
G1 X-1.244 Y-2.976 E5.98871
;WIDTH:0.531521
G1 X-1.319 Y-2.895 E5.99514
;WIDTH:0.486538
G1 X-1.393 Y-2.814 E6.00092
;WIDTH:0.441555
G1 X-1.467 Y-2.733 E6.00608
;WIDTH:0.396572
G1 X-34.892 Y17.961 E7.6349
;WIDTH:0.423285
G1 X-35.346 Y18.258 E7.65919
;WIDTH:0.45
G1 X-36.154 Y18.774 E7.7053
G1 X-36.461 Y18.861 E7.72065
G1 X-36.559 Y18.836 E7.72551
G1 X-36.513 Y18.455 F7200
;TYPE:External perimeter
G1 F1800
G1 X-36.627 Y18.375 E7.73221
G1 X-37.022 Y17.65 E7.77192
G1 X-37.432 Y17.186 E7.8017
G1 X-37.855 Y16.84 E7.82798
G1 X-38.392 Y16.55 E7.85733
G1 X-39.191 Y16.278 E7.89792
G1 X-39.253 Y16.141 E7.90515
G1 X-40.345 Y-25.332 E9.90055
G1 X-40.275 Y-25.485 E9.90864
G1 X-39.734 Y-25.698 E9.9366
G1 X-39.257 Y-25.921 E9.96193
G1 X-38.753 Y-26.291 E9.992
G1 X-38.575 Y-26.348 E10.00099
G1 X-1.655 Y-3.366 E12.09264
G1 X-1.565 Y-3.183 E12.10245
G1 X-1.656 Y-3.038 E12.11068
G1 X-36.357 Y18.446 E14.07366
G1 X-36.459 Y18.467 E14.07867
G1 X-36.729 Y18.171 F7200
G1 X-38.231 Y17.812
;TYPE:Perimeter
;WIDTH:0.606254
G1 F1200
G1 X-38.025 Y18.01 E14.09798
G1 X-37.708 Y18.423 E14.13317
;WIDTH:0.61659
G1 X-37.53 Y18.845 E14.16471
G1 X-37.523 Y19.092 E14.18173
;WIDTH:0.574943
G1 X-37.516 Y19.339 E14.19747
;WIDTH:0.533295
G1 X-37.51 Y19.585 E14.21186
;WIDTH:0.491647
G1 X-37.503 Y19.832 E14.22503
;WIDTH:0.45
G1 X-37.637 Y20.304 E14.24863
G1 X-37.832 Y20.737 E14.27147
G1 X-38.196 Y21.171 E14.29871
G1 X-38.35 Y21.3 E14.30837
G1 X-38.841 Y21.584 E14.33565
G1 X-39.069 Y21.659 E14.34719
G1 X-39.588 Y21.751 E14.37254
G1 X-39.789 Y21.751 E14.38221
G1 X-40.348 Y21.652 E14.40951
G1 X-40.536 Y21.584 E14.41913
G1 X-41.027 Y21.3 E14.44641
G1 X-41.181 Y21.171 E14.45607
G1 X-41.646 Y20.563 E14.49288
G1 X-41.84 Y20.03 E14.52016
G1 X-41.875 Y19.62 E14.53995
G1 X-41.855 Y19.116 E14.56421
G1 X-41.646 Y18.535 E14.59391
G1 X-41.54 Y18.355 E14.60396
G1 X-41.181 Y17.927 E14.63083
G1 X-40.779 Y17.654 E14.6542
G1 X-40.347 Y17.445 E14.67728
G1 X-39.789 Y17.347 E14.70453
;WIDTH:0.498946
G1 X-39.405 Y17.372 E14.72539
;WIDTH:0.547893
G1 X-39.022 Y17.397 E14.74854
;WIDTH:0.597136
G1 X-38.804 Y17.45 E14.76345
G1 X-38.314 Y17.734 E14.80108
;WIDTH:0.606254
G1 X-38.275 Y17.771 E14.80471
G1 X-38.521 Y18.158 F7200
;TYPE:External perimeter
;WIDTH:0.45
G1 F1200
G1 X-38.094 Y18.667 E14.83666
G1 X-37.9 Y19.199 E14.8639
G1 X-37.888 Y19.832 E14.89435
G1 X-38.094 Y20.431 E14.92482
G1 X-38.485 Y20.915 E14.95475
G1 X-39.034 Y21.25 E14.98568
G1 X-39.655 Y21.371 E15.01611
G1 X-40.281 Y21.273 E15.04659
G1 X-40.834 Y20.966 E15.07701
G1 X-41.186 Y20.565 E15.10267
G1 X-41.284 Y20.431 E15.11065
G1 X-41.477 Y19.898 E15.13791
G1 X-41.489 Y19.265 E15.16836
G1 X-41.284 Y18.667 E15.19876
G1 X-40.886 Y18.174 E15.22923
G1 X-40.343 Y17.848 E15.25969
G1 X-39.722 Y17.727 E15.29012
G1 X-39.097 Y17.825 E15.32055
G1 X-38.566 Y18.119 E15.34974
G1 X-38.302 Y18.42 F7200
G1 E13.34974 F2400
G92 E0
G1 Z4.75 F7200
G1 X-44.107 Y20.758
G1 Z2.75
G1 E2 F2400
;TYPE:Perimeter
;WIDTH:0.435464
G1 F3600
G1 X-44.119 Y20.932 E2.00807
;WIDTH:0.461047
G1 X-44.184 Y21.138 E2.01876
;WIDTH:0.48663
G1 X-44.248 Y21.343 E2.03007
;WIDTH:0.502134
G1 X-44.527 Y21.724 E2.05585
G1 X-44.89 Y21.977 E2.08001
;WIDTH:0.478436
G1 X-45.158 Y22.05 E2.09435
;WIDTH:0.440687
G1 X-45.425 Y22.123 E2.10734
;WIDTH:0.402939
G1 X-51.929 Y22.133 E2.38198
;WIDTH:0.427743
G1 X-52.306 Y22.097 E2.39914
;WIDTH:0.471303
G1 X-52.712 Y21.968 E2.42076
;WIDTH:0.489867
G1 X-53.143 Y21.635 E2.44966
G1 X-53.402 Y21.192 E2.47689
;WIDTH:0.429883
G1 X-53.513 Y20.55 E2.50659
;WIDTH:0.396572
G1 X-53.513 Y-22.753 E4.30075
;WIDTH:0.427743
G1 X-53.477 Y-23.129 E4.31787
;WIDTH:0.471305
G1 X-53.348 Y-23.535 E4.33949
;WIDTH:0.489865
G1 X-53.015 Y-23.965 E4.36835
G1 X-52.574 Y-24.227 E4.39557
;WIDTH:0.46201
G1 X-52.285 Y-24.281 E4.41015
;WIDTH:0.429291
G1 X-51.996 Y-24.335 E4.42353
;WIDTH:0.396572
G1 X-46.803 Y-24.335 E4.63869
;WIDTH:0.425933
G1 X-46.437 Y-24.302 E4.65526
;WIDTH:0.473889
G1 X-45.945 Y-24.124 E4.68198
;WIDTH:0.48806
G1 X-45.562 Y-23.806 E4.70829
G1 X-45.344 Y-23.423 E4.73158
;WIDTH:0.453264
G1 X-45.283 Y-23.141 E4.74557
;WIDTH:0.424918
G1 X-45.222 Y-22.86 E4.7585
;WIDTH:0.396573
G1 X-44.123 Y18.922 E6.49024
;WIDTH:0.444878
G1 X-44.094 Y19.108 E6.49917
;WIDTH:0.493186
G1 X-44.065 Y19.293 E6.50919
;WIDTH:0.541494
G1 X-44.036 Y19.479 E6.52039
;WIDTH:0.589802
G1 X-44.007 Y19.664 E6.53266
G1 X-44.026 Y19.851 E6.54498
;WIDTH:0.541494
G1 X-44.045 Y20.038 E6.55617
;WIDTH:0.493187
G1 X-44.064 Y20.225 E6.56622
;WIDTH:0.444879
G1 X-44.084 Y20.411 E6.5751
;WIDTH:0.435464
G1 X-44.103 Y20.698 E6.58841
G1 X-44.466 Y20.71 F7200
;TYPE:External perimeter
;WIDTH:0.45
G1 F1800
G1 X-44.481 Y20.822 E6.59384
G1 X-44.579 Y21.111 E6.60852
G1 X-44.85 Y21.454 E6.62954
G1 X-45.149 Y21.655 E6.64687
G1 X-45.501 Y21.761 E6.66455
G1 X-51.93 Y21.774 E6.97376
G1 X-52.178 Y21.745 E6.98577
G1 X-52.569 Y21.59 E7.006
G1 X-52.887 Y21.308 E7.02644
G1 X-53.089 Y20.935 E7.04684
G1 X-53.154 Y20.55 E7.06562
G1 X-53.154 Y-22.753 E9.14834
G1 X-53.125 Y-23.001 E9.16035
G1 X-52.97 Y-23.391 E9.18053
G1 X-52.689 Y-23.709 E9.20094
G1 X-52.3 Y-23.914 E9.22209
G1 X-51.93 Y-23.976 E9.24013
G1 X-46.803 Y-23.976 E9.48672
G1 X-46.563 Y-23.95 E9.49833
G1 X-46.174 Y-23.799 E9.5184
G1 X-45.858 Y-23.526 E9.53848
G1 X-45.643 Y-23.115 E9.56079
G1 X-45.579 Y-22.785 E9.57696
G1 X-44.44 Y20.518 E11.6604
G1 X-44.458 Y20.65 E11.66681
G1 X-44.558 Y21.037 F7200
G1 E9.66681 F2400
G92 E0
G1 Z4.75 F7200
G1 X32.743 Y17.778
G1 Z2.75
G1 E2 F2400
;TYPE:Perimeter
G1 F3600
G1 X32.767 Y18.05 E2.01313
G1 X32.389 Y19.096 E2.06662
G1 X32.293 Y19.231 E2.07459
G1 X32.141 Y19.339 E2.08356
;WIDTH:0.438899
G1 X31.92 Y19.383 E2.09409
;WIDTH:0.396572
G1 X-34.393 Y19.383 E4.84162
;WIDTH:0.423286
G1 X-34.671 Y19.186 E4.85687
;WIDTH:0.45
G1 X-34.949 Y18.989 E4.87326
G1 X-34.983 Y18.871 E4.87917
G1 X-34.888 Y18.581 E4.89385
;WIDTH:0.423285
G1 X-34.793 Y18.291 E4.90751
;WIDTH:0.396572
G1 X-1.292 Y-2.45 E6.54003
;WIDTH:0.441555
G1 X-1.183 Y-2.544 E6.5468
;WIDTH:0.486538
G1 X-1.074 Y-2.638 E6.55438
;WIDTH:0.531521
G1 X-.965 Y-2.732 E6.56277
;WIDTH:0.576504
G1 X-.856 Y-2.826 E6.57196
;WIDTH:0.621487
G1 X-.747 Y-2.92 E6.58196
G1 X-.599 Y-2.945 E6.59239
;WIDTH:0.574181
G1 X-.45 Y-2.97 E6.602
G1 X-.276 Y-2.96 E6.61308
;WIDTH:0.621486
G1 X-.102 Y-2.95 E6.62519
G1 X.018 Y-2.85 E6.63604
;WIDTH:0.576503
G1 X.138 Y-2.749 E6.64606
;WIDTH:0.53152
G1 X.258 Y-2.649 E6.65516
;WIDTH:0.486537
G1 X.378 Y-2.549 E6.66338
;WIDTH:0.441554
G1 X.497 Y-2.448 E6.67072
;WIDTH:0.396572
G1 X32.491 Y17.468 E8.23217
;WIDTH:0.410238
G1 X32.612 Y17.56 E8.23873
;WIDTH:0.44232
G1 X32.727 Y17.722 E8.24809
G1 X32.368 Y17.883 F7200
;TYPE:External perimeter
;WIDTH:0.45
G1 F1800
G1 X32.392 Y17.922 E8.25029
G1 X32.015 Y18.964 E8.30359
G1 X31.89 Y19.024 E8.31026
G1 X-34.393 Y19.024 E11.49824
G1 X-34.579 Y18.884 E11.50944
G1 X-34.612 Y18.766 E11.51533
G1 X-34.528 Y18.549 E11.52652
G1 X-.499 Y-2.519 E13.45148
G1 X-.38 Y-2.547 E13.45736
G1 X.308 Y-2.143 E13.49573
G1 X32.301 Y17.773 E15.30827
G1 X32.337 Y17.832 E15.31159
G1 X32.275 Y18.227 F7200
G1 E13.31159 F2400
G92 E0
G1 Z4.75 F7200
G1 X38.915 Y-26.814
G1 Z2.75
G1 E2 F2400
G1 F1800
G1 X39.02 Y-26.677 E2.0083
G1 X39.038 Y-26.523 E2.01576
G1 X38.955 Y-26.417 E2.02224
G1 X38.832 Y-26.341 E2.02919
G1 X35.049 Y16.121 E4.07955
G1 X34.97 Y16.261 E4.08728
G1 X34.481 Y16.378 E4.11146
G1 X33.917 Y16.577 E4.14023
G1 X33.146 Y17.014 E4.18285
G1 X33.024 Y16.986 E4.18887
G1 X.863 Y-3.035 E6.01094
G1 X.773 Y-3.217 E6.02071
G1 X.863 Y-3.363 E6.02896
G1 X38.404 Y-26.605 E8.15258
G1 X38.432 Y-26.919 E8.16774
G1 X38.542 Y-27.076 E8.17696
G1 X38.717 Y-27.07 E8.18538
G1 X38.878 Y-26.862 E8.19803
G1 X38.99 Y-26.477 F7200
G1 E6.19803 F2400
G92 E0
G1 Z4.75 F7200
G1 X33.113 Y19.168
G1 Z2.75
G1 E2 F2400
;TYPE:Perimeter
G1 F1200
G1 X33.12 Y19.067 E2.00487
G1 X33.314 Y18.535 E2.03211
G1 X33.589 Y18.153 E2.05475
G1 X33.933 Y17.797 E2.07856
G1 X34.429 Y17.511 E2.1061
G1 X34.786 Y17.415 E2.12388
G1 X35.372 Y17.347 E2.15225
G1 X35.93 Y17.445 E2.1795
G1 X36.133 Y17.522 E2.18994
G1 X36.61 Y17.797 E2.21642
G1 X36.809 Y17.981 E2.22946
G1 X37.163 Y18.407 E2.2561
G1 X37.422 Y19.067 E2.2902
G1 X37.457 Y19.44 E2.30822
G1 X37.438 Y19.978 E2.33411
G1 X37.238 Y20.538 E2.36271
G1 X37.128 Y20.737 E2.37365
G1 X36.764 Y21.171 E2.40089
G1 X36.593 Y21.31 E2.41149
G1 X36.119 Y21.584 E2.43782
G1 X35.858 Y21.665 E2.45096
G1 X35.313 Y21.758 E2.47755
G1 X34.612 Y21.652 E2.51165
G1 X34.279 Y21.5 E2.52926
G1 X33.83 Y21.225 E2.55458
G1 X33.437 Y20.763 E2.58375
G1 X33.294 Y20.509 E2.59777
G1 X33.12 Y20.03 E2.62228
G1 X33.085 Y19.549 E2.64548
G1 X33.109 Y19.228 E2.66096
G1 X33.482 Y19.233 F7200
;TYPE:External perimeter
G1 F1200
G1 X33.676 Y18.667 E2.68974
G1 X34.074 Y18.174 E2.72021
G1 X34.679 Y17.825 E2.7538
G1 X35.238 Y17.727 E2.7811
G1 X35.831 Y17.819 E2.80996
G1 X36.417 Y18.131 E2.84189
G1 X36.833 Y18.609 E2.87237
G1 X37.06 Y19.199 E2.90277
G1 X37.072 Y19.752 E2.92937
G1 X37.06 Y19.898 E2.93642
G1 X36.866 Y20.431 E2.9637
G1 X36.468 Y20.923 E2.99414
G1 X35.926 Y21.25 E3.02459
G1 X35.305 Y21.371 E3.05502
G1 X34.679 Y21.273 E3.0855
G1 X34.126 Y20.966 E3.11592
G1 X33.732 Y20.515 E3.14472
G1 X33.483 Y19.898 E3.17672
G1 X33.471 Y19.291 E3.20592
G1 X33.594 Y18.91 F7200
G1 E1.20592 F2400
G92 E0
G1 Z4.75 F7200
G1 X41.591 Y-30.907
G1 Z2.75
G1 E2 F2400
;TYPE:Perimeter
G1 F1200
G1 X41.692 Y-30.913 E2.00487
G1 X42.25 Y-30.815 E2.03212
G1 X42.653 Y-30.622 E2.05361
G1 X43.084 Y-30.333 E2.07857
G1 X43.448 Y-29.899 E2.10581
G1 X43.641 Y-29.47 E2.12844
G1 X43.775 Y-29.044 E2.14992
G1 X43.777 Y-28.428 E2.17955
G1 X43.742 Y-28.23 E2.18922
G1 X43.548 Y-27.697 E2.2165
G1 X43.448 Y-27.523 E2.22615
G1 X43.084 Y-27.089 E2.25339
G1 X42.93 Y-26.96 E2.26305
G1 X42.439 Y-26.676 E2.29033
G1 X42.25 Y-26.608 E2.29999
G1 X41.692 Y-26.509 E2.32725
G1 X41.436 Y-26.519 E2.33957
G1 X40.933 Y-26.608 E2.36414
G1 X40.531 Y-26.799 E2.38555
G1 X40.099 Y-27.089 E2.41058
G1 X39.734 Y-27.523 E2.43785
G1 X39.54 Y-27.954 E2.46058
G1 X39.405 Y-28.428 E2.48428
G1 X39.405 Y-28.995 E2.51155
G1 X39.537 Y-29.46 E2.5348
G1 X39.734 Y-29.899 E2.55794
G1 X40.099 Y-30.333 E2.58521
G1 X40.323 Y-30.503 E2.59873
G1 X40.798 Y-30.774 E2.62503
G1 X41.376 Y-30.893 E2.65341
G1 X41.531 Y-30.903 E2.66088
G1 X41.591 Y-30.528 F7200
;TYPE:External perimeter
G1 F1200
G1 X41.625 Y-30.533 E2.66253
G1 X42.183 Y-30.435 E2.68978
G1 X42.713 Y-30.142 E2.71891
G1 X43.153 Y-29.651 E2.75062
G1 X43.38 Y-29.061 E2.78102
G1 X43.392 Y-28.428 E2.81147
G1 X43.186 Y-27.829 E2.84194
G1 X42.737 Y-27.294 E2.87553
G1 X42.246 Y-27.01 E2.90281
G1 X41.642 Y-26.892 E2.93241
G1 X40.999 Y-26.987 E2.96367
G1 X40.446 Y-27.294 E2.99409
G1 X40.03 Y-27.771 E3.02453
G1 X39.791 Y-28.428 E3.05816
G1 X39.791 Y-28.995 E3.08543
G1 X39.996 Y-29.593 E3.11583
G1 X40.394 Y-30.086 E3.1463
G1 X40.937 Y-30.412 E3.17676
G1 X41.532 Y-30.517 E3.20582
G1 X41.93 Y-30.476 F7200
G1 E1.20582 F2400
G92 E0
G1 Z4.75 F7200
G1 X32.755 Y19.104
G1 Z2.75
G1 E2 F2400
;TYPE:Perimeter
;WIDTH:0.455281
G1 F1200
G1 X32.765 Y19.071 E2.00168
;WIDTH:0.407521
G1 X32.8 Y18.951 E2.00703
;WIDTH:0.361727
G1 X33.036 Y18.319 E2.03205
;WIDTH:0.409604
G1 X33.076 Y18.226 E2.03641
;WIDTH:0.457482
G1 X33.116 Y18.134 E2.04133
;WIDTH:0.505359
G1 X33.156 Y18.041 E2.0469
;WIDTH:0.553237
G1 X33.196 Y17.949 E2.05302
;WIDTH:0.601115
G1 X33.236 Y17.856 E2.0598
G1 X33.311 Y17.806 E2.06583
;WIDTH:0.554129
G1 X33.387 Y17.756 E2.07139
;WIDTH:0.507143
G1 X33.463 Y17.706 E2.07641
;WIDTH:0.460158
G1 X33.538 Y17.655 E2.08089
;WIDTH:0.413172
G1 X33.614 Y17.605 E2.08485
;WIDTH:0.370205
G1 X34.161 Y17.266 E2.1094
;WIDTH:0.377337
G1 X34.726 Y17.071 E2.13273
;WIDTH:0.419639
G1 X34.882 Y17.038 E2.1398
;WIDTH:0.461941
G1 X35.038 Y17.006 E2.1477
;WIDTH:0.504244
G1 X35.194 Y16.973 E2.15645
;WIDTH:0.546546
G1 X35.35 Y16.941 E2.16603
;WIDTH:0.588849
G1 X35.507 Y16.909 E2.17651
G1 X35.636 Y16.959 E2.18556
;WIDTH:0.541414
G1 X35.766 Y17.009 E2.19385
;WIDTH:0.49398
G1 X35.895 Y17.059 E2.20126
;WIDTH:0.446545
G1 X36.025 Y17.109 E2.2079
;WIDTH:0.399111
G1 X36.154 Y17.16 E2.21369
;WIDTH:0.379637
G1 X36.581 Y17.376 E2.23251
G1 X37.025 Y17.707 E2.25429
;WIDTH:0.360873
G1 X37.389 Y18.142 E2.27527
;WIDTH:0.374187
G1 X37.627 Y18.614 E2.2957
G1 X37.79 Y19.17 E2.31809
;WIDTH:0.371917
G1 X37.804 Y19.752 E2.34042
G1 X37.743 Y20.147 E2.35575
;WIDTH:0.367107
G1 X37.561 Y20.655 E2.37612
G1 X37.39 Y20.956 E2.38919
;WIDTH:0.362765
G1 X37.026 Y21.391 E2.4103
;WIDTH:0.366373
G1 X36.764 Y21.608 E2.42311
G1 X36.117 Y21.951 E2.45069
;WIDTH:0.377999
G1 X35.611 Y22.064 E2.47097
G1 X35.112 Y22.083 E2.4905
;WIDTH:0.353183
G1 X34.554 Y21.981 E2.51093
;WIDTH:0.359469
G1 X34.254 Y21.878 E2.5226
G1 X33.763 Y21.595 E2.54346
;WIDTH:0.358697
G1 X33.523 Y21.385 E2.55517
;WIDTH:0.367123
G1 X33.173 Y20.984 E2.57527
G1 X32.972 Y20.626 E2.59077
;WIDTH:0.365181
G1 X32.796 Y20.129 E2.61055
;WIDTH:0.403686
G1 X32.762 Y20.013 E2.61567
;WIDTH:0.452405
G1 X32.728 Y19.897 E2.62152
;WIDTH:0.501124
G1 X32.694 Y19.781 E2.6281
;WIDTH:0.549843
G1 X32.66 Y19.665 E2.63542
;WIDTH:0.598563
G1 X32.625 Y19.549 E2.64349
G1 X32.66 Y19.429 E2.65182
;WIDTH:0.550802
G1 X32.695 Y19.31 E2.65935
;WIDTH:0.503042
G1 X32.73 Y19.19 E2.66619
;WIDTH:0.455281
G1 X32.738 Y19.162 E2.66761
G1 E.66761 F2400
G92 E0
G1 Z4.75 F7200
G1 X39.07 Y-29.134
G1 Z2.75
G1 E2 F2400
;WIDTH:0.369655
G1 F1200
G1 X39.313 Y-29.842 E2.0285
;WIDTH:0.366943
G1 X39.487 Y-30.14 E2.04152
G1 X39.838 Y-30.553 E2.06197
;WIDTH:0.372031
G1 X40.15 Y-30.803 E2.07731
G1 X40.661 Y-31.082 E2.09965
;WIDTH:0.374657
G1 X41.316 Y-31.236 E2.12569
G1 X41.751 Y-31.249 E2.14253
;WIDTH:0.370423
G1 X42.25 Y-31.166 E2.16184
G1 X42.609 Y-31.042 E2.17634
;WIDTH:0.366027
G1 X43.078 Y-30.774 E2.19666
;WIDTH:0.373751
G1 X43.489 Y-30.391 E2.21834
G1 X43.821 Y-29.928 E2.24032
;WIDTH:0.355341
G1 X44.06 Y-29.308 E2.26443
G1 X44.111 Y-28.995 E2.27594
;WIDTH:0.353275
G1 X44.114 Y-28.428 E2.29637
G1 X44.057 Y-28.116 E2.3078
;WIDTH:0.352383
G1 X43.865 Y-27.582 E2.32818
G1 X43.706 Y-27.307 E2.33959
;WIDTH:0.352675
G1 X43.342 Y-26.872 E2.35999
;WIDTH:0.355847
G1 X43.099 Y-26.667 E2.37155
G1 X42.608 Y-26.384 E2.39215
;WIDTH:0.361587
G1 X42.309 Y-26.272 E2.40399
G1 X41.768 Y-26.177 E2.42435
;WIDTH:0.367179
G1 X41.377 Y-26.18 E2.43912
G1 X40.874 Y-26.275 E2.45845
;WIDTH:0.392955
G1 X40.352 Y-26.49 E2.48159
;WIDTH:0.434733
G1 X40.26 Y-26.522 E2.48609
;WIDTH:0.476511
G1 X40.168 Y-26.554 E2.4911
;WIDTH:0.51829
G1 X40.076 Y-26.586 E2.49661
;WIDTH:0.560068
G1 X39.983 Y-26.618 E2.50269
;WIDTH:0.601847
G1 X39.891 Y-26.65 E2.50922
G1 X39.835 Y-26.744 E2.51655
;WIDTH:0.558264
G1 X39.779 Y-26.839 E2.52334
;WIDTH:0.514682
G1 X39.723 Y-26.933 E2.52949
;WIDTH:0.471099
G1 X39.667 Y-27.028 E2.53508
;WIDTH:0.427517
G1 X39.611 Y-27.122 E2.54004
;WIDTH:0.411507
G1 X39.29 Y-27.572 E2.56397
;WIDTH:0.452482
G1 X39.247 Y-27.629 E2.56743
;WIDTH:0.493458
G1 X39.204 Y-27.686 E2.57125
;WIDTH:0.534433
G1 X39.162 Y-27.744 E2.57545
;WIDTH:0.575409
G1 X39.119 Y-27.801 E2.58
G1 X38.974 Y-28.428 E2.62102
;WIDTH:0.581538
G1 X38.954 Y-28.498 E2.62572
;WIDTH:0.620917
G1 X38.934 Y-28.568 E2.63077
;WIDTH:0.660295
G1 X38.915 Y-28.638 E2.63616
G1 E.63616 F2400
G92 E0
G1 Z4.75 F7200
G1 X-40.889 Y-26.053
G1 Z2.75
G1 E2 F2400
;WIDTH:0.577839
G1 F1200
G1 X-41.047 Y-26.098 E2.01052
;WIDTH:0.532717
G1 X-41.204 Y-26.142 E2.02004
;WIDTH:0.487596
G1 X-41.361 Y-26.187 E2.02866
;WIDTH:0.442475
G1 X-41.519 Y-26.232 E2.03641
;WIDTH:0.397354
G1 X-41.676 Y-26.276 E2.04318
;WIDTH:0.352233
G1 X-41.973 Y-26.387 E2.05456
G1 X-42.466 Y-26.668 E2.07493
G1 X-42.708 Y-26.874 E2.08634
;WIDTH:0.353373
G1 X-43.074 Y-27.306 E2.10675
G1 X-43.232 Y-27.582 E2.11821
;WIDTH:0.355693
G1 X-43.428 Y-28.114 E2.13881
;WIDTH:0.356311
G1 X-43.483 Y-28.428 E2.15042
;WIDTH:0.365119
G1 X-43.488 Y-28.962 E2.17045
G1 X-43.418 Y-29.344 E2.18502
;WIDTH:0.361531
G1 X-43.235 Y-29.845 E2.20479
;WIDTH:0.365957
G1 X-43.022 Y-30.188 E2.21998
G1 X-42.696 Y-30.567 E2.23878
;WIDTH:0.369351
G1 X-42.349 Y-30.831 E2.25536
G1 X-41.854 Y-31.097 E2.27673
;WIDTH:0.376855
G1 X-41.267 Y-31.231 E2.3002
G1 X-40.799 Y-31.249 E2.31845
;WIDTH:0.360381
G1 X-40.241 Y-31.15 E2.33937
G1 X-39.943 Y-31.037 E2.35114
;WIDTH:0.352229
G1 X-39.452 Y-30.754 E2.37149
;WIDTH:0.361805
G1 X-39.205 Y-30.553 E2.3833
G1 X-38.847 Y-30.113 E2.40434
;WIDTH:0.353307
G1 X-38.685 Y-29.841 E2.41575
;WIDTH:0.361807
G1 X-38.487 Y-29.309 E2.43681
;WIDTH:0.408808
G1 X-38.452 Y-29.19 E2.44214
;WIDTH:0.455809
G1 X-38.418 Y-29.07 E2.44823
;WIDTH:0.50281
G1 X-38.383 Y-28.951 E2.45501
;WIDTH:0.549811
G1 X-38.348 Y-28.831 E2.46258
;WIDTH:0.596813
G1 X-38.314 Y-28.712 E2.4708
G1 X-38.347 Y-28.599 E2.47862
;WIDTH:0.548539
G1 X-38.38 Y-28.486 E2.48573
;WIDTH:0.500266
G1 X-38.412 Y-28.374 E2.49206
;WIDTH:0.451993
G1 X-38.445 Y-28.261 E2.49775
;WIDTH:0.40372
G1 X-38.478 Y-28.149 E2.50269
;WIDTH:0.377625
G1 X-38.665 Y-27.601 E2.52531
;WIDTH:0.420366
G1 X-38.693 Y-27.514 E2.52937
;WIDTH:0.463108
G1 X-38.721 Y-27.428 E2.53387
;WIDTH:0.505849
G1 X-38.749 Y-27.341 E2.5389
;WIDTH:0.548591
G1 X-38.777 Y-27.254 E2.54442
;WIDTH:0.591333
G1 X-38.805 Y-27.168 E2.55036
G1 X-38.913 Y-27.082 E2.55943
;WIDTH:0.542811
G1 X-39.022 Y-26.997 E2.56768
;WIDTH:0.494289
G1 X-39.131 Y-26.911 E2.57512
;WIDTH:0.445767
G1 X-39.239 Y-26.826 E2.58166
;WIDTH:0.397245
G1 X-39.348 Y-26.74 E2.58742
;WIDTH:0.373903
G1 X-39.629 Y-26.554 E2.60043
G1 E.60043 F2400
G92 E0
G1 Z4.75 F7200
G1 X-37.181 Y18.938
G1 Z2.75
G1 E2 F2400
;WIDTH:0.437005
G1 F1200
G1 X-36.902 Y19.131 E2.01577
;WIDTH:0.478826
G1 X-36.682 Y19.206 E2.02778
;WIDTH:0.520647
G1 X-36.463 Y19.282 E2.04097
G1 X-36.648 Y19.378 E2.05283
;WIDTH:0.478826
G1 X-36.833 Y19.475 E2.06363
;WIDTH:0.437005
G1 X-37.126 Y19.837 E2.08527
;WIDTH:0.395831
G1 X-37.176 Y20.003 E2.09244
G1 X-37.144 Y19.832 E2.09963
;WIDTH:0.437005
G1 X-37.124 Y19.321 E2.1234
G1 X-37.173 Y18.997 E2.13863
G1 X-37.176 Y20.003 F7200
;WIDTH:0.363651
G1 F1200
G1 X-37.418 Y20.677 E2.16536
;WIDTH:0.360693
G1 X-37.571 Y20.956 E2.17712
;WIDTH:0.364933
G1 X-37.927 Y21.384 E2.19799
G1 X-38.18 Y21.595 E2.21034
;WIDTH:0.360655
G1 X-38.674 Y21.873 E2.23129
;WIDTH:0.367023
G1 X-39.009 Y21.998 E2.24479
G1 X-39.53 Y22.083 E2.26472
;WIDTH:0.353367
G1 X-39.847 Y22.08 E2.27615
;WIDTH:0.353115
G1 X-40.406 Y21.984 E2.29658
G1 X-40.704 Y21.874 E2.30802
;WIDTH:0.353539
G1 X-41.196 Y21.592 E2.32847
G1 X-41.439 Y21.387 E2.33994
;WIDTH:0.360065
G1 X-41.806 Y20.956 E2.36082
;WIDTH:0.377289
G1 X-42.032 Y20.524 E2.37985
;WIDTH:0.411882
G1 X-42.145 Y20.178 E2.39563
;WIDTH:0.446475
G1 X-42.259 Y19.832 E2.41299
;WIDTH:0.485303
G1 X-42.278 Y19.779 E2.41595
;WIDTH:0.524132
G1 X-42.297 Y19.726 E2.41918
;WIDTH:0.56296
G1 X-42.317 Y19.673 E2.4227
;WIDTH:0.601789
G1 X-42.336 Y19.62 E2.42647
G1 X-42.31 Y19.522 E2.43327
;WIDTH:0.560046
G1 X-42.284 Y19.423 E2.4396
;WIDTH:0.518303
G1 X-42.258 Y19.325 E2.44534
;WIDTH:0.47656
G1 X-42.232 Y19.227 E2.45055
;WIDTH:0.434817
G1 X-42.206 Y19.128 E2.45528
;WIDTH:0.393074
G1 X-42.18 Y19.03 E2.45944
;WIDTH:0.363705
G1 X-41.968 Y18.418 E2.48362
;WIDTH:0.365413
G1 X-41.803 Y18.134 E2.49595
G1 X-41.443 Y17.707 E2.51692
;WIDTH:0.373377
G1 X-40.953 Y17.353 E2.54022
G1 X-40.521 Y17.142 E2.55875
;WIDTH:0.391356
G1 X-40.356 Y17.091 E2.56579
;WIDTH:0.430262
G1 X-40.191 Y17.04 E2.57367
;WIDTH:0.469167
G1 X-40.026 Y16.989 E2.58239
;WIDTH:0.508073
G1 X-39.861 Y16.938 E2.59195
;WIDTH:0.542911
G1 X-39.81 Y16.915 E2.59529
;WIDTH:0.577749
G1 X-39.759 Y16.891 E2.5989
G1 X-39.627 Y16.931 E2.60773
;WIDTH:0.528616
G1 X-39.495 Y16.972 E2.61573
;WIDTH:0.479483
G1 X-39.364 Y17.012 E2.62282
;WIDTH:0.43035
G1 X-39.232 Y17.053 E2.62913
G1 E.62913 F2400
G92 E0
G1 Z4.75 F7200
G1 X-35.499 Y18.832
G1 Z2.75
G1 E2 F2400
;WIDTH:0.466619
G1 F1200
G1 X-35.28 Y18.696 E2.01293
G1 X-35.362 Y18.979 E2.02771
G1 X-35.328 Y19.097 E2.03387
G1 X-35.067 Y19.294 E2.05028
G1 X-35.539 Y19.294 E2.07396
;WIDTH:0.493225
G1 X-35.916 Y19.281 E2.09414
;WIDTH:0.519831
G1 X-36.294 Y19.268 E2.11563
G1 X-36.12 Y19.188 E2.12651
;WIDTH:0.493225
G1 X-35.946 Y19.109 E2.13673
;WIDTH:0.466619
G1 X-35.55 Y18.864 E2.16009
G1 X-36.294 Y19.268 F7200
;WIDTH:0.520647
G1 F1200
G1 X-36.463 Y19.282 E2.16974
G1 E.16974 F2400
G92 E0
G1 Z4.75 F7200
G1 X38.538 Y-28.971
G1 Z2.75
G1 E2 F2400
;WIDTH:0.45
G1 F3600
G1 X38.584 Y-29.001 E2.00264
G1 X38.709 Y-29.164 E2.01252
G1 X38.878 Y-29.699 E2.0395
G1 X39.102 Y-30.164 E2.06432
G1 X39.407 Y-30.599 E2.08987
G1 X39.77 Y-30.946 E2.11402
G1 X40.24 Y-31.262 E2.14126
G1 X40.67 Y-31.444 E2.16372
G1 X41.257 Y-31.579 E2.19269
G1 X41.777 Y-31.588 E2.2177
G1 X42.319 Y-31.505 E2.24407
G1 X42.757 Y-31.349 E2.26643
G1 X43.288 Y-31.047 E2.29581
G1 X43.724 Y-30.647 E2.32427
G1 X44.023 Y-30.266 E2.34756
G1 X44.28 Y-29.743 E2.37559
G1 X44.424 Y-29.245 E2.40052
G1 X44.471 Y-28.638 E2.4298
G1 X44.434 Y-28.214 E2.45027
G1 X44.27 Y-27.654 E2.47834
G1 X44.061 Y-27.217 E2.50164
G1 X43.705 Y-26.755 E2.52969
G1 X43.351 Y-26.423 E2.55303
G1 X42.851 Y-26.122 E2.5811
G1 X42.402 Y-25.941 E2.60438
G1 X41.827 Y-25.841 E2.63245
G1 X41.308 Y-25.843 E2.65741
G1 X40.586 Y-26.017 E2.69313
G1 X40.035 Y-26.195 E2.72098
G1 X39.744 Y-26.128 E2.73534
G1 X39.54 Y-25.946 E2.74849
G1 X39.503 Y-25.806 E2.75545
;WIDTH:0.423285
G1 X39.466 Y-25.666 E2.76193
;WIDTH:0.396573
G1 X35.738 Y16.183 E4.50272
;WIDTH:0.438469
G1 X35.758 Y16.449 E4.51517
;WIDTH:0.45
G1 X35.85 Y16.61 E4.52409
G1 X36.082 Y16.772 E4.5377
G1 X36.274 Y16.845 E4.54758
G1 X36.78 Y17.088 E4.57458
G1 X37.334 Y17.53 E4.60867
G1 X37.67 Y17.951 E4.63458
G1 X37.94 Y18.463 E4.66242
G1 X38.077 Y18.928 E4.68574
G1 X38.156 Y19.446 E4.71094
G1 X38.117 Y20.009 E4.73808
G1 X37.998 Y20.496 E4.76219
G1 X37.775 Y20.977 E4.78769
G1 X37.486 Y21.402 E4.81241
G1 X37.115 Y21.764 E4.83734
G1 X36.647 Y22.087 E4.86469
G1 X35.986 Y22.346 E4.89884
G1 X35.335 Y22.434 E4.93044
G1 X34.814 Y22.393 E4.95558
G1 X34.115 Y22.189 E4.9906
G1 X33.544 Y21.858 E5.02234
G1 X33.111 Y21.46 E5.05063
G1 X32.9 Y21.195 E5.06692
G1 X32.657 Y20.767 E5.09059
G1 X32.422 Y20.079 E5.12556
G1 X32.293 Y19.867 E5.1375
G1 X32.14 Y19.759 E5.14651
;WIDTH:0.438899
G1 X31.875 Y19.715 E5.15906
;WIDTH:0.396572
G1 X-34.393 Y19.715 E7.90472
;WIDTH:0.423286
G1 X-34.944 Y19.701 E7.92939
;WIDTH:0.45
G1 X-36.392 Y19.696 E7.99903
G1 X-36.619 Y19.788 E8.01081
G1 X-36.808 Y20.001 E8.02451
G1 X-36.974 Y20.523 E8.05086
G1 X-37.163 Y20.915 E8.07179
G1 X-37.466 Y21.389 E8.09885
G1 X-37.83 Y21.751 E8.12354
G1 X-38.343 Y22.1 E8.15338
G1 X-38.813 Y22.29 E8.17776
G1 X-39.255 Y22.401 E8.19968
G1 X-39.815 Y22.42 E8.22663
G1 X-40.32 Y22.362 E8.25108
G1 X-40.807 Y22.198 E8.2758
G1 X-41.283 Y21.952 E8.30157
G1 X-41.687 Y21.615 E8.32687
G1 X-42.093 Y21.14 E8.35692
G1 X-42.364 Y20.631 E8.38465
G1 X-42.577 Y20.047 E8.41455
G1 X-42.829 Y19.839 E8.43027
G1 X-43.122 Y19.796 E8.44451
;WIDTH:0.4966
G1 X-43.277 Y19.82 E8.45297
;WIDTH:0.543201
G1 X-43.432 Y19.844 E8.46234
;WIDTH:0.589802
G1 X-43.587 Y19.868 E8.47262
G1 X-43.628 Y20.002 E8.4818
;WIDTH:0.541494
G1 X-43.669 Y20.135 E8.49008
;WIDTH:0.493187
G1 X-43.711 Y20.269 E8.49759
;WIDTH:0.444879
G1 X-43.752 Y20.403 E8.50424
;WIDTH:0.397718
G1 X-43.748 Y20.557 E8.51064
;WIDTH:0.429968
G1 X-43.765 Y20.887 E8.52571
;WIDTH:0.462219
G1 X-43.781 Y21.217 E8.5421
;WIDTH:0.498177
G1 X-43.919 Y21.629 E8.56561
;WIDTH:0.503449
G1 X-44.165 Y21.985 E8.58931
G1 X-44.523 Y22.259 E8.614
;WIDTH:0.498172
G1 X-44.947 Y22.414 E8.63843
;WIDTH:0.46222
G1 X-45.224 Y22.438 E8.65223
;WIDTH:0.432579
G1 X-45.5 Y22.462 E8.66495
;WIDTH:0.402939
G1 X-52.142 Y22.465 E8.94542
;WIDTH:0.433986
G1 X-52.481 Y22.411 E8.96124
;WIDTH:0.471402
G1 X-52.821 Y22.358 E8.97871
;WIDTH:0.500013
G1 X-53.196 Y22.162 E9.0017
G1 X-53.506 Y21.872 E9.02476
;WIDTH:0.49229
G1 X-53.715 Y21.501 E9.04749
;WIDTH:0.47816
G1 X-53.819 Y21.061 E9.07082
;WIDTH:0.429883
G1 X-53.845 Y20.55 E9.09415
;WIDTH:0.396572
G1 X-53.845 Y-22.965 E10.89709
;WIDTH:0.433987
G1 X-53.791 Y-23.304 E10.91291
;WIDTH:0.471403
G1 X-53.738 Y-23.643 E10.93033
;WIDTH:0.500009
G1 X-53.542 Y-24.018 E10.95332
G1 X-53.249 Y-24.332 E10.97665
;WIDTH:0.492591
G1 X-52.914 Y-24.524 E10.99727
;WIDTH:0.481796
G1 X-52.486 Y-24.641 E11.02037
;WIDTH:0.436743
G1 X-51.93 Y-24.667 E11.04622
;WIDTH:0.396572
G1 X-46.594 Y-24.667 E11.2673
;WIDTH:0.432309
G1 X-46.262 Y-24.616 E11.28271
;WIDTH:0.468046
G1 X-45.931 Y-24.564 E11.29958
;WIDTH:0.495492
G1 X-45.56 Y-24.374 E11.32199
G1 X-45.251 Y-24.093 E11.34445
;WIDTH:0.48806
G1 X-45.038 Y-23.73 E11.36669
;WIDTH:0.474468
G1 X-44.927 Y-23.304 E11.38921
;WIDTH:0.428423
G1 X-44.889 Y-22.803 E11.41202
;WIDTH:0.396573
G1 X-43.789 Y18.995 E13.14443
;WIDTH:0.444878
G1 X-43.741 Y19.106 E13.15017
;WIDTH:0.493186
G1 X-43.694 Y19.217 E13.15662
;WIDTH:0.541494
G1 X-43.646 Y19.328 E13.16382
;WIDTH:0.589802
G1 X-43.599 Y19.439 E13.17172
G1 X-43.482 Y19.447 E13.17941
;WIDTH:0.549053
G1 X-43.365 Y19.456 E13.1865
;WIDTH:0.508305
G1 X-43.249 Y19.465 E13.19294
;WIDTH:0.467557
G1 X-43.132 Y19.474 E13.19884
;WIDTH:0.45
G1 X-42.839 Y19.428 E13.2131
G1 X-42.673 Y19.304 E13.22307
G1 X-42.535 Y19.057 E13.23668
G1 X-42.406 Y18.571 E13.26086
G1 X-42.183 Y18.103 E13.28579
G1 X-41.887 Y17.677 E13.31074
G1 X-41.59 Y17.384 E13.33081
G1 X-41.106 Y17.042 E13.35931
G1 X-40.126 Y16.619 E13.41065
G1 X-39.979 Y16.422 E13.42247
;WIDTH:0.437983
G1 X-39.944 Y16.16 E13.43479
;WIDTH:0.396573
G1 X-41.035 Y-25.313 E15.15373
;WIDTH:0.445686
G1 X-41.082 Y-25.575 E15.16639
;WIDTH:0.45
G1 X-41.194 Y-25.723 E15.17532
G1 X-41.427 Y-25.854 E15.18818
G1 X-41.942 Y-26.002 E15.21395
G1 X-42.46 Y-26.25 E15.24157
G1 X-42.853 Y-26.54 E15.26506
G1 X-43.247 Y-26.958 E15.29269
G1 X-43.509 Y-27.37 E15.31617
G1 X-43.726 Y-27.903 E15.34385
G1 X-43.822 Y-28.38 E15.36725
G1 X-43.831 Y-28.956 E15.39496
G1 X-43.748 Y-29.435 E15.41834
G1 X-43.554 Y-29.962 E15.44535
G1 X-43.299 Y-30.393 E15.46944
G1 X-42.964 Y-30.774 E15.49384
G1 X-42.668 Y-31.023 E15.51244
G1 X-42.129 Y-31.335 E15.54239
G1 X-41.779 Y-31.475 E15.56052
G1 X-41.288 Y-31.579 E15.58466
G1 X-40.778 Y-31.588 E15.60919
G1 X-40.272 Y-31.515 E15.63378
G1 X-39.787 Y-31.335 E15.65866
G1 X-39.248 Y-31.022 E15.68864
G1 X-38.796 Y-30.621 E15.7177
G1 X-38.519 Y-30.224 E15.74098
G1 X-38.243 Y-29.687 E15.77002
G1 X-38.121 Y-29.271 E15.79087
G1 X-37.982 Y-29.029 E15.80429
G1 X-37.832 Y-28.918 E15.81326
;WIDTH:0.44657
G1 X-37.565 Y-28.877 E15.82614
;WIDTH:0.396572
G1 X38.062 Y-28.877 E18.95957
;WIDTH:0.445432
G1 X38.442 Y-28.909 E18.97769
;WIDTH:0.45
G1 X38.487 Y-28.938 E18.98026
G1 X38.304 Y-29.286 F7200
;TYPE:External perimeter
G1 F1800
G1 X38.38 Y-29.375 E18.98589
G1 X38.533 Y-29.874 E19.01099
G1 X38.846 Y-30.49 E19.04422
G1 X39.162 Y-30.903 E19.06923
G1 X39.634 Y-31.329 E19.09981
G1 X40.122 Y-31.634 E19.12749
G1 X40.663 Y-31.845 E19.15542
G1 X41.281 Y-31.968 E19.18573
G1 X41.806 Y-31.972 E19.21098
G1 X42.44 Y-31.874 E19.24184
G1 X42.924 Y-31.697 E19.26663
G1 X43.525 Y-31.353 E19.29994
G1 X44.031 Y-30.888 E19.33299
G1 X44.352 Y-30.47 E19.35834
G1 X44.626 Y-29.913 E19.3882
G1 X44.755 Y-29.511 E19.40851
G1 X44.821 Y-29.134 E19.42692
G1 X44.855 Y-28.605 E19.45242
G1 X44.815 Y-28.142 E19.47477
G1 X44.622 Y-27.485 E19.5077
G1 X44.39 Y-27.012 E19.53304
G1 X43.972 Y-26.47 E19.56596
G1 X43.583 Y-26.113 E19.59135
G1 X42.997 Y-25.76 E19.62425
G1 X42.506 Y-25.568 E19.64961
G1 X41.832 Y-25.451 E19.68251
G1 X41.304 Y-25.45 E19.70791
G1 X40.633 Y-25.586 E19.74084
G1 X40.085 Y-25.797 E19.76908
G1 X39.925 Y-25.788 E19.77679
G1 X39.824 Y-25.634 E19.78565
G1 X36.095 Y16.214 E21.80637
G1 X36.142 Y16.358 E21.81366
G1 X36.548 Y16.537 E21.835
G1 X36.999 Y16.77 E21.85942
G1 X37.408 Y17.076 E21.88399
G1 X37.83 Y17.51 E21.9131
G1 X38.109 Y17.924 E21.93711
G1 X38.333 Y18.415 E21.96307
G1 X38.52 Y19.19 E22.00141
G1 X38.535 Y19.811 E22.03129
G1 X38.444 Y20.337 E22.05696
G1 X38.236 Y20.932 E22.08728
G1 X37.975 Y21.388 E22.11255
G1 X37.554 Y21.891 E22.1441
G1 X37.155 Y22.223 E22.16907
G1 X36.6 Y22.535 E22.19969
G1 X36.061 Y22.724 E22.22716
G1 X35.363 Y22.819 E22.26104
G1 X34.845 Y22.788 E22.286
G1 X34.308 Y22.662 E22.31253
G1 X33.755 Y22.451 E22.341
G1 X33.308 Y22.165 E22.36652
G1 X32.85 Y21.743 E22.39647
G1 X32.519 Y21.31 E22.42268
G1 X32.282 Y20.862 E22.44706
G1 X32.014 Y20.133 E22.48442
G1 X31.875 Y20.074 E22.49168
G1 X-36.355 Y20.084 E25.77331
G1 X-36.479 Y20.211 E25.78185
G1 X-36.623 Y20.693 E25.80604
G1 X-36.887 Y21.228 E25.83473
G1 X-37.182 Y21.651 E25.85953
G1 X-37.722 Y22.166 E25.89542
G1 X-38.167 Y22.445 E25.92068
G1 X-38.669 Y22.648 E25.94672
G1 X-39.173 Y22.782 E25.9718
G1 X-39.697 Y22.82 E25.99707
G1 X-40.364 Y22.752 E26.02932
G1 X-40.863 Y22.601 E26.05439
G1 X-41.462 Y22.301 E26.08661
G1 X-41.874 Y21.982 E26.11167
G1 X-42.287 Y21.531 E26.14108
G1 X-42.479 Y21.254 E26.15729
G1 X-42.715 Y20.799 E26.18194
G1 X-42.872 Y20.312 E26.20655
G1 X-42.98 Y20.194 E26.21424
G1 X-43.276 Y20.211 E26.2285
G1 X-43.393 Y20.393 E26.23891
G1 X-43.38 Y20.886 E26.26263
G1 X-43.423 Y21.424 E26.28859
G1 X-43.581 Y21.868 E26.31126
G1 X-43.88 Y22.287 E26.33602
G1 X-44.291 Y22.597 E26.36078
G1 X-44.641 Y22.745 E26.37906
G1 X-45.16 Y22.824 E26.40431
G1 X-52.412 Y22.824 E26.75311
G1 X-52.977 Y22.734 E26.78063
G1 X-53.471 Y22.483 E26.80728
G1 X-53.863 Y22.091 E26.83394
G1 X-54.115 Y21.596 E26.86066
G1 X-54.204 Y21.032 E26.88812
G1 X-54.204 Y-23.235 E29.01721
G1 X-54.115 Y-23.799 E29.04467
G1 X-53.863 Y-24.293 E29.07134
G1 X-53.537 Y-24.619 E29.09351
G1 X-53.101 Y-24.88 E29.11795
G1 X-52.83 Y-24.969 E29.13167
G1 X-52.42 Y-25.026 E29.15158
G1 X-46.333 Y-25.026 E29.44434
G1 X-45.778 Y-24.94 E29.47135
G1 X-45.29 Y-24.696 E29.49759
G1 X-44.9 Y-24.316 E29.52378
G1 X-44.643 Y-23.834 E29.55005
G1 X-44.542 Y-23.282 E29.57704
G1 X-43.432 Y18.904 E31.60674
G1 X-43.346 Y19.059 E31.61527
G1 X-43.107 Y19.101 E31.62694
G1 X-42.954 Y19.04 E31.63486
G1 X-42.637 Y18.131 E31.68116
G1 X-42.383 Y17.692 E31.70555
G1 X-41.888 Y17.123 E31.74182
G1 X-41.331 Y16.722 E31.77483
G1 X-40.856 Y16.489 E31.80028
G1 X-40.372 Y16.323 E31.82489
G1 X-40.303 Y16.169 E31.83301
G1 X-41.396 Y-25.374 E33.83178
G1 X-41.534 Y-25.484 E33.84027
G1 X-42.079 Y-25.64 E33.86754
G1 X-42.693 Y-25.934 E33.90028
G1 X-43.112 Y-26.252 E33.92558
G1 X-43.578 Y-26.748 E33.95831
G1 X-43.855 Y-27.195 E33.9836
G1 X-44.111 Y-27.826 E34.01635
G1 X-44.207 Y-28.341 E34.04155
G1 X-44.218 Y-29.023 E34.07436
G1 X-44.121 Y-29.538 E34.09957
G1 X-43.885 Y-30.179 E34.13242
G1 X-43.61 Y-30.624 E34.15758
G1 X-43.158 Y-31.136 E34.19043
G1 X-42.74 Y-31.452 E34.21563
G1 X-42.188 Y-31.739 E34.24555
G1 X-41.708 Y-31.896 E34.26984
G1 X-41.058 Y-31.98 E34.30136
G1 X-40.508 Y-31.952 E34.32785
G1 X-39.778 Y-31.765 E34.36409
G1 X-39.224 Y-31.475 E34.39417
G1 X-38.924 Y-31.26 E34.41192
G1 X-38.474 Y-30.844 E34.44139
G1 X-38.089 Y-30.277 E34.47435
G1 X-37.869 Y-29.796 E34.49979
G1 X-37.704 Y-29.296 E34.52511
G1 X-37.564 Y-29.236 E34.53244
G1 X38.262 Y-29.236 E38.17941
G1 X38.265 Y-29.241 E38.17969
G1 X38.441 Y-29.6 F7200
G1 E36.17969 F2400
G92 E0
G1 Z4.75 F7200
G1 X-55.513 Y-34.335
G1 Z2.75
G1 E2 F2400
;TYPE:Perimeter
;WIDTH:0.396572
G1 F1200
G1 X-64.345 Y-34.335 E2.36593
G1 X-64.345 Y-34.667 E2.37969
G1 X-55.513 Y-34.667 E2.74562
G1 X-55.513 Y-34.395 E2.75689
G1 X-55.154 Y-33.976 F7200
;TYPE:External perimeter
;WIDTH:0.45
G1 F1200
G1 X-64.704 Y-33.976 E3.21621
G1 X-64.704 Y-35.026 E3.26671
G1 X-55.154 Y-35.026 E3.72603
G1 X-55.154 Y-34.036 E3.77365
G1 X-55.549 Y-33.977 F7200
;LAYER_CHANGE
;Z:3.05
;HEIGHT:0.3
G1 E1.77365 F2400
G92 E0
G1 Z3.05 F7200
G1 Z5.05
G1 X46.487 Y-34.335
G1 Z3.05
G1 E2 F2400
;TYPE:Perimeter
;WIDTH:0.396572
G1 F1200
G1 X35.655 Y-34.335 E2.4488
G1 X35.655 Y-34.667 E2.46256
G1 X46.487 Y-34.667 E2.91136
G1 X46.487 Y-34.395 E2.92263
G1 X46.846 Y-33.976 F7200
;TYPE:External perimeter
;WIDTH:0.45
G1 F1200
G1 X35.296 Y-33.976 E3.47814
G1 X35.296 Y-35.026 E3.52864
G1 X46.846 Y-35.026 E4.08415
G1 X46.846 Y-34.036 E4.13177
G1 X46.451 Y-33.977 F7200
G1 E2.13177 F2400
G92 E0
G1 Z5.05 F7200
G1 X38.387 Y-27.404
G1 Z3.05
G1 E2 F2400
;TYPE:Perimeter
;WIDTH:0.408185
G1 F1200
G1 X38.253 Y-27.318 E2.00683
G1 X38.406 Y-28.453 F7200
;WIDTH:0.45
G1 F3600
G1 X38.584 Y-28.242 E2.02011
G1 X38.665 Y-27.976 E2.03348
G1 X38.629 Y-27.654 E2.04906
G1 X38.387 Y-27.404 E2.06579
G1 X38.729 Y-27.47 E2.08254
G1 X38.903 Y-27.408 E2.09142
G1 X39.095 Y-27.238 E2.10375
G1 X39.354 Y-26.87 E2.12539
G1 X39.431 Y-26.62 E2.13797
G1 X39.406 Y-26.409 E2.14819
G1 X39.246 Y-26.163 E2.1623
;WIDTH:0.439141
G1 X39.195 Y-26.124 E2.1653
G1 X39.135 Y-25.697 E2.18545
;WIDTH:0.396573
G1 X35.407 Y16.153 E3.92628
;WIDTH:0.438468
G1 X35.341 Y16.412 E3.93875
;WIDTH:0.45
G1 X35.195 Y16.574 E3.94924
G1 X34.959 Y16.674 E3.96157
G1 X34.443 Y16.801 E3.98713
G1 X33.974 Y16.975 E4.01119
G1 X33.429 Y17.315 E4.04209
G1 X33.187 Y17.398 E4.05439
G1 X33.088 Y17.392 E4.05916
;WIDTH:0.423286
G1 X32.989 Y17.387 E4.0636
;WIDTH:0.396573
G1 X.673 Y-2.73 E5.64078
;WIDTH:0.441554
G1 X.599 Y-2.811 E5.64594
;WIDTH:0.486537
G1 X.525 Y-2.892 E5.65172
;WIDTH:0.53152
G1 X.451 Y-2.974 E5.65816
;WIDTH:0.576503
G1 X.377 Y-3.055 E5.66517
;WIDTH:0.621486
G1 X.303 Y-3.136 E5.67279
G1 X.304 Y-3.263 E5.68161
G1 X.378 Y-3.344 E5.68923
;WIDTH:0.576503
G1 X.452 Y-3.425 E5.69624
;WIDTH:0.53152
G1 X.526 Y-3.506 E5.70263
;WIDTH:0.486537
G1 X.6 Y-3.587 E5.70841
;WIDTH:0.441554
G1 X.674 Y-3.668 E5.71357
;WIDTH:0.396571
G1 X38.063 Y-26.816 E7.53555
G1 X38.075 Y-26.95 E7.54112
;WIDTH:0.408185
G1 X38.253 Y-27.318 E7.55865
G1 X37.817 Y-27.054 E7.58051
;WIDTH:0.396571
G1 X.499 Y-3.95 E9.39903
;WIDTH:0.441554
G1 X.39 Y-3.856 E9.4058
;WIDTH:0.486537
G1 X.281 Y-3.762 E9.41338
;WIDTH:0.53152
G1 X.172 Y-3.668 E9.42177
;WIDTH:0.576503
G1 X.063 Y-3.574 E9.43096
;WIDTH:0.621486
G1 X-.046 Y-3.48 E9.44096
G1 X-.194 Y-3.455 E9.45139
;WIDTH:0.574181
G1 X-.342 Y-3.431 E9.46092
G1 X-.516 Y-3.44 E9.472
;WIDTH:0.621487
G1 X-.691 Y-3.45 E9.48418
G1 X-.811 Y-3.551 E9.49508
;WIDTH:0.576504
G1 X-.93 Y-3.651 E9.50501
;WIDTH:0.531521
G1 X-1.05 Y-3.751 E9.51411
;WIDTH:0.486538
G1 X-1.17 Y-3.852 E9.52237
;WIDTH:0.441555
G1 X-1.29 Y-3.952 E9.52972
;WIDTH:0.396573
G1 X-38.073 Y-26.85 E11.32492
;WIDTH:0.44348
G1 X-38.3 Y-27.071 E11.3399
;WIDTH:0.45
G1 X-38.358 Y-27.28 E11.35033
G1 X-38.332 Y-27.495 E11.36075
G1 X-38.115 Y-28.17 E11.39485
G1 X-37.982 Y-28.394 E11.40738
G1 X-37.831 Y-28.505 E11.41639
;WIDTH:0.446603
G1 X-37.698 Y-28.525 E11.4228
;WIDTH:0.421587
G1 X-37.564 Y-28.545 E11.42884
;WIDTH:0.396572
G1 X38.062 Y-28.545 E14.56223
;WIDTH:0.44537
G1 X38.351 Y-28.472 E14.57639
G1 X38.242 Y-28.02 F7200
;TYPE:External perimeter
;WIDTH:0.45
G1 F1800
G1 X38.287 Y-27.861 E14.58434
G1 X38.197 Y-27.712 E14.59271
G1 X-.294 Y-3.881 E16.77009
G1 X-.412 Y-3.853 E16.77592
G1 X-1.1 Y-4.257 E16.81429
G1 X-37.883 Y-27.155 E18.89821
G1 X-37.974 Y-27.306 E18.90669
G1 X-37.799 Y-27.892 E18.9361
G1 X-37.704 Y-28.127 E18.94829
G1 X-37.564 Y-28.186 E18.9556
G1 X38.062 Y-28.186 E22.59295
G1 X38.216 Y-28.11 E22.60121
G1 X38.225 Y-28.077 E22.60286
G1 X38.147 Y-27.685 F7200
G1 E20.60286 F2400
G92 E0
G1 Z5.05 F7200
G1 X32.742 Y17.778
G1 Z3.05
G1 E2 F2400
;TYPE:Perimeter
G1 F3600
G1 X32.766 Y18.049 E2.01309
G1 X32.546 Y18.601 E2.04167
G1 X32.391 Y19.096 E2.06662
G1 X32.294 Y19.231 E2.07462
G1 X32.142 Y19.339 E2.08359
;WIDTH:0.438836
G1 X31.877 Y19.383 E2.09614
;WIDTH:0.396572
G1 X-34.393 Y19.383 E4.84188
;WIDTH:0.423286
G1 X-34.671 Y19.186 E4.85713
;WIDTH:0.45
G1 X-34.949 Y18.989 E4.87352
G1 X-34.983 Y18.871 E4.87943
G1 X-34.888 Y18.581 E4.89411
;WIDTH:0.423286
G1 X-34.793 Y18.291 E4.90777
;WIDTH:0.396572
G1 X-1.292 Y-2.45 E6.54029
;WIDTH:0.441555
G1 X-1.183 Y-2.544 E6.54706
;WIDTH:0.486538
G1 X-1.074 Y-2.638 E6.55464
;WIDTH:0.531521
G1 X-.965 Y-2.732 E6.56303
;WIDTH:0.576504
G1 X-.856 Y-2.826 E6.57222
;WIDTH:0.621487
G1 X-.747 Y-2.92 E6.58222
G1 X-.599 Y-2.945 E6.59265
;WIDTH:0.574181
G1 X-.45 Y-2.97 E6.60226
G1 X-.276 Y-2.96 E6.61334
;WIDTH:0.621486
G1 X-.102 Y-2.95 E6.62545
G1 X.018 Y-2.85 E6.6363
;WIDTH:0.576503
G1 X.138 Y-2.749 E6.64632
;WIDTH:0.53152
G1 X.258 Y-2.649 E6.65542
;WIDTH:0.486537
G1 X.378 Y-2.549 E6.66364
;WIDTH:0.441554
G1 X.497 Y-2.448 E6.67098
;WIDTH:0.396573
G1 X32.49 Y17.468 E8.2324
;WIDTH:0.410372
G1 X32.612 Y17.56 E8.23899
;WIDTH:0.442333
G1 X32.726 Y17.722 E8.24833
G1 X32.367 Y17.883 F7200
;TYPE:External perimeter
;WIDTH:0.45
G1 F1800
G1 X32.391 Y17.921 E8.25049
G1 X32.191 Y18.452 E8.27778
G1 X32.016 Y18.964 E8.3038
G1 X31.877 Y19.024 E8.31108
G1 X-34.393 Y19.024 E11.49844
G1 X-34.579 Y18.884 E11.50964
G1 X-34.612 Y18.766 E11.51553
G1 X-34.528 Y18.549 E11.52672
G1 X-.499 Y-2.519 E13.45168
G1 X-.38 Y-2.547 E13.45756
G1 X.308 Y-2.143 E13.49593
G1 X32.3 Y17.772 E15.30841
G1 X32.336 Y17.831 E15.31173
G1 X32.27 Y18.226 F7200
G1 X33.113 Y19.168
;TYPE:Perimeter
G1 F1200
G1 X33.12 Y19.067 E15.3166
G1 X33.314 Y18.535 E15.34384
G1 X33.589 Y18.153 E15.36648
G1 X33.933 Y17.797 E15.39029
G1 X34.429 Y17.511 E15.41783
G1 X34.791 Y17.414 E15.43586
G1 X35.372 Y17.347 E15.46399
G1 X35.93 Y17.445 E15.49124
G1 X36.424 Y17.69 E15.51776
G1 X36.764 Y17.927 E15.53769
G1 X37.128 Y18.361 E15.56493
G1 X37.309 Y18.756 E15.58583
G1 X37.454 Y19.204 E15.60848
G1 X37.457 Y19.747 E15.6346
G1 X37.437 Y19.983 E15.64599
G1 X37.24 Y20.532 E15.67404
G1 X37.128 Y20.737 E15.68528
G1 X36.764 Y21.171 E15.71252
G1 X36.598 Y21.307 E15.72284
G1 X36.119 Y21.584 E15.74945
G1 X35.864 Y21.664 E15.7623
G1 X35.372 Y21.751 E15.78633
G1 X34.936 Y21.709 E15.8074
G1 X34.478 Y21.611 E15.82993
G1 X33.933 Y21.3 E15.86011
G1 X33.622 Y20.984 E15.88143
G1 X33.352 Y20.645 E15.90227
G1 X33.12 Y20.03 E15.93388
G1 X33.085 Y19.549 E15.95708
G1 X33.109 Y19.228 E15.97256
G1 X33.482 Y19.233 F7200
;TYPE:External perimeter
G1 F1200
G1 X33.676 Y18.667 E16.00134
G1 X34.074 Y18.174 E16.03181
G1 X34.679 Y17.825 E16.0654
G1 X35.238 Y17.727 E16.0927
G1 X35.778 Y17.81 E16.11898
G1 X35.926 Y17.848 E16.12633
G1 X36.417 Y18.131 E16.15359
G1 X36.833 Y18.609 E16.18407
G1 X37.06 Y19.199 E16.21447
G1 X37.065 Y19.882 E16.24732
G1 X36.877 Y20.4 E16.27382
G1 X36.468 Y20.923 E16.30575
G1 X35.926 Y21.25 E16.3362
G1 X35.305 Y21.371 E16.36663
G1 X34.679 Y21.273 E16.39711
G1 X34.126 Y20.966 E16.42753
G1 X33.738 Y20.522 E16.45589
G1 X33.483 Y19.898 E16.48831
G1 X33.471 Y19.291 E16.51751
G1 X33.594 Y18.91 F7200
G1 E14.51751 F2400
G92 E0
G1 Z5.05 F7200
G1 X38.915 Y-26.814
G1 Z3.05
G1 E2 F2400
G1 F1800
G1 X39.02 Y-26.677 E2.0083
G1 X39.038 Y-26.524 E2.01571
G1 X38.955 Y-26.417 E2.02222
G1 X38.832 Y-26.341 E2.02917
G1 X35.049 Y16.121 E4.07953
G1 X34.97 Y16.261 E4.08726
G1 X34.315 Y16.437 E4.11988
G1 X33.838 Y16.605 E4.1442
G1 X33.227 Y16.987 E4.17886
G1 X33.073 Y17.017 E4.18641
G1 X.863 Y-3.035 E6.01127
G1 X.773 Y-3.217 E6.02104
G1 X.863 Y-3.363 E6.02929
G1 X38.404 Y-26.605 E8.15291
G1 X38.432 Y-26.919 E8.16807
G1 X38.542 Y-27.076 E8.17729
G1 X38.717 Y-27.07 E8.18571
G1 X38.878 Y-26.862 E8.19836
G1 X38.99 Y-26.477 F7200
G1 E6.19836 F2400
G92 E0
G1 Z5.05 F7200
G1 X41.591 Y-30.907
G1 Z3.05
G1 E2 F2400
;TYPE:Perimeter
G1 F1200
G1 X41.692 Y-30.913 E2.00487
G1 X42.25 Y-30.815 E2.03212
G1 X42.657 Y-30.62 E2.05383
G1 X43.084 Y-30.333 E2.07858
G1 X43.448 Y-29.899 E2.10582
G1 X43.632 Y-29.496 E2.12713
G1 X43.775 Y-29.046 E2.14984
G1 X43.777 Y-28.428 E2.17956
G1 X43.742 Y-28.23 E2.18923
G1 X43.548 Y-27.697 E2.21651
G1 X43.448 Y-27.523 E2.22616
G1 X43.084 Y-27.089 E2.2534
G1 X42.93 Y-26.96 E2.26306
G1 X42.439 Y-26.676 E2.29034
G1 X42.245 Y-26.607 E2.30024
G1 X41.692 Y-26.509 E2.32725
G1 X41.431 Y-26.52 E2.33981
G1 X40.928 Y-26.609 E2.36438
G1 X40.528 Y-26.801 E2.38572
G1 X40.099 Y-27.089 E2.41057
G1 X39.734 Y-27.523 E2.43784
G1 X39.634 Y-27.697 E2.44749
G1 X39.44 Y-28.23 E2.47477
G1 X39.405 Y-28.637 E2.49442
G1 X39.429 Y-29.157 E2.51946
G1 X39.634 Y-29.725 E2.5485
G1 X39.755 Y-29.923 E2.55966
G1 X40.099 Y-30.333 E2.5854
G1 X40.328 Y-30.506 E2.5992
G1 X40.799 Y-30.774 E2.62526
G1 X41.381 Y-30.894 E2.65384
G1 X41.531 Y-30.903 E2.66107
G1 X41.591 Y-30.528 F7200
;TYPE:External perimeter
G1 F1200
G1 X41.625 Y-30.533 E2.66272
G1 X42.183 Y-30.435 E2.68997
G1 X42.719 Y-30.139 E2.71942
G1 X43.153 Y-29.651 E2.75083
G1 X43.38 Y-29.061 E2.78123
G1 X43.392 Y-28.428 E2.81168
G1 X43.186 Y-27.829 E2.84215
G1 X42.788 Y-27.337 E2.87259
G1 X42.335 Y-27.062 E2.89808
G1 X42.178 Y-26.987 E2.90645
G1 X41.625 Y-26.889 E2.93346
G1 X40.999 Y-26.987 E2.96394
G1 X40.446 Y-27.294 E2.99436
G1 X40.03 Y-27.771 E3.0248
G1 X39.803 Y-28.362 E3.05525
G1 X39.791 Y-28.995 E3.0857
G1 X39.996 Y-29.593 E3.1161
G1 X40.394 Y-30.086 E3.14657
G1 X40.937 Y-30.412 E3.17703
G1 X41.532 Y-30.517 E3.20609
G1 X41.93 Y-30.476 F7200
G1 E1.20609 F2400
G92 E0
G1 Z5.05 F7200
G1 X-36.623 Y18.82
G1 Z3.05
G1 E2 F2400
;TYPE:Perimeter
G1 F3600
G1 X-36.726 Y18.795 E2.0051
;WIDTH:0.491158
G1 X-36.804 Y18.745 E2.01003
;WIDTH:0.532317
G1 X-36.882 Y18.696 E2.01541
;WIDTH:0.573476
G1 X-36.961 Y18.647 E2.02131
;WIDTH:0.614635
G1 X-37.039 Y18.597 E2.02767
G1 X-37.341 Y18.018 E2.07249
;WIDTH:0.606434
G1 X-37.62 Y17.65 E2.10371
G1 X-38.02 Y17.291 E2.14005
;WIDTH:0.604883
G1 X-38.451 Y17.028 E2.17409
G1 X-38.628 Y16.948 E2.18718
;WIDTH:0.566162
G1 X-38.805 Y16.868 E2.19934
;WIDTH:0.527441
G1 X-38.982 Y16.789 E2.21053
;WIDTH:0.48872
G1 X-39.159 Y16.709 E2.22081
;WIDTH:0.45
G1 X-39.453 Y16.561 E2.23664
G1 X-39.563 Y16.411 E2.24559
;WIDTH:0.437987
G1 X-39.612 Y16.151 E2.25792
;WIDTH:0.396573
G1 X-40.703 Y-25.323 E3.9769
;WIDTH:0.445695
G1 X-40.672 Y-25.586 E3.98949
;WIDTH:0.45
G1 X-40.521 Y-25.782 E4.00139
;WIDTH:0.497313
G1 X-40.396 Y-25.865 E4.00949
;WIDTH:0.544626
G1 X-40.271 Y-25.948 E4.01848
;WIDTH:0.591938
G1 X-40.146 Y-26.031 E4.02835
;WIDTH:0.589515
G1 X-39.918 Y-26.104 E4.04403
;WIDTH:0.54301
G1 X-39.689 Y-26.176 E4.05836
;WIDTH:0.496505
G1 X-39.461 Y-26.249 E4.07126
;WIDTH:0.45
G1 X-38.991 Y-26.594 E4.0993
G1 X-38.723 Y-26.719 E4.11352
G1 X-38.551 Y-26.721 E4.12179
;WIDTH:0.44348
G1 X-38.248 Y-26.568 E4.13784
;WIDTH:0.396573
G1 X-1.466 Y-3.67 E5.933
;WIDTH:0.441555
G1 X-1.392 Y-3.589 E5.93816
;WIDTH:0.486538
G1 X-1.318 Y-3.508 E5.94394
;WIDTH:0.531521
G1 X-1.244 Y-3.427 E5.95033
;WIDTH:0.576504
G1 X-1.17 Y-3.346 E5.95734
;WIDTH:0.621487
G1 X-1.096 Y-3.265 E5.96496
G1 X-1.096 Y-3.137 E5.97385
G1 X-1.17 Y-3.057 E5.98142
;WIDTH:0.576504
G1 X-1.244 Y-2.976 E5.98843
;WIDTH:0.531521
G1 X-1.319 Y-2.895 E5.99486
;WIDTH:0.486538
G1 X-1.393 Y-2.814 E6.00064
;WIDTH:0.441555
G1 X-1.467 Y-2.733 E6.0058
;WIDTH:0.396572
G1 X-34.892 Y17.961 E7.63462
;WIDTH:0.423286
G1 X-35.346 Y18.258 E7.65891
;WIDTH:0.45
G1 X-36.154 Y18.774 E7.70502
G1 X-36.461 Y18.861 E7.72037
G1 X-36.565 Y18.835 E7.72553
G1 X-36.515 Y18.454 F7200
;TYPE:External perimeter
G1 F1800
G1 X-36.628 Y18.374 E7.73219
G1 X-37.014 Y17.663 E7.7711
G1 X-37.43 Y17.188 E7.80147
G1 X-37.842 Y16.85 E7.8271
G1 X-38.389 Y16.552 E7.85706
G1 X-39.057 Y16.337 E7.89081
G1 X-39.191 Y16.278 E7.89785
G1 X-39.253 Y16.141 E7.90508
G1 X-40.345 Y-25.332 E9.90048
G1 X-40.275 Y-25.485 E9.90857
G1 X-39.742 Y-25.694 E9.93611
G1 X-39.267 Y-25.916 E9.96133
G1 X-38.754 Y-26.29 E9.99186
G1 X-38.575 Y-26.348 E10.00091
G1 X-1.655 Y-3.366 E12.09256
G1 X-1.565 Y-3.183 E12.10237
G1 X-1.656 Y-3.038 E12.1106
G1 X-36.357 Y18.446 E14.07358
G1 X-36.461 Y18.467 E14.07868
G1 X-36.729 Y18.17 F7200
G1 E12.07868 F2400
G92 E0
G1 Z5.05 F7200
G1 X-38.905 Y-27.964
G1 Z3.05
G1 E2 F2400
;TYPE:Perimeter
G1 F1200
G1 X-39.002 Y-27.697 E2.01366
G1 X-39.154 Y-27.461 E2.02716
G1 X-39.555 Y-27.004 E2.0564
;WIDTH:0.491231
G1 X-39.73 Y-26.877 E2.06791
;WIDTH:0.532462
G1 X-39.905 Y-26.75 E2.08053
;WIDTH:0.573694
G1 X-40.08 Y-26.623 E2.09427
;WIDTH:0.590282
G1 X-40.288 Y-26.539 E2.10898
G1 X-40.478 Y-26.529 E2.12146
;WIDTH:0.543522
G1 X-40.668 Y-26.519 E2.13283
;WIDTH:0.496761
G1 X-40.858 Y-26.509 E2.14309
;WIDTH:0.45
G1 X-41.264 Y-26.545 E2.16269
G1 X-41.769 Y-26.657 E2.18757
G1 X-42.297 Y-26.96 E2.21685
G1 X-42.451 Y-27.089 E2.22651
G1 X-42.815 Y-27.523 E2.25375
G1 X-42.916 Y-27.697 E2.26343
G1 X-43.11 Y-28.23 E2.29071
G1 X-43.145 Y-28.446 E2.30123
G1 X-43.145 Y-28.995 E2.32763
G1 X-43.086 Y-29.257 E2.34055
G1 X-42.914 Y-29.729 E2.36471
G1 X-42.738 Y-29.992 E2.37993
G1 X-42.354 Y-30.425 E2.40777
G1 X-41.806 Y-30.746 E2.43832
G1 X-41.514 Y-30.833 E2.45297
G1 X-40.994 Y-30.921 E2.47834
G1 X-40.397 Y-30.832 E2.50737
G1 X-40.111 Y-30.746 E2.52173
G1 X-39.62 Y-30.463 E2.54899
G1 X-39.314 Y-30.151 E2.57001
G1 X-39.021 Y-29.771 E2.59309
G1 X-38.808 Y-29.193 E2.62272
G1 X-38.773 Y-28.711 E2.64596
G1 X-38.808 Y-28.23 E2.66916
G1 X-38.884 Y-28.02 E2.6799
G1 X-39.272 Y-28.097 F7200
;TYPE:External perimeter
G1 F1200
G1 X-39.355 Y-27.854 E2.69225
G1 X-39.749 Y-27.352 E2.72294
G1 X-40.304 Y-27.01 E2.75429
G1 X-40.925 Y-26.889 E2.78472
G1 X-41.551 Y-26.987 E2.8152
G1 X-42.104 Y-27.294 E2.84562
G1 X-42.52 Y-27.771 E2.87606
G1 X-42.717 Y-28.278 E2.90222
G1 X-42.759 Y-28.446 E2.91055
G1 X-42.759 Y-28.998 E2.9371
G1 X-42.554 Y-29.593 E2.96737
G1 X-42.156 Y-30.086 E2.99784
G1 X-41.613 Y-30.412 E3.0283
G1 X-40.992 Y-30.533 E3.05873
G1 X-40.367 Y-30.435 E3.08916
G1 X-39.813 Y-30.129 E3.1196
G1 X-39.397 Y-29.651 E3.15008
G1 X-39.17 Y-29.061 E3.18048
G1 X-39.158 Y-28.428 E3.21093
G1 X-39.252 Y-28.154 E3.22486
G1 X-39.42 Y-27.791 F7200
G1 E1.22486 F2400
G92 E0
G1 Z5.05 F7200
G1 X-44.107 Y20.759
G1 Z3.05
G1 E2 F2400
;TYPE:Perimeter
;WIDTH:0.435463
G1 F3600
G1 X-44.119 Y20.932 E2.00803
;WIDTH:0.461046
G1 X-44.183 Y21.138 E2.0187
;WIDTH:0.48663
G1 X-44.248 Y21.343 E2.03003
;WIDTH:0.502135
G1 X-44.527 Y21.724 E2.05581
G1 X-44.89 Y21.977 E2.07997
;WIDTH:0.478437
G1 X-45.158 Y22.05 E2.09431
;WIDTH:0.440687
G1 X-45.425 Y22.123 E2.1073
;WIDTH:0.402938
G1 X-51.929 Y22.133 E2.38194
;WIDTH:0.427743
G1 X-52.306 Y22.097 E2.3991
;WIDTH:0.471303
G1 X-52.712 Y21.968 E2.42072
;WIDTH:0.489866
G1 X-53.143 Y21.635 E2.44962
G1 X-53.402 Y21.192 E2.47685
;WIDTH:0.455628
G1 X-53.457 Y20.905 E2.49111
;WIDTH:0.4261
G1 X-53.513 Y20.617 E2.50435
;WIDTH:0.396572
G1 X-53.513 Y-22.753 E4.30129
;WIDTH:0.42774
G1 X-53.477 Y-23.129 E4.31841
;WIDTH:0.471303
G1 X-53.348 Y-23.535 E4.34003
;WIDTH:0.489865
G1 X-53.015 Y-23.965 E4.36889
;WIDTH:0.490329
G1 X-52.528 Y-24.248 E4.39881
;WIDTH:0.455737
G1 X-52.26 Y-24.292 E4.41207
;WIDTH:0.426154
G1 X-51.992 Y-24.335 E4.42432
;WIDTH:0.396572
G1 X-46.803 Y-24.335 E4.63931
;WIDTH:0.425934
G1 X-46.437 Y-24.302 E4.65588
;WIDTH:0.473891
G1 X-45.945 Y-24.124 E4.6826
;WIDTH:0.488052
G1 X-45.562 Y-23.806 E4.70891
G1 X-45.344 Y-23.423 E4.7322
;WIDTH:0.453261
G1 X-45.283 Y-23.141 E4.74619
;WIDTH:0.424917
G1 X-45.222 Y-22.86 E4.75912
;WIDTH:0.396573
G1 X-44.123 Y18.922 E6.49086
;WIDTH:0.444848
G1 X-44.094 Y19.108 E6.49979
;WIDTH:0.493125
G1 X-44.065 Y19.293 E6.5098
;WIDTH:0.541402
G1 X-44.036 Y19.479 E6.521
;WIDTH:0.58968
G1 X-44.007 Y19.664 E6.53327
G1 X-44.026 Y19.851 E6.54558
;WIDTH:0.541403
G1 X-44.045 Y20.037 E6.5567
;WIDTH:0.493126
G1 X-44.064 Y20.224 E6.56675
;WIDTH:0.444849
G1 X-44.084 Y20.411 E6.57567
;WIDTH:0.435463
G1 X-44.103 Y20.699 E6.58903
G1 X-44.466 Y20.71 F7200
;TYPE:External perimeter
;WIDTH:0.45
G1 F1800
G1 X-44.481 Y20.822 E6.59446
G1 X-44.579 Y21.111 E6.60914
G1 X-44.85 Y21.454 E6.63016
G1 X-45.149 Y21.655 E6.64749
G1 X-45.501 Y21.761 E6.66517
G1 X-51.93 Y21.774 E6.97438
G1 X-52.178 Y21.745 E6.98639
G1 X-52.569 Y21.59 E7.00662
G1 X-52.887 Y21.309 E7.02703
G1 X-53.096 Y20.891 E7.04951
G1 X-53.154 Y20.55 E7.06615
G1 X-53.154 Y-22.753 E9.14887
G1 X-53.125 Y-23.001 E9.16088
G1 X-52.97 Y-23.391 E9.18106
G1 X-52.709 Y-23.696 E9.20037
G1 X-52.3 Y-23.914 E9.22266
G1 X-51.93 Y-23.976 E9.2407
G1 X-46.803 Y-23.976 E9.48729
G1 X-46.563 Y-23.95 E9.4989
G1 X-46.174 Y-23.799 E9.51897
G1 X-45.858 Y-23.526 E9.53905
G1 X-45.643 Y-23.115 E9.56136
G1 X-45.579 Y-22.785 E9.57753
G1 X-44.44 Y20.518 E11.66097
G1 X-44.458 Y20.651 E11.66743
G1 X-44.558 Y21.038 F7200
G1 E9.66743 F2400
G92 E0
G1 Z5.05 F7200
G1 X-38.232 Y17.812
G1 Z3.05
G1 E2 F2400
;TYPE:Perimeter
;WIDTH:0.606434
G1 F1200
G1 X-38.017 Y18.019 E2.02018
G1 X-37.708 Y18.425 E2.05467
;WIDTH:0.616559
G1 X-37.53 Y18.845 E2.08609
G1 X-37.523 Y19.092 E2.10311
;WIDTH:0.574919
G1 X-37.516 Y19.339 E2.11884
;WIDTH:0.533279
G1 X-37.51 Y19.585 E2.13323
;WIDTH:0.491639
G1 X-37.503 Y19.832 E2.1464
;WIDTH:0.45
G1 X-37.538 Y20.03 E2.15607
G1 X-37.732 Y20.563 E2.18335
G1 X-37.985 Y20.919 E2.20436
G1 X-38.327 Y21.286 E2.22849
G1 X-38.841 Y21.584 E2.25707
G1 X-39.331 Y21.705 E2.28135
G1 X-39.789 Y21.751 E2.30349
G1 X-40.348 Y21.652 E2.33079
G1 X-40.536 Y21.584 E2.34041
G1 X-41.027 Y21.3 E2.36769
G1 X-41.181 Y21.171 E2.37735
G1 X-41.545 Y20.737 E2.40459
G1 X-41.703 Y20.406 E2.42223
G1 X-41.852 Y19.993 E2.44335
G1 X-41.875 Y19.265 E2.47838
G1 X-41.744 Y18.805 E2.50138
G1 X-41.545 Y18.361 E2.52478
G1 X-41.027 Y17.797 E2.56161
G1 X-40.536 Y17.514 E2.58887
G1 X-40.156 Y17.411 E2.60781
G1 X-39.728 Y17.339 E2.62868
;WIDTH:0.484978
G1 X-39.492 Y17.357 E2.6411
;WIDTH:0.519956
G1 X-39.257 Y17.375 E2.65449
;WIDTH:0.554934
G1 X-39.021 Y17.394 E2.66898
;WIDTH:0.596975
G1 X-38.805 Y17.45 E2.6838
G1 X-38.314 Y17.734 E2.72148
;WIDTH:0.606434
G1 X-38.275 Y17.771 E2.72511
G1 X-38.52 Y18.156 F7200
;TYPE:External perimeter
;WIDTH:0.45
G1 F1200
G1 X-38.492 Y18.174 E2.72671
G1 X-38.127 Y18.609 E2.75402
G1 X-37.9 Y19.199 E2.78442
G1 X-37.888 Y19.832 E2.81487
G1 X-38.094 Y20.431 E2.84534
G1 X-38.479 Y20.908 E2.87482
G1 X-39.034 Y21.25 E2.90617
G1 X-39.655 Y21.371 E2.9366
G1 X-40.281 Y21.273 E2.96708
G1 X-40.834 Y20.966 E2.9975
G1 X-41.284 Y20.431 E3.03112
G1 X-41.477 Y19.898 E3.05838
G1 X-41.489 Y19.265 E3.08883
G1 X-41.284 Y18.667 E3.11923
G1 X-40.834 Y18.131 E3.15289
G1 X-40.343 Y17.848 E3.18015
G1 X-39.722 Y17.727 E3.21058
G1 X-39.097 Y17.825 E3.24101
G1 X-38.651 Y18.069 E3.26546
G1 X-38.57 Y18.123 E3.27014
G1 X-38.296 Y18.413 F7200
G1 E1.27014 F2400
G92 E0
G1 Z5.05 F7200
G1 X32.755 Y19.104
G1 Z3.05
G1 E2 F2400
;TYPE:Perimeter
;WIDTH:0.455956
G1 F1200
G1 X32.765 Y19.07 E2.00173
;WIDTH:0.408871
G1 X32.799 Y18.951 E2.00705
;WIDTH:0.361787
G1 X33.01 Y18.376 E2.02977
;WIDTH:0.408359
G1 X33.055 Y18.272 E2.03463
;WIDTH:0.456656
G1 X33.1 Y18.168 E2.04017
;WIDTH:0.504953
G1 X33.145 Y18.065 E2.04635
;WIDTH:0.55325
G1 X33.19 Y17.961 E2.05326
;WIDTH:0.601547
G1 X33.235 Y17.857 E2.06085
G1 X33.311 Y17.806 E2.06698
;WIDTH:0.55445
G1 X33.387 Y17.756 E2.07254
;WIDTH:0.507354
G1 X33.463 Y17.705 E2.0776
;WIDTH:0.460257
G1 X33.539 Y17.655 E2.08209
;WIDTH:0.413161
G1 X33.614 Y17.605 E2.08601
;WIDTH:0.370455
G1 X34.157 Y17.268 E2.11041
;WIDTH:0.377553
G1 X34.731 Y17.07 E2.13413
;WIDTH:0.419808
G1 X34.886 Y17.037 E2.14116
;WIDTH:0.462064
G1 X35.041 Y17.005 E2.14901
;WIDTH:0.504319
G1 X35.196 Y16.973 E2.15769
;WIDTH:0.546575
G1 X35.351 Y16.941 E2.16721
;WIDTH:0.588831
G1 X35.507 Y16.909 E2.17763
G1 X35.662 Y16.972 E2.18857
;WIDTH:0.539352
G1 X35.818 Y17.036 E2.19856
;WIDTH:0.489873
G1 X35.973 Y17.1 E2.20746
;WIDTH:0.440394
G1 X36.129 Y17.163 E2.21535
;WIDTH:0.390915
G1 X36.284 Y17.227 E2.22218
;WIDTH:0.360833
G1 X36.78 Y17.502 E2.24315
;WIDTH:0.370633
G1 X37.07 Y17.754 E2.25783
G1 X37.389 Y18.142 E2.27702
;WIDTH:0.374407
G1 X37.636 Y18.637 E2.29841
G1 X37.79 Y19.168 E2.31979
;WIDTH:0.372355
G1 X37.804 Y19.747 E2.34204
G1 X37.742 Y20.147 E2.35759
;WIDTH:0.367675
G1 X37.563 Y20.65 E2.37779
G1 X37.39 Y20.956 E2.39109
;WIDTH:0.363053
G1 X37.026 Y21.391 E2.41222
;WIDTH:0.365697
G1 X36.77 Y21.604 E2.42474
G1 X36.119 Y21.95 E2.45245
;WIDTH:0.378209
G1 X35.617 Y22.063 E2.47259
G1 X35.112 Y22.082 E2.49237
;WIDTH:0.351637
G1 X34.554 Y21.982 E2.51268
;WIDTH:0.359387
G1 X34.254 Y21.878 E2.52436
G1 X33.763 Y21.594 E2.54523
;WIDTH:0.356567
G1 X33.523 Y21.386 E2.5568
;WIDTH:0.367801
G1 X33.178 Y20.991 E2.57665
G1 X32.963 Y20.605 E2.59337
;WIDTH:0.366637
G1 X32.795 Y20.124 E2.61258
;WIDTH:0.40283
G1 X32.761 Y20.009 E2.61764
;WIDTH:0.451425
G1 X32.728 Y19.894 E2.62342
;WIDTH:0.50002
G1 X32.694 Y19.779 E2.62994
;WIDTH:0.548615
G1 X32.66 Y19.664 E2.63718
;WIDTH:0.597211
G1 X32.626 Y19.549 E2.64515
G1 X32.661 Y19.429 E2.65346
;WIDTH:0.550126
G1 X32.695 Y19.31 E2.66096
;WIDTH:0.503041
G1 X32.73 Y19.19 E2.6678
;WIDTH:0.455956
G1 X32.738 Y19.162 E2.66922
G1 E.66922 F2400
G92 E0
G1 Z5.05 F7200
G1 X39.071 Y-29.134
G1 Z3.05
G1 E2 F2400
;WIDTH:0.368017
G1 F1200
G1 X39.313 Y-29.842 E2.02834
;WIDTH:0.367535
G1 X39.491 Y-30.145 E2.04163
G1 X39.838 Y-30.552 E2.06185
;WIDTH:0.372455
G1 X40.155 Y-30.806 E2.07746
G1 X40.663 Y-31.083 E2.09969
;WIDTH:0.374287
G1 X41.321 Y-31.236 E2.1258
G1 X41.751 Y-31.249 E2.14243
;WIDTH:0.369983
G1 X42.255 Y-31.165 E2.16191
G1 X42.609 Y-31.042 E2.17619
;WIDTH:0.365475
G1 X43.083 Y-30.771 E2.19669
;WIDTH:0.372453
G1 X43.471 Y-30.412 E2.217
G1 X43.82 Y-29.931 E2.23983
;WIDTH:0.354169
G1 X44.06 Y-29.308 E2.26396
G1 X44.111 Y-28.995 E2.27542
;WIDTH:0.351879
G1 X44.114 Y-28.428 E2.29575
G1 X44.057 Y-28.115 E2.30716
;WIDTH:0.350751
G1 X43.864 Y-27.582 E2.32741
;WIDTH:0.352323
G1 X43.706 Y-27.307 E2.3388
G1 X43.341 Y-26.873 E2.35917
;WIDTH:0.356613
G1 X43.099 Y-26.666 E2.37078
G1 X42.607 Y-26.385 E2.39143
;WIDTH:0.362129
G1 X42.304 Y-26.27 E2.40347
;WIDTH:0.362303
G1 X41.798 Y-26.181 E2.42256
;WIDTH:0.367551
G1 X41.371 Y-26.181 E2.43871
G1 X40.867 Y-26.275 E2.4581
;WIDTH:0.392205
G1 X40.35 Y-26.492 E2.48103
;WIDTH:0.433975
G1 X40.258 Y-26.524 E2.48552
;WIDTH:0.475745
G1 X40.166 Y-26.555 E2.4905
;WIDTH:0.517515
G1 X40.074 Y-26.587 E2.49601
;WIDTH:0.559285
G1 X39.982 Y-26.619 E2.50202
;WIDTH:0.601055
G1 X39.891 Y-26.651 E2.50848
G1 X39.835 Y-26.745 E2.5158
;WIDTH:0.557617
G1 X39.779 Y-26.839 E2.52253
;WIDTH:0.51418
G1 X39.723 Y-26.934 E2.52872
;WIDTH:0.470743
G1 X39.667 Y-27.028 E2.53427
;WIDTH:0.427306
G1 X39.611 Y-27.122 E2.53922
;WIDTH:0.411559
G1 X39.29 Y-27.572 E2.56316
;WIDTH:0.452527
G1 X39.247 Y-27.629 E2.56662
;WIDTH:0.493495
G1 X39.204 Y-27.686 E2.57044
;WIDTH:0.534463
G1 X39.162 Y-27.744 E2.57464
;WIDTH:0.575431
G1 X39.119 Y-27.801 E2.57919
G1 X38.974 Y-28.428 E2.62021
;WIDTH:0.581345
G1 X38.954 Y-28.498 E2.6249
;WIDTH:0.62053
G1 X38.934 Y-28.567 E2.62988
;WIDTH:0.659715
G1 X38.915 Y-28.637 E2.63527
G1 E.63527 F2400
G92 E0
G1 Z5.05 F7200
G1 X-40.889 Y-26.054
G1 Z3.05
G1 E2 F2400
;WIDTH:0.577516
G1 F1200
G1 X-41.046 Y-26.098 E2.01044
;WIDTH:0.532029
G1 X-41.204 Y-26.143 E2.02002
;WIDTH:0.486542
G1 X-41.361 Y-26.188 E2.02862
;WIDTH:0.441055
G1 X-41.518 Y-26.232 E2.03628
;WIDTH:0.395568
G1 X-41.676 Y-26.277 E2.04307
;WIDTH:0.350081
G1 X-41.974 Y-26.387 E2.05439
;WIDTH:0.350659
G1 X-42.465 Y-26.669 E2.07461
G1 X-42.708 Y-26.873 E2.08594
;WIDTH:0.352099
G1 X-43.073 Y-27.307 E2.10629
;WIDTH:0.354227
G1 X-43.233 Y-27.582 E2.11779
;WIDTH:0.354611
G1 X-43.427 Y-28.114 E2.13829
;WIDTH:0.358991
G1 X-43.485 Y-28.446 E2.15067
;WIDTH:0.365465
G1 X-43.488 Y-28.957 E2.16986
G1 X-43.408 Y-29.375 E2.18584
;WIDTH:0.363801
G1 X-43.234 Y-29.848 E2.20466
;WIDTH:0.367581
G1 X-43.002 Y-30.213 E2.22102
G1 X-42.667 Y-30.599 E2.24035
;WIDTH:0.370325
G1 X-42.321 Y-30.848 E2.25662
G1 X-41.856 Y-31.097 E2.27675
;WIDTH:0.376855
G1 X-41.267 Y-31.231 E2.30029
G1 X-40.799 Y-31.249 E2.31854
;WIDTH:0.360379
G1 X-40.241 Y-31.15 E2.33946
G1 X-39.943 Y-31.037 E2.35123
;WIDTH:0.351811
G1 X-39.452 Y-30.753 E2.37156
;WIDTH:0.361811
G1 X-39.205 Y-30.553 E2.38335
G1 X-38.846 Y-30.114 E2.40439
;WIDTH:0.351007
G1 X-38.686 Y-29.84 E2.41573
;WIDTH:0.361817
G1 X-38.487 Y-29.309 E2.43677
;WIDTH:0.408867
G1 X-38.452 Y-29.19 E2.4421
;WIDTH:0.455917
G1 X-38.418 Y-29.07 E2.44819
;WIDTH:0.502968
G1 X-38.383 Y-28.951 E2.45498
;WIDTH:0.550018
G1 X-38.348 Y-28.831 E2.46255
;WIDTH:0.597069
G1 X-38.314 Y-28.711 E2.47084
G1 X-38.347 Y-28.599 E2.4786
;WIDTH:0.548825
G1 X-38.379 Y-28.486 E2.4857
;WIDTH:0.500581
G1 X-38.412 Y-28.373 E2.4921
;WIDTH:0.452338
G1 X-38.445 Y-28.26 E2.4978
;WIDTH:0.404094
G1 X-38.478 Y-28.147 E2.50279
;WIDTH:0.377213
G1 X-38.665 Y-27.602 E2.52527
;WIDTH:0.420006
G1 X-38.693 Y-27.515 E2.52932
;WIDTH:0.462799
G1 X-38.721 Y-27.428 E2.53386
;WIDTH:0.505592
G1 X-38.749 Y-27.342 E2.53884
;WIDTH:0.548385
G1 X-38.777 Y-27.255 E2.54436
;WIDTH:0.591179
G1 X-38.805 Y-27.168 E2.55037
G1 X-38.914 Y-27.082 E2.55949
;WIDTH:0.542577
G1 X-39.023 Y-26.996 E2.56777
;WIDTH:0.493976
G1 X-39.132 Y-26.911 E2.57518
;WIDTH:0.445375
G1 X-39.241 Y-26.825 E2.58178
;WIDTH:0.396774
G1 X-39.35 Y-26.739 E2.58754
;WIDTH:0.374077
G1 X-39.636 Y-26.55 E2.60078
G1 E.60078 F2400
G92 E0
G1 Z5.05 F7200
G1 X-37.181 Y18.938
G1 Z3.05
G1 E2 F2400
;WIDTH:0.437004
G1 F1200
G1 X-36.902 Y19.131 E2.01577
;WIDTH:0.478815
G1 X-36.682 Y19.206 E2.02778
;WIDTH:0.520627
G1 X-36.463 Y19.282 E2.04097
G1 X-36.648 Y19.378 E2.05283
;WIDTH:0.478815
G1 X-36.833 Y19.475 E2.06363
;WIDTH:0.437004
G1 X-37.126 Y19.837 E2.08527
;WIDTH:0.395516
G1 X-37.176 Y20 E2.09231
G1 X-37.144 Y19.832 E2.09937
;WIDTH:0.437004
G1 X-37.124 Y19.321 E2.12314
G1 X-37.173 Y18.997 E2.13837
G1 X-37.176 Y20 F7200
;WIDTH:0.364045
G1 F1200
G1 X-37.417 Y20.677 E2.16523
;WIDTH:0.360197
G1 X-37.571 Y20.956 E2.17699
;WIDTH:0.365883
G1 X-37.92 Y21.376 E2.19753
G1 X-38.18 Y21.595 E2.21031
;WIDTH:0.359265
G1 X-38.674 Y21.874 E2.23118
;WIDTH:0.366091
G1 X-38.999 Y21.996 E2.24424
G1 X-39.53 Y22.082 E2.26448
;WIDTH:0.351639
G1 X-39.848 Y22.081 E2.27587
;WIDTH:0.351497
G1 X-40.406 Y21.984 E2.29615
;WIDTH:0.351677
G1 X-40.705 Y21.875 E2.30755
;WIDTH:0.352083
G1 X-41.196 Y21.592 E2.32789
;WIDTH:0.353825
G1 X-41.44 Y21.388 E2.33937
;WIDTH:0.360005
G1 X-41.806 Y20.956 E2.36025
;WIDTH:0.377189
G1 X-42.031 Y20.526 E2.37918
;WIDTH:0.411698
G1 X-42.145 Y20.179 E2.395
;WIDTH:0.446207
G1 X-42.258 Y19.832 E2.41238
;WIDTH:0.485056
G1 X-42.278 Y19.779 E2.41535
;WIDTH:0.523905
G1 X-42.297 Y19.726 E2.41858
;WIDTH:0.562754
G1 X-42.317 Y19.673 E2.4221
;WIDTH:0.601603
G1 X-42.336 Y19.62 E2.42587
G1 X-42.31 Y19.522 E2.43266
;WIDTH:0.559891
G1 X-42.284 Y19.423 E2.43899
;WIDTH:0.518179
G1 X-42.258 Y19.325 E2.44473
;WIDTH:0.476467
G1 X-42.232 Y19.227 E2.44994
;WIDTH:0.434755
G1 X-42.206 Y19.128 E2.45467
;WIDTH:0.393043
G1 X-42.18 Y19.03 E2.45883
;WIDTH:0.363701
G1 X-41.968 Y18.418 E2.48301
;WIDTH:0.365421
G1 X-41.803 Y18.134 E2.49534
G1 X-41.443 Y17.707 E2.51631
;WIDTH:0.372559
G1 X-40.98 Y17.37 E2.53832
G1 X-40.521 Y17.142 E2.55802
;WIDTH:0.39136
G1 X-40.356 Y17.091 E2.56506
;WIDTH:0.430265
G1 X-40.191 Y17.04 E2.57294
;WIDTH:0.46917
G1 X-40.026 Y16.989 E2.58166
;WIDTH:0.508075
G1 X-39.861 Y16.938 E2.59122
;WIDTH:0.542926
G1 X-39.81 Y16.915 E2.59456
;WIDTH:0.577777
G1 X-39.759 Y16.891 E2.59817
G1 X-39.632 Y16.93 E2.60668
;WIDTH:0.529065
G1 X-39.505 Y16.97 E2.6144
;WIDTH:0.480353
G1 X-39.378 Y17.009 E2.62129
;WIDTH:0.431641
G1 X-39.252 Y17.049 E2.62735
G1 E.62735 F2400
G92 E0
G1 Z5.05 F7200
G1 X-35.499 Y18.832
G1 Z3.05
G1 E2 F2400
;WIDTH:0.46662
G1 F1200
G1 X-35.28 Y18.696 E2.01293
G1 X-35.362 Y18.979 E2.02771
G1 X-35.328 Y19.097 E2.03387
G1 X-35.067 Y19.294 E2.05028
G1 X-35.539 Y19.294 E2.07396
;WIDTH:0.49322
G1 X-35.916 Y19.281 E2.09414
;WIDTH:0.519821
G1 X-36.294 Y19.268 E2.11562
G1 X-36.12 Y19.188 E2.1265
;WIDTH:0.49322
G1 X-35.946 Y19.109 E2.13672
;WIDTH:0.46662
G1 X-35.55 Y18.864 E2.16008
G1 X-36.294 Y19.268 F7200
;WIDTH:0.520627
G1 F1200
G1 X-36.463 Y19.282 E2.16973
G1 E.16973 F2400
G92 E0
G1 Z5.05 F7200
G1 X38.541 Y-28.972
G1 Z3.05
G1 E2 F2400
;WIDTH:0.45
G1 F3600
G1 X38.585 Y-29.001 E2.00253
G1 X38.711 Y-29.164 E2.01244
G1 X38.881 Y-29.708 E2.03985
G1 X39.103 Y-30.167 E2.06437
G1 X39.412 Y-30.604 E2.09011
G1 X39.772 Y-30.948 E2.11406
G1 X40.246 Y-31.265 E2.14149
G1 X40.672 Y-31.445 E2.16373
G1 X41.262 Y-31.579 E2.19283
G1 X41.778 Y-31.588 E2.21765
G1 X42.324 Y-31.503 E2.24423
G1 X42.758 Y-31.349 E2.26638
G1 X43.293 Y-31.043 E2.29602
G1 X43.705 Y-30.668 E2.32281
G1 X44.027 Y-30.26 E2.34781
G1 X44.283 Y-29.742 E2.3756
G1 X44.426 Y-29.238 E2.4008
G1 X44.471 Y-28.667 E2.42835
G1 X44.433 Y-28.208 E2.4505
G1 X44.28 Y-27.682 E2.47685
G1 X44.058 Y-27.212 E2.50185
G1 X43.724 Y-26.777 E2.52823
G1 X43.347 Y-26.42 E2.5532
G1 X42.878 Y-26.136 E2.57957
G1 X42.398 Y-25.94 E2.60451
G1 X41.829 Y-25.839 E2.6323
G1 X41.304 Y-25.843 E2.65755
G1 X40.59 Y-26.018 E2.69291
G1 X40.035 Y-26.197 E2.72096
G1 X39.744 Y-26.129 E2.73533
G1 X39.54 Y-25.947 E2.74848
G1 X39.503 Y-25.807 E2.75544
;WIDTH:0.423285
G1 X39.466 Y-25.668 E2.76188
;WIDTH:0.396573
G1 X35.738 Y16.183 E4.50275
;WIDTH:0.438468
G1 X35.758 Y16.449 E4.5152
;WIDTH:0.45
G1 X35.85 Y16.61 E4.52412
G1 X36.051 Y16.759 E4.53615
G1 X36.796 Y17.099 E4.57554
G1 X37.33 Y17.525 E4.60839
G1 X37.721 Y18.025 E4.63892
G1 X37.95 Y18.487 E4.66372
G1 X38.06 Y18.863 E4.68256
G1 X38.154 Y19.397 E4.70864
G1 X38.135 Y19.88 E4.73189
G1 X38 Y20.49 E4.76194
G1 X37.776 Y20.975 E4.78763
G1 X37.476 Y21.412 E4.81312
G1 X37.118 Y21.762 E4.8372
G1 X36.691 Y22.062 E4.8623
G1 X36.225 Y22.269 E4.88682
G1 X35.686 Y22.405 E4.91356
G1 X35.293 Y22.434 E4.93251
G1 X34.789 Y22.389 E4.95685
G1 X34.115 Y22.189 E4.99066
G1 X33.58 Y21.879 E5.0204
G1 X33.296 Y21.632 E5.0385
G1 X32.906 Y21.202 E5.06642
G1 X32.647 Y20.744 E5.09173
G1 X32.425 Y20.082 E5.12531
G1 X32.294 Y19.866 E5.13746
G1 X32.142 Y19.759 E5.1464
;WIDTH:0.438836
G1 X31.877 Y19.715 E5.15895
;WIDTH:0.396572
G1 X-34.393 Y19.715 E7.90469
;WIDTH:0.423286
G1 X-34.944 Y19.701 E7.92936
;WIDTH:0.45
G1 X-36.392 Y19.696 E7.999
G1 X-36.619 Y19.788 E8.01078
G1 X-36.808 Y20.001 E8.02448
G1 X-36.981 Y20.541 E8.05175
G1 X-37.162 Y20.916 E8.07178
G1 X-37.458 Y21.38 E8.09825
G1 X-37.826 Y21.748 E8.12328
G1 X-38.338 Y22.095 E8.15303
G1 X-38.668 Y22.233 E8.17023
G1 X-39.22 Y22.398 E8.19794
G1 X-39.745 Y22.429 E8.22323
G1 X-40.312 Y22.364 E8.25068
G1 X-40.81 Y22.198 E8.27593
G1 X-41.277 Y21.956 E8.30123
G1 X-41.689 Y21.615 E8.32695
G1 X-42.092 Y21.141 E8.35687
G1 X-42.363 Y20.633 E8.38456
G1 X-42.577 Y20.047 E8.41457
G1 X-42.828 Y19.839 E8.43025
G1 X-43.122 Y19.796 E8.44454
;WIDTH:0.49656
G1 X-43.125 Y19.773 E8.44579
;WIDTH:0.54312
G1 X-43.129 Y19.75 E8.44718
;WIDTH:0.58968
G1 X-43.133 Y19.727 E8.44871
G1 X-43.277 Y19.744 E8.45821
G1 X-43.587 Y19.868 E8.48009
G1 X-43.628 Y20.001 E8.48921
;WIDTH:0.541403
G1 X-43.669 Y20.135 E8.49755
;WIDTH:0.493126
G1 X-43.711 Y20.269 E8.50506
;WIDTH:0.444849
G1 X-43.752 Y20.402 E8.51166
;WIDTH:0.397718
G1 X-43.748 Y20.557 E8.51811
;WIDTH:0.429968
G1 X-43.765 Y20.887 E8.53318
;WIDTH:0.462219
G1 X-43.781 Y21.217 E8.54957
;WIDTH:0.498175
G1 X-43.919 Y21.629 E8.57308
;WIDTH:0.503449
G1 X-44.165 Y21.985 E8.59678
G1 X-44.523 Y22.259 E8.62147
;WIDTH:0.498173
G1 X-44.947 Y22.414 E8.6459
;WIDTH:0.462217
G1 X-45.224 Y22.438 E8.6597
;WIDTH:0.432577
G1 X-45.5 Y22.462 E8.67242
;WIDTH:0.402938
G1 X-52.142 Y22.465 E8.95289
;WIDTH:0.433987
G1 X-52.481 Y22.411 E8.96871
;WIDTH:0.471402
G1 X-52.821 Y22.358 E8.98618
;WIDTH:0.500009
G1 X-53.196 Y22.162 E9.00917
G1 X-53.506 Y21.872 E9.03223
;WIDTH:0.492302
G1 X-53.715 Y21.501 E9.05496
;WIDTH:0.478171
G1 X-53.819 Y21.061 E9.07829
;WIDTH:0.429871
G1 X-53.845 Y20.55 E9.10161
;WIDTH:0.396572
G1 X-53.845 Y-22.965 E10.90455
;WIDTH:0.433987
G1 X-53.791 Y-23.304 E10.92037
;WIDTH:0.471403
G1 X-53.738 Y-23.643 E10.93779
;WIDTH:0.500009
G1 X-53.542 Y-24.018 E10.96078
G1 X-53.252 Y-24.329 E10.98388
;WIDTH:0.492368
G1 X-52.867 Y-24.545 E11.00745
;WIDTH:0.478433
G1 X-52.486 Y-24.641 E11.02774
;WIDTH:0.436744
G1 X-51.93 Y-24.667 E11.05359
;WIDTH:0.396572
G1 X-46.594 Y-24.667 E11.27467
;WIDTH:0.432309
G1 X-46.262 Y-24.616 E11.29008
;WIDTH:0.468047
G1 X-45.931 Y-24.564 E11.30695
;WIDTH:0.49549
G1 X-45.56 Y-24.374 E11.32936
G1 X-45.251 Y-24.093 E11.35182
;WIDTH:0.488052
G1 X-45.038 Y-23.73 E11.37406
;WIDTH:0.474469
G1 X-44.927 Y-23.304 E11.39658
;WIDTH:0.428421
G1 X-44.889 Y-22.803 E11.41939
;WIDTH:0.396573
G1 X-43.789 Y18.995 E13.1518
;WIDTH:0.444848
G1 X-43.741 Y19.106 E13.15754
;WIDTH:0.493125
G1 X-43.694 Y19.217 E13.16399
;WIDTH:0.541402
G1 X-43.646 Y19.328 E13.17119
;WIDTH:0.58968
G1 X-43.599 Y19.438 E13.17903
G1 X-43.463 Y19.507 E13.18902
G1 X-43.137 Y19.555 E13.21061
G1 X-43.135 Y19.532 E13.21212
;WIDTH:0.54312
G1 X-43.132 Y19.509 E13.2135
;WIDTH:0.49656
G1 X-43.13 Y19.486 E13.21474
;WIDTH:0.45
G1 X-42.839 Y19.428 E13.22901
G1 X-42.673 Y19.304 E13.23898
G1 X-42.535 Y19.057 E13.25259
G1 X-42.406 Y18.571 E13.27677
G1 X-42.183 Y18.103 E13.3017
G1 X-41.887 Y17.677 E13.32665
G1 X-41.594 Y17.386 E13.34651
G1 X-41.135 Y17.059 E13.37362
G1 X-40.126 Y16.619 E13.42656
G1 X-39.979 Y16.422 E13.43838
;WIDTH:0.437987
G1 X-39.944 Y16.16 E13.4507
;WIDTH:0.396573
G1 X-41.036 Y-25.314 E15.16968
;WIDTH:0.445695
G1 X-41.081 Y-25.575 E15.18228
;WIDTH:0.45
G1 X-41.194 Y-25.724 E15.19127
G1 X-41.425 Y-25.855 E15.20404
G1 X-41.972 Y-26.014 E15.23144
G1 X-42.457 Y-26.248 E15.25734
G1 X-42.877 Y-26.561 E15.28253
G1 X-43.245 Y-26.955 E15.30846
G1 X-43.524 Y-27.399 E15.33368
G1 X-43.725 Y-27.899 E15.3596
G1 X-43.825 Y-28.413 E15.38479
G1 X-43.831 Y-28.952 E15.41072
G1 X-43.739 Y-29.468 E15.43593
G1 X-43.553 Y-29.967 E15.46154
G1 X-43.294 Y-30.396 E15.48564
G1 X-42.963 Y-30.775 E15.50984
G1 X-42.666 Y-31.022 E15.52842
G1 X-42.128 Y-31.336 E15.55838
G1 X-41.638 Y-31.517 E15.5835
G1 X-41.139 Y-31.588 E15.60774
G1 X-40.579 Y-31.573 E15.63468
G1 X-39.925 Y-31.407 E15.66713
G1 X-39.432 Y-31.152 E15.69383
G1 X-39.164 Y-30.956 E15.7098
G1 X-38.774 Y-30.599 E15.73523
G1 X-38.459 Y-30.139 E15.76204
G1 X-38.243 Y-29.685 E15.78622
G1 X-38.121 Y-29.271 E15.80698
G1 X-37.982 Y-29.029 E15.8204
G1 X-37.831 Y-28.918 E15.82941
;WIDTH:0.446603
G1 X-37.698 Y-28.898 E15.83582
;WIDTH:0.421587
G1 X-37.565 Y-28.877 E15.84182
;WIDTH:0.396572
G1 X38.062 Y-28.877 E18.97525
;WIDTH:0.44537
G1 X38.443 Y-28.908 E18.99341
;WIDTH:0.45
G1 X38.49 Y-28.939 E18.99612
G1 X38.306 Y-29.287 F7200
;TYPE:External perimeter
G1 F1800
G1 X38.382 Y-29.375 E19.00171
G1 X38.537 Y-29.883 E19.02726
G1 X38.848 Y-30.491 E19.06011
G1 X39.167 Y-30.909 E19.0854
G1 X39.635 Y-31.33 E19.11568
G1 X40.128 Y-31.638 E19.14364
G1 X40.664 Y-31.845 E19.17128
G1 X41.288 Y-31.969 E19.20188
G1 X41.808 Y-31.972 E19.22689
G1 X42.446 Y-31.872 E19.25795
G1 X42.925 Y-31.696 E19.28249
G1 X43.53 Y-31.35 E19.31601
G1 X44.011 Y-30.91 E19.34736
G1 X44.355 Y-30.466 E19.37437
G1 X44.615 Y-29.94 E19.40259
G1 X44.753 Y-29.514 E19.42413
G1 X44.822 Y-29.139 E19.44247
G1 X44.855 Y-28.635 E19.46676
G1 X44.814 Y-28.138 E19.49075
G1 X44.633 Y-27.514 E19.522
G1 X44.388 Y-27.009 E19.549
G1 X43.993 Y-26.493 E19.58025
G1 X43.581 Y-26.111 E19.60727
G1 X43.026 Y-25.774 E19.6385
G1 X42.503 Y-25.567 E19.66555
G1 X41.864 Y-25.454 E19.69676
G1 X41.302 Y-25.45 E19.72379
G1 X40.665 Y-25.577 E19.75503
G1 X40.085 Y-25.799 E19.7849
G1 X39.925 Y-25.789 E19.79261
G1 X39.824 Y-25.636 E19.80143
G1 X36.089 Y16.284 E21.82562
G1 X36.209 Y16.408 E21.83392
G1 X36.96 Y16.744 E21.87349
G1 X37.405 Y17.073 E21.90011
G1 X37.826 Y17.504 E21.92909
G1 X38.105 Y17.919 E21.95314
G1 X38.342 Y18.44 E21.98067
G1 X38.519 Y19.188 E22.01764
G1 X38.536 Y19.804 E22.04728
G1 X38.444 Y20.335 E22.0732
G1 X38.24 Y20.925 E22.10323
G1 X37.976 Y21.386 E22.12878
G1 X37.555 Y21.89 E22.16037
G1 X37.162 Y22.219 E22.18502
G1 X36.602 Y22.535 E22.21595
G1 X36.069 Y22.722 E22.24312
G1 X35.318 Y22.822 E22.27956
G1 X34.819 Y22.783 E22.30363
G1 X34.305 Y22.662 E22.32903
G1 X33.763 Y22.455 E22.35693
G1 X33.287 Y22.149 E22.38415
G1 X32.81 Y21.708 E22.41539
G1 X32.511 Y21.293 E22.43999
G1 X32.272 Y20.837 E22.46475
G1 X32.016 Y20.133 E22.50078
G1 X31.877 Y20.074 E22.50804
G1 X-36.355 Y20.084 E25.78976
G1 X-36.479 Y20.211 E25.7983
G1 X-36.63 Y20.712 E25.82347
G1 X-36.886 Y21.229 E25.85122
G1 X-37.174 Y21.64 E25.87536
G1 X-37.712 Y22.158 E25.91128
G1 X-38.189 Y22.456 E25.93833
G1 X-38.671 Y22.65 E25.96332
G1 X-39.164 Y22.78 E25.98784
G1 X-39.723 Y22.819 E26.01479
G1 X-40.356 Y22.754 E26.0454
G1 X-40.889 Y22.591 E26.07221
G1 X-41.457 Y22.304 E26.10282
G1 X-41.896 Y21.961 E26.12961
G1 X-42.286 Y21.533 E26.15746
G1 X-42.478 Y21.255 E26.17371
G1 X-42.715 Y20.8 E26.19838
G1 X-42.872 Y20.311 E26.22308
G1 X-42.98 Y20.193 E26.23077
G1 X-43.276 Y20.21 E26.24503
G1 X-43.393 Y20.393 E26.25548
G1 X-43.38 Y20.886 E26.2792
G1 X-43.423 Y21.424 E26.30516
G1 X-43.581 Y21.868 E26.32783
G1 X-43.88 Y22.287 E26.35259
G1 X-44.291 Y22.597 E26.37735
G1 X-44.641 Y22.745 E26.39563
G1 X-45.16 Y22.824 E26.42088
G1 X-52.412 Y22.824 E26.76968
G1 X-52.977 Y22.734 E26.7972
G1 X-53.471 Y22.483 E26.82385
G1 X-53.863 Y22.091 E26.85051
G1 X-54.115 Y21.596 E26.87723
G1 X-54.204 Y21.032 E26.90469
G1 X-54.204 Y-23.191 E29.03166
G1 X-54.129 Y-23.705 E29.05664
G1 X-53.981 Y-24.06 E29.07514
G1 X-53.792 Y-24.363 E29.09232
G1 X-53.384 Y-24.73 E29.11871
G1 X-52.92 Y-24.95 E29.14341
G1 X-52.42 Y-25.026 E29.16773
G1 X-46.333 Y-25.026 E29.46049
G1 X-45.778 Y-24.94 E29.4875
G1 X-45.29 Y-24.696 E29.51374
G1 X-44.899 Y-24.316 E29.53996
G1 X-44.643 Y-23.834 E29.56621
G1 X-44.542 Y-23.282 E29.5932
G1 X-43.432 Y18.904 E31.6229
G1 X-43.346 Y19.059 E31.63143
G1 X-43.107 Y19.101 E31.6431
G1 X-42.954 Y19.04 E31.65102
G1 X-42.637 Y18.131 E31.69732
G1 X-42.383 Y17.692 E31.72171
G1 X-41.887 Y17.122 E31.75805
G1 X-41.361 Y16.741 E31.78929
G1 X-40.855 Y16.489 E31.81648
G1 X-40.372 Y16.323 E31.84104
G1 X-40.303 Y16.169 E31.84916
G1 X-41.396 Y-25.374 E33.84793
G1 X-41.533 Y-25.484 E33.85638
G1 X-42.11 Y-25.653 E33.8853
G1 X-42.692 Y-25.934 E33.91638
G1 X-43.137 Y-26.275 E33.94334
G1 X-43.578 Y-26.747 E33.97441
G1 X-43.87 Y-27.225 E34.00135
G1 X-44.11 Y-27.825 E34.03243
G1 X-44.21 Y-28.376 E34.05936
G1 X-44.218 Y-29.022 E34.09043
G1 X-44.111 Y-29.572 E34.11738
G1 X-43.886 Y-30.178 E34.14847
G1 X-43.588 Y-30.652 E34.1754
G1 X-43.159 Y-31.135 E34.20647
G1 X-42.71 Y-31.47 E34.23341
G1 X-42.187 Y-31.74 E34.26172
G1 X-41.708 Y-31.896 E34.28595
G1 X-41.058 Y-31.98 E34.31747
G1 X-40.508 Y-31.952 E34.34396
G1 X-39.777 Y-31.765 E34.38025
G1 X-39.254 Y-31.494 E34.40858
G1 X-38.932 Y-31.265 E34.42758
G1 X-38.474 Y-30.843 E34.45753
G1 X-38.107 Y-30.307 E34.48877
G1 X-37.869 Y-29.795 E34.51593
G1 X-37.704 Y-29.296 E34.54121
G1 X-37.564 Y-29.236 E34.54854
G1 X38.263 Y-29.236 E38.19556
G1 X38.267 Y-29.241 E38.19587
G1 X38.442 Y-29.601 F7200
G1 E36.19587 F2400
G92 E0
G1 Z5.05 F7200
G1 X-55.513 Y-34.335
G1 Z3.05
G1 E2 F2400
;TYPE:Perimeter
;WIDTH:0.396572
G1 F1200
G1 X-64.345 Y-34.335 E2.36593
G1 X-64.345 Y-34.667 E2.37969
G1 X-55.513 Y-34.667 E2.74562
G1 X-55.513 Y-34.395 E2.75689
G1 X-55.154 Y-33.976 F7200
;TYPE:External perimeter
;WIDTH:0.45
G1 F1200
G1 X-64.704 Y-33.976 E3.21621
G1 X-64.704 Y-35.026 E3.26671
G1 X-55.154 Y-35.026 E3.72603
G1 X-55.154 Y-34.036 E3.77365
G1 X-55.549 Y-33.977 F7200
M106 S206.55
;LAYER_CHANGE
;Z:3.35
;HEIGHT:0.3
G1 E1.77365 F2400
G92 E0
G1 Z3.35 F7200
G1 Z5.35
G1 X46.487 Y-34.335
G1 Z3.35
G1 E2 F2400
;TYPE:Perimeter
;WIDTH:0.396572
G1 F1200
G1 X35.655 Y-34.335 E2.4488
G1 X35.655 Y-34.667 E2.46256
G1 X46.487 Y-34.667 E2.91136
G1 X46.487 Y-34.395 E2.92263
G1 X46.846 Y-33.976 F7200
;TYPE:External perimeter
;WIDTH:0.45
G1 F1200
G1 X35.296 Y-33.976 E3.47814
G1 X35.296 Y-35.026 E3.52864
G1 X46.846 Y-35.026 E4.08415
G1 X46.846 Y-34.036 E4.13177
G1 X46.451 Y-33.977 F7200
G1 E2.13177 F2400
G92 E0
G1 Z5.35 F7200
G1 X41.592 Y-30.989
G1 Z3.35
G1 E2 F2400
;TYPE:Perimeter
;WIDTH:0.602582
G1 F1200
G1 X42.213 Y-30.899 E2.04212
G1 X42.476 Y-30.81 E2.06076
;WIDTH:0.598537
G1 X42.965 Y-30.524 E2.0985
;WIDTH:0.606412
G1 X43.343 Y-30.146 E2.13464
G1 X43.616 Y-29.75 E2.16716
;WIDTH:0.593677
G1 X43.809 Y-29.217 E2.20458
;WIDTH:0.595143
G1 X43.85 Y-28.995 E2.21952
G1 X43.849 Y-28.428 E2.25706
;WIDTH:0.597308
G1 X43.808 Y-28.194 E2.27285
;WIDTH:0.598033
G1 X43.618 Y-27.672 E2.30982
;WIDTH:0.606696
G1 X43.381 Y-27.321 E2.33847
G1 X43.022 Y-26.937 E2.37403
;WIDTH:0.599536
G1 X42.476 Y-26.612 E2.41644
G1 X42.263 Y-26.534 E2.43158
;WIDTH:0.599164
G1 X41.704 Y-26.439 E2.4694
;WIDTH:0.601813
G1 X41.412 Y-26.446 E2.48898
G1 X40.92 Y-26.536 E2.52251
;WIDTH:0.603225
G1 X40.61 Y-26.665 E2.54508
G1 X40.133 Y-26.955 E2.5826
;WIDTH:0.592137
G1 X39.68 Y-27.478 E2.62814
;WIDTH:0.598058
G1 X39.564 Y-27.673 E2.64324
G1 X39.37 Y-28.212 E2.68137
;WIDTH:0.606082
G1 X39.327 Y-28.711 E2.71521
G1 X39.37 Y-29.218 E2.74959
;WIDTH:0.598733
G1 X39.564 Y-29.751 E2.78739
;WIDTH:0.604481
G1 X39.804 Y-30.103 E2.81609
G1 X40.164 Y-30.488 E2.8516
;WIDTH:0.593444
G1 X40.708 Y-30.808 E2.89325
;WIDTH:0.606035
G1 X41.064 Y-30.917 E2.9184
G1 X41.533 Y-30.989 E2.95046
G1 X41.591 Y-30.528 F7200
;TYPE:External perimeter
;WIDTH:0.45
G1 F1200
G1 X41.625 Y-30.533 E2.95211
G1 X42.183 Y-30.435 E2.97936
G1 X42.737 Y-30.129 E3.0098
G1 X43.153 Y-29.651 E3.04028
G1 X43.38 Y-29.061 E3.07068
G1 X43.392 Y-28.428 E3.10113
G1 X43.153 Y-27.771 E3.13476
G1 X42.788 Y-27.337 E3.16203
G1 X42.246 Y-27.01 E3.19248
G1 X41.702 Y-26.903 E3.21915
G1 X41.493 Y-26.901 E3.2292
G1 X40.998 Y-26.988 E3.25337
G1 X40.446 Y-27.294 E3.28373
G1 X40.03 Y-27.771 E3.31417
G1 X39.803 Y-28.362 E3.34462
G1 X39.791 Y-28.995 E3.37507
G1 X39.996 Y-29.593 E3.40547
G1 X40.394 Y-30.086 E3.43594
G1 X40.937 Y-30.412 E3.4664
G1 X41.532 Y-30.517 E3.49546
G1 X41.93 Y-30.476 F7200
G1 E1.49546 F2400
G92 E0
G1 Z5.35 F7200
G1 X38.86 Y-29.358
G1 Z3.35
G1 E2 F2400
;TYPE:Perimeter
;WIDTH:0.606082
G1 F1200
G1 X38.863 Y-29.385 E2.00184
;WIDTH:0.598444
G1 X39.111 Y-30.032 E2.048
;WIDTH:0.604481
G1 X39.4 Y-30.46 E2.08279
G1 X39.752 Y-30.837 E2.11754
;WIDTH:0.605009
G1 X40.183 Y-31.135 E2.15287
G1 X40.797 Y-31.405 E2.1981
;WIDTH:0.597778
G1 X41.42 Y-31.515 E2.24019
;WIDTH:0.607229
G1 X42.006 Y-31.489 E2.27991
G1 X42.529 Y-31.361 E2.31637
G1 X42.977 Y-31.152 E2.34984
G1 X43.419 Y-30.844 E2.38632
;WIDTH:0.606412
G1 X43.776 Y-30.47 E2.42127
G1 X44.067 Y-30.037 E2.45654
;WIDTH:0.60583
G1 X44.265 Y-29.559 E2.49148
G1 X44.379 Y-29.048 E2.52684
;WIDTH:0.604658
G1 X44.392 Y-28.533 E2.56156
G1 X44.311 Y-28.018 E2.59669
;WIDTH:0.598033
G1 X44.105 Y-27.456 E2.63653
;WIDTH:0.606696
G1 X43.782 Y-26.958 E2.67668
G1 X43.408 Y-26.57 E2.71313
;WIDTH:0.607445
G1 X42.976 Y-26.269 E2.74879
G1 X42.385 Y-26.013 E2.79241
;WIDTH:0.60019
G1 X41.854 Y-25.918 E2.82846
;WIDTH:0.601813
G1 X41.341 Y-25.912 E2.86285
G1 X40.845 Y-26.007 E2.8967
;WIDTH:0.603225
G1 X40.381 Y-26.18 E2.92998
G1 X39.942 Y-26.449 E2.96458
;WIDTH:0.591584
G1 X39.698 Y-26.645 E2.98516
;WIDTH:0.604754
G1 X39.357 Y-27.017 E3.01917
G1 X39.062 Y-27.493 E3.05691
;WIDTH:0.598058
G1 X38.841 Y-28.143 E3.10261
;WIDTH:0.606082
G1 X38.787 Y-28.741 E3.14318
G1 X38.853 Y-29.298 E3.18108
G1 X38.411 Y-29.432 F7200
;TYPE:External perimeter
;WIDTH:0.45
G1 F1200
G1 X38.422 Y-29.515 E3.18511
G1 X38.682 Y-30.214 E3.22098
G1 X39.018 Y-30.73 E3.2506
G1 X39.427 Y-31.167 E3.27939
G1 X39.924 Y-31.524 E3.30882
G1 X40.414 Y-31.761 E3.335
G1 X40.895 Y-31.908 E3.35919
G1 X41.521 Y-31.979 E3.38949
G1 X42.1 Y-31.943 E3.41739
G1 X42.792 Y-31.755 E3.45188
G1 X43.244 Y-31.531 E3.47614
G1 X43.794 Y-31.116 E3.50928
G1 X44.163 Y-30.727 E3.53507
G1 X44.525 Y-30.132 E3.56857
G1 X44.718 Y-29.658 E3.59319
G1 X44.836 Y-29.071 E3.62199
G1 X44.86 Y-28.534 E3.64784
G1 X44.765 Y-27.93 E3.67725
G1 X44.592 Y-27.415 E3.70338
G1 X44.407 Y-27.044 E3.72332
G1 X44.114 Y-26.633 E3.7476
G1 X43.599 Y-26.143 E3.78179
G1 X43.185 Y-25.855 E3.80605
G1 X42.504 Y-25.567 E3.84161
G1 X41.898 Y-25.457 E3.87123
G1 X41.299 Y-25.45 E3.90004
G1 X40.698 Y-25.567 E3.92949
G1 X40.144 Y-25.775 E3.95795
G1 X39.505 Y-26.188 E3.99454
G1 X39.005 Y-26.706 E4.02917
G1 X38.655 Y-27.264 E4.06085
G1 X38.44 Y-27.874 E4.09196
G1 X38.368 Y-28.25 E4.11037
G1 X38.326 Y-28.792 E4.13652
G1 X38.403 Y-29.373 E4.16471
G1 X38.517 Y-29.757 F7200
G1 E2.16471 F2400
G92 E0
G1 Z5.35 F7200
G1 X33.035 Y19.154
G1 Z3.35
G1 E2 F2400
;TYPE:Perimeter
;WIDTH:0.602584
G1 F1200
G1 X33.079 Y18.959 E2.01342
G1 X33.254 Y18.486 E2.04727
;WIDTH:0.606042
G1 X33.537 Y18.093 E2.07999
G1 X33.896 Y17.734 E2.11429
;WIDTH:0.596515
G1 X34.388 Y17.452 E2.15193
;WIDTH:0.594033
G1 X34.6 Y17.375 E2.16683
;WIDTH:0.598237
G1 X35.158 Y17.274 E2.20459
;WIDTH:0.605891
G1 X35.706 Y17.327 E2.24177
G1 X36.182 Y17.463 E2.27521
;WIDTH:0.600829
G1 X36.645 Y17.736 E2.31117
;WIDTH:0.593756
G1 X36.819 Y17.88 E2.32608
G1 X37.183 Y18.315 E2.36353
;WIDTH:0.595262
G1 X37.297 Y18.51 E2.37849
G1 X37.49 Y19.043 E2.41602
;WIDTH:0.597307
G1 X37.531 Y19.266 E2.43109
G1 X37.53 Y19.832 E2.46871
;WIDTH:0.599943
G1 X37.474 Y20.106 E2.48739
G1 X37.298 Y20.588 E2.52167
;WIDTH:0.607239
G1 X37.027 Y20.98 E2.55394
G1 X36.645 Y21.362 E2.59052
;WIDTH:0.598285
G1 X36.156 Y21.648 E2.62824
;WIDTH:0.601685
G1 X35.9 Y21.735 E2.64636
G1 X35.384 Y21.822 E2.68143
;WIDTH:0.603634
G1 X35.045 Y21.807 E2.70425
G1 X34.474 Y21.684 E2.74354
;WIDTH:0.60406
G1 X33.971 Y21.411 E2.78206
G1 X33.723 Y21.218 E2.80321
;WIDTH:0.594892
G1 X33.36 Y20.782 E2.84075
;WIDTH:0.59674
G1 X33.245 Y20.588 E2.85572
G1 X33.053 Y20.055 E2.89334
;WIDTH:0.598485
G1 X33.011 Y19.832 E2.90846
G1 X33.011 Y19.262 E2.94643
;WIDTH:0.602584
G1 X33.022 Y19.213 E2.9498
G1 X33.482 Y19.233 F7200
;TYPE:External perimeter
;WIDTH:0.45
G1 F1200
G1 X33.676 Y18.667 E2.97858
G1 X34.074 Y18.174 E3.00905
G1 X34.617 Y17.848 E3.03951
G1 X35.11 Y17.749 E3.06369
G1 X35.305 Y17.727 E3.07313
G1 X35.863 Y17.825 E3.10038
G1 X36.417 Y18.131 E3.13082
G1 X36.833 Y18.609 E3.1613
G1 X37.06 Y19.199 E3.1917
G1 X37.072 Y19.741 E3.21777
G1 X37.042 Y19.948 E3.22783
G1 X36.866 Y20.431 E3.25255
G1 X36.468 Y20.923 E3.28299
G1 X35.926 Y21.25 E3.31344
G1 X35.347 Y21.363 E3.34181
G1 X34.679 Y21.273 E3.37423
G1 X34.202 Y21.01 E3.40043
G1 X34.074 Y20.923 E3.40787
G1 X33.71 Y20.489 E3.43511
G1 X33.483 Y19.898 E3.46556
G1 X33.471 Y19.291 E3.49476
G1 X33.594 Y18.91 F7200
G1 X32.793 Y18.231
;TYPE:Perimeter
;WIDTH:0.602584
G1 F1200
G1 X32.799 Y18.218 E3.49572
;WIDTH:0.606042
G1 X33.104 Y17.769 E3.53239
G1 X33.406 Y17.456 E3.56177
;WIDTH:0.605641
G1 X33.886 Y17.11 E3.60172
G1 X34.354 Y16.891 E3.6366
;WIDTH:0.605148
G1 X34.92 Y16.764 E3.67572
G1 X35.236 Y16.737 E3.69711
;WIDTH:0.605891
G1 X35.834 Y16.802 E3.73774
G1 X36.329 Y16.95 E3.77263
;WIDTH:0.607311
G1 X36.717 Y17.144 E3.80201
G1 X37.142 Y17.453 E3.83759
;WIDTH:0.605702
G1 X37.498 Y17.842 E3.87319
G1 X37.776 Y18.28 E3.90822
;WIDTH:0.604533
G1 X37.965 Y18.762 E3.9431
G1 X38.064 Y19.26 E3.97731
;WIDTH:0.602831
G1 X38.073 Y19.762 E4.01103
G1 X37.986 Y20.267 E4.04544
;WIDTH:0.600575
G1 X37.811 Y20.751 E4.07986
G1 X37.605 Y21.114 E4.10777
;WIDTH:0.598719
G1 X37.207 Y21.574 E4.14831
;WIDTH:0.592872
G1 X36.928 Y21.808 E4.17231
;WIDTH:0.598285
G1 X36.405 Y22.12 E4.21286
;WIDTH:0.601685
G1 X35.991 Y22.264 E4.24223
G1 X35.471 Y22.348 E4.27753
;WIDTH:0.603634
G1 X34.944 Y22.336 E4.31298
G1 X34.428 Y22.226 E4.34847
;WIDTH:0.606306
G1 X33.952 Y22.027 E4.38334
G1 X33.402 Y21.65 E4.42841
;WIDTH:0.604516
G1 X33.049 Y21.259 E4.4639
G1 X32.773 Y20.84 E4.4977
;WIDTH:0.603384
G1 X32.585 Y20.363 E4.53217
G1 X32.477 Y19.86 E4.56676
;WIDTH:0.598502
G1 X32.477 Y19.26 E4.60673
;WIDTH:0.602584
G1 X32.575 Y18.768 E4.64041
G1 X32.771 Y18.287 E4.67528
G1 X32.368 Y18.038 F7200
;TYPE:External perimeter
;WIDTH:0.45
G1 F1200
G1 X32.762 Y17.446 E4.70948
G1 X33.252 Y16.972 E4.74227
G1 X33.678 Y16.693 E4.76676
G1 X34.179 Y16.462 E4.79329
G1 X34.814 Y16.313 E4.82466
G1 X35.22 Y16.275 E4.84427
G1 X35.897 Y16.336 E4.87696
G1 X36.534 Y16.535 E4.90906
G1 X36.992 Y16.77 E4.93382
G1 X37.544 Y17.211 E4.9678
G1 X37.889 Y17.594 E4.99259
G1 X38.215 Y18.142 E5.02326
G1 X38.419 Y18.671 E5.05053
G1 X38.523 Y19.25 E5.07882
G1 X38.536 Y19.796 E5.10509
G1 X38.433 Y20.385 E5.13385
G1 X38.244 Y20.907 E5.16055
G1 X38.115 Y21.159 E5.17417
G1 X37.794 Y21.635 E5.20178
G1 X37.367 Y22.059 E5.23072
G1 X36.912 Y22.376 E5.25739
G1 X36.543 Y22.563 E5.27729
G1 X36.067 Y22.719 E5.30138
G1 X35.415 Y22.808 E5.33303
G1 X34.85 Y22.789 E5.36022
G1 X34.259 Y22.652 E5.3894
G1 X33.714 Y22.425 E5.4178
G1 X33.106 Y22.004 E5.45337
G1 X32.696 Y21.564 E5.4823
G1 X32.363 Y21.052 E5.51168
G1 X32.141 Y20.497 E5.54043
G1 X32.017 Y19.908 E5.56938
G1 X32.017 Y19.189 E5.60396
G1 X32.121 Y18.661 E5.62984
G1 X32.344 Y18.093 E5.65919
G1 X32.558 Y17.755 F7200
G1 E3.65919 F2400
G92 E0
G1 Z5.35 F7200
G1 X-38.232 Y17.813
G1 Z3.35
G1 E2 F2400
;TYPE:Perimeter
;WIDTH:0.60642
G1 F1200
G1 X-38 Y18.039 E2.0219
G1 X-37.707 Y18.426 E2.05472
;WIDTH:0.588453
G1 X-37.473 Y19.044 E2.09791
;WIDTH:0.594237
G1 X-37.431 Y19.265 E2.11278
;WIDTH:0.600482
G1 X-37.428 Y19.778 E2.14708
;WIDTH:0.605067
G1 X-37.531 Y20.237 E2.1788
G1 X-37.734 Y20.721 E2.21419
;WIDTH:0.593935
G1 X-38.141 Y21.217 E2.25657
;WIDTH:0.607197
G1 X-38.558 Y21.511 E2.29111
G1 X-39.017 Y21.725 E2.3254
;WIDTH:0.598715
G1 X-39.576 Y21.822 E2.36321
;WIDTH:0.600963
G1 X-39.848 Y21.817 E2.38142
G1 X-40.36 Y21.724 E2.41625
;WIDTH:0.604309
G1 X-40.666 Y21.597 E2.43856
G1 X-41.121 Y21.325 E2.47426
;WIDTH:0.595101
G1 X-41.6 Y20.783 E2.52214
;WIDTH:0.606827
G1 X-41.779 Y20.426 E2.54916
;WIDTH:0.60407
G1 X-41.949 Y19.832 E2.59075
;WIDTH:0.602388
G1 X-41.951 Y19.322 E2.62497
G1 X-41.871 Y18.931 E2.65175
;WIDTH:0.601336
G1 X-41.648 Y18.383 E2.69137
;WIDTH:0.595616
G1 X-41.237 Y17.88 E2.73441
;WIDTH:0.603667
G1 X-40.874 Y17.62 E2.76444
G1 X-40.407 Y17.387 E2.79954
;WIDTH:0.598458
G1 X-39.802 Y17.274 E2.84054
;WIDTH:0.60654
G1 X-39.264 Y17.325 E2.87708
G1 X-38.805 Y17.45 E2.90925
;WIDTH:0.596891
G1 X-38.314 Y17.734 E2.94692
;WIDTH:0.60642
G1 X-38.275 Y17.772 E2.9506
G1 X-38.521 Y18.158 F7200
;TYPE:External perimeter
;WIDTH:0.45
G1 F1200
G1 X-38.094 Y18.667 E2.98255
G1 X-37.9 Y19.199 E3.00979
G1 X-37.888 Y19.778 E3.03764
G1 X-37.966 Y20.079 E3.0526
G1 X-38.127 Y20.489 E3.07379
G1 X-38.492 Y20.923 E3.10106
G1 X-39.034 Y21.25 E3.13151
G1 X-39.554 Y21.353 E3.15701
G1 X-39.767 Y21.363 E3.16727
G1 X-40.281 Y21.272 E3.19238
G1 X-40.834 Y20.966 E3.22278
G1 X-41.25 Y20.489 E3.25322
G1 X-41.449 Y19.977 E3.27964
G1 X-41.489 Y19.832 E3.28687
G1 X-41.489 Y19.265 E3.31414
G1 X-41.284 Y18.667 E3.34454
G1 X-40.886 Y18.174 E3.37501
G1 X-40.343 Y17.848 E3.40547
G1 X-39.722 Y17.727 E3.4359
G1 X-39.097 Y17.825 E3.46633
G1 X-38.566 Y18.119 E3.49552
G1 X-38.302 Y18.42 F7200
G1 X-37.077 Y18.533
;TYPE:Perimeter
;WIDTH:0.604825
G1 F1200
G1 X-37.074 Y18.538 E3.49591
G1 X-36.901 Y19.259 E3.54589
;WIDTH:0.600482
G1 X-36.892 Y19.771 E3.58013
G1 X-36.966 Y20.197 E3.60904
;WIDTH:0.595115
G1 X-37.17 Y20.782 E3.65005
G1 X-37.354 Y21.098 E3.67426
;WIDTH:0.593935
G1 X-37.748 Y21.572 E3.71497
G1 X-38.028 Y21.805 E3.73903
;WIDTH:0.599406
G1 X-38.549 Y22.119 E3.77962
G1 X-38.92 Y22.251 E3.8059
;WIDTH:0.602199
G1 X-39.423 Y22.341 E3.84018
G1 X-39.941 Y22.345 E3.87493
;WIDTH:0.600963
G1 X-40.439 Y22.252 E3.90884
;WIDTH:0.604309
G1 X-40.933 Y22.067 E3.94436
G1 X-41.487 Y21.711 E3.98871
;WIDTH:0.604703
G1 X-41.85 Y21.334 E4.02398
G1 X-42.206 Y20.796 E4.06746
;WIDTH:0.60407
G1 X-42.392 Y20.315 E4.10217
G1 X-42.481 Y19.855 E4.13371
;WIDTH:0.602388
G1 X-42.489 Y19.313 E4.17008
G1 X-42.414 Y18.9 E4.19825
;WIDTH:0.597852
G1 X-42.215 Y18.323 E4.23886
G1 X-42.024 Y18.003 E4.26366
;WIDTH:0.595616
G1 X-41.638 Y17.531 E4.30406
G1 X-41.35 Y17.295 E4.32873
;WIDTH:0.593912
G1 X-40.824 Y16.986 E4.36902
G1 X-40.536 Y16.879 E4.38931
;WIDTH:0.605677
G1 X-40.017 Y16.76 E4.42526
G1 X-39.509 Y16.755 E4.45956
;WIDTH:0.595181
G1 X-38.902 Y16.856 E4.5003
;WIDTH:0.604325
G1 X-38.415 Y17.048 E4.53555
G1 X-37.975 Y17.32 E4.57039
;WIDTH:0.60642
G1 X-37.608 Y17.666 E4.60449
G1 X-37.34 Y18.018 E4.6344
;WIDTH:0.604825
G1 X-37.104 Y18.479 E4.66931
G1 X-36.661 Y18.35 F7200
;TYPE:External perimeter
;WIDTH:0.45
G1 F1200
G1 X-36.626 Y18.42 E4.67307
G1 X-36.443 Y19.248 E4.71385
G1 X-36.456 Y19.977 E4.74892
G1 X-36.602 Y20.617 E4.78049
G1 X-36.84 Y21.148 E4.80848
G1 X-37.183 Y21.646 E4.83756
G1 X-37.601 Y22.061 E4.86589
G1 X-38.091 Y22.403 E4.89463
G1 X-38.765 Y22.69 E4.92986
G1 X-39.352 Y22.802 E4.9586
G1 X-39.953 Y22.812 E4.98751
G1 X-40.476 Y22.718 E5.01307
G1 X-40.952 Y22.556 E5.03725
G1 X-41.413 Y22.33 E5.06194
G1 X-41.813 Y22.034 E5.08587
G1 X-42.228 Y21.6 E5.11475
G1 X-42.619 Y20.997 E5.14932
G1 X-42.844 Y20.423 E5.17897
G1 X-42.939 Y19.896 E5.20473
G1 X-42.948 Y19.236 E5.23648
G1 X-42.826 Y18.635 E5.26598
G1 X-42.613 Y18.077 E5.29471
G1 X-42.284 Y17.563 E5.32406
G1 X-41.884 Y17.12 E5.35277
G1 X-41.392 Y16.76 E5.38209
G1 X-40.86 Y16.491 E5.41076
G1 X-40.177 Y16.318 E5.44465
G1 X-39.77 Y16.275 E5.46433
G1 X-39.157 Y16.325 E5.49391
G1 X-38.782 Y16.414 E5.51245
G1 X-38.27 Y16.603 E5.5387
G1 X-37.795 Y16.891 E5.56542
G1 X-37.45 Y17.181 E5.5871
G1 X-37.045 Y17.625 E5.616
G1 X-36.85 Y17.963 E5.63477
G1 X-36.687 Y18.296 E5.6526
G1 X-36.573 Y18.679 F7200
G1 E3.6526 F2400
G92 E0
G1 Z5.35 F7200
G1 X-38.835 Y-27.938
G1 Z3.35
G1 E2 F2400
;TYPE:Perimeter
;WIDTH:0.602814
G1 F1200
G1 X-38.947 Y-27.644 E2.02113
;WIDTH:0.60613
G1 X-39.271 Y-27.2 E2.05827
G1 X-39.585 Y-26.898 E2.08771
;WIDTH:0.593061
G1 X-40.076 Y-26.614 E2.12511
;WIDTH:0.593442
G1 X-40.288 Y-26.537 E2.13999
G1 X-40.846 Y-26.44 E2.17736
;WIDTH:0.600096
G1 X-41.112 Y-26.442 E2.19513
G1 X-41.63 Y-26.537 E2.23032
;WIDTH:0.60292
G1 X-41.893 Y-26.638 E2.24924
G1 X-42.333 Y-26.898 E2.28357
;WIDTH:0.594297
G1 X-42.506 Y-27.043 E2.29849
G1 X-42.87 Y-27.477 E2.33593
;WIDTH:0.596162
G1 X-42.985 Y-27.672 E2.35095
G1 X-43.178 Y-28.205 E2.38855
;WIDTH:0.598754
G1 X-43.219 Y-28.478 E2.40695
G1 X-43.218 Y-28.995 E2.44141
;WIDTH:0.600836
G1 X-43.146 Y-29.313 E2.46323
G1 X-42.919 Y-29.874 E2.50372
;WIDTH:0.59577
G1 X-42.507 Y-30.38 E2.54697
;WIDTH:0.603449
G1 X-42.159 Y-30.631 E2.57582
G1 X-41.713 Y-30.865 E2.60968
;WIDTH:0.606238
G1 X-41.22 Y-30.964 E2.64366
G1 X-40.846 Y-30.986 E2.66898
;WIDTH:0.597998
G1 X-40.287 Y-30.888 E2.70675
;WIDTH:0.606546
G1 X-39.909 Y-30.72 E2.73472
G1 X-39.462 Y-30.431 E2.77071
;WIDTH:0.591933
G1 X-39.048 Y-29.945 E2.81272
;WIDTH:0.606095
G1 X-38.824 Y-29.466 E2.84845
G1 X-38.698 Y-28.976 E2.88263
;WIDTH:0.599636
G1 X-38.698 Y-28.45 E2.91775
;WIDTH:0.602814
G1 X-38.767 Y-28.117 E2.94059
G1 X-38.814 Y-27.994 E2.94943
G1 X-39.275 Y-28.098 F7200
;TYPE:External perimeter
;WIDTH:0.45
G1 F1200
G1 X-39.364 Y-27.829 E2.96306
G1 X-39.762 Y-27.337 E2.9935
G1 X-40.304 Y-27.01 E3.02395
G1 X-40.925 Y-26.889 E3.05438
G1 X-41.551 Y-26.987 E3.08486
G1 X-42.104 Y-27.294 E3.11528
G1 X-42.52 Y-27.771 E3.14572
G1 X-42.715 Y-28.273 E3.17162
G1 X-42.759 Y-28.478 E3.1817
G1 X-42.759 Y-28.995 E3.20657
G1 X-42.554 Y-29.593 E3.23697
G1 X-42.156 Y-30.086 E3.26744
G1 X-41.613 Y-30.412 E3.2979
G1 X-40.992 Y-30.533 E3.32833
G1 X-40.304 Y-30.412 E3.36193
G1 X-39.813 Y-30.129 E3.38919
G1 X-39.397 Y-29.651 E3.41967
G1 X-39.17 Y-29.061 E3.45007
G1 X-39.158 Y-28.45 E3.47946
G1 X-39.256 Y-28.155 E3.49441
G1 X-39.415 Y-27.788 F7200
G1 X-39.092 Y-26.617
;TYPE:Perimeter
;WIDTH:0.60613
G1 F1200
G1 X-39.147 Y-26.561 E3.49971
;WIDTH:0.606001
G1 X-39.589 Y-26.264 E3.53568
G1 X-40.053 Y-26.051 E3.57017
;WIDTH:0.605434
G1 X-40.595 Y-25.93 E3.60765
G1 X-41.211 Y-25.916 E3.64923
;WIDTH:0.600096
G1 X-41.946 Y-26.079 E3.69953
;WIDTH:0.60702
G1 X-42.451 Y-26.334 E3.73782
G1 X-42.874 Y-26.659 E3.77392
;WIDTH:0.604586
G1 X-43.219 Y-27.049 E3.809
G1 X-43.482 Y-27.483 E3.84319
;WIDTH:0.602929
G1 X-43.668 Y-27.977 E3.87865
G1 X-43.753 Y-28.475 E3.91258
;WIDTH:0.600747
G1 X-43.751 Y-29.004 E3.94797
G1 X-43.649 Y-29.5 E3.98185
G1 X-43.458 Y-29.993 E4.01722
;WIDTH:0.602404
G1 X-43.182 Y-30.418 E4.05123
G1 X-42.828 Y-30.81 E4.08667
;WIDTH:0.603449
G1 X-42.416 Y-31.105 E4.12074
G1 X-41.873 Y-31.37 E4.16136
;WIDTH:0.606238
G1 X-41.284 Y-31.501 E4.20214
G1 X-40.782 Y-31.515 E4.23608
;WIDTH:0.597998
G1 X-40.16 Y-31.405 E4.27812
;WIDTH:0.606546
G1 X-39.621 Y-31.179 E4.31764
G1 X-39.175 Y-30.88 E4.35395
;WIDTH:0.606374
G1 X-38.81 Y-30.514 E4.38889
G1 X-38.513 Y-30.09 E4.42388
;WIDTH:0.606095
G1 X-38.306 Y-29.619 E4.45864
G1 X-38.163 Y-28.976 E4.50315
;WIDTH:0.599636
G1 X-38.163 Y-28.425 E4.53993
;WIDTH:0.602814
G1 X-38.266 Y-27.921 E4.57448
G1 X-38.529 Y-27.299 E4.61983
;WIDTH:0.60613
G1 X-38.843 Y-26.869 E4.65581
G1 X-39.05 Y-26.659 E4.67573
G1 X-38.766 Y-26.291 F7200
;TYPE:External perimeter
;WIDTH:0.45
G1 F1200
G1 X-38.835 Y-26.221 E4.68046
G1 X-39.335 Y-25.87 E4.70984
G1 X-39.877 Y-25.622 E4.73851
G1 X-40.429 Y-25.488 E4.76583
G1 X-40.779 Y-25.461 E4.78271
G1 X-41.3 Y-25.464 E4.80777
G1 X-42.113 Y-25.653 E4.84792
G1 X-42.687 Y-25.93 E4.87857
G1 X-43.163 Y-26.298 E4.90751
G1 X-43.577 Y-26.745 E4.93681
G1 X-43.885 Y-27.257 E4.96555
G1 X-44.11 Y-27.823 E4.99484
G1 X-44.213 Y-28.411 E5.02355
G1 X-44.218 Y-29.021 E5.05289
G1 X-44.102 Y-29.606 E5.08157
G1 X-43.887 Y-30.176 E5.11087
G1 X-43.566 Y-30.681 E5.13965
G1 X-43.16 Y-31.135 E5.16894
G1 X-42.68 Y-31.489 E5.19763
G1 X-42.186 Y-31.741 E5.2243
G1 X-41.709 Y-31.896 E5.24842
G1 X-41.058 Y-31.98 E5.27999
G1 X-40.508 Y-31.952 E5.30648
G1 X-39.815 Y-31.777 E5.34086
G1 X-39.36 Y-31.562 E5.36506
G1 X-38.786 Y-31.14 E5.39933
G1 X-38.428 Y-30.777 E5.42385
G1 X-38.07 Y-30.222 E5.45562
G1 X-37.853 Y-29.721 E5.48188
G1 X-37.703 Y-28.977 E5.51838
G1 X-37.702 Y-28.382 E5.547
G1 X-37.81 Y-27.813 E5.57486
G1 X-38.109 Y-27.099 E5.61209
G1 X-38.466 Y-26.6 E5.6416
G1 X-38.724 Y-26.334 E5.65942
G1 X-39.036 Y-26.084 F7200
G1 E3.65942 F2400
G92 E0
G1 Z5.35 F7200
G1 X-55.513 Y-34.335
G1 Z3.35
G1 E2 F2400
;TYPE:Perimeter
;WIDTH:0.396572
G1 F1200
G1 X-64.345 Y-34.335 E2.36593
G1 X-64.345 Y-34.667 E2.37969
G1 X-55.513 Y-34.667 E2.74562
G1 X-55.513 Y-34.395 E2.75689
G1 X-55.154 Y-33.976 F7200
;TYPE:External perimeter
;WIDTH:0.45
G1 F1200
G1 X-64.704 Y-33.976 E3.21621
G1 X-64.704 Y-35.026 E3.26671
G1 X-55.154 Y-35.026 E3.72603
G1 X-55.154 Y-34.036 E3.77365
G1 X-55.549 Y-33.977 F7200
;LAYER_CHANGE
;Z:3.65
;HEIGHT:0.3
G1 E1.77365 F2400
G92 E0
G1 Z3.65 F7200
G1 Z5.65
G1 X46.487 Y-34.335
G1 Z3.65
G1 E2 F2400
;TYPE:Perimeter
;WIDTH:0.396572
G1 F1200
G1 X35.655 Y-34.335 E2.4488
G1 X35.655 Y-34.667 E2.46256
G1 X46.487 Y-34.667 E2.91136
G1 X46.487 Y-34.395 E2.92263
G1 X46.846 Y-33.976 F7200
;TYPE:External perimeter
;WIDTH:0.45
G1 F1200
G1 X35.296 Y-33.976 E3.47814
G1 X35.296 Y-35.026 E3.52864
G1 X46.846 Y-35.026 E4.08415
G1 X46.846 Y-34.036 E4.13177
G1 X46.451 Y-33.977 F7200
G1 E2.13177 F2400
G92 E0
G1 Z5.65 F7200
G1 X41.294 Y-30.952
G1 Z3.65
G1 E2 F2400
;TYPE:Perimeter
;WIDTH:0.606118
G1 F1200
G1 X41.565 Y-30.993 E2.01852
;WIDTH:0.602364
G1 X42.217 Y-30.898 E2.06273
G1 X42.476 Y-30.81 E2.08108
;WIDTH:0.598634
G1 X42.966 Y-30.525 E2.11885
;WIDTH:0.606372
G1 X43.348 Y-30.139 E2.15556
G1 X43.615 Y-29.75 E2.18745
;WIDTH:0.59309
G1 X43.81 Y-29.217 E2.22488
;WIDTH:0.594025
G1 X43.849 Y-28.995 E2.23977
G1 X43.849 Y-28.428 E2.27723
;WIDTH:0.595947
G1 X43.811 Y-28.205 E2.29223
;WIDTH:0.598072
G1 X43.618 Y-27.672 E2.32996
;WIDTH:0.606841
G1 X43.378 Y-27.318 E2.3589
G1 X43.023 Y-26.938 E2.39408
;WIDTH:0.599486
G1 X42.476 Y-26.612 E2.43658
G1 X42.263 Y-26.534 E2.45172
G1 X41.704 Y-26.439 E2.48956
;WIDTH:0.602069
G1 X41.407 Y-26.447 E2.50949
G1 X40.809 Y-26.571 E2.55045
;WIDTH:0.59119
G1 X40.217 Y-26.899 E2.59492
;WIDTH:0.592199
G1 X40.044 Y-27.043 E2.60974
G1 X39.681 Y-27.478 E2.64704
;WIDTH:0.599091
G1 X39.562 Y-27.678 E2.66256
G1 X39.373 Y-28.206 E2.69996
;WIDTH:0.59794
G1 X39.331 Y-28.429 E2.71506
;WIDTH:0.598046
G1 X39.331 Y-29.001 E2.75313
;WIDTH:0.602659
G1 X39.409 Y-29.331 E2.7759
G1 X39.633 Y-29.88 E2.81571
;WIDTH:0.60403
G1 X40.162 Y-30.488 E2.86995
;WIDTH:0.592741
G1 X40.709 Y-30.808 E2.91171
;WIDTH:0.606118
G1 X41.069 Y-30.918 E2.93714
G1 X41.235 Y-30.943 E2.94848
G1 X41.367 Y-30.488 F7200
;TYPE:External perimeter
;WIDTH:0.45
G1 F1200
G1 X41.625 Y-30.533 E2.96108
G1 X42.183 Y-30.435 E2.98833
G1 X42.737 Y-30.129 E3.01877
G1 X43.153 Y-29.651 E3.04925
G1 X43.38 Y-29.061 E3.07965
G1 X43.392 Y-28.428 E3.1101
G1 X43.21 Y-27.894 E3.13723
G1 X43.022 Y-27.616 E3.15337
G1 X42.737 Y-27.294 E3.17405
G1 X42.246 Y-27.01 E3.20133
G1 X41.733 Y-26.908 E3.22649
G1 X41.487 Y-26.902 E3.23833
G1 X40.966 Y-26.997 E3.2638
G1 X40.446 Y-27.294 E3.2926
G1 X40.03 Y-27.771 E3.32304
G1 X39.802 Y-28.363 E3.35355
G1 X39.791 Y-28.995 E3.38395
G1 X39.996 Y-29.593 E3.41435
G1 X40.446 Y-30.129 E3.44801
G1 X40.937 Y-30.412 E3.47527
G1 X41.308 Y-30.478 E3.49339
G1 X41.707 Y-30.506 F7200
G1 E1.49339 F2400
G92 E0
G1 Z5.65 F7200
G1 X38.861 Y-29.343
G1 Z3.65
G1 E2 F2400
;TYPE:Perimeter
;WIDTH:0.598026
G1 F1200
G1 X38.864 Y-29.362 E2.00128
;WIDTH:0.596089
G1 X39.069 Y-29.939 E2.04189
G1 X39.255 Y-30.259 E2.06644
;WIDTH:0.594133
G1 X39.647 Y-30.73 E2.10693
G1 X39.93 Y-30.968 E2.13136
;WIDTH:0.59315
G1 X40.461 Y-31.275 E2.17181
;WIDTH:0.597486
G1 X40.799 Y-31.406 E2.19591
;WIDTH:0.597818
G1 X41.421 Y-31.515 E2.23792
;WIDTH:0.607308
G1 X42.012 Y-31.488 E2.27798
G1 X42.531 Y-31.361 E2.31416
G1 X42.982 Y-31.149 E2.34791
G1 X43.397 Y-30.863 E2.38204
;WIDTH:0.606372
G1 X43.766 Y-30.487 E2.41765
G1 X44.053 Y-30.063 E2.45226
;WIDTH:0.605704
G1 X44.262 Y-29.579 E2.48785
G1 X44.375 Y-29.08 E2.52239
;WIDTH:0.604457
G1 X44.395 Y-28.553 E2.55791
G1 X44.319 Y-28.047 E2.59238
;WIDTH:0.602855
G1 X44.152 Y-27.559 E2.62702
G1 X43.928 Y-27.151 E2.65828
;WIDTH:0.598005
G1 X43.531 Y-26.688 E2.69887
;WIDTH:0.593795
G1 X43.253 Y-26.458 E2.72269
;WIDTH:0.599486
G1 X42.73 Y-26.141 E2.76351
G1 X42.358 Y-26.008 E2.78988
;WIDTH:0.601409
G1 X41.864 Y-25.921 E2.82348
;WIDTH:0.602069
G1 X41.337 Y-25.913 E2.85883
G1 X40.835 Y-26.011 E2.89313
;WIDTH:0.603171
G1 X40.325 Y-26.208 E2.92987
G1 X39.769 Y-26.572 E2.97453
;WIDTH:0.604906
G1 X39.383 Y-26.984 E3.01259
G1 X39.089 Y-27.436 E3.04894
;WIDTH:0.605382
G1 X38.918 Y-27.863 E3.07998
G1 X38.798 Y-28.395 E3.11678
;WIDTH:0.598026
G1 X38.798 Y-28.995 E3.15672
G1 X38.85 Y-29.284 E3.17626
G1 X38.411 Y-29.428 F7200
;TYPE:External perimeter
;WIDTH:0.45
G1 F1200
G1 X38.454 Y-29.634 E3.18638
G1 X38.688 Y-30.225 E3.21695
G1 X39.001 Y-30.707 E3.24459
G1 X39.433 Y-31.173 E3.27515
G1 X39.899 Y-31.51 E3.30281
G1 X40.42 Y-31.763 E3.33067
G1 X40.902 Y-31.91 E3.35491
G1 X41.524 Y-31.979 E3.38501
G1 X42.107 Y-31.942 E3.41311
G1 X42.798 Y-31.753 E3.44757
G1 X43.248 Y-31.529 E3.47175
G1 X43.788 Y-31.118 E3.50439
G1 X44.167 Y-30.722 E3.53075
G1 X44.522 Y-30.133 E3.56383
G1 X44.72 Y-29.653 E3.5888
G1 X44.832 Y-29.102 E3.61584
G1 X44.86 Y-28.529 E3.64343
G1 X44.773 Y-27.961 E3.67107
G1 X44.591 Y-27.413 E3.69884
G1 X44.405 Y-27.041 E3.71884
G1 X44.114 Y-26.632 E3.74298
G1 X43.602 Y-26.149 E3.77683
G1 X43.181 Y-25.853 E3.80158
G1 X42.501 Y-25.566 E3.83708
G1 X41.932 Y-25.461 E3.86491
G1 X41.297 Y-25.451 E3.89546
G1 X40.732 Y-25.558 E3.92312
G1 X40.142 Y-25.776 E3.95337
G1 X39.497 Y-26.195 E3.99036
G1 X39.034 Y-26.671 E4.0223
G1 X38.698 Y-27.193 E4.05216
G1 X38.479 Y-27.703 E4.07886
G1 X38.338 Y-28.345 E4.11047
G1 X38.338 Y-29.078 E4.14572
G1 X38.398 Y-29.369 E4.16001
G1 X38.508 Y-29.754 F7200
G1 E2.16001 F2400
G92 E0
G1 Z5.65 F7200
G1 X33.044 Y19.156
G1 Z3.65
G1 E2 F2400
;TYPE:Perimeter
;WIDTH:0.598357
G1 F1200
G1 X33.069 Y18.969 E2.01257
G1 X33.249 Y18.501 E2.04596
;WIDTH:0.605953
G1 X33.551 Y18.076 E2.08118
G1 X33.897 Y17.734 E2.11404
;WIDTH:0.595354
G1 X34.388 Y17.451 E2.15157
;WIDTH:0.594458
G1 X34.601 Y17.375 E2.16652
;WIDTH:0.597935
G1 X35.158 Y17.274 E2.20419
G1 X35.683 Y17.304 E2.23918
;WIDTH:0.603811
G1 X36.218 Y17.485 E2.27718
G1 X36.507 Y17.635 E2.29909
;WIDTH:0.598221
G1 X36.941 Y18 E2.33685
G1 X37.085 Y18.174 E2.35189
;WIDTH:0.595016
G1 X37.368 Y18.665 E2.3894
;WIDTH:0.597148
G1 X37.447 Y18.877 E2.40443
G1 X37.544 Y19.436 E2.44213
;WIDTH:0.599799
G1 X37.543 Y19.685 E2.45876
G1 X37.446 Y20.22 E2.49507
;WIDTH:0.603857
G1 X37.326 Y20.516 E2.51656
G1 X37.048 Y20.98 E2.55296
;WIDTH:0.595029
G1 X36.505 Y21.46 E2.60093
;WIDTH:0.606849
G1 X36.139 Y21.643 E2.62862
G1 X35.66 Y21.795 E2.66262
;WIDTH:0.599715
G1 X35.009 Y21.81 E2.7061
;WIDTH:0.603748
G1 X34.613 Y21.717 E2.73346
G1 X34.123 Y21.521 E2.76896
;WIDTH:0.593067
G1 X33.603 Y21.095 E2.81329
;WIDTH:0.595648
G1 X33.457 Y20.924 E2.82819
;WIDTH:0.597491
G1 X33.173 Y20.433 E2.86591
;WIDTH:0.605004
G1 X33.07 Y20.099 E2.88948
G1 X32.992 Y19.542 E2.9274
;WIDTH:0.598357
G1 X33.036 Y19.216 E2.94931
G1 X33.49 Y19.235 F7200
;TYPE:External perimeter
;WIDTH:0.45
G1 F1200
G1 X33.496 Y19.147 E2.95355
G1 X33.677 Y18.664 E2.97836
G1 X34.074 Y18.174 E3.00869
G1 X34.617 Y17.848 E3.03915
G1 X35.288 Y17.724 E3.07197
G1 X35.621 Y17.76 E3.08808
G1 X36.153 Y17.954 E3.11532
G1 X36.689 Y18.403 E3.14895
G1 X36.972 Y18.894 E3.17621
G1 X37.077 Y19.42 E3.20201
G1 X37.089 Y19.605 E3.21093
G1 X36.995 Y20.141 E3.2371
G1 X36.689 Y20.694 E3.2675
G1 X36.211 Y21.11 E3.29798
G1 X35.704 Y21.307 E3.32414
G1 X35.447 Y21.349 E3.33666
G1 X34.922 Y21.337 E3.36192
G1 X34.389 Y21.144 E3.38918
G1 X33.897 Y20.746 E3.41962
G1 X33.57 Y20.203 E3.45011
G1 X33.459 Y19.637 E3.47785
G1 X33.485 Y19.295 E3.49435
G1 X33.591 Y18.909 F7200
G1 X32.794 Y18.232
;TYPE:Perimeter
;WIDTH:0.598057
G1 F1200
G1 X32.802 Y18.212 E3.49578
;WIDTH:0.605953
G1 X33.119 Y17.751 E3.53357
G1 X33.405 Y17.455 E3.56137
;WIDTH:0.605379
G1 X33.906 Y17.099 E3.60284
G1 X34.353 Y16.892 E3.63608
;WIDTH:0.604532
G1 X34.934 Y16.762 E3.67619
G1 X35.374 Y16.745 E3.70586
;WIDTH:0.591483
G1 X35.901 Y16.817 E3.74083
;WIDTH:0.603811
G1 X36.39 Y16.974 E3.77538
G1 X36.828 Y17.211 E3.80889
;WIDTH:0.603397
G1 X37.239 Y17.543 E3.84441
G1 X37.52 Y17.868 E3.87329
G1 X37.781 Y18.297 E3.90705
G1 X37.971 Y18.78 E3.94194
;WIDTH:0.601764
G1 X38.064 Y19.288 E3.97655
G1 X38.075 Y19.752 E4.00766
;WIDTH:0.599799
G1 X37.979 Y20.293 E4.04435
;WIDTH:0.603857
G1 X37.795 Y20.781 E4.07944
G1 X37.435 Y21.344 E4.1244
;WIDTH:0.60512
G1 X37.03 Y21.732 E4.16223
G1 X36.518 Y22.066 E4.20346
;WIDTH:0.603537
G1 X35.998 Y22.261 E4.24081
G1 X35.444 Y22.349 E4.27853
;WIDTH:0.602185
G1 X34.933 Y22.336 E4.31282
;WIDTH:0.603748
G1 X34.421 Y22.221 E4.34812
G1 X33.853 Y21.976 E4.38973
;WIDTH:0.607108
G1 X33.412 Y21.65 E4.42685
G1 X33.042 Y21.261 E4.46319
;WIDTH:0.605812
G1 X32.766 Y20.817 E4.49849
G1 X32.577 Y20.344 E4.53289
;WIDTH:0.600421
G1 X32.473 Y19.761 E4.57248
;WIDTH:0.600978
G1 X32.478 Y19.254 E4.60641
G1 X32.578 Y18.759 E4.64021
;WIDTH:0.598057
G1 X32.771 Y18.288 E4.67409
G1 X32.368 Y18.038 F7200
;TYPE:External perimeter
;WIDTH:0.45
G1 F1200
G1 X32.778 Y17.428 E4.70944
G1 X33.233 Y16.987 E4.73992
G1 X33.699 Y16.68 E4.76676
G1 X34.179 Y16.462 E4.79212
G1 X34.83 Y16.311 E4.82426
G1 X35.191 Y16.279 E4.84169
G1 X35.698 Y16.316 E4.86614
G1 X36.079 Y16.394 E4.88484
G1 X36.645 Y16.58 E4.91349
G1 X37.086 Y16.831 E4.9379
G1 X37.608 Y17.259 E4.97037
G1 X37.927 Y17.655 E4.99483
G1 X38.208 Y18.121 E5.021
G1 X38.421 Y18.691 E5.05027
G1 X38.526 Y19.278 E5.07895
G1 X38.536 Y19.788 E5.10348
G1 X38.425 Y20.413 E5.13401
G1 X38.247 Y20.902 E5.15904
G1 X38.008 Y21.342 E5.18312
G1 X37.668 Y21.759 E5.209
G1 X37.293 Y22.113 E5.2338
G1 X36.717 Y22.48 E5.26665
G1 X36.132 Y22.707 E5.29683
G1 X35.503 Y22.811 E5.32749
G1 X34.929 Y22.805 E5.3551
G1 X34.371 Y22.687 E5.38253
G1 X33.871 Y22.499 E5.40822
G1 X33.467 Y22.278 E5.43037
G1 X33.072 Y21.966 E5.45458
G1 X32.618 Y21.449 E5.48767
G1 X32.278 Y20.861 E5.52034
G1 X32.102 Y20.359 E5.54593
G1 X32.012 Y19.815 E5.57245
G1 X32.018 Y19.182 E5.6029
G1 X32.117 Y18.677 E5.62765
G1 X32.345 Y18.093 E5.6578
G1 X32.559 Y17.755 F7200
G1 E3.6578 F2400
G92 E0
G1 Z5.65 F7200
G1 X-38.232 Y17.813
G1 Z3.65
G1 E2 F2400
;TYPE:Perimeter
;WIDTH:0.606548
G1 F1200
G1 X-37.991 Y18.05 E2.02286
G1 X-37.705 Y18.43 E2.05502
;WIDTH:0.587927
G1 X-37.473 Y19.044 E2.09788
;WIDTH:0.595597
G1 X-37.43 Y19.265 E2.1128
G1 X-37.431 Y19.832 E2.15037
;WIDTH:0.604626
G1 X-37.526 Y20.225 E2.17761
G1 X-37.734 Y20.722 E2.21391
;WIDTH:0.593044
G1 X-38.142 Y21.217 E2.25621
;WIDTH:0.607244
G1 X-38.549 Y21.506 E2.29001
G1 X-39.001 Y21.722 E2.32393
;WIDTH:0.60129
G1 X-39.498 Y21.812 E2.35775
G1 X-39.837 Y21.819 E2.38046
;WIDTH:0.600452
G1 X-40.36 Y21.724 E2.416
;WIDTH:0.604122
G1 X-40.66 Y21.601 E2.43783
G1 X-41.121 Y21.326 E2.47397
;WIDTH:0.595178
G1 X-41.6 Y20.783 E2.52191
;WIDTH:0.606798
G1 X-41.779 Y20.428 E2.54881
G1 X-41.945 Y19.898 E2.58638
;WIDTH:0.602338
G1 X-41.951 Y19.32 E2.62516
G1 X-41.881 Y18.961 E2.6497
;WIDTH:0.600237
G1 X-41.704 Y18.484 E2.6837
;WIDTH:0.602003
G1 X-41.515 Y18.207 E2.70619
G1 X-41.123 Y17.777 E2.74521
;WIDTH:0.593429
G1 X-40.571 Y17.452 E2.78748
G1 X-40.359 Y17.376 E2.80234
;WIDTH:0.59822
G1 X-39.802 Y17.274 E2.84004
;WIDTH:0.606323
G1 X-39.293 Y17.319 E2.87458
G1 X-38.805 Y17.45 E2.90873
;WIDTH:0.596886
G1 X-38.314 Y17.734 E2.9464
;WIDTH:0.606548
G1 X-38.275 Y17.771 E2.95004
G1 X-38.521 Y18.157 F7200
;TYPE:External perimeter
;WIDTH:0.45
G1 F1200
G1 X-38.171 Y18.557 E2.9756
G1 X-38.018 Y18.876 E2.99262
G1 X-37.888 Y19.265 E3.01235
G1 X-37.888 Y19.832 E3.03962
G1 X-38.094 Y20.431 E3.07009
G1 X-38.492 Y20.923 E3.10053
G1 X-39.034 Y21.25 E3.13098
G1 X-39.578 Y21.357 E3.15765
G1 X-39.757 Y21.365 E3.16627
G1 X-40.281 Y21.272 E3.19187
G1 X-40.834 Y20.966 E3.22227
G1 X-41.25 Y20.489 E3.25271
G1 X-41.489 Y19.832 E3.28634
G1 X-41.489 Y19.265 E3.31361
G1 X-41.265 Y18.629 E3.34604
G1 X-40.886 Y18.174 E3.37452
G1 X-40.343 Y17.848 E3.40498
G1 X-39.722 Y17.727 E3.43541
G1 X-39.097 Y17.825 E3.46584
G1 X-38.566 Y18.119 E3.49503
G1 X-38.297 Y18.415 F7200
G1 X-37.085 Y18.523
;TYPE:Perimeter
;WIDTH:0.604837
G1 F1200
G1 X-37.067 Y18.559 E3.49774
G1 X-36.899 Y19.236 E3.54476
;WIDTH:0.601553
G1 X-36.89 Y19.743 E3.57873
G1 X-36.966 Y20.195 E3.60944
;WIDTH:0.594237
G1 X-37.171 Y20.782 E3.65053
G1 X-37.353 Y21.099 E3.67469
;WIDTH:0.593585
G1 X-37.749 Y21.571 E3.71536
G1 X-38.028 Y21.806 E3.73944
;WIDTH:0.599651
G1 X-38.548 Y22.119 E3.77996
G1 X-38.909 Y22.248 E3.80555
;WIDTH:0.60129
G1 X-39.401 Y22.34 E3.83907
G1 X-39.906 Y22.351 E3.8729
;WIDTH:0.600452
G1 X-40.444 Y22.254 E3.90945
;WIDTH:0.604122
G1 X-40.926 Y22.071 E3.94416
G1 X-41.483 Y21.714 E3.9887
;WIDTH:0.604672
G1 X-41.869 Y21.31 E4.02635
G1 X-42.206 Y20.796 E4.06777
;WIDTH:0.604132
G1 X-42.392 Y20.316 E4.10243
G1 X-42.482 Y19.855 E4.13405
;WIDTH:0.602338
G1 X-42.488 Y19.289 E4.17203
G1 X-42.391 Y18.796 E4.20574
;WIDTH:0.600237
G1 X-42.215 Y18.324 E4.23941
;WIDTH:0.597598
G1 X-42.026 Y18.004 E4.26413
;WIDTH:0.595244
G1 X-41.638 Y17.532 E4.30459
G1 X-41.352 Y17.295 E4.32918
;WIDTH:0.593429
G1 X-40.824 Y16.987 E4.36951
G1 X-40.534 Y16.878 E4.38995
;WIDTH:0.605424
G1 X-40.011 Y16.759 E4.42615
G1 X-39.509 Y16.753 E4.46003
;WIDTH:0.594078
G1 X-38.903 Y16.858 E4.50066
;WIDTH:0.604834
G1 X-38.402 Y17.054 E4.53692
G1 X-37.972 Y17.325 E4.57118
;WIDTH:0.606548
G1 X-37.599 Y17.676 E4.60581
G1 X-37.339 Y18.019 E4.63491
;WIDTH:0.604837
G1 X-37.112 Y18.469 E4.66888
G1 X-36.665 Y18.347 F7200
;TYPE:External perimeter
;WIDTH:0.45
G1 F1200
G1 X-36.618 Y18.444 E4.67406
G1 X-36.442 Y19.208 E4.71177
G1 X-36.429 Y19.732 E4.73698
G1 X-36.458 Y19.971 E4.74856
G1 X-36.598 Y20.605 E4.77979
G1 X-36.85 Y21.166 E4.80937
G1 X-37.175 Y21.635 E4.83681
G1 X-37.618 Y22.075 E4.86684
G1 X-38.079 Y22.396 E4.89386
G1 X-38.755 Y22.687 E4.92926
G1 X-39.378 Y22.805 E4.95976
G1 X-39.944 Y22.812 E4.98698
G1 X-40.504 Y22.711 E5.01435
G1 X-40.955 Y22.556 E5.03729
G1 X-41.484 Y22.284 E5.0659
G1 X-41.9 Y21.944 E5.09174
G1 X-42.249 Y21.576 E5.11613
G1 X-42.619 Y20.998 E5.14914
G1 X-42.844 Y20.424 E5.17879
G1 X-42.939 Y19.895 E5.20464
G1 X-42.948 Y19.236 E5.23634
G1 X-42.836 Y18.669 E5.26414
G1 X-42.613 Y18.076 E5.29461
G1 X-42.306 Y17.592 E5.32218
G1 X-41.883 Y17.119 E5.3527
G1 X-41.422 Y16.779 E5.38025
G1 X-40.859 Y16.491 E5.41067
G1 X-40.171 Y16.317 E5.4448
G1 X-39.754 Y16.275 E5.46496
G1 X-39.188 Y16.32 E5.49227
G1 X-38.785 Y16.416 E5.5122
G1 X-38.254 Y16.61 E5.53939
G1 X-37.794 Y16.89 E5.56529
G1 X-37.451 Y17.182 E5.58696
G1 X-37.037 Y17.636 E5.61651
G1 X-36.845 Y17.973 E5.63516
G1 X-36.691 Y18.293 E5.65224
G1 X-36.57 Y18.674 F7200
G1 E3.65224 F2400
G92 E0
G1 Z5.65 F7200
G1 X-38.829 Y-27.936
G1 Z3.65
G1 E2 F2400
;TYPE:Perimeter
;WIDTH:0.599105
G1 F1200
G1 X-38.99 Y-27.572 E2.02655
G1 X-39.418 Y-27.035 E2.07235
;WIDTH:0.606015
G1 X-39.821 Y-26.754 E2.10554
G1 X-40.288 Y-26.537 E2.14033
;WIDTH:0.594337
G1 X-40.846 Y-26.44 E2.17777
;WIDTH:0.599649
G1 X-41.106 Y-26.442 E2.19513
G1 X-41.63 Y-26.537 E2.23068
;WIDTH:0.602888
G1 X-41.893 Y-26.638 E2.2496
G1 X-42.333 Y-26.899 E2.28396
;WIDTH:0.595544
G1 X-42.507 Y-27.042 E2.29888
G1 X-42.87 Y-27.477 E2.33641
;WIDTH:0.597897
G1 X-42.996 Y-27.7 E2.35345
G1 X-43.178 Y-28.205 E2.38917
;WIDTH:0.600192
G1 X-43.22 Y-28.51 E2.40975
G1 X-43.216 Y-29.012 E2.4433
;WIDTH:0.601954
G1 X-43.136 Y-29.344 E2.4662
G1 X-42.917 Y-29.877 E2.50484
;WIDTH:0.596153
G1 X-42.507 Y-30.38 E2.54788
;WIDTH:0.603928
G1 X-42.131 Y-30.647 E2.57891
G1 X-41.63 Y-30.888 E2.61632
;WIDTH:0.597908
G1 X-41.072 Y-30.986 E2.65402
;WIDTH:0.597657
G1 X-40.555 Y-30.958 E2.68846
;WIDTH:0.598187
G1 X-39.919 Y-30.738 E2.73327
;WIDTH:0.603555
G1 X-39.563 Y-30.494 E2.76229
G1 X-39.176 Y-30.132 E2.79793
;WIDTH:0.591848
G1 X-38.863 Y-29.594 E2.83888
G1 X-38.785 Y-29.382 E2.85374
;WIDTH:0.594539
G1 X-38.686 Y-28.824 E2.89121
;WIDTH:0.601341
G1 X-38.694 Y-28.532 E2.91077
G1 X-38.783 Y-28.039 E2.94432
;WIDTH:0.599105
G1 X-38.805 Y-27.991 E2.94784
G1 X-39.25 Y-28.089 F7200
;TYPE:External perimeter
;WIDTH:0.45
G1 F1200
G1 X-39.448 Y-27.7 E2.96883
G1 X-39.784 Y-27.314 E2.99344
G1 X-40.304 Y-27.01 E3.02241
G1 X-40.925 Y-26.889 E3.05284
G1 X-41.551 Y-26.987 E3.08332
G1 X-42.104 Y-27.294 E3.11374
G1 X-42.52 Y-27.771 E3.14418
G1 X-42.714 Y-28.269 E3.16989
G1 X-42.759 Y-28.51 E3.18168
G1 X-42.755 Y-29.033 E3.20684
G1 X-42.554 Y-29.593 E3.23546
G1 X-42.156 Y-30.086 E3.26593
G1 X-41.613 Y-30.412 E3.29639
G1 X-40.992 Y-30.533 E3.32682
G1 X-40.585 Y-30.491 E3.3465
G1 X-40.077 Y-30.306 E3.3725
G1 X-39.584 Y-29.908 E3.40297
G1 X-39.258 Y-29.366 E3.43339
G1 X-39.153 Y-28.839 E3.45924
G1 X-39.148 Y-28.612 E3.47016
G1 X-39.231 Y-28.145 E3.49297
G1 X-39.405 Y-27.785 F7200
G1 X-39.071 Y-26.643
;TYPE:Perimeter
;WIDTH:0.594119
G1 F1200
G1 X-39.143 Y-26.562 E3.50013
;WIDTH:0.606015
G1 X-39.573 Y-26.273 E3.53513
G1 X-40.069 Y-26.045 E3.57201
;WIDTH:0.6057
G1 X-40.571 Y-25.934 E3.60672
G1 X-41.204 Y-25.915 E3.64948
;WIDTH:0.599649
G1 X-41.946 Y-26.079 E3.70021
;WIDTH:0.606998
G1 X-42.449 Y-26.333 E3.73835
G1 X-42.877 Y-26.66 E3.7748
;WIDTH:0.604731
G1 X-43.217 Y-27.046 E3.80947
G1 X-43.487 Y-27.491 E3.84455
;WIDTH:0.603123
G1 X-43.666 Y-27.973 E3.8791
G1 X-43.756 Y-28.487 E3.91416
;WIDTH:0.600984
G1 X-43.751 Y-29.001 E3.94856
;WIDTH:0.601954
G1 X-43.647 Y-29.511 E3.98346
G1 X-43.46 Y-29.99 E4.01794
;WIDTH:0.603195
G1 X-43.176 Y-30.427 E4.05297
G1 X-42.825 Y-30.811 E4.08793
;WIDTH:0.603928
G1 X-42.387 Y-31.122 E4.12408
G1 X-41.873 Y-31.37 E4.16249
;WIDTH:0.606217
G1 X-41.317 Y-31.497 E4.20103
G1 X-40.862 Y-31.521 E4.23182
;WIDTH:0.601454
G1 X-40.254 Y-31.433 E4.27297
G1 X-39.716 Y-31.231 E4.31147
;WIDTH:0.598187
G1 X-39.408 Y-31.044 E4.33546
;WIDTH:0.592948
G1 X-38.939 Y-30.653 E4.37571
G1 X-38.7 Y-30.369 E4.40018
G1 X-38.396 Y-29.839 E4.44046
;WIDTH:0.591848
G1 X-38.268 Y-29.486 E4.46516
;WIDTH:0.602673
G1 X-38.164 Y-28.967 E4.5007
G1 X-38.165 Y-28.437 E4.53628
;WIDTH:0.601341
G1 X-38.276 Y-27.89 E4.57366
;WIDTH:0.599105
G1 X-38.506 Y-27.346 E4.61305
G1 X-38.686 Y-27.075 E4.63475
;WIDTH:0.594119
G1 X-39.031 Y-26.688 E4.66901
G1 X-38.758 Y-26.3 F7200
;TYPE:External perimeter
;WIDTH:0.45
G1 F1200
G1 X-38.848 Y-26.21 E4.67513
G1 X-39.319 Y-25.88 E4.70279
G1 X-39.894 Y-25.617 E4.7332
G1 X-40.406 Y-25.491 E4.75856
G1 X-40.775 Y-25.463 E4.77636
G1 X-41.292 Y-25.464 E4.80123
G1 X-42.112 Y-25.653 E4.8417
G1 X-42.686 Y-25.93 E4.87235
G1 X-43.189 Y-26.322 E4.90302
G1 X-43.576 Y-26.744 E4.93056
G1 X-43.901 Y-27.288 E4.96104
G1 X-44.11 Y-27.822 E4.98862
G1 X-44.216 Y-28.447 E5.01911
G1 X-44.218 Y-29.019 E5.04662
G1 X-44.092 Y-29.641 E5.07714
G1 X-43.887 Y-30.175 E5.10465
G1 X-43.545 Y-30.709 E5.13515
G1 X-43.161 Y-31.134 E5.1627
G1 X-42.649 Y-31.508 E5.1932
G1 X-42.186 Y-31.741 E5.21813
G1 X-41.709 Y-31.896 E5.24225
G1 X-41.162 Y-31.973 E5.26882
G1 X-40.597 Y-31.963 E5.296
G1 X-40.114 Y-31.872 E5.31964
G1 X-39.41 Y-31.596 E5.35601
G1 X-38.931 Y-31.274 E5.38377
G1 X-38.47 Y-30.839 E5.41426
G1 X-38.177 Y-30.419 E5.43889
G1 X-37.953 Y-29.97 E5.46302
G1 X-37.823 Y-29.586 E5.48252
G1 X-37.702 Y-28.969 E5.51276
G1 X-37.699 Y-28.42 E5.53917
G1 X-37.811 Y-27.813 E5.56886
G1 X-38.112 Y-27.094 E5.60635
G1 X-38.476 Y-26.58 E5.63664
G1 X-38.716 Y-26.342 E5.6529
G1 X-39.026 Y-26.09 F7200
G1 E3.6529 F2400
G92 E0
G1 Z5.65 F7200
G1 X-55.513 Y-34.335
G1 Z3.65
G1 E2 F2400
;TYPE:Perimeter
;WIDTH:0.396572
G1 F1200
G1 X-64.345 Y-34.335 E2.36593
G1 X-64.345 Y-34.667 E2.37969
G1 X-55.513 Y-34.667 E2.74562
G1 X-55.513 Y-34.395 E2.75689
G1 X-55.154 Y-33.976 F7200
;TYPE:External perimeter
;WIDTH:0.45
G1 F1200
G1 X-64.704 Y-33.976 E3.21621
G1 X-64.704 Y-35.026 E3.26671
G1 X-55.154 Y-35.026 E3.72603
G1 X-55.154 Y-34.036 E3.77365
G1 X-55.549 Y-33.977 F7200
;LAYER_CHANGE
;Z:3.95
;HEIGHT:0.3
G1 E1.77365 F2400
G92 E0
G1 Z3.95 F7200
G1 Z5.95
G1 X46.487 Y-34.335
G1 Z3.95
G1 E2 F2400
;TYPE:Perimeter
;WIDTH:0.396572
G1 F1200
G1 X35.655 Y-34.335 E2.4488
G1 X35.655 Y-34.667 E2.46256
G1 X46.487 Y-34.667 E2.91136
G1 X46.487 Y-34.395 E2.92263
G1 X46.846 Y-33.976 F7200
;TYPE:External perimeter
;WIDTH:0.45
G1 F1200
G1 X35.296 Y-33.976 E3.47814
G1 X35.296 Y-35.026 E3.52864
G1 X46.846 Y-35.026 E4.08415
G1 X46.846 Y-34.036 E4.13177
G1 X46.451 Y-33.977 F7200
G1 E2.13177 F2400
G92 E0
G1 Z5.95 F7200
G1 X41.276 Y-30.948
G1 Z3.95
G1 E2 F2400
;TYPE:Perimeter
;WIDTH:0.606272
G1 F1200
G1 X41.584 Y-30.992 E2.02103
;WIDTH:0.600493
G1 X42.243 Y-30.892 E2.0656
G1 X42.476 Y-30.81 E2.08212
;WIDTH:0.598739
G1 X42.966 Y-30.525 E2.1199
;WIDTH:0.606346
G1 X43.354 Y-30.133 E2.15718
G1 X43.615 Y-29.749 E2.18857
;WIDTH:0.593845
G1 X43.81 Y-29.217 E2.22599
G1 X43.849 Y-28.994 E2.24094
;WIDTH:0.594535
G1 X43.849 Y-28.428 E2.27837
;WIDTH:0.594811
G1 X43.81 Y-28.205 E2.29335
;WIDTH:0.602601
G1 X43.642 Y-27.732 E2.32705
G1 X43.505 Y-27.476 E2.34654
;WIDTH:0.598041
G1 X43.139 Y-27.042 E2.38433
;WIDTH:0.607321
G1 X42.711 Y-26.743 E2.41969
G1 X42.261 Y-26.534 E2.45329
;WIDTH:0.59976
G1 X41.704 Y-26.44 E2.49101
;WIDTH:0.602363
G1 X41.401 Y-26.448 E2.51135
G1 X40.811 Y-26.57 E2.55178
;WIDTH:0.590816
G1 X40.217 Y-26.899 E2.59636
;WIDTH:0.596102
G1 X39.826 Y-27.272 E2.6322
;WIDTH:0.603238
G1 X39.558 Y-27.705 E2.66642
G1 X39.455 Y-27.913 E2.68202
;WIDTH:0.604183
G1 X39.337 Y-28.462 E2.71983
G1 X39.316 Y-28.79 E2.74196
;WIDTH:0.5978
G1 X39.391 Y-29.29 E2.7756
G1 X39.572 Y-29.767 E2.80954
;WIDTH:0.603583
G1 X39.772 Y-30.063 E2.83356
G1 X40.101 Y-30.44 E2.86721
;WIDTH:0.594457
G1 X40.709 Y-30.808 E2.9142
;WIDTH:0.606272
G1 X41.074 Y-30.919 E2.93999
G1 X41.217 Y-30.939 E2.94975
G1 X41.35 Y-30.485 F7200
;TYPE:External perimeter
;WIDTH:0.45
G1 F1200
G1 X41.625 Y-30.533 E2.96318
G1 X42.183 Y-30.435 E2.99043
G1 X42.737 Y-30.129 E3.02087
G1 X43.153 Y-29.651 E3.05135
G1 X43.38 Y-29.06 E3.0818
G1 X43.38 Y-28.362 E3.11537
G1 X43.186 Y-27.829 E3.14265
G1 X42.788 Y-27.337 E3.17309
G1 X42.246 Y-27.01 E3.20354
G1 X41.625 Y-26.889 E3.23397
G1 X41.084 Y-26.973 E3.2603
G1 X40.835 Y-27.069 E3.27314
G1 X40.404 Y-27.326 E3.29728
G1 X40.134 Y-27.623 E3.31659
G1 X39.878 Y-28.081 E3.34183
G1 X39.769 Y-28.678 E3.37102
G1 X39.827 Y-29.144 E3.39361
G1 X40.015 Y-29.632 E3.41876
G1 X40.394 Y-30.086 E3.4472
G1 X40.937 Y-30.412 E3.47766
G1 X41.291 Y-30.475 E3.49495
G1 X41.689 Y-30.508 F7200
G1 E1.49495 F2400
G92 E0
G1 Z5.95 F7200
G1 X38.866 Y-29.342
G1 Z3.95
G1 E2 F2400
;TYPE:Perimeter
;WIDTH:0.600015
G1 F1200
G1 X38.897 Y-29.499 E2.01069
;WIDTH:0.599141
G1 X39.093 Y-29.998 E2.04645
;WIDTH:0.603583
G1 X39.367 Y-30.419 E2.08023
G1 X39.727 Y-30.815 E2.11622
;WIDTH:0.604663
G1 X40.136 Y-31.108 E2.15012
G1 X40.701 Y-31.378 E2.19232
;WIDTH:0.604478
G1 X41.279 Y-31.503 E2.23216
G1 X41.794 Y-31.511 E2.26686
;WIDTH:0.598862
G1 X42.396 Y-31.404 E2.30762
;WIDTH:0.607406
G1 X42.951 Y-31.167 E2.34849
G1 X43.376 Y-30.881 E2.38319
;WIDTH:0.606346
G1 X43.752 Y-30.5 E2.41937
G1 X44.04 Y-30.088 E2.45335
;WIDTH:0.605615
G1 X44.253 Y-29.597 E2.48948
G1 X44.375 Y-29.055 E2.52698
;WIDTH:0.604272
G1 X44.395 Y-28.547 E2.56121
G1 X44.311 Y-28.032 E2.59635
;WIDTH:0.598114
G1 X44.104 Y-27.455 E2.63716
;WIDTH:0.606993
G1 X43.804 Y-26.983 E2.67501
G1 X43.455 Y-26.611 E2.70953
;WIDTH:0.607321
G1 X42.969 Y-26.265 E2.74993
G1 X42.397 Y-26.018 E2.79212
;WIDTH:0.602614
G1 X41.895 Y-25.924 E2.82641
G1 X41.359 Y-25.914 E2.8624
;WIDTH:0.602363
G1 X40.866 Y-26.003 E2.89602
;WIDTH:0.603124
G1 X40.322 Y-26.21 E2.93513
G1 X39.761 Y-26.578 E2.98021
;WIDTH:0.596158
G1 X39.407 Y-26.948 E3.01417
;WIDTH:0.603238
G1 X39.098 Y-27.425 E3.05237
G1 X38.901 Y-27.905 E3.08724
;WIDTH:0.604183
G1 X38.802 Y-28.415 E3.12222
G1 X38.8 Y-29.012 E3.16241
;WIDTH:0.600015
G1 X38.854 Y-29.284 E3.18094
G1 X38.409 Y-29.428 F7200
;TYPE:External perimeter
;WIDTH:0.45
G1 F1200
G1 X38.446 Y-29.609 E3.18983
G1 X38.692 Y-30.232 E3.22205
G1 X38.984 Y-30.686 E3.24801
G1 X39.391 Y-31.126 E3.27684
G1 X39.824 Y-31.458 E3.30308
G1 X40.261 Y-31.684 E3.32674
G1 X40.67 Y-31.847 E3.34792
G1 X41.259 Y-31.969 E3.37685
G1 X41.803 Y-31.975 E3.40302
G1 X42.407 Y-31.876 E3.43246
G1 X42.682 Y-31.792 E3.44629
G1 X43.206 Y-31.56 E3.47385
G1 X43.653 Y-31.25 E3.50001
G1 X44.077 Y-30.83 E3.52871
G1 X44.304 Y-30.52 E3.54719
G1 X44.52 Y-30.134 E3.56846
G1 X44.722 Y-29.649 E3.59373
G1 X44.828 Y-29.132 E3.61911
G1 X44.86 Y-28.524 E3.64839
G1 X44.781 Y-27.992 E3.67426
G1 X44.589 Y-27.411 E3.70369
G1 X44.403 Y-27.038 E3.72374
G1 X44.113 Y-26.63 E3.74782
G1 X43.606 Y-26.154 E3.78127
G1 X43.177 Y-25.85 E3.80656
G1 X42.499 Y-25.565 E3.84193
G1 X41.966 Y-25.464 E3.86802
G1 X41.294 Y-25.451 E3.90035
G1 X40.765 Y-25.549 E3.92623
G1 X40.14 Y-25.777 E3.95823
G1 X39.489 Y-26.202 E3.99562
G1 X39.062 Y-26.637 E4.02494
G1 X38.671 Y-27.233 E4.05922
G1 X38.466 Y-27.747 E4.08584
G1 X38.339 Y-28.337 E4.11487
G1 X38.339 Y-29.086 E4.15089
G1 X38.397 Y-29.369 E4.16478
G1 X38.509 Y-29.753 F7200
G1 E2.16478 F2400
G92 E0
G1 Z5.95 F7200
G1 X33.034 Y19.154
G1 Z3.95
G1 E2 F2400
;TYPE:Perimeter
;WIDTH:0.601389
G1 F1200
G1 X33.068 Y18.988 E2.01135
G1 X33.246 Y18.51 E2.04551
;WIDTH:0.605862
G1 X33.566 Y18.06 E2.0828
G1 X33.897 Y17.735 E2.11413
;WIDTH:0.594998
G1 X34.388 Y17.451 E2.15167
G1 X34.601 Y17.375 E2.16664
;WIDTH:0.597777
G1 X35.158 Y17.274 E2.2043
;WIDTH:0.606117
G1 X35.666 Y17.319 E2.23876
G1 X36.15 Y17.447 E2.27259
;WIDTH:0.597054
G1 X36.646 Y17.735 E2.3107
;WIDTH:0.605298
G1 X36.991 Y18.077 E2.34347
G1 X37.298 Y18.51 E2.37928
;WIDTH:0.597847
G1 X37.489 Y19.044 E2.41702
;WIDTH:0.600034
G1 X37.532 Y19.318 E2.43555
G1 X37.529 Y19.832 E2.46989
;WIDTH:0.6022
G1 X37.458 Y20.155 E2.49207
G1 X37.255 Y20.678 E2.5297
;WIDTH:0.593221
G1 X36.818 Y21.216 E2.57542
;WIDTH:0.594688
G1 X36.646 Y21.363 E2.59039
;WIDTH:0.598541
G1 X36.156 Y21.648 E2.62816
;WIDTH:0.600763
G1 X35.916 Y21.731 E2.64515
G1 X35.379 Y21.824 E2.68161
;WIDTH:0.60293
G1 X35.067 Y21.81 E2.70259
G1 X34.558 Y21.715 E2.73737
;WIDTH:0.604545
G1 X33.982 Y21.418 E2.78103
G1 X33.724 Y21.217 E2.80306
;WIDTH:0.594172
G1 X33.359 Y20.783 E2.84053
;WIDTH:0.607747
G1 X33.152 Y20.348 E2.87318
G1 X33.022 Y19.924 E2.90324
;WIDTH:0.598449
G1 X33.011 Y19.265 E2.94714
;WIDTH:0.601389
G1 X33.022 Y19.213 E2.9507
G1 X33.482 Y19.233 F7200
;TYPE:External perimeter
;WIDTH:0.45
G1 F1200
G1 X33.676 Y18.667 E2.97948
G1 X34.074 Y18.174 E3.00995
G1 X34.617 Y17.848 E3.04041
G1 X35.136 Y17.744 E3.06587
G1 X35.305 Y17.727 E3.07404
G1 X35.863 Y17.825 E3.10129
G1 X36.417 Y18.131 E3.13173
G1 X36.833 Y18.609 E3.16221
G1 X37.06 Y19.2 E3.19266
G1 X37.072 Y19.72 E3.21768
G1 X37.024 Y19.997 E3.2312
G1 X36.84 Y20.479 E3.25601
G1 X36.468 Y20.923 E3.28387
G1 X35.926 Y21.25 E3.31432
G1 X35.305 Y21.371 E3.34475
G1 X34.679 Y21.272 E3.37523
G1 X34.214 Y21.017 E3.40074
G1 X34.074 Y20.923 E3.40885
G1 X33.71 Y20.489 E3.43609
G1 X33.486 Y19.908 E3.46604
G1 X33.472 Y19.291 E3.49572
G1 X33.594 Y18.91 F7200
G1 X32.794 Y18.233
;TYPE:Perimeter
;WIDTH:0.601389
G1 F1200
G1 X32.805 Y18.207 E3.49761
;WIDTH:0.605862
G1 X33.15 Y17.71 E3.53847
G1 X33.522 Y17.348 E3.57353
;WIDTH:0.605083
G1 X33.967 Y17.065 E3.6091
G1 X34.45 Y16.868 E3.64428
;WIDTH:0.603946
G1 X34.949 Y16.76 E3.67864
G1 X35.282 Y16.736 E3.70111
;WIDTH:0.606117
G1 X35.792 Y16.793 E3.73578
G1 X36.424 Y16.99 E3.78051
;WIDTH:0.596993
G1 X37.014 Y17.345 E3.82625
;WIDTH:0.605298
G1 X37.416 Y17.743 E3.86442
G1 X37.729 Y18.184 E3.9009
;WIDTH:0.606134
G1 X37.956 Y18.731 E3.94092
G1 X38.068 Y19.313 E3.98097
;WIDTH:0.603609
G1 X38.069 Y19.768 E4.01157
G1 X37.963 Y20.339 E4.05063
;WIDTH:0.6022
G1 X37.718 Y20.932 E4.09367
;WIDTH:0.607005
G1 X37.435 Y21.335 E4.127
G1 X36.929 Y21.811 E4.17402
;WIDTH:0.598541
G1 X36.406 Y22.119 E4.21446
;WIDTH:0.600763
G1 X36.006 Y22.26 E4.24283
G1 X35.473 Y22.348 E4.27897
;WIDTH:0.60293
G1 X34.99 Y22.344 E4.31141
G1 X34.498 Y22.244 E4.34513
;WIDTH:0.59481
G1 X34.155 Y22.121 E4.36924
;WIDTH:0.604545
G1 X33.709 Y21.884 E4.40327
G1 X33.356 Y21.599 E4.43384
;WIDTH:0.603602
G1 X33.017 Y21.218 E4.46814
G1 X32.75 Y20.789 E4.50212
;WIDTH:0.600064
G1 X32.546 Y20.236 E4.5415
G1 X32.487 Y19.87 E4.56627
;WIDTH:0.598449
G1 X32.477 Y19.261 E4.60684
;WIDTH:0.601389
G1 X32.566 Y18.799 E4.63835
G1 X32.772 Y18.289 E4.67519
G1 X32.368 Y18.038 F7200
;TYPE:External perimeter
;WIDTH:0.45
G1 F1200
G1 X32.37 Y18.032 E4.67549
G1 X32.793 Y17.41 E4.71167
G1 X33.214 Y17.003 E4.73983
G1 X33.674 Y16.7 E4.76632
G1 X34.179 Y16.462 E4.79317
G1 X34.845 Y16.309 E4.82604
G1 X35.271 Y16.275 E4.84659
G1 X35.854 Y16.328 E4.87475
G1 X36.575 Y16.546 E4.91098
G1 X37.27 Y16.957 E4.94981
G1 X37.705 Y17.372 E4.97873
G1 X37.97 Y17.715 E4.99958
G1 X38.238 Y18.168 E5.0249
G1 X38.411 Y18.642 E5.04917
G1 X38.528 Y19.305 E5.08155
G1 X38.537 Y19.779 E5.10435
G1 X38.43 Y20.376 E5.13352
G1 X38.25 Y20.897 E5.16003
G1 X38.06 Y21.26 E5.17974
G1 X37.761 Y21.666 E5.20399
G1 X37.247 Y22.148 E5.23788
G1 X36.828 Y22.426 E5.26206
G1 X36.14 Y22.705 E5.29777
G1 X35.476 Y22.813 E5.33013
G1 X34.938 Y22.805 E5.35601
G1 X34.345 Y22.68 E5.38516
G1 X33.831 Y22.484 E5.41162
G1 X33.399 Y22.232 E5.43567
G1 X32.991 Y21.877 E5.46168
G1 X32.628 Y21.468 E5.48798
G1 X32.33 Y20.976 E5.51565
G1 X32.089 Y20.317 E5.5494
G1 X32.009 Y19.761 E5.57642
G1 X32.017 Y19.238 E5.60158
G1 X32.112 Y18.693 E5.62819
G1 X32.346 Y18.094 E5.65912
G1 X32.56 Y17.756 F7200
G1 E3.65912 F2400
G92 E0
G1 Z5.95 F7200
G1 X-38.236 Y17.817
G1 Z3.95
G1 E2 F2400
;TYPE:Perimeter
;WIDTH:0.603938
G1 F1200
G1 X-37.966 Y18.053 E2.02413
;WIDTH:0.594401
G1 X-37.592 Y18.665 E2.07154
;WIDTH:0.604436
G1 X-37.49 Y18.984 E2.0941
G1 X-37.409 Y19.533 E2.13148
;WIDTH:0.595357
G1 X-37.514 Y20.22 E2.17751
;WIDTH:0.605873
G1 X-37.708 Y20.645 E2.20906
G1 X-37.974 Y21.05 E2.24178
;WIDTH:0.595105
G1 X-38.454 Y21.461 E2.28361
;WIDTH:0.605089
G1 X-38.761 Y21.62 E2.30693
G1 X-39.286 Y21.792 E2.34419
;WIDTH:0.597531
G1 X-39.839 Y21.822 E2.38102
;WIDTH:0.597827
G1 X-40.349 Y21.727 E2.41554
;WIDTH:0.603932
G1 X-40.654 Y21.604 E2.43767
G1 X-41.12 Y21.327 E2.47415
;WIDTH:0.59526
G1 X-41.601 Y20.783 E2.52223
;WIDTH:0.60676
G1 X-41.778 Y20.429 E2.549
G1 X-41.945 Y19.899 E2.58659
;WIDTH:0.602294
G1 X-41.951 Y19.317 E2.62564
G1 X-41.892 Y18.992 E2.6478
;WIDTH:0.599129
G1 X-41.714 Y18.505 E2.68238
;WIDTH:0.601228
G1 X-41.536 Y18.232 E2.7042
G1 X-41.201 Y17.841 E2.73868
;WIDTH:0.595398
G1 X-40.571 Y17.452 E2.78772
;WIDTH:0.59298
G1 X-40.359 Y17.376 E2.80257
;WIDTH:0.598038
G1 X-39.802 Y17.274 E2.84026
G1 X-39.239 Y17.314 E2.87783
;WIDTH:0.59827
G1 X-38.649 Y17.522 E2.91949
;WIDTH:0.603938
G1 X-38.346 Y17.721 E2.94389
G1 X-38.281 Y17.778 E2.94971
G1 X-38.535 Y18.174 F7200
;TYPE:External perimeter
;WIDTH:0.45
G1 F1200
G1 X-38.314 Y18.352 E2.96336
G1 X-37.988 Y18.894 E2.99378
G1 X-37.867 Y19.515 E3.02421
G1 X-37.965 Y20.141 E3.05469
G1 X-38.271 Y20.694 E3.08509
G1 X-38.749 Y21.11 E3.11557
G1 X-39.34 Y21.338 E3.14604
G1 X-39.792 Y21.365 E3.16782
G1 X-40.283 Y21.272 E3.19186
G1 X-40.834 Y20.966 E3.22217
G1 X-41.25 Y20.489 E3.25261
G1 X-41.489 Y19.832 E3.28624
G1 X-41.489 Y19.262 E3.31366
G1 X-41.284 Y18.667 E3.34393
G1 X-40.886 Y18.174 E3.3744
G1 X-40.343 Y17.848 E3.40486
G1 X-39.722 Y17.727 E3.43529
G1 X-39.339 Y17.76 E3.45378
G1 X-38.807 Y17.954 E3.48102
G1 X-38.582 Y18.136 E3.49494
G1 X-38.294 Y18.414 F7200
G1 X-37.085 Y18.523
;TYPE:Perimeter
;WIDTH:0.605323
G1 F1200
G1 X-37.029 Y18.638 E3.50357
;WIDTH:0.605539
G1 X-36.902 Y19.217 E3.54358
G1 X-36.891 Y19.771 E3.58098
;WIDTH:0.598426
G1 X-37.016 Y20.412 E3.62448
;WIDTH:0.605873
G1 X-37.224 Y20.887 E3.6595
G1 X-37.494 Y21.303 E3.69299
G1 X-37.906 Y21.714 E3.73229
G1 X-38.333 Y22.012 E3.76746
;WIDTH:0.605606
G1 X-38.847 Y22.227 E3.80507
G1 X-39.308 Y22.326 E3.8369
;WIDTH:0.597531
G1 X-39.922 Y22.349 E3.87776
;WIDTH:0.597827
G1 X-40.446 Y22.252 E3.91322
;WIDTH:0.603932
G1 X-40.92 Y22.074 E3.94729
G1 X-41.479 Y21.717 E3.99193
;WIDTH:0.604626
G1 X-41.888 Y21.288 E4.03187
G1 X-42.206 Y20.796 E4.07134
;WIDTH:0.604166
G1 X-42.392 Y20.317 E4.10593
G1 X-42.482 Y19.855 E4.13762
;WIDTH:0.602294
G1 X-42.489 Y19.308 E4.17432
G1 X-42.394 Y18.808 E4.20847
;WIDTH:0.599129
G1 X-42.215 Y18.326 E4.24276
;WIDTH:0.601228
G1 X-41.957 Y17.898 E4.27622
G1 X-41.622 Y17.515 E4.31029
;WIDTH:0.6028
G1 X-41.187 Y17.18 E4.34716
G1 X-40.666 Y16.915 E4.38641
;WIDTH:0.605199
G1 X-40.051 Y16.766 E4.42909
G1 X-39.589 Y16.744 E4.46029
;WIDTH:0.592793
G1 X-39.025 Y16.827 E4.49786
;WIDTH:0.597497
G1 X-38.421 Y17.039 E4.54042
;WIDTH:0.603938
G1 X-37.99 Y17.316 E4.5749
G1 X-37.593 Y17.676 E4.61097
;WIDTH:0.605323
G1 X-37.296 Y18.085 E4.64507
G1 X-37.111 Y18.469 E4.67383
G1 X-36.663 Y18.346 F7200
;TYPE:External perimeter
;WIDTH:0.45
G1 F1200
G1 X-36.558 Y18.614 E4.68767
G1 X-36.439 Y19.205 E4.71667
G1 X-36.425 Y19.781 E4.74438
G1 X-36.563 Y20.519 E4.78049
G1 X-36.798 Y21.069 E4.80926
G1 X-37.039 Y21.456 E4.83119
G1 X-37.271 Y21.733 E4.84857
G1 X-37.636 Y22.091 E4.87316
G1 X-38.226 Y22.471 E4.90691
G1 X-38.745 Y22.684 E4.93389
G1 X-39.403 Y22.807 E4.96609
G1 X-39.936 Y22.813 E4.99173
G1 X-40.53 Y22.704 E5.02078
G1 X-40.958 Y22.557 E5.04255
G1 X-41.48 Y22.287 E5.07082
G1 X-41.903 Y21.94 E5.09713
G1 X-42.268 Y21.552 E5.12275
G1 X-42.618 Y20.998 E5.15427
G1 X-42.844 Y20.426 E5.18385
G1 X-42.939 Y19.895 E5.20979
G1 X-42.948 Y19.235 E5.24154
G1 X-42.846 Y18.704 E5.26755
G1 X-42.612 Y18.075 E5.29983
G1 X-42.328 Y17.621 E5.32559
G1 X-41.882 Y17.118 E5.35792
G1 X-41.453 Y16.797 E5.38369
G1 X-40.859 Y16.491 E5.41583
G1 X-40.164 Y16.316 E5.4503
G1 X-39.738 Y16.275 E5.47088
G1 X-39.152 Y16.32 E5.49915
G1 X-38.609 Y16.464 E5.52617
G1 X-38.188 Y16.64 E5.54812
G1 X-37.726 Y16.93 E5.57436
G1 X-37.283 Y17.339 E5.60336
G1 X-36.949 Y17.769 E5.62955
G1 X-36.716 Y18.211 E5.65358
G1 X-36.685 Y18.29 E5.65766
G1 X-36.555 Y18.669 F7200
G1 E3.65766 F2400
G92 E0
G1 Z5.95 F7200
G1 X-38.835 Y-27.938
G1 Z3.95
G1 E2 F2400
;TYPE:Perimeter
;WIDTH:0.602585
G1 F1200
G1 X-38.947 Y-27.643 E2.02118
;WIDTH:0.605927
G1 X-39.224 Y-27.257 E2.05327
G1 X-39.585 Y-26.898 E2.08766
;WIDTH:0.593318
G1 X-40.076 Y-26.615 E2.12505
;WIDTH:0.595184
G1 X-40.287 Y-26.536 E2.13997
G1 X-40.846 Y-26.441 E2.17751
;WIDTH:0.599205
G1 X-41.099 Y-26.441 E2.19439
G1 X-41.63 Y-26.537 E2.23039
;WIDTH:0.602855
G1 X-41.892 Y-26.638 E2.24925
G1 X-42.332 Y-26.899 E2.28361
;WIDTH:0.597127
G1 X-42.514 Y-27.05 E2.29932
G1 X-42.87 Y-27.478 E2.33631
;WIDTH:0.599645
G1 X-43.008 Y-27.73 E2.35549
G1 X-43.177 Y-28.205 E2.38915
;WIDTH:0.601261
G1 X-43.22 Y-28.942 E2.43859
;WIDTH:0.603058
G1 X-43.125 Y-29.374 E2.46831
G1 X-42.916 Y-29.879 E2.50503
;WIDTH:0.59657
G1 X-42.507 Y-30.381 E2.54801
;WIDTH:0.604381
G1 X-42.103 Y-30.664 E2.58123
G1 X-41.63 Y-30.888 E2.61648
;WIDTH:0.597912
G1 X-41.072 Y-30.986 E2.65418
;WIDTH:0.606405
G1 X-40.691 Y-30.963 E2.67998
G1 X-40.141 Y-30.843 E2.71804
;WIDTH:0.596139
G1 X-39.584 Y-30.525 E2.76058
;WIDTH:0.606479
G1 X-39.234 Y-30.178 E2.7939
G1 X-38.962 Y-29.808 E2.82495
;WIDTH:0.588953
G1 X-38.742 Y-29.216 E2.86627
;WIDTH:0.600363
G1 X-38.698 Y-28.956 E2.8839
G1 X-38.701 Y-28.428 E2.9192
;WIDTH:0.602585
G1 X-38.769 Y-28.112 E2.9409
G1 X-38.814 Y-27.994 E2.94938
G1 X-39.268 Y-28.096 F7200
;TYPE:External perimeter
;WIDTH:0.45
G1 F1200
G1 X-39.378 Y-27.799 E2.96461
G1 X-39.762 Y-27.337 E2.9935
G1 X-40.304 Y-27.01 E3.02395
G1 X-40.925 Y-26.889 E3.05438
G1 X-41.551 Y-26.987 E3.08486
G1 X-42.104 Y-27.294 E3.11528
G1 X-42.52 Y-27.771 E3.14572
G1 X-42.756 Y-28.396 E3.17785
G1 X-42.759 Y-28.942 E3.20411
G1 X-42.691 Y-29.216 E3.21769
G1 X-42.52 Y-29.651 E3.24017
G1 X-42.156 Y-30.086 E3.26745
G1 X-41.613 Y-30.412 E3.29791
G1 X-40.992 Y-30.533 E3.32834
G1 X-40.304 Y-30.412 E3.36194
G1 X-39.813 Y-30.129 E3.3892
G1 X-39.397 Y-29.651 E3.41968
G1 X-39.17 Y-29.061 E3.45008
G1 X-39.158 Y-28.52 E3.47611
G1 X-39.203 Y-28.27 E3.48833
G1 X-39.247 Y-28.152 E3.49439
G1 X-39.409 Y-27.786 F7200
G1 X-39.069 Y-26.642
;TYPE:Perimeter
;WIDTH:0.605927
G1 F1200
G1 X-39.142 Y-26.566 E3.50151
G1 X-39.559 Y-26.281 E3.53563
G1 X-40.038 Y-26.056 E3.57138
G1 X-40.547 Y-25.938 E3.60667
G1 X-41.197 Y-25.915 E3.6506
;WIDTH:0.599205
G1 X-41.727 Y-26.015 E3.68658
;WIDTH:0.602855
G1 X-42.155 Y-26.168 E3.71711
G1 X-42.731 Y-26.543 E3.76327
;WIDTH:0.604915
G1 X-43.2 Y-27.019 E3.80832
G1 X-43.46 Y-27.447 E3.84208
;WIDTH:0.603354
G1 X-43.651 Y-27.917 E3.87618
G1 X-43.74 Y-28.384 E3.90814
;WIDTH:0.601261
G1 X-43.757 Y-28.943 E3.94559
G1 X-43.681 Y-29.36 E3.97397
;WIDTH:0.598568
G1 X-43.461 Y-29.987 E4.01824
;WIDTH:0.603977
G1 X-43.168 Y-30.435 E4.05427
G1 X-42.821 Y-30.814 E4.08885
;WIDTH:0.604381
G1 X-42.358 Y-31.139 E4.12695
G1 X-41.873 Y-31.37 E4.16313
;WIDTH:0.60622
G1 X-41.284 Y-31.501 E4.20391
G1 X-40.782 Y-31.515 E4.23785
;WIDTH:0.598
G1 X-40.16 Y-31.405 E4.27989
;WIDTH:0.606775
G1 X-39.655 Y-31.198 E4.31681
G1 X-39.228 Y-30.921 E4.35124
;WIDTH:0.606479
G1 X-38.841 Y-30.55 E4.38749
G1 X-38.546 Y-30.148 E4.4212
;WIDTH:0.605776
G1 X-38.305 Y-29.614 E4.46076
G1 X-38.162 Y-28.959 E4.50603
;WIDTH:0.60216
G1 X-38.163 Y-28.473 E4.53863
;WIDTH:0.602585
G1 X-38.268 Y-27.916 E4.57668
G1 X-38.507 Y-27.337 E4.61873
;WIDTH:0.605927
G1 X-38.795 Y-26.927 E4.65257
G1 X-39.028 Y-26.685 E4.67526
G1 X-38.757 Y-26.299 F7200
;TYPE:External perimeter
;WIDTH:0.45
G1 F1200
G1 X-38.824 Y-26.23 E4.67989
G1 X-39.302 Y-25.889 E4.70813
G1 X-39.848 Y-25.64 E4.73699
G1 X-40.383 Y-25.495 E4.76365
G1 X-40.771 Y-25.464 E4.78237
G1 X-41.285 Y-25.463 E4.80709
G1 X-42.112 Y-25.653 E4.8479
G1 X-42.685 Y-25.929 E4.87849
G1 X-43.215 Y-26.346 E4.91093
G1 X-43.575 Y-26.743 E4.93671
G1 X-43.917 Y-27.32 E4.96897
G1 X-44.109 Y-27.82 E4.99473
G1 X-44.219 Y-28.482 E5.02701
G1 X-44.218 Y-29.018 E5.05279
G1 X-44.082 Y-29.675 E5.08506
G1 X-43.888 Y-30.174 E5.11081
G1 X-43.523 Y-30.738 E5.14312
G1 X-43.162 Y-31.133 E5.16886
G1 X-42.668 Y-31.491 E5.1982
G1 X-42.185 Y-31.742 E5.22438
G1 X-41.709 Y-31.896 E5.24844
G1 X-41.058 Y-31.98 E5.28001
G1 X-40.508 Y-31.952 E5.3065
G1 X-39.902 Y-31.805 E5.33649
G1 X-39.409 Y-31.596 E5.36224
G1 X-38.959 Y-31.297 E5.38823
G1 X-38.469 Y-30.838 E5.42052
G1 X-38.16 Y-30.4 E5.4463
G1 X-37.907 Y-29.874 E5.47437
G1 X-37.796 Y-29.462 E5.49489
G1 X-37.701 Y-28.962 E5.51937
G1 X-37.697 Y-28.459 E5.54356
G1 X-37.811 Y-27.812 E5.57516
G1 X-38.116 Y-27.088 E5.61295
G1 X-38.45 Y-26.611 E5.64096
G1 X-38.715 Y-26.341 E5.65916
G1 X-39.027 Y-26.09 F7200
G1 E3.65916 F2400
G92 E0
G1 Z5.95 F7200
G1 X-55.513 Y-34.335
G1 Z3.95
G1 E2 F2400
;TYPE:Perimeter
;WIDTH:0.396572
G1 F1200
G1 X-64.345 Y-34.335 E2.36593
G1 X-64.345 Y-34.667 E2.37969
G1 X-55.513 Y-34.667 E2.74562
G1 X-55.513 Y-34.395 E2.75689
G1 X-55.154 Y-33.976 F7200
;TYPE:External perimeter
;WIDTH:0.45
G1 F1200
G1 X-64.704 Y-33.976 E3.21621
G1 X-64.704 Y-35.026 E3.26671
G1 X-55.154 Y-35.026 E3.72603
G1 X-55.154 Y-34.036 E3.77365
G1 X-55.549 Y-33.977 F7200
;LAYER_CHANGE
;Z:4.25
;HEIGHT:0.3
G1 E1.77365 F2400
G92 E0
G1 Z4.25 F7200
G1 Z6.25
G1 X46.487 Y-34.335
G1 Z4.25
G1 E2 F2400
;TYPE:Perimeter
;WIDTH:0.396572
G1 F1200
G1 X35.655 Y-34.335 E2.4488
G1 X35.655 Y-34.667 E2.46256
G1 X46.487 Y-34.667 E2.91136
G1 X46.487 Y-34.395 E2.92263
G1 X46.846 Y-33.976 F7200
;TYPE:External perimeter
;WIDTH:0.45
G1 F1200
G1 X35.296 Y-33.976 E3.47814
G1 X35.296 Y-35.026 E3.52864
G1 X46.846 Y-35.026 E4.08415
G1 X46.846 Y-34.036 E4.13177
G1 X46.451 Y-33.977 F7200
G1 E2.13177 F2400
G92 E0
G1 Z6.25 F7200
G1 X41.257 Y-30.948
G1 Z4.25
G1 E2 F2400
;TYPE:Perimeter
;WIDTH:0.604299
G1 F1200
G1 X41.378 Y-30.972 E2.00831
G1 X41.704 Y-30.985 E2.03028
;WIDTH:0.600103
G1 X42.249 Y-30.891 E2.06723
G1 X42.476 Y-30.811 E2.08331
;WIDTH:0.598857
G1 X42.966 Y-30.526 E2.1211
;WIDTH:0.606353
G1 X43.359 Y-30.126 E2.15901
G1 X43.615 Y-29.749 E2.18981
;WIDTH:0.59473
G1 X43.81 Y-29.217 E2.22729
G1 X43.848 Y-28.995 E2.24219
;WIDTH:0.595246
G1 X43.85 Y-28.428 E2.27973
G1 X43.81 Y-28.205 E2.29473
;WIDTH:0.602361
G1 X43.64 Y-27.727 E2.32877
G1 X43.505 Y-27.476 E2.34789
;WIDTH:0.598083
G1 X43.14 Y-27.042 E2.38564
;WIDTH:0.607266
G1 X42.708 Y-26.741 E2.42129
G1 X42.257 Y-26.533 E2.45492
;WIDTH:0.600058
G1 X41.704 Y-26.44 E2.49239
;WIDTH:0.60266
G1 X41.395 Y-26.449 E2.51314
G1 X40.813 Y-26.57 E2.55305
;WIDTH:0.590439
G1 X40.218 Y-26.899 E2.59766
;WIDTH:0.594247
G1 X40.044 Y-27.043 E2.61259
G1 X39.681 Y-27.479 E2.65008
;WIDTH:0.596718
G1 X39.565 Y-27.672 E2.66503
G1 X39.372 Y-28.206 E2.70273
;WIDTH:0.597057
G1 X39.332 Y-28.428 E2.71772
G1 X39.332 Y-28.995 E2.75539
;WIDTH:0.601214
G1 X39.393 Y-29.284 E2.77517
G1 X39.572 Y-29.765 E2.80953
;WIDTH:0.59507
G1 X39.679 Y-29.946 E2.82345
G1 X40.044 Y-30.379 E2.86093
;WIDTH:0.604471
G1 X40.367 Y-30.618 E2.888
G1 X40.832 Y-30.864 E2.92344
;WIDTH:0.604299
G1 X41.198 Y-30.936 E2.94856
G1 X41.331 Y-30.491 F7200
;TYPE:External perimeter
;WIDTH:0.45
G1 F1200
G1 X41.458 Y-30.516 E2.95479
G1 X41.625 Y-30.533 E2.96286
G1 X42.183 Y-30.435 E2.99011
G1 X42.737 Y-30.129 E3.02055
G1 X43.153 Y-29.651 E3.05103
G1 X43.38 Y-29.061 E3.08143
G1 X43.38 Y-28.362 E3.11505
G1 X43.186 Y-27.829 E3.14233
G1 X42.788 Y-27.337 E3.17277
G1 X42.246 Y-27.01 E3.20322
G1 X41.625 Y-26.889 E3.23365
G1 X40.937 Y-27.01 E3.26725
G1 X40.446 Y-27.294 E3.29453
G1 X40.03 Y-27.771 E3.32497
G1 X39.843 Y-28.25 E3.3497
G1 X39.791 Y-28.428 E3.35862
G1 X39.791 Y-28.995 E3.38589
G1 X39.996 Y-29.593 E3.41629
G1 X40.394 Y-30.086 E3.44676
G1 X40.937 Y-30.412 E3.47722
G1 X41.272 Y-30.479 E3.49365
G1 X41.671 Y-30.511 F7200
G1 E1.49365 F2400
G92 E0
G1 Z6.25 F7200
G1 X38.862 Y-29.341
G1 Z4.25
G1 E2 F2400
;TYPE:Perimeter
;WIDTH:0.601214
G1 F1200
G1 X38.882 Y-29.452 E2.00755
G1 X39.07 Y-29.938 E2.04244
;WIDTH:0.603115
G1 X39.335 Y-30.381 E2.07713
G1 X39.676 Y-30.759 E2.11134
;WIDTH:0.604471
G1 X40.113 Y-31.094 E2.14843
G1 X40.703 Y-31.379 E2.19257
;WIDTH:0.604299
G1 X41.288 Y-31.504 E2.23285
G1 X41.78 Y-31.512 E2.26599
;WIDTH:0.600103
G1 X42.338 Y-31.419 E2.30379
G1 X42.727 Y-31.282 E2.33135
;WIDTH:0.598857
G1 X43.354 Y-30.899 E2.38033
;WIDTH:0.606353
G1 X43.757 Y-30.494 E2.41895
G1 X44.026 Y-30.113 E2.45048
;WIDTH:0.605522
G1 X44.255 Y-29.59 E2.48901
G1 X44.373 Y-29.059 E2.52572
;WIDTH:0.604132
G1 X44.395 Y-28.54 E2.56069
G1 X44.31 Y-28.033 E2.5953
;WIDTH:0.602361
G1 X44.149 Y-27.552 E2.62934
G1 X43.927 Y-27.151 E2.6601
;WIDTH:0.598083
G1 X43.477 Y-26.631 E2.70588
;WIDTH:0.607266
G1 X43.006 Y-26.288 E2.74533
G1 X42.544 Y-26.066 E2.78004
;WIDTH:0.603741
G1 X41.948 Y-25.928 E2.82119
G1 X41.438 Y-25.912 E2.85552
;WIDTH:0.602194
G1 X40.896 Y-25.995 E2.8923
;WIDTH:0.603072
G1 X40.32 Y-26.211 E2.93363
G1 X39.796 Y-26.549 E2.97553
;WIDTH:0.605175
G1 X39.437 Y-26.919 E3.0103
G1 X39.088 Y-27.43 E3.05204
;WIDTH:0.602893
G1 X38.897 Y-27.923 E3.08755
G1 X38.799 Y-28.428 E3.1221
;WIDTH:0.597121
G1 X38.799 Y-28.995 E3.15978
;WIDTH:0.601214
G1 X38.851 Y-29.282 E3.17931
G1 X38.411 Y-29.427 F7200
;TYPE:External perimeter
;WIDTH:0.45
G1 F1200
G1 X38.438 Y-29.583 E3.18692
G1 X38.697 Y-30.241 E3.22093
G1 X38.967 Y-30.664 E3.24507
G1 X39.398 Y-31.132 E3.27567
G1 X39.799 Y-31.443 E3.30008
G1 X40.26 Y-31.682 E3.32506
G1 X40.671 Y-31.847 E3.34636
G1 X41.267 Y-31.969 E3.37562
G1 X41.774 Y-31.977 E3.40001
G1 X42.412 Y-31.874 E3.43109
G1 X42.685 Y-31.791 E3.44481
G1 X43.211 Y-31.557 E3.4725
G1 X43.629 Y-31.269 E3.49691
G1 X44.133 Y-30.774 E3.53089
G1 X44.416 Y-30.359 E3.55505
G1 X44.708 Y-29.715 E3.58906
G1 X44.824 Y-29.163 E3.61619
G1 X44.86 Y-28.52 E3.64716
G1 X44.788 Y-28.022 E3.67136
G1 X44.568 Y-27.348 E3.70546
G1 X44.303 Y-26.886 E3.73108
G1 X43.868 Y-26.372 E3.76347
G1 X43.609 Y-26.158 E3.77963
G1 X43.173 Y-25.848 E3.80536
G1 X42.496 Y-25.564 E3.84067
G1 X41.998 Y-25.467 E3.86507
G1 X41.292 Y-25.451 E3.89903
G1 X40.797 Y-25.54 E3.92322
G1 X40.138 Y-25.778 E3.95692
G1 X39.481 Y-26.208 E3.99469
G1 X39.091 Y-26.603 E4.02139
G1 X38.68 Y-27.216 E4.05689
G1 X38.453 Y-27.789 E4.08653
G1 X38.34 Y-28.329 E4.11306
G1 X38.34 Y-29.022 E4.14639
G1 X38.4 Y-29.368 E4.16328
G1 X38.511 Y-29.752 F7200
G1 E2.16328 F2400
G92 E0
G1 Z6.25 F7200
G1 X33.029 Y19.154
G1 Z4.25
G1 E2 F2400
;TYPE:Perimeter
;WIDTH:0.595292
G1 F1200
G1 X33.03 Y19.142 E2.0008
;WIDTH:0.594914
G1 X33.248 Y18.505 E2.04535
;WIDTH:0.605757
G1 X33.579 Y18.043 E2.08373
G1 X33.897 Y17.735 E2.11362
;WIDTH:0.595588
G1 X34.388 Y17.451 E2.1512
G1 X34.601 Y17.375 E2.16618
;WIDTH:0.595476
G1 X35.158 Y17.275 E2.20367
;WIDTH:0.596353
G1 X35.384 Y17.275 E2.21867
;WIDTH:0.597094
G1 X35.943 Y17.373 E2.25638
;WIDTH:0.60544
G1 X36.36 Y17.564 E2.28733
G1 X36.769 Y17.831 E2.32029
;WIDTH:0.596096
G1 X37.184 Y18.314 E2.36252
;WIDTH:0.604296
G1 X37.333 Y18.596 E2.384
G1 X37.513 Y19.143 E2.42278
;WIDTH:0.604069
G1 X37.534 Y19.71 E2.46097
G1 X37.489 Y20.054 E2.48432
;WIDTH:0.602055
G1 X37.316 Y20.545 E2.51923
G1 X37.185 Y20.784 E2.53751
;WIDTH:0.598391
G1 X36.817 Y21.216 E2.57531
;WIDTH:0.595731
G1 X36.646 Y21.363 E2.59025
;WIDTH:0.598693
G1 X36.156 Y21.648 E2.62803
;WIDTH:0.600307
G1 X35.925 Y21.73 E2.64441
G1 X35.384 Y21.823 E2.6811
;WIDTH:0.602592
G1 X35.078 Y21.812 E2.70165
G1 X34.577 Y21.718 E2.73587
;WIDTH:0.595081
G1 X34.084 Y21.495 E2.77169
G1 X33.6 Y21.091 E2.81342
;WIDTH:0.597895
G1 X33.455 Y20.922 E2.82824
G1 X33.173 Y20.433 E2.8658
;WIDTH:0.595292
G1 X32.998 Y19.661 E2.91822
G1 X33.026 Y19.214 E2.94788
G1 X33.487 Y19.234 F7200
;TYPE:External perimeter
;WIDTH:0.45
G1 F1200
G1 X33.496 Y19.149 E2.95199
G1 X33.678 Y18.663 E2.97695
G1 X34.074 Y18.174 E3.00721
G1 X34.617 Y17.848 E3.03767
G1 X35.305 Y17.727 E3.07127
G1 X35.866 Y17.825 E3.09866
G1 X36.417 Y18.131 E3.12897
G1 X36.833 Y18.609 E3.15945
G1 X37.06 Y19.199 E3.18985
G1 X37.06 Y19.898 E3.22347
G1 X36.866 Y20.431 E3.25075
G1 X36.468 Y20.923 E3.28119
G1 X35.926 Y21.25 E3.31164
G1 X35.305 Y21.371 E3.34207
G1 X34.679 Y21.272 E3.37255
G1 X34.288 Y21.08 E3.3935
G1 X33.896 Y20.745 E3.4183
G1 X33.57 Y20.203 E3.44872
G1 X33.449 Y19.582 E3.47915
G1 X33.48 Y19.294 E3.49308
G1 X33.591 Y18.909 F7200
G1 X32.795 Y18.234
;TYPE:Perimeter
;WIDTH:0.598403
G1 F1200
G1 X32.807 Y18.202 E3.49536
;WIDTH:0.605757
G1 X33.149 Y17.716 E3.53549
G1 X33.503 Y17.363 E3.56925
;WIDTH:0.604784
G1 X33.97 Y17.062 E3.6067
G1 X34.453 Y16.868 E3.64178
;WIDTH:0.603093
G1 X34.952 Y16.761 E3.67607
G1 X35.476 Y16.751 E3.71128
;WIDTH:0.597158
G1 X36.105 Y16.867 E3.75378
;WIDTH:0.60544
G1 X36.6 Y17.08 E3.79015
G1 X36.994 Y17.329 E3.8216
;WIDTH:0.605632
G1 X37.434 Y17.763 E3.86332
G1 X37.728 Y18.182 E3.89787
;WIDTH:0.606248
G1 X37.953 Y18.724 E3.93753
G1 X38.07 Y19.34 E3.97991
;WIDTH:0.604069
G1 X38.07 Y19.758 E4.00805
G1 X37.955 Y20.365 E4.04964
;WIDTH:0.603339
G1 X37.72 Y20.93 E4.09077
;WIDTH:0.606888
G1 X37.44 Y21.329 E4.12375
G1 X36.929 Y21.813 E4.17137
;WIDTH:0.598693
G1 X36.407 Y22.119 E4.21169
;WIDTH:0.600307
G1 X36.013 Y22.258 E4.23962
G1 X35.473 Y22.347 E4.2762
;WIDTH:0.602592
G1 X34.975 Y22.34 E4.30963
G1 X34.37 Y22.211 E4.35116
;WIDTH:0.596152
G1 X33.869 Y21.983 E4.38767
;WIDTH:0.606013
G1 X33.424 Y21.661 E4.42478
G1 X32.999 Y21.199 E4.46719
;WIDTH:0.597895
G1 X32.699 Y20.676 E4.50731
;WIDTH:0.604065
G1 X32.551 Y20.247 E4.53786
G1 X32.473 Y19.744 E4.57212
;WIDTH:0.60009
G1 X32.478 Y19.239 E4.60586
G1 X32.567 Y18.798 E4.63592
;WIDTH:0.598403
G1 X32.772 Y18.289 E4.67247
G1 X32.369 Y18.038 F7200
;TYPE:External perimeter
;WIDTH:0.45
G1 F1200
G1 X32.374 Y18.024 E4.67319
G1 X32.809 Y17.393 E4.71005
G1 X33.195 Y17.018 E4.73593
G1 X33.696 Y16.688 E4.76478
G1 X34.179 Y16.462 E4.79043
G1 X34.921 Y16.294 E4.82702
G1 X35.454 Y16.281 E4.85266
G1 X36.207 Y16.412 E4.88942
G1 X36.78 Y16.653 E4.91932
G1 X37.172 Y16.892 E4.9414
G1 X37.446 Y17.126 E4.95873
G1 X37.808 Y17.49 E4.98342
G1 X38.132 Y17.968 E5.01119
G1 X38.374 Y18.514 E5.03991
G1 X38.531 Y19.334 E5.08007
G1 X38.536 Y19.7 E5.09767
G1 X38.503 Y19.961 E5.11032
G1 X38.389 Y20.526 E5.13804
G1 X38.121 Y21.149 E5.17066
G1 X37.81 Y21.616 E5.19765
G1 X37.304 Y22.112 E5.23173
G1 X36.838 Y22.421 E5.25862
G1 X36.149 Y22.703 E5.29443
G1 X35.449 Y22.815 E5.32853
G1 X34.947 Y22.806 E5.35268
G1 X34.402 Y22.69 E5.37948
G1 X34.032 Y22.567 E5.39823
G1 X33.481 Y22.287 E5.42796
G1 X33.083 Y21.975 E5.45228
G1 X32.611 Y21.446 E5.48638
G1 X32.28 Y20.865 E5.51854
G1 X32.091 Y20.326 E5.54601
G1 X32.014 Y19.764 E5.57329
G1 X32.018 Y19.228 E5.59907
G1 X32.108 Y18.708 E5.62445
G1 X32.347 Y18.094 E5.65614
G1 X32.561 Y17.756 F7200
G1 E3.65614 F2400
G92 E0
G1 Z6.25 F7200
G1 X-38.227 Y17.806
G1 Z4.25
G1 E2 F2400
;TYPE:Perimeter
;WIDTH:0.605525
G1 F1200
G1 X-38.201 Y17.823 E2.0021
;WIDTH:0.596758
G1 X-37.776 Y18.314 E2.04522
;WIDTH:0.606899
G1 X-37.561 Y18.774 E2.07958
G1 X-37.429 Y19.265 E2.11398
;WIDTH:0.598258
G1 X-37.432 Y19.832 E2.15174
;WIDTH:0.603752
G1 X-37.518 Y20.2 E2.17716
G1 X-37.705 Y20.677 E2.21163
;WIDTH:0.593915
G1 X-38.142 Y21.216 E2.25746
;WIDTH:0.60737
G1 X-38.529 Y21.494 E2.28973
G1 X-38.987 Y21.719 E2.32429
;WIDTH:0.599485
G1 X-39.546 Y21.819 E2.36219
G1 X-39.816 Y21.822 E2.38021
G1 X-40.366 Y21.723 E2.41751
;WIDTH:0.603733
G1 X-40.648 Y21.608 E2.438
G1 X-41.119 Y21.327 E2.4749
;WIDTH:0.604575
G1 X-41.477 Y20.938 E2.51052
G1 X-41.715 Y20.588 E2.53904
;WIDTH:0.598152
G1 X-41.91 Y20.055 E2.57682
;WIDTH:0.607527
G1 X-41.954 Y19.616 E2.60671
G1 X-41.934 Y19.147 E2.63851
;WIDTH:0.597162
G1 X-41.715 Y18.51 E2.68327
;WIDTH:0.60048
G1 X-41.555 Y18.256 E2.70334
G1 X-41.226 Y17.868 E2.73735
;WIDTH:0.602364
G1 X-40.956 Y17.668 E2.7599
G1 X-40.498 Y17.415 E2.79501
;WIDTH:0.604516
G1 X-39.945 Y17.296 E2.83312
G1 X-39.576 Y17.276 E2.85802
;WIDTH:0.599725
G1 X-39.061 Y17.364 E2.89291
;WIDTH:0.605525
G1 X-38.636 Y17.543 E2.92404
G1 X-38.278 Y17.773 E2.95276
G1 X-38.522 Y18.159 F7200
;TYPE:External perimeter
;WIDTH:0.45
G1 F1200
G1 X-38.127 Y18.609 E2.98156
G1 X-37.9 Y19.199 E3.01196
G1 X-37.888 Y19.832 E3.04241
G1 X-38.094 Y20.431 E3.07288
G1 X-38.492 Y20.923 E3.10332
G1 X-39.023 Y21.243 E3.13314
G1 X-39.626 Y21.366 E3.16274
G1 X-40.281 Y21.273 E3.19456
G1 X-40.834 Y20.966 E3.22498
G1 X-41.25 Y20.489 E3.25542
G1 X-41.489 Y19.832 E3.28905
G1 X-41.489 Y19.263 E3.31642
G1 X-41.284 Y18.667 E3.34673
G1 X-40.886 Y18.174 E3.3772
G1 X-40.343 Y17.848 E3.40766
G1 X-39.722 Y17.727 E3.43809
G1 X-39.141 Y17.817 E3.46637
G1 X-38.566 Y18.119 E3.49761
G1 X-38.298 Y18.416 F7200
G1 X-37.095 Y18.527
;TYPE:Perimeter
;WIDTH:0.599324
G1 F1200
G1 X-36.96 Y18.873 E3.52239
G1 X-36.895 Y19.241 E3.54732
;WIDTH:0.603635
G1 X-36.887 Y19.688 E3.57739
G1 X-36.965 Y20.191 E3.61163
;WIDTH:0.592444
G1 X-37.174 Y20.781 E3.65286
;WIDTH:0.595209
G1 X-37.352 Y21.101 E3.6771
G1 X-37.752 Y21.57 E3.71791
;WIDTH:0.595338
G1 X-38.027 Y21.809 E3.74204
;WIDTH:0.600521
G1 X-38.536 Y22.113 E3.78169
G1 X-38.913 Y22.247 E3.80845
;WIDTH:0.599485
G1 X-39.45 Y22.346 E3.84489
G1 X-39.911 Y22.348 E3.87566
G1 X-40.455 Y22.248 E3.91258
;WIDTH:0.603733
G1 X-40.913 Y22.078 E3.94544
G1 X-41.476 Y21.72 E3.99032
;WIDTH:0.604575
G1 X-41.907 Y21.265 E4.03255
G1 X-42.205 Y20.796 E4.06999
;WIDTH:0.604201
G1 X-42.391 Y20.318 E4.10452
G1 X-42.481 Y19.855 E4.13628
;WIDTH:0.602253
G1 X-42.489 Y19.305 E4.17318
G1 X-42.411 Y18.859 E4.20355
;WIDTH:0.598068
G1 X-42.215 Y18.327 E4.24129
;WIDTH:0.60048
G1 X-41.977 Y17.923 E4.27264
G1 X-41.639 Y17.534 E4.3071
;WIDTH:0.594607
G1 X-41.356 Y17.294 E4.33164
;WIDTH:0.594503
G1 X-40.825 Y16.989 E4.37213
;WIDTH:0.592584
G1 X-40.531 Y16.878 E4.39283
;WIDTH:0.604516
G1 X-40.003 Y16.76 E4.42928
G1 X-39.49 Y16.754 E4.46384
;WIDTH:0.599725
G1 X-38.974 Y16.836 E4.49873
G1 X-38.578 Y16.98 E4.52687
;WIDTH:0.598689
G1 X-38.043 Y17.272 E4.56749
G1 X-37.763 Y17.519 E4.59237
;WIDTH:0.596758
G1 X-37.358 Y17.984 E4.63332
G1 X-37.182 Y18.304 E4.65757
;WIDTH:0.599324
G1 X-37.117 Y18.471 E4.66953
G1 X-36.653 Y18.342 F7200
;TYPE:External perimeter
;WIDTH:0.45
G1 F1200
G1 X-36.647 Y18.354 E4.67018
G1 X-36.52 Y18.738 E4.68963
G1 X-36.436 Y19.23 E4.71364
G1 X-36.423 Y19.751 E4.73871
G1 X-36.558 Y20.504 E4.7755
G1 X-36.808 Y21.088 E4.80605
G1 X-37.108 Y21.563 E4.83307
G1 X-37.6 Y22.068 E4.86698
G1 X-38.055 Y22.383 E4.8936
G1 X-38.735 Y22.681 E4.92931
G1 X-39.366 Y22.798 E4.96018
G1 X-39.927 Y22.814 E4.98717
G1 X-40.539 Y22.7 E5.01711
G1 X-40.961 Y22.557 E5.03854
G1 X-41.475 Y22.29 E5.0664
G1 X-41.905 Y21.936 E5.09319
G1 X-42.289 Y21.526 E5.12021
G1 X-42.618 Y20.999 E5.15009
G1 X-42.843 Y20.427 E5.17965
G1 X-42.939 Y19.895 E5.20565
G1 X-42.948 Y19.235 E5.2374
G1 X-42.856 Y18.737 E5.26176
G1 X-42.612 Y18.074 E5.29574
G1 X-42.349 Y17.648 E5.31982
G1 X-41.882 Y17.118 E5.35379
G1 X-41.482 Y16.815 E5.37793
G1 X-40.858 Y16.491 E5.41175
G1 X-40.097 Y16.3 E5.44949
G1 X-39.563 Y16.28 E5.47519
G1 X-38.824 Y16.393 E5.51115
G1 X-38.169 Y16.65 E5.54499
G1 X-37.742 Y16.918 E5.56924
G1 X-37.222 Y17.398 E5.60328
G1 X-36.921 Y17.802 E5.62751
G1 X-36.68 Y18.289 E5.65364
G1 X-36.546 Y18.665 F7200
G1 E3.65364 F2400
G92 E0
G1 Z6.25 F7200
G1 X-38.832 Y-27.937
G1 Z4.25
G1 E2 F2400
;TYPE:Perimeter
;WIDTH:0.590006
G1 F1200
G1 X-38.995 Y-27.565 E2.02663
;WIDTH:0.599687
G1 X-39.383 Y-27.072 E2.06852
;WIDTH:0.605184
G1 X-39.804 Y-26.765 E2.10367
G1 X-40.287 Y-26.536 E2.13973
;WIDTH:0.596081
G1 X-40.846 Y-26.441 E2.17733
;WIDTH:0.598764
G1 X-41.093 Y-26.44 E2.19379
G1 X-41.63 Y-26.537 E2.23016
;WIDTH:0.602771
G1 X-41.891 Y-26.637 E2.24893
G1 X-42.332 Y-26.899 E2.28338
;WIDTH:0.599083
G1 X-42.534 Y-27.072 E2.30112
G1 X-42.87 Y-27.478 E2.33627
;WIDTH:0.601288
G1 X-43.019 Y-27.758 E2.35751
G1 X-43.204 Y-28.324 E2.39739
;WIDTH:0.601543
G1 X-43.22 Y-28.938 E2.43854
;WIDTH:0.604093
G1 X-43.115 Y-29.403 E2.47063
G1 X-42.914 Y-29.88 E2.50547
;WIDTH:0.596979
G1 X-42.507 Y-30.381 E2.54835
;WIDTH:0.604801
G1 X-42.077 Y-30.679 E2.58361
G1 X-41.63 Y-30.888 E2.61687
;WIDTH:0.597915
G1 X-41.072 Y-30.985 E2.65456
;WIDTH:0.594868
G1 X-40.589 Y-30.959 E2.68656
;WIDTH:0.598182
G1 X-39.919 Y-30.738 E2.73353
;WIDTH:0.602895
G1 X-39.612 Y-30.534 E2.75829
G1 X-39.215 Y-30.185 E2.79379
;WIDTH:0.594237
G1 X-38.863 Y-29.594 E2.83925
;WIDTH:0.594456
G1 X-38.784 Y-29.383 E2.85415
G1 X-38.687 Y-28.824 E2.89166
;WIDTH:0.595502
G1 X-38.685 Y-28.598 E2.90663
G1 X-38.786 Y-28.04 E2.9442
;WIDTH:0.590006
G1 X-38.808 Y-27.992 E2.94766
G1 X-39.25 Y-28.089 F7200
;TYPE:External perimeter
;WIDTH:0.45
G1 F1200
G1 X-39.428 Y-27.728 E2.96702
G1 X-39.763 Y-27.336 E2.99182
G1 X-40.304 Y-27.01 E3.0222
G1 X-40.925 Y-26.889 E3.05263
G1 X-41.551 Y-26.988 E3.08311
G1 X-42.104 Y-27.294 E3.11351
G1 X-42.52 Y-27.771 E3.14395
G1 X-42.759 Y-28.428 E3.17758
G1 X-42.759 Y-28.995 E3.20485
G1 X-42.555 Y-29.589 E3.23506
G1 X-42.156 Y-30.086 E3.26571
G1 X-41.613 Y-30.412 E3.29617
G1 X-40.992 Y-30.533 E3.3266
G1 X-40.562 Y-30.483 E3.34742
G1 X-40.077 Y-30.306 E3.37225
G1 X-39.584 Y-29.908 E3.40272
G1 X-39.258 Y-29.366 E3.43314
G1 X-39.137 Y-28.745 E3.46357
G1 X-39.231 Y-28.145 E3.49278
G1 X-39.402 Y-27.784 F7200
G1 X-39.07 Y-26.642
;TYPE:Perimeter
;WIDTH:0.605184
G1 F1200
G1 X-39.556 Y-26.284 E3.5335
G1 X-40.055 Y-26.05 E3.57068
;WIDTH:0.606187
G1 X-40.523 Y-25.941 E3.60315
G1 X-41.19 Y-25.914 E3.64826
;WIDTH:0.598764
G1 X-41.727 Y-26.016 E3.68469
;WIDTH:0.602771
G1 X-42.154 Y-26.167 E3.7151
G1 X-42.733 Y-26.546 E3.76157
;WIDTH:0.605111
G1 X-43.198 Y-27.016 E3.80616
G1 X-43.459 Y-27.449 E3.84026
;WIDTH:0.603595
G1 X-43.664 Y-27.966 E3.87766
G1 X-43.756 Y-28.529 E3.91603
;WIDTH:0.602955
G1 X-43.743 Y-29.05 E3.95104
;WIDTH:0.604093
G1 X-43.633 Y-29.551 E3.98557
G1 X-43.435 Y-30.031 E4.02052
;WIDTH:0.604704
G1 X-43.149 Y-30.46 E4.05527
G1 X-42.818 Y-30.816 E4.08803
G1 X-42.33 Y-31.156 E4.12811
G1 X-41.873 Y-31.37 E4.16212
;WIDTH:0.60617
G1 X-41.329 Y-31.495 E4.19984
G1 X-40.844 Y-31.516 E4.23264
;WIDTH:0.601947
G1 X-40.231 Y-31.425 E4.27419
G1 X-39.716 Y-31.231 E4.31109
;WIDTH:0.602895
G1 X-39.291 Y-30.966 E4.34473
G1 X-38.907 Y-30.622 E4.37936
;WIDTH:0.604069
G1 X-38.567 Y-30.172 E4.41732
G1 X-38.314 Y-29.663 E4.45558
;WIDTH:0.604902
G1 X-38.191 Y-29.157 E4.49069
G1 X-38.148 Y-28.682 E4.52284
;WIDTH:0.60607
G1 X-38.204 Y-28.186 E4.55656
G1 X-38.387 Y-27.583 E4.59913
;WIDTH:0.602563
G1 X-38.705 Y-27.034 E4.64172
G1 X-39.026 Y-26.683 E4.67365
G1 X-38.76 Y-26.302 F7200
;TYPE:External perimeter
;WIDTH:0.45
G1 F1200
G1 X-39.288 Y-25.898 E4.70563
G1 X-39.864 Y-25.634 E4.7361
G1 X-40.36 Y-25.499 E4.76082
G1 X-40.768 Y-25.466 E4.78051
G1 X-41.277 Y-25.463 E4.80499
G1 X-42.112 Y-25.653 E4.84618
G1 X-42.684 Y-25.928 E4.87671
G1 X-43.239 Y-26.369 E4.9108
G1 X-43.574 Y-26.742 E4.93491
G1 X-43.931 Y-27.35 E4.96882
G1 X-44.109 Y-27.819 E4.99295
G1 X-44.222 Y-28.516 E5.02691
G1 X-44.218 Y-29.017 E5.05101
G1 X-44.073 Y-29.707 E5.08492
G1 X-43.888 Y-30.173 E5.10903
G1 X-43.537 Y-30.713 E5.14001
G1 X-43.244 Y-31.045 E5.16131
G1 X-42.957 Y-31.28 E5.17915
G1 X-42.534 Y-31.572 E5.20387
G1 X-41.895 Y-31.843 E5.23725
G1 X-41.305 Y-31.963 E5.26621
G1 X-40.783 Y-31.969 E5.29132
G1 X-40.09 Y-31.865 E5.32502
G1 X-39.409 Y-31.596 E5.36024
G1 X-38.986 Y-31.318 E5.38459
G1 X-38.469 Y-30.837 E5.41855
G1 X-38.15 Y-30.374 E5.44559
G1 X-37.851 Y-29.722 E5.48009
G1 X-37.73 Y-29.194 E5.50614
G1 X-37.686 Y-28.653 E5.53225
G1 X-37.74 Y-28.119 E5.55806
G1 X-37.947 Y-27.427 E5.5928
G1 X-38.327 Y-26.764 E5.62955
G1 X-38.68 Y-26.363 E5.65524
G1 X-38.712 Y-26.338 E5.65719
G1 X-39.03 Y-26.095 F7200
G1 E3.65719 F2400
G92 E0
G1 Z6.25 F7200
G1 X-55.513 Y-34.335
G1 Z4.25
G1 E2 F2400
;TYPE:Perimeter
;WIDTH:0.396572
G1 F1200
G1 X-64.345 Y-34.335 E2.36593
G1 X-64.345 Y-34.667 E2.37969
G1 X-55.513 Y-34.667 E2.74562
G1 X-55.513 Y-34.395 E2.75689
G1 X-55.154 Y-33.976 F7200
;TYPE:External perimeter
;WIDTH:0.45
G1 F1200
G1 X-64.704 Y-33.976 E3.21621
G1 X-64.704 Y-35.026 E3.26671
G1 X-55.154 Y-35.026 E3.72603
G1 X-55.154 Y-34.036 E3.77365
G1 X-55.549 Y-33.977 F7200
;LAYER_CHANGE
;Z:4.55
;HEIGHT:0.3
G1 E1.77365 F2400
G92 E0
G1 Z4.55 F7200
G1 Z6.55
G1 X46.487 Y-34.335
G1 Z4.55
G1 E2 F2400
;TYPE:Perimeter
;WIDTH:0.396572
G1 F1200
G1 X35.655 Y-34.335 E2.4488
G1 X35.655 Y-34.667 E2.46256
G1 X46.487 Y-34.667 E2.91136
G1 X46.487 Y-34.395 E2.92263
G1 X46.846 Y-33.976 F7200
;TYPE:External perimeter
;WIDTH:0.45
G1 F1200
G1 X35.296 Y-33.976 E3.47814
G1 X35.296 Y-35.026 E3.52864
G1 X46.846 Y-35.026 E4.08415
G1 X46.846 Y-34.036 E4.13177
G1 X46.451 Y-33.977 F7200
G1 E2.13177 F2400
G92 E0
G1 Z6.55 F7200
G1 X41.238 Y-30.944
G1 Z4.55
G1 E2 F2400
;TYPE:Perimeter
;WIDTH:0.604114
G1 F1200
G1 X41.386 Y-30.973 E2.01015
G1 X41.704 Y-30.985 E2.03157
;WIDTH:0.59972
G1 X42.256 Y-30.89 E2.06897
;WIDTH:0.607686
G1 X42.709 Y-30.681 E2.10278
G1 X43.093 Y-30.424 E2.13409
;WIDTH:0.59585
G1 X43.504 Y-29.946 E2.17588
;WIDTH:0.60548
G1 X43.758 Y-29.378 E2.21787
G1 X43.848 Y-28.994 E2.24449
;WIDTH:0.596022
G1 X43.85 Y-28.428 E2.28202
G1 X43.809 Y-28.206 E2.29699
;WIDTH:0.602123
G1 X43.639 Y-27.723 E2.33133
G1 X43.505 Y-27.476 E2.35018
;WIDTH:0.598125
G1 X43.14 Y-27.042 E2.38793
;WIDTH:0.607213
G1 X42.705 Y-26.739 E2.42382
G1 X42.252 Y-26.532 E2.45754
;WIDTH:0.600434
G1 X41.704 Y-26.44 E2.49469
;WIDTH:0.60305
G1 X41.389 Y-26.45 E2.51586
G1 X40.815 Y-26.57 E2.55526
;WIDTH:0.598486
G1 X40.354 Y-26.797 E2.58949
G1 X39.92 Y-27.166 E2.62744
;WIDTH:0.60437
G1 X39.575 Y-27.678 E2.66902
G1 X39.406 Y-28.086 E2.69876
;WIDTH:0.600269
G1 X39.32 Y-28.599 E2.73353
;WIDTH:0.591177
G1 X39.348 Y-29.096 E2.76624
;WIDTH:0.598128
G1 X39.566 Y-29.754 E2.81239
;WIDTH:0.592241
G1 X40.044 Y-30.379 E2.86419
;WIDTH:0.604268
G1 X40.345 Y-30.605 E2.88954
G1 X40.837 Y-30.866 E2.92704
;WIDTH:0.604114
G1 X41.179 Y-30.933 E2.9505
G1 X41.314 Y-30.487 F7200
;TYPE:External perimeter
;WIDTH:0.45
G1 F1200
G1 X41.466 Y-30.517 E2.95795
G1 X41.625 Y-30.533 E2.96564
G1 X42.183 Y-30.435 E2.99289
G1 X42.737 Y-30.129 E3.02333
G1 X43.153 Y-29.651 E3.05381
G1 X43.38 Y-29.06 E3.08426
G1 X43.38 Y-28.362 E3.11783
G1 X43.186 Y-27.829 E3.14511
G1 X42.788 Y-27.337 E3.17555
G1 X42.246 Y-27.01 E3.206
G1 X41.625 Y-26.889 E3.23643
G1 X40.999 Y-26.988 E3.26691
G1 X40.623 Y-27.17 E3.287
G1 X40.216 Y-27.515 E3.31266
G1 X39.89 Y-28.057 E3.34308
G1 X39.769 Y-28.678 E3.37351
G1 X39.812 Y-29.094 E3.39362
G1 X39.997 Y-29.594 E3.41926
G1 X40.394 Y-30.086 E3.44967
G1 X40.937 Y-30.412 E3.48013
G1 X41.255 Y-30.475 E3.49572
G1 X41.653 Y-30.513 F7200
G1 E1.49572 F2400
G92 E0
G1 Z6.55 F7200
G1 X38.871 Y-29.34
G1 Z4.55
G1 E2 F2400
;TYPE:Perimeter
;WIDTH:0.597512
G1 F1200
G1 X38.885 Y-29.406 E2.00449
;WIDTH:0.598128
G1 X39.072 Y-29.957 E2.04323
;WIDTH:0.602641
G1 X39.305 Y-30.34 E2.07333
G1 X39.648 Y-30.727 E2.10805
;WIDTH:0.595764
G1 X39.926 Y-30.97 E2.13252
G1 X40.461 Y-31.271 E2.1732
;WIDTH:0.597581
G1 X40.8 Y-31.406 E2.19747
;WIDTH:0.604114
G1 X41.297 Y-31.505 E2.23158
G1 X41.777 Y-31.51 E2.26389
;WIDTH:0.59972
G1 X42.344 Y-31.418 E2.30224
G1 X42.728 Y-31.282 E2.32944
;WIDTH:0.598981
G1 X43.331 Y-30.916 E2.37647
;WIDTH:0.606389
G1 X43.762 Y-30.487 E2.41758
G1 X44.011 Y-30.138 E2.44656
;WIDTH:0.60548
G1 X44.258 Y-29.582 E2.48762
G1 X44.371 Y-29.062 E2.52353
;WIDTH:0.603997
G1 X44.395 Y-28.533 E2.55917
G1 X44.309 Y-28.034 E2.59325
;WIDTH:0.602123
G1 X44.147 Y-27.548 E2.62761
G1 X43.927 Y-27.15 E2.65811
;WIDTH:0.598125
G1 X43.499 Y-26.652 E2.70182
;WIDTH:0.607213
G1 X43.003 Y-26.287 E2.74351
G1 X42.543 Y-26.066 E2.77806
;WIDTH:0.604905
G1 X41.956 Y-25.931 E2.81867
G1 X41.439 Y-25.913 E2.85355
;WIDTH:0.60372
G1 X40.926 Y-25.987 E2.88842
G1 X40.347 Y-26.192 E2.92974
;WIDTH:0.599345
G1 X39.992 Y-26.401 E2.95723
G1 X39.458 Y-26.883 E3.00523
;WIDTH:0.60437
G1 X39.101 Y-27.416 E3.04844
G1 X38.907 Y-27.897 E3.08337
;WIDTH:0.605049
G1 X38.804 Y-28.395 E3.11766
G1 X38.8 Y-29.01 E3.15913
;WIDTH:0.597512
G1 X38.858 Y-29.281 E3.17756
G1 X38.421 Y-29.425 F7200
;TYPE:External perimeter
;WIDTH:0.45
G1 F1200
G1 X38.518 Y-29.818 E3.19703
G1 X38.677 Y-30.199 E3.21689
G1 X38.95 Y-30.642 E3.24192
G1 X39.339 Y-31.066 E3.2696
G1 X39.774 Y-31.428 E3.29682
G1 X40.259 Y-31.68 E3.32311
G1 X40.672 Y-31.848 E3.34455
G1 X41.224 Y-31.962 E3.37166
G1 X41.745 Y-31.979 E3.39673
G1 X42.417 Y-31.872 E3.42946
G1 X42.688 Y-31.79 E3.44308
G1 X43.171 Y-31.576 E3.46849
G1 X43.606 Y-31.289 E3.49356
G1 X44.087 Y-30.819 E3.52591
G1 X44.402 Y-30.386 E3.55166
G1 X44.709 Y-29.709 E3.58741
G1 X44.82 Y-29.193 E3.6128
G1 X44.855 Y-28.586 E3.64204
G1 X44.796 Y-28.053 E3.66783
G1 X44.566 Y-27.344 E3.70368
G1 X44.303 Y-26.886 E3.72908
G1 X43.873 Y-26.373 E3.76127
G1 X43.169 Y-25.846 E3.80357
G1 X42.542 Y-25.581 E3.83631
G1 X42.032 Y-25.47 E3.86141
G1 X41.451 Y-25.455 E3.88936
G1 X40.893 Y-25.519 E3.91637
G1 X40.392 Y-25.687 E3.94179
G1 X39.931 Y-25.895 E3.96611
G1 X39.477 Y-26.211 E3.99271
G1 X39.119 Y-26.569 E4.01706
G1 X38.689 Y-27.198 E4.05371
G1 X38.463 Y-27.773 E4.08342
G1 X38.341 Y-28.321 E4.11042
G1 X38.341 Y-29.098 E4.14779
G1 X38.407 Y-29.367 E4.16111
G1 X38.503 Y-29.755 F7200
G1 E2.16111 F2400
G92 E0
G1 Z6.55 F7200
G1 X33.031 Y19.154
G1 Z4.55
G1 E2 F2400
;TYPE:Perimeter
;WIDTH:0.593485
G1 F1200
G1 X33.034 Y19.111 E2.00284
;WIDTH:0.594234
G1 X33.248 Y18.507 E2.04519
;WIDTH:0.60566
G1 X33.594 Y18.026 E2.08519
G1 X33.897 Y17.736 E2.11351
;WIDTH:0.596239
G1 X34.387 Y17.45 E2.15115
G1 X34.601 Y17.375 E2.16619
;WIDTH:0.596431
G1 X35.158 Y17.275 E2.20374
G1 X35.384 Y17.275 E2.21874
;WIDTH:0.597625
G1 X35.943 Y17.373 E2.25649
;WIDTH:0.606019
G1 X36.383 Y17.577 E2.28925
G1 X36.769 Y17.833 E2.32054
;WIDTH:0.596795
G1 X37.184 Y18.314 E2.36273
;WIDTH:0.604102
G1 X37.331 Y18.59 E2.38378
G1 X37.513 Y19.145 E2.4231
;WIDTH:0.604535
G1 X37.534 Y19.699 E2.46045
G1 X37.489 Y20.054 E2.48456
;WIDTH:0.60259
G1 X37.319 Y20.536 E2.51887
G1 X37.185 Y20.784 E2.53779
;WIDTH:0.598319
G1 X36.817 Y21.216 E2.57558
;WIDTH:0.596835
G1 X36.646 Y21.364 E2.5906
;WIDTH:0.598864
G1 X36.156 Y21.648 E2.62836
;WIDTH:0.599856
G1 X35.933 Y21.728 E2.64418
G1 X35.384 Y21.822 E2.68138
;WIDTH:0.602267
G1 X35.089 Y21.814 E2.70118
G1 X34.576 Y21.718 E2.73619
;WIDTH:0.605846
G1 X34.258 Y21.578 E2.75966
G1 X33.827 Y21.316 E2.79372
;WIDTH:0.598167
G1 X33.439 Y20.9 E2.83159
G1 X33.171 Y20.43 E2.86761
;WIDTH:0.595492
G1 X32.999 Y19.661 E2.91981
;WIDTH:0.593485
G1 X33.027 Y19.214 E2.94937
G1 X33.485 Y19.234 F7200
;TYPE:External perimeter
;WIDTH:0.45
G1 F1200
G1 X33.492 Y19.166 E2.95266
G1 X33.678 Y18.663 E2.97845
G1 X34.074 Y18.174 E3.00871
G1 X34.617 Y17.848 E3.03917
G1 X35.305 Y17.727 E3.07277
G1 X35.863 Y17.825 E3.10002
G1 X36.417 Y18.131 E3.13046
G1 X36.833 Y18.609 E3.16094
G1 X37.06 Y19.2 E3.19139
G1 X37.072 Y19.832 E3.22179
G1 X36.885 Y20.378 E3.24955
G1 X36.692 Y20.656 E3.26583
G1 X36.417 Y20.966 E3.28576
G1 X35.926 Y21.25 E3.31304
G1 X35.305 Y21.371 E3.34347
G1 X34.679 Y21.273 E3.37395
G1 X34.083 Y20.933 E3.40695
G1 X33.834 Y20.666 E3.42451
G1 X33.57 Y20.203 E3.45014
G1 X33.449 Y19.582 E3.48057
G1 X33.479 Y19.293 E3.49454
G1 X33.591 Y18.91 F7200
G1 X32.795 Y18.234
;TYPE:Perimeter
;WIDTH:0.598573
G1 F1200
G1 X32.81 Y18.197 E3.4972
;WIDTH:0.60566
G1 X33.164 Y17.698 E3.5385
G1 X33.484 Y17.379 E3.569
;WIDTH:0.604475
G1 X33.973 Y17.062 E3.60826
G1 X34.456 Y16.868 E3.64332
;WIDTH:0.602621
G1 X34.97 Y16.758 E3.67861
G1 X35.474 Y16.752 E3.71245
;WIDTH:0.597625
G1 X36.094 Y16.864 E3.75435
;WIDTH:0.606019
G1 X36.624 Y17.092 E3.79333
G1 X36.985 Y17.323 E3.82228
G1 X37.437 Y17.764 E3.86494
G1 X37.727 Y18.179 E3.89914
;WIDTH:0.606386
G1 X37.951 Y18.717 E3.93854
G1 X38.072 Y19.367 E3.98324
;WIDTH:0.602863
G1 X38.052 Y19.88 E4.01772
;WIDTH:0.604461
G1 X37.948 Y20.391 E4.05285
G1 X37.721 Y20.928 E4.09212
;WIDTH:0.606775
G1 X37.445 Y21.323 E4.12472
G1 X36.929 Y21.815 E4.17295
;WIDTH:0.598864
G1 X36.408 Y22.119 E4.21316
;WIDTH:0.599856
G1 X36.021 Y22.256 E4.24058
G1 X35.472 Y22.345 E4.27772
;WIDTH:0.602267
G1 X34.985 Y22.341 E4.31039
G1 X34.264 Y22.171 E4.36009
;WIDTH:0.605079
G1 X33.721 Y21.892 E4.40126
G1 X33.37 Y21.611 E4.43158
;WIDTH:0.598393
G1 X32.977 Y21.168 E4.47102
G1 X32.697 Y20.672 E4.50896
;WIDTH:0.603631
G1 X32.553 Y20.257 E4.5385
G1 X32.476 Y19.742 E4.57352
;WIDTH:0.599469
G1 X32.478 Y19.232 E4.60756
G1 X32.561 Y18.817 E4.63581
;WIDTH:0.598573
G1 X32.773 Y18.29 E4.67366
G1 X32.37 Y18.039 F7200
;TYPE:External perimeter
;WIDTH:0.45
G1 F1200
G1 X32.379 Y18.016 E4.67485
G1 X32.783 Y17.433 E4.70896
G1 X33.176 Y17.034 E4.7359
G1 X33.718 Y16.676 E4.76714
G1 X34.178 Y16.462 E4.79154
G1 X34.869 Y16.308 E4.82559
G1 X35.425 Y16.28 E4.85237
G1 X36.194 Y16.408 E4.88987
G1 X36.804 Y16.665 E4.92171
G1 X37.175 Y16.893 E4.94265
G1 X37.447 Y17.129 E4.95997
G1 X37.827 Y17.512 E4.98592
G1 X38.131 Y17.965 E5.01216
G1 X38.371 Y18.505 E5.04058
G1 X38.534 Y19.363 E5.08258
G1 X38.537 Y19.692 E5.0984
G1 X38.501 Y19.962 E5.1115
G1 X38.381 Y20.554 E5.14055
G1 X38.123 Y21.146 E5.17161
G1 X37.815 Y21.61 E5.1984
G1 X37.282 Y22.13 E5.23421
G1 X36.848 Y22.416 E5.25921
G1 X36.157 Y22.701 E5.29516
G1 X35.485 Y22.807 E5.32788
G1 X34.956 Y22.807 E5.35332
G1 X34.402 Y22.688 E5.38057
G1 X33.978 Y22.547 E5.40206
G1 X33.449 Y22.269 E5.4308
G1 X33.033 Y21.919 E5.45695
G1 X32.588 Y21.414 E5.48932
G1 X32.278 Y20.862 E5.51977
G1 X32.093 Y20.335 E5.54663
G1 X32.017 Y19.763 E5.57438
G1 X32.018 Y19.216 E5.60069
G1 X32.103 Y18.724 E5.6247
G1 X32.348 Y18.095 E5.65717
G1 X32.562 Y17.757 F7200
G1 E3.65717 F2400
G92 E0
G1 Z6.55 F7200
G1 X-38.237 Y17.819
G1 Z4.55
G1 E2 F2400
;TYPE:Perimeter
;WIDTH:0.603065
G1 F1200
G1 X-37.949 Y18.07 E2.02567
;WIDTH:0.594303
G1 X-37.593 Y18.666 E2.07155
;WIDTH:0.605729
G1 X-37.483 Y19.024 E2.09684
G1 X-37.408 Y19.532 E2.13151
;WIDTH:0.596559
G1 X-37.513 Y20.22 E2.17771
;WIDTH:0.606471
G1 X-37.728 Y20.681 E2.2121
G1 X-37.975 Y21.05 E2.24212
;WIDTH:0.596583
G1 X-38.454 Y21.462 E2.28406
;WIDTH:0.604621
G1 X-38.745 Y21.614 E2.30618
G1 X-39.288 Y21.791 E2.34466
;WIDTH:0.597811
G1 X-39.814 Y21.824 E2.37972
G1 X-40.364 Y21.723 E2.41692
;WIDTH:0.603527
G1 X-40.641 Y21.612 E2.43699
G1 X-41.118 Y21.328 E2.47432
;WIDTH:0.595758
G1 X-41.601 Y20.784 E2.52253
;WIDTH:0.606683
G1 X-41.777 Y20.432 E2.54915
G1 X-41.944 Y19.9 E2.58687
;WIDTH:0.602193
G1 X-41.951 Y19.311 E2.62638
G1 X-41.909 Y19.042 E2.64464
;WIDTH:0.596956
G1 X-41.715 Y18.51 E2.68225
;WIDTH:0.599696
G1 X-41.576 Y18.28 E2.70019
G1 X-41.236 Y17.88 E2.73524
;WIDTH:0.601905
G1 X-40.984 Y17.684 E2.75664
G1 X-40.48 Y17.407 E2.7952
;WIDTH:0.606317
G1 X-39.964 Y17.298 E2.83085
G1 X-39.632 Y17.269 E2.85338
;WIDTH:0.600584
G1 X-39.121 Y17.349 E2.88797
G1 X-38.65 Y17.524 E2.92157
;WIDTH:0.603065
G1 X-38.377 Y17.696 E2.94325
G1 X-38.282 Y17.779 E2.95173
G1 X-38.535 Y18.174 F7200
;TYPE:External perimeter
;WIDTH:0.45
G1 F1200
G1 X-38.314 Y18.352 E2.96538
G1 X-37.988 Y18.894 E2.9958
G1 X-37.887 Y19.401 E3.02066
G1 X-37.867 Y19.582 E3.02942
G1 X-37.966 Y20.144 E3.05687
G1 X-38.272 Y20.695 E3.08718
G1 X-38.749 Y21.11 E3.11759
G1 X-39.34 Y21.338 E3.14806
G1 X-39.757 Y21.368 E3.16817
G1 X-40.283 Y21.272 E3.19389
G1 X-40.834 Y20.966 E3.2242
G1 X-41.25 Y20.489 E3.25464
G1 X-41.489 Y19.832 E3.28827
G1 X-41.489 Y19.265 E3.31554
G1 X-41.284 Y18.667 E3.34594
G1 X-40.886 Y18.174 E3.37641
G1 X-40.343 Y17.848 E3.40687
G1 X-39.722 Y17.727 E3.4373
G1 X-39.278 Y17.782 E3.45882
G1 X-38.807 Y17.954 E3.48294
G1 X-38.582 Y18.136 E3.49686
G1 X-38.294 Y18.414 F7200
G1 X-37.086 Y18.523
;TYPE:Perimeter
;WIDTH:0.597224
G1 F1200
G1 X-36.995 Y18.755 E3.51342
;WIDTH:0.604396
G1 X-36.895 Y19.267 E3.54856
G1 X-36.892 Y19.753 E3.58129
;WIDTH:0.596646
G1 X-37.009 Y20.386 E3.62402
;WIDTH:0.606471
G1 X-37.244 Y20.923 E3.66365
G1 X-37.475 Y21.28 E3.6924
;WIDTH:0.606116
G1 X-37.903 Y21.711 E3.73344
G1 X-38.326 Y22.008 E3.76836
G1 X-38.873 Y22.233 E3.80832
G1 X-39.475 Y22.349 E3.84974
;WIDTH:0.59832
G1 X-39.936 Y22.344 E3.88044
;WIDTH:0.597344
G1 X-40.665 Y22.182 E3.93008
;WIDTH:0.607013
G1 X-41.186 Y21.926 E3.96937
G1 X-41.58 Y21.615 E4.00334
;WIDTH:0.604511
G1 X-41.926 Y21.241 E4.03766
G1 X-42.205 Y20.797 E4.07299
;WIDTH:0.604233
G1 X-42.391 Y20.319 E4.10753
G1 X-42.481 Y19.855 E4.13935
;WIDTH:0.602193
G1 X-42.488 Y19.302 E4.17645
G1 X-42.421 Y18.891 E4.20438
;WIDTH:0.596979
G1 X-42.215 Y18.327 E4.24427
;WIDTH:0.599696
G1 X-41.982 Y17.932 E4.27489
G1 X-41.639 Y17.535 E4.30992
;WIDTH:0.601905
G1 X-41.243 Y17.214 E4.3441
G1 X-40.6 Y16.889 E4.3924
;WIDTH:0.606317
G1 X-40.06 Y16.765 E4.42985
G1 X-39.571 Y16.744 E4.46293
;WIDTH:0.600584
G1 X-38.931 Y16.848 E4.50629
G1 X-38.463 Y17.028 E4.53982
;WIDTH:0.603065
G1 X-38.061 Y17.261 E4.57104
G1 X-37.672 Y17.606 E4.60597
;WIDTH:0.595908
G1 X-37.431 Y17.882 E4.63026
G1 X-37.128 Y18.417 E4.67102
;WIDTH:0.597224
G1 X-37.108 Y18.467 E4.6746
G1 X-36.666 Y18.348 F7200
;TYPE:External perimeter
;WIDTH:0.45
G1 F1200
G1 X-36.555 Y18.625 E4.68895
G1 X-36.432 Y19.256 E4.71987
G1 X-36.421 Y19.72 E4.74219
G1 X-36.554 Y20.489 E4.77973
G1 X-36.817 Y21.105 E4.81194
G1 X-37.038 Y21.459 E4.83201
G1 X-37.276 Y21.733 E4.84947
G1 X-37.672 Y22.121 E4.87613
G1 X-38.222 Y22.47 E4.90746
G1 X-38.725 Y22.678 E4.93364
G1 X-39.392 Y22.801 E4.96626
G1 X-39.917 Y22.815 E4.99152
G1 X-40.646 Y22.677 E5.02721
G1 X-41.127 Y22.487 E5.05208
G1 X-41.621 Y22.185 E5.07993
G1 X-41.952 Y21.885 E5.10142
G1 X-42.31 Y21.501 E5.12667
G1 X-42.618 Y20.999 E5.155
G1 X-42.843 Y20.428 E5.18452
G1 X-42.939 Y19.895 E5.21057
G1 X-42.95 Y19.286 E5.23987
G1 X-42.866 Y18.771 E5.26497
G1 X-42.636 Y18.141 E5.29723
G1 X-42.37 Y17.676 E5.323
G1 X-41.881 Y17.117 E5.35872
G1 X-41.457 Y16.805 E5.38404
G1 X-40.736 Y16.452 E5.42265
G1 X-40.144 Y16.309 E5.45194
G1 X-39.602 Y16.278 E5.47805
G1 X-38.841 Y16.388 E5.51503
G1 X-38.216 Y16.633 E5.54732
G1 X-37.758 Y16.906 E5.57296
G1 X-37.332 Y17.298 E5.6008
G1 X-36.972 Y17.731 E5.62788
G1 X-36.719 Y18.215 E5.65415
G1 X-36.688 Y18.292 E5.65814
G1 X-36.555 Y18.669 F7200
G1 E3.65814 F2400
G92 E0
G1 Z6.55 F7200
G1 X-38.824 Y-27.934
G1 Z4.55
G1 E2 F2400
;TYPE:Perimeter
;WIDTH:0.59643
G1 F1200
G1 X-38.861 Y-27.827 E2.00751
;WIDTH:0.596906
G1 X-39.144 Y-27.336 E2.04515
G1 X-39.54 Y-26.932 E2.08272
;WIDTH:0.589463
G1 X-40.08 Y-26.614 E2.12376
;WIDTH:0.596975
G1 X-40.287 Y-26.535 E2.13848
G1 X-40.846 Y-26.441 E2.17613
;WIDTH:0.601531
G1 X-41.114 Y-26.442 E2.19409
G1 X-41.631 Y-26.535 E2.22928
;WIDTH:0.605254
G1 X-42.133 Y-26.775 E2.26682
G1 X-42.508 Y-27.041 E2.29784
;WIDTH:0.604878
G1 X-42.93 Y-27.57 E2.34346
;WIDTH:0.603922
G1 X-43.143 Y-28.096 E2.38165
G1 X-43.215 Y-28.428 E2.40451
;WIDTH:0.601921
G1 X-43.221 Y-28.932 E2.4383
G1 X-43.175 Y-29.216 E2.45759
;WIDTH:0.59939
G1 X-42.99 Y-29.741 E2.49473
;WIDTH:0.605449
G1 X-42.695 Y-30.163 E2.52948
G1 X-42.384 Y-30.488 E2.55984
;WIDTH:0.596273
G1 X-41.843 Y-30.81 E2.60161
;WIDTH:0.604809
G1 X-41.528 Y-30.909 E2.62387
G1 X-40.986 Y-30.992 E2.66083
;WIDTH:0.596292
G1 X-40.452 Y-30.931 E2.69649
;WIDTH:0.598179
G1 X-39.919 Y-30.738 E2.73423
;WIDTH:0.602545
G1 X-39.636 Y-30.554 E2.75689
G1 X-39.213 Y-30.182 E2.7947
;WIDTH:0.594362
G1 X-38.863 Y-29.594 E2.83993
;WIDTH:0.595341
G1 X-38.784 Y-29.383 E2.85485
G1 X-38.687 Y-28.824 E2.89242
;WIDTH:0.59643
G1 X-38.685 Y-28.598 E2.90742
G1 X-38.787 Y-28.04 E2.94506
G1 X-38.804 Y-27.991 E2.9485
G1 X-39.252 Y-28.089 F7200
;TYPE:External perimeter
;WIDTH:0.45
G1 F1200
G1 X-39.542 Y-27.565 E2.9773
G1 X-39.842 Y-27.274 E2.9974
G1 X-40.305 Y-27.01 E3.02303
G1 X-40.925 Y-26.889 E3.05341
G1 X-41.551 Y-26.988 E3.08389
G1 X-42.104 Y-27.294 E3.11429
G1 X-42.554 Y-27.829 E3.14791
G1 X-42.749 Y-28.365 E3.17534
G1 X-42.759 Y-28.932 E3.20261
G1 X-42.67 Y-29.274 E3.21961
G1 X-42.52 Y-29.651 E3.23912
G1 X-42.156 Y-30.086 E3.2664
G1 X-41.613 Y-30.412 E3.29686
G1 X-40.992 Y-30.533 E3.32729
G1 X-40.561 Y-30.482 E3.34816
G1 X-40.077 Y-30.306 E3.37293
G1 X-39.584 Y-29.908 E3.4034
G1 X-39.258 Y-29.366 E3.43382
G1 X-39.137 Y-28.745 E3.46425
G1 X-39.231 Y-28.145 E3.49346
G1 X-39.418 Y-27.791 F7200
G1 X-39.073 Y-26.646
;TYPE:Perimeter
;WIDTH:0.604142
G1 F1200
G1 X-39.542 Y-26.292 E3.53302
G1 X-40.058 Y-26.05 E3.57139
;WIDTH:0.606441
G1 X-40.499 Y-25.945 E3.60204
G1 X-41.195 Y-25.911 E3.64915
;WIDTH:0.601531
G1 X-41.856 Y-26.05 E3.6944
;WIDTH:0.605254
G1 X-42.38 Y-26.295 E3.73342
G1 X-42.804 Y-26.59 E3.76827
;WIDTH:0.606099
G1 X-43.204 Y-27.029 E3.8084
G1 X-43.536 Y-27.602 E3.85314
;WIDTH:0.60298
G1 X-43.69 Y-28.089 E3.88745
;WIDTH:0.604333
G1 X-43.762 Y-28.584 E3.92114
G1 X-43.737 Y-29.084 E3.95485
;WIDTH:0.605157
G1 X-43.623 Y-29.582 E3.98931
G1 X-43.433 Y-30.034 E4.02238
;WIDTH:0.605449
G1 X-43.129 Y-30.486 E4.05914
G1 X-42.815 Y-30.819 E4.09003
;WIDTH:0.605224
G1 X-42.342 Y-31.15 E4.12897
G1 X-41.873 Y-31.37 E4.16392
;WIDTH:0.606191
G1 X-41.325 Y-31.496 E4.20192
G1 X-40.845 Y-31.515 E4.23438
;WIDTH:0.601981
G1 X-40.229 Y-31.425 E4.27612
G1 X-39.716 Y-31.231 E4.3129
;WIDTH:0.602545
G1 X-39.298 Y-30.974 E4.34584
G1 X-38.91 Y-30.624 E4.38091
;WIDTH:0.604043
G1 X-38.583 Y-30.2 E4.41695
G1 X-38.313 Y-29.658 E4.45771
;WIDTH:0.605145
G1 X-38.2 Y-29.206 E4.48913
G1 X-38.149 Y-28.614 E4.52921
;WIDTH:0.606255
G1 X-38.199 Y-28.215 E4.55639
G1 X-38.399 Y-27.563 E4.60248
;WIDTH:0.596906
G1 X-38.683 Y-27.07 E4.64027
;WIDTH:0.59798
G1 X-38.993 Y-26.707 E4.67204
;WIDTH:0.604142
G1 X-39.025 Y-26.682 E4.67477
G1 X-38.762 Y-26.304 F7200
;TYPE:External perimeter
;WIDTH:0.45
G1 F1200
G1 X-39.272 Y-25.907 E4.70585
G1 X-39.943 Y-25.6 E4.74134
G1 X-40.476 Y-25.482 E4.7676
G1 X-41.254 Y-25.454 E4.80504
G1 X-41.856 Y-25.567 E4.8345
G1 X-42.19 Y-25.699 E4.85177
G1 X-42.682 Y-25.936 E4.87804
G1 X-43.202 Y-26.334 E4.90954
G1 X-43.572 Y-26.738 E4.93589
G1 X-43.915 Y-27.327 E4.96867
G1 X-44.108 Y-27.817 E4.994
G1 X-44.215 Y-28.488 E5.02668
G1 X-44.219 Y-29.015 E5.05203
G1 X-44.076 Y-29.679 E5.0847
G1 X-43.889 Y-30.172 E5.11006
G1 X-43.516 Y-30.74 E5.14274
G1 X-43.241 Y-31.049 E5.16264
G1 X-42.952 Y-31.283 E5.18052
G1 X-42.502 Y-31.591 E5.20675
G1 X-41.896 Y-31.843 E5.23832
G1 X-41.307 Y-31.963 E5.26723
G1 X-40.786 Y-31.967 E5.29229
G1 X-40.089 Y-31.864 E5.32618
G1 X-39.455 Y-31.617 E5.35891
G1 X-39.013 Y-31.34 E5.384
G1 X-38.52 Y-30.885 E5.41627
G1 X-38.195 Y-30.46 E5.442
G1 X-37.869 Y-29.794 E5.47766
G1 X-37.738 Y-29.245 E5.50481
G1 X-37.693 Y-28.568 E5.53744
G1 X-37.735 Y-28.15 E5.55765
G1 X-37.947 Y-27.429 E5.5938
G1 X-38.3 Y-26.815 E5.62786
G1 X-38.655 Y-26.387 E5.6546
G1 X-38.715 Y-26.341 E5.65824
G1 X-39.03 Y-26.095 F7200
G1 E3.65824 F2400
G92 E0
G1 Z6.55 F7200
G1 X-55.513 Y-34.335
G1 Z4.55
G1 E2 F2400
;TYPE:Perimeter
;WIDTH:0.396572
G1 F1200
G1 X-64.345 Y-34.335 E2.36593
G1 X-64.345 Y-34.667 E2.37969
G1 X-55.513 Y-34.667 E2.74562
G1 X-55.513 Y-34.395 E2.75689
G1 X-55.154 Y-33.976 F7200
;TYPE:External perimeter
;WIDTH:0.45
G1 F1200
G1 X-64.704 Y-33.976 E3.21621
G1 X-64.704 Y-35.026 E3.26671
G1 X-55.154 Y-35.026 E3.72603
G1 X-55.154 Y-34.036 E3.77365
G1 X-55.549 Y-33.977 F7200
;LAYER_CHANGE
;Z:4.85
;HEIGHT:0.3
G1 E1.77365 F2400
G92 E0
G1 Z4.85 F7200
G1 Z6.85
G1 X46.487 Y-34.335
G1 Z4.85
G1 E2 F2400
;TYPE:Perimeter
;WIDTH:0.396572
G1 F1200
G1 X35.655 Y-34.335 E2.4488
G1 X35.655 Y-34.667 E2.46256
G1 X46.487 Y-34.667 E2.91136
G1 X46.487 Y-34.395 E2.92263
G1 X46.846 Y-33.976 F7200
;TYPE:External perimeter
;WIDTH:0.45
G1 F1200
G1 X35.296 Y-33.976 E3.47814
G1 X35.296 Y-35.026 E3.52864
G1 X46.846 Y-35.026 E4.08415
G1 X46.846 Y-34.036 E4.13177
G1 X46.451 Y-33.977 F7200
G1 E2.13177 F2400
G92 E0
G1 Z6.85 F7200
G1 X41.199 Y-30.936
G1 Z4.85
G1 E2 F2400
;TYPE:Perimeter
;WIDTH:0.60676
G1 F1200
G1 X41.646 Y-30.992 E2.03048
;WIDTH:0.599342
G1 X42.262 Y-30.888 E2.07216
;WIDTH:0.607049
G1 X42.695 Y-30.689 E2.10441
G1 X43.114 Y-30.405 E2.13867
;WIDTH:0.591306
G1 X43.501 Y-29.944 E2.17823
;WIDTH:0.603857
G1 X43.655 Y-29.658 E2.20009
G1 X43.833 Y-29.114 E2.2386
;WIDTH:0.605648
G1 X43.855 Y-28.587 E2.27421
G1 X43.808 Y-28.206 E2.30013
;WIDTH:0.598262
G1 X43.618 Y-27.672 E2.33787
;WIDTH:0.606494
G1 X43.379 Y-27.32 E2.36664
G1 X43.006 Y-26.924 E2.40342
;WIDTH:0.599304
G1 X42.476 Y-26.612 E2.44445
G1 X42.263 Y-26.534 E2.45958
;WIDTH:0.598779
G1 X41.704 Y-26.439 E2.49737
;WIDTH:0.601592
G1 X41.433 Y-26.442 E2.51553
G1 X40.92 Y-26.538 E2.5505
;WIDTH:0.605558
G1 X40.596 Y-26.672 E2.57417
G1 X40.151 Y-26.941 E2.60927
;WIDTH:0.599521
G1 X39.765 Y-27.351 E2.64686
G1 X39.495 Y-27.83 E2.68356
;WIDTH:0.605849
G1 X39.337 Y-28.458 E2.72729
G1 X39.311 Y-28.775 E2.74877
;WIDTH:0.595091
G1 X39.38 Y-29.234 E2.77949
;WIDTH:0.598163
G1 X39.565 Y-29.752 E2.81611
;WIDTH:0.605558
G1 X39.939 Y-30.263 E2.85885
G1 X40.218 Y-30.523 E2.88459
;WIDTH:0.597667
G1 X40.707 Y-30.81 E2.9223
;WIDTH:0.60676
G1 X41.09 Y-30.922 E2.94929
G1 X41.139 Y-30.928 E2.95263
G1 X41.279 Y-30.484 F7200
;TYPE:External perimeter
;WIDTH:0.45
G1 F1200
G1 X41.558 Y-30.533 E2.96625
G1 X42.182 Y-30.435 E2.99663
G1 X42.737 Y-30.129 E3.02711
G1 X43.153 Y-29.651 E3.05759
G1 X43.38 Y-29.06 E3.08804
G1 X43.392 Y-28.428 E3.11844
G1 X43.153 Y-27.771 E3.15207
G1 X42.788 Y-27.337 E3.17934
G1 X42.246 Y-27.01 E3.20979
G1 X41.625 Y-26.889 E3.24022
G1 X40.999 Y-26.987 E3.2707
G1 X40.404 Y-27.326 E3.30364
G1 X40.148 Y-27.607 E3.32192
G1 X39.89 Y-28.057 E3.34687
G1 X39.769 Y-28.678 E3.3773
G1 X39.807 Y-29.077 E3.39658
G1 X39.997 Y-29.594 E3.42307
G1 X40.394 Y-30.086 E3.45348
G1 X41 Y-30.435 E3.48711
G1 X41.22 Y-30.474 E3.49786
G1 X41.618 Y-30.51 F7200
G1 E1.49786 F2400
G92 E0
G1 Z6.85 F7200
G1 X38.872 Y-29.341
G1 Z4.85
G1 E2 F2400
;TYPE:Perimeter
;WIDTH:0.606312
G1 F1200
G1 X38.977 Y-29.738 E2.02776
G1 X39.222 Y-30.2 E2.06311
;WIDTH:0.605558
G1 X39.525 Y-30.614 E2.09774
G1 X39.893 Y-30.937 E2.13079
;WIDTH:0.603989
G1 X40.331 Y-31.219 E2.16585
G1 X40.8 Y-31.406 E2.19983
G1 X41.306 Y-31.507 E2.23456
G1 X41.791 Y-31.507 E2.2672
;WIDTH:0.594039
G1 X42.539 Y-31.358 E2.31759
;WIDTH:0.607049
G1 X42.993 Y-31.141 E2.35165
G1 X43.465 Y-30.796 E2.39122
G1 X43.777 Y-30.47 E2.42176
G1 X44.16 Y-29.848 E2.4712
;WIDTH:0.603857
G1 X44.312 Y-29.355 E2.50591
;WIDTH:0.605474
G1 X44.396 Y-28.843 E2.54093
G1 X44.37 Y-28.38 E2.57223
;WIDTH:0.606574
G1 X44.253 Y-27.82 E2.61092
G1 X44.045 Y-27.338 E2.64642
G1 X43.776 Y-26.951 E2.67829
G1 X43.249 Y-26.441 E2.72788
;WIDTH:0.599304
G1 X42.729 Y-26.141 E2.76793
G1 X42.358 Y-26.009 E2.7942
;WIDTH:0.598868
G1 X41.791 Y-25.917 E2.83249
;WIDTH:0.601592
G1 X41.329 Y-25.916 E2.86345
G1 X40.782 Y-26.029 E2.90088
;WIDTH:0.605558
G1 X40.326 Y-26.203 E2.93382
G1 X39.756 Y-26.578 E2.97987
;WIDTH:0.595435
G1 X39.409 Y-26.939 E3.01304
;WIDTH:0.606312
G1 X39.108 Y-27.405 E3.05054
G1 X38.868 Y-28.028 E3.09567
;WIDTH:0.602609
G1 X38.78 Y-28.64 E3.13718
;WIDTH:0.594796
G1 X38.826 Y-29.163 E3.17191
;WIDTH:0.606312
G1 X38.857 Y-29.283 E3.18029
G1 X38.421 Y-29.425 F7200
;TYPE:External perimeter
;WIDTH:0.45
G1 F1200
G1 X38.521 Y-29.826 E3.20017
G1 X38.7 Y-30.248 E3.22222
G1 X39.131 Y-30.86 E3.25822
G1 X39.331 Y-31.072 E3.27224
G1 X39.689 Y-31.347 E3.29395
G1 X40.193 Y-31.668 E3.32269
G1 X40.673 Y-31.848 E3.34735
G1 X41.234 Y-31.964 E3.3749
G1 X41.715 Y-31.982 E3.39805
G1 X42.421 Y-31.871 E3.43242
G1 X42.69 Y-31.789 E3.44595
G1 X43.218 Y-31.553 E3.47377
G1 X43.779 Y-31.131 E3.50753
G1 X44.135 Y-30.773 E3.53181
G1 X44.462 Y-30.247 E3.5616
G1 X44.683 Y-29.778 E3.58654
G1 X44.76 Y-29.439 E3.60326
G1 X44.859 Y-28.843 E3.63232
G1 X44.818 Y-28.296 E3.6587
G1 X44.686 Y-27.653 E3.69027
G1 X44.448 Y-27.122 E3.71826
G1 X44.148 Y-26.666 E3.74451
G1 X43.61 Y-26.144 E3.78056
G1 X43.19 Y-25.856 E3.80505
G1 X42.495 Y-25.564 E3.84131
G1 X41.843 Y-25.463 E3.87304
G1 X41.297 Y-25.45 E3.89931
G1 X40.721 Y-25.576 E3.92767
G1 X40.291 Y-25.713 E3.94938
G1 X39.826 Y-25.956 E3.97461
G1 X39.435 Y-26.252 E3.9982
G1 X39.052 Y-26.653 E4.02487
G1 X38.735 Y-27.119 E4.05198
G1 X38.415 Y-27.939 E4.09432
G1 X38.329 Y-28.508 E4.122
G1 X38.34 Y-29.1 E4.15048
G1 X38.407 Y-29.367 E4.16372
G1 X38.503 Y-29.755 F7200
G1 E2.16372 F2400
G92 E0
G1 Z6.85 F7200
G1 X33.028 Y19.154
G1 Z4.85
G1 E2 F2400
;TYPE:Perimeter
;WIDTH:0.593375
G1 F1200
G1 X33.029 Y19.128 E2.00172
;WIDTH:0.593666
G1 X33.247 Y18.509 E2.04504
;WIDTH:0.603088
G1 X33.396 Y18.264 E2.06431
G1 X33.723 Y17.879 E2.09825
;WIDTH:0.596652
G1 X33.898 Y17.737 E2.11321
;WIDTH:0.596956
G1 X34.387 Y17.45 E2.15087
;WIDTH:0.606844
G1 X34.772 Y17.338 E2.178
G1 X35.345 Y17.269 E2.21705
;WIDTH:0.601297
G1 X35.905 Y17.364 E2.25509
;WIDTH:0.606576
G1 X36.406 Y17.589 E2.29223
G1 X36.77 Y17.834 E2.3219
;WIDTH:0.597504
G1 X37.184 Y18.313 E2.364
;WIDTH:0.603907
G1 X37.328 Y18.585 E2.38471
G1 X37.513 Y19.146 E2.42446
;WIDTH:0.605049
G1 X37.535 Y19.688 E2.46104
G1 X37.488 Y20.054 E2.48592
;WIDTH:0.603141
G1 X37.323 Y20.528 E2.51965
G1 X37.185 Y20.784 E2.53919
;WIDTH:0.598262
G1 X36.817 Y21.216 E2.57698
;WIDTH:0.598006
G1 X36.647 Y21.364 E2.59198
;WIDTH:0.599055
G1 X36.156 Y21.648 E2.62981
;WIDTH:0.599411
G1 X35.94 Y21.726 E2.64514
G1 X35.384 Y21.822 E2.68279
;WIDTH:0.601957
G1 X35.1 Y21.815 E2.70184
G1 X34.6 Y21.722 E2.73594
;WIDTH:0.605721
G1 X34.266 Y21.582 E2.76039
G1 X33.829 Y21.317 E2.7949
;WIDTH:0.596984
G1 X33.446 Y20.909 E2.83207
;WIDTH:0.60679
G1 X33.095 Y20.22 E2.88438
;WIDTH:0.597837
G1 X32.999 Y19.661 E2.92212
;WIDTH:0.593375
G1 X33.025 Y19.214 E2.95166
G1 X33.482 Y19.233 F7200
;TYPE:External perimeter
;WIDTH:0.45
G1 F1200
G1 X33.487 Y19.183 E2.95408
G1 X33.677 Y18.666 E2.98057
G1 X34.074 Y18.174 E3.01098
G1 X34.68 Y17.825 E3.04461
G1 X35.238 Y17.727 E3.07186
G1 X35.825 Y17.818 E3.10043
G1 X36.417 Y18.131 E3.13264
G1 X36.833 Y18.609 E3.16312
G1 X37.06 Y19.199 E3.19352
G1 X37.072 Y19.832 E3.22397
G1 X36.888 Y20.37 E3.25132
G1 X36.697 Y20.65 E3.26762
G1 X36.417 Y20.966 E3.28793
G1 X35.926 Y21.25 E3.31521
G1 X35.305 Y21.371 E3.34564
G1 X34.679 Y21.273 E3.37612
G1 X34.084 Y20.934 E3.40906
G1 X33.827 Y20.651 E3.42745
G1 X33.547 Y20.141 E3.45543
G1 X33.449 Y19.582 E3.48273
G1 X33.477 Y19.293 E3.49669
G1 X33.591 Y18.91 F7200
G1 X32.802 Y18.238
;TYPE:Perimeter
;WIDTH:0.598745
G1 F1200
G1 X32.853 Y18.115 E3.50556
;WIDTH:0.607011
G1 X33.193 Y17.661 E3.54395
G1 X33.574 Y17.32 E3.57856
;WIDTH:0.604158
G1 X34.015 Y17.037 E3.61384
G1 X34.48 Y16.853 E3.64751
G1 X34.977 Y16.755 E3.68161
G1 X35.457 Y16.745 E3.71393
;WIDTH:0.598339
G1 X36.093 Y16.865 E3.75703
;WIDTH:0.606576
G1 X36.647 Y17.105 E3.79786
G1 X36.977 Y17.316 E3.82435
;WIDTH:0.606261
G1 X37.437 Y17.767 E3.86789
G1 X37.725 Y18.177 E3.90175
;WIDTH:0.606506
G1 X37.948 Y18.71 E3.94082
G1 X38.074 Y19.394 E3.98785
;WIDTH:0.604259
G1 X38.051 Y19.88 E4.02061
;WIDTH:0.60556
G1 X37.94 Y20.417 E4.05762
G1 X37.722 Y20.925 E4.09493
;WIDTH:0.60666
G1 X37.449 Y21.317 E4.12724
G1 X36.929 Y21.817 E4.17603
;WIDTH:0.599055
G1 X36.408 Y22.119 E4.21619
;WIDTH:0.599411
G1 X36.028 Y22.254 E4.2431
G1 X35.471 Y22.344 E4.28075
;WIDTH:0.601957
G1 X34.996 Y22.343 E4.3126
G1 X34.259 Y22.17 E4.36336
;WIDTH:0.605333
G1 X33.727 Y21.896 E4.40374
G1 X33.376 Y21.616 E4.43403
;WIDTH:0.600649
G1 X32.968 Y21.156 E4.47516
G1 X32.698 Y20.675 E4.51205
;WIDTH:0.603218
G1 X32.548 Y20.245 E4.54266
G1 X32.478 Y19.74 E4.57692
;WIDTH:0.598745
G1 X32.478 Y19.225 E4.61124
G1 X32.555 Y18.835 E4.63773
G1 X32.779 Y18.293 E4.67682
G1 X32.385 Y18.046 F7200
;TYPE:External perimeter
;WIDTH:0.45
G1 F1200
G1 X32.617 Y17.635 E4.69952
G1 X33.014 Y17.188 E4.72827
G1 X33.369 Y16.909 E4.74999
G1 X33.854 Y16.602 E4.7776
G1 X34.354 Y16.411 E4.80334
G1 X34.998 Y16.289 E4.83487
G1 X35.503 Y16.288 E4.85916
G1 X36.175 Y16.402 E4.89194
G1 X36.827 Y16.677 E4.92597
G1 X37.179 Y16.893 E4.94583
G1 X37.448 Y17.132 E4.96314
G1 X37.846 Y17.534 E4.99035
G1 X38.129 Y17.962 E5.01503
G1 X38.368 Y18.496 E5.04317
G1 X38.537 Y19.392 E5.08702
G1 X38.538 Y19.684 E5.10106
G1 X38.5 Y19.963 E5.1146
G1 X38.373 Y20.582 E5.14499
G1 X38.125 Y21.143 E5.17449
G1 X37.821 Y21.603 E5.20101
G1 X37.308 Y22.102 E5.23543
G1 X36.858 Y22.41 E5.26166
G1 X36.165 Y22.699 E5.29777
G1 X35.525 Y22.799 E5.32893
G1 X34.966 Y22.808 E5.35582
G1 X34.401 Y22.686 E5.38362
G1 X33.975 Y22.547 E5.40517
G1 X33.456 Y22.274 E5.43337
G1 X33.039 Y21.924 E5.45955
G1 X32.577 Y21.401 E5.49311
G1 X32.233 Y20.764 E5.52793
G1 X32.087 Y20.279 E5.55229
G1 X32.008 Y19.426 E5.59349
G1 X32.099 Y18.74 E5.62677
G1 X32.332 Y18.14 E5.65773
G1 X32.355 Y18.098 E5.66003
G1 X32.552 Y17.75 F7200
G1 E3.66003 F2400
G92 E0
G1 Z6.85 F7200
G1 X-38.236 Y17.818
G1 Z4.85
G1 E2 F2400
;TYPE:Perimeter
;WIDTH:0.602627
G1 F1200
G1 X-37.999 Y18.022 E2.02099
;WIDTH:0.604504
G1 X-37.805 Y18.285 E2.04301
G1 X-37.533 Y18.797 E2.08207
;WIDTH:0.60382
G1 X-37.427 Y19.347 E2.11976
G1 X-37.414 Y19.662 E2.14097
;WIDTH:0.600568
G1 X-37.507 Y20.195 E2.17715
;WIDTH:0.606757
G1 X-37.738 Y20.698 E2.21459
G1 X-37.976 Y21.05 E2.24333
;WIDTH:0.597326
G1 X-38.453 Y21.462 E2.28523
;WIDTH:0.604394
G1 X-38.737 Y21.611 E2.30683
G1 X-39.289 Y21.791 E2.34594
;WIDTH:0.598002
G1 X-39.801 Y21.825 E2.38009
G1 X-40.362 Y21.723 E2.41804
;WIDTH:0.603314
G1 X-40.634 Y21.616 E2.43769
G1 X-41.117 Y21.328 E2.47549
;WIDTH:0.604436
G1 X-41.514 Y20.895 E2.51506
G1 X-41.715 Y20.588 E2.53978
;WIDTH:0.598121
G1 X-41.909 Y20.055 E2.57754
;WIDTH:0.607546
G1 X-41.954 Y19.616 E2.60744
G1 X-41.926 Y19.124 E2.64083
;WIDTH:0.599654
G1 X-41.716 Y18.509 E2.68422
;WIDTH:0.607861
G1 X-41.4 Y18.064 E2.72122
G1 X-41.109 Y17.769 E2.74931
;WIDTH:0.597805
G1 X-40.573 Y17.45 E2.79081
;WIDTH:0.605127
G1 X-40.25 Y17.349 E2.81363
G1 X-39.689 Y17.271 E2.85183
;WIDTH:0.59822
G1 X-39.182 Y17.328 E2.8858
G1 X-38.65 Y17.524 E2.92355
;WIDTH:0.602627
G1 X-38.392 Y17.683 E2.9439
G1 X-38.282 Y17.779 E2.9537
G1 X-38.535 Y18.174 F7200
;TYPE:External perimeter
;WIDTH:0.45
G1 F1200
G1 X-38.314 Y18.352 E2.96735
G1 X-37.988 Y18.894 E2.99777
G1 X-37.882 Y19.427 E3.02391
G1 X-37.867 Y19.582 E3.0314
G1 X-37.965 Y20.141 E3.0587
G1 X-38.271 Y20.695 E3.08914
G1 X-38.749 Y21.11 E3.11959
G1 X-39.34 Y21.337 E3.15004
G1 X-39.74 Y21.369 E3.16934
G1 X-40.283 Y21.272 E3.19587
G1 X-40.834 Y20.966 E3.22618
G1 X-41.25 Y20.489 E3.25662
G1 X-41.489 Y19.832 E3.29025
G1 X-41.489 Y19.265 E3.31752
G1 X-41.284 Y18.667 E3.34792
G1 X-40.886 Y18.174 E3.37839
G1 X-40.343 Y17.848 E3.40885
G1 X-39.722 Y17.727 E3.43928
G1 X-39.316 Y17.769 E3.45891
G1 X-38.807 Y17.954 E3.48496
G1 X-38.582 Y18.136 E3.49888
G1 X-38.294 Y18.414 F7200
G1 X-37.088 Y18.524
;TYPE:Perimeter
;WIDTH:0.597413
G1 F1200
G1 X-36.994 Y18.757 E3.51558
;WIDTH:0.60382
G1 X-36.891 Y19.293 E3.5523
G1 X-36.885 Y19.737 E3.58218
;WIDTH:0.598466
G1 X-37.005 Y20.371 E3.62516
;WIDTH:0.606757
G1 X-37.254 Y20.941 E3.66724
G1 X-37.466 Y21.268 E3.6936
;WIDTH:0.606242
G1 X-37.92 Y21.725 E3.73714
G1 X-38.323 Y22.006 E3.77034
G1 X-38.864 Y22.23 E3.80991
G1 X-39.5 Y22.351 E3.85366
;WIDTH:0.597772
G1 X-39.917 Y22.346 E3.8814
;WIDTH:0.597639
G1 X-40.671 Y22.181 E3.93274
;WIDTH:0.607109
G1 X-41.182 Y21.928 E3.97134
G1 X-41.581 Y21.613 E4.00575
;WIDTH:0.604436
G1 X-41.932 Y21.238 E4.04035
G1 X-42.205 Y20.797 E4.07529
;WIDTH:0.598121
G1 X-42.421 Y20.202 E4.11743
;WIDTH:0.607546
G1 X-42.496 Y19.639 E4.15591
G1 X-42.465 Y19.166 E4.18802
;WIDTH:0.607175
G1 X-42.332 Y18.609 E4.22679
G1 X-42.121 Y18.139 E4.26167
;WIDTH:0.607861
G1 X-41.824 Y17.725 E4.29621
G1 X-41.536 Y17.435 E4.32391
;WIDTH:0.605825
G1 X-41.009 Y17.073 E4.36709
G1 X-40.6 Y16.889 E4.39738
;WIDTH:0.60609
G1 X-40.023 Y16.763 E4.43728
G1 X-39.358 Y16.758 E4.48221
;WIDTH:0.60023
G1 X-38.969 Y16.835 E4.50871
G1 X-38.463 Y17.029 E4.54493
;WIDTH:0.602627
G1 X-38.055 Y17.262 E4.57647
G1 X-37.673 Y17.607 E4.61103
;WIDTH:0.596801
G1 X-37.43 Y17.881 E4.63535
G1 X-37.13 Y18.418 E4.6762
;WIDTH:0.597413
G1 X-37.11 Y18.468 E4.67978
G1 X-36.667 Y18.348 F7200
;TYPE:External perimeter
;WIDTH:0.45
G1 F1200
G1 X-36.553 Y18.63 E4.69441
G1 X-36.429 Y19.281 E4.72628
G1 X-36.428 Y19.785 E4.75052
G1 X-36.547 Y20.468 E4.78386
G1 X-36.827 Y21.123 E4.81812
G1 X-37.037 Y21.461 E4.83726
G1 X-37.278 Y21.732 E4.8547
G1 X-37.69 Y22.136 E4.88245
G1 X-38.22 Y22.469 E4.91256
G1 X-38.715 Y22.675 E4.93835
G1 X-39.417 Y22.803 E4.97267
G1 X-39.908 Y22.815 E4.99629
G1 X-40.609 Y22.682 E5.03061
G1 X-41.119 Y22.491 E5.0568
G1 X-41.621 Y22.185 E5.08508
G1 X-41.953 Y21.883 E5.10667
G1 X-42.33 Y21.475 E5.13339
G1 X-42.618 Y20.999 E5.16015
G1 X-42.843 Y20.429 E5.18962
G1 X-42.939 Y19.896 E5.21567
G1 X-42.948 Y19.238 E5.24732
G1 X-42.785 Y18.508 E5.2833
G1 X-42.637 Y18.131 E5.30278
G1 X-42.383 Y17.692 E5.32717
G1 X-41.962 Y17.199 E5.35835
G1 X-41.604 Y16.924 E5.38006
G1 X-41.158 Y16.626 E5.40586
G1 X-40.624 Y16.417 E5.43344
G1 X-40.09 Y16.299 E5.45974
G1 X-39.358 Y16.299 E5.49495
G1 X-38.863 Y16.381 E5.51908
G1 X-38.275 Y16.612 E5.54946
G1 X-37.774 Y16.894 E5.57711
G1 X-37.333 Y17.299 E5.60591
G1 X-36.943 Y17.766 E5.63517
G1 X-36.721 Y18.217 E5.65935
G1 X-36.69 Y18.293 E5.6633
G1 X-36.555 Y18.669 F7200
G1 E3.6633 F2400
G92 E0
G1 Z6.85 F7200
G1 X-38.838 Y-27.94
G1 Z4.85
G1 E2 F2400
;TYPE:Perimeter
;WIDTH:0.60467
G1 F1200
G1 X-38.887 Y-27.785 E2.01095
G1 X-39.045 Y-27.476 E2.03434
;WIDTH:0.597742
G1 X-39.411 Y-27.043 E2.07206
;WIDTH:0.606675
G1 X-39.773 Y-26.781 E2.10228
G1 X-40.24 Y-26.546 E2.13764
;WIDTH:0.599412
G1 X-40.845 Y-26.436 E2.17867
G1 X-41.072 Y-26.436 E2.19382
;WIDTH:0.598197
G1 X-41.635 Y-26.537 E2.2319
;WIDTH:0.602868
G1 X-41.897 Y-26.64 E2.25081
G1 X-42.334 Y-26.896 E2.28483
;WIDTH:0.602973
G1 X-42.559 Y-27.098 E2.30514
G1 X-42.89 Y-27.505 E2.34038
;WIDTH:0.606423
G1 X-43.043 Y-27.818 E2.36393
G1 X-43.21 Y-28.334 E2.4006
;WIDTH:0.600188
G1 X-43.22 Y-28.978 E2.44364
G1 X-43.178 Y-29.217 E2.45986
;WIDTH:0.597036
G1 X-42.985 Y-29.75 E2.49752
;WIDTH:0.597531
G1 X-42.872 Y-29.947 E2.51262
G1 X-42.506 Y-30.38 E2.55032
;WIDTH:0.600561
G1 X-42.314 Y-30.54 E2.56703
G1 X-41.842 Y-30.808 E2.60333
;WIDTH:0.604823
G1 X-41.528 Y-30.909 E2.62556
G1 X-40.958 Y-30.989 E2.66436
;WIDTH:0.604605
G1 X-40.383 Y-30.908 E2.70349
G1 X-40.074 Y-30.81 E2.72533
;WIDTH:0.597934
G1 X-39.586 Y-30.522 E2.76304
;WIDTH:0.606924
G1 X-39.257 Y-30.207 E2.79386
G1 X-38.95 Y-29.786 E2.82912
;WIDTH:0.591689
G1 X-38.743 Y-29.216 E2.869
;WIDTH:0.602886
G1 X-38.696 Y-28.921 E2.88906
G1 X-38.704 Y-28.365 E2.92641
;WIDTH:0.60467
G1 X-38.82 Y-27.997 E2.95241
G1 X-39.278 Y-28.099 F7200
;TYPE:External perimeter
;WIDTH:0.45
G1 F1200
G1 X-39.397 Y-27.771 E2.96919
G1 X-39.762 Y-27.337 E2.99646
G1 X-40.254 Y-27.04 E3.0241
G1 X-40.646 Y-26.938 E3.04358
G1 X-40.992 Y-26.889 E3.06039
G1 X-41.552 Y-26.988 E3.08774
G1 X-42.104 Y-27.294 E3.1181
G1 X-42.52 Y-27.771 E3.14854
G1 X-42.759 Y-28.428 E3.18217
G1 X-42.759 Y-28.995 E3.20944
G1 X-42.554 Y-29.593 E3.23984
G1 X-42.156 Y-30.086 E3.27031
G1 X-41.613 Y-30.412 E3.30077
G1 X-40.992 Y-30.533 E3.3312
G1 X-40.304 Y-30.412 E3.3648
G1 X-39.813 Y-30.129 E3.39206
G1 X-39.397 Y-29.651 E3.42254
G1 X-39.17 Y-29.061 E3.45294
G1 X-39.158 Y-28.428 E3.48339
G1 X-39.257 Y-28.156 E3.49731
G1 X-39.408 Y-27.785 F7200
G1 X-39.074 Y-26.648
;TYPE:Perimeter
;WIDTH:0.603136
G1 F1200
G1 X-39.29 Y-26.466 E3.51629
;WIDTH:0.602776
G1 X-39.76 Y-26.17 E3.55359
G1 X-40.177 Y-26.013 E3.58351
;WIDTH:0.599412
G1 X-40.768 Y-25.907 E3.62358
G1 X-41.167 Y-25.911 E3.65021
;WIDTH:0.598197
G1 X-41.725 Y-26.013 E3.68798
;WIDTH:0.602868
G1 X-42.159 Y-26.17 E3.71898
G1 X-42.622 Y-26.447 E3.75522
;WIDTH:0.602973
G1 X-42.965 Y-26.743 E3.78565
G1 X-43.28 Y-27.151 E3.82028
;WIDTH:0.597666
G1 X-43.475 Y-27.462 E3.8447
;WIDTH:0.604587
G1 X-43.658 Y-27.93 E3.87856
G1 X-43.743 Y-28.42 E3.91207
;WIDTH:0.600188
G1 X-43.756 Y-28.97 E3.94884
G1 X-43.679 Y-29.389 E3.97731
;WIDTH:0.597036
G1 X-43.486 Y-29.93 E4.01547
;WIDTH:0.597469
G1 X-43.278 Y-30.292 E4.04323
G1 X-42.91 Y-30.723 E4.08091
;WIDTH:0.600561
G1 X-42.575 Y-31.008 E4.11032
G1 X-42.098 Y-31.268 E4.14665
;WIDTH:0.604823
G1 X-41.624 Y-31.441 E4.18066
G1 X-41.117 Y-31.504 E4.2151
;WIDTH:0.606242
G1 X-40.615 Y-31.496 E4.24903
G1 X-40.16 Y-31.405 E4.28039
;WIDTH:0.606128
G1 X-39.625 Y-31.179 E4.31963
G1 X-39.107 Y-30.82 E4.36222
;WIDTH:0.606924
G1 X-38.823 Y-30.53 E4.38969
G1 X-38.488 Y-30.037 E4.43002
;WIDTH:0.6072
G1 X-38.31 Y-29.636 E4.45972
G1 X-38.158 Y-28.929 E4.50868
;WIDTH:0.607379
G1 X-38.152 Y-28.62 E4.52961
G1 X-38.225 Y-28.101 E4.56511
;WIDTH:0.60467
G1 X-38.374 Y-27.617 E4.59924
G1 X-38.619 Y-27.157 E4.63436
;WIDTH:0.603136
G1 X-38.937 Y-26.763 E4.66838
G1 X-39.028 Y-26.686 E4.67639
G1 X-38.763 Y-26.305 F7200
;TYPE:External perimeter
;WIDTH:0.45
G1 F1200
G1 X-39.287 Y-25.9 E4.70824
G1 X-39.91 Y-25.612 E4.74125
G1 X-40.433 Y-25.482 E4.76717
G1 X-41.168 Y-25.444 E4.80257
G1 X-41.902 Y-25.579 E4.83846
G1 X-42.378 Y-25.763 E4.863
G1 X-42.888 Y-26.073 E4.89171
G1 X-43.309 Y-26.431 E4.91829
G1 X-43.759 Y-27.03 E4.95432
G1 X-43.991 Y-27.482 E4.97876
G1 X-44.194 Y-28.208 E5.01502
G1 X-44.216 Y-28.957 E5.05106
G1 X-44.157 Y-29.41 E5.07303
G1 X-43.919 Y-30.084 E5.10741
G1 X-43.689 Y-30.519 E5.13108
G1 X-43.201 Y-31.087 E5.1671
G1 X-42.792 Y-31.415 E5.19232
G1 X-42.011 Y-31.806 E5.23433
G1 X-41.43 Y-31.948 E5.2631
G1 X-41.114 Y-31.96 E5.27831
G1 X-40.48 Y-31.947 E5.30881
G1 X-39.902 Y-31.805 E5.33744
G1 X-39.412 Y-31.597 E5.36304
G1 X-38.842 Y-31.193 E5.39664
G1 X-38.474 Y-30.843 E5.42107
G1 X-38.107 Y-30.289 E5.45303
G1 X-37.898 Y-29.864 E5.47581
G1 X-37.696 Y-28.945 E5.52107
G1 X-37.729 Y-28.18 E5.5579
G1 X-37.93 Y-27.488 E5.59256
G1 X-38.078 Y-27.163 E5.60974
G1 X-38.371 Y-26.71 E5.63569
G1 X-38.72 Y-26.347 E5.65991
G1 X-39.033 Y-26.098 F7200
G1 E3.65991 F2400
G92 E0
G1 Z6.85 F7200
G1 X-55.513 Y-34.335
G1 Z4.85
G1 E2 F2400
;TYPE:Perimeter
;WIDTH:0.396572
G1 F1200
G1 X-64.345 Y-34.335 E2.36593
G1 X-64.345 Y-34.667 E2.37969
G1 X-55.513 Y-34.667 E2.74562
G1 X-55.513 Y-34.395 E2.75689
G1 X-55.154 Y-33.976 F7200
;TYPE:External perimeter
;WIDTH:0.45
G1 F1200
G1 X-64.704 Y-33.976 E3.21621
G1 X-64.704 Y-35.026 E3.26671
G1 X-55.154 Y-35.026 E3.72603
G1 X-55.154 Y-34.036 E3.77365
G1 X-55.549 Y-33.977 F7200
;LAYER_CHANGE
;Z:5.15
;HEIGHT:0.3
G1 E1.77365 F2400
G92 E0
G1 Z5.15 F7200
G1 Z7.15
G1 X46.487 Y-34.335
G1 Z5.15
G1 E2 F2400
;TYPE:Perimeter
;WIDTH:0.396572
G1 F1200
G1 X35.655 Y-34.335 E2.4488
G1 X35.655 Y-34.667 E2.46256
G1 X46.487 Y-34.667 E2.91136
G1 X46.487 Y-34.395 E2.92263
G1 X46.846 Y-33.976 F7200
;TYPE:External perimeter
;WIDTH:0.45
G1 F1200
G1 X35.296 Y-33.976 E3.47814
G1 X35.296 Y-35.026 E3.52864
G1 X46.846 Y-35.026 E4.08415
G1 X46.846 Y-34.036 E4.13177
G1 X46.451 Y-33.977 F7200
G1 E2.13177 F2400
G92 E0
G1 Z7.15 F7200
G1 X41.591 Y-30.977
G1 Z5.15
G1 E2 F2400
;TYPE:Perimeter
;WIDTH:0.607727
G1 F1200
G1 X41.933 Y-30.951 E2.02324
G1 X42.458 Y-30.821 E2.05989
;WIDTH:0.599262
G1 X42.967 Y-30.527 E2.0991
;WIDTH:0.601306
G1 X43.156 Y-30.365 E2.11577
G1 X43.505 Y-29.947 E2.15224
;WIDTH:0.603717
G1 X43.646 Y-29.681 E2.17249
G1 X43.83 Y-29.154 E2.21004
;WIDTH:0.605593
G1 X43.855 Y-28.555 E2.25051
G1 X43.812 Y-28.205 E2.27431
;WIDTH:0.598318
G1 X43.618 Y-27.672 E2.31208
;WIDTH:0.607729
G1 X43.36 Y-27.295 E2.34304
G1 X42.985 Y-26.906 E2.37966
;WIDTH:0.599263
G1 X42.476 Y-26.612 E2.41887
;WIDTH:0.601305
G1 X42.241 Y-26.529 E2.43556
G1 X41.705 Y-26.436 E2.47199
;WIDTH:0.603719
G1 X41.404 Y-26.447 E2.49225
G1 X40.855 Y-26.551 E2.52984
;WIDTH:0.60559
G1 X40.324 Y-26.829 E2.5703
G1 X40.042 Y-27.042 E2.59416
;WIDTH:0.598318
G1 X39.678 Y-27.476 E2.63188
;WIDTH:0.607728
G1 X39.481 Y-27.888 E2.66283
G1 X39.331 Y-28.407 E2.69944
;WIDTH:0.599265
G1 X39.331 Y-28.995 E2.73867
;WIDTH:0.601306
G1 X39.377 Y-29.24 E2.75536
G1 X39.564 Y-29.751 E2.7918
;WIDTH:0.603716
G1 X39.724 Y-30.006 E2.81205
G1 X40.089 Y-30.429 E2.84963
;WIDTH:0.605591
G1 X40.595 Y-30.75 E2.89008
G1 X40.92 Y-30.888 E2.91391
;WIDTH:0.59832
G1 X41.478 Y-30.986 E2.95164
;WIDTH:0.607727
G1 X41.532 Y-30.982 E2.95531
G1 X41.592 Y-30.528 F7200
;TYPE:External perimeter
;WIDTH:0.45
G1 F1200
G1 X41.625 Y-30.533 E2.95692
G1 X42.183 Y-30.435 E2.98417
G1 X42.737 Y-30.129 E3.01461
G1 X43.153 Y-29.651 E3.04509
G1 X43.38 Y-29.061 E3.07549
G1 X43.38 Y-28.362 E3.10911
G1 X43.186 Y-27.829 E3.13639
G1 X42.803 Y-27.354 E3.16574
G1 X42.246 Y-27.01 E3.19723
G1 X41.625 Y-26.889 E3.22766
G1 X40.999 Y-26.987 E3.25814
G1 X40.556 Y-27.23 E3.28244
G1 X40.394 Y-27.337 E3.29178
G1 X40.03 Y-27.771 E3.31902
G1 X39.81 Y-28.34 E3.34836
G1 X39.791 Y-28.995 E3.37988
G1 X39.996 Y-29.593 E3.41028
G1 X40.408 Y-30.1 E3.4417
G1 X40.937 Y-30.412 E3.47124
G1 X41.533 Y-30.517 E3.50035
G1 X41.93 Y-30.476 F7200
G1 E1.50035 F2400
G92 E0
G1 Z7.15 F7200
G1 X38.862 Y-29.343
G1 Z5.15
G1 E2 F2400
;TYPE:Perimeter
;WIDTH:0.607729
G1 F1200
G1 X38.967 Y-29.71 E2.02587
G1 X39.175 Y-30.148 E2.05873
;WIDTH:0.606927
G1 X39.504 Y-30.591 E2.09607
G1 X39.831 Y-30.904 E2.1267
;WIDTH:0.605591
G1 X40.324 Y-31.219 E2.16619
G1 X40.8 Y-31.407 E2.20074
;WIDTH:0.603718
G1 X41.315 Y-31.508 E2.23604
G1 X41.776 Y-31.515 E2.26705
;WIDTH:0.601303
G1 X42.345 Y-31.42 E2.30568
G1 X42.729 Y-31.282 E2.33301
;WIDTH:0.599263
G1 X43.248 Y-30.982 E2.373
;WIDTH:0.601306
G1 X43.56 Y-30.718 E2.40037
G1 X43.927 Y-30.273 E2.439
;WIDTH:0.603717
G1 X44.151 Y-29.871 E2.46996
G1 X44.321 Y-29.374 E2.50529
;WIDTH:0.605593
G1 X44.396 Y-28.868 E2.53982
G1 X44.396 Y-28.555 E2.56095
G1 X44.321 Y-28.048 E2.59555
;WIDTH:0.598318
G1 X44.104 Y-27.454 E2.63766
;WIDTH:0.607729
G1 X43.769 Y-26.938 E2.67935
G1 X43.407 Y-26.566 E2.71453
;WIDTH:0.607996
G1 X42.996 Y-26.279 E2.74852
G1 X42.541 Y-26.065 E2.78261
;WIDTH:0.607728
G1 X42.038 Y-25.939 E2.81775
G1 X41.555 Y-25.9 E2.85059
;WIDTH:0.606927
G1 X41.007 Y-25.964 E2.88792
G1 X40.573 Y-26.09 E2.9185
;WIDTH:0.60559
G1 X40.053 Y-26.36 E2.95805
G1 X39.652 Y-26.679 E2.99264
;WIDTH:0.598318
G1 X39.246 Y-27.163 E3.03471
;WIDTH:0.607728
G1 X38.967 Y-27.712 E3.07644
G1 X38.825 Y-28.211 E3.1116
;WIDTH:0.607999
G1 X38.782 Y-28.711 E3.14563
G1 X38.825 Y-29.211 E3.17966
;WIDTH:0.607729
G1 X38.846 Y-29.285 E3.18487
G1 X38.401 Y-29.429 F7200
;TYPE:External perimeter
;WIDTH:0.45
G1 F1200
G1 X38.403 Y-29.443 E3.18555
G1 X38.557 Y-29.935 E3.21035
G1 X38.855 Y-30.501 E3.24112
G1 X39.204 Y-30.949 E3.26843
G1 X39.645 Y-31.337 E3.29668
G1 X40.173 Y-31.66 E3.32645
G1 X40.675 Y-31.849 E3.35225
G1 X41.289 Y-31.972 E3.38237
G1 X41.818 Y-31.973 E3.40781
G1 X42.443 Y-31.87 E3.43828
G1 X42.934 Y-31.694 E3.46337
G1 X43.503 Y-31.365 E3.49498
G1 X43.901 Y-31.029 E3.52003
G1 X44.302 Y-30.538 E3.55052
G1 X44.582 Y-30.038 E3.57808
G1 X44.789 Y-29.395 E3.61057
G1 X44.86 Y-28.868 E3.63615
G1 X44.854 Y-28.465 E3.65554
G1 X44.766 Y-27.936 E3.68133
G1 X44.566 Y-27.343 E3.71143
G1 X44.302 Y-26.884 E3.7369
G1 X43.901 Y-26.394 E3.76735
G1 X43.503 Y-26.057 E3.79243
G1 X42.934 Y-25.729 E3.82402
G1 X42.443 Y-25.552 E3.84912
G1 X41.818 Y-25.45 E3.87958
G1 X41.244 Y-25.458 E3.90719
G1 X40.584 Y-25.6 E3.93966
G1 X40.092 Y-25.803 E3.96526
G1 X39.555 Y-26.154 E3.99612
G1 X39.143 Y-26.541 E4.02331
G1 X38.786 Y-27.033 E4.05255
G1 X38.524 Y-27.572 E4.08137
G1 X38.375 Y-28.127 E4.10901
G1 X38.319 Y-28.757 E4.13943
G1 X38.394 Y-29.37 E4.16913
G1 X38.502 Y-29.755 F7200
G1 E2.16913 F2400
G92 E0
G1 Z7.15 F7200
G1 X33.032 Y19.154
G1 Z5.15
G1 E2 F2400
;TYPE:Perimeter
;WIDTH:0.601304
G1 F1200
G1 X33.057 Y19.02 E2.00913
G1 X33.244 Y18.509 E2.04557
;WIDTH:0.606927
G1 X33.604 Y18.013 E2.08704
G1 X33.896 Y17.733 E2.11442
;WIDTH:0.59775
G1 X34.387 Y17.45 E2.15212
;WIDTH:0.606926
G1 X34.775 Y17.337 E2.17947
G1 X35.327 Y17.267 E2.21712
;WIDTH:0.601305
G1 X35.921 Y17.367 E2.25746
G1 X36.156 Y17.449 E2.27413
;WIDTH:0.599264
G1 X36.647 Y17.733 E2.31197
;WIDTH:0.601303
G1 X36.836 Y17.895 E2.32864
G1 X37.185 Y18.313 E2.36511
;WIDTH:0.603717
G1 X37.326 Y18.579 E2.38536
G1 X37.51 Y19.106 E2.42291
;WIDTH:0.605593
G1 X37.535 Y19.705 E2.46338
G1 X37.492 Y20.055 E2.48718
;WIDTH:0.598319
G1 X37.298 Y20.588 E2.52495
;WIDTH:0.607727
G1 X37.04 Y20.965 E2.55591
G1 X36.665 Y21.354 E2.59253
;WIDTH:0.599263
G1 X36.156 Y21.648 E2.63174
;WIDTH:0.601303
G1 X35.921 Y21.731 E2.64843
G1 X35.385 Y21.824 E2.68486
;WIDTH:0.603715
G1 X35.084 Y21.813 E2.70512
G1 X34.535 Y21.709 E2.74271
;WIDTH:0.605591
G1 X34.004 Y21.431 E2.78317
G1 X33.722 Y21.218 E2.80703
;WIDTH:0.598319
G1 X33.358 Y20.784 E2.84475
;WIDTH:0.607728
G1 X33.161 Y20.372 E2.8757
G1 X33.011 Y19.853 E2.91231
;WIDTH:0.599263
G1 X33.011 Y19.265 E2.95154
;WIDTH:0.601304
G1 X33.021 Y19.213 E2.95509
G1 X33.482 Y19.233 F7200
;TYPE:External perimeter
;WIDTH:0.45
G1 F1200
G1 X33.676 Y18.667 E2.98387
G1 X34.074 Y18.174 E3.01434
G1 X34.679 Y17.825 E3.04793
G1 X35.238 Y17.727 E3.07523
G1 X35.841 Y17.821 E3.10458
G1 X36.417 Y18.131 E3.13604
G1 X36.833 Y18.609 E3.16652
G1 X37.06 Y19.199 E3.19692
G1 X37.06 Y19.898 E3.23054
G1 X36.866 Y20.431 E3.25782
G1 X36.483 Y20.906 E3.28717
G1 X35.926 Y21.25 E3.31866
G1 X35.305 Y21.371 E3.34909
G1 X34.679 Y21.273 E3.37957
G1 X34.236 Y21.03 E3.40387
G1 X34.074 Y20.923 E3.41321
G1 X33.71 Y20.489 E3.44045
G1 X33.49 Y19.92 E3.46979
G1 X33.472 Y19.291 E3.50006
G1 X33.594 Y18.91 F7200
G1 X32.796 Y18.235
;TYPE:Perimeter
;WIDTH:0.607727
G1 F1200
G1 X32.855 Y18.112 E3.5093
;WIDTH:0.606927
G1 X33.184 Y17.669 E3.54664
G1 X33.511 Y17.356 E3.57727
;WIDTH:0.605591
G1 X34.004 Y17.041 E3.61676
G1 X34.48 Y16.853 E3.65131
;WIDTH:0.603719
G1 X34.995 Y16.752 E3.68661
G1 X35.456 Y16.745 E3.71762
;WIDTH:0.601305
G1 X36.025 Y16.84 E3.75625
G1 X36.409 Y16.978 E3.78358
;WIDTH:0.599264
G1 X36.928 Y17.278 E3.82357
;WIDTH:0.601303
G1 X37.24 Y17.542 E3.85094
G1 X37.607 Y17.987 E3.88957
;WIDTH:0.603717
G1 X37.831 Y18.389 E3.92053
G1 X38.001 Y18.886 E3.95586
;WIDTH:0.605593
G1 X38.076 Y19.392 E3.99039
G1 X38.076 Y19.705 E4.01152
G1 X38.001 Y20.212 E4.04612
;WIDTH:0.598319
G1 X37.784 Y20.806 E4.08823
;WIDTH:0.607727
G1 X37.449 Y21.322 E4.12992
G1 X37.087 Y21.694 E4.1651
;WIDTH:0.607994
G1 X36.676 Y21.981 E4.19909
G1 X36.221 Y22.195 E4.23318
;WIDTH:0.607726
G1 X35.718 Y22.321 E4.26832
G1 X35.235 Y22.36 E4.30116
;WIDTH:0.606927
G1 X34.687 Y22.296 E4.33849
G1 X34.253 Y22.17 E4.36907
;WIDTH:0.605591
G1 X33.733 Y21.9 E4.40862
G1 X33.332 Y21.581 E4.44321
;WIDTH:0.598319
G1 X32.926 Y21.097 E4.48528
;WIDTH:0.607728
G1 X32.647 Y20.548 E4.52701
G1 X32.505 Y20.049 E4.56217
;WIDTH:0.607996
G1 X32.462 Y19.549 E4.5962
G1 X32.505 Y19.049 E4.63023
;WIDTH:0.607727
G1 X32.647 Y18.55 E4.66539
G1 X32.77 Y18.29 E4.68488
G1 X32.384 Y18.046 F7200
;TYPE:External perimeter
;WIDTH:0.45
G1 F1200
G1 X32.535 Y17.759 E4.70048
G1 X32.884 Y17.311 E4.72779
G1 X33.325 Y16.923 E4.75604
G1 X33.853 Y16.6 E4.78581
G1 X34.355 Y16.411 E4.81161
G1 X34.969 Y16.288 E4.84173
G1 X35.498 Y16.287 E4.86717
G1 X36.123 Y16.39 E4.89764
G1 X36.614 Y16.566 E4.92273
G1 X37.183 Y16.895 E4.95434
G1 X37.581 Y17.231 E4.97939
G1 X37.982 Y17.722 E5.00988
G1 X38.262 Y18.222 E5.03744
G1 X38.469 Y18.865 E5.06993
G1 X38.54 Y19.392 E5.09551
G1 X38.534 Y19.795 E5.1149
G1 X38.446 Y20.324 E5.14069
G1 X38.246 Y20.917 E5.17079
G1 X37.982 Y21.376 E5.19626
G1 X37.581 Y21.866 E5.22671
G1 X37.183 Y22.203 E5.25179
G1 X36.614 Y22.531 E5.28338
G1 X36.123 Y22.708 E5.30848
G1 X35.498 Y22.81 E5.33894
G1 X34.924 Y22.802 E5.36655
G1 X34.264 Y22.66 E5.39902
G1 X33.772 Y22.457 E5.42462
G1 X33.235 Y22.106 E5.45548
G1 X32.823 Y21.719 E5.48267
G1 X32.466 Y21.227 E5.51191
G1 X32.204 Y20.688 E5.54073
G1 X32.055 Y20.133 E5.56837
G1 X31.999 Y19.503 E5.59879
G1 X32.083 Y18.817 E5.63203
G1 X32.237 Y18.325 E5.65683
G1 X32.356 Y18.099 E5.66911
G1 X32.553 Y17.751 F7200
G1 E3.66911 F2400
G92 E0
G1 Z7.15 F7200
G1 X-38.228 Y17.807
G1 Z5.15
G1 E2 F2400
;TYPE:Perimeter
;WIDTH:0.602041
G1 F1200
G1 X-38.139 Y17.879 E2.00768
;WIDTH:0.599651
G1 X-37.775 Y18.313 E2.0455
;WIDTH:0.607858
G1 X-37.548 Y18.809 E2.08248
G1 X-37.429 Y19.265 E2.11443
;WIDTH:0.598577
G1 X-37.429 Y19.832 E2.15221
;WIDTH:0.605115
G1 X-37.503 Y20.162 E2.17502
G1 X-37.694 Y20.658 E2.21087
;WIDTH:0.604299
G1 X-38.08 Y21.152 E2.25309
G1 X-38.313 Y21.364 E2.2743
;WIDTH:0.602041
G1 X-38.771 Y21.631 E2.30985
G1 X-39.017 Y21.726 E2.32753
;WIDTH:0.599653
G1 X-39.575 Y21.824 E2.36535
;WIDTH:0.607858
G1 X-40.119 Y21.773 E2.40239
G1 X-40.573 Y21.648 E2.43431
;WIDTH:0.598577
G1 X-41.064 Y21.364 E2.4721
;WIDTH:0.605115
G1 X-41.313 Y21.135 E2.49492
G1 X-41.646 Y20.722 E2.5307
;WIDTH:0.6043
G1 X-41.882 Y20.141 E2.57293
G1 X-41.949 Y19.832 E2.59422
;WIDTH:0.602042
G1 X-41.951 Y19.303 E2.6297
G1 X-41.91 Y19.042 E2.64742
;WIDTH:0.599656
G1 X-41.716 Y18.509 E2.68529
;WIDTH:0.60786
G1 X-41.4 Y18.064 E2.72229
G1 X-41.064 Y17.733 E2.75426
;WIDTH:0.598577
G1 X-40.573 Y17.45 E2.79202
;WIDTH:0.605116
G1 X-40.25 Y17.349 E2.81484
G1 X-39.726 Y17.267 E2.85061
;WIDTH:0.604302
G1 X-39.105 Y17.354 E2.89284
G1 X-38.804 Y17.45 E2.91412
;WIDTH:0.602041
G1 X-38.345 Y17.713 E2.9496
G1 X-38.274 Y17.77 E2.95571
G1 X-38.521 Y18.157 F7200
;TYPE:External perimeter
;WIDTH:0.45
G1 F1200
G1 X-38.127 Y18.609 E2.98455
G1 X-37.9 Y19.199 E3.01495
G1 X-37.888 Y19.832 E3.0454
G1 X-38.094 Y20.431 E3.07587
G1 X-38.543 Y20.966 E3.10946
G1 X-39.034 Y21.25 E3.13674
G1 X-39.655 Y21.371 E3.16717
G1 X-40.281 Y21.273 E3.19765
G1 X-40.834 Y20.966 E3.22807
G1 X-41.25 Y20.489 E3.25851
G1 X-41.477 Y19.898 E3.28896
G1 X-41.489 Y19.303 E3.31758
G1 X-41.284 Y18.667 E3.34972
G1 X-40.886 Y18.174 E3.38019
G1 X-40.343 Y17.848 E3.41065
G1 X-39.722 Y17.727 E3.44108
G1 X-39.034 Y17.848 E3.47468
G1 X-38.565 Y18.118 E3.50071
G1 X-38.297 Y18.415 F7200
G1 X-37.087 Y18.523
;TYPE:Perimeter
;WIDTH:0.600528
G1 F1200
G1 X-36.96 Y18.879 E3.52599
;WIDTH:0.603093
G1 X-36.888 Y19.318 E3.55588
;WIDTH:0.607211
G1 X-36.881 Y19.631 E3.57708
G1 X-36.93 Y20.09 E3.60833
;WIDTH:0.606022
G1 X-37.106 Y20.656 E3.64837
G1 X-37.35 Y21.104 E3.68283
;WIDTH:0.604299
G1 X-37.669 Y21.502 E3.71718
G1 X-38.027 Y21.814 E3.74916
;WIDTH:0.599063
G1 X-38.575 Y22.129 E3.79131
;WIDTH:0.607974
G1 X-39.185 Y22.312 E3.83449
G1 X-39.694 Y22.36 E3.86915
;WIDTH:0.607858
G1 X-40.201 Y22.31 E3.90368
G1 X-40.678 Y22.18 E3.93719
;WIDTH:0.607209
G1 X-41.164 Y21.939 E3.97392
G1 X-41.537 Y21.668 E4.00514
;WIDTH:0.606025
G1 X-41.939 Y21.232 E4.0452
G1 X-42.205 Y20.797 E4.07965
;WIDTH:0.6043
G1 X-42.39 Y20.322 E4.11398
G1 X-42.481 Y19.856 E4.14595
;WIDTH:0.599065
G1 X-42.481 Y19.223 E4.18816
;WIDTH:0.607976
G1 X-42.334 Y18.603 E4.23136
G1 X-42.121 Y18.139 E4.26598
;WIDTH:0.60786
G1 X-41.824 Y17.725 E4.30052
G1 X-41.473 Y17.376 E4.33407
;WIDTH:0.607208
G1 X-41.021 Y17.076 E4.3708
G1 X-40.6 Y16.889 E4.40199
;WIDTH:0.606023
G1 X-40.022 Y16.758 E4.44203
G1 X-39.512 Y16.745 E4.4765
;WIDTH:0.604302
G1 X-39.007 Y16.823 E4.51091
G1 X-38.558 Y16.977 E4.54288
;WIDTH:0.602041
G1 X-38.068 Y17.252 E4.58056
G1 X-37.742 Y17.522 E4.60895
;WIDTH:0.599651
G1 X-37.355 Y17.98 E4.64898
;WIDTH:0.600528
G1 X-37.159 Y18.322 E4.67534
G1 X-37.107 Y18.467 E4.68564
G1 X-36.662 Y18.346 F7200
;TYPE:External perimeter
;WIDTH:0.45
G1 F1200
G1 X-36.517 Y18.755 E4.70651
G1 X-36.426 Y19.306 E4.73337
G1 X-36.421 Y19.709 E4.75275
G1 X-36.509 Y20.305 E4.78173
G1 X-36.699 Y20.879 E4.81081
G1 X-36.968 Y21.359 E4.83727
G1 X-37.348 Y21.839 E4.86672
G1 X-37.763 Y22.19 E4.89286
G1 X-38.294 Y22.509 E4.92265
G1 X-38.796 Y22.695 E4.9484
G1 X-39.443 Y22.811 E4.98001
G1 X-39.95 Y22.81 E5.00439
G1 X-40.587 Y22.692 E5.03555
G1 X-41.11 Y22.496 E5.06241
G1 X-41.692 Y22.134 E5.09538
G1 X-42.079 Y21.783 E5.12051
G1 X-42.472 Y21.264 E5.15182
G1 X-42.725 Y20.769 E5.17856
G1 X-42.897 Y20.175 E5.2083
G1 X-42.961 Y19.59 E5.2366
G1 X-42.912 Y19.007 E5.26474
G1 X-42.754 Y18.405 E5.29467
G1 X-42.437 Y17.774 E5.32863
G1 X-42.134 Y17.375 E5.35273
G1 X-41.651 Y16.933 E5.38422
G1 X-41.184 Y16.638 E5.41079
G1 X-40.624 Y16.417 E5.43975
G1 X-40.031 Y16.295 E5.46887
G1 X-39.481 Y16.287 E5.49533
G1 X-38.876 Y16.377 E5.52475
G1 X-38.364 Y16.56 E5.5509
G1 X-37.823 Y16.861 E5.58068
G1 X-37.41 Y17.203 E5.60647
G1 X-36.987 Y17.704 E5.63801
G1 X-36.734 Y18.144 E5.66242
G1 X-36.682 Y18.289 E5.66983
G1 X-36.548 Y18.666 F7200
G1 E3.66983 F2400
G92 E0
G1 Z7.15 F7200
G1 X-38.835 Y-27.938
G1 Z5.15
G1 E2 F2400
;TYPE:Perimeter
;WIDTH:0.604836
G1 F1200
G1 X-38.963 Y-27.604 E2.02411
;WIDTH:0.604603
G1 X-39.344 Y-27.114 E2.06593
G1 X-39.583 Y-26.896 E2.08773
;WIDTH:0.60243
G1 X-40.034 Y-26.633 E2.12277
G1 X-40.287 Y-26.534 E2.141
;WIDTH:0.599889
G1 X-40.845 Y-26.435 E2.17885
;WIDTH:0.607911
G1 X-41.381 Y-26.486 E2.21535
G1 X-41.843 Y-26.612 E2.24781
;WIDTH:0.59874
G1 X-42.334 Y-26.896 E2.28561
;WIDTH:0.604836
G1 X-42.577 Y-27.119 E2.30784
G1 X-42.915 Y-27.536 E2.34402
;WIDTH:0.604604
G1 X-43.149 Y-28.112 E2.38591
G1 X-43.219 Y-28.428 E2.40772
;WIDTH:0.60243
G1 X-43.221 Y-28.949 E2.44268
G1 X-43.18 Y-29.218 E2.46094
;WIDTH:0.599889
G1 X-42.986 Y-29.751 E2.49882
;WIDTH:0.607912
G1 X-42.675 Y-30.19 E2.53529
G1 X-42.334 Y-30.527 E2.56779
;WIDTH:0.59874
G1 X-41.843 Y-30.81 E2.60556
;WIDTH:0.604834
G1 X-41.528 Y-30.909 E2.62782
G1 X-40.998 Y-30.993 E2.66399
;WIDTH:0.604603
G1 X-40.383 Y-30.908 E2.70582
G1 X-40.074 Y-30.81 E2.72766
;WIDTH:0.602431
G1 X-39.622 Y-30.551 E2.76262
G1 X-39.409 Y-30.381 E2.78091
;WIDTH:0.599883
G1 X-39.045 Y-29.947 E2.81874
;WIDTH:0.607912
G1 X-38.82 Y-29.458 E2.85523
G1 X-38.698 Y-28.995 E2.88769
;WIDTH:0.598739
G1 X-38.699 Y-28.428 E2.92548
;WIDTH:0.604836
G1 X-38.771 Y-28.105 E2.94779
G1 X-38.813 Y-27.994 E2.95579
G1 X-39.272 Y-28.097 F7200
;TYPE:External perimeter
;WIDTH:0.45
G1 F1200
G1 X-39.364 Y-27.829 E2.96942
G1 X-39.813 Y-27.294 E3.00301
G1 X-40.304 Y-27.01 E3.03029
G1 X-40.925 Y-26.889 E3.06072
G1 X-41.551 Y-26.987 E3.0912
G1 X-42.104 Y-27.294 E3.12162
G1 X-42.52 Y-27.771 E3.15206
G1 X-42.759 Y-28.428 E3.18569
G1 X-42.759 Y-28.995 E3.21296
G1 X-42.554 Y-29.593 E3.24336
G1 X-42.156 Y-30.086 E3.27383
G1 X-41.613 Y-30.412 E3.30429
G1 X-40.992 Y-30.533 E3.33472
G1 X-40.304 Y-30.412 E3.36832
G1 X-39.813 Y-30.129 E3.39558
G1 X-39.397 Y-29.651 E3.42606
G1 X-39.17 Y-29.061 E3.45646
G1 X-39.158 Y-28.428 E3.48691
G1 X-39.252 Y-28.154 E3.50084
G1 X-39.417 Y-27.789 F7200
G1 X-39.071 Y-26.644
;TYPE:Perimeter
;WIDTH:0.604603
G1 F1200
G1 X-39.296 Y-26.447 E3.52099
;WIDTH:0.598877
G1 X-39.844 Y-26.131 E3.56316
;WIDTH:0.607945
G1 X-40.446 Y-25.949 E3.6058
G1 X-40.96 Y-25.9 E3.64081
G1 X-41.462 Y-25.949 E3.67501
G1 X-41.944 Y-26.078 E3.70884
;WIDTH:0.607345
G1 X-42.426 Y-26.317 E3.74527
G1 X-42.804 Y-26.59 E3.77685
;WIDTH:0.606242
G1 X-43.213 Y-27.035 E3.8177
G1 X-43.475 Y-27.462 E3.85156
;WIDTH:0.604604
G1 X-43.658 Y-27.93 E3.88542
G1 X-43.751 Y-28.404 E3.91797
;WIDTH:0.598877
G1 X-43.75 Y-29.036 E3.9601
;WIDTH:0.607947
G1 X-43.607 Y-29.648 E4.00271
G1 X-43.393 Y-30.118 E4.03772
G1 X-43.1 Y-30.528 E4.07188
G1 X-42.746 Y-30.881 E4.10577
;WIDTH:0.607346
G1 X-42.299 Y-31.179 E4.14215
G1 X-41.873 Y-31.37 E4.17377
;WIDTH:0.606243
G1 X-41.284 Y-31.501 E4.21455
G1 X-40.782 Y-31.515 E4.24849
;WIDTH:0.604603
G1 X-40.286 Y-31.439 E4.2823
G1 X-39.829 Y-31.283 E4.31484
;WIDTH:0.602431
G1 X-39.345 Y-31.013 E4.35203
G1 X-39.013 Y-30.739 E4.38092
;WIDTH:0.599883
G1 X-38.626 Y-30.281 E4.42097
;WIDTH:0.600082
G1 X-38.433 Y-29.947 E4.44674
G1 X-38.23 Y-29.382 E4.48685
;WIDTH:0.602726
G1 X-38.158 Y-28.951 E4.51619
;WIDTH:0.607344
G1 X-38.151 Y-28.638 E4.53739
G1 X-38.199 Y-28.174 E4.56898
;WIDTH:0.606242
G1 X-38.38 Y-27.598 E4.60979
G1 X-38.619 Y-27.157 E4.64369
;WIDTH:0.604603
G1 X-38.933 Y-26.765 E4.67753
G1 X-39.026 Y-26.683 E4.68588
G1 X-38.759 Y-26.301 F7200
;TYPE:External perimeter
;WIDTH:0.45
G1 F1200
G1 X-39.031 Y-26.071 E4.70301
G1 X-39.554 Y-25.756 E4.73237
G1 X-40.064 Y-25.566 E4.75855
G1 X-40.71 Y-25.449 E4.79013
G1 X-41.209 Y-25.449 E4.81413
G1 X-41.855 Y-25.567 E4.84571
G1 X-42.371 Y-25.76 E4.87221
G1 X-42.958 Y-26.122 E4.90538
G1 X-43.342 Y-26.469 E4.93027
G1 X-43.74 Y-26.991 E4.96184
G1 X-43.991 Y-27.481 E4.98832
G1 X-44.166 Y-28.08 E5.01833
G1 X-44.23 Y-28.66 E5.0464
G1 X-44.183 Y-29.248 E5.07477
G1 X-44.028 Y-29.845 E5.10444
G1 X-43.788 Y-30.347 E5.1312
G1 X-43.411 Y-30.877 E5.16248
G1 X-42.923 Y-31.325 E5.19434
G1 X-42.463 Y-31.617 E5.22055
G1 X-41.896 Y-31.843 E5.24991
G1 X-41.312 Y-31.964 E5.27859
G1 X-40.754 Y-31.973 E5.30543
G1 X-40.113 Y-31.872 E5.33664
G1 X-39.636 Y-31.701 E5.36101
G1 X-39.102 Y-31.405 E5.39038
G1 X-38.682 Y-31.059 E5.41655
G1 X-38.258 Y-30.558 E5.44812
G1 X-38.008 Y-30.126 E5.47213
G1 X-37.787 Y-29.507 E5.50374
G1 X-37.696 Y-28.964 E5.53022
G1 X-37.69 Y-28.561 E5.54961
G1 X-37.778 Y-27.957 E5.57897
G1 X-37.965 Y-27.391 E5.60764
G1 X-38.236 Y-26.903 E5.63449
G1 X-38.644 Y-26.398 E5.66572
G1 X-38.714 Y-26.34 E5.67009
G1 X-39.023 Y-26.086 F7200
G1 E3.67009 F2400
G92 E0
G1 Z7.15 F7200
G1 X-55.513 Y-34.335
G1 Z5.15
G1 E2 F2400
;TYPE:Perimeter
;WIDTH:0.396572
G1 F1200
G1 X-64.345 Y-34.335 E2.36593
G1 X-64.345 Y-34.667 E2.37969
G1 X-55.513 Y-34.667 E2.74562
G1 X-55.513 Y-34.395 E2.75689
G1 X-55.154 Y-33.976 F7200
;TYPE:External perimeter
;WIDTH:0.45
G1 F1200
G1 X-64.704 Y-33.976 E3.21621
G1 X-64.704 Y-35.026 E3.26671
G1 X-55.154 Y-35.026 E3.72603
G1 X-55.154 Y-34.036 E3.77365
G1 X-55.549 Y-33.977 F7200
M106 S249.9
;LAYER_CHANGE
;Z:5.45
;HEIGHT:0.3
G1 E1.77365 F2400
G92 E0
G1 Z5.45 F7200
G1 Z7.45
G1 X46.487 Y-34.335
G1 Z5.45
G1 E2 F2400
;TYPE:Perimeter
;WIDTH:0.396572
G1 F1200
G1 X35.655 Y-34.335 E2.4488
G1 X35.655 Y-34.667 E2.46256
G1 X46.487 Y-34.667 E2.91136
G1 X46.487 Y-34.395 E2.92263
G1 X46.846 Y-33.976 F7200
;TYPE:External perimeter
;WIDTH:0.45
G1 F1200
G1 X35.296 Y-33.976 E3.47814
G1 X35.296 Y-35.026 E3.52864
G1 X46.846 Y-35.026 E4.08415
G1 X46.846 Y-34.036 E4.13177
G1 X46.451 Y-33.977 F7200
G1 E2.13177 F2400
G92 E0
G1 Z7.45 F7200
G1 X-55.513 Y-34.335
G1 Z5.45
G1 E2 F2400
;TYPE:Perimeter
;WIDTH:0.396572
G1 F1200
G1 X-64.345 Y-34.335 E2.36593
G1 X-64.345 Y-34.667 E2.37969
G1 X-55.513 Y-34.667 E2.74562
G1 X-55.513 Y-34.395 E2.75689
G1 X-55.154 Y-33.976 F7200
;TYPE:External perimeter
;WIDTH:0.45
G1 F1200
G1 X-64.704 Y-33.976 E3.21621
G1 X-64.704 Y-35.026 E3.26671
G1 X-55.154 Y-35.026 E3.72603
G1 X-55.154 Y-34.036 E3.77365
G1 X-55.549 Y-33.977 F7200
;LAYER_CHANGE
;Z:5.75
;HEIGHT:0.3
G1 E1.77365 F2400
G92 E0
G1 Z5.75 F7200
G1 Z7.75
G1 X46.487 Y-34.335
G1 Z5.75
G1 E2 F2400
;TYPE:Perimeter
;WIDTH:0.396572
G1 F1200
G1 X35.655 Y-34.335 E2.4488
G1 X35.655 Y-34.667 E2.46256
G1 X46.487 Y-34.667 E2.91136
G1 X46.487 Y-34.395 E2.92263
G1 X46.846 Y-33.976 F7200
;TYPE:External perimeter
;WIDTH:0.45
G1 F1200
G1 X35.296 Y-33.976 E3.47814
G1 X35.296 Y-35.026 E3.52864
G1 X46.846 Y-35.026 E4.08415
G1 X46.846 Y-34.036 E4.13177
G1 X46.451 Y-33.977 F7200
G1 E2.13177 F2400
G92 E0
G1 Z7.75 F7200
G1 X-55.513 Y-34.335
G1 Z5.75
G1 E2 F2400
;TYPE:Perimeter
;WIDTH:0.396572
G1 F1200
G1 X-64.345 Y-34.335 E2.36593
G1 X-64.345 Y-34.667 E2.37969
G1 X-55.513 Y-34.667 E2.74562
G1 X-55.513 Y-34.395 E2.75689
G1 X-55.154 Y-33.976 F7200
;TYPE:External perimeter
;WIDTH:0.45
G1 F1200
G1 X-64.704 Y-33.976 E3.21621
G1 X-64.704 Y-35.026 E3.26671
G1 X-55.154 Y-35.026 E3.72603
G1 X-55.154 Y-34.036 E3.77365
G1 X-55.549 Y-33.977 F7200
;LAYER_CHANGE
;Z:6.05
;HEIGHT:0.3
G1 E1.77365 F2400
G92 E0
G1 Z6.05 F7200
G1 Z8.05
G1 X46.487 Y-34.335
G1 Z6.05
G1 E2 F2400
;TYPE:Perimeter
;WIDTH:0.396572
G1 F1200
G1 X35.655 Y-34.335 E2.4488
G1 X35.655 Y-34.667 E2.46256
G1 X46.487 Y-34.667 E2.91136
G1 X46.487 Y-34.395 E2.92263
G1 X46.846 Y-33.976 F7200
;TYPE:External perimeter
;WIDTH:0.45
G1 F1200
G1 X35.296 Y-33.976 E3.47814
G1 X35.296 Y-35.026 E3.52864
G1 X46.846 Y-35.026 E4.08415
G1 X46.846 Y-34.036 E4.13177
G1 X46.451 Y-33.977 F7200
G1 E2.13177 F2400
G92 E0
G1 Z8.05 F7200
G1 X-55.513 Y-34.335
G1 Z6.05
G1 E2 F2400
;TYPE:Perimeter
;WIDTH:0.396572
G1 F1200
G1 X-64.345 Y-34.335 E2.36593
G1 X-64.345 Y-34.667 E2.37969
G1 X-55.513 Y-34.667 E2.74562
G1 X-55.513 Y-34.395 E2.75689
G1 X-55.154 Y-33.976 F7200
;TYPE:External perimeter
;WIDTH:0.45
G1 F1200
G1 X-64.704 Y-33.976 E3.21621
G1 X-64.704 Y-35.026 E3.26671
G1 X-55.154 Y-35.026 E3.72603
G1 X-55.154 Y-34.036 E3.77365
G1 X-55.549 Y-33.977 F7200
;LAYER_CHANGE
;Z:6.35
;HEIGHT:0.3
G1 E1.77365 F2400
G92 E0
G1 Z6.35 F7200
G1 Z8.35
G1 X46.487 Y-34.335
G1 Z6.35
G1 E2 F2400
;TYPE:Perimeter
;WIDTH:0.396572
G1 F1200
G1 X35.655 Y-34.335 E2.4488
G1 X35.655 Y-34.667 E2.46256
G1 X46.487 Y-34.667 E2.91136
G1 X46.487 Y-34.395 E2.92263
G1 X46.846 Y-33.976 F7200
;TYPE:External perimeter
;WIDTH:0.45
G1 F1200
G1 X35.296 Y-33.976 E3.47814
G1 X35.296 Y-35.026 E3.52864
G1 X46.846 Y-35.026 E4.08415
G1 X46.846 Y-34.036 E4.13177
G1 X46.451 Y-33.977 F7200
G1 E2.13177 F2400
G92 E0
G1 Z8.35 F7200
G1 X-55.513 Y-34.335
G1 Z6.35
G1 E2 F2400
;TYPE:Perimeter
;WIDTH:0.396572
G1 F1200
G1 X-64.345 Y-34.335 E2.36593
G1 X-64.345 Y-34.667 E2.37969
G1 X-55.513 Y-34.667 E2.74562
G1 X-55.513 Y-34.395 E2.75689
G1 X-55.154 Y-33.976 F7200
;TYPE:External perimeter
;WIDTH:0.45
G1 F1200
G1 X-64.704 Y-33.976 E3.21621
G1 X-64.704 Y-35.026 E3.26671
G1 X-55.154 Y-35.026 E3.72603
G1 X-55.154 Y-34.036 E3.77365
G1 X-55.549 Y-33.977 F7200
;LAYER_CHANGE
;Z:6.65
;HEIGHT:0.3
G1 E1.77365 F2400
G92 E0
G1 Z6.65 F7200
G1 Z8.65
G1 X46.487 Y-34.335
G1 Z6.65
G1 E2 F2400
;TYPE:Perimeter
;WIDTH:0.396572
G1 F1200
G1 X35.655 Y-34.335 E2.4488
G1 X35.655 Y-34.667 E2.46256
G1 X46.487 Y-34.667 E2.91136
G1 X46.487 Y-34.395 E2.92263
G1 X46.846 Y-33.976 F7200
;TYPE:External perimeter
;WIDTH:0.45
G1 F1200
G1 X35.296 Y-33.976 E3.47814
G1 X35.296 Y-35.026 E3.52864
G1 X46.846 Y-35.026 E4.08415
G1 X46.846 Y-34.036 E4.13177
G1 X46.451 Y-33.977 F7200
G1 E2.13177 F2400
G92 E0
G1 Z8.65 F7200
G1 X-55.513 Y-34.335
G1 Z6.65
G1 E2 F2400
;TYPE:Perimeter
;WIDTH:0.396572
G1 F1200
G1 X-64.345 Y-34.335 E2.36593
G1 X-64.345 Y-34.667 E2.37969
G1 X-55.513 Y-34.667 E2.74562
G1 X-55.513 Y-34.395 E2.75689
G1 X-55.154 Y-33.976 F7200
;TYPE:External perimeter
;WIDTH:0.45
G1 F1200
G1 X-64.704 Y-33.976 E3.21621
G1 X-64.704 Y-35.026 E3.26671
G1 X-55.154 Y-35.026 E3.72603
G1 X-55.154 Y-34.036 E3.77365
G1 X-55.549 Y-33.977 F7200
G1 E1.77365 F2400
G92 E0
M107
;TYPE:Custom
; Filament-specific end gcode 
;END gcode for filament
M300
M104 S0
G28 X
G28 Z
G1 Y65
G92 E
; objects_info = {"objects":[]}
; filament used [mm] = 9912.08
; filament used [cm3] = 23.84
; total filament used [g] = 0.00
; total filament cost = 0.00
; total filament used for wipe tower [g] = 0.00
; estimated printing time (normal mode) = 1h 7m 18s
; estimated first layer printing time (normal mode) = 10m 16s

; prusaslicer_config = begin
; arc_fitting = disabled
; autoemit_temperature_commands = 0
; automatic_extrusion_widths = 0
; automatic_infill_combination = 0
; automatic_infill_combination_max_layer_height = 100%
; avoid_crossing_curled_overhangs = 0
; avoid_crossing_perimeters = 0
; avoid_crossing_perimeters_max_detour = 0
; bed_custom_model = 
; bed_custom_texture = 
; bed_shape = -95x-65,90x-65,90x65,-95x65
; bed_temperature = 0
; bed_temperature_extruder = 0
; before_layer_gcode = 
; between_objects_gcode = 
; binary_gcode = 0
; bottom_fill_pattern = rectilinear
; bottom_solid_layers = 3
; bottom_solid_min_thickness = 0
; bridge_acceleration = 0
; bridge_angle = 0
; bridge_fan_speed = 100
; bridge_flow_ratio = 1
; bridge_speed = 85
; brim_separation = 0
; brim_type = outer_only
; brim_width = 0
; chamber_minimal_temperature = 0
; chamber_temperature = 0
; color_change_gcode = M600
; colorprint_heights = 
; complete_objects = 0
; cooling = 1
; cooling_perimeter_transition_distance = 0
; cooling_slowdown_logic = uniform_cooling
; cooling_tube_length = 5
; cooling_tube_retraction = 91.5
; custom_parameters_filament = ""
; custom_parameters_print = 
; custom_parameters_printer = 
; default_acceleration = 0
; default_filament_profile = 
; default_print_profile = 
; deretract_speed = 0
; disable_fan_first_layers = 3
; dont_support_bridges = 1
; draft_shield = disabled
; duplicate_distance = 6
; elefant_foot_compensation = 0
; enable_dynamic_fan_speeds = 0
; enable_dynamic_overhang_speeds = 0
; end_filament_gcode = "; Filament-specific end gcode \n;END gcode for filament\n"
; end_gcode = M300\r\nM104 S0\r\nG28 X\r\nG28 Z\r\nG1 Y65\r\nG92 E\r\n
; ensure_vertical_shell_thickness = enabled
; external_perimeter_acceleration = 0
; external_perimeter_extrusion_width = 0.45
; external_perimeter_speed = 50%
; external_perimeters_first = 0
; extra_loading_move = -2
; extra_perimeters = 1
; extra_perimeters_on_overhangs = 0
; extruder_clearance_height = 20
; extruder_clearance_radius = 20
; extruder_colour = ""
; extruder_offset = 0x0
; extrusion_axis = E
; extrusion_multiplier = 1
; extrusion_width = 0.45
; fan_always_on = 0
; fan_below_layer_time = 60
; filament_abrasive = 0
; filament_colour = #29B2B2
; filament_cooling_final_speed = 3.4
; filament_cooling_initial_speed = 2.2
; filament_cooling_moves = 4
; filament_cost = 0
; filament_density = 0
; filament_deretract_speed = nil
; filament_diameter = 1.75
; filament_infill_max_crossing_speed = 0
; filament_infill_max_speed = 0
; filament_load_time = 0
; filament_loading_speed = 28
; filament_loading_speed_start = 3
; filament_max_volumetric_speed = 0
; filament_minimal_purge_on_wipe_tower = 15
; filament_multitool_ramming = 0
; filament_multitool_ramming_flow = 10
; filament_multitool_ramming_volume = 10
; filament_notes = ""
; filament_purge_multiplier = 100%
; filament_ramming_parameters = "120 100 6.6 6.8 7.2 7.6 7.9 8.2 8.7 9.4 9.9 10.0| 0.05 6.6 0.45 6.8 0.95 7.8 1.45 8.3 1.95 9.7 2.45 10 2.95 7.6 3.45 7.6 3.95 7.6 4.45 7.6 4.95 7.6"
; filament_retract_before_travel = nil
; filament_retract_before_wipe = nil
; filament_retract_layer_change = nil
; filament_retract_length = nil
; filament_retract_length_toolchange = nil
; filament_retract_lift = 2
; filament_retract_lift_above = nil
; filament_retract_lift_below = nil
; filament_retract_restart_extra = nil
; filament_retract_restart_extra_toolchange = nil
; filament_retract_speed = nil
; filament_seam_gap_distance = nil
; filament_settings_id = Beethefirst
; filament_shrinkage_compensation_xy = 0%
; filament_shrinkage_compensation_z = 0%
; filament_soluble = 0
; filament_spool_weight = 0
; filament_stamping_distance = 0
; filament_stamping_loading_speed = 20
; filament_toolchange_delay = 0
; filament_travel_lift_before_obstacle = nil
; filament_travel_max_lift = nil
; filament_travel_ramping_lift = nil
; filament_travel_slope = nil
; filament_type = PLA
; filament_unload_time = 0
; filament_unloading_speed = 90
; filament_unloading_speed_start = 100
; filament_vendor = (Unknown)
; filament_wipe = nil
; fill_angle = 45
; fill_density = 20%
; fill_pattern = gyroid
; first_layer_acceleration = 0
; first_layer_acceleration_over_raft = 0
; first_layer_bed_temperature = 0
; first_layer_extrusion_width = 0.42
; first_layer_height = 0.35
; first_layer_infill_speed = 0
; first_layer_speed = 30
; first_layer_speed_over_raft = 30
; first_layer_temperature = 200
; full_fan_speed_layer = 0
; fuzzy_skin = none
; fuzzy_skin_point_dist = 0.8
; fuzzy_skin_thickness = 0.3
; gap_fill_enabled = 1
; gap_fill_speed = 20
; gcode_comments = 0
; gcode_flavor = reprap
; gcode_label_objects = disabled
; gcode_resolution = 0.0125
; gcode_substitutions = 
; high_current_on_filament_swap = 0
; host_type = prusalink
; idle_temperature = nil
; infill_acceleration = 0
; infill_anchor = 600%
; infill_anchor_max = 50
; infill_every_layers = 1
; infill_extruder = 1
; infill_extrusion_width = 0.45
; infill_first = 0
; infill_overlap = 25%
; infill_speed = 50
; interface_shells = 0
; interlocking_beam = 0
; interlocking_beam_layer_count = 2
; interlocking_beam_width = 0.8
; interlocking_boundary_avoidance = 2
; interlocking_depth = 2
; interlocking_orientation = 22.5
; ironing = 0
; ironing_flowrate = 15%
; ironing_spacing = 0.1
; ironing_speed = 15
; ironing_type = top
; layer_gcode = 
; layer_height = 0.3
; machine_limits_usage = time_estimate_only
; machine_max_acceleration_e = 10000,5000
; machine_max_acceleration_extruding = 1500,1250
; machine_max_acceleration_retracting = 1500,1250
; machine_max_acceleration_travel = 1500,1250
; machine_max_acceleration_x = 9000,1000
; machine_max_acceleration_y = 9000,1000
; machine_max_acceleration_z = 500,200
; machine_max_feedrate_e = 120,120
; machine_max_feedrate_x = 500,200
; machine_max_feedrate_y = 500,200
; machine_max_feedrate_z = 12,12
; machine_max_jerk_e = 2.5,2.5
; machine_max_jerk_x = 10,10
; machine_max_jerk_y = 10,10
; machine_max_jerk_z = 0.2,0.4
; machine_max_junction_deviation = 0,0
; machine_min_extruding_rate = 0,0
; machine_min_travel_rate = 0,0
; max_fan_speed = 100
; max_layer_height = 0
; max_print_height = 125
; max_print_speed = 80
; max_volumetric_extrusion_rate_slope_negative = 0
; max_volumetric_extrusion_rate_slope_positive = 0
; max_volumetric_speed = 0
; min_bead_width = 85%
; min_fan_speed = 35
; min_feature_size = 25%
; min_layer_height = 0.07
; min_print_speed = 10
; min_skirt_length = 0
; mmu_segmented_region_interlocking_depth = 0
; mmu_segmented_region_max_width = 0
; multimaterial_purging = 140
; notes = 
; nozzle_diameter = 0.4
; nozzle_high_flow = 0
; only_one_perimeter_first_layer = 0
; only_retract_when_crossing_perimeters = 0
; ooze_prevention = 0
; output_filename_format = [input_filename_base].gcode
; over_bridge_speed = 0
; overhang_fan_speed_0 = 0
; overhang_fan_speed_1 = 0
; overhang_fan_speed_2 = 0
; overhang_fan_speed_3 = 0
; overhang_speed_0 = 15
; overhang_speed_1 = 15
; overhang_speed_2 = 20
; overhang_speed_3 = 25
; overhangs = 1
; parking_pos_retraction = 92
; pause_print_gcode = M601
; perimeter_acceleration = 0
; perimeter_extruder = 1
; perimeter_extrusion_width = 0.45
; perimeter_generator = arachne
; perimeter_speed = 60
; perimeters = 3
; physical_printer_settings_id = 
; post_process = 
; prefer_clockwise_movements = 0
; print_settings_id = Beethefirst
; printer_model = 
; printer_notes = 
; printer_settings_id = Beethefirst
; printer_technology = FFF
; printer_variant = 
; printer_vendor = 
; raft_contact_distance = 0.1
; raft_expansion = 1.5
; raft_first_layer_density = 90%
; raft_first_layer_expansion = 3
; raft_layers = 0
; remaining_times = 0
; resolution = 0
; retract_before_travel = 2
; retract_before_wipe = 0%
; retract_layer_change = 0
; retract_length = 2
; retract_length_toolchange = 10
; retract_lift = 0
; retract_lift_above = 0
; retract_lift_below = 0
; retract_restart_extra = 0
; retract_restart_extra_toolchange = 0
; retract_speed = 40
; scarf_seam_entire_loop = 0
; scarf_seam_length = 20
; scarf_seam_max_segment_length = 1
; scarf_seam_on_inner_perimeters = 0
; scarf_seam_only_on_smooth = 1
; scarf_seam_placement = nowhere
; scarf_seam_start_height = 0%
; seam_gap_distance = 15%
; seam_position = aligned
; silent_mode = 1
; single_extruder_multi_material = 0
; single_extruder_multi_material_priming = 1
; skirt_distance = 6
; skirt_height = 1
; skirts = 2
; slice_closing_radius = 0.049
; slicing_mode = regular
; slowdown_below_layer_time = 5
; small_perimeter_speed = 20
; solid_infill_acceleration = 0
; solid_infill_below_area = 70
; solid_infill_every_layers = 0
; solid_infill_extruder = 1
; solid_infill_extrusion_width = 0.45
; solid_infill_speed = 25
; spiral_vase = 0
; staggered_inner_seams = 0
; standby_temperature_delta = -5
; start_filament_gcode = "; Filament gcode\n"
; start_gcode = M109 S205\nM300\nM206 X500\nM107\nG28\nG92 E\nM130 T6 U1.3 V80\nG1 X-98.0 Y-20.0 Z5.0 F3000\nG1 Y-68.0 Z0.3\nG1 X-98.0 Y0.0 F500 E20\nG92 E\n
; support_material = 1
; support_material_angle = 0
; support_material_auto = 1
; support_material_bottom_contact_distance = 0
; support_material_bottom_interface_layers = -1
; support_material_buildplate_only = 0
; support_material_closing_radius = 2
; support_material_contact_distance = 0.2
; support_material_enforce_layers = 0
; support_material_extruder = 1
; support_material_extrusion_width = 0.35
; support_material_interface_contact_loops = 0
; support_material_interface_extruder = 1
; support_material_interface_layers = 3
; support_material_interface_pattern = rectilinear
; support_material_interface_spacing = 0
; support_material_interface_speed = 100%
; support_material_pattern = rectilinear
; support_material_spacing = 2.5
; support_material_speed = 55
; support_material_style = organic
; support_material_synchronize_layers = 0
; support_material_threshold = 0
; support_material_with_sheath = 1
; support_material_xy_spacing = 50%
; support_tree_angle = 40
; support_tree_angle_slow = 25
; support_tree_branch_diameter = 2
; support_tree_branch_diameter_angle = 5
; support_tree_branch_diameter_double_wall = 3
; support_tree_branch_distance = 1
; support_tree_tip_diameter = 0.8
; support_tree_top_rate = 15%
; temperature = 200
; template_custom_gcode = 
; thick_bridges = 1
; thin_walls = 1
; thumbnails = 
; thumbnails_format = PNG
; toolchange_gcode = 
; top_fill_pattern = rectilinear
; top_infill_extrusion_width = 0.4
; top_one_perimeter_type = none
; top_solid_infill_acceleration = 0
; top_solid_infill_speed = 15
; top_solid_layers = 3
; top_solid_min_thickness = 0
; travel_acceleration = 0
; travel_lift_before_obstacle = 0
; travel_max_lift = 0
; travel_ramping_lift = 0
; travel_short_distance_acceleration = 0
; travel_slope = 0
; travel_speed = 120
; travel_speed_z = 0
; use_firmware_retraction = 0
; use_relative_e_distances = 0
; use_volumetric_e = 0
; variable_layer_height = 1
; wall_distribution_count = 1
; wall_transition_angle = 10
; wall_transition_filter_deviation = 25%
; wall_transition_length = 100%
; wipe = 0
; wipe_into_infill = 0
; wipe_into_objects = 0
; wipe_tower = 0
; wipe_tower_acceleration = 0
; wipe_tower_bridging = 10
; wipe_tower_brim_width = 2
; wipe_tower_cone_angle = 0
; wipe_tower_extra_flow = 100%
; wipe_tower_extra_spacing = 100%
; wipe_tower_extruder = 0
; wipe_tower_no_sparse_layers = 0
; wipe_tower_width = 60
; wiping_volumes_matrix = 0
; wiping_volumes_use_custom_matrix = 0
; xy_size_compensation = 0
; z_offset = 0
; prusaslicer_config = end
