; generated by PrusaSlicer 2.9.4 on 2025-11-19 at 22:00:50 UTC

; 

; external perimeters extrusion width = 0.45mm
; perimeters extrusion width = 0.45mm
; infill extrusion width = 0.45mm
; solid infill extrusion width = 0.45mm
; top infill extrusion width = 0.40mm
; support material extrusion width = 0.35mm
; first layer extrusion width = 0.42mm

;TYPE:Custom
M109 S200
M300
M206 X500
M107
G28
G92 E
M130 T6 U1.3 V80
G1 X-98.0 Y-20.0 Z5.0 F3000
G1 Y-68.0 Z0.3
G1 X-98.0 Y0.0 F500 E20
G92 E
G21 ; set units to millimeters
G90 ; use absolute coordinates
M82 ; use absolute distances for extrusion
G92 E0
; Filament gcode
M107
;LAYER_CHANGE
;Z:0.35
;HEIGHT:0.35
G1 E-2 F2400
G92 E0
G1 Z2.35 F7200
G1 X0 Y45.422
G1 Z.35
G1 E2 F2400
;TYPE:Skirt/Brim
;WIDTH:0.42
G1 F1800
G1 X-71.576 Y45.422 E5.59211
G1 X-72.405 Y45.38 E5.63377
G1 X-73.682 Y45.17 E5.69872
G1 X-74.916 Y44.78 E5.76367
G1 X-76.082 Y44.219 E5.82861
G1 X-77.157 Y43.497 E5.8936
G1 X-78.118 Y42.63 E5.95856
G1 X-78.727 Y41.928 E6.0052
G1 X-79.448 Y40.853 E6.07016
G1 X-80.009 Y39.687 E6.1351
G1 X-80.399 Y38.453 E6.20005
G1 X-80.609 Y37.176 E6.265
G1 X-80.651 Y36.346 E6.30671
G1 X-80.635 Y-42.619 E10.26964
G1 X-80.476 Y-43.903 E10.33457
G1 X-80.137 Y-45.152 E10.39952
G1 X-79.448 Y-46.66 E10.48273
G1 X-78.727 Y-47.735 E10.54769
G1 X-78.008 Y-48.547 E10.60212
G1 X-77.157 Y-49.305 E10.65931
G1 X-76.082 Y-50.026 E10.72427
G1 X-74.916 Y-50.587 E10.78921
G1 X-73.682 Y-50.977 E10.85416
G1 X-72.405 Y-51.187 E10.91911
G1 X-71.576 Y-51.23 E10.96077
G1 X65.889 Y-51.213 E17.85958
G1 X67.531 Y-50.977 E17.94283
G1 X68.765 Y-50.587 E18.00778
G1 X69.611 Y-50.201 E18.05445
G1 X70.713 Y-49.523 E18.11938
G1 X71.967 Y-48.438 E18.2026
G1 X72.794 Y-47.443 E18.26753
G1 X73.472 Y-46.34 E18.33251
G1 X73.858 Y-45.494 E18.37918
G1 X74.248 Y-44.26 E18.44413
G1 X74.484 Y-42.619 E18.52733
G1 X74.484 Y36.811 E22.5136
G1 X74.248 Y38.453 E22.59685
G1 X73.858 Y39.687 E22.6618
G1 X73.297 Y40.853 E22.72674
G1 X72.576 Y41.928 E22.7917
G1 X71.857 Y42.74 E22.84613
G1 X71.006 Y43.497 E22.90329
G1 X69.931 Y44.219 E22.96828
G1 X68.765 Y44.78 E23.03322
G1 X67.531 Y45.17 E23.09817
G1 X66.254 Y45.38 E23.16312
G1 X65.424 Y45.422 E23.20483
G1 X.06 Y45.422 E26.48518
G1 X.06 Y45.077 F7200
G1 F1800
G1 X-71.576 Y45.077 E30.0803
G1 X-72.38 Y45.036 E30.1207
G1 X-73.608 Y44.833 E30.18316
G1 X-74.795 Y44.457 E30.24565
G1 X-75.917 Y43.916 E30.30816
G1 X-76.95 Y43.221 E30.37064
G1 X-77.874 Y42.387 E30.43311
G1 X-78.45 Y41.721 E30.4773
G1 X-79.145 Y40.688 E30.53978
G1 X-79.686 Y39.566 E30.60229
G1 X-80.062 Y38.379 E30.66478
G1 X-80.265 Y37.151 E30.72724
G1 X-80.307 Y36.346 E30.76769
G1 X-80.307 Y-42.154 E34.70728
G1 X-80.265 Y-42.958 E34.74768
G1 X-80.062 Y-44.186 E34.81014
G1 X-79.686 Y-45.374 E34.87268
G1 X-79.145 Y-46.495 E34.93515
G1 X-78.45 Y-47.528 E34.99763
G1 X-77.764 Y-48.303 E35.04957
G1 X-76.95 Y-49.028 E35.10428
G1 X-75.917 Y-49.723 E35.16676
G1 X-74.795 Y-50.264 E35.22927
G1 X-73.608 Y-50.64 E35.29176
G1 X-72.38 Y-50.843 E35.35422
G1 X-71.576 Y-50.885 E35.39462
G1 X65.865 Y-50.869 E42.29222
G1 X67.457 Y-50.64 E42.37294
G1 X68.302 Y-50.392 E42.41714
G1 X69.445 Y-49.898 E42.47963
G1 X70.507 Y-49.247 E42.54214
G1 X71.723 Y-48.194 E42.62287
G1 X72.518 Y-47.236 E42.68535
G1 X73.169 Y-46.175 E42.74782
G1 X73.535 Y-45.374 E42.79202
G1 X73.944 Y-44.035 E42.86228
G1 X74.14 Y-42.594 E42.93526
G1 X74.14 Y36.787 E46.91907
G1 X73.911 Y38.379 E46.99979
G1 X73.535 Y39.566 E47.06228
G1 X72.994 Y40.688 E47.12479
G1 X72.299 Y41.721 E47.18727
G1 X71.613 Y42.496 E47.23921
G1 X70.799 Y43.221 E47.29392
G1 X69.766 Y43.916 E47.3564
G1 X68.644 Y44.457 E47.41891
G1 X67.457 Y44.833 E47.4814
G1 X66.229 Y45.036 E47.54386
G1 X65.424 Y45.077 E47.58431
G1 X.12 Y45.077 E50.86165
G1 E48.86165 F2400
G92 E0
G1 Z2.35 F7200
G92 E0
G1 X-1.762 Y27.574
G1 Z.35
G1 E2 F2400
;TYPE:Perimeter
;WIDTH:0.42
G1 F1800
G1 X-1.82 Y27.457 E2.00655
G1 X-1.728 Y27.072 E2.02642
G1 X36.596 Y-11.252 E4.74641
G1 X37.035 Y-11.399 E4.76964
G1 X37.328 Y-11.252 E4.78609
G1 X37.479 Y-10.986 E4.80144
G1 X37.479 Y-6.78 E5.01252
G1 X37.433 Y-6.566 E5.02351
G1 X37.328 Y-6.414 E5.03278
G1 X3.164 Y27.75 E7.45752
G1 X2.893 Y27.901 E7.47309
G1 X-1.308 Y27.901 E7.68392
G1 X-1.535 Y27.849 E7.69561
G1 X-1.674 Y27.75 E7.70417
G1 X-1.735 Y27.628 E7.71102
G1 X-1.458 Y27.45 F7200
;TYPE:External perimeter
G1 F1800
G1 X-1.479 Y27.408 E7.71338
G1 X-1.43 Y27.262 E7.72111
G1 X36.84 Y-11.008 E10.43727
G1 X36.986 Y-11.057 E10.445
G1 X37.134 Y-10.942 E10.45441
G1 X37.134 Y-6.78 E10.66328
G1 X37.084 Y-6.658 E10.6699
G1 X2.92 Y27.506 E13.09464
G1 X2.798 Y27.556 E13.10126
G1 X-1.308 Y27.556 E13.30732
G1 X-1.43 Y27.506 E13.31394
G1 X-1.431 Y27.504 E13.31405
G1 X-1.292 Y27.129 F7200
G1 E11.31405 F2400
G92 E0
G1 Z2.35 F7200
G1 X5.067 Y27.574
G1 Z.35
G1 E2 F2400
;TYPE:Perimeter
G1 F1800
G1 X5.008 Y27.457 E2.00658
G1 X5.1 Y27.072 E2.02645
G1 X36.596 Y-4.424 E4.26183
G1 X37.035 Y-4.57 E4.28505
G1 X37.328 Y-4.424 E4.30148
G1 X37.479 Y-4.156 E4.31692
G1 X37.479 Y.048 E4.5279
G1 X37.433 Y.263 E4.53893
G1 X37.328 Y.414 E4.54816
G1 X9.992 Y27.75 E6.48829
G1 X9.722 Y27.901 E6.50382
G1 X5.52 Y27.901 E6.7147
G1 X5.294 Y27.849 E6.72634
G1 X5.154 Y27.75 E6.73495
G1 X5.093 Y27.628 E6.7418
G1 X5.37 Y27.45 F7200
;TYPE:External perimeter
G1 F1800
G1 X5.349 Y27.408 E6.74416
G1 X5.398 Y27.262 E6.75189
G1 X36.84 Y-4.18 E8.98344
G1 X36.986 Y-4.229 E8.99117
G1 X37.134 Y-4.118 E9.00045
G1 X37.134 Y.048 E9.20952
G1 X37.084 Y.17 E9.21614
G1 X9.748 Y27.506 E11.15627
G1 X9.626 Y27.556 E11.16289
G1 X5.52 Y27.556 E11.36895
G1 X5.398 Y27.506 E11.37557
G1 X5.397 Y27.504 E11.37568
G1 X5.536 Y27.129 F7200
G1 E9.37568 F2400
G92 E0
G1 Z2.35 F7200
G1 X11.895 Y27.574
G1 Z.35
G1 E2 F2400
;TYPE:Perimeter
G1 F1800
G1 X11.836 Y27.457 E2.00658
G1 X11.928 Y27.072 E2.02645
G1 X36.596 Y2.405 E3.77719
G1 X37.035 Y2.258 E3.80042
G1 X37.328 Y2.405 E3.81687
G1 X37.479 Y2.672 E3.83226
G1 X37.479 Y6.877 E4.04329
G1 X37.433 Y7.091 E4.05428
G1 X37.328 Y7.242 E4.06351
G1 X16.821 Y27.75 E5.519
G1 X16.55 Y27.901 E5.53457
G1 X12.349 Y27.901 E5.7454
G1 X12.122 Y27.849 E5.75709
G1 X11.983 Y27.75 E5.76565
G1 X11.922 Y27.628 E5.7725
G1 X12.199 Y27.45 F7200
;TYPE:External perimeter
G1 F1800
G1 X12.178 Y27.408 E5.77486
G1 X12.208 Y27.28 E5.78146
G1 X36.84 Y2.649 E7.52964
G1 X36.986 Y2.6 E7.53737
G1 X37.134 Y2.711 E7.54665
G1 X37.134 Y6.877 E7.75572
G1 X37.084 Y6.999 E7.76234
G1 X16.577 Y27.506 E9.21779
G1 X16.455 Y27.556 E9.22441
G1 X12.349 Y27.556 E9.43047
G1 X12.227 Y27.506 E9.43709
G1 X12.225 Y27.504 E9.43723
G1 X12.363 Y27.128 F7200
G1 E7.43723 F2400
G92 E0
G1 Z2.35 F7200
G1 X37.154 Y15.974
G1 Z.35
G1 E2 F2400
;TYPE:Perimeter
G1 F1800
G1 X37.328 Y16.061 E2.00976
G1 X37.464 Y16.304 E2.02374
G1 X37.479 Y20.534 E2.23603
G1 X37.432 Y20.749 E2.24707
G1 X37.328 Y20.899 E2.25623
G1 X30.477 Y27.75 E2.74247
G1 X30.207 Y27.901 E2.758
G1 X26.005 Y27.901 E2.96888
G1 X25.884 Y27.887 E2.97499
G1 X25.64 Y27.75 E2.98903
G1 X25.493 Y27.457 E3.00548
G1 X25.585 Y27.072 E3.02535
G1 X36.596 Y16.061 E3.80684
G1 X37.035 Y15.915 E3.83006
G1 X37.1 Y15.948 E3.83372
G1 X37.033 Y16.292 F7200
;TYPE:External perimeter
G1 F1800
G1 X37.119 Y16.357 E3.83913
G1 X37.134 Y20.534 E4.04876
G1 X37.084 Y20.655 E4.05533
G1 X30.234 Y27.506 E4.54153
G1 X30.112 Y27.556 E4.54815
G1 X26.005 Y27.556 E4.75426
G1 X25.883 Y27.506 E4.76088
G1 X25.835 Y27.408 E4.76636
G1 X25.883 Y27.262 E4.77407
G1 X36.84 Y16.305 E5.55173
G1 X36.985 Y16.257 E5.5594
G1 X37.116 Y16.635 F7200
G1 E3.5594 F2400
G92 E0
G1 Z2.35 F7200
G1 X37.154 Y22.803
G1 Z.35
G1 E2 F2400
;TYPE:Perimeter
G1 F1800
G1 X37.328 Y22.89 E2.00976
G1 X37.4 Y22.98 E2.01554
G1 X37.479 Y23.239 E2.02913
G1 X37.479 Y27.384 E2.23715
G1 X37.408 Y27.647 E2.25082
G1 X37.235 Y27.823 E2.26321
G1 X37.021 Y27.901 E2.27464
G1 X32.834 Y27.901 E2.48477
G1 X32.607 Y27.849 E2.49646
G1 X32.468 Y27.75 E2.50502
G1 X32.322 Y27.457 E2.52145
G1 X32.414 Y27.072 E2.54132
G1 X36.596 Y22.89 E2.83813
G1 X37.035 Y22.744 E2.86135
G1 X37.1 Y22.776 E2.86499
G1 X37.033 Y23.115 F7200
;TYPE:External perimeter
G1 F1800
G1 X37.108 Y23.164 E2.86949
G1 X37.134 Y24.045 E2.91372
G1 X37.134 Y27.384 E3.08129
G1 X37.071 Y27.517 E3.08868
G1 X36.962 Y27.556 E3.09449
G1 X32.834 Y27.556 E3.30166
G1 X32.712 Y27.506 E3.30828
G1 X32.663 Y27.408 E3.31378
G1 X32.712 Y27.262 E3.32151
G1 X36.84 Y23.134 E3.61449
G1 X36.983 Y23.086 E3.62206
G1 X37.114 Y23.464 F7200
G1 E1.62206 F2400
G92 E0
G1 Z2.35 F7200
G1 X37.154 Y9.146
G1 Z.35
G1 E2 F2400
;TYPE:Perimeter
G1 F1800
G1 X37.328 Y9.233 E2.00976
G1 X37.479 Y9.501 E2.0252
G1 X37.479 Y13.705 E2.23618
G1 X37.434 Y13.917 E2.24706
G1 X37.328 Y14.071 E2.25644
G1 X23.649 Y27.75 E3.22729
G1 X23.379 Y27.901 E3.24282
G1 X19.177 Y27.901 E3.4537
G1 X18.95 Y27.849 E3.46539
G1 X18.811 Y27.75 E3.47395
G1 X18.665 Y27.457 E3.49038
G1 X18.757 Y27.072 E3.51025
G1 X36.596 Y9.233 E4.77635
G1 X37.035 Y9.087 E4.79957
G1 X37.1 Y9.119 E4.80321
G1 X37.031 Y9.461 F7200
;TYPE:External perimeter
G1 F1800
G1 X37.134 Y9.539 E4.80969
G1 X37.134 Y13.705 E5.01876
G1 X37.084 Y13.827 E5.02538
G1 X23.405 Y27.506 E5.99623
G1 X23.283 Y27.556 E6.00285
G1 X19.177 Y27.556 E6.20891
G1 X19.055 Y27.506 E6.21553
G1 X19.006 Y27.408 E6.22103
G1 X19.055 Y27.262 E6.22876
G1 X36.84 Y9.477 E7.49102
G1 X36.982 Y9.43 E7.49853
G1 X37.131 Y9.801 F7200
G1 E5.49853 F2400
G92 E0
G1 Z2.35 F7200
G1 X61.141 Y8.335
G1 Z.35
G1 E2 F2400
;TYPE:Perimeter
G1 F1800
G1 X61.121 Y8.408 E2.0038
G1 X60.895 Y8.86 E2.02916
G1 X60.595 Y9.266 E2.05449
G1 X60.229 Y9.614 E2.07984
G1 X59.808 Y9.893 E2.10519
G1 X59.345 Y10.094 E2.13052
G1 X58.853 Y10.212 E2.15591
G1 X58.426 Y10.246 E2.17741
G1 X51.623 Y10.246 E2.51882
G1 X51.11 Y10.2 E2.54467
G1 X50.563 Y10.043 E2.57323
G1 X50.161 Y9.844 E2.59574
G1 X49.728 Y9.539 E2.62232
G1 X49.357 Y9.151 E2.64926
G1 X49.078 Y8.73 E2.67461
G1 X48.877 Y8.266 E2.69999
G1 X48.759 Y7.775 E2.72533
G1 X48.725 Y6.877 E2.77043
G1 X48.725 Y-8.655 E3.54992
G1 X48.785 Y-9.231 E3.57898
G1 X48.928 Y-9.715 E3.60431
G1 X49.153 Y-10.167 E3.62965
G1 X49.454 Y-10.573 E3.65501
G1 X49.82 Y-10.921 E3.68036
G1 X50.241 Y-11.2 E3.70571
G1 X50.704 Y-11.401 E3.73104
G1 X51.195 Y-11.519 E3.75638
G1 X52.114 Y-11.553 E3.80253
G1 X58.426 Y-11.553 E4.1193
G1 X58.925 Y-11.51 E4.14444
G1 X59.486 Y-11.35 E4.17372
G1 X59.938 Y-11.125 E4.19906
G1 X60.344 Y-10.824 E4.22442
G1 X60.692 Y-10.458 E4.24977
G1 X60.971 Y-10.037 E4.27512
G1 X61.172 Y-9.574 E4.30045
G1 X61.29 Y-9.083 E4.32579
G1 X61.324 Y-8.655 E4.34734
G1 X61.324 Y7.348 E5.15046
G1 X61.28 Y7.849 E5.1757
G1 X61.158 Y8.277 E5.19804
G1 X60.821 Y8.218 F7200
G1 F1800
G1 X60.808 Y8.262 E5.20034
G1 X60.613 Y8.662 E5.22267
G1 X60.351 Y9.022 E5.24502
G1 X60.031 Y9.331 E5.26734
G1 X59.662 Y9.58 E5.28968
G1 X59.255 Y9.761 E5.31203
G1 X58.823 Y9.869 E5.33438
G1 X58.426 Y9.901 E5.35437
G1 X51.623 Y9.901 E5.69578
G1 X51.137 Y9.853 E5.72029
G1 X50.709 Y9.73 E5.74264
G1 X50.354 Y9.558 E5.76244
G1 X49.949 Y9.273 E5.78729
G1 X49.64 Y8.953 E5.80961
G1 X49.391 Y8.584 E5.83195
G1 X49.178 Y8.059 E5.86038
G1 X49.1 Y7.724 E5.87764
G1 X49.07 Y6.877 E5.92017
G1 X49.07 Y-8.655 E6.69966
G1 X49.118 Y-9.141 E6.72417
G1 X49.258 Y-9.606 E6.74854
G1 X49.436 Y-9.969 E6.76883
G1 X49.698 Y-10.329 E6.79118
G1 X50.018 Y-10.638 E6.8135
G1 X50.387 Y-10.887 E6.83584
G1 X50.794 Y-11.068 E6.85819
G1 X51.226 Y-11.176 E6.88054
G1 X52.114 Y-11.208 E6.92513
G1 X58.426 Y-11.208 E7.2419
G1 X58.912 Y-11.16 E7.26641
G1 X59.34 Y-11.037 E7.28876
G1 X59.74 Y-10.842 E7.31109
G1 X60.1 Y-10.58 E7.33344
G1 X60.409 Y-10.26 E7.35576
G1 X60.658 Y-9.891 E7.3781
G1 X60.839 Y-9.484 E7.40045
G1 X60.947 Y-9.053 E7.42275
G1 X60.979 Y-8.655 E7.44279
G1 X60.979 Y7.348 E8.24591
G1 X60.931 Y7.834 E8.27042
G1 X60.837 Y8.161 E8.2875
G1 X60.5 Y8.102 F7200
;TYPE:External perimeter
G1 F1800
G1 X60.496 Y8.116 E8.28823
G1 X60.33 Y8.464 E8.30758
G1 X60.107 Y8.778 E8.32691
G1 X59.833 Y9.049 E8.34625
G1 X59.516 Y9.267 E8.36556
G1 X59.166 Y9.428 E8.38489
G1 X58.793 Y9.525 E8.40423
G1 X58.426 Y9.556 E8.42271
G1 X51.623 Y9.556 E8.76412
G1 X51.226 Y9.52 E8.78413
G1 X50.855 Y9.417 E8.80345
G1 X50.546 Y9.271 E8.8206
G1 X50.193 Y9.03 E8.84205
G1 X49.922 Y8.755 E8.86143
G1 X49.703 Y8.438 E8.88077
G1 X49.511 Y7.969 E8.9062
G1 X49.444 Y7.694 E8.9204
G1 X49.414 Y6.877 E8.96143
G1 X49.414 Y-8.655 E9.74092
G1 X49.451 Y-9.052 E9.76093
G1 X49.57 Y-9.46 E9.78226
G1 X49.718 Y-9.771 E9.79955
G1 X49.942 Y-10.085 E9.81891
G1 X50.216 Y-10.356 E9.83825
G1 X50.533 Y-10.575 E9.85759
G1 X50.883 Y-10.735 E9.8769
G1 X51.256 Y-10.832 E9.89624
G1 X52.114 Y-10.864 E9.93933
G1 X58.426 Y-10.864 E10.2561
G1 X58.823 Y-10.827 E10.27611
G1 X59.194 Y-10.725 E10.29542
G1 X59.542 Y-10.56 E10.31475
G1 X59.856 Y-10.337 E10.33408
G1 X60.127 Y-10.062 E10.35346
G1 X60.345 Y-9.745 E10.37277
G1 X60.506 Y-9.395 E10.3921
G1 X60.603 Y-9.022 E10.41144
G1 X60.634 Y-8.655 E10.42992
G1 X60.634 Y7.348 E11.23304
G1 X60.598 Y7.745 E11.25305
G1 X60.515 Y8.044 E11.26862
G1 X60.354 Y8.41 F7200
G1 E9.26862 F2400
G92 E0
G1 Z2.35 F7200
G1 X37.154 Y-18.168
G1 Z.35
G1 E2 F2400
;TYPE:Perimeter
G1 F1800
G1 X37.328 Y-18.081 E2.00976
G1 X37.464 Y-17.841 E2.0236
G1 X37.479 Y-17.165 E2.05753
G1 X37.479 Y-13.609 E2.23599
G1 X37.391 Y-13.32 E2.25115
G1 X36.647 Y-12.562 E2.30445
G1 X-3.665 Y27.75 E5.16553
G1 X-3.935 Y27.901 E5.18106
G1 X-8.137 Y27.901 E5.39194
G1 X-8.363 Y27.849 E5.40358
G1 X-8.503 Y27.75 E5.41219
G1 X-8.649 Y27.457 E5.42862
G1 X-8.557 Y27.072 E5.44849
G1 X36.596 Y-18.081 E8.65316
G1 X37.035 Y-18.227 E8.67638
G1 X37.1 Y-18.195 E8.68002
G1 X37.033 Y-17.851 F7200
;TYPE:External perimeter
G1 F1800
G1 X37.119 Y-17.786 E8.68543
G1 X37.134 Y-17.165 E8.7166
G1 X37.134 Y-13.609 E8.89506
G1 X37.084 Y-13.487 E8.90168
G1 X-3.909 Y27.506 E11.8111
G1 X-4.031 Y27.556 E11.81772
G1 X-8.137 Y27.556 E12.02378
G1 X-8.259 Y27.506 E12.0304
G1 X-8.307 Y27.408 E12.03588
G1 X-8.259 Y27.262 E12.04359
G1 X36.84 Y-17.837 E15.24442
G1 X36.984 Y-17.885 E15.25204
G1 X37.121 Y-17.509 F7200
G1 E13.25204 F2400
G92 E0
G1 Z2.35 F7200
G1 X37.154 Y-24.996
G1 Z.35
G1 E2 F2400
;TYPE:Perimeter
G1 F1800
G1 X37.328 Y-24.909 E2.00976
G1 X37.456 Y-24.695 E2.02227
G1 X37.479 Y-24.125 E2.0509
G1 X37.479 Y-20.437 E2.23599
G1 X37.433 Y-20.223 E2.24698
G1 X37.328 Y-20.071 E2.25625
G1 X-10.493 Y27.75 E5.65027
G1 X-10.764 Y27.901 E5.66584
G1 X-14.965 Y27.901 E5.87667
G1 X-15.192 Y27.849 E5.88836
G1 X-15.331 Y27.75 E5.89692
G1 X-15.477 Y27.457 E5.91335
G1 X-15.385 Y27.072 E5.93322
G1 X36.596 Y-24.909 E9.62249
G1 X37.035 Y-25.055 E9.64571
G1 X37.1 Y-25.023 E9.64935
G1 X37.033 Y-24.679 F7200
;TYPE:External perimeter
G1 F1800
G1 X37.118 Y-24.617 E9.65463
G1 X37.134 Y-23.772 E9.69704
G1 X37.134 Y-20.437 E9.86441
G1 X37.084 Y-20.315 E9.87103
G1 X-10.737 Y27.506 E13.26505
G1 X-10.859 Y27.556 E13.27167
G1 X-14.965 Y27.556 E13.47773
G1 X-15.087 Y27.506 E13.48435
G1 X-15.136 Y27.408 E13.48985
G1 X-15.087 Y27.262 E13.49758
G1 X36.84 Y-24.665 E17.18302
G1 X36.985 Y-24.713 E17.19069
G1 X37.119 Y-24.337 F7200
G1 E15.19069 F2400
G92 E0
G1 Z2.35 F7200
G1 X37.173 Y-31.839
G1 Z.35
G1 E2 F2400
;TYPE:Perimeter
G1 F1800
G1 X37.381 Y-31.675 E2.01329
G1 X37.479 Y-31.425 E2.02677
G1 X37.479 Y-27.265 E2.23554
G1 X37.43 Y-27.045 E2.24685
G1 X37.328 Y-26.9 E2.25575
G1 X-17.322 Y27.75 E6.13445
G1 X-17.592 Y27.901 E6.14998
G1 X-21.794 Y27.901 E6.36086
G1 X-22.02 Y27.849 E6.3725
G1 X-22.159 Y27.75 E6.38106
G1 X-22.306 Y27.457 E6.39751
G1 X-22.214 Y27.072 E6.41738
G1 X36.596 Y-31.737 E10.5913
G1 X36.892 Y-31.884 E10.60789
G1 X37.117 Y-31.855 E10.61928
G1 X37.019 Y-31.511 F7200
;TYPE:External perimeter
G1 F1800
G1 X37.095 Y-31.481 E10.62338
G1 X37.134 Y-31.372 E10.62919
G1 X37.134 Y-27.265 E10.8353
G1 X37.084 Y-27.144 E10.84187
G1 X-17.565 Y27.506 E14.72054
G1 X-17.687 Y27.556 E14.72716
G1 X-21.794 Y27.556 E14.93327
G1 X-21.916 Y27.506 E14.93989
G1 X-21.964 Y27.408 E14.94537
G1 X-21.916 Y27.262 E14.95308
G1 X36.84 Y-31.494 E19.1232
G1 X36.939 Y-31.543 E19.12874
G1 X36.963 Y-31.533 E19.13004
G1 X37.134 Y-31.171 F7200
G1 E17.13004 F2400
G92 E0
G1 Z2.35 F7200
G1 X36.532 Y-33.387
G1 Z.35
G1 E2 F2400
;TYPE:Perimeter
G1 F1800
G1 X36.562 Y-33.312 E2.00405
G1 X36.559 Y-33.059 E2.01675
G1 X36.425 Y-32.825 E2.03028
G1 X-24.15 Y27.75 E6.3295
G1 X-24.42 Y27.901 E6.34503
G1 X-28.622 Y27.901 E6.55591
G1 X-28.849 Y27.849 E6.5676
G1 X-28.988 Y27.75 E6.57616
G1 X-29.134 Y27.457 E6.59259
G1 X-29.042 Y27.072 E6.61246
G1 X31.587 Y-33.557 E10.91551
G1 X31.858 Y-33.708 E10.93108
G1 X36.059 Y-33.708 E11.14191
G1 X36.33 Y-33.632 E11.15604
G1 X36.502 Y-33.459 E11.16828
G1 X36.509 Y-33.442 E11.1692
G1 X36.214 Y-33.258 F7200
;TYPE:External perimeter
G1 F1800
G1 X36.227 Y-33.231 E11.1707
G1 X36.181 Y-33.069 E11.17915
G1 X-24.394 Y27.506 E15.47837
G1 X-24.516 Y27.556 E15.48499
G1 X-28.622 Y27.556 E15.69105
G1 X-28.744 Y27.506 E15.69767
G1 X-28.793 Y27.408 E15.70317
G1 X-28.744 Y27.262 E15.7109
G1 X31.831 Y-33.313 E20.01012
G1 X31.953 Y-33.364 E20.01676
G1 X36.059 Y-33.364 E20.22282
G1 X36.18 Y-33.304 E20.2296
G1 X36.04 Y-32.929 F7200
G1 E18.2296 F2400
G92 E0
G1 Z2.35 F7200
G1 X-42.732 Y27.574
G1 Z.35
G1 E2 F2400
;TYPE:Perimeter
G1 F1800
G1 X-42.791 Y27.457 E2.00658
G1 X-42.699 Y27.072 E2.02645
G1 X17.93 Y-33.557 E6.3295
G1 X18.201 Y-33.708 E6.34507
G1 X22.402 Y-33.708 E6.5559
G1 X22.629 Y-33.656 E6.56759
G1 X22.768 Y-33.557 E6.57615
G1 X22.915 Y-33.264 E6.5926
G1 X22.822 Y-32.88 E6.61243
G1 X-36.446 Y26.389 E10.81892
G1 X-37.807 Y27.75 E10.91551
G1 X-38.077 Y27.901 E10.93104
G1 X-42.279 Y27.901 E11.14192
G1 X-42.505 Y27.849 E11.15356
G1 X-42.645 Y27.75 E11.16217
G1 X-42.706 Y27.628 E11.16902
G1 X-42.429 Y27.45 F7200
;TYPE:External perimeter
G1 F1800
G1 X-42.45 Y27.408 E11.17138
G1 X-42.401 Y27.262 E11.17911
G1 X18.174 Y-33.313 E15.47833
G1 X18.296 Y-33.364 E15.48497
G1 X22.402 Y-33.364 E15.69103
G1 X22.524 Y-33.313 E15.69767
G1 X22.573 Y-33.216 E15.70312
G1 X22.524 Y-33.069 E15.7109
G1 X-38.051 Y27.506 E20.01012
G1 X-38.173 Y27.556 E20.01674
G1 X-42.279 Y27.556 E20.2228
G1 X-42.401 Y27.506 E20.22942
G1 X-42.402 Y27.504 E20.22953
G1 X-42.263 Y27.129 F7200
G1 E18.22953 F2400
G92 E0
G1 Z2.35 F7200
G1 X63.075 Y-40.587
G1 Z.35
G1 E2 F2400
;TYPE:Perimeter
G1 F1800
G1 X62.826 Y-41.192 E2.03283
G1 X62.794 Y-41.369 E2.04186
G1 X62.794 Y-41.938 E2.07042
G1 X63.02 Y-42.649 E2.10786
G1 X63.475 Y-43.241 E2.14533
G1 X64.106 Y-43.641 E2.18282
;WIDTH:0.423008
G1 X64.799 Y-43.799 E2.2188
;WIDTH:0.440883
G1 X65.345 Y-43.776 E2.24789
;WIDTH:0.471367
G1 X65.587 Y-43.707 E2.2624
;WIDTH:0.501852
G1 X65.829 Y-43.638 E2.27803
;WIDTH:0.519849
G1 X66.317 Y-43.362 E2.31431
;WIDTH:0.528548
G1 X66.698 Y-42.938 E2.35192
G1 X66.867 Y-42.663 E2.37322
;WIDTH:0.501584
G1 X67.039 Y-42.121 E2.40851
;WIDTH:0.454041
G1 X67.062 Y-41.369 E2.44999
;WIDTH:0.434331
G1 X67.03 Y-41.19 E2.45949
;WIDTH:0.43343
G1 X66.829 Y-40.658 E2.48914
;WIDTH:0.42
G1 X66.373 Y-40.067 E2.5266
G1 X65.743 Y-39.667 E2.56405
G1 X65.014 Y-39.506 E2.60152
G1 X64.275 Y-39.605 E2.63894
G1 X64.106 Y-39.667 E2.64797
G1 X63.613 Y-39.951 E2.67652
G1 X63.475 Y-40.067 E2.68557
G1 X63.11 Y-40.502 E2.71407
G1 X63.098 Y-40.531 E2.71565
G1 X63.363 Y-40.753 F7200
;TYPE:External perimeter
G1 F1800
G1 X63.15 Y-41.31 E2.74558
G1 X63.139 Y-41.938 E2.7771
G1 X63.344 Y-42.531 E2.80859
G1 X63.74 Y-43.019 E2.84013
G1 X64.278 Y-43.342 E2.87162
G1 X64.861 Y-43.458 E2.90145
G1 X65.375 Y-43.401 E2.9274
G1 X65.636 Y-43.304 E2.94137
G1 X66.08 Y-43.046 E2.96714
G1 X66.475 Y-42.583 E2.99768
G1 X66.699 Y-41.997 E3.02916
G1 X66.71 Y-41.369 E3.06068
G1 X66.505 Y-40.776 E3.09217
G1 X66.109 Y-40.288 E3.12371
G1 X65.571 Y-39.965 E3.1552
G1 X64.954 Y-39.846 E3.18674
G1 X64.334 Y-39.945 E3.21825
G1 X63.786 Y-40.25 E3.24972
G1 X63.393 Y-40.702 E3.27978
G1 X63.242 Y-41.072 F7200
G1 E1.27978 F2400
G92 E0
G1 Z2.35 F7200
G1 X64.887 Y33.708
G1 Z.35
G1 E2 F2400
;TYPE:Perimeter
G1 F1800
G1 X65.342 Y33.734 E2.02287
G1 X65.743 Y33.859 E2.04395
G1 X66.236 Y34.144 E2.07253
G1 X66.739 Y34.695 E2.10997
;WIDTH:0.4254
G1 X67.026 Y35.384 E2.14801
;WIDTH:0.434331
G1 X67.062 Y35.562 E2.1575
G1 X67.062 Y36.131 E2.18724
;WIDTH:0.45969
G1 X67.02 Y36.329 E2.19857
;WIDTH:0.485049
G1 X66.978 Y36.527 E2.21064
;WIDTH:0.513986
G1 X66.784 Y37.017 E2.2443
;WIDTH:0.526816
G1 X66.414 Y37.468 E2.28264
G1 X66.031 Y37.725 E2.31296
;WIDTH:0.520867
G1 X65.805 Y37.822 E2.32891
;WIDTH:0.49501
G1 X65.579 Y37.919 E2.34394
;WIDTH:0.469154
G1 X65.015 Y37.997 E2.37659
;WIDTH:0.476944
G1 X64.27 Y37.923 E2.42037
G1 X63.941 Y37.736 E2.4425
;WIDTH:0.448472
G1 X63.613 Y37.549 E2.46301
;WIDTH:0.42
G1 X63.11 Y36.998 E2.50045
G1 X62.826 Y36.308 E2.5379
G1 X62.794 Y35.562 E2.57537
G1 X62.826 Y35.385 E2.5844
G1 X63.02 Y34.851 E2.61291
G1 X63.11 Y34.695 E2.62195
G1 X63.475 Y34.259 E2.65049
G1 X63.613 Y34.144 E2.65951
G1 X64.106 Y33.859 E2.68809
G1 X64.799 Y33.703 E2.72374
G1 X64.827 Y33.704 E2.72515
G1 X64.89 Y34.044 F7200
;TYPE:External perimeter
G1 F1800
G1 X65.253 Y34.067 E2.7434
G1 X65.571 Y34.158 E2.76
G1 X66.063 Y34.443 E2.78853
G1 X66.475 Y34.917 E2.82005
G1 X66.699 Y35.503 E2.85153
G1 X66.71 Y36.131 E2.88305
G1 X66.538 Y36.634 E2.90973
G1 X66.392 Y36.874 E2.92383
G1 X66.047 Y37.26 E2.94981
G1 X65.571 Y37.535 E2.9774
G1 X64.954 Y37.654 E3.00894
G1 X64.334 Y37.555 E3.04045
G1 X63.786 Y37.251 E3.0719
G1 X63.374 Y36.776 E3.10346
G1 X63.15 Y36.19 E3.13494
G1 X63.139 Y35.562 E3.16646
G1 X63.344 Y34.969 E3.19795
G1 X63.74 Y34.481 E3.22949
G1 X64.278 Y34.158 E3.26098
G1 X64.831 Y34.048 E3.28928
G1 X65.23 Y34.073 F7200
G1 E1.28928 F2400
G92 E0
G1 Z2.35 F7200
G1 X29.684 Y-33.382
G1 Z.35
G1 E2 F2400
;TYPE:Perimeter
G1 F1800
G1 X29.743 Y-33.264 E2.00662
G1 X29.651 Y-32.88 E2.02644
G1 X-30.978 Y27.75 E6.32953
G1 X-31.249 Y27.901 E6.3451
G1 X-35.45 Y27.901 E6.55593
G1 X-35.677 Y27.849 E6.56762
G1 X-35.816 Y27.75 E6.57618
G1 X-35.963 Y27.457 E6.59263
G1 X-35.871 Y27.072 E6.6125
G1 X24.759 Y-33.557 E10.91559
G1 X25.029 Y-33.708 E10.93112
G1 X29.231 Y-33.708 E11.142
G1 X29.457 Y-33.656 E11.15364
G1 X29.597 Y-33.557 E11.16225
G1 X29.657 Y-33.435 E11.16907
G1 X29.381 Y-33.257 F7200
;TYPE:External perimeter
G1 F1800
G1 X29.402 Y-33.216 E11.17138
G1 X29.353 Y-33.069 E11.17916
G1 X-31.222 Y27.506 E15.47838
G1 X-31.344 Y27.556 E15.485
G1 X-35.45 Y27.556 E15.69106
G1 X-35.572 Y27.506 E15.69768
G1 X-35.621 Y27.408 E15.70318
G1 X-35.572 Y27.262 E15.71091
G1 X25.003 Y-33.313 E20.01013
G1 X25.125 Y-33.364 E20.01677
G1 X29.231 Y-33.364 E20.22283
G1 X29.353 Y-33.313 E20.22947
G1 X29.354 Y-33.311 E20.22958
G1 X29.215 Y-32.936 F7200
G1 E18.22958 F2400
G92 E0
G1 Z2.35 F7200
G1 X-29.416 Y26.827
G1 Z.35
G1 E2 F2400
;TYPE:Perimeter
;WIDTH:0.635031
G1 F1800
G1 X-29.303 Y26.703 E2.01367
;WIDTH:0.620445
G1 X29.911 Y-32.511 E8.65881
;WIDTH:0.635033
G1 X30.025 Y-32.634 E8.67247
G1 E6.67247 F2400
G92 E0
G1 Z2.35 F7200
G1 X-56.282 Y19.53
G1 Z.35
G1 E2 F2400
;WIDTH:0.635027
G1 F1800
G1 X-56.158 Y19.417 E2.01367
;WIDTH:0.620443
G1 X-4.231 Y-32.511 E7.84108
;WIDTH:0.635029
G1 X-4.117 Y-32.634 E7.85474
G1 E5.85474 F2400
G92 E0
G1 Z2.35 F7200
G1 X-51.916 Y-32.634
G1 Z.35
G1 E2 F2400
;WIDTH:0.635031
G1 F1800
G1 X-52.03 Y-32.511 E2.01366
;WIDTH:0.620443
G1 X-56.158 Y-28.382 E2.47697
;WIDTH:0.635027
G1 X-56.282 Y-28.269 E2.49064
G1 E.49064 F2400
G92 E0
G1 Z2.35 F7200
G1 X-56.282 Y-21.441
G1 Z.35
G1 E2 F2400
G1 F1800
G1 X-56.158 Y-21.554 E2.01367
;WIDTH:0.620445
G1 X-45.201 Y-32.511 E3.24329
;WIDTH:0.635029
G1 X-45.088 Y-32.634 E3.2569
G1 E1.2569 F2400
G92 E0
G1 Z2.35 F7200
G1 X-38.26 Y-32.634
G1 Z.35
G1 E2 F2400
;WIDTH:0.635031
G1 F1800
G1 X-38.373 Y-32.511 E2.01361
;WIDTH:0.620443
G1 X-56.158 Y-14.726 E4.00948
;WIDTH:0.635027
G1 X-56.282 Y-14.612 E4.0232
G1 E2.0232 F2400
G92 E0
G1 Z2.35 F7200
G1 X-56.282 Y-7.784
G1 Z.35
G1 E2 F2400
G1 F1800
G1 X-56.158 Y-7.897 E2.01367
;WIDTH:0.620445
G1 X-31.544 Y-32.511 E4.77591
;WIDTH:0.635031
G1 X-31.431 Y-32.634 E4.78952
G1 E2.78952 F2400
G92 E0
G1 Z2.35 F7200
G1 X-24.603 Y-32.634
G1 Z.35
G1 E2 F2400
G1 F1800
G1 X-24.716 Y-32.511 E2.01361
;WIDTH:0.620445
G1 X-56.158 Y-1.069 E5.54211
;WIDTH:0.635027
G1 X-56.282 Y-.955 E5.55583
G1 E3.55583 F2400
G92 E0
G1 Z2.35 F7200
G1 X-56.282 Y5.873
G1 Z.35
G1 E2 F2400
G1 F1800
G1 X-56.158 Y5.76 E2.01367
;WIDTH:0.620445
G1 X-17.888 Y-32.511 E6.30848
;WIDTH:0.635031
G1 X-17.774 Y-32.634 E6.32214
G1 E4.32214 F2400
G92 E0
G1 Z2.35 F7200
G1 X-10.946 Y-32.634
G1 Z.35
G1 E2 F2400
G1 F1800
G1 X-11.059 Y-32.511 E2.01361
;WIDTH:0.620445
G1 X-56.158 Y12.588 E7.07473
;WIDTH:0.635027
G1 X-56.282 Y12.701 E7.0884
G1 E5.0884 F2400
G92 E0
G1 Z2.35 F7200
G1 X4.726 Y26.827
G1 Z.35
G1 E2 F2400
;WIDTH:0.635031
G1 F1800
G1 X4.84 Y26.703 E2.01372
;WIDTH:0.620443
G1 X36.281 Y-4.739 E5.54215
G1 E3.54215 F2400
G92 E0
G1 Z2.35 F7200
G1 X11.555 Y26.827
G1 Z.35
G1 E2 F2400
;WIDTH:0.635027
G1 F1800
G1 X11.668 Y26.703 E2.01367
;WIDTH:0.620445
G1 X36.281 Y2.09 E4.7758
G1 E2.7758 F2400
G92 E0
G1 Z2.35 F7200
G1 X32.04 Y26.827
G1 Z.35
G1 E2 F2400
;WIDTH:0.635033
G1 F1800
G1 X32.153 Y26.703 E2.01367
;WIDTH:0.620445
G1 X36.281 Y22.575 E2.47692
G1 E.47692 F2400
G92 E0
G1 Z2.35 F7200
G1 X18.383 Y26.827
G1 Z.35
G1 E2 F2400
;WIDTH:0.635033
G1 F1800
G1 X18.496 Y26.703 E2.01367
;WIDTH:0.620445
G1 X36.281 Y8.918 E4.00955
G1 E2.00955 F2400
G92 E0
G1 Z2.35 F7200
G1 X36.281 Y15.747
G1 Z.35
G1 E2 F2400
G1 F1800
G1 X25.325 Y26.703 E3.22951
;WIDTH:0.635029
G1 X25.211 Y26.827 E3.24323
G1 E1.24323 F2400
G92 E0
G1 Z2.35 F7200
G1 X-8.931 Y26.827
G1 Z.35
G1 E2 F2400
;WIDTH:0.635031
G1 F1800
G1 X-8.817 Y26.703 E2.01372
;WIDTH:0.620443
G1 X36.281 Y-18.395 E7.07471
G1 E5.07471 F2400
G92 E0
G1 Z2.35 F7200
G1 X36.281 Y-11.567
G1 Z.35
G1 E2 F2400
G1 F1800
G1 X-1.989 Y26.703 E6.29474
;WIDTH:0.635029
G1 X-2.102 Y26.827 E6.30841
G1 E4.30841 F2400
G92 E0
G1 Z2.35 F7200
G1 X-15.759 Y26.827
G1 Z.35
G1 E2 F2400
;WIDTH:0.635033
G1 F1800
G1 X-15.646 Y26.703 E2.01367
;WIDTH:0.620445
G1 X36.281 Y-25.224 E7.84104
G1 E5.84104 F2400
G92 E0
G1 Z2.35 F7200
G1 X36.281 Y-32.052
G1 Z.35
G1 E2 F2400
;WIDTH:0.620443
G1 F1800
G1 X-22.474 Y26.703 E8.5936
;WIDTH:0.635027
G1 X-22.587 Y26.827 E8.60727
G1 E6.60727 F2400
G92 E0
G1 Z2.35 F7200
G1 X-43.073 Y26.827
G1 Z.35
G1 E2 F2400
;WIDTH:0.635031
G1 F1800
G1 X-42.959 Y26.703 E2.01372
;WIDTH:0.620445
G1 X16.255 Y-32.511 E8.65886
;WIDTH:0.635027
G1 X16.368 Y-32.634 E8.67247
G1 E6.67247 F2400
G92 E0
G1 Z2.35 F7200
G1 X23.196 Y-32.634
G1 Z.35
G1 E2 F2400
;WIDTH:0.635031
G1 F1800
G1 X23.083 Y-32.511 E2.01361
;WIDTH:0.620445
G1 X-36.131 Y26.703 E8.65875
;WIDTH:0.635029
G1 X-36.244 Y26.827 E8.67242
G1 E6.67242 F2400
G92 E0
G1 Z2.35 F7200
G1 X-49.901 Y26.827
G1 Z.35
G1 E2 F2400
;WIDTH:0.635033
G1 F1800
G1 X-49.788 Y26.703 E2.01367
;WIDTH:0.620445
G1 X9.426 Y-32.511 E8.65881
;WIDTH:0.635033
G1 X9.539 Y-32.634 E8.67242
G1 E6.67242 F2400
G92 E0
G1 Z2.35 F7200
G1 X2.711 Y-32.634
G1 Z.35
G1 E2 F2400
;WIDTH:0.635027
G1 F1800
G1 X2.598 Y-32.511 E2.01361
;WIDTH:0.620443
G1 X-56.158 Y26.245 E8.60733
;WIDTH:0.635023
G1 X-56.282 Y26.358 E8.621
G1 E6.621 F2400
G92 E0
G1 Z2.35 F7200
G1 X-43.036 Y27.699
G1 Z.35
G1 E2 F2400
;WIDTH:0.42
G1 F1800
G1 X-43.132 Y27.506 E2.01082
;WIDTH:0.463006
G1 X-43.121 Y27.37 E2.01852
;WIDTH:0.506012
G1 X-43.109 Y27.234 E2.02708
;WIDTH:0.549018
G1 X-43.097 Y27.099 E2.03643
;WIDTH:0.592024
G1 X-43.085 Y26.963 E2.0467
;WIDTH:0.635031
G1 X-43.073 Y26.827 E2.05782
G1 X-43.2 Y26.924 E2.07084
;WIDTH:0.592024
G1 X-43.328 Y27.021 E2.08292
;WIDTH:0.549018
G1 X-43.456 Y27.119 E2.09404
;WIDTH:0.506012
G1 X-43.583 Y27.216 E2.10406
;WIDTH:0.463006
G1 X-43.711 Y27.313 E2.11312
;WIDTH:0.42
G1 X-44.391 Y27.994 E2.16142
G1 X-44.689 Y28.188 E2.17927
G1 X-45.001 Y28.246 E2.1952
G1 X-49.107 Y28.246 E2.40126
G1 X-49.419 Y28.188 E2.41719
G1 X-49.717 Y27.994 E2.43504
G1 X-49.961 Y27.506 E2.46242
;WIDTH:0.463006
G1 X-49.949 Y27.37 E2.47013
;WIDTH:0.506013
G1 X-49.937 Y27.234 E2.47869
;WIDTH:0.549019
G1 X-49.925 Y27.099 E2.48804
;WIDTH:0.592026
G1 X-49.913 Y26.963 E2.49831
;WIDTH:0.635033
G1 X-49.901 Y26.827 E2.50943
G1 X-50.029 Y26.924 E2.52252
;WIDTH:0.592026
G1 X-50.156 Y27.021 E2.53454
;WIDTH:0.549019
G1 X-50.284 Y27.119 E2.54566
;WIDTH:0.506013
G1 X-50.412 Y27.216 E2.55573
;WIDTH:0.463006
G1 X-50.539 Y27.313 E2.56475
;WIDTH:0.42
G1 X-51.22 Y27.994 E2.61308
G1 X-51.518 Y28.188 E2.63093
G1 X-51.83 Y28.246 E2.64686
G1 X-55.936 Y28.246 E2.85292
G1 X-56.271 Y28.178 E2.87008
G1 X-56.535 Y28.004 E2.88595
G1 X-56.728 Y27.724 E2.90302
G1 X-56.795 Y27.461 E2.91664
G1 X-56.763 Y27.141 E2.93278
;WIDTH:0.463004
G1 X-56.667 Y26.985 E2.94312
;WIDTH:0.506009
G1 X-56.57 Y26.828 E2.95469
;WIDTH:0.549013
G1 X-56.474 Y26.671 E2.96738
;WIDTH:0.592018
G1 X-56.378 Y26.515 E2.98116
;WIDTH:0.635023
G1 X-56.282 Y26.358 E2.99615
G1 X-56.37 Y26.37 E3.00339
;WIDTH:0.592018
G1 X-56.458 Y26.383 E3.01008
;WIDTH:0.549013
G1 X-56.546 Y26.395 E3.0162
;WIDTH:0.506009
G1 X-56.634 Y26.407 E3.02177
;WIDTH:0.463004
G1 X-56.722 Y26.419 E3.02678
;WIDTH:0.42
G1 X-57.146 Y26.37 E3.0482
G1 X-57.467 Y26.154 E3.06762
G1 X-57.651 Y25.852 E3.08537
G1 X-57.701 Y25.564 E3.10004
G1 X-57.701 Y21.458 E3.3061
G1 X-57.643 Y21.148 E3.32193
G1 X-57.448 Y20.849 E3.33984
G1 X-56.768 Y20.168 E3.38814
;WIDTH:0.463005
G1 X-56.67 Y20.04 E3.39724
;WIDTH:0.50601
G1 X-56.573 Y19.913 E3.40726
;WIDTH:0.549016
G1 X-56.476 Y19.785 E3.41834
;WIDTH:0.592021
G1 X-56.379 Y19.658 E3.43036
;WIDTH:0.635027
G1 X-56.282 Y19.53 E3.44345
G1 X-56.417 Y19.542 E3.45449
;WIDTH:0.592021
G1 X-56.553 Y19.554 E3.46476
;WIDTH:0.549016
G1 X-56.689 Y19.566 E3.47417
;WIDTH:0.50601
G1 X-56.825 Y19.578 E3.48273
;WIDTH:0.463005
G1 X-56.96 Y19.59 E3.49038
;WIDTH:0.42
G1 X-57.448 Y19.346 E3.51776
G1 X-57.643 Y19.047 E3.53567
G1 X-57.701 Y18.736 E3.55155
G1 X-57.701 Y14.63 E3.75761
G1 X-57.643 Y14.319 E3.77349
G1 X-57.448 Y14.02 E3.7914
G1 X-56.768 Y13.34 E3.83966
;WIDTH:0.463005
G1 X-56.67 Y13.212 E3.84876
;WIDTH:0.50601
G1 X-56.573 Y13.084 E3.85883
;WIDTH:0.549016
G1 X-56.476 Y12.957 E3.86985
;WIDTH:0.592021
G1 X-56.379 Y12.829 E3.88193
;WIDTH:0.635027
G1 X-56.282 Y12.701 E3.89502
G1 X-56.417 Y12.713 E3.90606
;WIDTH:0.592021
G1 X-56.553 Y12.725 E3.91633
;WIDTH:0.549016
G1 X-56.689 Y12.737 E3.92574
;WIDTH:0.50601
G1 X-56.825 Y12.749 E3.9343
;WIDTH:0.463005
G1 X-56.96 Y12.761 E3.94195
;WIDTH:0.42
G1 X-57.448 Y12.517 E3.96933
G1 X-57.643 Y12.218 E3.98724
G1 X-57.701 Y11.908 E4.00307
G1 X-57.701 Y7.801 E4.20918
G1 X-57.643 Y7.491 E4.22501
G1 X-57.448 Y7.192 E4.24292
G1 X-56.768 Y6.511 E4.29122
;WIDTH:0.463005
G1 X-56.67 Y6.384 E4.30027
;WIDTH:0.50601
G1 X-56.573 Y6.256 E4.31034
;WIDTH:0.549016
G1 X-56.476 Y6.128 E4.32142
;WIDTH:0.592021
G1 X-56.379 Y6.001 E4.33344
;WIDTH:0.635027
G1 X-56.282 Y5.873 E4.34653
G1 X-56.417 Y5.885 E4.35757
;WIDTH:0.592021
G1 X-56.553 Y5.897 E4.36784
;WIDTH:0.549016
G1 X-56.689 Y5.909 E4.37725
;WIDTH:0.50601
G1 X-56.825 Y5.921 E4.38581
;WIDTH:0.463005
G1 X-56.96 Y5.933 E4.39346
;WIDTH:0.42
G1 X-57.448 Y5.689 E4.42084
G1 X-57.643 Y5.39 E4.43875
G1 X-57.701 Y5.079 E4.45463
G1 X-57.701 Y.973 E4.66069
G1 X-57.643 Y.662 E4.67657
G1 X-57.448 Y.363 E4.69448
G1 X-56.768 Y-.317 E4.74274
;WIDTH:0.463005
G1 X-56.67 Y-.445 E4.75184
;WIDTH:0.50601
G1 X-56.573 Y-.573 E4.76191
;WIDTH:0.549016
G1 X-56.476 Y-.7 E4.77293
;WIDTH:0.592021
G1 X-56.379 Y-.828 E4.78501
;WIDTH:0.635027
G1 X-56.282 Y-.955 E4.79803
G1 X-56.417 Y-.943 E4.80907
;WIDTH:0.592021
G1 X-56.553 Y-.931 E4.81934
;WIDTH:0.549016
G1 X-56.689 Y-.92 E4.82875
;WIDTH:0.50601
G1 X-56.825 Y-.908 E4.83731
;WIDTH:0.463005
G1 X-56.96 Y-.896 E4.84496
;WIDTH:0.42
G1 X-57.448 Y-1.14 E4.87234
G1 X-57.643 Y-1.439 E4.89025
G1 X-57.701 Y-1.749 E4.90608
G1 X-57.701 Y-5.855 E5.11214
G1 X-57.643 Y-6.166 E5.12802
G1 X-57.448 Y-6.465 E5.14593
G1 X-56.768 Y-7.146 E5.19423
;WIDTH:0.463005
G1 X-56.67 Y-7.273 E5.20328
;WIDTH:0.50601
G1 X-56.573 Y-7.401 E5.21335
;WIDTH:0.549016
G1 X-56.476 Y-7.529 E5.22443
;WIDTH:0.592021
G1 X-56.379 Y-7.656 E5.23645
;WIDTH:0.635027
G1 X-56.282 Y-7.784 E5.24954
G1 X-56.417 Y-7.772 E5.26058
;WIDTH:0.592021
G1 X-56.553 Y-7.76 E5.27085
;WIDTH:0.549016
G1 X-56.689 Y-7.748 E5.28026
;WIDTH:0.50601
G1 X-56.825 Y-7.736 E5.28882
;WIDTH:0.463005
G1 X-56.96 Y-7.724 E5.29647
;WIDTH:0.42
G1 X-57.448 Y-7.968 E5.32385
G1 X-57.643 Y-8.267 E5.34176
G1 X-57.701 Y-8.578 E5.35764
G1 X-57.701 Y-12.684 E5.5637
G1 X-57.643 Y-12.994 E5.57953
G1 X-57.448 Y-13.294 E5.59749
G1 X-56.768 Y-13.974 E5.64575
;WIDTH:0.463005
G1 X-56.67 Y-14.102 E5.65485
;WIDTH:0.50601
G1 X-56.573 Y-14.229 E5.66487
;WIDTH:0.549016
G1 X-56.476 Y-14.357 E5.67595
;WIDTH:0.592021
G1 X-56.379 Y-14.485 E5.68803
;WIDTH:0.635027
G1 X-56.282 Y-14.612 E5.70105
G1 X-56.417 Y-14.6 E5.71209
;WIDTH:0.592021
G1 X-56.553 Y-14.588 E5.72236
;WIDTH:0.549016
G1 X-56.689 Y-14.576 E5.73177
;WIDTH:0.50601
G1 X-56.825 Y-14.564 E5.74033
;WIDTH:0.463005
G1 X-56.96 Y-14.553 E5.74798
;WIDTH:0.42
G1 X-57.448 Y-14.796 E5.77534
G1 X-57.643 Y-15.096 E5.7933
G1 X-57.701 Y-15.406 E5.80913
G1 X-57.701 Y-19.512 E6.01519
G1 X-57.643 Y-19.823 E6.03107
G1 X-57.448 Y-20.122 E6.04898
G1 X-56.768 Y-20.803 E6.09728
;WIDTH:0.463005
G1 X-56.67 Y-20.93 E6.10633
;WIDTH:0.50601
G1 X-56.573 Y-21.058 E6.1164
;WIDTH:0.549016
G1 X-56.476 Y-21.185 E6.12742
;WIDTH:0.592021
G1 X-56.379 Y-21.313 E6.1395
;WIDTH:0.635027
G1 X-56.282 Y-21.441 E6.15259
G1 X-56.417 Y-21.429 E6.16363
;WIDTH:0.592021
G1 X-56.553 Y-21.417 E6.1739
;WIDTH:0.549016
G1 X-56.689 Y-21.405 E6.18331
;WIDTH:0.50601
G1 X-56.825 Y-21.393 E6.19187
;WIDTH:0.463005
G1 X-56.96 Y-21.381 E6.19952
;WIDTH:0.42
G1 X-57.448 Y-21.625 E6.2269
G1 X-57.643 Y-21.924 E6.24481
G1 X-57.701 Y-22.235 E6.26069
G1 X-57.701 Y-26.341 E6.46675
G1 X-57.643 Y-26.651 E6.48258
G1 X-57.448 Y-26.95 E6.50049
G1 X-56.768 Y-27.631 E6.54879
;WIDTH:0.463005
G1 X-56.67 Y-27.759 E6.55789
;WIDTH:0.50601
G1 X-56.573 Y-27.886 E6.56791
;WIDTH:0.549016
G1 X-56.476 Y-28.014 E6.57899
;WIDTH:0.592021
G1 X-56.379 Y-28.141 E6.59101
;WIDTH:0.635027
G1 X-56.282 Y-28.269 E6.6041
G1 X-56.417 Y-28.257 E6.61514
;WIDTH:0.592021
G1 X-56.553 Y-28.245 E6.62541
;WIDTH:0.549016
G1 X-56.689 Y-28.233 E6.63482
;WIDTH:0.50601
G1 X-56.825 Y-28.221 E6.64338
;WIDTH:0.463005
G1 X-56.96 Y-28.209 E6.65103
;WIDTH:0.42
G1 X-57.448 Y-28.453 E6.67841
G1 X-57.643 Y-28.752 E6.69632
G1 X-57.701 Y-29.063 E6.7122
G1 X-57.701 Y-33.191 E6.91937
G1 X-57.64 Y-33.509 E6.93562
G1 X-57.445 Y-33.804 E6.95337
G1 X-57.179 Y-33.983 E6.96946
G1 X-56.838 Y-34.053 E6.98693
G1 X-52.71 Y-34.053 E7.1941
G1 X-52.399 Y-33.995 E7.20998
G1 X-52.101 Y-33.801 E7.22783
G1 X-51.857 Y-33.313 E7.25521
;WIDTH:0.463006
G1 X-51.869 Y-33.177 E7.26292
;WIDTH:0.506012
G1 X-51.881 Y-33.042 E7.27142
;WIDTH:0.549018
G1 X-51.893 Y-32.906 E7.28083
;WIDTH:0.592024
G1 X-51.904 Y-32.77 E7.29109
;WIDTH:0.635031
G1 X-51.916 Y-32.634 E7.30221
G1 X-51.789 Y-32.731 E7.31523
;WIDTH:0.592024
G1 X-51.661 Y-32.829 E7.32736
;WIDTH:0.549018
G1 X-51.534 Y-32.926 E7.33838
;WIDTH:0.506012
G1 X-51.406 Y-33.023 E7.34845
;WIDTH:0.463006
G1 X-51.278 Y-33.12 E7.35751
;WIDTH:0.42
G1 X-50.598 Y-33.801 E7.40581
G1 X-50.3 Y-33.995 E7.42366
G1 X-49.988 Y-34.053 E7.43959
G1 X-45.882 Y-34.053 E7.64565
G1 X-45.57 Y-33.995 E7.66158
G1 X-45.272 Y-33.801 E7.67943
G1 X-45.028 Y-33.313 E7.70681
;WIDTH:0.463005
G1 X-45.04 Y-33.177 E7.71452
;WIDTH:0.506011
G1 X-45.052 Y-33.042 E7.72302
;WIDTH:0.549017
G1 X-45.064 Y-32.906 E7.73243
;WIDTH:0.592023
G1 X-45.076 Y-32.77 E7.7427
;WIDTH:0.635029
G1 X-45.088 Y-32.634 E7.75382
G1 X-44.96 Y-32.731 E7.76691
;WIDTH:0.592023
G1 X-44.833 Y-32.829 E7.77898
;WIDTH:0.549017
G1 X-44.705 Y-32.926 E7.79006
;WIDTH:0.506011
G1 X-44.577 Y-33.023 E7.80013
;WIDTH:0.463005
G1 X-44.45 Y-33.12 E7.80915
;WIDTH:0.42
G1 X-43.769 Y-33.801 E7.85748
G1 X-43.471 Y-33.995 E7.87533
G1 X-43.16 Y-34.053 E7.89121
G1 X-39.053 Y-34.053 E8.09732
G1 X-38.742 Y-33.995 E8.1132
G1 X-38.444 Y-33.801 E8.13105
G1 X-38.2 Y-33.313 E8.15843
;WIDTH:0.463006
G1 X-38.212 Y-33.177 E8.16614
;WIDTH:0.506012
G1 X-38.224 Y-33.042 E8.17464
;WIDTH:0.549018
G1 X-38.236 Y-32.906 E8.18405
;WIDTH:0.592024
G1 X-38.248 Y-32.77 E8.19432
;WIDTH:0.635031
G1 X-38.26 Y-32.634 E8.20544
G1 X-38.132 Y-32.731 E8.21853
;WIDTH:0.592024
G1 X-38.004 Y-32.829 E8.23066
;WIDTH:0.549018
G1 X-37.877 Y-32.926 E8.24168
;WIDTH:0.506012
G1 X-37.749 Y-33.023 E8.25175
;WIDTH:0.463006
G1 X-37.621 Y-33.12 E8.26081
;WIDTH:0.42
G1 X-36.941 Y-33.801 E8.30911
G1 X-36.643 Y-33.995 E8.32696
G1 X-36.331 Y-34.053 E8.34289
G1 X-32.225 Y-34.053 E8.54895
G1 X-31.913 Y-33.995 E8.56488
G1 X-31.615 Y-33.801 E8.58273
G1 X-31.371 Y-33.313 E8.61011
;WIDTH:0.463006
G1 X-31.383 Y-33.177 E8.61782
;WIDTH:0.506012
G1 X-31.395 Y-33.042 E8.62632
;WIDTH:0.549018
G1 X-31.407 Y-32.906 E8.63573
;WIDTH:0.592024
G1 X-31.419 Y-32.77 E8.646
;WIDTH:0.635031
G1 X-31.431 Y-32.634 E8.65712
G1 X-31.303 Y-32.731 E8.67021
;WIDTH:0.592024
G1 X-31.176 Y-32.829 E8.68228
;WIDTH:0.549018
G1 X-31.048 Y-32.926 E8.69336
;WIDTH:0.506012
G1 X-30.921 Y-33.023 E8.70338
;WIDTH:0.463006
G1 X-30.793 Y-33.12 E8.71244
;WIDTH:0.42
G1 X-30.112 Y-33.801 E8.76077
G1 X-29.814 Y-33.995 E8.77862
G1 X-29.503 Y-34.053 E8.7945
G1 X-25.396 Y-34.053 E9.00061
G1 X-25.085 Y-33.995 E9.01649
G1 X-24.787 Y-33.801 E9.03434
G1 X-24.543 Y-33.313 E9.06172
;WIDTH:0.463006
G1 X-24.555 Y-33.177 E9.06943
;WIDTH:0.506012
G1 X-24.567 Y-33.042 E9.07793
;WIDTH:0.549018
G1 X-24.579 Y-32.906 E9.08734
;WIDTH:0.592024
G1 X-24.591 Y-32.77 E9.09761
;WIDTH:0.635031
G1 X-24.603 Y-32.634 E9.10873
G1 X-24.475 Y-32.731 E9.12182
;WIDTH:0.592024
G1 X-24.347 Y-32.829 E9.13395
;WIDTH:0.549018
G1 X-24.22 Y-32.926 E9.14497
;WIDTH:0.506012
G1 X-24.092 Y-33.023 E9.15504
;WIDTH:0.463006
G1 X-23.965 Y-33.12 E9.16406
;WIDTH:0.42
G1 X-23.284 Y-33.801 E9.21239
G1 X-22.986 Y-33.995 E9.23024
G1 X-22.674 Y-34.053 E9.24617
G1 X-18.568 Y-34.053 E9.45223
G1 X-18.256 Y-33.995 E9.46816
G1 X-17.958 Y-33.801 E9.48601
G1 X-17.715 Y-33.313 E9.51337
;WIDTH:0.463006
G1 X-17.727 Y-33.177 E9.52108
;WIDTH:0.506012
G1 X-17.738 Y-33.042 E9.52957
;WIDTH:0.549018
G1 X-17.75 Y-32.906 E9.53898
;WIDTH:0.592024
G1 X-17.762 Y-32.77 E9.54925
;WIDTH:0.635031
G1 X-17.774 Y-32.634 E9.56037
G1 X-17.647 Y-32.731 E9.57339
;WIDTH:0.592024
G1 X-17.519 Y-32.829 E9.58552
;WIDTH:0.549018
G1 X-17.391 Y-32.926 E9.5966
;WIDTH:0.506012
G1 X-17.264 Y-33.023 E9.60662
;WIDTH:0.463006
G1 X-17.136 Y-33.12 E9.61568
;WIDTH:0.42
G1 X-16.456 Y-33.801 E9.66398
G1 X-16.158 Y-33.995 E9.68183
G1 X-15.846 Y-34.053 E9.69776
G1 X-11.74 Y-34.053 E9.90382
G1 X-11.428 Y-33.995 E9.91975
G1 X-11.13 Y-33.801 E9.9376
G1 X-10.886 Y-33.313 E9.96498
;WIDTH:0.463006
G1 X-10.898 Y-33.177 E9.97269
;WIDTH:0.506012
G1 X-10.91 Y-33.042 E9.98119
;WIDTH:0.549018
G1 X-10.922 Y-32.906 E9.9906
;WIDTH:0.592024
G1 X-10.934 Y-32.77 E10.00087
;WIDTH:0.635031
G1 X-10.946 Y-32.634 E10.01199
G1 X-10.818 Y-32.731 E10.02508
;WIDTH:0.592024
G1 X-10.691 Y-32.829 E10.03715
;WIDTH:0.549018
G1 X-10.563 Y-32.926 E10.04823
;WIDTH:0.506012
G1 X-10.435 Y-33.023 E10.0583
;WIDTH:0.463006
G1 X-10.308 Y-33.12 E10.06732
;WIDTH:0.42
G1 X-9.627 Y-33.801 E10.11565
G1 X-9.329 Y-33.995 E10.1335
G1 X-9.018 Y-34.053 E10.14938
G1 X-4.911 Y-34.053 E10.35549
G1 X-4.6 Y-33.995 E10.37137
G1 X-4.302 Y-33.801 E10.38922
G1 X-4.058 Y-33.313 E10.4166
;WIDTH:0.463005
G1 X-4.07 Y-33.177 E10.42431
;WIDTH:0.506011
G1 X-4.082 Y-33.042 E10.43281
;WIDTH:0.549017
G1 X-4.094 Y-32.906 E10.44222
;WIDTH:0.592023
G1 X-4.105 Y-32.77 E10.45248
;WIDTH:0.635029
G1 X-4.117 Y-32.634 E10.4636
G1 X-3.99 Y-32.731 E10.47662
;WIDTH:0.592023
G1 X-3.862 Y-32.829 E10.48875
;WIDTH:0.549017
G1 X-3.735 Y-32.926 E10.49977
;WIDTH:0.506011
G1 X-3.607 Y-33.023 E10.50984
;WIDTH:0.463005
G1 X-3.479 Y-33.12 E10.5189
;WIDTH:0.42
G1 X-2.799 Y-33.801 E10.5672
G1 X-2.501 Y-33.995 E10.58505
G1 X-2.189 Y-34.053 E10.60098
G1 X1.917 Y-34.053 E10.80704
G1 X2.229 Y-33.995 E10.82297
G1 X2.527 Y-33.801 E10.84082
G1 X2.771 Y-33.313 E10.8682
;WIDTH:0.463005
G1 X2.759 Y-33.177 E10.87591
;WIDTH:0.50601
G1 X2.747 Y-33.042 E10.88441
;WIDTH:0.549016
G1 X2.735 Y-32.906 E10.89382
;WIDTH:0.592021
G1 X2.723 Y-32.77 E10.90409
;WIDTH:0.635027
G1 X2.711 Y-32.634 E10.91521
G1 X2.839 Y-32.731 E10.9283
;WIDTH:0.592021
G1 X2.966 Y-32.829 E10.94037
;WIDTH:0.549016
G1 X3.094 Y-32.926 E10.95145
;WIDTH:0.50601
G1 X3.221 Y-33.023 E10.96147
;WIDTH:0.463005
G1 X3.349 Y-33.12 E10.97053
;WIDTH:0.42
G1 X4.03 Y-33.801 E11.01886
G1 X4.328 Y-33.995 E11.03671
G1 X4.639 Y-34.053 E11.05259
G1 X8.746 Y-34.053 E11.2587
G1 X9.057 Y-33.995 E11.27458
G1 X9.355 Y-33.801 E11.29243
G1 X9.599 Y-33.313 E11.31981
;WIDTH:0.463006
G1 X9.587 Y-33.177 E11.32752
;WIDTH:0.506013
G1 X9.575 Y-33.042 E11.33602
;WIDTH:0.549019
G1 X9.563 Y-32.906 E11.34543
;WIDTH:0.592026
G1 X9.551 Y-32.77 E11.3557
;WIDTH:0.635033
G1 X9.539 Y-32.634 E11.36682
G1 X9.667 Y-32.731 E11.37991
;WIDTH:0.592026
G1 X9.795 Y-32.829 E11.39204
;WIDTH:0.549019
G1 X9.922 Y-32.926 E11.40306
;WIDTH:0.506013
G1 X10.05 Y-33.023 E11.41313
;WIDTH:0.463006
G1 X10.178 Y-33.12 E11.4222
;WIDTH:0.42
G1 X10.858 Y-33.801 E11.4705
G1 X11.156 Y-33.995 E11.48835
G1 X11.468 Y-34.053 E11.50428
G1 X15.574 Y-34.053 E11.71034
G1 X15.886 Y-33.995 E11.72627
G1 X16.184 Y-33.801 E11.74412
G1 X16.428 Y-33.313 E11.7715
;WIDTH:0.463005
G1 X16.416 Y-33.177 E11.77921
;WIDTH:0.50601
G1 X16.404 Y-33.042 E11.78771
;WIDTH:0.549016
G1 X16.392 Y-32.906 E11.79712
;WIDTH:0.592021
G1 X16.38 Y-32.77 E11.80739
;WIDTH:0.635027
G1 X16.368 Y-32.634 E11.81851
G1 X16.495 Y-32.731 E11.83153
;WIDTH:0.592021
G1 X16.623 Y-32.829 E11.84366
;WIDTH:0.549016
G1 X16.751 Y-32.926 E11.85474
;WIDTH:0.50601
G1 X16.878 Y-33.023 E11.86476
;WIDTH:0.463005
G1 X17.006 Y-33.12 E11.87382
;WIDTH:0.42
G1 X17.687 Y-33.801 E11.92215
G1 X17.984 Y-33.995 E11.93995
G1 X18.296 Y-34.053 E11.95588
G1 X22.402 Y-34.053 E12.16194
G1 X22.714 Y-33.995 E12.17787
G1 X23.012 Y-33.801 E12.19572
G1 X23.256 Y-33.313 E12.2231
;WIDTH:0.463006
G1 X23.244 Y-33.177 E12.23081
;WIDTH:0.506012
G1 X23.232 Y-33.042 E12.23931
;WIDTH:0.549018
G1 X23.22 Y-32.906 E12.24872
;WIDTH:0.592024
G1 X23.208 Y-32.77 E12.25899
;WIDTH:0.635031
G1 X23.196 Y-32.634 E12.27011
G1 X23.324 Y-32.731 E12.2832
;WIDTH:0.592024
G1 X23.452 Y-32.829 E12.29533
;WIDTH:0.549018
G1 X23.579 Y-32.926 E12.30635
;WIDTH:0.506012
G1 X23.707 Y-33.023 E12.31642
;WIDTH:0.463006
G1 X23.834 Y-33.12 E12.32544
;WIDTH:0.42
G1 X24.515 Y-33.801 E12.37377
G1 X24.813 Y-33.995 E12.39162
G1 X25.125 Y-34.053 E12.40755
G1 X29.231 Y-34.053 E12.61361
G1 X29.543 Y-33.995 E12.62954
G1 X29.841 Y-33.801 E12.64739
G1 X30.084 Y-33.313 E12.67475
;WIDTH:0.463006
G1 X30.072 Y-33.177 E12.68246
;WIDTH:0.506013
G1 X30.061 Y-33.042 E12.69095
;WIDTH:0.549019
G1 X30.049 Y-32.906 E12.70036
;WIDTH:0.592026
G1 X30.037 Y-32.77 E12.71063
;WIDTH:0.635033
G1 X30.025 Y-32.634 E12.72175
G1 X30.152 Y-32.731 E12.73477
;WIDTH:0.592026
G1 X30.28 Y-32.829 E12.7469
;WIDTH:0.549019
G1 X30.408 Y-32.926 E12.75798
;WIDTH:0.506013
G1 X30.535 Y-33.023 E12.768
;WIDTH:0.463006
G1 X30.663 Y-33.12 E12.77707
;WIDTH:0.42
G1 X31.343 Y-33.801 E12.82537
G1 X31.641 Y-33.995 E12.84322
G1 X31.953 Y-34.053 E12.85915
G1 X36.059 Y-34.053 E13.06521
G1 X36.409 Y-33.979 E13.08316
G1 X36.678 Y-33.791 E13.09963
G1 X36.872 Y-33.48 E13.11803
G1 X36.921 Y-33.18 E13.13329
G1 X36.893 Y-32.971 E13.14387
G1 X36.669 Y-32.581 E13.16644
;WIDTH:0.460088
G1 X36.591 Y-32.476 E13.17377
;WIDTH:0.500176
G1 X36.514 Y-32.37 E13.18187
;WIDTH:0.540264
G1 X36.436 Y-32.264 E13.19078
;WIDTH:0.580352
G1 X36.359 Y-32.158 E13.20041
;WIDTH:0.620441
G1 X36.281 Y-32.052 E13.21085
G1 X36.394 Y-32.087 E13.22024
;WIDTH:0.580352
G1 X36.507 Y-32.122 E13.22894
;WIDTH:0.540264
G1 X36.62 Y-32.156 E13.23693
;WIDTH:0.500176
G1 X36.733 Y-32.191 E13.24425
;WIDTH:0.460088
G1 X36.845 Y-32.226 E13.25082
;WIDTH:0.42
G1 X37.291 Y-32.169 E13.27338
G1 X37.602 Y-31.949 E13.2925
G1 X37.777 Y-31.653 E13.30976
G1 X37.824 Y-31.372 E13.32406
G1 X37.824 Y-27.265 E13.53017
G1 X37.77 Y-26.965 E13.54547
G1 X37.572 Y-26.656 E13.56389
G1 X36.891 Y-25.975 E13.61222
;WIDTH:0.460088
G1 X36.769 Y-25.825 E13.62305
;WIDTH:0.500177
G1 X36.647 Y-25.675 E13.63501
;WIDTH:0.540265
G1 X36.525 Y-25.524 E13.64815
;WIDTH:0.580354
G1 X36.403 Y-25.374 E13.66236
;WIDTH:0.620443
G1 X36.281 Y-25.224 E13.6777
G1 X36.442 Y-25.258 E13.69076
;WIDTH:0.580354
G1 X36.602 Y-25.293 E13.7028
;WIDTH:0.540265
G1 X36.763 Y-25.328 E13.71395
;WIDTH:0.500177
G1 X36.923 Y-25.362 E13.72407
;WIDTH:0.460088
G1 X37.084 Y-25.397 E13.7333
;WIDTH:0.42
G1 X37.572 Y-25.153 E13.76068
G1 X37.77 Y-24.844 E13.7791
G1 X37.824 Y-24.543 E13.79445
G1 X37.824 Y-20.437 E14.00051
G1 X37.774 Y-20.146 E14.01533
G1 X37.572 Y-19.827 E14.03428
G1 X36.891 Y-19.147 E14.08258
;WIDTH:0.460088
G1 X36.769 Y-18.997 E14.09341
;WIDTH:0.500177
G1 X36.647 Y-18.846 E14.10542
;WIDTH:0.540265
G1 X36.525 Y-18.696 E14.11851
;WIDTH:0.580354
G1 X36.403 Y-18.546 E14.13272
;WIDTH:0.620443
G1 X36.281 Y-18.395 E14.14812
G1 X36.442 Y-18.43 E14.16119
;WIDTH:0.580354
G1 X36.602 Y-18.465 E14.17323
;WIDTH:0.540265
G1 X36.763 Y-18.499 E14.18437
;WIDTH:0.500177
G1 X36.923 Y-18.534 E14.1945
;WIDTH:0.460088
G1 X37.084 Y-18.568 E14.20372
;WIDTH:0.42
G1 X37.572 Y-18.325 E14.23108
G1 X37.774 Y-18.005 E14.25007
G1 X37.824 Y-17.715 E14.26484
G1 X37.824 Y-13.609 E14.4709
G1 X37.76 Y-13.283 E14.48757
G1 X37.572 Y-12.999 E14.50466
G1 X36.891 Y-12.318 E14.55299
;WIDTH:0.460088
G1 X36.769 Y-12.168 E14.56382
;WIDTH:0.500177
G1 X36.647 Y-12.018 E14.57578
;WIDTH:0.540265
G1 X36.525 Y-11.868 E14.58887
;WIDTH:0.580354
G1 X36.403 Y-11.717 E14.60314
;WIDTH:0.620443
G1 X36.281 Y-11.567 E14.61848
G1 X36.442 Y-11.602 E14.63155
;WIDTH:0.580354
G1 X36.602 Y-11.636 E14.64358
;WIDTH:0.540265
G1 X36.763 Y-11.671 E14.65473
;WIDTH:0.500177
G1 X36.923 Y-11.705 E14.66485
;WIDTH:0.460088
G1 X37.084 Y-11.74 E14.67408
;WIDTH:0.42
G1 X37.572 Y-11.496 E14.70146
G1 X37.76 Y-11.212 E14.71855
G1 X37.824 Y-10.886 E14.73522
G1 X37.824 Y-6.78 E14.94128
G1 X37.774 Y-6.489 E14.9561
G1 X37.572 Y-6.171 E14.97501
G1 X36.891 Y-5.49 E15.02334
;WIDTH:0.460088
G1 X36.769 Y-5.34 E15.03417
;WIDTH:0.500177
G1 X36.647 Y-5.189 E15.04618
;WIDTH:0.540265
G1 X36.525 Y-5.039 E15.05927
;WIDTH:0.580354
G1 X36.403 Y-4.889 E15.07348
;WIDTH:0.620443
G1 X36.281 Y-4.739 E15.08882
G1 X36.442 Y-4.773 E15.10188
;WIDTH:0.580354
G1 X36.602 Y-4.808 E15.11392
;WIDTH:0.540265
G1 X36.763 Y-4.842 E15.12506
;WIDTH:0.500177
G1 X36.923 Y-4.877 E15.13519
;WIDTH:0.460088
G1 X37.084 Y-4.912 E15.14442
;WIDTH:0.42
G1 X37.572 Y-4.668 E15.1718
G1 X37.774 Y-4.349 E15.19075
G1 X37.824 Y-4.058 E15.20557
G1 X37.824 Y.048 E15.41163
G1 X37.774 Y.339 E15.42645
G1 X37.572 Y.658 E15.4454
G1 X36.891 Y1.338 E15.4937
;WIDTH:0.460089
G1 X36.769 Y1.489 E15.50457
;WIDTH:0.500178
G1 X36.647 Y1.639 E15.51653
;WIDTH:0.540267
G1 X36.525 Y1.789 E15.52962
;WIDTH:0.580356
G1 X36.403 Y1.94 E15.54389
;WIDTH:0.620445
G1 X36.281 Y2.09 E15.55923
G1 X36.442 Y2.055 E15.5723
;WIDTH:0.580356
G1 X36.602 Y2.021 E15.58433
;WIDTH:0.540267
G1 X36.763 Y1.986 E15.59548
;WIDTH:0.500178
G1 X36.923 Y1.951 E15.60561
;WIDTH:0.460089
G1 X37.084 Y1.917 E15.61483
;WIDTH:0.42
G1 X37.572 Y2.161 E15.64221
G1 X37.774 Y2.48 E15.66116
G1 X37.824 Y2.77 E15.67593
G1 X37.824 Y6.877 E15.88204
G1 X37.774 Y7.166 E15.89676
G1 X37.572 Y7.486 E15.91575
G1 X36.891 Y8.167 E15.96408
;WIDTH:0.460088
G1 X36.769 Y8.317 E15.97491
;WIDTH:0.500177
G1 X36.647 Y8.467 E15.98687
;WIDTH:0.540265
G1 X36.525 Y8.618 E16.00001
;WIDTH:0.580354
G1 X36.403 Y8.768 E16.01422
;WIDTH:0.620443
G1 X36.281 Y8.918 E16.02956
G1 X36.442 Y8.884 E16.04262
;WIDTH:0.580354
G1 X36.602 Y8.849 E16.05466
;WIDTH:0.540265
G1 X36.763 Y8.815 E16.0658
;WIDTH:0.500177
G1 X36.923 Y8.78 E16.07593
;WIDTH:0.460088
G1 X37.084 Y8.745 E16.08516
;WIDTH:0.42
G1 X37.572 Y8.989 E16.11254
G1 X37.774 Y9.309 E16.13153
G1 X37.824 Y9.599 E16.1463
G1 X37.824 Y13.705 E16.35236
G1 X37.775 Y13.992 E16.36697
G1 X37.572 Y14.315 E16.38612
G1 X36.891 Y14.995 E16.43442
;WIDTH:0.460089
G1 X36.769 Y15.146 E16.44529
;WIDTH:0.500178
G1 X36.647 Y15.296 E16.45725
;WIDTH:0.540267
G1 X36.525 Y15.446 E16.47034
;WIDTH:0.580356
G1 X36.403 Y15.596 E16.48456
;WIDTH:0.620445
G1 X36.281 Y15.747 E16.49996
G1 X36.442 Y15.712 E16.51303
;WIDTH:0.580356
G1 X36.602 Y15.678 E16.52506
;WIDTH:0.540267
G1 X36.763 Y15.643 E16.53621
;WIDTH:0.500178
G1 X36.923 Y15.608 E16.54634
;WIDTH:0.460089
G1 X37.084 Y15.574 E16.55556
;WIDTH:0.42
G1 X37.572 Y15.818 E16.58294
G1 X37.775 Y16.141 E16.60209
G1 X37.824 Y16.427 E16.61665
G1 X37.824 Y20.534 E16.82276
G1 X37.773 Y20.827 E16.83769
G1 X37.572 Y21.143 E16.85649
G1 X36.891 Y21.824 E16.90482
;WIDTH:0.460089
G1 X36.769 Y21.974 E16.91565
;WIDTH:0.500178
G1 X36.647 Y22.124 E16.92761
;WIDTH:0.540267
G1 X36.525 Y22.275 E16.94075
;WIDTH:0.580356
G1 X36.403 Y22.425 E16.95497
;WIDTH:0.620445
G1 X36.281 Y22.575 E16.97031
G1 X36.442 Y22.541 E16.98337
;WIDTH:0.580356
G1 X36.602 Y22.506 E16.99541
;WIDTH:0.540267
G1 X36.763 Y22.471 E17.00656
;WIDTH:0.500178
G1 X36.923 Y22.437 E17.01668
;WIDTH:0.460089
G1 X37.084 Y22.402 E17.02591
;WIDTH:0.42
G1 X37.572 Y22.646 E17.05329
G1 X37.773 Y22.963 E17.07213
G1 X37.824 Y23.256 E17.08706
G1 X37.824 Y27.384 E17.29423
G1 X37.778 Y27.664 E17.30847
G1 X37.586 Y27.979 E17.32698
G1 X37.315 Y28.17 E17.34362
G1 X36.962 Y28.246 E17.36174
G1 X32.834 Y28.246 E17.56891
G1 X32.522 Y28.188 E17.58484
G1 X32.224 Y27.994 E17.60269
G1 X31.98 Y27.506 E17.63007
;WIDTH:0.463006
G1 X31.992 Y27.37 E17.63778
;WIDTH:0.506013
G1 X32.004 Y27.234 E17.64634
;WIDTH:0.549019
G1 X32.016 Y27.099 E17.65569
;WIDTH:0.592026
G1 X32.028 Y26.963 E17.66596
;WIDTH:0.635033
G1 X32.04 Y26.827 E17.67708
G1 X31.912 Y26.924 E17.69017
;WIDTH:0.592026
G1 X31.785 Y27.021 E17.70219
;WIDTH:0.549019
G1 X31.657 Y27.119 E17.71331
;WIDTH:0.506013
G1 X31.529 Y27.216 E17.72338
;WIDTH:0.463006
G1 X31.402 Y27.313 E17.7324
;WIDTH:0.42
G1 X30.721 Y27.994 E17.78073
G1 X30.423 Y28.188 E17.79858
G1 X30.112 Y28.246 E17.81446
G1 X26.005 Y28.246 E18.02057
G1 X25.694 Y28.188 E18.03645
G1 X25.396 Y27.994 E18.0543
G1 X25.152 Y27.506 E18.08168
;WIDTH:0.463005
G1 X25.164 Y27.37 E18.08939
;WIDTH:0.506011
G1 X25.176 Y27.234 E18.09795
;WIDTH:0.549017
G1 X25.188 Y27.099 E18.1073
;WIDTH:0.592023
G1 X25.2 Y26.963 E18.11757
;WIDTH:0.635029
G1 X25.211 Y26.827 E18.12869
G1 X25.084 Y26.924 E18.14171
;WIDTH:0.592023
G1 X24.956 Y27.021 E18.15379
;WIDTH:0.549017
G1 X24.829 Y27.119 E18.16485
;WIDTH:0.506011
G1 X24.701 Y27.216 E18.17492
;WIDTH:0.463005
G1 X24.573 Y27.313 E18.18398
;WIDTH:0.42
G1 X23.893 Y27.994 E18.23228
G1 X23.595 Y28.188 E18.25013
G1 X23.283 Y28.246 E18.26606
G1 X19.177 Y28.246 E18.47212
G1 X18.865 Y28.188 E18.48805
G1 X18.567 Y27.994 E18.5059
G1 X18.323 Y27.506 E18.53328
;WIDTH:0.463006
G1 X18.335 Y27.37 E18.54099
;WIDTH:0.506013
G1 X18.347 Y27.234 E18.54955
;WIDTH:0.549019
G1 X18.359 Y27.099 E18.5589
;WIDTH:0.592026
G1 X18.371 Y26.963 E18.56917
;WIDTH:0.635033
G1 X18.383 Y26.827 E18.58029
G1 X18.255 Y26.924 E18.59338
;WIDTH:0.592026
G1 X18.128 Y27.021 E18.6054
;WIDTH:0.549019
G1 X18 Y27.119 E18.61652
;WIDTH:0.506013
G1 X17.873 Y27.216 E18.62654
;WIDTH:0.463006
G1 X17.745 Y27.313 E18.63561
;WIDTH:0.42
G1 X17.064 Y27.994 E18.68394
G1 X16.766 Y28.188 E18.70179
G1 X16.455 Y28.246 E18.71767
G1 X12.349 Y28.246 E18.92373
G1 X12.037 Y28.188 E18.93966
G1 X11.739 Y27.994 E18.95751
G1 X11.495 Y27.506 E18.98489
;WIDTH:0.463005
G1 X11.507 Y27.37 E18.9926
;WIDTH:0.50601
G1 X11.519 Y27.234 E19.00116
;WIDTH:0.549016
G1 X11.531 Y27.099 E19.01051
;WIDTH:0.592021
G1 X11.543 Y26.963 E19.02078
;WIDTH:0.635027
G1 X11.555 Y26.827 E19.0319
G1 X11.427 Y26.924 E19.04499
;WIDTH:0.592021
G1 X11.299 Y27.021 E19.05707
;WIDTH:0.549016
G1 X11.172 Y27.119 E19.06813
;WIDTH:0.50601
G1 X11.044 Y27.216 E19.0782
;WIDTH:0.463005
G1 X10.917 Y27.313 E19.08722
;WIDTH:0.42
G1 X10.236 Y27.994 E19.13555
G1 X9.938 Y28.188 E19.1534
G1 X9.626 Y28.246 E19.16933
G1 X5.52 Y28.246 E19.37539
G1 X5.208 Y28.188 E19.39132
G1 X4.91 Y27.994 E19.40917
G1 X4.667 Y27.506 E19.43653
;WIDTH:0.463006
G1 X4.678 Y27.37 E19.44423
;WIDTH:0.506012
G1 X4.69 Y27.234 E19.45279
;WIDTH:0.549018
G1 X4.702 Y27.099 E19.46214
;WIDTH:0.592024
G1 X4.714 Y26.963 E19.47241
;WIDTH:0.635031
G1 X4.726 Y26.827 E19.48353
G1 X4.599 Y26.924 E19.49655
;WIDTH:0.592024
G1 X4.471 Y27.021 E19.50863
;WIDTH:0.549018
G1 X4.343 Y27.119 E19.51975
;WIDTH:0.506012
G1 X4.216 Y27.216 E19.52977
;WIDTH:0.463006
G1 X4.088 Y27.313 E19.53883
;WIDTH:0.42
G1 X3.408 Y27.994 E19.58713
G1 X3.11 Y28.188 E19.60498
G1 X2.798 Y28.246 E19.62091
G1 X-1.308 Y28.246 E19.82697
G1 X-1.62 Y28.188 E19.8429
G1 X-1.918 Y27.994 E19.86075
G1 X-2.162 Y27.506 E19.88813
;WIDTH:0.463005
G1 X-2.15 Y27.37 E19.89584
;WIDTH:0.506011
G1 X-2.138 Y27.234 E19.9044
;WIDTH:0.549017
G1 X-2.126 Y27.099 E19.91375
;WIDTH:0.592023
G1 X-2.114 Y26.963 E19.92402
;WIDTH:0.635029
G1 X-2.102 Y26.827 E19.93514
G1 X-2.23 Y26.924 E19.94823
;WIDTH:0.592023
G1 X-2.357 Y27.021 E19.96025
;WIDTH:0.549017
G1 X-2.485 Y27.119 E19.97137
;WIDTH:0.506011
G1 X-2.613 Y27.216 E19.98144
;WIDTH:0.463005
G1 X-2.74 Y27.313 E19.99046
;WIDTH:0.42
G1 X-3.421 Y27.994 E20.03879
G1 X-3.719 Y28.188 E20.05664
G1 X-4.031 Y28.246 E20.07257
G1 X-8.137 Y28.246 E20.27863
G1 X-8.448 Y28.188 E20.29451
G1 X-8.746 Y27.994 E20.31236
G1 X-8.99 Y27.506 E20.33974
;WIDTH:0.463006
G1 X-8.978 Y27.37 E20.34745
;WIDTH:0.506012
G1 X-8.966 Y27.234 E20.35601
;WIDTH:0.549018
G1 X-8.955 Y27.099 E20.36535
;WIDTH:0.592024
G1 X-8.943 Y26.963 E20.37562
;WIDTH:0.635031
G1 X-8.931 Y26.827 E20.38674
G1 X-9.058 Y26.924 E20.39976
;WIDTH:0.592024
G1 X-9.186 Y27.021 E20.41184
;WIDTH:0.549018
G1 X-9.313 Y27.119 E20.4229
;WIDTH:0.506012
G1 X-9.441 Y27.216 E20.43297
;WIDTH:0.463006
G1 X-9.569 Y27.313 E20.44203
;WIDTH:0.42
G1 X-10.249 Y27.994 E20.49033
G1 X-10.547 Y28.188 E20.50818
G1 X-10.859 Y28.246 E20.52411
G1 X-14.965 Y28.246 E20.73017
G1 X-15.277 Y28.188 E20.7461
G1 X-15.575 Y27.994 E20.76395
G1 X-15.819 Y27.506 E20.79133
;WIDTH:0.463006
G1 X-15.807 Y27.37 E20.79904
;WIDTH:0.506013
G1 X-15.795 Y27.234 E20.8076
;WIDTH:0.549019
G1 X-15.783 Y27.099 E20.81695
;WIDTH:0.592026
G1 X-15.771 Y26.963 E20.82722
;WIDTH:0.635033
G1 X-15.759 Y26.827 E20.83834
G1 X-15.887 Y26.924 E20.85143
;WIDTH:0.592026
G1 X-16.014 Y27.021 E20.86345
;WIDTH:0.549019
G1 X-16.142 Y27.119 E20.87457
;WIDTH:0.506013
G1 X-16.27 Y27.216 E20.88464
;WIDTH:0.463006
G1 X-16.397 Y27.313 E20.89366
;WIDTH:0.42
G1 X-17.078 Y27.994 E20.94199
G1 X-17.376 Y28.188 E20.95984
G1 X-17.687 Y28.246 E20.97572
G1 X-21.794 Y28.246 E21.18183
G1 X-22.105 Y28.188 E21.19771
G1 X-22.403 Y27.994 E21.21556
G1 X-22.647 Y27.506 E21.24294
;WIDTH:0.463005
G1 X-22.635 Y27.37 E21.25065
;WIDTH:0.50601
G1 X-22.623 Y27.234 E21.25921
;WIDTH:0.549016
G1 X-22.611 Y27.099 E21.26856
;WIDTH:0.592021
G1 X-22.599 Y26.963 E21.27883
;WIDTH:0.635027
G1 X-22.587 Y26.827 E21.28995
G1 X-22.715 Y26.924 E21.30304
;WIDTH:0.592021
G1 X-22.843 Y27.021 E21.31512
;WIDTH:0.549016
G1 X-22.97 Y27.119 E21.32618
;WIDTH:0.50601
G1 X-23.098 Y27.216 E21.33625
;WIDTH:0.463005
G1 X-23.226 Y27.313 E21.34531
;WIDTH:0.42
G1 X-23.906 Y27.994 E21.39361
G1 X-24.204 Y28.188 E21.41146
G1 X-24.516 Y28.246 E21.42739
G1 X-28.622 Y28.246 E21.63345
G1 X-28.934 Y28.188 E21.64938
G1 X-29.232 Y27.994 E21.66723
G1 X-29.476 Y27.506 E21.69461
;WIDTH:0.463006
G1 X-29.464 Y27.37 E21.70232
;WIDTH:0.506012
G1 X-29.452 Y27.234 E21.71088
;WIDTH:0.549018
G1 X-29.44 Y27.099 E21.72023
;WIDTH:0.592024
G1 X-29.428 Y26.963 E21.7305
;WIDTH:0.635031
G1 X-29.416 Y26.827 E21.74162
G1 X-29.544 Y26.924 E21.75471
;WIDTH:0.592024
G1 X-29.671 Y27.021 E21.76673
;WIDTH:0.549018
G1 X-29.799 Y27.119 E21.77785
;WIDTH:0.506012
G1 X-29.926 Y27.216 E21.78787
;WIDTH:0.463006
G1 X-30.054 Y27.313 E21.79693
;WIDTH:0.42
G1 X-30.735 Y27.994 E21.84526
G1 X-31.033 Y28.188 E21.86311
G1 X-31.344 Y28.246 E21.87899
G1 X-35.45 Y28.246 E22.08505
G1 X-35.762 Y28.188 E22.10098
G1 X-36.06 Y27.994 E22.11883
G1 X-36.304 Y27.506 E22.14621
;WIDTH:0.463005
G1 X-36.292 Y27.37 E22.15392
;WIDTH:0.506011
G1 X-36.28 Y27.234 E22.16248
;WIDTH:0.549017
G1 X-36.268 Y27.099 E22.17183
;WIDTH:0.592023
G1 X-36.256 Y26.963 E22.1821
;WIDTH:0.635029
G1 X-36.244 Y26.827 E22.19322
G1 X-36.372 Y26.924 E22.20631
;WIDTH:0.592023
G1 X-36.5 Y27.021 E22.21839
;WIDTH:0.549017
G1 X-36.627 Y27.119 E22.22945
;WIDTH:0.506011
G1 X-36.755 Y27.216 E22.23952
;WIDTH:0.463005
G1 X-36.882 Y27.313 E22.24854
;WIDTH:0.42
G1 X-37.563 Y27.994 E22.29687
G1 X-37.861 Y28.188 E22.31472
G1 X-38.173 Y28.246 E22.33065
G1 X-42.279 Y28.246 E22.53671
G1 X-42.591 Y28.188 E22.55264
G1 X-42.889 Y27.994 E22.57049
G1 X-43.009 Y27.753 E22.584
G1 E20.584 F2400
G92 E0
G1 Z2.35 F7200
G1 X16.027 Y-33.382
G1 Z.35
G1 E2 F2400
G1 F1800
G1 X16.086 Y-33.264 E2.00662
G1 X15.994 Y-32.88 E2.02644
G1 X-44.635 Y27.75 E6.32953
G1 X-44.906 Y27.901 E6.3451
G1 X-49.107 Y27.901 E6.55593
G1 X-49.334 Y27.849 E6.56762
G1 X-49.473 Y27.75 E6.57618
G1 X-49.619 Y27.457 E6.59261
G1 X-49.527 Y27.072 E6.61248
G1 X11.102 Y-33.557 E10.91553
G1 X11.372 Y-33.708 E10.93106
G1 X15.574 Y-33.708 E11.14194
G1 X15.801 Y-33.656 E11.15363
G1 X15.94 Y-33.557 E11.16219
G1 X16.001 Y-33.435 E11.16904
G1 X15.724 Y-33.257 F7200
;TYPE:External perimeter
G1 F1800
G1 X15.745 Y-33.216 E11.17135
G1 X15.696 Y-33.069 E11.17913
G1 X-44.879 Y27.506 E15.47835
G1 X-45.001 Y27.556 E15.48497
G1 X-49.107 Y27.556 E15.69103
G1 X-49.229 Y27.506 E15.69765
G1 X-49.278 Y27.408 E15.70315
G1 X-49.229 Y27.262 E15.71088
G1 X11.346 Y-33.313 E20.0101
G1 X11.468 Y-33.364 E20.01674
G1 X15.574 Y-33.364 E20.2228
G1 X15.696 Y-33.313 E20.22944
G1 X15.697 Y-33.311 E20.22955
G1 X15.558 Y-32.936 F7200
G1 E18.22955 F2400
G92 E0
G1 Z2.35 F7200
G1 X9.199 Y-33.382
G1 Z.35
G1 E2 F2400
;TYPE:Perimeter
G1 F1800
G1 X9.258 Y-33.264 E2.00662
G1 X9.166 Y-32.88 E2.02644
G1 X-51.464 Y27.75 E6.32956
G1 X-51.734 Y27.901 E6.34509
G1 X-55.936 Y27.901 E6.55597
G1 X-56.196 Y27.831 E6.56948
G1 X-56.368 Y27.668 E6.58137
G1 X-56.436 Y27.515 E6.58977
G1 X-56.432 Y27.238 E6.60367
G1 X-56.302 Y27.018 E6.61649
G1 X4.274 Y-33.557 E10.91575
G1 X4.544 Y-33.708 E10.93128
G1 X8.746 Y-33.708 E11.14216
G1 X8.972 Y-33.656 E11.1538
G1 X9.111 Y-33.557 E11.16236
G1 X9.172 Y-33.435 E11.16921
G1 X8.895 Y-33.257 F7200
;TYPE:External perimeter
G1 F1800
G1 X8.916 Y-33.216 E11.17152
G1 X8.868 Y-33.069 E11.17928
G1 X-51.708 Y27.506 E15.47854
G1 X-51.83 Y27.556 E15.48516
G1 X-55.936 Y27.556 E15.69122
G1 X-56.069 Y27.494 E15.69858
G1 X-56.101 Y27.335 E15.70672
G1 X-55.718 Y26.922 E15.73499
G1 X4.517 Y-33.313 E20.01008
G1 X4.639 Y-33.364 E20.01672
G1 X8.746 Y-33.364 E20.22283
G1 X8.868 Y-33.313 E20.22947
G1 X8.869 Y-33.311 E20.22958
G1 X8.729 Y-32.936 F7200
G1 E18.22958 F2400
G92 E0
G1 Z2.35 F7200
G1 X-57.043 Y26.035
G1 Z.35
G1 E2 F2400
;TYPE:Perimeter
G1 F1800
G1 X-57.187 Y25.947 E2.00847
G1 X-57.326 Y25.737 E2.02111
G1 X-57.356 Y25.564 E2.02992
G1 X-57.356 Y21.458 E2.23598
G1 X-57.304 Y21.232 E2.24762
G1 X-57.204 Y21.092 E2.25625
G1 X-2.555 Y-33.557 E6.13488
G1 X-2.284 Y-33.708 E6.15045
G1 X1.917 Y-33.708 E6.36128
G1 X2.144 Y-33.656 E6.37297
G1 X2.283 Y-33.557 E6.38153
G1 X2.429 Y-33.264 E6.39796
G1 X2.337 Y-32.88 E6.41778
G1 X-56.473 Y25.93 E10.59173
G1 X-56.768 Y26.077 E10.60827
G1 X-56.987 Y26.052 E10.61933
G1 X-56.895 Y25.711 F7200
;TYPE:External perimeter
G1 F1800
G1 X-56.955 Y25.692 E10.62249
G1 X-57.011 Y25.564 E10.6295
G1 X-57.011 Y21.458 E10.83556
G1 X-56.96 Y21.336 E10.8422
G1 X-2.311 Y-33.313 E14.72083
G1 X-2.189 Y-33.364 E14.72747
G1 X1.917 Y-33.364 E14.93353
G1 X2.039 Y-33.313 E14.94017
G1 X2.088 Y-33.216 E14.94562
G1 X2.039 Y-33.069 E14.9534
G1 X-56.717 Y25.686 E19.12348
G1 X-56.815 Y25.735 E19.12898
G1 X-56.837 Y25.728 E19.13014
G1 X-57.01 Y25.368 F7200
G1 E17.13014 F2400
G92 E0
G1 Z2.35 F7200
G1 X-4.458 Y-33.382
G1 Z.35
G1 E2 F2400
;TYPE:Perimeter
G1 F1800
G1 X-4.399 Y-33.264 E2.00662
G1 X-4.491 Y-32.88 E2.02644
G1 X-56.473 Y19.102 E5.71579
G1 X-56.541 Y19.16 E5.72028
G1 X-56.912 Y19.248 E5.73942
G1 X-57.204 Y19.102 E5.7558
G1 X-57.356 Y18.831 E5.77139
G1 X-57.356 Y14.63 E5.98222
G1 X-57.304 Y14.404 E5.99386
G1 X-57.204 Y14.264 E6.00249
G1 X-9.383 Y-33.557 E9.39651
G1 X-9.113 Y-33.708 E9.41204
G1 X-4.911 Y-33.708 E9.62292
G1 X-4.685 Y-33.656 E9.63456
G1 X-4.545 Y-33.557 E9.64317
G1 X-4.485 Y-33.435 E9.64999
G1 X-4.761 Y-33.257 F7200
;TYPE:External perimeter
G1 F1800
G1 X-4.741 Y-33.216 E9.65228
G1 X-4.789 Y-33.069 E9.66004
G1 X-56.717 Y18.858 E13.34552
G1 X-56.863 Y18.907 E13.35325
G1 X-57.011 Y18.789 E13.36275
G1 X-57.011 Y14.63 E13.57147
G1 X-56.96 Y14.508 E13.57811
G1 X-9.139 Y-33.313 E16.97213
G1 X-9.018 Y-33.364 E16.97872
G1 X-4.911 Y-33.364 E17.18483
G1 X-4.789 Y-33.313 E17.19147
G1 X-4.788 Y-33.311 E17.19158
G1 X-4.927 Y-32.936 F7200
G1 E15.19158 F2400
G92 E0
G1 Z2.35 F7200
G1 X-11.286 Y-33.382
G1 Z.35
G1 E2 F2400
;TYPE:Perimeter
G1 F1800
G1 X-11.228 Y-33.264 E2.0066
G1 X-11.32 Y-32.88 E2.02642
G1 X-56.473 Y12.273 E5.23109
G1 X-56.541 Y12.331 E5.23558
G1 X-56.912 Y12.42 E5.25473
G1 X-57.204 Y12.273 E5.27114
G1 X-57.356 Y12.025 E5.28574
G1 X-57.356 Y7.801 E5.49773
G1 X-57.304 Y7.575 E5.50937
G1 X-57.204 Y7.436 E5.51796
G1 X-16.212 Y-33.557 E8.42734
G1 X-15.941 Y-33.708 E8.44291
G1 X-11.74 Y-33.708 E8.65374
G1 X-11.513 Y-33.656 E8.66543
G1 X-11.374 Y-33.557 E8.67399
G1 X-11.313 Y-33.435 E8.68084
G1 X-11.59 Y-33.257 F7200
;TYPE:External perimeter
G1 F1800
G1 X-11.569 Y-33.216 E8.68315
G1 X-11.618 Y-33.069 E8.69093
G1 X-56.717 Y12.03 E11.89176
G1 X-56.863 Y12.078 E11.89947
G1 X-57.011 Y11.961 E11.90894
G1 X-57.011 Y7.801 E12.11771
G1 X-56.96 Y7.679 E12.12435
G1 X-15.968 Y-33.313 E15.0337
G1 X-15.846 Y-33.364 E15.04034
G1 X-11.74 Y-33.364 E15.2464
G1 X-11.618 Y-33.313 E15.25304
G1 X-11.617 Y-33.311 E15.25315
G1 X-11.756 Y-32.936 F7200
G1 E13.25315 F2400
G92 E0
G1 Z2.35 F7200
G1 X-18.115 Y-33.382
G1 Z.35
G1 E2 F2400
;TYPE:Perimeter
G1 F1800
G1 X-18.056 Y-33.264 E2.00662
G1 X-18.148 Y-32.88 E2.02644
G1 X-56.473 Y5.445 E4.7465
G1 X-56.541 Y5.503 E4.75099
G1 X-56.912 Y5.591 E4.77013
G1 X-57.204 Y5.445 E4.78651
G1 X-57.356 Y5.174 E4.8021
G1 X-57.356 Y.973 E5.01293
G1 X-57.304 Y.747 E5.02457
G1 X-57.204 Y.607 E5.0332
G1 X-23.04 Y-33.557 E7.45794
G1 X-22.77 Y-33.708 E7.47347
G1 X-18.568 Y-33.708 E7.68435
G1 X-18.342 Y-33.656 E7.69599
G1 X-18.202 Y-33.557 E7.7046
G1 X-18.142 Y-33.435 E7.71142
G1 X-18.418 Y-33.257 F7200
;TYPE:External perimeter
G1 F1800
G1 X-18.397 Y-33.216 E7.71373
G1 X-18.446 Y-33.069 E7.72151
G1 X-56.717 Y5.201 E10.4377
G1 X-56.863 Y5.25 E10.44543
G1 X-57.011 Y5.132 E10.45493
G1 X-57.011 Y.973 E10.66365
G1 X-56.96 Y.851 E10.67029
G1 X-22.796 Y-33.313 E13.09503
G1 X-22.674 Y-33.364 E13.10167
G1 X-18.568 Y-33.364 E13.30773
G1 X-18.446 Y-33.313 E13.31437
G1 X-18.445 Y-33.311 E13.31448
G1 X-18.584 Y-32.936 F7200
G1 E11.31448 F2400
G92 E0
G1 Z2.35 F7200
G1 X-31.772 Y-33.382
G1 Z.35
G1 E2 F2400
;TYPE:Perimeter
G1 F1800
G1 X-31.713 Y-33.264 E2.00662
G1 X-31.805 Y-32.88 E2.02644
G1 X-56.473 Y-8.212 E3.77721
G1 X-56.541 Y-8.154 E3.7817
G1 X-56.912 Y-8.066 E3.80084
G1 X-57.204 Y-8.212 E3.81722
G1 X-57.321 Y-8.391 E3.82795
G1 X-57.356 Y-8.49 E3.83322
G1 X-57.356 Y-12.684 E4.0437
G1 X-57.304 Y-12.91 E4.05534
G1 X-57.204 Y-13.05 E4.06397
G1 X-36.697 Y-33.557 E5.51942
G1 X-36.427 Y-33.708 E5.53495
G1 X-32.225 Y-33.708 E5.74583
G1 X-31.998 Y-33.656 E5.75752
G1 X-31.859 Y-33.557 E5.76608
G1 X-31.798 Y-33.435 E5.77293
G1 X-32.075 Y-33.257 F7200
;TYPE:External perimeter
G1 F1800
G1 X-32.054 Y-33.216 E5.77524
G1 X-32.103 Y-33.069 E5.78302
G1 X-56.717 Y-8.456 E7.52993
G1 X-56.863 Y-8.407 E7.53766
G1 X-57.011 Y-8.525 E7.54716
G1 X-57.011 Y-12.684 E7.75588
G1 X-56.96 Y-12.806 E7.76252
G1 X-36.453 Y-33.313 E9.21797
G1 X-36.331 Y-33.364 E9.22461
G1 X-32.225 Y-33.364 E9.43067
G1 X-32.103 Y-33.313 E9.43731
G1 X-32.102 Y-33.311 E9.43742
G1 X-32.241 Y-32.936 F7200
G1 E7.43742 F2400
G92 E0
G1 Z2.35 F7200
G1 X-45.428 Y-33.382
G1 Z.35
G1 E2 F2400
;TYPE:Perimeter
G1 F1800
G1 X-45.37 Y-33.264 E2.0066
G1 X-45.462 Y-32.88 E2.02642
G1 X-56.473 Y-21.869 E2.80791
G1 X-56.541 Y-21.811 E2.8124
G1 X-56.912 Y-21.722 E2.83155
G1 X-57.204 Y-21.869 E2.84796
G1 X-57.356 Y-22.14 E2.86355
G1 X-57.356 Y-26.341 E3.07438
G1 X-57.321 Y-26.527 E3.08388
G1 X-57.204 Y-26.707 E3.09465
G1 X-50.354 Y-33.557 E3.58082
G1 X-50.083 Y-33.708 E3.59639
G1 X-45.882 Y-33.708 E3.80722
G1 X-45.655 Y-33.656 E3.81891
G1 X-45.516 Y-33.557 E3.82747
G1 X-45.455 Y-33.435 E3.83432
G1 X-45.732 Y-33.257 F7200
;TYPE:External perimeter
G1 F1800
G1 X-45.711 Y-33.216 E3.83663
G1 X-45.76 Y-33.069 E3.84441
G1 X-56.717 Y-22.113 E4.62203
G1 X-56.863 Y-22.064 E4.62976
G1 X-57.011 Y-22.182 E4.63926
G1 X-56.999 Y-26.403 E4.8511
G1 X-56.28 Y-27.143 E4.90288
G1 X-50.11 Y-33.313 E5.34079
G1 X-49.988 Y-33.364 E5.34743
G1 X-45.882 Y-33.364 E5.55349
G1 X-45.76 Y-33.313 E5.56013
G1 X-45.759 Y-33.311 E5.56024
G1 X-45.898 Y-32.936 F7200
G1 E3.56024 F2400
G92 E0
G1 Z2.35 F7200
G1 X-52.257 Y-33.382
G1 Z.35
G1 E2 F2400
;TYPE:Perimeter
G1 F1800
G1 X-52.198 Y-33.264 E2.00662
G1 X-52.29 Y-32.88 E2.02644
G1 X-56.473 Y-28.697 E2.32332
G1 X-56.541 Y-28.639 E2.32781
G1 X-56.912 Y-28.551 E2.34695
G1 X-57.204 Y-28.697 E2.36333
G1 X-57.356 Y-28.968 E2.37892
G1 X-57.356 Y-33.07 E2.58478
G1 X-57.319 Y-33.382 E2.60055
G1 X-57.156 Y-33.6 E2.61421
G1 X-56.898 Y-33.708 E2.62825
G1 X-52.71 Y-33.708 E2.83843
G1 X-52.484 Y-33.656 E2.85007
G1 X-52.344 Y-33.557 E2.85868
G1 X-52.284 Y-33.435 E2.8655
G1 X-52.56 Y-33.257 F7200
;TYPE:External perimeter
G1 F1800
G1 X-52.54 Y-33.216 E2.86779
G1 X-52.588 Y-33.069 E2.87555
G1 X-56.717 Y-28.941 E3.16856
G1 X-56.863 Y-28.892 E3.17629
G1 X-57.011 Y-29.01 E3.18579
G1 X-57.011 Y-33.07 E3.38954
G1 X-56.984 Y-33.284 E3.40036
G1 X-56.859 Y-33.364 E3.40781
G1 X-52.71 Y-33.364 E3.61603
G1 X-52.588 Y-33.313 E3.62267
G1 X-52.587 Y-33.311 E3.62278
G1 X-52.726 Y-32.936 F7200
G1 E1.62278 F2400
G92 E0
G1 Z2.35 F7200
G1 X-38.6 Y-33.382
G1 Z.35
G1 E2 F2400
;TYPE:Perimeter
G1 F1800
G1 X-38.541 Y-33.264 E2.00662
G1 X-38.633 Y-32.88 E2.02644
G1 X-56.473 Y-15.04 E3.29261
G1 X-56.541 Y-14.983 E3.29706
G1 X-56.912 Y-14.894 E3.31621
G1 X-57.204 Y-15.04 E3.33259
G1 X-57.356 Y-15.311 E3.34818
G1 X-57.356 Y-19.512 E3.55901
G1 X-57.304 Y-19.738 E3.57065
G1 X-57.204 Y-19.878 E3.57928
G1 X-43.525 Y-33.557 E4.55013
G1 X-43.255 Y-33.708 E4.56566
G1 X-39.053 Y-33.708 E4.77654
G1 X-38.916 Y-33.69 E4.78347
G1 X-38.688 Y-33.557 E4.79672
G1 X-38.627 Y-33.435 E4.80357
G1 X-38.904 Y-33.257 F7200
;TYPE:External perimeter
G1 F1800
G1 X-38.883 Y-33.216 E4.80588
G1 X-38.931 Y-33.069 E4.81364
G1 X-56.717 Y-15.284 E6.07594
G1 X-56.863 Y-15.235 E6.08367
G1 X-57.011 Y-15.353 E6.09317
G1 X-57.011 Y-19.512 E6.30189
G1 X-56.96 Y-19.634 E6.30853
G1 X-43.282 Y-33.313 E7.27934
G1 X-43.16 Y-33.364 E7.28598
G1 X-39.053 Y-33.364 E7.49209
G1 X-38.931 Y-33.313 E7.49873
G1 X-38.93 Y-33.311 E7.49884
G1 X-39.07 Y-32.936 F7200
G1 E5.49884 F2400
G92 E0
G1 Z2.35 F7200
G1 X-24.943 Y-33.382
G1 Z.35
G1 E2 F2400
;TYPE:Perimeter
G1 F1800
G1 X-24.884 Y-33.264 E2.00662
G1 X-24.977 Y-32.88 E2.02645
G1 X-56.473 Y-1.383 E4.26187
G1 X-56.541 Y-1.326 E4.26632
G1 X-56.912 Y-1.237 E4.28547
G1 X-57.204 Y-1.383 E4.30185
G1 X-57.356 Y-1.654 E4.31744
G1 X-57.356 Y-5.855 E4.52827
G1 X-57.304 Y-6.081 E4.53991
G1 X-57.204 Y-6.221 E4.54854
G1 X-29.869 Y-33.557 E6.48864
G1 X-29.598 Y-33.708 E6.50421
G1 X-25.397 Y-33.708 E6.71504
G1 X-25.17 Y-33.656 E6.72673
G1 X-25.031 Y-33.557 E6.73529
G1 X-24.97 Y-33.435 E6.74214
G1 X-25.247 Y-33.257 F7200
;TYPE:External perimeter
G1 F1800
G1 X-25.226 Y-33.216 E6.74445
G1 X-25.275 Y-33.069 E6.75223
G1 X-56.717 Y-1.627 E8.98378
G1 X-56.863 Y-1.579 E8.99149
G1 X-57.011 Y-1.696 E9.00096
G1 X-57.011 Y-5.855 E9.20968
G1 X-56.96 Y-5.977 E9.21632
G1 X-29.625 Y-33.313 E11.15642
G1 X-29.503 Y-33.364 E11.16306
G1 X-25.397 Y-33.364 E11.36912
G1 X-25.275 Y-33.313 E11.37576
G1 X-25.274 Y-33.311 E11.37587
G1 X-25.413 Y-32.936 F7200
G1 E9.37587 F2400
G92 E0
G1 Z2.35 F7200
G1 X-70.01 Y-39.809
G1 Z.35
G1 E2 F2400
;TYPE:Perimeter
G1 F1800
G1 X-70.257 Y-39.667 E2.0143
G1 X-70.426 Y-39.605 E2.02333
G1 X-70.986 Y-39.506 E2.05187
G1 X-71.725 Y-39.605 E2.08929
G1 X-72.387 Y-39.951 E2.12678
G1 X-72.89 Y-40.502 E2.16422
;WIDTH:0.433431
G1 X-73.181 Y-41.19 E2.20317
;WIDTH:0.434334
G1 X-73.213 Y-41.369 E2.21267
G1 X-73.213 Y-41.938 E2.24241
;WIDTH:0.459692
G1 X-73.171 Y-42.136 E2.25374
;WIDTH:0.485051
G1 X-73.129 Y-42.335 E2.26587
;WIDTH:0.515796
G1 X-72.927 Y-42.836 E2.30051
;WIDTH:0.535357
G1 X-72.694 Y-43.128 E2.32553
G1 X-72.396 Y-43.411 E2.35305
;WIDTH:0.523803
G1 X-71.912 Y-43.672 E2.38895
;WIDTH:0.491572
G1 X-71.557 Y-43.737 E2.41082
;WIDTH:0.460258
G1 X-71.202 Y-43.802 E2.43105
;WIDTH:0.446451
G1 X-70.654 Y-43.779 E2.46069
G1 X-70.257 Y-43.641 E2.4834
;WIDTH:0.42
G1 X-69.764 Y-43.356 E2.51198
G1 X-69.261 Y-42.805 E2.54942
G1 X-68.977 Y-42.115 E2.58687
G1 X-68.945 Y-41.369 E2.62434
G1 X-68.977 Y-41.192 E2.63337
G1 X-69.171 Y-40.658 E2.66188
G1 X-69.261 Y-40.502 E2.67092
G1 X-69.627 Y-40.067 E2.69945
G1 X-69.764 Y-39.951 E2.70846
G1 X-69.959 Y-39.839 E2.71975
G1 X-70.185 Y-40.112 F7200
;TYPE:External perimeter
G1 F1800
G1 X-70.429 Y-39.965 E2.73405
G1 X-71.046 Y-39.846 E2.76559
G1 X-71.666 Y-39.945 E2.7971
G1 X-72.214 Y-40.25 E2.82857
G1 X-72.626 Y-40.724 E2.86009
G1 X-72.85 Y-41.31 E2.89157
G1 X-72.861 Y-41.938 E2.92309
G1 X-72.689 Y-42.441 E2.94977
G1 X-72.544 Y-42.681 E2.96384
G1 X-72.198 Y-43.067 E2.98986
G1 X-71.722 Y-43.342 E3.01745
G1 X-71.139 Y-43.458 E3.04728
G1 X-70.747 Y-43.433 E3.06699
G1 X-70.429 Y-43.342 E3.08359
G1 X-69.937 Y-43.057 E3.11212
G1 X-69.525 Y-42.583 E3.14364
G1 X-69.301 Y-41.997 E3.17512
G1 X-69.29 Y-41.369 E3.20664
G1 X-69.495 Y-40.776 E3.23813
G1 X-69.891 Y-40.288 E3.26967
G1 X-70.134 Y-40.142 E3.2839
G1 X-70.493 Y-39.967 F7200
G1 E1.2839 F2400
G92 E0
G1 Z2.35 F7200
G1 X-71.113 Y33.708
G1 Z.35
G1 E2 F2400
;TYPE:Perimeter
G1 F1800
G1 X-70.658 Y33.734 E2.02287
G1 X-70.257 Y33.859 E2.04395
G1 X-69.764 Y34.144 E2.07253
G1 X-69.627 Y34.259 E2.08151
G1 X-69.261 Y34.695 E2.11008
G1 X-69.171 Y34.851 E2.11912
G1 X-68.977 Y35.385 E2.14763
G1 X-68.945 Y35.562 E2.15666
G1 X-68.945 Y36.131 E2.18522
G1 X-69.171 Y36.842 E2.22266
G1 X-69.627 Y37.433 E2.26012
;WIDTH:0.438269
G1 X-70.252 Y37.841 E2.29956
;WIDTH:0.476943
G1 X-70.421 Y37.923 E2.31054
G1 X-70.986 Y37.997 E2.34386
;WIDTH:0.45795
G1 X-71.515 Y37.951 E2.37344
;WIDTH:0.491571
G1 X-71.912 Y37.864 E2.39807
;WIDTH:0.523802
G1 X-72.396 Y37.604 E2.43394
;WIDTH:0.535356
G1 X-72.694 Y37.321 E2.46146
G1 X-72.978 Y36.949 E2.4928
;WIDTH:0.501968
G1 X-73.089 Y36.61 E2.51496
;WIDTH:0.474471
G1 X-73.2 Y36.271 E2.53569
;WIDTH:0.446974
G1 X-73.213 Y35.562 E2.57406
;WIDTH:0.434334
G1 X-72.98 Y34.851 E2.61317
;WIDTH:0.42
G1 X-72.525 Y34.259 E2.65064
G1 X-71.894 Y33.859 E2.68813
G1 X-71.201 Y33.703 E2.72378
G1 X-71.173 Y33.704 E2.72519
G1 X-71.11 Y34.044 F7200
;TYPE:External perimeter
G1 F1800
G1 X-70.747 Y34.067 E2.74344
G1 X-70.429 Y34.158 E2.76004
G1 X-69.937 Y34.443 E2.78857
G1 X-69.525 Y34.917 E2.82009
G1 X-69.301 Y35.503 E2.85157
G1 X-69.29 Y36.131 E2.88309
G1 X-69.495 Y36.724 E2.91458
G1 X-69.891 Y37.212 E2.94612
G1 X-70.429 Y37.535 E2.97761
G1 X-71.046 Y37.654 E3.00915
G1 X-71.666 Y37.555 E3.04066
G1 X-72.198 Y37.26 E3.07119
G1 X-72.544 Y36.874 E3.09721
G1 X-72.689 Y36.634 E3.11128
G1 X-72.858 Y36.161 E3.13649
G1 X-72.861 Y35.562 E3.16655
G1 X-72.656 Y34.969 E3.19804
G1 X-72.26 Y34.481 E3.22958
G1 X-71.722 Y34.158 E3.26107
G1 X-71.169 Y34.048 E3.28937
G1 X-70.77 Y34.073 F7200
G1 E1.28937 F2400
G92 E0
G1 Z2.35 F7200
G1 X63.713 Y38.005
G1 Z.35
G1 E2 F2400
;TYPE:Perimeter
G1 F1800
G1 X-69.865 Y38.005 E8.70373
G1 X-69.592 Y37.848 E8.71953
G1 X-69.362 Y37.655 E8.7346
G1 X-68.997 Y37.219 E8.76314
G1 X-68.847 Y36.96 E8.77816
G1 X-68.652 Y36.426 E8.80669
G1 X-68.601 Y36.131 E8.82171
G1 X-68.601 Y35.562 E8.85027
G1 X-68.652 Y35.267 E8.86529
G1 X-68.847 Y34.733 E8.89382
G1 X-68.997 Y34.473 E8.90888
G1 X-69.362 Y34.038 E8.93738
G1 X-69.592 Y33.845 E8.95245
G1 X-70.175 Y33.515 E8.98607
G1 X-70.732 Y33.373 E9.01492
G1 X-71.263 Y33.363 E9.04157
G1 X-71.79 Y33.459 E9.06845
G1 X-72.067 Y33.561 E9.08326
G1 X-72.559 Y33.845 E9.11177
G1 X-72.789 Y34.038 E9.12684
G1 X-73.234 Y34.612 E9.16329
G1 X-73.234 Y-40.419 E12.92879
G1 X-73.154 Y-40.28 E12.93684
G1 X-72.789 Y-39.845 E12.96534
G1 X-72.559 Y-39.652 E12.98041
G1 X-72.067 Y-39.368 E13.00892
G1 X-71.785 Y-39.266 E13.02397
G1 X-71.225 Y-39.167 E13.05251
G1 X-70.926 Y-39.167 E13.06752
G1 X-70.366 Y-39.266 E13.09606
G1 X-70.084 Y-39.368 E13.11111
G1 X-69.592 Y-39.652 E13.13962
G1 X-69.362 Y-39.845 E13.15469
G1 X-68.997 Y-40.281 E13.18323
G1 X-68.847 Y-40.54 E13.19825
G1 X-68.652 Y-41.074 E13.22678
G1 X-68.601 Y-41.369 E13.2418
G1 X-68.601 Y-41.938 E13.27036
G1 X-68.652 Y-42.233 E13.28538
G1 X-68.847 Y-42.767 E13.31391
G1 X-68.997 Y-43.027 E13.32897
G1 X-69.362 Y-43.462 E13.35747
G1 X-69.592 Y-43.655 E13.37254
G1 X-69.864 Y-43.812 E13.3883
G1 X63.695 Y-43.802 E20.09107
G1 X63.441 Y-43.655 E20.1058
G1 X63.211 Y-43.462 E20.12087
G1 X62.846 Y-43.027 E20.14937
G1 X62.696 Y-42.767 E20.16443
G1 X62.501 Y-42.233 E20.19296
G1 X62.449 Y-41.938 E20.20799
G1 X62.449 Y-41.369 E20.23655
G1 X62.501 Y-41.074 E20.25158
G1 X62.696 Y-40.54 E20.28011
G1 X62.846 Y-40.281 E20.29513
G1 X63.211 Y-39.845 E20.32367
G1 X63.441 Y-39.652 E20.33874
G1 X63.933 Y-39.368 E20.36725
G1 X64.215 Y-39.266 E20.3823
G1 X64.775 Y-39.167 E20.41084
G1 X65.074 Y-39.167 E20.42585
G1 X65.634 Y-39.266 E20.45439
G1 X65.916 Y-39.368 E20.46944
G1 X66.408 Y-39.652 E20.49795
G1 X66.638 Y-39.845 E20.51302
G1 X67.083 Y-40.419 E20.54947
G1 X67.083 Y34.612 E24.31497
G1 X67.003 Y34.473 E24.32302
G1 X66.638 Y34.038 E24.35152
G1 X66.408 Y33.845 E24.36659
G1 X65.708 Y33.475 E24.40633
G1 X65.268 Y33.373 E24.429
G1 X64.737 Y33.363 E24.45565
G1 X64.21 Y33.459 E24.48253
G1 X63.933 Y33.561 E24.49734
G1 X63.441 Y33.845 E24.52585
G1 X63.211 Y34.038 E24.54092
G1 X62.846 Y34.473 E24.56942
G1 X62.696 Y34.733 E24.58448
G1 X62.501 Y35.267 E24.61301
G1 X62.449 Y35.562 E24.62804
G1 X62.449 Y36.131 E24.6566
G1 X62.501 Y36.426 E24.67163
G1 X62.696 Y36.96 E24.70016
G1 X62.846 Y37.22 E24.71522
G1 X63.212 Y37.655 E24.74375
G1 X63.441 Y37.848 E24.75878
G1 X63.662 Y37.975 E24.77157
G1 E22.77157 F2400
G92 E0
G1 Z2.35 F7200
G1 X67.304 Y36.898
G1 Z.35
G1 E2 F2400
;WIDTH:0.501967
G1 F1800
G1 X67.301 Y36.913 E2.00095
;WIDTH:0.528549
G1 X67.071 Y37.385 E2.03559
G1 X66.747 Y37.773 E2.06894
;WIDTH:0.526816
G1 X66.465 Y37.995 E2.09253
;WIDTH:0.523801
G1 X65.91 Y38.248 E2.13235
;WIDTH:0.49157
G1 X65.397 Y38.331 E2.16384
;WIDTH:0.457949
G1 X64.803 Y38.347 E2.19694
;WIDTH:0.438288
G1 X63.399 Y38.35 E2.27114
;WIDTH:0.42
G1 X-69.55 Y38.35 E8.9433
;WIDTH:0.448471
G1 X-69.968 Y38.336 E8.96602
;WIDTH:0.476943
G1 X-70.386 Y38.322 E8.99047
G1 X-71.197 Y38.347 E9.03791
;WIDTH:0.469155
G1 X-71.778 Y38.31 E9.07129
;WIDTH:0.500155
G1 X-72.143 Y38.224 E9.09448
;WIDTH:0.522653
G1 X-72.659 Y37.966 E9.13205
;WIDTH:0.535356
G1 X-73.055 Y37.607 E9.16785
G1 X-73.367 Y37.134 E9.2058
;WIDTH:0.507418
G1 X-73.522 Y36.641 E9.23831
;WIDTH:0.48505
G1 X-73.547 Y36.386 E9.25359
;WIDTH:0.459692
G1 X-73.572 Y36.131 E9.26793
;WIDTH:0.434334
G1 X-73.577 Y35.314 E9.31064
;WIDTH:0.425401
G1 X-73.579 Y34.745 E9.33964
;WIDTH:0.42
G1 X-73.579 Y-40.552 E13.11848
;WIDTH:0.434334
G1 X-73.572 Y-41.369 E13.16119
;WIDTH:0.454045
G1 X-73.558 Y-42.199 E13.20696
;WIDTH:0.501969
G1 X-73.452 Y-42.72 E13.23998
;WIDTH:0.528551
G1 X-73.222 Y-43.192 E13.27462
G1 X-72.898 Y-43.58 E13.30797
;WIDTH:0.526818
G1 X-72.616 Y-43.802 E13.33156
;WIDTH:0.523803
G1 X-72.061 Y-44.055 E13.37138
;WIDTH:0.491572
G1 X-71.548 Y-44.139 E13.40288
;WIDTH:0.457362
G1 X-70.743 Y-44.15 E13.44766
;WIDTH:0.435094
G1 X-70.118 Y-44.157 E13.4804
;WIDTH:0.42
G1 X64.939 Y-44.147 E20.25835
;WIDTH:0.457448
G1 X65.518 Y-44.128 E20.29058
;WIDTH:0.501852
G1 X66.01 Y-44.023 E20.32182
;WIDTH:0.522651
G1 X66.507 Y-43.774 E20.35802
;WIDTH:0.535355
G1 X66.882 Y-43.439 E20.3917
G1 X67.138 Y-43.083 E20.42107
;WIDTH:0.515795
G1 X67.309 Y-42.691 E20.44849
;WIDTH:0.501967
G1 X67.365 Y-42.315 E20.4721
;WIDTH:0.47447
G1 X67.421 Y-41.938 E20.49425
;WIDTH:0.434331
G1 X67.421 Y-41.121 E20.53696
;WIDTH:0.43343
G1 X67.428 Y-40.552 E20.56663
;WIDTH:0.42
G1 X67.428 Y34.745 E24.34547
;WIDTH:0.434331
G1 X67.421 Y35.562 E24.38818
;WIDTH:0.454041
G1 X67.406 Y36.392 E24.43395
;WIDTH:0.501967
G1 X67.316 Y36.84 E24.46233
G1 X67.672 Y37.006 F7200
;TYPE:External perimeter
;WIDTH:0.42
G1 F1800
G1 X67.54 Y37.36 E24.48129
G1 X67.226 Y37.848 E24.51041
G1 X66.926 Y38.148 E24.5317
G1 X66.439 Y38.461 E24.56075
G1 X65.99 Y38.62 E24.58465
G1 X65.417 Y38.695 E24.61365
G1 X-71.197 Y38.695 E31.46974
G1 X-71.95 Y38.662 E31.50757
G1 X-72.51 Y38.498 E31.53685
G1 X-72.971 Y38.227 E31.56369
G1 X-73.35 Y37.884 E31.58934
G1 X-73.643 Y37.447 E31.61574
G1 X-73.838 Y36.966 E31.64179
G1 X-73.924 Y36.339 E31.67355
G1 X-73.918 Y-42.225 E35.61635
G1 X-73.838 Y-42.773 E35.64414
G1 X-73.691 Y-43.167 E35.66524
G1 X-73.377 Y-43.655 E35.69436
G1 X-73.078 Y-43.955 E35.71562
G1 X-72.59 Y-44.268 E35.74472
G1 X-72.142 Y-44.427 E35.76858
G1 X-71.568 Y-44.502 E35.79763
G1 X65.392 Y-44.491 E42.67109
G1 X65.958 Y-44.427 E42.69968
G1 X66.358 Y-44.305 E42.72067
G1 X66.82 Y-44.034 E42.74755
G1 X67.199 Y-43.691 E42.7732
G1 X67.483 Y-43.271 E42.79864
G1 X67.687 Y-42.773 E42.82565
G1 X67.773 Y-42.127 E42.85836
G1 X67.767 Y36.418 E46.80021
G1 X67.689 Y36.949 E46.82714
G1 X67.548 Y37.323 F7200
G1 E44.82714 F2400
G92 E0
G1 Z2.35 F7200
G1 X66.98 Y27.594
G1 Z.35
G1 E2 F2400
;TYPE:Solid infill
;WIDTH:0.420489
G1 F1800
G1 X38.083 Y-1.303 E4.05383
G1 X38.083 Y-.814 E4.07841
G1 X66.825 Y27.927 E6.12119
G1 X66.825 Y28.416 E6.14577
G1 X38.083 Y-.326 E8.18858
G1 X38.071 Y.151 E8.21256
G1 X66.825 Y28.904 E10.25619
G1 X66.825 Y29.393 E10.28077
G1 X37.961 Y.53 E12.33222
G1 X37.914 Y.642 E12.33832
G1 X37.768 Y.825 E12.35009
G1 X66.825 Y29.881 E14.41526
G1 X66.825 Y30.37 E14.43984
G1 X37.415 Y.961 E16.5301
G1 X37.494 Y2.016 F7200
G1 F1800
G1 X37.037 Y1.559 E16.56258
G1 X37.281 Y1.314 E16.57996
G1 X66.825 Y30.858 E18.67978
G1 X66.825 Y31.347 E18.70436
G1 X38.063 Y2.585 E20.7486
G1 X38.083 Y2.766 E20.75775
G1 X38.083 Y3.093 E20.77418
G1 X66.825 Y31.835 E22.81699
G1 X66.825 Y32.323 E22.84152
G1 X38.083 Y3.582 E24.8843
G1 X38.083 Y4.07 E24.90883
G1 X66.825 Y32.812 E26.95164
G1 X66.825 Y33.3 E26.97617
G1 X38.083 Y4.559 E29.01895
G1 X38.083 Y5.047 E29.04348
G1 X66.825 Y33.789 E31.08629
G1 X66.825 Y33.86 E31.08986
G1 X66.544 Y33.625 E31.10827
G1 X66.04 Y33.334 E31.13752
G1 X65.771 Y33.224 E31.15213
G1 X38.083 Y5.535 E33.12007
G1 X38.083 Y6.024 E33.14465
G1 X65.174 Y33.115 E35.07012
G1 X64.965 Y33.093 E35.08068
G1 X64.681 Y33.111 E35.09498
G1 X38.083 Y6.512 E36.98545
G1 X38.07 Y6.988 E37.00938
G1 X64.268 Y33.186 E38.87138
G1 X63.954 Y33.264 E38.88764
G1 X63.892 Y33.298 E38.89119
G1 X37.959 Y7.365 E40.73436
G1 X37.914 Y7.469 E40.74006
G1 X37.764 Y7.659 E40.75223
G1 X63.578 Y33.473 E42.58694
G1 X63.269 Y33.653 E42.60491
G1 X37.52 Y7.904 E44.435
G1 X37.276 Y8.148 E44.45234
G1 X63.009 Y33.881 E46.28129
G1 X62.787 Y34.147 E46.2987
G1 X38.065 Y9.425 E48.0558
G1 X38.081 Y9.528 E48.06104
G1 X38.081 Y9.93 E48.08124
G1 X62.569 Y34.418 E49.8217
G1 X62.416 Y34.753 E49.84021
G1 X38.081 Y10.418 E51.5698
G1 X38.082 Y10.907 E51.59438
G1 X62.29 Y35.116 E53.31498
G1 X62.211 Y35.345 E53.32715
G1 X62.195 Y35.509 E53.33543
G1 X38.082 Y11.396 E55.04924
G1 X38.082 Y11.884 E55.07377
G1 X62.191 Y35.993 E56.7873
G1 X62.191 Y36.138 E56.79459
G1 X62.278 Y36.569 E56.81669
G1 X38.082 Y12.373 E58.5364
G1 X38.083 Y12.862 E58.56098
G1 X62.95 Y37.747 E60.32902
G1 X62.479 Y37.747 E60.35269
G1 X38.083 Y13.35 E62.08665
G1 X38.069 Y13.825 E62.11053
G1 X61.991 Y37.747 E63.81077
G1 X61.502 Y37.747 E63.83535
G1 X37.956 Y14.2 E65.5089
G1 X37.916 Y14.295 E65.51408
G1 X37.76 Y14.492 E65.52671
G1 X61.014 Y37.747 E67.1795
G1 X60.525 Y37.747 E67.20408
G1 X37.515 Y14.737 E68.8395
G1 X37.271 Y14.981 E68.85684
G1 X60.037 Y37.747 E70.47491
G1 X59.548 Y37.747 E70.49949
G1 X38.069 Y16.267 E72.02613
G1 X38.078 Y16.764 E72.05111
G1 X59.06 Y37.747 E73.54242
G1 X58.571 Y37.747 E73.567
G1 X38.078 Y17.253 E75.02356
G1 X38.079 Y17.743 E75.04819
G1 X58.083 Y37.747 E76.46996
G1 X57.595 Y37.747 E76.49449
G1 X38.08 Y18.232 E77.8815
G1 X38.08 Y18.721 E77.90608
G1 X57.106 Y37.747 E79.25834
G1 X56.618 Y37.747 E79.28287
G1 X38.081 Y19.21 E80.60037
G1 X38.082 Y19.699 E80.62495
G1 X56.129 Y37.747 E81.90766
G1 X55.641 Y37.747 E81.93219
G1 X38.082 Y20.188 E83.18018
G1 X38.068 Y20.662 E83.20401
G1 X55.152 Y37.747 E84.41828
G1 X54.664 Y37.747 E84.44281
G1 X37.953 Y21.035 E85.63057
G1 X37.912 Y21.129 E85.63572
G1 X37.755 Y21.326 E85.64838
G1 X54.175 Y37.747 E86.81545
G1 X53.687 Y37.747 E86.83998
G1 X37.511 Y21.57 E87.98971
G1 X37.266 Y21.814 E88.00709
G1 X53.199 Y37.747 E89.13951
G1 X52.71 Y37.747 E89.16409
G1 X38.064 Y23.101 E90.20504
G1 X38.083 Y23.25 E90.21259
G1 X38.083 Y23.608 E90.23058
G1 X52.222 Y37.747 E91.2355
G1 X51.733 Y37.747 E91.26008
G1 X38.083 Y24.096 E92.23028
G1 X38.083 Y24.585 E92.25486
G1 X51.245 Y37.747 E93.19034
G1 X50.756 Y37.747 E93.21492
G1 X38.083 Y25.073 E94.11568
G1 X38.083 Y25.561 E94.14021
G1 X50.268 Y37.747 E95.00628
G1 X49.78 Y37.747 E95.03081
G1 X38.083 Y26.05 E95.86216
G1 X38.083 Y26.538 E95.88669
G1 X49.291 Y37.747 E96.68332
G1 X48.803 Y37.747 E96.70785
G1 X38.083 Y27.027 E97.46977
G1 X38.069 Y27.502 E97.49365
G1 X48.314 Y37.747 E98.2218
G1 X47.826 Y37.747 E98.24633
G1 X37.959 Y27.879 E98.94765
G1 X37.929 Y27.952 E98.95162
G1 X37.76 Y28.169 E98.96544
G1 X47.337 Y37.747 E99.64615
G1 X46.849 Y37.747 E99.67068
G1 X37.475 Y28.372 E100.33696
G1 X37.279 Y28.46 E100.34776
G1 X37.108 Y28.494 E100.35652
G1 X46.36 Y37.747 E101.01413
G1 X45.872 Y37.747 E101.03866
G1 X36.621 Y28.496 E101.69617
G1 X36.134 Y28.497 E101.72065
G1 X45.384 Y37.747 E102.37809
G1 X44.895 Y37.747 E102.40267
G1 X35.647 Y28.498 E103.06
G1 X35.159 Y28.499 E103.08453
G1 X44.407 Y37.747 E103.74182
G1 X43.918 Y37.747 E103.7664
G1 X34.672 Y28.5 E104.42359
G1 X34.185 Y28.502 E104.44807
G1 X43.43 Y37.747 E105.10515
G1 X42.941 Y37.747 E105.12973
G1 X33.698 Y28.503 E105.7867
G1 X33.21 Y28.504 E105.81123
G1 X42.453 Y37.747 E106.46817
G1 X41.965 Y37.747 E106.4927
G1 X32.713 Y28.495 E107.15028
G1 X32.638 Y28.488 E107.15407
G1 X32.346 Y28.393 E107.1695
G1 X32.218 Y28.321 E107.17688
G1 X32.033 Y28.171 E107.18885
G1 X31.718 Y27.541 E107.22425
G1 X31.726 Y27.508 E107.22596
G1 X31.649 Y27.431 E107.23143
G1 X31.405 Y27.676 E107.24881
G1 X41.476 Y37.747 E107.9646
G1 X40.988 Y37.747 E107.98913
G1 X31.161 Y27.92 E108.68758
G1 X30.917 Y28.164 E108.70492
G1 X40.499 Y37.747 E109.38599
G1 X40.011 Y37.747 E109.41052
G1 X30.637 Y28.372 E110.0768
G1 X30.373 Y28.474 E110.09102
G1 X30.263 Y28.487 E110.09659
G1 X39.522 Y37.747 E110.7547
G1 X39.034 Y37.747 E110.77923
G1 X29.792 Y28.504 E111.43613
G1 X29.302 Y28.503 E111.46076
G1 X38.545 Y37.747 E112.11773
G1 X38.057 Y37.747 E112.14226
G1 X28.813 Y28.503 E112.79927
G1 X28.324 Y28.502 E112.82385
G1 X37.569 Y37.747 E113.48093
G1 X37.08 Y37.747 E113.50551
G1 X27.835 Y28.501 E114.16263
G1 X27.345 Y28.5 E114.18726
G1 X36.592 Y37.747 E114.84448
G1 X36.103 Y37.747 E114.86906
G1 X26.856 Y28.499 E115.52632
G1 X26.367 Y28.498 E115.5509
G1 X35.615 Y37.747 E116.20823
G1 X35.126 Y37.747 E116.23281
G1 X25.877 Y28.498 E116.89017
G1 X25.707 Y28.465 E116.89887
G1 X25.516 Y28.392 E116.90915
G1 X25.39 Y28.321 E116.91642
G1 X25.205 Y28.171 E116.92839
G1 X24.89 Y27.541 E116.96379
G1 X24.896 Y27.516 E116.96508
G1 X24.816 Y27.436 E116.97077
G1 X24.572 Y27.68 E116.98811
G1 X34.638 Y37.747 E117.70358
G1 X34.15 Y37.747 E117.72811
G1 X24.328 Y27.925 E118.4262
G1 X24.083 Y28.169 E118.44358
G1 X33.661 Y37.747 E119.12433
G1 X33.173 Y37.747 E119.14886
G1 X23.802 Y28.376 E119.8149
G1 X23.545 Y28.474 E119.82872
G1 X23.426 Y28.488 E119.83474
G1 X32.684 Y37.747 E120.49278
G1 X32.196 Y37.747 E120.51731
G1 X22.954 Y28.505 E121.17418
G1 X22.466 Y28.505 E121.19871
G1 X31.707 Y37.747 E121.85554
G1 X31.219 Y37.747 E121.88007
G1 X21.977 Y28.505 E122.53694
G1 X21.489 Y28.505 E122.56147
G1 X30.73 Y37.747 E123.2183
G1 X30.242 Y37.747 E123.24283
G1 X21 Y28.505 E123.8997
G1 X20.512 Y28.505 E123.92423
G1 X29.754 Y37.747 E124.5811
G1 X29.265 Y37.747 E124.60568
G1 X20.023 Y28.505 E125.26255
G1 X19.535 Y28.505 E125.28708
G1 X28.777 Y37.747 E125.94395
G1 X28.288 Y37.747 E125.96853
G1 X19.034 Y28.493 E126.62625
G1 X18.771 Y28.429 E126.63985
G1 X18.563 Y28.322 E126.65161
G1 X18.377 Y28.171 E126.66365
G1 X18.066 Y27.524 E126.69973
G1 X17.983 Y27.441 E126.70563
G1 X17.739 Y27.685 E126.72297
G1 X27.8 Y37.747 E127.43808
G1 X27.311 Y37.747 E127.46266
G1 X17.494 Y27.93 E128.1604
G1 X17.25 Y28.174 E128.17774
G1 X26.823 Y37.747 E128.85813
G1 X26.335 Y37.747 E128.88266
G1 X16.967 Y28.379 E129.54848
G1 X16.717 Y28.474 E129.56192
G1 X16.589 Y28.49 E129.5684
G1 X25.846 Y37.747 E130.22633
G1 X25.358 Y37.747 E130.25086
G1 X16.116 Y28.505 E130.90773
G1 X15.627 Y28.505 E130.93231
G1 X24.869 Y37.747 E131.58918
G1 X24.381 Y37.747 E131.61371
G1 X15.139 Y28.505 E132.27058
G1 X14.651 Y28.505 E132.29511
G1 X23.892 Y37.747 E132.95194
G1 X23.404 Y37.747 E132.97647
G1 X14.162 Y28.505 E133.63334
G1 X13.674 Y28.505 E133.65787
G1 X22.915 Y37.747 E134.3147
G1 X22.427 Y37.747 E134.33923
G1 X13.185 Y28.505 E134.9961
G1 X12.697 Y28.505 E135.02063
G1 X21.939 Y37.747 E135.6775
G1 X21.45 Y37.747 E135.70208
G1 X12.195 Y28.492 E136.35987
G1 X11.943 Y28.429 E136.37292
G1 X11.734 Y28.322 E136.38472
G1 X11.548 Y28.171 E136.39676
G1 X11.235 Y27.532 E136.43252
G1 X11.15 Y27.446 E136.4386
G1 X10.905 Y27.69 E136.45598
G1 X20.962 Y37.747 E137.17077
G1 X20.473 Y37.747 E137.19535
G1 X10.661 Y27.934 E137.89277
G1 X10.417 Y28.179 E137.91015
G1 X19.985 Y37.747 E138.59019
G1 X19.496 Y37.747 E138.61477
G1 X10.133 Y28.383 E139.28027
G1 X9.888 Y28.474 E139.2934
G1 X9.752 Y28.491 E139.30029
G1 X19.008 Y37.747 E139.95815
G1 X18.52 Y37.747 E139.98268
G1 X9.278 Y28.505 E140.63955
G1 X8.789 Y28.505 E140.66413
G1 X18.031 Y37.747 E141.321
G1 X17.543 Y37.747 E141.34553
G1 X8.301 Y28.505 E142.0024
G1 X7.812 Y28.505 E142.02698
G1 X17.054 Y37.747 E142.68385
G1 X16.566 Y37.747 E142.70838
G1 X7.324 Y28.505 E143.36525
G1 X6.836 Y28.505 E143.38978
G1 X16.077 Y37.747 E144.04661
G1 X15.589 Y37.747 E144.07114
G1 X6.347 Y28.505 E144.72801
G1 X5.859 Y28.505 E144.75254
G1 X15.1 Y37.747 E145.40937
G1 X14.612 Y37.747 E145.4339
G1 X5.356 Y28.491 E146.09176
G1 X5.115 Y28.429 E146.10427
G1 X4.906 Y28.322 E146.11607
G1 X4.72 Y28.171 E146.12811
G1 X4.405 Y27.539 E146.1636
G1 X4.316 Y27.451 E146.16989
G1 X4.072 Y27.695 E146.18723
G1 X14.124 Y37.747 E146.90167
G1 X13.635 Y37.747 E146.92625
G1 X3.828 Y27.939 E147.62331
G1 X3.583 Y28.183 E147.64069
G1 X13.147 Y37.747 E148.32044
G1 X12.658 Y37.747 E148.34502
G1 X3.298 Y28.386 E149.01031
G1 X3.06 Y28.474 E149.02306
G1 X2.915 Y28.492 E149.0304
G1 X12.17 Y37.747 E149.68819
G1 X11.681 Y37.747 E149.71277
G1 X2.44 Y28.505 E150.3696
G1 X1.951 Y28.505 E150.39418
G1 X11.193 Y37.747 E151.05105
G1 X10.704 Y37.747 E151.07563
G1 X1.463 Y28.505 E151.73246
G1 X.974 Y28.505 E151.75704
G1 X10.216 Y37.747 E152.41391
G1 X9.728 Y37.747 E152.43844
G1 X.486 Y28.505 E153.09531
G1 X-.003 Y28.505 E153.11989
G1 X9.239 Y37.747 E153.77676
G1 X8.751 Y37.747 E153.80129
G1 X-.491 Y28.505 E154.45816
G1 X-.979 Y28.505 E154.48269
G1 X8.262 Y37.747 E155.13952
G1 X7.774 Y37.747 E155.16405
G1 X-1.483 Y28.49 E155.82198
G1 X-1.714 Y28.429 E155.83399
G1 X-1.923 Y28.322 E155.84579
G1 X-2.109 Y28.171 E155.85783
G1 X-2.416 Y27.557 E155.89233
G1 X-2.517 Y27.456 E155.89951
G1 X-2.761 Y27.7 E155.91685
G1 X7.285 Y37.747 E156.6309
G1 X6.797 Y37.747 E156.65543
G1 X-3.005 Y27.944 E157.35213
G1 X-3.251 Y28.187 E157.36951
G1 X6.309 Y37.747 E158.04898
G1 X5.82 Y37.747 E158.07356
G1 X-3.536 Y28.39 E158.73857
G1 X-3.769 Y28.474 E158.75102
G1 X-3.922 Y28.493 E158.75877
G1 X5.332 Y37.747 E159.41649
G1 X4.843 Y37.747 E159.44107
G1 X-4.398 Y28.505 E160.0979
G1 X-4.887 Y28.505 E160.12248
G1 X4.355 Y37.747 E160.77935
G1 X3.866 Y37.747 E160.80393
G1 X-5.375 Y28.505 E161.46076
G1 X-5.864 Y28.505 E161.48534
G1 X3.378 Y37.747 E162.14221
G1 X2.889 Y37.747 E162.16679
G1 X-6.352 Y28.505 E162.82362
G1 X-6.841 Y28.505 E162.8482
G1 X2.401 Y37.747 E163.50507
G1 X1.913 Y37.747 E163.5296
G1 X-7.329 Y28.505 E164.18647
G1 X-7.818 Y28.505 E164.21105
G1 X1.424 Y37.747 E164.86792
G1 X.936 Y37.747 E164.89245
G1 X-8.322 Y28.489 E165.55045
G1 X-8.542 Y28.429 E165.56191
G1 X-8.751 Y28.322 E165.57371
G1 X-8.937 Y28.171 E165.58575
G1 X-9.234 Y27.576 E165.61917
G1 X-9.35 Y27.46 E165.62741
G1 X-9.595 Y27.705 E165.64482
G1 X.447 Y37.747 E166.35855
G1 X-.041 Y37.747 E166.38308
G1 X-9.839 Y27.949 E167.07946
G1 X-10.084 Y28.192 E167.0968
G1 X-.53 Y37.747 E167.77588
G1 X-1.018 Y37.747 E167.80041
G1 X-10.371 Y28.393 E168.4652
G1 X-10.597 Y28.474 E168.47727
G1 X-10.759 Y28.494 E168.48547
G1 X-1.506 Y37.747 E169.14312
G1 X-1.995 Y37.747 E169.1677
G1 X-11.237 Y28.505 E169.82457
G1 X-11.725 Y28.505 E169.8491
G1 X-2.483 Y37.747 E170.50597
G1 X-2.972 Y37.747 E170.53055
G1 X-12.213 Y28.505 E171.18738
G1 X-12.702 Y28.505 E171.21196
G1 X-3.46 Y37.747 E171.86883
G1 X-3.949 Y37.747 E171.89341
G1 X-13.19 Y28.505 E172.55024
G1 X-13.679 Y28.505 E172.57482
G1 X-4.437 Y37.747 E173.23169
G1 X-4.926 Y37.747 E173.25627
G1 X-14.167 Y28.505 E173.9131
G1 X-14.656 Y28.505 E173.93768
G1 X-5.414 Y37.747 E174.59455
G1 X-5.902 Y37.747 E174.61908
G1 X-15.161 Y28.488 E175.27716
G1 X-15.371 Y28.429 E175.28812
G1 X-15.58 Y28.322 E175.29992
G1 X-15.766 Y28.171 E175.31196
G1 X-16.053 Y27.596 E175.34426
G1 X-16.184 Y27.465 E175.35357
G1 X-16.428 Y27.71 E175.37095
G1 X-6.391 Y37.747 E176.08432
G1 X-6.879 Y37.747 E176.10885
G1 X-16.672 Y27.954 E176.80488
G1 X-16.918 Y28.196 E176.82222
G1 X-7.368 Y37.747 E177.50101
G1 X-7.856 Y37.747 E177.52554
G1 X-17.207 Y28.396 E178.19015
G1 X-17.426 Y28.474 E178.20183
G1 X-17.596 Y28.495 E178.21044
G1 X-8.345 Y37.747 E178.86798
G1 X-8.833 Y37.747 E178.89251
G1 X-18.075 Y28.505 E179.54938
G1 X-18.563 Y28.505 E179.57391
G1 X-9.321 Y37.747 E180.23078
G1 X-9.81 Y37.747 E180.25536
G1 X-19.052 Y28.505 E180.91223
G1 X-19.54 Y28.505 E180.93676
G1 X-10.298 Y37.747 E181.59363
G1 X-10.787 Y37.747 E181.61821
G1 X-20.028 Y28.505 E182.27504
G1 X-20.517 Y28.505 E182.29962
G1 X-11.275 Y37.747 E182.95649
G1 X-11.764 Y37.747 E182.98107
G1 X-21.005 Y28.505 E183.6379
G1 X-21.494 Y28.505 E183.66248
G1 X-12.252 Y37.747 E184.31935
G1 X-12.741 Y37.747 E184.34393
G1 X-22.003 Y28.484 E185.00225
G1 X-22.199 Y28.429 E185.01248
G1 X-22.408 Y28.322 E185.02428
G1 X-22.594 Y28.171 E185.03632
G1 X-22.872 Y27.615 E185.06756
G1 X-23.017 Y27.47 E185.07787
G1 X-23.261 Y27.714 E185.09521
G1 X-13.229 Y37.747 E185.80826
G1 X-13.717 Y37.747 E185.83279
G1 X-23.505 Y27.959 E186.52846
G1 X-23.752 Y28.2 E186.5458
G1 X-14.206 Y37.747 E187.22431
G1 X-14.694 Y37.747 E187.24884
G1 X-24.042 Y28.398 E187.91328
G1 X-24.254 Y28.474 E187.9246
G1 X-24.434 Y28.496 E187.93371
G1 X-15.183 Y37.747 E188.59122
G1 X-15.671 Y37.747 E188.61575
G1 X-24.913 Y28.505 E189.27262
G1 X-25.401 Y28.505 E189.29715
G1 X-16.16 Y37.747 E189.95398
G1 X-16.648 Y37.747 E189.97851
G1 X-25.89 Y28.505 E190.63538
G1 X-26.378 Y28.505 E190.65991
G1 X-17.136 Y37.747 E191.31678
G1 X-17.625 Y37.747 E191.34136
G1 X-26.867 Y28.505 E191.99823
G1 X-27.355 Y28.505 E192.02276
G1 X-18.113 Y37.747 E192.67963
G1 X-18.602 Y37.747 E192.70421
G1 X-27.844 Y28.505 E193.36108
G1 X-28.332 Y28.505 E193.38561
G1 X-19.09 Y37.747 E194.04248
G1 X-19.579 Y37.747 E194.06706
G1 X-28.845 Y28.48 E194.72567
G1 X-29.028 Y28.429 E194.73522
G1 X-29.236 Y28.322 E194.74698
G1 X-29.422 Y28.171 E194.75902
G1 X-29.69 Y27.635 E194.78914
G1 X-29.85 Y27.475 E194.80051
G1 X-30.094 Y27.719 E194.81785
G1 X-20.067 Y37.747 E195.53055
G1 X-20.556 Y37.747 E195.55513
G1 X-30.339 Y27.963 E196.25048
G1 X-30.586 Y28.205 E196.26786
G1 X-21.044 Y37.747 E196.94605
G1 X-21.532 Y37.747 E196.97058
G1 X-30.878 Y28.401 E197.63484
G1 X-31.082 Y28.474 E197.64573
G1 X-31.271 Y28.497 E197.6553
G1 X-22.021 Y37.747 E198.31274
G1 X-22.509 Y37.747 E198.33727
G1 X-31.751 Y28.505 E198.99414
G1 X-32.239 Y28.505 E199.01867
G1 X-22.998 Y37.747 E199.6755
G1 X-23.486 Y37.747 E199.70003
G1 X-32.728 Y28.505 E200.3569
G1 X-33.216 Y28.505 E200.38143
G1 X-23.975 Y37.747 E201.03826
G1 X-24.463 Y37.747 E201.06279
G1 X-33.705 Y28.505 E201.71966
G1 X-34.193 Y28.505 E201.74419
G1 X-24.951 Y37.747 E202.40106
G1 X-25.44 Y37.747 E202.42564
G1 X-34.682 Y28.505 E203.08251
G1 X-35.17 Y28.505 E203.10704
G1 X-25.928 Y37.747 E203.76391
G1 X-26.417 Y37.747 E203.78849
G1 X-35.687 Y28.477 E204.44735
G1 X-35.856 Y28.429 E204.45618
G1 X-36.065 Y28.322 E204.46798
G1 X-36.251 Y28.171 E204.48002
G1 X-36.509 Y27.654 E204.50906
G1 X-36.683 Y27.48 E204.52143
G1 X-36.928 Y27.724 E204.53881
G1 X-26.905 Y37.747 E205.25119
G1 X-27.394 Y37.747 E205.27577
G1 X-37.172 Y27.968 E205.97077
G1 X-37.42 Y28.209 E205.98815
G1 X-27.882 Y37.747 E206.66606
G1 X-28.371 Y37.747 E206.69064
G1 X-37.714 Y28.404 E207.35469
G1 X-37.911 Y28.474 E207.3652
G1 X-38.108 Y28.498 E207.37517
G1 X-28.859 Y37.747 E208.03253
G1 X-29.347 Y37.747 E208.05706
G1 X-38.589 Y28.505 E208.71393
G1 X-39.078 Y28.505 E208.73851
G1 X-29.836 Y37.747 E209.39538
G1 X-30.324 Y37.747 E209.41991
G1 X-39.566 Y28.505 E210.07678
G1 X-40.054 Y28.505 E210.10131
G1 X-30.813 Y37.747 E210.75814
G1 X-31.301 Y37.747 E210.78267
G1 X-40.543 Y28.505 E211.43954
G1 X-41.031 Y28.505 E211.46407
G1 X-31.79 Y37.747 E212.1209
G1 X-32.278 Y37.747 E212.14543
G1 X-41.52 Y28.505 E212.8023
G1 X-42.008 Y28.505 E212.82683
G1 X-32.767 Y37.747 E213.48366
G1 X-33.255 Y37.747 E213.50819
G1 X-42.529 Y28.473 E214.16733
G1 X-42.684 Y28.429 E214.17543
G1 X-42.893 Y28.322 E214.18723
G1 X-43.079 Y28.171 E214.19927
G1 X-43.328 Y27.674 E214.22721
G1 X-43.517 Y27.485 E214.24064
G1 X-43.761 Y27.729 E214.25798
G1 X-33.743 Y37.747 E214.97
G1 X-34.232 Y37.747 E214.99458
G1 X-44.005 Y27.973 E215.68922
G1 X-44.253 Y28.214 E215.7066
G1 X-34.72 Y37.747 E216.38415
G1 X-35.209 Y37.747 E216.40873
G1 X-44.549 Y28.406 E217.0726
G1 X-44.739 Y28.474 E217.08274
G1 X-44.945 Y28.499 E217.09317
G1 X-35.697 Y37.747 E217.75046
G1 X-36.186 Y37.747 E217.77504
G1 X-45.427 Y28.505 E218.43187
G1 X-45.916 Y28.505 E218.45645
G1 X-36.674 Y37.747 E219.11332
G1 X-37.162 Y37.747 E219.13785
G1 X-46.404 Y28.505 E219.79472
G1 X-46.893 Y28.505 E219.8193
G1 X-37.651 Y37.747 E220.47617
G1 X-38.139 Y37.747 E220.5007
G1 X-47.381 Y28.505 E221.15757
G1 X-47.869 Y28.505 E221.1821
G1 X-38.628 Y37.747 E221.83893
G1 X-39.116 Y37.747 E221.86346
G1 X-48.358 Y28.505 E222.52033
G1 X-48.846 Y28.505 E222.54486
G1 X-39.605 Y37.747 E223.20169
G1 X-40.093 Y37.747 E223.22622
G1 X-49.371 Y28.469 E223.88565
G1 X-49.513 Y28.429 E223.89306
G1 X-49.722 Y28.322 E223.90486
G1 X-49.908 Y28.171 E223.9169
G1 X-50.147 Y27.693 E223.94376
G1 X-50.35 Y27.49 E223.95819
G1 X-50.594 Y27.734 E223.97553
G1 X-40.582 Y37.747 E224.68716
G1 X-41.07 Y37.747 E224.71169
G1 X-50.838 Y27.978 E225.40598
G1 X-51.087 Y28.218 E225.42336
G1 X-41.558 Y37.747 E226.10063
G1 X-42.047 Y37.747 E226.12521
G1 X-51.386 Y28.408 E226.78897
G1 X-51.634 Y28.488 E226.80207
G1 X-51.781 Y28.501 E226.80949
G1 X-42.535 Y37.747 E227.46664
G1 X-43.024 Y37.747 E227.49122
G1 X-52.265 Y28.505 E228.14805
G1 X-52.754 Y28.505 E228.17263
G1 X-43.512 Y37.747 E228.8295
G1 X-44.001 Y37.747 E228.85408
G1 X-53.242 Y28.505 E229.51091
G1 X-53.731 Y28.505 E229.53549
G1 X-44.489 Y37.747 E230.19236
G1 X-44.977 Y37.747 E230.21689
G1 X-54.219 Y28.505 E230.87376
G1 X-54.708 Y28.505 E230.89834
G1 X-45.466 Y37.747 E231.55521
G1 X-45.954 Y37.747 E231.57974
G1 X-55.196 Y28.505 E232.23661
G1 X-55.684 Y28.505 E232.26114
G1 X-46.443 Y37.747 E232.91797
G1 X-46.931 Y37.747 E232.9425
G1 X-56.209 Y28.469 E233.60193
G1 X-56.499 Y28.354 E233.61761
G1 X-56.715 Y28.19 E233.63124
G1 X-56.873 Y27.999 E233.6437
G1 X-56.996 Y27.751 E233.65761
G1 X-57.014 Y27.663 E233.66212
G1 X-72.976 Y11.702 E234.79657
G1 X-72.976 Y11.214 E234.8211
G1 X-57.027 Y27.162 E235.95463
G1 X-57.011 Y27.063 E235.95967
G1 X-56.872 Y26.829 E235.97335
G1 X-57.067 Y26.634 E235.98721
G1 X-57.233 Y26.615 E235.99561
G1 X-57.48 Y26.484 E236.00966
G1 X-57.657 Y26.331 E236.02142
G1 X-57.821 Y26.105 E236.03545
G1 X-57.921 Y25.857 E236.04889
G1 X-57.933 Y25.768 E236.0534
G1 X-72.976 Y10.725 E237.12257
G1 X-72.976 Y10.237 E237.1471
G1 X-57.959 Y25.253 E238.21439
G1 X-57.959 Y24.765 E238.23892
G1 X-72.976 Y9.748 E239.30624
G1 X-72.976 Y9.26 E239.33077
G1 X-57.959 Y24.276 E240.39806
G1 X-57.959 Y23.788 E240.42259
G1 X-72.976 Y8.771 E241.48991
G1 X-72.976 Y8.283 E241.51444
G1 X-57.959 Y23.299 E242.58173
G1 X-57.959 Y22.811 E242.60626
G1 X-72.976 Y7.795 E243.67355
G1 X-72.976 Y7.306 E243.69813
G1 X-57.959 Y22.322 E244.76542
G1 X-57.959 Y21.834 E244.78995
G1 X-72.976 Y6.818 E245.85724
G1 X-72.976 Y6.329 E245.88182
G1 X-57.948 Y21.357 E246.94992
G1 X-57.929 Y21.198 E246.95797
G1 X-57.847 Y20.969 E246.97019
G1 X-72.976 Y5.841 E248.04544
G1 X-72.976 Y5.352 E248.07002
G1 X-57.645 Y20.683 E249.15966
G1 X-57.403 Y20.437 E249.177
G1 X-72.976 Y4.864 E250.28384
G1 X-72.976 Y4.376 E250.30837
G1 X-57.158 Y20.193 E251.43259
G1 X-56.914 Y19.949 E251.44993
G1 X-57.027 Y19.835 E251.458
G1 X-57.625 Y19.536 E251.4916
G1 X-57.777 Y19.349 E251.50371
G1 X-57.884 Y19.141 E251.51547
G1 X-57.942 Y18.92 E251.52695
G1 X-72.976 Y3.887 E252.59544
G1 X-72.976 Y3.399 E252.61997
G1 X-57.959 Y18.415 E253.68726
G1 X-57.959 Y17.926 E253.71184
G1 X-72.976 Y2.91 E254.77913
G1 X-72.976 Y2.422 E254.80366
G1 X-57.959 Y17.438 E255.87095
G1 X-57.959 Y16.95 E255.89548
G1 X-72.976 Y1.933 E256.9628
G1 X-72.976 Y1.445 E256.98733
G1 X-57.959 Y16.461 E258.05462
G1 X-57.959 Y15.973 E258.07915
G1 X-72.976 Y.956 E259.14647
G1 X-72.976 Y.468 E259.171
G1 X-57.959 Y15.484 E260.23829
G1 X-57.959 Y14.996 E260.26282
G1 X-72.976 Y-.02 E261.33011
G1 X-72.976 Y-.509 E261.35469
G1 X-57.947 Y14.52 E262.42286
G1 X-57.929 Y14.369 E262.4305
G1 X-57.844 Y14.135 E262.44301
G1 X-72.976 Y-.997 E263.5185
G1 X-72.976 Y-1.486 E263.54308
G1 X-57.641 Y13.849 E264.633
G1 X-57.398 Y13.604 E264.65034
G1 X-72.976 Y-1.974 E265.75753
G1 X-72.976 Y-2.463 E265.78211
G1 X-57.153 Y13.36 E266.90672
G1 X-56.909 Y13.115 E266.9241
G1 X-57.008 Y13.017 E266.9311
G1 X-57.625 Y12.708 E266.96578
G1 X-57.777 Y12.521 E266.97789
G1 X-57.884 Y12.312 E266.98969
G1 X-57.943 Y12.081 E267.00167
G1 X-72.976 Y-2.951 E268.07009
G1 X-72.976 Y-3.44 E268.09467
G1 X-57.959 Y11.577 E269.16199
G1 X-57.959 Y11.088 E269.18657
G1 X-72.976 Y-3.928 E270.25386
G1 X-72.976 Y-4.416 E270.27839
G1 X-57.959 Y10.6 E271.34568
G1 X-57.959 Y10.111 E271.37026
G1 X-72.976 Y-4.905 E272.43755
G1 X-72.976 Y-5.393 E272.46208
G1 X-57.959 Y9.623 E273.52937
G1 X-57.959 Y9.135 E273.5539
G1 X-72.976 Y-5.882 E274.62122
G1 X-72.976 Y-6.37 E274.64575
G1 X-57.959 Y8.646 E275.71304
G1 X-57.959 Y8.158 E275.73757
G1 X-72.976 Y-6.859 E276.80489
G1 X-72.976 Y-7.347 E276.82942
G1 X-57.946 Y7.683 E277.89766
G1 X-57.929 Y7.541 E277.90485
G1 X-57.84 Y7.3 E277.91776
G1 X-72.976 Y-7.835 E278.9935
G1 X-72.976 Y-8.324 E279.01808
G1 X-57.637 Y7.015 E280.10829
G1 X-57.393 Y6.771 E280.12563
G1 X-72.976 Y-8.812 E281.23318
G1 X-72.976 Y-9.301 E281.25776
G1 X-57.149 Y6.526 E282.38265
G1 X-56.904 Y6.282 E282.40003
G1 X-56.993 Y6.194 E282.40632
G1 X-57.625 Y5.88 E282.44179
G1 X-57.777 Y5.693 E282.4539
G1 X-57.884 Y5.484 E282.4657
G1 X-57.944 Y5.242 E282.47823
G1 X-72.976 Y-9.789 E283.54658
G1 X-72.976 Y-10.278 E283.57116
G1 X-57.959 Y4.739 E284.63848
G1 X-57.959 Y4.25 E284.66306
G1 X-72.976 Y-10.766 E285.73035
G1 X-72.976 Y-11.255 E285.75493
G1 X-57.959 Y3.762 E286.82225
G1 X-57.959 Y3.273 E286.84683
G1 X-72.976 Y-11.743 E287.91412
G1 X-72.976 Y-12.231 E287.93865
G1 X-57.959 Y2.785 E289.00594
G1 X-57.959 Y2.296 E289.03052
G1 X-72.976 Y-12.72 E290.09781
G1 X-72.976 Y-13.208 E290.12234
G1 X-57.959 Y1.808 E291.18963
G1 X-57.959 Y1.32 E291.21416
G1 X-72.976 Y-13.697 E292.28148
G1 X-72.976 Y-14.185 E292.30601
G1 X-57.945 Y.846 E293.37433
G1 X-57.929 Y.712 E293.38111
G1 X-57.837 Y.465 E293.39436
G1 X-72.976 Y-14.674 E294.47035
G1 X-72.976 Y-15.162 E294.49488
G1 X-57.632 Y.181 E295.58541
G1 X-57.388 Y-.063 E295.60275
G1 X-72.976 Y-15.65 E296.71062
G1 X-72.976 Y-16.139 E296.7352
G1 X-57.144 Y-.307 E297.86045
G1 X-56.9 Y-.551 E297.87779
G1 X-56.985 Y-.636 E297.88383
G1 X-57.625 Y-.949 E297.91964
G1 X-57.777 Y-1.136 E297.93175
G1 X-57.884 Y-1.345 E297.94355
G1 X-57.945 Y-1.597 E297.95658
G1 X-72.976 Y-16.627 E299.02486
G1 X-72.976 Y-17.116 E299.04944
G1 X-57.959 Y-2.099 E300.11676
G1 X-57.959 Y-2.588 E300.14134
G1 X-72.976 Y-17.604 E301.20863
G1 X-72.976 Y-18.093 E301.23321
G1 X-57.959 Y-3.076 E302.30053
G1 X-57.959 Y-3.565 E302.32511
G1 X-72.976 Y-18.581 E303.3924
G1 X-72.976 Y-19.07 E303.41698
G1 X-57.959 Y-4.053 E304.4843
G1 X-57.959 Y-4.542 E304.50888
G1 X-72.976 Y-19.558 E305.57617
G1 X-72.976 Y-20.046 E305.6007
G1 X-57.959 Y-5.03 E306.66799
G1 X-57.959 Y-5.519 E306.69257
G1 X-72.976 Y-20.535 E307.75986
G1 X-72.976 Y-21.023 E307.78439
G1 X-57.944 Y-5.992 E308.85274
G1 X-57.929 Y-6.116 E308.85902
G1 X-57.833 Y-6.369 E308.87262
G1 X-72.976 Y-21.512 E309.9489
G1 X-72.976 Y-22 E309.97343
G1 X-57.627 Y-6.652 E311.06431
G1 X-57.383 Y-6.896 E311.08165
G1 X-72.976 Y-22.489 E312.18991
G1 X-72.976 Y-22.977 E312.21444
G1 X-57.139 Y-7.14 E313.34004
G1 X-56.895 Y-7.384 E313.35738
G1 X-56.977 Y-7.467 E313.36324
G1 X-57.625 Y-7.777 E313.39934
G1 X-57.777 Y-7.964 E313.41145
G1 X-57.884 Y-8.173 E313.42325
G1 X-57.946 Y-8.436 E313.43683
G1 X-72.976 Y-23.465 E314.50504
G1 X-72.976 Y-23.954 E314.52962
G1 X-57.959 Y-8.938 E315.59691
G1 X-57.959 Y-9.426 E315.62144
G1 X-72.976 Y-24.442 E316.68873
G1 X-72.976 Y-24.931 E316.71331
G1 X-57.959 Y-9.914 E317.78063
G1 X-57.959 Y-10.403 E317.80521
G1 X-72.976 Y-25.419 E318.8725
G1 X-72.976 Y-25.908 E318.89708
G1 X-57.959 Y-10.891 E319.9644
G1 X-57.959 Y-11.38 E319.98898
G1 X-72.976 Y-26.396 E321.05627
G1 X-72.976 Y-26.885 E321.08085
G1 X-57.959 Y-11.868 E322.14817
G1 X-57.959 Y-12.357 E322.17275
G1 X-72.976 Y-27.373 E323.24004
G1 X-72.976 Y-27.861 E323.26457
G1 X-57.943 Y-12.829 E324.33299
G1 X-57.929 Y-12.944 E324.33881
G1 X-57.83 Y-13.204 E324.35279
G1 X-72.976 Y-28.35 E325.42928
G1 X-72.976 Y-28.838 E325.45381
G1 X-57.622 Y-13.485 E326.54505
G1 X-57.378 Y-13.729 E326.56239
G1 X-72.976 Y-29.327 E327.671
G1 X-72.976 Y-29.815 E327.69553
G1 X-57.134 Y-13.974 E328.82145
G1 X-56.89 Y-14.218 E328.83879
G1 X-56.969 Y-14.297 E328.8444
G1 X-56.995 Y-14.291 E328.84574
G1 X-57.625 Y-14.606 E328.88114
G1 X-57.777 Y-14.793 E328.89325
G1 X-57.884 Y-15.002 E328.90505
G1 X-57.947 Y-15.275 E328.91913
G1 X-72.976 Y-30.304 E329.9873
G1 X-72.976 Y-30.792 E330.01183
G1 X-57.959 Y-15.776 E331.07912
G1 X-57.959 Y-16.264 E331.10365
G1 X-72.976 Y-31.28 E332.17094
G1 X-72.976 Y-31.769 E332.19552
G1 X-57.959 Y-16.753 E333.26281
G1 X-57.959 Y-17.241 E333.28734
G1 X-72.976 Y-32.257 E334.35463
G1 X-72.976 Y-32.746 E334.37921
G1 X-57.959 Y-17.729 E335.44653
G1 X-57.959 Y-18.218 E335.47111
G1 X-72.976 Y-33.234 E336.5384
G1 X-72.976 Y-33.723 E336.56298
G1 X-57.959 Y-18.706 E337.6303
G1 X-57.959 Y-19.195 E337.65488
G1 X-72.976 Y-34.211 E338.72217
G1 X-72.976 Y-34.7 E338.74675
G1 X-57.942 Y-19.666 E339.81528
G1 X-57.929 Y-19.773 E339.8207
G1 X-57.826 Y-20.039 E339.83504
G1 X-72.976 Y-35.188 E340.91178
G1 X-72.976 Y-35.676 E340.93631
G1 X-57.618 Y-20.318 E342.02787
G1 X-57.373 Y-20.563 E342.04528
G1 X-72.976 Y-36.165 E343.15421
G1 X-72.976 Y-36.653 E343.17874
G1 X-57.129 Y-20.807 E344.30502
G1 X-56.885 Y-21.051 E344.32236
G1 X-56.961 Y-21.127 E344.32776
G1 X-56.995 Y-21.119 E344.32952
G1 X-57.625 Y-21.434 E344.36492
G1 X-57.777 Y-21.621 E344.37703
G1 X-57.884 Y-21.83 E344.38883
G1 X-57.948 Y-22.114 E344.40346
G1 X-72.976 Y-37.142 E345.47156
G1 X-72.976 Y-37.63 E345.49609
G1 X-57.959 Y-22.614 E346.56338
G1 X-57.959 Y-23.102 E346.58791
G1 X-72.976 Y-38.119 E347.65523
G1 X-72.976 Y-38.607 E347.67976
G1 X-57.959 Y-23.591 E348.74705
G1 X-57.959 Y-24.079 E348.77158
G1 X-72.976 Y-39.096 E349.8389
G1 X-72.976 Y-39.584 E349.86343
G1 X-57.959 Y-24.568 E350.93072
G1 X-57.959 Y-25.056 E350.95525
G1 X-71.96 Y-39.057 E351.95036
G1 X-71.838 Y-39.012 E351.9569
G1 X-71.339 Y-38.924 E351.98237
G1 X-57.959 Y-25.545 E352.93331
G1 X-57.959 Y-26.033 E352.95784
G1 X-70.845 Y-38.918 E353.87367
G1 X-70.43 Y-38.992 E353.89486
G1 X-57.941 Y-26.503 E354.78251
G1 X-57.929 Y-26.601 E354.78747
G1 X-57.823 Y-26.873 E354.80214
G1 X-70.051 Y-39.101 E355.67123
G1 X-69.737 Y-39.276 E355.6893
G1 X-57.613 Y-27.152 E356.551
G1 X-57.369 Y-27.396 E356.56834
G1 X-69.424 Y-39.452 E357.42517
G1 X-69.227 Y-39.609 E357.43783
G1 X-69.166 Y-39.681 E357.44257
G1 X-57.124 Y-27.64 E358.29841
G1 X-56.88 Y-27.884 E358.31575
G1 X-56.953 Y-27.958 E358.32097
G1 X-56.995 Y-27.948 E358.32314
G1 X-57.625 Y-28.263 E358.35854
G1 X-57.779 Y-28.451 E358.37075
G1 X-57.92 Y-28.766 E358.38809
G1 X-57.945 Y-28.949 E358.39737
G1 X-68.942 Y-39.946 E359.17897
G1 X-68.726 Y-40.219 E359.19647
G1 X-57.959 Y-29.452 E359.96173
G1 X-57.959 Y-29.94 E359.98626
G1 X-68.575 Y-40.556 E360.74078
G1 X-68.439 Y-40.909 E360.75979
G1 X-57.959 Y-30.428 E361.50468
G1 X-57.958 Y-30.916 E361.52921
G1 X-68.348 Y-41.306 E362.26767
G1 X-68.342 Y-41.788 E362.2919
G1 X-57.958 Y-31.404 E363.02993
G1 X-57.958 Y-31.893 E363.05451
G1 X-68.423 Y-42.357 E363.79827
G1 X-68.607 Y-42.863 E363.82533
G1 X-68.794 Y-43.187 E363.84413
G1 X-68.949 Y-43.373 E363.8563
G1 X-57.957 Y-32.381 E364.63755
G1 X-57.957 Y-32.869 E364.66208
G1 X-68.642 Y-43.554 E365.42151
G1 X-68.153 Y-43.553 E365.44609
G1 X-57.946 Y-33.346 E366.17154
G1 X-57.932 Y-33.438 E366.17622
G1 X-57.827 Y-33.716 E366.19115
G1 X-67.665 Y-43.553 E366.89034
G1 X-67.176 Y-43.553 E366.91492
G1 X-57.618 Y-33.995 E367.59425
G1 X-57.412 Y-34.154 E367.60733
G1 X-57.331 Y-34.196 E367.61192
G1 X-66.688 Y-43.553 E368.27696
G1 X-66.199 Y-43.553 E368.30154
G1 X-56.949 Y-34.303 E368.95898
G1 X-56.47 Y-34.312 E368.98306
G1 X-65.711 Y-43.553 E369.63986
G1 X-65.222 Y-43.553 E369.66444
G1 X-55.981 Y-34.312 E370.32124
G1 X-55.493 Y-34.312 E370.34577
G1 X-64.734 Y-43.553 E371.00257
G1 X-64.246 Y-43.553 E371.0271
G1 X-55.004 Y-34.312 E371.68393
G1 X-54.516 Y-34.312 E371.70846
G1 X-63.757 Y-43.553 E372.36526
G1 X-63.269 Y-43.553 E372.38979
G1 X-54.028 Y-34.312 E373.04659
G1 X-53.539 Y-34.312 E373.07117
G1 X-62.78 Y-43.553 E373.72797
G1 X-62.292 Y-43.553 E373.7525
G1 X-53.051 Y-34.312 E374.4093
G1 X-52.704 Y-34.312 E374.42674
G1 X-52.54 Y-34.29 E374.43506
G1 X-61.803 Y-43.553 E375.09342
G1 X-61.315 Y-43.553 E375.11795
G1 X-51.263 Y-33.501 E375.83239
G1 X-51.019 Y-33.746 E375.84977
G1 X-60.826 Y-43.553 E376.54679
G1 X-60.338 Y-43.553 E376.57132
G1 X-50.774 Y-33.989 E377.25107
G1 X-50.601 Y-34.131 E377.26232
G1 X-50.481 Y-34.185 E377.26893
G1 X-59.849 Y-43.553 E377.93475
G1 X-59.361 Y-43.553 E377.95928
G1 X-50.105 Y-34.297 E378.61714
G1 X-49.632 Y-34.312 E378.64092
G1 X-58.872 Y-43.553 E379.29768
G1 X-58.384 Y-43.553 E379.32221
G1 X-49.143 Y-34.312 E379.97901
G1 X-48.655 Y-34.312 E380.00354
G1 X-57.895 Y-43.553 E380.6603
G1 X-57.407 Y-43.553 E380.68483
G1 X-48.166 Y-34.312 E381.34163
G1 X-47.678 Y-34.312 E381.36616
G1 X-56.918 Y-43.553 E382.02292
G1 X-56.43 Y-43.553 E382.04745
G1 X-47.189 Y-34.312 E382.70425
G1 X-46.701 Y-34.312 E382.72878
G1 X-55.941 Y-43.552 E383.38551
G1 X-55.453 Y-43.552 E383.41004
G1 X-46.213 Y-34.312 E384.06677
G1 X-45.876 Y-34.312 E384.08371
G1 X-45.7 Y-34.288 E384.09264
G1 X-54.964 Y-43.552 E384.75107
G1 X-54.476 Y-43.552 E384.7756
G1 X-44.43 Y-33.506 E385.48961
G1 X-44.186 Y-33.75 E385.50695
G1 X-53.987 Y-43.552 E386.20358
G1 X-53.499 Y-43.552 E386.22811
G1 X-43.941 Y-33.994 E386.90744
G1 X-43.772 Y-34.131 E386.91837
G1 X-43.646 Y-34.188 E386.92532
G1 X-53.011 Y-43.552 E387.59089
G1 X-52.522 Y-43.552 E387.61547
G1 X-43.268 Y-34.298 E388.27319
G1 X-42.793 Y-34.312 E388.29707
G1 X-52.034 Y-43.552 E388.95383
G1 X-51.545 Y-43.552 E388.97841
G1 X-42.305 Y-34.312 E389.63514
G1 X-41.817 Y-34.312 E389.65967
G1 X-51.057 Y-43.552 E390.3164
G1 X-50.568 Y-43.552 E390.34098
G1 X-41.328 Y-34.312 E390.99771
G1 X-40.84 Y-34.312 E391.02224
G1 X-50.08 Y-43.552 E391.67897
G1 X-49.591 Y-43.552 E391.70355
G1 X-40.351 Y-34.312 E392.36028
G1 X-39.863 Y-34.312 E392.38481
G1 X-49.103 Y-43.552 E393.04154
G1 X-48.614 Y-43.552 E393.06612
G1 X-39.374 Y-34.312 E393.72285
G1 X-39.048 Y-34.312 E393.73923
G1 X-38.861 Y-34.287 E393.74871
G1 X-48.126 Y-43.552 E394.40721
G1 X-47.637 Y-43.552 E394.43179
G1 X-37.596 Y-33.511 E395.14545
G1 X-37.352 Y-33.755 E395.16279
G1 X-47.149 Y-43.552 E395.8591
G1 X-46.66 Y-43.552 E395.88368
G1 X-37.107 Y-33.998 E396.56269
G1 X-36.944 Y-34.131 E396.57326
G1 X-36.811 Y-34.191 E396.58059
G1 X-46.172 Y-43.552 E397.24592
G1 X-45.683 Y-43.552 E397.2705
G1 X-36.431 Y-34.299 E397.92811
G1 X-35.955 Y-34.312 E397.95204
G1 X-45.195 Y-43.552 E398.60877
G1 X-44.706 Y-43.552 E398.63335
G1 X-35.467 Y-34.312 E399.29004
G1 X-34.978 Y-34.312 E399.31462
G1 X-44.218 Y-43.552 E399.97135
G1 X-43.729 Y-43.552 E399.99593
G1 X-34.49 Y-34.312 E400.65262
G1 X-34.002 Y-34.312 E400.67715
G1 X-43.241 Y-43.551 E401.3338
G1 X-42.753 Y-43.551 E401.35833
G1 X-33.513 Y-34.312 E402.01502
G1 X-33.025 Y-34.312 E402.03955
G1 X-42.264 Y-43.551 E402.6962
G1 X-41.776 Y-43.551 E402.72073
G1 X-32.536 Y-34.312 E403.37742
G1 X-32.219 Y-34.312 E403.39335
G1 X-32.021 Y-34.285 E403.40339
G1 X-41.287 Y-43.551 E404.06196
G1 X-40.799 Y-43.551 E404.08649
G1 X-30.763 Y-33.516 E404.79975
G1 X-30.519 Y-33.76 E404.81709
G1 X-40.31 Y-43.551 E405.51298
G1 X-39.822 Y-43.551 E405.53751
G1 X-30.273 Y-34.003 E406.21616
G1 X-30.116 Y-34.131 E406.22634
G1 X-29.976 Y-34.194 E406.23406
G1 X-39.333 Y-43.551 E406.8991
G1 X-38.845 Y-43.551 E406.92363
G1 X-29.594 Y-34.3 E407.58114
G1 X-29.117 Y-34.312 E407.60512
G1 X-38.356 Y-43.551 E408.26177
G1 X-37.868 Y-43.551 E408.2863
G1 X-28.629 Y-34.312 E408.94295
G1 X-28.14 Y-34.312 E408.96753
G1 X-37.379 Y-43.551 E409.62418
G1 X-36.891 Y-43.551 E409.64871
G1 X-27.652 Y-34.312 E410.30536
G1 X-27.163 Y-34.312 E410.32994
G1 X-36.402 Y-43.551 E410.98659
G1 X-35.914 Y-43.551 E411.01112
G1 X-26.675 Y-34.312 E411.66777
G1 X-26.187 Y-34.312 E411.6923
G1 X-35.425 Y-43.551 E412.34892
G1 X-34.937 Y-43.551 E412.37345
G1 X-25.698 Y-34.312 E413.0301
G1 X-25.391 Y-34.312 E413.04553
G1 X-25.181 Y-34.284 E413.05618
G1 X-34.448 Y-43.551 E413.71482
G1 X-33.96 Y-43.551 E413.73935
G1 X-23.93 Y-33.521 E414.45222
G1 X-23.686 Y-33.765 E414.46956
G1 X-33.471 Y-43.551 E415.16506
G1 X-32.983 Y-43.551 E415.18959
G1 X-23.439 Y-34.007 E415.86792
G1 X-23.287 Y-34.131 E415.87778
G1 X-23.141 Y-34.197 E415.88583
G1 X-32.494 Y-43.551 E416.55062
G1 X-32.006 Y-43.551 E416.57515
G1 X-22.757 Y-34.302 E417.23251
G1 X-22.279 Y-34.312 E417.25654
G1 X-31.518 Y-43.551 E417.91319
G1 X-31.029 Y-43.55 E417.93777
G1 X-21.791 Y-34.312 E418.59435
G1 X-21.302 Y-34.312 E418.61893
G1 X-30.541 Y-43.55 E419.27555
G1 X-30.052 Y-43.55 E419.30013
G1 X-20.814 Y-34.312 E419.95671
G1 X-20.325 Y-34.312 E419.98129
G1 X-29.564 Y-43.55 E420.63791
G1 X-29.075 Y-43.55 E420.66249
G1 X-19.837 Y-34.312 E421.31907
G1 X-19.348 Y-34.312 E421.34365
G1 X-28.587 Y-43.55 E422.00027
G1 X-28.098 Y-43.55 E422.02485
G1 X-18.86 Y-34.312 E422.68143
G1 X-18.562 Y-34.312 E422.69641
G1 X-18.342 Y-34.282 E422.70757
G1 X-27.61 Y-43.55 E423.36629
G1 X-27.121 Y-43.55 E423.39087
G1 X-17.097 Y-33.526 E424.10332
G1 X-16.852 Y-33.77 E424.1207
G1 X-26.633 Y-43.55 E424.81584
G1 X-26.144 Y-43.55 E424.84042
G1 X-16.605 Y-34.011 E425.5184
G1 X-16.459 Y-34.131 E425.5279
G1 X-16.306 Y-34.2 E425.53634
G1 X-25.656 Y-43.55 E426.20088
G1 X-25.167 Y-43.55 E426.22546
G1 X-15.92 Y-34.303 E426.88268
G1 X-15.441 Y-34.312 E426.90676
G1 X-24.679 Y-43.55 E427.56334
G1 X-24.19 Y-43.55 E427.58792
G1 X-14.952 Y-34.312 E428.2445
G1 X-14.464 Y-34.312 E428.26903
G1 X-23.702 Y-43.55 E428.92561
G1 X-23.213 Y-43.55 E428.95019
G1 X-13.976 Y-34.312 E429.60674
G1 X-13.487 Y-34.312 E429.63132
G1 X-22.725 Y-43.55 E430.2879
G1 X-22.236 Y-43.55 E430.31248
G1 X-12.999 Y-34.312 E430.96903
G1 X-12.51 Y-34.312 E430.99361
G1 X-21.748 Y-43.55 E431.65019
G1 X-21.259 Y-43.55 E431.67477
G1 X-12.022 Y-34.312 E432.33132
G1 X-11.734 Y-34.312 E432.34579
G1 X-11.502 Y-34.281 E432.35755
G1 X-20.771 Y-43.55 E433.01634
G1 X-20.283 Y-43.55 E433.04087
G1 X-10.263 Y-33.53 E433.75303
G1 X-10.019 Y-33.775 E433.77041
G1 X-19.794 Y-43.55 E434.46516
G1 X-19.306 Y-43.55 E434.48969
G1 X-9.772 Y-34.016 E435.16731
G1 X-9.63 Y-34.131 E435.17649
G1 X-9.47 Y-34.203 E435.18531
G1 X-18.817 Y-43.55 E435.84964
G1 X-18.329 Y-43.549 E435.87417
G1 X-9.083 Y-34.304 E436.53129
G1 X-8.603 Y-34.312 E436.55542
G1 X-17.84 Y-43.549 E437.21193
G1 X-17.352 Y-43.549 E437.23646
G1 X-8.114 Y-34.312 E437.89301
G1 X-7.626 Y-34.312 E437.91754
G1 X-16.863 Y-43.549 E438.57405
G1 X-16.375 Y-43.549 E438.59858
G1 X-7.137 Y-34.312 E439.25513
G1 X-6.649 Y-34.312 E439.27966
G1 X-15.886 Y-43.549 E439.93617
G1 X-15.398 Y-43.549 E439.9607
G1 X-6.161 Y-34.312 E440.61721
G1 X-5.672 Y-34.312 E440.64179
G1 X-14.909 Y-43.549 E441.2983
G1 X-14.421 Y-43.549 E441.32283
G1 X-5.184 Y-34.312 E441.97934
G1 X-4.905 Y-34.312 E441.99336
G1 X-4.662 Y-34.279 E442.00568
G1 X-13.932 Y-43.549 E442.66454
G1 X-13.444 Y-43.549 E442.68907
G1 X-3.43 Y-33.535 E443.40081
G1 X-3.186 Y-33.78 E443.41819
G1 X-12.955 Y-43.549 E444.11251
G1 X-12.467 Y-43.549 E444.13704
G1 X-2.938 Y-34.02 E444.81431
G1 X-2.802 Y-34.131 E444.82313
G1 X-2.635 Y-34.206 E444.83233
G1 X-11.978 Y-43.549 E445.49638
G1 X-11.49 Y-43.549 E445.52091
G1 X-2.246 Y-34.305 E446.17792
G1 X-1.765 Y-34.312 E446.2021
G1 X-11.001 Y-43.549 E446.85858
G1 X-10.513 Y-43.549 E446.88311
G1 X-1.276 Y-34.312 E447.53962
G1 X-.788 Y-34.312 E447.56415
G1 X-10.025 Y-43.549 E448.22066
G1 X-9.536 Y-43.549 E448.24524
G1 X-.299 Y-34.312 E448.90175
G1 X.189 Y-34.312 E448.92628
G1 X-9.048 Y-43.549 E449.58279
G1 X-8.559 Y-43.549 E449.60737
G1 X.678 Y-34.312 E450.26388
G1 X1.166 Y-34.312 E450.28841
G1 X-8.071 Y-43.549 E450.94492
G1 X-7.582 Y-43.549 E450.9695
G1 X1.654 Y-34.312 E451.62598
G1 X1.923 Y-34.312 E451.6395
G1 X2.177 Y-34.278 E451.65238
G1 X-7.094 Y-43.549 E452.31131
G1 X-6.605 Y-43.549 E452.33589
G1 X3.403 Y-33.54 E453.04724
G1 X3.647 Y-33.784 E453.06458
G1 X-6.117 Y-43.548 E453.75855
G1 X-5.628 Y-43.548 E453.78313
G1 X3.896 Y-34.024 E454.46004
G1 X4.027 Y-34.131 E454.46854
G1 X4.2 Y-34.209 E454.47808
G1 X-5.14 Y-43.548 E455.14188
G1 X-4.651 Y-43.548 E455.16646
G1 X4.591 Y-34.306 E455.82333
G1 X5.074 Y-34.312 E455.84761
G1 X-4.163 Y-43.548 E456.50409
G1 X-3.674 Y-43.548 E456.52867
G1 X5.562 Y-34.312 E457.18511
G1 X6.05 Y-34.312 E457.20964
G1 X-3.186 Y-43.548 E457.86608
G1 X-2.697 Y-43.548 E457.89066
G1 X6.539 Y-34.312 E458.5471
G1 X7.027 Y-34.312 E458.57163
G1 X-2.209 Y-43.548 E459.22807
G1 X-1.72 Y-43.548 E459.25265
G1 X7.516 Y-34.312 E459.90909
G1 X8.004 Y-34.312 E459.93362
G1 X-1.232 Y-43.548 E460.59006
G1 X-.743 Y-43.548 E460.61464
G1 X8.493 Y-34.312 E461.27108
G1 X8.751 Y-34.312 E461.28405
G1 X9.017 Y-34.276 E461.29754
G1 X-.255 Y-43.548 E461.95654
G1 X.234 Y-43.548 E461.98112
G1 X10.236 Y-33.545 E462.69204
G1 X10.481 Y-33.789 E462.70942
G1 X.722 Y-43.548 E463.40303
G1 X1.21 Y-43.548 E463.42756
G1 X10.73 Y-34.029 E464.10415
G1 X10.855 Y-34.131 E464.11226
G1 X11.035 Y-34.212 E464.12218
G1 X1.699 Y-43.548 E464.78573
G1 X2.187 Y-43.548 E464.81026
G1 X11.428 Y-34.307 E465.46706
G1 X11.912 Y-34.312 E465.49139
G1 X2.676 Y-43.548 E466.14783
G1 X3.164 Y-43.548 E466.17236
G1 X12.4 Y-34.312 E466.8288
G1 X12.889 Y-34.312 E466.85338
G1 X3.653 Y-43.548 E467.50982
G1 X4.141 Y-43.548 E467.53435
G1 X13.377 Y-34.312 E468.19079
G1 X13.865 Y-34.312 E468.21532
G1 X4.63 Y-43.548 E468.87173
G1 X5.118 Y-43.548 E468.89626
G1 X14.354 Y-34.312 E469.5527
G1 X14.842 Y-34.312 E469.57723
G1 X5.607 Y-43.548 E470.23364
G1 X6.095 Y-43.548 E470.25817
G1 X15.486 Y-34.157 E470.92563
G1 X16.935 Y-33.196 F7200
G1 F1800
G1 X6.584 Y-43.547 E471.66132
G1 X7.072 Y-43.547 E471.68585
G1 X17.07 Y-33.55 E472.39641
G1 X17.314 Y-33.794 E472.41375
G1 X7.561 Y-43.547 E473.10694
G1 X8.049 Y-43.547 E473.13147
G1 X17.563 Y-34.033 E473.80767
G1 X17.68 Y-34.128 E473.81524
G1 X17.864 Y-34.221 E473.8256
G1 X8.538 Y-43.547 E474.48844
G1 X9.026 Y-43.547 E474.51297
G1 X18.268 Y-34.305 E475.16984
G1 X18.756 Y-34.306 E475.19437
G1 X9.515 Y-43.547 E475.85117
G1 X10.003 Y-43.547 E475.8757
G1 X19.244 Y-34.307 E476.53246
G1 X19.731 Y-34.307 E476.55694
G1 X10.492 Y-43.547 E477.21363
G1 X10.98 Y-43.547 E477.23816
G1 X20.219 Y-34.308 E477.89481
G1 X20.706 Y-34.309 E477.91929
G1 X11.469 Y-43.547 E478.57584
G1 X11.957 Y-43.547 E478.60037
G1 X21.194 Y-34.31 E479.25688
G1 X21.682 Y-34.311 E479.28141
G1 X12.445 Y-43.547 E479.93789
G1 X12.934 Y-43.547 E479.96247
G1 X22.324 Y-34.157 E480.62986
G1 X23.769 Y-33.201 F7200
G1 F1800
G1 X13.422 Y-43.547 E481.36523
G1 X13.911 Y-43.547 E481.38981
G1 X23.903 Y-33.555 E482.09998
G1 X24.147 Y-33.799 E482.11732
G1 X14.399 Y-43.547 E482.81015
G1 X14.888 Y-43.547 E482.83473
G1 X24.397 Y-34.037 E483.51061
G1 X24.509 Y-34.128 E483.51786
G1 X24.699 Y-34.224 E483.52856
G1 X15.376 Y-43.547 E484.19118
G1 X15.865 Y-43.547 E484.21576
G1 X25.107 Y-34.305 E484.87263
G1 X25.594 Y-34.306 E484.89711
G1 X16.353 Y-43.547 E485.55391
G1 X16.842 Y-43.547 E485.57849
G1 X26.082 Y-34.307 E486.23522
G1 X26.569 Y-34.307 E486.2597
G1 X17.33 Y-43.547 E486.91639
G1 X17.819 Y-43.547 E486.94097
G1 X27.057 Y-34.308 E487.59759
G1 X27.545 Y-34.309 E487.62212
G1 X18.307 Y-43.547 E488.2787
G1 X18.796 Y-43.546 E488.30328
G1 X28.032 Y-34.31 E488.95972
G1 X28.52 Y-34.311 E488.98425
G1 X19.284 Y-43.546 E489.64066
G1 X19.773 Y-43.546 E489.66524
G1 X29.162 Y-34.157 E490.33256
G1 X30.602 Y-33.206 F7200
G1 F1800
G1 X20.261 Y-43.546 E491.0675
G1 X20.75 Y-43.546 E491.09208
G1 X30.736 Y-33.56 E491.80183
G1 X30.981 Y-33.804 E491.81921
G1 X21.238 Y-43.546 E492.51165
G1 X21.727 Y-43.546 E492.53623
G1 X31.231 Y-34.042 E493.21172
G1 X31.337 Y-34.128 E493.21858
G1 X31.537 Y-34.224 E493.22973
G1 X22.215 Y-43.546 E493.89228
G1 X22.703 Y-43.546 E493.91681
G1 X31.939 Y-34.311 E494.57322
G1 X32.426 Y-34.312 E494.5977
G1 X23.192 Y-43.546 E495.254
G1 X23.68 Y-43.546 E495.27853
G1 X32.914 Y-34.312 E495.93483
G1 X33.403 Y-34.312 E495.95941
G1 X24.169 Y-43.546 E496.61571
G1 X24.657 Y-43.546 E496.64024
G1 X33.891 Y-34.312 E497.29654
G1 X34.38 Y-34.312 E497.32112
G1 X25.146 Y-43.546 E497.97742
G1 X25.634 Y-43.546 E498.00195
G1 X34.868 Y-34.312 E498.65825
G1 X35.357 Y-34.312 E498.68283
G1 X26.123 Y-43.546 E499.33913
G1 X26.611 Y-43.546 E499.36366
G1 X36 Y-34.157 E500.03098
G1 E498.03098 F2400
G92 E0
G1 Z2.35 F7200
G1 X10.102 Y-33.191
G1 Z.35
G1 E2 F2400
G1 F1800
G1 X9.43 Y-33.863 E2.04776
G1 E.04776 F2400
G92 E0
G1 Z2.35 F7200
G1 X3.269 Y-33.186
G1 Z.35
G1 E2 F2400
G1 F1800
G1 X2.611 Y-33.844 E2.04677
G1 E.04677 F2400
G92 E0
G1 Z2.35 F7200
G1 X-3.565 Y-33.181
G1 Z.35
G1 E2 F2400
G1 F1800
G1 X-4.208 Y-33.824 E2.0457
G1 E.0457 F2400
G92 E0
G1 Z2.35 F7200
G1 X-10.398 Y-33.177
G1 Z.35
G1 E2 F2400
G1 F1800
G1 X-11.026 Y-33.805 E2.04463
G1 E.04463 F2400
G92 E0
G1 Z2.35 F7200
G1 X-17.231 Y-33.172
G1 Z.35
G1 E2 F2400
G1 F1800
G1 X-17.845 Y-33.786 E2.04364
G1 E.04364 F2400
G92 E0
G1 Z2.35 F7200
G1 X-24.064 Y-33.167
G1 Z.35
G1 E2 F2400
G1 F1800
G1 X-24.664 Y-33.766 E2.04261
G1 E.04261 F2400
G92 E0
G1 Z2.35 F7200
G1 X-30.898 Y-33.162
G1 Z.35
G1 E2 F2400
G1 F1800
G1 X-31.482 Y-33.747 E2.04154
G1 E.04154 F2400
G92 E0
G1 Z2.35 F7200
G1 X-37.731 Y-33.157
G1 Z.35
G1 E2 F2400
G1 F1800
G1 X-38.301 Y-33.727 E2.04051
G1 E.04051 F2400
G92 E0
G1 Z2.35 F7200
G1 X-44.564 Y-33.152
G1 Z.35
G1 E2 F2400
G1 F1800
G1 X-45.12 Y-33.708 E2.03952
G1 E.03952 F2400
G92 E0
G1 Z2.35 F7200
G1 X-51.398 Y-33.147
G1 Z.35
G1 E2 F2400
G1 F1800
G1 X-51.939 Y-33.688 E2.03845
G1 E.03845 F2400
G92 E0
G1 Z2.35 F7200
G1 X-73.131 Y33.527
G1 Z.35
G1 E2 F2400
G1 F1800
G1 X-72.879 Y33.779 E2.01791
G1 X-72.695 Y33.625 E2.02997
G1 X-72.599 Y33.57 E2.03553
G1 X-72.976 Y33.193 E2.06232
G1 X-72.976 Y32.705 E2.08685
G1 X-72.29 Y33.391 E2.13561
G1 X-72.19 Y33.333 E2.14142
G1 X-71.948 Y33.244 E2.15438
G1 X-72.976 Y32.216 E2.22744
G1 X-72.976 Y31.728 E2.25197
G1 X-71.551 Y33.153 E2.35325
G1 X-71.304 Y33.108 E2.36587
G1 X-71.118 Y33.097 E2.37523
G1 X-72.976 Y31.24 E2.50725
G1 X-72.976 Y30.751 E2.53183
G1 X-70.377 Y33.349 E2.71652
G1 E.71652 F2400
G92 E0
G1 Z2.35 F7200
G1 X-69.125 Y37.533
G1 Z.35
G1 E2 F2400
G1 F1800
G1 X-68.911 Y37.747 E2.01521
G1 X-68.423 Y37.747 E2.03974
G1 X-68.792 Y37.377 E2.066
G1 X-68.613 Y37.067 E2.08399
G1 X-67.934 Y37.747 E2.13228
G1 X-67.446 Y37.747 E2.15681
G1 X-68.481 Y36.711 E2.23041
G1 X-68.407 Y36.507 E2.24132
G1 X-68.375 Y36.328 E2.25046
G1 X-66.957 Y37.747 E2.35128
G1 X-66.469 Y37.747 E2.37581
G1 X-68.342 Y35.873 E2.50897
G1 X-68.36 Y35.367 E2.53442
G1 X-65.98 Y37.747 E2.70358
G1 X-65.492 Y37.747 E2.72811
G1 X-72.976 Y30.263 E3.26003
G1 X-72.976 Y29.774 E3.28461
G1 X-65.003 Y37.747 E3.85128
G1 X-64.515 Y37.747 E3.87581
G1 X-72.976 Y29.286 E4.47717
G1 X-72.976 Y28.797 E4.50175
G1 X-64.027 Y37.747 E5.13783
G1 X-63.538 Y37.747 E5.16241
G1 X-72.976 Y28.309 E5.83321
G1 X-72.976 Y27.821 E5.85774
G1 X-63.05 Y37.747 E6.56322
G1 X-62.561 Y37.747 E6.5878
G1 X-72.976 Y27.332 E7.32804
G1 X-72.976 Y26.844 E7.35257
G1 X-62.073 Y37.747 E8.12749
G1 X-61.584 Y37.747 E8.15207
G1 X-72.976 Y26.355 E8.96175
G1 X-72.976 Y25.867 E8.98628
G1 X-61.096 Y37.747 E9.83064
G1 X-60.607 Y37.747 E9.85522
G1 X-72.976 Y25.378 E10.73434
G1 X-72.976 Y24.89 E10.75887
G1 X-60.119 Y37.747 E11.67267
G1 X-59.631 Y37.747 E11.6972
G1 X-72.976 Y24.401 E12.64572
G1 X-72.976 Y23.913 E12.67025
G1 X-59.142 Y37.747 E13.65349
G1 X-58.654 Y37.747 E13.67802
G1 X-72.976 Y23.425 E14.69594
G1 X-72.976 Y22.936 E14.72052
G1 X-58.165 Y37.747 E15.7732
G1 X-57.677 Y37.747 E15.79773
G1 X-72.976 Y22.448 E16.88509
G1 X-72.976 Y21.959 E16.90967
G1 X-57.188 Y37.747 E18.03179
G1 X-56.7 Y37.747 E18.05632
G1 X-72.976 Y21.471 E19.21312
G1 X-72.976 Y20.982 E19.2377
G1 X-56.212 Y37.747 E20.42922
G1 X-55.723 Y37.747 E20.4538
G1 X-72.976 Y20.494 E21.68004
G1 X-72.976 Y20.006 E21.70457
G1 X-55.235 Y37.747 E22.9655
G1 X-54.746 Y37.747 E22.99008
G1 X-72.976 Y19.517 E24.28576
G1 X-72.976 Y19.029 E24.31029
G1 X-54.258 Y37.747 E25.64066
G1 X-53.769 Y37.747 E25.66524
G1 X-72.976 Y18.54 E27.03036
G1 X-72.976 Y18.052 E27.05489
G1 X-53.281 Y37.747 E28.4547
G1 X-52.792 Y37.747 E28.47928
G1 X-72.976 Y17.563 E29.91384
G1 X-72.976 Y17.075 E29.93837
G1 X-52.304 Y37.747 E31.40762
G1 X-51.816 Y37.747 E31.43215
G1 X-72.976 Y16.586 E32.93611
G1 X-72.976 Y16.098 E32.96064
G1 X-51.327 Y37.747 E34.49932
G1 X-50.839 Y37.747 E34.52385
G1 X-72.976 Y15.61 E36.09722
G1 X-72.976 Y15.121 E36.1218
G1 X-50.35 Y37.747 E37.72992
G1 X-49.862 Y37.747 E37.75445
G1 X-72.976 Y14.633 E39.39726
G1 X-72.976 Y14.144 E39.42184
G1 X-49.373 Y37.747 E41.0994
G1 X-48.885 Y37.747 E41.12393
G1 X-72.976 Y13.656 E42.83618
G1 X-72.976 Y13.167 E42.86076
G1 X-48.397 Y37.747 E44.60773
G1 X-47.908 Y37.747 E44.63231
G1 X-72.976 Y12.679 E46.414
G1 X-72.976 Y12.191 E46.43853
G1 X-47.264 Y37.902 E48.26595
G1 E46.26595 F2400
G92 E0
G1 Z2.35 F7200
G1 X37.436 Y22.472
G1 Z.35
G1 E2 F2400
G1 F1800
G1 X36.912 Y21.949 E2.03721
G1 E.03721 F2400
G92 E0
G1 Z2.35 F7200
G1 X37.456 Y15.654
G1 Z.35
G1 E2 F2400
G1 F1800
G1 X36.917 Y15.116 E2.03827
G1 E.03827 F2400
G92 E0
G1 Z2.35 F7200
G1 X37.475 Y8.835
G1 Z.35
G1 E2 F2400
G1 F1800
G1 X36.922 Y8.282 E2.0393
G1 E.0393 F2400
G92 E0
G1 Z2.35 F7200
G1 X59.832 Y-11.302
G1 Z.35
G1 E2 F2400
G1 F1800
G1 X27.588 Y-43.546 E4.29172
G1 X27.1 Y-43.546 E4.31625
G1 X58.872 Y-11.774 E6.57442
G1 X58.345 Y-11.812 E6.60097
G1 X37.157 Y-33 E8.10689
G1 X37.143 Y-32.899 E8.11201
G1 X37.007 Y-32.662 E8.12574
G1 X37.239 Y-32.43 E8.14223
G1 X37.385 Y-32.411 E8.14963
G1 X37.628 Y-32.274 E8.16365
G1 X37.795 Y-32.122 E8.175
G1 X37.95 Y-31.902 E8.18853
G1 X38.052 Y-31.617 E8.20374
G1 X57.857 Y-11.812 E9.61136
G1 X57.368 Y-11.812 E9.63594
G1 X38.083 Y-31.097 E11.00661
G1 X38.083 Y-30.609 E11.03114
G1 X56.88 Y-11.812 E12.36712
G1 X56.391 Y-11.812 E12.3917
G1 X38.083 Y-30.121 E13.69296
G1 X38.083 Y-29.632 E13.71754
G1 X55.903 Y-11.812 E14.98408
G1 X55.414 Y-11.812 E15.00866
G1 X38.083 Y-29.144 E16.24048
G1 X38.083 Y-28.655 E16.26506
G1 X54.926 Y-11.812 E17.46216
G1 X54.438 Y-11.812 E17.48669
G1 X38.083 Y-28.167 E18.64911
G1 X38.083 Y-27.678 E18.67369
G1 X53.949 Y-11.812 E19.80135
G1 X53.461 Y-11.812 E19.82588
G1 X38.076 Y-27.197 E20.91936
G1 X38.056 Y-27.018 E20.92841
G1 X37.979 Y-26.806 E20.93975
G1 X52.972 Y-11.812 E22.0054
G1 X52.484 Y-11.812 E22.02993
G1 X37.785 Y-26.51 E23.07461
G1 X37.545 Y-26.263 E23.09192
G1 X51.995 Y-11.812 E24.11898
G1 X51.516 Y-11.803 E24.14306
G1 X37.3 Y-26.019 E25.15345
G1 X37.056 Y-25.774 E25.17083
G1 X37.225 Y-25.606 E25.18281
G1 X37.749 Y-25.344 E25.21225
G1 X37.905 Y-25.149 E25.2248
G1 X37.977 Y-25.019 E25.23227
G1 X38.058 Y-24.773 E25.24529
G1 X51.069 Y-11.761 E26.17007
G1 X50.682 Y-11.66 E26.19017
G1 X38.083 Y-24.26 E27.08567
G1 X38.083 Y-23.771 E27.11025
G1 X50.331 Y-11.523 E27.98077
G1 X50.005 Y-11.36 E27.99909
G1 X38.083 Y-23.283 E28.84647
G1 X38.083 Y-22.794 E28.87105
G1 X49.717 Y-11.16 E29.69793
G1 X49.595 Y-11.075 E29.7054
G1 X49.454 Y-10.934 E29.71542
G1 X38.083 Y-22.306 E30.52364
G1 X38.083 Y-21.817 E30.54822
G1 X49.21 Y-10.69 E31.33906
G1 X49.008 Y-10.403 E31.3567
G1 X38.083 Y-21.329 E32.13322
G1 X38.083 Y-20.84 E32.1578
G1 X48.825 Y-10.098 E32.92128
G1 X48.67 Y-9.765 E32.93974
G1 X38.074 Y-20.361 E33.69284
G1 X38.05 Y-20.163 E33.70286
G1 X37.97 Y-19.976 E33.71308
G1 X48.568 Y-9.378 E34.46632
G1 X48.502 Y-9.111 E34.48014
G1 X48.49 Y-8.967 E34.4874
G1 X37.781 Y-19.677 E35.24857
G1 X37.54 Y-19.43 E35.26591
G1 X48.466 Y-8.503 E36.0425
G1 X48.466 Y-8.015 E36.06703
G1 X37.296 Y-19.185 E36.86093
G1 X37.051 Y-18.941 E36.87831
G1 X37.206 Y-18.787 E36.88929
G1 X37.749 Y-18.515 E36.91981
G1 X37.911 Y-18.311 E36.9329
G1 X37.983 Y-18.178 E36.9405
G1 X38.06 Y-17.932 E36.95345
G1 X48.466 Y-7.526 E37.69305
G1 X48.466 Y-7.038 E37.71758
G1 X38.083 Y-17.421 E38.45554
G1 X38.083 Y-16.933 E38.48007
G1 X48.466 Y-6.55 E39.21803
G1 X48.466 Y-6.061 E39.24261
G1 X38.083 Y-16.444 E39.98057
G1 X38.083 Y-15.956 E40.0051
G1 X48.466 Y-5.573 E40.74306
G1 X48.466 Y-5.084 E40.76764
G1 X38.083 Y-15.467 E41.5056
G1 X38.083 Y-14.979 E41.53013
G1 X48.466 Y-4.596 E42.26809
G1 X48.466 Y-4.107 E42.29267
G1 X38.083 Y-14.49 E43.03063
G1 X38.083 Y-14.002 E43.05516
G1 X48.466 Y-3.619 E43.79312
G1 X48.466 Y-3.13 E43.8177
G1 X38.073 Y-13.524 E44.55641
G1 X38.049 Y-13.331 E44.56618
G1 X37.974 Y-13.134 E44.57677
G1 X48.466 Y-2.642 E45.32248
G1 X48.466 Y-2.154 E45.34701
G1 X37.776 Y-12.844 E46.10679
G1 X37.535 Y-12.596 E46.12417
G1 X48.621 Y-1.51 E46.9121
G1 E44.9121 F2400
G92 E0
G1 Z2.35 F7200
G1 X37.514 Y-4.802
G1 Z.35
G1 E2 F2400
G1 F1800
G1 X36.932 Y-5.384 E2.04137
G1 E.04137 F2400
G92 E0
G1 Z2.35 F7200
G1 X37.533 Y-11.621
G1 Z.35
G1 E2 F2400
G1 F1800
G1 X37.046 Y-12.108 E2.03461
G1 X37.291 Y-12.352 E2.05199
G1 X48.466 Y-1.177 E2.84624
G1 X48.466 Y-.688 E2.87082
G1 X38.063 Y-11.092 E3.61024
G1 X38.083 Y-10.914 E3.61924
G1 X38.083 Y-10.583 E3.63588
G1 X48.466 Y-.2 E4.37384
G1 X48.466 Y.289 E4.39842
G1 X38.083 Y-10.095 E5.13642
G1 X38.083 Y-9.606 E5.161
G1 X48.466 Y.777 E5.89896
G1 X48.466 Y1.265 E5.92349
G1 X38.083 Y-9.118 E6.66145
G1 X38.083 Y-8.629 E6.68603
G1 X48.466 Y1.754 E7.42399
G1 X48.466 Y2.242 E7.44852
G1 X38.083 Y-8.141 E8.18648
G1 X38.083 Y-7.652 E8.21106
G1 X48.466 Y2.731 E8.94902
G1 X48.466 Y3.219 E8.97355
G1 X38.083 Y-7.164 E9.71151
G1 X38.072 Y-6.686 E9.73554
G1 X48.466 Y3.708 E10.47428
G1 X48.466 Y4.196 E10.49881
G1 X37.964 Y-6.306 E11.24523
G1 X37.914 Y-6.187 E11.25172
G1 X37.772 Y-6.009 E11.26316
G1 X48.466 Y4.685 E12.02323
G1 X48.466 Y5.173 E12.04776
G1 X37.53 Y-5.763 E12.82503
G1 X37.286 Y-5.519 E12.84237
G1 X48.466 Y5.661 E13.63698
G1 X48.466 Y6.15 E13.66156
G1 X38.062 Y-4.254 E14.40102
G1 X38.083 Y-4.063 E14.41068
G1 X38.083 Y-3.745 E14.42666
G1 X48.466 Y6.638 E15.16462
G1 X48.466 Y7.127 E15.1892
G1 X38.083 Y-3.256 E15.92716
G1 X38.083 Y-2.768 E15.95169
G1 X48.491 Y7.64 E16.69143
G1 X48.514 Y7.895 E16.7043
G1 X48.603 Y8.24 E16.72221
G1 X38.083 Y-2.28 E17.46991
G1 X38.083 Y-1.791 E17.49449
G1 X66.825 Y26.951 E19.5373
G1 X66.825 Y26.462 E19.56188
G1 X50.727 Y10.364 E20.70603
G1 X51.062 Y10.455 E20.72348
G1 X51.33 Y10.479 E20.737
G1 X66.825 Y25.974 E21.83829
G1 X66.825 Y25.485 E21.86287
G1 X51.844 Y10.505 E22.9276
G1 X52.333 Y10.505 E22.95218
G1 X66.825 Y24.997 E23.98219
G1 X66.825 Y24.508 E24.00677
G1 X52.821 Y10.505 E25.00206
G1 X53.309 Y10.505 E25.02659
G1 X66.825 Y24.02 E25.98719
G1 X66.825 Y23.532 E26.01172
G1 X53.798 Y10.505 E26.9376
G1 X54.286 Y10.505 E26.96213
G1 X66.825 Y23.043 E27.85329
G1 X66.825 Y22.555 E27.87782
G1 X54.775 Y10.505 E28.73426
G1 X55.263 Y10.505 E28.75879
G1 X66.825 Y22.066 E29.58051
G1 X66.825 Y21.578 E29.60504
G1 X55.752 Y10.505 E30.39204
G1 X56.24 Y10.505 E30.41657
G1 X66.825 Y21.089 E31.16885
G1 X66.825 Y20.601 E31.19338
G1 X56.729 Y10.505 E31.91094
G1 X57.217 Y10.505 E31.93547
G1 X66.825 Y20.112 E32.61832
G1 X66.825 Y19.624 E32.64285
G1 X57.705 Y10.505 E33.29101
G1 X58.194 Y10.505 E33.31559
G1 X66.825 Y19.136 E33.92903
G1 X66.825 Y18.647 E33.95361
G1 X58.662 Y10.485 E34.53375
G1 X58.969 Y10.458 E34.54924
G1 X59.092 Y10.426 E34.55563
G1 X66.825 Y18.159 E35.10525
G1 X66.825 Y17.67 E35.12983
G1 X59.475 Y10.321 E35.65219
G1 X59.811 Y10.168 E35.67074
G1 X66.825 Y17.182 E36.16925
G1 X66.825 Y16.693 E36.19383
G1 X60.129 Y9.998 E36.66971
G1 X60.409 Y9.789 E36.68727
G1 X66.825 Y16.205 E37.14328
G1 X66.825 Y15.717 E37.16781
G1 X60.667 Y9.559 E37.60548
G1 X60.782 Y9.444 E37.61365
G1 X60.893 Y9.296 E37.62295
G1 X66.825 Y15.228 E38.04456
G1 X66.825 Y14.74 E38.06909
G1 X61.101 Y9.016 E38.47592
G1 X61.267 Y8.693 E38.49417
G1 X66.825 Y14.251 E38.8892
G1 X66.825 Y13.763 E38.91373
G1 X61.415 Y8.353 E39.29824
G1 X61.51 Y7.96 E39.31856
G1 X66.825 Y13.274 E39.69628
G1 X66.825 Y12.786 E39.72081
G1 X61.569 Y7.53 E40.09438
G1 X61.583 Y7.056 E40.11821
G1 X66.825 Y12.297 E40.49075
G1 X66.825 Y11.809 E40.51528
G1 X61.583 Y6.567 E40.88785
G1 X61.583 Y6.079 E40.91238
G1 X66.825 Y11.321 E41.28495
G1 X66.825 Y10.832 E41.30953
G1 X61.583 Y5.59 E41.6821
G1 X61.583 Y5.102 E41.70663
G1 X66.825 Y10.344 E42.0792
G1 X66.825 Y9.855 E42.10378
G1 X61.583 Y4.614 E42.47632
G1 X61.583 Y4.125 E42.5009
G1 X66.825 Y9.367 E42.87347
G1 X66.825 Y8.878 E42.89805
G1 X61.583 Y3.637 E43.27059
G1 X61.583 Y3.148 E43.29517
G1 X66.825 Y8.39 E43.66774
G1 X66.825 Y7.902 E43.69227
G1 X61.583 Y2.66 E44.06484
G1 X61.583 Y2.171 E44.08942
G1 X66.825 Y7.413 E44.46199
G1 X66.825 Y6.925 E44.48652
G1 X61.583 Y1.683 E44.85909
G1 X61.583 Y1.195 E44.88362
G1 X66.825 Y6.436 E45.25616
G1 X66.825 Y5.948 E45.28069
G1 X61.583 Y.706 E45.65326
G1 X61.583 Y.218 E45.67779
G1 X66.825 Y5.459 E46.05033
G1 X66.825 Y4.971 E46.07486
G1 X61.583 Y-.271 E46.44743
G1 X61.583 Y-.759 E46.47196
G1 X66.825 Y4.482 E46.8445
G1 X66.825 Y3.994 E46.86903
G1 X61.583 Y-1.248 E47.2416
G1 X61.583 Y-1.736 E47.26613
G1 X66.825 Y3.506 E47.6387
G1 X66.825 Y3.017 E47.66328
G1 X61.583 Y-2.225 E48.03585
G1 X61.583 Y-2.713 E48.06038
G1 X66.825 Y2.529 E48.43295
G1 X66.825 Y2.04 E48.45753
G1 X61.583 Y-3.201 E48.83007
G1 X61.583 Y-3.69 E48.85465
G1 X66.825 Y1.552 E49.22722
G1 X66.825 Y1.063 E49.2518
G1 X61.583 Y-4.178 E49.62434
G1 X61.583 Y-4.667 E49.64892
G1 X66.825 Y.575 E50.02149
G1 X66.825 Y.087 E50.04602
G1 X61.583 Y-5.155 E50.41859
G1 X61.583 Y-5.644 E50.44317
G1 X66.825 Y-.402 E50.81574
G1 X66.825 Y-.89 E50.84027
G1 X61.583 Y-6.132 E51.21284
G1 X61.583 Y-6.621 E51.23742
G1 X66.825 Y-1.379 E51.60999
G1 X66.825 Y-1.867 E51.63452
G1 X61.583 Y-7.109 E52.00709
G1 X61.583 Y-7.597 E52.03162
G1 X66.825 Y-2.356 E52.40416
G1 X66.825 Y-2.844 E52.42869
G1 X61.583 Y-8.086 E52.80126
G1 X61.583 Y-8.574 E52.82579
G1 X66.825 Y-3.333 E53.19833
G1 X66.825 Y-3.821 E53.22286
G1 X61.548 Y-9.097 E53.59788
G1 X61.382 Y-9.752 E53.63184
G1 X66.825 Y-4.309 E54.0187
G1 X66.825 Y-4.798 E54.04328
G1 X28.077 Y-43.546 E56.79726
G1 X28.565 Y-43.546 E56.82179
G1 X66.825 Y-5.286 E59.54109
G1 X66.825 Y-5.775 E59.56567
G1 X29.054 Y-43.546 E62.25021
G1 X29.542 Y-43.546 E62.27474
G1 X66.825 Y-6.263 E64.9246
G1 X66.825 Y-6.752 E64.94918
G1 X30.031 Y-43.546 E67.56428
G1 X30.519 Y-43.546 E67.58881
G1 X66.825 Y-7.24 E70.16923
G1 X66.825 Y-7.729 E70.19381
G1 X31.008 Y-43.545 E72.73944
G1 X31.496 Y-43.545 E72.76397
G1 X66.825 Y-8.217 E75.27491
G1 X66.825 Y-8.705 E75.29944
G1 X31.985 Y-43.545 E77.77566
G1 X32.473 Y-43.545 E77.80019
G1 X66.825 Y-9.194 E80.24169
G1 X66.825 Y-9.682 E80.26622
G1 X32.962 Y-43.545 E82.673
G1 X33.45 Y-43.545 E82.69753
G1 X66.825 Y-10.171 E85.06959
G1 X66.825 Y-10.659 E85.09412
G1 X33.938 Y-43.545 E87.4315
G1 X34.427 Y-43.545 E87.45608
G1 X66.825 Y-11.148 E89.75871
G1 X66.825 Y-11.636 E89.78324
G1 X34.915 Y-43.545 E92.05118
G1 X35.404 Y-43.545 E92.07576
G1 X66.825 Y-12.124 E94.30898
G1 X66.825 Y-12.613 E94.33356
G1 X35.892 Y-43.545 E96.53206
G1 X36.381 Y-43.545 E96.55664
G1 X66.825 Y-13.101 E98.72042
G1 X66.825 Y-13.59 E98.745
G1 X36.869 Y-43.545 E100.87406
G1 X37.358 Y-43.545 E100.89864
G1 X66.825 Y-14.078 E102.99298
G1 X66.825 Y-14.567 E103.01756
G1 X37.846 Y-43.545 E105.07718
G1 X38.335 Y-43.545 E105.10176
G1 X66.825 Y-15.055 E107.12666
G1 X66.825 Y-15.544 E107.15124
G1 X38.823 Y-43.545 E109.14142
G1 X39.312 Y-43.545 E109.166
G1 X66.825 Y-16.032 E111.12146
G1 X66.825 Y-16.52 E111.14599
G1 X39.8 Y-43.545 E113.06677
G1 X40.289 Y-43.545 E113.09135
G1 X66.825 Y-17.009 E114.97737
G1 X66.825 Y-17.497 E115.0019
G1 X40.777 Y-43.545 E116.85324
G1 X41.266 Y-43.545 E116.87782
G1 X66.825 Y-17.986 E118.6944
G1 X66.825 Y-18.474 E118.71893
G1 X41.754 Y-43.545 E120.50083
G1 X42.243 Y-43.545 E120.52541
G1 X66.825 Y-18.963 E122.27256
G1 X66.825 Y-19.451 E122.29709
G1 X42.731 Y-43.545 E124.00955
G1 X43.22 Y-43.545 E124.03413
G1 X66.825 Y-19.939 E125.71187
G1 X66.825 Y-20.428 E125.73645
G1 X43.708 Y-43.544 E127.37944
G1 X44.197 Y-43.544 E127.40402
G1 X66.825 Y-20.916 E129.01229
G1 X66.825 Y-21.405 E129.03687
G1 X44.685 Y-43.544 E130.61042
G1 X45.173 Y-43.544 E130.63495
G1 X66.825 Y-21.893 E132.17381
G1 X66.825 Y-22.382 E132.19839
G1 X45.662 Y-43.544 E133.7025
G1 X46.15 Y-43.544 E133.72703
G1 X66.825 Y-22.87 E135.19645
G1 X66.825 Y-23.359 E135.22103
G1 X46.639 Y-43.544 E136.6557
G1 X47.127 Y-43.544 E136.68023
G1 X66.825 Y-23.847 E138.08021
G1 X66.825 Y-24.335 E138.10474
G1 X47.616 Y-43.544 E139.47
G1 X48.104 Y-43.544 E139.49453
G1 X66.825 Y-24.824 E140.82507
G1 X66.825 Y-25.312 E140.8496
G1 X48.593 Y-43.544 E142.14542
G1 X49.081 Y-43.544 E142.16995
G1 X66.825 Y-25.801 E143.43105
G1 X66.825 Y-26.289 E143.45558
G1 X49.57 Y-43.544 E144.68196
G1 X50.058 Y-43.544 E144.70649
G1 X66.825 Y-26.778 E145.89815
G1 X66.825 Y-27.266 E145.92268
G1 X50.547 Y-43.544 E147.07963
G1 X51.035 Y-43.544 E147.10416
G1 X66.825 Y-27.754 E148.22642
G1 X66.825 Y-28.243 E148.251
G1 X51.524 Y-43.544 E149.33851
G1 X52.012 Y-43.544 E149.36304
G1 X66.825 Y-28.731 E150.41586
G1 X66.825 Y-29.22 E150.44044
G1 X52.501 Y-43.544 E151.45851
G1 X52.989 Y-43.544 E151.48304
G1 X66.825 Y-29.708 E152.46642
G1 X66.825 Y-30.197 E152.491
G1 X53.478 Y-43.544 E153.43963
G1 X53.966 Y-43.544 E153.46416
G1 X66.825 Y-30.685 E154.3781
G1 X66.825 Y-31.174 E154.40268
G1 X54.455 Y-43.544 E155.28187
G1 X54.943 Y-43.544 E155.3064
G1 X66.825 Y-31.662 E156.1509
G1 X66.825 Y-32.15 E156.17543
G1 X55.431 Y-43.544 E156.98525
G1 X55.92 Y-43.543 E157.00983
G1 X66.825 Y-32.639 E157.78486
G1 X66.825 Y-33.127 E157.80939
G1 X56.408 Y-43.543 E158.54973
G1 X56.897 Y-43.543 E158.57431
G1 X66.825 Y-33.616 E159.2799
G1 X66.825 Y-34.104 E159.30443
G1 X57.385 Y-43.543 E159.97533
G1 X57.874 Y-43.543 E159.99991
G1 X66.825 Y-34.593 E160.63606
G1 X66.825 Y-35.081 E160.66059
G1 X58.362 Y-43.543 E161.26206
G1 X58.851 Y-43.543 E161.28664
G1 X66.825 Y-35.569 E161.85339
G1 X66.825 Y-36.058 E161.87797
G1 X59.339 Y-43.543 E162.41
G1 X59.828 Y-43.543 E162.43458
G1 X62.211 Y-41.16 E162.60395
G1 X62.191 Y-41.669 E162.62955
G1 X60.316 Y-43.543 E162.76278
G1 X60.805 Y-43.543 E162.78736
G1 X62.222 Y-42.125 E162.88811
G1 X62.256 Y-42.314 E162.89776
G1 X62.327 Y-42.509 E162.90819
G1 X61.293 Y-43.543 E162.98168
G1 X61.782 Y-43.543 E163.00626
G1 X62.458 Y-42.867 E163.05431
G1 X62.637 Y-43.177 E163.0723
G1 X62.27 Y-43.543 E163.09835
G1 X62.759 Y-43.543 E163.12293
G1 X62.968 Y-43.334 E163.13778
G1 E161.13778 F2400
G92 E0
G1 Z2.35 F7200
G1 X64.21 Y-39.161
G1 Z.35
G1 E2 F2400
G1 F1800
G1 X66.825 Y-36.546 E2.18586
G1 X66.825 Y-37.035 E2.21044
G1 X64.949 Y-38.911 E2.34378
G1 X65.112 Y-38.911 E2.35197
G1 X65.388 Y-38.96 E2.36606
G1 X66.825 Y-37.523 E2.46819
G1 X66.825 Y-38.012 E2.49277
G1 X65.787 Y-39.049 E2.56651
G1 X66.039 Y-39.14 E2.57998
G1 X66.131 Y-39.194 E2.58534
G1 X66.825 Y-38.5 E2.63467
G1 X66.825 Y-38.989 E2.65925
G1 X66.441 Y-39.372 E2.68651
G1 X66.544 Y-39.432 E2.6925
G1 X66.721 Y-39.581 E2.70413
G1 X66.98 Y-39.322 E2.72254
;LAYER_CHANGE
;Z:0.65
;HEIGHT:0.3
G1 E.72254 F2400
G92 E0
G1 Z.65 F7200
G1 Z2.65
G1 X-1.803 Y27.591
G1 Z.65
G1 E2 F2400
;TYPE:Perimeter
;WIDTH:0.45
G1 F3600
G1 X-1.868 Y27.46 E2.00703
G1 X-1.765 Y27.03 E2.0283
G1 X36.548 Y-11.282 E4.63427
G1 X37.038 Y-11.446 E4.65912
G1 X37.366 Y-11.282 E4.67676
G1 X37.535 Y-10.997 E4.6927
G1 X37.535 Y-6.782 E4.89543
G1 X37.483 Y-6.542 E4.90724
G1 X37.366 Y-6.373 E4.91713
G1 X3.205 Y27.788 E7.24072
G1 X2.912 Y27.957 E7.25699
G1 X-1.295 Y27.957 E7.45933
G1 X-1.546 Y27.9 E7.47171
G1 X-1.704 Y27.788 E7.48102
G1 X-1.776 Y27.645 E7.48872
G1 X-1.463 Y27.451 F7200
;TYPE:External perimeter
G1 F1800
G1 X-1.486 Y27.406 E7.49115
G1 X-1.452 Y27.262 E7.49827
G1 X36.82 Y-11.01 E10.10148
G1 X36.984 Y-11.064 E10.10978
G1 X37.149 Y-10.946 E10.11954
G1 X37.149 Y-6.782 E10.31981
G1 X37.093 Y-6.646 E10.32688
G1 X2.932 Y27.515 E12.65047
G1 X2.796 Y27.571 E12.65754
G1 X-1.295 Y27.571 E12.8543
G1 X-1.432 Y27.515 E12.86142
G1 X-1.437 Y27.505 E12.86196
G1 X-1.311 Y27.125 F7200
G1 E10.86196 F2400
G92 E0
G1 Z2.65 F7200
G1 X5.026 Y27.591
G1 Z.65
G1 E2 F2400
;TYPE:Perimeter
G1 F3600
G1 X4.96 Y27.46 E2.00706
G1 X5.063 Y27.03 E2.02833
G1 X36.548 Y-4.454 E4.16987
G1 X37.038 Y-4.618 E4.19472
G1 X37.366 Y-4.454 E4.21236
G1 X37.535 Y-4.169 E4.2283
G1 X37.535 Y.046 E4.43103
G1 X37.483 Y.287 E4.44289
G1 X37.366 Y.455 E4.45274
G1 X10.033 Y27.788 E6.3119
G1 X9.74 Y27.957 E6.32817
G1 X5.533 Y27.957 E6.53051
G1 X5.218 Y27.864 E6.54631
G1 X5.124 Y27.788 E6.55212
G1 X5.053 Y27.645 E6.5598
G1 X5.365 Y27.451 F7200
;TYPE:External perimeter
G1 F1800
G1 X5.342 Y27.406 E6.56223
G1 X5.397 Y27.242 E6.57055
G1 X36.82 Y-4.181 E8.7079
G1 X36.984 Y-4.236 E8.71622
G1 X37.149 Y-4.112 E8.72615
G1 X37.149 Y.046 E8.92614
G1 X37.093 Y.182 E8.93321
G1 X9.76 Y27.515 E10.79237
G1 X9.624 Y27.571 E10.79944
G1 X5.533 Y27.571 E10.9962
G1 X5.397 Y27.515 E11.00327
G1 X5.392 Y27.505 E11.00381
G1 X5.519 Y27.126 F7200
G1 E9.00381 F2400
G92 E0
G1 Z2.65 F7200
G1 X11.854 Y27.591
G1 Z.65
G1 E2 F2400
;TYPE:Perimeter
G1 F3600
G1 X11.789 Y27.46 E2.00703
G1 X11.892 Y27.03 E2.0283
G1 X36.548 Y2.374 E3.70537
G1 X37.038 Y2.211 E3.73021
G1 X37.366 Y2.374 E3.74783
G1 X37.535 Y2.659 E3.76377
G1 X37.535 Y6.874 E3.9665
G1 X37.483 Y7.114 E3.97831
G1 X37.366 Y7.283 E3.9882
G1 X16.862 Y27.788 E5.38289
G1 X16.569 Y27.957 E5.39916
G1 X12.361 Y27.957 E5.60155
G1 X12.111 Y27.9 E5.61388
G1 X11.952 Y27.788 E5.62323
G1 X11.881 Y27.645 E5.63091
G1 X12.193 Y27.451 F7200
;TYPE:External perimeter
G1 F1800
G1 X12.171 Y27.406 E5.63332
G1 X12.225 Y27.242 E5.64162
G1 X36.82 Y2.647 E7.31454
G1 X36.984 Y2.593 E7.32284
G1 X37.149 Y2.716 E7.33274
G1 X37.149 Y6.874 E7.53273
G1 X37.093 Y7.011 E7.53985
G1 X16.589 Y27.515 E8.93451
G1 X16.453 Y27.571 E8.94158
G1 X12.361 Y27.571 E9.13839
G1 X12.225 Y27.515 E9.14546
G1 X12.22 Y27.505 E9.146
G1 X12.347 Y27.126 F7200
G1 E7.146 F2400
G92 E0
G1 Z2.65 F7200
G1 X37.171 Y22.762
G1 Z.65
G1 E2 F2400
;TYPE:Perimeter
G1 F1200
G1 X37.366 Y22.86 E2.0105
G1 X37.511 Y23.103 E2.02411
G1 X37.535 Y24.045 E2.06943
G1 X37.535 Y27.379 E2.22978
G1 X37.467 Y27.651 E2.24326
G1 X37.304 Y27.841 E2.2553
G1 X36.957 Y27.957 E2.2729
G1 X32.847 Y27.957 E2.47058
G1 X32.597 Y27.9 E2.48291
G1 X32.438 Y27.788 E2.49226
G1 X32.274 Y27.46 E2.5099
G1 X32.377 Y27.03 E2.53117
G1 X36.548 Y22.86 E2.81484
G1 X37.038 Y22.696 E2.83969
G1 X37.117 Y22.735 E2.84393
G1 X37.033 Y23.114 F7200
;TYPE:External perimeter
G1 F1200
G1 X37.132 Y23.188 E2.84987
G1 X37.149 Y24.045 E2.8911
G1 X37.149 Y27.379 E3.05145
G1 X37.09 Y27.518 E3.05871
G1 X36.957 Y27.571 E3.0656
G1 X32.847 Y27.571 E3.26328
G1 X32.71 Y27.515 E3.2704
G1 X32.656 Y27.406 E3.27625
G1 X32.71 Y27.242 E3.28455
G1 X36.82 Y23.132 E3.56411
G1 X36.984 Y23.078 E3.57241
G1 X37.131 Y23.45 F7200
G1 E1.57241 F2400
G92 E0
G1 Z2.65 F7200
G1 X37.171 Y15.934
G1 Z.65
G1 E2 F2400
;TYPE:Perimeter
G1 F1200
G1 X37.366 Y16.031 E2.01048
G1 X37.512 Y16.279 E2.02432
G1 X37.535 Y17.122 E2.06488
G1 X37.535 Y20.531 E2.22884
G1 X37.482 Y20.773 E2.24076
G1 X37.366 Y20.94 E2.25054
G1 X30.518 Y27.788 E2.71633
G1 X30.225 Y27.957 E2.7326
G1 X26.018 Y27.957 E2.93494
G1 X25.768 Y27.9 E2.94727
G1 X25.609 Y27.788 E2.95662
G1 X25.446 Y27.46 E2.97424
G1 X25.549 Y27.03 E2.99551
G1 X36.548 Y16.031 E3.74365
G1 X37.038 Y15.868 E3.76849
G1 X37.117 Y15.907 E3.77273
G1 X37.033 Y16.286 F7200
;TYPE:External perimeter
G1 F1200
G1 X37.132 Y16.361 E3.7787
G1 X37.149 Y17.122 E3.81531
G1 X37.149 Y20.531 E3.97927
G1 X37.093 Y20.668 E3.98639
G1 X30.246 Y27.515 E4.45211
G1 X30.109 Y27.571 E4.45923
G1 X26.018 Y27.571 E4.65599
G1 X25.882 Y27.515 E4.66306
G1 X25.827 Y27.406 E4.66893
G1 X25.882 Y27.242 E4.67725
G1 X36.82 Y16.304 E5.42124
G1 X36.984 Y16.249 E5.42956
G1 X37.132 Y16.621 F7200
G1 E3.42956 F2400
G92 E0
G1 Z2.65 F7200
G1 X37.171 Y9.105
G1 Z.65
G1 E2 F2400
;TYPE:Perimeter
G1 F3600
G1 X37.366 Y9.203 E2.0105
G1 X37.511 Y9.448 E2.02419
G1 X37.535 Y10.443 E2.07206
G1 X37.535 Y13.703 E2.22885
G1 X37.502 Y13.896 E2.23827
G1 X37.366 Y14.112 E2.25055
G1 X23.69 Y27.788 E3.18077
G1 X23.397 Y27.957 E3.19704
G1 X19.19 Y27.957 E3.39938
G1 X18.94 Y27.9 E3.41171
G1 X18.781 Y27.788 E3.42106
G1 X18.617 Y27.46 E3.4387
G1 X18.72 Y27.03 E3.45997
G1 X36.548 Y9.203 E4.67257
G1 X37.038 Y9.039 E4.69742
G1 X37.117 Y9.078 E4.70166
G1 X37.033 Y9.458 F7200
;TYPE:External perimeter
G1 F1800
G1 X37.132 Y9.532 E4.7076
G1 X37.149 Y10.443 E4.75142
G1 X37.138 Y13.767 E4.91129
G1 X36.409 Y14.524 E4.96184
G1 X23.417 Y27.515 E5.84551
G1 X23.281 Y27.571 E5.85258
G1 X19.19 Y27.571 E6.04934
G1 X19.054 Y27.515 E6.05641
G1 X18.999 Y27.406 E6.06228
G1 X19.054 Y27.242 E6.0706
G1 X36.82 Y9.475 E7.27906
G1 X36.984 Y9.421 E7.28736
G1 X37.131 Y9.793 F7200
G1 E5.28736 F2400
G92 E0
G1 Z2.65 F7200
G1 X61.231 Y8.368
G1 Z.65
G1 E2 F2400
;TYPE:Perimeter
G1 F3600
G1 X61.208 Y8.449 E2.00405
G1 X60.974 Y8.916 E2.02917
G1 X60.663 Y9.334 E2.05423
G1 X60.284 Y9.693 E2.07934
G1 X59.848 Y9.98 E2.10445
G1 X59.369 Y10.187 E2.12955
G1 X58.861 Y10.308 E2.15467
G1 X58.426 Y10.343 E2.17566
G1 X51.623 Y10.343 E2.50286
G1 X51.092 Y10.295 E2.5285
G1 X50.602 Y10.163 E2.55291
G1 X50.139 Y9.948 E2.57746
G1 X49.727 Y9.665 E2.6015
G1 X49.205 Y9.093 E2.63875
G1 X48.86 Y8.487 E2.67229
G1 X48.692 Y7.949 E2.6994
G1 X48.632 Y7.432 E2.72443
G1 X48.628 Y-8.655 E3.49816
G1 X48.692 Y-9.256 E3.52723
G1 X48.841 Y-9.756 E3.55232
G1 X49.065 Y-10.208 E3.57658
G1 X49.386 Y-10.642 E3.60254
G1 X49.765 Y-11 E3.62762
G1 X50.055 Y-11.203 E3.64465
G1 X50.522 Y-11.437 E3.66977
G1 X51.022 Y-11.586 E3.69486
G1 X51.539 Y-11.646 E3.71989
G1 X58.426 Y-11.65 E4.05113
G1 X58.942 Y-11.605 E4.07604
G1 X59.527 Y-11.437 E4.10531
G1 X59.994 Y-11.203 E4.13043
G1 X60.412 Y-10.892 E4.15549
G1 X60.771 Y-10.513 E4.1806
G1 X61.058 Y-10.077 E4.20571
G1 X61.265 Y-9.598 E4.23081
G1 X61.386 Y-9.091 E4.25588
G1 X61.421 Y-8.655 E4.27692
G1 X61.421 Y7.348 E5.04661
G1 X61.375 Y7.866 E5.07162
G1 X61.248 Y8.31 E5.09383
G1 X60.872 Y8.237 F7200
G1 F3600
G1 X60.858 Y8.286 E5.09628
G1 X60.658 Y8.694 E5.11813
G1 X60.39 Y9.062 E5.14003
G1 X60.063 Y9.377 E5.16187
G1 X59.685 Y9.631 E5.18377
G1 X59.269 Y9.815 E5.20565
G1 X58.828 Y9.924 E5.2275
G1 X58.426 Y9.957 E5.2469
G1 X51.623 Y9.957 E5.5741
G1 X51.122 Y9.907 E5.59832
G1 X50.685 Y9.78 E5.62021
G1 X50.277 Y9.58 E5.64206
G1 X49.882 Y9.283 E5.66583
G1 X49.496 Y8.84 E5.69409
G1 X49.202 Y8.309 E5.72328
G1 X49.053 Y7.8 E5.74879
G1 X49.014 Y6.874 E5.79337
G1 X49.014 Y-8.655 E6.54026
G1 X49.064 Y-9.156 E6.56448
G1 X49.205 Y-9.624 E6.58799
G1 X49.391 Y-10.002 E6.60825
G1 X49.659 Y-10.369 E6.63011
G1 X49.986 Y-10.684 E6.65195
G1 X50.277 Y-10.887 E6.66902
G1 X50.736 Y-11.109 E6.69354
G1 X51.221 Y-11.231 E6.71759
G1 X52.108 Y-11.264 E6.76028
G1 X58.426 Y-11.264 E7.06415
G1 X58.927 Y-11.214 E7.08837
G1 X59.364 Y-11.088 E7.11024
G1 X59.772 Y-10.887 E7.13212
G1 X60.14 Y-10.619 E7.15402
G1 X60.455 Y-10.292 E7.17586
G1 X60.709 Y-9.914 E7.19776
G1 X60.893 Y-9.498 E7.21964
G1 X61.002 Y-9.057 E7.24149
G1 X61.035 Y-8.655 E7.26089
G1 X61.035 Y7.348 E8.03058
G1 X60.985 Y7.849 E8.0548
G1 X60.889 Y8.18 E8.07138
G1 X60.513 Y8.107 F7200
;TYPE:External perimeter
G1 F1800
G1 X60.509 Y8.123 E8.07217
G1 X60.342 Y8.473 E8.09082
G1 X60.118 Y8.789 E8.10945
G1 X59.841 Y9.061 E8.12812
G1 X59.522 Y9.281 E8.14676
G1 X59.169 Y9.442 E8.16542
G1 X58.794 Y9.54 E8.18406
G1 X58.426 Y9.571 E8.20182
G1 X51.623 Y9.571 E8.52902
G1 X51.222 Y9.534 E8.54839
G1 X50.848 Y9.431 E8.56705
G1 X50.498 Y9.264 E8.5857
G1 X50.173 Y9.03 E8.60496
G1 X49.787 Y8.587 E8.63322
G1 X49.544 Y8.131 E8.65807
G1 X49.43 Y7.7 E8.67951
G1 X49.399 Y6.874 E8.71927
G1 X49.399 Y-8.655 E9.46616
G1 X49.488 Y-9.249 E9.49505
G1 X49.69 Y-9.751 E9.52108
G1 X49.931 Y-10.096 E9.54132
G1 X50.208 Y-10.368 E9.55999
G1 X50.498 Y-10.572 E9.57704
G1 X50.879 Y-10.75 E9.59727
G1 X51.255 Y-10.847 E9.61595
G1 X52.108 Y-10.879 E9.65701
G1 X58.426 Y-10.879 E9.96088
G1 X58.827 Y-10.841 E9.98025
G1 X59.201 Y-10.738 E9.99891
G1 X59.551 Y-10.572 E10.01754
G1 X59.867 Y-10.347 E10.0362
G1 X60.139 Y-10.071 E10.05484
G1 X60.359 Y-9.751 E10.07352
G1 X60.52 Y-9.399 E10.09214
G1 X60.618 Y-9.023 E10.11083
G1 X60.649 Y-8.655 E10.12859
G1 X60.649 Y7.348 E10.89828
G1 X60.612 Y7.749 E10.91765
G1 X60.529 Y8.049 E10.93262
G1 X60.368 Y8.415 F7200
G1 E8.93262 F2400
G92 E0
G1 Z2.65 F7200
G1 X37.171 Y-18.208
G1 Z.65
G1 E2 F2400
;TYPE:Perimeter
G1 F3600
G1 X37.366 Y-18.111 E2.01048
G1 X37.511 Y-17.866 E2.02417
G1 X37.535 Y-17.166 E2.05786
G1 X37.535 Y-13.611 E2.22884
G1 X37.472 Y-13.348 E2.24185
G1 X36.681 Y-12.517 E2.29703
G1 X-3.624 Y27.788 E5.03853
G1 X-3.917 Y27.957 E5.0548
G1 X-8.124 Y27.957 E5.25714
G1 X-8.374 Y27.9 E5.26947
G1 X-8.533 Y27.788 E5.27882
G1 X-8.696 Y27.46 E5.29644
G1 X-8.593 Y27.03 E5.31771
G1 X36.548 Y-18.111 E8.38814
G1 X37.038 Y-18.274 E8.41298
G1 X37.117 Y-18.235 E8.41722
G1 X37.033 Y-17.856 F7200
;TYPE:External perimeter
G1 F1800
G1 X37.132 Y-17.782 E8.42316
G1 X37.149 Y-17.166 E8.4528
G1 X37.149 Y-13.611 E8.62378
G1 X37.093 Y-13.474 E8.6309
G1 X-3.896 Y27.515 E11.41892
G1 X-4.033 Y27.571 E11.42604
G1 X-8.124 Y27.571 E11.6228
G1 X-8.26 Y27.515 E11.62987
G1 X-8.315 Y27.406 E11.63574
G1 X-8.26 Y27.242 E11.64406
G1 X36.82 Y-17.838 E14.71035
G1 X36.984 Y-17.893 E14.71867
G1 X37.134 Y-17.522 F7200
G1 E12.71867 F2400
G92 E0
G1 Z2.65 F7200
G1 X63.018 Y-40.553
G1 Z.65
G1 E2 F2400
;TYPE:Perimeter
G1 F1200
G1 X62.967 Y-40.64 E2.00485
G1 X62.773 Y-41.172 E2.03209
G1 X62.739 Y-41.37 E2.04175
G1 X62.739 Y-41.937 E2.06902
G1 X62.773 Y-42.135 E2.07868
G1 X62.967 Y-42.668 E2.10596
G1 X63.068 Y-42.842 E2.11564
G1 X63.432 Y-43.276 E2.14288
G1 X63.586 Y-43.405 E2.15254
G1 X64.077 Y-43.688 E2.1798
;WIDTH:0.493275
G1 X64.395 Y-43.788 E2.19763
;WIDTH:0.53655
G1 X64.713 Y-43.888 E2.21726
;WIDTH:0.542244
G1 X65.235 Y-43.885 E2.24837
;WIDTH:0.587542
G1 X65.728 Y-43.787 E2.28117
;WIDTH:0.631109
G1 X66.299 Y-43.489 E2.3267
;WIDTH:0.642742
G1 X66.614 Y-43.191 E2.35798
G1 X66.91 Y-42.802 E2.39324
;WIDTH:0.615502
G1 X67.019 Y-42.478 E2.41674
;WIDTH:0.589934
G1 X67.129 Y-42.154 E2.43917
;WIDTH:0.564367
G1 X67.156 Y-41.37 E2.48809
;WIDTH:0.541923
G1 X67.104 Y-41.162 E2.50086
;WIDTH:0.510197
G1 X66.993 Y-40.901 E2.51663
;WIDTH:0.480098
G1 X66.882 Y-40.64 E2.53134
;WIDTH:0.45
G1 X66.781 Y-40.466 E2.54102
G1 X66.417 Y-40.031 E2.5683
G1 X66.263 Y-39.902 E2.57796
G1 X65.772 Y-39.619 E2.60522
G1 X65.583 Y-39.55 E2.6149
G1 X65.025 Y-39.452 E2.64215
G1 X64.824 Y-39.452 E2.65182
G1 X64.266 Y-39.55 E2.67907
G1 X64.077 Y-39.619 E2.68875
G1 X63.586 Y-39.902 E2.71601
G1 X63.432 Y-40.031 E2.72567
G1 X63.068 Y-40.466 E2.75295
G1 X63.048 Y-40.501 E2.75489
G1 X63.351 Y-40.746 F7200
;TYPE:External perimeter
G1 F1200
G1 X63.136 Y-41.304 E2.78365
G1 X63.124 Y-41.937 E2.8141
G1 X63.33 Y-42.536 E2.84457
G1 X63.728 Y-43.028 E2.87501
G1 X64.27 Y-43.354 E2.90543
G1 X64.794 Y-43.467 E2.93121
G1 X65.257 Y-43.448 E2.9535
G1 X65.594 Y-43.346 E2.97043
G1 X66.07 Y-43.071 E2.99687
G1 X66.519 Y-42.536 E3.03046
G1 X66.713 Y-42.003 E3.05774
G1 X66.725 Y-41.37 E3.08819
G1 X66.519 Y-40.772 E3.11861
G1 X66.121 Y-40.279 E3.14908
G1 X65.579 Y-39.953 E3.1795
G1 X64.958 Y-39.831 E3.20994
G1 X64.333 Y-39.93 E3.24038
G1 X63.779 Y-40.236 E3.27082
G1 X63.38 Y-40.694 E3.30004
G1 X63.229 Y-41.065 F7200
G1 E1.30004 F2400
G92 E0
G1 Z2.65 F7200
G1 X-4.417 Y-33.398
G1 Z.65
G1 E2 F2400
;TYPE:Perimeter
G1 F3600
G1 X-4.352 Y-33.268 E2.00699
G1 X-4.455 Y-32.837 E2.0283
G1 X-56.424 Y19.132 E5.56317
G1 X-56.501 Y19.197 E5.56802
G1 X-56.915 Y19.296 E5.58849
G1 X-57.242 Y19.132 E5.60608
G1 X-57.412 Y18.84 E5.62233
G1 X-57.412 Y14.632 E5.82472
G1 X-57.354 Y14.381 E5.83711
G1 X-57.242 Y14.223 E5.84642
G1 X-9.424 Y-33.595 E9.09894
G1 X-9.131 Y-33.764 E9.11521
G1 X-4.924 Y-33.764 E9.31755
G1 X-4.674 Y-33.707 E9.32988
G1 X-4.515 Y-33.595 E9.33923
G1 X-4.444 Y-33.452 E9.34691
G1 X-4.756 Y-33.259 F7200
;TYPE:External perimeter
G1 F1800
G1 X-4.733 Y-33.213 E9.34938
G1 X-4.788 Y-33.049 E9.3577
G1 X-56.697 Y18.859 E12.88845
G1 X-56.86 Y18.914 E12.89672
G1 X-57.026 Y18.793 E12.9066
G1 X-57.026 Y14.632 E13.10673
G1 X-56.969 Y14.496 E13.11382
G1 X-9.152 Y-33.322 E16.36631
G1 X-9.015 Y-33.379 E16.37345
G1 X-4.924 Y-33.379 E16.57021
G1 X-4.788 Y-33.322 E16.5773
G1 X-4.783 Y-33.312 E16.57784
G1 X-4.91 Y-32.933 F7200
G1 E14.57784 F2400
G92 E0
G1 Z2.65 F7200
G1 X-38.559 Y-33.398
G1 Z.65
G1 E2 F2400
;TYPE:Perimeter
G1 F3600
G1 X-38.494 Y-33.268 E2.00699
G1 X-38.597 Y-32.837 E2.0283
G1 X-56.424 Y-15.01 E3.24087
G1 X-56.501 Y-14.946 E3.24569
G1 X-56.915 Y-14.846 E3.26617
G1 X-57.242 Y-15.01 E3.28376
G1 X-57.412 Y-15.303 E3.30005
G1 X-57.412 Y-19.51 E3.50239
G1 X-57.354 Y-19.761 E3.51478
G1 X-57.242 Y-19.919 E3.52409
G1 X-43.566 Y-33.595 E4.45431
G1 X-43.273 Y-33.764 E4.47058
G1 X-39.066 Y-33.764 E4.67292
G1 X-38.916 Y-33.744 E4.6802
G1 X-38.657 Y-33.595 E4.69457
G1 X-38.586 Y-33.452 E4.70225
G1 X-38.898 Y-33.259 F7200
;TYPE:External perimeter
G1 F1800
G1 X-38.875 Y-33.213 E4.70472
G1 X-38.93 Y-33.049 E4.71304
G1 X-56.697 Y-15.283 E5.9215
G1 X-56.86 Y-15.228 E5.92977
G1 X-57.026 Y-15.349 E5.93965
G1 X-57.026 Y-19.51 E6.13978
G1 X-56.969 Y-19.646 E6.14687
G1 X-43.294 Y-33.322 E7.07706
G1 X-43.157 Y-33.379 E7.0842
G1 X-39.066 Y-33.379 E7.28096
G1 X-38.93 Y-33.322 E7.28805
G1 X-38.925 Y-33.312 E7.28859
G1 X-39.052 Y-32.933 F7200
G1 E5.28859 F2400
G92 E0
G1 Z2.65 F7200
G1 X-52.216 Y-33.398
G1 Z.65
G1 E2 F2400
;TYPE:Perimeter
G1 F1200
G1 X-52.151 Y-33.268 E2.00699
G1 X-52.254 Y-32.837 E2.0283
G1 X-56.501 Y-28.602 E2.31677
G1 X-56.915 Y-28.503 E2.33724
G1 X-57.242 Y-28.667 E2.35483
G1 X-57.412 Y-28.959 E2.37108
G1 X-57.397 Y-33.313 E2.58049
G1 X-57.269 Y-33.566 E2.59413
G1 X-57.05 Y-33.722 E2.60706
G1 X-56.833 Y-33.764 E2.61769
G1 X-52.723 Y-33.764 E2.81537
G1 X-52.549 Y-33.737 E2.82384
G1 X-52.314 Y-33.595 E2.83705
G1 X-52.243 Y-33.452 E2.84473
G1 X-52.555 Y-33.259 F7200
;TYPE:External perimeter
G1 F1200
G1 X-52.532 Y-33.213 E2.8472
G1 X-52.587 Y-33.049 E2.85552
G1 X-56.697 Y-28.94 E3.13504
G1 X-56.86 Y-28.885 E3.14331
G1 X-57.026 Y-29.006 E3.15319
G1 X-57.026 Y-32.799 E3.33562
G1 X-57.003 Y-33.277 E3.35864
G1 X-56.874 Y-33.379 E3.36655
G1 X-52.723 Y-33.379 E3.5662
G1 X-52.587 Y-33.322 E3.57329
G1 X-52.582 Y-33.312 E3.57383
G1 X-52.709 Y-32.933 F7200
G1 E1.57383 F2400
G92 E0
G1 Z2.65 F7200
G1 X-45.387 Y-33.398
G1 Z.65
G1 E2 F2400
;TYPE:Perimeter
G1 F1200
G1 X-45.322 Y-33.268 E2.00699
G1 X-45.425 Y-32.837 E2.0283
G1 X-56.501 Y-21.774 E2.78123
G1 X-56.915 Y-21.675 E2.8017
G1 X-57.242 Y-21.838 E2.81927
G1 X-57.412 Y-22.131 E2.83556
G1 X-57.412 Y-26.339 E3.03795
G1 X-57.354 Y-26.589 E3.05029
G1 X-57.242 Y-26.748 E3.05964
G1 X-50.395 Y-33.595 E3.52536
G1 X-50.102 Y-33.764 E3.54163
G1 X-45.895 Y-33.764 E3.74397
G1 X-45.645 Y-33.707 E3.7563
G1 X-45.486 Y-33.595 E3.76565
G1 X-45.414 Y-33.452 E3.77335
G1 X-45.727 Y-33.259 F7200
;TYPE:External perimeter
G1 F1200
G1 X-45.704 Y-33.213 E3.77582
G1 X-45.758 Y-33.049 E3.78412
G1 X-56.697 Y-22.111 E4.52814
G1 X-56.86 Y-22.057 E4.5364
G1 X-57.026 Y-22.178 E4.54628
G1 X-57.026 Y-26.339 E4.74641
G1 X-56.969 Y-26.475 E4.7535
G1 X-50.122 Y-33.322 E5.21922
G1 X-49.986 Y-33.379 E5.22631
G1 X-45.895 Y-33.379 E5.42307
G1 X-45.758 Y-33.322 E5.43021
G1 X-45.754 Y-33.312 E5.43073
G1 X-45.88 Y-32.933 F7200
G1 E3.43073 F2400
G92 E0
G1 Z2.65 F7200
G1 X-31.731 Y-33.398
G1 Z.65
G1 E2 F2400
;TYPE:Perimeter
G1 F3600
G1 X-31.665 Y-33.268 E2.00701
G1 X-31.768 Y-32.837 E2.02832
G1 X-56.424 Y-8.182 E3.70536
G1 X-56.501 Y-8.117 E3.71021
G1 X-56.915 Y-8.018 E3.73068
G1 X-57.242 Y-8.182 E3.74827
G1 X-57.412 Y-8.474 E3.76452
G1 X-57.412 Y-12.682 E3.96691
G1 X-57.354 Y-12.933 E3.9793
G1 X-57.242 Y-13.091 E3.98861
G1 X-36.738 Y-33.595 E5.38327
G1 X-36.445 Y-33.764 E5.39954
G1 X-32.238 Y-33.764 E5.60188
G1 X-31.988 Y-33.707 E5.61421
G1 X-31.829 Y-33.595 E5.62356
G1 X-31.757 Y-33.452 E5.63126
G1 X-32.07 Y-33.259 F7200
;TYPE:External perimeter
G1 F1800
G1 X-32.047 Y-33.213 E5.63373
G1 X-32.102 Y-33.049 E5.64205
G1 X-56.697 Y-8.454 E7.31497
G1 X-56.86 Y-8.4 E7.32323
G1 X-57.026 Y-8.521 E7.33311
G1 X-57.026 Y-12.682 E7.53324
G1 X-56.969 Y-12.818 E7.54033
G1 X-36.465 Y-33.322 E8.93499
G1 X-36.329 Y-33.379 E8.94208
G1 X-32.238 Y-33.379 E9.13884
G1 X-32.102 Y-33.322 E9.14593
G1 X-32.097 Y-33.312 E9.14647
G1 X-32.224 Y-32.933 F7200
G1 E7.14647 F2400
G92 E0
G1 Z2.65 F7200
G1 X-24.902 Y-33.398
G1 Z.65
G1 E2 F2400
;TYPE:Perimeter
G1 F3600
G1 X-24.837 Y-33.268 E2.00699
G1 X-24.94 Y-32.837 E2.0283
G1 X-56.424 Y-1.353 E4.1698
G1 X-56.501 Y-1.289 E4.17462
G1 X-56.915 Y-1.19 E4.19509
G1 X-57.242 Y-1.353 E4.21266
G1 X-57.412 Y-1.646 E4.22895
G1 X-57.412 Y-5.853 E4.43129
G1 X-57.354 Y-6.104 E4.44368
G1 X-57.242 Y-6.262 E4.45299
G1 X-29.91 Y-33.595 E6.31211
G1 X-29.617 Y-33.764 E6.32838
G1 X-25.41 Y-33.764 E6.53072
G1 X-25.159 Y-33.707 E6.5431
G1 X-25.001 Y-33.595 E6.55241
G1 X-24.929 Y-33.452 E6.56011
G1 X-25.241 Y-33.259 F7200
;TYPE:External perimeter
G1 F1800
G1 X-25.219 Y-33.213 E6.56256
G1 X-25.273 Y-33.049 E6.57086
G1 X-56.697 Y-1.626 E8.70825
G1 X-56.86 Y-1.571 E8.71652
G1 X-57.026 Y-1.693 E8.72643
G1 X-57.026 Y-5.853 E8.92651
G1 X-56.969 Y-5.99 E8.93365
G1 X-29.637 Y-33.322 E10.79274
G1 X-29.501 Y-33.379 E10.79983
G1 X-25.41 Y-33.379 E10.99659
G1 X-25.273 Y-33.322 E11.00373
G1 X-25.268 Y-33.312 E11.00427
G1 X-25.395 Y-32.933 F7200
G1 E9.00427 F2400
G92 E0
G1 Z2.65 F7200
G1 X-18.074 Y-33.398
G1 Z.65
G1 E2 F2400
;TYPE:Perimeter
G1 F3600
G1 X-18.008 Y-33.268 E2.00701
G1 X-18.111 Y-32.837 E2.02832
G1 X-56.424 Y5.475 E4.63429
G1 X-56.501 Y5.54 E4.63914
G1 X-56.915 Y5.639 E4.65961
G1 X-57.242 Y5.475 E4.6772
G1 X-57.412 Y5.183 E4.69345
G1 X-57.412 Y.975 E4.89584
G1 X-57.354 Y.724 E4.90823
G1 X-57.242 Y.566 E4.91754
G1 X-23.081 Y-33.595 E7.24113
G1 X-22.788 Y-33.764 E7.2574
G1 X-18.581 Y-33.764 E7.45974
G1 X-18.331 Y-33.707 E7.47207
G1 X-18.172 Y-33.595 E7.48142
G1 X-18.101 Y-33.452 E7.4891
G1 X-18.413 Y-33.259 F7200
;TYPE:External perimeter
G1 F1800
G1 X-18.39 Y-33.213 E7.49157
G1 X-18.445 Y-33.049 E7.49989
G1 X-56.697 Y5.203 E10.10174
G1 X-56.86 Y5.257 E10.11
G1 X-57.026 Y5.136 E10.11988
G1 X-57.026 Y.975 E10.32001
G1 X-56.969 Y.839 E10.3271
G1 X-22.808 Y-33.322 E12.65069
G1 X-22.672 Y-33.379 E12.65778
G1 X-18.581 Y-33.379 E12.85454
G1 X-18.445 Y-33.322 E12.86163
G1 X-18.44 Y-33.312 E12.86217
G1 X-18.567 Y-32.933 F7200
G1 E10.86217 F2400
G92 E0
G1 Z2.65 F7200
G1 X-11.245 Y-33.398
G1 Z.65
G1 E2 F2400
;TYPE:Perimeter
G1 F3600
G1 X-11.18 Y-33.268 E2.00699
G1 X-11.283 Y-32.837 E2.0283
G1 X-56.424 Y12.304 E5.09873
G1 X-56.501 Y12.368 E5.10355
G1 X-56.915 Y12.467 E5.12402
G1 X-57.242 Y12.304 E5.14159
G1 X-57.384 Y12.07 E5.15475
G1 X-57.412 Y11.895 E5.16327
G1 X-57.412 Y7.804 E5.36003
G1 X-57.354 Y7.553 E5.37242
G1 X-57.242 Y7.395 E5.38173
G1 X-16.253 Y-33.595 E8.16978
G1 X-15.96 Y-33.764 E8.18605
G1 X-11.753 Y-33.764 E8.38839
G1 X-11.502 Y-33.707 E8.40077
G1 X-11.344 Y-33.595 E8.41008
G1 X-11.272 Y-33.452 E8.41778
G1 X-11.585 Y-33.259 F7200
;TYPE:External perimeter
G1 F1800
G1 X-11.562 Y-33.213 E8.42025
G1 X-11.616 Y-33.049 E8.42855
G1 X-56.697 Y12.031 E11.49487
G1 X-56.86 Y12.086 E11.50314
G1 X-57.026 Y11.964 E11.51305
G1 X-57.026 Y7.804 E11.71313
G1 X-56.969 Y7.667 E11.72027
G1 X-15.98 Y-33.322 E14.50829
G1 X-15.844 Y-33.379 E14.51538
G1 X-11.753 Y-33.379 E14.71214
G1 X-11.616 Y-33.322 E14.71928
G1 X-11.611 Y-33.312 E14.71982
G1 X-11.738 Y-32.933 F7200
G1 E12.71982 F2400
G92 E0
G1 Z2.65 F7200
G1 X-57.062 Y26.075
G1 Z.65
G1 E2 F2400
;TYPE:Perimeter
G1 F3600
G1 X-57.274 Y25.926 E2.01246
G1 X-57.412 Y25.656 E2.02704
G1 X-57.412 Y21.46 E2.22885
G1 X-57.318 Y21.145 E2.24466
G1 X-56.558 Y20.367 E2.29697
G1 X-2.596 Y-33.595 E5.9674
G1 X-2.303 Y-33.764 E5.98367
G1 X1.904 Y-33.764 E6.18601
G1 X2.154 Y-33.707 E6.19834
G1 X2.313 Y-33.595 E6.20769
G1 X2.477 Y-33.268 E6.22528
G1 X2.374 Y-32.837 E6.24659
G1 X-56.424 Y25.961 E10.24596
G1 X-56.753 Y26.124 E10.26362
G1 X-57.008 Y26.096 E10.27596
G1 X-56.897 Y25.711 F7200
;TYPE:External perimeter
G1 F1800
G1 X-56.973 Y25.684 E10.27984
G1 X-57.026 Y25.552 E10.28668
G1 X-57.026 Y21.46 E10.48349
G1 X-56.969 Y21.324 E10.49058
G1 X-2.323 Y-33.322 E14.20753
G1 X-2.187 Y-33.379 E14.21462
G1 X1.904 Y-33.379 E14.41138
G1 X2.041 Y-33.322 E14.41852
G1 X2.095 Y-33.213 E14.42437
G1 X2.041 Y-33.049 E14.43267
G1 X-56.697 Y25.688 E18.42792
G1 X-56.806 Y25.742 E18.43377
G1 X-56.841 Y25.73 E18.43555
G1 X-57.025 Y25.376 F7200
G1 E16.43555 F2400
G92 E0
G1 Z2.65 F7200
G1 X-43.064 Y26.819
G1 Z.65
G1 E2 F2400
;TYPE:Perimeter
;WIDTH:0.472193
G1 F3600
G1 X-42.95 Y26.694 E2.00861
;WIDTH:0.457523
G1 X16.245 Y-32.501 E6.11353
;WIDTH:0.472187
G1 X16.359 Y-32.626 E6.12214
G1 E4.12214 F2400
G92 E0
G1 Z2.65 F7200
G1 X-36.236 Y26.819
G1 Z.65
G1 E2 F2400
G1 F3600
G1 X-36.122 Y26.694 E2.00861
;WIDTH:0.457525
G1 X23.074 Y-32.501 E6.11359
;WIDTH:0.472191
G1 X23.188 Y-32.626 E6.1222
G1 E4.1222 F2400
G92 E0
G1 Z2.65 F7200
G1 X-29.407 Y26.819
G1 Z.65
G1 E2 F2400
;WIDTH:0.472193
G1 F3600
G1 X-29.293 Y26.694 E2.00861
;WIDTH:0.457527
G1 X29.902 Y-32.501 E6.11357
;WIDTH:0.472193
G1 X30.016 Y-32.626 E6.12218
G1 E4.12218 F2400
G92 E0
G1 Z2.65 F7200
G1 X-22.579 Y26.819
G1 Z.65
G1 E2 F2400
;WIDTH:0.472191
G1 F3600
G1 X-22.465 Y26.694 E2.00861
;WIDTH:0.457521
G1 X36.272 Y-32.043 E6.08175
G1 E4.08175 F2400
G92 E0
G1 Z2.65 F7200
G1 X-15.751 Y26.819
G1 Z.65
G1 E2 F2400
;WIDTH:0.472193
G1 F3600
G1 X-15.637 Y26.694 E2.00861
;WIDTH:0.457527
G1 X36.272 Y-25.215 E5.60831
G1 E3.60831 F2400
G92 E0
G1 Z2.65 F7200
G1 X4.735 Y26.819
G1 Z.65
G1 E2 F2400
;WIDTH:0.472193
G1 F3600
G1 X4.849 Y26.694 E2.00861
;WIDTH:0.457523
G1 X36.272 Y-4.729 E4.18766
G1 E2.18766 F2400
G92 E0
G1 Z2.65 F7200
G1 X11.563 Y26.819
G1 Z.65
G1 E2 F2400
;WIDTH:0.472187
G1 F1200
G1 X11.677 Y26.694 E2.00861
;WIDTH:0.457523
G1 X36.272 Y2.099 E3.71417
G1 E1.71417 F2400
G92 E0
G1 Z2.65 F7200
G1 X18.392 Y26.819
G1 Z.65
G1 E2 F2400
;WIDTH:0.472193
G1 F1200
G1 X18.506 Y26.694 E2.00861
;WIDTH:0.457523
G1 X36.272 Y8.927 E3.24064
G1 E1.24064 F2400
G92 E0
G1 Z2.65 F7200
G1 X25.22 Y26.819
G1 Z.65
G1 E2 F2400
;WIDTH:0.472187
G1 F1200
G1 X25.334 Y26.694 E2.00861
;WIDTH:0.457523
G1 X36.272 Y15.756 E2.76711
G1 E.76711 F2400
G92 E0
G1 Z2.65 F7200
G1 X32.048 Y26.819
G1 Z.65
G1 E2 F2400
;WIDTH:0.472193
G1 F1200
G1 X32.162 Y26.694 E2.00861
;WIDTH:0.457523
G1 X36.272 Y22.584 E2.29362
G1 E.29362 F2400
G92 E0
G1 Z2.65 F7200
G1 X-8.922 Y26.819
G1 Z.65
G1 E2 F2400
;WIDTH:0.472191
G1 F3600
G1 X-8.808 Y26.694 E2.00861
;WIDTH:0.457523
G1 X36.272 Y-18.386 E5.13472
G1 E3.13472 F2400
G92 E0
G1 Z2.65 F7200
G1 X-2.094 Y26.819
G1 Z.65
G1 E2 F2400
;WIDTH:0.472189
G1 F3600
G1 X-1.98 Y26.694 E2.00861
;WIDTH:0.457523
G1 X36.272 Y-11.558 E4.66122
G1 E2.66122 F2400
G92 E0
G1 Z2.65 F7200
G1 X-49.893 Y26.819
G1 Z.65
G1 E2 F2400
;WIDTH:0.472193
G1 F3600
G1 X-49.779 Y26.694 E2.00861
;WIDTH:0.457527
G1 X9.417 Y-32.501 E6.11361
;WIDTH:0.472193
G1 X9.531 Y-32.626 E6.12222
G1 E4.12222 F2400
G92 E0
G1 Z2.65 F7200
G1 X-51.925 Y-32.626
G1 Z.65
G1 E2 F2400
G1 F1200
G1 X-52.039 Y-32.501 E2.00861
;WIDTH:0.457527
G1 X-56.149 Y-28.392 E2.29359
;WIDTH:0.472189
G1 X-56.273 Y-28.278 E2.30216
G1 E.30216 F2400
G92 E0
G1 Z2.65 F7200
G1 X-45.096 Y-32.626
G1 Z.65
G1 E2 F2400
G1 F1200
G1 X-45.21 Y-32.501 E2.00861
;WIDTH:0.457527
G1 X-56.149 Y-21.563 E2.76716
;WIDTH:0.472189
G1 X-56.273 Y-21.449 E2.77573
G1 E.77573 F2400
G92 E0
G1 Z2.65 F7200
G1 X-38.268 Y-32.626
G1 Z.65
G1 E2 F2400
;WIDTH:0.472193
G1 F1200
G1 X-38.382 Y-32.501 E2.00861
;WIDTH:0.457523
G1 X-56.149 Y-14.735 E3.24064
;WIDTH:0.472187
G1 X-56.273 Y-14.621 E3.24921
G1 E1.24921 F2400
G92 E0
G1 Z2.65 F7200
G1 X-31.44 Y-32.626
G1 Z.65
G1 E2 F2400
;WIDTH:0.472193
G1 F1200
G1 X-31.554 Y-32.501 E2.00861
;WIDTH:0.457523
G1 X-56.149 Y-7.906 E3.71417
;WIDTH:0.472187
G1 X-56.273 Y-7.792 E3.72274
G1 E1.72274 F2400
G92 E0
G1 Z2.65 F7200
G1 X-24.611 Y-32.626
G1 Z.65
G1 E2 F2400
;WIDTH:0.472193
G1 F3600
G1 X-24.725 Y-32.501 E2.00861
;WIDTH:0.457523
G1 X-56.149 Y-1.078 E4.1877
;WIDTH:0.472187
G1 X-56.273 Y-.964 E4.19627
G1 E2.19627 F2400
G92 E0
G1 Z2.65 F7200
G1 X-17.783 Y-32.626
G1 Z.65
G1 E2 F2400
;WIDTH:0.472193
G1 F3600
G1 X-17.897 Y-32.501 E2.00861
;WIDTH:0.457523
G1 X-56.149 Y5.751 E4.66122
;WIDTH:0.472187
G1 X-56.273 Y5.865 E4.66979
G1 E2.66979 F2400
G92 E0
G1 Z2.65 F7200
G1 X-10.954 Y-32.626
G1 Z.65
G1 E2 F2400
;WIDTH:0.472189
G1 F3600
G1 X-11.068 Y-32.501 E2.00861
;WIDTH:0.457523
G1 X-56.149 Y12.579 E5.13475
;WIDTH:0.472187
G1 X-56.273 Y12.693 E5.14332
G1 E3.14332 F2400
G92 E0
G1 Z2.65 F7200
G1 X2.702 Y-32.626
G1 Z.65
G1 E2 F2400
;WIDTH:0.472191
G1 F3600
G1 X2.589 Y-32.501 E2.00857
;WIDTH:0.457523
G1 X-56.149 Y26.236 E6.08176
;WIDTH:0.472185
G1 X-56.273 Y26.35 E6.09033
G1 E4.09033 F2400
G92 E0
G1 Z2.65 F7200
G1 X-4.126 Y-32.626
G1 Z.65
G1 E2 F2400
;WIDTH:0.472189
G1 F3600
G1 X-4.24 Y-32.501 E2.00861
;WIDTH:0.457523
G1 X-56.149 Y19.407 E5.60824
;WIDTH:0.472185
G1 X-56.273 Y19.521 E5.61681
G1 E3.61681 F2400
G92 E0
G1 Z2.65 F7200
G1 X-43.112 Y27.731
G1 Z.65
G1 E2 F2400
;WIDTH:0.45
G1 F3600
G1 X-43.22 Y27.515 E2.01162
;WIDTH:0.472193
G1 X-43.064 Y26.819 E2.0479
G1 X-43.637 Y27.376 E2.08855
;WIDTH:0.45
G1 X-44.322 Y28.06 E2.13511
G1 X-44.66 Y28.28 E2.15451
G1 X-45.003 Y28.343 E2.17128
G1 X-49.094 Y28.343 E2.36804
G1 X-49.437 Y28.28 E2.38481
G1 X-49.776 Y28.06 E2.40425
G1 X-50.049 Y27.515 E2.43357
;WIDTH:0.472193
G1 X-49.893 Y26.819 E2.46985
G1 X-50.466 Y27.376 E2.5105
;WIDTH:0.45
G1 X-51.15 Y28.06 E2.55702
G1 X-51.489 Y28.28 E2.57646
G1 X-51.832 Y28.343 E2.59323
G1 X-55.923 Y28.343 E2.78999
G1 X-56.28 Y28.274 E2.80748
G1 X-56.569 Y28.094 E2.82386
G1 X-56.757 Y27.861 E2.83826
G1 X-56.873 Y27.54 E2.85468
G1 X-56.886 Y27.34 E2.86432
G1 X-56.848 Y27.107 E2.87567
G1 X-56.604 Y26.697 E2.89862
;WIDTH:0.472185
G1 X-56.273 Y26.35 E2.92301
G1 X-56.699 Y26.506 E2.94609
;WIDTH:0.45
G1 X-57.173 Y26.454 E2.96902
G1 X-57.481 Y26.266 E2.98638
G1 X-57.677 Y26.017 E3.00162
G1 X-57.797 Y25.669 E3.01932
G1 X-57.797 Y21.46 E3.22176
G1 X-57.734 Y21.116 E3.23858
G1 X-57.515 Y20.779 E3.25791
G1 X-56.83 Y20.094 E3.3045
;WIDTH:0.472185
G1 X-56.273 Y19.521 E3.34515
G1 X-56.969 Y19.677 E3.38143
;WIDTH:0.45
G1 X-57.515 Y19.405 E3.41077
G1 X-57.734 Y19.067 E3.43014
G1 X-57.797 Y18.723 E3.44696
G1 X-57.797 Y14.632 E3.64372
G1 X-57.734 Y14.288 E3.66054
G1 X-57.515 Y13.95 E3.67991
G1 X-56.83 Y13.266 E3.72647
;WIDTH:0.472187
G1 X-56.273 Y12.693 E3.76712
G1 X-56.969 Y12.849 E3.8034
;WIDTH:0.45
G1 X-57.515 Y12.576 E3.83276
G1 X-57.734 Y12.239 E3.85209
G1 X-57.797 Y11.895 E3.86891
G1 X-57.797 Y7.804 E4.06567
G1 X-57.734 Y7.459 E4.08254
G1 X-57.515 Y7.122 E4.10187
G1 X-56.83 Y6.438 E4.14843
;WIDTH:0.472187
G1 X-56.273 Y5.865 E4.18908
G1 X-56.969 Y6.021 E4.22536
;WIDTH:0.45
G1 X-57.515 Y5.748 E4.25472
G1 X-57.734 Y5.411 E4.27405
G1 X-57.797 Y5.066 E4.29092
G1 X-57.797 Y.975 E4.48768
G1 X-57.734 Y.631 E4.5045
G1 X-57.515 Y.294 E4.52383
G1 X-56.83 Y-.391 E4.57042
;WIDTH:0.472187
G1 X-56.273 Y-.964 E4.61107
G1 X-56.969 Y-.808 E4.64735
;WIDTH:0.45
G1 X-57.515 Y-1.08 E4.67669
G1 X-57.734 Y-1.418 E4.69606
G1 X-57.797 Y-1.762 E4.71288
G1 X-57.797 Y-5.853 E4.90964
G1 X-57.734 Y-6.198 E4.92651
G1 X-57.515 Y-6.535 E4.94584
G1 X-56.83 Y-7.219 E4.9924
;WIDTH:0.472187
G1 X-56.273 Y-7.792 E5.03305
G1 X-56.969 Y-7.636 E5.06933
;WIDTH:0.45
G1 X-57.515 Y-7.909 E5.09869
G1 X-57.734 Y-8.246 E5.11802
G1 X-57.797 Y-8.591 E5.13489
G1 X-57.797 Y-12.682 E5.33165
G1 X-57.734 Y-13.026 E5.34847
G1 X-57.515 Y-13.363 E5.3678
G1 X-56.83 Y-14.048 E5.41439
;WIDTH:0.472187
G1 X-56.273 Y-14.621 E5.45504
G1 X-56.969 Y-14.465 E5.49132
;WIDTH:0.45
G1 X-57.515 Y-14.737 E5.52066
G1 X-57.734 Y-15.075 E5.54003
G1 X-57.797 Y-15.419 E5.55685
G1 X-57.797 Y-19.51 E5.75361
G1 X-57.734 Y-19.854 E5.77043
G1 X-57.515 Y-20.192 E5.7898
G1 X-56.83 Y-20.876 E5.83636
;WIDTH:0.472189
G1 X-56.273 Y-21.449 E5.87701
G1 X-56.969 Y-21.293 E5.91329
;WIDTH:0.45
G1 X-57.515 Y-21.566 E5.94265
G1 X-57.734 Y-21.903 E5.96198
G1 X-57.797 Y-22.247 E5.9788
G1 X-57.797 Y-26.339 E6.17561
G1 X-57.734 Y-26.683 E6.19243
G1 X-57.515 Y-27.02 E6.21176
G1 X-56.83 Y-27.705 E6.25835
;WIDTH:0.472189
G1 X-56.273 Y-28.278 E6.299
G1 X-56.969 Y-28.122 E6.33528
;WIDTH:0.45
G1 X-57.515 Y-28.394 E6.36462
G1 X-57.734 Y-28.732 E6.38399
G1 X-57.797 Y-29.076 E6.40081
G1 X-57.797 Y-33.186 E6.59849
G1 X-57.729 Y-33.541 E6.61587
G1 X-57.559 Y-33.82 E6.63158
G1 X-57.302 Y-34.028 E6.64748
G1 X-56.933 Y-34.15 E6.66617
G1 X-52.723 Y-34.15 E6.86866
G1 X-52.38 Y-34.087 E6.88543
G1 X-52.042 Y-33.867 E6.90483
G1 X-51.769 Y-33.322 E6.93415
;WIDTH:0.472193
G1 X-51.925 Y-32.626 E6.97043
G1 X-51.352 Y-33.183 E7.01108
;WIDTH:0.45
G1 X-50.668 Y-33.867 E7.0576
G1 X-50.329 Y-34.087 E7.07704
G1 X-49.986 Y-34.15 E7.09381
G1 X-45.895 Y-34.15 E7.29057
G1 X-45.552 Y-34.087 E7.30734
G1 X-45.213 Y-33.867 E7.32678
G1 X-44.94 Y-33.322 E7.3561
;WIDTH:0.472189
G1 X-45.096 Y-32.626 E7.39238
G1 X-44.523 Y-33.183 E7.43303
;WIDTH:0.45
G1 X-43.839 Y-33.867 E7.47955
G1 X-43.5 Y-34.087 E7.49899
G1 X-43.157 Y-34.15 E7.51576
G1 X-39.066 Y-34.15 E7.71252
G1 X-38.723 Y-34.087 E7.72929
G1 X-38.385 Y-33.867 E7.74869
G1 X-38.112 Y-33.322 E7.77801
;WIDTH:0.472193
G1 X-38.268 Y-32.626 E7.81429
G1 X-37.695 Y-33.183 E7.85494
;WIDTH:0.45
G1 X-37.011 Y-33.867 E7.90146
G1 X-36.672 Y-34.087 E7.9209
G1 X-36.329 Y-34.15 E7.93767
G1 X-32.238 Y-34.15 E8.13443
G1 X-31.895 Y-34.087 E8.1512
G1 X-31.556 Y-33.867 E8.17064
G1 X-31.284 Y-33.322 E8.19994
;WIDTH:0.472193
G1 X-31.44 Y-32.626 E8.23622
G1 X-30.867 Y-33.183 E8.27687
;WIDTH:0.45
G1 X-30.182 Y-33.867 E8.32343
G1 X-29.844 Y-34.087 E8.34283
G1 X-29.501 Y-34.15 E8.3596
G1 X-25.41 Y-34.15 E8.55636
G1 X-25.067 Y-34.087 E8.57313
G1 X-24.728 Y-33.867 E8.59257
G1 X-24.455 Y-33.322 E8.62189
;WIDTH:0.472193
G1 X-24.611 Y-32.626 E8.65817
G1 X-24.038 Y-33.183 E8.69882
;WIDTH:0.45
G1 X-23.354 Y-33.867 E8.74534
G1 X-23.015 Y-34.087 E8.76478
G1 X-22.672 Y-34.15 E8.78155
G1 X-18.581 Y-34.15 E8.97831
G1 X-18.238 Y-34.087 E8.99508
G1 X-17.899 Y-33.867 E9.01452
G1 X-17.627 Y-33.322 E9.04382
;WIDTH:0.472193
G1 X-17.783 Y-32.626 E9.0801
G1 X-17.21 Y-33.183 E9.12075
;WIDTH:0.45
G1 X-16.525 Y-33.867 E9.16731
G1 X-16.187 Y-34.087 E9.18671
G1 X-15.844 Y-34.15 E9.20348
G1 X-11.753 Y-34.15 E9.40024
G1 X-11.41 Y-34.087 E9.41701
G1 X-11.071 Y-33.867 E9.43645
G1 X-10.798 Y-33.322 E9.46577
;WIDTH:0.472189
G1 X-10.954 Y-32.626 E9.50205
G1 X-10.381 Y-33.183 E9.5427
;WIDTH:0.45
G1 X-9.697 Y-33.867 E9.58922
G1 X-9.358 Y-34.087 E9.60866
G1 X-9.015 Y-34.15 E9.62543
G1 X-4.924 Y-34.15 E9.82219
G1 X-4.581 Y-34.087 E9.83896
G1 X-4.243 Y-33.867 E9.85836
G1 X-3.97 Y-33.322 E9.88768
;WIDTH:0.472189
G1 X-4.126 Y-32.626 E9.92396
G1 X-3.553 Y-33.183 E9.96461
;WIDTH:0.45
G1 X-2.869 Y-33.867 E10.01113
G1 X-2.53 Y-34.087 E10.03057
G1 X-2.187 Y-34.15 E10.04734
G1 X1.904 Y-34.15 E10.2441
G1 X2.247 Y-34.087 E10.26087
G1 X2.586 Y-33.867 E10.28031
G1 X2.859 Y-33.322 E10.30963
;WIDTH:0.472191
G1 X2.702 Y-32.626 E10.34592
G1 X3.276 Y-33.183 E10.3866
;WIDTH:0.45
G1 X3.96 Y-33.867 E10.43312
G1 X4.299 Y-34.087 E10.45256
G1 X4.642 Y-34.15 E10.46933
G1 X8.733 Y-34.15 E10.66609
G1 X9.076 Y-34.087 E10.68286
G1 X9.414 Y-33.867 E10.70226
G1 X9.687 Y-33.322 E10.73158
;WIDTH:0.472193
G1 X9.531 Y-32.626 E10.76786
G1 X10.104 Y-33.183 E10.80851
;WIDTH:0.45
G1 X10.788 Y-33.867 E10.85503
G1 X11.127 Y-34.087 E10.87447
G1 X11.47 Y-34.15 E10.89124
G1 X15.561 Y-34.15 E11.088
G1 X15.904 Y-34.087 E11.10477
G1 X16.243 Y-33.867 E11.12421
G1 X16.515 Y-33.322 E11.15351
;WIDTH:0.472187
G1 X16.359 Y-32.626 E11.18979
G1 X16.932 Y-33.183 E11.23044
;WIDTH:0.45
G1 X17.617 Y-33.867 E11.277
G1 X17.955 Y-34.087 E11.2964
G1 X18.298 Y-34.15 E11.31317
G1 X22.389 Y-34.15 E11.50993
G1 X22.732 Y-34.087 E11.5267
G1 X23.071 Y-33.867 E11.54614
G1 X23.344 Y-33.322 E11.57546
;WIDTH:0.472191
G1 X23.188 Y-32.626 E11.61174
G1 X23.761 Y-33.183 E11.65239
;WIDTH:0.45
G1 X24.445 Y-33.867 E11.69891
G1 X24.784 Y-34.087 E11.71835
G1 X25.127 Y-34.15 E11.73512
G1 X29.218 Y-34.15 E11.93188
G1 X29.561 Y-34.087 E11.94865
G1 X29.9 Y-33.867 E11.96809
G1 X30.172 Y-33.322 E11.99739
;WIDTH:0.472193
G1 X30.016 Y-32.626 E12.03367
G1 X30.589 Y-33.183 E12.07432
;WIDTH:0.45
G1 X31.274 Y-33.867 E12.12088
G1 X31.612 Y-34.087 E12.14028
G1 X31.955 Y-34.15 E12.15705
G1 X36.046 Y-34.15 E12.35381
G1 X36.312 Y-34.113 E12.36673
G1 X36.649 Y-33.938 E12.38499
G1 X36.87 Y-33.687 E12.40107
G1 X37 Y-33.328 E12.41943
G1 X37.008 Y-33.121 E12.42939
G1 X36.964 Y-32.889 E12.44075
G1 X36.728 Y-32.504 E12.46247
;WIDTH:0.457521
G1 X36.272 Y-32.043 E12.49427
G1 X36.823 Y-32.313 E12.52436
;WIDTH:0.45
G1 X37.273 Y-32.27 E12.5461
G1 X37.587 Y-32.088 E12.56356
G1 X37.806 Y-31.814 E12.58043
G1 X37.921 Y-31.453 E12.59865
G1 X37.921 Y-27.268 E12.79993
G1 X37.86 Y-26.93 E12.81645
G1 X37.638 Y-26.586 E12.83614
G1 X36.954 Y-25.902 E12.88266
;WIDTH:0.457523
G1 X36.272 Y-25.215 E12.93013
G1 X37.093 Y-25.485 E12.97251
;WIDTH:0.45
G1 X37.638 Y-25.212 E13.00183
G1 X37.86 Y-24.868 E13.02152
G1 X37.921 Y-24.53 E13.03804
G1 X37.921 Y-20.439 E13.2348
G1 X37.864 Y-20.113 E13.25072
G1 X37.773 Y-19.927 E13.26068
G1 X36.954 Y-19.073 E13.31759
;WIDTH:0.457523
G1 X36.272 Y-18.386 E13.36506
G1 X37.093 Y-18.656 E13.40744
;WIDTH:0.45
G1 X37.638 Y-18.384 E13.43674
G1 X37.833 Y-18.103 E13.45319
G1 X37.918 Y-17.774 E13.46953
G1 X37.921 Y-13.611 E13.66976
G1 X37.849 Y-13.246 E13.68765
G1 X37.638 Y-12.929 E13.70597
G1 X36.954 Y-12.245 E13.75249
;WIDTH:0.457523
G1 X36.272 Y-11.558 E13.79996
G1 X37.093 Y-11.828 E13.84234
;WIDTH:0.45
G1 X37.638 Y-11.555 E13.87166
G1 X37.849 Y-11.239 E13.88994
G1 X37.921 Y-10.873 E13.90788
G1 X37.921 Y-6.782 E14.10464
G1 X37.864 Y-6.456 E14.12056
G1 X37.773 Y-6.27 E14.13052
G1 X36.954 Y-5.416 E14.18743
;WIDTH:0.457523
G1 X36.272 Y-4.729 E14.2349
G1 X37.093 Y-4.999 E14.27728
;WIDTH:0.45
G1 X37.638 Y-4.727 E14.30658
G1 X37.833 Y-4.446 E14.32303
G1 X37.921 Y-4.129 E14.33885
G1 X37.921 Y.046 E14.53965
G1 X37.864 Y.372 E14.55557
G1 X37.773 Y.558 E14.56553
G1 X36.954 Y1.412 E14.62244
;WIDTH:0.457523
G1 X36.272 Y2.099 E14.66991
G1 X37.093 Y1.829 E14.71229
;WIDTH:0.45
G1 X37.638 Y2.102 E14.74161
G1 X37.833 Y2.383 E14.75806
G1 X37.921 Y2.7 E14.77388
G1 X37.921 Y6.874 E14.97463
G1 X37.864 Y7.2 E14.99055
G1 X37.774 Y7.386 E15.00049
G1 X36.954 Y8.24 E15.05743
;WIDTH:0.457523
G1 X36.272 Y8.927 E15.1049
G1 X37.093 Y8.657 E15.14728
;WIDTH:0.45
G1 X37.638 Y8.93 E15.1766
G1 X37.834 Y9.212 E15.19312
G1 X37.92 Y9.575 E15.21106
G1 X37.921 Y13.703 E15.4096
G1 X37.865 Y14.024 E15.42527
G1 X37.775 Y14.212 E15.43529
G1 X36.954 Y15.069 E15.49237
;WIDTH:0.457523
G1 X36.272 Y15.756 E15.53984
G1 X37.093 Y15.486 E15.58222
;WIDTH:0.45
G1 X37.638 Y15.759 E15.61154
G1 X37.835 Y16.044 E15.6282
G1 X37.92 Y16.415 E15.64651
G1 X37.921 Y20.531 E15.84448
G1 X37.863 Y20.86 E15.86055
G1 X37.772 Y21.046 E15.87051
G1 X36.954 Y21.897 E15.92728
;WIDTH:0.457523
G1 X36.272 Y22.584 E15.97475
G1 X37.093 Y22.314 E16.01713
;WIDTH:0.45
G1 X37.638 Y22.587 E16.04645
G1 X37.832 Y22.865 E16.06275
G1 X37.919 Y23.211 E16.07991
G1 X37.921 Y27.379 E16.28038
G1 X37.847 Y27.749 E16.29853
G1 X37.696 Y27.998 E16.31254
G1 X37.437 Y28.215 E16.32879
G1 X37.059 Y28.343 E16.34798
G1 X32.847 Y28.343 E16.55056
G1 X32.504 Y28.28 E16.56733
G1 X32.165 Y28.06 E16.58677
G1 X31.892 Y27.515 E16.61609
;WIDTH:0.472193
G1 X32.048 Y26.819 E16.65237
G1 X31.475 Y27.376 E16.69302
;WIDTH:0.45
G1 X30.791 Y28.06 E16.73954
G1 X30.452 Y28.28 E16.75898
G1 X30.109 Y28.343 E16.77575
G1 X26.018 Y28.343 E16.97251
G1 X25.675 Y28.28 E16.98928
G1 X25.337 Y28.06 E17.00868
G1 X25.064 Y27.515 E17.038
;WIDTH:0.472187
G1 X25.22 Y26.819 E17.07428
G1 X24.647 Y27.376 E17.11493
;WIDTH:0.45
G1 X23.963 Y28.06 E17.16145
G1 X23.624 Y28.28 E17.18089
G1 X23.281 Y28.343 E17.19766
G1 X19.19 Y28.343 E17.39442
G1 X18.847 Y28.28 E17.41119
G1 X18.508 Y28.06 E17.43063
G1 X18.236 Y27.515 E17.45993
;WIDTH:0.472193
G1 X18.392 Y26.819 E17.49621
G1 X17.819 Y27.376 E17.53686
;WIDTH:0.45
G1 X17.134 Y28.06 E17.58342
G1 X16.796 Y28.28 E17.60282
G1 X16.453 Y28.343 E17.61959
G1 X12.361 Y28.343 E17.8164
G1 X12.018 Y28.28 E17.83317
G1 X11.68 Y28.06 E17.85257
G1 X11.407 Y27.515 E17.88189
;WIDTH:0.472187
G1 X11.563 Y26.819 E17.91817
G1 X10.99 Y27.376 E17.95882
;WIDTH:0.45
G1 X10.306 Y28.06 E18.00534
G1 X9.967 Y28.28 E18.02478
G1 X9.624 Y28.343 E18.04155
G1 X5.533 Y28.343 E18.23831
G1 X5.19 Y28.28 E18.25508
G1 X4.851 Y28.06 E18.27452
G1 X4.579 Y27.515 E18.30382
;WIDTH:0.472193
G1 X4.735 Y26.819 E18.3401
G1 X4.162 Y27.376 E18.38075
;WIDTH:0.45
G1 X3.477 Y28.06 E18.42731
G1 X3.139 Y28.28 E18.44671
G1 X2.796 Y28.343 E18.46348
G1 X-1.295 Y28.343 E18.66024
G1 X-1.638 Y28.28 E18.67701
G1 X-1.977 Y28.06 E18.69645
G1 X-2.25 Y27.515 E18.72577
;WIDTH:0.472189
G1 X-2.094 Y26.819 E18.76205
G1 X-2.667 Y27.376 E18.8027
;WIDTH:0.45
G1 X-3.351 Y28.06 E18.84922
G1 X-3.69 Y28.28 E18.86866
G1 X-4.033 Y28.343 E18.88543
G1 X-8.124 Y28.343 E19.08219
G1 X-8.467 Y28.28 E19.09896
G1 X-8.806 Y28.06 E19.1184
G1 X-9.078 Y27.515 E19.1477
;WIDTH:0.472191
G1 X-8.922 Y26.819 E19.18398
G1 X-9.495 Y27.376 E19.22463
;WIDTH:0.45
G1 X-10.18 Y28.06 E19.27119
G1 X-10.518 Y28.28 E19.29059
G1 X-10.861 Y28.343 E19.30736
G1 X-14.952 Y28.343 E19.50412
G1 X-15.295 Y28.28 E19.52089
G1 X-15.634 Y28.06 E19.54033
G1 X-15.907 Y27.515 E19.56965
;WIDTH:0.472193
G1 X-15.751 Y26.819 E19.60593
G1 X-16.324 Y27.376 E19.64658
;WIDTH:0.45
G1 X-17.008 Y28.06 E19.6931
G1 X-17.347 Y28.28 E19.71254
G1 X-17.69 Y28.343 E19.72931
G1 X-21.781 Y28.343 E19.92607
G1 X-22.124 Y28.28 E19.94284
G1 X-22.462 Y28.06 E19.96224
G1 X-22.735 Y27.515 E19.99156
;WIDTH:0.472191
G1 X-22.579 Y26.819 E20.02784
G1 X-23.152 Y27.376 E20.06849
;WIDTH:0.45
G1 X-23.836 Y28.06 E20.11501
G1 X-24.175 Y28.28 E20.13445
G1 X-24.518 Y28.343 E20.15122
G1 X-28.609 Y28.343 E20.34798
G1 X-28.952 Y28.28 E20.36475
G1 X-29.291 Y28.06 E20.38419
G1 X-29.563 Y27.515 E20.41349
;WIDTH:0.472193
G1 X-29.407 Y26.819 E20.44977
G1 X-29.98 Y27.376 E20.49042
;WIDTH:0.45
G1 X-30.665 Y28.06 E20.53698
G1 X-31.003 Y28.28 E20.55638
G1 X-31.346 Y28.343 E20.57315
G1 X-35.438 Y28.343 E20.76996
G1 X-35.781 Y28.28 E20.78673
G1 X-36.119 Y28.06 E20.80613
G1 X-36.392 Y27.515 E20.83545
;WIDTH:0.472187
G1 X-36.236 Y26.819 E20.87173
G1 X-36.809 Y27.376 E20.91238
;WIDTH:0.45
G1 X-37.493 Y28.06 E20.9589
G1 X-37.832 Y28.28 E20.97834
G1 X-38.175 Y28.343 E20.99511
G1 X-42.266 Y28.343 E21.19187
G1 X-42.609 Y28.28 E21.20864
G1 X-42.948 Y28.06 E21.22808
G1 X-43.085 Y27.785 E21.24286
G1 E19.24286 F2400
G92 E0
G1 Z2.65 F7200
G1 X9.24 Y-33.398
G1 Z.65
G1 E2 F2400
G1 F3600
G1 X9.305 Y-33.268 E2.00699
G1 X9.202 Y-32.837 E2.0283
G1 X-51.423 Y27.788 E6.15194
G1 X-51.716 Y27.957 E6.16821
G1 X-55.923 Y27.957 E6.37055
G1 X-56.201 Y27.886 E6.38435
G1 X-56.392 Y27.716 E6.39665
G1 X-56.493 Y27.476 E6.40917
G1 X-56.478 Y27.215 E6.42174
G1 X-56.332 Y26.97 E6.43546
G1 X4.233 Y-33.595 E10.55502
G1 X4.526 Y-33.764 E10.57129
G1 X8.733 Y-33.764 E10.77363
G1 X8.983 Y-33.707 E10.78596
G1 X9.142 Y-33.595 E10.79531
G1 X9.213 Y-33.452 E10.80299
G1 X8.901 Y-33.259 F7200
;TYPE:External perimeter
G1 F1800
G1 X8.923 Y-33.213 E10.80544
G1 X8.869 Y-33.049 E10.81374
G1 X-51.695 Y27.515 E14.93323
G1 X-51.832 Y27.571 E14.94035
G1 X-55.923 Y27.571 E15.13711
G1 X-56.067 Y27.507 E15.14469
G1 X-56.115 Y27.371 E15.15163
G1 X-56.059 Y27.242 E15.15839
G1 X4.505 Y-33.322 E19.27788
G1 X4.642 Y-33.379 E19.28502
G1 X8.733 Y-33.379 E19.48178
G1 X8.869 Y-33.322 E19.48887
G1 X8.874 Y-33.312 E19.48941
G1 X8.747 Y-32.933 F7200
G1 E17.48941 F2400
G92 E0
G1 Z2.65 F7200
G1 X16.068 Y-33.398
G1 Z.65
G1 E2 F2400
;TYPE:Perimeter
G1 F3600
G1 X16.134 Y-33.268 E2.00701
G1 X16.031 Y-32.837 E2.02832
G1 X-44.594 Y27.788 E6.15196
G1 X-44.887 Y27.957 E6.16823
G1 X-49.094 Y27.957 E6.37057
G1 X-49.345 Y27.9 E6.38295
G1 X-49.503 Y27.788 E6.39226
G1 X-49.667 Y27.46 E6.4099
G1 X-49.564 Y27.03 E6.43117
G1 X9.692 Y-32.226 E10.46169
G1 X11.061 Y-33.595 E10.55481
G1 X11.354 Y-33.764 E10.57108
G1 X15.561 Y-33.764 E10.77342
G1 X15.811 Y-33.707 E10.78575
G1 X15.97 Y-33.595 E10.7951
G1 X16.042 Y-33.452 E10.8028
G1 X15.729 Y-33.259 F7200
;TYPE:External perimeter
G1 F1800
G1 X15.752 Y-33.213 E10.80527
G1 X15.697 Y-33.049 E10.81359
G1 X-44.867 Y27.515 E14.93308
G1 X-45.003 Y27.571 E14.94015
G1 X-49.094 Y27.571 E15.13691
G1 X-49.231 Y27.515 E15.14403
G1 X-49.285 Y27.406 E15.14988
G1 X-49.231 Y27.242 E15.15818
G1 X11.334 Y-33.322 E19.2777
G1 X11.47 Y-33.379 E19.28479
G1 X15.561 Y-33.379 E19.48155
G1 X15.697 Y-33.322 E19.48864
G1 X15.702 Y-33.312 E19.48918
G1 X15.575 Y-32.933 F7200
G1 E17.48918 F2400
G92 E0
G1 Z2.65 F7200
G1 X-42.773 Y27.591
G1 Z.65
G1 E2 F2400
;TYPE:Perimeter
G1 F3600
G1 X-42.839 Y27.46 E2.00706
G1 X-42.736 Y27.03 E2.02833
G1 X17.889 Y-33.595 E6.15197
G1 X18.182 Y-33.764 E6.16824
G1 X22.389 Y-33.764 E6.37058
G1 X22.64 Y-33.707 E6.38296
G1 X22.798 Y-33.595 E6.39227
G1 X22.962 Y-33.268 E6.40986
G1 X22.859 Y-32.837 E6.43117
G1 X-37.766 Y27.788 E10.55481
G1 X-38.059 Y27.957 E10.57108
G1 X-42.266 Y27.957 E10.77342
G1 X-42.516 Y27.9 E10.78575
G1 X-42.675 Y27.788 E10.7951
G1 X-42.746 Y27.645 E10.80278
G1 X-42.434 Y27.451 F7200
;TYPE:External perimeter
G1 F1800
G1 X-42.457 Y27.406 E10.80521
G1 X-42.402 Y27.242 E10.81353
G1 X18.162 Y-33.322 E14.93302
G1 X18.298 Y-33.379 E14.94011
G1 X22.389 Y-33.379 E15.13687
G1 X22.526 Y-33.322 E15.14401
G1 X22.58 Y-33.213 E15.14986
G1 X22.526 Y-33.049 E15.15816
G1 X-38.039 Y27.515 E19.27768
G1 X-38.175 Y27.571 E19.28475
G1 X-42.266 Y27.571 E19.48151
G1 X-42.402 Y27.515 E19.48858
G1 X-42.407 Y27.505 E19.48912
G1 X-42.28 Y27.126 F7200
G1 E17.48912 F2400
G92 E0
G1 Z2.65 F7200
G1 X29.725 Y-33.398
G1 Z.65
G1 E2 F2400
;TYPE:Perimeter
G1 F3600
G1 X29.791 Y-33.268 E2.00701
G1 X29.688 Y-32.837 E2.02832
G1 X-30.937 Y27.788 E6.15196
G1 X-31.23 Y27.957 E6.16823
G1 X-35.438 Y27.957 E6.37062
G1 X-35.688 Y27.9 E6.38295
G1 X-35.847 Y27.788 E6.3923
G1 X-36.01 Y27.46 E6.40992
G1 X-35.907 Y27.03 E6.43119
G1 X24.718 Y-33.595 E10.55483
G1 X25.011 Y-33.764 E10.5711
G1 X29.218 Y-33.764 E10.77344
G1 X29.468 Y-33.707 E10.78577
G1 X29.627 Y-33.595 E10.79512
G1 X29.698 Y-33.452 E10.8028
G1 X29.386 Y-33.259 F7200
;TYPE:External perimeter
G1 F1800
G1 X29.409 Y-33.213 E10.80527
G1 X29.354 Y-33.049 E10.81359
G1 X-31.21 Y27.515 E14.93308
G1 X-31.346 Y27.571 E14.94015
G1 X-35.438 Y27.571 E15.13696
G1 X-35.574 Y27.515 E15.14403
G1 X-35.628 Y27.406 E15.14988
G1 X-35.574 Y27.242 E15.15818
G1 X24.991 Y-33.322 E19.2777
G1 X25.127 Y-33.379 E19.28479
G1 X29.218 Y-33.379 E19.48155
G1 X29.354 Y-33.322 E19.48864
G1 X29.359 Y-33.312 E19.48918
G1 X29.232 Y-32.933 F7200
G1 E17.48918 F2400
G92 E0
G1 Z2.65 F7200
G1 X36.563 Y-33.4
G1 Z.65
G1 E2 F2400
;TYPE:Perimeter
G1 F3600
G1 X36.618 Y-33.271 E2.00674
G1 X36.597 Y-33.008 E2.01943
G1 X36.455 Y-32.777 E2.03247
G1 X-24.109 Y27.788 E6.15199
G1 X-24.402 Y27.957 E6.16826
G1 X-28.609 Y27.957 E6.3706
G1 X-28.859 Y27.9 E6.38293
G1 X-29.018 Y27.788 E6.39228
G1 X-29.182 Y27.46 E6.40992
G1 X-29.079 Y27.03 E6.43119
G1 X31.546 Y-33.595 E10.55483
G1 X31.839 Y-33.764 E10.5711
G1 X36.046 Y-33.764 E10.77344
G1 X36.28 Y-33.715 E10.78494
G1 X36.504 Y-33.539 E10.79864
G1 X36.54 Y-33.456 E10.80299
G1 X36.21 Y-33.252 F7200
;TYPE:External perimeter
G1 F1800
G1 X36.239 Y-33.173 E10.80704
G1 X36.183 Y-33.049 E10.81358
G1 X-24.382 Y27.515 E14.9331
G1 X-24.518 Y27.571 E14.94017
G1 X-28.609 Y27.571 E15.13693
G1 X-28.745 Y27.515 E15.144
G1 X-28.8 Y27.406 E15.14987
G1 X-28.745 Y27.242 E15.15819
G1 X31.819 Y-33.322 E19.27768
G1 X31.955 Y-33.379 E19.28477
G1 X36.046 Y-33.379 E19.48153
G1 X36.184 Y-33.32 E19.48875
G1 X36.189 Y-33.308 E19.48938
G1 X36.058 Y-32.93 F7200
G1 X37.183 Y-31.88
;TYPE:Perimeter
G1 F3600
G1 X37.391 Y-31.741 E19.50141
G1 X37.535 Y-31.47 E19.51617
G1 X37.535 Y-27.268 E19.71827
G1 X37.48 Y-27.021 E19.73044
G1 X37.366 Y-26.859 E19.73997
G1 X-17.281 Y27.788 E23.45699
G1 X-17.439 Y27.9 E23.4663
G1 X-17.69 Y27.957 E23.47868
G1 X-21.781 Y27.957 E23.67544
G1 X-22.031 Y27.9 E23.68777
G1 X-22.19 Y27.788 E23.69712
G1 X-22.353 Y27.46 E23.71474
G1 X-22.25 Y27.03 E23.73601
G1 X36.548 Y-31.768 E27.73538
G1 X36.876 Y-31.932 E27.75302
G1 X37.131 Y-31.907 E27.76534
G1 X37.021 Y-31.519 F7200
;TYPE:External perimeter
G1 F1800
G1 X37.094 Y-31.494 E27.76905
G1 X37.149 Y-31.359 E27.77606
G1 X37.149 Y-27.268 E27.97282
G1 X37.093 Y-27.131 E27.97994
G1 X-17.553 Y27.515 E31.69689
G1 X-17.64 Y27.571 E31.70187
G1 X-21.781 Y27.571 E31.90104
G1 X-21.917 Y27.515 E31.90811
G1 X-21.972 Y27.406 E31.91398
G1 X-21.917 Y27.242 E31.9223
G1 X36.82 Y-31.495 E35.91752
G1 X36.93 Y-31.55 E35.92344
G1 X36.964 Y-31.538 E35.92517
G1 X37.149 Y-31.183 F7200
G1 E33.92517 F2400
G92 E0
G1 Z2.65 F7200
G1 X37.171 Y-25.037
G1 Z.65
G1 E2 F2400
;TYPE:Perimeter
G1 F3600
G1 X37.366 Y-24.939 E2.0105
G1 X37.516 Y-24.678 E2.02498
G1 X37.535 Y-24.125 E2.05159
G1 X37.535 Y-20.439 E2.22887
G1 X37.483 Y-20.199 E2.24068
G1 X37.366 Y-20.03 E2.25057
G1 X-10.452 Y27.788 E5.50309
G1 X-10.745 Y27.957 E5.51936
G1 X-14.952 Y27.957 E5.7217
G1 X-15.202 Y27.9 E5.73403
G1 X-15.361 Y27.788 E5.74338
G1 X-15.525 Y27.46 E5.76102
G1 X-15.422 Y27.03 E5.78229
G1 X36.548 Y-24.939 E9.31719
G1 X37.038 Y-25.103 E9.34204
G1 X37.117 Y-25.064 E9.34628
G1 X37.033 Y-24.685 F7200
;TYPE:External perimeter
G1 F1800
G1 X37.131 Y-24.613 E9.35213
G1 X37.149 Y-23.772 E9.39259
G1 X37.149 Y-20.439 E9.5529
G1 X37.093 Y-20.303 E9.55997
G1 X-10.725 Y27.515 E12.81249
G1 X-10.861 Y27.571 E12.81956
G1 X-14.952 Y27.571 E13.01632
G1 X-15.089 Y27.515 E13.02344
G1 X-15.143 Y27.406 E13.02929
G1 X-15.089 Y27.242 E13.03759
G1 X36.82 Y-24.667 E16.56838
G1 X36.984 Y-24.721 E16.57668
G1 X37.131 Y-24.349 F7200
G1 E14.57668 F2400
G92 E0
G1 Z2.65 F7200
G1 X-71.181 Y33.656
G1 Z.65
G1 E2 F2400
;TYPE:Perimeter
G1 F1200
G1 X-70.767 Y33.661 E2.01991
G1 X-70.289 Y33.781 E2.04361
G1 X-69.737 Y34.095 E2.07415
G1 X-69.583 Y34.224 E2.08381
G1 X-69.219 Y34.658 E2.11105
G1 X-69.118 Y34.832 E2.12073
G1 X-68.924 Y35.365 E2.14801
G1 X-68.89 Y35.563 E2.15767
G1 X-68.89 Y36.13 E2.18494
G1 X-68.924 Y36.328 E2.1946
G1 X-69.118 Y36.86 E2.22184
G1 X-69.219 Y37.034 E2.23152
G1 X-69.583 Y37.469 E2.2588
G1 X-69.737 Y37.598 E2.26846
G1 X-70.228 Y37.881 E2.29572
;WIDTH:0.495209
G1 X-70.287 Y37.926 E2.29971
;WIDTH:0.540419
G1 X-70.346 Y37.972 E2.30415
;WIDTH:0.585629
G1 X-70.405 Y38.017 E2.30897
G1 X-70.968 Y38.091 E2.34589
;WIDTH:0.563889
G1 X-71.499 Y38.049 E2.37908
;WIDTH:0.605357
G1 X-71.977 Y37.94 E2.41216
;WIDTH:0.63111
G1 X-72.45 Y37.682 E2.45024
;WIDTH:0.642744
G1 X-72.765 Y37.383 E2.48157
G1 X-73.061 Y36.995 E2.51677
;WIDTH:0.615503
G1 X-73.171 Y36.671 E2.54029
;WIDTH:0.589936
G1 X-73.28 Y36.347 E2.5627
;WIDTH:0.56437
G1 X-73.307 Y35.563 E2.61162
;WIDTH:0.541925
G1 X-73.17 Y35.198 E2.63484
;WIDTH:0.495962
G1 X-73.033 Y34.832 E2.65588
;WIDTH:0.45
G1 X-72.932 Y34.658 E2.66556
G1 X-72.568 Y34.224 E2.6928
G1 X-72.414 Y34.095 E2.70246
G1 X-71.923 Y33.812 E2.72972
G1 X-71.279 Y33.654 E2.76161
G1 X-71.241 Y33.655 E2.76344
G1 X-71.173 Y34.034 F7200
;TYPE:External perimeter
G1 F1200
G1 X-70.743 Y34.052 E2.78414
G1 X-70.421 Y34.146 E2.80027
G1 X-69.929 Y34.429 E2.82757
G1 X-69.514 Y34.906 E2.85798
G1 X-69.287 Y35.497 E2.88843
G1 X-69.275 Y36.13 E2.91888
G1 X-69.481 Y36.728 E2.9493
G1 X-69.879 Y37.221 E2.97977
G1 X-70.421 Y37.547 E3.01019
G1 X-71.042 Y37.669 E3.04063
G1 X-71.667 Y37.57 E3.07107
G1 X-72.212 Y37.269 E3.10101
G1 X-72.568 Y36.869 E3.12676
G1 X-72.706 Y36.63 E3.14003
G1 X-72.876 Y36.13 E3.16543
G1 X-72.876 Y35.563 E3.1927
G1 X-72.67 Y34.964 E3.22317
G1 X-72.272 Y34.472 E3.25361
G1 X-71.73 Y34.146 E3.28403
G1 X-71.232 Y34.039 E3.30853
G1 X-70.832 Y34.05 F7200
G1 E1.30853 F2400
G92 E0
G1 Z2.65 F7200
G1 X-69.983 Y-39.761
G1 Z.65
G1 E2 F2400
;TYPE:Perimeter
G1 F1200
G1 X-70.228 Y-39.619 E2.01362
G1 X-70.417 Y-39.55 E2.0233
G1 X-70.975 Y-39.452 E2.05055
G1 X-71.176 Y-39.452 E2.06022
G1 X-71.734 Y-39.55 E2.08747
G1 X-71.923 Y-39.619 E2.09715
G1 X-72.414 Y-39.902 E2.12441
G1 X-72.568 Y-40.031 E2.13407
G1 X-72.932 Y-40.466 E2.16135
;WIDTH:0.480099
G1 X-73.094 Y-40.814 E2.18125
;WIDTH:0.510198
G1 X-73.255 Y-41.162 E2.20257
;WIDTH:0.541925
G1 X-73.307 Y-41.37 E2.21534
G1 X-73.307 Y-41.937 E2.24911
;WIDTH:0.590806
G1 X-73.228 Y-42.337 E2.27588
;WIDTH:0.615503
G1 X-73.061 Y-42.802 E2.30984
;WIDTH:0.634353
G1 X-72.638 Y-43.335 E2.35821
G1 X-72.45 Y-43.489 E2.37549
;WIDTH:0.63111
G1 X-71.977 Y-43.747 E2.41357
;WIDTH:0.605358
G1 X-71.788 Y-43.813 E2.42708
;WIDTH:0.580887
G1 X-71.288 Y-43.89 E2.45967
;WIDTH:0.542244
G1 X-70.765 Y-43.885 E2.49084
;WIDTH:0.55679
G1 X-70.629 Y-43.872 E2.49923
G1 X-70.496 Y-43.811 E2.50822
;WIDTH:0.521193
G1 X-70.362 Y-43.749 E2.51663
;WIDTH:0.485596
G1 X-70.228 Y-43.688 E2.52436
;WIDTH:0.45
G1 X-69.737 Y-43.405 E2.55162
G1 X-69.583 Y-43.276 E2.56128
G1 X-69.219 Y-42.842 E2.58852
G1 X-69.118 Y-42.668 E2.5982
G1 X-68.924 Y-42.135 E2.62548
G1 X-68.89 Y-41.937 E2.63514
G1 X-68.89 Y-41.37 E2.66241
G1 X-68.924 Y-41.172 E2.67207
G1 X-69.118 Y-40.64 E2.69931
G1 X-69.219 Y-40.466 E2.70899
G1 X-69.583 Y-40.031 E2.73627
G1 X-69.737 Y-39.902 E2.74593
G1 X-69.931 Y-39.791 E2.75668
G1 X-70.178 Y-40.099 F7200
;TYPE:External perimeter
G1 F1200
G1 X-70.421 Y-39.953 E2.77031
G1 X-71.042 Y-39.831 E2.80075
G1 X-71.667 Y-39.93 E2.83119
G1 X-72.221 Y-40.236 E2.86163
G1 X-72.637 Y-40.714 E2.89211
G1 X-72.864 Y-41.304 E2.92251
G1 X-72.876 Y-41.937 E2.95296
G1 X-72.706 Y-42.437 E2.97836
G1 X-72.568 Y-42.676 E2.99163
G1 X-72.24 Y-43.058 E3.01585
G1 X-71.745 Y-43.346 E3.04339
G1 X-71.169 Y-43.471 E3.07174
G1 X-70.743 Y-43.448 E3.09226
G1 X-70.421 Y-43.354 E3.10839
G1 X-69.93 Y-43.071 E3.13565
G1 X-69.514 Y-42.594 E3.16609
G1 X-69.287 Y-42.003 E3.19654
G1 X-69.275 Y-41.37 E3.22699
G1 X-69.481 Y-40.772 E3.25741
G1 X-69.879 Y-40.279 E3.28788
G1 X-70.127 Y-40.13 E3.3018
G1 X-70.486 Y-39.954 F7200
G1 E1.3018 F2400
G92 E0
G1 Z2.65 F7200
G1 X64.818 Y33.651
G1 Z.65
G1 E2 F2400
;TYPE:Perimeter
G1 F1200
G1 X64.856 Y33.644 E2.00186
G1 X65.357 Y33.68 E2.02602
G1 X65.772 Y33.812 E2.04697
G1 X66.263 Y34.095 E2.07423
G1 X66.417 Y34.224 E2.08389
G1 X66.781 Y34.658 E2.11113
;WIDTH:0.4717
G1 X67.086 Y35.361 E2.15006
;WIDTH:0.506811
G1 X67.121 Y35.462 E2.15596
;WIDTH:0.541923
G1 X67.156 Y35.563 E2.16233
G1 X67.156 Y36.13 E2.1961
;WIDTH:0.590803
G1 X67.077 Y36.53 E2.22287
;WIDTH:0.615502
G1 X66.91 Y36.995 E2.25683
;WIDTH:0.63435
G1 X66.487 Y37.528 E2.3052
G1 X66.299 Y37.682 E2.32248
;WIDTH:0.631106
G1 X65.826 Y37.94 E2.36056
;WIDTH:0.605355
G1 X65.348 Y38.049 E2.39364
;WIDTH:0.563887
G1 X64.817 Y38.091 E2.42683
;WIDTH:0.585629
G1 X64.254 Y38.017 E2.46375
G1 X64.031 Y37.877 E2.48087
;WIDTH:0.540419
G1 X63.809 Y37.737 E2.49645
;WIDTH:0.495209
G1 X63.586 Y37.598 E2.51057
;WIDTH:0.45
G1 X63.432 Y37.469 E2.52023
G1 X63.068 Y37.034 E2.54751
G1 X62.967 Y36.86 E2.55719
G1 X62.773 Y36.328 E2.58443
G1 X62.739 Y36.13 E2.59409
G1 X62.739 Y35.563 E2.62136
G1 X62.773 Y35.365 E2.63102
G1 X62.967 Y34.832 E2.6583
G1 X63.068 Y34.658 E2.66798
G1 X63.432 Y34.224 E2.69522
G1 X63.586 Y34.095 E2.70488
G1 X64.077 Y33.812 E2.73214
G1 X64.256 Y33.745 E2.74133
G1 X64.759 Y33.661 E2.76586
G1 X64.827 Y34.034 F7200
;TYPE:External perimeter
G1 F1200
G1 X65.257 Y34.052 E2.78656
G1 X65.579 Y34.146 E2.80269
G1 X66.07 Y34.429 E2.82995
G1 X66.486 Y34.906 E2.86039
G1 X66.713 Y35.497 E2.89084
G1 X66.725 Y36.13 E2.92129
G1 X66.555 Y36.63 E2.94669
G1 X66.417 Y36.869 E2.95996
G1 X66.089 Y37.251 E2.98418
G1 X65.594 Y37.539 E3.01172
G1 X64.958 Y37.669 E3.04294
G1 X64.333 Y37.57 E3.07338
G1 X63.779 Y37.264 E3.10382
G1 X63.363 Y36.786 E3.1343
G1 X63.136 Y36.196 E3.1647
G1 X63.124 Y35.563 E3.19515
G1 X63.33 Y34.964 E3.22562
G1 X63.728 Y34.472 E3.25606
G1 X64.27 Y34.146 E3.28648
G1 X64.768 Y34.039 E3.31098
G1 X65.168 Y34.05 F7200
G1 E1.31098 F2400
G92 E0
G1 Z2.65 F7200
G1 X67.294 Y34.839
G1 Z.65
G1 E2 F2400
;TYPE:Perimeter
G1 F3600
G1 X67.077 Y34.411 E2.02308
G1 X66.712 Y33.976 E2.05039
G1 X66.456 Y33.761 E2.06647
G1 X65.965 Y33.478 E2.09373
G1 X65.457 Y33.308 E2.11949
G1 X64.873 Y33.259 E2.14768
G1 X64.182 Y33.366 E2.18131
G1 X63.884 Y33.478 E2.19662
G1 X63.393 Y33.761 E2.22388
G1 X63.137 Y33.976 E2.23996
G1 X62.772 Y34.411 E2.26727
G1 X62.605 Y34.701 E2.28337
G1 X62.411 Y35.233 E2.31061
G1 X62.353 Y35.563 E2.32673
G1 X62.353 Y36.13 E2.354
G1 X62.411 Y36.46 E2.37012
G1 X62.605 Y36.992 E2.39736
G1 X62.772 Y37.282 E2.41346
G1 X63.137 Y37.717 E2.44077
G1 X63.393 Y37.932 E2.45685
G1 X63.884 Y38.216 E2.48413
G1 X-70.035 Y38.216 E8.92517
G1 X-69.544 Y37.932 E8.95245
G1 X-69.288 Y37.717 E8.96853
G1 X-68.923 Y37.282 E8.99584
G1 X-68.756 Y36.992 E9.01194
G1 X-68.562 Y36.46 E9.03918
G1 X-68.504 Y36.13 E9.0553
G1 X-68.504 Y35.563 E9.08257
G1 X-68.562 Y35.233 E9.09869
G1 X-68.756 Y34.701 E9.12593
G1 X-68.923 Y34.411 E9.14203
G1 X-69.288 Y33.976 E9.16934
G1 X-69.54 Y33.764 E9.18518
G1 X-70.035 Y33.478 E9.21268
G1 X-70.543 Y33.308 E9.23844
G1 X-71.127 Y33.259 E9.26663
G1 X-71.818 Y33.366 E9.30026
G1 X-72.116 Y33.478 E9.31557
G1 X-72.607 Y33.761 E9.34283
G1 X-72.863 Y33.976 E9.35891
G1 X-73.228 Y34.411 E9.38622
G1 X-73.445 Y34.839 E9.4093
G1 X-73.445 Y-40.646 E13.03987
G1 X-73.228 Y-40.218 E13.06295
G1 X-72.863 Y-39.784 E13.09022
G1 X-72.607 Y-39.568 E13.10633
G1 X-72.116 Y-39.285 E13.13359
G1 X-71.801 Y-39.17 E13.14972
G1 X-71.243 Y-39.072 E13.17697
G1 X-70.908 Y-39.072 E13.19308
G1 X-70.35 Y-39.17 E13.22033
G1 X-70.035 Y-39.285 E13.23646
G1 X-69.544 Y-39.568 E13.26372
G1 X-69.288 Y-39.784 E13.27983
G1 X-68.923 Y-40.218 E13.3071
G1 X-68.756 Y-40.508 E13.3232
G1 X-68.562 Y-41.04 E13.35044
G1 X-68.504 Y-41.37 E13.36656
G1 X-68.504 Y-41.937 E13.39383
G1 X-68.562 Y-42.267 E13.40995
G1 X-68.756 Y-42.799 E13.43719
G1 X-68.923 Y-43.089 E13.45329
G1 X-69.288 Y-43.524 E13.4806
G1 X-69.544 Y-43.739 E13.49668
G1 X-70.035 Y-44.023 E13.52396
G1 X63.884 Y-44.023 E19.965
G1 X63.393 Y-43.739 E19.99228
G1 X63.137 Y-43.524 E20.00836
G1 X62.772 Y-43.089 E20.03567
G1 X62.605 Y-42.799 E20.05177
G1 X62.411 Y-42.267 E20.07901
G1 X62.353 Y-41.937 E20.09513
G1 X62.353 Y-41.37 E20.1224
G1 X62.411 Y-41.04 E20.13852
G1 X62.605 Y-40.508 E20.16576
G1 X62.772 Y-40.218 E20.18186
G1 X63.137 Y-39.784 E20.20913
G1 X63.393 Y-39.568 E20.22524
G1 X63.884 Y-39.285 E20.2525
G1 X64.199 Y-39.17 E20.26863
G1 X64.757 Y-39.072 E20.29588
G1 X65.092 Y-39.072 E20.31199
G1 X65.65 Y-39.17 E20.33924
G1 X65.965 Y-39.285 E20.35537
G1 X66.456 Y-39.568 E20.38263
G1 X66.712 Y-39.784 E20.39874
G1 X67.077 Y-40.218 E20.42601
G1 X67.294 Y-40.646 E20.44909
G1 X67.294 Y34.779 E24.07677
G1 E22.07677 F2400
G92 E0
G1 Z2.65 F7200
G1 X67.491 Y36.953
G1 Z.65
G1 E2 F2400
;WIDTH:0.615502
G1 F3600
G1 X67.39 Y37.266 E2.02261
;WIDTH:0.642741
G1 X67.067 Y37.743 E2.06417
G1 X66.711 Y38.081 E2.09958
;WIDTH:0.627916
G1 X66.305 Y38.322 E2.13277
G1 X65.754 Y38.508 E2.17365
;WIDTH:0.580885
G1 X65.392 Y38.545 E2.19709
;WIDTH:0.563887
G1 X64.776 Y38.559 E2.23548
;WIDTH:0.585629
G1 X64.209 Y38.534 E2.27238
G1 X64.1 Y38.557 E2.27962
;WIDTH:0.540419
G1 X63.992 Y38.579 E2.28616
;WIDTH:0.495209
G1 X63.884 Y38.602 E2.29209
;WIDTH:0.45
G1 X-70.035 Y38.602 E8.73313
;WIDTH:0.495209
G1 X-70.143 Y38.579 E8.73906
;WIDTH:0.540419
G1 X-70.252 Y38.557 E8.74566
;WIDTH:0.585629
G1 X-70.36 Y38.534 E8.75284
G1 X-71.224 Y38.559 E8.80903
;WIDTH:0.580886
G1 X-71.905 Y38.508 E8.85302
;WIDTH:0.627916
G1 X-72.456 Y38.322 E8.8939
G1 X-72.862 Y38.081 E8.92709
;WIDTH:0.642744
G1 X-73.218 Y37.743 E8.9625
G1 X-73.557 Y37.23 E9.00686
;WIDTH:0.615503
G1 X-73.738 Y36.638 E9.04941
;WIDTH:0.590806
G1 X-73.785 Y36.13 E9.08291
;WIDTH:0.541925
G1 X-73.803 Y35.694 E9.1089
;WIDTH:0.506812
G1 X-73.82 Y35.259 E9.13292
;WIDTH:0.4717
G1 X-73.831 Y34.692 E9.16173
;WIDTH:0.45
G1 X-73.831 Y-40.499 E12.77816
;WIDTH:0.495962
G1 X-73.808 Y-40.935 E12.80166
;WIDTH:0.541925
G1 X-73.785 Y-41.37 E12.82761
G1 X-73.785 Y-41.937 E12.86138
;WIDTH:0.590806
G1 X-73.738 Y-42.446 E12.89494
;WIDTH:0.60879
G1 X-73.618 Y-42.883 E12.92571
;WIDTH:0.635329
G1 X-73.393 Y-43.322 E12.96084
G1 X-73.058 Y-43.72 E12.99789
;WIDTH:0.634353
G1 X-72.727 Y-43.983 E13.02794
;WIDTH:0.63111
G1 X-72.207 Y-44.235 E13.06879
;WIDTH:0.605358
G1 X-71.823 Y-44.326 E13.09542
;WIDTH:0.577582
G1 X-71.131 Y-44.367 E13.13979
;WIDTH:0.55679
G1 X-70.566 Y-44.356 E13.1745
G1 X-70.389 Y-44.373 E13.18542
;WIDTH:0.521193
G1 X-70.212 Y-44.391 E13.19556
;WIDTH:0.485596
G1 X-70.035 Y-44.409 E13.20491
;WIDTH:0.45
G1 X64.193 Y-44.409 E19.66081
;WIDTH:0.492007
G1 X64.531 Y-44.388 E19.67887
;WIDTH:0.534014
G1 X64.869 Y-44.367 E19.69871
;WIDTH:0.555259
G1 X65.452 Y-44.353 E19.73441
;WIDTH:0.580308
G1 X65.754 Y-44.294 E19.75421
;WIDTH:0.605357
G1 X66.056 Y-44.235 E19.77497
;WIDTH:0.63045
G1 X66.619 Y-43.955 E19.81936
;WIDTH:0.642742
G1 X67.04 Y-43.581 E19.85998
G1 X67.308 Y-43.212 E19.89288
;WIDTH:0.624606
G1 X67.515 Y-42.747 E19.92845
;WIDTH:0.609206
G1 X67.574 Y-42.342 E19.95626
;WIDTH:0.580481
G1 X67.634 Y-41.937 E19.98261
;WIDTH:0.541923
G1 X67.65 Y-41.066 E20.0345
;WIDTH:0.510197
G1 X67.665 Y-40.782 E20.05031
;WIDTH:0.480098
G1 X67.68 Y-40.499 E20.065
;WIDTH:0.45
G1 X67.68 Y34.692 E23.68143
;WIDTH:0.495961
G1 X67.657 Y35.127 E23.70488
;WIDTH:0.541923
G1 X67.634 Y35.563 E23.73088
G1 X67.634 Y36.13 E23.76465
;WIDTH:0.590803
G1 X67.582 Y36.676 E23.80066
;WIDTH:0.615502
G1 X67.51 Y36.896 E23.81657
G1 X67.951 Y37.088 F7200
;TYPE:External perimeter
;WIDTH:0.45
G1 F1800
G1 X67.94 Y37.14 E23.81913
G1 X67.735 Y37.611 E23.84384
G1 X67.453 Y38.031 E23.86817
G1 X67.11 Y38.375 E23.89153
G1 X66.569 Y38.722 E23.92244
G1 X66.1 Y38.895 E23.94648
G1 X65.416 Y38.987 E23.97967
G1 X-71.224 Y38.987 E30.55158
G1 X-71.84 Y38.968 E30.58122
G1 X-72.369 Y38.862 E30.60717
G1 X-73.003 Y38.568 E30.64078
G1 X-73.396 Y38.25 E30.66509
G1 X-73.764 Y37.818 E30.69238
G1 X-73.996 Y37.393 E30.71567
G1 X-74.178 Y36.772 E30.74679
G1 X-74.217 Y36.338 E30.76775
G1 X-74.217 Y-41.937 E34.53251
G1 X-74.193 Y-42.478 E34.55856
G1 X-74.091 Y-42.947 E34.58164
G1 X-73.875 Y-43.439 E34.60748
G1 X-73.532 Y-43.922 E34.63597
G1 X-73.055 Y-44.336 E34.66635
G1 X-72.622 Y-44.574 E34.69011
G1 X-72.13 Y-44.728 E34.71491
G1 X-71.568 Y-44.795 E34.74213
G1 X65.245 Y-44.795 E41.32236
G1 X65.75 Y-44.771 E41.34668
G1 X66.218 Y-44.669 E41.36972
G1 X66.852 Y-44.375 E41.40333
G1 X67.245 Y-44.058 E41.42761
G1 X67.613 Y-43.625 E41.45494
G1 X67.845 Y-43.201 E41.47819
G1 X68.027 Y-42.58 E41.50931
G1 X68.065 Y-42.121 E41.53146
G1 X68.065 Y36.13 E45.29506
G1 X68.042 Y36.671 E45.3211
G1 X67.964 Y37.03 E45.33877
G1 X67.822 Y37.404 F7200
G1 E43.33877 F2400
G92 E0
G1 Z2.65 F7200
G1 X-65.826 Y-43.734
G1 Z.65
G1 E2 F2400
;TYPE:Solid infill
G1 F1500
G1 X-68.219 Y-41.342 E2.16273
G1 X-68.215 Y-41.929 E2.19096
G1 X-68.293 Y-42.374 E2.21269
G1 X-68.481 Y-42.89 E2.2391
G1 X-68.707 Y-43.282 E2.26086
G1 X-69.087 Y-43.734 E2.28926
G1 X-66.019 Y-43.734 E2.43682
G1 X-66.757 Y-43.349 F7200
G1 F1500
G1 X-67.874 Y-42.232 E2.5128
G1 X-68.05 Y-42.832 E2.54287
G1 X-68.297 Y-43.349 E2.57043
G1 X-66.95 Y-43.349 E2.63522
G1 E.63522 F2400
G92 E0
G1 Z2.65 F7200
G1 X-73.156 Y-39.683
G1 Z.65
G1 E2 F2400
G1 F1500
G1 X-72.744 Y-39.314 E2.0266
G1 X-72.268 Y-39.039 E2.05304
G1 X-71.843 Y-38.884 E2.0748
G1 X-71.268 Y-38.786 E2.10285
G1 X-70.755 Y-38.805 E2.12754
G1 X-73.156 Y-36.404 E2.29085
G1 X-73.156 Y-39.49 E2.43928
G1 X-72.77 Y-38.884 E2.47384
G1 X-72.461 Y-38.705 E2.49102
G1 X-72.007 Y-38.53 E2.51442
G1 X-71.648 Y-38.458 E2.53203
G1 X-72.77 Y-37.335 E2.60838
G1 X-72.77 Y-38.691 E2.6736
G1 E.6736 F2400
G92 E0
G1 Z2.65 F7200
G1 X-70.055 Y-38.961
G1 Z.65
G1 E2 F2400
G1 F1500
G1 X-73.156 Y-35.859 E2.21096
G1 E.21096 F2400
G92 E0
G1 Z2.65 F7200
G1 X-69.782 Y-39.16
G1 Z.65
G1 E2 F2400
;WIDTH:0.404381
G1 F1500
G1 X-69.295 Y-39.544 E2.0263
G1 X-68.781 Y-40.093 E2.05819
G1 X-68.609 Y-40.322 E2.07034
;WIDTH:0.45
G1 X-68.42 Y-40.595 E2.08631
G1 X-65.281 Y-43.734 E2.29982
G1 X-65.103 Y-43.869 E2.31056
;WIDTH:0.404381
G1 X-65.144 Y-43.858 E2.31236
G1 X-65.163 Y-43.929 E2.31548
G1 X-65.092 Y-43.91 E2.3186
;WIDTH:0.45
G1 X-64.736 Y-43.734 E2.3377
G1 X-73.156 Y-35.314 E2.91042
G1 X-73.156 Y-34.768 E2.93668
G1 X-64.19 Y-43.734 E3.54654
G1 X-63.645 Y-43.734 E3.57275
G1 X-73.156 Y-34.223 E4.21968
G1 X-73.156 Y-33.678 E4.24589
G1 X-63.1 Y-43.734 E4.92989
G1 X-62.554 Y-43.734 E4.95615
G1 X-73.156 Y-33.132 E5.67728
G1 X-73.156 Y-32.587 E5.70349
G1 X-62.009 Y-43.734 E6.4617
G1 X-61.464 Y-43.734 E6.48791
G1 X-73.156 Y-32.042 E7.28319
G1 X-73.156 Y-31.496 E7.30945
G1 X-60.918 Y-43.734 E8.14186
G1 X-60.373 Y-43.734 E8.16807
G1 X-73.156 Y-30.951 E9.03755
G1 X-73.156 Y-30.406 E9.06376
G1 X-59.828 Y-43.734 E9.97031
G1 X-59.282 Y-43.734 E9.99657
G1 X-73.156 Y-29.86 E10.94026
G1 X-73.156 Y-29.315 E10.96647
G1 X-58.737 Y-43.734 E11.94723
G1 X-58.192 Y-43.734 E11.97344
G1 X-73.156 Y-28.77 E12.99127
G1 X-73.156 Y-28.224 E13.01753
G1 X-57.646 Y-43.734 E14.0725
G1 X-57.101 Y-43.734 E14.09871
G1 X-73.156 Y-27.679 E15.19075
G1 X-73.156 Y-27.134 E15.21696
G1 X-56.555 Y-43.734 E16.34611
G1 X-56.01 Y-43.734 E16.37232
G1 X-73.156 Y-26.588 E17.53857
G1 X-73.156 Y-26.043 E17.56478
G1 X-55.465 Y-43.734 E18.7681
G1 X-54.919 Y-43.734 E18.79436
G1 X-73.156 Y-25.498 E20.03478
G1 X-73.156 Y-24.952 E20.06104
G1 X-54.374 Y-43.734 E21.33857
G1 X-53.829 Y-43.734 E21.36478
G1 X-73.156 Y-24.407 E22.67938
G1 X-73.156 Y-23.861 E22.70564
G1 X-53.283 Y-43.734 E24.05738
G1 X-52.738 Y-43.734 E24.08359
G1 X-73.156 Y-23.316 E25.4724
G1 X-73.156 Y-22.771 E25.49861
G1 X-52.193 Y-43.734 E26.92449
G1 X-51.647 Y-43.734 E26.95075
G1 X-73.156 Y-22.225 E28.41377
G1 X-73.156 Y-21.68 E28.43998
G1 X-51.102 Y-43.734 E29.94007
G1 X-50.557 Y-43.734 E29.96628
G1 X-73.156 Y-21.135 E31.50344
G1 X-73.156 Y-20.589 E31.5297
G1 X-50.011 Y-43.734 E33.10399
G1 X-49.466 Y-43.734 E33.1302
G1 X-73.156 Y-20.044 E34.74156
G1 X-73.156 Y-19.499 E34.76777
G1 X-48.921 Y-43.734 E36.4162
G1 X-48.375 Y-43.734 E36.44246
G1 X-73.156 Y-18.953 E38.12803
G1 X-73.228 Y-18.692 E38.14105
;WIDTH:0.404381
G1 X-73.299 Y-18.711 E38.14417
G1 X-73.28 Y-18.64 E38.14729
G1 X-73.239 Y-18.651 E38.14909
G1 E36.14909 F2400
G92 E0
G1 Z2.65 F7200
G1 X-57.181 Y-34.383
G1 Z.65
G1 E2 F2400
;WIDTH:0.45
G1 F1500
G1 X-47.83 Y-43.734 E2.63604
G1 X-47.285 Y-43.734 E2.66225
G1 X-56.58 Y-34.439 E3.29448
G1 X-56.034 Y-34.439 E3.32074
G1 X-46.739 Y-43.734 E3.95297
G1 X-46.194 Y-43.734 E3.97918
G1 X-55.489 Y-34.439 E4.61141
G1 X-54.944 Y-34.439 E4.63762
G1 X-45.649 Y-43.734 E5.26985
G1 X-45.103 Y-43.734 E5.29611
G1 X-54.398 Y-34.439 E5.92834
G1 X-53.853 Y-34.439 E5.95455
G1 X-44.558 Y-43.734 E6.58678
G1 X-44.013 Y-43.734 E6.61299
G1 X-53.308 Y-34.439 E7.24522
G1 X-52.762 Y-34.439 E7.27148
G1 X-43.467 Y-43.734 E7.90371
G1 X-42.922 Y-43.734 E7.92992
G1 X-52.298 Y-34.358 E8.56766
G1 X-51.948 Y-34.163 E8.58693
G1 X-42.376 Y-43.734 E9.23797
G1 X-41.831 Y-43.734 E9.26418
G1 X-51.719 Y-33.847 E9.93672
G1 X-51.537 Y-33.483 E9.95629
G1 X-41.286 Y-43.734 E10.65355
G1 X-40.74 Y-43.734 E10.67981
G1 X-50.04 Y-34.435 E11.31235
G1 X-50.272 Y-34.307 E11.32509
;WIDTH:0.404381
G1 X-50.343 Y-34.326 E11.32821
G1 X-50.324 Y-34.254 E11.33137
G1 X-50.282 Y-34.265 E11.33321
G1 X-49.49 Y-34.439 F7200
;WIDTH:0.45
G1 F1500
G1 X-40.195 Y-43.734 E11.96544
G1 X-39.65 Y-43.734 E11.99165
G1 X-48.945 Y-34.439 E12.62388
G1 X-48.399 Y-34.439 E12.65014
G1 X-39.104 Y-43.734 E13.28237
G1 X-38.559 Y-43.734 E13.30858
G1 X-47.854 Y-34.439 E13.94081
G1 X-47.309 Y-34.439 E13.96702
G1 X-38.014 Y-43.734 E14.59925
G1 X-37.468 Y-43.734 E14.62551
G1 X-46.763 Y-34.439 E15.25774
G1 X-46.218 Y-34.439 E15.28395
G1 X-36.923 Y-43.734 E15.91618
G1 X-36.378 Y-43.734 E15.94239
G1 X-45.695 Y-34.417 E16.57612
G1 X-45.287 Y-34.279 E16.59684
G1 X-35.832 Y-43.734 E17.23996
G1 X-35.287 Y-43.734 E17.26617
G1 X-44.985 Y-34.036 E17.92582
G1 X-43.834 Y-34.173 F7200
;WIDTH:0.404381
G1 F1500
G1 X-44.695 Y-33.328 E17.97698
;WIDTH:0.45
G1 X-44.803 Y-33.672 E17.99432
G1 X-34.742 Y-43.734 E18.67869
G1 X-34.196 Y-43.734 E18.70495
G1 X-43.561 Y-34.37 E19.34191
G1 X-42.946 Y-34.439 E19.37167
G1 X-33.651 Y-43.734 E20.0039
G1 X-33.106 Y-43.734 E20.03011
G1 X-42.401 Y-34.439 E20.66234
G1 X-41.855 Y-34.439 E20.6886
G1 X-32.56 Y-43.734 E21.32083
G1 X-32.015 Y-43.734 E21.34704
G1 X-41.31 Y-34.439 E21.97927
G1 X-40.765 Y-34.439 E22.00548
G1 X-31.47 Y-43.734 E22.63771
G1 X-30.924 Y-43.734 E22.66397
G1 X-40.219 Y-34.439 E23.2962
G1 X-39.674 Y-34.439 E23.32241
G1 X-30.379 Y-43.734 E23.95464
G1 X-29.833 Y-43.734 E23.9809
G1 X-39.129 Y-34.439 E24.61317
G1 X-38.659 Y-34.364 E24.63606
G1 X-29.288 Y-43.734 E25.27343
G1 X-28.743 Y-43.734 E25.29964
G1 X-38.304 Y-34.173 E25.94997
G1 X-38.07 Y-33.862 E25.96869
G1 X-28.197 Y-43.734 E26.64021
G1 X-27.652 Y-43.734 E26.66642
G1 X-37.888 Y-33.498 E27.36266
G1 X-36.651 Y-34.261 F7200
;WIDTH:0.404381
G1 F1500
G1 X-36.692 Y-34.25 E27.36446
G1 X-36.711 Y-34.321 E27.36758
G1 X-36.64 Y-34.302 E27.3707
;WIDTH:0.45
G1 X-36.408 Y-34.433 E27.38351
G1 X-27.107 Y-43.734 E28.01615
G1 X-26.561 Y-43.734 E28.04241
G1 X-35.856 Y-34.439 E28.67464
G1 X-35.311 Y-34.439 E28.70085
G1 X-26.016 Y-43.734 E29.33308
G1 X-25.471 Y-43.734 E29.35929
G1 X-34.766 Y-34.439 E29.99152
G1 X-34.22 Y-34.439 E30.01778
G1 X-24.925 Y-43.734 E30.65001
G1 X-24.38 Y-43.734 E30.67622
G1 X-33.675 Y-34.439 E31.30845
G1 X-33.13 Y-34.439 E31.33466
G1 X-23.835 Y-43.734 E31.96689
G1 X-23.289 Y-43.734 E31.99315
G1 X-32.584 Y-34.439 E32.62538
G1 X-32.059 Y-34.419 E32.65065
G1 X-22.744 Y-43.734 E33.28424
G1 X-22.199 Y-43.734 E33.31045
G1 X-31.645 Y-34.288 E33.95296
G1 X-31.336 Y-34.051 E33.97169
G1 X-21.653 Y-43.734 E34.63032
G1 X-21.108 Y-43.734 E34.65653
G1 X-31.154 Y-33.688 E35.33985
G1 X-31.036 Y-33.342 E35.35743
;WIDTH:0.404381
G1 X-30.221 Y-34.145 E35.40595
;WIDTH:0.45
G1 X-29.948 Y-34.349 E35.42234
G1 X-20.563 Y-43.734 E36.0607
G1 X-20.017 Y-43.734 E36.08696
G1 X-29.312 Y-34.439 E36.71919
G1 X-28.767 Y-34.439 E36.7454
G1 X-19.472 Y-43.734 E37.37763
G1 X-18.927 Y-43.734 E37.40384
G1 X-28.222 Y-34.439 E38.03607
G1 X-27.676 Y-34.439 E38.06233
G1 X-18.381 Y-43.734 E38.69456
G1 X-17.836 Y-43.734 E38.72077
G1 X-27.131 Y-34.439 E39.353
G1 X-26.586 Y-34.439 E39.37921
G1 X-17.29 Y-43.734 E40.01148
G1 X-16.745 Y-43.734 E40.03769
G1 X-26.04 Y-34.439 E40.66992
G1 X-25.495 Y-34.439 E40.69613
G1 X-16.2 Y-43.734 E41.32836
G1 X-15.654 Y-43.734 E41.35462
G1 X-25.019 Y-34.37 E41.99158
G1 X-24.66 Y-34.183 E42.01105
G1 X-15.109 Y-43.734 E42.6607
G1 X-14.564 Y-43.734 E42.68691
G1 X-24.421 Y-33.877 E43.35737
G1 X-24.239 Y-33.514 E43.3769
G1 X-14.018 Y-43.734 E44.07209
G1 X-13.473 Y-43.734 E44.0983
G1 X-22.777 Y-34.43 E44.73115
G1 X-23.05 Y-34.283 E44.74606
;WIDTH:0.404381
G1 X-23.353 Y-34.056 E44.76212
G1 X-22.223 Y-34.439 F7200
;WIDTH:0.45
G1 F1500
G1 X-12.928 Y-43.734 E45.39435
G1 X-12.382 Y-43.734 E45.42061
G1 X-21.677 Y-34.439 E46.05284
G1 X-21.132 Y-34.439 E46.07905
G1 X-11.837 Y-43.734 E46.71128
G1 X-11.292 Y-43.734 E46.73749
G1 X-20.587 Y-34.439 E47.36972
G1 X-20.041 Y-34.439 E47.39598
G1 X-10.746 Y-43.734 E48.02821
G1 X-10.201 Y-43.734 E48.05442
G1 X-19.496 Y-34.439 E48.68665
G1 X-18.951 Y-34.439 E48.71286
G1 X-9.656 Y-43.734 E49.34509
G1 X-9.11 Y-43.734 E49.37135
G1 X-18.423 Y-34.421 E50.00481
G1 X-18.003 Y-34.296 E50.02589
G1 X-8.565 Y-43.734 E50.66785
G1 X-8.02 Y-43.734 E50.69406
G1 X-17.687 Y-34.066 E51.35163
G1 X-16.608 Y-34.116 F7200
;WIDTH:0.404381
G1 F1500
G1 X-17.377 Y-33.356 E51.39748
;WIDTH:0.45
G1 X-17.505 Y-33.703 E51.41527
G1 X-7.474 Y-43.734 E52.09757
G1 X-6.929 Y-43.734 E52.12378
G1 X-16.335 Y-34.328 E52.76356
G1 X-15.679 Y-34.439 E52.79556
G1 X-6.384 Y-43.734 E53.42779
G1 X-5.838 Y-43.734 E53.45405
G1 X-15.133 Y-34.439 E54.08628
G1 X-14.588 Y-34.439 E54.11249
G1 X-5.293 Y-43.734 E54.74472
G1 X-4.747 Y-43.734 E54.77098
G1 X-14.043 Y-34.439 E55.40325
G1 X-13.497 Y-34.439 E55.42951
G1 X-4.202 Y-43.734 E56.06174
G1 X-3.657 Y-43.734 E56.08795
G1 X-12.952 Y-34.439 E56.72018
G1 X-12.407 Y-34.439 E56.74639
G1 X-3.111 Y-43.734 E57.37866
G1 X-2.566 Y-43.734 E57.40487
G1 X-11.861 Y-34.439 E58.0371
G1 X-11.379 Y-34.376 E58.06048
G1 X-2.021 Y-43.734 E58.697
G1 X-1.475 Y-43.734 E58.72326
G1 X-11.016 Y-34.194 E59.37219
G1 X-10.771 Y-33.893 E59.39086
G1 X-.93 Y-43.734 E60.06023
G1 X-.385 Y-43.734 E60.08644
G1 X-10.59 Y-33.529 E60.78057
G1 X-10.571 Y-33.206 E60.79613
;WIDTH:0.404381
G1 X-9.805 Y-33.968 E60.84195
G1 X-9.418 Y-34.276 E60.86292
;WIDTH:0.45
G1 X-9.145 Y-34.428 E60.87795
G1 X.161 Y-43.734 E61.51093
G1 X.706 Y-43.734 E61.53714
G1 X-8.589 Y-34.439 E62.16937
G1 X-8.044 Y-34.439 E62.19558
G1 X1.251 Y-43.734 E62.82781
G1 X1.797 Y-43.734 E62.85407
G1 X-7.498 Y-34.439 E63.4863
G1 X-6.953 Y-34.439 E63.51251
G1 X2.342 Y-43.734 E64.14474
G1 X2.887 Y-43.734 E64.17095
G1 X-6.408 Y-34.439 E64.80318
G1 X-5.862 Y-34.439 E64.82944
G1 X3.433 Y-43.734 E65.46167
G1 X3.978 Y-43.734 E65.48788
G1 X-5.317 Y-34.439 E66.12011
G1 X-4.787 Y-34.424 E66.14561
G1 X4.523 Y-43.734 E66.77886
G1 X5.069 Y-43.734 E66.80512
G1 X-4.361 Y-34.304 E67.44654
G1 X-4.043 Y-34.077 E67.46533
G1 X5.614 Y-43.734 E68.12219
G1 X6.159 Y-43.734 E68.1484
G1 X-3.856 Y-33.719 E68.82961
G1 X-3.718 Y-33.37 E68.84766
;WIDTH:0.404381
G1 X-2.994 Y-34.088 E68.8909
;WIDTH:0.45
G1 X-2.722 Y-34.308 E68.90773
G1 X6.705 Y-43.734 E69.54891
G1 X7.25 Y-43.734 E69.57512
G1 X-2.045 Y-34.439 E70.20735
G1 X-1.5 Y-34.439 E70.23356
G1 X7.796 Y-43.734 E70.86583
G1 X8.341 Y-43.734 E70.89204
G1 X-.954 Y-34.439 E71.52427
G1 X-.409 Y-34.439 E71.55048
G1 X8.886 Y-43.734 E72.18271
G1 X9.432 Y-43.734 E72.20897
G1 X.136 Y-34.439 E72.84124
G1 X.682 Y-34.439 E72.8675
G1 X9.977 Y-43.734 E73.49973
G1 X10.522 Y-43.734 E73.52594
G1 X1.227 Y-34.439 E74.15817
G1 X1.772 Y-34.439 E74.18438
G1 X11.068 Y-43.734 E74.81665
G1 X11.613 Y-43.734 E74.84286
G1 X2.261 Y-34.382 E75.47897
G1 X2.628 Y-34.204 E75.49859
G1 X12.158 Y-43.734 E76.14681
G1 X12.704 Y-43.734 E76.17307
G1 X2.878 Y-33.908 E76.84142
G1 X4.213 Y-34.268 F7200
;WIDTH:0.404381
G1 F1500
G1 X3.846 Y-33.974 E76.86136
G1 X3.087 Y-33.218 E76.90679
;WIDTH:0.45
G1 X3.06 Y-33.545 E76.92257
G1 X13.249 Y-43.734 E77.61561
G1 X13.794 Y-43.734 E77.64182
G1 X4.486 Y-34.426 E78.27494
G1 X5.045 Y-34.439 E78.30183
G1 X14.34 Y-43.734 E78.93406
G1 X14.885 Y-43.734 E78.96027
G1 X5.59 Y-34.439 E79.5925
G1 X6.135 Y-34.439 E79.61871
G1 X15.43 Y-43.734 E80.25094
G1 X15.976 Y-43.734 E80.2772
G1 X6.681 Y-34.439 E80.90943
G1 X7.226 Y-34.439 E80.93564
G1 X16.521 Y-43.734 E81.56787
G1 X17.066 Y-43.734 E81.59408
G1 X7.771 Y-34.439 E82.22631
G1 X8.317 Y-34.439 E82.25257
G1 X17.612 Y-43.734 E82.8848
G1 X18.157 Y-43.734 E82.91101
G1 X8.849 Y-34.426 E83.54413
G1 X9.281 Y-34.313 E83.56561
G1 X18.702 Y-43.734 E84.20641
G1 X19.248 Y-43.734 E84.23267
G1 X9.601 Y-34.087 E84.88885
G1 X10.619 Y-34.06 F7200
;WIDTH:0.404381
G1 F1500
G1 X9.941 Y-33.383 E84.92948
;WIDTH:0.45
G1 X9.793 Y-33.734 E84.9478
G1 X19.793 Y-43.734 E85.62799
G1 X20.339 Y-43.734 E85.65425
G1 X10.891 Y-34.287 E86.29686
G1 X11.589 Y-34.439 E86.33122
G1 X20.884 Y-43.734 E86.96345
G1 X21.429 Y-43.734 E86.98966
G1 X12.134 Y-34.439 E87.62189
G1 X12.679 Y-34.439 E87.6481
G1 X21.975 Y-43.734 E88.28037
G1 X22.52 Y-43.734 E88.30658
G1 X13.225 Y-34.439 E88.93881
G1 X13.77 Y-34.439 E88.96502
G1 X23.065 Y-43.734 E89.59725
G1 X23.611 Y-43.734 E89.62351
G1 X14.315 Y-34.439 E90.25578
G1 X14.861 Y-34.439 E90.28204
G1 X24.156 Y-43.734 E90.91427
G1 X24.701 Y-43.734 E90.94048
G1 X15.406 Y-34.439 E91.57271
G1 X15.9 Y-34.388 E91.5966
G1 X25.247 Y-43.734 E92.23234
G1 X25.792 Y-43.734 E92.25855
G1 X16.272 Y-34.214 E92.90609
G1 X16.527 Y-33.924 E92.92466
G1 X26.337 Y-43.734 E93.59192
G1 X26.883 Y-43.734 E93.61818
G1 X16.709 Y-33.56 E94.3102
G1 X16.746 Y-33.23 E94.32617
;WIDTH:0.404381
G1 X17.497 Y-33.98 E94.37118
G1 X17.845 Y-34.26 E94.39012
;WIDTH:0.45
G1 X18.118 Y-34.424 E94.40544
G1 X27.428 Y-43.734 E95.03869
G1 X27.973 Y-43.734 E95.0649
G1 X18.678 Y-34.439 E95.69713
G1 X19.224 Y-34.439 E95.72339
G1 X28.519 Y-43.734 E96.35562
G1 X29.064 Y-43.734 E96.38183
G1 X19.769 Y-34.439 E97.01406
G1 X20.314 Y-34.439 E97.04027
G1 X29.609 Y-43.734 E97.6725
G1 X30.155 Y-43.734 E97.69876
G1 X20.86 Y-34.439 E98.33099
G1 X21.405 Y-34.439 E98.3572
G1 X30.7 Y-43.734 E98.98943
G1 X31.245 Y-43.734 E99.01564
G1 X21.95 Y-34.439 E99.64787
G1 X22.485 Y-34.429 E99.67361
G1 X31.791 Y-43.734 E100.30656
G1 X32.336 Y-43.734 E100.33277
G1 X22.922 Y-34.32 E100.9731
G1 X23.245 Y-34.098 E100.99195
G1 X32.882 Y-43.734 E101.64741
G1 X33.427 Y-43.734 E101.67362
G1 X23.442 Y-33.75 E102.35275
G1 X23.6 Y-33.397 E102.37135
;WIDTH:0.404381
G1 X24.235 Y-34.032 E102.40943
;WIDTH:0.45
G1 X24.508 Y-34.27 E102.42685
G1 X33.972 Y-43.734 E103.07058
G1 X34.518 Y-43.734 E103.09684
G1 X25.215 Y-34.432 E103.72958
G1 X25.761 Y-34.433 E103.75584
G1 X35.063 Y-43.734 E104.38852
G1 X35.608 Y-43.734 E104.41473
G1 X26.308 Y-34.434 E105.0473
G1 X26.854 Y-34.435 E105.07356
G1 X36.154 Y-43.734 E105.7061
G1 X36.699 Y-43.734 E105.73231
G1 X27.401 Y-34.436 E106.36475
G1 X27.947 Y-34.437 E106.39101
G1 X37.244 Y-43.734 E107.02338
G1 X37.79 Y-43.734 E107.04964
G1 X28.493 Y-34.438 E107.68198
G1 X29.04 Y-34.439 E107.70829
G1 X38.335 Y-43.734 E108.34052
G1 X38.88 Y-43.734 E108.36673
G1 X29.54 Y-34.394 E109.00203
G1 X29.916 Y-34.225 E109.02186
G1 X39.426 Y-43.734 E109.66868
G1 X39.971 Y-43.734 E109.69489
G1 X30.176 Y-33.939 E110.36113
G1 X31.614 Y-34.235 F7200
;WIDTH:0.404381
G1 F1500
G1 X31.476 Y-34.253 E110.36703
G1 X31.148 Y-33.986 E110.38497
G1 X30.405 Y-33.243 E110.42953
;WIDTH:0.45
G1 X30.358 Y-33.576 E110.4457
G1 X40.516 Y-43.734 E111.13663
G1 X41.062 Y-43.734 E111.16289
G1 X31.749 Y-34.421 E111.79635
G1 X32.312 Y-34.439 E111.82344
G1 X41.607 Y-43.734 E112.45567
G1 X42.152 Y-43.734 E112.48188
G1 X32.857 Y-34.439 E113.11411
G1 X33.403 Y-34.439 E113.14037
G1 X42.698 Y-43.734 E113.7726
G1 X43.243 Y-43.734 E113.79881
G1 X33.948 Y-34.439 E114.43104
G1 X34.493 Y-34.439 E114.45725
G1 X43.788 Y-43.734 E115.08948
G1 X44.334 Y-43.734 E115.11574
G1 X35.039 Y-34.439 E115.74797
G1 X35.584 Y-34.439 E115.77418
G1 X44.879 Y-43.734 E116.40641
G1 X45.425 Y-43.734 E116.43267
G1 X36.12 Y-34.43 E117.06555
G1 X36.555 Y-34.32 E117.08713
G1 X45.97 Y-43.734 E117.72749
G1 X46.515 Y-43.734 E117.7537
G1 X36.888 Y-34.106 E118.40855
G1 X37.132 Y-33.806 E118.42715
G1 X47.061 Y-43.734 E119.10247
G1 X47.606 Y-43.734 E119.12868
G1 X37.278 Y-33.406 E119.83118
G1 X37.061 Y-32.506 F7200
;WIDTH:0.404381
G1 F1500
G1 X37.02 Y-32.495 E119.83298
G1 X37 Y-32.566 E119.83611
G1 X37.072 Y-32.547 E119.83927
;WIDTH:0.45
G1 X37.245 Y-32.828 E119.85514
G1 X48.151 Y-43.734 E120.59695
G1 X48.697 Y-43.734 E120.62321
G1 X37.46 Y-32.498 E121.3875
G1 X37.793 Y-32.285 E121.40651
G1 X49.242 Y-43.734 E122.18526
G1 X49.787 Y-43.734 E122.21147
G1 X38.038 Y-31.985 E123.01062
G1 X38.189 Y-31.59 E123.03096
G1 X50.333 Y-43.734 E123.85698
G1 X50.878 Y-43.734 E123.88319
G1 X38.21 Y-31.066 E124.74485
G1 X38.21 Y-30.521 E124.77106
G1 X51.423 Y-43.734 E125.66979
G1 X51.969 Y-43.734 E125.69605
G1 X38.21 Y-29.975 E126.63192
G1 X38.21 Y-29.43 E126.65813
G1 X52.514 Y-43.734 E127.63107
G1 X53.059 Y-43.734 E127.65728
G1 X38.21 Y-28.885 E128.66729
G1 X38.21 Y-28.339 E128.69355
G1 X53.605 Y-43.734 E129.7407
G1 X54.15 Y-43.734 E129.76691
G1 X38.21 Y-27.794 E130.85113
G1 X38.112 Y-26.985 F7200
;WIDTH:0.404381
G1 F1500
G1 X38.04 Y-27.004 E130.85429
G1 X38.06 Y-26.933 E130.85742
G1 X38.101 Y-26.944 E130.85922
;WIDTH:0.45
G1 X38.208 Y-27.247 E130.87468
G1 X54.695 Y-43.734 E131.99611
G1 X55.241 Y-43.734 E132.02237
G1 X37.233 Y-25.727 E133.24722
G1 X37.597 Y-25.545 E133.26679
G1 X55.786 Y-43.734 E134.50398
G1 X56.331 Y-43.734 E134.53019
G1 X37.919 Y-25.322 E135.78255
G1 X38.121 Y-24.978 E135.80174
G1 X56.877 Y-43.734 E137.0775
G1 X57.422 Y-43.734 E137.10371
G1 X38.209 Y-24.521 E138.41055
G1 X38.209 Y-23.976 E138.43676
G1 X57.968 Y-43.734 E139.78071
G1 X58.513 Y-43.734 E139.80692
G1 X38.21 Y-23.431 E141.1879
G1 X38.21 Y-22.886 E141.21411
G1 X59.058 Y-43.734 E142.63217
G1 X59.604 Y-43.734 E142.65843
G1 X38.21 Y-22.34 E144.11362
G1 X38.21 Y-21.795 E144.13983
G1 X60.149 Y-43.734 E145.63209
G1 X60.694 Y-43.734 E145.6583
G1 X38.21 Y-21.25 E147.18763
G1 X38.21 Y-20.704 E147.21389
G1 X61.24 Y-43.734 E148.78036
G1 X61.785 Y-43.734 E148.80657
G1 X38.158 Y-20.107 E150.41365
G1 X37.974 Y-20.007 E150.42372
;WIDTH:0.404381
G1 X37.968 Y-19.798 E150.43259
G1 X37.067 Y-18.897 E150.48662
;WIDTH:0.45
G1 X37.407 Y-18.811 E150.50349
G1 X62.33 Y-43.734 E152.19872
G1 X62.876 Y-43.734 E152.22498
G1 X37.771 Y-18.63 E153.93256
G1 X38.031 Y-18.344 E153.95115
G1 X62.189 Y-42.502 E155.59435
G1 X62.363 Y-42.565 E155.60325
;WIDTH:0.404381
G1 X62.363 Y-42.775 E155.61216
G1 X62.064 Y-41.832 F7200
;WIDTH:0.45
G1 F1500
G1 X38.183 Y-17.951 E157.23652
G1 X38.21 Y-17.432 E157.26152
G1 X62.071 Y-41.293 E158.88452
G1 X62.18 Y-40.857 E158.90614
G1 X38.21 Y-16.887 E160.53655
G1 X38.21 Y-16.342 E160.56276
G1 X62.319 Y-40.451 E162.20262
G1 X62.505 Y-40.091 E162.22211
G1 X38.21 Y-15.796 E163.87463
G1 X38.21 Y-15.251 E163.90084
G1 X62.754 Y-39.795 E165.57029
G1 X63.008 Y-39.503 E165.5889
G1 X38.21 Y-14.706 E167.2756
G1 X38.21 Y-14.16 E167.30186
G1 X63.324 Y-39.274 E169.01008
G1 X63.67 Y-39.075 E169.02928
G1 X38.21 Y-13.615 E170.76104
G1 X38.105 Y-13.312 E170.77646
;WIDTH:0.404381
G1 X38.064 Y-13.301 E170.77826
G1 X38.045 Y-13.372 E170.78138
G1 X38.116 Y-13.353 E170.7845
G1 X37.218 Y-12.078 F7200
;WIDTH:0.45
G1 F1500
G1 X64.053 Y-38.912 E172.60975
G1 X64.51 Y-38.825 E172.63212
G1 X37.581 Y-11.896 E174.4638
G1 X37.91 Y-11.679 E174.48276
G1 X65.017 Y-38.786 E176.32654
G1 X65.654 Y-38.877 E176.35749
G1 X38.119 Y-11.342 E178.23039
G1 X38.21 Y-10.888 E178.25266
G1 X67.074 Y-39.759 E180.21619
;WIDTH:0.404381
G1 X67.033 Y-39.748 E180.21799
G1 X67.014 Y-39.819 E180.22111
G1 X67.085 Y-39.8 E180.22423
;WIDTH:0.45
G1 X67.005 Y-39.138 E180.2563
G1 X38.21 Y-10.343 E182.2149
G1 X38.21 Y-9.797 E182.24116
G1 X67.005 Y-38.593 E184.19979
G1 X67.005 Y-38.047 E184.22605
G1 X38.21 Y-9.252 E186.18465
G1 X38.21 Y-8.707 E186.21086
G1 X67.005 Y-37.502 E188.16946
G1 X67.005 Y-36.957 E188.19567
G1 X38.21 Y-8.161 E190.1543
G1 X38.21 Y-7.616 E190.18051
G1 X67.005 Y-36.411 E192.13911
G1 X67.005 Y-35.866 E192.16532
G1 X38.21 Y-7.071 E194.12392
G1 E192.12392 F2400
G92 E0
G1 Z2.65 F7200
G1 X37.054 Y-5.238
G1 Z.65
G1 E2 F2400
;WIDTH:0.404381
G1 F1500
G1 X37.773 Y-5.958 E2.04315
G1 X37.991 Y-6.216 E2.05747
G1 X37.991 Y-6.427 E2.06642
;WIDTH:0.45
G1 X38.173 Y-6.488 E2.07565
G1 X67.005 Y-35.321 E4.0368
G1 X67.005 Y-34.775 E4.06306
G1 X37.392 Y-5.162 E6.0773
G1 X37.756 Y-4.98 E6.09687
G1 X67.005 Y-34.23 E8.08638
G1 X67.005 Y-33.685 E8.11259
G1 X38.023 Y-4.703 E10.08391
G1 X38.181 Y-4.315 E10.10406
G1 X67.005 Y-33.139 E12.06463
G1 X67.005 Y-32.594 E12.09084
G1 X38.21 Y-3.799 E14.04944
G1 X38.21 Y-3.253 E14.0757
G1 X67.005 Y-32.048 E16.0343
G1 X67.005 Y-31.503 E16.06051
G1 X38.21 Y-2.708 E18.01911
G1 X38.21 Y-2.163 E18.04532
G1 X67.005 Y-30.958 E20.00392
G1 X67.005 Y-30.412 E20.03018
G1 X38.21 Y-1.617 E21.98878
G1 X38.21 Y-1.072 E22.01499
G1 X67.005 Y-29.867 E23.97359
G1 X67.005 Y-29.322 E23.9998
G1 X38.21 Y-.527 E25.9584
G1 X38.122 Y.28 F7200
;WIDTH:0.404381
G1 F1500
G1 X38.051 Y.261 E25.96152
G1 X38.07 Y.332 E25.96464
G1 X38.111 Y.321 E25.96644
;WIDTH:0.45
G1 X38.21 Y.019 E25.98173
G1 X67.005 Y-28.776 E27.94033
G1 X67.005 Y-28.231 E27.96654
G1 X50.522 Y-11.748 E29.08769
G1 X50.29 Y-11.57 E29.10175
;WIDTH:0.404381
G1 X50.219 Y-11.589 E29.10487
G1 X50.238 Y-11.518 E29.10799
G1 X50.279 Y-11.529 E29.10979
G1 X51.222 Y-11.902 F7200
;WIDTH:0.45
G1 F1500
G1 X67.005 Y-27.686 E30.18336
G1 X67.005 Y-27.14 E30.20962
G1 X51.804 Y-11.939 E31.24357
G1 X52.349 Y-11.939 E31.26978
G1 X67.005 Y-26.595 E32.26666
G1 X67.005 Y-26.05 E32.29287
G1 X52.894 Y-11.939 E33.25268
G1 X53.44 Y-11.939 E33.27894
G1 X67.005 Y-25.504 E34.20161
G1 X67.005 Y-24.959 E34.22782
G1 X53.985 Y-11.939 E35.11342
G1 X54.53 Y-11.939 E35.13963
G1 X67.005 Y-24.414 E35.98816
G1 X67.005 Y-23.868 E36.01442
G1 X55.076 Y-11.939 E36.82582
G1 X55.621 Y-11.939 E36.85203
G1 X67.005 Y-23.323 E37.62636
G1 X67.005 Y-22.778 E37.65257
G1 X56.167 Y-11.939 E38.38979
G1 X56.712 Y-11.939 E38.416
G1 X67.005 Y-22.232 E39.11612
G1 X67.005 Y-21.687 E39.14233
G1 X57.257 Y-11.939 E39.80538
G1 X57.803 Y-11.939 E39.83164
G1 X67.005 Y-21.142 E40.45758
G1 X67.005 Y-20.596 E40.48384
G1 X58.348 Y-11.939 E41.07268
G1 X58.86 Y-11.906 E41.09736
G1 X67.005 Y-20.051 E41.65137
G1 X67.005 Y-19.505 E41.67763
G1 X59.304 Y-11.805 E42.20141
G1 X59.714 Y-11.669 E42.22219
G1 X67.005 Y-18.96 E42.71811
G1 X67.005 Y-18.415 E42.74432
G1 X60.073 Y-11.483 E43.21583
G1 X60.403 Y-11.268 E43.23477
G1 X67.005 Y-17.869 E43.6838
G1 X67.005 Y-17.324 E43.71001
G1 X60.697 Y-11.016 E44.13907
G1 X60.956 Y-10.73 E44.15763
G1 X67.005 Y-16.779 E44.56908
G1 X67.005 Y-16.233 E44.59534
G1 X61.189 Y-10.418 E44.9909
G1 X61.378 Y-10.061 E45.01033
G1 X67.005 Y-15.688 E45.39307
G1 X67.005 Y-15.143 E45.41928
G1 X61.543 Y-9.68 E45.79083
G1 X61.647 Y-9.239 E45.81262
G1 X67.005 Y-14.597 E46.17706
G1 X67.005 Y-14.052 E46.20327
G1 X61.703 Y-8.75 E46.56391
G1 X61.71 Y-8.212 E46.58979
G1 X67.005 Y-13.507 E46.94995
G1 X67.005 Y-12.961 E46.97621
G1 X61.71 Y-7.666 E47.33637
G1 X61.71 Y-7.121 E47.36258
G1 X67.005 Y-12.416 E47.72274
G1 X67.005 Y-11.871 E47.74895
G1 X61.71 Y-6.576 E48.10911
G1 X61.71 Y-6.03 E48.13537
G1 X67.005 Y-11.325 E48.49553
G1 X67.005 Y-10.78 E48.52174
G1 X61.71 Y-5.485 E48.8819
G1 X61.71 Y-4.939 E48.90816
G1 X67.005 Y-10.235 E49.26835
G1 X67.005 Y-9.689 E49.29461
G1 X61.71 Y-4.394 E49.65477
G1 X61.71 Y-3.849 E49.68098
G1 X67.005 Y-9.144 E50.04114
G1 X67.005 Y-8.599 E50.06735
G1 X61.71 Y-3.303 E50.42754
G1 X61.71 Y-2.758 E50.45375
G1 X67.005 Y-8.053 E50.81391
G1 X67.005 Y-7.508 E50.84012
G1 X61.71 Y-2.213 E51.20028
G1 X61.71 Y-1.667 E51.22654
G1 X67.005 Y-6.962 E51.5867
G1 X67.005 Y-6.417 E51.61291
G1 X61.71 Y-1.122 E51.97307
G1 X61.71 Y-.577 E51.99928
G1 X67.005 Y-5.872 E52.35944
G1 X67.005 Y-5.326 E52.3857
G1 X61.71 Y-.031 E52.74586
G1 X61.71 Y.514 E52.77207
G1 X67.005 Y-4.781 E53.13223
G1 X67.005 Y-4.236 E53.15844
G1 X61.71 Y1.059 E53.5186
G1 X61.71 Y1.605 E53.54486
G1 X67.005 Y-3.69 E53.90502
G1 X67.005 Y-3.145 E53.93123
G1 X61.71 Y2.15 E54.29139
G1 X61.71 Y2.695 E54.3176
G1 X67.005 Y-2.6 E54.67776
G1 X67.005 Y-2.054 E54.70402
G1 X61.71 Y3.241 E55.06418
G1 X61.71 Y3.786 E55.09039
G1 X67.005 Y-1.509 E55.45055
G1 X67.005 Y-.964 E55.47676
G1 X61.71 Y4.331 E55.83692
G1 X61.71 Y4.877 E55.86318
G1 X67.005 Y-.418 E56.22334
G1 X67.005 Y.127 E56.24955
G1 X61.71 Y5.422 E56.60971
G1 X61.71 Y5.967 E56.63592
G1 X67.005 Y.672 E56.99608
G1 X67.005 Y1.218 E57.02234
G1 X61.71 Y6.513 E57.3825
G1 X61.71 Y7.058 E57.40871
G1 X67.005 Y1.763 E57.76887
G1 X67.005 Y2.308 E57.79508
G1 X61.689 Y7.625 E58.1567
G1 X61.389 Y8.571 F7200
;WIDTH:0.404381
G1 F1500
G1 X61.402 Y8.283 E58.16893
;WIDTH:0.45
G1 X61.561 Y8.298 E58.17661
G1 X67.005 Y2.854 E58.5469
G1 X67.005 Y3.399 E58.57311
G1 X60.879 Y9.525 E58.98979
G1 E56.98979 F2400
G92 E0
G1 Z2.65 F7200
G1 X48.761 Y-10.041
G1 Z.65
G1 E2 F2400
;WIDTH:0.404381
G1 F1500
G1 X48.69 Y-10.06 E2.00312
G1 X48.709 Y-9.989 E2.00624
G1 X48.75 Y-10 E2.00804
;WIDTH:0.45
G1 X48.531 Y-9.757 E2.02377
G1 X37.581 Y1.196 E2.76868
;WIDTH:0.446385
G1 X37.204 Y1.579 E2.79429
;WIDTH:0.45
G1 X37.566 Y1.753 E2.81361
G1 X48.369 Y-9.05 E3.54842
G1 X48.339 Y-8.474 E3.57616
G1 X37.899 Y1.966 E4.28628
G1 X38.11 Y2.3 E4.30528
G1 X48.339 Y-7.929 E5.00104
G1 X48.339 Y-7.384 E5.02725
G1 X38.207 Y2.749 E5.71645
G1 X38.21 Y3.291 E5.74252
G1 X48.339 Y-6.838 E6.43148
G1 X48.339 Y-6.293 E6.45769
G1 X38.21 Y3.836 E7.14665
G1 X38.21 Y4.381 E7.17286
G1 X48.339 Y-5.748 E7.86182
G1 X48.339 Y-5.202 E7.88808
G1 X38.21 Y4.927 E8.57704
G1 X38.21 Y5.472 E8.60325
G1 X48.339 Y-4.657 E9.29221
G1 X48.339 Y-4.112 E9.31842
G1 X38.21 Y6.018 E10.00742
G1 X38.21 Y6.563 E10.03363
G1 X48.339 Y-3.566 E10.72259
G1 X48.339 Y-3.021 E10.7488
G1 X38.182 Y7.136 E11.43967
G1 X37.999 Y7.192 E11.44887
;WIDTH:0.404381
G1 X38.007 Y7.409 E11.45808
G1 X37.768 Y7.693 E11.47382
G1 X37.04 Y8.421 E11.51748
;WIDTH:0.45
G1 X37.377 Y8.487 E11.534
G1 X48.339 Y-2.476 E12.27966
G1 X48.339 Y-1.93 E12.30592
G1 X37.74 Y8.669 E13.02685
G1 X38.014 Y8.94 E13.04539
G1 X48.339 Y-1.385 E13.74768
G1 X48.339 Y-.839 E13.77394
G1 X38.175 Y9.324 E14.46525
G1 X38.209 Y9.836 E14.48993
G1 X48.339 Y-.294 E15.17896
G1 X48.339 Y.251 E15.20517
G1 X38.209 Y10.381 E15.8942
G1 X38.209 Y10.926 E15.92041
G1 X48.339 Y.797 E16.60941
G1 X48.339 Y1.342 E16.63562
G1 X38.209 Y11.471 E17.32462
G1 X38.21 Y12.017 E17.35088
G1 X48.339 Y1.887 E18.03988
G1 X48.339 Y2.433 E18.06614
G1 X38.21 Y12.562 E18.7551
G1 X38.21 Y13.107 E18.78131
G1 X48.339 Y2.978 E19.47027
G1 X48.339 Y3.523 E19.49648
G1 X38.21 Y13.652 E20.18544
G1 X38.123 Y13.911 E20.19858
;WIDTH:0.404381
G1 X38.052 Y13.892 E20.2017
G1 X38.071 Y13.963 E20.20482
G1 X38.112 Y13.952 E20.20662
G1 X37.189 Y15.231 F7200
;WIDTH:0.432849
G1 F1500
G1 X37.679 Y14.74 E20.2385
;WIDTH:0.45
G1 X48.339 Y4.069 E20.96395
G1 X48.339 Y4.614 E20.99016
G1 X37.551 Y15.402 E21.72395
G1 X37.888 Y15.61 E21.743
G1 X48.339 Y5.159 E22.45386
G1 X48.339 Y5.705 E22.48012
G1 X38.104 Y15.939 E23.17626
G1 X38.207 Y16.382 E23.19814
G1 X48.339 Y6.25 E23.88731
G1 X48.339 Y6.795 E23.91352
G1 X38.208 Y16.927 E24.60265
G1 X38.208 Y17.472 E24.62886
G1 X48.339 Y7.341 E25.31796
G1 X48.382 Y7.843 E25.34219
G1 X38.208 Y18.017 E26.03421
G1 X38.209 Y18.562 E26.06042
G1 X48.488 Y8.282 E26.75962
G1 X48.64 Y8.676 E26.77993
G1 X38.209 Y19.107 E27.48943
G1 X38.209 Y19.652 E27.51564
G1 X48.827 Y9.034 E28.23786
G1 X49.057 Y9.35 E28.25666
G1 X38.21 Y20.197 E28.99446
G1 X38.188 Y20.764 E29.02175
G1 X49.312 Y9.64 E29.77839
G1 E27.77839 F2400
G92 E0
G1 Z2.65 F7200
G1 X38.021 Y21.037
G1 Z.65
G1 E2 F2400
;WIDTH:0.404381
G1 F1500
G1 X37.762 Y21.344 E2.01703
G1 X37.026 Y22.08 E2.06117
;WIDTH:0.45
G1 X37.361 Y22.136 E2.07751
G1 X49.584 Y9.913 E2.9089
G1 X49.902 Y10.141 E2.92772
G1 X37.725 Y22.318 E3.75598
G1 X38.004 Y22.584 E3.77452
G1 X50.262 Y10.326 E4.60829
G1 X50.657 Y10.477 E4.62863
G1 X38.164 Y22.969 E5.47835
G1 X38.21 Y23.469 E5.5025
G1 X51.277 Y10.415 E6.39086
;WIDTH:0.404381
G1 X51.206 Y10.396 E6.39398
G1 X51.225 Y10.467 E6.3971
G1 X51.266 Y10.456 E6.3989
;WIDTH:0.45
G1 X51.594 Y10.63 E6.41676
G1 X38.209 Y24.014 E7.32716
G1 X38.209 Y24.56 E7.35342
G1 X52.137 Y10.632 E8.30079
G1 X52.683 Y10.632 E8.32705
G1 X38.209 Y25.106 E9.31155
G1 X38.208 Y25.652 E9.33781
G1 X53.228 Y10.632 E10.35945
G1 X53.773 Y10.632 E10.38566
G1 X38.208 Y26.197 E11.44437
G1 X38.208 Y26.743 E11.47063
G1 X54.319 Y10.632 E12.56648
G1 X54.864 Y10.632 E12.59269
G1 X38.207 Y27.289 E13.72568
G1 X38.03 Y28.011 E13.76143
G1 X55.41 Y10.632 E14.94356
G1 E12.94356 F2400
G92 E0
G1 Z2.65 F7200
G1 X-57.454 Y-34.19
G1 Z.65
G1 E2 F2400
;WIDTH:0.404381
G1 F1500
G1 X-57.839 Y-33.805 E2.02309
;WIDTH:0.45
G1 X-58.031 Y-33.533 E2.0391
G1 X-73.156 Y-18.408 E3.06788
G1 X-73.156 Y-17.863 E3.09409
G1 X-58.086 Y-32.932 E4.1191
G1 X-58.086 Y-32.387 E4.14531
G1 X-73.156 Y-17.317 E5.17035
G1 X-73.156 Y-16.772 E5.19656
G1 X-58.086 Y-31.842 E6.2216
G1 X-58.086 Y-31.296 E6.24786
G1 X-73.156 Y-16.227 E7.27287
G1 X-73.156 Y-15.681 E7.29913
G1 X-58.086 Y-30.751 E8.32417
G1 X-58.086 Y-30.206 E8.35038
G1 X-73.156 Y-15.136 E9.37542
G1 X-73.156 Y-14.591 E9.40163
G1 X-58.086 Y-29.66 E10.42664
G1 X-58.086 Y-29.115 E10.45285
G1 X-73.156 Y-14.045 E11.47789
G1 X-73.156 Y-13.5 E11.5041
G1 X-58.004 Y-28.652 E12.53472
G1 X-57.81 Y-28.301 E12.55401
G1 X-73.156 Y-12.955 E13.59783
G1 X-73.156 Y-12.409 E13.62409
G1 X-57.494 Y-28.071 E14.6894
G1 X-57.13 Y-27.89 E14.70895
G1 X-73.156 Y-11.864 E15.79902
G1 X-73.156 Y-11.318 E15.82528
G1 X-58.082 Y-26.393 E16.85063
G1 X-57.907 Y-26.635 E16.86499
;WIDTH:0.404381
G1 X-57.948 Y-26.624 E16.86679
G1 X-57.967 Y-26.696 E16.86995
G1 X-57.896 Y-26.677 E16.87307
G1 X-58.086 Y-25.843 F7200
;WIDTH:0.45
G1 F1500
G1 X-73.156 Y-10.773 E17.89811
G1 X-73.156 Y-10.228 E17.92432
G1 X-58.086 Y-25.298 E18.94936
G1 X-58.085 Y-24.753 E18.97557
G1 X-73.156 Y-9.682 E20.00068
G1 X-73.156 Y-9.137 E20.02689
G1 X-58.085 Y-24.209 E21.05203
G1 X-58.084 Y-23.664 E21.07824
G1 X-73.156 Y-8.592 E22.10342
G1 X-73.156 Y-8.046 E22.12968
G1 X-58.084 Y-23.119 E23.15489
G1 X-58.083 Y-22.574 E23.1811
G1 X-73.156 Y-7.501 E24.20635
G1 X-73.156 Y-6.956 E24.23256
G1 X-58.065 Y-22.047 E25.25903
G1 X-57.927 Y-21.64 E25.2797
G1 X-73.156 Y-6.41 E26.31559
G1 X-73.156 Y-5.865 E26.3418
G1 X-57.683 Y-21.338 E27.39425
G1 X-57.32 Y-21.156 E27.41378
G1 X-73.156 Y-5.32 E28.49093
G1 E26.49093 F2400
G92 E0
G1 Z2.65 F7200
G1 X-57.821 Y-20.186
G1 Z.65
G1 E2 F2400
;WIDTH:0.404381
G1 F1500
G1 X-56.976 Y-21.047 E2.05116
G1 X-58.017 Y-19.913 F7200
;WIDTH:0.45
G1 F1500
G1 X-73.156 Y-4.774 E3.0809
G1 X-73.156 Y-4.229 E3.10711
G1 X-58.086 Y-19.299 E4.13215
G1 X-58.086 Y-18.753 E4.15841
G1 X-73.156 Y-3.684 E5.18342
G1 X-73.156 Y-3.138 E5.20968
G1 X-58.086 Y-18.208 E6.23472
G1 X-58.086 Y-17.663 E6.26093
G1 X-73.156 Y-2.593 E7.28597
G1 X-73.156 Y-2.048 E7.31218
G1 X-58.086 Y-17.117 E8.33719
G1 X-58.086 Y-16.572 E8.3634
G1 X-73.156 Y-1.502 E9.38844
G1 X-73.156 Y-.957 E9.41465
G1 X-58.086 Y-16.027 E10.43969
G1 X-58.086 Y-15.481 E10.46595
G1 X-73.156 Y-.412 E11.49096
G1 X-73.156 Y.134 E11.51722
G1 X-58.01 Y-15.013 E12.54747
G1 X-57.82 Y-14.657 E12.56688
G1 X-73.156 Y.679 E13.61002
G1 X-73.156 Y1.224 E13.63623
G1 X-57.509 Y-14.422 E14.70049
G1 X-57.146 Y-14.241 E14.72
G1 X-73.156 Y1.77 E15.80901
G1 X-73.156 Y2.315 E15.83522
G1 X-58.081 Y-12.76 E16.8606
G1 X-57.896 Y-13.003 E16.87529
;WIDTH:0.404381
G1 X-57.937 Y-12.992 E16.87709
G1 X-57.956 Y-13.063 E16.88021
G1 X-57.885 Y-13.044 E16.88333
G1 X-58.086 Y-12.209 F7200
;WIDTH:0.45
G1 F1500
G1 X-73.156 Y2.861 E17.90837
G1 X-73.156 Y3.406 E17.93458
G1 X-58.086 Y-11.664 E18.95962
G1 X-58.086 Y-11.118 E18.98588
G1 X-73.156 Y3.951 E20.01089
G1 X-73.156 Y4.497 E20.03715
G1 X-58.086 Y-10.573 E21.06219
G1 X-58.086 Y-10.028 E21.0884
G1 X-73.156 Y5.042 E22.11344
G1 X-73.156 Y5.587 E22.13965
G1 X-58.086 Y-9.482 E23.16466
G1 X-58.086 Y-8.937 E23.19087
G1 X-73.156 Y6.133 E24.21591
G1 X-73.156 Y6.678 E24.24212
G1 X-58.068 Y-8.41 E25.26839
G1 X-57.935 Y-7.998 E25.28921
G1 X-73.156 Y7.223 E26.32452
G1 X-73.156 Y7.769 E26.35078
G1 X-57.699 Y-7.689 E27.40218
G1 X-57.335 Y-7.507 E27.42175
G1 X-73.156 Y8.314 E28.49787
G1 E26.49787 F2400
G92 E0
G1 Z2.65 F7200
G1 X-57.792 Y-6.573
G1 Z.65
G1 E2 F2400
;WIDTH:0.404381
G1 F1500
G1 X-56.989 Y-7.388 E2.04852
G1 X-57.996 Y-6.3 F7200
;WIDTH:0.45
G1 F1500
G1 X-73.156 Y8.859 E3.07965
G1 X-73.156 Y9.405 E3.10591
G1 X-58.086 Y-5.665 E4.13095
G1 X-58.086 Y-5.12 E4.15716
G1 X-73.156 Y9.95 E5.1822
G1 X-73.156 Y10.495 E5.20841
G1 X-58.086 Y-4.574 E6.23342
G1 X-58.086 Y-4.029 E6.25963
G1 X-73.156 Y11.041 E7.28467
G1 X-73.156 Y11.586 E7.31088
G1 X-58.086 Y-3.484 E8.33592
G1 X-58.086 Y-2.938 E8.36218
G1 X-73.156 Y12.131 E9.38719
G1 X-73.156 Y12.677 E9.41345
G1 X-58.086 Y-2.393 E10.43849
G1 X-58.086 Y-1.848 E10.4647
G1 X-73.156 Y13.222 E11.48974
G1 X-73.156 Y13.767 E11.51595
G1 X-58.016 Y-1.373 E12.54575
G1 X-57.831 Y-1.013 E12.56522
G1 X-73.156 Y14.313 E13.60764
G1 X-73.156 Y14.858 E13.63385
G1 X-57.525 Y-.773 E14.69705
G1 X-57.161 Y-.591 E14.71662
G1 X-73.156 Y15.404 E15.80458
G1 X-73.156 Y15.949 E15.83079
G1 X-58.083 Y.876 E16.85604
G1 X-57.935 Y.603 E16.87098
;WIDTH:0.404381
G1 X-57.704 Y.295 E16.88731
G1 X-58.083 Y1.421 F7200
;WIDTH:0.45
G1 F1500
G1 X-73.156 Y16.494 E17.91256
G1 X-73.156 Y17.04 E17.93882
G1 X-58.084 Y1.967 E18.96403
G1 X-58.084 Y2.513 E18.99029
G1 X-73.156 Y17.585 E20.01547
G1 X-73.156 Y18.13 E20.04168
G1 X-58.085 Y3.059 E21.06679
G1 X-58.085 Y3.605 E21.09305
G1 X-73.156 Y18.676 E22.11816
G1 X-73.156 Y19.221 E22.14437
G1 X-58.086 Y4.15 E23.16945
G1 X-58.086 Y4.696 E23.19571
G1 X-73.156 Y19.766 E24.22075
G1 X-73.156 Y20.312 E24.24701
G1 X-58.07 Y5.226 E25.27314
G1 X-57.943 Y5.644 E25.29415
G1 X-73.156 Y20.857 E26.32892
G1 X-73.156 Y21.402 E26.35513
G1 X-57.714 Y5.96 E27.40548
G1 X-57.351 Y6.142 E27.42501
G1 X-73.156 Y21.948 E28.50008
G1 E26.50008 F2400
G92 E0
G1 Z2.65 F7200
G1 X-57.768 Y7.053
G1 Z.65
G1 E2 F2400
;WIDTH:0.404381
G1 F1500
G1 X-57.003 Y6.271 E2.04639
G1 X-57.989 Y7.326 F7200
;WIDTH:0.45
G1 F1500
G1 X-73.156 Y22.493 E3.07803
G1 X-73.156 Y23.038 E3.10424
G1 X-58.086 Y7.969 E4.12925
G1 X-58.086 Y8.513 E4.15541
G1 X-73.156 Y23.584 E5.18049
G1 X-73.156 Y24.129 E5.2067
G1 X-58.085 Y9.058 E6.23181
G1 X-58.085 Y9.603 E6.25802
G1 X-73.156 Y24.674 E7.28313
G1 X-73.156 Y25.22 E7.30939
G1 X-58.084 Y10.148 E8.33457
G1 X-58.084 Y10.693 E8.36078
G1 X-73.156 Y25.765 E9.38596
G1 X-73.156 Y26.31 E9.41217
G1 X-58.084 Y11.238 E10.43735
G1 X-58.083 Y11.783 E10.46356
G1 X-73.156 Y26.856 E11.48881
G1 X-73.156 Y27.401 E11.51502
G1 X-58.025 Y12.27 E12.54421
G1 X-57.841 Y12.631 E12.5637
G1 X-73.156 Y27.947 E13.60544
G1 X-73.156 Y28.492 E13.63165
G1 X-57.54 Y12.876 E14.69383
G1 X-57.177 Y13.058 E14.71336
G1 X-73.156 Y29.037 E15.80023
G1 E13.80023 F2400
G92 E0
G1 Z2.65 F7200
G1 X-57.924 Y14.231
G1 Z.65
G1 E2 F2400
;WIDTH:0.404381
G1 F1500
G1 X-57.616 Y13.842 E2.02104
G1 X-56.853 Y13.076 E2.06689
G1 X-58.077 Y14.504 F7200
;WIDTH:0.45
G1 F1500
G1 X-73.156 Y29.583 E3.09254
G1 X-73.156 Y30.128 E3.11875
G1 X-58.083 Y15.055 E4.144
G1 X-58.084 Y15.601 E4.17026
G1 X-73.156 Y30.673 E5.19544
G1 X-73.156 Y31.219 E5.2217
G1 X-58.084 Y16.147 E6.24688
G1 X-58.085 Y16.693 E6.27314
G1 X-73.156 Y31.764 E7.29825
G1 X-73.156 Y32.309 E7.32446
G1 X-58.085 Y17.238 E8.34957
G1 X-58.086 Y17.784 E8.37583
G1 X-73.156 Y32.855 E9.40091
G1 X-73.085 Y33.828 F7200
;WIDTH:0.513617
G1 F1500
G1 X-73.139 Y33.842 E9.40404
G1 X-73.179 Y33.802 E9.40721
G1 X-73.164 Y33.748 E9.41035
G1 X-73.11 Y33.734 E9.41348
G1 X-73.07 Y33.773 E9.41661
G1 X-73.113 Y33.587 E9.42731
;WIDTH:0.481808
G1 X-73.156 Y33.4 E9.4373
;WIDTH:0.45
G1 X-58.086 Y18.33 E10.46234
G1 X-58.073 Y18.862 E10.48793
G1 X-72.68 Y33.47 E11.48151
G1 X-71.96 Y33.241 E11.51785
;WIDTH:0.404381
G1 X-72.001 Y33.252 E11.51965
G1 X-72.02 Y33.181 E11.52277
G1 X-71.949 Y33.2 E11.52589
;WIDTH:0.45
G1 X-71.718 Y33.052 E11.53909
G1 X-57.952 Y19.286 E12.47544
G1 X-57.724 Y19.604 E12.49426
G1 X-71.091 Y32.971 E13.40347
G1 X-70.584 Y33.01 E13.42793
G1 X-57.366 Y19.791 E14.32704
G1 X-57.017 Y19.93 E14.34511
;WIDTH:0.404381
G1 X-57.74 Y20.663 E14.38877
;WIDTH:0.45
G1 X-57.965 Y20.936 E14.40579
G1 X-70.149 Y33.119 E15.2345
G1 X-69.777 Y33.293 E15.25425
G1 X-58.086 Y21.602 E16.04946
G1 X-58.086 Y22.148 E16.07572
G1 X-69.431 Y33.492 E16.84736
G1 X-69.123 Y33.73 E16.86608
G1 X-58.086 Y22.693 E17.6168
G1 X-58.086 Y23.238 E17.64301
G1 X-68.875 Y34.027 E18.37686
G1 X-68.627 Y34.324 E18.39547
G1 X-58.086 Y23.784 E19.11242
G1 X-58.086 Y24.329 E19.13863
G1 X-68.452 Y34.695 E19.84371
G1 X-68.313 Y35.101 E19.86435
G1 X-58.086 Y24.874 E20.55998
G1 X-58.086 Y25.42 E20.58624
G1 X-68.216 Y35.549 E21.27524
G1 X-68.215 Y36.094 E21.30145
G1 X-58.031 Y25.909 E21.99419
G1 X-57.854 Y26.278 E22.01387
G1 X-68.38 Y36.804 E22.72984
G1 X-68.8 Y37.396 E22.76475
;WIDTH:0.404381
G1 X-68.558 Y37.055 E22.78248
G1 X-68.8 Y37.396 E22.80021
;WIDTH:0.45
G1 X-68.958 Y37.927 E22.82686
G1 X-57.583 Y26.553 E23.60054
G1 X-56.87 Y26.72 E23.63576
;WIDTH:0.404381
G1 X-56.941 Y26.701 E23.63888
G1 X-56.922 Y26.772 E23.642
G1 X-56.881 Y26.761 E23.6438
;WIDTH:0.45
G1 X-57.219 Y26.734 E23.66011
G1 X-68.412 Y37.927 E24.42144
G1 X-67.867 Y37.927 E24.44765
G1 X-57.158 Y27.218 E25.17606
G1 X-57.123 Y27.728 E25.20065
G1 X-67.321 Y37.927 E25.89434
G1 X-66.776 Y37.927 E25.92055
G1 X-56.944 Y28.095 E26.58931
G1 X-56.679 Y28.375 E26.60785
G1 X-66.231 Y37.927 E27.25757
G1 X-65.685 Y37.927 E27.28383
G1 X-56.323 Y28.564 E27.92066
G1 X-55.845 Y28.632 E27.94388
G1 X-65.14 Y37.927 E28.57611
G1 X-64.595 Y37.927 E28.60232
G1 X-55.3 Y28.632 E29.23455
G1 X-54.754 Y28.632 E29.26081
G1 X-64.049 Y37.927 E29.89304
G1 X-63.504 Y37.927 E29.91925
G1 X-54.209 Y28.632 E30.55148
G1 X-53.664 Y28.632 E30.57769
G1 X-62.959 Y37.927 E31.20992
G1 X-62.413 Y37.927 E31.23618
G1 X-53.118 Y28.632 E31.86841
G1 X-52.573 Y28.632 E31.89462
G1 X-61.868 Y37.927 E32.52685
G1 X-61.323 Y37.927 E32.55306
G1 X-52.028 Y28.632 E33.18529
G1 E31.18529 F2400
G92 E0
G1 Z2.65 F7200
G1 X-50.302 Y27.537
G1 Z.65
G1 E2 F2400
;WIDTH:0.404381
G1 F1500
G1 X-51.134 Y28.341 E2.04906
;WIDTH:0.45
G1 X-51.406 Y28.556 E2.06574
G1 X-60.777 Y37.927 E2.70314
G1 X-60.232 Y37.927 E2.72935
G1 X-50.181 Y27.876 E3.41301
G1 X-49.999 Y28.239 E3.43254
G1 X-59.687 Y37.927 E4.09151
G1 X-59.141 Y37.927 E4.11777
G1 X-49.689 Y28.475 E4.76068
G1 X-49.285 Y28.616 E4.78126
G1 X-58.596 Y37.927 E5.41458
G1 X-58.051 Y37.927 E5.44079
G1 X-48.755 Y28.632 E6.07306
G1 X-48.21 Y28.632 E6.09927
G1 X-57.505 Y37.927 E6.7315
G1 X-56.96 Y37.927 E6.75771
G1 X-47.665 Y28.632 E7.38994
G1 X-47.119 Y28.632 E7.4162
G1 X-56.415 Y37.927 E8.04847
G1 X-55.869 Y37.927 E8.07473
G1 X-46.574 Y28.632 E8.70696
G1 X-46.029 Y28.632 E8.73317
G1 X-55.324 Y37.927 E9.3654
G1 X-54.778 Y37.927 E9.39166
G1 X-45.483 Y28.632 E10.02389
G1 X-44.618 Y28.469 F7200
;WIDTH:0.404381
G1 F1500
G1 X-44.69 Y28.45 E10.02705
G1 X-44.67 Y28.521 E10.03018
G1 X-44.629 Y28.51 E10.03198
;WIDTH:0.45
G1 X-44.932 Y28.626 E10.04758
G1 X-54.233 Y37.927 E10.68022
G1 X-53.688 Y37.927 E10.70643
G1 X-43.447 Y27.686 E11.40301
G1 X-43.265 Y28.05 E11.42258
G1 X-53.142 Y37.927 E12.0944
G1 X-52.597 Y37.927 E12.12061
G1 X-43.032 Y28.362 E12.77121
G1 X-42.683 Y28.558 E12.79046
G1 X-52.052 Y37.927 E13.42773
G1 X-51.506 Y37.927 E13.45399
G1 X-42.211 Y28.632 E14.08622
G1 X-41.666 Y28.632 E14.11243
G1 X-50.961 Y37.927 E14.74466
G1 X-50.416 Y37.927 E14.77087
G1 X-41.121 Y28.632 E15.4031
G1 X-40.575 Y28.632 E15.42936
G1 X-49.87 Y37.927 E16.06159
G1 X-49.325 Y37.927 E16.0878
G1 X-40.03 Y28.632 E16.72003
G1 X-39.485 Y28.632 E16.74624
G1 X-48.78 Y37.927 E17.37847
G1 X-48.234 Y37.927 E17.40473
G1 X-38.939 Y28.632 E18.03696
G1 X-38.394 Y28.632 E18.06317
G1 X-47.689 Y37.927 E18.6954
G1 X-47.144 Y37.927 E18.72161
G1 X-37.781 Y28.565 E19.35844
G1 X-37.509 Y28.357 E19.37491
;WIDTH:0.404381
G1 X-36.643 Y27.523 E19.4259
;WIDTH:0.45
G1 X-36.532 Y27.86 E19.44297
G1 X-46.598 Y37.927 E20.12768
G1 X-46.053 Y37.927 E20.15389
G1 X-36.35 Y28.224 E20.81388
G1 X-36.048 Y28.467 E20.83252
G1 X-45.508 Y37.927 E21.47598
G1 X-44.962 Y37.927 E21.50224
G1 X-35.649 Y28.614 E22.1357
G1 X-35.122 Y28.632 E22.16106
G1 X-44.417 Y37.927 E22.79329
G1 X-43.872 Y37.927 E22.8195
G1 X-34.576 Y28.632 E23.45177
G1 X-34.031 Y28.632 E23.47798
G1 X-43.326 Y37.927 E24.11021
G1 X-42.781 Y37.927 E24.13642
G1 X-33.486 Y28.632 E24.76865
G1 X-32.94 Y28.632 E24.79491
G1 X-42.235 Y37.927 E25.42714
G1 X-41.69 Y37.927 E25.45335
G1 X-32.395 Y28.632 E26.08558
G1 X-31.85 Y28.632 E26.11179
G1 X-41.145 Y37.927 E26.74402
G1 X-40.599 Y37.927 E26.77028
G1 X-31.301 Y28.628 E27.40275
G1 X-29.798 Y27.671 F7200
G1 F1500
G1 X-40.054 Y37.927 E28.10035
G1 X-39.509 Y37.927 E28.12656
G1 X-29.616 Y28.034 E28.79947
G1 X-29.388 Y28.352 E28.81829
G1 X-38.963 Y37.927 E29.46957
G1 X-38.418 Y37.927 E29.49578
G1 X-29.044 Y28.553 E30.13339
G1 X-28.578 Y28.632 E30.15612
G1 X-37.873 Y37.927 E30.78835
G1 X-37.327 Y37.927 E30.81461
G1 X-28.032 Y28.632 E31.44684
G1 X-27.487 Y28.632 E31.47305
G1 X-36.782 Y37.927 E32.10528
G1 X-36.237 Y37.927 E32.13149
G1 X-26.942 Y28.632 E32.76372
G1 X-26.396 Y28.632 E32.78998
G1 X-35.691 Y37.927 E33.42221
G1 X-35.146 Y37.927 E33.44842
G1 X-25.851 Y28.632 E34.08065
G1 X-25.305 Y28.632 E34.10691
G1 X-34.601 Y37.927 E34.73918
G1 X-34.055 Y37.927 E34.76544
G1 X-24.76 Y28.632 E35.39767
G1 E33.39767 F2400
G92 E0
G1 Z2.65 F7200
G1 X-22.984 Y27.509
G1 Z.65
G1 E2 F2400
;WIDTH:0.404381
G1 F1500
G1 X-23.884 Y28.372 E2.05288
;WIDTH:0.45
G1 X-24.156 Y28.574 E2.06918
G1 X-33.51 Y37.927 E2.70539
G1 X-32.965 Y37.927 E2.7316
G1 X-22.882 Y27.845 E3.4174
G1 X-22.701 Y28.208 E3.43691
G1 X-32.419 Y37.927 E4.09795
G1 X-31.874 Y37.927 E4.12416
G1 X-22.406 Y28.459 E4.76816
G1 X-22.011 Y28.61 E4.7885
G1 X-31.329 Y37.927 E5.42226
G1 X-30.783 Y37.927 E5.44852
G1 X-21.488 Y28.632 E6.08075
G1 X-20.943 Y28.632 E6.10696
G1 X-30.238 Y37.927 E6.73919
G1 X-29.692 Y37.927 E6.76545
G1 X-20.397 Y28.632 E7.39768
G1 X-19.852 Y28.632 E7.42389
G1 X-29.147 Y37.927 E8.05612
G1 X-28.602 Y37.927 E8.08233
G1 X-19.307 Y28.632 E8.71456
G1 X-18.761 Y28.632 E8.74082
G1 X-28.056 Y37.927 E9.37305
G1 X-27.511 Y37.927 E9.39926
G1 X-18.216 Y28.632 E10.03149
G1 X-17.355 Y28.476 F7200
;WIDTH:0.404381
G1 F1500
G1 X-17.427 Y28.457 E10.03465
G1 X-17.408 Y28.528 E10.03777
G1 X-17.366 Y28.517 E10.03961
;WIDTH:0.45
G1 X-17.669 Y28.63 E10.05516
G1 X-26.966 Y37.927 E10.68753
G1 X-26.42 Y37.927 E10.71379
G1 X-16.149 Y27.655 E11.41244
G1 X-15.967 Y28.019 E11.43201
G1 X-25.875 Y37.927 E12.10594
G1 X-25.33 Y37.927 E12.13215
G1 X-15.744 Y28.342 E12.78414
G1 X-15.405 Y28.547 E12.80319
G1 X-24.784 Y37.927 E13.44117
G1 X-24.239 Y37.927 E13.46738
G1 X-14.944 Y28.632 E14.09961
G1 X-14.399 Y28.632 E14.12582
G1 X-23.694 Y37.927 E14.75805
G1 X-23.148 Y37.927 E14.78431
G1 X-13.853 Y28.632 E15.41654
G1 X-13.308 Y28.632 E15.44275
G1 X-22.603 Y37.927 E16.07498
G1 X-22.058 Y37.927 E16.10119
G1 X-12.762 Y28.632 E16.73346
G1 X-12.217 Y28.632 E16.75967
G1 X-21.512 Y37.927 E17.3919
G1 X-20.967 Y37.927 E17.41811
G1 X-11.672 Y28.632 E18.05034
G1 X-11.126 Y28.632 E18.0766
G1 X-20.422 Y37.927 E18.70887
G1 X-19.876 Y37.927 E18.73513
G1 X-10.532 Y28.582 E19.37073
G1 X-10.259 Y28.387 E19.38687
;WIDTH:0.404381
G1 X-9.325 Y27.495 E19.44164
;WIDTH:0.45
G1 X-9.233 Y27.829 E19.4583
G1 X-19.331 Y37.927 E20.14515
G1 X-18.786 Y37.927 E20.17136
G1 X-9.051 Y28.193 E20.83349
G1 X-8.765 Y28.452 E20.85205
G1 X-18.24 Y37.927 E21.49653
G1 X-17.695 Y37.927 E21.52274
G1 X-8.372 Y28.605 E22.15684
G1 X-7.854 Y28.632 E22.18179
G1 X-17.149 Y37.927 E22.81402
G1 X-16.604 Y37.927 E22.84023
G1 X-7.309 Y28.632 E23.47246
G1 X-6.764 Y28.632 E23.49867
G1 X-16.059 Y37.927 E24.1309
G1 X-15.513 Y37.927 E24.15716
G1 X-6.218 Y28.632 E24.78939
G1 X-5.673 Y28.632 E24.8156
G1 X-14.968 Y37.927 E25.44783
G1 X-14.423 Y37.927 E25.47404
G1 X-5.128 Y28.632 E26.10627
G1 X-4.582 Y28.632 E26.13253
G1 X-13.877 Y37.927 E26.76476
G1 X-13.332 Y37.927 E26.79097
G1 X-4.037 Y28.632 E27.4232
G1 X-2.5 Y27.64 F7200
G1 F1500
G1 X-12.787 Y37.927 E28.12291
G1 X-12.241 Y37.927 E28.14917
G1 X-2.318 Y28.003 E28.82415
G1 X-2.1 Y28.331 E28.84309
G1 X-11.696 Y37.927 E29.4958
G1 X-11.151 Y37.927 E29.52201
G1 X-1.763 Y28.539 E30.16057
G1 X-1.309 Y28.631 E30.18285
G1 X-10.605 Y37.927 E30.81515
G1 X-10.06 Y37.927 E30.84136
G1 X-.765 Y28.632 E31.47359
G1 X-.219 Y28.632 E31.49985
G1 X-9.515 Y37.927 E32.13212
G1 X-8.969 Y37.927 E32.15838
G1 X.326 Y28.632 E32.79061
G1 X.871 Y28.632 E32.81682
G1 X-8.424 Y37.927 E33.44905
G1 X-7.879 Y37.927 E33.47526
G1 X1.417 Y28.632 E34.10753
G1 X1.962 Y28.632 E34.13374
G1 X-7.333 Y37.927 E34.76597
G1 X-6.788 Y37.927 E34.79218
G1 X2.507 Y28.632 E35.42441
G1 E33.42441 F2400
G92 E0
G1 Z2.65 F7200
G1 X4.334 Y27.481
G1 Z.65
G1 E2 F2400
;WIDTH:0.404381
G1 F1500
G1 X3.62 Y28.196 E2.04285
G1 X3.366 Y28.403 E2.05675
;WIDTH:0.45
G1 X3.093 Y28.591 E2.07269
G1 X-6.243 Y37.927 E2.70771
G1 X-5.697 Y37.927 E2.73397
G1 X4.416 Y27.814 E3.42184
G1 X4.598 Y28.177 E3.44137
G1 X-5.152 Y37.927 E4.10455
G1 X-4.606 Y37.927 E4.13081
G1 X4.877 Y28.444 E4.77583
G1 X5.266 Y28.6 E4.79599
G1 X-4.061 Y37.927 E5.4304
G1 X-3.516 Y37.927 E5.45661
G1 X5.779 Y28.632 E6.08884
G1 X5.947 Y28.497 E6.09921
;WIDTH:0.404381
G1 X5.906 Y28.508 E6.10101
G1 X5.887 Y28.437 E6.10413
G1 X5.958 Y28.456 E6.10725
;WIDTH:0.45
G1 X6.325 Y28.632 E6.12683
G1 X-2.97 Y37.927 E6.75906
G1 X-2.425 Y37.927 E6.78527
G1 X6.87 Y28.632 E7.4175
G1 X7.415 Y28.632 E7.44371
G1 X-1.88 Y37.927 E8.07594
G1 X-1.334 Y37.927 E8.1022
G1 X7.961 Y28.632 E8.73443
G1 X8.506 Y28.632 E8.76064
G1 X-.789 Y37.927 E9.39287
G1 X-.244 Y37.927 E9.41908
G1 X9.051 Y28.632 E10.05131
G1 X9.908 Y28.481 F7200
;WIDTH:0.404381
G1 F1500
G1 X9.836 Y28.462 E10.05447
G1 X9.855 Y28.533 E10.05759
G1 X9.897 Y28.522 E10.05943
;WIDTH:0.45
G1 X9.597 Y28.632 E10.0748
G1 X.302 Y37.927 E10.70703
G1 X.847 Y37.927 E10.73324
G1 X10.774 Y28.001 E11.40843
;WIDTH:0.449221
G1 X11.144 Y27.63 E11.43358
;WIDTH:0.45
G1 X11.331 Y27.988 E11.45301
G1 X1.392 Y37.927 E12.12905
G1 X1.938 Y37.927 E12.15531
G1 X11.544 Y28.321 E12.8087
G1 X11.878 Y28.532 E12.8277
G1 X2.483 Y37.927 E13.46674
G1 X3.028 Y37.927 E13.49295
G1 X12.326 Y28.629 E14.12539
G1 X12.869 Y28.632 E14.15151
G1 X3.574 Y37.927 E14.78374
G1 X4.119 Y37.927 E14.80995
G1 X13.414 Y28.632 E15.44218
G1 X13.96 Y28.632 E15.46844
G1 X4.664 Y37.927 E16.10071
G1 X5.21 Y37.927 E16.12697
G1 X14.505 Y28.632 E16.7592
G1 X15.05 Y28.632 E16.78541
G1 X5.755 Y37.927 E17.41764
G1 X6.3 Y37.927 E17.44385
G1 X15.596 Y28.632 E18.07612
G1 X16.141 Y28.632 E18.10233
G1 X6.846 Y37.927 E18.73456
G1 X7.391 Y37.927 E18.76077
G1 X16.718 Y28.6 E19.39518
G1 X16.991 Y28.418 E19.41096
;WIDTH:0.404381
G1 X17.271 Y28.19 E19.42627
G1 X17.993 Y27.467 E19.4696
;WIDTH:0.45
G1 X18.065 Y27.798 E19.48589
G1 X7.937 Y37.927 E20.17482
G1 X8.482 Y37.927 E20.20103
G1 X18.247 Y28.162 E20.86523
G1 X18.518 Y28.436 E20.88377
G1 X9.027 Y37.927 E21.52934
G1 X9.573 Y37.927 E21.5556
G1 X18.905 Y28.595 E22.19035
G1 X19.413 Y28.632 E22.21485
G1 X10.118 Y37.927 E22.84708
G1 X10.663 Y37.927 E22.87329
G1 X19.958 Y28.632 E23.50552
G1 X20.504 Y28.632 E23.53178
G1 X11.209 Y37.927 E24.16401
G1 X11.754 Y37.927 E24.19022
G1 X21.049 Y28.632 E24.82245
G1 X21.594 Y28.632 E24.84866
G1 X12.299 Y37.927 E25.48089
G1 X12.845 Y37.927 E25.50715
G1 X22.14 Y28.632 E26.13938
G1 X22.685 Y28.632 E26.16559
G1 X13.39 Y37.927 E26.79782
G1 X13.935 Y37.927 E26.82403
G1 X23.23 Y28.632 E27.45626
G1 X24.803 Y27.617 F7200
;WIDTH:0.432843
G1 F1500
G1 X24.309 Y28.111 E27.48837
;WIDTH:0.45
G1 X14.481 Y37.927 E28.15645
G1 X15.026 Y37.927 E28.18266
G1 X24.98 Y27.973 E28.85972
G1 X25.188 Y28.311 E28.87881
G1 X15.571 Y37.927 E29.53291
G1 X16.117 Y37.927 E29.55917
G1 X25.52 Y28.524 E30.19875
G1 X25.962 Y28.627 E30.22058
G1 X16.662 Y37.927 E30.85315
G1 X17.207 Y37.927 E30.87936
G1 X26.503 Y28.632 E31.51163
G1 X27.048 Y28.632 E31.53784
G1 X17.753 Y37.927 E32.17007
G1 X18.298 Y37.927 E32.19628
G1 X27.593 Y28.632 E32.82851
G1 X28.139 Y28.632 E32.85477
G1 X18.843 Y37.927 E33.48704
G1 X19.389 Y37.927 E33.5133
G1 X28.684 Y28.632 E34.14553
G1 X29.229 Y28.632 E34.17174
G1 X19.934 Y37.927 E34.80397
G1 X20.48 Y37.927 E34.83023
G1 X29.775 Y28.632 E35.46246
G1 X30.343 Y28.609 E35.4898
G1 X21.025 Y37.927 E36.1236
G1 X21.57 Y37.927 E36.14981
G1 X31.714 Y27.783 E36.83979
G1 X31.653 Y27.453 E36.85593
;WIDTH:0.404381
G1 X30.922 Y28.184 E36.89977
G1 X30.616 Y28.433 E36.9165
G1 X30.481 Y28.422 E36.92224
G1 X31.896 Y28.147 F7200
;WIDTH:0.45
G1 F1500
G1 X22.116 Y37.927 E37.58746
G1 X22.661 Y37.927 E37.61367
G1 X32.161 Y28.427 E38.25985
G1 X32.54 Y28.593 E38.27975
G1 X23.206 Y37.927 E38.91464
G1 X23.752 Y37.927 E38.9409
G1 X33.055 Y28.624 E39.57368
G1 X33.6 Y28.624 E39.59989
G1 X24.297 Y37.927 E40.23267
G1 X24.842 Y37.927 E40.25888
G1 X34.146 Y28.623 E40.89173
G1 X34.692 Y28.623 E40.91799
G1 X25.388 Y37.927 E41.55084
G1 X25.933 Y37.927 E41.57705
G1 X35.237 Y28.623 E42.2099
G1 X35.783 Y28.622 E42.23616
G1 X26.478 Y37.927 E42.86907
G1 X27.024 Y37.927 E42.89533
G1 X36.329 Y28.622 E43.52824
G1 X36.874 Y28.622 E43.55445
G1 X27.569 Y37.927 E44.18736
G1 X28.114 Y37.927 E44.21357
G1 X37.571 Y28.47 E44.85682
G1 E42.85682 F2400
G92 E0
G1 Z2.65 F7200
G1 X28.66 Y37.927
G1 Z.65
G1 E2 F2400
G1 F1500
G1 X55.955 Y10.632 E3.85657
G1 X56.5 Y10.632 E3.88278
G1 X29.205 Y37.927 E5.73935
G1 X29.75 Y37.927 E5.76556
G1 X57.046 Y10.632 E7.62217
G1 X57.591 Y10.632 E7.64838
G1 X30.296 Y37.927 E9.50495
G1 X30.841 Y37.927 E9.53116
G1 X58.136 Y10.632 E11.38773
G1 X58.706 Y10.608 E11.41517
G1 X31.386 Y37.927 E13.27341
G1 X31.932 Y37.927 E13.29967
G1 X59.374 Y10.485 E15.16624
G1 X59.647 Y10.313 E15.18176
;WIDTH:0.404381
G1 X59.4 Y10.317 E15.19224
G1 X60.603 Y9.801 F7200
;WIDTH:0.45
G1 F1500
G1 X32.477 Y37.927 E17.10534
G1 X32.78 Y38.07 E17.12145
;WIDTH:0.404381
G1 X32.739 Y38.081 E17.12325
G1 X32.72 Y38.01 E17.12637
G1 X32.791 Y38.029 E17.12949
;WIDTH:0.45
G1 X33.023 Y37.927 E17.14168
G1 X67.005 Y3.944 E19.45313
G1 X67.005 Y4.49 E19.47939
G1 X33.568 Y37.927 E21.75373
G1 X34.113 Y37.927 E21.77994
G1 X67.005 Y5.035 E24.01721
G1 X67.005 Y5.58 E24.04342
G1 X34.659 Y37.927 E26.24359
G1 X35.204 Y37.927 E26.2698
G1 X67.005 Y6.126 E28.43286
G1 X67.005 Y6.671 E28.45907
G1 X35.749 Y37.927 E30.58506
G1 X36.295 Y37.927 E30.61132
G1 X67.005 Y7.217 E32.70018
G1 X67.005 Y7.762 E32.72639
G1 X36.84 Y37.927 E34.77818
G1 X37.385 Y37.927 E34.80439
G1 X67.005 Y8.307 E36.81911
G1 X67.005 Y8.853 E36.84537
G1 X37.931 Y37.927 E38.82295
G1 X38.476 Y37.927 E38.84916
G1 X67.005 Y9.398 E40.78967
G1 X67.005 Y9.943 E40.81588
G1 X39.021 Y37.927 E42.71932
G1 X39.567 Y37.927 E42.74558
G1 X67.005 Y10.489 E44.61188
G1 X67.005 Y11.034 E44.63809
G1 X40.112 Y37.927 E46.46732
G1 X40.657 Y37.927 E46.49353
G1 X67.005 Y11.579 E48.28569
G1 X67.005 Y12.125 E48.31195
G1 X41.203 Y37.927 E50.06697
G1 X41.748 Y37.927 E50.09318
G1 X67.005 Y12.67 E51.81113
G1 X67.005 Y13.215 E51.83734
G1 X42.293 Y37.927 E53.51822
G1 X42.839 Y37.927 E53.54448
G1 X67.005 Y13.761 E55.18822
G1 X67.005 Y14.306 E55.21443
G1 X43.384 Y37.927 E56.8211
G1 X43.929 Y37.927 E56.84731
G1 X67.005 Y14.851 E58.41691
G1 X67.005 Y15.397 E58.44317
G1 X44.475 Y37.927 E59.97563
G1 X45.02 Y37.927 E60.00184
G1 X67.005 Y15.942 E61.49723
G1 X67.005 Y16.487 E61.52344
G1 X45.566 Y37.927 E62.98173
G1 X46.111 Y37.927 E63.00794
G1 X67.005 Y17.033 E64.42912
G1 X67.005 Y17.578 E64.45533
G1 X46.656 Y37.927 E65.83944
G1 X47.202 Y37.927 E65.8657
G1 X67.005 Y18.123 E67.21271
G1 X67.005 Y18.669 E67.23897
G1 X47.747 Y37.927 E68.54888
G1 X48.292 Y37.927 E68.57509
G1 X67.005 Y19.214 E69.84793
G1 X67.005 Y19.76 E69.87419
G1 X48.838 Y37.927 E71.10989
G1 X49.383 Y37.927 E71.1361
G1 X67.005 Y20.305 E72.33473
G1 X67.005 Y20.85 E72.36094
G1 X49.928 Y37.927 E73.5225
G1 X50.474 Y37.927 E73.54876
G1 X67.005 Y21.396 E74.67318
G1 X67.005 Y21.941 E74.69939
G1 X51.019 Y37.927 E75.78674
G1 X51.564 Y37.927 E75.81295
G1 X67.005 Y22.486 E76.86323
G1 X67.005 Y23.032 E76.88949
G1 X52.11 Y37.927 E77.90263
G1 X52.655 Y37.927 E77.92884
G1 X67.005 Y23.577 E78.90491
G1 X67.005 Y24.122 E78.93112
G1 X53.2 Y37.927 E79.87012
G1 X53.746 Y37.927 E79.89638
G1 X67.005 Y24.668 E80.79824
G1 X67.005 Y25.213 E80.82445
G1 X54.291 Y37.927 E81.68924
G1 X54.836 Y37.927 E81.71545
G1 X67.005 Y25.758 E82.54317
G1 X67.005 Y26.304 E82.56943
G1 X55.382 Y37.927 E83.36001
G1 X55.927 Y37.927 E83.38622
G1 X67.005 Y26.849 E84.13973
G1 X67.005 Y27.394 E84.16594
G1 X56.472 Y37.927 E84.88238
G1 X57.018 Y37.927 E84.90864
G1 X67.005 Y27.94 E85.58794
G1 X67.005 Y28.485 E85.61415
G1 X57.563 Y37.927 E86.25638
G1 X58.109 Y37.927 E86.28264
G1 X67.005 Y29.03 E86.88777
G1 X67.005 Y29.576 E86.91403
G1 X58.654 Y37.927 E87.48205
G1 X58.968 Y38.029 E87.49793
;WIDTH:0.404381
G1 X58.896 Y38.01 E87.50109
G1 X58.916 Y38.081 E87.50422
G1 X58.957 Y38.07 E87.50602
;WIDTH:0.45
G1 X59.199 Y37.927 E87.51954
G1 X62.233 Y34.893 E87.72591
G1 X62.422 Y34.769 E87.73678
;WIDTH:0.404381
G1 X62.407 Y34.617 E87.74326
G1 X62.422 Y34.769 E87.74974
G1 X62.064 Y35.608 F7200
;WIDTH:0.45
G1 F1500
G1 X59.745 Y37.927 E87.90748
G1 X60.29 Y37.927 E87.93369
G1 X62.066 Y36.151 E88.05449
G1 X62.156 Y36.606 E88.0768
G1 X62.33 Y37.083 E88.10122
G1 X62.556 Y37.475 E88.12298
G1 X62.936 Y37.927 E88.15138
G1 X60.835 Y37.927 E88.25243
G1 X62.02 Y36.742 E88.33303
G1 X62.056 Y37.431 E88.36621
;WIDTH:0.633227
G1 X62.006 Y37.381 E88.37123
G1 X61.937 Y37.399 E88.37629
G1 X61.919 Y37.468 E88.38135
G1 X61.969 Y37.518 E88.38637
G1 X62.038 Y37.5 E88.39143
G1 E86.39143 F2400
G92 E0
G1 Z2.65 F7200
G1 X63.197 Y33.728
G1 Z.65
G1 E2 F2400
;WIDTH:0.404381
G1 F1500
G1 X63.74 Y33.308 E2.02911
;WIDTH:0.45
G1 X64.012 Y33.114 E2.04518
G1 X67.005 Y30.121 E2.24876
G1 X67.005 Y30.666 E2.27497
G1 X64.687 Y32.984 E2.43264
G1 X65.232 Y32.985 E2.45885
G1 X67.005 Y31.212 E2.57945
G1 X67.005 Y33.875 E2.70753
G1 X66.593 Y33.506 E2.73413
G1 X66.115 Y33.23 E2.76068
G1 X65.683 Y33.079 E2.78269
G1 X66.869 Y31.894 E2.86333
G1 X66.595 Y32.896 F7200
;WIDTH:0.637255
G1 F1500
G1 X66.544 Y32.845 E2.86848
G1 X66.475 Y32.864 E2.87359
G1 X66.457 Y32.933 E2.87869
G1 X66.507 Y32.983 E2.88374
G1 X66.576 Y32.965 E2.88884
;LAYER_CHANGE
;Z:0.95
;HEIGHT:0.3
G1 E.88884 F2400
G92 E0
G1 Z.95 F7200
G1 Z2.95
G1 X37.171 Y-18.208
G1 Z.95
G1 E2 F2400
;TYPE:Perimeter
;WIDTH:0.45
G1 F3600
G1 X37.366 Y-18.111 E2.01048
G1 X37.511 Y-17.866 E2.02417
G1 X37.535 Y-17.166 E2.05786
G1 X37.535 Y-13.611 E2.22884
G1 X37.472 Y-13.348 E2.24185
G1 X36.681 Y-12.517 E2.29703
G1 X-3.624 Y27.788 E5.03853
G1 X-3.917 Y27.957 E5.0548
G1 X-8.124 Y27.957 E5.25714
G1 X-8.297 Y27.931 E5.26555
G1 X-8.533 Y27.788 E5.27882
G1 X-8.696 Y27.46 E5.29644
G1 X-8.593 Y27.03 E5.31771
G1 X36.548 Y-18.111 E8.38814
G1 X37.038 Y-18.274 E8.41298
G1 X37.117 Y-18.235 E8.41722
G1 X37.033 Y-17.856 F7200
;TYPE:External perimeter
G1 F1800
G1 X37.132 Y-17.782 E8.42316
G1 X37.149 Y-17.166 E8.4528
G1 X37.149 Y-13.611 E8.62378
G1 X37.093 Y-13.474 E8.6309
G1 X-3.896 Y27.515 E11.41892
G1 X-4.033 Y27.571 E11.42604
G1 X-8.124 Y27.571 E11.6228
G1 X-8.26 Y27.515 E11.62987
G1 X-8.315 Y27.406 E11.63574
G1 X-8.26 Y27.242 E11.64406
G1 X36.82 Y-17.838 E14.71035
G1 X36.984 Y-17.893 E14.71867
G1 X37.134 Y-17.522 F7200
G1 E12.71867 F2400
G92 E0
G1 Z2.95 F7200
G1 X37.184 Y-31.88
G1 Z.95
G1 E2 F2400
;TYPE:Perimeter
G1 F3600
G1 X37.392 Y-31.74 E2.01206
G1 X37.535 Y-31.47 E2.02675
G1 X37.535 Y-27.268 E2.22885
G1 X37.48 Y-27.021 E2.24102
G1 X37.366 Y-26.859 E2.25055
G1 X-17.281 Y27.788 E5.96757
G1 X-17.517 Y27.931 E5.98084
G1 X-17.608 Y27.957 E5.98539
G1 X-21.781 Y27.957 E6.1861
G1 X-22.03 Y27.901 E6.19838
G1 X-22.19 Y27.788 E6.2078
G1 X-22.353 Y27.46 E6.22542
G1 X-22.25 Y27.03 E6.24669
G1 X36.548 Y-31.768 E10.24606
G1 X36.876 Y-31.932 E10.2637
G1 X37.131 Y-31.906 E10.27603
G1 X37.021 Y-31.519 F7200
;TYPE:External perimeter
G1 F1800
G1 X37.095 Y-31.493 E10.2798
G1 X37.149 Y-31.359 E10.28675
G1 X37.149 Y-27.268 E10.48351
G1 X37.093 Y-27.131 E10.49063
G1 X-17.553 Y27.515 E14.20758
G1 X-17.662 Y27.571 E14.21347
G1 X-21.781 Y27.571 E14.41158
G1 X-21.917 Y27.515 E14.41865
G1 X-21.972 Y27.406 E14.42452
G1 X-21.917 Y27.242 E14.43284
G1 X36.82 Y-31.495 E18.42806
G1 X36.93 Y-31.55 E18.43398
G1 X36.964 Y-31.538 E18.43571
G1 X37.149 Y-31.183 F7200
G1 E16.43571 F2400
G92 E0
G1 Z2.95 F7200
G1 X5.026 Y27.591
G1 Z.95
G1 E2 F2400
;TYPE:Perimeter
G1 F3600
G1 X4.96 Y27.46 E2.00706
G1 X5.063 Y27.03 E2.02833
G1 X36.548 Y-4.454 E4.16987
G1 X37.038 Y-4.618 E4.19472
G1 X37.366 Y-4.454 E4.21236
G1 X37.535 Y-4.169 E4.2283
G1 X37.535 Y.046 E4.43103
G1 X37.483 Y.287 E4.44289
G1 X37.366 Y.455 E4.45274
G1 X10.033 Y27.788 E6.3119
G1 X9.938 Y27.865 E6.31778
G1 X9.68 Y27.957 E6.33095
G1 X5.533 Y27.957 E6.53041
G1 X5.284 Y27.901 E6.54269
G1 X5.124 Y27.788 E6.55211
G1 X5.053 Y27.645 E6.55979
G1 X5.365 Y27.451 F7200
;TYPE:External perimeter
G1 F1800
G1 X5.342 Y27.406 E6.56222
G1 X5.397 Y27.242 E6.57054
G1 X36.82 Y-4.181 E8.70789
G1 X36.984 Y-4.236 E8.71621
G1 X37.149 Y-4.112 E8.72614
G1 X37.149 Y.046 E8.92613
G1 X37.093 Y.182 E8.9332
G1 X9.76 Y27.515 E10.79236
G1 X9.624 Y27.571 E10.79943
G1 X5.533 Y27.571 E10.99619
G1 X5.397 Y27.515 E11.00326
G1 X5.392 Y27.505 E11.0038
G1 X5.519 Y27.126 F7200
G1 E9.0038 F2400
G92 E0
G1 Z2.95 F7200
G1 X11.854 Y27.591
G1 Z.95
G1 E2 F2400
;TYPE:Perimeter
G1 F3600
G1 X11.789 Y27.46 E2.00703
G1 X11.892 Y27.03 E2.0283
G1 X36.548 Y2.374 E3.70537
G1 X37.038 Y2.211 E3.73021
G1 X37.366 Y2.374 E3.74783
G1 X37.535 Y2.659 E3.76377
G1 X37.535 Y6.874 E3.9665
G1 X37.483 Y7.114 E3.97831
G1 X37.366 Y7.283 E3.9882
G1 X16.862 Y27.788 E5.38289
G1 X16.568 Y27.957 E5.3992
G1 X12.361 Y27.957 E5.60154
G1 X12.113 Y27.901 E5.61377
G1 X11.952 Y27.788 E5.62323
G1 X11.881 Y27.645 E5.63091
G1 X12.193 Y27.451 F7200
;TYPE:External perimeter
G1 F1800
G1 X12.171 Y27.406 E5.63332
G1 X12.225 Y27.242 E5.64162
G1 X36.82 Y2.647 E7.31454
G1 X36.984 Y2.593 E7.32284
G1 X37.149 Y2.716 E7.33274
G1 X37.149 Y6.874 E7.53273
G1 X37.093 Y7.011 E7.53985
G1 X16.589 Y27.515 E8.93451
G1 X16.476 Y27.571 E8.94058
G1 X12.361 Y27.571 E9.1385
G1 X12.225 Y27.515 E9.14557
G1 X12.22 Y27.505 E9.14611
G1 X12.347 Y27.126 F7200
G1 E7.14611 F2400
G92 E0
G1 Z2.95 F7200
G1 X37.171 Y9.105
G1 Z.95
G1 E2 F2400
;TYPE:Perimeter
G1 F3600
G1 X37.366 Y9.203 E2.0105
G1 X37.511 Y9.448 E2.02419
G1 X37.535 Y10.5 E2.0748
G1 X37.535 Y13.703 E2.22885
G1 X37.484 Y13.941 E2.24056
G1 X37.366 Y14.112 E2.25055
G1 X23.69 Y27.788 E3.18077
G1 X23.396 Y27.957 E3.19708
G1 X19.19 Y27.957 E3.39937
G1 X18.941 Y27.901 E3.41165
G1 X18.781 Y27.788 E3.42107
G1 X18.617 Y27.46 E3.43871
G1 X18.72 Y27.03 E3.45998
G1 X36.548 Y9.203 E4.67258
G1 X37.038 Y9.039 E4.69743
G1 X37.117 Y9.078 E4.70167
G1 X37.033 Y9.458 F7200
;TYPE:External perimeter
G1 F1800
G1 X37.132 Y9.532 E4.70761
G1 X37.149 Y10.5 E4.75417
G1 X37.149 Y13.703 E4.90822
G1 X37.093 Y13.839 E4.91529
G1 X23.417 Y27.515 E5.84551
G1 X23.281 Y27.571 E5.85258
G1 X19.19 Y27.571 E6.04934
G1 X19.085 Y27.541 E6.05459
G1 X18.999 Y27.406 E6.06229
G1 X19.054 Y27.242 E6.07061
G1 X36.82 Y9.475 E7.27907
G1 X36.984 Y9.421 E7.28737
G1 X37.131 Y9.793 F7200
G1 E5.28737 F2400
G92 E0
G1 Z2.95 F7200
G1 X37.171 Y15.934
G1 Z.95
G1 E2 F2400
;TYPE:Perimeter
G1 F1200
G1 X37.366 Y16.031 E2.01048
G1 X37.512 Y16.279 E2.02432
G1 X37.535 Y17.122 E2.06488
G1 X37.535 Y20.531 E2.22884
G1 X37.482 Y20.773 E2.24076
G1 X37.366 Y20.94 E2.25054
G1 X30.518 Y27.788 E2.71633
G1 X30.225 Y27.957 E2.7326
G1 X26.018 Y27.957 E2.93494
G1 X25.769 Y27.901 E2.94722
G1 X25.609 Y27.788 E2.95664
G1 X25.446 Y27.46 E2.97426
G1 X25.549 Y27.03 E2.99553
G1 X36.548 Y16.031 E3.74367
G1 X37.038 Y15.868 E3.76851
G1 X37.117 Y15.907 E3.77275
G1 X37.033 Y16.286 F7200
;TYPE:External perimeter
G1 F1200
G1 X37.132 Y16.361 E3.77872
G1 X37.149 Y17.122 E3.81533
G1 X37.149 Y20.531 E3.97929
G1 X37.093 Y20.668 E3.98641
G1 X30.246 Y27.515 E4.45213
G1 X30.109 Y27.571 E4.45925
G1 X26.018 Y27.571 E4.65601
G1 X25.882 Y27.515 E4.66308
G1 X25.827 Y27.406 E4.66895
G1 X25.882 Y27.242 E4.67727
G1 X36.82 Y16.304 E5.42126
G1 X36.984 Y16.249 E5.42958
G1 X37.132 Y16.621 F7200
G1 E3.42958 F2400
G92 E0
G1 Z2.95 F7200
G1 X37.171 Y22.762
G1 Z.95
G1 E2 F2400
;TYPE:Perimeter
G1 F1200
G1 X37.366 Y22.86 E2.0105
G1 X37.511 Y23.103 E2.02411
G1 X37.535 Y24.045 E2.06943
G1 X37.535 Y27.379 E2.22978
G1 X37.467 Y27.651 E2.24326
G1 X37.304 Y27.841 E2.2553
G1 X37.021 Y27.957 E2.27001
G1 X32.847 Y27.957 E2.47076
G1 X32.598 Y27.901 E2.48304
G1 X32.438 Y27.788 E2.49246
G1 X32.274 Y27.46 E2.5101
G1 X32.377 Y27.03 E2.53137
G1 X36.548 Y22.86 E2.81504
G1 X37.038 Y22.696 E2.83989
G1 X37.117 Y22.735 E2.84413
G1 X37.033 Y23.114 F7200
;TYPE:External perimeter
G1 F1200
G1 X37.132 Y23.188 E2.85007
G1 X37.149 Y24.045 E2.8913
G1 X37.149 Y27.379 E3.05165
G1 X37.09 Y27.518 E3.05891
G1 X36.957 Y27.571 E3.0658
G1 X32.847 Y27.571 E3.26348
G1 X32.742 Y27.541 E3.26873
G1 X32.656 Y27.406 E3.27643
G1 X32.71 Y27.242 E3.28473
G1 X36.82 Y23.132 E3.56429
G1 X36.984 Y23.078 E3.57259
G1 X37.131 Y23.45 F7200
G1 E1.57259 F2400
G92 E0
G1 Z2.95 F7200
G1 X61.231 Y8.368
G1 Z.95
G1 E2 F2400
;TYPE:Perimeter
G1 F3600
G1 X61.208 Y8.449 E2.00405
G1 X60.974 Y8.916 E2.02917
G1 X60.663 Y9.334 E2.05423
G1 X60.284 Y9.693 E2.07934
G1 X59.848 Y9.98 E2.10445
G1 X59.369 Y10.187 E2.12955
G1 X58.861 Y10.308 E2.15467
G1 X58.426 Y10.343 E2.17566
G1 X51.623 Y10.343 E2.50286
G1 X51.092 Y10.295 E2.5285
G1 X50.602 Y10.163 E2.55291
G1 X50.139 Y9.948 E2.57746
G1 X49.727 Y9.665 E2.6015
G1 X49.254 Y9.16 E2.63478
G1 X48.867 Y8.501 E2.67154
G1 X48.692 Y7.949 E2.69939
G1 X48.628 Y7.4 E2.72597
G1 X48.628 Y-8.655 E3.49816
G1 X48.692 Y-9.256 E3.52723
G1 X48.841 Y-9.756 E3.55232
G1 X49.065 Y-10.208 E3.57658
G1 X49.386 Y-10.642 E3.60254
G1 X49.765 Y-11 E3.62762
G1 X50.192 Y-11.283 E3.65226
G1 X50.68 Y-11.495 E3.67785
G1 X51.188 Y-11.615 E3.70296
G1 X52.108 Y-11.65 E3.74724
G1 X58.426 Y-11.65 E4.05111
G1 X58.966 Y-11.6 E4.07719
G1 X59.57 Y-11.409 E4.10766
G1 X60.235 Y-11.032 E4.14443
G1 X60.663 Y-10.642 E4.17228
G1 X60.974 Y-10.223 E4.19738
G1 X61.208 Y-9.756 E4.2225
G1 X61.357 Y-9.256 E4.24759
G1 X61.421 Y-8.707 E4.27417
G1 X61.421 Y7.348 E5.04636
G1 X61.375 Y7.866 E5.07137
G1 X61.248 Y8.31 E5.09358
G1 X60.872 Y8.237 F7200
G1 F3600
G1 X60.858 Y8.286 E5.09603
G1 X60.658 Y8.694 E5.11788
G1 X60.39 Y9.062 E5.13978
G1 X60.063 Y9.377 E5.16162
G1 X59.685 Y9.631 E5.18352
G1 X59.269 Y9.815 E5.2054
G1 X58.828 Y9.924 E5.22725
G1 X58.426 Y9.957 E5.24665
G1 X51.623 Y9.957 E5.57385
G1 X51.122 Y9.907 E5.59807
G1 X50.685 Y9.78 E5.61996
G1 X50.277 Y9.58 E5.64181
G1 X49.887 Y9.289 E5.66521
G1 X49.542 Y8.903 E5.69011
G1 X49.206 Y8.317 E5.7226
G1 X49.061 Y7.835 E5.74681
G1 X49.014 Y7.348 E5.77034
G1 X49.014 Y-8.655 E6.54003
G1 X49.064 Y-9.156 E6.56425
G1 X49.205 Y-9.624 E6.58776
G1 X49.391 Y-10.002 E6.60802
G1 X49.659 Y-10.369 E6.62988
G1 X49.986 Y-10.684 E6.65172
G1 X50.364 Y-10.938 E6.67362
G1 X50.78 Y-11.122 E6.6955
G1 X51.221 Y-11.231 E6.71735
G1 X52.108 Y-11.264 E6.76004
G1 X58.426 Y-11.264 E7.06391
G1 X58.958 Y-11.205 E7.08965
G1 X59.45 Y-11.043 E7.11456
G1 X60.033 Y-10.703 E7.14702
G1 X60.455 Y-10.292 E7.17535
G1 X60.709 Y-9.914 E7.19725
G1 X60.893 Y-9.498 E7.21913
G1 X61.002 Y-9.057 E7.24098
G1 X61.035 Y-8.655 E7.26038
G1 X61.035 Y7.348 E8.03007
G1 X60.985 Y7.849 E8.05429
G1 X60.889 Y8.18 E8.07087
G1 X60.513 Y8.107 F7200
;TYPE:External perimeter
G1 F1800
G1 X60.509 Y8.123 E8.07166
G1 X60.342 Y8.473 E8.09031
G1 X60.118 Y8.789 E8.10894
G1 X59.841 Y9.061 E8.12761
G1 X59.522 Y9.281 E8.14625
G1 X59.169 Y9.442 E8.16491
G1 X58.794 Y9.54 E8.18355
G1 X58.426 Y9.571 E8.20131
G1 X51.623 Y9.571 E8.52851
G1 X51.222 Y9.534 E8.54788
G1 X50.848 Y9.431 E8.56654
G1 X50.498 Y9.264 E8.58519
G1 X50.174 Y9.032 E8.60436
G1 X49.829 Y8.646 E8.62926
G1 X49.545 Y8.133 E8.65746
G1 X49.43 Y7.7 E8.67901
G1 X49.399 Y7.348 E8.69601
G1 X49.399 Y-8.655 E9.4657
G1 X49.488 Y-9.249 E9.49459
G1 X49.69 Y-9.751 E9.52062
G1 X49.931 Y-10.096 E9.54086
G1 X50.208 Y-10.368 E9.55953
G1 X50.527 Y-10.588 E9.57817
G1 X50.879 Y-10.75 E9.59681
G1 X51.255 Y-10.847 E9.61549
G1 X52.108 Y-10.879 E9.65655
G1 X58.426 Y-10.879 E9.96042
G1 X58.838 Y-10.838 E9.98033
G1 X59.33 Y-10.677 E10.00523
G1 X59.832 Y-10.375 E10.03341
G1 X60.139 Y-10.071 E10.05419
G1 X60.359 Y-9.751 E10.07287
G1 X60.52 Y-9.399 E10.09149
G1 X60.618 Y-9.023 E10.11018
G1 X60.649 Y-8.655 E10.12794
G1 X60.649 Y7.348 E10.89763
G1 X60.612 Y7.749 E10.917
G1 X60.529 Y8.049 E10.93197
G1 X60.368 Y8.415 F7200
G1 E8.93197 F2400
G92 E0
G1 Z2.95 F7200
G1 X-1.803 Y27.591
G1 Z.95
G1 E2 F2400
;TYPE:Perimeter
G1 F3600
G1 X-1.868 Y27.46 E2.00703
G1 X-1.765 Y27.03 E2.0283
G1 X36.548 Y-11.282 E4.63427
G1 X37.038 Y-11.446 E4.65912
G1 X37.366 Y-11.282 E4.67676
G1 X37.504 Y-11.061 E4.68929
G1 X37.535 Y-10.674 E4.70796
G1 X37.535 Y-6.782 E4.89515
G1 X37.483 Y-6.542 E4.90696
G1 X37.366 Y-6.373 E4.91685
G1 X3.205 Y27.788 E7.24044
G1 X2.911 Y27.957 E7.25675
G1 X-1.295 Y27.957 E7.45904
G1 X-1.544 Y27.901 E7.47132
G1 X-1.704 Y27.788 E7.48074
G1 X-1.776 Y27.645 E7.48844
G1 X-1.463 Y27.451 F7200
;TYPE:External perimeter
G1 F1800
G1 X-1.486 Y27.406 E7.49087
G1 X-1.432 Y27.242 E7.49917
G1 X36.82 Y-11.01 E10.10102
G1 X36.984 Y-11.064 E10.10932
G1 X37.149 Y-10.946 E10.11908
G1 X37.149 Y-6.782 E10.31935
G1 X37.093 Y-6.646 E10.32642
G1 X2.932 Y27.515 E12.65001
G1 X2.796 Y27.571 E12.65708
G1 X-1.295 Y27.571 E12.85384
G1 X-1.432 Y27.515 E12.86096
G1 X-1.437 Y27.505 E12.8615
G1 X-1.31 Y27.126 F7200
G1 E10.8615 F2400
G92 E0
G1 Z2.95 F7200
G1 X37.171 Y-25.037
G1 Z.95
G1 E2 F2400
;TYPE:Perimeter
G1 F3600
G1 X37.366 Y-24.939 E2.0105
G1 X37.516 Y-24.678 E2.02498
G1 X37.535 Y-24.125 E2.05159
G1 X37.535 Y-20.439 E2.22887
G1 X37.483 Y-20.199 E2.24068
G1 X37.366 Y-20.03 E2.25057
G1 X-10.452 Y27.788 E5.50309
G1 X-10.746 Y27.957 E5.5194
G1 X-14.952 Y27.957 E5.72169
G1 X-15.201 Y27.901 E5.73397
G1 X-15.361 Y27.788 E5.74339
G1 X-15.525 Y27.46 E5.76103
G1 X-15.422 Y27.03 E5.7823
G1 X36.548 Y-24.939 E9.3172
G1 X37.038 Y-25.103 E9.34205
G1 X37.117 Y-25.064 E9.34629
G1 X37.033 Y-24.685 F7200
;TYPE:External perimeter
G1 F1800
G1 X37.131 Y-24.613 E9.35214
G1 X37.149 Y-23.772 E9.3926
G1 X37.149 Y-20.439 E9.55291
G1 X37.093 Y-20.303 E9.55998
G1 X-10.725 Y27.515 E12.8125
G1 X-10.861 Y27.571 E12.81957
G1 X-14.952 Y27.571 E13.01633
G1 X-15.089 Y27.515 E13.02345
G1 X-15.143 Y27.406 E13.0293
G1 X-15.089 Y27.242 E13.0376
G1 X36.82 Y-24.667 E16.56839
G1 X36.984 Y-24.721 E16.57669
G1 X37.131 Y-24.349 F7200
G1 E14.57669 F2400
G92 E0
G1 Z2.95 F7200
G1 X36.564 Y-33.4
G1 Z.95
G1 E2 F2400
;TYPE:Perimeter
G1 F3600
G1 X36.618 Y-33.273 E2.00664
G1 X36.597 Y-33.01 E2.01933
G1 X36.455 Y-32.777 E2.03245
G1 X-24.109 Y27.788 E6.15197
G1 X-24.403 Y27.957 E6.16828
G1 X-28.609 Y27.957 E6.37057
G1 X-28.858 Y27.901 E6.38285
G1 X-29.018 Y27.788 E6.39227
G1 X-29.182 Y27.46 E6.40991
G1 X-29.079 Y27.03 E6.43118
G1 X31.546 Y-33.595 E10.55482
G1 X31.84 Y-33.764 E10.57113
G1 X36.046 Y-33.764 E10.77342
G1 X36.28 Y-33.715 E10.78492
G1 X36.504 Y-33.539 E10.79862
G1 X36.54 Y-33.456 E10.80297
G1 X36.21 Y-33.252 F7200
;TYPE:External perimeter
G1 F1800
G1 X36.239 Y-33.173 E10.80702
G1 X36.183 Y-33.049 E10.81356
G1 X-24.382 Y27.515 E14.93308
G1 X-24.518 Y27.571 E14.94015
G1 X-28.609 Y27.571 E15.13691
G1 X-28.745 Y27.515 E15.14398
G1 X-28.8 Y27.406 E15.14985
G1 X-28.745 Y27.242 E15.15817
G1 X31.819 Y-33.322 E19.27766
G1 X31.955 Y-33.379 E19.28475
G1 X36.046 Y-33.379 E19.48151
G1 X36.184 Y-33.321 E19.48871
G1 X36.189 Y-33.308 E19.48938
G1 X36.058 Y-32.93 F7200
G1 E17.48938 F2400
G92 E0
G1 Z2.95 F7200
G1 X-43.064 Y26.819
G1 Z.95
G1 E2 F2400
;TYPE:Perimeter
;WIDTH:0.472193
G1 F3600
G1 X-42.95 Y26.694 E2.00861
;WIDTH:0.457523
G1 X16.245 Y-32.501 E6.11353
;WIDTH:0.472187
G1 X16.359 Y-32.626 E6.12214
G1 E4.12214 F2400
G92 E0
G1 Z2.95 F7200
G1 X32.048 Y26.819
G1 Z.95
G1 E2 F2400
;WIDTH:0.472193
G1 F1200
G1 X32.162 Y26.694 E2.00861
;WIDTH:0.457523
G1 X36.272 Y22.584 E2.29362
G1 E.29362 F2400
G92 E0
G1 Z2.95 F7200
G1 X25.22 Y26.819
G1 Z.95
G1 E2 F2400
;WIDTH:0.472187
G1 F1200
G1 X25.334 Y26.694 E2.00861
;WIDTH:0.457523
G1 X36.272 Y15.756 E2.76711
G1 E.76711 F2400
G92 E0
G1 Z2.95 F7200
G1 X18.392 Y26.819
G1 Z.95
G1 E2 F2400
;WIDTH:0.472193
G1 F1200
G1 X18.506 Y26.694 E2.00861
;WIDTH:0.457523
G1 X36.272 Y8.927 E3.24064
G1 E1.24064 F2400
G92 E0
G1 Z2.95 F7200
G1 X11.563 Y26.819
G1 Z.95
G1 E2 F2400
;WIDTH:0.472187
G1 F1200
G1 X11.677 Y26.694 E2.00861
;WIDTH:0.457523
G1 X36.272 Y2.099 E3.71417
G1 E1.71417 F2400
G92 E0
G1 Z2.95 F7200
G1 X4.735 Y26.819
G1 Z.95
G1 E2 F2400
;WIDTH:0.472193
G1 F3600
G1 X4.849 Y26.694 E2.00861
;WIDTH:0.457523
G1 X36.272 Y-4.729 E4.18766
G1 E2.18766 F2400
G92 E0
G1 Z2.95 F7200
G1 X-8.922 Y26.819
G1 Z.95
G1 E2 F2400
;WIDTH:0.472191
G1 F3600
G1 X-8.808 Y26.694 E2.00861
;WIDTH:0.457523
G1 X36.272 Y-18.386 E5.13472
G1 E3.13472 F2400
G92 E0
G1 Z2.95 F7200
G1 X-2.094 Y26.819
G1 Z.95
G1 E2 F2400
;WIDTH:0.472189
G1 F3600
G1 X-1.98 Y26.694 E2.00861
;WIDTH:0.457523
G1 X36.272 Y-11.558 E4.66122
G1 E2.66122 F2400
G92 E0
G1 Z2.95 F7200
G1 X-15.751 Y26.819
G1 Z.95
G1 E2 F2400
;WIDTH:0.472193
G1 F3600
G1 X-15.637 Y26.694 E2.00861
;WIDTH:0.457527
G1 X36.272 Y-25.215 E5.60831
G1 E3.60831 F2400
G92 E0
G1 Z2.95 F7200
G1 X-22.579 Y26.819
G1 Z.95
G1 E2 F2400
;WIDTH:0.472191
G1 F3600
G1 X-22.465 Y26.694 E2.00861
;WIDTH:0.457521
G1 X36.272 Y-32.043 E6.08175
G1 E4.08175 F2400
G92 E0
G1 Z2.95 F7200
G1 X-36.236 Y26.819
G1 Z.95
G1 E2 F2400
;WIDTH:0.472187
G1 F3600
G1 X-36.122 Y26.694 E2.00861
;WIDTH:0.457525
G1 X23.074 Y-32.501 E6.11359
;WIDTH:0.472193
G1 X23.188 Y-32.626 E6.1222
G1 E4.1222 F2400
G92 E0
G1 Z2.95 F7200
G1 X-29.407 Y26.819
G1 Z.95
G1 E2 F2400
G1 F3600
G1 X-29.293 Y26.694 E2.00861
;WIDTH:0.457527
G1 X29.902 Y-32.501 E6.11357
;WIDTH:0.472193
G1 X30.016 Y-32.626 E6.12218
G1 E4.12218 F2400
G92 E0
G1 Z2.95 F7200
G1 X-4.126 Y-32.626
G1 Z.95
G1 E2 F2400
;WIDTH:0.472189
G1 F3600
G1 X-4.24 Y-32.501 E2.00861
;WIDTH:0.457523
G1 X-56.149 Y19.407 E5.60824
;WIDTH:0.472185
G1 X-56.273 Y19.521 E5.61681
G1 E3.61681 F2400
G92 E0
G1 Z2.95 F7200
G1 X-51.925 Y-32.626
G1 Z.95
G1 E2 F2400
;WIDTH:0.472193
G1 F1200
G1 X-52.039 Y-32.501 E2.00861
;WIDTH:0.457523
G1 X-56.149 Y-28.392 E2.29359
;WIDTH:0.472189
G1 X-56.273 Y-28.278 E2.30216
G1 E.30216 F2400
G92 E0
G1 Z2.95 F7200
G1 X-45.096 Y-32.626
G1 Z.95
G1 E2 F2400
G1 F1200
G1 X-45.21 Y-32.501 E2.00861
;WIDTH:0.457527
G1 X-56.149 Y-21.563 E2.76716
;WIDTH:0.472189
G1 X-56.273 Y-21.449 E2.77573
G1 E.77573 F2400
G92 E0
G1 Z2.95 F7200
G1 X-38.268 Y-32.626
G1 Z.95
G1 E2 F2400
;WIDTH:0.472193
G1 F1200
G1 X-38.382 Y-32.501 E2.00861
;WIDTH:0.457523
G1 X-56.149 Y-14.735 E3.24064
;WIDTH:0.472189
G1 X-56.273 Y-14.621 E3.24921
G1 E1.24921 F2400
G92 E0
G1 Z2.95 F7200
G1 X-31.44 Y-32.626
G1 Z.95
G1 E2 F2400
;WIDTH:0.472193
G1 F1200
G1 X-31.554 Y-32.501 E2.00861
;WIDTH:0.457523
G1 X-56.149 Y-7.906 E3.71417
;WIDTH:0.472187
G1 X-56.273 Y-7.792 E3.72274
G1 E1.72274 F2400
G92 E0
G1 Z2.95 F7200
G1 X-24.611 Y-32.626
G1 Z.95
G1 E2 F2400
;WIDTH:0.472193
G1 F3600
G1 X-24.725 Y-32.501 E2.00861
;WIDTH:0.457523
G1 X-56.149 Y-1.078 E4.1877
;WIDTH:0.472187
G1 X-56.273 Y-.964 E4.19627
G1 E2.19627 F2400
G92 E0
G1 Z2.95 F7200
G1 X-17.783 Y-32.626
G1 Z.95
G1 E2 F2400
;WIDTH:0.472193
G1 F3600
G1 X-17.897 Y-32.501 E2.00861
;WIDTH:0.457523
G1 X-56.149 Y5.751 E4.66122
;WIDTH:0.472187
G1 X-56.273 Y5.865 E4.66979
G1 E2.66979 F2400
G92 E0
G1 Z2.95 F7200
G1 X-10.954 Y-32.626
G1 Z.95
G1 E2 F2400
;WIDTH:0.472189
G1 F3600
G1 X-11.068 Y-32.501 E2.00861
;WIDTH:0.457523
G1 X-56.149 Y12.579 E5.13475
;WIDTH:0.472187
G1 X-56.273 Y12.693 E5.14332
G1 E3.14332 F2400
G92 E0
G1 Z2.95 F7200
G1 X-49.893 Y26.819
G1 Z.95
G1 E2 F2400
;WIDTH:0.472193
G1 F3600
G1 X-49.779 Y26.694 E2.00861
;WIDTH:0.457527
G1 X9.417 Y-32.501 E6.11361
;WIDTH:0.472193
G1 X9.531 Y-32.626 E6.12222
G1 E4.12222 F2400
G92 E0
G1 Z2.95 F7200
G1 X2.702 Y-32.626
G1 Z.95
G1 E2 F2400
;WIDTH:0.472191
G1 F3600
G1 X2.589 Y-32.501 E2.00857
;WIDTH:0.457523
G1 X-56.149 Y26.236 E6.08176
;WIDTH:0.472183
G1 X-56.273 Y26.35 E6.09033
G1 E4.09033 F2400
G92 E0
G1 Z2.95 F7200
G1 X-43.112 Y27.731
G1 Z.95
G1 E2 F2400
;WIDTH:0.45
G1 F3600
G1 X-43.22 Y27.515 E2.01162
;WIDTH:0.472193
G1 X-43.064 Y26.819 E2.0479
G1 X-43.637 Y27.376 E2.08855
;WIDTH:0.45
G1 X-44.322 Y28.06 E2.13511
G1 X-44.663 Y28.28 E2.15463
G1 X-45.003 Y28.343 E2.17126
G1 X-49.094 Y28.343 E2.36802
G1 X-49.435 Y28.28 E2.3847
G1 X-49.776 Y28.06 E2.40422
G1 X-50.049 Y27.515 E2.43354
;WIDTH:0.472193
G1 X-49.893 Y26.819 E2.46982
G1 X-50.466 Y27.376 E2.51047
;WIDTH:0.45
G1 X-51.15 Y28.06 E2.55699
G1 X-51.491 Y28.28 E2.57651
G1 X-51.832 Y28.343 E2.59319
G1 X-55.923 Y28.343 E2.78995
G1 X-56.19 Y28.305 E2.80292
G1 X-56.529 Y28.128 E2.82131
G1 X-56.75 Y27.874 E2.8375
G1 X-56.873 Y27.54 E2.85462
G1 X-56.886 Y27.34 E2.86426
G1 X-56.848 Y27.107 E2.87561
G1 X-56.604 Y26.697 E2.89856
;WIDTH:0.472183
G1 X-56.273 Y26.35 E2.92295
G1 X-56.699 Y26.506 E2.94602
;WIDTH:0.45
G1 X-57.173 Y26.454 E2.96895
G1 X-57.481 Y26.266 E2.98631
G1 X-57.677 Y26.017 E3.00155
G1 X-57.797 Y25.663 E3.01953
G1 X-57.797 Y21.46 E3.22168
G1 X-57.734 Y21.117 E3.23845
G1 X-57.515 Y20.779 E3.25782
G1 X-56.83 Y20.094 E3.30441
;WIDTH:0.472185
G1 X-56.273 Y19.521 E3.34506
G1 X-56.969 Y19.677 E3.38134
;WIDTH:0.45
G1 X-57.515 Y19.405 E3.41068
G1 X-57.734 Y19.066 E3.43009
G1 X-57.797 Y18.723 E3.44686
G1 X-57.797 Y14.632 E3.64362
G1 X-57.734 Y14.289 E3.66039
G1 X-57.515 Y13.95 E3.6798
G1 X-56.83 Y13.266 E3.72636
;WIDTH:0.472187
G1 X-56.273 Y12.693 E3.76701
G1 X-56.969 Y12.849 E3.80329
;WIDTH:0.45
G1 X-57.515 Y12.576 E3.83265
G1 X-57.734 Y12.238 E3.85202
G1 X-57.797 Y11.895 E3.86879
G1 X-57.797 Y7.804 E4.06555
G1 X-57.734 Y7.461 E4.08232
G1 X-57.515 Y7.122 E4.10173
G1 X-56.83 Y6.438 E4.14829
;WIDTH:0.472187
G1 X-56.273 Y5.865 E4.18894
G1 X-56.969 Y6.021 E4.22522
;WIDTH:0.45
G1 X-57.515 Y5.748 E4.25458
G1 X-57.734 Y5.409 E4.27399
G1 X-57.797 Y5.066 E4.29076
G1 X-57.797 Y.975 E4.48752
G1 X-57.734 Y.632 E4.50429
G1 X-57.515 Y.294 E4.52366
G1 X-56.83 Y-.391 E4.57025
;WIDTH:0.472187
G1 X-56.273 Y-.964 E4.6109
G1 X-56.969 Y-.808 E4.64718
;WIDTH:0.45
G1 X-57.515 Y-1.08 E4.67652
G1 X-57.734 Y-1.419 E4.69593
G1 X-57.797 Y-1.762 E4.7127
G1 X-57.797 Y-5.853 E4.90946
G1 X-57.734 Y-6.196 E4.92623
G1 X-57.515 Y-6.535 E4.94564
G1 X-56.83 Y-7.219 E4.9922
;WIDTH:0.472187
G1 X-56.273 Y-7.792 E5.03285
G1 X-56.969 Y-7.636 E5.06913
;WIDTH:0.45
G1 X-57.515 Y-7.909 E5.09849
G1 X-57.734 Y-8.248 E5.1179
G1 X-57.797 Y-8.591 E5.13467
G1 X-57.797 Y-12.682 E5.33143
G1 X-57.734 Y-13.025 E5.3482
G1 X-57.515 Y-13.363 E5.36757
G1 X-56.83 Y-14.048 E5.41416
;WIDTH:0.472189
G1 X-56.273 Y-14.621 E5.45481
G1 X-56.969 Y-14.465 E5.49109
;WIDTH:0.45
G1 X-57.515 Y-14.737 E5.52043
G1 X-57.734 Y-15.076 E5.53984
G1 X-57.797 Y-15.419 E5.55661
G1 X-57.797 Y-19.51 E5.75337
G1 X-57.734 Y-19.853 E5.77014
G1 X-57.515 Y-20.192 E5.78955
G1 X-56.83 Y-20.876 E5.83611
;WIDTH:0.472189
G1 X-56.273 Y-21.449 E5.87676
G1 X-56.969 Y-21.293 E5.91304
;WIDTH:0.45
G1 X-57.515 Y-21.566 E5.9424
G1 X-57.734 Y-21.904 E5.96177
G1 X-57.797 Y-22.247 E5.97854
G1 X-57.797 Y-26.339 E6.17535
G1 X-57.734 Y-26.681 E6.19208
G1 X-57.642 Y-26.863 E6.20189
G1 X-56.83 Y-27.705 E6.25815
;WIDTH:0.472189
G1 X-56.273 Y-28.278 E6.2988
G1 X-56.969 Y-28.122 E6.33508
;WIDTH:0.45
G1 X-57.515 Y-28.394 E6.36442
G1 X-57.734 Y-28.733 E6.38383
G1 X-57.797 Y-29.076 E6.4006
G1 X-57.797 Y-33.186 E6.59828
G1 X-57.729 Y-33.541 E6.61566
G1 X-57.55 Y-33.831 E6.63205
G1 X-57.294 Y-34.033 E6.64773
G1 X-56.931 Y-34.15 E6.66607
G1 X-52.723 Y-34.15 E6.86846
G1 X-52.383 Y-34.088 E6.88508
G1 X-52.042 Y-33.867 E6.90462
G1 X-51.769 Y-33.322 E6.93394
;WIDTH:0.472193
G1 X-51.925 Y-32.626 E6.97022
G1 X-51.352 Y-33.183 E7.01087
;WIDTH:0.45
G1 X-50.668 Y-33.867 E7.05739
G1 X-50.327 Y-34.088 E7.07693
G1 X-49.986 Y-34.15 E7.0936
G1 X-45.895 Y-34.15 E7.29036
G1 X-45.554 Y-34.088 E7.30703
G1 X-45.213 Y-33.867 E7.32657
G1 X-44.94 Y-33.322 E7.35589
;WIDTH:0.472189
G1 X-45.096 Y-32.626 E7.39217
G1 X-44.523 Y-33.183 E7.43282
;WIDTH:0.45
G1 X-43.839 Y-33.867 E7.47934
G1 X-43.498 Y-34.088 E7.49888
G1 X-43.157 Y-34.15 E7.51555
G1 X-39.066 Y-34.15 E7.71231
G1 X-38.726 Y-34.088 E7.72893
G1 X-38.385 Y-33.867 E7.74847
G1 X-38.112 Y-33.322 E7.77779
;WIDTH:0.472193
G1 X-38.268 Y-32.626 E7.81407
G1 X-37.695 Y-33.183 E7.85472
;WIDTH:0.45
G1 X-37.011 Y-33.867 E7.90124
G1 X-36.67 Y-34.088 E7.92078
G1 X-36.329 Y-34.15 E7.93745
G1 X-32.238 Y-34.15 E8.13421
G1 X-31.897 Y-34.088 E8.15088
G1 X-31.556 Y-33.867 E8.17042
G1 X-31.284 Y-33.322 E8.19972
;WIDTH:0.472193
G1 X-31.44 Y-32.626 E8.236
G1 X-30.867 Y-33.183 E8.27665
;WIDTH:0.45
G1 X-30.182 Y-33.867 E8.32321
G1 X-29.841 Y-34.088 E8.34275
G1 X-29.501 Y-34.15 E8.35937
G1 X-25.41 Y-34.15 E8.55613
G1 X-25.069 Y-34.088 E8.5728
G1 X-24.728 Y-33.867 E8.59234
G1 X-24.455 Y-33.322 E8.62166
;WIDTH:0.472193
G1 X-24.611 Y-32.626 E8.65794
G1 X-24.038 Y-33.183 E8.69859
;WIDTH:0.45
G1 X-23.354 Y-33.867 E8.74511
G1 X-23.013 Y-34.088 E8.76465
G1 X-22.672 Y-34.15 E8.78132
G1 X-18.581 Y-34.15 E8.97808
G1 X-18.24 Y-34.088 E8.99475
G1 X-17.899 Y-33.867 E9.01429
G1 X-17.627 Y-33.322 E9.04359
;WIDTH:0.472193
G1 X-17.783 Y-32.626 E9.07987
G1 X-17.21 Y-33.183 E9.12052
;WIDTH:0.45
G1 X-16.525 Y-33.867 E9.16708
G1 X-16.184 Y-34.088 E9.18662
G1 X-15.844 Y-34.15 E9.20324
G1 X-11.753 Y-34.15 E9.4
G1 X-11.412 Y-34.088 E9.41667
G1 X-11.071 Y-33.867 E9.43621
G1 X-10.798 Y-33.322 E9.46553
;WIDTH:0.472189
G1 X-10.954 Y-32.626 E9.50181
G1 X-10.381 Y-33.183 E9.54246
;WIDTH:0.45
G1 X-9.697 Y-33.867 E9.58898
G1 X-9.356 Y-34.088 E9.60852
G1 X-9.015 Y-34.15 E9.62519
G1 X-4.924 Y-34.15 E9.82195
G1 X-4.584 Y-34.088 E9.83857
G1 X-4.243 Y-33.867 E9.85811
G1 X-3.97 Y-33.322 E9.88743
;WIDTH:0.472189
G1 X-4.126 Y-32.626 E9.92371
G1 X-3.553 Y-33.183 E9.96436
;WIDTH:0.45
G1 X-2.869 Y-33.867 E10.01088
G1 X-2.528 Y-34.088 E10.03042
G1 X-2.187 Y-34.15 E10.04709
G1 X1.904 Y-34.15 E10.24385
G1 X2.245 Y-34.088 E10.26052
G1 X2.586 Y-33.867 E10.28006
G1 X2.859 Y-33.322 E10.30938
;WIDTH:0.472191
G1 X2.702 Y-32.626 E10.34567
G1 X3.276 Y-33.183 E10.38635
;WIDTH:0.45
G1 X3.96 Y-33.867 E10.43287
G1 X4.301 Y-34.088 E10.45241
G1 X4.642 Y-34.15 E10.46908
G1 X8.733 Y-34.15 E10.66584
G1 X9.073 Y-34.088 E10.68246
G1 X9.414 Y-33.867 E10.702
G1 X9.687 Y-33.322 E10.73132
;WIDTH:0.472193
G1 X9.531 Y-32.626 E10.7676
G1 X10.104 Y-33.183 E10.80825
;WIDTH:0.45
G1 X10.788 Y-33.867 E10.85477
G1 X11.129 Y-34.088 E10.87431
G1 X11.47 Y-34.15 E10.89098
G1 X15.561 Y-34.15 E11.08774
G1 X15.902 Y-34.088 E11.10441
G1 X16.243 Y-33.867 E11.12395
G1 X16.515 Y-33.322 E11.15325
;WIDTH:0.472187
G1 X16.359 Y-32.626 E11.18953
G1 X16.932 Y-33.183 E11.23018
;WIDTH:0.45
G1 X17.617 Y-33.867 E11.27674
G1 X17.958 Y-34.088 E11.29628
G1 X18.298 Y-34.15 E11.3129
G1 X22.389 Y-34.15 E11.50966
G1 X22.73 Y-34.088 E11.52633
G1 X23.071 Y-33.867 E11.54587
G1 X23.344 Y-33.322 E11.57519
;WIDTH:0.472193
G1 X23.188 Y-32.626 E11.61147
G1 X23.761 Y-33.183 E11.65212
;WIDTH:0.45
G1 X24.445 Y-33.867 E11.69864
G1 X24.786 Y-34.088 E11.71818
G1 X25.127 Y-34.15 E11.73485
G1 X29.218 Y-34.15 E11.93161
G1 X29.559 Y-34.088 E11.94828
G1 X29.9 Y-33.867 E11.96782
G1 X30.172 Y-33.322 E11.99712
;WIDTH:0.472193
G1 X30.016 Y-32.626 E12.0334
G1 X30.589 Y-33.183 E12.07405
;WIDTH:0.45
G1 X31.274 Y-33.867 E12.12061
G1 X31.615 Y-34.088 E12.14015
G1 X31.955 Y-34.15 E12.15677
G1 X36.046 Y-34.15 E12.35353
G1 X36.312 Y-34.113 E12.36645
G1 X36.649 Y-33.939 E12.38469
G1 X36.869 Y-33.688 E12.40074
G1 X36.999 Y-33.331 E12.41901
G1 X37.008 Y-33.124 E12.42898
G1 X36.965 Y-32.892 E12.44033
G1 X36.728 Y-32.504 E12.4622
;WIDTH:0.457521
G1 X36.272 Y-32.043 E12.494
G1 X36.823 Y-32.313 E12.52409
;WIDTH:0.45
G1 X37.275 Y-32.269 E12.54593
G1 X37.589 Y-32.086 E12.56341
G1 X37.807 Y-31.813 E12.58021
G1 X37.921 Y-31.453 E12.59837
G1 X37.921 Y-27.268 E12.79965
G1 X37.86 Y-26.93 E12.81617
G1 X37.638 Y-26.586 E12.83586
G1 X36.954 Y-25.902 E12.88238
;WIDTH:0.457523
G1 X36.272 Y-25.215 E12.92985
G1 X37.093 Y-25.485 E12.97223
;WIDTH:0.45
G1 X37.638 Y-25.212 E13.00155
G1 X37.86 Y-24.868 E13.02124
G1 X37.921 Y-24.53 E13.03776
G1 X37.921 Y-20.439 E13.23452
G1 X37.864 Y-20.113 E13.25044
G1 X37.773 Y-19.927 E13.2604
G1 X36.954 Y-19.073 E13.31731
;WIDTH:0.457523
G1 X36.272 Y-18.386 E13.36478
G1 X37.093 Y-18.656 E13.40716
;WIDTH:0.45
G1 X37.638 Y-18.384 E13.43646
G1 X37.833 Y-18.103 E13.45291
G1 X37.918 Y-17.774 E13.46925
G1 X37.921 Y-13.611 E13.66948
G1 X37.849 Y-13.246 E13.68737
G1 X37.638 Y-12.929 E13.70569
G1 X36.954 Y-12.245 E13.75221
;WIDTH:0.457523
G1 X36.272 Y-11.558 E13.79968
G1 X37.093 Y-11.828 E13.84206
;WIDTH:0.45
G1 X37.638 Y-11.555 E13.87138
G1 X37.849 Y-11.239 E13.88966
G1 X37.921 Y-10.873 E13.9076
G1 X37.921 Y-6.782 E14.10436
G1 X37.864 Y-6.456 E14.12028
G1 X37.773 Y-6.27 E14.13024
G1 X36.954 Y-5.416 E14.18715
;WIDTH:0.457523
G1 X36.272 Y-4.729 E14.23462
G1 X37.093 Y-4.999 E14.277
;WIDTH:0.45
G1 X37.638 Y-4.727 E14.3063
G1 X37.833 Y-4.446 E14.32275
G1 X37.921 Y-4.129 E14.33857
G1 X37.921 Y.046 E14.53937
G1 X37.864 Y.372 E14.55529
G1 X37.773 Y.558 E14.56525
G1 X36.954 Y1.412 E14.62216
;WIDTH:0.457523
G1 X36.272 Y2.099 E14.66963
G1 X37.093 Y1.829 E14.71201
;WIDTH:0.45
G1 X37.638 Y2.102 E14.74133
G1 X37.833 Y2.383 E14.75778
G1 X37.921 Y2.7 E14.7736
G1 X37.921 Y6.874 E14.97435
G1 X37.864 Y7.2 E14.99027
G1 X37.774 Y7.386 E15.00021
G1 X36.954 Y8.24 E15.05715
;WIDTH:0.457523
G1 X36.272 Y8.927 E15.10462
G1 X37.093 Y8.657 E15.147
;WIDTH:0.45
G1 X37.638 Y8.93 E15.17632
G1 X37.834 Y9.212 E15.19284
G1 X37.92 Y9.575 E15.21078
G1 X37.921 Y13.703 E15.40932
G1 X37.865 Y14.024 E15.42499
G1 X37.775 Y14.212 E15.43501
G1 X36.954 Y15.069 E15.49209
;WIDTH:0.457523
G1 X36.272 Y15.756 E15.53956
G1 X37.093 Y15.486 E15.58194
;WIDTH:0.45
G1 X37.638 Y15.759 E15.61126
G1 X37.835 Y16.044 E15.62792
G1 X37.92 Y16.415 E15.64623
G1 X37.921 Y20.531 E15.8442
G1 X37.863 Y20.86 E15.86027
G1 X37.772 Y21.046 E15.87023
G1 X36.954 Y21.897 E15.927
;WIDTH:0.457523
G1 X36.272 Y22.584 E15.97447
G1 X37.093 Y22.314 E16.01685
;WIDTH:0.45
G1 X37.638 Y22.587 E16.04617
G1 X37.832 Y22.865 E16.06247
G1 X37.919 Y23.211 E16.07963
G1 X37.921 Y27.379 E16.2801
G1 X37.847 Y27.749 E16.29825
G1 X37.696 Y27.998 E16.31226
G1 X37.437 Y28.215 E16.32851
G1 X37.059 Y28.343 E16.3477
G1 X32.847 Y28.343 E16.55028
G1 X32.506 Y28.28 E16.56696
G1 X32.165 Y28.06 E16.58648
G1 X31.892 Y27.515 E16.6158
;WIDTH:0.472193
G1 X32.048 Y26.819 E16.65208
G1 X31.475 Y27.376 E16.69273
;WIDTH:0.45
G1 X30.791 Y28.06 E16.73925
G1 X30.45 Y28.28 E16.75877
G1 X30.109 Y28.343 E16.77545
G1 X26.018 Y28.343 E16.97221
G1 X25.678 Y28.28 E16.98884
G1 X25.337 Y28.06 E17.00836
G1 X25.064 Y27.515 E17.03768
;WIDTH:0.472187
G1 X25.22 Y26.819 E17.07396
G1 X24.647 Y27.376 E17.11461
;WIDTH:0.45
G1 X23.963 Y28.06 E17.16113
G1 X23.622 Y28.28 E17.18065
G1 X23.281 Y28.343 E17.19733
G1 X19.19 Y28.343 E17.39409
G1 X18.849 Y28.28 E17.41077
G1 X18.508 Y28.06 E17.43029
G1 X18.236 Y27.515 E17.45959
;WIDTH:0.472193
G1 X18.392 Y26.819 E17.49587
G1 X17.819 Y27.376 E17.53652
;WIDTH:0.45
G1 X17.134 Y28.06 E17.58308
G1 X16.793 Y28.28 E17.6026
G1 X16.453 Y28.343 E17.61923
G1 X12.361 Y28.343 E17.81604
G1 X12.021 Y28.28 E17.83267
G1 X11.68 Y28.06 E17.85219
G1 X11.407 Y27.515 E17.88151
;WIDTH:0.472187
G1 X11.563 Y26.819 E17.91779
G1 X10.99 Y27.376 E17.95844
;WIDTH:0.45
G1 X10.306 Y28.06 E18.00496
G1 X9.965 Y28.28 E18.02448
G1 X9.624 Y28.343 E18.04116
G1 X5.533 Y28.343 E18.23792
G1 X5.192 Y28.28 E18.2546
G1 X4.851 Y28.06 E18.27412
G1 X4.579 Y27.515 E18.30342
;WIDTH:0.472193
G1 X4.735 Y26.819 E18.3397
G1 X4.162 Y27.376 E18.38035
;WIDTH:0.45
G1 X3.477 Y28.06 E18.42691
G1 X3.136 Y28.28 E18.44643
G1 X2.796 Y28.343 E18.46306
G1 X-1.295 Y28.343 E18.65982
G1 X-1.636 Y28.28 E18.6765
G1 X-1.977 Y28.06 E18.69602
G1 X-2.25 Y27.515 E18.72534
;WIDTH:0.472189
G1 X-2.094 Y26.819 E18.76162
G1 X-2.667 Y27.376 E18.80227
;WIDTH:0.45
G1 X-3.351 Y28.06 E18.84879
G1 X-3.692 Y28.28 E18.86831
G1 X-4.033 Y28.343 E18.88499
G1 X-8.124 Y28.343 E19.08175
G1 X-8.464 Y28.28 E19.09838
G1 X-8.806 Y28.06 E19.11794
G1 X-9.078 Y27.515 E19.14724
;WIDTH:0.472191
G1 X-8.922 Y26.819 E19.18352
G1 X-9.495 Y27.376 E19.22417
;WIDTH:0.45
G1 X-10.18 Y28.06 E19.27073
G1 X-10.521 Y28.28 E19.29025
G1 X-10.861 Y28.343 E19.30688
G1 X-14.952 Y28.343 E19.50364
G1 X-15.293 Y28.28 E19.52032
G1 X-15.634 Y28.06 E19.53984
G1 X-15.907 Y27.515 E19.56916
;WIDTH:0.472193
G1 X-15.751 Y26.819 E19.60544
G1 X-16.324 Y27.376 E19.64609
;WIDTH:0.45
G1 X-17.008 Y28.06 E19.69261
G1 X-17.349 Y28.28 E19.71213
G1 X-17.69 Y28.343 E19.72881
G1 X-21.781 Y28.343 E19.92557
G1 X-22.121 Y28.28 E19.9422
G1 X-22.462 Y28.06 E19.96172
G1 X-22.735 Y27.515 E19.99104
;WIDTH:0.472191
G1 X-22.579 Y26.819 E20.02732
G1 X-23.152 Y27.376 E20.06797
;WIDTH:0.45
G1 X-23.836 Y28.06 E20.11449
G1 X-24.177 Y28.28 E20.13401
G1 X-24.518 Y28.343 E20.15069
G1 X-28.609 Y28.343 E20.34745
G1 X-28.95 Y28.28 E20.36413
G1 X-29.291 Y28.06 E20.38365
G1 X-29.563 Y27.515 E20.41295
;WIDTH:0.472193
G1 X-29.407 Y26.819 E20.44923
G1 X-29.98 Y27.376 E20.48988
;WIDTH:0.45
G1 X-30.665 Y28.06 E20.53644
G1 X-31.006 Y28.28 E20.55596
G1 X-31.346 Y28.343 E20.57259
G1 X-35.438 Y28.343 E20.7694
G1 X-35.778 Y28.28 E20.78603
G1 X-36.119 Y28.06 E20.80555
G1 X-36.392 Y27.515 E20.83487
;WIDTH:0.472187
G1 X-36.236 Y26.819 E20.87115
G1 X-36.809 Y27.376 E20.9118
;WIDTH:0.45
G1 X-37.493 Y28.06 E20.95832
G1 X-37.834 Y28.28 E20.97784
G1 X-38.175 Y28.343 E20.99452
G1 X-42.266 Y28.343 E21.19128
G1 X-42.607 Y28.28 E21.20796
G1 X-42.948 Y28.06 E21.22748
G1 X-43.085 Y27.785 E21.24226
G1 E19.24226 F2400
G92 E0
G1 Z2.95 F7200
G1 X29.725 Y-33.398
G1 Z.95
G1 E2 F2400
G1 F3600
G1 X29.791 Y-33.268 E2.00701
G1 X29.688 Y-32.837 E2.02832
G1 X-30.937 Y27.788 E6.15196
G1 X-31.231 Y27.957 E6.16827
G1 X-35.438 Y27.957 E6.37061
G1 X-35.686 Y27.901 E6.38284
G1 X-35.847 Y27.788 E6.3923
G1 X-36.01 Y27.46 E6.40992
G1 X-35.907 Y27.03 E6.43119
G1 X24.718 Y-33.595 E10.55483
G1 X25.012 Y-33.764 E10.57114
G1 X29.218 Y-33.764 E10.77343
G1 X29.467 Y-33.708 E10.78571
G1 X29.627 Y-33.595 E10.79513
G1 X29.698 Y-33.452 E10.80281
G1 X29.386 Y-33.259 F7200
;TYPE:External perimeter
G1 F1800
G1 X29.409 Y-33.213 E10.80528
G1 X29.354 Y-33.049 E10.8136
G1 X-31.21 Y27.515 E14.93309
G1 X-31.346 Y27.571 E14.94016
G1 X-35.438 Y27.571 E15.13697
G1 X-35.574 Y27.515 E15.14404
G1 X-35.628 Y27.406 E15.14989
G1 X-35.574 Y27.242 E15.15819
G1 X24.991 Y-33.322 E19.27771
G1 X25.108 Y-33.379 E19.28397
G1 X29.218 Y-33.379 E19.48165
G1 X29.354 Y-33.322 E19.48874
G1 X29.359 Y-33.312 E19.48928
G1 X29.232 Y-32.933 F7200
G1 E17.48928 F2400
G92 E0
G1 Z2.95 F7200
G1 X-42.773 Y27.591
G1 Z.95
G1 E2 F2400
;TYPE:Perimeter
G1 F3600
G1 X-42.839 Y27.46 E2.00706
G1 X-42.736 Y27.03 E2.02833
G1 X17.889 Y-33.595 E6.15197
G1 X18.183 Y-33.764 E6.16828
G1 X22.389 Y-33.764 E6.37057
G1 X22.638 Y-33.708 E6.38285
G1 X22.798 Y-33.595 E6.39227
G1 X22.962 Y-33.268 E6.40986
G1 X22.859 Y-32.837 E6.43117
G1 X-37.766 Y27.788 E10.55481
G1 X-38.06 Y27.957 E10.57112
G1 X-42.266 Y27.957 E10.77341
G1 X-42.515 Y27.901 E10.78569
G1 X-42.675 Y27.788 E10.79511
G1 X-42.746 Y27.645 E10.80279
G1 X-42.434 Y27.451 F7200
;TYPE:External perimeter
G1 F1800
G1 X-42.457 Y27.406 E10.80522
G1 X-42.402 Y27.242 E10.81354
G1 X18.162 Y-33.322 E14.93303
G1 X18.285 Y-33.379 E14.93955
G1 X22.389 Y-33.379 E15.13694
G1 X22.526 Y-33.322 E15.14408
G1 X22.58 Y-33.213 E15.14993
G1 X22.526 Y-33.049 E15.15823
G1 X-38.039 Y27.515 E19.27775
G1 X-38.175 Y27.571 E19.28482
G1 X-42.266 Y27.571 E19.48158
G1 X-42.402 Y27.515 E19.48865
G1 X-42.407 Y27.505 E19.48919
G1 X-42.28 Y27.126 F7200
G1 E17.48919 F2400
G92 E0
G1 Z2.95 F7200
G1 X63.018 Y-40.553
G1 Z.95
G1 E2 F2400
;TYPE:Perimeter
G1 F1200
G1 X62.967 Y-40.64 E2.00485
G1 X62.773 Y-41.172 E2.03209
G1 X62.739 Y-41.37 E2.04175
G1 X62.739 Y-41.937 E2.06902
G1 X62.773 Y-42.135 E2.07868
G1 X62.967 Y-42.668 E2.10596
G1 X63.068 Y-42.842 E2.11564
G1 X63.432 Y-43.276 E2.14288
G1 X63.586 Y-43.405 E2.15254
G1 X64.077 Y-43.688 E2.1798
G1 X64.266 Y-43.757 E2.18948
G1 X64.825 Y-43.856 E2.21678
G1 X65.583 Y-43.757 E2.25355
G1 X66.016 Y-43.547 E2.2767
G1 X66.417 Y-43.276 E2.29998
G1 X66.781 Y-42.842 E2.32722
G1 X66.919 Y-42.565 E2.3421
G1 X67.1 Y-42.045 E2.36858
G1 X67.11 Y-41.37 E2.40105
G1 X67.076 Y-41.172 E2.41071
G1 X66.882 Y-40.64 E2.43795
G1 X66.781 Y-40.466 E2.44763
G1 X66.417 Y-40.031 E2.47491
G1 X66.263 Y-39.902 E2.48457
G1 X65.772 Y-39.619 E2.51183
G1 X65.583 Y-39.55 E2.52151
G1 X65.025 Y-39.452 E2.54876
G1 X64.824 Y-39.452 E2.55843
G1 X64.266 Y-39.55 E2.58568
G1 X64.077 Y-39.619 E2.59536
G1 X63.586 Y-39.902 E2.62262
G1 X63.432 Y-40.031 E2.63228
G1 X63.068 Y-40.466 E2.65956
G1 X63.048 Y-40.501 E2.6615
G1 X63.351 Y-40.746 F7200
;TYPE:External perimeter
G1 F1200
G1 X63.136 Y-41.304 E2.69026
G1 X63.124 Y-41.937 E2.72071
G1 X63.33 Y-42.536 E2.75118
G1 X63.728 Y-43.028 E2.78162
G1 X64.27 Y-43.354 E2.81204
G1 X64.891 Y-43.476 E2.84248
G1 X65.516 Y-43.377 E2.87292
G1 X66.063 Y-43.075 E2.90297
G1 X66.421 Y-42.671 E2.92893
G1 X66.556 Y-42.434 E2.94205
G1 X66.725 Y-41.937 E2.9673
G1 X66.725 Y-41.37 E2.99457
G1 X66.519 Y-40.772 E3.02499
G1 X66.121 Y-40.279 E3.05546
G1 X65.579 Y-39.953 E3.08588
G1 X64.958 Y-39.831 E3.11632
G1 X64.333 Y-39.93 E3.14676
G1 X63.779 Y-40.236 E3.1772
G1 X63.38 Y-40.694 E3.20642
G1 X63.229 Y-41.065 F7200
G1 E1.20642 F2400
G92 E0
G1 Z2.95 F7200
G1 X64.724 Y33.662
G1 Z.95
G1 E2 F2400
;TYPE:Perimeter
G1 F1200
G1 X64.824 Y33.644 E2.00489
G1 X65.025 Y33.644 E2.01456
G1 X65.583 Y33.743 E2.04182
G1 X65.772 Y33.812 E2.0515
G1 X66.263 Y34.095 E2.07876
G1 X66.417 Y34.224 E2.08842
G1 X66.781 Y34.658 E2.11566
G1 X66.882 Y34.832 E2.12534
G1 X67.076 Y35.365 E2.15262
G1 X67.11 Y35.563 E2.16228
G1 X67.11 Y36.13 E2.18955
G1 X67.015 Y36.495 E2.20769
G1 X66.79 Y37.023 E2.23529
G1 X66.417 Y37.469 E2.26325
G1 X66.016 Y37.74 E2.28653
G1 X65.583 Y37.95 E2.30968
G1 X65.024 Y38.048 E2.33698
G1 X64.824 Y38.048 E2.3466
G1 X64.266 Y37.95 E2.37385
G1 X64.077 Y37.881 E2.38353
G1 X63.586 Y37.598 E2.41079
G1 X63.432 Y37.469 E2.42045
G1 X63.068 Y37.034 E2.44773
G1 X62.967 Y36.86 E2.45741
G1 X62.773 Y36.328 E2.48465
G1 X62.739 Y36.13 E2.49431
G1 X62.739 Y35.563 E2.52158
G1 X62.773 Y35.365 E2.53124
G1 X62.967 Y34.832 E2.55852
G1 X63.068 Y34.658 E2.5682
G1 X63.432 Y34.224 E2.59544
G1 X63.586 Y34.095 E2.6051
G1 X64.077 Y33.812 E2.63236
G1 X64.266 Y33.743 E2.64204
G1 X64.665 Y33.673 E2.66152
G1 X64.758 Y34.05 F7200
;TYPE:External perimeter
G1 F1200
G1 X64.891 Y34.024 E2.66804
G1 X65.516 Y34.123 E2.69848
G1 X66.07 Y34.429 E2.72892
G1 X66.486 Y34.906 E2.75936
G1 X66.713 Y35.497 E2.78981
G1 X66.725 Y36.13 E2.82026
G1 X66.556 Y36.626 E2.84546
G1 X66.421 Y36.864 E2.85862
G1 X66.089 Y37.251 E2.88314
G1 X65.583 Y37.545 E2.91129
G1 X64.958 Y37.669 E2.94194
G1 X64.333 Y37.57 E2.97238
G1 X63.779 Y37.264 E3.00282
G1 X63.363 Y36.786 E3.0333
G1 X63.136 Y36.196 E3.0637
G1 X63.124 Y35.563 E3.09415
G1 X63.33 Y34.964 E3.12462
G1 X63.728 Y34.472 E3.15506
G1 X64.27 Y34.146 E3.18548
G1 X64.699 Y34.062 E3.20651
G1 X65.099 Y34.065 F7200
G1 E1.20651 F2400
G92 E0
G1 Z2.95 F7200
G1 X16.068 Y-33.398
G1 Z.95
G1 E2 F2400
;TYPE:Perimeter
G1 F3600
G1 X16.134 Y-33.268 E2.00701
G1 X16.031 Y-32.837 E2.02832
G1 X-44.594 Y27.788 E6.15196
G1 X-44.888 Y27.957 E6.16827
G1 X-49.094 Y27.957 E6.37056
G1 X-49.343 Y27.901 E6.38284
G1 X-49.503 Y27.788 E6.39226
G1 X-49.667 Y27.46 E6.4099
G1 X-49.564 Y27.03 E6.43117
G1 X11.061 Y-33.595 E10.55481
G1 X11.355 Y-33.764 E10.57112
G1 X15.561 Y-33.764 E10.77341
G1 X15.81 Y-33.708 E10.78569
G1 X15.97 Y-33.595 E10.79511
G1 X16.042 Y-33.452 E10.80281
G1 X15.729 Y-33.259 F7200
;TYPE:External perimeter
G1 F1800
G1 X15.752 Y-33.213 E10.80528
G1 X15.697 Y-33.049 E10.8136
G1 X-44.867 Y27.515 E14.93309
G1 X-45.003 Y27.571 E14.94016
G1 X-49.094 Y27.571 E15.13692
G1 X-49.199 Y27.541 E15.14217
G1 X-49.285 Y27.406 E15.14987
G1 X-49.231 Y27.242 E15.15817
G1 X11.334 Y-33.322 E19.27769
G1 X11.47 Y-33.379 E19.28478
G1 X15.561 Y-33.379 E19.48154
G1 X15.697 Y-33.322 E19.48863
G1 X15.702 Y-33.312 E19.48917
G1 X15.575 Y-32.933 F7200
G1 E17.48917 F2400
G92 E0
G1 Z2.95 F7200
G1 X9.24 Y-33.398
G1 Z.95
G1 E2 F2400
;TYPE:Perimeter
G1 F3600
G1 X9.305 Y-33.268 E2.00699
G1 X9.202 Y-32.837 E2.0283
G1 X-51.423 Y27.788 E6.15194
G1 X-51.716 Y27.957 E6.16821
G1 X-55.923 Y27.957 E6.37055
G1 X-56.158 Y27.907 E6.38211
G1 X-56.383 Y27.729 E6.39591
G1 X-56.475 Y27.552 E6.4055
G1 X-56.501 Y27.355 E6.41506
G1 X-56.478 Y27.215 E6.42188
G1 X-56.332 Y26.97 E6.4356
G1 X4.233 Y-33.595 E10.55516
G1 X4.526 Y-33.764 E10.57143
G1 X8.733 Y-33.764 E10.77377
G1 X8.981 Y-33.708 E10.786
G1 X9.142 Y-33.595 E10.79546
G1 X9.213 Y-33.452 E10.80314
G1 X8.901 Y-33.259 F7200
;TYPE:External perimeter
G1 F1800
G1 X8.923 Y-33.213 E10.80559
G1 X8.869 Y-33.049 E10.81389
G1 X-51.695 Y27.515 E14.93338
G1 X-51.832 Y27.571 E14.9405
G1 X-55.923 Y27.571 E15.13726
G1 X-56.062 Y27.512 E15.14452
G1 X-56.107 Y27.436 E15.14877
G1 X-56.108 Y27.324 E15.15416
G1 X-55.72 Y26.903 E15.1817
G1 X4.505 Y-33.322 E19.27813
G1 X4.642 Y-33.379 E19.28527
G1 X8.733 Y-33.379 E19.48203
G1 X8.869 Y-33.322 E19.48912
G1 X8.874 Y-33.312 E19.48966
G1 X8.747 Y-32.933 F7200
G1 E17.48966 F2400
G92 E0
G1 Z2.95 F7200
G1 X-57.062 Y26.075
G1 Z.95
G1 E2 F2400
;TYPE:Perimeter
G1 F3600
G1 X-57.274 Y25.926 E2.01246
G1 X-57.412 Y25.59 E2.02993
G1 X-57.412 Y21.46 E2.22857
G1 X-57.355 Y21.21 E2.2409
G1 X-57.242 Y21.051 E2.25028
G1 X-2.596 Y-33.595 E5.96723
G1 X-2.302 Y-33.764 E5.98354
G1 X1.904 Y-33.764 E6.18583
G1 X2.153 Y-33.708 E6.19811
G1 X2.313 Y-33.595 E6.20753
G1 X2.477 Y-33.268 E6.22512
G1 X2.374 Y-32.837 E6.24643
G1 X-56.424 Y25.961 E10.2458
G1 X-56.753 Y26.124 E10.26346
G1 X-57.008 Y26.096 E10.2758
G1 X-56.897 Y25.711 F7200
;TYPE:External perimeter
G1 F1800
G1 X-56.973 Y25.684 E10.27968
G1 X-57.026 Y25.552 E10.28652
G1 X-57.026 Y21.46 E10.48333
G1 X-56.969 Y21.324 E10.49042
G1 X-2.323 Y-33.322 E14.20737
G1 X-2.187 Y-33.379 E14.21446
G1 X1.904 Y-33.379 E14.41122
G1 X2.041 Y-33.322 E14.41836
G1 X2.095 Y-33.213 E14.42421
G1 X2.041 Y-33.049 E14.43251
G1 X-56.697 Y25.688 E18.42776
G1 X-56.806 Y25.742 E18.43361
G1 X-56.841 Y25.73 E18.43539
G1 X-57.025 Y25.376 F7200
G1 E16.43539 F2400
G92 E0
G1 Z2.95 F7200
G1 X-4.417 Y-33.398
G1 Z.95
G1 E2 F2400
;TYPE:Perimeter
G1 F3600
G1 X-4.352 Y-33.268 E2.00699
G1 X-4.455 Y-32.837 E2.0283
G1 X-56.424 Y19.132 E5.56317
G1 X-56.501 Y19.197 E5.56802
G1 X-56.915 Y19.296 E5.58849
G1 X-57.242 Y19.132 E5.60608
G1 X-57.412 Y18.839 E5.62237
G1 X-57.412 Y14.632 E5.82471
G1 X-57.355 Y14.382 E5.83704
G1 X-57.242 Y14.223 E5.84642
G1 X-9.424 Y-33.595 E9.09894
G1 X-9.131 Y-33.764 E9.11521
G1 X-4.924 Y-33.764 E9.31755
G1 X-4.675 Y-33.708 E9.32983
G1 X-4.515 Y-33.595 E9.33925
G1 X-4.444 Y-33.452 E9.34693
G1 X-4.756 Y-33.259 F7200
;TYPE:External perimeter
G1 F1800
G1 X-4.733 Y-33.213 E9.3494
G1 X-4.788 Y-33.049 E9.35772
G1 X-56.697 Y18.859 E12.88847
G1 X-56.86 Y18.914 E12.89674
G1 X-57.026 Y18.793 E12.90662
G1 X-57.026 Y14.632 E13.10675
G1 X-56.969 Y14.496 E13.11384
G1 X-9.152 Y-33.322 E16.36633
G1 X-9.015 Y-33.379 E16.37347
G1 X-4.924 Y-33.379 E16.57023
G1 X-4.788 Y-33.322 E16.57732
G1 X-4.783 Y-33.312 E16.57786
G1 X-4.91 Y-32.933 F7200
G1 E14.57786 F2400
G92 E0
G1 Z2.95 F7200
G1 X-11.245 Y-33.398
G1 Z.95
G1 E2 F2400
;TYPE:Perimeter
G1 F3600
G1 X-11.18 Y-33.268 E2.00699
G1 X-11.283 Y-32.837 E2.0283
G1 X-56.424 Y12.304 E5.09873
G1 X-56.501 Y12.368 E5.10355
G1 X-56.915 Y12.467 E5.12402
G1 X-57.242 Y12.304 E5.14159
G1 X-57.374 Y12.1 E5.15328
G1 X-57.412 Y11.895 E5.16331
G1 X-57.412 Y7.804 E5.36007
G1 X-57.355 Y7.553 E5.37245
G1 X-57.242 Y7.395 E5.38179
G1 X-16.253 Y-33.595 E8.16984
G1 X-15.959 Y-33.764 E8.18615
G1 X-11.753 Y-33.764 E8.38844
G1 X-11.504 Y-33.708 E8.40072
G1 X-11.344 Y-33.595 E8.41014
G1 X-11.272 Y-33.452 E8.41784
G1 X-11.585 Y-33.259 F7200
;TYPE:External perimeter
G1 F1800
G1 X-11.562 Y-33.213 E8.42031
G1 X-11.616 Y-33.049 E8.42861
G1 X-56.697 Y12.031 E11.49493
G1 X-56.86 Y12.086 E11.5032
G1 X-57.026 Y11.964 E11.51311
G1 X-57.026 Y7.804 E11.71319
G1 X-56.969 Y7.667 E11.72033
G1 X-15.98 Y-33.322 E14.50835
G1 X-15.844 Y-33.379 E14.51544
G1 X-11.753 Y-33.379 E14.7122
G1 X-11.616 Y-33.322 E14.71934
G1 X-11.611 Y-33.312 E14.71988
G1 X-11.738 Y-32.933 F7200
G1 E12.71988 F2400
G92 E0
G1 Z2.95 F7200
G1 X-18.074 Y-33.398
G1 Z.95
G1 E2 F2400
;TYPE:Perimeter
G1 F3600
G1 X-18.008 Y-33.268 E2.00701
G1 X-18.111 Y-32.837 E2.02832
G1 X-56.424 Y5.475 E4.63429
G1 X-56.501 Y5.54 E4.63914
G1 X-56.915 Y5.639 E4.65961
G1 X-57.242 Y5.475 E4.6772
G1 X-57.412 Y5.182 E4.69349
G1 X-57.412 Y.975 E4.89583
G1 X-57.355 Y.725 E4.90816
G1 X-57.242 Y.566 E4.91754
G1 X-23.081 Y-33.595 E7.24113
G1 X-22.787 Y-33.764 E7.25744
G1 X-18.581 Y-33.764 E7.45973
G1 X-18.332 Y-33.708 E7.47201
G1 X-18.172 Y-33.595 E7.48143
G1 X-18.101 Y-33.452 E7.48911
G1 X-18.413 Y-33.259 F7200
;TYPE:External perimeter
G1 F1800
G1 X-18.39 Y-33.213 E7.49158
G1 X-18.445 Y-33.049 E7.4999
G1 X-56.697 Y5.203 E10.10175
G1 X-56.86 Y5.257 E10.11001
G1 X-57.026 Y5.136 E10.11989
G1 X-57.026 Y.975 E10.32002
G1 X-56.969 Y.839 E10.32711
G1 X-22.808 Y-33.322 E12.6507
G1 X-22.672 Y-33.379 E12.65779
G1 X-18.581 Y-33.379 E12.85455
G1 X-18.445 Y-33.322 E12.86164
G1 X-18.44 Y-33.312 E12.86218
G1 X-18.567 Y-32.933 F7200
G1 E10.86218 F2400
G92 E0
G1 Z2.95 F7200
G1 X-24.902 Y-33.398
G1 Z.95
G1 E2 F2400
;TYPE:Perimeter
G1 F3600
G1 X-24.837 Y-33.268 E2.00699
G1 X-24.94 Y-32.837 E2.0283
G1 X-56.424 Y-1.353 E4.1698
G1 X-56.501 Y-1.289 E4.17462
G1 X-56.915 Y-1.19 E4.19509
G1 X-57.242 Y-1.353 E4.21266
G1 X-57.412 Y-1.646 E4.22895
G1 X-57.412 Y-5.853 E4.43129
G1 X-57.355 Y-6.103 E4.44362
G1 X-57.242 Y-6.262 E4.453
G1 X-29.91 Y-33.595 E6.31212
G1 X-29.616 Y-33.764 E6.32843
G1 X-25.41 Y-33.764 E6.53072
G1 X-25.161 Y-33.708 E6.543
G1 X-25.001 Y-33.595 E6.55242
G1 X-24.929 Y-33.452 E6.56012
G1 X-25.241 Y-33.259 F7200
;TYPE:External perimeter
G1 F1800
G1 X-25.219 Y-33.213 E6.56257
G1 X-25.273 Y-33.049 E6.57087
G1 X-56.697 Y-1.626 E8.70826
G1 X-56.86 Y-1.571 E8.71653
G1 X-57.026 Y-1.693 E8.72644
G1 X-57.026 Y-5.853 E8.92652
G1 X-56.969 Y-5.99 E8.93366
G1 X-29.637 Y-33.322 E10.79275
G1 X-29.501 Y-33.379 E10.79984
G1 X-25.41 Y-33.379 E10.9966
G1 X-25.273 Y-33.322 E11.00374
G1 X-25.268 Y-33.312 E11.00428
G1 X-25.395 Y-32.933 F7200
G1 E9.00428 F2400
G92 E0
G1 Z2.95 F7200
G1 X-31.731 Y-33.398
G1 Z.95
G1 E2 F2400
;TYPE:Perimeter
G1 F3600
G1 X-31.665 Y-33.268 E2.00701
G1 X-31.768 Y-32.837 E2.02832
G1 X-56.424 Y-8.182 E3.70536
G1 X-56.501 Y-8.117 E3.71021
G1 X-56.915 Y-8.018 E3.73068
G1 X-57.242 Y-8.182 E3.74827
G1 X-57.412 Y-8.475 E3.76456
G1 X-57.412 Y-12.682 E3.9669
G1 X-57.355 Y-12.932 E3.97923
G1 X-57.242 Y-13.091 E3.98861
G1 X-36.738 Y-33.595 E5.38327
G1 X-36.444 Y-33.764 E5.39958
G1 X-32.238 Y-33.764 E5.60187
G1 X-31.989 Y-33.708 E5.61415
G1 X-31.829 Y-33.595 E5.62357
G1 X-31.757 Y-33.452 E5.63127
G1 X-32.07 Y-33.259 F7200
;TYPE:External perimeter
G1 F1800
G1 X-32.047 Y-33.213 E5.63374
G1 X-32.102 Y-33.049 E5.64206
G1 X-56.697 Y-8.454 E7.31498
G1 X-56.86 Y-8.4 E7.32324
G1 X-57.026 Y-8.521 E7.33312
G1 X-57.026 Y-12.682 E7.53325
G1 X-56.969 Y-12.818 E7.54034
G1 X-36.465 Y-33.322 E8.935
G1 X-36.329 Y-33.379 E8.94209
G1 X-32.238 Y-33.379 E9.13885
G1 X-32.102 Y-33.322 E9.14594
G1 X-32.097 Y-33.312 E9.14648
G1 X-32.224 Y-32.933 F7200
G1 E7.14648 F2400
G92 E0
G1 Z2.95 F7200
G1 X-45.387 Y-33.398
G1 Z.95
G1 E2 F2400
;TYPE:Perimeter
G1 F1200
G1 X-45.322 Y-33.268 E2.00699
G1 X-45.425 Y-32.837 E2.0283
G1 X-56.424 Y-21.838 E2.77644
G1 X-56.501 Y-21.774 E2.78126
G1 X-56.915 Y-21.675 E2.80173
G1 X-57.242 Y-21.838 E2.8193
G1 X-57.412 Y-22.131 E2.83559
G1 X-57.412 Y-26.339 E3.03798
G1 X-57.347 Y-26.624 E3.05204
G1 X-50.395 Y-33.595 E3.52555
G1 X-50.101 Y-33.764 E3.54186
G1 X-45.895 Y-33.764 E3.74415
G1 X-45.646 Y-33.708 E3.75643
G1 X-45.486 Y-33.595 E3.76585
G1 X-45.414 Y-33.452 E3.77355
G1 X-45.727 Y-33.259 F7200
;TYPE:External perimeter
G1 F1200
G1 X-45.704 Y-33.213 E3.77602
G1 X-45.758 Y-33.049 E3.78432
G1 X-56.697 Y-22.111 E4.52834
G1 X-56.86 Y-22.057 E4.5366
G1 X-57.026 Y-22.178 E4.54648
G1 X-57.026 Y-26.339 E4.74661
G1 X-56.995 Y-26.443 E4.75183
G1 X-50.122 Y-33.322 E5.21953
G1 X-49.986 Y-33.379 E5.22662
G1 X-45.895 Y-33.379 E5.42338
G1 X-45.758 Y-33.322 E5.43052
G1 X-45.754 Y-33.312 E5.43104
G1 X-45.88 Y-32.933 F7200
G1 E3.43104 F2400
G92 E0
G1 Z2.95 F7200
G1 X-52.216 Y-33.398
G1 Z.95
G1 E2 F2400
;TYPE:Perimeter
G1 F1200
G1 X-52.151 Y-33.268 E2.00699
G1 X-52.254 Y-32.837 E2.0283
G1 X-56.501 Y-28.602 E2.31677
G1 X-56.915 Y-28.503 E2.33724
G1 X-57.242 Y-28.667 E2.35483
G1 X-57.412 Y-28.96 E2.37112
G1 X-57.41 Y-33.226 E2.5763
G1 X-57.34 Y-33.465 E2.58828
G1 X-57.167 Y-33.658 E2.60075
G1 X-56.894 Y-33.764 E2.61484
G1 X-52.723 Y-33.764 E2.81545
G1 X-52.474 Y-33.708 E2.82773
G1 X-52.314 Y-33.595 E2.83715
G1 X-52.243 Y-33.452 E2.84483
G1 X-52.566 Y-33.259 F7200
;TYPE:External perimeter
G1 F1200
G1 X-52.532 Y-33.213 E2.84758
G1 X-52.587 Y-33.049 E2.8559
G1 X-56.697 Y-28.94 E3.13542
G1 X-56.86 Y-28.885 E3.14369
G1 X-57.026 Y-29.006 E3.15357
G1 X-57.024 Y-33.213 E3.35591
G1 X-56.945 Y-33.343 E3.36323
G1 X-56.833 Y-33.379 E3.36889
G1 X-52.723 Y-33.379 E3.56657
G1 X-52.64 Y-33.36 E3.57067
G1 X-52.602 Y-33.308 E3.57377
G1 X-52.709 Y-32.922 F7200
G1 E1.57377 F2400
G92 E0
G1 Z2.95 F7200
G1 X-38.559 Y-33.398
G1 Z.95
G1 E2 F2400
;TYPE:Perimeter
G1 F3600
G1 X-38.494 Y-33.268 E2.00699
G1 X-38.597 Y-32.837 E2.0283
G1 X-56.424 Y-15.01 E3.24087
G1 X-56.501 Y-14.946 E3.24569
G1 X-56.915 Y-14.846 E3.26617
G1 X-57.242 Y-15.01 E3.28376
G1 X-57.412 Y-15.303 E3.30005
G1 X-57.412 Y-19.51 E3.50239
G1 X-57.355 Y-19.76 E3.51472
G1 X-57.242 Y-19.919 E3.5241
G1 X-43.566 Y-33.595 E4.45432
G1 X-43.273 Y-33.764 E4.47059
G1 X-39.066 Y-33.764 E4.67293
G1 X-38.753 Y-33.672 E4.68862
G1 X-38.657 Y-33.595 E4.69454
G1 X-38.586 Y-33.452 E4.70222
G1 X-38.898 Y-33.259 F7200
;TYPE:External perimeter
G1 F1800
G1 X-38.875 Y-33.213 E4.70469
G1 X-38.93 Y-33.049 E4.71301
G1 X-56.697 Y-15.283 E5.92147
G1 X-56.86 Y-15.228 E5.92974
G1 X-57.026 Y-15.35 E5.93965
G1 X-57.026 Y-19.51 E6.13973
G1 X-56.969 Y-19.646 E6.14682
G1 X-43.294 Y-33.322 E7.07701
G1 X-43.157 Y-33.379 E7.08415
G1 X-39.066 Y-33.379 E7.28091
G1 X-38.93 Y-33.322 E7.288
G1 X-38.925 Y-33.312 E7.28854
G1 X-39.052 Y-32.933 F7200
G1 E5.28854 F2400
G92 E0
G1 Z2.95 F7200
G1 X-69.983 Y-39.761
G1 Z.95
G1 E2 F2400
;TYPE:Perimeter
G1 F1200
G1 X-70.278 Y-39.593 E2.01633
G1 X-70.975 Y-39.452 E2.05053
G1 X-71.176 Y-39.452 E2.0602
G1 X-71.734 Y-39.55 E2.08745
G1 X-71.923 Y-39.619 E2.09713
G1 X-72.414 Y-39.902 E2.12439
G1 X-72.568 Y-40.031 E2.13405
G1 X-72.932 Y-40.466 E2.16133
G1 X-73.033 Y-40.64 E2.17101
G1 X-73.227 Y-41.172 E2.19825
G1 X-73.261 Y-41.37 E2.20791
G1 X-73.261 Y-41.937 E2.23518
G1 X-73.166 Y-42.302 E2.25332
G1 X-72.991 Y-42.758 E2.27681
G1 X-72.568 Y-43.276 E2.30898
G1 X-72.167 Y-43.547 E2.33226
G1 X-71.734 Y-43.757 E2.35541
G1 X-71.175 Y-43.856 E2.38271
G1 X-70.975 Y-43.856 E2.39233
G1 X-70.417 Y-43.757 E2.41959
G1 X-70.228 Y-43.688 E2.42927
G1 X-69.737 Y-43.405 E2.45653
G1 X-69.583 Y-43.276 E2.46619
G1 X-69.219 Y-42.842 E2.49343
G1 X-69.118 Y-42.668 E2.50311
G1 X-68.924 Y-42.135 E2.53039
G1 X-68.89 Y-41.937 E2.54005
G1 X-68.89 Y-41.37 E2.56732
G1 X-68.924 Y-41.172 E2.57698
G1 X-69.118 Y-40.64 E2.60422
G1 X-69.219 Y-40.466 E2.6139
G1 X-69.583 Y-40.031 E2.64118
G1 X-69.81 Y-39.86 E2.65485
G1 X-69.931 Y-39.791 E2.66155
G1 X-70.178 Y-40.099 F7200
;TYPE:External perimeter
G1 F1200
G1 X-70.421 Y-39.953 E2.67518
G1 X-71.042 Y-39.831 E2.70562
G1 X-71.667 Y-39.93 E2.73606
G1 X-72.221 Y-40.236 E2.7665
G1 X-72.637 Y-40.714 E2.79698
G1 X-72.864 Y-41.304 E2.82738
G1 X-72.876 Y-41.937 E2.85783
G1 X-72.708 Y-42.434 E2.88306
G1 X-72.572 Y-42.671 E2.8962
G1 X-72.24 Y-43.058 E2.92072
G1 X-71.734 Y-43.352 E2.94887
G1 X-71.109 Y-43.476 E2.97952
G1 X-70.484 Y-43.377 E3.00996
G1 X-69.93 Y-43.071 E3.0404
G1 X-69.514 Y-42.594 E3.07084
G1 X-69.287 Y-42.003 E3.10129
G1 X-69.275 Y-41.37 E3.13174
G1 X-69.481 Y-40.772 E3.16216
G1 X-69.879 Y-40.279 E3.19263
G1 X-70.127 Y-40.13 E3.20655
G1 X-70.486 Y-39.954 F7200
G1 E1.20655 F2400
G92 E0
G1 Z2.95 F7200
G1 X-71.276 Y33.662
G1 Z.95
G1 E2 F2400
;TYPE:Perimeter
G1 F1200
G1 X-71.176 Y33.644 E2.00489
G1 X-70.975 Y33.644 E2.01456
G1 X-70.417 Y33.743 E2.04182
G1 X-70.228 Y33.812 E2.0515
G1 X-69.737 Y34.095 E2.07876
G1 X-69.583 Y34.224 E2.08842
G1 X-69.219 Y34.658 E2.11566
G1 X-69.118 Y34.832 E2.12534
G1 X-68.924 Y35.365 E2.15262
G1 X-68.89 Y35.563 E2.16228
G1 X-68.89 Y36.13 E2.18955
G1 X-68.924 Y36.328 E2.19921
G1 X-69.118 Y36.86 E2.22645
G1 X-69.219 Y37.034 E2.23613
G1 X-69.583 Y37.469 E2.26341
G1 X-69.737 Y37.598 E2.27307
G1 X-70.228 Y37.881 E2.30033
G1 X-70.417 Y37.95 E2.31001
G1 X-70.976 Y38.048 E2.33731
G1 X-71.478 Y37.995 E2.36159
G1 X-71.769 Y37.943 E2.37581
G1 X-72.407 Y37.602 E2.4106
G1 X-72.691 Y37.322 E2.42978
G1 X-72.991 Y36.951 E2.45273
G1 X-73.227 Y36.328 E2.48477
G1 X-73.261 Y36.13 E2.49443
G1 X-73.261 Y35.563 E2.5217
G1 X-73.227 Y35.365 E2.53136
G1 X-73.033 Y34.832 E2.55864
G1 X-72.932 Y34.658 E2.56832
G1 X-72.568 Y34.224 E2.59556
G1 X-72.414 Y34.095 E2.60522
G1 X-71.923 Y33.812 E2.63248
G1 X-71.734 Y33.743 E2.64216
G1 X-71.335 Y33.673 E2.66164
G1 X-71.242 Y34.05 F7200
;TYPE:External perimeter
G1 F1200
G1 X-71.109 Y34.024 E2.66816
G1 X-70.484 Y34.123 E2.6986
G1 X-69.879 Y34.472 E2.73219
G1 X-69.512 Y34.909 E2.75964
G1 X-69.287 Y35.497 E2.78992
G1 X-69.275 Y36.13 E2.82037
G1 X-69.481 Y36.728 E2.85079
G1 X-69.879 Y37.221 E2.88126
G1 X-70.421 Y37.547 E2.91168
G1 X-71.042 Y37.669 E2.94212
G1 X-71.667 Y37.57 E2.97256
G1 X-72.214 Y37.268 E3.00261
G1 X-72.572 Y36.864 E3.02857
G1 X-72.708 Y36.626 E3.04175
G1 X-72.876 Y36.13 E3.06694
G1 X-72.876 Y35.563 E3.09421
G1 X-72.67 Y34.964 E3.12468
G1 X-72.272 Y34.472 E3.15512
G1 X-71.73 Y34.146 E3.18554
G1 X-71.301 Y34.062 E3.20657
G1 X-70.901 Y34.065 F7200
G1 E1.20657 F2400
G92 E0
G1 Z2.95 F7200
G1 X67.451 Y35.563
G1 Z.95
G1 E2 F2400
;TYPE:Perimeter
;WIDTH:0.359951
G1 F1200
G1 X67.451 Y36.13 E2.0209
;WIDTH:0.408162
G1 X67.416 Y36.379 E2.03168
;WIDTH:0.456373
G1 X67.38 Y36.628 E2.04398
;WIDTH:0.481543
G1 X67.289 Y36.892 E2.05851
;WIDTH:0.506713
G1 X67.199 Y37.157 E2.07395
;WIDTH:0.534073
G1 X67.038 Y37.381 E2.09011
;WIDTH:0.561433
G1 X66.878 Y37.606 E2.10723
G1 X66.575 Y37.901 E2.13345
;WIDTH:0.529993
G1 X65.977 Y38.228 E2.17303
;WIDTH:0.485083
G1 X65.813 Y38.274 E2.18197
;WIDTH:0.457313
G1 X65.648 Y38.32 E2.19036
;WIDTH:0.429543
G1 X65.366 Y38.349 E2.20327
;WIDTH:0.389285
G1 X65.083 Y38.378 E2.2148
;WIDTH:0.398622
G1 X64.641 Y38.354 E2.23325
;WIDTH:0.448217
G1 X64.199 Y38.329 E2.25444
G1 E.25444 F2400
G92 E0
G1 Z2.95 F7200
G1 X67.406 Y35.146
G1 Z.95
G1 E2 F2400
;WIDTH:0.45
G1 F3600
G1 X67.244 Y34.701 E2.02278
G1 X67.077 Y34.411 E2.03888
G1 X66.712 Y33.976 E2.06619
G1 X66.456 Y33.761 E2.08227
G1 X65.965 Y33.478 E2.10953
G1 X65.65 Y33.363 E2.12566
G1 X65.092 Y33.265 E2.15291
G1 X64.757 Y33.265 E2.16902
G1 X64.199 Y33.363 E2.19627
G1 X63.884 Y33.478 E2.2124
G1 X63.393 Y33.761 E2.23966
G1 X63.137 Y33.976 E2.25574
G1 X62.772 Y34.411 E2.28305
G1 X62.605 Y34.701 E2.29915
G1 X62.411 Y35.233 E2.32639
G1 X62.353 Y35.563 E2.34251
G1 X62.353 Y36.13 E2.36978
G1 X62.411 Y36.46 E2.3859
G1 X62.605 Y36.992 E2.41314
G1 X62.772 Y37.282 E2.42924
G1 X63.137 Y37.717 E2.45655
G1 X63.393 Y37.932 E2.47263
G1 X63.884 Y38.215 E2.49989
;WIDTH:0.449778
G1 X64.199 Y38.329 E2.51599
G1 X63.854 Y38.328 E2.53257
;WIDTH:0.45
G1 X-70.35 Y38.329 E8.98732
;WIDTH:0.449778
G1 X-70.035 Y38.215 E9.00342
;WIDTH:0.45
G1 X-69.544 Y37.932 E9.03068
G1 X-69.288 Y37.717 E9.04676
G1 X-68.923 Y37.282 E9.07407
G1 X-68.756 Y36.992 E9.09017
G1 X-68.562 Y36.46 E9.11741
G1 X-68.504 Y36.13 E9.13353
G1 X-68.504 Y35.563 E9.1608
G1 X-68.562 Y35.233 E9.17692
G1 X-68.756 Y34.701 E9.20416
G1 X-68.923 Y34.411 E9.22026
G1 X-69.288 Y33.976 E9.24757
G1 X-69.544 Y33.761 E9.26365
G1 X-70.035 Y33.478 E9.29091
G1 X-70.35 Y33.363 E9.30704
G1 X-70.908 Y33.265 E9.33429
G1 X-71.243 Y33.265 E9.3504
G1 X-71.801 Y33.363 E9.37765
G1 X-72.116 Y33.478 E9.39378
G1 X-72.607 Y33.761 E9.42104
G1 X-72.863 Y33.976 E9.43712
G1 X-73.228 Y34.411 E9.46443
G1 X-73.395 Y34.701 E9.48053
G1 X-73.557 Y35.146 E9.50331
G1 X-73.557 Y-40.479 E13.14061
G1 X-73.576 Y-40.845 E13.15824
;WIDTH:0.411939
G1 X-73.595 Y-41.21 E13.17408
;WIDTH:0.405376
G1 X-73.568 Y-41.048 E13.18107
;WIDTH:0.45
G1 X-73.395 Y-40.508 E13.20834
G1 X-73.228 Y-40.218 E13.22444
G1 X-72.863 Y-39.783 E13.25175
G1 X-72.607 Y-39.568 E13.26783
G1 X-72.116 Y-39.285 E13.29509
G1 X-71.801 Y-39.17 E13.31122
G1 X-71.243 Y-39.072 E13.33847
G1 X-70.908 Y-39.072 E13.35458
G1 X-70.35 Y-39.17 E13.38183
G1 X-70.035 Y-39.285 E13.39796
G1 X-69.544 Y-39.568 E13.42522
G1 X-69.288 Y-39.784 E13.44133
G1 X-68.923 Y-40.218 E13.4686
G1 X-68.756 Y-40.508 E13.4847
G1 X-68.562 Y-41.04 E13.51194
G1 X-68.504 Y-41.37 E13.52806
G1 X-68.504 Y-41.937 E13.55533
G1 X-68.562 Y-42.267 E13.57145
G1 X-68.756 Y-42.799 E13.59869
G1 X-68.923 Y-43.089 E13.61479
G1 X-69.288 Y-43.524 E13.6421
G1 X-69.544 Y-43.739 E13.65818
G1 X-70.035 Y-44.022 E13.68544
;WIDTH:0.449779
G1 X-70.35 Y-44.136 E13.70154
G1 X-70.005 Y-44.135 E13.71812
;WIDTH:0.45
G1 X64.199 Y-44.136 E20.17287
;WIDTH:0.449779
G1 X63.884 Y-44.022 E20.18897
;WIDTH:0.45
G1 X63.393 Y-43.739 E20.21623
G1 X63.137 Y-43.524 E20.23231
G1 X62.772 Y-43.089 E20.25962
G1 X62.605 Y-42.799 E20.27572
G1 X62.411 Y-42.267 E20.30296
G1 X62.353 Y-41.937 E20.31908
G1 X62.353 Y-41.37 E20.34635
G1 X62.411 Y-41.04 E20.36247
G1 X62.605 Y-40.508 E20.38971
G1 X62.772 Y-40.218 E20.40581
G1 X63.137 Y-39.784 E20.43308
G1 X63.393 Y-39.568 E20.44919
G1 X63.884 Y-39.285 E20.47645
G1 X64.199 Y-39.17 E20.49258
G1 X64.757 Y-39.072 E20.51983
G1 X65.092 Y-39.072 E20.53594
G1 X65.65 Y-39.17 E20.56319
G1 X65.965 Y-39.285 E20.57932
G1 X66.456 Y-39.568 E20.60658
G1 X66.712 Y-39.784 E20.62269
G1 X67.077 Y-40.218 E20.64996
G1 X67.244 Y-40.508 E20.66606
G1 X67.344 Y-40.859 E20.68361
;WIDTH:0.411938
G1 X67.444 Y-41.21 E20.69943
;WIDTH:0.405375
G1 X67.428 Y-41.046 E20.70644
;WIDTH:0.45
G1 X67.406 Y-40.479 E20.73373
G1 X67.406 Y35.086 E24.36814
G1 E22.36814 F2400
G92 E0
G1 Z2.95 F7200
G1 X64.199 Y-44.136
G1 Z.95
G1 E2 F2400
;WIDTH:0.448219
G1 F1200
G1 X64.483 Y-44.161 E2.01365
;WIDTH:0.398554
G1 X64.767 Y-44.186 E2.02553
;WIDTH:0.375784
G1 X65.078 Y-44.172 E2.03762
;WIDTH:0.402679
G1 X65.39 Y-44.159 E2.0508
;WIDTH:0.444181
G1 X65.829 Y-44.084 E2.0719
;WIDTH:0.487858
G1 X66.029 Y-44 E2.08336
;WIDTH:0.531535
G1 X66.23 Y-43.917 E2.09603
;WIDTH:0.540891
G1 X66.691 Y-43.615 E2.12878
;WIDTH:0.546157
G1 X67.049 Y-43.197 E2.16185
G1 X67.157 Y-43.002 E2.17524
;WIDTH:0.519777
G1 X67.264 Y-42.807 E2.18787
;WIDTH:0.493397
G1 X67.34 Y-42.533 E2.20309
;WIDTH:0.448269
G1 X67.416 Y-42.259 E2.2167
;WIDTH:0.403141
G1 X67.451 Y-41.937 E2.23039
;WIDTH:0.359951
G1 X67.451 Y-41.37 E2.25129
;WIDTH:0.373877
G1 X67.444 Y-41.21 E2.25747
G1 E.25747 F2400
G92 E0
G1 Z2.95 F7200
G1 X-73.595 Y-41.21
G1 Z.95
G1 E2 F2400
;WIDTH:0.373879
G1 F1200
G1 X-73.602 Y-41.937 E2.02807
;WIDTH:0.408162
G1 X-73.567 Y-42.186 E2.03885
;WIDTH:0.456371
G1 X-73.531 Y-42.435 E2.05115
;WIDTH:0.481543
G1 X-73.441 Y-42.699 E2.06566
;WIDTH:0.506715
G1 X-73.35 Y-42.964 E2.08112
;WIDTH:0.534077
G1 X-73.189 Y-43.188 E2.09728
;WIDTH:0.561439
G1 X-73.029 Y-43.413 E2.1144
G1 X-72.726 Y-43.708 E2.14062
;WIDTH:0.529995
G1 X-72.128 Y-44.036 E2.18023
;WIDTH:0.485087
G1 X-71.964 Y-44.081 E2.18915
;WIDTH:0.457316
G1 X-71.799 Y-44.127 E2.19754
;WIDTH:0.429545
G1 X-71.517 Y-44.156 E2.21045
;WIDTH:0.389286
G1 X-71.234 Y-44.186 E2.22198
;WIDTH:0.398623
G1 X-70.792 Y-44.161 E2.24044
;WIDTH:0.448219
G1 X-70.35 Y-44.136 E2.26163
G1 E.26163 F2400
G92 E0
G1 Z2.95 F7200
G1 X-70.35 Y38.329
G1 Z.95
G1 E2 F2400
;WIDTH:0.448217
G1 F1200
G1 X-70.634 Y38.354 E2.01365
;WIDTH:0.398552
G1 X-70.918 Y38.378 E2.02553
;WIDTH:0.375783
G1 X-71.229 Y38.365 E2.03762
;WIDTH:0.402679
G1 X-71.541 Y38.352 E2.0508
;WIDTH:0.437475
G1 X-71.858 Y38.311 E2.06567
;WIDTH:0.484506
G1 X-72.119 Y38.21 E2.08033
;WIDTH:0.531537
G1 X-72.381 Y38.109 E2.09669
;WIDTH:0.540893
G1 X-72.842 Y37.808 E2.12941
;WIDTH:0.546159
G1 X-73.2 Y37.39 E2.16248
G1 X-73.308 Y37.195 E2.17587
;WIDTH:0.519778
G1 X-73.415 Y37 E2.1885
;WIDTH:0.493397
G1 X-73.492 Y36.726 E2.20373
;WIDTH:0.450065
G1 X-73.569 Y36.452 E2.21742
;WIDTH:0.406733
G1 X-73.602 Y36.13 E2.23124
;WIDTH:0.359953
G1 X-73.602 Y35.563 E2.25214
G1 E.25214 F2400
G92 E0
G1 Z2.95 F7200
G1 X67.69 Y37.012
G1 Z.95
G1 E2 F2400
;WIDTH:0.45
G1 F3600
G1 X67.562 Y37.355 E2.01761
G1 X67.231 Y37.87 E2.04705
G1 X66.949 Y38.153 E2.06627
G1 X66.434 Y38.484 E2.09571
G1 X66.059 Y38.623 E2.11495
G1 X65.403 Y38.714 E2.1468
G1 X-71.234 Y38.714 E8.71856
G1 X-71.939 Y38.682 E8.7525
G1 X-72.53 Y38.509 E8.78212
G1 X-72.886 Y38.313 E8.80167
G1 X-73.341 Y37.918 E8.83065
G1 X-73.641 Y37.488 E8.85587
G1 X-73.851 Y36.984 E8.88213
G1 X-73.943 Y36.325 E8.91413
G1 X-73.932 Y-42.285 E12.695
G1 X-73.851 Y-42.792 E12.71969
G1 X-73.713 Y-43.162 E12.73868
G1 X-73.382 Y-43.677 E12.76812
G1 X-73.1 Y-43.96 E12.78734
G1 X-72.558 Y-44.305 E12.81824
G1 X-72.081 Y-44.458 E12.84233
G1 X-71.554 Y-44.521 E12.86786
G1 X65.403 Y-44.521 E19.45502
G1 X65.903 Y-44.459 E19.47925
G1 X66.379 Y-44.316 E19.50315
G1 X66.735 Y-44.12 E19.5227
G1 X67.19 Y-43.725 E19.55168
G1 X67.478 Y-43.317 E19.5757
G1 X67.7 Y-42.792 E19.60312
G1 X67.792 Y-42.11 E19.63622
G1 X67.781 Y36.478 E23.41603
G1 X67.705 Y36.954 E23.43921
G1 X68.049 Y37.117 F7200
;TYPE:External perimeter
G1 F1800
G1 X68.005 Y37.284 E23.44752
G1 X67.768 Y37.783 E23.47409
G1 X67.463 Y38.191 E23.49859
G1 X66.959 Y38.627 E23.53064
G1 X66.513 Y38.87 E23.55507
G1 X65.87 Y39.059 E23.5873
G1 X65.416 Y39.099 E23.60922
G1 X-71.234 Y39.099 E30.18161
G1 X-71.854 Y39.079 E30.21145
G1 X-72.296 Y38.999 E30.23305
G1 X-72.77 Y38.822 E30.25739
G1 X-73.213 Y38.55 E30.28239
G1 X-73.614 Y38.191 E30.30828
G1 X-73.919 Y37.783 E30.33278
G1 X-74.158 Y37.277 E30.3597
G1 X-74.288 Y36.792 E30.38385
G1 X-74.328 Y36.338 E30.40577
G1 X-74.328 Y-41.937 E34.17053
G1 X-74.288 Y-42.599 E34.20243
G1 X-74.156 Y-43.091 E34.22693
G1 X-73.919 Y-43.59 E34.2535
G1 X-73.614 Y-43.998 E34.278
G1 X-73.11 Y-44.434 E34.31005
G1 X-72.664 Y-44.677 E34.33448
G1 X-72.163 Y-44.835 E34.35975
G1 X-71.568 Y-44.906 E34.38857
G1 X65.443 Y-44.904 E40.97832
G1 X65.978 Y-44.838 E41.00425
G1 X66.513 Y-44.677 E41.03112
G1 X66.912 Y-44.469 E41.05276
G1 X67.327 Y-44.133 E41.07844
G1 X67.705 Y-43.688 E41.10652
G1 X67.948 Y-43.243 E41.13091
G1 X68.125 Y-42.654 E41.16049
G1 X68.177 Y-42.11 E41.18677
G1 X68.177 Y36.29 E44.95754
G1 X68.137 Y36.792 E44.98176
G1 X68.065 Y37.059 E44.99506
G1 X67.927 Y37.435 F7200
G1 E42.99506 F2400
G92 E0
G1 Z2.95 F7200
G1 X-73.311 Y33.354
G1 Z.95
G1 E2 F2400
;TYPE:Solid infill
;WIDTH:0.364149
G1 F1500
G1 X-72.941 Y33.724 E2.01956
G1 X-73.311 Y34.126 E2.03999
G1 X-73.311 Y33.546 E2.06168
;WIDTH:0.45
G1 X-72.699 Y33.48 E2.09129
G1 X-73.268 Y32.912 E2.12996
G1 X-73.268 Y32.366 E2.15622
G1 X-72.353 Y33.281 E2.21846
G1 X-71.969 Y33.12 E2.23849
G1 X-73.268 Y31.821 E2.32685
G1 X-73.268 Y31.276 E2.35306
G1 X-71.523 Y33.02 E2.47172
G1 X-71.036 Y32.963 E2.4953
G1 X-73.268 Y30.73 E2.64715
G1 X-73.268 Y30.185 E2.67336
G1 X-70.382 Y33.071 E2.86966
G1 X-70.079 Y33.194 E2.88539
;WIDTH:0.404381
G1 X-70.068 Y33.235 E2.88719
G1 X-70.139 Y33.254 E2.89031
G1 X-70.12 Y33.183 E2.89343
G1 X-69.392 Y33.515 F7200
;WIDTH:0.45
G1 F1500
G1 X-73.268 Y29.64 E3.15704
G1 E1.15704 F2400
G92 E0
G1 Z2.95 F7200
G1 X-69.237 Y38.04
G1 Z.95
G1 E2 F2400
;WIDTH:0.365623
G1 F1500
G1 X-68.958 Y37.708 E2.01629
G1 X-68.584 Y38.081 E2.03614
G1 X-69.074 Y38.081 E2.05455
;WIDTH:0.45
G1 X-68.706 Y37.473 E2.08873
G1 X-68.004 Y38.162 E2.13604
;WIDTH:0.404381
G1 X-68.023 Y38.233 E2.13916
G1 X-67.952 Y38.214 E2.14228
G1 X-67.963 Y38.173 E2.14408
;WIDTH:0.45
G1 X-67.596 Y38.039 E2.16287
G1 X-68.505 Y37.13 E2.2247
G1 X-68.354 Y36.735 E2.24504
G1 X-67.05 Y38.039 E2.33374
G1 X-66.505 Y38.039 E2.35995
G1 X-68.243 Y36.3 E2.4782
G1 X-68.215 Y35.783 E2.5031
G1 X-65.96 Y38.039 E2.65652
G1 X-65.414 Y38.039 E2.68278
G1 X-68.293 Y35.16 E2.87861
G1 X-68.434 Y34.86 E2.89455
;WIDTH:0.404381
G1 X-68.423 Y34.901 E2.89635
G1 X-68.494 Y34.92 E2.89947
G1 X-68.475 Y34.849 E2.90259
G1 X-68.847 Y34.061 F7200
;WIDTH:0.45
G1 F1500
G1 X-64.869 Y38.039 E3.17317
G1 X-64.607 Y38.111 E3.18624
;WIDTH:0.404381
G1 X-64.626 Y38.182 E3.18936
G1 X-64.555 Y38.163 E3.19248
G1 X-64.566 Y38.122 E3.19428
;WIDTH:0.45
G1 X-64.324 Y38.039 E3.20658
G1 X-73.268 Y29.094 E3.81497
G1 X-73.268 Y28.549 E3.84118
G1 X-63.778 Y38.039 E4.48668
G1 X-63.233 Y38.039 E4.51289
G1 X-73.268 Y28.004 E5.19546
G1 X-73.268 Y27.458 E5.22172
G1 X-62.687 Y38.039 E5.94143
G1 X-62.142 Y38.039 E5.96764
G1 X-73.268 Y26.913 E6.72442
G1 X-73.268 Y26.368 E6.75063
G1 X-61.597 Y38.039 E7.54448
G1 X-61.051 Y38.039 E7.57074
G1 X-73.268 Y25.822 E8.40173
G1 X-73.268 Y25.277 E8.42794
G1 X-60.506 Y38.039 E9.296
G1 X-59.961 Y38.039 E9.32221
G1 X-73.268 Y24.732 E10.22734
G1 X-73.268 Y24.186 E10.2536
G1 X-59.415 Y38.039 E11.19586
G1 X-58.87 Y38.039 E11.22207
G1 X-73.268 Y23.641 E12.2014
G1 X-73.268 Y23.096 E12.22761
G1 X-58.325 Y38.039 E13.24401
G1 X-57.779 Y38.039 E13.27027
G1 X-73.268 Y22.55 E14.32381
G1 X-73.268 Y22.005 E14.35002
G1 X-57.234 Y38.039 E15.44063
G1 X-56.689 Y38.039 E15.46684
G1 X-73.268 Y21.46 E16.59452
G1 X-73.268 Y20.914 E16.62078
G1 X-56.143 Y38.039 E17.7856
G1 X-55.598 Y38.039 E17.81181
G1 X-73.268 Y20.369 E19.0137
G1 X-73.268 Y19.823 E19.03996
G1 X-55.053 Y38.039 E20.27896
G1 X-54.507 Y38.039 E20.30522
G1 X-73.268 Y19.278 E21.58132
G1 X-73.268 Y18.733 E21.60753
G1 X-53.962 Y38.039 E22.9207
G1 X-53.417 Y38.039 E22.94691
G1 X-73.268 Y18.187 E24.29718
G1 X-73.268 Y17.642 E24.32339
G1 X-52.871 Y38.039 E25.71077
G1 X-52.326 Y38.039 E25.73698
G1 X-73.268 Y17.097 E27.16143
G1 X-73.268 Y16.551 E27.18769
G1 X-51.781 Y38.039 E28.64924
G1 X-51.235 Y38.039 E28.6755
G1 X-73.268 Y16.006 E30.17416
G1 X-73.268 Y15.461 E30.20037
G1 X-50.69 Y38.039 E31.7361
G1 X-50.144 Y38.039 E31.76236
G1 X-73.268 Y14.915 E33.33523
G1 X-73.268 Y14.37 E33.36144
G1 X-49.599 Y38.039 E34.97138
G1 X-49.054 Y38.039 E34.99759
G1 X-73.268 Y13.825 E36.6446
G1 X-73.268 Y13.279 E36.67086
G1 X-48.508 Y38.039 E38.355
G1 X-47.963 Y38.039 E38.38121
G1 X-73.268 Y12.734 E40.10242
G1 X-73.268 Y12.189 E40.12863
G1 X-47.418 Y38.039 E41.88691
G1 X-47.156 Y38.111 E41.89998
;WIDTH:0.404381
G1 X-47.175 Y38.182 E41.9031
G1 X-47.104 Y38.163 E41.90622
G1 X-47.115 Y38.122 E41.90802
G1 E39.90802 F2400
G92 E0
G1 Z2.95 F7200
G1 X-56.645 Y28.333
G1 Z.95
G1 E2 F2400
G1 F1500
G1 X-56.88 Y28.089 E2.01437
;WIDTH:0.45
G1 X-57.095 Y27.816 E2.03108
G1 X-73.268 Y11.643 E3.13115
G1 X-73.268 Y11.098 E3.15736
G1 X-57.156 Y27.209 E4.25324
G1 X-57.009 Y26.779 E4.2751
;WIDTH:0.494995
G1 X-57.142 Y26.712 E4.2831
;WIDTH:0.449688
G1 X-57.276 Y26.645 E4.2903
;WIDTH:0.404381
G1 X-57.605 Y26.382 E4.30816
G1 X-57.903 Y26.03 E4.32772
G1 X-57.875 Y25.892 E4.33369
;WIDTH:0.45
G1 X-58.063 Y25.758 E4.34479
G1 X-73.268 Y10.553 E5.37902
G1 X-73.268 Y10.007 E5.40528
G1 X-58.086 Y25.189 E6.43794
G1 X-58.086 Y24.643 E6.4642
G1 X-73.268 Y9.462 E7.49683
G1 X-73.268 Y8.917 E7.52304
G1 X-58.086 Y24.098 E8.55567
G1 X-58.086 Y23.553 E8.58188
G1 X-73.268 Y8.371 E9.61454
G1 X-73.268 Y7.826 E9.64075
G1 X-58.086 Y23.007 E10.67338
G1 X-58.086 Y22.462 E10.69959
G1 X-73.268 Y7.28 E11.73225
G1 X-73.268 Y6.735 E11.75846
G1 X-58.086 Y21.917 E12.79112
G1 X-58.079 Y21.379 E12.817
G1 X-73.268 Y6.19 E13.85014
G1 X-73.268 Y5.644 E13.8764
G1 X-57.969 Y20.943 E14.91702
G1 X-57.752 Y20.614 E14.93598
G1 X-73.268 Y5.099 E15.99133
G1 X-73.268 Y4.554 E16.01754
G1 X-57.483 Y20.338 E17.09118
G1 X-57.232 Y19.888 E17.11596
;WIDTH:0.603397
G1 X-57.28 Y19.935 E17.12048
G1 X-57.263 Y20 E17.125
G1 X-57.198 Y20.018 E17.12953
G1 X-57.15 Y19.97 E17.13409
G1 X-57.167 Y19.905 E17.13861
G1 X-57.902 Y19.374 F7200
;WIDTH:0.45
G1 F1500
G1 X-73.268 Y4.008 E18.18379
G1 X-73.268 Y3.463 E18.21
G1 X-58.086 Y18.645 E19.24266
G1 X-58.086 Y18.1 E19.26887
G1 X-73.268 Y2.918 E20.30153
G1 X-73.268 Y2.372 E20.32779
G1 X-58.085 Y17.555 E21.36052
G1 X-58.085 Y17.01 E21.38673
G1 X-73.268 Y1.827 E22.41946
G1 X-73.268 Y1.282 E22.44567
G1 X-58.085 Y16.465 E23.4784
G1 X-58.084 Y15.92 E23.50461
G1 X-73.268 Y.736 E24.53741
G1 X-73.268 Y.191 E24.56362
G1 X-58.084 Y15.375 E25.59642
G1 X-58.083 Y14.83 E25.62263
G1 X-73.268 Y-.354 E26.65546
G1 X-73.268 Y-.9 E26.68172
G1 X-58.043 Y14.325 E27.71731
G1 X-57.88 Y13.943 E27.73729
G1 X-73.268 Y-1.445 E28.78396
G1 X-73.268 Y-1.99 E28.81017
G1 X-57.625 Y13.652 E29.87415
G1 X-57.879 Y12.255 F7200
;WIDTH:0.404381
G1 F1500
G1 X-57.892 Y12.394 E29.88007
G1 X-57.627 Y12.712 E29.89762
;WIDTH:0.448727
G1 X-57.084 Y13.103 E29.9297
;WIDTH:0.45
G1 X-57.353 Y13.379 E29.94824
G1 X-73.268 Y-2.536 E31.03076
G1 X-73.268 Y-3.081 E31.05697
G1 X-58.066 Y12.121 E32.09099
G1 X-58.086 Y11.555 E32.11823
G1 X-73.268 Y-3.626 E33.15086
G1 X-73.268 Y-4.172 E33.17712
G1 X-58.086 Y11.01 E34.20978
G1 X-58.086 Y10.464 E34.23604
G1 X-73.268 Y-4.717 E35.26867
G1 X-73.268 Y-5.263 E35.29493
G1 X-58.086 Y9.919 E36.32759
G1 X-58.086 Y9.374 E36.3538
G1 X-73.268 Y-5.808 E37.38646
G1 X-73.268 Y-6.353 E37.41267
G1 X-58.086 Y8.828 E38.4453
G1 X-58.086 Y8.283 E38.47151
G1 X-73.268 Y-6.899 E39.50417
G1 X-73.268 Y-7.444 E39.53038
G1 X-58.081 Y7.743 E40.56338
G1 X-57.977 Y7.302 E40.58517
G1 X-73.268 Y-7.989 E41.62524
G1 X-73.268 Y-8.535 E41.6515
G1 X-57.763 Y6.97 E42.70613
G1 X-57.495 Y6.693 E42.72467
G1 X-73.268 Y-9.08 E43.79753
G1 X-73.268 Y-9.625 E43.82374
G1 X-57.847 Y5.796 E44.87266
G1 X-57.92 Y5.257 E44.89882
;WIDTH:0.404381
G1 X-57.909 Y5.298 E44.90062
G1 X-57.98 Y5.317 E44.90374
G1 X-57.961 Y5.246 E44.90686
;WIDTH:0.45
G1 X-58.083 Y5.014 E44.91947
G1 X-73.268 Y-10.171 E45.95233
G1 X-73.268 Y-10.716 E45.97854
G1 X-58.083 Y4.468 E47.01137
G1 X-58.084 Y3.923 E47.03758
G1 X-73.268 Y-11.261 E48.07038
G1 X-73.268 Y-11.807 E48.09664
G1 X-58.084 Y3.377 E49.12944
G1 X-58.085 Y2.831 E49.1557
G1 X-73.268 Y-12.352 E50.18843
G1 X-73.268 Y-12.897 E50.21464
G1 X-58.085 Y2.285 E51.24733
G1 X-58.086 Y1.739 E51.27359
G1 X-73.268 Y-13.443 E52.30625
G1 X-73.268 Y-13.988 E52.33246
G1 X-58.086 Y1.194 E53.36512
G1 X-58.049 Y.686 E53.38962
G1 X-73.268 Y-14.533 E54.4248
G1 X-73.268 Y-15.079 E54.45106
G1 X-57.889 Y.3 E55.49712
G1 X-57.637 Y.007 E55.51571
G1 X-73.268 Y-15.624 E56.57891
G1 X-73.268 Y-16.169 E56.60512
G1 X-57.364 Y-.266 E57.68686
G1 X-57.096 Y-.552 E57.70571
;WIDTH:0.462447
G1 X-57.364 Y-.745 E57.72211
;WIDTH:0.433414
G1 X-57.631 Y-.938 E57.73727
;WIDTH:0.404381
G1 X-57.881 Y-1.235 E57.75373
;WIDTH:0.45
G1 X-58.061 Y-1.508 E57.76946
G1 X-73.268 Y-16.715 E58.80382
G1 X-73.268 Y-17.26 E58.83003
G1 X-58.086 Y-2.078 E59.86269
G1 X-58.086 Y-2.623 E59.8889
G1 X-73.268 Y-17.806 E60.92159
G1 X-73.268 Y-18.351 E60.9478
G1 X-58.085 Y-3.168 E61.98053
G1 X-58.085 Y-3.713 E62.00674
G1 X-73.268 Y-18.896 E63.03947
G1 X-73.268 Y-19.442 E63.06573
G1 X-58.084 Y-4.258 E64.09853
G1 X-58.084 Y-4.803 E64.12474
G1 X-73.268 Y-19.987 E65.15754
G1 X-73.268 Y-20.532 E65.18375
G1 X-58.083 Y-5.348 E66.21658
G1 X-58.083 Y-5.893 E66.24279
G1 X-73.268 Y-21.078 E67.27565
G1 X-73.268 Y-21.623 E67.30186
G1 X-57.98 Y-6.335 E68.34173
G1 X-57.773 Y-6.674 E68.36083
G1 X-73.268 Y-22.168 E69.41475
G1 X-73.268 Y-22.714 E69.44101
G1 X-57.506 Y-6.952 E70.51312
G1 X-57.256 Y-7.426 E70.53889
;WIDTH:0.630841
G1 X-57.307 Y-7.376 E70.54394
G1 X-57.288 Y-7.307 E70.549
G1 X-57.22 Y-7.289 E70.55397
G1 X-57.17 Y-7.339 E70.55897
G1 X-57.188 Y-7.407 E70.56394
;WIDTH:0.45
G1 X-57.749 Y-7.74 E70.59532
G1 X-73.268 Y-23.259 E71.6509
G1 X-73.268 Y-23.804 E71.67711
G1 X-58.086 Y-8.623 E72.70974
G1 X-57.969 Y-8.391 E72.72224
;WIDTH:0.404381
G1 X-57.988 Y-8.32 E72.72536
G1 X-57.917 Y-8.339 E72.72848
G1 X-57.928 Y-8.38 E72.73028
G1 X-58.086 Y-9.168 F7200
;WIDTH:0.45
G1 F1500
G1 X-73.268 Y-24.35 E73.76294
G1 X-73.268 Y-24.895 E73.78915
G1 X-58.085 Y-9.713 E74.82184
G1 X-58.085 Y-10.258 E74.84805
G1 X-73.268 Y-25.44 E75.88074
G1 X-73.268 Y-25.986 E75.907
G1 X-58.085 Y-10.802 E76.93976
G1 X-58.084 Y-11.347 E76.96597
G1 X-73.268 Y-26.531 E77.99877
G1 X-73.268 Y-27.076 E78.02498
G1 X-58.084 Y-11.892 E79.05778
G1 X-58.083 Y-12.437 E79.08399
G1 X-73.268 Y-27.622 E80.11685
G1 X-73.268 Y-28.167 E80.14306
G1 X-58.05 Y-12.949 E81.17817
G1 X-57.896 Y-13.341 E81.19843
G1 X-73.268 Y-28.712 E82.24398
G1 X-73.268 Y-29.258 E82.27024
G1 X-57.649 Y-13.639 E83.33262
G1 X-57.376 Y-13.911 E83.35116
G1 X-73.268 Y-29.803 E84.43211
G1 X-73.268 Y-30.349 E84.45837
G1 X-58.05 Y-15.13 E85.49351
G1 X-57.868 Y-14.858 E85.50925
;WIDTH:0.404381
G1 X-57.635 Y-14.587 E85.52441
;WIDTH:0.440276
G1 X-57.371 Y-14.397 E85.53966
;WIDTH:0.476171
G1 X-57.108 Y-14.207 E85.55632
G1 X-58.086 Y-15.712 F7200
;WIDTH:0.45
G1 F1500
G1 X-73.268 Y-30.894 E86.58898
G1 X-73.268 Y-31.439 E86.61519
G1 X-58.086 Y-16.258 E87.64782
G1 X-58.086 Y-16.803 E87.67403
G1 X-73.268 Y-31.985 E88.70669
G1 X-73.268 Y-32.53 E88.7329
G1 X-58.086 Y-17.348 E89.76556
G1 X-58.086 Y-17.894 E89.79182
G1 X-73.268 Y-33.075 E90.82445
G1 X-73.268 Y-33.621 E90.85071
G1 X-58.086 Y-18.439 E91.88337
G1 X-58.086 Y-18.985 E91.90963
G1 X-73.268 Y-34.166 E92.94226
G1 X-73.268 Y-34.711 E92.96847
G1 X-58.085 Y-19.529 E94.00116
G1 X-57.987 Y-19.976 E94.02317
G1 X-73.268 Y-35.257 E95.06256
G1 X-73.268 Y-35.802 E95.08877
G1 X-57.784 Y-20.318 E96.14197
G1 X-57.518 Y-20.598 E96.16055
G1 X-73.268 Y-36.347 E97.23181
G1 X-73.268 Y-36.893 E97.25807
G1 X-57.245 Y-20.87 E98.34793
G1 X-56.947 Y-21.084 E98.36558
;WIDTH:0.404381
G1 X-56.936 Y-21.043 E98.36738
G1 X-57.007 Y-21.024 E98.3705
G1 X-56.988 Y-21.095 E98.37362
G1 X-57.913 Y-22.011 F7200
G1 F1500
G1 X-57.902 Y-21.97 E98.37542
G1 X-57.973 Y-21.95 E98.37855
G1 X-57.954 Y-22.022 E98.38171
;WIDTH:0.45
G1 X-58.083 Y-22.253 E98.39444
G1 X-73.268 Y-37.438 E99.4273
G1 X-73.268 Y-37.983 E99.45351
G1 X-58.083 Y-22.799 E100.48634
G1 X-58.084 Y-23.345 E100.5126
G1 X-73.268 Y-38.529 E101.5454
G1 X-73.268 Y-39.074 E101.57161
G1 X-58.084 Y-23.891 E102.60437
G1 X-58.085 Y-24.436 E102.63058
G1 X-73.268 Y-39.619 E103.66331
G1 X-73.335 Y-39.999 E103.68187
;WIDTH:0.404381
G1 X-73.217 Y-39.943 E103.68741
G1 X-72.695 Y-39.424 E103.71863
G1 X-72.337 Y-39.149 E103.73777
G1 X-72.104 Y-39.127 E103.74769
;WIDTH:0.45
G1 X-72.065 Y-38.962 E103.75584
G1 X-58.085 Y-24.982 E104.70674
G1 X-58.086 Y-25.528 E104.733
G1 X-71.356 Y-38.798 E105.63561
G1 X-70.817 Y-38.805 E105.66154
G1 X-58.086 Y-26.074 E106.52749
G1 X-58.059 Y-26.592 E106.55244
G1 X-70.345 Y-38.878 E107.38812
G1 X-69.936 Y-39.014 E107.40885
G1 X-57.904 Y-26.983 E108.22722
G1 X-57.66 Y-27.284 E108.24586
G1 X-69.588 Y-39.211 E109.05715
G1 X-69.253 Y-39.422 E109.07619
G1 X-57.387 Y-27.557 E109.88327
G1 X-57.119 Y-27.862 E109.9028
;WIDTH:0.489893
G1 X-57.379 Y-28.049 E109.9198
;WIDTH:0.447137
G1 X-57.639 Y-28.236 E109.93509
;WIDTH:0.404381
G1 X-57.855 Y-28.479 E109.94888
;WIDTH:0.45
G1 X-58.038 Y-28.752 E109.96469
G1 X-68.989 Y-39.703 E110.70956
G1 X-68.735 Y-39.994 E110.72814
G1 X-58.086 Y-29.346 E111.45244
G1 X-58.086 Y-29.891 E111.47865
G1 X-68.523 Y-40.329 E112.1886
G1 X-68.376 Y-40.726 E112.20896
G1 X-58.086 Y-30.437 E112.90884
G1 X-58.086 Y-30.982 E112.93505
G1 X-68.237 Y-41.133 E113.62551
G1 X-68.215 Y-41.656 E113.65069
G1 X-58.086 Y-31.528 E114.33962
G1 X-58.086 Y-32.073 E114.36583
G1 X-68.27 Y-42.256 E115.0585
G1 X-68.403 Y-42.556 E115.07428
;WIDTH:0.404381
G1 X-68.392 Y-42.515 E115.07608
G1 X-68.463 Y-42.496 E115.0792
G1 X-68.444 Y-42.567 E115.08232
;WIDTH:0.45
G1 X-68.641 Y-43.173 E115.11297
G1 X-58.086 Y-32.618 E115.83091
G1 X-58.086 Y-33.164 E115.85717
G1 X-68.769 Y-43.846 E116.58378
;WIDTH:0.493096
G1 X-68.919 Y-43.845 E116.5918
;WIDTH:0.536193
G1 X-69.069 Y-43.845 E116.60063
G1 X-69.054 Y-43.788 E116.6041
G1 X-69.096 Y-43.746 E116.6076
G1 X-69.153 Y-43.761 E116.61107
G1 X-69.168 Y-43.818 E116.61454
G1 X-69.126 Y-43.86 E116.61804
G1 X-68.223 Y-43.846 F7200
;WIDTH:0.45
G1 F1500
G1 X-58.005 Y-33.627 E117.31309
G1 X-57.803 Y-33.971 E117.33228
G1 X-67.678 Y-43.846 E118.00397
G1 X-67.133 Y-43.846 E118.03018
G1 X-57.518 Y-34.231 E118.68418
G1 X-57.137 Y-34.396 E118.70415
G1 X-66.587 Y-43.846 E119.34693
G1 X-66.042 Y-43.846 E119.37314
G1 X-56.635 Y-34.439 E120.01299
G1 X-56.09 Y-34.439 E120.0392
G1 X-65.497 Y-43.846 E120.67905
G1 X-64.951 Y-43.846 E120.70531
G1 X-55.544 Y-34.439 E121.34516
G1 X-54.999 Y-34.439 E121.37137
G1 X-64.406 Y-43.846 E122.01122
G1 X-63.861 Y-43.846 E122.03743
G1 X-54.454 Y-34.439 E122.67728
G1 X-53.908 Y-34.439 E122.70354
G1 X-63.315 Y-43.846 E123.34339
G1 X-62.77 Y-43.846 E123.3696
G1 X-53.363 Y-34.439 E124.00945
G1 X-52.818 Y-34.439 E124.03566
G1 X-62.225 Y-43.846 E124.67551
G1 X-61.679 Y-43.846 E124.70177
G1 X-52.109 Y-34.275 E125.35274
G1 X-52.008 Y-34.063 E125.36403
;WIDTH:0.404381
G1 X-51.836 Y-34.197 E125.37328
;WIDTH:0.45
G1 X-51.758 Y-33.924 E125.38694
G1 X-51.389 Y-33.555 E125.41204
G1 X-51.551 Y-33.326 E125.42553
;WIDTH:0.404381
G1 X-51.57 Y-33.255 E125.42865
G1 X-51.499 Y-33.274 E125.43177
G1 X-51.51 Y-33.315 E125.43357
;WIDTH:0.45
G1 X-51.116 Y-33.828 E125.46468
G1 X-61.134 Y-43.846 E126.14609
G1 X-60.589 Y-43.846 E126.1723
G1 X-50.841 Y-34.098 E126.83535
G1 X-50.51 Y-34.313 E126.85433
G1 X-60.043 Y-43.846 E127.50275
G1 X-59.498 Y-43.846 E127.52896
G1 X-50.083 Y-34.431 E128.16936
G1 X-49.546 Y-34.439 E128.19519
G1 X-58.952 Y-43.846 E128.83501
G1 X-58.407 Y-43.846 E128.86122
G1 X-49 Y-34.439 E129.50107
G1 X-48.455 Y-34.439 E129.52728
G1 X-57.862 Y-43.846 E130.16713
G1 X-57.316 Y-43.846 E130.19339
G1 X-47.91 Y-34.439 E130.83321
G1 X-47.364 Y-34.439 E130.85947
G1 X-56.771 Y-43.846 E131.49932
G1 X-56.226 Y-43.846 E131.52553
G1 X-46.819 Y-34.439 E132.16538
G1 X-46.274 Y-34.439 E132.19159
G1 X-55.68 Y-43.846 E132.83141
G1 X-55.135 Y-43.846 E132.85762
G1 X-45.707 Y-34.418 E133.4989
G1 X-45.435 Y-34.26 E133.51403
;WIDTH:0.404381
G1 X-45.09 Y-33.974 E133.53303
;WIDTH:0.425595
G1 X-44.69 Y-33.418 E133.56389
;WIDTH:0.45
G1 X-44.43 Y-33.686 E133.58185
G1 X-54.59 Y-43.846 E134.27292
G1 X-54.044 Y-43.846 E134.29918
G1 X-44.157 Y-33.959 E134.97168
G1 X-43.868 Y-34.215 E134.99025
G1 X-53.499 Y-43.846 E135.64534
G1 X-52.954 Y-43.846 E135.67155
G1 X-43.498 Y-34.39 E136.31474
G1 X-43.001 Y-34.439 E136.33876
G1 X-52.408 Y-43.846 E136.97861
G1 X-51.863 Y-43.846 E137.00482
G1 X-42.456 Y-34.439 E137.64467
G1 X-41.911 Y-34.439 E137.67088
G1 X-51.318 Y-43.846 E138.31073
G1 X-50.772 Y-43.846 E138.33699
G1 X-41.365 Y-34.439 E138.97684
G1 X-40.82 Y-34.439 E139.00305
G1 X-50.227 Y-43.846 E139.6429
G1 X-49.682 Y-43.846 E139.66911
G1 X-40.275 Y-34.439 E140.30896
G1 X-39.729 Y-34.439 E140.33522
G1 X-49.136 Y-43.846 E140.97507
G1 X-48.591 Y-43.846 E141.00128
G1 X-39.184 Y-34.439 E141.64113
G1 X-38.231 Y-34.151 F7200
;WIDTH:0.404381
G1 F1500
G1 X-38.317 Y-34.069 E141.64617
;WIDTH:0.45
G1 X-38.504 Y-34.305 E141.66065
G1 X-48.046 Y-43.846 E142.30965
G1 E140.30965 F2400
G92 E0
G1 Z2.95 F7200
G1 X-38.078 Y-33.878
G1 Z.95
G1 E2 F2400
G1 F1500
G1 X-37.743 Y-33.544 E2.02275
G1 X-37.896 Y-33.314 E2.03604
;WIDTH:0.404381
G1 X-37.915 Y-33.243 E2.03916
G1 X-37.844 Y-33.262 E2.04228
G1 X-37.855 Y-33.303 E2.04408
;WIDTH:0.45
G1 X-37.471 Y-33.816 E2.0749
G1 X-47.5 Y-43.846 E2.75709
G1 X-46.955 Y-43.846 E2.7833
G1 X-37.197 Y-34.088 E3.44703
G1 X-36.869 Y-34.305 E3.46595
G1 X-46.409 Y-43.846 E4.11488
G1 X-45.864 Y-43.846 E4.14109
G1 X-36.447 Y-34.429 E4.78162
G1 X-35.912 Y-34.439 E4.80736
G1 X-45.319 Y-43.846 E5.44721
G1 X-44.773 Y-43.846 E5.47347
G1 X-35.367 Y-34.439 E6.11329
G1 X-34.821 Y-34.439 E6.13955
G1 X-44.228 Y-43.846 E6.7794
G1 X-43.683 Y-43.846 E6.80561
G1 X-34.276 Y-34.439 E7.44546
G1 X-33.731 Y-34.439 E7.47167
G1 X-43.137 Y-43.846 E8.11149
G1 X-42.592 Y-43.846 E8.1377
G1 X-33.185 Y-34.439 E8.77755
G1 X-32.64 Y-34.439 E8.80376
G1 X-42.047 Y-43.846 E9.44361
G1 X-41.501 Y-43.846 E9.46987
G1 X-32.077 Y-34.421 E10.11091
G1 X-31.804 Y-34.266 E10.12601
;WIDTH:0.404381
G1 X-31.441 Y-33.97 E10.14587
;WIDTH:0.411871
G1 X-31.035 Y-33.406 E10.17599
;WIDTH:0.45
G1 X-30.784 Y-33.674 E10.19365
G1 X-40.956 Y-43.846 E10.88554
G1 X-40.411 Y-43.846 E10.91175
G1 X-30.512 Y-33.947 E11.58507
G1 X-30.224 Y-34.204 E11.60364
G1 X-39.865 Y-43.846 E12.25944
G1 X-39.32 Y-43.846 E12.28565
G1 X-29.86 Y-34.386 E12.92911
G1 X-29.368 Y-34.439 E12.95291
G1 X-38.775 Y-43.846 E13.59276
G1 X-38.229 Y-43.846 E13.61902
G1 X-28.822 Y-34.439 E14.25887
G1 X-28.277 Y-34.439 E14.28508
G1 X-37.684 Y-43.846 E14.92493
G1 X-37.139 Y-43.846 E14.95114
G1 X-27.732 Y-34.439 E15.59099
G1 X-27.186 Y-34.439 E15.61725
G1 X-36.593 Y-43.846 E16.2571
G1 X-36.048 Y-43.846 E16.28331
G1 X-26.641 Y-34.439 E16.92316
G1 X-26.096 Y-34.439 E16.94937
G1 X-35.503 Y-43.846 E17.58922
G1 X-34.957 Y-43.846 E17.61548
G1 X-25.55 Y-34.439 E18.25533
G1 X-24.891 Y-34.325 E18.2875
G1 X-34.412 Y-43.846 E18.93511
G1 E16.93511 F2400
G92 E0
G1 Z2.95 F7200
G1 X-24.398 Y-33.832
G1 Z.95
G1 E2 F2400
G1 F1500
G1 X-24.098 Y-33.532 E2.02041
G1 X-24.241 Y-33.303 E2.0334
;WIDTH:0.404381
G1 X-24.26 Y-33.232 E2.03652
G1 X-24.189 Y-33.251 E2.03964
G1 X-24.2 Y-33.292 E2.04144
;WIDTH:0.45
G1 X-23.825 Y-33.805 E2.072
G1 X-33.866 Y-43.846 E2.75498
G1 X-33.321 Y-43.846 E2.78119
G1 X-23.553 Y-34.077 E3.44563
G1 X-23.228 Y-34.298 E3.46453
G1 X-32.776 Y-43.846 E4.11397
G1 X-32.23 Y-43.846 E4.14023
G1 X-22.812 Y-34.427 E4.78086
G1 X-22.278 Y-34.439 E4.80655
G1 X-31.685 Y-43.846 E5.4464
G1 X-31.14 Y-43.846 E5.47261
G1 X-21.733 Y-34.439 E6.11246
G1 X-21.188 Y-34.439 E6.13867
G1 X-30.594 Y-43.846 E6.77849
G1 X-30.049 Y-43.846 E6.8047
G1 X-20.642 Y-34.439 E7.44455
G1 X-20.097 Y-34.439 E7.47076
G1 X-29.504 Y-43.846 E8.11061
G1 X-28.958 Y-43.846 E8.13687
G1 X-19.552 Y-34.439 E8.77669
G1 X-19.006 Y-34.439 E8.80295
G1 X-28.413 Y-43.846 E9.4428
G1 X-27.868 Y-43.846 E9.46901
G1 X-18.446 Y-34.424 E10.10988
G1 X-18.173 Y-34.273 E10.12489
;WIDTH:0.404381
G1 X-17.792 Y-33.966 E10.14564
G1 X-17.38 Y-33.394 E10.17553
;WIDTH:0.45
G1 X-17.139 Y-33.663 E10.1929
G1 X-27.322 Y-43.846 E10.88554
G1 X-26.777 Y-43.846 E10.91175
G1 X-16.866 Y-33.935 E11.58588
G1 X-16.58 Y-34.194 E11.60444
G1 X-26.232 Y-43.846 E12.26096
G1 X-25.686 Y-43.846 E12.28722
G1 X-16.222 Y-34.381 E12.93098
G1 X-15.734 Y-34.439 E12.95462
G1 X-25.141 Y-43.846 E13.59447
G1 X-24.596 Y-43.846 E13.62068
G1 X-15.189 Y-34.439 E14.26053
G1 X-14.643 Y-34.439 E14.28679
G1 X-24.05 Y-43.846 E14.92664
G1 X-23.505 Y-43.846 E14.95285
G1 X-14.098 Y-34.439 E15.5927
G1 X-13.553 Y-34.439 E15.61891
G1 X-22.96 Y-43.846 E16.25876
G1 X-22.414 Y-43.846 E16.28502
G1 X-13.007 Y-34.439 E16.92487
G1 X-12.462 Y-34.439 E16.95108
G1 X-21.869 Y-43.846 E17.59093
G1 X-21.323 Y-43.846 E17.61719
G1 X-11.917 Y-34.439 E18.25701
G1 X-10.521 Y-33.521 F7200
;WIDTH:0.546265
G1 F1500
G1 X-10.641 Y-33.684 E18.26918
;WIDTH:0.49897
G1 X-10.76 Y-33.847 E18.28012
;WIDTH:0.451675
G1 X-10.88 Y-34.01 E18.2899
;WIDTH:0.404381
G1 X-10.997 Y-34.12 E18.29671
;WIDTH:0.45
G1 X-11.27 Y-34.337 E18.31348
G1 X-20.778 Y-43.846 E18.96024
G1 X-20.233 Y-43.846 E18.98645
G1 X-10.18 Y-33.793 E19.67024
G1 X-9.908 Y-34.066 E19.68878
G1 X-19.687 Y-43.846 E20.35397
G1 X-19.142 Y-43.846 E20.38018
G1 X-9.587 Y-34.29 E21.03013
G1 X-9.176 Y-34.425 E21.05094
G1 X-18.597 Y-43.846 E21.69174
G1 X-18.051 Y-43.846 E21.718
G1 X-8.645 Y-34.439 E22.35782
G1 X-8.099 Y-34.439 E22.38408
G1 X-17.506 Y-43.846 E23.02393
G1 X-16.961 Y-43.846 E23.05014
G1 X-7.554 Y-34.439 E23.68999
G1 X-7.009 Y-34.439 E23.7162
G1 X-16.415 Y-43.846 E24.35602
G1 X-15.87 Y-43.846 E24.38223
G1 X-6.463 Y-34.439 E25.02208
G1 X-5.918 Y-34.439 E25.04829
G1 X-15.325 Y-43.846 E25.68814
G1 X-14.779 Y-43.846 E25.7144
G1 X-5.372 Y-34.439 E26.35425
G1 X-4.21 Y-34.023 F7200
;WIDTH:0.404381
G1 F1500
G1 X-4.543 Y-34.279 E26.37206
;WIDTH:0.45
G1 X-4.815 Y-34.427 E26.38695
G1 X-14.234 Y-43.846 E27.02762
G1 X-13.689 Y-43.846 E27.05383
G1 X-3.494 Y-33.651 E27.74728
G1 X-3.736 Y-33.424 E27.76324
;WIDTH:0.404381
G1 X-3.755 Y-33.353 E27.76636
G1 X-3.684 Y-33.372 E27.76948
G1 X-3.695 Y-33.413 E27.77128
;WIDTH:0.45
G1 X-3.221 Y-33.924 E27.8048
G1 X-13.143 Y-43.846 E28.47968
G1 X-12.598 Y-43.846 E28.50589
G1 X-2.936 Y-34.184 E29.16309
G1 X-2.58 Y-34.374 E29.1825
G1 X-12.053 Y-43.846 E29.82681
G1 X-11.507 Y-43.846 E29.85307
G1 X-2.1 Y-34.439 E30.49292
G1 X-1.555 Y-34.439 E30.51913
G1 X-10.962 Y-43.846 E31.15898
G1 X-10.417 Y-43.846 E31.18519
G1 X-1.01 Y-34.439 E31.82504
G1 X-.464 Y-34.439 E31.8513
G1 X-9.871 Y-43.846 E32.49115
G1 X-9.326 Y-43.846 E32.51736
G1 X.081 Y-34.439 E33.15721
G1 X.626 Y-34.439 E33.18342
G1 X-8.781 Y-43.846 E33.82327
G1 X-8.235 Y-43.846 E33.84953
G1 X1.172 Y-34.439 E34.48938
G1 X1.717 Y-34.439 E34.51559
G1 X-7.69 Y-43.846 E35.15544
G1 X-7.144 Y-43.846 E35.1817
G1 X2.352 Y-34.35 E35.82761
G1 X2.624 Y-34.139 E35.84417
;WIDTH:0.404381
G1 X2.77 Y-34.007 E35.85252
;WIDTH:0.447057
G1 X2.891 Y-33.841 E35.86232
;WIDTH:0.489734
G1 X3.013 Y-33.675 E35.87325
;WIDTH:0.532411
G1 X3.134 Y-33.509 E35.88524
;WIDTH:0.45
G1 X3.465 Y-33.782 E35.90588
G1 X-6.599 Y-43.846 E36.59042
G1 X-6.054 Y-43.846 E36.61663
G1 X3.738 Y-34.054 E37.28267
G1 X4.054 Y-34.283 E37.30144
G1 X-5.508 Y-43.846 E37.95187
G1 X-4.963 Y-43.846 E37.97808
G1 X4.459 Y-34.424 E38.61895
G1 X4.989 Y-34.439 E38.64445
G1 X-4.418 Y-43.846 E39.2843
G1 X-3.872 Y-43.846 E39.31056
G1 X5.534 Y-34.439 E39.95038
G1 X6.08 Y-34.439 E39.97664
G1 X-3.327 Y-43.846 E40.61649
G1 X-2.782 Y-43.846 E40.6427
G1 X6.625 Y-34.439 E41.28255
G1 X7.171 Y-34.439 E41.30881
G1 X-2.236 Y-43.846 E41.94866
G1 X-1.691 Y-43.846 E41.97487
G1 X7.716 Y-34.439 E42.61472
G1 X8.261 Y-34.439 E42.64093
G1 X-1.146 Y-43.846 E43.28078
G1 X-.6 Y-43.846 E43.30704
G1 X8.815 Y-34.43 E43.94747
G1 X9.088 Y-34.286 E43.96232
;WIDTH:0.404381
G1 X9.368 Y-34.079 E43.97709
G1 X9.96 Y-33.401 F7200
G1 F1500
G1 X9.971 Y-33.36 E43.97889
G1 X9.9 Y-33.341 E43.98201
G1 X9.919 Y-33.412 E43.98513
;WIDTH:0.45
G1 X10.151 Y-33.64 E44.00077
G1 X-.055 Y-43.846 E44.69497
G1 X.49 Y-43.846 E44.72118
G1 X10.424 Y-33.912 E45.39688
G1 X10.708 Y-34.173 E45.41543
G1 X1.036 Y-43.846 E46.07334
G1 X1.581 Y-43.846 E46.09955
G1 X11.061 Y-34.366 E46.74437
G1 X11.533 Y-34.439 E46.76734
G1 X2.126 Y-43.846 E47.40719
G1 X2.672 Y-43.846 E47.43345
G1 X12.079 Y-34.439 E48.0733
G1 X12.624 Y-34.439 E48.09951
G1 X3.217 Y-43.846 E48.73936
G1 X3.762 Y-43.846 E48.76557
G1 X13.169 Y-34.439 E49.40542
G1 X13.715 Y-34.439 E49.43168
G1 X4.308 Y-43.846 E50.07153
G1 X4.853 Y-43.846 E50.09774
G1 X14.26 Y-34.439 E50.73759
G1 X14.805 Y-34.439 E50.7638
G1 X5.399 Y-43.846 E51.40362
G1 X5.944 Y-43.846 E51.42983
G1 X15.351 Y-34.439 E52.06968
G1 X16.789 Y-33.497 F7200
;WIDTH:0.518555
G1 F1500
G1 X16.666 Y-33.666 E52.08152
;WIDTH:0.480497
G1 X16.542 Y-33.834 E52.09236
;WIDTH:0.442439
G1 X16.419 Y-34.003 E52.10222
;WIDTH:0.404381
G1 X16.245 Y-34.158 E52.1121
;WIDTH:0.45
G1 X15.973 Y-34.362 E52.12845
G1 X6.489 Y-43.846 E52.77354
G1 X7.035 Y-43.846 E52.7998
G1 X17.11 Y-33.77 E53.48512
G1 X17.383 Y-34.043 E53.50369
G1 X7.58 Y-43.846 E54.17048
G1 X8.125 Y-43.846 E54.19669
G1 X17.695 Y-34.276 E54.84763
G1 X18.095 Y-34.422 E54.86811
G1 X8.671 Y-43.846 E55.50912
G1 X9.216 Y-43.846 E55.53533
G1 X18.623 Y-34.439 E56.17518
G1 X19.168 Y-34.439 E56.20139
G1 X9.761 Y-43.846 E56.84124
G1 X10.307 Y-43.846 E56.8675
G1 X19.714 Y-34.439 E57.50735
G1 X20.259 Y-34.439 E57.53356
G1 X10.852 Y-43.846 E58.17341
G1 X11.397 Y-43.846 E58.19962
G1 X20.804 Y-34.439 E58.83947
G1 X21.35 Y-34.439 E58.86573
G1 X11.943 Y-43.846 E59.50558
G1 X12.488 Y-43.846 E59.53179
G1 X21.895 Y-34.439 E60.17164
G1 X22.946 Y-34.134 F7200
;WIDTH:0.404381
G1 F1500
G1 X22.719 Y-34.292 E60.18337
;WIDTH:0.45
G1 X22.446 Y-34.433 E60.19815
G1 X13.033 Y-43.846 E60.83841
G1 X13.579 Y-43.846 E60.86467
G1 X23.797 Y-33.628 E61.55969
G1 X23.574 Y-33.401 E61.57499
;WIDTH:0.404381
G1 X23.555 Y-33.33 E61.57811
G1 X23.626 Y-33.349 E61.58123
G1 X23.615 Y-33.39 E61.58303
;WIDTH:0.45
G1 X24.069 Y-33.901 E61.61591
G1 X14.124 Y-43.846 E62.29236
G1 X14.669 Y-43.846 E62.31857
G1 X24.352 Y-34.163 E62.9772
G1 X24.698 Y-34.362 E62.9964
G1 X15.215 Y-43.846 E63.64146
G1 X15.76 Y-43.846 E63.66767
G1 X25.174 Y-34.432 E64.308
G1 X25.719 Y-34.433 E64.33421
G1 X16.305 Y-43.846 E64.9745
G1 X16.851 Y-43.846 E65.00076
G1 X26.263 Y-34.434 E65.64095
G1 X26.807 Y-34.435 E65.66711
G1 X17.396 Y-43.846 E66.30723
G1 X17.942 Y-43.846 E66.33349
G1 X27.352 Y-34.436 E66.97355
G1 X27.896 Y-34.437 E66.99971
G1 X18.487 Y-43.846 E67.6397
G1 X19.032 Y-43.846 E67.66591
G1 X28.44 Y-34.438 E68.30583
G1 X28.985 Y-34.439 E68.33204
G1 X19.578 Y-43.846 E68.97189
G1 X20.123 Y-43.846 E68.9981
G1 X29.594 Y-34.375 E69.64231
G1 X29.867 Y-34.178 E69.6585
;WIDTH:0.404381
G1 X30.068 Y-33.999 E69.66991
;WIDTH:0.437823
G1 X30.194 Y-33.828 E69.6798
;WIDTH:0.471265
G1 X30.319 Y-33.657 E69.69055
;WIDTH:0.504707
G1 X30.444 Y-33.486 E69.70218
;WIDTH:0.45
G1 X30.756 Y-33.759 E69.72212
G1 X20.668 Y-43.846 E70.40826
G1 X21.214 Y-43.846 E70.43452
G1 X31.028 Y-34.031 E71.10209
G1 X31.335 Y-34.269 E71.12077
G1 X21.759 Y-43.846 E71.77215
G1 X22.304 Y-43.846 E71.79836
G1 X31.732 Y-34.419 E72.43961
G1 X32.257 Y-34.439 E72.46488
G1 X22.85 Y-43.846 E73.10473
G1 X23.395 Y-43.846 E73.13094
G1 X32.802 Y-34.439 E73.77079
G1 X33.347 Y-34.439 E73.797
G1 X23.94 Y-43.846 E74.43685
G1 X24.486 Y-43.846 E74.46311
G1 X33.893 Y-34.439 E75.10296
G1 X34.438 Y-34.439 E75.12917
G1 X25.031 Y-43.846 E75.76902
G1 X25.576 Y-43.846 E75.79523
G1 X34.983 Y-34.439 E76.43508
G1 X35.529 Y-34.439 E76.46134
G1 X26.122 Y-43.846 E77.10119
G1 X26.667 Y-43.846 E77.1274
G1 X36.077 Y-34.436 E77.76746
G1 X36.339 Y-34.341 E77.78086
;WIDTH:0.404381
G1 X36.32 Y-34.27 E77.78398
G1 X36.391 Y-34.289 E77.7871
G1 X36.38 Y-34.33 E77.7889
G1 E75.7889 F2400
G92 E0
G1 Z2.95 F7200
G1 X37.033 Y-18.927
G1 Z.95
G1 E2 F2400
G1 F1500
G1 X37.014 Y-18.856 E2.00312
G1 X37.085 Y-18.875 E2.00624
G1 X37.074 Y-18.916 E2.00804
;WIDTH:0.45
G1 X37.312 Y-19.022 E2.02057
G1 X37.638 Y-18.696 E2.04274
G1 E.04274 F2400
G92 E0
G1 Z2.95 F7200
G1 X37.044 Y-5.272
G1 Z.95
G1 E2 F2400
;WIDTH:0.404381
G1 F1500
G1 X37.025 Y-5.201 E2.00312
G1 X37.096 Y-5.22 E2.00624
G1 X37.085 Y-5.261 E2.00804
;WIDTH:0.45
G1 X37.323 Y-5.377 E2.02077
G1 X37.684 Y-5.016 E2.04532
G1 X37.957 Y-4.92 E2.05924
;WIDTH:0.404381
G1 X37.831 Y-4.768 E2.06761
G1 E.06761 F2400
G92 E0
G1 Z2.95 F7200
G1 X37.056 Y8.383
G1 Z.95
G1 E2 F2400
G1 F1500
G1 X37.037 Y8.454 E2.00312
G1 X37.108 Y8.435 E2.00624
G1 X37.097 Y8.394 E2.00804
;WIDTH:0.45
G1 X37.335 Y8.268 E2.02099
G1 X37.731 Y8.664 E2.04793
G1 X38.033 Y8.657 E2.06246
;WIDTH:0.404381
G1 X38.014 Y8.728 E2.06558
G1 X37.962 Y8.676 E2.0687
G1 X37.883 Y8.937 E2.08026
G1 X37.812 Y8.956 E2.08338
G1 X37.831 Y8.885 E2.0865
G1 E.0865 F2400
G92 E0
G1 Z2.95 F7200
G1 X37.067 Y22.038
G1 Z.95
G1 E2 F2400
G1 F1500
G1 X37.048 Y22.109 E2.00312
G1 X37.119 Y22.09 E2.00624
G1 X37.108 Y22.049 E2.00804
;WIDTH:0.45
G1 X37.347 Y21.914 E2.02124
G1 X37.777 Y22.344 E2.05049
G1 E.05049 F2400
G92 E0
G1 Z2.95 F7200
G1 X-46.872 Y38.039
G1 Z.95
G1 E2 F2400
G1 F1500
G1 X-56.373 Y28.538 E2.64625
G1 X-55.734 Y28.632 E2.67731
G1 X-46.327 Y38.039 E3.31716
G1 X-45.782 Y38.039 E3.34337
G1 X-55.189 Y28.632 E3.98322
G1 X-54.643 Y28.632 E4.00948
G1 X-45.236 Y38.039 E4.64933
G1 X-44.691 Y38.039 E4.67554
G1 X-54.098 Y28.632 E5.31539
G1 X-53.552 Y28.632 E5.34165
G1 X-44.146 Y38.039 E5.98147
G1 X-43.6 Y38.039 E6.00773
G1 X-53.007 Y28.632 E6.64758
G1 X-52.462 Y28.632 E6.67379
G1 X-43.055 Y38.039 E7.31364
G1 X-42.51 Y38.039 E7.33985
G1 X-51.916 Y28.632 E7.97967
G1 X-51.438 Y28.565 E8.00288
G1 X-41.964 Y38.039 E8.64729
G1 X-41.419 Y38.039 E8.6735
G1 X-51.082 Y28.376 E9.33077
G1 X-50.797 Y28.116 E9.34932
G1 X-40.874 Y38.039 E10.02427
G1 X-40.328 Y38.039 E10.05053
G1 X-50.524 Y27.843 E10.74405
G1 X-49.482 Y28.435 F7200
;WIDTH:0.404381
G1 F1500
G1 X-49.501 Y28.506 E10.74717
G1 X-49.43 Y28.487 E10.75029
G1 X-49.441 Y28.446 E10.75209
;WIDTH:0.45
G1 X-49.198 Y28.623 E10.76655
G1 X-39.783 Y38.039 E11.40698
G1 X-39.238 Y38.039 E11.43319
G1 X-48.644 Y28.632 E12.07301
G1 X-48.099 Y28.632 E12.09922
G1 X-38.692 Y38.039 E12.73907
G1 X-38.147 Y38.039 E12.76528
G1 X-47.554 Y28.632 E13.40513
G1 X-47.008 Y28.632 E13.43139
G1 X-37.601 Y38.039 E14.07124
G1 X-37.056 Y38.039 E14.09745
G1 X-46.463 Y28.632 E14.7373
G1 X-45.918 Y28.632 E14.76351
G1 X-36.511 Y38.039 E15.40336
G1 X-35.965 Y38.039 E15.42962
G1 X-45.372 Y28.632 E16.06947
G1 X-44.841 Y28.618 E16.09502
G1 X-35.42 Y38.039 E16.73582
G1 X-34.875 Y38.039 E16.76203
G1 X-44.428 Y28.485 E17.41185
G1 X-44.11 Y28.258 E17.43064
G1 X-34.329 Y38.039 E18.09593
G1 X-33.784 Y38.039 E18.12214
G1 X-43.838 Y27.985 E18.806
G1 X-43.498 Y27.713 E18.82694
;WIDTH:0.545217
G1 X-43.378 Y27.876 E18.83908
;WIDTH:0.498271
G1 X-43.258 Y28.039 E18.85003
;WIDTH:0.451326
G1 X-43.138 Y28.203 E18.85984
;WIDTH:0.404381
G1 X-43.016 Y28.314 E18.86683
;WIDTH:0.45
G1 X-42.743 Y28.534 E18.88369
G1 X-33.239 Y38.039 E19.53017
G1 X-32.693 Y38.039 E19.55643
G1 X-42.1 Y28.632 E20.19628
G1 X-41.555 Y28.632 E20.22249
G1 X-32.148 Y38.039 E20.86234
G1 X-31.603 Y38.039 E20.88855
G1 X-41.009 Y28.632 E21.52837
G1 X-40.464 Y28.632 E21.55458
G1 X-31.057 Y38.039 E22.19443
G1 X-30.512 Y38.039 E22.22064
G1 X-39.919 Y28.632 E22.86049
G1 X-39.373 Y28.632 E22.88675
G1 X-29.967 Y38.039 E23.52657
G1 X-29.421 Y38.039 E23.55283
G1 X-38.828 Y28.632 E24.19268
G1 X-38.283 Y28.632 E24.21889
G1 X-28.876 Y38.039 E24.85874
G1 X-28.331 Y38.039 E24.88495
G1 X-37.799 Y28.57 E25.52899
G1 X-37.438 Y28.386 E25.54848
G1 X-27.785 Y38.039 E26.20507
G1 X-27.24 Y38.039 E26.23128
G1 X-37.151 Y28.127 E26.90545
G1 X-36.879 Y27.855 E26.92395
G1 X-26.695 Y38.039 E27.61665
G1 E25.61665 F2400
G92 E0
G1 Z2.95 F7200
G1 X-35.84 Y28.472
G1 Z.95
G1 E2 F2400
;WIDTH:0.404381
G1 F1500
G1 X-36.226 Y28.159 E2.02107
G1 X-36.649 Y27.582 E2.05141
G1 X-35.567 Y28.621 F7200
;WIDTH:0.45
G1 F1500
G1 X-26.149 Y38.039 E2.69201
G1 X-25.604 Y38.039 E2.71822
G1 X-35.011 Y28.632 E3.35807
G1 X-34.465 Y28.632 E3.38433
G1 X-25.058 Y38.039 E4.02418
G1 X-24.513 Y38.039 E4.05039
G1 X-33.92 Y28.632 E4.69024
G1 X-33.375 Y28.632 E4.71645
G1 X-23.968 Y38.039 E5.3563
G1 X-23.422 Y38.039 E5.38256
G1 X-32.829 Y28.632 E6.02241
G1 X-32.284 Y28.632 E6.04862
G1 X-22.877 Y38.039 E6.68847
G1 X-22.332 Y38.039 E6.71468
G1 X-31.739 Y28.632 E7.35453
G1 X-31.205 Y28.62 E7.38022
G1 X-21.786 Y38.039 E8.02089
G1 X-21.241 Y38.039 E8.0471
G1 X-30.787 Y28.493 E8.69641
G1 X-30.465 Y28.269 E8.71528
G1 X-20.696 Y38.039 E9.37979
G1 X-20.15 Y38.039 E9.40605
G1 X-30.192 Y27.997 E10.08909
G1 X-29.842 Y27.724 E10.11044
;WIDTH:0.559067
G1 X-29.754 Y27.845 E10.11967
;WIDTH:0.520395
G1 X-29.666 Y27.965 E10.12813
;WIDTH:0.481724
G1 X-29.577 Y28.086 E10.13595
;WIDTH:0.443052
G1 X-29.489 Y28.207 E10.14302
;WIDTH:0.404381
G1 X-29.406 Y28.287 E10.14791
;WIDTH:0.45
G1 X-29.133 Y28.511 E10.16489
G1 X-19.605 Y38.039 E10.81297
G1 X-19.06 Y38.039 E10.83918
G1 X-28.467 Y28.632 E11.47903
G1 X-27.921 Y28.632 E11.50529
G1 X-18.514 Y38.039 E12.14514
G1 X-17.969 Y38.039 E12.17135
G1 X-27.376 Y28.632 E12.8112
G1 X-26.83 Y28.632 E12.83746
G1 X-17.424 Y38.039 E13.47728
G1 X-16.878 Y38.039 E13.50354
G1 X-26.285 Y28.632 E14.14339
G1 X-25.74 Y28.632 E14.1696
G1 X-16.333 Y38.039 E14.80945
G1 X-15.788 Y38.039 E14.83566
G1 X-25.194 Y28.632 E15.47548
G1 X-24.649 Y28.632 E15.50169
G1 X-15.242 Y38.039 E16.14154
G1 X-14.697 Y38.039 E16.16775
G1 X-24.161 Y28.575 E16.81148
G1 X-23.794 Y28.396 E16.83112
G1 X-14.152 Y38.039 E17.48699
G1 X-13.606 Y38.039 E17.51325
G1 X-23.506 Y28.139 E18.18664
G1 X-23.233 Y27.866 E18.20521
G1 X-13.061 Y38.039 E18.89713
G1 E16.89713 F2400
G92 E0
G1 Z2.95 F7200
G1 X-22.208 Y28.465
G1 Z.95
G1 E2 F2400
;WIDTH:0.404381
G1 F1500
G1 X-22.577 Y28.163 E2.02022
G1 X-22.994 Y27.594 E2.05014
G1 X-21.935 Y28.619 F7200
;WIDTH:0.45
G1 F1500
G1 X-12.515 Y38.039 E2.69088
G1 X-11.97 Y38.039 E2.71709
G1 X-21.377 Y28.632 E3.35694
G1 X-20.832 Y28.632 E3.38315
G1 X-11.425 Y38.039 E4.023
G1 X-10.879 Y38.039 E4.04926
G1 X-20.286 Y28.632 E4.68911
G1 X-19.741 Y28.632 E4.71532
G1 X-10.334 Y38.039 E5.35517
G1 X-9.789 Y38.039 E5.38138
G1 X-19.196 Y28.632 E6.02123
G1 X-18.65 Y28.632 E6.04749
G1 X-9.243 Y38.039 E6.68734
G1 X-8.698 Y38.039 E6.71355
G1 X-18.105 Y28.632 E7.3534
G1 X-17.57 Y28.622 E7.37914
G1 X-8.153 Y38.039 E8.01967
G1 X-7.607 Y38.039 E8.04593
G1 X-17.146 Y28.501 E8.69473
G1 X-16.821 Y28.28 E8.71363
G1 X-7.062 Y38.039 E9.37743
G1 X-6.517 Y38.039 E9.40364
G1 X-16.547 Y28.008 E10.0859
G1 X-16.187 Y27.736 E10.1076
;WIDTH:0.572921
G1 X-16.1 Y27.854 E10.1169
;WIDTH:0.530786
G1 X-16.013 Y27.973 E10.12548
;WIDTH:0.488651
G1 X-15.926 Y28.092 E10.13328
;WIDTH:0.446516
G1 X-15.839 Y28.211 E10.14031
;WIDTH:0.404381
G1 X-15.796 Y28.259 E10.14304
;WIDTH:0.45
G1 X-15.523 Y28.487 E10.16015
G1 X-5.971 Y38.039 E10.80987
G1 X-5.426 Y38.039 E10.83608
G1 X-14.833 Y28.632 E11.47593
G1 X-14.287 Y28.632 E11.50219
G1 X-4.881 Y38.039 E12.14201
G1 X-4.335 Y38.039 E12.16827
G1 X-13.742 Y28.632 E12.80812
G1 X-13.197 Y28.632 E12.83433
G1 X-3.79 Y38.039 E13.47418
G1 X-3.245 Y38.039 E13.50039
G1 X-12.651 Y28.632 E14.14021
G1 X-12.106 Y28.632 E14.16642
G1 X-2.699 Y38.039 E14.80627
G1 X-2.154 Y38.039 E14.83248
G1 X-11.561 Y28.632 E15.47233
G1 X-11.015 Y28.632 E15.49859
G1 X-1.609 Y38.039 E16.13841
G1 X-1.063 Y38.039 E16.16467
G1 X-10.522 Y28.58 E16.80806
G1 X-10.15 Y28.407 E16.82779
G1 X-.518 Y38.039 E17.48295
G1 X.028 Y38.039 E17.50921
G1 X-9.861 Y28.15 E18.18185
G1 X-9.588 Y27.878 E18.20039
G1 X.573 Y38.039 E18.89153
G1 E16.89153 F2400
G92 E0
G1 Z2.95 F7200
G1 X-8.577 Y28.455
G1 Z.95
G1 E2 F2400
;WIDTH:0.404381
G1 F1500
G1 X-8.927 Y28.167 E2.01922
;WIDTH:0.416773
G1 X-9.339 Y27.605 E2.04985
G1 X-8.304 Y28.617 F7200
;WIDTH:0.45
G1 F1500
G1 X1.118 Y38.039 E2.69072
G1 X1.664 Y38.039 E2.71698
G1 X-7.743 Y28.632 E3.35683
G1 X-7.198 Y28.632 E3.38304
G1 X2.209 Y38.039 E4.02289
G1 X2.754 Y38.039 E4.0491
G1 X-6.653 Y28.632 E4.68895
G1 X-6.107 Y28.632 E4.71521
G1 X3.3 Y38.039 E5.35506
G1 X3.845 Y38.039 E5.38127
G1 X-5.562 Y28.632 E6.02112
G1 X-5.017 Y28.632 E6.04733
G1 X4.39 Y38.039 E6.68718
G1 X4.936 Y38.039 E6.71344
G1 X-4.471 Y28.632 E7.35329
G1 X-3.934 Y28.624 E7.37912
G1 X5.481 Y38.039 E8.01952
G1 X6.026 Y38.039 E8.04573
G1 X-3.504 Y28.508 E8.69398
G1 X-3.177 Y28.29 E8.71288
G1 X6.572 Y38.039 E9.37599
G1 X7.117 Y38.039 E9.4022
G1 X-2.902 Y28.02 E10.08368
G1 X-2.549 Y27.684 E10.10712
;WIDTH:0.586773
G1 X-2.595 Y27.73 E10.11136
G1 X-2.579 Y27.793 E10.1156
G1 X-2.515 Y27.81 E10.11991
G1 X-2.469 Y27.764 E10.12415
G1 X-2.486 Y27.701 E10.1284
G1 X-1.913 Y28.464 F7200
;WIDTH:0.45
G1 F1500
G1 X7.662 Y38.039 E10.77968
G1 X8.208 Y38.039 E10.80594
G1 X-1.199 Y28.632 E11.44579
G1 X-.654 Y28.632 E11.472
G1 X8.753 Y38.039 E12.11185
G1 X9.298 Y38.039 E12.13806
G1 X-.108 Y28.632 E12.77788
G1 X.437 Y28.632 E12.80409
G1 X9.844 Y38.039 E13.44394
G1 X10.389 Y38.039 E13.47015
G1 X.982 Y28.632 E14.11
G1 X1.528 Y28.632 E14.13626
G1 X10.934 Y38.039 E14.77608
G1 X11.48 Y38.039 E14.80234
G1 X2.073 Y28.632 E15.44219
G1 X2.618 Y28.632 E15.4684
G1 X12.025 Y38.039 E16.10825
G1 X12.57 Y38.039 E16.13446
G1 X3.117 Y28.585 E16.77748
G1 X3.494 Y28.417 E16.79733
G1 X13.116 Y38.039 E17.45181
G1 X13.661 Y38.039 E17.47802
G1 X3.785 Y28.162 E18.14981
G1 X4.057 Y27.889 E18.16835
G1 X14.207 Y38.039 E18.85874
G1 X14.752 Y38.039 E18.88495
G1 X5.328 Y28.614 E19.52599
G1 X5.193 Y28.428 E19.53704
;WIDTH:0.404381
G1 X5.055 Y28.445 E19.54294
G1 X4.722 Y28.171 E19.56123
;WIDTH:0.430627
G1 X4.316 Y27.617 E19.59261
G1 X5.89 Y28.632 F7200
;WIDTH:0.45
G1 F1500
G1 X15.297 Y38.039 E20.23246
G1 X15.843 Y38.039 E20.25872
G1 X6.436 Y28.632 E20.89857
G1 X6.981 Y28.632 E20.92478
G1 X16.388 Y38.039 E21.56463
G1 X16.933 Y38.039 E21.59084
G1 X7.526 Y28.632 E22.23069
G1 X8.072 Y28.632 E22.25695
G1 X17.479 Y38.039 E22.8968
G1 X18.024 Y38.039 E22.92301
G1 X8.617 Y28.632 E23.56286
G1 X9.162 Y28.632 E23.58907
G1 X18.569 Y38.039 E24.22892
G1 X19.115 Y38.039 E24.25518
G1 X9.701 Y28.625 E24.89551
G1 X10.137 Y28.516 E24.91713
G1 X19.66 Y38.039 E25.56487
G1 X20.205 Y38.039 E25.59108
G1 X10.467 Y28.3 E26.25348
G1 X10.744 Y28.032 E26.27202
G1 X20.751 Y38.039 E26.95268
G1 X21.296 Y38.039 E26.97889
G1 X11.697 Y28.44 E27.6318
G1 X12.435 Y28.632 E27.66848
G1 X21.841 Y38.039 E28.3083
G1 X22.387 Y38.039 E28.33456
G1 X12.98 Y28.632 E28.97441
G1 X13.525 Y28.632 E29.00062
G1 X22.932 Y38.039 E29.64047
G1 X23.477 Y38.039 E29.66668
G1 X14.071 Y28.632 E30.3065
G1 X14.616 Y28.632 E30.33271
G1 X24.023 Y38.039 E30.97256
G1 X24.568 Y38.039 E30.99877
G1 X15.161 Y28.632 E31.63862
G1 X15.707 Y28.632 E31.66488
G1 X25.113 Y38.039 E32.3047
G1 X25.659 Y38.039 E32.33096
G1 X16.252 Y28.632 E32.97081
G1 X16.755 Y28.59 E32.99509
G1 X26.204 Y38.039 E33.6378
G1 X26.75 Y38.039 E33.66406
G1 X17.138 Y28.427 E34.31786
G1 X17.43 Y28.174 E34.33644
G1 X27.295 Y38.039 E35.00745
G1 X27.84 Y38.039 E35.03366
G1 X17.703 Y27.901 E35.7232
G1 X18.955 Y28.609 F7200
G1 F1500
G1 X28.386 Y38.039 E36.36465
G1 X28.931 Y38.039 E36.39086
G1 X19.524 Y28.632 E37.03071
G1 X20.069 Y28.632 E37.05692
G1 X29.476 Y38.039 E37.69677
G1 X30.022 Y38.039 E37.72303
G1 X20.615 Y28.632 E38.36288
G1 X21.16 Y28.632 E38.38909
G1 X30.567 Y38.039 E39.02894
G1 X31.112 Y38.039 E39.05515
G1 X21.705 Y28.632 E39.695
G1 X22.251 Y28.632 E39.72126
G1 X31.658 Y38.039 E40.36111
G1 X32.203 Y38.039 E40.38732
G1 X22.796 Y28.632 E41.02717
G1 X23.337 Y28.627 E41.05319
G1 X32.748 Y38.039 E41.69335
G1 X33.294 Y38.039 E41.71961
G1 X23.779 Y28.524 E42.36681
G1 X24.111 Y28.311 E42.38578
G1 X33.839 Y38.039 E43.04747
G1 X34.384 Y38.039 E43.07368
G1 X24.389 Y28.043 E43.75356
G1 X24.76 Y27.704 E43.77773
;WIDTH:0.614727
G1 X24.712 Y27.753 E43.78244
G1 X24.729 Y27.819 E43.78712
G1 X24.796 Y27.837 E43.79188
G1 X24.844 Y27.788 E43.79659
G1 X24.827 Y27.722 E43.80127
G1 X25.259 Y28.368 F7200
;WIDTH:0.45
G1 F1500
G1 X34.93 Y38.039 E44.45908
G1 X35.475 Y38.039 E44.48529
G1 X26.068 Y28.632 E45.12514
G1 X25.829 Y28.473 E45.13895
;WIDTH:0.404381
G1 X25.84 Y28.515 E45.14079
G1 X25.768 Y28.534 E45.14395
G1 X25.787 Y28.462 E45.14711
G1 X26.614 Y28.632 F7200
;WIDTH:0.45
G1 F1500
G1 X36.02 Y38.039 E45.78693
G1 X36.566 Y38.039 E45.81319
G1 X27.159 Y28.632 E46.45304
G1 X27.704 Y28.632 E46.47925
G1 X37.111 Y38.039 E47.1191
G1 X37.656 Y38.039 E47.14531
G1 X28.25 Y28.632 E47.78513
G1 X28.795 Y28.632 E47.81134
G1 X38.202 Y38.039 E48.45119
G1 X38.747 Y38.039 E48.4774
G1 X29.34 Y28.632 E49.11725
G1 X29.737 Y28.426 E49.13876
;WIDTH:0.404381
G1 X29.718 Y28.497 E49.14188
G1 X29.789 Y28.478 E49.145
G1 X29.778 Y28.437 E49.1468
;WIDTH:0.45
G1 X29.886 Y28.632 E49.15752
G1 X39.293 Y38.039 E49.79737
G1 X39.838 Y38.039 E49.82358
G1 X30.394 Y28.595 E50.46595
G1 X30.781 Y28.436 E50.48607
G1 X40.383 Y38.039 E51.13922
G1 X40.929 Y38.039 E51.16548
G1 X31.075 Y28.185 E51.83574
G1 X31.348 Y27.913 E51.85428
G1 X41.474 Y38.039 E52.54304
G1 X42.019 Y38.039 E52.56925
G1 X32.581 Y28.601 E53.21121
G1 X32.309 Y28.428 E53.22671
;WIDTH:0.404381
G1 X32.021 Y28.179 E53.24285
;WIDTH:0.431357
G1 X31.824 Y27.909 E53.25815
;WIDTH:0.458333
G1 X31.626 Y27.64 E53.27456
G1 X33.15 Y28.624 F7200
;WIDTH:0.45
G1 F1500
G1 X42.565 Y38.039 E53.91496
G1 X43.11 Y38.039 E53.94117
G1 X33.695 Y28.624 E54.58157
G1 X34.24 Y28.623 E54.60778
G1 X43.655 Y38.039 E55.24821
G1 X44.201 Y38.039 E55.27447
G1 X34.785 Y28.623 E55.91493
G1 X35.33 Y28.623 E55.94114
G1 X44.746 Y38.039 E56.5816
G1 X45.291 Y38.039 E56.60781
G1 X35.875 Y28.622 E57.24831
G1 X36.42 Y28.622 E57.27452
G1 X45.837 Y38.039 E57.91505
G1 X46.382 Y38.039 E57.94126
G1 X36.965 Y28.622 E58.58179
G1 X37.421 Y28.532 E58.60415
G1 X46.927 Y38.039 E59.25077
G1 X47.473 Y38.039 E59.27703
G1 X37.764 Y28.33 E59.93742
G1 X38.017 Y28.038 E59.956
G1 X48.018 Y38.039 E60.63626
G1 X48.563 Y38.039 E60.66247
G1 X38.173 Y27.648 E61.36922
G1 X38.207 Y27.137 E61.39385
G1 X49.109 Y38.039 E62.13539
G1 X49.654 Y38.039 E62.1616
G1 X38.208 Y26.592 E62.94018
G1 X38.208 Y26.047 E62.96639
G1 X50.199 Y38.039 E63.78204
G1 X50.745 Y38.039 E63.8083
G1 X38.208 Y25.502 E64.66105
G1 X38.209 Y24.957 E64.68726
G1 X51.29 Y38.039 E65.57705
G1 X51.836 Y38.039 E65.60331
G1 X38.209 Y24.412 E66.5302
G1 X38.21 Y23.867 E66.55641
G1 X52.381 Y38.039 E67.52034
G1 X52.926 Y38.039 E67.54655
G1 X38.21 Y23.322 E68.54755
G1 X37.956 Y22.523 F7200
G1 F1500
G1 X53.472 Y38.039 E69.60293
G1 X54.017 Y38.039 E69.62914
G1 X37.619 Y21.641 E70.74451
G1 X37.887 Y21.363 E70.76308
G1 X54.562 Y38.039 E71.89733
G1 X55.108 Y38.039 E71.92359
G1 X38.103 Y21.034 E73.08025
G1 X38.205 Y20.59 E73.10216
G1 X55.653 Y38.039 E74.28899
G1 X56.198 Y38.039 E74.3152
G1 X38.21 Y20.05 E75.53876
G1 X38.209 Y19.504 E75.56502
G1 X56.744 Y38.039 E76.82575
G1 X57.289 Y38.039 E76.85196
G1 X38.209 Y18.959 E78.14976
G1 X38.209 Y18.413 E78.17602
G1 X57.834 Y38.039 E79.51092
G1 X58.38 Y38.039 E79.53718
G1 X38.208 Y17.867 E80.90925
G1 X38.208 Y17.322 E80.93546
G1 X58.925 Y38.039 E82.3446
G1 X59.47 Y38.039 E82.37081
G1 X38.208 Y16.776 E83.81706
G1 X37.209 Y15.232 F7200
;WIDTH:0.449769
G1 F1500
G1 X37.751 Y15.622 E83.84916
;WIDTH:0.404381
G1 X38.018 Y15.934 E83.86657
;WIDTH:0.45
G1 X38.184 Y16.207 E83.88194
G1 X60.016 Y38.039 E85.36693
G1 X60.561 Y38.039 E85.39314
G1 X37.477 Y14.955 E86.96329
G1 X37.75 Y14.682 E86.98186
G1 X61.106 Y38.039 E88.57054
G1 X61.652 Y38.039 E88.5968
G1 X38.002 Y14.389 E90.20544
G1 X38.168 Y14.01 E90.22534
G1 X62.197 Y38.039 E91.85976
G1 X62.536 Y37.353 E91.89656
;WIDTH:0.404381
G1 X63.131 Y37.99 E91.93352
G1 X63.098 Y38.117 E91.93908
;WIDTH:0.45
G1 X62.742 Y38.039 E91.95661
G1 X38.21 Y13.506 E93.62528
G1 X38.21 Y12.961 E93.65149
G1 X62.329 Y37.08 E95.29203
G1 X62.267 Y36.54 E95.31817
;WIDTH:0.404381
G1 X62.278 Y36.581 E95.31997
G1 X62.207 Y36.6 E95.32309
G1 X62.226 Y36.529 E95.32621
;WIDTH:0.45
G1 X62.092 Y36.297 E95.3391
G1 X38.21 Y12.415 E96.96352
G1 X38.21 Y11.87 E96.98973
G1 X62.064 Y35.724 E98.61225
G1 X62.117 Y35.232 E98.63605
G1 X38.209 Y11.324 E100.26224
G1 X38.209 Y10.779 E100.28845
G1 X62.256 Y34.826 E101.9241
G1 X62.417 Y34.441 E101.94417
G1 X38.209 Y10.233 E103.59077
G1 X38.209 Y9.688 E103.61698
G1 X62.643 Y34.121 E105.27892
G1 X62.893 Y33.826 E105.29752
G1 X38.026 Y8.959 E106.98894
G1 X37.608 Y7.996 F7200
G1 F1500
G1 X63.176 Y33.564 E108.72804
G1 X63.514 Y33.357 E108.7471
G1 X37.877 Y7.719 E110.49093
G1 X38.097 Y7.395 E110.50977
G1 X63.871 Y33.168 E112.26285
G1 X64.305 Y33.057 E112.2844
G1 X38.202 Y6.954 E114.05989
G1 X38.21 Y6.417 E114.08572
G1 X64.767 Y32.974 E115.89209
G1 X65.656 Y33.13 F7200
;WIDTH:0.404381
G1 F1500
G1 X65.667 Y33.171 E115.89389
G1 X65.596 Y33.191 E115.89702
G1 X65.615 Y33.119 E115.90018
;WIDTH:0.45
G1 X65.356 Y33.018 E115.91355
G1 X38.21 Y5.871 E117.76002
G1 X38.21 Y5.326 E117.78623
G1 X66.114 Y33.23 E119.68423
G1 X66.386 Y33.439 E119.70073
;WIDTH:0.404381
G1 X66.857 Y33.843 E119.72704
G1 X67.044 Y34.046 E119.73874
G1 X67.154 Y34.111 E119.74416
;WIDTH:0.45
G1 X67.117 Y33.687 E119.76463
G1 X38.21 Y4.781 E121.73081
G1 X38.21 Y4.235 E121.75707
G1 X67.117 Y33.142 E123.72329
G1 X67.117 Y32.597 E123.7495
G1 X38.21 Y3.69 E125.71572
G1 X38.21 Y3.145 E125.74193
G1 X67.117 Y32.051 E127.70811
G1 X67.117 Y31.506 E127.73432
G1 X38.188 Y2.577 E129.70203
G1 X38.028 Y2.305 E129.71721
;WIDTH:0.404381
G1 X37.747 Y1.973 E129.73565
;WIDTH:0.436045
G1 X37.197 Y1.577 E129.76707
;WIDTH:0.45
G1 X37.466 Y1.309 E129.78533
G1 X67.117 Y30.961 E131.80219
G1 X67.117 Y30.415 E131.82845
G1 X37.738 Y1.037 E133.82674
G1 X37.992 Y.746 E133.84532
G1 X67.117 Y29.87 E135.82633
G1 X67.117 Y29.325 E135.85254
G1 X38.163 Y.371 E137.82196
G1 X38.21 Y-.128 E137.84607
G1 X67.117 Y28.779 E139.81229
G1 X67.117 Y28.234 E139.8385
G1 X38.21 Y-.673 E141.80472
G1 X38.21 Y-1.218 E141.83093
G1 X67.117 Y27.689 E143.79715
G1 X67.27 Y27.796 E143.80613
;WIDTH:0.404381
G1 X67.251 Y27.867 E143.80925
G1 X67.322 Y27.848 E143.81237
G1 X67.311 Y27.807 E143.81417
G1 E141.81417 F2400
G92 E0
G1 Z2.95 F7200
G1 X50.057 Y10.163
G1 Z.95
G1 E2 F2400
G1 F1500
G1 X49.569 Y9.758 E2.02689
G1 X49.034 Y9.195 E2.05983
G1 X48.837 Y8.932 E2.07376
;WIDTH:0.45
G1 X48.633 Y8.66 E2.09011
G1 X38.21 Y-1.764 E2.7991
G1 X38.21 Y-2.309 E2.82531
G1 X48.384 Y7.865 E3.51733
G1 X48.526 Y8.097 E3.53041
;WIDTH:0.404381
G1 X48.507 Y8.168 E3.53353
G1 X48.578 Y8.149 E3.53665
G1 X48.567 Y8.108 E3.53845
G1 X48.339 Y7.275 F7200
;WIDTH:0.45
G1 F1500
G1 X38.21 Y-2.854 E4.22741
G1 X38.21 Y-3.4 E4.25367
G1 X48.339 Y6.729 E4.94263
G1 X48.339 Y6.184 E4.96884
G1 X38.21 Y-3.945 E5.6578
G1 X38.053 Y-4.647 E5.6924
G1 X48.339 Y5.639 E6.39204
G1 X48.339 Y5.093 E6.4183
G1 X37.596 Y-5.649 E7.14899
G1 X37.866 Y-5.925 E7.16756
G1 X48.339 Y4.548 E7.87992
G1 X48.339 Y4.003 E7.90613
G1 X38.089 Y-6.247 E8.60332
G1 X38.2 Y-6.682 E8.62491
G1 X48.339 Y3.457 E9.31455
G1 X48.339 Y2.912 E9.34076
G1 X38.21 Y-7.217 E10.02972
G1 X38.21 Y-7.763 E10.05598
G1 X48.339 Y2.367 E10.74498
G1 X48.339 Y1.821 E10.77124
G1 X38.21 Y-8.308 E11.4602
G1 X38.21 Y-8.853 E11.48641
G1 X48.339 Y1.276 E12.17537
G1 X48.339 Y.731 E12.20158
G1 X38.21 Y-9.399 E12.89058
G1 X38.21 Y-9.944 E12.91679
G1 X48.339 Y.185 E13.60575
G1 X48.339 Y-.36 E13.63196
G1 X38.21 Y-10.489 E14.32092
G1 X37.186 Y-12.078 F7200
;WIDTH:0.422323
G1 F1500
G1 X37.744 Y-11.676 E14.35162
;WIDTH:0.404381
G1 X38.037 Y-11.324 E14.37104
;WIDTH:0.45
G1 X38.193 Y-11.051 E14.38616
G1 X48.339 Y-.905 E15.07628
G1 X48.339 Y-1.451 E15.10254
G1 X37.454 Y-12.336 E15.84292
G1 X37.727 Y-12.608 E15.86146
G1 X48.339 Y-1.996 E16.58328
G1 X48.339 Y-2.541 E16.60949
G1 X37.985 Y-12.896 E17.31379
G1 X38.157 Y-13.269 E17.33355
G1 X48.339 Y-3.087 E18.02612
G1 X48.339 Y-3.632 E18.05233
G1 X38.21 Y-13.761 E18.74129
G1 X38.21 Y-14.307 E18.76755
G1 X48.339 Y-4.178 E19.45651
G1 X48.339 Y-4.723 E19.48272
G1 X38.21 Y-14.852 E20.17168
G1 X38.21 Y-15.397 E20.19789
G1 X48.339 Y-5.268 E20.88685
G1 X48.339 Y-5.814 E20.91311
G1 X38.21 Y-15.943 E21.60207
G1 X38.21 Y-16.488 E21.62828
G1 X48.339 Y-6.359 E22.31724
G1 X48.339 Y-6.904 E22.34345
G1 X38.21 Y-17.033 E23.03241
G1 X38.21 Y-17.579 E23.05867
G1 X48.339 Y-7.45 E23.74763
G1 X48.339 Y-7.995 E23.77384
G1 X38.08 Y-18.254 E24.47164
G1 X37.911 Y-18.527 E24.48708
;WIDTH:0.404381
G1 X37.846 Y-18.462 E24.49098
G1 X37.585 Y-19.295 F7200
;WIDTH:0.45
G1 F1500
G1 X48.339 Y-8.54 E25.22249
G1 X48.37 Y-9.055 E25.2473
G1 X37.856 Y-19.569 E25.96245
G1 X38.081 Y-19.889 E25.98126
G1 X48.462 Y-9.508 E26.68736
G1 X48.6 Y-9.915 E26.70803
G1 X38.199 Y-20.317 E27.41553
G1 X38.21 Y-20.851 E27.44122
G1 X48.774 Y-10.287 E28.15977
G1 X48.998 Y-10.608 E28.1786
G1 X38.21 Y-21.396 E28.91239
G1 X38.21 Y-21.942 E28.93865
G1 X49.246 Y-10.905 E29.68934
G1 X49.52 Y-11.177 E29.70791
G1 X38.21 Y-22.487 E30.4772
G1 X38.21 Y-23.032 E30.50341
G1 X49.841 Y-11.401 E31.29454
G1 X50.19 Y-11.597 E31.31379
G1 X38.21 Y-23.578 E32.12869
G1 X38.209 Y-24.123 E32.1549
G1 X50.571 Y-11.761 E32.99575
G1 X51.001 Y-11.878 E33.01718
G1 X38.195 Y-24.683 E33.88819
G1 X38.037 Y-24.956 E33.90336
;WIDTH:0.404381
G1 X37.74 Y-25.326 E33.92348
;WIDTH:0.408599
G1 X37.174 Y-25.733 E33.95341
;WIDTH:0.45
G1 X37.442 Y-25.981 E33.97097
G1 X51.496 Y-11.928 E34.92687
G1 X52.03 Y-11.939 E34.95256
G1 X37.715 Y-26.254 E35.92625
G1 X37.972 Y-26.542 E35.94482
G1 X52.575 Y-11.939 E36.9381
G1 X53.12 Y-11.939 E36.96431
G1 X38.15 Y-26.91 E37.98258
G1 X38.21 Y-27.395 E38.00608
G1 X53.666 Y-11.939 E39.05738
G1 X54.211 Y-11.939 E39.08359
G1 X38.21 Y-27.94 E40.17196
G1 X38.21 Y-28.486 E40.19822
G1 X54.757 Y-11.939 E41.32373
G1 X55.302 Y-11.939 E41.34994
G1 X38.21 Y-29.031 E42.51252
G1 X38.21 Y-29.576 E42.53873
G1 X55.847 Y-11.939 E43.73838
G1 X56.393 Y-11.939 E43.76464
G1 X38.21 Y-30.122 E45.00143
G1 X38.21 Y-30.667 E45.02764
G1 X56.938 Y-11.939 E46.3015
G1 X57.483 Y-11.939 E46.32771
G1 X38.21 Y-31.212 E47.63864
G1 X37.227 Y-32.634 F7200
;WIDTH:0.600193
G1 F1500
G1 X37.324 Y-32.574 E47.64626
;WIDTH:0.55124
G1 X37.421 Y-32.513 E47.65322
;WIDTH:0.502287
G1 X37.517 Y-32.453 E47.6594
;WIDTH:0.453334
G1 X37.614 Y-32.392 E47.66496
;WIDTH:0.404381
G1 X37.88 Y-32.138 E47.68056
;WIDTH:0.45
G1 X38.103 Y-31.865 E47.69751
G1 X58.029 Y-11.939 E49.05285
G1 X58.887 Y-11.815 F7200
;WIDTH:0.404381
G1 F1500
G1 X58.898 Y-11.774 E49.05465
G1 X58.827 Y-11.755 E49.05777
G1 X58.846 Y-11.826 E49.06089
;WIDTH:0.45
G1 X58.588 Y-11.925 E49.07418
G1 X37.293 Y-33.22 E50.52264
G1 E48.52264 F2400
G92 E0
G1 Z2.95 F7200
G1 X27.212 Y-43.846
G1 Z.95
G1 E2 F2400
G1 F1500
G1 X59.247 Y-11.811 E4.17898
G1 X59.509 Y-11.685 E4.19296
;WIDTH:0.404381
G1 X59.489 Y-11.614 E4.19609
G1 X59.561 Y-11.633 E4.19925
G1 X59.55 Y-11.674 E4.20105
G1 E2.20105 F2400
G92 E0
G1 Z2.95 F7200
G1 X50.33 Y10.356
G1 Z.95
G1 E2 F2400
;WIDTH:0.45
G1 F1500
G1 X67.117 Y27.143 E3.14183
G1 X67.219 Y27.375 E3.15402
;WIDTH:0.404381
G1 X67.2 Y27.446 E3.15714
G1 X67.271 Y27.427 E3.16026
G1 X67.26 Y27.386 E3.16206
G1 X67.117 Y26.598 F7200
;WIDTH:0.45
G1 F1500
G1 X51.104 Y10.586 E4.25121
G1 X50.865 Y10.401 E4.26575
;WIDTH:0.404381
G1 X50.876 Y10.442 E4.26755
G1 X50.805 Y10.461 E4.27067
G1 X50.824 Y10.39 E4.27379
G1 X51.696 Y10.632 F7200
;WIDTH:0.45
G1 F1500
G1 X67.117 Y26.053 E5.32271
G1 X67.117 Y25.507 E5.34897
G1 X52.241 Y10.632 E6.36078
G1 X52.787 Y10.632 E6.38704
G1 X67.117 Y24.962 E7.36175
G1 X67.117 Y24.416 E7.38801
G1 X53.332 Y10.632 E8.32561
G1 X53.877 Y10.632 E8.35182
G1 X67.117 Y23.871 E9.25235
G1 X67.117 Y23.326 E9.27856
G1 X54.423 Y10.632 E10.14199
G1 X54.968 Y10.632 E10.1682
G1 X67.117 Y22.78 E10.99453
G1 X67.117 Y22.235 E11.02074
G1 X55.514 Y10.632 E11.80996
G1 X56.059 Y10.632 E11.83617
G1 X67.117 Y21.69 E12.58832
G1 X67.117 Y21.144 E12.61458
G1 X56.604 Y10.632 E13.32963
G1 X57.15 Y10.632 E13.35589
G1 X67.117 Y20.599 E14.03383
G1 X67.117 Y20.054 E14.06004
G1 X57.695 Y10.632 E14.70091
G1 X58.092 Y10.426 E14.72242
;WIDTH:0.404381
G1 X58.073 Y10.497 E14.72554
G1 X58.144 Y10.478 E14.72866
G1 X58.133 Y10.437 E14.73046
;WIDTH:0.45
G1 X58.24 Y10.632 E14.74116
G1 X67.117 Y19.508 E15.34493
G1 X67.117 Y18.963 E15.37114
G1 X58.757 Y10.603 E15.93978
G1 X59.221 Y10.522 E15.96243
G1 X67.117 Y18.418 E16.49951
G1 X67.117 Y17.872 E16.52577
G1 X59.638 Y10.393 E17.03448
G1 X60.008 Y10.219 E17.05415
G1 X67.117 Y17.327 E17.53766
G1 X67.117 Y16.782 E17.56387
G1 X60.338 Y10.003 E18.02497
G1 X60.643 Y9.762 E18.04367
G1 X67.117 Y16.236 E18.48402
G1 X67.117 Y15.691 E18.51023
G1 X60.907 Y9.481 E18.93263
G1 X61.14 Y9.169 E18.95136
G1 X67.117 Y15.146 E19.35791
G1 X67.117 Y14.6 E19.38417
G1 X61.348 Y8.832 E19.77654
G1 X61.514 Y8.452 E19.79648
G1 X67.117 Y14.055 E20.17759
G1 X67.117 Y13.51 E20.2038
G1 X61.626 Y8.019 E20.57729
G1 X61.695 Y7.543 E20.60042
G1 X67.117 Y12.964 E20.96918
G1 X67.117 Y12.419 E20.99539
G1 X61.71 Y7.012 E21.36317
G1 X61.71 Y6.467 E21.38938
G1 X67.117 Y11.873 E21.75712
G1 X67.117 Y11.328 E21.78333
G1 X61.71 Y5.921 E22.15111
G1 X61.71 Y5.376 E22.17732
G1 X67.117 Y10.783 E22.5451
G1 X67.117 Y10.237 E22.57136
G1 X61.71 Y4.831 E22.9391
G1 X61.71 Y4.285 E22.96536
G1 X67.117 Y9.692 E23.33314
G1 X67.117 Y9.147 E23.35935
G1 X61.71 Y3.74 E23.72713
G1 X61.71 Y3.195 E23.75334
G1 X67.117 Y8.601 E24.12108
G1 X67.117 Y8.056 E24.14729
G1 X61.71 Y2.649 E24.51507
G1 X61.71 Y2.104 E24.54128
G1 X67.117 Y7.511 E24.90906
G1 X67.117 Y6.965 E24.93532
G1 X61.71 Y1.559 E25.30306
G1 X61.71 Y1.013 E25.32932
G1 X67.117 Y6.42 E25.6971
G1 X67.117 Y5.875 E25.72331
G1 X61.71 Y.468 E26.09109
G1 X61.71 Y-.078 E26.11735
G1 X67.117 Y5.329 E26.48513
G1 X67.117 Y4.784 E26.51134
G1 X61.71 Y-.623 E26.87912
G1 X61.71 Y-1.168 E26.90533
G1 X67.117 Y4.239 E27.27311
G1 X67.117 Y3.693 E27.29937
G1 X61.71 Y-1.714 E27.66715
G1 X61.71 Y-2.259 E27.69336
G1 X67.117 Y3.148 E28.06114
G1 X67.117 Y2.603 E28.08735
G1 X61.71 Y-2.804 E28.45513
G1 X61.71 Y-3.35 E28.48139
G1 X67.117 Y2.057 E28.84917
G1 X67.117 Y1.512 E28.87538
G1 X61.71 Y-3.895 E29.24316
G1 X61.71 Y-4.44 E29.26937
G1 X67.117 Y.967 E29.63715
G1 X67.117 Y.421 E29.66341
G1 X61.71 Y-4.986 E30.03119
G1 X61.71 Y-5.531 E30.0574
G1 X67.117 Y-.124 E30.42518
G1 X67.117 Y-.669 E30.45139
G1 X61.71 Y-6.076 E30.81917
G1 X61.71 Y-6.622 E30.84543
G1 X67.117 Y-1.215 E31.21321
G1 X67.117 Y-1.76 E31.23942
G1 X61.71 Y-7.167 E31.6072
G1 X61.71 Y-7.712 E31.63341
G1 X67.117 Y-2.306 E32.00115
G1 X67.117 Y-2.851 E32.02736
G1 X61.71 Y-8.258 E32.39514
G1 X61.698 Y-8.815 E32.42194
G1 X67.117 Y-3.396 E32.79053
G1 X67.117 Y-3.942 E32.81679
G1 X61.594 Y-9.465 E33.19246
G1 X61.2 Y-10.404 F7200
G1 F1500
G1 X67.117 Y-4.487 E33.59493
G1 X67.27 Y-4.38 E33.60391
;WIDTH:0.404381
G1 X67.251 Y-4.309 E33.60703
G1 X67.322 Y-4.328 E33.61015
G1 X67.311 Y-4.369 E33.61195
G1 E31.61195 F2400
G92 E0
G1 Z2.95 F7200
G1 X60.963 Y-10.677
G1 Z.95
G1 E2 F2400
G1 F1500
G1 X60.524 Y-11.116 E2.02633
;WIDTH:0.45
G1 X60.252 Y-11.352 E2.04365
G1 X27.758 Y-43.846 E4.25385
G1 X28.303 Y-43.846 E4.28006
G1 X67.117 Y-5.032 E6.92014
G1 X67.219 Y-4.801 E6.93229
;WIDTH:0.404381
G1 X67.2 Y-4.73 E6.93541
G1 X67.271 Y-4.749 E6.93853
G1 X67.26 Y-4.79 E6.94033
G1 X67.117 Y-5.578 F7200
;WIDTH:0.45
G1 F1500
G1 X28.848 Y-43.846 E9.54331
G1 X29.394 Y-43.846 E9.56957
G1 X67.117 Y-6.123 E12.13544
G1 X67.117 Y-6.668 E12.16165
G1 X29.939 Y-43.846 E14.69045
G1 X30.485 Y-43.846 E14.71671
G1 X67.117 Y-7.214 E17.20837
G1 X67.117 Y-7.759 E17.23458
G1 X31.03 Y-43.846 E19.68917
G1 X31.575 Y-43.846 E19.71538
G1 X67.117 Y-8.304 E22.1329
G1 X67.117 Y-8.85 E22.15916
G1 X32.121 Y-43.846 E24.53954
G1 X32.666 Y-43.846 E24.56575
G1 X67.117 Y-9.395 E26.90906
G1 X67.117 Y-9.94 E26.93527
G1 X33.211 Y-43.846 E29.24151
G1 X33.757 Y-43.846 E29.26777
G1 X67.117 Y-10.486 E31.53688
G1 X67.117 Y-11.031 E31.56309
G1 X34.302 Y-43.846 E33.79513
G1 X34.847 Y-43.846 E33.82134
G1 X67.117 Y-11.576 E36.01631
G1 X67.117 Y-12.122 E36.04257
G1 X35.393 Y-43.846 E38.2004
G1 X35.938 Y-43.846 E38.22661
G1 X67.117 Y-12.667 E40.34737
G1 X67.117 Y-13.212 E40.37358
G1 X36.483 Y-43.846 E42.45727
G1 X37.029 Y-43.846 E42.48353
G1 X67.117 Y-13.758 E44.53008
G1 X67.117 Y-14.303 E44.55629
G1 X37.574 Y-43.846 E46.56577
G1 X38.119 Y-43.846 E46.59198
G1 X67.117 Y-14.849 E48.56435
G1 X67.117 Y-15.394 E48.59056
G1 X38.665 Y-43.846 E50.52583
G1 X39.21 Y-43.846 E50.55204
G1 X67.117 Y-15.939 E52.45024
G1 X67.117 Y-16.485 E52.4765
G1 X39.755 Y-43.846 E54.3376
G1 X40.301 Y-43.846 E54.36386
G1 X67.117 Y-17.03 E56.18785
G1 X67.117 Y-17.575 E56.21406
G1 X40.846 Y-43.846 E58.00098
G1 X41.391 Y-43.846 E58.02719
G1 X67.117 Y-18.121 E59.77701
G1 X67.117 Y-18.666 E59.80322
G1 X41.937 Y-43.846 E61.51593
G1 X42.482 Y-43.846 E61.54214
G1 X67.117 Y-19.211 E63.21778
G1 X67.117 Y-19.757 E63.24404
G1 X43.028 Y-43.846 E64.88254
G1 X43.573 Y-43.846 E64.90875
G1 X67.117 Y-20.302 E66.51018
G1 X67.117 Y-20.847 E66.53639
G1 X44.118 Y-43.846 E68.10075
G1 X44.664 Y-43.846 E68.12701
G1 X67.117 Y-21.393 E69.65424
G1 X67.117 Y-21.938 E69.68045
G1 X45.209 Y-43.846 E71.1706
G1 X45.754 Y-43.846 E71.19681
G1 X67.117 Y-22.483 E72.64989
G1 X67.117 Y-23.029 E72.67615
G1 X46.3 Y-43.846 E74.0921
G1 X46.845 Y-43.846 E74.11831
G1 X67.117 Y-23.574 E75.49719
G1 X67.117 Y-24.119 E75.5234
G1 X47.39 Y-43.846 E76.86521
G1 X47.936 Y-43.846 E76.89147
G1 X67.117 Y-24.665 E78.19614
G1 X67.117 Y-25.21 E78.22235
G1 X48.481 Y-43.846 E79.48995
G1 X49.026 Y-43.846 E79.51616
G1 X67.117 Y-25.755 E80.74669
G1 X67.117 Y-26.301 E80.77295
G1 X49.572 Y-43.846 E81.96634
G1 X50.117 Y-43.846 E81.99255
G1 X67.117 Y-26.846 E83.14887
G1 X67.117 Y-27.392 E83.17513
G1 X50.662 Y-43.846 E84.29434
G1 X51.208 Y-43.846 E84.3206
G1 X67.117 Y-27.937 E85.40271
G1 X67.117 Y-28.482 E85.42892
G1 X51.753 Y-43.846 E86.47396
G1 X52.298 Y-43.846 E86.50017
G1 X67.117 Y-29.028 E87.50811
G1 X67.117 Y-29.573 E87.53432
G1 X52.844 Y-43.846 E88.50515
G1 X53.389 Y-43.846 E88.53136
G1 X67.117 Y-30.118 E89.46512
G1 X67.117 Y-30.664 E89.49138
G1 X53.934 Y-43.846 E90.38804
G1 X54.48 Y-43.846 E90.4143
G1 X67.117 Y-31.209 E91.27385
G1 X67.117 Y-31.754 E91.30006
G1 X55.025 Y-43.846 E92.12254
G1 X55.571 Y-43.846 E92.1488
G1 X67.117 Y-32.3 E92.93414
G1 X67.117 Y-32.845 E92.96035
G1 X56.116 Y-43.846 E93.70862
G1 X56.661 Y-43.846 E93.73483
G1 X67.117 Y-33.39 E94.44603
G1 X67.117 Y-33.936 E94.47229
G1 X57.207 Y-43.846 E95.14636
G1 X57.752 Y-43.846 E95.17257
G1 X67.117 Y-34.481 E95.80957
G1 X67.311 Y-34.908 E95.83213
;WIDTH:0.404381
G1 X67.322 Y-34.867 E95.83393
G1 X67.251 Y-34.848 E95.83705
G1 X67.27 Y-34.919 E95.84017
;WIDTH:0.45
G1 X67.117 Y-35.026 E95.84915
G1 X58.297 Y-43.846 E96.44908
G1 X58.843 Y-43.846 E96.47534
G1 X62.392 Y-40.297 E96.71674
G1 X62.617 Y-40.024 E96.73376
;WIDTH:0.404381
G1 X63.017 Y-39.581 E96.75907
G1 X63.265 Y-39.371 E96.77285
;WIDTH:0.45
G1 X63.537 Y-39.151 E96.78968
G1 X67.117 Y-35.572 E97.03315
G1 X67.219 Y-35.34 E97.04534
;WIDTH:0.404381
G1 X67.2 Y-35.269 E97.04846
G1 X67.271 Y-35.288 E97.05158
G1 X67.26 Y-35.329 E97.05338
G1 X67.117 Y-36.117 F7200
;WIDTH:0.45
G1 F1500
G1 X64.385 Y-38.849 E97.23921
G1 X64.143 Y-39.023 E97.25355
;WIDTH:0.404381
G1 X64.154 Y-38.982 E97.25535
G1 X64.082 Y-38.963 E97.25851
G1 X64.101 Y-39.034 E97.26163
G1 X65.004 Y-38.776 F7200
;WIDTH:0.45
G1 F1500
G1 X67.117 Y-36.662 E97.40539
G1 X67.27 Y-36.555 E97.41437
;WIDTH:0.404381
G1 X67.251 Y-36.484 E97.41749
G1 X67.322 Y-36.503 E97.42061
G1 X67.311 Y-36.544 E97.42241
G1 E95.42241 F2400
G92 E0
G1 Z2.95 F7200
G1 X65.613 Y-38.711
G1 Z.95
G1 E2 F2400
;WIDTH:0.45
G1 F1500
G1 X67.117 Y-37.208 E2.10227
G1 X67.117 Y-39.816 E2.22771
G1 X66.915 Y-39.58 E2.24265
G1 X66.593 Y-39.314 E2.26274
G1 X66.117 Y-39.039 E2.28918
G1 X65.691 Y-38.884 E2.31098
G1 X65.477 Y-38.847 E2.32143
G1 X66.22 Y-38.657 E2.35832
;WIDTH:0.452381
G1 X66.73 Y-38.946 E2.38669
G1 X66.73 Y-38.142 E2.4256
G1 X66.355 Y-38.52 E2.45137
G1 E.45137 F2400
G92 E0
G1 Z2.95 F7200
G1 X62.282 Y-40.909
G1 Z.95
G1 E2 F2400
;WIDTH:0.404381
G1 F1500
G1 X62.293 Y-40.868 E2.0018
G1 X62.222 Y-40.849 E2.00492
G1 X62.241 Y-40.92 E2.00804
;WIDTH:0.45
G1 X62.085 Y-41.149 E2.02137
G1 X59.388 Y-43.846 E2.20482
G1 X59.933 Y-43.846 E2.23103
G1 X62.064 Y-41.716 E2.37594
G1 E.37594 F2400
G92 E0
G1 Z2.95 F7200
G1 X60.615 Y-43.71
G1 Z.95
G1 E2 F2400
G1 F1500
G1 X62.116 Y-42.209 E2.1021
G1 X62.142 Y-42.374 E2.11013
G1 X62.33 Y-42.89 E2.13654
G1 X62.556 Y-43.282 E2.1583
G1 X62.909 Y-43.702 E2.18469
G1 X63.047 Y-43.833 E2.19384
G1 X60.479 Y-43.846 E2.31735
G1 X61.41 Y-43.46 F7200
;WIDTH:0.450367
G1 F1500
G1 X62.203 Y-43.447 E2.35553
G1 X61.936 Y-42.934 E2.38337
G1 X61.546 Y-43.324 E2.40992
G1 E.40992 F2400
G92 E0
G1 Z2.95 F7200
G1 X17.971 Y27.628
G1 Z.95
G1 E2 F2400
;WIDTH:0.444483
G1 F1500
G1 X18.372 Y28.175 E2.03215
;WIDTH:0.404381
G1 X18.683 Y28.433 E2.04929
G1 X18.821 Y28.422 E2.05516
G1 E.05516 F2400
G92 E0
G1 Z2.95 F7200
G1 X11.17 Y27.711
G1 Z.95
G1 E2 F2400
;WIDTH:0.600623
G1 F1500
G1 X11.187 Y27.776 E2.00449
G1 X11.14 Y27.824 E2.00898
G1 X11.075 Y27.806 E2.01349
G1 X11.058 Y27.741 E2.01798
G1 X11.105 Y27.694 E2.02243
G1 E.02243 F2400
G92 E0
G1 Z2.95 F7200
G1 X-57.178 Y6.249
G1 Z.95
G1 E2 F2400
;WIDTH:0.617119
G1 F1500
G1 X-57.16 Y6.316 E2.00478
G1 X-57.209 Y6.364 E2.00951
G1 X-57.275 Y6.347 E2.01421
G1 X-57.293 Y6.28 E2.01899
G1 X-57.244 Y6.231 E2.02377
;LAYER_CHANGE
;Z:1.25
;HEIGHT:0.3
G1 E.02377 F2400
G92 E0
G1 Z1.25 F7200
G1 Z3.25
G1 X37.171 Y-18.208
G1 Z1.25
G1 E2 F2400
;TYPE:Perimeter
;WIDTH:0.45
G1 F3600
G1 X37.366 Y-18.111 E2.01048
G1 X37.511 Y-17.866 E2.02417
G1 X37.535 Y-17.166 E2.05786
G1 X37.535 Y-13.611 E2.22884
G1 X37.472 Y-13.348 E2.24185
G1 X36.681 Y-12.517 E2.29703
G1 X-3.624 Y27.788 E5.03853
G1 X-3.918 Y27.957 E5.05484
G1 X-8.124 Y27.957 E5.25713
G1 X-8.372 Y27.901 E5.26936
G1 X-8.533 Y27.788 E5.27882
G1 X-8.696 Y27.46 E5.29644
G1 X-8.593 Y27.03 E5.31771
G1 X36.548 Y-18.111 E8.38814
G1 X37.038 Y-18.274 E8.41298
G1 X37.117 Y-18.235 E8.41722
G1 X37.033 Y-17.856 F7200
;TYPE:External perimeter
G1 F1800
G1 X37.132 Y-17.782 E8.42316
G1 X37.149 Y-17.166 E8.4528
G1 X37.149 Y-13.611 E8.62378
G1 X37.093 Y-13.474 E8.6309
G1 X-3.896 Y27.515 E11.41892
G1 X-4.033 Y27.571 E11.42604
G1 X-8.124 Y27.571 E11.6228
G1 X-8.26 Y27.515 E11.62987
G1 X-8.315 Y27.406 E11.63574
G1 X-8.26 Y27.242 E11.64406
G1 X36.82 Y-17.838 E14.71035
G1 X36.984 Y-17.893 E14.71867
G1 X37.134 Y-17.522 F7200
G1 E12.71867 F2400
G92 E0
G1 Z3.25 F7200
G1 X-1.803 Y27.591
G1 Z1.25
G1 E2 F2400
;TYPE:Perimeter
G1 F3600
G1 X-1.868 Y27.46 E2.00703
G1 X-1.765 Y27.03 E2.0283
G1 X36.548 Y-11.282 E4.63427
G1 X37.038 Y-11.446 E4.65912
G1 X37.366 Y-11.282 E4.67676
G1 X37.535 Y-10.997 E4.6927
G1 X37.535 Y-6.782 E4.89543
G1 X37.483 Y-6.542 E4.90724
G1 X37.366 Y-6.373 E4.91713
G1 X3.205 Y27.788 E7.24072
G1 X2.911 Y27.957 E7.25703
G1 X-1.295 Y27.957 E7.45932
G1 X-1.544 Y27.901 E7.4716
G1 X-1.704 Y27.788 E7.48102
G1 X-1.776 Y27.645 E7.48872
G1 X-1.463 Y27.451 F7200
;TYPE:External perimeter
G1 F1800
G1 X-1.486 Y27.406 E7.49115
G1 X-1.432 Y27.242 E7.49945
G1 X36.82 Y-11.01 E10.1013
G1 X36.984 Y-11.064 E10.1096
G1 X37.149 Y-10.946 E10.11936
G1 X37.149 Y-6.782 E10.31963
G1 X37.093 Y-6.646 E10.3267
G1 X2.932 Y27.515 E12.65029
G1 X2.796 Y27.571 E12.65736
G1 X-1.295 Y27.571 E12.85412
G1 X-1.432 Y27.515 E12.86124
G1 X-1.437 Y27.505 E12.86178
G1 X-1.31 Y27.126 F7200
G1 E10.86178 F2400
G92 E0
G1 Z3.25 F7200
G1 X5.026 Y27.591
G1 Z1.25
G1 E2 F2400
;TYPE:Perimeter
G1 F3600
G1 X4.96 Y27.46 E2.00706
G1 X5.063 Y27.03 E2.02833
G1 X36.548 Y-4.454 E4.16987
G1 X37.038 Y-4.618 E4.19472
G1 X37.366 Y-4.454 E4.21236
G1 X37.535 Y-4.169 E4.2283
G1 X37.535 Y.046 E4.43103
G1 X37.483 Y.287 E4.44289
G1 X37.366 Y.455 E4.45274
G1 X10.033 Y27.788 E6.3119
G1 X9.739 Y27.957 E6.32821
G1 X5.533 Y27.957 E6.5305
G1 X5.284 Y27.901 E6.54278
G1 X5.124 Y27.788 E6.5522
G1 X5.053 Y27.645 E6.55988
G1 X5.365 Y27.451 F7200
;TYPE:External perimeter
G1 F1800
G1 X5.342 Y27.406 E6.56231
G1 X5.397 Y27.242 E6.57063
G1 X36.82 Y-4.181 E8.70798
G1 X36.984 Y-4.236 E8.7163
G1 X37.149 Y-4.112 E8.72623
G1 X37.149 Y.046 E8.92622
G1 X37.093 Y.182 E8.93329
G1 X9.76 Y27.515 E10.79245
G1 X9.624 Y27.571 E10.79952
G1 X5.533 Y27.571 E10.99628
G1 X5.397 Y27.515 E11.00335
G1 X5.392 Y27.505 E11.00389
G1 X5.519 Y27.126 F7200
G1 E9.00389 F2400
G92 E0
G1 Z3.25 F7200
G1 X37.171 Y9.105
G1 Z1.25
G1 E2 F2400
;TYPE:Perimeter
G1 F3600
G1 X37.366 Y9.203 E2.0105
G1 X37.535 Y9.488 E2.02644
G1 X37.535 Y13.703 E2.22917
G1 X37.484 Y13.941 E2.24088
G1 X37.366 Y14.112 E2.25087
G1 X23.69 Y27.788 E3.18109
G1 X23.396 Y27.957 E3.1974
G1 X19.19 Y27.957 E3.39969
G1 X18.941 Y27.901 E3.41197
G1 X18.781 Y27.788 E3.42139
G1 X18.617 Y27.46 E3.43903
G1 X18.72 Y27.03 E3.4603
G1 X36.548 Y9.203 E4.6729
G1 X37.038 Y9.039 E4.69775
G1 X37.117 Y9.078 E4.70199
G1 X37.03 Y9.456 F7200
;TYPE:External perimeter
G1 F1800
G1 X37.149 Y9.545 E4.70914
G1 X37.149 Y13.703 E4.90913
G1 X37.093 Y13.839 E4.9162
G1 X23.417 Y27.515 E5.84642
G1 X23.294 Y27.571 E5.85292
G1 X19.19 Y27.571 E6.05031
G1 X19.054 Y27.515 E6.05738
G1 X18.999 Y27.406 E6.06325
G1 X19.054 Y27.242 E6.07157
G1 X36.82 Y9.475 E7.28003
G1 X36.982 Y9.422 E7.28823
G1 X37.145 Y9.787 F7200
G1 E5.28823 F2400
G92 E0
G1 Z3.25 F7200
G1 X37.171 Y15.934
G1 Z1.25
G1 E2 F2400
;TYPE:Perimeter
G1 F1200
G1 X37.366 Y16.031 E2.01048
G1 X37.512 Y16.279 E2.02432
G1 X37.535 Y17.122 E2.06488
G1 X37.535 Y20.531 E2.22884
G1 X37.482 Y20.773 E2.24076
G1 X37.366 Y20.94 E2.25054
G1 X30.518 Y27.788 E2.71633
G1 X30.224 Y27.957 E2.73264
G1 X26.018 Y27.957 E2.93493
G1 X25.77 Y27.901 E2.94716
G1 X25.609 Y27.788 E2.95662
G1 X25.446 Y27.46 E2.97424
G1 X25.549 Y27.03 E2.99551
G1 X36.548 Y16.031 E3.74365
G1 X37.038 Y15.868 E3.76849
G1 X37.117 Y15.907 E3.77273
G1 X37.033 Y16.286 F7200
;TYPE:External perimeter
G1 F1200
G1 X37.132 Y16.361 E3.7787
G1 X37.149 Y17.122 E3.81531
G1 X37.149 Y20.531 E3.97927
G1 X37.093 Y20.668 E3.98639
G1 X30.246 Y27.515 E4.45211
G1 X30.123 Y27.571 E4.45861
G1 X26.018 Y27.571 E4.65605
G1 X25.882 Y27.515 E4.66312
G1 X25.827 Y27.406 E4.66899
G1 X25.882 Y27.242 E4.67731
G1 X36.82 Y16.304 E5.4213
G1 X36.984 Y16.249 E5.42962
G1 X37.132 Y16.621 F7200
G1 E3.42962 F2400
G92 E0
G1 Z3.25 F7200
G1 X37.171 Y22.762
G1 Z1.25
G1 E2 F2400
;TYPE:Perimeter
G1 F1200
G1 X37.366 Y22.86 E2.0105
G1 X37.511 Y23.103 E2.02411
G1 X37.535 Y24.045 E2.06943
G1 X37.535 Y27.379 E2.22978
G1 X37.467 Y27.651 E2.24326
G1 X37.304 Y27.841 E2.2553
G1 X37.021 Y27.957 E2.27001
G1 X32.847 Y27.957 E2.47076
G1 X32.533 Y27.865 E2.4865
G1 X32.438 Y27.788 E2.49238
G1 X32.274 Y27.46 E2.51002
G1 X32.377 Y27.03 E2.53129
G1 X36.548 Y22.86 E2.81496
G1 X37.038 Y22.696 E2.83981
G1 X37.117 Y22.735 E2.84405
G1 X37.033 Y23.114 F7200
;TYPE:External perimeter
G1 F1200
G1 X37.132 Y23.188 E2.84999
G1 X37.149 Y24.045 E2.89122
G1 X37.149 Y27.379 E3.05157
G1 X37.09 Y27.518 E3.05883
G1 X36.957 Y27.571 E3.06572
G1 X32.847 Y27.571 E3.2634
G1 X32.71 Y27.515 E3.27052
G1 X32.656 Y27.406 E3.27637
G1 X32.71 Y27.242 E3.28467
G1 X36.82 Y23.132 E3.56423
G1 X36.984 Y23.078 E3.57253
G1 X37.131 Y23.45 F7200
G1 E1.57253 F2400
G92 E0
G1 Z3.25 F7200
G1 X11.854 Y27.591
G1 Z1.25
G1 E2 F2400
;TYPE:Perimeter
G1 F3600
G1 X11.789 Y27.46 E2.00703
G1 X11.892 Y27.03 E2.0283
G1 X36.548 Y2.374 E3.70537
G1 X37.038 Y2.211 E3.73021
G1 X37.366 Y2.374 E3.74783
G1 X37.535 Y2.659 E3.76377
G1 X37.535 Y6.874 E3.9665
G1 X37.483 Y7.114 E3.97831
G1 X37.366 Y7.283 E3.9882
G1 X16.862 Y27.788 E5.38289
G1 X16.568 Y27.957 E5.3992
G1 X12.361 Y27.957 E5.60154
G1 X12.113 Y27.901 E5.61377
G1 X11.952 Y27.788 E5.62323
G1 X11.881 Y27.645 E5.63091
G1 X12.193 Y27.451 F7200
;TYPE:External perimeter
G1 F1800
G1 X12.171 Y27.406 E5.63332
G1 X12.225 Y27.242 E5.64162
G1 X36.82 Y2.647 E7.31454
G1 X36.984 Y2.593 E7.32284
G1 X37.149 Y2.716 E7.33274
G1 X37.149 Y6.874 E7.53273
G1 X37.093 Y7.011 E7.53985
G1 X16.589 Y27.515 E8.93451
G1 X16.453 Y27.571 E8.94158
G1 X12.361 Y27.571 E9.13839
G1 X12.225 Y27.515 E9.14546
G1 X12.22 Y27.505 E9.146
G1 X12.347 Y27.126 F7200
G1 E7.146 F2400
G92 E0
G1 Z3.25 F7200
G1 X61.231 Y8.368
G1 Z1.25
G1 E2 F2400
;TYPE:Perimeter
G1 F3600
G1 X61.208 Y8.449 E2.00405
G1 X60.974 Y8.916 E2.02917
G1 X60.663 Y9.334 E2.05423
G1 X60.284 Y9.693 E2.07934
G1 X59.848 Y9.98 E2.10445
G1 X59.369 Y10.187 E2.12955
G1 X58.861 Y10.308 E2.15467
G1 X58.426 Y10.343 E2.17566
G1 X51.623 Y10.343 E2.50286
G1 X51.092 Y10.295 E2.5285
G1 X50.602 Y10.163 E2.55291
G1 X50.139 Y9.948 E2.57746
G1 X49.727 Y9.665 E2.6015
G1 X49.353 Y9.299 E2.62667
G1 X49.03 Y8.845 E2.65347
G1 X48.784 Y8.291 E2.68262
G1 X48.663 Y7.783 E2.70774
G1 X48.628 Y6.874 E2.75149
G1 X48.628 Y-8.655 E3.49838
G1 X48.692 Y-9.256 E3.52745
G1 X48.841 Y-9.756 E3.55254
G1 X49.065 Y-10.208 E3.5768
G1 X49.386 Y-10.642 E3.60276
G1 X49.765 Y-11 E3.62784
G1 X50.192 Y-11.283 E3.65248
G1 X50.68 Y-11.495 E3.67807
G1 X51.188 Y-11.615 E3.70318
G1 X52.108 Y-11.65 E3.74746
G1 X58.426 Y-11.65 E4.05133
G1 X58.942 Y-11.605 E4.07624
G1 X59.447 Y-11.47 E4.10138
G1 X59.994 Y-11.203 E4.13066
G1 X60.412 Y-10.892 E4.15572
G1 X60.771 Y-10.513 E4.18083
G1 X61.058 Y-10.077 E4.20594
G1 X61.265 Y-9.598 E4.23104
G1 X61.386 Y-9.091 E4.25611
G1 X61.421 Y-8.655 E4.27715
G1 X61.421 Y7.348 E5.04684
G1 X61.375 Y7.866 E5.07185
G1 X61.248 Y8.31 E5.09406
G1 X60.872 Y8.237 F7200
G1 F3600
G1 X60.858 Y8.286 E5.09651
G1 X60.658 Y8.694 E5.11836
G1 X60.39 Y9.062 E5.14026
G1 X60.063 Y9.377 E5.1621
G1 X59.685 Y9.631 E5.184
G1 X59.269 Y9.815 E5.20588
G1 X58.828 Y9.924 E5.22773
G1 X58.426 Y9.957 E5.24713
G1 X51.623 Y9.957 E5.57433
G1 X51.122 Y9.907 E5.59855
G1 X50.685 Y9.78 E5.62044
G1 X50.277 Y9.58 E5.64229
G1 X49.909 Y9.312 E5.66419
G1 X49.639 Y9.041 E5.68259
G1 X49.34 Y8.607 E5.70794
G1 X49.128 Y8.086 E5.73499
G1 X49.045 Y7.734 E5.75238
G1 X49.014 Y6.874 E5.79377
G1 X49.014 Y-8.655 E6.54066
G1 X49.064 Y-9.156 E6.56488
G1 X49.205 Y-9.624 E6.58839
G1 X49.391 Y-10.002 E6.60865
G1 X49.659 Y-10.369 E6.63051
G1 X49.986 Y-10.684 E6.65235
G1 X50.364 Y-10.938 E6.67425
G1 X50.78 Y-11.122 E6.69613
G1 X51.221 Y-11.231 E6.71798
G1 X52.108 Y-11.264 E6.76067
G1 X58.426 Y-11.264 E7.06454
G1 X58.927 Y-11.214 E7.08876
G1 X59.364 Y-11.088 E7.11063
G1 X59.772 Y-10.887 E7.13251
G1 X60.14 Y-10.619 E7.15441
G1 X60.455 Y-10.292 E7.17625
G1 X60.709 Y-9.914 E7.19815
G1 X60.893 Y-9.498 E7.22003
G1 X61.002 Y-9.057 E7.24188
G1 X61.035 Y-8.655 E7.26128
G1 X61.035 Y7.348 E8.03097
G1 X60.985 Y7.849 E8.05519
G1 X60.889 Y8.18 E8.07177
G1 X60.513 Y8.107 F7200
;TYPE:External perimeter
G1 F1800
G1 X60.509 Y8.123 E8.07256
G1 X60.342 Y8.473 E8.09121
G1 X60.118 Y8.789 E8.10984
G1 X59.841 Y9.061 E8.12851
G1 X59.522 Y9.281 E8.14715
G1 X59.169 Y9.442 E8.16581
G1 X58.794 Y9.54 E8.18445
G1 X58.426 Y9.571 E8.20221
G1 X51.623 Y9.571 E8.52941
G1 X51.222 Y9.534 E8.54878
G1 X50.848 Y9.431 E8.56744
G1 X50.498 Y9.264 E8.58609
G1 X50.182 Y9.04 E8.60472
G1 X49.925 Y8.782 E8.62223
G1 X49.69 Y8.444 E8.64203
G1 X49.5 Y7.986 E8.66588
G1 X49.43 Y7.7 E8.68004
G1 X49.399 Y6.874 E8.7198
G1 X49.399 Y-8.655 E9.46669
G1 X49.488 Y-9.249 E9.49558
G1 X49.69 Y-9.751 E9.52161
G1 X49.931 Y-10.096 E9.54185
G1 X50.208 Y-10.368 E9.56052
G1 X50.527 Y-10.588 E9.57916
G1 X50.879 Y-10.75 E9.5978
G1 X51.255 Y-10.847 E9.61648
G1 X52.108 Y-10.879 E9.65754
G1 X58.426 Y-10.879 E9.96141
G1 X58.827 Y-10.841 E9.98078
G1 X59.201 Y-10.738 E9.99944
G1 X59.551 Y-10.572 E10.01807
G1 X59.867 Y-10.347 E10.03673
G1 X60.139 Y-10.071 E10.05537
G1 X60.359 Y-9.751 E10.07405
G1 X60.52 Y-9.399 E10.09267
G1 X60.618 Y-9.023 E10.11136
G1 X60.649 Y-8.655 E10.12912
G1 X60.649 Y7.348 E10.89881
G1 X60.612 Y7.749 E10.91818
G1 X60.529 Y8.049 E10.93315
G1 X60.368 Y8.415 F7200
G1 E8.93315 F2400
G92 E0
G1 Z3.25 F7200
G1 X64.629 Y33.679
G1 Z1.25
G1 E2 F2400
;TYPE:Perimeter
G1 F1200
G1 X64.824 Y33.644 E2.00953
G1 X65.025 Y33.644 E2.0192
G1 X65.583 Y33.743 E2.04646
G1 X65.772 Y33.812 E2.05614
G1 X66.263 Y34.095 E2.0834
G1 X66.417 Y34.224 E2.09306
G1 X66.781 Y34.658 E2.1203
G1 X66.882 Y34.832 E2.12998
G1 X67.076 Y35.365 E2.15726
G1 X67.11 Y35.563 E2.16692
G1 X67.11 Y36.13 E2.19419
G1 X67.016 Y36.492 E2.21218
G1 X66.79 Y37.023 E2.23994
G1 X66.417 Y37.469 E2.2679
G1 X66.015 Y37.741 E2.29124
G1 X65.583 Y37.95 E2.31432
G1 X65.024 Y38.048 E2.34162
G1 X64.824 Y38.048 E2.35124
G1 X64.266 Y37.95 E2.37849
G1 X64.077 Y37.881 E2.38817
G1 X63.586 Y37.598 E2.41543
G1 X63.432 Y37.469 E2.42509
G1 X63.068 Y37.034 E2.45237
G1 X62.967 Y36.86 E2.46205
G1 X62.773 Y36.327 E2.48933
G1 X62.738 Y36.129 E2.499
G1 X62.739 Y35.563 E2.52622
G1 X62.773 Y35.365 E2.53588
G1 X62.967 Y34.832 E2.56316
G1 X63.068 Y34.658 E2.57284
G1 X63.432 Y34.224 E2.60008
G1 X63.586 Y34.095 E2.60974
G1 X64.078 Y33.811 E2.63706
G1 X64.266 Y33.743 E2.64668
G1 X64.569 Y33.689 E2.66148
G1 X64.689 Y34.064 F7200
;TYPE:External perimeter
G1 F1200
G1 X64.891 Y34.024 E2.67138
G1 X65.516 Y34.123 E2.70182
G1 X66.07 Y34.429 E2.73226
G1 X66.486 Y34.906 E2.7627
G1 X66.713 Y35.497 E2.79315
G1 X66.725 Y36.13 E2.8236
G1 X66.557 Y36.626 E2.84879
G1 X66.422 Y36.863 E2.86191
G1 X66.089 Y37.251 E2.8865
G1 X65.58 Y37.547 E2.91482
G1 X64.958 Y37.669 E2.94531
G1 X64.333 Y37.57 E2.97575
G1 X63.779 Y37.264 E3.00619
G1 X63.363 Y36.786 E3.03667
G1 X63.136 Y36.195 E3.06712
G1 X63.124 Y35.563 E3.09752
G1 X63.33 Y34.964 E3.12799
G1 X63.728 Y34.472 E3.15843
G1 X64.27 Y34.145 E3.18888
G1 X64.63 Y34.075 E3.20652
G1 X65.03 Y34.057 F7200
G1 E1.20652 F2400
G92 E0
G1 Z3.25 F7200
G1 X37.184 Y-31.881
G1 Z1.25
G1 E2 F2400
;TYPE:Perimeter
G1 F3600
G1 X37.392 Y-31.74 E2.01209
G1 X37.535 Y-31.47 E2.02678
G1 X37.535 Y-27.268 E2.22888
G1 X37.48 Y-27.021 E2.24105
G1 X37.366 Y-26.859 E2.25058
G1 X-17.281 Y27.788 E5.9676
G1 X-17.575 Y27.957 E5.98391
G1 X-21.781 Y27.957 E6.1862
G1 X-22.029 Y27.901 E6.19843
G1 X-22.19 Y27.788 E6.20789
G1 X-22.353 Y27.46 E6.22551
G1 X-22.25 Y27.03 E6.24678
G1 X36.548 Y-31.768 E10.24615
G1 X36.876 Y-31.932 E10.26379
G1 X37.131 Y-31.906 E10.27612
G1 X37.021 Y-31.519 F7200
;TYPE:External perimeter
G1 F1800
G1 X37.095 Y-31.493 E10.27989
G1 X37.149 Y-31.359 E10.28684
G1 X37.149 Y-27.268 E10.4836
G1 X37.093 Y-27.131 E10.49072
G1 X-17.553 Y27.515 E14.20767
G1 X-17.69 Y27.571 E14.21479
G1 X-21.781 Y27.571 E14.41155
G1 X-21.917 Y27.515 E14.41862
G1 X-21.972 Y27.406 E14.42449
G1 X-21.917 Y27.242 E14.43281
G1 X36.82 Y-31.495 E18.42803
G1 X36.93 Y-31.55 E18.43395
G1 X36.964 Y-31.538 E18.43568
G1 X37.149 Y-31.183 F7200
G1 E16.43568 F2400
G92 E0
G1 Z3.25 F7200
G1 X36.575 Y-33.41
G1 Z1.25
G1 E2 F2400
;TYPE:Perimeter
G1 F3600
G1 X36.59 Y-33.383 E2.00149
G1 X36.624 Y-33.149 E2.01286
G1 X36.597 Y-33.01 E2.01967
G1 X36.455 Y-32.777 E2.03279
G1 X-24.109 Y27.788 E6.15231
G1 X-24.403 Y27.957 E6.16862
G1 X-28.609 Y27.957 E6.37091
G1 X-28.858 Y27.901 E6.38319
G1 X-29.018 Y27.788 E6.39261
G1 X-29.182 Y27.46 E6.41025
G1 X-29.079 Y27.03 E6.43152
G1 X31.546 Y-33.595 E10.55516
G1 X31.84 Y-33.764 E10.57147
G1 X36.046 Y-33.764 E10.77376
G1 X36.279 Y-33.715 E10.78521
G1 X36.504 Y-33.539 E10.79895
G1 X36.546 Y-33.463 E10.80313
G1 X36.217 Y-33.268 F7200
;TYPE:External perimeter
G1 F1800
G1 X36.228 Y-33.251 E10.8041
G1 X36.23 Y-33.127 E10.81006
G1 X35.724 Y-32.591 E10.84551
G1 X-24.382 Y27.515 E14.93385
G1 X-24.518 Y27.571 E14.94092
G1 X-28.609 Y27.571 E15.13768
G1 X-28.745 Y27.515 E15.14475
G1 X-28.8 Y27.406 E15.15062
G1 X-28.745 Y27.242 E15.15894
G1 X31.819 Y-33.322 E19.27843
G1 X31.955 Y-33.379 E19.28552
G1 X36.046 Y-33.379 E19.48228
G1 X36.184 Y-33.321 E19.48948
G1 X36.055 Y-32.942 F7200
G1 E17.48948 F2400
G92 E0
G1 Z3.25 F7200
G1 X63.018 Y-40.553
G1 Z1.25
G1 E2 F2400
;TYPE:Perimeter
G1 F1200
G1 X62.967 Y-40.64 E2.00485
G1 X62.773 Y-41.173 E2.03213
G1 X62.738 Y-41.371 E2.0418
G1 X62.739 Y-41.937 E2.06902
G1 X62.773 Y-42.135 E2.07868
G1 X62.967 Y-42.668 E2.10596
G1 X63.068 Y-42.842 E2.11564
G1 X63.432 Y-43.276 E2.14288
G1 X63.586 Y-43.405 E2.15254
G1 X64.078 Y-43.689 E2.17986
G1 X64.266 Y-43.757 E2.18948
G1 X64.825 Y-43.856 E2.21678
G1 X65.025 Y-43.856 E2.2264
G1 X65.583 Y-43.757 E2.25366
G1 X66.015 Y-43.548 E2.27674
G1 X66.417 Y-43.276 E2.30008
G1 X66.781 Y-42.842 E2.32732
G1 X66.919 Y-42.565 E2.3422
G1 X67.099 Y-42.049 E2.36848
G1 X67.11 Y-41.37 E2.40114
G1 X67.076 Y-41.172 E2.4108
G1 X66.882 Y-40.64 E2.43804
G1 X66.781 Y-40.466 E2.44772
G1 X66.417 Y-40.031 E2.475
G1 X66.263 Y-39.902 E2.48466
G1 X65.772 Y-39.619 E2.51192
G1 X65.583 Y-39.55 E2.5216
G1 X65.025 Y-39.452 E2.54885
G1 X64.824 Y-39.452 E2.55852
G1 X64.266 Y-39.55 E2.58577
G1 X64.077 Y-39.619 E2.59545
G1 X63.586 Y-39.902 E2.62271
G1 X63.432 Y-40.031 E2.63237
G1 X63.068 Y-40.466 E2.65965
G1 X63.048 Y-40.501 E2.66159
G1 X63.351 Y-40.746 F7200
;TYPE:External perimeter
G1 F1200
G1 X63.136 Y-41.305 E2.6904
G1 X63.124 Y-41.937 E2.7208
G1 X63.33 Y-42.536 E2.75127
G1 X63.728 Y-43.028 E2.78171
G1 X64.27 Y-43.355 E2.81216
G1 X64.891 Y-43.476 E2.84259
G1 X65.516 Y-43.377 E2.87303
G1 X66.063 Y-43.075 E2.90308
G1 X66.422 Y-42.67 E2.92911
G1 X66.557 Y-42.433 E2.94223
G1 X66.725 Y-41.937 E2.96742
G1 X66.725 Y-41.37 E2.99469
G1 X66.519 Y-40.772 E3.02511
G1 X66.121 Y-40.279 E3.05558
G1 X65.579 Y-39.953 E3.086
G1 X64.958 Y-39.831 E3.11644
G1 X64.333 Y-39.93 E3.14688
G1 X63.779 Y-40.236 E3.17732
G1 X63.38 Y-40.694 E3.20654
G1 X63.229 Y-41.065 F7200
G1 E1.20654 F2400
G92 E0
G1 Z3.25 F7200
G1 X-24.902 Y-33.398
G1 Z1.25
G1 E2 F2400
;TYPE:Perimeter
G1 F3600
G1 X-24.837 Y-33.268 E2.00699
G1 X-24.94 Y-32.837 E2.0283
G1 X-56.424 Y-1.353 E4.1698
G1 X-56.501 Y-1.289 E4.17462
G1 X-56.915 Y-1.19 E4.19509
G1 X-57.242 Y-1.353 E4.21266
G1 X-57.412 Y-1.646 E4.22895
G1 X-57.412 Y-5.853 E4.43129
G1 X-57.355 Y-6.103 E4.44362
G1 X-57.242 Y-6.262 E4.453
G1 X-29.91 Y-33.595 E6.31212
G1 X-29.616 Y-33.764 E6.32843
G1 X-25.41 Y-33.764 E6.53072
G1 X-25.161 Y-33.708 E6.543
G1 X-25.001 Y-33.595 E6.55242
G1 X-24.929 Y-33.452 E6.56012
G1 X-25.241 Y-33.259 F7200
;TYPE:External perimeter
G1 F1800
G1 X-25.219 Y-33.213 E6.56257
G1 X-25.273 Y-33.049 E6.57087
G1 X-56.697 Y-1.626 E8.70826
G1 X-56.86 Y-1.571 E8.71653
G1 X-57.026 Y-1.693 E8.72644
G1 X-57.026 Y-5.853 E8.92652
G1 X-56.969 Y-5.99 E8.93366
G1 X-29.637 Y-33.322 E10.79275
G1 X-29.501 Y-33.379 E10.79984
G1 X-25.41 Y-33.379 E10.9966
G1 X-25.273 Y-33.322 E11.00374
G1 X-25.268 Y-33.312 E11.00428
G1 X-25.395 Y-32.933 F7200
G1 E9.00428 F2400
G92 E0
G1 Z3.25 F7200
G1 X-38.559 Y-33.398
G1 Z1.25
G1 E2 F2400
;TYPE:Perimeter
G1 F3600
G1 X-38.494 Y-33.268 E2.00699
G1 X-38.597 Y-32.837 E2.0283
G1 X-56.424 Y-15.01 E3.24087
G1 X-56.501 Y-14.946 E3.24569
G1 X-56.915 Y-14.846 E3.26617
G1 X-57.242 Y-15.01 E3.28376
G1 X-57.412 Y-15.303 E3.30005
G1 X-57.412 Y-19.51 E3.50239
G1 X-57.355 Y-19.76 E3.51472
G1 X-57.242 Y-19.919 E3.5241
G1 X-43.566 Y-33.595 E4.45432
G1 X-43.273 Y-33.764 E4.47059
G1 X-39.066 Y-33.764 E4.67293
G1 X-38.917 Y-33.745 E4.68015
G1 X-38.657 Y-33.595 E4.69459
G1 X-38.586 Y-33.452 E4.70227
G1 X-38.898 Y-33.259 F7200
;TYPE:External perimeter
G1 F1800
G1 X-38.875 Y-33.213 E4.70474
G1 X-38.93 Y-33.049 E4.71306
G1 X-56.697 Y-15.283 E5.92152
G1 X-56.86 Y-15.228 E5.92979
G1 X-57.026 Y-15.35 E5.9397
G1 X-57.026 Y-19.51 E6.13978
G1 X-56.969 Y-19.646 E6.14687
G1 X-43.294 Y-33.322 E7.07706
G1 X-43.157 Y-33.379 E7.0842
G1 X-39.066 Y-33.379 E7.28096
G1 X-38.93 Y-33.322 E7.28805
G1 X-38.925 Y-33.312 E7.28859
G1 X-39.052 Y-32.933 F7200
G1 E5.28859 F2400
G92 E0
G1 Z3.25 F7200
G1 X-52.216 Y-33.398
G1 Z1.25
G1 E2 F2400
;TYPE:Perimeter
G1 F1200
G1 X-52.151 Y-33.268 E2.00699
G1 X-52.254 Y-32.837 E2.0283
G1 X-56.424 Y-28.667 E2.31194
G1 X-56.501 Y-28.602 E2.31679
G1 X-56.915 Y-28.503 E2.33726
G1 X-57.242 Y-28.667 E2.35485
G1 X-57.412 Y-28.96 E2.37114
G1 X-57.412 Y-33.186 E2.5744
G1 X-57.34 Y-33.465 E2.58826
G1 X-57.166 Y-33.659 E2.60079
G1 X-56.894 Y-33.764 E2.61481
G1 X-52.723 Y-33.764 E2.81542
G1 X-52.475 Y-33.708 E2.82765
G1 X-52.314 Y-33.595 E2.83711
G1 X-52.243 Y-33.452 E2.84479
G1 X-52.555 Y-33.259 F7200
;TYPE:External perimeter
G1 F1200
G1 X-52.532 Y-33.213 E2.84726
G1 X-52.587 Y-33.049 E2.85558
G1 X-56.697 Y-28.94 E3.1351
G1 X-56.86 Y-28.885 E3.14337
G1 X-57.026 Y-29.006 E3.15325
G1 X-57.026 Y-33.186 E3.35429
G1 X-56.961 Y-33.33 E3.36189
G1 X-56.833 Y-33.379 E3.36848
G1 X-52.723 Y-33.379 E3.56616
G1 X-52.587 Y-33.322 E3.57325
G1 X-52.582 Y-33.312 E3.57379
G1 X-52.709 Y-32.933 F7200
G1 E1.57379 F2400
G92 E0
G1 Z3.25 F7200
G1 X-45.387 Y-33.398
G1 Z1.25
G1 E2 F2400
;TYPE:Perimeter
G1 F1200
G1 X-45.322 Y-33.268 E2.00699
G1 X-45.425 Y-32.837 E2.0283
G1 X-56.424 Y-21.838 E2.77644
G1 X-56.501 Y-21.774 E2.78126
G1 X-56.915 Y-21.675 E2.80173
G1 X-57.242 Y-21.838 E2.8193
G1 X-57.412 Y-22.132 E2.83563
G1 X-57.412 Y-26.339 E3.03797
G1 X-57.385 Y-26.512 E3.04639
G1 X-57.242 Y-26.748 E3.05966
G1 X-50.395 Y-33.595 E3.52538
G1 X-50.101 Y-33.764 E3.54169
G1 X-45.895 Y-33.764 E3.74398
G1 X-45.646 Y-33.708 E3.75626
G1 X-45.486 Y-33.595 E3.76568
G1 X-45.414 Y-33.452 E3.77338
G1 X-45.727 Y-33.259 F7200
;TYPE:External perimeter
G1 F1200
G1 X-45.704 Y-33.213 E3.77585
G1 X-45.758 Y-33.049 E3.78415
G1 X-56.697 Y-22.111 E4.52817
G1 X-56.86 Y-22.057 E4.53643
G1 X-57.026 Y-22.178 E4.54631
G1 X-57.017 Y-26.396 E4.74918
G1 X-56.285 Y-27.159 E4.80003
G1 X-50.122 Y-33.322 E5.21923
G1 X-49.986 Y-33.379 E5.22632
G1 X-45.895 Y-33.379 E5.42308
G1 X-45.758 Y-33.322 E5.43022
G1 X-45.754 Y-33.312 E5.43074
G1 X-45.88 Y-32.933 F7200
G1 E3.43074 F2400
G92 E0
G1 Z3.25 F7200
G1 X-31.731 Y-33.398
G1 Z1.25
G1 E2 F2400
;TYPE:Perimeter
G1 F3600
G1 X-31.665 Y-33.268 E2.00701
G1 X-31.768 Y-32.837 E2.02832
G1 X-56.424 Y-8.182 E3.70536
G1 X-56.501 Y-8.117 E3.71021
G1 X-56.915 Y-8.018 E3.73068
G1 X-57.242 Y-8.182 E3.74827
G1 X-57.385 Y-8.417 E3.7615
G1 X-57.412 Y-8.591 E3.76997
G1 X-57.412 Y-12.682 E3.96673
G1 X-57.355 Y-12.932 E3.97906
G1 X-57.242 Y-13.091 E3.98844
G1 X-36.738 Y-33.595 E5.3831
G1 X-36.444 Y-33.764 E5.39941
G1 X-32.238 Y-33.764 E5.6017
G1 X-31.989 Y-33.708 E5.61398
G1 X-31.829 Y-33.595 E5.6234
G1 X-31.757 Y-33.452 E5.6311
G1 X-32.07 Y-33.259 F7200
;TYPE:External perimeter
G1 F1800
G1 X-32.047 Y-33.213 E5.63357
G1 X-32.102 Y-33.049 E5.64189
G1 X-56.697 Y-8.454 E7.31481
G1 X-56.86 Y-8.4 E7.32307
G1 X-57.026 Y-8.521 E7.33295
G1 X-57.026 Y-12.682 E7.53308
G1 X-56.969 Y-12.818 E7.54017
G1 X-36.465 Y-33.322 E8.93483
G1 X-36.329 Y-33.379 E8.94192
G1 X-32.238 Y-33.379 E9.13868
G1 X-32.102 Y-33.322 E9.14577
G1 X-32.097 Y-33.312 E9.14631
G1 X-32.224 Y-32.933 F7200
G1 E7.14631 F2400
G92 E0
G1 Z3.25 F7200
G1 X-18.074 Y-33.398
G1 Z1.25
G1 E2 F2400
;TYPE:Perimeter
G1 F3600
G1 X-18.008 Y-33.268 E2.00701
G1 X-18.111 Y-32.837 E2.02832
G1 X-56.424 Y5.475 E4.63429
G1 X-56.501 Y5.54 E4.63914
G1 X-56.915 Y5.639 E4.65961
G1 X-57.242 Y5.475 E4.6772
G1 X-57.412 Y5.182 E4.69349
G1 X-57.412 Y.975 E4.89583
G1 X-57.355 Y.725 E4.90816
G1 X-57.242 Y.566 E4.91754
G1 X-23.081 Y-33.595 E7.24113
G1 X-22.787 Y-33.764 E7.25744
G1 X-18.581 Y-33.764 E7.45973
G1 X-18.332 Y-33.708 E7.47201
G1 X-18.172 Y-33.595 E7.48143
G1 X-18.101 Y-33.452 E7.48911
G1 X-18.413 Y-33.259 F7200
;TYPE:External perimeter
G1 F1800
G1 X-18.39 Y-33.213 E7.49158
G1 X-18.445 Y-33.049 E7.4999
G1 X-56.697 Y5.203 E10.10175
G1 X-56.86 Y5.257 E10.11001
G1 X-57.026 Y5.136 E10.11989
G1 X-57.026 Y.975 E10.32002
G1 X-56.969 Y.839 E10.32711
G1 X-22.808 Y-33.322 E12.6507
G1 X-22.672 Y-33.379 E12.65779
G1 X-18.581 Y-33.379 E12.85455
G1 X-18.445 Y-33.322 E12.86164
G1 X-18.44 Y-33.312 E12.86218
G1 X-18.567 Y-32.933 F7200
G1 E10.86218 F2400
G92 E0
G1 Z3.25 F7200
G1 X-11.245 Y-33.398
G1 Z1.25
G1 E2 F2400
;TYPE:Perimeter
G1 F3600
G1 X-11.18 Y-33.268 E2.00699
G1 X-11.283 Y-32.837 E2.0283
G1 X-56.424 Y12.304 E5.09873
G1 X-56.501 Y12.368 E5.10355
G1 X-56.915 Y12.467 E5.12402
G1 X-57.242 Y12.304 E5.14159
G1 X-57.385 Y12.069 E5.15482
G1 X-57.412 Y11.977 E5.15943
G1 X-57.412 Y7.804 E5.36014
G1 X-57.355 Y7.554 E5.37247
G1 X-57.242 Y7.395 E5.38185
G1 X-16.253 Y-33.595 E8.1699
G1 X-15.959 Y-33.764 E8.18621
G1 X-11.753 Y-33.764 E8.3885
G1 X-11.504 Y-33.708 E8.40078
G1 X-11.344 Y-33.595 E8.4102
G1 X-11.272 Y-33.452 E8.4179
G1 X-11.585 Y-33.259 F7200
;TYPE:External perimeter
G1 F1800
G1 X-11.562 Y-33.213 E8.42037
G1 X-11.616 Y-33.049 E8.42867
G1 X-56.697 Y12.031 E11.49499
G1 X-56.86 Y12.086 E11.50326
G1 X-57.026 Y11.964 E11.51317
G1 X-57.026 Y7.804 E11.71325
G1 X-56.969 Y7.667 E11.72039
G1 X-15.98 Y-33.322 E14.50841
G1 X-15.844 Y-33.379 E14.5155
G1 X-11.753 Y-33.379 E14.71226
G1 X-11.616 Y-33.322 E14.7194
G1 X-11.611 Y-33.312 E14.71994
G1 X-11.738 Y-32.933 F7200
G1 E12.71994 F2400
G92 E0
G1 Z3.25 F7200
G1 X-4.417 Y-33.398
G1 Z1.25
G1 E2 F2400
;TYPE:Perimeter
G1 F3600
G1 X-4.352 Y-33.268 E2.00699
G1 X-4.455 Y-32.837 E2.0283
G1 X-56.424 Y19.132 E5.56317
G1 X-56.501 Y19.197 E5.56802
G1 X-56.915 Y19.296 E5.58849
G1 X-57.242 Y19.132 E5.60608
G1 X-57.412 Y18.839 E5.62237
G1 X-57.412 Y14.632 E5.82471
G1 X-57.355 Y14.382 E5.83704
G1 X-57.242 Y14.223 E5.84642
G1 X-9.424 Y-33.595 E9.09894
G1 X-9.13 Y-33.764 E9.11525
G1 X-4.924 Y-33.764 E9.31754
G1 X-4.676 Y-33.708 E9.32977
G1 X-4.515 Y-33.595 E9.33923
G1 X-4.444 Y-33.452 E9.34691
G1 X-4.756 Y-33.259 F7200
;TYPE:External perimeter
G1 F1800
G1 X-4.733 Y-33.213 E9.34938
G1 X-4.788 Y-33.049 E9.3577
G1 X-56.697 Y18.859 E12.88845
G1 X-56.86 Y18.914 E12.89672
G1 X-57.026 Y18.793 E12.9066
G1 X-57.026 Y14.632 E13.10673
G1 X-56.969 Y14.496 E13.11382
G1 X-9.152 Y-33.322 E16.36631
G1 X-9.015 Y-33.379 E16.37345
G1 X-4.924 Y-33.379 E16.57021
G1 X-4.788 Y-33.322 E16.5773
G1 X-4.783 Y-33.312 E16.57784
G1 X-4.91 Y-32.933 F7200
G1 E14.57784 F2400
G92 E0
G1 Z3.25 F7200
G1 X-57.061 Y26.078
G1 Z1.25
G1 E2 F2400
;TYPE:Perimeter
G1 F3600
G1 X-57.222 Y25.98 E2.00907
G1 X-57.382 Y25.734 E2.02318
G1 X-57.412 Y25.552 E2.03205
G1 X-57.412 Y21.46 E2.22886
G1 X-57.355 Y21.21 E2.24119
G1 X-57.242 Y21.051 E2.25057
G1 X-2.596 Y-33.595 E5.96752
G1 X-2.302 Y-33.764 E5.98383
G1 X1.904 Y-33.764 E6.18612
G1 X2.153 Y-33.708 E6.1984
G1 X2.313 Y-33.595 E6.20782
G1 X2.477 Y-33.268 E6.22541
G1 X2.374 Y-32.837 E6.24672
G1 X-56.424 Y25.961 E10.24609
G1 X-56.753 Y26.124 E10.26375
G1 X-57.005 Y26.096 E10.27594
G1 X-56.897 Y25.715 F7200
;TYPE:External perimeter
G1 F1800
G1 X-56.963 Y25.694 E10.27927
G1 X-57.026 Y25.552 E10.28674
G1 X-57.026 Y21.46 E10.48355
G1 X-56.969 Y21.324 E10.49064
G1 X-2.323 Y-33.322 E14.20759
G1 X-2.187 Y-33.379 E14.21468
G1 X1.904 Y-33.379 E14.41144
G1 X2.041 Y-33.322 E14.41858
G1 X2.095 Y-33.213 E14.42443
G1 X2.041 Y-33.049 E14.43273
G1 X-56.697 Y25.688 E18.42798
G1 X-56.806 Y25.742 E18.43383
G1 X-56.84 Y25.732 E18.43553
G1 X-57.025 Y25.378 F7200
G1 E16.43553 F2400
G92 E0
G1 Z3.25 F7200
G1 X9.24 Y-33.398
G1 Z1.25
G1 E2 F2400
;TYPE:Perimeter
G1 F3600
G1 X9.305 Y-33.268 E2.00699
G1 X9.202 Y-32.837 E2.0283
G1 X-51.423 Y27.788 E6.15194
G1 X-51.717 Y27.957 E6.16825
G1 X-55.923 Y27.957 E6.37054
G1 X-56.157 Y27.907 E6.38205
G1 X-56.382 Y27.73 E6.39582
G1 X-56.482 Y27.525 E6.40679
G1 X-56.501 Y27.355 E6.41502
G1 X-56.478 Y27.215 E6.42184
G1 X-56.332 Y26.97 E6.43556
G1 X4.233 Y-33.595 E10.55512
G1 X4.526 Y-33.764 E10.57139
G1 X8.733 Y-33.764 E10.77373
G1 X8.981 Y-33.708 E10.78596
G1 X9.142 Y-33.595 E10.79542
G1 X9.213 Y-33.452 E10.8031
G1 X8.901 Y-33.259 F7200
;TYPE:External perimeter
G1 F1800
G1 X8.923 Y-33.213 E10.80555
G1 X8.869 Y-33.049 E10.81385
G1 X-51.695 Y27.515 E14.93334
G1 X-51.832 Y27.571 E14.94046
G1 X-55.923 Y27.571 E15.13722
G1 X-56.061 Y27.513 E15.14442
G1 X-56.109 Y27.427 E15.14916
G1 X-56.108 Y27.324 E15.15411
G1 X-55.72 Y26.903 E15.18165
G1 X4.505 Y-33.322 E19.27808
G1 X4.642 Y-33.379 E19.28522
G1 X8.733 Y-33.379 E19.48198
G1 X8.869 Y-33.322 E19.48907
G1 X8.874 Y-33.312 E19.48961
G1 X8.747 Y-32.933 F7200
G1 E17.48961 F2400
G92 E0
G1 Z3.25 F7200
G1 X16.068 Y-33.398
G1 Z1.25
G1 E2 F2400
;TYPE:Perimeter
G1 F3600
G1 X16.134 Y-33.268 E2.00701
G1 X16.031 Y-32.837 E2.02832
G1 X-44.594 Y27.788 E6.15196
G1 X-44.888 Y27.957 E6.16827
G1 X-49.094 Y27.957 E6.37056
G1 X-49.343 Y27.901 E6.38284
G1 X-49.503 Y27.788 E6.39226
G1 X-49.667 Y27.46 E6.4099
G1 X-49.564 Y27.03 E6.43117
G1 X11.061 Y-33.595 E10.55481
G1 X11.355 Y-33.764 E10.57112
G1 X15.561 Y-33.764 E10.77341
G1 X15.81 Y-33.708 E10.78569
G1 X15.97 Y-33.595 E10.79511
G1 X16.042 Y-33.452 E10.80281
G1 X15.729 Y-33.259 F7200
;TYPE:External perimeter
G1 F1800
G1 X15.752 Y-33.213 E10.80528
G1 X15.697 Y-33.049 E10.8136
G1 X-44.867 Y27.515 E14.93309
G1 X-45.003 Y27.571 E14.94016
G1 X-49.094 Y27.571 E15.13692
G1 X-49.231 Y27.515 E15.14404
G1 X-49.285 Y27.406 E15.14989
G1 X-49.231 Y27.242 E15.15819
G1 X11.334 Y-33.322 E19.27771
G1 X11.47 Y-33.379 E19.2848
G1 X15.561 Y-33.379 E19.48156
G1 X15.697 Y-33.322 E19.48865
G1 X15.702 Y-33.312 E19.48919
G1 X15.575 Y-32.933 F7200
G1 E17.48919 F2400
G92 E0
G1 Z3.25 F7200
G1 X-42.773 Y27.591
G1 Z1.25
G1 E2 F2400
;TYPE:Perimeter
G1 F3600
G1 X-42.839 Y27.46 E2.00706
G1 X-42.736 Y27.03 E2.02833
G1 X17.889 Y-33.595 E6.15197
G1 X18.183 Y-33.764 E6.16828
G1 X22.389 Y-33.764 E6.37057
G1 X22.638 Y-33.708 E6.38285
G1 X22.798 Y-33.595 E6.39227
G1 X22.962 Y-33.268 E6.40986
G1 X22.859 Y-32.837 E6.43117
G1 X-37.766 Y27.788 E10.55481
G1 X-38.06 Y27.957 E10.57112
G1 X-42.266 Y27.957 E10.77341
G1 X-42.515 Y27.901 E10.78569
G1 X-42.675 Y27.788 E10.79511
G1 X-42.746 Y27.645 E10.80279
G1 X-42.434 Y27.451 F7200
;TYPE:External perimeter
G1 F1800
G1 X-42.457 Y27.406 E10.80522
G1 X-42.402 Y27.242 E10.81354
G1 X18.162 Y-33.322 E14.93303
G1 X18.298 Y-33.379 E14.94012
G1 X22.389 Y-33.379 E15.13688
G1 X22.526 Y-33.322 E15.14402
G1 X22.58 Y-33.213 E15.14987
G1 X22.526 Y-33.049 E15.15817
G1 X-38.039 Y27.515 E19.27769
G1 X-38.175 Y27.571 E19.28476
G1 X-42.266 Y27.571 E19.48152
G1 X-42.402 Y27.515 E19.48859
G1 X-42.407 Y27.505 E19.48913
G1 X-42.28 Y27.126 F7200
G1 E17.48913 F2400
G92 E0
G1 Z3.25 F7200
G1 X-15.751 Y26.819
G1 Z1.25
G1 E2 F2400
;TYPE:Perimeter
;WIDTH:0.472193
G1 F3600
G1 X-15.637 Y26.694 E2.00861
;WIDTH:0.457527
G1 X36.272 Y-25.215 E5.60831
G1 E3.60831 F2400
G92 E0
G1 Z3.25 F7200
G1 X-8.922 Y26.819
G1 Z1.25
G1 E2 F2400
;WIDTH:0.472191
G1 F3600
G1 X-8.808 Y26.694 E2.00861
;WIDTH:0.457523
G1 X36.272 Y-18.386 E5.13472
G1 E3.13472 F2400
G92 E0
G1 Z3.25 F7200
G1 X-4.126 Y-32.626
G1 Z1.25
G1 E2 F2400
;WIDTH:0.472189
G1 F3600
G1 X-4.24 Y-32.501 E2.00861
;WIDTH:0.457523
G1 X-56.149 Y19.407 E5.60824
;WIDTH:0.472185
G1 X-56.273 Y19.521 E5.61681
G1 E3.61681 F2400
G92 E0
G1 Z3.25 F7200
G1 X-51.925 Y-32.626
G1 Z1.25
G1 E2 F2400
;WIDTH:0.472193
G1 F1200
G1 X-52.039 Y-32.501 E2.00861
;WIDTH:0.457523
G1 X-56.149 Y-28.392 E2.29359
;WIDTH:0.472189
G1 X-56.273 Y-28.278 E2.30216
G1 E.30216 F2400
G92 E0
G1 Z3.25 F7200
G1 X-45.096 Y-32.626
G1 Z1.25
G1 E2 F2400
G1 F1200
G1 X-45.21 Y-32.501 E2.00861
;WIDTH:0.457527
G1 X-56.149 Y-21.563 E2.76716
;WIDTH:0.472189
G1 X-56.273 Y-21.449 E2.77573
G1 E.77573 F2400
G92 E0
G1 Z3.25 F7200
G1 X-38.268 Y-32.626
G1 Z1.25
G1 E2 F2400
;WIDTH:0.472193
G1 F1200
G1 X-38.382 Y-32.501 E2.00861
;WIDTH:0.457523
G1 X-56.149 Y-14.735 E3.24064
;WIDTH:0.472189
G1 X-56.273 Y-14.621 E3.24921
G1 E1.24921 F2400
G92 E0
G1 Z3.25 F7200
G1 X-31.44 Y-32.626
G1 Z1.25
G1 E2 F2400
;WIDTH:0.472193
G1 F1200
G1 X-31.554 Y-32.501 E2.00861
;WIDTH:0.457523
G1 X-56.149 Y-7.906 E3.71417
;WIDTH:0.472187
G1 X-56.273 Y-7.792 E3.72274
G1 E1.72274 F2400
G92 E0
G1 Z3.25 F7200
G1 X-24.611 Y-32.626
G1 Z1.25
G1 E2 F2400
;WIDTH:0.472193
G1 F3600
G1 X-24.725 Y-32.501 E2.00861
;WIDTH:0.457523
G1 X-56.149 Y-1.078 E4.1877
;WIDTH:0.472187
G1 X-56.273 Y-.964 E4.19627
G1 E2.19627 F2400
G92 E0
G1 Z3.25 F7200
G1 X-17.783 Y-32.626
G1 Z1.25
G1 E2 F2400
;WIDTH:0.472193
G1 F3600
G1 X-17.897 Y-32.501 E2.00861
;WIDTH:0.457523
G1 X-56.149 Y5.751 E4.66122
;WIDTH:0.472187
G1 X-56.273 Y5.865 E4.66979
G1 E2.66979 F2400
G92 E0
G1 Z3.25 F7200
G1 X-10.954 Y-32.626
G1 Z1.25
G1 E2 F2400
;WIDTH:0.472189
G1 F3600
G1 X-11.068 Y-32.501 E2.00861
;WIDTH:0.457523
G1 X-56.149 Y12.579 E5.13475
;WIDTH:0.472187
G1 X-56.273 Y12.693 E5.14332
G1 E3.14332 F2400
G92 E0
G1 Z3.25 F7200
G1 X-49.893 Y26.819
G1 Z1.25
G1 E2 F2400
;WIDTH:0.472193
G1 F3600
G1 X-49.779 Y26.694 E2.00861
;WIDTH:0.457527
G1 X9.417 Y-32.501 E6.11361
;WIDTH:0.472193
G1 X9.531 Y-32.626 E6.12222
G1 E4.12222 F2400
G92 E0
G1 Z3.25 F7200
G1 X2.702 Y-32.626
G1 Z1.25
G1 E2 F2400
;WIDTH:0.472191
G1 F3600
G1 X2.589 Y-32.501 E2.00857
;WIDTH:0.457523
G1 X-56.149 Y26.236 E6.08176
;WIDTH:0.472183
G1 X-56.273 Y26.35 E6.09033
G1 E4.09033 F2400
G92 E0
G1 Z3.25 F7200
G1 X-43.064 Y26.819
G1 Z1.25
G1 E2 F2400
;WIDTH:0.472193
G1 F3600
G1 X-42.95 Y26.694 E2.00861
;WIDTH:0.457523
G1 X16.245 Y-32.501 E6.11353
;WIDTH:0.472187
G1 X16.359 Y-32.626 E6.12214
G1 E4.12214 F2400
G92 E0
G1 Z3.25 F7200
G1 X-36.236 Y26.819
G1 Z1.25
G1 E2 F2400
G1 F3600
G1 X-36.122 Y26.694 E2.00861
;WIDTH:0.457525
G1 X23.074 Y-32.501 E6.11359
;WIDTH:0.472193
G1 X23.188 Y-32.626 E6.1222
G1 E4.1222 F2400
G92 E0
G1 Z3.25 F7200
G1 X-29.407 Y26.819
G1 Z1.25
G1 E2 F2400
G1 F3600
G1 X-29.293 Y26.694 E2.00861
;WIDTH:0.457527
G1 X29.902 Y-32.501 E6.11357
;WIDTH:0.472193
G1 X30.016 Y-32.626 E6.12218
G1 E4.12218 F2400
G92 E0
G1 Z3.25 F7200
G1 X-22.579 Y26.819
G1 Z1.25
G1 E2 F2400
;WIDTH:0.472191
G1 F3600
G1 X-22.465 Y26.694 E2.00861
;WIDTH:0.457521
G1 X36.272 Y-32.043 E6.08175
G1 E4.08175 F2400
G92 E0
G1 Z3.25 F7200
G1 X18.392 Y26.819
G1 Z1.25
G1 E2 F2400
;WIDTH:0.472193
G1 F1200
G1 X18.506 Y26.694 E2.00861
;WIDTH:0.457523
G1 X36.272 Y8.927 E3.24064
G1 E1.24064 F2400
G92 E0
G1 Z3.25 F7200
G1 X25.22 Y26.819
G1 Z1.25
G1 E2 F2400
;WIDTH:0.472187
G1 F1200
G1 X25.334 Y26.694 E2.00861
;WIDTH:0.457525
G1 X36.272 Y15.756 E2.76712
G1 E.76712 F2400
G92 E0
G1 Z3.25 F7200
G1 X32.048 Y26.819
G1 Z1.25
G1 E2 F2400
;WIDTH:0.472193
G1 F1200
G1 X32.162 Y26.694 E2.00861
;WIDTH:0.457523
G1 X36.272 Y22.584 E2.29362
G1 E.29362 F2400
G92 E0
G1 Z3.25 F7200
G1 X11.563 Y26.819
G1 Z1.25
G1 E2 F2400
;WIDTH:0.472187
G1 F1200
G1 X11.677 Y26.694 E2.00861
;WIDTH:0.457523
G1 X36.272 Y2.099 E3.71417
G1 E1.71417 F2400
G92 E0
G1 Z3.25 F7200
G1 X4.735 Y26.819
G1 Z1.25
G1 E2 F2400
;WIDTH:0.472193
G1 F3600
G1 X4.849 Y26.694 E2.00861
;WIDTH:0.457523
G1 X36.272 Y-4.729 E4.18766
G1 E2.18766 F2400
G92 E0
G1 Z3.25 F7200
G1 X-2.094 Y26.819
G1 Z1.25
G1 E2 F2400
;WIDTH:0.472189
G1 F3600
G1 X-1.98 Y26.694 E2.00861
;WIDTH:0.457523
G1 X36.272 Y-11.558 E4.66122
G1 E2.66122 F2400
G92 E0
G1 Z3.25 F7200
G1 X-43.112 Y27.731
G1 Z1.25
G1 E2 F2400
;WIDTH:0.45
G1 F3600
G1 X-43.22 Y27.515 E2.01162
;WIDTH:0.472193
G1 X-43.064 Y26.819 E2.0479
G1 X-43.637 Y27.376 E2.08855
;WIDTH:0.45
G1 X-44.322 Y28.06 E2.13511
G1 X-44.663 Y28.281 E2.15465
G1 X-45.003 Y28.343 E2.17127
G1 X-49.094 Y28.343 E2.36803
G1 X-49.435 Y28.281 E2.3847
G1 X-49.776 Y28.06 E2.40424
G1 X-50.049 Y27.515 E2.43356
;WIDTH:0.472193
G1 X-49.893 Y26.819 E2.46984
G1 X-50.466 Y27.376 E2.51049
;WIDTH:0.45
G1 X-51.15 Y28.06 E2.55701
G1 X-51.492 Y28.281 E2.57659
G1 X-51.832 Y28.343 E2.59321
G1 X-55.923 Y28.343 E2.78997
G1 X-56.189 Y28.305 E2.80289
G1 X-56.528 Y28.129 E2.82126
G1 X-56.748 Y27.877 E2.83735
G1 X-56.873 Y27.54 E2.85464
G1 X-56.886 Y27.34 E2.86428
G1 X-56.848 Y27.107 E2.87563
G1 X-56.604 Y26.697 E2.89858
;WIDTH:0.472183
G1 X-56.273 Y26.35 E2.92297
G1 X-56.699 Y26.506 E2.94604
;WIDTH:0.45
G1 X-57.173 Y26.454 E2.96897
G1 X-57.481 Y26.266 E2.98633
G1 X-57.677 Y26.017 E3.00157
G1 X-57.797 Y25.661 E3.01964
G1 X-57.797 Y21.46 E3.22169
G1 X-57.734 Y21.118 E3.23842
G1 X-57.515 Y20.779 E3.25783
G1 X-56.83 Y20.094 E3.30442
;WIDTH:0.472185
G1 X-56.273 Y19.521 E3.34507
G1 X-56.969 Y19.677 E3.38135
;WIDTH:0.45
G1 X-57.515 Y19.405 E3.41069
G1 X-57.734 Y19.066 E3.4301
G1 X-57.797 Y18.723 E3.44687
G1 X-57.797 Y14.632 E3.64363
G1 X-57.734 Y14.289 E3.6604
G1 X-57.515 Y13.95 E3.67981
G1 X-56.83 Y13.266 E3.72637
;WIDTH:0.472187
G1 X-56.273 Y12.693 E3.76702
G1 X-56.969 Y12.849 E3.8033
;WIDTH:0.45
G1 X-57.515 Y12.576 E3.83266
G1 X-57.734 Y12.237 E3.85207
G1 X-57.797 Y11.895 E3.8688
G1 X-57.797 Y7.804 E4.06556
G1 X-57.734 Y7.461 E4.08233
G1 X-57.515 Y7.122 E4.10174
G1 X-56.83 Y6.438 E4.1483
;WIDTH:0.472187
G1 X-56.273 Y5.865 E4.18895
G1 X-56.969 Y6.021 E4.22523
;WIDTH:0.45
G1 X-57.515 Y5.748 E4.25459
G1 X-57.734 Y5.409 E4.274
G1 X-57.797 Y5.066 E4.29077
G1 X-57.797 Y.975 E4.48753
G1 X-57.734 Y.632 E4.5043
G1 X-57.515 Y.294 E4.52367
G1 X-56.83 Y-.391 E4.57026
;WIDTH:0.472187
G1 X-56.273 Y-.964 E4.61091
G1 X-56.969 Y-.808 E4.64719
;WIDTH:0.45
G1 X-57.515 Y-1.08 E4.67653
G1 X-57.734 Y-1.419 E4.69594
G1 X-57.797 Y-1.762 E4.71271
G1 X-57.797 Y-5.853 E4.90947
G1 X-57.734 Y-6.196 E4.92624
G1 X-57.515 Y-6.535 E4.94565
G1 X-56.83 Y-7.219 E4.99221
;WIDTH:0.472187
G1 X-56.273 Y-7.792 E5.03286
G1 X-56.969 Y-7.636 E5.06914
;WIDTH:0.45
G1 X-57.515 Y-7.909 E5.0985
G1 X-57.734 Y-8.248 E5.11791
G1 X-57.797 Y-8.591 E5.13468
G1 X-57.797 Y-12.682 E5.33144
G1 X-57.734 Y-13.024 E5.34817
G1 X-57.515 Y-13.363 E5.36758
G1 X-56.83 Y-14.048 E5.41417
;WIDTH:0.472189
G1 X-56.273 Y-14.621 E5.45482
G1 X-56.969 Y-14.465 E5.4911
;WIDTH:0.45
G1 X-57.515 Y-14.737 E5.52044
G1 X-57.734 Y-15.076 E5.53985
G1 X-57.797 Y-15.419 E5.55662
G1 X-57.797 Y-19.51 E5.75338
G1 X-57.734 Y-19.853 E5.77015
G1 X-57.515 Y-20.192 E5.78956
G1 X-56.83 Y-20.876 E5.83612
;WIDTH:0.472189
G1 X-56.273 Y-21.449 E5.87677
G1 X-56.969 Y-21.293 E5.91305
;WIDTH:0.45
G1 X-57.515 Y-21.566 E5.94241
G1 X-57.734 Y-21.905 E5.96182
G1 X-57.797 Y-22.247 E5.97855
G1 X-57.797 Y-26.339 E6.17536
G1 X-57.753 Y-26.628 E6.18942
G1 X-57.642 Y-26.863 E6.20192
G1 X-56.83 Y-27.705 E6.25818
;WIDTH:0.472189
G1 X-56.273 Y-28.278 E6.29883
G1 X-56.969 Y-28.122 E6.33511
;WIDTH:0.45
G1 X-57.515 Y-28.394 E6.36445
G1 X-57.734 Y-28.733 E6.38386
G1 X-57.797 Y-29.076 E6.40063
G1 X-57.797 Y-33.186 E6.59831
G1 X-57.729 Y-33.541 E6.61569
G1 X-57.548 Y-33.833 E6.63221
G1 X-57.292 Y-34.033 E6.64783
G1 X-56.931 Y-34.15 E6.66608
G1 X-52.723 Y-34.15 E6.86847
G1 X-52.383 Y-34.088 E6.88509
G1 X-52.042 Y-33.867 E6.90463
G1 X-51.769 Y-33.322 E6.93395
;WIDTH:0.472193
G1 X-51.925 Y-32.626 E6.97023
G1 X-51.352 Y-33.183 E7.01088
;WIDTH:0.45
G1 X-50.668 Y-33.867 E7.0574
G1 X-50.326 Y-34.088 E7.07698
G1 X-49.986 Y-34.15 E7.0936
G1 X-45.895 Y-34.15 E7.29036
G1 X-45.555 Y-34.088 E7.30698
G1 X-45.213 Y-33.867 E7.32656
G1 X-44.94 Y-33.322 E7.35588
;WIDTH:0.472189
G1 X-45.096 Y-32.626 E7.39216
G1 X-44.523 Y-33.183 E7.43281
;WIDTH:0.45
G1 X-43.839 Y-33.867 E7.47933
G1 X-43.498 Y-34.088 E7.49887
G1 X-43.157 Y-34.15 E7.51554
G1 X-39.066 Y-34.15 E7.7123
G1 X-38.726 Y-34.088 E7.72892
G1 X-38.385 Y-33.867 E7.74846
G1 X-38.112 Y-33.322 E7.77778
;WIDTH:0.472193
G1 X-38.268 Y-32.626 E7.81406
G1 X-37.695 Y-33.183 E7.85471
;WIDTH:0.45
G1 X-37.011 Y-33.867 E7.90123
G1 X-36.669 Y-34.088 E7.92081
G1 X-36.329 Y-34.15 E7.93743
G1 X-32.238 Y-34.15 E8.13419
G1 X-31.898 Y-34.088 E8.15081
G1 X-31.556 Y-33.867 E8.17039
G1 X-31.284 Y-33.322 E8.19969
;WIDTH:0.472193
G1 X-31.44 Y-32.626 E8.23597
G1 X-30.867 Y-33.183 E8.27662
;WIDTH:0.45
G1 X-30.182 Y-33.867 E8.32318
G1 X-29.841 Y-34.088 E8.34272
G1 X-29.501 Y-34.15 E8.35934
G1 X-25.409 Y-34.15 E8.55615
G1 X-25.069 Y-34.088 E8.57277
G1 X-24.728 Y-33.867 E8.59231
G1 X-24.455 Y-33.322 E8.62163
;WIDTH:0.472193
G1 X-24.611 Y-32.626 E8.65791
G1 X-24.038 Y-33.183 E8.69856
;WIDTH:0.45
G1 X-23.354 Y-33.867 E8.74508
G1 X-23.012 Y-34.088 E8.76466
G1 X-22.672 Y-34.15 E8.78128
G1 X-18.581 Y-34.15 E8.97804
G1 X-18.241 Y-34.088 E8.99466
G1 X-17.899 Y-33.867 E9.01424
G1 X-17.627 Y-33.322 E9.04354
;WIDTH:0.472193
G1 X-17.783 Y-32.626 E9.07982
G1 X-17.21 Y-33.183 E9.12047
;WIDTH:0.45
G1 X-16.525 Y-33.867 E9.16703
G1 X-16.184 Y-34.088 E9.18657
G1 X-15.844 Y-34.15 E9.20319
G1 X-11.753 Y-34.15 E9.39995
G1 X-11.412 Y-34.088 E9.41662
G1 X-11.071 Y-33.867 E9.43616
G1 X-10.798 Y-33.322 E9.46548
;WIDTH:0.472189
G1 X-10.954 Y-32.626 E9.50176
G1 X-10.381 Y-33.183 E9.54241
;WIDTH:0.45
G1 X-9.697 Y-33.867 E9.58893
G1 X-9.356 Y-34.088 E9.60847
G1 X-9.015 Y-34.15 E9.62514
G1 X-4.924 Y-34.15 E9.8219
G1 X-4.584 Y-34.088 E9.83852
G1 X-4.243 Y-33.867 E9.85806
G1 X-3.97 Y-33.322 E9.88738
;WIDTH:0.472189
G1 X-4.126 Y-32.626 E9.92366
G1 X-3.553 Y-33.183 E9.96431
;WIDTH:0.45
G1 X-2.869 Y-33.867 E10.01083
G1 X-2.527 Y-34.088 E10.03041
G1 X-2.187 Y-34.15 E10.04703
G1 X1.904 Y-34.15 E10.24379
G1 X2.244 Y-34.088 E10.26041
G1 X2.586 Y-33.867 E10.27999
G1 X2.859 Y-33.322 E10.30931
;WIDTH:0.472191
G1 X2.702 Y-32.626 E10.3456
G1 X3.276 Y-33.183 E10.38628
;WIDTH:0.45
G1 X3.96 Y-33.867 E10.4328
G1 X4.301 Y-34.088 E10.45234
G1 X4.642 Y-34.15 E10.46901
G1 X8.733 Y-34.15 E10.66577
G1 X9.073 Y-34.088 E10.68239
G1 X9.414 Y-33.867 E10.70193
G1 X9.687 Y-33.322 E10.73125
;WIDTH:0.472193
G1 X9.531 Y-32.626 E10.76753
G1 X10.104 Y-33.183 E10.80818
;WIDTH:0.45
G1 X10.788 Y-33.867 E10.8547
G1 X11.13 Y-34.088 E10.87428
G1 X11.47 Y-34.15 E10.8909
G1 X15.561 Y-34.15 E11.08766
G1 X15.901 Y-34.088 E11.10428
G1 X16.243 Y-33.867 E11.12386
G1 X16.515 Y-33.322 E11.15316
;WIDTH:0.472187
G1 X16.359 Y-32.626 E11.18944
G1 X16.932 Y-33.183 E11.23009
;WIDTH:0.45
G1 X17.617 Y-33.867 E11.27665
G1 X17.958 Y-34.088 E11.29619
G1 X18.298 Y-34.15 E11.31281
G1 X22.39 Y-34.15 E11.50962
G1 X22.73 Y-34.088 E11.52624
G1 X23.071 Y-33.867 E11.54578
G1 X23.344 Y-33.322 E11.5751
;WIDTH:0.472193
G1 X23.188 Y-32.626 E11.61138
G1 X23.761 Y-33.183 E11.65203
;WIDTH:0.45
G1 X24.445 Y-33.867 E11.69855
G1 X24.787 Y-34.088 E11.71813
G1 X25.127 Y-34.15 E11.73475
G1 X29.218 Y-34.15 E11.93151
G1 X29.558 Y-34.088 E11.94813
G1 X29.9 Y-33.867 E11.96771
G1 X30.172 Y-33.322 E11.99701
;WIDTH:0.472193
G1 X30.016 Y-32.626 E12.03329
G1 X30.589 Y-33.183 E12.07394
;WIDTH:0.45
G1 X31.274 Y-33.867 E12.1205
G1 X31.615 Y-34.088 E12.14004
G1 X31.955 Y-34.15 E12.15666
G1 X36.046 Y-34.15 E12.35342
G1 X36.312 Y-34.113 E12.36634
G1 X36.649 Y-33.939 E12.38458
G1 X36.869 Y-33.688 E12.40063
G1 X36.999 Y-33.331 E12.4189
G1 X37.008 Y-33.124 E12.42887
G1 X36.965 Y-32.893 E12.44017
G1 X36.728 Y-32.504 E12.46208
;WIDTH:0.457521
G1 X36.272 Y-32.043 E12.49388
G1 X36.823 Y-32.313 E12.52397
;WIDTH:0.45
G1 X37.276 Y-32.268 E12.54586
G1 X37.59 Y-32.086 E12.56332
G1 X37.807 Y-31.813 E12.58009
G1 X37.921 Y-31.453 E12.59825
G1 X37.921 Y-27.268 E12.79953
G1 X37.86 Y-26.93 E12.81605
G1 X37.638 Y-26.586 E12.83574
G1 X36.954 Y-25.902 E12.88226
;WIDTH:0.457523
G1 X36.272 Y-25.215 E12.92973
G1 X37.093 Y-25.485 E12.97211
;WIDTH:0.45
G1 X37.638 Y-25.212 E13.00143
G1 X37.86 Y-24.868 E13.02112
G1 X37.921 Y-24.53 E13.03764
G1 X37.921 Y-20.439 E13.2344
G1 X37.864 Y-20.113 E13.25032
G1 X37.773 Y-19.927 E13.26028
G1 X36.954 Y-19.073 E13.31719
;WIDTH:0.457523
G1 X36.272 Y-18.386 E13.36466
G1 X37.093 Y-18.656 E13.40704
;WIDTH:0.45
G1 X37.638 Y-18.384 E13.43634
G1 X37.833 Y-18.103 E13.45279
G1 X37.918 Y-17.774 E13.46913
G1 X37.921 Y-13.611 E13.66936
G1 X37.849 Y-13.246 E13.68725
G1 X37.638 Y-12.929 E13.70557
G1 X36.954 Y-12.245 E13.75209
;WIDTH:0.457523
G1 X36.272 Y-11.558 E13.79956
G1 X37.093 Y-11.828 E13.84194
;WIDTH:0.45
G1 X37.638 Y-11.555 E13.87126
G1 X37.849 Y-11.239 E13.88954
G1 X37.921 Y-10.873 E13.90748
G1 X37.921 Y-6.782 E14.10424
G1 X37.864 Y-6.456 E14.12016
G1 X37.773 Y-6.27 E14.13012
G1 X36.954 Y-5.416 E14.18703
;WIDTH:0.457523
G1 X36.272 Y-4.729 E14.2345
G1 X37.093 Y-4.999 E14.27688
;WIDTH:0.45
G1 X37.638 Y-4.727 E14.30618
G1 X37.833 Y-4.446 E14.32263
G1 X37.921 Y-4.129 E14.33845
G1 X37.921 Y.046 E14.53925
G1 X37.864 Y.372 E14.55517
G1 X37.773 Y.558 E14.56513
G1 X36.954 Y1.412 E14.62204
;WIDTH:0.457523
G1 X36.272 Y2.099 E14.66951
G1 X37.093 Y1.829 E14.71189
;WIDTH:0.45
G1 X37.638 Y2.102 E14.74121
G1 X37.833 Y2.383 E14.75766
G1 X37.921 Y2.7 E14.77348
G1 X37.921 Y6.874 E14.97423
G1 X37.864 Y7.2 E14.99015
G1 X37.774 Y7.386 E15.00009
G1 X36.954 Y8.24 E15.05703
;WIDTH:0.457523
G1 X36.272 Y8.927 E15.1045
G1 X37.093 Y8.657 E15.14688
;WIDTH:0.45
G1 X37.638 Y8.93 E15.1762
G1 X37.834 Y9.212 E15.19272
G1 X37.921 Y9.578 E15.21081
G1 X37.921 Y13.703 E15.40921
G1 X37.865 Y14.024 E15.42488
G1 X37.775 Y14.212 E15.4349
G1 X36.954 Y15.069 E15.49198
;WIDTH:0.457525
G1 X36.272 Y15.756 E15.53945
G1 X37.093 Y15.486 E15.58183
;WIDTH:0.45
G1 X37.638 Y15.759 E15.61115
G1 X37.835 Y16.044 E15.62781
G1 X37.92 Y16.415 E15.64612
G1 X37.921 Y20.531 E15.84409
G1 X37.863 Y20.86 E15.86016
G1 X37.772 Y21.046 E15.87012
G1 X36.954 Y21.897 E15.92689
;WIDTH:0.457523
G1 X36.272 Y22.584 E15.97436
G1 X37.093 Y22.314 E16.01674
;WIDTH:0.45
G1 X37.638 Y22.587 E16.04606
G1 X37.832 Y22.865 E16.06236
G1 X37.919 Y23.211 E16.07952
G1 X37.921 Y27.379 E16.27999
G1 X37.847 Y27.749 E16.29814
G1 X37.696 Y27.998 E16.31215
G1 X37.437 Y28.215 E16.3284
G1 X37.059 Y28.343 E16.34759
G1 X32.847 Y28.343 E16.55017
G1 X32.507 Y28.281 E16.56679
G1 X32.165 Y28.06 E16.58637
G1 X31.892 Y27.515 E16.61569
;WIDTH:0.472193
G1 X32.048 Y26.819 E16.65197
G1 X31.475 Y27.376 E16.69262
;WIDTH:0.45
G1 X30.791 Y28.06 E16.73914
G1 X30.45 Y28.281 E16.75868
G1 X30.109 Y28.343 E16.77535
G1 X26.018 Y28.343 E16.97211
G1 X25.678 Y28.281 E16.98873
G1 X25.337 Y28.06 E17.00827
G1 X25.064 Y27.515 E17.03759
;WIDTH:0.472187
G1 X25.22 Y26.819 E17.07387
G1 X24.647 Y27.376 E17.11452
;WIDTH:0.45
G1 X23.963 Y28.06 E17.16104
G1 X23.621 Y28.281 E17.18062
G1 X23.281 Y28.343 E17.19724
G1 X19.19 Y28.343 E17.394
G1 X18.85 Y28.281 E17.41062
G1 X18.508 Y28.06 E17.4302
G1 X18.236 Y27.515 E17.4595
;WIDTH:0.472193
G1 X18.392 Y26.819 E17.49578
G1 X17.819 Y27.376 E17.53643
;WIDTH:0.45
G1 X17.134 Y28.06 E17.58299
G1 X16.793 Y28.281 E17.60253
G1 X16.453 Y28.343 E17.61915
G1 X12.361 Y28.343 E17.81596
G1 X12.021 Y28.281 E17.83258
G1 X11.68 Y28.06 E17.85212
G1 X11.407 Y27.515 E17.88144
;WIDTH:0.472187
G1 X11.563 Y26.819 E17.91772
G1 X10.99 Y27.376 E17.95837
;WIDTH:0.45
G1 X10.306 Y28.06 E18.00489
G1 X9.964 Y28.281 E18.02447
G1 X9.624 Y28.343 E18.04109
G1 X5.533 Y28.343 E18.23785
G1 X5.193 Y28.281 E18.25447
G1 X4.851 Y28.06 E18.27405
G1 X4.579 Y27.515 E18.30335
;WIDTH:0.472193
G1 X4.735 Y26.819 E18.33963
G1 X4.162 Y27.376 E18.38028
;WIDTH:0.45
G1 X3.477 Y28.06 E18.42684
G1 X3.136 Y28.281 E18.44638
G1 X2.796 Y28.343 E18.463
G1 X-1.295 Y28.343 E18.65976
G1 X-1.636 Y28.281 E18.67643
G1 X-1.977 Y28.06 E18.69597
G1 X-2.25 Y27.515 E18.72529
;WIDTH:0.472189
G1 X-2.094 Y26.819 E18.76157
G1 X-2.667 Y27.376 E18.80222
;WIDTH:0.45
G1 X-3.351 Y28.06 E18.84874
G1 X-3.693 Y28.281 E18.86832
G1 X-4.033 Y28.343 E18.88494
G1 X-8.124 Y28.343 E19.0817
G1 X-8.464 Y28.281 E19.09832
G1 X-8.806 Y28.06 E19.1179
G1 X-9.078 Y27.515 E19.1472
;WIDTH:0.472191
G1 X-8.922 Y26.819 E19.18348
G1 X-9.495 Y27.376 E19.22413
;WIDTH:0.45
G1 X-10.18 Y28.06 E19.27069
G1 X-10.521 Y28.281 E19.29023
G1 X-10.861 Y28.343 E19.30685
G1 X-14.952 Y28.343 E19.50361
G1 X-15.292 Y28.281 E19.52023
G1 X-15.634 Y28.06 E19.53981
G1 X-15.907 Y27.515 E19.56913
;WIDTH:0.472193
G1 X-15.751 Y26.819 E19.60541
G1 X-16.324 Y27.376 E19.64606
;WIDTH:0.45
G1 X-17.008 Y28.06 E19.69258
G1 X-17.349 Y28.281 E19.71212
G1 X-17.69 Y28.343 E19.72879
G1 X-21.781 Y28.343 E19.92555
G1 X-22.121 Y28.281 E19.94217
G1 X-22.462 Y28.06 E19.96171
G1 X-22.735 Y27.515 E19.99103
;WIDTH:0.472191
G1 X-22.579 Y26.819 E20.02731
G1 X-23.152 Y27.376 E20.06796
;WIDTH:0.45
G1 X-23.836 Y28.06 E20.11448
G1 X-24.178 Y28.281 E20.13406
G1 X-24.518 Y28.343 E20.15068
G1 X-28.609 Y28.343 E20.34744
G1 X-28.949 Y28.281 E20.36406
G1 X-29.291 Y28.06 E20.38364
G1 X-29.563 Y27.515 E20.41294
;WIDTH:0.472193
G1 X-29.407 Y26.819 E20.44922
G1 X-29.98 Y27.376 E20.48987
;WIDTH:0.45
G1 X-30.665 Y28.06 E20.53643
G1 X-31.006 Y28.281 E20.55597
G1 X-31.346 Y28.343 E20.57259
G1 X-35.438 Y28.343 E20.7694
G1 X-35.778 Y28.281 E20.78602
G1 X-36.119 Y28.06 E20.80556
G1 X-36.392 Y27.515 E20.83488
;WIDTH:0.472187
G1 X-36.236 Y26.819 E20.87116
G1 X-36.809 Y27.376 E20.91181
;WIDTH:0.45
G1 X-37.493 Y28.06 E20.95833
G1 X-37.835 Y28.281 E20.97791
G1 X-38.175 Y28.343 E20.99453
G1 X-42.266 Y28.343 E21.19129
G1 X-42.606 Y28.281 E21.20791
G1 X-42.948 Y28.06 E21.22749
G1 X-43.085 Y27.785 E21.24227
G1 E19.24227 F2400
G92 E0
G1 Z3.25 F7200
G1 X29.725 Y-33.398
G1 Z1.25
G1 E2 F2400
G1 F3600
G1 X29.791 Y-33.268 E2.00701
G1 X29.688 Y-32.837 E2.02832
G1 X-30.937 Y27.788 E6.15196
G1 X-31.231 Y27.957 E6.16827
G1 X-35.438 Y27.957 E6.37061
G1 X-35.686 Y27.901 E6.38284
G1 X-35.847 Y27.788 E6.3923
G1 X-36.01 Y27.46 E6.40992
G1 X-35.907 Y27.03 E6.43119
G1 X24.718 Y-33.595 E10.55483
G1 X25.012 Y-33.764 E10.57114
G1 X29.218 Y-33.764 E10.77343
G1 X29.467 Y-33.708 E10.78571
G1 X29.627 Y-33.595 E10.79513
G1 X29.698 Y-33.452 E10.80281
G1 X29.386 Y-33.259 F7200
;TYPE:External perimeter
G1 F1800
G1 X29.409 Y-33.213 E10.80528
G1 X29.354 Y-33.049 E10.8136
G1 X-31.21 Y27.515 E14.93309
G1 X-31.346 Y27.571 E14.94016
G1 X-35.438 Y27.571 E15.13697
G1 X-35.574 Y27.515 E15.14404
G1 X-35.628 Y27.406 E15.14989
G1 X-35.574 Y27.242 E15.15819
G1 X24.991 Y-33.322 E19.27771
G1 X25.127 Y-33.379 E19.2848
G1 X29.218 Y-33.379 E19.48156
G1 X29.354 Y-33.322 E19.48865
G1 X29.359 Y-33.312 E19.48919
G1 X29.232 Y-32.933 F7200
G1 E17.48919 F2400
G92 E0
G1 Z3.25 F7200
G1 X37.171 Y-25.037
G1 Z1.25
G1 E2 F2400
;TYPE:Perimeter
G1 F3600
G1 X37.366 Y-24.939 E2.0105
G1 X37.516 Y-24.678 E2.02498
G1 X37.535 Y-24.125 E2.05159
G1 X37.535 Y-20.439 E2.22887
G1 X37.483 Y-20.199 E2.24068
G1 X37.366 Y-20.03 E2.25057
G1 X-10.452 Y27.788 E5.50309
G1 X-10.746 Y27.957 E5.5194
G1 X-14.952 Y27.957 E5.72169
G1 X-15.156 Y27.92 E5.73166
G1 X-15.361 Y27.788 E5.74339
G1 X-15.525 Y27.46 E5.76103
G1 X-15.422 Y27.03 E5.7823
G1 X36.548 Y-24.939 E9.3172
G1 X37.038 Y-25.103 E9.34205
G1 X37.117 Y-25.064 E9.34629
G1 X37.033 Y-24.685 F7200
;TYPE:External perimeter
G1 F1800
G1 X37.131 Y-24.613 E9.35214
G1 X37.149 Y-23.772 E9.3926
G1 X37.149 Y-20.439 E9.55291
G1 X37.093 Y-20.303 E9.55998
G1 X-10.725 Y27.515 E12.8125
G1 X-10.861 Y27.571 E12.81957
G1 X-14.952 Y27.571 E13.01633
G1 X-15.089 Y27.515 E13.02345
G1 X-15.143 Y27.406 E13.0293
G1 X-15.089 Y27.242 E13.0376
G1 X36.82 Y-24.667 E16.56839
G1 X36.984 Y-24.721 E16.57669
G1 X37.131 Y-24.349 F7200
G1 E14.57669 F2400
G92 E0
G1 Z3.25 F7200
G1 X-71.371 Y33.679
G1 Z1.25
G1 E2 F2400
;TYPE:Perimeter
G1 F1200
G1 X-71.176 Y33.644 E2.00953
G1 X-70.975 Y33.644 E2.0192
G1 X-70.417 Y33.743 E2.04646
G1 X-70.228 Y33.812 E2.05614
G1 X-69.737 Y34.095 E2.0834
G1 X-69.583 Y34.224 E2.09306
G1 X-69.219 Y34.658 E2.1203
G1 X-69.118 Y34.832 E2.12998
G1 X-68.924 Y35.365 E2.15726
G1 X-68.89 Y35.563 E2.16692
G1 X-68.89 Y36.13 E2.19419
G1 X-68.924 Y36.328 E2.20385
G1 X-69.118 Y36.86 E2.23109
G1 X-69.219 Y37.034 E2.24077
G1 X-69.583 Y37.469 E2.26805
G1 X-69.737 Y37.598 E2.27771
G1 X-70.228 Y37.881 E2.30497
G1 X-70.417 Y37.95 E2.31465
G1 X-70.976 Y38.048 E2.34195
G1 X-71.476 Y37.996 E2.36613
G1 X-71.924 Y37.881 E2.38838
G1 X-72.414 Y37.598 E2.4156
G1 X-72.868 Y37.11 E2.44766
G1 X-73.033 Y36.86 E2.46207
G1 X-73.227 Y36.327 E2.48935
G1 X-73.262 Y36.129 E2.49902
G1 X-73.261 Y35.563 E2.52624
G1 X-73.227 Y35.365 E2.5359
G1 X-73.033 Y34.832 E2.56318
G1 X-72.932 Y34.658 E2.57286
G1 X-72.568 Y34.224 E2.6001
G1 X-72.414 Y34.095 E2.60976
G1 X-71.922 Y33.811 E2.63708
G1 X-71.734 Y33.743 E2.6467
G1 X-71.431 Y33.689 E2.6615
G1 X-71.311 Y34.064 F7200
;TYPE:External perimeter
G1 F1200
G1 X-71.109 Y34.024 E2.6714
G1 X-70.484 Y34.123 E2.70184
G1 X-69.879 Y34.472 E2.73543
G1 X-69.512 Y34.909 E2.76288
G1 X-69.287 Y35.497 E2.79316
G1 X-69.275 Y36.13 E2.82361
G1 X-69.481 Y36.728 E2.85403
G1 X-69.879 Y37.221 E2.8845
G1 X-70.421 Y37.547 E2.91492
G1 X-71.042 Y37.669 E2.94536
G1 X-71.667 Y37.57 E2.9758
G1 X-72.214 Y37.268 E3.00585
G1 X-72.573 Y36.862 E3.03192
G1 X-72.708 Y36.626 E3.045
G1 X-72.876 Y36.129 E3.07023
G1 X-72.876 Y35.563 E3.09745
G1 X-72.67 Y34.964 E3.12792
G1 X-72.272 Y34.472 E3.15836
G1 X-71.73 Y34.145 E3.18881
G1 X-71.37 Y34.075 E3.20645
G1 X-70.97 Y34.057 F7200
G1 E1.20645 F2400
G92 E0
G1 Z3.25 F7200
G1 X-69.983 Y-39.761
G1 Z1.25
G1 E2 F2400
;TYPE:Perimeter
G1 F1200
G1 X-70.278 Y-39.593 E2.01633
G1 X-70.975 Y-39.452 E2.05053
G1 X-71.176 Y-39.452 E2.0602
G1 X-71.734 Y-39.55 E2.08745
G1 X-71.923 Y-39.619 E2.09713
G1 X-72.414 Y-39.902 E2.12439
G1 X-72.568 Y-40.031 E2.13405
G1 X-72.932 Y-40.466 E2.16133
G1 X-73.033 Y-40.64 E2.17101
G1 X-73.227 Y-41.173 E2.19829
G1 X-73.262 Y-41.371 E2.20796
G1 X-73.261 Y-41.937 E2.23518
G1 X-73.167 Y-42.3 E2.25321
G1 X-72.991 Y-42.757 E2.27676
G1 X-72.568 Y-43.276 E2.30896
G1 X-72.167 Y-43.548 E2.33226
G1 X-71.734 Y-43.757 E2.35538
G1 X-71.175 Y-43.856 E2.38268
G1 X-70.975 Y-43.856 E2.3923
G1 X-70.417 Y-43.757 E2.41956
G1 X-70.228 Y-43.688 E2.42924
G1 X-69.737 Y-43.405 E2.4565
G1 X-69.583 Y-43.276 E2.46616
G1 X-69.219 Y-42.842 E2.4934
G1 X-69.118 Y-42.668 E2.50308
G1 X-68.924 Y-42.135 E2.53036
G1 X-68.89 Y-41.937 E2.54002
G1 X-68.89 Y-41.37 E2.56729
G1 X-68.924 Y-41.172 E2.57695
G1 X-69.118 Y-40.64 E2.60419
G1 X-69.219 Y-40.466 E2.61387
G1 X-69.583 Y-40.031 E2.64115
G1 X-69.827 Y-39.851 E2.65573
G1 X-69.931 Y-39.791 E2.6615
G1 X-70.178 Y-40.099 F7200
;TYPE:External perimeter
G1 F1200
G1 X-70.421 Y-39.953 E2.67513
G1 X-71.042 Y-39.831 E2.70557
G1 X-71.667 Y-39.93 E2.73601
G1 X-72.221 Y-40.236 E2.76645
G1 X-72.637 Y-40.714 E2.79693
G1 X-72.864 Y-41.305 E2.82738
G1 X-72.876 Y-41.937 E2.85778
G1 X-72.656 Y-42.566 E2.88983
G1 X-72.272 Y-43.028 E2.91872
G1 X-71.731 Y-43.354 E2.9491
G1 X-71.109 Y-43.476 E2.97959
G1 X-70.484 Y-43.377 E3.01003
G1 X-69.93 Y-43.071 E3.04047
G1 X-69.514 Y-42.594 E3.07091
G1 X-69.287 Y-42.003 E3.10136
G1 X-69.275 Y-41.37 E3.13181
G1 X-69.481 Y-40.772 E3.16223
G1 X-69.879 Y-40.279 E3.1927
G1 X-70.127 Y-40.13 E3.20662
G1 X-70.486 Y-39.954 F7200
G1 E1.20662 F2400
G92 E0
G1 Z3.25 F7200
G1 X-73.606 Y-41.209
G1 Z1.25
G1 E2 F2400
;TYPE:Perimeter
;WIDTH:0.396145
G1 F1200
G1 X-73.613 Y-41.937 E2.03013
;WIDTH:0.430284
G1 X-73.578 Y-42.187 E2.04165
;WIDTH:0.478363
G1 X-73.542 Y-42.436 E2.05464
;WIDTH:0.503629
G1 X-73.451 Y-42.702 E2.07004
;WIDTH:0.528895
G1 X-73.36 Y-42.969 E2.08638
;WIDTH:0.556277
G1 X-73.199 Y-43.194 E2.10335
;WIDTH:0.583659
G1 X-73.037 Y-43.42 E2.12136
G1 X-72.733 Y-43.717 E2.14889
;WIDTH:0.552191
G1 X-72.131 Y-44.046 E2.19063
;WIDTH:0.507043
G1 X-71.966 Y-44.092 E2.20009
;WIDTH:0.479302
G1 X-71.801 Y-44.138 E2.20895
;WIDTH:0.451561
G1 X-71.518 Y-44.167 E2.22269
;WIDTH:0.411476
G1 X-71.236 Y-44.197 E2.23497
;WIDTH:0.420989
G1 X-70.792 Y-44.172 E2.25475
;WIDTH:0.470587
G1 X-70.348 Y-44.147 E2.27728
G1 E.27728 F2400
G92 E0
G1 Z3.25 F7200
G1 X-70.348 Y38.34
G1 Z1.25
G1 E2 F2400
;WIDTH:0.470643
G1 F1200
G1 X-70.632 Y38.365 E2.01445
;WIDTH:0.420977
G1 X-70.916 Y38.39 E2.02713
;WIDTH:0.398003
G1 X-71.228 Y38.376 E2.04013
;WIDTH:0.424695
G1 X-71.54 Y38.363 E2.05416
;WIDTH:0.459653
G1 X-71.86 Y38.322 E2.07007
;WIDTH:0.506684
G1 X-72.122 Y38.221 E2.08556
;WIDTH:0.553715
G1 X-72.385 Y38.119 E2.10278
;WIDTH:0.563091
G1 X-72.849 Y37.816 E2.13725
;WIDTH:0.568297
G1 X-73.209 Y37.396 E2.17202
G1 X-73.318 Y37.2 E2.18612
;WIDTH:0.541948
G1 X-73.426 Y37.003 E2.1995
;WIDTH:0.515599
G1 X-73.503 Y36.729 E2.21552
;WIDTH:0.472409
G1 X-73.579 Y36.455 E2.22999
;WIDTH:0.429219
G1 X-73.613 Y36.129 E2.2449
;WIDTH:0.382205
G1 X-73.613 Y35.563 E2.26734
G1 E.26734 F2400
G92 E0
G1 Z3.25 F7200
G1 X67.462 Y35.563
G1 Z1.25
G1 E2 F2400
G1 F1200
G1 X67.462 Y36.13 E2.02248
;WIDTH:0.430283
G1 X67.427 Y36.38 E2.034
;WIDTH:0.478361
G1 X67.391 Y36.629 E2.04699
;WIDTH:0.503627
G1 X67.3 Y36.895 E2.06239
;WIDTH:0.528893
G1 X67.209 Y37.161 E2.07868
;WIDTH:0.556276
G1 X67.048 Y37.387 E2.0957
;WIDTH:0.583659
G1 X66.886 Y37.613 E2.11371
G1 X66.582 Y37.909 E2.14119
;WIDTH:0.552191
G1 X65.98 Y38.239 E2.18296
;WIDTH:0.506989
G1 X65.815 Y38.285 E2.19242
;WIDTH:0.479395
G1 X65.65 Y38.331 E2.20129
;WIDTH:0.451801
G1 X65.368 Y38.36 E2.21499
;WIDTH:0.411626
G1 X65.085 Y38.389 E2.22731
;WIDTH:0.371451
G1 X64.764 Y38.389 E2.2396
G1 E.2396 F2400
G92 E0
G1 Z3.25 F7200
G1 X67.433 Y35.235
G1 Z1.25
G1 E2 F2400
;WIDTH:0.45
G1 F3600
G1 X67.244 Y34.701 E2.02724
G1 X67.077 Y34.411 E2.04334
G1 X66.712 Y33.976 E2.07065
G1 X66.456 Y33.761 E2.08673
G1 X65.965 Y33.478 E2.11399
G1 X65.65 Y33.363 E2.13012
G1 X65.092 Y33.265 E2.15737
G1 X64.757 Y33.265 E2.17348
G1 X64.2 Y33.363 E2.20068
G1 X63.885 Y33.477 E2.21679
G1 X63.393 Y33.761 E2.24411
G1 X63.137 Y33.976 E2.26019
G1 X62.772 Y34.411 E2.2875
G1 X62.605 Y34.701 E2.3036
G1 X62.411 Y35.233 E2.33084
G1 X62.353 Y35.563 E2.34696
G1 X62.353 Y36.129 E2.37418
G1 X62.411 Y36.459 E2.3903
G1 X62.605 Y36.992 E2.41758
G1 X62.772 Y37.282 E2.43368
G1 X63.137 Y37.717 E2.46099
G1 X63.393 Y37.932 E2.47707
G1 X63.884 Y38.215 E2.50433
G1 X64.199 Y38.33 E2.52046
G1 X64.481 Y38.36 E2.5341
;WIDTH:0.410725
G1 X64.764 Y38.389 E2.54639
G1 X64.48 Y38.37 E2.55869
;WIDTH:0.45
G1 X64.197 Y38.35 E2.57234
G1 X-69.432 Y38.35 E8.99943
;WIDTH:0.470643
G1 X-70.348 Y38.34 E9.04585
G1 X-70.035 Y38.216 E9.06291
;WIDTH:0.452349
G1 X-69.544 Y37.932 E9.09036
;WIDTH:0.45
G1 X-69.288 Y37.717 E9.10644
G1 X-68.923 Y37.282 E9.13375
G1 X-68.756 Y36.992 E9.14985
G1 X-68.562 Y36.46 E9.17709
G1 X-68.504 Y36.13 E9.19321
G1 X-68.504 Y35.563 E9.22048
G1 X-68.562 Y35.233 E9.2366
G1 X-68.756 Y34.701 E9.26384
G1 X-68.923 Y34.411 E9.27994
G1 X-69.288 Y33.976 E9.30725
G1 X-69.544 Y33.761 E9.32333
G1 X-70.035 Y33.478 E9.35059
G1 X-70.35 Y33.363 E9.36672
G1 X-70.908 Y33.265 E9.39397
G1 X-71.243 Y33.265 E9.41008
G1 X-71.8 Y33.363 E9.43728
G1 X-72.115 Y33.477 E9.45339
G1 X-72.607 Y33.761 E9.48071
G1 X-72.863 Y33.976 E9.49679
G1 X-73.228 Y34.411 E9.5241
G1 X-73.395 Y34.701 E9.5402
G1 X-73.584 Y35.235 E9.56744
G1 X-73.579 Y-40.475 E13.20883
G1 X-73.593 Y-40.842 E13.22649
;WIDTH:0.423072
G1 X-73.606 Y-41.209 E13.24292
;WIDTH:0.418685
G1 X-73.574 Y-41.046 E13.25026
;WIDTH:0.45
G1 X-73.395 Y-40.508 E13.27753
G1 X-73.228 Y-40.218 E13.29363
G1 X-72.863 Y-39.784 E13.3209
G1 X-72.607 Y-39.568 E13.33701
G1 X-72.116 Y-39.285 E13.36427
G1 X-71.801 Y-39.17 E13.3804
G1 X-71.243 Y-39.072 E13.40765
G1 X-70.908 Y-39.072 E13.42376
G1 X-70.35 Y-39.17 E13.45101
G1 X-70.035 Y-39.285 E13.46714
G1 X-69.544 Y-39.568 E13.4944
G1 X-69.288 Y-39.783 E13.51048
G1 X-68.923 Y-40.218 E13.53779
G1 X-68.756 Y-40.508 E13.55389
G1 X-68.562 Y-41.04 E13.58113
G1 X-68.504 Y-41.37 E13.59725
G1 X-68.504 Y-41.937 E13.62452
G1 X-68.562 Y-42.267 E13.64064
G1 X-68.756 Y-42.799 E13.66788
G1 X-68.923 Y-43.089 E13.68398
G1 X-69.288 Y-43.524 E13.71129
G1 X-69.544 Y-43.739 E13.72737
;WIDTH:0.452343
G1 X-70.035 Y-44.023 E13.75482
;WIDTH:0.470587
G1 X-70.348 Y-44.147 E13.77188
G1 X-69.999 Y-44.156 E13.78957
;WIDTH:0.452343
G1 X-69.432 Y-44.157 E13.81701
;WIDTH:0.45
G1 X63.283 Y-44.151 E20.20014
;WIDTH:0.464247
G1 X64.198 Y-44.144 E20.24578
G1 X63.884 Y-44.023 E20.26256
;WIDTH:0.451656
G1 X63.393 Y-43.739 E20.28996
;WIDTH:0.45
G1 X63.137 Y-43.524 E20.30604
G1 X62.772 Y-43.089 E20.33335
G1 X62.605 Y-42.799 E20.34945
G1 X62.411 Y-42.267 E20.37669
G1 X62.353 Y-41.937 E20.39281
G1 X62.353 Y-41.371 E20.42003
G1 X62.411 Y-41.041 E20.43615
G1 X62.605 Y-40.508 E20.46343
G1 X62.772 Y-40.218 E20.47953
G1 X63.137 Y-39.784 E20.5068
G1 X63.393 Y-39.568 E20.52291
G1 X63.884 Y-39.285 E20.55017
G1 X64.199 Y-39.17 E20.5663
G1 X64.757 Y-39.072 E20.59355
G1 X65.092 Y-39.072 E20.60966
G1 X65.65 Y-39.17 E20.63691
G1 X65.965 Y-39.285 E20.65304
G1 X66.456 Y-39.568 E20.6803
G1 X66.712 Y-39.784 E20.69641
G1 X67.077 Y-40.218 E20.72368
G1 X67.244 Y-40.508 E20.73978
G1 X67.35 Y-40.858 E20.75737
;WIDTH:0.423149
G1 X67.455 Y-41.208 E20.77372
;WIDTH:0.418788
G1 X67.444 Y-41.042 E20.78107
;WIDTH:0.45
G1 X67.428 Y-40.475 E20.80835
G1 X67.433 Y35.175 E24.44685
G1 E22.44685 F2400
G92 E0
G1 Z3.25 F7200
G1 X64.198 Y-44.144
G1 Z1.25
G1 E2 F2400
;WIDTH:0.464247
G1 F1200
G1 X64.482 Y-44.169 E2.01422
;WIDTH:0.414716
G1 X64.765 Y-44.194 E2.02663
;WIDTH:0.399365
G1 X65.12 Y-44.177 E2.04148
;WIDTH:0.433545
G1 X65.475 Y-44.159 E2.05785
;WIDTH:0.470052
G1 X65.727 Y-44.103 E2.07091
;WIDTH:0.506559
G1 X65.979 Y-44.047 E2.08515
;WIDTH:0.533444
G1 X66.228 Y-43.919 E2.10153
;WIDTH:0.560329
G1 X66.477 Y-43.791 E2.11885
;WIDTH:0.566973
G1 X66.757 Y-43.561 E2.14156
G1 X67.114 Y-43.121 E2.17708
;WIDTH:0.548551
G1 X67.313 Y-42.708 E2.20476
;WIDTH:0.516467
G1 X67.36 Y-42.512 E2.21613
;WIDTH:0.477639
G1 X67.406 Y-42.315 E2.22656
;WIDTH:0.438812
G1 X67.453 Y-42.119 E2.23597
;WIDTH:0.399985
G1 X67.462 Y-41.37 E2.26732
;WIDTH:0.396299
G1 X67.455 Y-41.208 E2.27403
G1 E.27403 F2400
G92 E0
G1 Z3.25 F7200
G1 X67.711 Y37.018
G1 Z1.25
G1 E2 F2400
;WIDTH:0.45
G1 F3600
G1 X67.582 Y37.365 E2.01781
G1 X67.248 Y37.884 E2.04749
G1 X66.963 Y38.17 E2.06691
G1 X66.444 Y38.503 E2.09657
G1 X66.067 Y38.644 E2.11593
G1 X65.403 Y38.736 E2.14817
G1 X-71.236 Y38.736 E8.72003
G1 X-71.943 Y38.704 E8.75407
G1 X-72.538 Y38.529 E8.7839
G1 X-72.898 Y38.332 E8.80364
G1 X-73.357 Y37.933 E8.83289
G1 X-73.659 Y37.5 E8.85828
G1 X-73.873 Y36.99 E8.88488
G1 X-73.965 Y36.325 E8.91717
G1 X-73.954 Y-42.29 E12.69828
G1 X-73.873 Y-42.797 E12.72297
G1 X-73.733 Y-43.172 E12.74222
G1 X-73.4 Y-43.691 E12.77188
G1 X-73.114 Y-43.977 E12.79133
G1 X-72.567 Y-44.326 E12.82254
G1 X-72.087 Y-44.48 E12.84679
G1 X-71.554 Y-44.543 E12.8726
G1 X65.085 Y-44.537 E19.44446
G1 X65.678 Y-44.523 E19.47299
G1 X66.125 Y-44.434 E19.49491
G1 X66.688 Y-44.177 E19.52468
G1 X67.071 Y-43.875 E19.54814
G1 X67.414 Y-43.47 E19.57367
G1 X67.607 Y-43.117 E19.59302
G1 X67.782 Y-42.521 E19.6229
G1 X67.814 Y-42.119 E19.6423
G1 X67.803 Y36.483 E23.42278
G1 X67.727 Y36.96 E23.44601
G1 X68.071 Y37.123 F7200
;TYPE:External perimeter
G1 F1800
G1 X68.025 Y37.292 E23.45443
G1 X67.787 Y37.794 E23.48115
G1 X67.479 Y38.206 E23.50589
G1 X66.972 Y38.645 E23.53815
G1 X66.522 Y38.891 E23.56282
G1 X65.874 Y39.081 E23.5953
G1 X65.416 Y39.121 E23.61741
G1 X-71.236 Y39.121 E30.1899
G1 X-71.856 Y39.101 E30.21974
G1 X-72.301 Y39.021 E30.24149
G1 X-72.78 Y38.842 E30.26608
G1 X-73.226 Y38.568 E30.29126
G1 X-73.63 Y38.206 E30.31735
G1 X-73.938 Y37.794 E30.34209
G1 X-74.179 Y37.284 E30.36922
G1 X-74.31 Y36.796 E30.39352
G1 X-74.351 Y36.338 E30.41564
G1 X-74.351 Y-41.937 E34.1804
G1 X-74.31 Y-42.603 E34.21249
G1 X-74.176 Y-43.099 E34.2372
G1 X-73.938 Y-43.601 E34.26392
G1 X-73.63 Y-44.013 E34.28866
G1 X-73.123 Y-44.452 E34.32092
G1 X-72.673 Y-44.698 E34.34559
G1 X-72.169 Y-44.857 E34.37101
G1 X-71.568 Y-44.929 E34.40012
G1 X65.529 Y-44.921 E40.99401
G1 X66.15 Y-44.828 E41.02421
G1 X66.629 Y-44.649 E41.0488
G1 X67.075 Y-44.375 E41.07398
G1 X67.479 Y-44.013 E41.10007
G1 X67.787 Y-43.601 E41.12481
G1 X68.028 Y-43.092 E41.1519
G1 X68.159 Y-42.603 E41.17625
G1 X68.199 Y-42.119 E41.19961
G1 X68.199 Y36.292 E44.97091
G1 X68.159 Y36.796 E44.99523
G1 X68.086 Y37.065 E45.00864
G1 X67.949 Y37.441 F7200
G1 E43.00864 F2400
G92 E0
G1 Z3.25 F7200
G1 X-65.446 Y-43.868
G1 Z1.25
G1 E2 F2400
;TYPE:Solid infill
G1 F1500
G1 X-68.265 Y-41.049 E2.19174
G1 X-68.235 Y-41.164 E2.19746
G1 X-68.215 Y-41.924 E2.23403
G1 X-68.293 Y-42.374 E2.256
G1 X-68.481 Y-42.89 E2.28241
G1 X-68.707 Y-43.282 E2.30417
G1 X-69.061 Y-43.703 E2.33063
G1 X-69.253 Y-43.868 E2.34281
G1 X-65.639 Y-43.868 E2.51663
G1 X-66.377 Y-43.482 F7200
G1 F1500
G1 X-67.835 Y-42.03 E2.6156
G1 X-67.931 Y-42.506 E2.63895
G1 X-68.119 Y-43.022 E2.66536
G1 X-68.379 Y-43.482 E2.69077
G1 X-66.57 Y-43.482 E2.77778
G1 X-67.21 Y-43.137 E2.81275
;WIDTH:0.368474
G1 X-67.638 Y-42.709 E2.83571
G1 X-67.794 Y-43.138 E2.85302
G1 X-67.403 Y-43.137 E2.86785
G1 E.86785 F2400
G92 E0
G1 Z3.25 F7200
G1 X-73.334 Y-39.966
G1 Z1.25
G1 E2 F2400
;WIDTH:0.363044
G1 F1500
G1 X-72.969 Y-39.555 E2.02048
G1 X-73.334 Y-39.191 E2.03968
G1 X-73.334 Y-39.773 E2.06136
;WIDTH:0.45
G1 X-72.733 Y-39.307 E2.09794
G1 X-73.29 Y-38.751 E2.13579
G1 X-73.29 Y-38.205 E2.16205
G1 X-72.388 Y-39.108 E2.22344
G1 X-72.009 Y-38.941 E2.24336
G1 X-73.29 Y-37.66 E2.33049
G1 X-73.29 Y-37.115 E2.3567
G1 X-71.569 Y-38.836 E2.47376
G1 X-71.089 Y-38.77 E2.49706
G1 X-73.29 Y-36.569 E2.64677
G1 X-73.29 Y-36.024 E2.67298
G1 X-70.449 Y-38.866 E2.86626
G1 X-69.521 Y-39.248 F7200
G1 F1500
G1 X-73.29 Y-35.479 E3.12262
G1 E1.12262 F2400
G92 E0
G1 Z3.25 F7200
G1 X-69.248 Y-39.475
G1 Z1.25
G1 E2 F2400
;WIDTH:0.408833
G1 F1500
G1 X-68.866 Y-39.874 E2.02373
;WIDTH:0.45
G1 X-68.622 Y-40.147 E2.04134
G1 X-64.901 Y-43.868 E2.29444
G1 X-64.356 Y-43.868 E2.32065
G1 X-73.29 Y-34.933 E2.92836
G1 X-73.29 Y-34.388 E2.95457
G1 X-63.81 Y-43.868 E3.59939
G1 X-63.265 Y-43.868 E3.6256
G1 X-73.29 Y-33.843 E4.30749
G1 X-73.29 Y-33.297 E4.33375
G1 X-62.72 Y-43.868 E5.05274
G1 X-62.174 Y-43.868 E5.079
G1 X-73.29 Y-32.752 E5.8351
G1 X-73.29 Y-32.207 E5.86131
G1 X-61.629 Y-43.868 E6.65448
G1 X-61.084 Y-43.868 E6.68069
G1 X-73.29 Y-31.661 E7.51096
G1 X-73.29 Y-31.116 E7.53717
G1 X-60.538 Y-43.868 E8.40455
G1 X-59.993 Y-43.868 E8.43076
G1 X-73.29 Y-30.571 E9.33521
G1 X-73.29 Y-30.025 E9.36147
G1 X-59.448 Y-43.868 E10.30302
G1 X-58.902 Y-43.868 E10.32928
G1 X-73.29 Y-29.48 E11.30793
G1 X-73.29 Y-28.935 E11.33414
G1 X-58.357 Y-43.868 E12.34986
G1 X-57.812 Y-43.868 E12.37607
G1 X-73.29 Y-28.389 E13.4289
G1 X-73.29 Y-27.844 E13.45511
G1 X-57.266 Y-43.868 E14.54504
G1 X-56.721 Y-43.867 E14.57125
G1 X-73.29 Y-27.298 E15.69825
G1 X-73.29 Y-26.753 E15.72446
G1 X-56.176 Y-43.867 E16.88853
G1 X-55.63 Y-43.867 E16.91479
G1 X-73.29 Y-26.208 E18.11597
G1 X-73.29 Y-25.662 E18.14223
G1 X-55.085 Y-43.867 E19.38051
G1 X-54.54 Y-43.867 E19.40672
G1 X-73.29 Y-25.117 E20.68207
G1 X-73.29 Y-24.572 E20.70828
G1 X-53.994 Y-43.867 E22.02074
G1 X-53.449 Y-43.867 E22.04695
G1 X-73.29 Y-24.026 E23.39651
G1 X-73.29 Y-23.481 E23.42272
G1 X-52.904 Y-43.867 E24.80935
G1 X-52.358 Y-43.867 E24.83561
G1 X-73.29 Y-22.936 E26.25934
G1 X-73.29 Y-22.39 E26.2856
G1 X-51.813 Y-43.867 E27.74644
G1 X-51.268 Y-43.867 E27.77265
G1 X-73.29 Y-21.845 E29.27056
G1 X-73.29 Y-21.3 E29.29677
G1 X-50.723 Y-43.867 E30.83175
G1 X-50.177 Y-43.867 E30.85801
G1 X-73.29 Y-20.754 E32.43013
G1 X-73.29 Y-20.209 E32.45634
G1 X-49.632 Y-43.867 E34.06553
G1 X-49.087 Y-43.867 E34.09174
G1 X-73.29 Y-19.664 E35.738
G1 X-73.29 Y-19.118 E35.76426
G1 X-48.541 Y-43.867 E37.44766
G1 X-47.996 Y-43.867 E37.47387
G1 X-73.29 Y-18.573 E39.19434
G1 X-73.362 Y-18.311 E39.20741
;WIDTH:0.404381
G1 X-73.433 Y-18.33 E39.21053
G1 X-73.414 Y-18.259 E39.21365
G1 X-73.373 Y-18.27 E39.21545
;WIDTH:0.45
G1 X-73.29 Y-18.028 E39.22775
G1 X-58.081 Y-33.236 E40.26221
G1 X-57.906 Y-33.479 E40.27661
;WIDTH:0.404381
G1 X-57.947 Y-33.468 E40.27841
G1 X-57.966 Y-33.539 E40.28153
G1 X-57.895 Y-33.52 E40.28465
G1 X-58.086 Y-32.686 F7200
;WIDTH:0.45
G1 F1500
G1 X-73.29 Y-17.482 E41.31881
G1 X-73.29 Y-16.937 E41.34502
G1 X-58.086 Y-32.141 E42.37918
G1 X-58.086 Y-31.595 E42.40544
G1 X-73.29 Y-16.392 E43.43956
G1 X-73.29 Y-15.846 E43.46582
G1 X-58.086 Y-31.05 E44.49998
G1 X-58.086 Y-30.505 E44.52619
G1 X-73.29 Y-15.301 E45.56035
G1 X-73.29 Y-14.755 E45.58661
G1 X-58.086 Y-29.959 E46.62077
G1 X-58.086 Y-29.414 E46.64698
G1 X-73.29 Y-14.21 E47.68114
G1 X-73.29 Y-13.665 E47.70735
G1 X-58.067 Y-28.887 E48.74277
G1 X-57.932 Y-28.478 E48.76349
G1 X-73.29 Y-13.119 E49.80816
G1 X-73.29 Y-12.574 E49.83437
G1 X-57.693 Y-28.171 E50.89526
G1 X-57.33 Y-27.989 E50.91479
G1 X-73.29 Y-12.029 E52.00037
G1 E50.00037 F2400
G92 E0
G1 Z3.25 F7200
G1 X-57.797 Y-27.035
G1 Z1.25
G1 E2 F2400
;WIDTH:0.404381
G1 F1500
G1 X-57.673 Y-27.186 E2.00829
G1 X-56.984 Y-27.874 E2.04958
G1 X-58.011 Y-26.762 F7200
;WIDTH:0.45
G1 F1500
G1 X-73.29 Y-11.483 E3.08884
G1 X-73.29 Y-10.938 E3.11505
G1 X-58.086 Y-26.142 E4.14921
G1 X-58.086 Y-25.597 E4.17542
G1 X-73.29 Y-10.393 E5.20958
G1 X-73.29 Y-9.847 E5.23584
G1 X-58.085 Y-25.052 E6.27007
G1 X-58.085 Y-24.507 E6.29628
G1 X-73.29 Y-9.302 E7.33051
G1 X-73.29 Y-8.757 E7.35672
G1 X-58.084 Y-23.962 E8.39098
G1 X-58.084 Y-23.417 E8.41719
G1 X-73.29 Y-8.211 E9.45148
G1 X-73.29 Y-7.666 E9.47769
G1 X-58.084 Y-22.873 E10.51202
G1 X-58.083 Y-22.328 E10.53823
G1 X-73.29 Y-7.121 E11.57259
G1 X-73.29 Y-6.575 E11.59885
G1 X-58.017 Y-21.849 E12.63773
G1 X-57.827 Y-21.493 E12.65714
G1 X-73.29 Y-6.03 E13.70891
G1 X-73.29 Y-5.485 E13.73512
G1 X-57.519 Y-21.256 E14.80784
G1 X-57.155 Y-21.074 E14.82741
G1 X-73.29 Y-4.939 E15.92489
G1 X-73.29 Y-4.394 E15.9511
G1 X-58.079 Y-19.605 E16.98573
G1 X-57.922 Y-19.877 E17.00084
;WIDTH:0.404381
G1 X-57.739 Y-20.146 E17.01464
G1 X-58.086 Y-19.052 F7200
;WIDTH:0.45
G1 F1500
G1 X-73.29 Y-3.849 E18.04876
G1 X-73.29 Y-3.303 E18.07502
G1 X-58.086 Y-18.507 E19.10918
G1 X-58.086 Y-17.962 E19.13539
G1 X-73.29 Y-2.758 E20.16955
G1 X-73.29 Y-2.212 E20.19581
G1 X-58.086 Y-17.416 E21.22997
G1 X-58.086 Y-16.871 E21.25618
G1 X-73.29 Y-1.667 E22.29034
G1 X-73.29 Y-1.122 E22.31655
G1 X-58.086 Y-16.325 E23.35067
G1 X-58.086 Y-15.78 E23.37688
G1 X-73.29 Y-.576 E24.41104
G1 X-73.29 Y-.031 E24.43725
G1 X-58.07 Y-15.252 E25.47253
G1 X-57.94 Y-14.836 E25.49349
G1 X-73.29 Y.514 E26.53758
G1 X-73.29 Y1.06 E26.56384
G1 X-57.709 Y-14.522 E27.62367
G1 X-57.345 Y-14.34 E27.64324
G1 X-73.29 Y1.605 E28.7278
G1 E26.7278 F2400
G92 E0
G1 Z3.25 F7200
G1 X-57.774 Y-13.429
G1 Z1.25
G1 E2 F2400
;WIDTH:0.404381
G1 F1500
G1 X-56.998 Y-14.215 E2.04684
G1 X-57.983 Y-13.157 F7200
;WIDTH:0.45
G1 F1500
G1 X-73.29 Y2.15 E3.088
G1 X-73.29 Y2.696 E3.11426
G1 X-58.083 Y-12.511 E4.14862
G1 X-58.084 Y-11.965 E4.17488
G1 X-73.29 Y3.241 E5.20917
G1 X-73.29 Y3.786 E5.23538
G1 X-58.084 Y-11.42 E6.26967
G1 X-58.085 Y-10.874 E6.29593
G1 X-73.29 Y4.332 E7.33019
G1 X-73.29 Y4.877 E7.3564
G1 X-58.085 Y-10.328 E8.39063
G1 X-58.085 Y-9.782 E8.41689
G1 X-73.29 Y5.422 E9.45108
G1 X-73.29 Y5.968 E9.47734
G1 X-58.086 Y-9.237 E10.51153
G1 X-58.086 Y-8.691 E10.53779
G1 X-73.29 Y6.513 E11.57195
G1 X-73.29 Y7.058 E11.59816
G1 X-58.019 Y-8.212 E12.63684
G1 X-57.837 Y-7.849 E12.65637
G1 X-73.29 Y7.604 E13.70746
G1 X-73.29 Y8.149 E13.73367
G1 X-57.534 Y-7.606 E14.80534
G1 X-57.171 Y-7.425 E14.82485
G1 X-73.29 Y8.694 E15.92124
G1 X-73.29 Y9.24 E15.9475
G1 X-58.079 Y-5.971 E16.98213
G1 X-57.928 Y-6.244 E16.99714
;WIDTH:0.404381
G1 X-57.641 Y-6.611 E17.0169
G1 X-58.083 Y-5.422 F7200
;WIDTH:0.45
G1 F1500
G1 X-73.29 Y9.785 E18.05126
G1 X-73.29 Y10.331 E18.07752
G1 X-58.084 Y-4.876 E19.11185
G1 X-58.084 Y-4.33 E19.13811
G1 X-73.29 Y10.876 E20.1724
G1 X-73.29 Y11.421 E20.19861
G1 X-58.085 Y-3.784 E21.23284
G1 X-58.085 Y-3.238 E21.2591
G1 X-73.29 Y11.967 E22.29333
G1 X-73.29 Y12.512 E22.31954
G1 X-58.086 Y-2.693 E23.35373
G1 X-58.086 Y-2.147 E23.37999
G1 X-73.29 Y13.057 E24.41415
G1 X-73.29 Y13.603 E24.44041
G1 X-58.072 Y-1.616 E25.47555
G1 X-57.948 Y-1.194 E25.4967
G1 X-73.29 Y14.148 E26.54024
G1 X-73.29 Y14.693 E26.56645
G1 X-57.72 Y-.876 E27.62547
G1 X-57.36 Y-.691 E27.64494
G1 X-73.29 Y15.239 E28.72848
G1 E26.72848 F2400
G92 E0
G1 Z3.25 F7200
G1 X-57.75 Y.195
G1 Z1.25
G1 E2 F2400
;WIDTH:0.404381
G1 F1500
G1 X-57.012 Y-.556 E2.04465
G1 X-57.974 Y.468 F7200
;WIDTH:0.45
G1 F1500
G1 X-73.29 Y15.784 E3.08643
G1 X-73.29 Y16.329 E3.11264
G1 X-58.086 Y1.126 E4.14676
G1 X-58.086 Y1.67 E4.17292
G1 X-73.29 Y16.875 E5.20711
G1 X-73.29 Y17.42 E5.23332
G1 X-58.085 Y2.215 E6.26755
G1 X-58.085 Y2.76 E6.29376
G1 X-73.29 Y17.965 E7.32799
G1 X-73.29 Y18.511 E7.35425
G1 X-58.084 Y3.305 E8.38854
G1 X-58.084 Y3.85 E8.41475
G1 X-73.29 Y19.056 E9.44904
G1 X-73.29 Y19.601 E9.47525
G1 X-58.084 Y4.395 E10.50954
G1 X-58.083 Y4.94 E10.53575
G1 X-73.29 Y20.147 E11.57011
G1 X-73.29 Y20.692 E11.59632
G1 X-58.029 Y5.431 E12.63435
G1 X-57.847 Y5.795 E12.65392
G1 X-73.29 Y21.237 E13.7043
G1 X-73.29 Y21.783 E13.73056
G1 X-57.55 Y6.043 E14.80118
G1 X-57.186 Y6.224 E14.82073
G1 X-73.29 Y22.328 E15.9161
G1 E13.9161 F2400
G92 E0
G1 Z3.25 F7200
G1 X-57.921 Y7.382
G1 Z1.25
G1 E2 F2400
;WIDTH:0.404381
G1 F1500
G1 X-57.619 Y7.01 E2.02032
G1 X-56.861 Y6.249 E2.06587
G1 X-58.072 Y7.655 F7200
;WIDTH:0.45
G1 F1500
G1 X-73.29 Y22.873 E3.10098
G1 X-73.29 Y23.419 E3.12724
G1 X-58.086 Y8.215 E4.1614
G1 X-58.086 Y8.76 E4.18761
G1 X-73.29 Y23.964 E5.22177
G1 X-73.29 Y24.51 E5.24803
G1 X-58.086 Y9.306 E6.28219
G1 X-58.086 Y9.851 E6.3084
G1 X-73.29 Y25.055 E7.34256
G1 X-73.29 Y25.6 E7.36877
G1 X-58.086 Y10.397 E8.40289
G1 X-58.086 Y10.942 E8.4291
G1 X-73.29 Y26.146 E9.46326
G1 X-73.29 Y26.691 E9.48947
G1 X-58.086 Y11.487 E10.52363
G1 X-58.075 Y12.021 E10.54932
G1 X-73.29 Y27.236 E11.58423
G1 X-73.29 Y27.782 E11.61049
G1 X-57.952 Y12.444 E12.65376
G1 X-57.731 Y12.768 E12.67262
G1 X-73.29 Y28.327 E13.73092
G1 X-73.29 Y28.872 E13.75713
G1 X-57.376 Y12.958 E14.83958
G1 X-57.026 Y13.103 E14.8578
;WIDTH:0.404381
G1 X-57.717 Y13.797 E14.89933
;WIDTH:0.45
G1 X-57.942 Y14.069 E14.91631
G1 X-73.29 Y29.418 E15.9603
G1 X-73.29 Y29.963 E15.98651
G1 X-58.083 Y14.756 E17.02087
G1 X-58.084 Y15.302 E17.04713
G1 X-73.29 Y30.508 E18.08142
G1 X-73.29 Y31.054 E18.10768
G1 X-58.084 Y15.848 E19.14197
G1 X-58.084 Y16.393 E19.16818
G1 X-73.29 Y31.599 E20.20247
G1 X-73.29 Y32.144 E20.22868
G1 X-58.085 Y16.939 E21.26291
G1 X-58.085 Y17.485 E21.28917
G1 X-73.29 Y32.69 E22.3234
G1 X-73.29 Y33.235 E22.34961
G1 X-58.086 Y18.031 E23.38377
G1 X-58.086 Y18.577 E23.41003
G1 X-73.29 Y33.78 E24.44415
G1 X-73.342 Y34.184 E24.46374
;WIDTH:0.404381
G1 X-73.225 Y34.118 E24.46944
G1 X-72.707 Y33.602 E24.50045
G1 X-72.422 Y33.382 E24.51572
G1 X-72.27 Y33.383 E24.52217
G1 X-72.188 Y33.35 E24.52592
;WIDTH:0.45
G1 X-72.149 Y33.185 E24.53407
G1 X-58.031 Y19.067 E25.49436
G1 X-57.858 Y19.439 E25.51409
G1 X-71.421 Y33.002 E26.43663
G1 X-70.854 Y32.981 E26.46392
G1 X-57.565 Y19.692 E27.36782
G1 X-57.202 Y19.874 E27.38735
G1 X-70.397 Y33.068 E28.28482
G1 E26.28482 F2400
G92 E0
G1 Z3.25 F7200
G1 X-57.911 Y21.013
G1 Z1.25
G1 E2 F2400
;WIDTH:0.404381
G1 F1500
G1 X-57.625 Y20.661 E2.01923
G1 X-56.873 Y19.908 E2.06436
G1 X-58.069 Y21.286 F7200
;WIDTH:0.45
G1 F1500
G1 X-69.973 Y33.19 E2.87406
G1 X-69.621 Y33.383 E2.89337
G1 X-58.086 Y21.849 E3.67793
G1 X-58.086 Y22.394 E3.70414
G1 X-69.287 Y33.595 E4.46602
G1 X-69.011 Y33.864 E4.48456
G1 X-58.086 Y22.94 E5.22763
G1 X-58.086 Y23.485 E5.25384
G1 X-68.763 Y34.161 E5.98004
G1 X-68.542 Y34.486 E5.99894
G1 X-58.086 Y24.03 E6.71014
G1 X-58.086 Y24.576 E6.7364
G1 X-68.389 Y34.878 E7.43716
G1 X-68.25 Y35.285 E7.45785
G1 X-58.086 Y25.121 E8.14919
G1 X-58.075 Y25.655 E8.17488
G1 X-68.215 Y35.795 E8.86459
G1 X-68.382 Y36.686 F7200
;WIDTH:0.404381
G1 F1500
G1 X-68.423 Y36.697 E8.86639
G1 X-68.442 Y36.626 E8.86951
G1 X-68.371 Y36.645 E8.87263
;WIDTH:0.45
G1 X-68.258 Y36.383 E8.88635
G1 X-57.962 Y26.088 E9.58664
G1 X-57.739 Y26.409 E9.60544
G1 X-68.567 Y37.238 E10.34198
G1 X-68.787 Y37.51 E10.35881
;WIDTH:0.404381
G1 X-69.217 Y37.962 E10.38527
;WIDTH:0.419611
G1 X-69.295 Y38.076 E10.39139
;WIDTH:0.45
G1 X-68.845 Y38.061 E10.41305
G1 X-57.429 Y26.645 E11.18955
G1 X-56.747 Y26.658 E11.22236
;WIDTH:0.404381
G1 X-56.818 Y26.639 E11.22548
G1 X-56.799 Y26.71 E11.2286
G1 X-56.758 Y26.699 E11.2304
;WIDTH:0.45
G1 X-56.997 Y26.758 E11.24224
G1 X-68.3 Y38.061 E12.01106
G1 X-67.754 Y38.061 E12.03732
G1 X-57.166 Y27.473 E12.7575
G1 X-57.053 Y27.905 E12.77898
G1 X-67.209 Y38.061 E13.46978
G1 X-66.664 Y38.061 E13.49599
G1 X-56.837 Y28.234 E14.16441
G1 X-56.528 Y28.47 E14.18311
G1 X-66.118 Y38.061 E14.83544
G1 X-65.573 Y38.061 E14.86165
G1 X-56.117 Y28.605 E15.50484
G1 X-55.598 Y28.632 E15.52984
G1 X-65.028 Y38.061 E16.17122
G1 X-64.482 Y38.061 E16.19748
G1 X-55.053 Y28.632 E16.83883
G1 X-54.508 Y28.632 E16.86504
G1 X-63.937 Y38.061 E17.50639
G1 X-63.392 Y38.061 E17.5326
G1 X-53.962 Y28.632 E18.17398
G1 X-53.417 Y28.632 E18.20019
G1 X-62.846 Y38.061 E18.84154
G1 X-62.301 Y38.061 E18.86775
G1 X-52.872 Y28.632 E19.5091
G1 X-52.326 Y28.632 E19.53536
G1 X-61.755 Y38.061 E20.17671
G1 X-61.21 Y38.061 E20.20292
G1 X-51.777 Y28.627 E20.84457
G1 X-51.474 Y28.513 E20.86014
;WIDTH:0.404381
G1 X-51.515 Y28.524 E20.86194
G1 X-51.534 Y28.453 E20.86506
G1 X-51.463 Y28.472 E20.86818
G1 X-50.28 Y27.676 F7200
;WIDTH:0.45
G1 F1500
G1 X-60.665 Y38.061 E21.57455
G1 X-60.119 Y38.061 E21.60081
G1 X-50.098 Y28.04 E22.28243
G1 X-49.869 Y28.356 E22.3012
G1 X-59.574 Y38.061 E22.96132
G1 X-59.029 Y38.061 E22.98753
G1 X-49.523 Y28.555 E23.63412
G1 X-49.054 Y28.632 E23.65698
G1 X-58.483 Y38.061 E24.29833
G1 X-57.938 Y38.061 E24.32454
G1 X-48.509 Y28.632 E24.96589
G1 X-47.964 Y28.632 E24.9921
G1 X-57.393 Y38.061 E25.63345
G1 X-56.847 Y38.061 E25.65971
G1 X-47.418 Y28.632 E26.30106
G1 X-46.873 Y28.632 E26.32727
G1 X-56.302 Y38.061 E26.96862
G1 X-55.757 Y38.061 E26.99483
G1 X-46.328 Y28.632 E27.63618
G1 X-45.782 Y28.632 E27.66244
G1 X-55.211 Y38.061 E28.30379
G1 X-54.666 Y38.061 E28.33
G1 X-45.237 Y28.632 E28.97135
G1 E26.97135 F2400
G92 E0
G1 Z3.25 F7200
G1 X-43.47 Y27.514
G1 Z1.25
G1 E2 F2400
;WIDTH:0.404381
G1 F1500
G1 X-44.358 Y28.366 E2.05219
;WIDTH:0.45
G1 X-44.63 Y28.571 E2.06857
G1 X-54.121 Y38.061 E2.7141
G1 X-53.575 Y38.061 E2.74036
G1 X-43.365 Y27.85 E3.43487
G1 X-43.183 Y28.214 E3.45444
G1 X-53.03 Y38.061 E4.12422
G1 X-52.485 Y38.061 E4.15043
G1 X-42.886 Y28.462 E4.80334
G1 X-42.49 Y28.611 E4.82369
G1 X-51.939 Y38.061 E5.46643
G1 X-51.394 Y38.061 E5.49264
G1 X-41.965 Y28.632 E6.13399
G1 X-41.419 Y28.632 E6.16025
G1 X-50.849 Y38.061 E6.80163
G1 X-50.303 Y38.061 E6.82789
G1 X-40.874 Y28.632 E7.46924
G1 X-40.329 Y28.632 E7.49545
G1 X-49.758 Y38.061 E8.1368
G1 X-49.213 Y38.061 E8.16301
G1 X-39.783 Y28.632 E8.80439
G1 X-39.238 Y28.632 E8.8306
G1 X-48.667 Y38.061 E9.47195
G1 X-48.122 Y38.061 E9.49816
G1 X-38.693 Y28.632 E10.13951
G1 X-38.145 Y28.63 E10.16587
G1 X-47.576 Y38.061 E10.80735
G1 X-47.031 Y38.061 E10.83356
G1 X-36.631 Y27.661 E11.54096
G1 X-36.449 Y28.025 E11.56053
G1 X-46.486 Y38.061 E12.2432
G1 X-45.94 Y38.061 E12.26946
G1 X-36.225 Y28.345 E12.9303
G1 X-35.884 Y28.55 E12.94944
G1 X-45.395 Y38.061 E13.59637
G1 X-44.85 Y38.061 E13.62258
G1 X-35.421 Y28.632 E14.26393
G1 X-34.875 Y28.632 E14.29019
G1 X-44.304 Y38.061 E14.93154
G1 X-43.759 Y38.061 E14.95775
G1 X-34.33 Y28.632 E15.5991
G1 X-33.785 Y28.632 E15.62531
G1 X-43.214 Y38.061 E16.26666
G1 X-42.668 Y38.061 E16.29292
G1 X-33.239 Y28.632 E16.93427
G1 X-32.694 Y28.632 E16.96048
G1 X-42.123 Y38.061 E17.60183
G1 X-41.578 Y38.061 E17.62804
G1 X-32.149 Y28.632 E18.26939
G1 X-31.603 Y28.632 E18.29565
G1 X-41.032 Y38.061 E18.937
G1 X-40.487 Y38.061 E18.96321
G1 X-31.005 Y28.579 E19.60816
G1 X-30.733 Y28.382 E19.62431
;WIDTH:0.404381
G1 X-29.811 Y27.5 E19.67842
;WIDTH:0.45
G1 X-29.716 Y27.835 E19.69517
G1 X-39.942 Y38.061 E20.39073
G1 X-39.396 Y38.061 E20.41699
G1 X-29.534 Y28.199 E21.08779
G1 X-29.244 Y28.455 E21.1064
G1 X-38.851 Y38.061 E21.75982
G1 X-38.306 Y38.061 E21.78603
G1 X-28.851 Y28.606 E22.42915
G1 X-28.331 Y28.632 E22.45419
G1 X-37.76 Y38.061 E23.09554
G1 X-37.215 Y38.061 E23.12175
G1 X-27.786 Y28.632 E23.7631
G1 X-27.24 Y28.632 E23.78936
G1 X-36.67 Y38.061 E24.43074
G1 X-36.124 Y38.061 E24.457
G1 X-26.695 Y28.632 E25.09835
G1 X-26.15 Y28.632 E25.12456
G1 X-35.579 Y38.061 E25.76591
G1 X-35.033 Y38.061 E25.79217
G1 X-25.604 Y28.632 E26.43352
G1 X-25.059 Y28.632 E26.45973
G1 X-34.488 Y38.061 E27.10108
G1 X-33.943 Y38.061 E27.12729
G1 X-24.514 Y28.632 E27.76864
G1 X-22.982 Y27.646 F7200
G1 F1500
G1 X-33.397 Y38.061 E28.47706
G1 X-32.852 Y38.061 E28.50327
G1 X-22.8 Y28.009 E29.18699
G1 X-22.581 Y28.335 E29.20588
G1 X-32.307 Y38.061 E29.86743
G1 X-31.761 Y38.061 E29.89369
G1 X-22.242 Y28.542 E30.54116
G1 X-21.787 Y28.632 E30.56347
G1 X-31.216 Y38.061 E31.20482
G1 X-30.671 Y38.061 E31.23103
G1 X-21.242 Y28.632 E31.87238
G1 X-20.696 Y28.632 E31.89864
G1 X-30.125 Y38.061 E32.53999
G1 X-29.58 Y38.061 E32.5662
G1 X-20.151 Y28.632 E33.20755
G1 X-19.606 Y28.632 E33.23376
G1 X-29.035 Y38.061 E33.87511
G1 X-28.489 Y38.061 E33.90137
G1 X-19.06 Y28.632 E34.54272
G1 X-18.515 Y28.632 E34.56893
G1 X-27.944 Y38.061 E35.21028
G1 X-27.399 Y38.061 E35.23649
G1 X-17.969 Y28.632 E35.87787
G1 E33.87787 F2400
G92 E0
G1 Z3.25 F7200
G1 X-16.152 Y27.486
G1 Z1.25
G1 E2 F2400
;WIDTH:0.404381
G1 F1500
G1 X-16.863 Y28.198 E2.04267
G1 X-17.108 Y28.397 E2.05606
;WIDTH:0.45
G1 X-17.38 Y28.588 E2.07205
G1 X-26.853 Y38.061 E2.71639
G1 X-26.308 Y38.061 E2.7426
G1 X-16.067 Y27.82 E3.43918
G1 X-15.885 Y28.183 E3.45871
G1 X-25.763 Y38.061 E4.1306
G1 X-25.217 Y38.061 E4.15686
G1 X-15.603 Y28.447 E4.81079
G1 X-15.212 Y28.601 E4.831
G1 X-24.672 Y38.061 E5.47446
G1 X-24.127 Y38.061 E5.50067
G1 X-14.697 Y28.632 E6.14205
G1 X-14.53 Y28.497 E6.15238
;WIDTH:0.404381
G1 X-14.571 Y28.508 E6.15418
G1 X-14.59 Y28.437 E6.1573
G1 X-14.519 Y28.456 E6.16042
;WIDTH:0.45
G1 X-14.152 Y28.632 E6.18
G1 X-23.581 Y38.061 E6.82135
G1 X-23.036 Y38.061 E6.84756
G1 X-13.607 Y28.632 E7.48891
G1 X-13.061 Y28.632 E7.51517
G1 X-22.49 Y38.061 E8.15652
G1 X-21.945 Y38.061 E8.18273
G1 X-12.516 Y28.632 E8.82408
G1 X-11.971 Y28.632 E8.85029
G1 X-21.4 Y38.061 E9.49164
G1 X-20.854 Y38.061 E9.5179
G1 X-11.425 Y28.632 E10.15925
G1 X-10.88 Y28.632 E10.18546
G1 X-20.309 Y38.061 E10.82681
G1 X-19.764 Y38.061 E10.85302
G1 X-9.333 Y27.63 E11.56252
G1 X-9.151 Y27.994 E11.58209
G1 X-19.218 Y38.061 E12.26683
G1 X-18.673 Y38.061 E12.29304
G1 X-8.937 Y28.325 E12.95527
G1 X-8.601 Y28.534 E12.9743
G1 X-18.128 Y38.061 E13.62231
G1 X-17.582 Y38.061 E13.64857
G1 X-8.151 Y28.63 E14.29005
G1 X-7.608 Y28.632 E14.31617
G1 X-17.037 Y38.061 E14.95752
G1 X-16.492 Y38.061 E14.98373
G1 X-7.063 Y28.632 E15.62508
G1 X-6.517 Y28.632 E15.65134
G1 X-15.946 Y38.061 E16.29269
G1 X-15.401 Y38.061 E16.3189
G1 X-5.972 Y28.632 E16.96025
G1 X-5.426 Y28.632 E16.98651
G1 X-14.856 Y38.061 E17.62789
G1 X-14.31 Y38.061 E17.65415
G1 X-4.881 Y28.632 E18.2955
G1 X-4.336 Y28.632 E18.32171
G1 X-13.765 Y38.061 E18.96306
G1 X-13.22 Y38.061 E18.98927
G1 X-3.755 Y28.597 E19.63303
G1 X-3.483 Y28.412 E19.64885
;WIDTH:0.404381
G1 X-3.212 Y28.192 E19.66365
G1 X-2.493 Y27.473 E19.70677
;WIDTH:0.45
G1 X-2.417 Y27.804 E19.7231
G1 X-12.674 Y38.061 E20.42077
G1 X-12.129 Y38.061 E20.44698
G1 X-2.236 Y28.168 E21.11989
G1 X-1.962 Y28.439 E21.13843
G1 X-11.584 Y38.061 E21.79291
G1 X-11.038 Y38.061 E21.81917
G1 X-1.574 Y28.597 E22.4629
G1 X-1.064 Y28.632 E22.48749
G1 X-10.493 Y38.061 E23.12884
G1 X-9.947 Y38.061 E23.1551
G1 X-.518 Y28.632 E23.79645
G1 X.027 Y28.632 E23.82266
G1 X-9.402 Y38.061 E24.46401
G1 X-8.857 Y38.061 E24.49022
G1 X.572 Y28.632 E25.13157
G1 X1.118 Y28.632 E25.15783
G1 X-8.311 Y38.061 E25.79918
G1 X-7.766 Y38.061 E25.82539
G1 X1.663 Y28.632 E26.46674
G1 X2.208 Y28.632 E26.49295
G1 X-7.221 Y38.061 E27.1343
G1 X-6.675 Y38.061 E27.16056
G1 X2.754 Y28.632 E27.80191
G1 X4.317 Y27.622 F7200
;WIDTH:0.438881
G1 F1500
G1 X3.869 Y28.069 E27.83147
;WIDTH:0.45
G1 X-6.13 Y38.061 E28.51135
G1 X-5.585 Y38.061 E28.53756
G1 X4.498 Y27.978 E29.22339
G1 X4.707 Y28.314 E29.24242
G1 X-5.039 Y38.061 E29.90536
G1 X-4.494 Y38.061 E29.93157
G1 X5.04 Y28.526 E30.58009
G1 X5.484 Y28.628 E30.602
G1 X-3.949 Y38.061 E31.24362
G1 X-3.403 Y38.061 E31.26988
G1 X6.026 Y28.632 E31.91123
G1 X6.571 Y28.632 E31.93744
G1 X-2.858 Y38.061 E32.57879
G1 X-2.313 Y38.061 E32.605
G1 X7.117 Y28.632 E33.24638
G1 X7.662 Y28.632 E33.27259
G1 X-1.767 Y38.061 E33.91394
G1 X-1.222 Y38.061 E33.94015
G1 X8.207 Y28.632 E34.5815
G1 X8.753 Y28.632 E34.60776
G1 X-.677 Y38.061 E35.24914
G1 X-.131 Y38.061 E35.2754
G1 X9.298 Y28.632 E35.91675
G1 E33.91675 F2400
G92 E0
G1 Z3.25 F7200
G1 X11.166 Y27.459
G1 Z1.25
G1 E2 F2400
;WIDTH:0.404381
G1 F1500
G1 X10.439 Y28.186 E2.0436
G1 X10.142 Y28.427 E2.05982
;WIDTH:0.45
G1 X9.87 Y28.606 E2.07548
G1 X.414 Y38.061 E2.71863
G1 X.959 Y38.061 E2.74484
G1 X11.232 Y27.789 E3.44356
G1 X11.413 Y28.152 E3.46307
G1 X1.505 Y38.061 E4.13703
G1 X2.05 Y38.061 E4.16324
G1 X11.68 Y28.431 E4.81826
G1 X12.065 Y28.592 E4.83833
G1 X2.596 Y38.061 E5.4824
G1 X3.141 Y38.061 E5.50861
G1 X12.57 Y28.632 E6.14996
G1 X13.115 Y28.632 E6.17617
G1 X3.686 Y38.061 E6.81752
G1 X4.232 Y38.061 E6.84378
G1 X13.661 Y28.632 E7.48513
G1 X14.206 Y28.632 E7.51134
G1 X4.777 Y38.061 E8.15269
G1 X5.322 Y38.061 E8.1789
G1 X14.751 Y28.632 E8.82025
G1 X15.297 Y28.632 E8.84651
G1 X5.868 Y38.061 E9.48786
G1 X6.413 Y38.061 E9.51407
G1 X15.842 Y28.632 E10.15542
G1 X16.387 Y28.632 E10.18163
G1 X6.958 Y38.061 E10.82298
G1 X7.504 Y38.061 E10.84924
G1 X17.133 Y28.431 E11.50423
G1 X17.406 Y28.178 E11.52213
;WIDTH:0.422505
G1 X17.976 Y27.608 E11.55814
;WIDTH:0.45
G1 X18.147 Y27.963 E11.57709
G1 X8.049 Y38.061 E12.26394
G1 X8.594 Y38.061 E12.29015
G1 X18.351 Y28.304 E12.95381
G1 X18.682 Y28.519 E12.97279
G1 X9.14 Y38.061 E13.62182
G1 X9.685 Y38.061 E13.64803
G1 X19.12 Y28.626 E14.28979
G1 X19.659 Y28.632 E14.31572
G1 X10.23 Y38.061 E14.95707
G1 X10.776 Y38.061 E14.98333
G1 X20.205 Y28.632 E15.62468
G1 X20.75 Y28.632 E15.65089
G1 X11.321 Y38.061 E16.29224
G1 X11.866 Y38.061 E16.31845
G1 X21.296 Y28.632 E16.95983
G1 X21.841 Y28.632 E16.98604
G1 X12.412 Y38.061 E17.62739
G1 X12.957 Y38.061 E17.6536
G1 X22.386 Y28.632 E18.29495
G1 X22.932 Y28.632 E18.32121
G1 X13.502 Y38.061 E18.96259
G1 X14.048 Y38.061 E18.98885
G1 X23.495 Y28.614 E19.63142
G1 X23.63 Y28.427 E19.64251
;WIDTH:0.404381
G1 X23.768 Y28.442 E19.6484
G1 X24.09 Y28.18 E19.666
G1 X24.826 Y27.445 E19.71011
;WIDTH:0.45
G1 X24.881 Y27.773 E19.72611
G1 X14.593 Y38.061 E20.42589
G1 X15.139 Y38.061 E20.45215
G1 X25.063 Y28.137 E21.12717
G1 X25.324 Y28.421 E21.14572
G1 X15.684 Y38.061 E21.80142
G1 X16.229 Y38.061 E21.82763
G1 X25.704 Y28.587 E22.47207
G1 X26.204 Y28.632 E22.49622
G1 X16.775 Y38.061 E23.13757
G1 X17.32 Y38.061 E23.16378
G1 X26.749 Y28.632 E23.80513
G1 X27.294 Y28.632 E23.83134
G1 X17.865 Y38.061 E24.47269
G1 X18.411 Y38.061 E24.49895
G1 X27.84 Y28.632 E25.1403
G1 X28.385 Y28.632 E25.16651
G1 X18.956 Y38.061 E25.80786
G1 X19.501 Y38.061 E25.83407
G1 X28.93 Y28.632 E26.47542
G1 X29.476 Y28.632 E26.50168
G1 X20.047 Y38.061 E27.14303
G1 X20.592 Y38.061 E27.16924
G1 X30.021 Y28.632 E27.81059
G1 X31.635 Y27.594 F7200
;WIDTH:0.406129
G1 F1500
G1 X31.015 Y28.214 E27.84796
;WIDTH:0.45
G1 X30.743 Y28.455 E27.86544
G1 X21.137 Y38.061 E28.51883
G1 X21.683 Y38.061 E28.54509
G1 X31.796 Y27.947 E29.233
G1 X31.995 Y28.294 E29.25224
G1 X22.228 Y38.061 E29.91658
G1 X22.773 Y38.061 E29.94279
G1 X32.32 Y28.515 E30.59213
G1 X32.755 Y28.624 E30.6137
G1 X23.319 Y38.061 E31.25556
G1 X23.864 Y38.061 E31.28177
G1 X33.301 Y28.624 E31.92366
G1 X33.847 Y28.624 E31.94992
G1 X24.409 Y38.061 E32.59185
G1 X24.955 Y38.061 E32.61811
G1 X34.392 Y28.623 E33.26004
G1 X34.938 Y28.623 E33.2863
G1 X25.5 Y38.061 E33.92826
G1 X26.045 Y38.061 E33.95447
G1 X35.484 Y28.623 E34.59647
G1 X36.03 Y28.622 E34.62273
G1 X26.591 Y38.061 E35.26476
G1 X27.136 Y38.061 E35.29097
G1 X36.575 Y28.622 E35.933
G1 X37.121 Y28.621 E35.95926
G1 X27.682 Y38.061 E36.60132
G1 E34.60132 F2400
G92 E0
G1 Z3.25 F7200
G1 X66.041 Y-39.16
G1 Z1.25
G1 E2 F2400
;WIDTH:0.404381
G1 F1500
G1 X66.233 Y-39.211 E2.00842
G1 X66.298 Y-39.202 E2.0112
G1 X66.844 Y-39.665 E2.04156
G1 X67.07 Y-39.912 E2.05576
G1 X67.187 Y-39.98 E2.0615
G1 E.0615 F2400
G92 E0
G1 Z3.25 F7200
G1 X-47.451 Y-43.867
G1 Z1.25
G1 E2 F2400
;WIDTH:0.45
G1 F1500
G1 X-56.883 Y-34.435 E2.64155
G1 X-57.114 Y-34.3 E2.65442
;WIDTH:0.404381
G1 X-57.185 Y-34.319 E2.65754
G1 X-57.166 Y-34.248 E2.66066
G1 X-57.125 Y-34.259 E2.66246
G1 X-56.333 Y-34.439 F7200
;WIDTH:0.45
G1 F1500
G1 X-46.905 Y-43.867 E3.30374
G1 X-46.36 Y-43.867 E3.32995
G1 X-55.788 Y-34.439 E3.97123
G1 X-55.243 Y-34.439 E3.99744
G1 X-45.815 Y-43.867 E4.63872
G1 X-45.269 Y-43.867 E4.66498
G1 X-54.697 Y-34.439 E5.30626
G1 X-54.152 Y-34.439 E5.33247
G1 X-44.724 Y-43.867 E5.97375
G1 X-44.179 Y-43.867 E5.99996
G1 X-53.607 Y-34.439 E6.64124
G1 X-53.061 Y-34.439 E6.6675
G1 X-43.633 Y-43.867 E7.30878
G1 X-43.088 Y-43.867 E7.33499
G1 X-52.537 Y-34.418 E7.9777
G1 X-52.125 Y-34.284 E7.99854
G1 X-42.543 Y-43.867 E8.65033
G1 X-41.997 Y-43.867 E8.67659
G1 X-51.818 Y-34.046 E9.3446
G1 X-50.69 Y-34.154 F7200
;WIDTH:0.404381
G1 F1500
G1 X-51.522 Y-33.337 E9.39405
;WIDTH:0.45
G1 X-51.637 Y-33.682 E9.41154
G1 X-41.452 Y-43.867 E10.10431
G1 X-40.907 Y-43.867 E10.13052
G1 X-50.418 Y-34.356 E10.77745
G1 X-49.789 Y-34.439 E10.80796
G1 X-40.361 Y-43.867 E11.44924
G1 X-39.816 Y-43.867 E11.47545
G1 X-49.244 Y-34.439 E12.11673
G1 X-48.698 Y-34.439 E12.14299
G1 X-39.271 Y-43.867 E12.78424
G1 X-38.725 Y-43.867 E12.8105
G1 X-48.153 Y-34.439 E13.45178
G1 X-47.608 Y-34.439 E13.47799
G1 X-38.18 Y-43.867 E14.11927
G1 X-37.635 Y-43.867 E14.14548
G1 X-47.062 Y-34.439 E14.78673
G1 X-46.517 Y-34.439 E14.81294
G1 X-37.089 Y-43.867 E15.45422
G1 X-36.544 Y-43.867 E15.48043
G1 X-45.972 Y-34.439 E16.12171
G1 X-45.498 Y-34.368 E16.14476
G1 X-35.999 Y-43.867 E16.79087
G1 X-35.453 Y-43.867 E16.81713
G1 X-45.141 Y-34.179 E17.4761
G1 X-44.903 Y-33.872 E17.49478
G1 X-34.908 Y-43.867 E18.17463
G1 X-34.363 Y-43.866 E18.20084
G1 X-44.721 Y-33.508 E18.90538
G1 X-43.795 Y-34.09 F7200
;WIDTH:0.404381
G1 F1500
G1 X-43.526 Y-34.286 E18.91949
;WIDTH:0.45
G1 X-43.253 Y-34.431 E18.93436
G1 X-33.817 Y-43.866 E19.57615
G1 X-33.272 Y-43.866 E19.60236
G1 X-42.7 Y-34.439 E20.24361
G1 X-42.154 Y-34.439 E20.26987
G1 X-32.727 Y-43.866 E20.91108
G1 X-32.182 Y-43.866 E20.93729
G1 X-41.609 Y-34.439 E21.5785
G1 X-41.064 Y-34.439 E21.60471
G1 X-31.636 Y-43.866 E22.24596
G1 X-31.091 Y-43.866 E22.27217
G1 X-40.518 Y-34.439 E22.91338
G1 X-39.973 Y-34.439 E22.93959
G1 X-30.546 Y-43.866 E23.5808
G1 X-30 Y-43.866 E23.60706
G1 X-39.427 Y-34.439 E24.24827
G1 X-38.901 Y-34.421 E24.27358
G1 X-29.455 Y-43.866 E24.91605
G1 X-28.91 Y-43.866 E24.94226
G1 X-38.483 Y-34.293 E25.5934
G1 X-38.169 Y-34.061 E25.61218
G1 X-28.364 Y-43.866 E26.2791
G1 X-27.819 Y-43.866 E26.30531
G1 X-37.987 Y-33.698 E26.99692
G1 X-37.863 Y-33.351 E27.01464
;WIDTH:0.404381
G1 X-37.077 Y-34.126 E27.06145
;WIDTH:0.45
G1 X-36.804 Y-34.335 E27.07799
G1 X-27.274 Y-43.866 E27.72624
G1 X-26.728 Y-43.866 E27.7525
G1 X-36.155 Y-34.439 E28.39371
G1 X-35.61 Y-34.439 E28.41992
G1 X-26.183 Y-43.866 E29.06113
G1 X-25.638 Y-43.866 E29.08734
G1 X-35.065 Y-34.439 E29.72855
G1 X-34.519 Y-34.439 E29.75481
G1 X-25.092 Y-43.866 E30.39602
G1 X-24.547 Y-43.866 E30.42223
G1 X-33.974 Y-34.439 E31.06344
G1 X-33.429 Y-34.439 E31.08965
G1 X-24.002 Y-43.866 E31.73086
G1 X-23.456 Y-43.866 E31.75712
G1 X-32.883 Y-34.439 E32.39833
G1 X-32.338 Y-34.439 E32.42454
G1 X-22.911 Y-43.866 E33.06575
G1 X-22.366 Y-43.866 E33.09196
G1 X-31.858 Y-34.374 E33.73759
G1 X-31.497 Y-34.19 E33.75708
G1 X-21.82 Y-43.866 E34.41526
G1 X-21.275 Y-43.866 E34.44147
G1 X-31.254 Y-33.887 E35.12023
G1 X-31.027 Y-33.172 E35.15631
;WIDTH:0.404381
G1 X-31.068 Y-33.161 E35.15811
G1 X-31.087 Y-33.232 E35.16123
G1 X-31.016 Y-33.213 E35.16435
;WIDTH:0.45
G1 X-31.072 Y-33.524 E35.17955
G1 X-20.73 Y-43.866 E35.883
G1 X-20.184 Y-43.866 E35.90926
G1 X-29.621 Y-34.429 E36.55115
G1 X-29.894 Y-34.278 E36.56616
;WIDTH:0.404381
G1 X-30.258 Y-33.993 E36.58576
G1 X-29.066 Y-34.439 F7200
;WIDTH:0.45
G1 F1500
G1 X-19.639 Y-43.866 E37.22697
G1 X-19.094 Y-43.866 E37.25318
G1 X-28.521 Y-34.439 E37.89439
G1 X-27.975 Y-34.439 E37.92065
G1 X-18.548 Y-43.866 E38.56186
G1 X-18.003 Y-43.866 E38.58807
G1 X-27.43 Y-34.439 E39.22928
G1 X-26.884 Y-34.439 E39.25554
G1 X-17.458 Y-43.866 E39.89672
G1 X-16.912 Y-43.866 E39.92298
G1 X-26.339 Y-34.439 E40.56419
G1 X-25.794 Y-34.439 E40.5904
G1 X-16.367 Y-43.866 E41.23161
G1 X-15.822 Y-43.866 E41.25782
G1 X-25.264 Y-34.423 E41.90009
G1 X-24.841 Y-34.301 E41.92126
G1 X-15.276 Y-43.866 E42.57186
G1 X-14.731 Y-43.866 E42.59807
G1 X-24.524 Y-34.073 E43.26418
G1 X-23.464 Y-34.098 F7200
;WIDTH:0.404381
G1 F1500
G1 X-24.204 Y-33.364 E43.30838
;WIDTH:0.45
G1 X-24.338 Y-33.713 E43.32636
G1 X-14.186 Y-43.866 E44.01692
G1 X-13.641 Y-43.866 E44.04313
G1 X-23.191 Y-34.315 E44.69274
G1 X-22.522 Y-34.439 E44.72546
G1 X-13.095 Y-43.866 E45.36667
G1 X-12.55 Y-43.866 E45.39288
G1 X-21.976 Y-34.439 E46.03406
G1 X-21.431 Y-34.439 E46.06027
G1 X-12.005 Y-43.865 E46.70141
G1 X-11.459 Y-43.865 E46.72767
G1 X-20.886 Y-34.439 E47.36885
G1 X-20.34 Y-34.439 E47.39511
G1 X-10.914 Y-43.865 E48.03625
G1 X-10.369 Y-43.865 E48.06246
G1 X-19.795 Y-34.439 E48.7036
G1 X-19.25 Y-34.439 E48.72981
G1 X-9.823 Y-43.865 E49.37099
G1 X-9.278 Y-43.865 E49.3972
G1 X-18.704 Y-34.439 E50.03834
G1 X-18.218 Y-34.38 E50.06189
G1 X-8.733 Y-43.865 E50.70705
G1 X-8.187 Y-43.865 E50.73331
G1 X-17.853 Y-34.2 E51.39075
G1 X-17.605 Y-33.903 E51.40936
G1 X-7.642 Y-43.865 E52.087
G1 X-7.097 Y-43.865 E52.11321
G1 X-17.423 Y-33.539 E52.81557
G1 X-17.398 Y-33.213 E52.8313
;WIDTH:0.404381
G1 X-16.637 Y-33.972 E52.87688
G1 X-16.263 Y-34.271 E52.89719
;WIDTH:0.45
G1 X-15.99 Y-34.427 E52.91231
G1 X-6.551 Y-43.865 E53.55431
G1 X-6.006 Y-43.865 E53.58052
G1 X-15.432 Y-34.439 E54.22166
G1 X-14.887 Y-34.439 E54.24787
G1 X-5.461 Y-43.865 E54.88901
G1 X-4.915 Y-43.865 E54.91527
G1 X-14.341 Y-34.439 E55.55641
G1 X-13.796 Y-34.439 E55.58262
G1 X-4.37 Y-43.865 E56.22376
G1 X-3.825 Y-43.865 E56.24997
G1 X-13.251 Y-34.439 E56.89111
G1 X-12.705 Y-34.439 E56.91737
G1 X-3.279 Y-43.865 E57.55851
G1 X-2.734 Y-43.865 E57.58472
G1 X-12.16 Y-34.439 E58.22586
G1 X-11.628 Y-34.425 E58.25146
G1 X-2.189 Y-43.865 E58.89352
G1 X-1.643 Y-43.865 E58.91978
G1 X-11.199 Y-34.309 E59.56977
G1 X-10.88 Y-34.083 E59.58857
G1 X-1.098 Y-43.865 E60.25393
G1 X-.553 Y-43.865 E60.28014
G1 X-10.689 Y-33.729 E60.96958
G1 X-10.545 Y-33.378 E60.98783
;WIDTH:0.404381
G1 X-9.85 Y-34.07 E61.02942
;WIDTH:0.45
G1 X-9.578 Y-34.295 E61.0464
G1 X-.007 Y-43.865 E61.69737
G1 X.538 Y-43.865 E61.72358
G1 X-8.888 Y-34.439 E62.36472
G1 X-8.343 Y-34.439 E62.39093
G1 X1.083 Y-43.865 E63.03207
G1 X1.629 Y-43.865 E63.05833
G1 X-7.797 Y-34.439 E63.69947
G1 X-7.252 Y-34.439 E63.72568
G1 X2.174 Y-43.865 E64.36682
G1 X2.719 Y-43.865 E64.39303
G1 X-6.707 Y-34.439 E65.03417
G1 X-6.161 Y-34.439 E65.06043
G1 X3.265 Y-43.865 E65.70157
G1 X3.81 Y-43.865 E65.72778
G1 X-5.616 Y-34.439 E66.36892
G1 X-5.071 Y-34.439 E66.39513
G1 X4.355 Y-43.865 E67.03627
G1 X4.9 Y-43.865 E67.06248
G1 X-4.579 Y-34.386 E67.70723
G1 X-4.209 Y-34.21 E67.72694
G1 X5.446 Y-43.865 E68.38366
G1 X5.991 Y-43.865 E68.40987
G1 X-3.956 Y-33.918 E69.08645
G1 X-2.631 Y-34.263 F7200
;WIDTH:0.404381
G1 F1500
G1 X-2.986 Y-33.978 E69.10576
G1 X-3.74 Y-33.225 E69.15095
;WIDTH:0.45
G1 X-3.774 Y-33.554 E69.16686
G1 X6.536 Y-43.865 E69.86817
G1 X7.082 Y-43.865 E69.89443
G1 X-2.358 Y-34.424 E70.53656
G1 X-1.798 Y-34.439 E70.5635
G1 X7.627 Y-43.865 E71.20461
G1 X8.172 Y-43.865 E71.23082
G1 X-1.253 Y-34.439 E71.87193
G1 X-.708 Y-34.439 E71.89814
G1 X8.718 Y-43.865 E72.53928
G1 X9.263 Y-43.865 E72.56549
G1 X-.162 Y-34.439 E73.2066
G1 X.383 Y-34.439 E73.23281
G1 X9.808 Y-43.865 E73.87392
G1 X10.354 Y-43.865 E73.90018
G1 X.928 Y-34.439 E74.54132
G1 X1.474 Y-34.439 E74.56758
G1 X10.899 Y-43.864 E75.20866
G1 X11.444 Y-43.864 E75.23487
G1 X2.008 Y-34.428 E75.8767
G1 X2.443 Y-34.318 E75.89828
G1 X11.99 Y-43.864 E76.54762
G1 X12.535 Y-43.864 E76.57383
G1 X2.764 Y-34.094 E77.23841
G1 X3.763 Y-34.041 F7200
;WIDTH:0.404381
G1 F1500
G1 X3.114 Y-33.392 E77.27733
;WIDTH:0.45
G1 X2.96 Y-33.744 E77.29581
G1 X13.08 Y-43.864 E77.98416
G1 X13.626 Y-43.864 E78.01042
G1 X4.036 Y-34.274 E78.66272
G1 X4.746 Y-34.439 E78.69778
G1 X14.171 Y-43.864 E79.33886
G1 X14.716 Y-43.864 E79.36507
G1 X5.291 Y-34.439 E80.00615
G1 X5.836 Y-34.439 E80.03236
G1 X15.262 Y-43.864 E80.67347
G1 X15.807 Y-43.864 E80.69968
G1 X6.382 Y-34.439 E81.34076
G1 X6.927 Y-34.439 E81.36697
G1 X16.352 Y-43.864 E82.00805
G1 X16.898 Y-43.864 E82.03431
G1 X7.472 Y-34.439 E82.67542
G1 X8.018 Y-34.439 E82.70168
G1 X17.443 Y-43.864 E83.34276
G1 X17.988 Y-43.864 E83.36897
G1 X8.563 Y-34.439 E84.01005
G1 X9.061 Y-34.392 E84.03411
G1 X18.534 Y-43.864 E84.67842
G1 X19.079 Y-43.864 E84.70463
G1 X9.435 Y-34.221 E85.36057
G1 X9.694 Y-33.933 E85.3792
G1 X19.624 Y-43.864 E86.05466
G1 X20.17 Y-43.864 E86.08092
G1 X9.875 Y-33.57 E86.78114
G1 X9.919 Y-33.238 E86.79725
;WIDTH:0.404381
G1 X10.665 Y-33.984 E86.84199
G1 X11 Y-34.255 E86.86026
;WIDTH:0.45
G1 X11.273 Y-34.422 E86.87565
G1 X20.715 Y-43.864 E87.51788
G1 X21.26 Y-43.864 E87.54409
G1 X11.835 Y-34.439 E88.18517
G1 X12.381 Y-34.439 E88.21143
G1 X21.806 Y-43.864 E88.85251
G1 X22.351 Y-43.864 E88.87872
G1 X12.926 Y-34.439 E89.5198
G1 X13.471 Y-34.439 E89.54601
G1 X22.896 Y-43.864 E90.18709
G1 X23.441 Y-43.864 E90.2133
G1 X14.017 Y-34.439 E90.85434
G1 X14.562 Y-34.439 E90.88055
G1 X23.987 Y-43.864 E91.52163
G1 X24.532 Y-43.864 E91.54784
G1 X15.107 Y-34.439 E92.18892
G1 X15.644 Y-34.43 E92.21475
G1 X25.077 Y-43.864 E92.8564
G1 X25.623 Y-43.864 E92.88266
G1 X16.083 Y-34.324 E93.53156
G1 X16.408 Y-34.104 E93.55044
G1 X26.168 Y-43.864 E94.2143
G1 X26.713 Y-43.864 E94.24051
G1 X16.609 Y-33.759 E94.92781
G1 X16.773 Y-33.406 E94.94653
;WIDTH:0.411287
G1 X17.376 Y-34.009 E94.98343
;WIDTH:0.45
G1 X17.649 Y-34.254 E95.00107
G1 X27.259 Y-43.864 E95.65473
G1 X27.804 Y-43.864 E95.68094
G1 X18.379 Y-34.439 E96.32202
G1 X18.925 Y-34.439 E96.34828
G1 X28.349 Y-43.864 E96.98932
G1 X28.895 Y-43.864 E97.01558
G1 X19.47 Y-34.439 E97.65666
G1 X20.015 Y-34.439 E97.68287
G1 X29.44 Y-43.864 E98.32395
G1 X29.985 Y-43.864 E98.35016
G1 X20.561 Y-34.439 E98.9912
G1 X21.106 Y-34.439 E99.01741
G1 X30.531 Y-43.864 E99.65849
G1 X31.076 Y-43.864 E99.6847
G1 X21.651 Y-34.439 E100.32578
G1 X22.197 Y-34.439 E100.35204
G1 X31.621 Y-43.864 E100.99308
G1 X32.167 Y-43.864 E101.01934
G1 X22.701 Y-34.398 E101.66321
G1 X23.08 Y-34.231 E101.68313
G1 X32.712 Y-43.864 E102.33832
G1 X33.257 Y-43.863 E102.36453
G1 X23.343 Y-33.949 E103.03887
G1 X24.622 Y-34.238 F7200
;WIDTH:0.404381
G1 F1500
G1 X24.316 Y-33.989 E103.0556
G1 X23.578 Y-33.251 E103.09986
;WIDTH:0.45
G1 X23.525 Y-33.585 E103.11613
G1 X33.803 Y-43.863 E103.81523
G1 X34.348 Y-43.863 E103.84144
G1 X24.895 Y-34.41 E104.48442
G1 X25.462 Y-34.432 E104.51171
G1 X34.893 Y-43.863 E105.15319
G1 X35.439 Y-43.863 E105.17945
G1 X26.008 Y-34.433 E105.8209
G1 X26.555 Y-34.434 E105.84721
G1 X35.984 Y-43.863 E106.48856
G1 X36.529 Y-43.863 E106.51477
G1 X27.101 Y-34.435 E107.15605
G1 X27.647 Y-34.436 E107.18231
G1 X37.075 Y-43.863 E107.82356
G1 X37.62 Y-43.863 E107.84977
G1 X28.194 Y-34.437 E108.49091
G1 X28.74 Y-34.438 E108.51717
G1 X38.165 Y-43.863 E109.15825
G1 X38.711 Y-43.863 E109.18451
G1 X29.28 Y-34.433 E109.82596
G1 X29.723 Y-34.33 E109.84784
G1 X39.256 Y-43.863 E110.49626
G1 X39.801 Y-43.863 E110.52247
G1 X30.052 Y-34.114 E111.18558
G1 X30.258 Y-33.775 E111.20466
G1 X40.347 Y-43.863 E111.89087
G1 X40.892 Y-43.863 E111.91708
G1 X30.964 Y-33.949 E112.59189
;WIDTH:0.430071
G1 X30.433 Y-33.419 E112.62611
G1 X31.77 Y-34.274 F7200
;WIDTH:0.404381
G1 F1500
G1 X31.729 Y-34.263 E112.62791
G1 X31.71 Y-34.334 E112.63103
G1 X31.781 Y-34.315 E112.63415
;WIDTH:0.45
G1 X32.013 Y-34.439 E112.6468
G1 X41.437 Y-43.863 E113.28781
G1 X41.982 Y-43.863 E113.31402
G1 X32.558 Y-34.439 E113.95503
G1 X33.104 Y-34.439 E113.98129
G1 X42.528 Y-43.863 E114.6223
G1 X43.073 Y-43.863 E114.64851
G1 X33.649 Y-34.439 E115.28952
G1 X34.194 Y-34.439 E115.31573
G1 X43.618 Y-43.863 E115.95674
G1 X44.164 Y-43.863 E115.983
G1 X34.74 Y-34.439 E116.62401
G1 X35.285 Y-34.439 E116.65022
G1 X44.709 Y-43.863 E117.29123
G1 X45.254 Y-43.863 E117.31744
G1 X35.831 Y-34.439 E117.95841
G1 X35.734 Y-34.285 E117.96716
;WIDTH:0.404381
G1 X35.663 Y-34.305 E117.97029
G1 X35.682 Y-34.233 E117.97345
G1 X35.723 Y-34.244 E117.97525
;WIDTH:0.45
G1 X36.336 Y-34.399 E118.00566
G1 X45.8 Y-43.863 E118.64939
G1 X46.345 Y-43.863 E118.6756
G1 X36.721 Y-34.239 E119.33021
G1 X37.007 Y-33.98 E119.34877
G1 X46.89 Y-43.863 E120.021
G1 X47.436 Y-43.863 E120.04726
G1 X37.212 Y-33.639 E120.74268
G1 X37.295 Y-33.176 E120.7653
G1 X47.981 Y-43.863 E121.49218
G1 X48.526 Y-43.863 E121.51839
G1 X37.222 Y-32.559 E122.28727
G1 X37.018 Y-32.52 E122.29726
;WIDTH:0.404381
G1 X36.947 Y-32.539 E122.30038
G1 X36.966 Y-32.468 E122.3035
G1 X37.007 Y-32.479 E122.3053
;WIDTH:0.45
G1 X37.625 Y-32.416 E122.33518
G1 X49.072 Y-43.863 E123.11379
G1 X49.617 Y-43.863 E123.14
G1 X37.914 Y-32.16 E123.93602
G1 X38.119 Y-31.819 E123.95516
G1 X50.162 Y-43.863 E124.77434
G1 X50.708 Y-43.863 E124.8006
G1 X38.21 Y-31.365 E125.6507
G1 X38.21 Y-30.82 E125.67691
G1 X51.253 Y-43.863 E126.56408
G1 X51.798 Y-43.863 E126.59029
G1 X38.21 Y-30.274 E127.51456
G1 X38.21 Y-29.729 E127.54077
G1 X52.344 Y-43.863 E128.50215
G1 X52.889 Y-43.863 E128.52836
G1 X38.21 Y-29.184 E129.52681
G1 X38.21 Y-28.638 E129.55307
G1 X53.434 Y-43.863 E130.58862
G1 X53.98 Y-43.863 E130.61488
G1 X38.21 Y-28.093 E131.68754
G1 X38.21 Y-27.548 E131.71375
G1 X54.525 Y-43.863 E132.82348
G1 X55.07 Y-43.863 E132.84969
G1 X38.166 Y-26.958 E133.99951
G1 X37.982 Y-26.685 E134.01534
;WIDTH:0.404381
G1 X37.776 Y-26.441 E134.02888
G1 X37.059 Y-25.724 E134.07188
;WIDTH:0.45
G1 X37.398 Y-25.645 E134.08862
G1 X55.616 Y-43.862 E135.32775
G1 X56.161 Y-43.862 E135.35396
G1 X37.761 Y-25.463 E136.60547
G1 X38.026 Y-25.182 E136.62405
G1 X56.706 Y-43.862 E137.89464
G1 X57.252 Y-43.862 E137.9209
G1 X38.181 Y-24.792 E139.21805
G1 X38.209 Y-24.275 E139.24295
G1 X57.797 Y-43.862 E140.57527
G1 X58.342 Y-43.862 E140.60148
G1 X38.21 Y-23.73 E141.97083
G1 X38.21 Y-23.184 E141.99709
G1 X58.888 Y-43.862 E143.40358
G1 X59.433 Y-43.862 E143.42979
G1 X38.21 Y-22.639 E144.87335
G1 X38.21 Y-22.094 E144.89956
G1 X59.978 Y-43.862 E146.38019
G1 X60.523 Y-43.862 E146.4064
G1 X38.21 Y-21.549 E147.9241
G1 X38.21 Y-21.003 E147.95036
G1 X61.069 Y-43.862 E149.5052
G1 X61.614 Y-43.862 E149.53141
G1 X38.21 Y-20.458 E151.12332
G1 X38.118 Y-20.196 E151.13668
;WIDTH:0.404381
G1 X38.047 Y-20.215 E151.1398
G1 X38.066 Y-20.144 E151.14292
G1 X38.107 Y-20.155 E151.14472
G1 X37.208 Y-18.911 F7200
;WIDTH:0.45
G1 F1500
G1 X62.159 Y-43.862 E152.84186
G1 X62.705 Y-43.862 E152.86812
G1 X37.572 Y-18.729 E154.57764
G1 X37.902 Y-18.514 E154.59658
G1 X62.393 Y-43.005 E156.26243
G1 X62.607 Y-43.278 E156.27911
;WIDTH:0.410285
G1 X63.149 Y-43.882 E156.31412
G1 X62.296 Y-42.454 F7200
;WIDTH:0.404381
G1 F1500
G1 X62.225 Y-42.473 E156.31724
G1 X62.244 Y-42.402 E156.32036
G1 X62.285 Y-42.413 E156.32216
;WIDTH:0.45
G1 X62.103 Y-42.17 E156.33676
G1 X38.112 Y-18.179 E157.9686
G1 X38.208 Y-17.729 E157.99073
G1 X62.064 Y-41.585 E159.61339
G1 X62.103 Y-41.079 E159.6378
G1 X38.21 Y-17.186 E161.26297
G1 X38.21 Y-16.641 E161.28918
G1 X62.243 Y-40.673 E162.92384
G1 X62.399 Y-40.284 E162.944
G1 X38.21 Y-16.095 E164.58931
G1 X38.21 Y-15.55 E164.61552
G1 X62.617 Y-39.957 E166.27565
G1 X62.866 Y-39.661 E166.29425
G1 X38.21 Y-15.005 E167.97132
G1 X38.21 Y-14.459 E167.99758
G1 X63.146 Y-39.396 E169.69373
G1 X63.48 Y-39.184 E169.71276
G1 X38.21 Y-13.914 E171.43159
G1 E169.43159 F2400
G92 E0
G1 Z3.25 F7200
G1 X37.045 Y-12.065
G1 Z1.25
G1 E2 F2400
;WIDTH:0.404381
G1 F1500
G1 X37.77 Y-12.791 E2.04351
G1 X37.996 Y-13.064 E2.05854
G1 X37.993 Y-13.227 E2.06545
;WIDTH:0.45
G1 X38.178 Y-13.337 E2.0758
G1 X63.834 Y-38.992 E3.82086
G1 X64.26 Y-38.873 E3.84213
G1 X37.382 Y-11.995 E5.67034
G1 X37.746 Y-11.814 E5.68989
G1 X64.718 Y-38.786 E7.52449
G1 X65.291 Y-38.813 E7.55208
G1 X38.016 Y-11.538 E9.40729
G1 X38.176 Y-11.154 E9.4273
G1 X66.025 Y-39.002 E11.32152
G1 X67.139 Y-39.571 F7200
G1 F1500
G1 X38.21 Y-10.641 E13.28927
G1 X38.21 Y-10.096 E13.31548
G1 X67.139 Y-39.026 E15.28323
G1 X67.139 Y-38.48 E15.30949
G1 X38.21 Y-9.551 E17.2772
G1 X38.21 Y-9.006 E17.30341
G1 X67.139 Y-37.935 E19.27112
G1 X67.139 Y-37.389 E19.29738
G1 X38.21 Y-8.46 E21.26509
G1 X38.21 Y-7.915 E21.2913
G1 X67.139 Y-36.844 E23.25901
G1 X67.139 Y-36.299 E23.28522
G1 X38.21 Y-7.37 E25.25293
G1 X38.111 Y-6.525 F7200
;WIDTH:0.404381
G1 F1500
G1 X38.07 Y-6.514 E25.25473
G1 X38.051 Y-6.585 E25.25785
G1 X38.122 Y-6.566 E25.26097
;WIDTH:0.45
G1 X38.21 Y-6.824 E25.27408
G1 X67.139 Y-35.753 E27.24179
G1 X67.139 Y-35.208 E27.268
G1 X37.643 Y-5.705 E29.27452
;WIDTH:0.438891
G1 X37.194 Y-5.255 E29.30421
;WIDTH:0.45
G1 X37.556 Y-5.08 E29.32355
G1 X67.139 Y-34.663 E31.33575
G1 X67.139 Y-34.117 E31.36201
G1 X37.892 Y-4.87 E33.35135
G1 X38.106 Y-4.539 E33.37031
G1 X67.139 Y-33.572 E35.3451
G1 X67.139 Y-33.027 E35.37131
G1 X38.205 Y-4.093 E37.33936
G1 X38.21 Y-3.552 E37.36538
G1 X67.139 Y-32.481 E39.33309
G1 X67.139 Y-31.936 E39.3593
G1 X38.21 Y-3.007 E41.32701
G1 X38.21 Y-2.462 E41.35322
G1 X67.139 Y-31.391 E43.32093
G1 X67.139 Y-30.845 E43.34719
G1 X38.21 Y-1.916 E45.3149
G1 X38.21 Y-1.371 E45.34111
G1 X67.139 Y-30.3 E47.30882
G1 X67.139 Y-29.755 E47.33503
G1 X38.21 Y-.826 E49.30274
G1 X38.126 Y.019 F7200
;WIDTH:0.404381
G1 F1500
G1 X38.085 Y.03 E49.30454
G1 X38.065 Y-.041 E49.30767
G1 X38.137 Y-.022 E49.31083
;WIDTH:0.45
G1 X38.21 Y-.28 E49.32373
G1 X67.139 Y-29.209 E51.29144
G1 X67.139 Y-28.664 E51.31765
G1 X49.955 Y-11.479 E52.48652
G1 X49.682 Y-11.251 E52.50363
;WIDTH:0.404381
G1 X49.535 Y-11.127 E52.51179
G1 X49.027 Y-10.596 E52.54295
;WIDTH:0.45
G1 X48.798 Y-10.323 E52.56009
G1 X38.184 Y.291 E53.28204
G1 X38.014 Y.564 E53.29751
;WIDTH:0.404381
G1 X37.764 Y.861 E53.31397
G1 X37.031 Y1.594 E53.35793
;WIDTH:0.45
G1 X37.367 Y1.654 E53.37435
G1 X48.436 Y-9.416 E54.12728
G1 X48.618 Y-9.515 E54.13724
;WIDTH:0.404381
G1 X48.596 Y-9.688 E54.14464
G1 X48.349 Y-8.783 F7200
;WIDTH:0.45
G1 F1500
G1 X37.73 Y1.835 E54.8669
G1 X38.008 Y2.103 E54.88547
G1 X48.339 Y-8.228 E55.58817
G1 X48.339 Y-7.683 E55.61438
G1 X38.171 Y2.485 E56.30599
G1 X38.075 Y3.16 E56.33878
;WIDTH:0.404381
G1 X38.034 Y3.171 E56.34058
G1 X38.015 Y3.1 E56.3437
G1 X38.086 Y3.119 E56.34682
;WIDTH:0.45
G1 X48.339 Y-7.137 E57.04432
G1 X48.339 Y-6.592 E57.07053
G1 X38.21 Y3.537 E57.75949
G1 X38.21 Y4.083 E57.78575
G1 X48.339 Y-6.046 E58.47471
G1 X48.339 Y-5.501 E58.50092
G1 X38.21 Y4.628 E59.18988
G1 X38.21 Y5.173 E59.21609
G1 X48.339 Y-4.956 E59.90505
G1 X48.339 Y-4.41 E59.93131
G1 X38.21 Y5.719 E60.62027
G1 X38.21 Y6.264 E60.64648
G1 X48.339 Y-3.865 E61.33544
G1 X48.339 Y-3.32 E61.36165
G1 X38.21 Y6.809 E62.05061
G1 X38.124 Y7.068 E62.06374
;WIDTH:0.404381
G1 X38.053 Y7.049 E62.06686
G1 X38.072 Y7.12 E62.06998
G1 X38.113 Y7.109 E62.07178
G1 X37.18 Y8.404 F7200
;WIDTH:0.422509
G1 F1500
G1 X37.745 Y7.839 E62.10747
;WIDTH:0.45
G1 X37.999 Y7.566 E62.1254
G1 X48.339 Y-2.774 E62.82871
G1 X48.339 Y-2.229 E62.85492
G1 X37.541 Y8.569 E63.58939
G1 X37.882 Y8.774 E63.60853
G1 X48.339 Y-1.684 E64.31984
G1 X48.339 Y-1.138 E64.3461
G1 X38.1 Y9.1 E65.04251
G1 X38.206 Y9.54 E65.06428
G1 X48.339 Y-.593 E65.75351
G1 X48.339 Y-.048 E65.77972
G1 X38.209 Y10.082 E66.46875
G1 X38.209 Y10.627 E66.49496
G1 X48.339 Y.498 E67.18396
G1 X48.339 Y1.043 E67.21017
G1 X38.209 Y11.173 E67.8992
G1 X38.21 Y11.718 E67.92541
G1 X48.339 Y1.588 E68.61441
G1 X48.339 Y2.134 E68.64067
G1 X38.21 Y12.263 E69.32963
G1 X38.21 Y12.808 E69.35584
G1 X48.339 Y2.679 E70.0448
G1 X48.339 Y3.224 E70.07101
G1 X38.21 Y13.354 E70.76001
G1 E68.76001 F2400
G92 E0
G1 Z3.25 F7200
G1 X37.018 Y15.253
G1 Z1.25
G1 E2 F2400
;WIDTH:0.404381
G1 F1500
G1 X37.758 Y14.512 E2.04441
G1 X38.016 Y14.205 E2.06142
G1 X38.002 Y14.009 E2.06975
;WIDTH:0.45
G1 X38.187 Y13.922 E2.07958
G1 X48.339 Y3.77 E2.77011
G1 X48.339 Y4.315 E2.79632
G1 X37.351 Y15.303 E3.54371
G1 X37.715 Y15.485 E3.56328
G1 X48.339 Y4.86 E4.28595
G1 X48.339 Y5.406 E4.31221
G1 X37.997 Y15.748 E5.01566
G1 X38.168 Y16.122 E5.03544
G1 X48.339 Y5.951 E5.72726
G1 X48.339 Y6.497 E5.75352
G1 X38.207 Y16.628 E6.44265
G1 X38.208 Y17.173 E6.46886
G1 X48.339 Y7.042 E7.15796
G1 X48.358 Y7.568 E7.18328
G1 X38.208 Y17.718 E7.87367
G1 X38.208 Y18.263 E7.89988
G1 X48.423 Y8.049 E8.59466
G1 X48.547 Y8.469 E8.61572
G1 X38.209 Y18.808 E9.31893
G1 X38.209 Y19.353 E9.34514
G1 X48.711 Y8.851 E10.05947
G1 X48.917 Y9.19 E10.07855
G1 X38.21 Y19.898 E10.80686
G1 X38.21 Y20.443 E10.83307
G1 X49.149 Y9.504 E11.57713
G1 X49.422 Y9.776 E11.59567
G1 X38.039 Y21.159 E12.36993
G1 X37.797 Y21.432 E12.38748
;WIDTH:0.406127
G1 X37.166 Y22.063 E12.42552
;WIDTH:0.45
G1 X37.525 Y22.218 E12.44433
G1 X49.728 Y10.016 E13.27433
G1 X50.058 Y10.231 E13.29327
G1 X37.872 Y22.417 E14.12215
G1 X38.093 Y22.741 E14.14101
G1 X50.432 Y10.403 E14.98026
G1 X50.851 Y10.529 E15.0013
G1 X38.203 Y23.177 E15.8616
G1 X38.21 Y23.715 E15.88748
G1 X51.32 Y10.605 E16.77921
G1 X52.017 Y10.456 E16.81349
;WIDTH:0.404381
G1 X51.946 Y10.437 E16.81661
G1 X51.965 Y10.508 E16.81973
G1 X52.006 Y10.497 E16.82153
;WIDTH:0.45
G1 X51.839 Y10.632 E16.83186
G1 X38.209 Y24.261 E17.75892
G1 X38.209 Y24.807 E17.78518
G1 X52.384 Y10.632 E18.74935
G1 X52.929 Y10.632 E18.77556
G1 X38.209 Y25.353 E19.77683
G1 X38.208 Y25.898 E19.80304
G1 X53.475 Y10.632 E20.84145
G1 X54.02 Y10.632 E20.86766
G1 X38.208 Y26.444 E21.94317
G1 X38.207 Y26.99 E21.96943
G1 X54.565 Y10.632 E23.08208
G1 X55.111 Y10.632 E23.10834
G1 X38.191 Y27.551 E24.25918
G1 X38.032 Y27.824 E24.27438
;WIDTH:0.404381
G1 X37.737 Y28.187 E24.29422
G1 X37.394 Y28.454 E24.31265
G1 E22.31265 F2400
G92 E0
G1 Z3.25 F7200
G1 X28.227 Y38.061
G1 Z1.25
G1 E2 F2400
;WIDTH:0.45
G1 F1500
G1 X55.656 Y10.632 E3.86569
G1 X55.834 Y10.497 E3.87643
;WIDTH:0.404381
G1 X55.793 Y10.508 E3.87823
G1 X55.774 Y10.437 E3.88135
G1 X55.845 Y10.456 E3.88447
;WIDTH:0.45
G1 X56.201 Y10.632 E3.90357
G1 X28.772 Y38.061 E5.76926
G1 X29.318 Y38.061 E5.79552
G1 X56.747 Y10.632 E7.66121
G1 X57.292 Y10.632 E7.68742
G1 X29.863 Y38.061 E9.55311
G1 X30.408 Y38.061 E9.57932
G1 X57.837 Y10.632 E11.44501
G1 X58.383 Y10.632 E11.47127
G1 X30.954 Y38.061 E13.33696
G1 X31.499 Y38.061 E13.36317
G1 X58.975 Y10.584 E15.23209
G1 X59.275 Y10.458 E15.24774
;WIDTH:0.404381
G1 X59.234 Y10.469 E15.24954
G1 X59.215 Y10.398 E15.25266
G1 X59.286 Y10.417 E15.25578
G1 E13.25578 F2400
G92 E0
G1 Z3.25 F7200
G1 X50.617 Y-11.652
G1 Z1.25
G1 E2 F2400
G1 F1500
G1 X50.576 Y-11.641 E2.0018
G1 X50.557 Y-11.712 E2.00492
G1 X50.628 Y-11.693 E2.00804
;WIDTH:0.45
G1 X50.86 Y-11.84 E2.02125
G1 X67.139 Y-28.119 E3.12853
G1 X67.139 Y-27.573 E3.15479
G1 X51.493 Y-11.927 E4.21901
G1 X52.05 Y-11.939 E4.24581
G1 X67.139 Y-27.028 E5.27215
G1 X67.139 Y-26.483 E5.29836
G1 X52.596 Y-11.939 E6.28759
G1 X53.141 Y-11.939 E6.3138
G1 X67.139 Y-25.937 E7.26593
G1 X67.139 Y-25.392 E7.29214
G1 X53.686 Y-11.939 E8.2072
G1 X54.232 Y-11.939 E8.23346
G1 X67.139 Y-24.846 E9.11138
G1 X67.139 Y-24.301 E9.13759
G1 X54.777 Y-11.939 E9.97844
G1 X55.322 Y-11.939 E10.00465
G1 X67.139 Y-23.756 E10.80843
G1 X67.139 Y-23.21 E10.83469
G1 X55.868 Y-11.939 E11.60133
G1 X56.413 Y-11.939 E11.62754
G1 X67.139 Y-22.665 E12.35711
G1 X67.139 Y-22.12 E12.38332
G1 X56.958 Y-11.939 E13.07582
G1 X57.504 Y-11.939 E13.10208
G1 X67.139 Y-21.574 E13.75744
G1 X67.139 Y-21.029 E13.78365
G1 X58.049 Y-11.939 E14.40194
G1 X58.582 Y-11.927 E14.42758
G1 X67.139 Y-20.484 E15.00962
G1 X67.139 Y-19.938 E15.03588
G1 X59.072 Y-11.871 E15.58459
G1 X59.501 Y-11.755 E15.60596
G1 X67.139 Y-19.393 E16.12549
G1 X67.139 Y-18.848 E16.1517
G1 X59.881 Y-11.59 E16.64538
G1 X60.222 Y-11.386 E16.66449
G1 X67.139 Y-18.302 E17.13494
G1 X67.139 Y-17.757 E17.16115
G1 X60.542 Y-11.16 E17.60987
G1 X60.821 Y-10.893 E17.62844
G1 X67.139 Y-17.212 E18.05822
G1 X67.139 Y-16.666 E18.08448
G1 X61.061 Y-10.589 E18.49786
G1 X61.278 Y-10.259 E18.51686
G1 X67.139 Y-16.121 E18.91555
G1 X67.139 Y-15.576 E18.94176
G1 X61.461 Y-9.897 E19.328
G1 X61.59 Y-9.481 E19.34895
G1 X67.139 Y-15.03 E19.72639
G1 X67.139 Y-14.485 E19.7526
G1 X61.681 Y-9.027 E20.12385
G1 X61.71 Y-8.51 E20.14875
G1 X67.139 Y-13.94 E20.51806
G1 X67.139 Y-13.394 E20.54432
G1 X61.71 Y-7.965 E20.91359
G1 X61.71 Y-7.42 E20.9398
G1 X67.139 Y-12.849 E21.30907
G1 X67.139 Y-12.303 E21.33533
G1 X61.71 Y-6.874 E21.7046
G1 X61.71 Y-6.329 E21.73081
G1 X67.139 Y-11.758 E22.10008
G1 X67.139 Y-11.213 E22.12629
G1 X61.71 Y-5.784 E22.49556
G1 X61.71 Y-5.238 E22.52182
G1 X67.139 Y-10.667 E22.89109
G1 X67.139 Y-10.122 E22.9173
G1 X61.71 Y-4.693 E23.28657
G1 X61.71 Y-4.148 E23.31278
G1 X67.139 Y-9.577 E23.68205
G1 X67.139 Y-9.031 E23.70831
G1 X61.71 Y-3.602 E24.07758
G1 X61.71 Y-3.057 E24.10379
G1 X67.139 Y-8.486 E24.47306
G1 X67.139 Y-7.941 E24.49927
G1 X61.71 Y-2.512 E24.86854
G1 X61.71 Y-1.966 E24.8948
G1 X67.139 Y-7.395 E25.26407
G1 X67.139 Y-6.85 E25.29028
G1 X61.71 Y-1.421 E25.65955
G1 X61.71 Y-.876 E25.68576
G1 X67.139 Y-6.305 E26.05503
G1 X67.139 Y-5.759 E26.08129
G1 X61.71 Y-.33 E26.45056
G1 X61.71 Y.215 E26.47677
G1 X67.139 Y-5.214 E26.84604
G1 X67.139 Y-4.669 E26.87225
G1 X61.71 Y.76 E27.24152
G1 X61.71 Y1.306 E27.26778
G1 X67.139 Y-4.123 E27.63705
G1 X67.139 Y-3.578 E27.66326
G1 X61.71 Y1.851 E28.03253
G1 X61.71 Y2.397 E28.05879
G1 X67.139 Y-3.033 E28.4281
G1 X67.139 Y-2.487 E28.45436
G1 X61.71 Y2.942 E28.82363
G1 X61.71 Y3.487 E28.84984
G1 X67.139 Y-1.942 E29.21911
G1 X67.139 Y-1.397 E29.24532
G1 X61.71 Y4.033 E29.61463
G1 X61.71 Y4.578 E29.64084
G1 X67.139 Y-.851 E30.01011
G1 X67.139 Y-.306 E30.03632
G1 X61.71 Y5.123 E30.40559
G1 X61.71 Y5.669 E30.43185
G1 X67.139 Y.24 E30.80112
G1 X67.139 Y.785 E30.82733
G1 X61.71 Y6.214 E31.1966
G1 X61.71 Y6.759 E31.22281
G1 X67.139 Y1.33 E31.59208
G1 X67.139 Y1.876 E31.61834
G1 X61.71 Y7.305 E31.98761
G1 X61.527 Y8.21 F7200
;WIDTH:0.404381
G1 F1500
G1 X61.486 Y8.221 E31.98941
G1 X61.467 Y8.15 E31.99253
G1 X61.538 Y8.169 E31.99565
;WIDTH:0.45
G1 X61.652 Y7.908 E32.00935
G1 X67.139 Y2.421 E32.38257
G1 X67.139 Y2.966 E32.40878
G1 X61.414 Y8.691 E32.79819
G1 X61.214 Y8.964 E32.81447
;WIDTH:0.404381
G1 X60.92 Y9.324 E32.83418
G1 X60.404 Y9.84 E32.86513
G1 X60.046 Y10.127 E32.88459
;WIDTH:0.45
G1 X59.774 Y10.331 E32.90094
G1 X32.044 Y38.061 E34.7871
G1 X32.347 Y38.204 E34.80321
;WIDTH:0.404381
G1 X32.306 Y38.215 E34.80501
G1 X32.287 Y38.144 E34.80813
G1 X32.358 Y38.163 E34.81125
;WIDTH:0.45
G1 X32.59 Y38.061 E34.82344
G1 X67.139 Y3.512 E37.17342
G1 X67.139 Y4.057 E37.19963
G1 X33.135 Y38.061 E39.51254
G1 X33.68 Y38.061 E39.53875
G1 X67.139 Y4.602 E41.81459
G1 X67.139 Y5.148 E41.84085
G1 X34.226 Y38.061 E44.07955
G1 X34.771 Y38.061 E44.10576
G1 X67.139 Y5.693 E46.30739
G1 X67.139 Y6.238 E46.3336
G1 X35.316 Y38.061 E48.49816
G1 X35.862 Y38.061 E48.52442
G1 X67.139 Y6.784 E50.65184
G1 X67.139 Y7.329 E50.67805
G1 X36.407 Y38.061 E52.7684
G1 X36.952 Y38.061 E52.79461
G1 X67.139 Y7.874 E54.84789
G1 X67.139 Y8.42 E54.87415
G1 X37.498 Y38.061 E56.89029
G1 X38.043 Y38.061 E56.9165
G1 X67.139 Y8.965 E58.89557
G1 X67.139 Y9.51 E58.92178
G1 X38.588 Y38.061 E60.86378
G1 X39.134 Y38.061 E60.89004
G1 X67.139 Y10.056 E62.79491
G1 X67.139 Y10.601 E62.82112
G1 X39.679 Y38.061 E64.68892
G1 X40.225 Y38.061 E64.71518
G1 X67.139 Y11.146 E66.54587
G1 X67.139 Y11.692 E66.57213
G1 X40.77 Y38.061 E68.36572
G1 X41.315 Y38.061 E68.39193
G1 X67.139 Y12.237 E70.14845
G1 X67.139 Y12.783 E70.17471
G1 X41.861 Y38.061 E71.89409
G1 X42.406 Y38.061 E71.9203
G1 X67.139 Y13.328 E73.60261
G1 X67.139 Y13.873 E73.62882
G1 X42.951 Y38.061 E75.27406
G1 X43.497 Y38.061 E75.30032
G1 X67.139 Y14.419 E76.90842
G1 X67.139 Y14.964 E76.93463
G1 X44.042 Y38.061 E78.50566
G1 X44.587 Y38.061 E78.53187
G1 X67.139 Y15.509 E80.06583
G1 X67.139 Y16.055 E80.09209
G1 X45.133 Y38.061 E81.58891
G1 X45.678 Y38.061 E81.61512
G1 X67.139 Y16.6 E83.07487
G1 X67.139 Y17.145 E83.10108
G1 X46.223 Y38.061 E84.52376
G1 X46.769 Y38.061 E84.55002
G1 X67.139 Y17.691 E85.93556
G1 X67.139 Y18.236 E85.96177
G1 X47.314 Y38.061 E87.31024
G1 X47.859 Y38.061 E87.33645
G1 X67.139 Y18.781 E88.64785
G1 X67.139 Y19.327 E88.67411
G1 X48.405 Y38.061 E89.94837
G1 X48.95 Y38.061 E89.97458
G1 X67.139 Y19.872 E91.21177
G1 X67.139 Y20.417 E91.23798
G1 X49.495 Y38.061 E92.4381
G1 X50.041 Y38.061 E92.46436
G1 X67.139 Y20.963 E93.62734
G1 X67.139 Y21.508 E93.65355
G1 X50.586 Y38.061 E94.77946
G1 X51.131 Y38.061 E94.80567
G1 X67.139 Y22.053 E95.89451
G1 X67.139 Y22.599 E95.92077
G1 X51.677 Y38.061 E96.97248
G1 X52.222 Y38.061 E96.99869
G1 X67.139 Y23.144 E98.01333
G1 X67.139 Y23.689 E98.03954
G1 X52.768 Y38.061 E99.01707
G1 X53.313 Y38.061 E99.04328
G1 X67.139 Y24.235 E99.98371
G1 X67.139 Y24.78 E100.00992
G1 X53.858 Y38.061 E100.91328
G1 X54.404 Y38.061 E100.93954
G1 X67.139 Y25.326 E101.80576
G1 X67.139 Y25.871 E101.83197
G1 X54.949 Y38.061 E102.66112
G1 X55.494 Y38.061 E102.68733
G1 X67.139 Y26.416 E103.47941
G1 X67.139 Y26.962 E103.50567
G1 X56.04 Y38.061 E104.26061
G1 X56.585 Y38.061 E104.28682
G1 X67.139 Y27.507 E105.00469
G1 X67.139 Y28.052 E105.0309
G1 X57.13 Y38.061 E105.7117
G1 X57.676 Y38.061 E105.73796
G1 X67.139 Y28.598 E106.38162
G1 X67.139 Y29.143 E106.40783
G1 X58.221 Y38.061 E107.01442
G1 X58.535 Y38.163 E107.0303
;WIDTH:0.404381
G1 X58.464 Y38.144 E107.03342
G1 X58.483 Y38.215 E107.03654
G1 X58.524 Y38.204 E107.03834
G1 E105.03834 F2400
G92 E0
G1 Z3.25 F7200
G1 X63.41 Y33.418
G1 Z1.25
G1 E2 F2400
;WIDTH:0.45
G1 F1500
G1 X67.139 Y29.688 E2.25368
G1 X67.139 Y30.234 E2.27994
G1 X64.318 Y33.054 E2.47179
G1 X64.087 Y33.188 E2.48463
;WIDTH:0.404381
G1 X64.016 Y33.169 E2.48775
G1 X64.035 Y33.24 E2.49087
G1 X64.076 Y33.229 E2.49267
G1 X64.954 Y32.964 F7200
;WIDTH:0.45
G1 F1500
G1 X67.139 Y30.779 E2.64129
G1 X67.334 Y30.661 E2.65225
;WIDTH:0.404381
G1 X67.293 Y30.672 E2.65405
G1 X67.274 Y30.601 E2.65717
G1 X67.345 Y30.62 E2.66029
;WIDTH:0.45
G1 X67.139 Y31.324 E2.69557
G1 X67.139 Y34.038 E2.8261
G1 X66.94 Y33.798 E2.8411
G1 X66.621 Y33.526 E2.86126
G1 X66.236 Y33.3 E2.88273
G1 X65.725 Y33.086 E2.90938
G1 X65.432 Y33.031 E2.92372
G1 X67.003 Y31.461 E3.03054
G1 X66.741 Y32.284 F7200
;WIDTH:0.47387
G1 F1500
G1 X66.741 Y33.133 E3.0739
G1 X66.193 Y32.833 E3.10581
G1 X66.605 Y32.42 E3.1356
G1 E1.1356 F2400
G92 E0
G1 Z3.25 F7200
G1 X63.137 Y33.64
G1 Z1.25
G1 E2 F2400
;WIDTH:0.404381
G1 F1500
G1 X62.691 Y34.101 E2.0272
;WIDTH:0.45
G1 X62.453 Y34.374 E2.04462
G1 X58.766 Y38.061 E2.29541
G1 X59.312 Y38.061 E2.32167
G1 X62.105 Y35.268 E2.51165
G1 X62.305 Y35.025 E2.52679
;WIDTH:0.404381
G1 X62.264 Y35.036 E2.52859
G1 X62.245 Y34.965 E2.53171
G1 X62.316 Y34.984 E2.53483
G1 X62.064 Y35.854 F7200
;WIDTH:0.45
G1 F1500
G1 X59.857 Y38.061 E2.68495
G1 E.68495 F2400
G92 E0
G1 Z3.25 F7200
G1 X61.975 Y36.488
G1 Z1.25
G1 E2 F2400
G1 F1500
G1 X60.402 Y38.061 E2.10699
G1 X63.102 Y38.061 E2.23685
G1 X62.91 Y37.896 E2.24903
G1 X62.556 Y37.475 E2.27549
G1 X62.33 Y37.083 E2.29725
G1 X62.142 Y36.566 E2.32371
G1 X62.112 Y36.352 E2.3341
G1 X61.917 Y37.107 F7200
;WIDTH:0.471861
G1 F1500
G1 X61.958 Y37.219 E2.34016
G1 X62.207 Y37.664 E2.36608
G1 X61.36 Y37.664 E2.40913
G1 X61.781 Y37.244 E2.43935
;LAYER_CHANGE
;Z:1.55
;HEIGHT:0.3
G1 E.43935 F2400
G92 E0
G1 Z1.55 F7200
G1 Z3.55
G1 X37.171 Y-18.208
G1 Z1.55
G1 E2 F2400
;TYPE:Perimeter
;WIDTH:0.45
G1 F3600
G1 X37.366 Y-18.111 E2.01048
G1 X37.511 Y-17.866 E2.02417
G1 X37.535 Y-17.166 E2.05786
G1 X37.535 Y-13.611 E2.22884
G1 X37.472 Y-13.348 E2.24185
G1 X36.681 Y-12.517 E2.29703
G1 X-3.624 Y27.788 E5.03853
G1 X-3.784 Y27.901 E5.04795
G1 X-4.033 Y27.957 E5.06023
G1 X-8.124 Y27.957 E5.25699
G1 X-8.372 Y27.901 E5.26922
G1 X-8.533 Y27.788 E5.27868
G1 X-8.696 Y27.46 E5.2963
G1 X-8.593 Y27.03 E5.31757
G1 X36.548 Y-18.111 E8.388
G1 X37.038 Y-18.274 E8.41284
G1 X37.117 Y-18.235 E8.41708
G1 X37.033 Y-17.856 F7200
;TYPE:External perimeter
G1 F1800
G1 X37.132 Y-17.782 E8.42302
G1 X37.149 Y-17.166 E8.45266
G1 X37.149 Y-13.611 E8.62364
G1 X37.093 Y-13.474 E8.63076
G1 X-3.896 Y27.515 E11.41878
G1 X-3.983 Y27.571 E11.42376
G1 X-8.124 Y27.571 E11.62293
G1 X-8.26 Y27.515 E11.63
G1 X-8.315 Y27.406 E11.63587
G1 X-8.26 Y27.242 E11.64419
G1 X36.82 Y-17.838 E14.71048
G1 X36.984 Y-17.893 E14.7188
G1 X37.134 Y-17.522 F7200
G1 E12.7188 F2400
G92 E0
G1 Z3.55 F7200
G1 X-1.803 Y27.591
G1 Z1.55
G1 E2 F2400
;TYPE:Perimeter
G1 F3600
G1 X-1.868 Y27.46 E2.00703
G1 X-1.765 Y27.03 E2.0283
G1 X36.548 Y-11.282 E4.63427
G1 X37.038 Y-11.446 E4.65912
G1 X37.366 Y-11.282 E4.67676
G1 X37.535 Y-10.997 E4.6927
G1 X37.535 Y-9.56 E4.76181
G1 X37.535 Y-6.782 E4.89542
G1 X37.483 Y-6.542 E4.90723
G1 X37.366 Y-6.373 E4.91712
G1 X3.205 Y27.788 E7.24071
G1 X2.911 Y27.957 E7.25702
G1 X-1.295 Y27.957 E7.45931
G1 X-1.544 Y27.901 E7.47159
G1 X-1.704 Y27.788 E7.48101
G1 X-1.776 Y27.645 E7.48871
G1 X-1.463 Y27.451 F7200
;TYPE:External perimeter
G1 F1800
G1 X-1.486 Y27.406 E7.49114
G1 X-1.432 Y27.242 E7.49944
G1 X36.82 Y-11.01 E10.10129
G1 X36.984 Y-11.064 E10.10959
G1 X37.149 Y-10.946 E10.11935
G1 X37.149 Y-6.782 E10.31962
G1 X37.093 Y-6.646 E10.32669
G1 X2.932 Y27.515 E12.65028
G1 X2.796 Y27.571 E12.65735
G1 X-1.295 Y27.571 E12.85411
G1 X-1.432 Y27.515 E12.86123
G1 X-1.437 Y27.505 E12.86177
G1 X-1.31 Y27.126 F7200
G1 E10.86177 F2400
G92 E0
G1 Z3.55 F7200
G1 X37.171 Y-25.037
G1 Z1.55
G1 E2 F2400
;TYPE:Perimeter
G1 F3600
G1 X37.366 Y-24.939 E2.0105
G1 X37.516 Y-24.678 E2.02498
G1 X37.535 Y-24.125 E2.05159
G1 X37.535 Y-20.439 E2.22887
G1 X37.483 Y-20.199 E2.24068
G1 X37.366 Y-20.03 E2.25057
G1 X-10.452 Y27.788 E5.50309
G1 X-10.613 Y27.901 E5.51255
G1 X-10.861 Y27.957 E5.52478
G1 X-14.952 Y27.957 E5.72154
G1 X-15.201 Y27.901 E5.73382
G1 X-15.361 Y27.788 E5.74324
G1 X-15.525 Y27.46 E5.76088
G1 X-15.422 Y27.03 E5.78215
G1 X36.548 Y-24.939 E9.31705
G1 X37.038 Y-25.103 E9.3419
G1 X37.117 Y-25.064 E9.34614
G1 X37.033 Y-24.685 F7200
;TYPE:External perimeter
G1 F1800
G1 X37.131 Y-24.613 E9.35199
G1 X37.149 Y-23.772 E9.39245
G1 X37.149 Y-20.439 E9.55276
G1 X37.093 Y-20.303 E9.55983
G1 X-10.725 Y27.515 E12.81235
G1 X-10.812 Y27.571 E12.81733
G1 X-14.952 Y27.571 E13.01645
G1 X-15.089 Y27.515 E13.02357
G1 X-15.143 Y27.406 E13.02942
G1 X-15.089 Y27.242 E13.03772
G1 X36.82 Y-24.667 E16.56851
G1 X36.984 Y-24.721 E16.57681
G1 X37.131 Y-24.349 F7200
G1 E14.57681 F2400
G92 E0
G1 Z3.55 F7200
G1 X37.184 Y-31.881
G1 Z1.55
G1 E2 F2400
;TYPE:Perimeter
G1 F3600
G1 X37.392 Y-31.74 E2.01209
G1 X37.535 Y-31.47 E2.02678
G1 X37.535 Y-27.268 E2.22888
G1 X37.48 Y-27.021 E2.24105
G1 X37.366 Y-26.859 E2.25058
G1 X-17.281 Y27.788 E5.9676
G1 X-17.575 Y27.957 E5.98391
G1 X-21.781 Y27.957 E6.1862
G1 X-22.029 Y27.901 E6.19843
G1 X-22.19 Y27.788 E6.20789
G1 X-22.353 Y27.46 E6.22551
G1 X-22.25 Y27.03 E6.24678
G1 X36.548 Y-31.768 E10.24615
G1 X36.876 Y-31.932 E10.26379
G1 X37.131 Y-31.906 E10.27612
G1 X37.021 Y-31.519 F7200
;TYPE:External perimeter
G1 F1800
G1 X37.095 Y-31.493 E10.27989
G1 X37.149 Y-31.359 E10.28684
G1 X37.149 Y-27.268 E10.4836
G1 X37.093 Y-27.131 E10.49072
G1 X-17.553 Y27.515 E14.20767
G1 X-17.666 Y27.571 E14.21374
G1 X-21.781 Y27.571 E14.41166
G1 X-21.917 Y27.515 E14.41873
G1 X-21.972 Y27.406 E14.4246
G1 X-21.917 Y27.242 E14.43292
G1 X36.82 Y-31.495 E18.42814
G1 X36.93 Y-31.55 E18.43406
G1 X36.964 Y-31.538 E18.43579
G1 X37.149 Y-31.183 F7200
G1 E16.43579 F2400
G92 E0
G1 Z3.55 F7200
G1 X-29.407 Y26.819
G1 Z1.55
G1 E2 F2400
;TYPE:Perimeter
;WIDTH:0.472193
G1 F3600
G1 X-29.293 Y26.694 E2.00861
;WIDTH:0.457527
G1 X29.902 Y-32.501 E6.11357
;WIDTH:0.472193
G1 X30.016 Y-32.626 E6.12218
G1 E4.12218 F2400
G92 E0
G1 Z3.55 F7200
G1 X-4.126 Y-32.626
G1 Z1.55
G1 E2 F2400
;WIDTH:0.472189
G1 F3600
G1 X-4.24 Y-32.501 E2.00861
;WIDTH:0.457523
G1 X-56.149 Y19.407 E5.60824
;WIDTH:0.472185
G1 X-56.273 Y19.521 E5.61681
G1 E3.61681 F2400
G92 E0
G1 Z3.55 F7200
G1 X-51.925 Y-32.626
G1 Z1.55
G1 E2 F2400
;WIDTH:0.472193
G1 F1200
G1 X-52.039 Y-32.501 E2.00861
;WIDTH:0.457523
G1 X-56.149 Y-28.392 E2.29359
;WIDTH:0.472189
G1 X-56.273 Y-28.278 E2.30216
G1 E.30216 F2400
G92 E0
G1 Z3.55 F7200
G1 X-45.096 Y-32.626
G1 Z1.55
G1 E2 F2400
G1 F1200
G1 X-45.21 Y-32.501 E2.00861
;WIDTH:0.457527
G1 X-56.149 Y-21.563 E2.76716
;WIDTH:0.472189
G1 X-56.273 Y-21.449 E2.77573
G1 E.77573 F2400
G92 E0
G1 Z3.55 F7200
G1 X-38.268 Y-32.626
G1 Z1.55
G1 E2 F2400
;WIDTH:0.472193
G1 F1200
G1 X-38.382 Y-32.501 E2.00861
;WIDTH:0.457523
G1 X-56.149 Y-14.735 E3.24064
;WIDTH:0.472189
G1 X-56.273 Y-14.621 E3.24921
G1 E1.24921 F2400
G92 E0
G1 Z3.55 F7200
G1 X-31.44 Y-32.626
G1 Z1.55
G1 E2 F2400
;WIDTH:0.472193
G1 F1200
G1 X-31.554 Y-32.501 E2.00861
;WIDTH:0.457523
G1 X-56.149 Y-7.906 E3.71417
;WIDTH:0.472187
G1 X-56.273 Y-7.792 E3.72274
G1 E1.72274 F2400
G92 E0
G1 Z3.55 F7200
G1 X-24.611 Y-32.626
G1 Z1.55
G1 E2 F2400
;WIDTH:0.472193
G1 F3600
G1 X-24.725 Y-32.501 E2.00861
;WIDTH:0.457523
G1 X-56.149 Y-1.078 E4.1877
;WIDTH:0.472187
G1 X-56.273 Y-.964 E4.19627
G1 E2.19627 F2400
G92 E0
G1 Z3.55 F7200
G1 X-17.783 Y-32.626
G1 Z1.55
G1 E2 F2400
;WIDTH:0.472193
G1 F3600
G1 X-17.897 Y-32.501 E2.00861
;WIDTH:0.457523
G1 X-56.149 Y5.751 E4.66122
;WIDTH:0.472187
G1 X-56.273 Y5.865 E4.66979
G1 E2.66979 F2400
G92 E0
G1 Z3.55 F7200
G1 X-10.954 Y-32.626
G1 Z1.55
G1 E2 F2400
;WIDTH:0.472189
G1 F3600
G1 X-11.068 Y-32.501 E2.00861
;WIDTH:0.457523
G1 X-56.149 Y12.579 E5.13475
;WIDTH:0.472187
G1 X-56.273 Y12.693 E5.14332
G1 E3.14332 F2400
G92 E0
G1 Z3.55 F7200
G1 X-49.893 Y26.819
G1 Z1.55
G1 E2 F2400
;WIDTH:0.472193
G1 F3600
G1 X-49.779 Y26.694 E2.00861
;WIDTH:0.457527
G1 X9.417 Y-32.501 E6.11361
;WIDTH:0.472193
G1 X9.531 Y-32.626 E6.12222
G1 E4.12222 F2400
G92 E0
G1 Z3.55 F7200
G1 X2.702 Y-32.626
G1 Z1.55
G1 E2 F2400
;WIDTH:0.472191
G1 F3600
G1 X2.589 Y-32.501 E2.00857
;WIDTH:0.457523
G1 X-56.149 Y26.236 E6.08176
;WIDTH:0.472183
G1 X-56.273 Y26.35 E6.09033
G1 E4.09033 F2400
G92 E0
G1 Z3.55 F7200
G1 X-36.236 Y26.819
G1 Z1.55
G1 E2 F2400
;WIDTH:0.472187
G1 F3600
G1 X-36.122 Y26.694 E2.00861
;WIDTH:0.457525
G1 X23.074 Y-32.501 E6.11359
;WIDTH:0.472193
G1 X23.188 Y-32.626 E6.1222
G1 E4.1222 F2400
G92 E0
G1 Z3.55 F7200
G1 X-43.064 Y26.819
G1 Z1.55
G1 E2 F2400
G1 F3600
G1 X-42.95 Y26.694 E2.00861
;WIDTH:0.457523
G1 X16.245 Y-32.501 E6.11353
;WIDTH:0.472187
G1 X16.359 Y-32.626 E6.12214
G1 E4.12214 F2400
G92 E0
G1 Z3.55 F7200
G1 X-22.579 Y26.819
G1 Z1.55
G1 E2 F2400
;WIDTH:0.472191
G1 F3600
G1 X-22.465 Y26.694 E2.00861
;WIDTH:0.457521
G1 X36.272 Y-32.043 E6.08175
G1 E4.08175 F2400
G92 E0
G1 Z3.55 F7200
G1 X-15.751 Y26.819
G1 Z1.55
G1 E2 F2400
;WIDTH:0.472193
G1 F3600
G1 X-15.637 Y26.694 E2.00861
;WIDTH:0.457527
G1 X36.272 Y-25.215 E5.60831
G1 E3.60831 F2400
G92 E0
G1 Z3.55 F7200
G1 X-8.922 Y26.819
G1 Z1.55
G1 E2 F2400
;WIDTH:0.472191
G1 F3600
G1 X-8.808 Y26.694 E2.00861
;WIDTH:0.457523
G1 X36.272 Y-18.386 E5.13472
G1 E3.13472 F2400
G92 E0
G1 Z3.55 F7200
G1 X32.048 Y26.819
G1 Z1.55
G1 E2 F2400
;WIDTH:0.472193
G1 F1200
G1 X32.162 Y26.694 E2.00861
;WIDTH:0.457523
G1 X36.272 Y22.584 E2.29362
G1 E.29362 F2400
G92 E0
G1 Z3.55 F7200
G1 X18.392 Y26.819
G1 Z1.55
G1 E2 F2400
;WIDTH:0.472193
G1 F1200
G1 X18.506 Y26.694 E2.00861
;WIDTH:0.457523
G1 X36.272 Y8.927 E3.24064
G1 E1.24064 F2400
G92 E0
G1 Z3.55 F7200
G1 X25.22 Y26.819
G1 Z1.55
G1 E2 F2400
;WIDTH:0.472187
G1 F1200
G1 X25.334 Y26.694 E2.00861
;WIDTH:0.457525
G1 X36.272 Y15.756 E2.76712
G1 E.76712 F2400
G92 E0
G1 Z3.55 F7200
G1 X11.563 Y26.819
G1 Z1.55
G1 E2 F2400
;WIDTH:0.472187
G1 F1200
G1 X11.677 Y26.694 E2.00861
;WIDTH:0.457523
G1 X36.272 Y2.099 E3.71417
G1 E1.71417 F2400
G92 E0
G1 Z3.55 F7200
G1 X4.735 Y26.819
G1 Z1.55
G1 E2 F2400
;WIDTH:0.472193
G1 F3600
G1 X4.849 Y26.694 E2.00861
;WIDTH:0.457523
G1 X36.272 Y-4.729 E4.18766
G1 E2.18766 F2400
G92 E0
G1 Z3.55 F7200
G1 X-2.094 Y26.819
G1 Z1.55
G1 E2 F2400
;WIDTH:0.472189
G1 F3600
G1 X-1.98 Y26.694 E2.00861
;WIDTH:0.457523
G1 X36.272 Y-11.558 E4.66122
G1 E2.66122 F2400
G92 E0
G1 Z3.55 F7200
G1 X-43.112 Y27.731
G1 Z1.55
G1 E2 F2400
;WIDTH:0.45
G1 F3600
G1 X-43.22 Y27.515 E2.01162
;WIDTH:0.472193
G1 X-43.064 Y26.819 E2.0479
G1 X-43.637 Y27.376 E2.08855
;WIDTH:0.45
G1 X-44.322 Y28.06 E2.13511
G1 X-44.663 Y28.281 E2.15465
G1 X-45.003 Y28.343 E2.17127
G1 X-49.094 Y28.343 E2.36803
G1 X-49.435 Y28.281 E2.3847
G1 X-49.776 Y28.06 E2.40424
G1 X-50.049 Y27.515 E2.43356
;WIDTH:0.472193
G1 X-49.893 Y26.819 E2.46984
G1 X-50.466 Y27.376 E2.51049
;WIDTH:0.45
G1 X-51.15 Y28.06 E2.55701
G1 X-51.492 Y28.281 E2.57659
G1 X-51.832 Y28.343 E2.59321
G1 X-55.923 Y28.343 E2.78997
G1 X-56.189 Y28.305 E2.80289
G1 X-56.528 Y28.129 E2.82126
G1 X-56.748 Y27.877 E2.83735
G1 X-56.873 Y27.54 E2.85464
G1 X-56.886 Y27.34 E2.86428
G1 X-56.848 Y27.107 E2.87563
G1 X-56.604 Y26.697 E2.89858
;WIDTH:0.472183
G1 X-56.273 Y26.35 E2.92297
G1 X-56.699 Y26.506 E2.94604
;WIDTH:0.45
G1 X-57.173 Y26.454 E2.96897
G1 X-57.481 Y26.266 E2.98633
G1 X-57.677 Y26.017 E3.00157
G1 X-57.797 Y25.661 E3.01964
G1 X-57.797 Y21.46 E3.22169
G1 X-57.734 Y21.118 E3.23842
G1 X-57.515 Y20.779 E3.25783
G1 X-56.83 Y20.094 E3.30442
;WIDTH:0.472185
G1 X-56.273 Y19.521 E3.34507
G1 X-56.969 Y19.677 E3.38135
;WIDTH:0.45
G1 X-57.515 Y19.405 E3.41069
G1 X-57.734 Y19.066 E3.4301
G1 X-57.797 Y18.723 E3.44687
G1 X-57.797 Y14.632 E3.64363
G1 X-57.734 Y14.289 E3.6604
G1 X-57.515 Y13.95 E3.67981
G1 X-56.83 Y13.266 E3.72637
;WIDTH:0.472187
G1 X-56.273 Y12.693 E3.76702
G1 X-56.969 Y12.849 E3.8033
;WIDTH:0.45
G1 X-57.515 Y12.576 E3.83266
G1 X-57.734 Y12.237 E3.85207
G1 X-57.797 Y11.895 E3.8688
G1 X-57.797 Y7.804 E4.06556
G1 X-57.734 Y7.461 E4.08233
G1 X-57.515 Y7.122 E4.10174
G1 X-56.83 Y6.438 E4.1483
;WIDTH:0.472187
G1 X-56.273 Y5.865 E4.18895
G1 X-56.969 Y6.021 E4.22523
;WIDTH:0.45
G1 X-57.515 Y5.748 E4.25459
G1 X-57.734 Y5.409 E4.274
G1 X-57.797 Y5.066 E4.29077
G1 X-57.797 Y.975 E4.48753
G1 X-57.734 Y.632 E4.5043
G1 X-57.515 Y.294 E4.52367
G1 X-56.83 Y-.391 E4.57026
;WIDTH:0.472187
G1 X-56.273 Y-.964 E4.61091
G1 X-56.969 Y-.808 E4.64719
;WIDTH:0.45
G1 X-57.515 Y-1.08 E4.67653
G1 X-57.734 Y-1.419 E4.69594
G1 X-57.797 Y-1.762 E4.71271
G1 X-57.797 Y-5.853 E4.90947
G1 X-57.734 Y-6.196 E4.92624
G1 X-57.515 Y-6.535 E4.94565
G1 X-56.83 Y-7.219 E4.99221
;WIDTH:0.472187
G1 X-56.273 Y-7.792 E5.03286
G1 X-56.969 Y-7.636 E5.06914
;WIDTH:0.45
G1 X-57.515 Y-7.909 E5.0985
G1 X-57.734 Y-8.248 E5.11791
G1 X-57.797 Y-8.591 E5.13468
G1 X-57.797 Y-12.682 E5.33144
G1 X-57.734 Y-13.024 E5.34817
G1 X-57.515 Y-13.363 E5.36758
G1 X-56.83 Y-14.048 E5.41417
;WIDTH:0.472189
G1 X-56.273 Y-14.621 E5.45482
G1 X-56.969 Y-14.465 E5.4911
;WIDTH:0.45
G1 X-57.515 Y-14.737 E5.52044
G1 X-57.734 Y-15.076 E5.53985
G1 X-57.797 Y-15.419 E5.55662
G1 X-57.797 Y-19.51 E5.75338
G1 X-57.734 Y-19.853 E5.77015
G1 X-57.515 Y-20.192 E5.78956
G1 X-56.83 Y-20.876 E5.83612
;WIDTH:0.472189
G1 X-56.273 Y-21.449 E5.87677
G1 X-56.969 Y-21.293 E5.91305
;WIDTH:0.45
G1 X-57.515 Y-21.566 E5.94241
G1 X-57.734 Y-21.905 E5.96182
G1 X-57.797 Y-22.247 E5.97855
G1 X-57.797 Y-26.339 E6.17536
G1 X-57.702 Y-26.755 E6.19588
G1 X-57.515 Y-27.02 E6.21148
G1 X-56.83 Y-27.705 E6.25807
;WIDTH:0.472189
G1 X-56.273 Y-28.278 E6.29872
G1 X-56.969 Y-28.122 E6.335
;WIDTH:0.45
G1 X-57.515 Y-28.394 E6.36434
G1 X-57.734 Y-28.733 E6.38375
G1 X-57.797 Y-29.076 E6.40052
G1 X-57.797 Y-33.186 E6.5982
G1 X-57.729 Y-33.541 E6.61558
G1 X-57.548 Y-33.833 E6.6321
G1 X-57.292 Y-34.033 E6.64772
G1 X-56.931 Y-34.15 E6.66597
G1 X-52.723 Y-34.15 E6.86836
G1 X-52.383 Y-34.088 E6.88498
G1 X-52.042 Y-33.867 E6.90452
G1 X-51.769 Y-33.322 E6.93384
;WIDTH:0.472193
G1 X-51.925 Y-32.626 E6.97012
G1 X-51.352 Y-33.183 E7.01077
;WIDTH:0.45
G1 X-50.668 Y-33.867 E7.05729
G1 X-50.326 Y-34.088 E7.07687
G1 X-49.986 Y-34.15 E7.09349
G1 X-45.895 Y-34.15 E7.29025
G1 X-45.555 Y-34.088 E7.30687
G1 X-45.213 Y-33.867 E7.32645
G1 X-44.94 Y-33.322 E7.35577
;WIDTH:0.472189
G1 X-45.096 Y-32.626 E7.39205
G1 X-44.523 Y-33.183 E7.4327
;WIDTH:0.45
G1 X-43.839 Y-33.867 E7.47922
G1 X-43.498 Y-34.088 E7.49876
G1 X-43.157 Y-34.15 E7.51543
G1 X-39.066 Y-34.15 E7.71219
G1 X-38.726 Y-34.088 E7.72881
G1 X-38.385 Y-33.867 E7.74835
G1 X-38.112 Y-33.322 E7.77767
;WIDTH:0.472193
G1 X-38.268 Y-32.626 E7.81395
G1 X-37.695 Y-33.183 E7.8546
;WIDTH:0.45
G1 X-37.011 Y-33.867 E7.90112
G1 X-36.669 Y-34.088 E7.9207
G1 X-36.329 Y-34.15 E7.93732
G1 X-32.238 Y-34.15 E8.13408
G1 X-31.898 Y-34.088 E8.1507
G1 X-31.556 Y-33.867 E8.17028
G1 X-31.284 Y-33.322 E8.19958
;WIDTH:0.472193
G1 X-31.44 Y-32.626 E8.23586
G1 X-30.867 Y-33.183 E8.27651
;WIDTH:0.45
G1 X-30.182 Y-33.867 E8.32307
G1 X-29.841 Y-34.088 E8.34261
G1 X-29.501 Y-34.15 E8.35923
G1 X-25.41 Y-34.15 E8.55599
G1 X-25.069 Y-34.088 E8.57266
G1 X-24.728 Y-33.867 E8.5922
G1 X-24.455 Y-33.322 E8.62152
;WIDTH:0.472193
G1 X-24.611 Y-32.626 E8.6578
G1 X-24.038 Y-33.183 E8.69845
;WIDTH:0.45
G1 X-23.354 Y-33.867 E8.74497
G1 X-23.012 Y-34.088 E8.76455
G1 X-22.672 Y-34.15 E8.78117
G1 X-18.581 Y-34.15 E8.97793
G1 X-18.241 Y-34.088 E8.99455
G1 X-17.899 Y-33.867 E9.01413
G1 X-17.627 Y-33.322 E9.04343
;WIDTH:0.472193
G1 X-17.783 Y-32.626 E9.07971
G1 X-17.21 Y-33.183 E9.12036
;WIDTH:0.45
G1 X-16.525 Y-33.867 E9.16692
G1 X-16.184 Y-34.088 E9.18646
G1 X-15.844 Y-34.15 E9.20308
G1 X-11.753 Y-34.15 E9.39984
G1 X-11.412 Y-34.088 E9.41651
G1 X-11.071 Y-33.867 E9.43605
G1 X-10.798 Y-33.322 E9.46537
;WIDTH:0.472189
G1 X-10.954 Y-32.626 E9.50165
G1 X-10.381 Y-33.183 E9.5423
;WIDTH:0.45
G1 X-9.697 Y-33.867 E9.58882
G1 X-9.355 Y-34.088 E9.6084
G1 X-9.015 Y-34.15 E9.62502
G1 X-4.924 Y-34.15 E9.82178
G1 X-4.584 Y-34.088 E9.8384
G1 X-4.243 Y-33.867 E9.85794
G1 X-3.97 Y-33.322 E9.88726
;WIDTH:0.472189
G1 X-4.126 Y-32.626 E9.92354
G1 X-3.553 Y-33.183 E9.96419
;WIDTH:0.45
G1 X-2.869 Y-33.867 E10.01071
G1 X-2.527 Y-34.088 E10.03029
G1 X-2.187 Y-34.15 E10.04691
G1 X1.904 Y-34.15 E10.24367
G1 X2.244 Y-34.088 E10.26029
G1 X2.586 Y-33.867 E10.27987
G1 X2.859 Y-33.322 E10.30919
;WIDTH:0.472191
G1 X2.702 Y-32.626 E10.34548
G1 X3.276 Y-33.183 E10.38616
;WIDTH:0.45
G1 X3.96 Y-33.867 E10.43268
G1 X4.301 Y-34.088 E10.45222
G1 X4.642 Y-34.15 E10.46889
G1 X8.733 Y-34.15 E10.66565
G1 X9.073 Y-34.088 E10.68227
G1 X9.414 Y-33.867 E10.70181
G1 X9.687 Y-33.322 E10.73113
;WIDTH:0.472193
G1 X9.531 Y-32.626 E10.76741
G1 X10.104 Y-33.183 E10.80806
;WIDTH:0.45
G1 X10.788 Y-33.867 E10.85458
G1 X11.13 Y-34.088 E10.87416
G1 X11.47 Y-34.15 E10.89078
G1 X15.561 Y-34.15 E11.08754
G1 X15.901 Y-34.088 E11.10416
G1 X16.243 Y-33.867 E11.12374
G1 X16.515 Y-33.322 E11.15304
;WIDTH:0.472187
G1 X16.359 Y-32.626 E11.18932
G1 X16.932 Y-33.183 E11.22997
;WIDTH:0.45
G1 X17.617 Y-33.867 E11.27653
G1 X17.958 Y-34.088 E11.29607
G1 X18.298 Y-34.15 E11.31269
G1 X22.389 Y-34.15 E11.50945
G1 X22.73 Y-34.088 E11.52612
G1 X23.071 Y-33.867 E11.54566
G1 X23.344 Y-33.322 E11.57498
;WIDTH:0.472193
G1 X23.188 Y-32.626 E11.61126
G1 X23.761 Y-33.183 E11.65191
;WIDTH:0.45
G1 X24.445 Y-33.867 E11.69843
G1 X24.787 Y-34.088 E11.71801
G1 X25.127 Y-34.15 E11.73463
G1 X29.218 Y-34.15 E11.93139
G1 X29.558 Y-34.088 E11.94801
G1 X29.9 Y-33.867 E11.96759
G1 X30.172 Y-33.322 E11.99689
;WIDTH:0.472193
G1 X30.016 Y-32.626 E12.03317
G1 X30.589 Y-33.183 E12.07382
;WIDTH:0.45
G1 X31.274 Y-33.867 E12.12038
G1 X31.615 Y-34.088 E12.13992
G1 X31.955 Y-34.15 E12.15654
G1 X36.046 Y-34.15 E12.3533
G1 X36.312 Y-34.113 E12.36622
G1 X36.649 Y-33.939 E12.38446
G1 X36.869 Y-33.688 E12.40051
G1 X36.999 Y-33.331 E12.41878
G1 X37.008 Y-33.125 E12.4287
G1 X36.965 Y-32.893 E12.44005
G1 X36.728 Y-32.504 E12.46196
;WIDTH:0.457521
G1 X36.272 Y-32.043 E12.49376
G1 X36.823 Y-32.313 E12.52385
;WIDTH:0.45
G1 X37.276 Y-32.268 E12.54574
G1 X37.59 Y-32.086 E12.5632
G1 X37.807 Y-31.813 E12.57997
G1 X37.921 Y-31.453 E12.59813
G1 X37.921 Y-27.268 E12.79941
G1 X37.86 Y-26.93 E12.81593
G1 X37.638 Y-26.586 E12.83562
G1 X36.954 Y-25.902 E12.88214
;WIDTH:0.457523
G1 X36.272 Y-25.215 E12.92961
G1 X37.093 Y-25.485 E12.97199
;WIDTH:0.45
G1 X37.638 Y-25.212 E13.00131
G1 X37.86 Y-24.868 E13.021
G1 X37.921 Y-24.53 E13.03752
G1 X37.921 Y-20.439 E13.23428
G1 X37.864 Y-20.113 E13.2502
G1 X37.773 Y-19.927 E13.26016
G1 X36.954 Y-19.073 E13.31707
;WIDTH:0.457523
G1 X36.272 Y-18.386 E13.36454
G1 X37.093 Y-18.656 E13.40692
;WIDTH:0.45
G1 X37.638 Y-18.384 E13.43622
G1 X37.833 Y-18.103 E13.45267
G1 X37.918 Y-17.774 E13.46901
G1 X37.921 Y-13.611 E13.66924
G1 X37.849 Y-13.246 E13.68713
G1 X37.638 Y-12.929 E13.70545
G1 X36.954 Y-12.245 E13.75197
;WIDTH:0.457523
G1 X36.272 Y-11.558 E13.79944
G1 X37.093 Y-11.828 E13.84182
;WIDTH:0.45
G1 X37.638 Y-11.555 E13.87114
G1 X37.849 Y-11.239 E13.88942
G1 X37.921 Y-10.873 E13.90736
G1 X37.921 Y-6.782 E14.10412
G1 X37.864 Y-6.456 E14.12004
G1 X37.773 Y-6.27 E14.13
G1 X36.954 Y-5.416 E14.18691
;WIDTH:0.457523
G1 X36.272 Y-4.729 E14.23438
G1 X37.093 Y-4.999 E14.27676
;WIDTH:0.45
G1 X37.638 Y-4.727 E14.30606
G1 X37.833 Y-4.446 E14.32251
G1 X37.921 Y-4.129 E14.33833
G1 X37.921 Y.046 E14.53913
G1 X37.864 Y.372 E14.55505
G1 X37.773 Y.558 E14.56501
G1 X36.954 Y1.412 E14.62192
;WIDTH:0.457523
G1 X36.272 Y2.099 E14.66939
G1 X37.093 Y1.829 E14.71177
;WIDTH:0.45
G1 X37.638 Y2.102 E14.74109
G1 X37.833 Y2.383 E14.75754
G1 X37.921 Y2.7 E14.77336
G1 X37.921 Y6.874 E14.97411
G1 X37.864 Y7.2 E14.99003
G1 X37.774 Y7.386 E14.99997
G1 X36.954 Y8.24 E15.05691
;WIDTH:0.457523
G1 X36.272 Y8.927 E15.10438
G1 X37.093 Y8.657 E15.14676
;WIDTH:0.45
G1 X37.638 Y8.93 E15.17608
G1 X37.834 Y9.212 E15.1926
G1 X37.921 Y9.578 E15.21069
G1 X37.921 Y13.703 E15.40909
G1 X37.865 Y14.024 E15.42476
G1 X37.775 Y14.212 E15.43478
G1 X36.954 Y15.069 E15.49186
;WIDTH:0.457525
G1 X36.272 Y15.756 E15.53933
G1 X37.093 Y15.486 E15.58171
;WIDTH:0.45
G1 X37.638 Y15.759 E15.61103
G1 X37.835 Y16.044 E15.62769
G1 X37.92 Y16.415 E15.646
G1 X37.921 Y20.531 E15.84397
G1 X37.863 Y20.86 E15.86004
G1 X37.772 Y21.046 E15.87
G1 X36.954 Y21.897 E15.92677
;WIDTH:0.457523
G1 X36.272 Y22.584 E15.97424
G1 X37.093 Y22.314 E16.01662
;WIDTH:0.45
G1 X37.638 Y22.587 E16.04594
G1 X37.832 Y22.865 E16.06224
G1 X37.919 Y23.211 E16.0794
G1 X37.921 Y27.379 E16.27987
G1 X37.847 Y27.749 E16.29802
G1 X37.696 Y27.998 E16.31203
G1 X37.437 Y28.215 E16.32828
G1 X37.059 Y28.343 E16.34747
G1 X32.847 Y28.343 E16.55005
G1 X32.507 Y28.281 E16.56667
G1 X32.165 Y28.06 E16.58625
G1 X31.892 Y27.515 E16.61557
;WIDTH:0.472193
G1 X32.048 Y26.819 E16.65185
G1 X31.475 Y27.376 E16.6925
;WIDTH:0.45
G1 X30.791 Y28.06 E16.73902
G1 X30.45 Y28.281 E16.75856
G1 X30.109 Y28.343 E16.77523
G1 X26.018 Y28.343 E16.97199
G1 X25.678 Y28.281 E16.98861
G1 X25.337 Y28.06 E17.00815
G1 X25.064 Y27.515 E17.03747
;WIDTH:0.472187
G1 X25.22 Y26.819 E17.07375
G1 X24.647 Y27.376 E17.1144
;WIDTH:0.45
G1 X23.963 Y28.06 E17.16092
G1 X23.621 Y28.281 E17.1805
G1 X23.281 Y28.343 E17.19712
G1 X19.19 Y28.343 E17.39388
G1 X18.85 Y28.281 E17.4105
G1 X18.508 Y28.06 E17.43008
G1 X18.236 Y27.515 E17.45938
;WIDTH:0.472193
G1 X18.392 Y26.819 E17.49566
G1 X17.819 Y27.376 E17.53631
;WIDTH:0.45
G1 X17.134 Y28.06 E17.58287
G1 X16.793 Y28.281 E17.60241
G1 X16.453 Y28.343 E17.61903
G1 X12.361 Y28.343 E17.81584
G1 X12.021 Y28.281 E17.83246
G1 X11.68 Y28.06 E17.852
G1 X11.407 Y27.515 E17.88132
;WIDTH:0.472187
G1 X11.563 Y26.819 E17.9176
G1 X10.99 Y27.376 E17.95825
;WIDTH:0.45
G1 X10.306 Y28.06 E18.00477
G1 X9.964 Y28.281 E18.02435
G1 X9.624 Y28.343 E18.04097
G1 X5.533 Y28.343 E18.23773
G1 X5.193 Y28.281 E18.25435
G1 X4.851 Y28.06 E18.27393
G1 X4.579 Y27.515 E18.30323
;WIDTH:0.472193
G1 X4.735 Y26.819 E18.33951
G1 X4.162 Y27.376 E18.38016
;WIDTH:0.45
G1 X3.477 Y28.06 E18.42672
G1 X3.136 Y28.281 E18.44626
G1 X2.796 Y28.343 E18.46288
G1 X-1.295 Y28.343 E18.65964
G1 X-1.636 Y28.281 E18.67631
G1 X-1.977 Y28.06 E18.69585
G1 X-2.25 Y27.515 E18.72517
;WIDTH:0.472189
G1 X-2.094 Y26.819 E18.76145
G1 X-2.667 Y27.376 E18.8021
;WIDTH:0.45
G1 X-3.351 Y28.06 E18.84862
G1 X-3.693 Y28.281 E18.8682
G1 X-4.033 Y28.343 E18.88482
G1 X-8.124 Y28.343 E19.08158
G1 X-8.464 Y28.281 E19.0982
G1 X-8.806 Y28.06 E19.11778
G1 X-9.078 Y27.515 E19.14708
;WIDTH:0.472191
G1 X-8.922 Y26.819 E19.18336
G1 X-9.495 Y27.376 E19.22401
;WIDTH:0.45
G1 X-10.18 Y28.06 E19.27057
G1 X-10.521 Y28.281 E19.29011
G1 X-10.861 Y28.343 E19.30673
G1 X-14.952 Y28.343 E19.50349
G1 X-15.292 Y28.281 E19.52011
G1 X-15.634 Y28.06 E19.53969
G1 X-15.907 Y27.515 E19.56901
;WIDTH:0.472193
G1 X-15.751 Y26.819 E19.60529
G1 X-16.324 Y27.376 E19.64594
;WIDTH:0.45
G1 X-17.008 Y28.06 E19.69246
G1 X-17.349 Y28.281 E19.712
G1 X-17.69 Y28.343 E19.72867
G1 X-21.781 Y28.343 E19.92543
G1 X-22.121 Y28.281 E19.94205
G1 X-22.462 Y28.06 E19.96159
G1 X-22.735 Y27.515 E19.99091
;WIDTH:0.472191
G1 X-22.579 Y26.819 E20.02719
G1 X-23.152 Y27.376 E20.06784
;WIDTH:0.45
G1 X-23.836 Y28.06 E20.11436
G1 X-24.178 Y28.281 E20.13394
G1 X-24.518 Y28.343 E20.15056
G1 X-28.609 Y28.343 E20.34732
G1 X-28.949 Y28.281 E20.36394
G1 X-29.291 Y28.06 E20.38352
G1 X-29.563 Y27.515 E20.41282
;WIDTH:0.472193
G1 X-29.407 Y26.819 E20.4491
G1 X-29.98 Y27.376 E20.48975
;WIDTH:0.45
G1 X-30.665 Y28.06 E20.53631
G1 X-31.006 Y28.281 E20.55585
G1 X-31.346 Y28.343 E20.57247
G1 X-35.438 Y28.343 E20.76928
G1 X-35.778 Y28.281 E20.7859
G1 X-36.119 Y28.06 E20.80544
G1 X-36.392 Y27.515 E20.83476
;WIDTH:0.472187
G1 X-36.236 Y26.819 E20.87104
G1 X-36.809 Y27.376 E20.91169
;WIDTH:0.45
G1 X-37.493 Y28.06 E20.95821
G1 X-37.835 Y28.281 E20.97779
G1 X-38.175 Y28.343 E20.99441
G1 X-42.266 Y28.343 E21.19117
G1 X-42.606 Y28.281 E21.20779
G1 X-42.948 Y28.06 E21.22737
G1 X-43.085 Y27.785 E21.24215
G1 E19.24215 F2400
G92 E0
G1 Z3.55 F7200
G1 X36.564 Y-33.4
G1 Z1.55
G1 E2 F2400
G1 F3600
G1 X36.618 Y-33.273 E2.00664
G1 X36.597 Y-33.01 E2.01933
G1 X36.455 Y-32.777 E2.03245
G1 X-24.109 Y27.788 E6.15197
G1 X-24.403 Y27.957 E6.16828
G1 X-28.609 Y27.957 E6.37057
G1 X-28.858 Y27.901 E6.38285
G1 X-29.018 Y27.788 E6.39227
G1 X-29.182 Y27.46 E6.40991
G1 X-29.079 Y27.03 E6.43118
G1 X30.178 Y-32.226 E10.46173
G1 X31.546 Y-33.595 E10.55481
G1 X31.84 Y-33.764 E10.57112
G1 X36.046 Y-33.764 E10.77341
G1 X36.279 Y-33.715 E10.78486
G1 X36.504 Y-33.539 E10.7986
G1 X36.54 Y-33.456 E10.80295
G1 X36.21 Y-33.252 F7200
;TYPE:External perimeter
G1 F1800
G1 X36.239 Y-33.174 E10.80695
G1 X36.183 Y-33.049 E10.81354
G1 X-24.382 Y27.515 E14.93306
G1 X-24.518 Y27.571 E14.94013
G1 X-28.609 Y27.571 E15.13689
G1 X-28.745 Y27.515 E15.14396
G1 X-28.8 Y27.406 E15.14983
G1 X-28.745 Y27.242 E15.15815
G1 X31.819 Y-33.322 E19.27764
G1 X31.955 Y-33.379 E19.28473
G1 X36.046 Y-33.379 E19.48149
G1 X36.184 Y-33.321 E19.48869
G1 X36.189 Y-33.308 E19.48936
G1 X36.058 Y-32.93 F7200
G1 E17.48936 F2400
G92 E0
G1 Z3.55 F7200
G1 X29.725 Y-33.398
G1 Z1.55
G1 E2 F2400
;TYPE:Perimeter
G1 F3600
G1 X29.791 Y-33.268 E2.00701
G1 X29.688 Y-32.837 E2.02832
G1 X-30.937 Y27.788 E6.15196
G1 X-31.231 Y27.957 E6.16827
G1 X-35.438 Y27.957 E6.37061
G1 X-35.686 Y27.901 E6.38284
G1 X-35.847 Y27.788 E6.3923
G1 X-36.01 Y27.46 E6.40992
G1 X-35.907 Y27.03 E6.43119
G1 X23.349 Y-32.226 E10.46171
G1 X24.718 Y-33.595 E10.55483
G1 X25.012 Y-33.764 E10.57114
G1 X29.218 Y-33.764 E10.77343
G1 X29.466 Y-33.708 E10.78566
G1 X29.627 Y-33.595 E10.79512
G1 X29.698 Y-33.452 E10.8028
G1 X29.386 Y-33.259 F7200
;TYPE:External perimeter
G1 F1800
G1 X29.409 Y-33.213 E10.80527
G1 X29.354 Y-33.049 E10.81359
G1 X-31.21 Y27.515 E14.93308
G1 X-31.346 Y27.571 E14.94015
G1 X-35.438 Y27.571 E15.13696
G1 X-35.574 Y27.515 E15.14403
G1 X-35.628 Y27.406 E15.14988
G1 X-35.574 Y27.242 E15.15818
G1 X24.991 Y-33.322 E19.2777
G1 X25.127 Y-33.379 E19.28479
G1 X29.218 Y-33.379 E19.48155
G1 X29.354 Y-33.322 E19.48864
G1 X29.359 Y-33.312 E19.48918
G1 X29.232 Y-32.933 F7200
G1 E17.48918 F2400
G92 E0
G1 Z3.55 F7200
G1 X-42.773 Y27.591
G1 Z1.55
G1 E2 F2400
;TYPE:Perimeter
G1 F3600
G1 X-42.839 Y27.46 E2.00706
G1 X-42.736 Y27.03 E2.02833
G1 X17.889 Y-33.595 E6.15197
G1 X18.183 Y-33.764 E6.16828
G1 X22.389 Y-33.764 E6.37057
G1 X22.638 Y-33.708 E6.38285
G1 X22.798 Y-33.595 E6.39227
G1 X22.962 Y-33.268 E6.40986
G1 X22.859 Y-32.837 E6.43117
G1 X-37.766 Y27.788 E10.55481
G1 X-38.06 Y27.957 E10.57112
G1 X-42.266 Y27.957 E10.77341
G1 X-42.515 Y27.901 E10.78569
G1 X-42.675 Y27.788 E10.79511
G1 X-42.746 Y27.645 E10.80279
G1 X-42.434 Y27.451 F7200
;TYPE:External perimeter
G1 F1800
G1 X-42.457 Y27.406 E10.80522
G1 X-42.402 Y27.242 E10.81354
G1 X18.162 Y-33.322 E14.93303
G1 X18.298 Y-33.379 E14.94012
G1 X22.389 Y-33.379 E15.13688
G1 X22.526 Y-33.322 E15.14402
G1 X22.58 Y-33.213 E15.14987
G1 X22.526 Y-33.049 E15.15817
G1 X-38.039 Y27.515 E19.27769
G1 X-38.175 Y27.571 E19.28476
G1 X-42.266 Y27.571 E19.48152
G1 X-42.402 Y27.515 E19.48859
G1 X-42.407 Y27.505 E19.48913
G1 X-42.28 Y27.126 F7200
G1 E17.48913 F2400
G92 E0
G1 Z3.55 F7200
G1 X9.24 Y-33.398
G1 Z1.55
G1 E2 F2400
;TYPE:Perimeter
G1 F3600
G1 X9.305 Y-33.268 E2.00699
G1 X9.202 Y-32.837 E2.0283
G1 X-51.423 Y27.788 E6.15194
G1 X-51.717 Y27.957 E6.16825
G1 X-55.923 Y27.957 E6.37054
G1 X-56.157 Y27.907 E6.38205
G1 X-56.382 Y27.73 E6.39582
G1 X-56.493 Y27.476 E6.40915
G1 X-56.478 Y27.215 E6.42172
G1 X-56.332 Y26.97 E6.43544
G1 X4.233 Y-33.595 E10.555
G1 X4.526 Y-33.764 E10.57127
G1 X8.733 Y-33.764 E10.77361
G1 X8.981 Y-33.708 E10.78584
G1 X9.142 Y-33.595 E10.7953
G1 X9.213 Y-33.452 E10.80298
G1 X8.901 Y-33.259 F7200
;TYPE:External perimeter
G1 F1800
G1 X8.923 Y-33.213 E10.80543
G1 X8.869 Y-33.049 E10.81373
G1 X-51.695 Y27.515 E14.93322
G1 X-51.832 Y27.571 E14.94034
G1 X-55.923 Y27.571 E15.1371
G1 X-56.001 Y27.555 E15.14093
G1 X-56.108 Y27.432 E15.14877
G1 X-56.108 Y27.324 E15.15396
G1 X-55.72 Y26.903 E15.1815
G1 X4.505 Y-33.322 E19.27793
G1 X4.642 Y-33.379 E19.28507
G1 X8.733 Y-33.379 E19.48183
G1 X8.869 Y-33.322 E19.48892
G1 X8.874 Y-33.312 E19.48946
G1 X8.747 Y-32.933 F7200
G1 E17.48946 F2400
G92 E0
G1 Z3.55 F7200
G1 X-57.062 Y26.075
G1 Z1.55
G1 E2 F2400
;TYPE:Perimeter
G1 F3600
G1 X-57.274 Y25.926 E2.01246
G1 X-57.412 Y25.655 E2.02709
G1 X-57.412 Y21.46 E2.22885
G1 X-57.355 Y21.21 E2.24118
G1 X-57.242 Y21.051 E2.25056
G1 X-2.596 Y-33.595 E5.96751
G1 X-2.302 Y-33.764 E5.98382
G1 X1.904 Y-33.764 E6.18611
G1 X2.153 Y-33.708 E6.19839
G1 X2.313 Y-33.595 E6.20781
G1 X2.477 Y-33.268 E6.2254
G1 X2.374 Y-32.837 E6.24671
G1 X-56.424 Y25.961 E10.24608
G1 X-56.753 Y26.124 E10.26374
G1 X-57.008 Y26.096 E10.27608
G1 X-56.897 Y25.711 F7200
;TYPE:External perimeter
G1 F1800
G1 X-56.973 Y25.684 E10.27996
G1 X-57.026 Y25.561 E10.2864
G1 X-57.026 Y21.46 E10.48364
G1 X-56.969 Y21.324 E10.49073
G1 X-2.323 Y-33.322 E14.20768
G1 X-2.187 Y-33.379 E14.21477
G1 X1.904 Y-33.379 E14.41153
G1 X2.041 Y-33.322 E14.41867
G1 X2.095 Y-33.213 E14.42452
G1 X2.041 Y-33.049 E14.43282
G1 X-56.697 Y25.688 E18.42807
G1 X-56.806 Y25.742 E18.43392
G1 X-56.841 Y25.73 E18.4357
G1 X-57.026 Y25.376 F7200
G1 E16.4357 F2400
G92 E0
G1 Z3.55 F7200
G1 X-4.417 Y-33.398
G1 Z1.55
G1 E2 F2400
;TYPE:Perimeter
G1 F3600
G1 X-4.352 Y-33.268 E2.00699
G1 X-4.455 Y-32.837 E2.0283
G1 X-56.424 Y19.132 E5.56317
G1 X-56.501 Y19.197 E5.56802
G1 X-56.915 Y19.296 E5.58849
G1 X-57.242 Y19.132 E5.60608
G1 X-57.412 Y18.839 E5.62237
G1 X-57.412 Y14.632 E5.82471
G1 X-57.355 Y14.382 E5.83704
G1 X-57.242 Y14.223 E5.84642
G1 X-9.424 Y-33.595 E9.09894
G1 X-9.13 Y-33.764 E9.11525
G1 X-4.924 Y-33.764 E9.31754
G1 X-4.676 Y-33.708 E9.32977
G1 X-4.515 Y-33.595 E9.33923
G1 X-4.444 Y-33.452 E9.34691
G1 X-4.756 Y-33.259 F7200
;TYPE:External perimeter
G1 F1800
G1 X-4.733 Y-33.213 E9.34938
G1 X-4.788 Y-33.049 E9.3577
G1 X-56.697 Y18.859 E12.88845
G1 X-56.86 Y18.914 E12.89672
G1 X-56.969 Y18.859 E12.90259
G1 X-57.026 Y18.723 E12.90968
G1 X-57.026 Y14.632 E13.10644
G1 X-56.969 Y14.496 E13.11353
G1 X-9.152 Y-33.322 E16.36602
G1 X-9.015 Y-33.379 E16.37316
G1 X-4.924 Y-33.379 E16.56992
G1 X-4.788 Y-33.322 E16.57701
G1 X-4.783 Y-33.312 E16.57755
G1 X-4.91 Y-32.933 F7200
G1 E14.57755 F2400
G92 E0
G1 Z3.55 F7200
G1 X-18.074 Y-33.398
G1 Z1.55
G1 E2 F2400
;TYPE:Perimeter
G1 F3600
G1 X-18.008 Y-33.268 E2.00701
G1 X-18.111 Y-32.837 E2.02832
G1 X-56.501 Y5.54 E4.63912
G1 X-56.915 Y5.639 E4.65959
G1 X-57.242 Y5.475 E4.67718
G1 X-57.412 Y5.182 E4.69347
G1 X-57.412 Y.975 E4.89581
G1 X-57.355 Y.725 E4.90814
G1 X-57.242 Y.566 E4.91752
G1 X-23.081 Y-33.595 E7.24111
G1 X-22.787 Y-33.764 E7.25742
G1 X-18.581 Y-33.764 E7.45971
G1 X-18.332 Y-33.708 E7.47199
G1 X-18.172 Y-33.595 E7.48141
G1 X-18.101 Y-33.452 E7.48909
G1 X-18.413 Y-33.259 F7200
;TYPE:External perimeter
G1 F1800
G1 X-18.39 Y-33.213 E7.49156
G1 X-18.445 Y-33.049 E7.49988
G1 X-56.697 Y5.203 E10.10173
G1 X-56.86 Y5.257 E10.10999
G1 X-57.026 Y5.136 E10.11987
G1 X-57.026 Y.975 E10.32
G1 X-56.969 Y.839 E10.32709
G1 X-22.808 Y-33.322 E12.65068
G1 X-22.672 Y-33.379 E12.65777
G1 X-18.581 Y-33.379 E12.85453
G1 X-18.445 Y-33.322 E12.86162
G1 X-18.44 Y-33.312 E12.86216
G1 X-18.567 Y-32.933 F7200
G1 E10.86216 F2400
G92 E0
G1 Z3.55 F7200
G1 X-24.902 Y-33.398
G1 Z1.55
G1 E2 F2400
;TYPE:Perimeter
G1 F3600
G1 X-24.837 Y-33.268 E2.00699
G1 X-24.94 Y-32.837 E2.0283
G1 X-56.424 Y-1.353 E4.1698
G1 X-56.501 Y-1.289 E4.17462
G1 X-56.915 Y-1.19 E4.19509
G1 X-57.242 Y-1.353 E4.21266
G1 X-57.412 Y-1.646 E4.22895
G1 X-57.412 Y-5.853 E4.43129
G1 X-57.374 Y-6.059 E4.44137
G1 X-57.242 Y-6.262 E4.45302
G1 X-29.91 Y-33.595 E6.31214
G1 X-29.616 Y-33.764 E6.32845
G1 X-25.41 Y-33.764 E6.53074
G1 X-25.161 Y-33.708 E6.54302
G1 X-25.001 Y-33.595 E6.55244
G1 X-24.929 Y-33.452 E6.56014
G1 X-25.241 Y-33.259 F7200
;TYPE:External perimeter
G1 F1800
G1 X-25.219 Y-33.213 E6.56259
G1 X-25.273 Y-33.049 E6.57089
G1 X-56.697 Y-1.626 E8.70828
G1 X-56.86 Y-1.571 E8.71655
G1 X-57.026 Y-1.693 E8.72646
G1 X-57.013 Y-5.922 E8.92986
G1 X-56.285 Y-6.674 E8.9802
G1 X-29.637 Y-33.322 E10.79276
G1 X-29.501 Y-33.379 E10.79985
G1 X-25.41 Y-33.379 E10.99661
G1 X-25.273 Y-33.322 E11.00375
G1 X-25.268 Y-33.312 E11.00429
G1 X-25.395 Y-32.933 F7200
G1 E9.00429 F2400
G92 E0
G1 Z3.55 F7200
G1 X-31.731 Y-33.398
G1 Z1.55
G1 E2 F2400
;TYPE:Perimeter
G1 F3600
G1 X-31.665 Y-33.268 E2.00701
G1 X-31.768 Y-32.837 E2.02832
G1 X-56.424 Y-8.182 E3.70536
G1 X-56.501 Y-8.117 E3.71021
G1 X-56.915 Y-8.018 E3.73068
G1 X-57.242 Y-8.182 E3.74827
G1 X-57.412 Y-8.475 E3.76456
G1 X-57.412 Y-12.682 E3.9669
G1 X-57.355 Y-12.932 E3.97923
G1 X-57.242 Y-13.091 E3.98861
G1 X-36.738 Y-33.595 E5.38327
G1 X-36.444 Y-33.764 E5.39958
G1 X-32.238 Y-33.764 E5.60187
G1 X-31.989 Y-33.708 E5.61415
G1 X-31.829 Y-33.595 E5.62357
G1 X-31.757 Y-33.452 E5.63127
G1 X-32.07 Y-33.259 F7200
;TYPE:External perimeter
G1 F1800
G1 X-32.047 Y-33.213 E5.63374
G1 X-32.102 Y-33.049 E5.64206
G1 X-56.697 Y-8.454 E7.31498
G1 X-56.86 Y-8.4 E7.32324
G1 X-57.026 Y-8.521 E7.33312
G1 X-57.026 Y-12.682 E7.53325
G1 X-56.969 Y-12.818 E7.54034
G1 X-36.465 Y-33.322 E8.935
G1 X-36.329 Y-33.379 E8.94209
G1 X-32.238 Y-33.379 E9.13885
G1 X-32.102 Y-33.322 E9.14594
G1 X-32.097 Y-33.312 E9.14648
G1 X-32.224 Y-32.933 F7200
G1 E7.14648 F2400
G92 E0
G1 Z3.55 F7200
G1 X-38.559 Y-33.398
G1 Z1.55
G1 E2 F2400
;TYPE:Perimeter
G1 F3600
G1 X-38.494 Y-33.268 E2.00699
G1 X-38.597 Y-32.837 E2.0283
G1 X-56.424 Y-15.01 E3.24087
G1 X-56.501 Y-14.946 E3.24569
G1 X-56.915 Y-14.846 E3.26617
G1 X-57.242 Y-15.01 E3.28376
G1 X-57.412 Y-15.303 E3.30005
G1 X-57.412 Y-19.51 E3.50239
G1 X-57.355 Y-19.76 E3.51472
G1 X-57.242 Y-19.919 E3.5241
G1 X-43.566 Y-33.595 E4.45432
G1 X-43.273 Y-33.764 E4.47059
G1 X-39.066 Y-33.764 E4.67293
G1 X-38.818 Y-33.708 E4.68516
G1 X-38.657 Y-33.595 E4.69462
G1 X-38.586 Y-33.452 E4.7023
G1 X-38.898 Y-33.259 F7200
;TYPE:External perimeter
G1 F1800
G1 X-38.875 Y-33.213 E4.70477
G1 X-38.93 Y-33.049 E4.71309
G1 X-56.697 Y-15.283 E5.92155
G1 X-56.86 Y-15.228 E5.92982
G1 X-57.026 Y-15.35 E5.93973
G1 X-57.026 Y-19.51 E6.13981
G1 X-56.969 Y-19.646 E6.1469
G1 X-43.294 Y-33.322 E7.07709
G1 X-43.157 Y-33.379 E7.08423
G1 X-39.066 Y-33.379 E7.28099
G1 X-38.93 Y-33.322 E7.28808
G1 X-38.925 Y-33.312 E7.28862
G1 X-39.052 Y-32.933 F7200
G1 E5.28862 F2400
G92 E0
G1 Z3.55 F7200
G1 X-45.387 Y-33.398
G1 Z1.55
G1 E2 F2400
;TYPE:Perimeter
G1 F1200
G1 X-45.322 Y-33.268 E2.00699
G1 X-45.425 Y-32.837 E2.0283
G1 X-56.424 Y-21.838 E2.77644
G1 X-56.501 Y-21.774 E2.78126
G1 X-56.915 Y-21.675 E2.80173
G1 X-57.242 Y-21.838 E2.8193
G1 X-57.412 Y-22.132 E2.83563
G1 X-57.412 Y-26.339 E3.03797
G1 X-57.319 Y-26.653 E3.05372
G1 X-50.395 Y-33.595 E3.52529
G1 X-50.101 Y-33.764 E3.5416
G1 X-45.895 Y-33.764 E3.74389
G1 X-45.646 Y-33.708 E3.75617
G1 X-45.486 Y-33.595 E3.76559
G1 X-45.414 Y-33.452 E3.77329
G1 X-45.727 Y-33.259 F7200
;TYPE:External perimeter
G1 F1200
G1 X-45.704 Y-33.213 E3.77576
G1 X-45.758 Y-33.049 E3.78406
G1 X-56.697 Y-22.111 E4.52808
G1 X-56.86 Y-22.057 E4.53634
G1 X-57.026 Y-22.178 E4.54622
G1 X-57.026 Y-26.339 E4.74635
G1 X-56.969 Y-26.475 E4.75344
G1 X-50.122 Y-33.322 E5.21916
G1 X-49.986 Y-33.379 E5.22625
G1 X-45.895 Y-33.379 E5.42301
G1 X-45.758 Y-33.322 E5.43015
G1 X-45.754 Y-33.312 E5.43067
G1 X-45.88 Y-32.933 F7200
G1 E3.43067 F2400
G92 E0
G1 Z3.55 F7200
G1 X-52.216 Y-33.398
G1 Z1.55
G1 E2 F2400
;TYPE:Perimeter
G1 F1200
G1 X-52.151 Y-33.268 E2.00699
G1 X-52.254 Y-32.837 E2.0283
G1 X-56.501 Y-28.602 E2.31677
G1 X-56.915 Y-28.503 E2.33724
G1 X-57.242 Y-28.667 E2.35483
G1 X-57.412 Y-28.96 E2.37112
G1 X-57.412 Y-33.186 E2.57438
G1 X-57.34 Y-33.465 E2.58824
G1 X-57.166 Y-33.659 E2.60077
G1 X-56.894 Y-33.764 E2.61479
G1 X-52.723 Y-33.764 E2.8154
G1 X-52.41 Y-33.672 E2.83109
G1 X-52.314 Y-33.595 E2.83701
G1 X-52.243 Y-33.452 E2.84469
G1 X-52.555 Y-33.259 F7200
;TYPE:External perimeter
G1 F1200
G1 X-52.532 Y-33.213 E2.84716
G1 X-52.587 Y-33.049 E2.85548
G1 X-56.697 Y-28.94 E3.135
G1 X-56.86 Y-28.885 E3.14327
G1 X-57.026 Y-29.006 E3.15315
G1 X-57.026 Y-33.186 E3.35419
G1 X-56.961 Y-33.33 E3.36179
G1 X-56.833 Y-33.379 E3.36838
G1 X-52.723 Y-33.379 E3.56606
G1 X-52.587 Y-33.322 E3.57315
G1 X-52.582 Y-33.312 E3.57369
G1 X-52.709 Y-32.933 F7200
G1 E1.57369 F2400
G92 E0
G1 Z3.55 F7200
G1 X-69.983 Y-39.761
G1 Z1.55
G1 E2 F2400
;TYPE:Perimeter
G1 F1200
G1 X-70.278 Y-39.593 E2.01633
G1 X-70.975 Y-39.452 E2.05053
G1 X-71.176 Y-39.452 E2.0602
G1 X-71.734 Y-39.55 E2.08745
G1 X-71.923 Y-39.619 E2.09713
G1 X-72.414 Y-39.902 E2.12439
G1 X-72.568 Y-40.031 E2.13405
G1 X-72.932 Y-40.466 E2.16133
G1 X-73.033 Y-40.64 E2.17101
G1 X-73.227 Y-41.173 E2.19829
G1 X-73.262 Y-41.37 E2.20791
G1 X-73.261 Y-41.937 E2.23518
G1 X-73.179 Y-42.267 E2.25153
G1 X-72.98 Y-42.775 E2.27777
G1 X-72.568 Y-43.276 E2.30897
G1 X-72.167 Y-43.548 E2.33227
G1 X-71.734 Y-43.757 E2.35539
G1 X-71.175 Y-43.856 E2.38269
G1 X-70.975 Y-43.856 E2.39231
G1 X-70.417 Y-43.757 E2.41957
G1 X-70.228 Y-43.688 E2.42925
G1 X-69.737 Y-43.405 E2.45651
G1 X-69.583 Y-43.276 E2.46617
G1 X-69.219 Y-42.842 E2.49341
G1 X-69.118 Y-42.668 E2.50309
G1 X-68.924 Y-42.135 E2.53037
G1 X-68.89 Y-41.937 E2.54003
G1 X-68.89 Y-41.37 E2.5673
G1 X-68.924 Y-41.172 E2.57696
G1 X-69.118 Y-40.64 E2.6042
G1 X-69.219 Y-40.466 E2.61388
G1 X-69.583 Y-40.031 E2.64116
G1 X-69.827 Y-39.851 E2.65574
G1 X-69.931 Y-39.791 E2.66151
G1 X-70.178 Y-40.099 F7200
;TYPE:External perimeter
G1 F1200
G1 X-70.421 Y-39.953 E2.67514
G1 X-71.042 Y-39.831 E2.70558
G1 X-71.667 Y-39.93 E2.73602
G1 X-72.221 Y-40.236 E2.76646
G1 X-72.637 Y-40.714 E2.79694
G1 X-72.864 Y-41.304 E2.82734
G1 X-72.876 Y-41.937 E2.85779
G1 X-72.67 Y-42.536 E2.88826
G1 X-72.272 Y-43.028 E2.9187
G1 X-71.731 Y-43.354 E2.94908
G1 X-71.109 Y-43.476 E2.97957
G1 X-70.484 Y-43.377 E3.01001
G1 X-69.93 Y-43.071 E3.04045
G1 X-69.514 Y-42.594 E3.07089
G1 X-69.287 Y-42.003 E3.10134
G1 X-69.275 Y-41.37 E3.13179
G1 X-69.481 Y-40.772 E3.16221
G1 X-69.879 Y-40.279 E3.19268
G1 X-70.127 Y-40.13 E3.2066
G1 X-70.486 Y-39.954 F7200
G1 E1.2066 F2400
G92 E0
G1 Z3.55 F7200
G1 X-11.245 Y-33.398
G1 Z1.55
G1 E2 F2400
;TYPE:Perimeter
G1 F3600
G1 X-11.18 Y-33.268 E2.00699
G1 X-11.283 Y-32.837 E2.0283
G1 X-56.424 Y12.304 E5.09873
G1 X-56.501 Y12.368 E5.10355
G1 X-56.915 Y12.467 E5.12402
G1 X-57.242 Y12.304 E5.14159
G1 X-57.412 Y12.011 E5.15788
G1 X-57.412 Y7.804 E5.36022
G1 X-57.355 Y7.554 E5.37255
G1 X-57.242 Y7.395 E5.38193
G1 X-16.253 Y-33.595 E8.16998
G1 X-16.157 Y-33.672 E8.1759
G1 X-15.899 Y-33.764 E8.18907
G1 X-11.753 Y-33.764 E8.38848
G1 X-11.504 Y-33.708 E8.40076
G1 X-11.344 Y-33.595 E8.41018
G1 X-11.272 Y-33.452 E8.41788
G1 X-11.585 Y-33.259 F7200
;TYPE:External perimeter
G1 F1800
G1 X-11.562 Y-33.213 E8.42035
G1 X-11.616 Y-33.049 E8.42865
G1 X-56.697 Y12.031 E11.49497
G1 X-56.86 Y12.086 E11.50324
G1 X-57.026 Y11.964 E11.51315
G1 X-57.026 Y7.804 E11.71323
G1 X-56.969 Y7.667 E11.72037
G1 X-15.98 Y-33.322 E14.50839
G1 X-15.844 Y-33.379 E14.51548
G1 X-11.753 Y-33.379 E14.71224
G1 X-11.616 Y-33.322 E14.71938
G1 X-11.611 Y-33.312 E14.71992
G1 X-11.738 Y-32.933 F7200
G1 E12.71992 F2400
G92 E0
G1 Z3.55 F7200
G1 X16.068 Y-33.398
G1 Z1.55
G1 E2 F2400
;TYPE:Perimeter
G1 F3600
G1 X16.134 Y-33.268 E2.00701
G1 X16.031 Y-32.837 E2.02832
G1 X-44.594 Y27.788 E6.15196
G1 X-44.888 Y27.957 E6.16827
G1 X-49.094 Y27.957 E6.37056
G1 X-49.343 Y27.901 E6.38284
G1 X-49.503 Y27.788 E6.39226
G1 X-49.667 Y27.46 E6.4099
G1 X-49.564 Y27.03 E6.43117
G1 X11.061 Y-33.595 E10.55481
G1 X11.355 Y-33.764 E10.57112
G1 X15.561 Y-33.764 E10.77341
G1 X15.81 Y-33.708 E10.78569
G1 X15.97 Y-33.595 E10.79511
G1 X16.042 Y-33.452 E10.80281
G1 X15.729 Y-33.259 F7200
;TYPE:External perimeter
G1 F1800
G1 X15.752 Y-33.213 E10.80528
G1 X15.697 Y-33.049 E10.8136
G1 X-44.867 Y27.515 E14.93309
G1 X-45.003 Y27.571 E14.94016
G1 X-49.094 Y27.571 E15.13692
G1 X-49.231 Y27.515 E15.14404
G1 X-49.285 Y27.406 E15.14989
G1 X-49.231 Y27.242 E15.15819
G1 X11.334 Y-33.322 E19.27771
G1 X11.47 Y-33.379 E19.2848
G1 X15.561 Y-33.379 E19.48156
G1 X15.697 Y-33.322 E19.48865
G1 X15.702 Y-33.312 E19.48919
G1 X15.575 Y-32.933 F7200
G1 E17.48919 F2400
G92 E0
G1 Z3.55 F7200
G1 X61.231 Y8.368
G1 Z1.55
G1 E2 F2400
;TYPE:Perimeter
G1 F3600
G1 X61.208 Y8.449 E2.00405
G1 X60.974 Y8.916 E2.02917
G1 X60.663 Y9.334 E2.05423
G1 X60.284 Y9.693 E2.07934
G1 X59.848 Y9.98 E2.10445
G1 X59.369 Y10.187 E2.12955
G1 X58.861 Y10.308 E2.15467
G1 X58.426 Y10.343 E2.17566
G1 X51.623 Y10.343 E2.50286
G1 X51.092 Y10.295 E2.5285
G1 X50.602 Y10.163 E2.55291
G1 X50.139 Y9.948 E2.57746
G1 X49.727 Y9.665 E2.6015
G1 X49.353 Y9.299 E2.62667
G1 X49.03 Y8.845 E2.65347
G1 X48.784 Y8.291 E2.68262
G1 X48.663 Y7.783 E2.70774
G1 X48.628 Y6.874 E2.75149
G1 X48.628 Y-8.655 E3.49838
G1 X48.692 Y-9.256 E3.52745
G1 X48.841 Y-9.756 E3.55254
G1 X49.065 Y-10.208 E3.5768
G1 X49.386 Y-10.642 E3.60276
G1 X49.765 Y-11 E3.62784
G1 X50.192 Y-11.283 E3.65248
G1 X50.68 Y-11.495 E3.67807
G1 X51.188 Y-11.615 E3.70318
G1 X52.108 Y-11.65 E3.74746
G1 X58.426 Y-11.65 E4.05133
G1 X58.947 Y-11.604 E4.07649
G1 X59.548 Y-11.427 E4.10662
G1 X59.994 Y-11.203 E4.13062
G1 X60.42 Y-10.885 E4.15619
G1 X60.784 Y-10.494 E4.18188
G1 X61.058 Y-10.077 E4.20588
G1 X61.265 Y-9.598 E4.23098
G1 X61.386 Y-9.091 E4.25605
G1 X61.421 Y-8.655 E4.27709
G1 X61.421 Y7.348 E5.04678
G1 X61.375 Y7.866 E5.07179
G1 X61.248 Y8.31 E5.094
G1 X60.872 Y8.237 F7200
G1 F3600
G1 X60.858 Y8.286 E5.09645
G1 X60.658 Y8.694 E5.1183
G1 X60.39 Y9.062 E5.1402
G1 X60.063 Y9.377 E5.16204
G1 X59.685 Y9.631 E5.18394
G1 X59.269 Y9.815 E5.20582
G1 X58.828 Y9.924 E5.22767
G1 X58.426 Y9.957 E5.24707
G1 X51.623 Y9.957 E5.57427
G1 X51.122 Y9.907 E5.59849
G1 X50.685 Y9.78 E5.62038
G1 X50.277 Y9.58 E5.64223
G1 X49.909 Y9.312 E5.66413
G1 X49.594 Y8.985 E5.68597
G1 X49.34 Y8.607 E5.70787
G1 X49.128 Y8.086 E5.73492
G1 X49.045 Y7.734 E5.75231
G1 X49.014 Y6.874 E5.7937
G1 X49.014 Y-8.655 E6.54059
G1 X49.064 Y-9.156 E6.56481
G1 X49.205 Y-9.624 E6.58832
G1 X49.391 Y-10.002 E6.60858
G1 X49.659 Y-10.369 E6.63044
G1 X49.986 Y-10.684 E6.65228
G1 X50.364 Y-10.938 E6.67418
G1 X50.78 Y-11.122 E6.69606
G1 X51.221 Y-11.231 E6.71791
G1 X52.108 Y-11.264 E6.7606
G1 X58.426 Y-11.264 E7.06447
G1 X58.933 Y-11.212 E7.08898
G1 X59.385 Y-11.078 E7.11165
G1 X59.772 Y-10.887 E7.13241
G1 X60.144 Y-10.615 E7.15457
G1 X60.469 Y-10.273 E7.17726
G1 X60.709 Y-9.914 E7.19803
G1 X60.893 Y-9.498 E7.21991
G1 X61.002 Y-9.057 E7.24176
G1 X61.035 Y-8.655 E7.26116
G1 X61.035 Y7.348 E8.03085
G1 X60.985 Y7.849 E8.05507
G1 X60.889 Y8.18 E8.07165
G1 X60.513 Y8.107 F7200
;TYPE:External perimeter
G1 F1800
G1 X60.509 Y8.123 E8.07244
G1 X60.342 Y8.473 E8.09109
G1 X60.118 Y8.789 E8.10972
G1 X59.841 Y9.061 E8.12839
G1 X59.522 Y9.281 E8.14703
G1 X59.169 Y9.442 E8.16569
G1 X58.794 Y9.54 E8.18433
G1 X58.426 Y9.571 E8.20209
G1 X51.623 Y9.571 E8.52929
G1 X51.222 Y9.534 E8.54866
G1 X50.848 Y9.431 E8.56732
G1 X50.498 Y9.264 E8.58597
G1 X50.182 Y9.04 E8.6046
G1 X49.91 Y8.763 E8.62327
G1 X49.69 Y8.444 E8.64191
G1 X49.5 Y7.986 E8.66576
G1 X49.43 Y7.7 E8.67992
G1 X49.399 Y6.874 E8.71968
G1 X49.399 Y-8.655 E9.46657
G1 X49.488 Y-9.249 E9.49546
G1 X49.69 Y-9.751 E9.52149
G1 X49.931 Y-10.096 E9.54173
G1 X50.208 Y-10.368 E9.5604
G1 X50.527 Y-10.588 E9.57904
G1 X50.879 Y-10.75 E9.59768
G1 X51.255 Y-10.847 E9.61636
G1 X52.108 Y-10.879 E9.65742
G1 X58.426 Y-10.879 E9.96129
G1 X58.829 Y-10.841 E9.98076
G1 X59.222 Y-10.728 E10.00043
G1 X59.551 Y-10.572 E10.01794
G1 X59.869 Y-10.345 E10.03673
G1 X60.153 Y-10.051 E10.05639
G1 X60.359 Y-9.751 E10.07389
G1 X60.52 Y-9.399 E10.09251
G1 X60.618 Y-9.023 E10.1112
G1 X60.649 Y-8.655 E10.12896
G1 X60.649 Y7.348 E10.89865
G1 X60.612 Y7.749 E10.91802
G1 X60.529 Y8.049 E10.93299
G1 X60.368 Y8.415 F7200
G1 E8.93299 F2400
G92 E0
G1 Z3.55 F7200
G1 X37.171 Y9.105
G1 Z1.55
G1 E2 F2400
;TYPE:Perimeter
G1 F3600
G1 X37.366 Y9.203 E2.0105
G1 X37.535 Y9.488 E2.02644
G1 X37.535 Y10.87 E2.09291
G1 X37.535 Y13.703 E2.22917
G1 X37.484 Y13.941 E2.24088
G1 X37.366 Y14.112 E2.25087
G1 X23.69 Y27.788 E3.18109
G1 X23.396 Y27.957 E3.1974
G1 X19.19 Y27.957 E3.39969
G1 X18.941 Y27.901 E3.41197
G1 X18.781 Y27.788 E3.42139
G1 X18.617 Y27.46 E3.43903
G1 X18.72 Y27.03 E3.4603
G1 X36.548 Y9.203 E4.6729
G1 X37.038 Y9.039 E4.69775
G1 X37.117 Y9.078 E4.70199
G1 X37.03 Y9.456 F7200
;TYPE:External perimeter
G1 F1800
G1 X37.149 Y9.545 E4.70914
G1 X37.149 Y10.87 E4.77287
G1 X37.149 Y13.703 E4.90913
G1 X37.093 Y13.839 E4.9162
G1 X23.417 Y27.515 E5.84642
G1 X23.281 Y27.571 E5.85349
G1 X19.19 Y27.571 E6.05025
G1 X19.054 Y27.515 E6.05732
G1 X18.999 Y27.406 E6.06319
G1 X19.054 Y27.242 E6.07151
G1 X36.82 Y9.475 E7.27997
G1 X36.982 Y9.422 E7.28817
G1 X37.145 Y9.787 F7200
G1 E5.28817 F2400
G92 E0
G1 Z3.55 F7200
G1 X37.171 Y22.762
G1 Z1.55
G1 E2 F2400
;TYPE:Perimeter
G1 F1200
G1 X37.366 Y22.86 E2.0105
G1 X37.511 Y23.103 E2.02411
G1 X37.535 Y24.045 E2.06943
G1 X37.535 Y27.379 E2.22978
G1 X37.467 Y27.651 E2.24326
G1 X37.304 Y27.841 E2.2553
G1 X37.021 Y27.957 E2.27001
G1 X32.847 Y27.957 E2.47076
G1 X32.598 Y27.901 E2.48304
G1 X32.438 Y27.788 E2.49246
G1 X32.274 Y27.46 E2.5101
G1 X32.377 Y27.03 E2.53137
G1 X36.548 Y22.86 E2.81504
G1 X37.038 Y22.696 E2.83989
G1 X37.117 Y22.735 E2.84413
G1 X37.033 Y23.114 F7200
;TYPE:External perimeter
G1 F1200
G1 X37.132 Y23.188 E2.85007
G1 X37.149 Y24.045 E2.8913
G1 X37.149 Y27.379 E3.05165
G1 X37.09 Y27.518 E3.05891
G1 X36.957 Y27.571 E3.0658
G1 X32.847 Y27.571 E3.26348
G1 X32.71 Y27.515 E3.2706
G1 X32.656 Y27.406 E3.27645
G1 X32.71 Y27.242 E3.28475
G1 X36.82 Y23.132 E3.56431
G1 X36.984 Y23.078 E3.57261
G1 X37.131 Y23.45 F7200
G1 E1.57261 F2400
G92 E0
G1 Z3.55 F7200
G1 X37.171 Y15.934
G1 Z1.55
G1 E2 F2400
;TYPE:Perimeter
G1 F1200
G1 X37.366 Y16.031 E2.01048
G1 X37.512 Y16.279 E2.02432
G1 X37.535 Y17.122 E2.06488
G1 X37.535 Y20.531 E2.22884
G1 X37.482 Y20.773 E2.24076
G1 X37.366 Y20.94 E2.25054
G1 X30.518 Y27.788 E2.71633
G1 X30.224 Y27.957 E2.73264
G1 X26.018 Y27.957 E2.93493
G1 X25.77 Y27.901 E2.94716
G1 X25.609 Y27.788 E2.95662
G1 X25.446 Y27.46 E2.97424
G1 X25.549 Y27.03 E2.99551
G1 X36.548 Y16.031 E3.74365
G1 X37.038 Y15.868 E3.76849
G1 X37.117 Y15.907 E3.77273
G1 X37.033 Y16.286 F7200
;TYPE:External perimeter
G1 F1200
G1 X37.132 Y16.361 E3.7787
G1 X37.149 Y17.122 E3.81531
G1 X37.149 Y20.531 E3.97927
G1 X37.093 Y20.668 E3.98639
G1 X30.246 Y27.515 E4.45211
G1 X30.128 Y27.571 E4.45839
G1 X26.018 Y27.571 E4.65607
G1 X25.882 Y27.515 E4.66314
G1 X25.827 Y27.406 E4.66901
G1 X25.882 Y27.242 E4.67733
G1 X36.82 Y16.304 E5.42132
G1 X36.984 Y16.249 E5.42964
G1 X37.132 Y16.621 F7200
G1 E3.42964 F2400
G92 E0
G1 Z3.55 F7200
G1 X11.854 Y27.591
G1 Z1.55
G1 E2 F2400
;TYPE:Perimeter
G1 F3600
G1 X11.789 Y27.46 E2.00703
G1 X11.892 Y27.03 E2.0283
G1 X36.548 Y2.374 E3.70537
G1 X37.038 Y2.211 E3.73021
G1 X37.366 Y2.374 E3.74783
G1 X37.535 Y2.659 E3.76377
G1 X37.535 Y6.874 E3.9665
G1 X37.483 Y7.114 E3.97831
G1 X37.366 Y7.283 E3.9882
G1 X16.862 Y27.788 E5.38289
G1 X16.568 Y27.957 E5.3992
G1 X12.361 Y27.957 E5.60154
G1 X12.113 Y27.901 E5.61377
G1 X11.952 Y27.788 E5.62323
G1 X11.881 Y27.645 E5.63091
G1 X12.193 Y27.451 F7200
;TYPE:External perimeter
G1 F1800
G1 X12.171 Y27.406 E5.63332
G1 X12.205 Y27.262 E5.64044
G1 X36.82 Y2.647 E7.31472
G1 X36.984 Y2.593 E7.32302
G1 X37.149 Y2.716 E7.33292
G1 X37.149 Y6.874 E7.53291
G1 X37.093 Y7.011 E7.54003
G1 X16.589 Y27.515 E8.93469
G1 X16.453 Y27.571 E8.94176
G1 X12.361 Y27.571 E9.13857
G1 X12.225 Y27.515 E9.14564
G1 X12.22 Y27.505 E9.14618
G1 X12.346 Y27.125 F7200
G1 E7.14618 F2400
G92 E0
G1 Z3.55 F7200
G1 X5.026 Y27.591
G1 Z1.55
G1 E2 F2400
;TYPE:Perimeter
G1 F3600
G1 X4.96 Y27.46 E2.00706
G1 X5.063 Y27.03 E2.02833
G1 X36.548 Y-4.454 E4.16987
G1 X37.038 Y-4.618 E4.19472
G1 X37.366 Y-4.454 E4.21236
G1 X37.535 Y-4.169 E4.2283
G1 X37.535 Y.046 E4.43103
G1 X37.483 Y.287 E4.44289
G1 X37.366 Y.455 E4.45274
G1 X10.033 Y27.788 E6.3119
G1 X9.739 Y27.957 E6.32821
G1 X5.533 Y27.957 E6.5305
G1 X5.284 Y27.901 E6.54278
G1 X5.124 Y27.788 E6.5522
G1 X5.053 Y27.645 E6.55988
G1 X5.365 Y27.451 F7200
;TYPE:External perimeter
G1 F1800
G1 X5.342 Y27.406 E6.56231
G1 X5.397 Y27.242 E6.57063
G1 X36.82 Y-4.181 E8.70798
G1 X36.984 Y-4.236 E8.7163
G1 X37.149 Y-4.112 E8.72623
G1 X37.149 Y.046 E8.92622
G1 X37.093 Y.182 E8.93329
G1 X9.76 Y27.515 E10.79245
G1 X9.624 Y27.571 E10.79952
G1 X5.533 Y27.571 E10.99628
G1 X5.397 Y27.515 E11.00335
G1 X5.392 Y27.505 E11.00389
G1 X5.519 Y27.126 F7200
G1 E9.00389 F2400
G92 E0
G1 Z3.55 F7200
G1 X64.545 Y33.694
G1 Z1.55
G1 E2 F2400
;TYPE:Perimeter
G1 F1200
G1 X64.824 Y33.644 E2.01363
G1 X65.025 Y33.644 E2.0233
G1 X65.583 Y33.743 E2.05056
G1 X65.772 Y33.812 E2.06024
G1 X66.263 Y34.095 E2.0875
G1 X66.417 Y34.224 E2.09716
G1 X66.781 Y34.658 E2.1244
G1 X66.882 Y34.832 E2.13408
G1 X67.076 Y35.365 E2.16136
G1 X67.11 Y35.563 E2.17102
G1 X67.11 Y36.13 E2.19829
G1 X67.016 Y36.492 E2.21628
G1 X66.79 Y37.023 E2.24404
G1 X66.417 Y37.469 E2.272
G1 X66.015 Y37.741 E2.29534
G1 X65.583 Y37.95 E2.31842
G1 X65.024 Y38.048 E2.34572
G1 X64.824 Y38.048 E2.35534
G1 X64.266 Y37.95 E2.38259
G1 X64.077 Y37.881 E2.39227
G1 X63.586 Y37.598 E2.41953
G1 X63.432 Y37.469 E2.42919
G1 X63.068 Y37.034 E2.45647
G1 X62.967 Y36.86 E2.46615
G1 X62.773 Y36.327 E2.49343
G1 X62.738 Y36.13 E2.50305
G1 X62.739 Y35.563 E2.53032
G1 X62.773 Y35.365 E2.53998
G1 X62.967 Y34.832 E2.56726
G1 X63.068 Y34.658 E2.57694
G1 X63.432 Y34.224 E2.60418
G1 X63.586 Y34.095 E2.61384
G1 X64.077 Y33.812 E2.6411
G1 X64.266 Y33.743 E2.65078
G1 X64.486 Y33.704 E2.66153
G1 X64.613 Y34.079 F7200
;TYPE:External perimeter
G1 F1200
G1 X64.891 Y34.024 E2.67516
G1 X65.516 Y34.123 E2.7056
G1 X66.07 Y34.429 E2.73604
G1 X66.486 Y34.906 E2.76648
G1 X66.713 Y35.497 E2.79693
G1 X66.725 Y36.13 E2.82738
G1 X66.557 Y36.626 E2.85257
G1 X66.422 Y36.863 E2.86569
G1 X66.089 Y37.251 E2.89028
G1 X65.58 Y37.547 E2.9186
G1 X64.958 Y37.669 E2.94909
G1 X64.333 Y37.57 E2.97953
G1 X63.779 Y37.264 E3.00997
G1 X63.363 Y36.786 E3.04045
G1 X63.136 Y36.196 E3.07085
G1 X63.124 Y35.563 E3.1013
G1 X63.33 Y34.964 E3.13177
G1 X63.728 Y34.472 E3.16221
G1 X64.27 Y34.145 E3.19266
G1 X64.554 Y34.09 E3.20657
G1 X64.952 Y34.048 F7200
G1 E1.20657 F2400
G92 E0
G1 Z3.55 F7200
G1 X63.018 Y-40.553
G1 Z1.55
G1 E2 F2400
;TYPE:Perimeter
G1 F1200
G1 X62.967 Y-40.64 E2.00485
G1 X62.773 Y-41.173 E2.03213
G1 X62.738 Y-41.37 E2.04175
G1 X62.739 Y-41.937 E2.06902
G1 X62.773 Y-42.135 E2.07868
G1 X62.967 Y-42.668 E2.10596
G1 X63.068 Y-42.842 E2.11564
G1 X63.432 Y-43.276 E2.14288
G1 X63.586 Y-43.405 E2.15254
G1 X64.077 Y-43.688 E2.1798
G1 X64.266 Y-43.757 E2.18948
G1 X64.825 Y-43.856 E2.21678
G1 X65.291 Y-43.809 E2.23931
G1 X65.772 Y-43.688 E2.26317
G1 X66.263 Y-43.405 E2.29043
G1 X66.564 Y-43.101 E2.31101
G1 X66.88 Y-42.672 E2.33664
G1 X67.076 Y-42.135 E2.36413
G1 X67.11 Y-41.937 E2.37379
G1 X67.11 Y-41.37 E2.40106
G1 X67.076 Y-41.172 E2.41072
G1 X66.882 Y-40.64 E2.43796
G1 X66.781 Y-40.466 E2.44764
G1 X66.417 Y-40.031 E2.47492
G1 X66.263 Y-39.902 E2.48458
G1 X65.772 Y-39.619 E2.51184
G1 X65.583 Y-39.55 E2.52152
G1 X65.025 Y-39.452 E2.54877
G1 X64.824 Y-39.452 E2.55844
G1 X64.266 Y-39.55 E2.58569
G1 X64.077 Y-39.619 E2.59537
G1 X63.586 Y-39.902 E2.62263
G1 X63.432 Y-40.031 E2.63229
G1 X63.068 Y-40.466 E2.65957
G1 X63.048 Y-40.501 E2.66151
G1 X63.351 Y-40.746 F7200
;TYPE:External perimeter
G1 F1200
G1 X63.136 Y-41.304 E2.69027
G1 X63.124 Y-41.937 E2.72072
G1 X63.33 Y-42.536 E2.75119
G1 X63.728 Y-43.028 E2.78163
G1 X64.27 Y-43.355 E2.81208
G1 X64.891 Y-43.476 E2.84251
G1 X65.516 Y-43.377 E2.87295
G1 X66.032 Y-43.093 E2.90128
G1 X66.422 Y-42.67 E2.92895
G1 X66.557 Y-42.433 E2.94207
G1 X66.725 Y-41.937 E2.96726
G1 X66.725 Y-41.37 E2.99453
G1 X66.519 Y-40.772 E3.02495
G1 X66.121 Y-40.279 E3.05542
G1 X65.579 Y-39.953 E3.08584
G1 X64.958 Y-39.831 E3.11628
G1 X64.333 Y-39.93 E3.14672
G1 X63.779 Y-40.236 E3.17716
G1 X63.38 Y-40.694 E3.20638
G1 X63.229 Y-41.065 F7200
G1 E1.20638 F2400
G92 E0
G1 Z3.55 F7200
G1 X-71.455 Y33.694
G1 Z1.55
G1 E2 F2400
;TYPE:Perimeter
G1 F1200
G1 X-71.176 Y33.644 E2.01363
G1 X-70.975 Y33.644 E2.0233
G1 X-70.417 Y33.743 E2.05056
G1 X-70.228 Y33.812 E2.06024
G1 X-69.737 Y34.095 E2.0875
G1 X-69.583 Y34.224 E2.09716
G1 X-69.219 Y34.658 E2.1244
G1 X-69.118 Y34.832 E2.13408
G1 X-68.924 Y35.365 E2.16136
G1 X-68.89 Y35.563 E2.17102
G1 X-68.89 Y36.13 E2.19829
G1 X-68.924 Y36.328 E2.20795
G1 X-69.118 Y36.861 E2.23523
G1 X-69.219 Y37.035 E2.24491
G1 X-69.583 Y37.469 E2.27215
G1 X-69.737 Y37.598 E2.28181
G1 X-70.228 Y37.881 E2.30907
G1 X-70.417 Y37.95 E2.31875
G1 X-70.976 Y38.048 E2.34605
G1 X-71.476 Y37.996 E2.37023
G1 X-71.924 Y37.881 E2.39248
G1 X-72.414 Y37.598 E2.4197
G1 X-72.691 Y37.322 E2.43851
G1 X-72.991 Y36.95 E2.4615
G1 X-73.227 Y36.327 E2.49354
G1 X-73.262 Y36.13 E2.50316
G1 X-73.261 Y35.563 E2.53043
G1 X-73.227 Y35.365 E2.54009
G1 X-73.033 Y34.832 E2.56737
G1 X-72.932 Y34.658 E2.57705
G1 X-72.568 Y34.224 E2.60429
G1 X-72.414 Y34.095 E2.61395
G1 X-71.923 Y33.812 E2.64121
G1 X-71.734 Y33.743 E2.65089
G1 X-71.514 Y33.704 E2.66164
G1 X-71.387 Y34.079 F7200
;TYPE:External perimeter
G1 F1200
G1 X-71.109 Y34.024 E2.67527
G1 X-70.484 Y34.123 E2.70571
G1 X-69.879 Y34.472 E2.7393
G1 X-69.512 Y34.909 E2.76675
G1 X-69.287 Y35.497 E2.79703
G1 X-69.275 Y36.13 E2.82748
G1 X-69.481 Y36.729 E2.85795
G1 X-69.879 Y37.221 E2.88839
G1 X-70.421 Y37.547 E2.91881
G1 X-71.042 Y37.669 E2.94925
G1 X-71.667 Y37.57 E2.97969
G1 X-72.221 Y37.264 E3.01013
G1 X-72.573 Y36.863 E3.03579
G1 X-72.708 Y36.626 E3.04891
G1 X-72.876 Y36.13 E3.0741
G1 X-72.876 Y35.563 E3.10137
G1 X-72.67 Y34.964 E3.13184
G1 X-72.272 Y34.472 E3.16228
G1 X-71.73 Y34.145 E3.19273
G1 X-71.446 Y34.09 E3.20664
G1 X-71.048 Y34.048 F7200
G1 E1.20664 F2400
G92 E0
G1 Z3.55 F7200
G1 X67.462 Y35.563
G1 Z1.55
G1 E2 F2400
;TYPE:Perimeter
;WIDTH:0.382207
G1 F1200
G1 X67.462 Y36.13 E2.02248
;WIDTH:0.430283
G1 X67.427 Y36.38 E2.034
;WIDTH:0.478361
G1 X67.391 Y36.629 E2.04699
;WIDTH:0.503627
G1 X67.3 Y36.895 E2.06239
;WIDTH:0.528893
G1 X67.209 Y37.161 E2.07868
;WIDTH:0.556275
G1 X67.048 Y37.387 E2.0957
;WIDTH:0.583657
G1 X66.886 Y37.613 E2.11371
G1 X66.582 Y37.909 E2.14119
;WIDTH:0.552191
G1 X65.98 Y38.239 E2.18296
;WIDTH:0.506989
G1 X65.815 Y38.285 E2.19242
;WIDTH:0.479395
G1 X65.65 Y38.331 E2.20129
;WIDTH:0.451801
G1 X65.368 Y38.36 E2.21499
;WIDTH:0.411626
G1 X65.085 Y38.389 E2.22731
;WIDTH:0.371455
G1 X64.764 Y38.389 E2.2396
G1 E.2396 F2400
G92 E0
G1 Z3.55 F7200
G1 X67.433 Y35.235
G1 Z1.55
G1 E2 F2400
;WIDTH:0.45
G1 F3600
G1 X67.244 Y34.701 E2.02724
G1 X67.077 Y34.411 E2.04334
G1 X66.712 Y33.976 E2.07065
G1 X66.456 Y33.761 E2.08673
G1 X65.965 Y33.478 E2.11399
G1 X65.65 Y33.363 E2.13012
G1 X65.092 Y33.265 E2.15737
G1 X64.757 Y33.265 E2.17348
G1 X64.199 Y33.363 E2.20073
G1 X63.884 Y33.478 E2.21686
G1 X63.393 Y33.761 E2.24412
G1 X63.137 Y33.976 E2.2602
G1 X62.772 Y34.411 E2.28751
G1 X62.605 Y34.701 E2.30361
G1 X62.411 Y35.233 E2.33085
G1 X62.353 Y35.563 E2.34697
G1 X62.353 Y36.13 E2.37424
G1 X62.411 Y36.459 E2.39031
G1 X62.605 Y36.992 E2.41759
G1 X62.772 Y37.282 E2.43369
G1 X63.137 Y37.717 E2.461
G1 X63.393 Y37.932 E2.47708
G1 X63.884 Y38.215 E2.50434
G1 X64.199 Y38.33 E2.52047
G1 X64.481 Y38.36 E2.53411
;WIDTH:0.410727
G1 X64.764 Y38.389 E2.5464
G1 X64.48 Y38.37 E2.5587
;WIDTH:0.45
G1 X64.197 Y38.35 E2.57235
G1 X-69.432 Y38.35 E8.99944
;WIDTH:0.470643
G1 X-70.348 Y38.34 E9.04586
G1 X-70.035 Y38.216 E9.06292
;WIDTH:0.452349
G1 X-69.544 Y37.932 E9.09037
;WIDTH:0.45
G1 X-69.288 Y37.717 E9.10645
G1 X-68.924 Y37.282 E9.13373
G1 X-68.756 Y36.992 E9.14985
G1 X-68.562 Y36.46 E9.17709
G1 X-68.504 Y36.13 E9.19321
G1 X-68.504 Y35.563 E9.22048
G1 X-68.562 Y35.233 E9.2366
G1 X-68.756 Y34.701 E9.26384
G1 X-68.923 Y34.411 E9.27994
G1 X-69.288 Y33.976 E9.30725
G1 X-69.544 Y33.761 E9.32333
G1 X-70.035 Y33.478 E9.35059
G1 X-70.35 Y33.363 E9.36672
G1 X-70.908 Y33.265 E9.39397
G1 X-71.243 Y33.265 E9.41008
G1 X-71.801 Y33.363 E9.43733
G1 X-72.116 Y33.478 E9.45346
G1 X-72.607 Y33.761 E9.48072
G1 X-72.863 Y33.976 E9.4968
G1 X-73.228 Y34.411 E9.52411
G1 X-73.395 Y34.701 E9.54021
G1 X-73.584 Y35.235 E9.56745
G1 X-73.579 Y-40.475 E13.20884
G1 X-73.593 Y-40.842 E13.2265
;WIDTH:0.423127
G1 X-73.606 Y-41.208 E13.24289
;WIDTH:0.418759
G1 X-73.574 Y-41.046 E13.25019
;WIDTH:0.45
G1 X-73.395 Y-40.508 E13.27746
G1 X-73.228 Y-40.218 E13.29356
G1 X-72.863 Y-39.784 E13.32083
G1 X-72.607 Y-39.568 E13.33694
G1 X-72.116 Y-39.285 E13.3642
G1 X-71.801 Y-39.17 E13.38033
G1 X-71.243 Y-39.072 E13.40758
G1 X-70.908 Y-39.072 E13.42369
G1 X-70.35 Y-39.17 E13.45094
G1 X-70.035 Y-39.285 E13.46707
G1 X-69.544 Y-39.568 E13.49433
G1 X-69.288 Y-39.783 E13.51041
G1 X-68.923 Y-40.218 E13.53772
G1 X-68.756 Y-40.508 E13.55382
G1 X-68.562 Y-41.04 E13.58106
G1 X-68.504 Y-41.37 E13.59718
G1 X-68.504 Y-41.937 E13.62445
G1 X-68.562 Y-42.267 E13.64057
G1 X-68.756 Y-42.799 E13.66781
G1 X-68.923 Y-43.089 E13.68391
G1 X-69.288 Y-43.524 E13.71122
G1 X-69.544 Y-43.739 E13.7273
;WIDTH:0.452349
G1 X-70.035 Y-44.023 E13.75475
;WIDTH:0.470643
G1 X-70.348 Y-44.147 E13.77181
G1 X-69.999 Y-44.156 E13.7895
;WIDTH:0.452349
G1 X-69.432 Y-44.157 E13.81694
;WIDTH:0.45
G1 X63.281 Y-44.157 E20.19997
;WIDTH:0.470555
G1 X64.197 Y-44.147 E20.24638
G1 X63.884 Y-44.023 E20.26344
;WIDTH:0.452337
G1 X63.393 Y-43.739 E20.29089
;WIDTH:0.45
G1 X63.137 Y-43.524 E20.30697
G1 X62.772 Y-43.089 E20.33428
G1 X62.605 Y-42.799 E20.35038
G1 X62.411 Y-42.267 E20.37762
G1 X62.353 Y-41.937 E20.39374
G1 X62.353 Y-41.37 E20.42101
G1 X62.411 Y-41.041 E20.43708
G1 X62.605 Y-40.508 E20.46436
G1 X62.772 Y-40.218 E20.48046
G1 X63.137 Y-39.784 E20.50773
G1 X63.393 Y-39.568 E20.52384
G1 X63.884 Y-39.285 E20.5511
G1 X64.199 Y-39.17 E20.56723
G1 X64.757 Y-39.072 E20.59448
G1 X65.092 Y-39.072 E20.61059
G1 X65.65 Y-39.17 E20.63784
G1 X65.965 Y-39.285 E20.65397
G1 X66.456 Y-39.568 E20.68123
G1 X66.712 Y-39.783 E20.69731
G1 X67.077 Y-40.218 E20.72462
G1 X67.244 Y-40.508 E20.74072
G1 X67.35 Y-40.858 E20.75831
;WIDTH:0.423149
G1 X67.455 Y-41.208 E20.77466
;WIDTH:0.418788
G1 X67.444 Y-41.042 E20.78201
;WIDTH:0.45
G1 X67.428 Y-40.475 E20.80929
G1 X67.433 Y35.175 E24.44779
G1 E22.44779 F2400
G92 E0
G1 Z3.55 F7200
G1 X64.197 Y-44.147
G1 Z1.55
G1 E2 F2400
;WIDTH:0.470555
G1 F1200
G1 X64.481 Y-44.172 E2.01444
;WIDTH:0.420933
G1 X64.765 Y-44.197 E2.02712
;WIDTH:0.418771
G1 X65.355 Y-44.173 E2.05322
;WIDTH:0.458634
G1 X65.666 Y-44.108 E2.06884
;WIDTH:0.498497
G1 X65.977 Y-44.043 E2.08604
;WIDTH:0.528976
G1 X66.211 Y-43.926 E2.1012
;WIDTH:0.559455
G1 X66.445 Y-43.809 E2.11735
;WIDTH:0.581583
G1 X66.909 Y-43.391 E2.15764
G1 X67.059 Y-43.18 E2.17434
;WIDTH:0.555238
G1 X67.209 Y-42.969 E2.19019
;WIDTH:0.528893
G1 X67.3 Y-42.702 E2.20653
;WIDTH:0.503627
G1 X67.391 Y-42.436 E2.22193
;WIDTH:0.478361
G1 X67.427 Y-42.187 E2.23492
;WIDTH:0.430284
G1 X67.462 Y-41.937 E2.24644
;WIDTH:0.382207
G1 X67.462 Y-41.37 E2.26892
;WIDTH:0.396299
G1 X67.455 Y-41.208 E2.27563
G1 E.27563 F2400
G92 E0
G1 Z3.55 F7200
G1 X-73.606 Y-41.208
G1 Z1.55
G1 E2 F2400
;WIDTH:0.396255
G1 F1200
G1 X-73.613 Y-41.937 E2.03018
;WIDTH:0.425429
G1 X-73.581 Y-42.17 E2.04077
;WIDTH:0.468653
G1 X-73.55 Y-42.402 E2.05257
;WIDTH:0.499478
G1 X-73.446 Y-42.701 E2.06975
;WIDTH:0.530303
G1 X-73.342 Y-43 E2.08815
;WIDTH:0.556983
G1 X-73.19 Y-43.21 E2.10408
;WIDTH:0.583663
G1 X-73.037 Y-43.42 E2.12091
G1 X-72.733 Y-43.717 E2.14844
;WIDTH:0.552191
G1 X-72.131 Y-44.046 E2.19018
;WIDTH:0.507009
G1 X-71.966 Y-44.092 E2.19964
;WIDTH:0.47937
G1 X-71.801 Y-44.138 E2.20851
;WIDTH:0.451731
G1 X-71.519 Y-44.167 E2.22221
;WIDTH:0.411584
G1 X-71.236 Y-44.197 E2.23453
;WIDTH:0.42104
G1 X-70.792 Y-44.172 E2.25431
;WIDTH:0.470643
G1 X-70.348 Y-44.147 E2.27684
G1 E.27684 F2400
G92 E0
G1 Z3.55 F7200
G1 X-70.348 Y38.34
G1 Z1.55
G1 E2 F2400
G1 F1200
G1 X-70.632 Y38.365 E2.01445
;WIDTH:0.420977
G1 X-70.916 Y38.39 E2.02713
;WIDTH:0.398007
G1 X-71.228 Y38.376 E2.04013
;WIDTH:0.424703
G1 X-71.54 Y38.363 E2.05416
;WIDTH:0.459655
G1 X-71.86 Y38.322 E2.07007
;WIDTH:0.506674
G1 X-72.122 Y38.221 E2.08556
;WIDTH:0.553693
G1 X-72.385 Y38.119 E2.10278
;WIDTH:0.563089
G1 X-72.849 Y37.816 E2.13725
;WIDTH:0.568297
G1 X-73.209 Y37.396 E2.17202
G1 X-73.318 Y37.2 E2.18612
;WIDTH:0.541948
G1 X-73.426 Y37.003 E2.1995
;WIDTH:0.515599
G1 X-73.503 Y36.73 E2.21546
;WIDTH:0.472459
G1 X-73.579 Y36.456 E2.22993
;WIDTH:0.429319
G1 X-73.613 Y36.13 E2.24485
;WIDTH:0.382205
G1 X-73.613 Y35.563 E2.26733
G1 E.26733 F2400
G92 E0
G1 Z3.55 F7200
G1 X67.711 Y37.018
G1 Z1.55
G1 E2 F2400
;WIDTH:0.45
G1 F3600
G1 X67.582 Y37.365 E2.01781
G1 X67.248 Y37.884 E2.04749
G1 X66.963 Y38.17 E2.06691
G1 X66.444 Y38.503 E2.09657
G1 X66.067 Y38.644 E2.11593
G1 X65.403 Y38.736 E2.14817
G1 X-71.236 Y38.736 E8.72003
G1 X-71.943 Y38.704 E8.75407
G1 X-72.538 Y38.529 E8.7839
G1 X-72.898 Y38.332 E8.80364
G1 X-73.357 Y37.933 E8.83289
G1 X-73.659 Y37.5 E8.85828
G1 X-73.873 Y36.99 E8.88488
G1 X-73.965 Y36.325 E8.91717
G1 X-73.965 Y-41.937 E12.6813
G1 X-73.929 Y-42.513 E12.70906
G1 X-73.716 Y-43.204 E12.74384
G1 X-73.4 Y-43.691 E12.77176
G1 X-73.114 Y-43.977 E12.79121
G1 X-72.567 Y-44.326 E12.82242
G1 X-72.087 Y-44.48 E12.84667
G1 X-71.554 Y-44.543 E12.87248
G1 X65.408 Y-44.539 E19.45988
G1 X66.159 Y-44.422 E19.49644
G1 X66.697 Y-44.172 E19.52497
G1 X67.205 Y-43.732 E19.55729
G1 X67.414 Y-43.47 E19.57341
G1 X67.607 Y-43.117 E19.59276
G1 X67.782 Y-42.521 E19.62264
G1 X67.814 Y-42.119 E19.64204
G1 X67.803 Y36.483 E23.42252
G1 X67.727 Y36.96 E23.44575
G1 X68.071 Y37.123 F7200
;TYPE:External perimeter
G1 F1800
G1 X68.025 Y37.292 E23.45417
G1 X67.787 Y37.794 E23.48089
G1 X67.479 Y38.206 E23.50563
G1 X66.972 Y38.645 E23.53789
G1 X66.522 Y38.891 E23.56256
G1 X65.874 Y39.081 E23.59504
G1 X65.416 Y39.121 E23.61715
G1 X-71.236 Y39.121 E30.18964
G1 X-71.857 Y39.101 E30.21952
G1 X-72.301 Y39.021 E30.24122
G1 X-72.78 Y38.842 E30.26581
G1 X-73.226 Y38.568 E30.29099
G1 X-73.63 Y38.206 E30.31708
G1 X-73.938 Y37.794 E30.34182
G1 X-74.179 Y37.284 E30.36895
G1 X-74.31 Y36.796 E30.39325
G1 X-74.351 Y36.338 E30.41537
G1 X-74.351 Y-41.937 E34.18013
G1 X-74.322 Y-42.542 E34.20926
G1 X-74.12 Y-43.229 E34.2437
G1 X-73.938 Y-43.601 E34.26362
G1 X-73.63 Y-44.013 E34.28836
G1 X-73.123 Y-44.452 E34.32062
G1 X-72.673 Y-44.698 E34.34529
G1 X-72.169 Y-44.857 E34.37071
G1 X-71.568 Y-44.929 E34.39982
G1 X65.085 Y-44.929 E40.97235
G1 X65.756 Y-44.879 E41.00471
G1 X66.294 Y-44.783 E41.03099
G1 X66.918 Y-44.491 E41.06413
G1 X67.458 Y-44.024 E41.09847
G1 X67.787 Y-43.601 E41.12424
G1 X68.028 Y-43.092 E41.15133
G1 X68.159 Y-42.603 E41.17568
G1 X68.199 Y-42.119 E41.19904
G1 X68.199 Y36.292 E44.97034
G1 X68.159 Y36.796 E44.99466
G1 X68.086 Y37.065 E45.00807
G1 X67.949 Y37.441 F7200
G1 E43.00807 F2400
G92 E0
G1 Z3.55 F7200
G1 X67.315 Y32.08
G1 Z1.55
G1 E2 F2400
;TYPE:Top solid infill
;WIDTH:0.400442
G1 F900
G1 X38.185 Y2.95 E3.72675
G1 X38.185 Y3.425 E3.74666
G1 X67.164 Y32.404 E5.46446
G1 X67.164 Y32.88 E5.48441
G1 X38.185 Y3.9 E7.20224
G1 X38.185 Y4.376 E7.22219
G1 X67.164 Y33.355 E8.93999
G1 X67.164 Y33.83 E8.9599
G1 X38.185 Y4.851 E10.6777
G1 X38.185 Y5.326 E10.69761
G1 X66.122 Y33.263 E12.35364
G1 X65.702 Y33.104 E12.37246
G1 X65.442 Y33.058 E12.38353
G1 X38.185 Y5.801 E13.99925
G1 X38.185 Y6.277 E14.0192
G1 X64.895 Y32.987 E15.6025
G1 X64.481 Y33.049 E15.62005
G1 X38.185 Y6.752 E17.17884
G1 X38.185 Y6.878 E17.18412
G1 X38.141 Y7.184 E17.19708
G1 X64.083 Y33.125 E18.73482
G1 X63.991 Y33.142 E18.73874
G1 X63.739 Y33.256 E18.75033
G1 X38.002 Y7.519 E20.27595
G1 X37.788 Y7.78 E20.2901
G1 X63.438 Y33.43 E21.81056
G1 X63.148 Y33.616 E21.825
G1 X37.55 Y8.018 E23.34238
G1 X37.312 Y8.256 E23.35649
G1 X62.906 Y33.849 E24.8736
G1 X62.688 Y34.107 E24.88776
G1 X38.184 Y9.603 E26.34029
G1 X38.184 Y10.078 E26.3602
G1 X62.481 Y34.375 E27.80046
G1 X62.327 Y34.696 E27.81538
G1 X38.184 Y10.553 E29.24651
G1 X38.184 Y11.029 E29.26646
G1 X62.206 Y35.05 E30.69039
G1 X62.111 Y35.326 E30.70262
G1 X62.102 Y35.422 E30.70666
G1 X38.184 Y11.504 E32.12445
G1 X38.185 Y11.979 E32.14436
G1 X62.089 Y35.884 E33.56135
G1 X62.089 Y36.136 E33.57191
G1 X62.136 Y36.407 E33.58344
G1 X38.185 Y12.455 E35.00322
G1 X38.185 Y12.93 E35.02313
G1 X62.38 Y37.126 E36.45737
G1 X62.566 Y37.447 E36.47292
G1 X62.938 Y37.891 E36.4972
G1 X63.171 Y38.086 E36.50994
G1 X62.865 Y38.086 E36.52277
G1 X38.185 Y13.406 E37.98573
G1 X38.168 Y13.864 E38.00494
G1 X62.39 Y38.086 E39.44075
G1 X61.915 Y38.086 E39.46066
G1 X38.063 Y14.234 E40.87454
G1 X37.999 Y14.353 E40.8802
G1 X37.87 Y14.516 E40.88891
G1 X61.439 Y38.086 E42.28605
G1 X60.964 Y38.086 E42.30596
G1 X37.637 Y14.759 E43.68872
G1 X37.4 Y14.997 E43.7028
G1 X60.489 Y38.086 E45.07145
G1 X60.014 Y38.086 E45.09136
G1 X38.163 Y16.236 E46.3866
G1 X38.182 Y16.357 E46.39173
G1 X38.183 Y16.73 E46.40736
G1 X59.538 Y38.086 E47.67326
G1 X59.063 Y38.086 E47.69317
G1 X38.183 Y17.206 E48.93088
G1 X38.183 Y17.681 E48.95079
G1 X58.588 Y38.086 E50.16034
G1 X58.113 Y38.086 E50.18025
G1 X38.183 Y18.157 E51.36162
G1 X38.184 Y18.632 E51.38153
G1 X57.637 Y38.086 E52.53468
G1 X57.162 Y38.086 E52.55459
G1 X38.184 Y19.108 E53.67955
G1 X38.184 Y19.583 E53.69946
G1 X56.687 Y38.086 E54.79627
G1 X56.212 Y38.086 E54.81618
G1 X38.185 Y20.059 E55.88477
G1 X38.185 Y20.535 E55.90472
G1 X55.736 Y38.086 E56.9451
G1 X55.261 Y38.086 E56.96501
G1 X38.109 Y20.934 E57.98173
G1 X38.073 Y21.043 E57.98654
G1 X37.947 Y21.248 E57.99663
G1 X54.786 Y38.086 E58.99477
G1 X54.311 Y38.086 E59.01468
G1 X37.725 Y21.5 E59.99785
G1 X37.487 Y21.738 E60.01196
G1 X53.835 Y38.086 E60.98103
G1 X53.36 Y38.086 E61.00094
G1 X37.143 Y21.869 E61.96224
G1 E59.96224 F2400
G92 E0
G1 Z3.55 F7200
G1 X37.503 Y15.576
G1 Z1.55
G1 E2 F2400
G1 F900
G1 X37.055 Y15.128 E2.02656
G1 E.02656 F2400
G92 E0
G1 Z3.55 F7200
G1 X37.118 Y1.408
G1 Z1.55
G1 E2 F2400
G1 F900
G1 X67.164 Y31.454 E3.78105
G1 X67.164 Y30.978 E3.801
G1 X37.463 Y1.277 E5.5616
G1 X37.7 Y1.039 E5.57568
G1 X67.164 Y30.503 E7.32223
G1 X67.164 Y30.028 E7.34214
G1 X37.925 Y.789 E9.07535
G1 X37.996 Y.7 E9.08012
G1 X38.098 Y.486 E9.09006
G1 X67.164 Y29.553 E10.81304
G1 X67.164 Y29.077 E10.83299
G1 X38.18 Y.094 E12.55105
G1 X38.185 Y-.377 E12.57079
G1 X67.164 Y28.602 E14.28859
G1 X67.164 Y28.127 E14.3085
G1 X38.185 Y-.852 E16.0263
G1 X38.185 Y-1.327 E16.04621
G1 X67.315 Y27.803 E17.77296
G1 E15.77296 F2400
G92 E0
G1 Z3.55 F7200
G1 X18.998 Y28.438
G1 Z1.55
G1 E2 F2400
G1 F900
G1 X28.646 Y38.086 E2.57191
G1 X29.122 Y38.086 E2.59186
G1 X19.643 Y28.607 E3.15375
G1 X20.118 Y28.607 E3.17366
G1 X29.597 Y38.086 E3.73555
G1 X30.072 Y38.086 E3.75546
G1 X20.593 Y28.607 E4.31735
G1 X21.068 Y28.607 E4.33726
G1 X30.547 Y38.086 E4.89915
G1 X31.023 Y38.086 E4.9191
G1 X21.544 Y28.607 E5.48099
G1 X22.019 Y28.607 E5.5009
G1 X31.498 Y38.086 E6.06279
G1 X31.973 Y38.086 E6.0827
G1 X22.494 Y28.607 E6.64459
G1 X22.969 Y28.607 E6.6645
G1 X32.448 Y38.086 E7.22639
G1 X32.924 Y38.086 E7.24634
G1 X23.432 Y28.594 E7.809
G1 X23.715 Y28.528 E7.82118
G1 X23.799 Y28.486 E7.82512
G1 X33.399 Y38.086 E8.39418
G1 X33.874 Y38.086 E8.41409
G1 X24.087 Y28.298 E8.99427
G1 X24.33 Y28.066 E9.00835
G1 X34.35 Y38.086 E9.60231
G1 X34.825 Y38.086 E9.62222
G1 X24.568 Y27.829 E10.23023
G1 X24.805 Y27.591 E10.24431
G1 X25.143 Y28.242 E10.27506
G1 X25.352 Y28.411 E10.28633
G1 X25.584 Y28.528 E10.29722
G1 X25.802 Y28.587 E10.30669
G1 X35.3 Y38.086 E10.86974
G1 X35.775 Y38.086 E10.88965
G1 X26.296 Y28.607 E11.45154
G1 X26.771 Y28.607 E11.47145
G1 X36.251 Y38.086 E12.03337
G1 X36.726 Y38.086 E12.05328
G1 X27.247 Y28.607 E12.61517
G1 X27.722 Y28.607 E12.63508
G1 X37.201 Y38.086 E13.19697
G1 X37.676 Y38.086 E13.21688
G1 X28.197 Y28.607 E13.77877
G1 X28.672 Y28.607 E13.79868
G1 X38.152 Y38.086 E14.3606
G1 X38.627 Y38.086 E14.38051
G1 X29.148 Y28.607 E14.9424
G1 X29.623 Y28.607 E14.96231
G1 X39.102 Y38.086 E15.5242
G1 X39.577 Y38.086 E15.54411
G1 X30.098 Y28.607 E16.106
G1 X30.322 Y28.589 E16.11542
G1 X30.505 Y28.538 E16.12338
G1 X40.053 Y38.086 E16.68936
G1 X40.528 Y38.086 E16.70927
G1 X30.818 Y28.376 E17.28485
G1 X31.071 Y28.154 E17.29896
G1 X41.003 Y38.086 E17.8877
G1 X41.478 Y38.086 E17.90761
G1 X31.309 Y27.916 E18.51043
G1 X31.546 Y27.679 E18.52448
G1 X42.105 Y38.237 E19.15036
G1 E17.15036 F2400
G92 E0
G1 Z3.55 F7200
G1 X53.036 Y38.237
G1 Z1.55
G1 E2 F2400
G1 F900
G1 X38.185 Y23.386 E2.88033
G1 X38.185 Y23.861 E2.90024
G1 X52.409 Y38.086 E3.74343
G1 X51.934 Y38.086 E3.76334
G1 X38.184 Y24.336 E4.5784
G1 X38.184 Y24.811 E4.59831
G1 X51.459 Y38.086 E5.38522
G1 X50.984 Y38.086 E5.40513
G1 X38.184 Y25.286 E6.16388
G1 X38.183 Y25.761 E6.18379
G1 X50.508 Y38.086 E6.91438
G1 X50.033 Y38.086 E6.93429
G1 X38.183 Y26.236 E7.63673
G1 X38.183 Y26.711 E7.65664
G1 X49.558 Y38.086 E8.33092
G1 X49.083 Y38.086 E8.35083
G1 X38.182 Y27.186 E8.99698
G1 X38.182 Y27.465 E9.00867
G1 X38.151 Y27.63 E9.01571
G1 X48.607 Y38.086 E9.63551
G1 X48.132 Y38.086 E9.65542
G1 X38.02 Y27.974 E10.25483
G1 X37.978 Y28.062 E10.25892
G1 X37.82 Y28.249 E10.26918
G1 X47.657 Y38.086 E10.85229
G1 X47.182 Y38.086 E10.8722
G1 X37.548 Y28.453 E11.44325
G1 X37.2 Y28.58 E11.45878
G1 X46.706 Y38.086 E12.02227
G1 X46.231 Y38.086 E12.04218
G1 X36.742 Y28.597 E12.60466
G1 X36.267 Y28.597 E12.62457
G1 X45.756 Y38.086 E13.18705
G1 X45.281 Y38.086 E13.20696
G1 X35.792 Y28.597 E13.76944
G1 X35.317 Y28.598 E13.78935
G1 X44.805 Y38.086 E14.35177
G1 X44.33 Y38.086 E14.37168
G1 X34.842 Y28.598 E14.9341
G1 X34.367 Y28.598 E14.95401
G1 X43.855 Y38.086 E15.51643
G1 X43.379 Y38.086 E15.53638
G1 X33.892 Y28.599 E16.09874
G1 X33.417 Y28.599 E16.11865
G1 X42.904 Y38.086 E16.68101
G1 X42.429 Y38.086 E16.70092
G1 X32.791 Y28.448 E17.27223
G1 E15.27223 F2400
G92 E0
G1 Z3.55 F7200
G1 X28.322 Y38.237
G1 Z1.55
G1 E2 F2400
G1 F900
G1 X17.827 Y27.741 E2.62214
G1 X17.589 Y27.979 E2.63625
G1 X27.696 Y38.086 E3.23537
G1 X27.221 Y38.086 E3.25528
G1 X17.351 Y28.217 E3.84032
G1 X17.087 Y28.427 E3.85446
G1 X26.745 Y38.086 E4.42699
G1 X26.27 Y38.086 E4.4469
G1 X16.75 Y28.565 E5.01125
G1 X16.665 Y28.589 E5.01495
G1 X16.316 Y28.607 E5.0296
G1 X25.795 Y38.086 E5.59149
G1 X25.32 Y38.086 E5.6114
G1 X15.84 Y28.607 E6.17332
G1 X15.365 Y28.607 E6.19323
G1 X24.844 Y38.086 E6.75512
G1 X24.369 Y38.086 E6.77503
G1 X14.89 Y28.607 E7.33692
G1 X14.415 Y28.607 E7.35683
G1 X23.894 Y38.086 E7.91872
G1 X23.418 Y38.086 E7.93867
G1 X13.939 Y28.607 E8.50056
G1 X13.464 Y28.607 E8.52047
G1 X22.943 Y38.086 E9.08236
G1 X22.468 Y38.086 E9.10227
G1 X12.989 Y28.607 E9.66416
G1 X12.514 Y28.607 E9.68407
G1 X21.993 Y38.086 E10.24596
G1 X21.517 Y38.086 E10.26591
G1 X11.086 Y27.654 E10.88426
G1 X10.848 Y27.892 E10.89837
G1 X21.042 Y38.086 E11.50264
G1 X20.567 Y38.086 E11.52255
G1 X10.61 Y28.129 E12.11277
G1 X10.36 Y28.354 E12.12687
G1 X20.092 Y38.086 E12.70376
G1 X19.616 Y38.086 E12.72371
G1 X10.058 Y28.528 E13.29028
G1 X9.837 Y28.589 E13.29989
G1 X9.659 Y28.604 E13.30738
G1 X19.141 Y38.086 E13.86945
G1 X18.666 Y38.086 E13.88936
G1 X9.187 Y28.607 E14.45125
G1 X8.711 Y28.607 E14.4712
G1 X18.191 Y38.086 E15.03312
G1 X17.715 Y38.086 E15.05307
G1 X8.236 Y28.607 E15.61496
G1 X7.761 Y28.607 E15.63487
G1 X17.24 Y38.086 E16.19676
G1 X16.765 Y38.086 E16.21667
G1 X7.286 Y28.607 E16.77856
G1 X6.81 Y28.607 E16.79851
G1 X16.29 Y38.086 E17.36043
G1 X15.814 Y38.086 E17.38038
G1 X6.335 Y28.607 E17.94227
G1 X5.86 Y28.607 E17.96218
G1 X15.339 Y38.086 E18.52407
G1 X14.864 Y38.086 E18.54398
G1 X5.371 Y28.593 E19.1067
G1 X5.099 Y28.528 E19.11842
G1 X4.867 Y28.411 E19.12931
G1 X4.658 Y28.242 E19.14058
G1 X4.328 Y27.583 E19.17147
G1 X4.107 Y27.804 E19.18457
G1 X14.389 Y38.086 E19.79406
G1 X13.913 Y38.086 E19.81401
G1 X3.869 Y28.042 E20.40939
G1 X3.628 Y28.276 E20.42347
G1 X13.438 Y38.086 E21.00498
G1 X12.963 Y38.086 E21.02489
G1 X3.346 Y28.469 E21.59496
G1 X3.23 Y28.528 E21.60041
G1 X2.992 Y28.59 E21.61072
G1 X12.487 Y38.086 E22.17359
G1 X12.012 Y38.086 E22.1935
G1 X2.533 Y28.607 E22.75539
G1 X2.058 Y28.607 E22.7753
G1 X11.537 Y38.086 E23.33719
G1 X11.062 Y38.086 E23.3571
G1 X1.583 Y28.607 E23.91899
G1 X1.107 Y28.607 E23.93894
G1 X10.586 Y38.086 E24.50083
G1 X10.111 Y38.086 E24.52074
G1 X.632 Y28.607 E25.08263
G1 X.157 Y28.607 E25.10254
G1 X9.636 Y38.086 E25.66443
G1 X9.161 Y38.086 E25.68434
G1 X-.318 Y28.607 E26.24623
G1 X-.794 Y28.607 E26.26618
G1 X8.685 Y38.086 E26.82807
G1 X8.21 Y38.086 E26.84798
G1 X-1.432 Y28.444 E27.41953
G1 E25.41953 F2400
G92 E0
G1 Z3.55 F7200
G1 X7.886 Y38.237
G1 Z1.55
G1 E2 F2400
G1 F900
G1 X-2.634 Y27.717 E2.6236
G1 X-2.872 Y27.955 E2.63771
G1 X7.26 Y38.086 E3.23828
G1 X6.784 Y38.086 E3.25823
G1 X-3.109 Y28.192 E3.84469
G1 X-3.366 Y28.411 E3.85884
G1 X6.309 Y38.086 E4.43235
G1 X5.834 Y38.086 E4.45226
G1 X-3.697 Y28.555 E5.01723
G1 X-3.82 Y28.589 E5.02258
G1 X-4.121 Y28.607 E5.03522
G1 X5.359 Y38.086 E5.59714
G1 X4.883 Y38.086 E5.61709
G1 X-4.596 Y28.607 E6.17898
G1 X-5.071 Y28.607 E6.19889
G1 X4.408 Y38.086 E6.76078
G1 X3.933 Y38.086 E6.78069
G1 X-5.546 Y28.607 E7.34258
G1 X-6.022 Y28.607 E7.36253
G1 X3.457 Y38.086 E7.92442
G1 X2.982 Y38.086 E7.94433
G1 X-6.497 Y28.607 E8.50622
G1 X-6.972 Y28.607 E8.52613
G1 X2.507 Y38.086 E9.08802
G1 X2.032 Y38.086 E9.10793
G1 X-7.447 Y28.607 E9.66982
G1 X-7.923 Y28.607 E9.68977
G1 X1.556 Y38.086 E10.25166
G1 X1.081 Y38.086 E10.27157
G1 X-8.446 Y28.559 E10.8363
G1 X-8.558 Y28.528 E10.84117
G1 X-8.79 Y28.411 E10.85206
G1 X-8.999 Y28.242 E10.86333
G1 X-9.235 Y27.77 E10.88545
G1 X-9.375 Y27.63 E10.89375
G1 X-9.613 Y27.867 E10.90783
G1 X.606 Y38.086 E11.51358
G1 X.131 Y38.086 E11.53349
G1 X-9.85 Y28.105 E12.12514
G1 X-10.098 Y28.333 E12.13926
G1 X-.345 Y38.086 E12.71739
G1 X-.82 Y38.086 E12.7373
G1 X-10.394 Y28.511 E13.30485
G1 X-10.649 Y28.589 E13.31603
G1 X-10.781 Y28.6 E13.32158
G1 X-1.295 Y38.086 E13.88388
G1 X-1.77 Y38.086 E13.90379
G1 X-11.25 Y28.607 E14.46571
G1 X-11.725 Y28.607 E14.48562
G1 X-2.246 Y38.086 E15.04751
G1 X-2.721 Y38.086 E15.06742
G1 X-12.2 Y28.607 E15.62931
G1 X-12.675 Y28.607 E15.64922
G1 X-3.196 Y38.086 E16.21111
G1 X-3.671 Y38.086 E16.23102
G1 X-13.151 Y28.607 E16.79294
G1 X-13.626 Y28.607 E16.81285
G1 X-4.147 Y38.086 E17.37474
G1 X-4.622 Y38.086 E17.39465
G1 X-14.101 Y28.607 E17.95654
G1 X-14.576 Y28.607 E17.97645
G1 X-5.097 Y38.086 E18.53834
G1 X-5.573 Y38.086 E18.55829
G1 X-15.061 Y28.598 E19.12071
G1 X-15.165 Y28.589 E19.12509
G1 X-15.386 Y28.528 E19.1347
G1 X-15.618 Y28.411 E19.14559
G1 X-15.827 Y28.242 E19.15686
G1 X-16.157 Y27.583 E19.18775
G1 X-16.354 Y27.78 E19.19943
G1 X-6.048 Y38.086 E19.81034
G1 X-6.523 Y38.086 E19.83025
G1 X-16.592 Y28.017 E20.42711
G1 X-16.83 Y28.255 E20.44122
G1 X-6.998 Y38.086 E21.024
G1 X-7.474 Y38.086 E21.04395
G1 X-17.107 Y28.453 E21.61497
G1 X-17.256 Y28.528 E21.62196
G1 X-17.453 Y28.582 E21.63052
G1 X-7.949 Y38.086 E22.19389
G1 X-8.424 Y38.086 E22.2138
G1 X-17.903 Y28.607 E22.77569
G1 X-18.378 Y28.607 E22.7956
G1 X-8.899 Y38.086 E23.35749
G1 X-9.375 Y38.086 E23.37744
G1 X-18.854 Y28.607 E23.93933
G1 X-19.329 Y28.607 E23.95924
G1 X-9.85 Y38.086 E24.52113
G1 X-10.325 Y38.086 E24.54104
G1 X-19.804 Y28.607 E25.10293
G1 X-20.28 Y28.607 E25.12288
G1 X-10.8 Y38.086 E25.6848
G1 X-11.276 Y38.086 E25.70475
G1 X-20.755 Y28.607 E26.26664
G1 X-21.23 Y28.607 E26.28655
G1 X-11.751 Y38.086 E26.84844
G1 X-12.226 Y38.086 E26.86835
G1 X-21.864 Y28.448 E27.43966
G1 E25.43966 F2400
G92 E0
G1 Z3.55 F7200
G1 X-12.55 Y38.237
G1 Z1.55
G1 E2 F2400
G1 F900
G1 X-23.095 Y27.692 E2.62508
G1 X-23.333 Y27.93 E2.63919
G1 X-13.177 Y38.086 E3.24121
G1 X-13.652 Y38.086 E3.26112
G1 X-23.57 Y28.168 E3.84903
G1 X-23.824 Y28.389 E3.86314
G1 X-14.127 Y38.086 E4.43795
G1 X-14.602 Y38.086 E4.45786
G1 X-24.144 Y28.544 E5.02348
G1 X-24.306 Y28.589 E5.03053
G1 X-24.557 Y28.607 E5.04108
G1 X-15.078 Y38.086 E5.60297
G1 X-15.553 Y38.086 E5.62288
G1 X-25.032 Y28.607 E6.18477
G1 X-25.507 Y28.607 E6.20468
G1 X-16.028 Y38.086 E6.76657
G1 X-16.504 Y38.086 E6.78652
G1 X-25.983 Y28.607 E7.34841
G1 X-26.458 Y28.607 E7.36832
G1 X-16.979 Y38.086 E7.93021
G1 X-17.454 Y38.086 E7.95012
G1 X-26.933 Y28.607 E8.51201
G1 X-27.408 Y28.607 E8.53192
G1 X-17.929 Y38.086 E9.09381
G1 X-18.405 Y38.086 E9.11376
G1 X-27.884 Y28.607 E9.67565
G1 X-28.359 Y28.607 E9.69556
G1 X-18.88 Y38.086 E10.25745
G1 X-19.355 Y38.086 E10.27736
G1 X-28.864 Y28.577 E10.84103
G1 X-29.043 Y28.528 E10.84881
G1 X-29.275 Y28.411 E10.8597
G1 X-29.484 Y28.242 E10.87097
G1 X-29.769 Y27.672 E10.89768
G1 X-29.836 Y27.605 E10.90165
G1 X-30.074 Y27.843 E10.91576
G1 X-19.83 Y38.086 E11.52297
G1 X-20.306 Y38.086 E11.54292
G1 X-30.311 Y28.08 E12.13602
G1 X-30.556 Y28.311 E12.15013
G1 X-20.781 Y38.086 E12.72957
G1 X-21.256 Y38.086 E12.74948
G1 X-30.847 Y28.495 E13.31801
G1 X-31.134 Y28.589 E13.33067
G1 X-31.221 Y28.596 E13.33433
G1 X-21.731 Y38.086 E13.89687
G1 X-22.207 Y38.086 E13.91682
G1 X-31.686 Y28.607 E14.47871
G1 X-32.161 Y28.607 E14.49862
G1 X-22.682 Y38.086 E15.06051
G1 X-23.157 Y38.086 E15.08042
G1 X-32.636 Y28.607 E15.64231
G1 X-33.112 Y28.607 E15.66226
G1 X-23.632 Y38.086 E16.22418
G1 X-24.108 Y38.086 E16.24413
G1 X-33.587 Y28.607 E16.80602
G1 X-34.062 Y28.607 E16.82593
G1 X-24.583 Y38.086 E17.38782
G1 X-25.058 Y38.086 E17.40773
G1 X-34.537 Y28.607 E17.96962
G1 X-35.013 Y28.607 E17.98957
G1 X-25.534 Y38.086 E18.55146
G1 X-26.009 Y38.086 E18.57137
G1 X-35.492 Y28.602 E19.13353
G1 X-35.65 Y28.589 E19.14018
G1 X-35.872 Y28.528 E19.14983
G1 X-36.103 Y28.411 E19.16068
G1 X-36.312 Y28.242 E19.17195
G1 X-36.642 Y27.583 E19.20284
G1 X-36.815 Y27.755 E19.21307
G1 X-26.484 Y38.086 E19.82546
G1 X-26.959 Y38.086 E19.84537
G1 X-37.052 Y27.993 E20.44366
G1 X-37.29 Y28.231 E20.45777
G1 X-27.435 Y38.086 E21.04195
G1 X-27.91 Y38.086 E21.06186
G1 X-37.559 Y28.436 E21.63386
G1 X-37.741 Y28.528 E21.64241
G1 X-37.9 Y28.571 E21.64931
G1 X-28.385 Y38.086 E22.21333
G1 X-28.86 Y38.086 E22.23324
G1 X-38.339 Y28.607 E22.79513
G1 X-38.815 Y28.607 E22.81508
G1 X-29.336 Y38.086 E23.37697
G1 X-29.811 Y38.086 E23.39688
G1 X-39.29 Y28.607 E23.95877
G1 X-39.765 Y28.607 E23.97868
G1 X-30.286 Y38.086 E24.54057
G1 X-30.761 Y38.086 E24.56048
G1 X-40.241 Y28.607 E25.1224
G1 X-40.716 Y28.607 E25.14231
G1 X-31.237 Y38.086 E25.7042
G1 X-31.712 Y38.086 E25.72411
G1 X-41.191 Y28.607 E26.286
G1 X-41.666 Y28.607 E26.30591
G1 X-32.187 Y38.086 E26.8678
G1 X-32.662 Y38.086 E26.88771
G1 X-42.295 Y28.453 E27.45873
G1 E25.45873 F2400
G92 E0
G1 Z3.55 F7200
G1 X-46.769 Y38.237
G1 Z1.55
G1 E2 F2400
G1 F900
G1 X-73.315 Y11.691 E3.57358
G1 X-73.315 Y12.166 E3.59349
G1 X-47.396 Y38.086 E5.12993
G1 X-47.871 Y38.086 E5.14984
G1 X-73.315 Y12.642 E6.65809
G1 X-73.315 Y13.117 E6.678
G1 X-48.346 Y38.086 E8.15809
G1 X-48.821 Y38.086 E8.178
G1 X-73.315 Y13.592 E9.62994
G1 X-73.315 Y14.067 E9.64985
G1 X-49.297 Y38.086 E11.0736
G1 X-49.772 Y38.086 E11.09351
G1 X-73.315 Y14.543 E12.48908
G1 X-73.315 Y15.018 E12.50899
G1 X-50.247 Y38.086 E13.8764
G1 X-50.722 Y38.086 E13.89631
G1 X-73.315 Y15.493 E15.23556
G1 X-73.315 Y15.969 E15.25551
G1 X-51.198 Y38.086 E16.56655
G1 X-51.673 Y38.086 E16.58646
G1 X-73.315 Y16.444 E17.86934
G1 X-73.315 Y16.919 E17.88925
G1 X-52.148 Y38.086 E19.14397
G1 X-52.623 Y38.086 E19.16388
G1 X-73.315 Y17.394 E20.39045
G1 X-73.315 Y17.87 E20.4104
G1 X-53.099 Y38.086 E21.60875
G1 X-53.574 Y38.086 E21.62866
G1 X-73.315 Y18.345 E22.79885
G1 X-73.315 Y18.82 E22.81876
G1 X-54.049 Y38.086 E23.9608
G1 X-54.524 Y38.086 E23.98071
G1 X-73.315 Y19.295 E25.09459
G1 X-73.315 Y19.771 E25.11454
G1 X-55 Y38.086 E26.2002
G1 X-55.475 Y38.086 E26.22011
G1 X-73.315 Y20.246 E27.27762
G1 X-73.315 Y20.721 E27.29753
G1 X-55.95 Y38.086 E28.32688
G1 X-56.426 Y38.086 E28.34683
G1 X-73.315 Y21.196 E29.34799
G1 X-73.315 Y21.672 E29.36794
G1 X-56.901 Y38.086 E30.34092
G1 X-57.376 Y38.086 E30.36083
G1 X-73.315 Y22.147 E31.30565
G1 X-73.315 Y22.622 E31.32556
G1 X-57.851 Y38.086 E32.24222
G1 X-58.327 Y38.086 E32.26217
G1 X-73.315 Y23.097 E33.15065
G1 X-73.315 Y23.573 E33.1706
G1 X-58.802 Y38.086 E34.03089
G1 X-59.277 Y38.086 E34.0508
G1 X-73.315 Y24.048 E34.88293
G1 X-73.315 Y24.523 E34.90284
G1 X-59.752 Y38.086 E35.70682
G1 X-60.228 Y38.086 E35.72677
G1 X-73.315 Y24.998 E36.50256
G1 X-73.315 Y25.474 E36.52251
G1 X-60.703 Y38.086 E37.27012
G1 X-61.178 Y38.086 E37.29003
G1 X-73.315 Y25.949 E38.00948
G1 X-73.315 Y26.424 E38.02939
G1 X-61.653 Y38.086 E38.72068
G1 X-62.129 Y38.086 E38.74063
G1 X-73.315 Y26.9 E39.40371
G1 X-73.315 Y27.375 E39.42362
G1 X-62.604 Y38.086 E40.05854
G1 X-63.079 Y38.086 E40.07845
G1 X-73.315 Y27.85 E40.68521
G1 X-73.315 Y28.325 E40.70512
G1 X-63.554 Y38.086 E41.28373
G1 X-64.03 Y38.086 E41.30368
G1 X-73.315 Y28.801 E41.85407
G1 X-73.315 Y29.276 E41.87398
G1 X-64.505 Y38.086 E42.39621
G1 X-64.98 Y38.086 E42.41612
G1 X-73.315 Y29.751 E42.9102
G1 X-73.315 Y30.226 E42.93011
G1 X-70.46 Y33.082 E43.09938
G1 X-71.028 Y32.988 E43.12351
G1 X-73.315 Y30.702 E43.25905
G1 X-73.315 Y31.177 E43.27896
G1 X-71.458 Y33.034 E43.38904
G1 X-71.861 Y33.107 E43.40621
G1 X-73.315 Y31.652 E43.49243
G1 X-73.315 Y32.127 E43.51234
G1 X-72.209 Y33.233 E43.5779
G1 X-72.515 Y33.403 E43.59257
G1 X-73.315 Y32.603 E43.63999
G1 X-73.315 Y33.078 E43.6599
G1 X-72.806 Y33.587 E43.69007
G1 X-73.064 Y33.804 E43.7042
G1 X-73.315 Y33.553 E43.71908
G1 X-73.315 Y34.028 E43.73899
G1 X-73.172 Y34.172 E43.7475
G1 E41.7475 F2400
G92 E0
G1 Z3.55 F7200
G1 X-69.394 Y37.95
G1 Z1.55
G1 E2 F2400
G1 F900
G1 X-69.258 Y38.086 E2.00806
G1 X-68.782 Y38.086 E2.02801
G1 X-69.038 Y37.83 E2.04318
G1 X-68.821 Y37.572 E2.05731
G1 X-68.307 Y38.086 E2.08778
G1 X-67.832 Y38.086 E2.10769
G1 X-68.627 Y37.291 E2.15482
G1 X-68.51 Y37.089 E2.1646
G1 X-68.468 Y36.974 E2.16973
G1 X-67.357 Y38.086 E2.23562
G1 X-66.881 Y38.086 E2.25557
G1 X-68.341 Y36.626 E2.34211
G1 X-68.257 Y36.235 E2.35887
G1 X-66.406 Y38.086 E2.46859
G1 X-65.931 Y38.086 E2.4885
G1 X-68.24 Y35.777 E2.62537
G1 X-68.24 Y35.559 E2.63451
G1 X-68.262 Y35.326 E2.64432
G1 X-68.287 Y35.255 E2.64748
G1 X-65.304 Y38.237 E2.82427
G1 E.82427 F2400
G92 E0
G1 Z3.55 F7200
G1 X-32.987 Y38.237
G1 Z1.55
G1 E2 F2400
G1 F900
G1 X-43.556 Y27.668 E2.6265
G1 X-43.793 Y27.906 E2.64058
G1 X-33.613 Y38.086 E3.24402
G1 X-34.088 Y38.086 E3.26393
G1 X-44.031 Y28.143 E3.85332
G1 X-44.283 Y28.367 E3.86745
G1 X-34.563 Y38.086 E4.4436
G1 X-35.039 Y38.086 E4.46355
G1 X-44.591 Y28.534 E5.02977
G1 X-44.791 Y28.589 E5.03846
G1 X-44.994 Y28.606 E5.047
G1 X-35.514 Y38.086 E5.60895
G1 X-35.989 Y38.086 E5.62886
G1 X-45.468 Y28.607 E6.19075
G1 X-45.944 Y28.607 E6.2107
G1 X-36.465 Y38.086 E6.77259
G1 X-36.94 Y38.086 E6.7925
G1 X-46.419 Y28.607 E7.35439
G1 X-46.894 Y28.607 E7.3743
G1 X-37.415 Y38.086 E7.93619
G1 X-37.89 Y38.086 E7.9561
G1 X-47.369 Y28.607 E8.51799
G1 X-47.845 Y28.607 E8.53794
G1 X-38.366 Y38.086 E9.09983
G1 X-38.841 Y38.086 E9.11974
G1 X-48.32 Y28.607 E9.68163
G1 X-48.795 Y28.607 E9.70154
G1 X-39.316 Y38.086 E10.26343
G1 X-39.791 Y38.086 E10.28334
G1 X-49.287 Y28.59 E10.84624
G1 X-49.528 Y28.528 E10.85667
G1 X-49.76 Y28.411 E10.86756
G1 X-49.969 Y28.242 E10.87883
G1 X-50.299 Y27.583 E10.90972
G1 X-50.534 Y27.818 E10.92365
G1 X-40.267 Y38.086 E11.53228
G1 X-40.742 Y38.086 E11.55219
G1 X-50.772 Y28.056 E12.14674
G1 X-51.014 Y28.289 E12.16082
G1 X-41.217 Y38.086 E12.74156
G1 X-41.692 Y38.086 E12.76147
G1 X-51.3 Y28.479 E13.33098
G1 X-51.398 Y28.528 E13.33557
G1 X-51.661 Y28.592 E13.34692
G1 X-42.168 Y38.086 E13.90967
G1 X-42.643 Y38.086 E13.92958
G1 X-52.122 Y28.607 E14.49147
G1 X-52.597 Y28.607 E14.51138
G1 X-43.118 Y38.086 E15.07327
G1 X-43.593 Y38.086 E15.09318
G1 X-53.073 Y28.607 E15.6551
G1 X-53.548 Y28.607 E15.67501
G1 X-44.069 Y38.086 E16.2369
G1 X-44.544 Y38.086 E16.25681
G1 X-54.023 Y28.607 E16.8187
G1 X-54.498 Y28.607 E16.83861
G1 X-45.019 Y38.086 E17.4005
G1 X-45.495 Y38.086 E17.42045
G1 X-54.974 Y28.607 E17.98234
G1 X-55.449 Y28.607 E18.00225
G1 X-45.97 Y38.086 E18.56414
G1 X-46.445 Y38.086 E18.58405
G1 X-56.101 Y28.43 E19.15643
G1 X-56.985 Y27.546 F7200
G1 F900
G1 X-73.315 Y11.216 E20.12443
G1 X-73.315 Y10.741 E20.14434
G1 X-56.959 Y27.096 E21.11385
G1 X-57.894 Y25.687 F7200
G1 F900
G1 X-73.315 Y10.265 E22.02799
G1 X-73.315 Y9.79 E22.0479
G1 X-58.061 Y25.044 E22.95212
G1 X-58.061 Y24.569 E22.97203
G1 X-73.315 Y9.315 E23.87625
G1 X-73.315 Y8.84 E23.89616
G1 X-58.061 Y24.093 E24.80035
G1 X-58.061 Y23.618 E24.82026
G1 X-73.315 Y8.364 E25.72448
G1 X-73.315 Y7.889 E25.74439
G1 X-58.061 Y23.143 E26.64861
G1 X-58.061 Y22.668 E26.66852
G1 X-73.315 Y7.414 E27.57274
G1 X-73.315 Y6.939 E27.59265
G1 X-58.061 Y22.192 E28.49684
G1 X-58.061 Y21.717 E28.51675
G1 X-73.315 Y6.463 E29.42097
G1 X-73.315 Y5.988 E29.44088
G1 X-58.041 Y21.262 E30.34628
G1 X-57.981 Y21.023 E30.35661
G1 X-57.922 Y20.906 E30.3621
G1 X-73.315 Y5.513 E31.27456
G1 X-73.315 Y5.037 E31.29451
G1 X-57.728 Y20.624 E32.21847
G1 X-57.493 Y20.384 E32.23255
G1 X-73.315 Y4.562 E33.17044
G1 X-73.315 Y4.087 E33.19035
G1 X-57.256 Y20.146 E34.14228
G1 X-57.037 Y19.928 E34.15523
G1 X-57.697 Y19.598 E34.18616
G1 X-57.863 Y19.392 E34.19725
G1 X-57.942 Y19.252 E34.20399
G1 X-58.036 Y18.974 E34.21629
G1 X-58.045 Y18.881 E34.22021
G1 X-73.315 Y3.612 E35.12534
G1 X-73.315 Y3.136 E35.14529
G1 X-58.061 Y18.39 E36.04951
G1 X-58.061 Y17.916 E36.06938
G1 X-73.315 Y2.661 E36.97363
G1 X-73.315 Y2.186 E36.99354
G1 X-58.06 Y17.441 E37.89782
G1 X-58.06 Y16.966 E37.91773
G1 X-73.315 Y1.711 E38.82201
G1 X-73.315 Y1.235 E38.84196
G1 X-58.06 Y16.491 E39.74626
G1 X-58.059 Y16.016 E39.76617
G1 X-73.315 Y.76 E40.6705
G1 X-73.315 Y.285 E40.69041
G1 X-58.059 Y15.541 E41.59474
G1 X-58.058 Y15.066 E41.61465
G1 X-73.315 Y-.19 E42.51901
G1 X-73.315 Y-.666 E42.53896
G1 X-58.058 Y14.591 E43.44335
G1 X-58.005 Y14.262 E43.45732
G1 X-57.975 Y14.199 E43.46024
G1 X-73.315 Y-1.141 E44.36955
G1 X-73.315 Y-1.616 E44.38946
G1 X-57.806 Y13.892 E45.30876
G1 X-57.581 Y13.643 E45.32283
G1 X-73.315 Y-2.091 E46.2555
G1 X-73.315 Y-2.567 E46.27545
G1 X-57.343 Y13.405 E47.22223
G1 X-57.106 Y13.168 E47.23628
G1 X-73.315 Y-3.042 E48.19714
G1 X-73.315 Y-3.517 E48.21705
G1 X-58.061 Y11.736 E49.12124
G1 X-58.061 Y11.261 E49.14115
G1 X-73.315 Y-3.992 E50.04534
G1 X-73.315 Y-4.468 E50.06529
G1 X-58.061 Y10.786 E50.96951
G1 X-58.061 Y10.311 E50.98942
G1 X-73.315 Y-4.943 E51.89364
G1 X-73.315 Y-5.418 E51.91355
G1 X-58.061 Y9.835 E52.81774
G1 X-58.061 Y9.36 E52.83765
G1 X-73.315 Y-5.894 E53.74187
G1 X-73.315 Y-6.369 E53.76178
G1 X-58.061 Y8.885 E54.666
G1 X-58.061 Y8.41 E54.68591
G1 X-73.315 Y-6.844 E55.59013
G1 X-73.315 Y-7.319 E55.61004
G1 X-58.061 Y7.934 E56.51423
G1 X-58.061 Y7.8 E56.51985
G1 X-58.02 Y7.5 E56.53254
G1 X-73.315 Y-7.795 E57.43919
G1 X-73.315 Y-8.27 E57.4591
G1 X-57.88 Y7.166 E58.37407
G1 X-57.668 Y6.902 E58.38826
G1 X-73.315 Y-8.745 E59.31577
G1 X-73.315 Y-9.22 E59.33568
G1 X-57.431 Y6.664 E60.27724
G1 X-57.193 Y6.426 E60.29135
G1 X-73.315 Y-9.696 E61.24702
G1 X-73.315 Y-10.171 E61.26693
G1 X-58.058 Y5.086 E62.17132
G1 X-58.058 Y4.611 E62.19123
G1 X-73.315 Y-10.646 E63.09562
G1 X-73.315 Y-11.121 E63.11553
G1 X-58.059 Y4.135 E64.01986
G1 X-58.059 Y3.659 E64.03981
G1 X-73.315 Y-11.597 E64.94414
G1 X-73.315 Y-12.072 E64.96405
G1 X-58.06 Y3.184 E65.86835
G1 X-58.06 Y2.708 E65.8883
G1 X-73.315 Y-12.547 E66.79258
G1 X-73.315 Y-13.022 E66.81249
G1 X-58.06 Y2.232 E67.71674
G1 X-58.061 Y1.757 E67.73665
G1 X-73.315 Y-13.498 E68.6409
G1 X-73.315 Y-13.973 E68.66081
G1 X-58.061 Y1.281 E69.56503
G1 X-58.047 Y.82 E69.58436
G1 X-73.315 Y-14.448 E70.48941
G1 X-73.315 Y-14.924 E70.50936
G1 X-57.938 Y.453 E71.42087
G1 X-57.864 Y.307 E71.42773
G1 X-57.75 Y.166 E71.43533
G1 X-73.315 Y-15.399 E72.35798
G1 X-73.315 Y-15.874 E72.37789
G1 X-57.411 Y.03 E73.32064
G1 X-57.396 Y-.906 F7200
G1 F900
G1 X-57.043 Y-.552 E73.34159
G1 X-57.28 Y-.315 E73.35564
G1 X-73.315 Y-16.349 E74.30612
G1 X-73.315 Y-16.825 E74.32607
G1 X-58.04 Y-1.549 E75.23156
G1 X-58.061 Y-1.759 E75.24041
G1 X-58.061 Y-2.046 E75.25244
G1 X-73.315 Y-17.3 E76.15666
G1 X-73.315 Y-17.775 E76.17657
G1 X-58.061 Y-2.521 E77.08079
G1 X-58.06 Y-2.996 E77.1007
G1 X-73.315 Y-18.25 E78.00495
G1 X-73.315 Y-18.726 E78.0249
G1 X-58.06 Y-3.47 E78.9292
G1 X-58.06 Y-3.945 E78.94911
G1 X-73.315 Y-19.201 E79.85341
G1 X-73.315 Y-19.676 E79.87332
G1 X-58.059 Y-4.42 E80.77765
G1 X-58.059 Y-4.895 E80.79756
G1 X-73.315 Y-20.151 E81.70189
G1 X-73.315 Y-20.627 E81.72184
G1 X-58.058 Y-5.37 E82.62623
G1 X-58.058 Y-5.845 E82.64614
G1 X-73.315 Y-21.102 E83.55053
G1 X-73.315 Y-21.577 E83.57044
G1 X-57.991 Y-6.253 E84.47881
G1 X-57.828 Y-6.566 E84.4936
G1 X-73.315 Y-22.052 E85.4116
G1 X-73.315 Y-22.528 E85.43155
G1 X-57.605 Y-6.818 E86.3628
G1 X-57.368 Y-7.056 E86.37688
G1 X-73.315 Y-23.003 E87.32218
G1 X-73.315 Y-23.478 E87.34209
G1 X-57.023 Y-7.186 E88.30784
G1 X-57.905 Y-8.543 F7200
G1 F900
G1 X-73.315 Y-23.953 E89.2213
G1 X-73.315 Y-24.429 E89.24125
G1 X-58.061 Y-9.175 E90.14547
G1 X-58.061 Y-9.649 E90.16534
G1 X-73.315 Y-24.904 E91.06959
G1 X-73.315 Y-25.379 E91.0895
G1 X-58.06 Y-10.124 E91.99378
G1 X-58.06 Y-10.599 E92.01369
G1 X-73.315 Y-25.855 E92.91799
G1 X-73.315 Y-26.33 E92.9379
G1 X-58.059 Y-11.074 E93.84223
G1 X-58.059 Y-11.549 E93.86214
G1 X-73.315 Y-26.805 E94.76647
G1 X-73.315 Y-27.28 E94.78638
G1 X-58.059 Y-12.024 E95.69071
G1 X-58.058 Y-12.499 E95.71062
G1 X-73.315 Y-27.756 E96.61501
G1 X-73.315 Y-28.231 E96.63492
G1 X-58.026 Y-12.942 E97.54121
G1 X-58.005 Y-13.052 E97.5459
G1 X-57.895 Y-13.286 E97.55674
G1 X-73.315 Y-28.706 E98.4708
G1 X-73.315 Y-29.181 E98.49071
G1 X-57.693 Y-13.559 E99.41674
G1 X-57.455 Y-13.797 E99.43085
G1 X-73.315 Y-29.657 E100.37099
G1 X-73.315 Y-30.132 E100.3909
G1 X-57.217 Y-14.034 E101.34515
G1 X-57.037 Y-14.214 E101.35582
G1 X-57.697 Y-14.544 E101.38675
G1 X-57.863 Y-14.75 E101.39784
G1 X-57.942 Y-14.89 E101.40458
G1 X-58.036 Y-15.168 E101.41688
G1 X-58.054 Y-15.346 E101.42438
G1 X-73.315 Y-30.607 E102.32901
G1 X-73.315 Y-31.082 E102.34892
G1 X-58.061 Y-15.829 E103.25311
G1 X-58.061 Y-16.304 E103.27302
G1 X-73.315 Y-31.558 E104.17724
G1 X-73.315 Y-32.033 E104.19715
G1 X-58.061 Y-16.779 E105.10137
G1 X-58.061 Y-17.254 E105.12128
G1 X-73.315 Y-32.508 E106.0255
G1 X-73.315 Y-32.983 E106.04541
G1 X-58.061 Y-17.73 E106.9496
G1 X-58.061 Y-18.205 E106.96951
G1 X-73.315 Y-33.459 E107.87373
G1 X-73.315 Y-33.934 E107.89364
G1 X-58.061 Y-18.68 E108.79786
G1 X-58.061 Y-19.156 E108.81781
G1 X-73.315 Y-34.409 E109.722
G1 X-73.315 Y-34.885 E109.74195
G1 X-58.053 Y-19.622 E110.64667
G1 X-58.004 Y-19.881 E110.65772
G1 X-57.951 Y-19.995 E110.66299
G1 X-73.315 Y-35.36 E111.57376
G1 X-73.315 Y-35.835 E111.59367
G1 X-57.772 Y-20.292 E112.51502
G1 X-57.543 Y-20.538 E112.52911
G1 X-73.315 Y-36.31 E113.46403
G1 X-73.315 Y-36.786 E113.48398
G1 X-57.305 Y-20.775 E114.43304
G1 X-57.067 Y-21.013 E114.44715
G1 X-57.157 Y-21.102 E114.45246
G1 X-57.697 Y-21.373 E114.47778
G1 X-57.863 Y-21.578 E114.48884
G1 X-57.941 Y-21.717 E114.49552
G1 X-58.027 Y-21.973 E114.50684
G1 X-73.315 Y-37.261 E115.41307
G1 X-73.315 Y-37.736 E115.43298
G1 X-58.058 Y-22.479 E116.33737
G1 X-58.059 Y-22.955 E116.35732
G1 X-73.315 Y-38.211 E117.26165
G1 X-73.315 Y-38.687 E117.2816
G1 X-58.059 Y-23.43 E118.18596
G1 X-58.059 Y-23.906 E118.20591
G1 X-73.315 Y-39.162 E119.11024
G1 X-73.315 Y-39.637 E119.13015
G1 X-58.06 Y-24.382 E120.03443
G1 X-58.06 Y-24.857 E120.05434
G1 X-72.273 Y-39.071 E120.89688
G1 X-71.853 Y-38.911 E120.91572
G1 X-71.593 Y-38.865 E120.92679
G1 X-58.061 Y-25.333 E121.72893
G1 X-58.061 Y-25.809 E121.74888
G1 X-71.046 Y-38.794 E122.5186
G1 X-70.633 Y-38.856 E122.53611
G1 X-58.061 Y-26.284 E123.28134
G1 X-58.041 Y-26.564 E123.29311
G1 X-58.002 Y-26.701 E123.29908
G1 X-70.234 Y-38.932 E124.02413
G1 X-70.142 Y-38.95 E124.02806
G1 X-69.89 Y-39.064 E124.03965
G1 X-57.85 Y-27.024 E124.75335
G1 X-57.63 Y-27.279 E124.76747
G1 X-69.589 Y-39.238 E125.47637
G1 X-69.296 Y-39.42 E125.49083
G1 X-57.392 Y-27.516 E126.19647
G1 X-57.155 Y-27.754 E126.21055
G1 X-69.053 Y-39.653 E126.91586
G1 X-68.837 Y-39.912 E126.93
G1 X-58.061 Y-29.136 E127.56877
G1 X-58.061 Y-29.611 E127.58868
G1 X-68.63 Y-40.18 E128.21518
G1 X-68.552 Y-40.311 E128.22157
G1 X-68.483 Y-40.508 E128.23032
G1 X-58.061 Y-30.087 E128.84808
G1 X-58.061 Y-30.562 E128.86799
G1 X-68.359 Y-40.859 E129.4784
G1 X-68.262 Y-41.133 E129.49058
G1 X-68.253 Y-41.229 E129.49462
G1 X-58.061 Y-31.037 E130.09877
G1 X-58.061 Y-31.512 E130.11868
G1 X-68.24 Y-41.691 E130.72206
G1 X-68.24 Y-41.943 E130.73262
G1 X-68.287 Y-42.214 E130.74415
G1 X-58.061 Y-31.988 E131.35032
G1 X-58.061 Y-32.463 E131.37023
G1 X-68.531 Y-42.933 E131.99086
G1 X-68.717 Y-43.254 E132.00641
G1 X-69.089 Y-43.698 E132.03069
G1 X-69.322 Y-43.893 E132.04343
G1 X-69.016 Y-43.893 E132.05626
G1 X-58.061 Y-32.938 E132.70564
G1 X-58.039 Y-33.391 E132.72465
G1 X-68.541 Y-43.893 E133.34718
G1 X-68.066 Y-43.893 E133.36709
G1 X-57.923 Y-33.75 E133.96834
G1 X-57.725 Y-34.027 E133.98261
G1 X-67.591 Y-43.893 E134.56744
G1 X-67.115 Y-43.893 E134.58739
G1 X-57.457 Y-34.235 E135.15989
G1 X-57.285 Y-34.328 E135.16809
G1 X-57.121 Y-34.375 E135.17524
G1 X-66.64 Y-43.893 E135.73947
G1 X-66.165 Y-43.893 E135.75938
G1 X-56.686 Y-34.414 E136.32127
G1 X-56.21 Y-34.414 E136.34122
G1 X-65.69 Y-43.893 E136.90314
G1 X-65.214 Y-43.893 E136.92309
G1 X-55.735 Y-34.414 E137.48498
G1 X-55.26 Y-34.414 E137.50489
G1 X-64.739 Y-43.893 E138.06678
G1 X-64.264 Y-43.893 E138.08669
G1 X-54.785 Y-34.414 E138.64858
G1 X-54.309 Y-34.414 E138.66853
G1 X-63.789 Y-43.893 E139.23045
G1 X-63.313 Y-43.893 E139.2504
G1 X-53.834 Y-34.414 E139.81229
G1 X-53.359 Y-34.414 E139.8322
G1 X-62.838 Y-43.893 E140.39409
G1 X-62.363 Y-43.893 E140.414
G1 X-52.733 Y-34.263 E140.98484
G1 X-51.345 Y-33.35 F7200
G1 F900
G1 X-61.887 Y-43.893 E141.60977
G1 X-61.412 Y-43.893 E141.62968
G1 X-51.214 Y-33.695 E142.23419
G1 X-50.976 Y-33.932 E142.24827
G1 X-60.937 Y-43.893 E142.83873
G1 X-60.462 Y-43.893 E142.85864
G1 X-50.727 Y-34.158 E143.4357
G1 X-50.651 Y-34.219 E143.43978
G1 X-50.42 Y-34.327 E143.45047
G1 X-59.986 Y-43.893 E144.01752
G1 X-59.511 Y-43.893 E144.03743
G1 X-50.029 Y-34.411 E144.5995
G1 X-49.557 Y-34.414 E144.61928
G1 X-59.036 Y-43.893 E145.18117
G1 X-58.561 Y-43.893 E145.20108
G1 X-49.082 Y-34.414 E145.76297
G1 X-48.606 Y-34.414 E145.78292
G1 X-58.085 Y-43.893 E146.34481
G1 X-57.61 Y-43.893 E146.36472
G1 X-48.131 Y-34.414 E146.92661
G1 X-47.656 Y-34.414 E146.94652
G1 X-57.135 Y-43.893 E147.50841
G1 X-56.66 Y-43.893 E147.52832
G1 X-47.18 Y-34.414 E148.09024
G1 X-46.705 Y-34.414 E148.11015
G1 X-56.184 Y-43.893 E148.67204
G1 X-55.709 Y-43.893 E148.69195
G1 X-46.23 Y-34.414 E149.25384
G1 X-45.737 Y-34.396 E149.27452
G1 X-55.234 Y-43.893 E149.83748
G1 X-54.759 Y-43.893 E149.85739
G1 X-44.473 Y-33.607 E150.46712
G1 X-44.235 Y-33.845 E150.48123
G1 X-54.283 Y-43.893 E151.07685
G1 X-53.808 Y-43.893 E151.09676
G1 X-43.995 Y-34.08 E151.67845
G1 X-43.823 Y-34.219 E151.68772
G1 X-43.711 Y-34.271 E151.6929
G1 X-53.333 Y-43.893 E152.26327
G1 X-52.857 Y-43.893 E152.28322
G1 X-43.361 Y-34.397 E152.84612
G1 X-42.903 Y-34.414 E152.86533
G1 X-52.382 Y-43.893 E153.42722
G1 X-51.907 Y-43.893 E153.44713
G1 X-42.428 Y-34.414 E154.00902
G1 X-41.953 Y-34.414 E154.02893
G1 X-51.432 Y-43.893 E154.59082
G1 X-50.956 Y-43.893 E154.61077
G1 X-41.477 Y-34.414 E155.17266
G1 X-41.002 Y-34.414 E155.19257
G1 X-50.481 Y-43.893 E155.75446
G1 X-50.006 Y-43.893 E155.77437
G1 X-40.527 Y-34.414 E156.33626
G1 X-40.052 Y-34.414 E156.35617
G1 X-49.531 Y-43.893 E156.91806
G1 X-49.055 Y-43.893 E156.93801
G1 X-39.576 Y-34.414 E157.4999
G1 X-39.101 Y-34.414 E157.51981
G1 X-48.58 Y-43.893 E158.0817
G1 X-48.105 Y-43.893 E158.10161
G1 X-37.732 Y-33.52 E158.71649
G1 X-37.494 Y-33.758 E158.7306
G1 X-47.63 Y-43.893 E159.33141
G1 X-47.154 Y-43.893 E159.35136
G1 X-37.256 Y-33.995 E159.93809
G1 X-37 Y-34.214 E159.95221
G1 X-46.679 Y-43.893 E160.52595
G1 X-46.204 Y-43.893 E160.54586
G1 X-36.674 Y-34.363 E161.11077
G1 X-36.54 Y-34.396 E161.11655
G1 X-36.249 Y-34.414 E161.12877
G1 X-45.729 Y-43.893 E161.69069
G1 X-45.253 Y-43.893 E161.71064
G1 X-35.774 Y-34.414 E162.27253
G1 X-35.299 Y-34.414 E162.29244
G1 X-44.778 Y-43.893 E162.85433
G1 X-44.303 Y-43.893 E162.87424
G1 X-34.824 Y-34.414 E163.43613
G1 X-34.348 Y-34.414 E163.45608
G1 X-43.828 Y-43.893 E164.018
G1 X-43.352 Y-43.893 E164.03795
G1 X-33.873 Y-34.414 E164.59984
G1 X-33.398 Y-34.414 E164.61975
G1 X-42.877 Y-43.893 E165.18164
G1 X-42.402 Y-43.893 E165.20155
G1 X-32.923 Y-34.414 E165.76344
G1 X-32.447 Y-34.414 E165.78339
G1 X-41.926 Y-43.893 E166.34528
G1 X-41.451 Y-43.893 E166.36519
G1 X-31.93 Y-34.372 E166.92957
G1 X-31.711 Y-34.296 E166.93929
G1 X-31.571 Y-34.217 E166.94603
G1 X-31.363 Y-34.05 E166.95721
G1 X-31.118 Y-33.56 E166.98017
G1 X-30.991 Y-33.433 E166.9877
G1 X-30.753 Y-33.67 E167.00178
G1 X-40.976 Y-43.893 E167.60777
G1 X-40.501 Y-43.893 E167.62768
G1 X-30.515 Y-33.908 E168.21959
G1 X-30.268 Y-34.136 E168.23368
G1 X-40.025 Y-43.893 E168.81205
G1 X-39.55 Y-43.893 E168.83196
G1 X-29.968 Y-34.311 E169.39996
G1 X-29.869 Y-34.358 E169.40455
G1 X-29.588 Y-34.407 E169.41651
G1 X-39.075 Y-43.893 E169.97884
G1 X-38.6 Y-43.893 E169.99875
G1 X-29.121 Y-34.414 E170.56064
G1 X-28.645 Y-34.414 E170.58059
G1 X-38.124 Y-43.893 E171.14248
G1 X-37.649 Y-43.893 E171.16239
G1 X-28.17 Y-34.414 E171.72428
G1 X-27.695 Y-34.414 E171.74419
G1 X-37.174 Y-43.893 E172.30608
G1 X-36.699 Y-43.893 E172.32599
G1 X-27.219 Y-34.414 E172.88791
G1 X-26.744 Y-34.414 E172.90782
G1 X-36.223 Y-43.893 E173.46971
G1 X-35.748 Y-43.893 E173.48962
G1 X-26.269 Y-34.414 E174.05151
G1 X-25.794 Y-34.414 E174.07142
G1 X-35.273 Y-43.893 E174.63331
G1 X-34.798 Y-43.893 E174.65322
G1 X-25.307 Y-34.403 E175.21579
G1 X-25.132 Y-34.383 E175.22317
G1 X-24.883 Y-34.296 E175.23423
G1 X-24.742 Y-34.217 E175.241
G1 X-24.535 Y-34.05 E175.25215
G1 X-24.205 Y-33.39 E175.28308
G1 X-24.012 Y-33.583 E175.29452
G1 X-34.322 Y-43.893 E175.90567
G1 X-33.847 Y-43.893 E175.92558
G1 X-23.774 Y-33.821 E176.52265
G1 X-23.537 Y-34.058 E176.5367
G1 X-33.372 Y-43.893 E177.11969
G1 X-32.896 Y-43.893 E177.13964
G1 X-23.259 Y-34.256 E177.7109
G1 X-23.041 Y-34.358 E177.72099
G1 X-22.916 Y-34.388 E177.72638
G1 X-32.421 Y-43.893 E178.28981
G1 X-31.946 Y-43.893 E178.30972
G1 X-22.467 Y-34.414 E178.87161
G1 X-21.992 Y-34.414 E178.89152
G1 X-31.471 Y-43.893 E179.45341
G1 X-30.995 Y-43.893 E179.47336
G1 X-21.516 Y-34.414 E180.03525
G1 X-21.041 Y-34.414 E180.05516
G1 X-30.52 Y-43.893 E180.61705
G1 X-30.045 Y-43.893 E180.63696
G1 X-20.566 Y-34.414 E181.19885
G1 X-20.091 Y-34.414 E181.21876
G1 X-29.57 Y-43.893 E181.78065
G1 X-29.094 Y-43.893 E181.8006
G1 X-19.615 Y-34.414 E182.36249
G1 X-19.14 Y-34.414 E182.3824
G1 X-28.619 Y-43.893 E182.94429
G1 X-28.144 Y-43.893 E182.9642
G1 X-18.504 Y-34.254 E183.5356
G1 X-17.164 Y-33.389 F7200
G1 F900
G1 X-27.669 Y-43.893 E184.15828
G1 X-27.193 Y-43.893 E184.17823
G1 X-17.033 Y-33.733 E184.78049
G1 X-16.796 Y-33.971 E184.79457
G1 X-26.718 Y-43.893 E185.38272
G1 X-26.243 Y-43.893 E185.40263
G1 X-16.542 Y-34.192 E185.97768
G1 X-16.226 Y-34.351 E185.99251
G1 X-25.768 Y-43.893 E186.55813
G1 X-25.292 Y-43.893 E186.57808
G1 X-15.813 Y-34.414 E187.13997
G1 X-15.338 Y-34.414 E187.15988
G1 X-24.817 Y-43.893 E187.72177
G1 X-24.342 Y-43.893 E187.74168
G1 X-14.863 Y-34.414 E188.30357
G1 X-14.387 Y-34.414 E188.32352
G1 X-23.867 Y-43.893 E188.88544
G1 X-23.391 Y-43.893 E188.90539
G1 X-13.912 Y-34.414 E189.46728
G1 X-13.437 Y-34.414 E189.48719
G1 X-22.916 Y-43.893 E190.04908
G1 X-22.441 Y-43.893 E190.06899
G1 X-12.962 Y-34.414 E190.63088
G1 X-12.486 Y-34.414 E190.65083
G1 X-21.965 Y-43.893 E191.21272
G1 X-21.49 Y-43.893 E191.23263
G1 X-12.011 Y-34.414 E191.79452
G1 X-11.749 Y-34.414 E191.8055
G1 X-11.508 Y-34.386 E191.81567
G1 X-21.015 Y-43.893 E192.37922
G1 X-20.54 Y-43.893 E192.39913
G1 X-10.292 Y-33.646 E193.00657
G1 X-10.055 Y-33.883 E193.02062
G1 X-20.064 Y-43.893 E193.61396
G1 X-19.589 Y-43.893 E193.63387
G1 X-9.81 Y-34.114 E194.21354
G1 X-9.68 Y-34.219 E194.22054
G1 X-9.516 Y-34.296 E194.22813
G1 X-19.114 Y-43.893 E194.79704
G1 X-18.639 Y-43.893 E194.81695
G1 X-9.148 Y-34.403 E195.37952
G1 X-8.684 Y-34.414 E195.39897
G1 X-18.163 Y-43.893 E195.96086
G1 X-17.688 Y-43.893 E195.98077
G1 X-8.209 Y-34.414 E196.54266
G1 X-7.734 Y-34.414 E196.56257
G1 X-17.213 Y-43.893 E197.12446
G1 X-16.738 Y-43.893 E197.14437
G1 X-7.258 Y-34.414 E197.70629
G1 X-6.783 Y-34.414 E197.7262
G1 X-16.262 Y-43.893 E198.28809
G1 X-15.787 Y-43.893 E198.308
G1 X-6.308 Y-34.414 E198.86989
G1 X-5.833 Y-34.414 E198.8898
G1 X-15.312 Y-43.893 E199.45169
G1 X-14.837 Y-43.893 E199.4716
G1 X-5.357 Y-34.414 E200.03352
G1 X-4.877 Y-34.409 E200.05364
G1 X-14.361 Y-43.893 E200.61583
G1 X-13.886 Y-43.893 E200.63574
G1 X-3.551 Y-33.558 E201.24837
G1 X-3.314 Y-33.796 E201.26245
G1 X-13.411 Y-43.893 E201.86097
G1 X-12.935 Y-43.893 E201.88092
G1 X-3.076 Y-34.034 E202.46533
G1 X-2.807 Y-34.24 E202.47953
G1 X-12.46 Y-43.893 E203.05173
G1 X-11.985 Y-43.893 E203.07164
G1 X-2.47 Y-34.378 E203.63566
G1 X-2.19 Y-34.414 E203.64749
G1 X-2.031 Y-34.414 E203.65415
G1 X-11.51 Y-43.893 E204.21604
G1 X-11.034 Y-43.893 E204.23599
G1 X-1.555 Y-34.414 E204.79788
G1 X-1.08 Y-34.414 E204.81779
G1 X-10.559 Y-43.893 E205.37968
G1 X-10.084 Y-43.893 E205.39959
G1 X-.605 Y-34.414 E205.96148
G1 X-.13 Y-34.414 E205.98139
G1 X-9.609 Y-43.893 E206.54328
G1 X-9.133 Y-43.893 E206.56323
G1 X.346 Y-34.414 E207.12512
G1 X.821 Y-34.414 E207.14503
G1 X-8.658 Y-43.893 E207.70692
G1 X-8.183 Y-43.893 E207.72683
G1 X1.296 Y-34.414 E208.28872
G1 X1.772 Y-34.414 E208.30867
G1 X-7.708 Y-43.893 E208.87059
G1 X-7.232 Y-43.893 E208.89054
G1 X3.19 Y-33.471 E209.50833
G1 X3.427 Y-33.709 E209.52241
G1 X-6.757 Y-43.893 E210.12609
G1 X-6.282 Y-43.893 E210.146
G1 X3.665 Y-33.946 E210.73563
G1 X3.916 Y-34.17 E210.74973
G1 X-5.807 Y-43.893 E211.32608
G1 X-5.331 Y-43.893 E211.34603
G1 X4.226 Y-34.336 E211.91254
G1 X4.43 Y-34.396 E211.92145
G1 X4.624 Y-34.413 E211.92961
G1 X-4.856 Y-43.893 E212.49156
G1 X-4.381 Y-43.893 E212.51147
G1 X5.098 Y-34.414 E213.07336
G1 X5.574 Y-34.414 E213.09331
G1 X-3.906 Y-43.893 E213.65523
G1 X-3.43 Y-43.893 E213.67518
G1 X6.049 Y-34.414 E214.23707
G1 X6.524 Y-34.414 E214.25698
G1 X-2.955 Y-43.893 E214.81887
G1 X-2.48 Y-43.893 E214.83878
G1 X6.999 Y-34.414 E215.40067
G1 X7.475 Y-34.414 E215.42062
G1 X-2.004 Y-43.893 E215.98251
G1 X-1.529 Y-43.893 E216.00242
G1 X7.95 Y-34.414 E216.56431
G1 X8.425 Y-34.414 E216.58422
G1 X-1.054 Y-43.893 E217.14611
G1 X-.579 Y-43.893 E217.16602
G1 X8.922 Y-34.393 E217.72918
G1 X9.011 Y-34.383 E217.73293
G1 X9.259 Y-34.296 E217.74395
G1 X9.4 Y-34.217 E217.75072
G1 X9.608 Y-34.05 E217.7619
G1 X9.937 Y-33.39 E217.79281
G1 X10.168 Y-33.621 E217.8065
G1 X-.103 Y-43.893 E218.41537
G1 X.372 Y-43.893 E218.43528
G1 X10.406 Y-33.859 E219.03007
G1 X10.648 Y-34.092 E219.04415
G1 X.847 Y-43.893 E219.62513
G1 X1.322 Y-43.893 E219.64504
G1 X10.935 Y-34.28 E220.21487
G1 X11.101 Y-34.358 E220.22256
G1 X11.292 Y-34.399 E220.23075
G1 X1.798 Y-43.893 E220.79353
G1 X2.273 Y-43.893 E220.81344
G1 X11.752 Y-34.414 E221.37533
G1 X12.227 Y-34.414 E221.39524
G1 X2.748 Y-43.893 E221.95713
G1 X3.223 Y-43.893 E221.97704
G1 X12.703 Y-34.414 E222.53896
G1 X13.178 Y-34.414 E222.55887
G1 X3.699 Y-43.893 E223.12076
G1 X4.174 Y-43.893 E223.14067
G1 X13.653 Y-34.414 E223.70256
G1 X14.128 Y-34.414 E223.72247
G1 X4.649 Y-43.893 E224.28436
G1 X5.124 Y-43.893 E224.30427
G1 X14.604 Y-34.414 E224.86619
G1 X15.079 Y-34.414 E224.8861
G1 X5.6 Y-43.893 E225.44799
G1 X6.075 Y-43.893 E225.4679
G1 X15.724 Y-34.244 E226.03987
G1 X17.016 Y-33.427 F7200
G1 F900
G1 X6.55 Y-43.893 E226.66027
G1 X7.026 Y-43.893 E226.68022
G1 X17.147 Y-33.772 E227.28017
G1 X17.385 Y-34.009 E227.29425
G1 X7.501 Y-43.893 E227.88015
G1 X7.976 Y-43.893 E227.90006
G1 X17.645 Y-34.224 E228.47321
G1 X17.976 Y-34.369 E228.48836
G1 X8.451 Y-43.893 E229.05295
G1 X8.927 Y-43.893 E229.0729
G1 X18.406 Y-34.414 E229.63479
G1 X18.881 Y-34.414 E229.6547
G1 X9.402 Y-43.893 E230.21659
G1 X9.877 Y-43.893 E230.2365
G1 X19.356 Y-34.414 E230.79839
G1 X19.831 Y-34.414 E230.8183
G1 X10.352 Y-43.893 E231.38019
G1 X10.828 Y-43.893 E231.40014
G1 X20.307 Y-34.414 E231.96203
G1 X20.782 Y-34.414 E231.98194
G1 X11.303 Y-43.893 E232.54383
G1 X11.778 Y-43.893 E232.56374
G1 X21.257 Y-34.414 E233.12563
G1 X21.733 Y-34.414 E233.14558
G1 X12.253 Y-43.893 E233.7075
G1 X12.729 Y-43.893 E233.72745
G1 X22.359 Y-34.263 E234.29829
G1 X23.757 Y-33.34 F7200
G1 F900
G1 X13.204 Y-43.893 E234.92384
G1 X13.679 Y-43.893 E234.94375
G1 X23.888 Y-33.684 E235.54891
G1 X24.126 Y-33.922 E235.56302
G1 X14.154 Y-43.893 E236.1541
G1 X14.63 Y-43.893 E236.17405
G1 X24.374 Y-34.148 E236.75168
G1 X24.461 Y-34.218 E236.75636
G1 X24.673 Y-34.325 E236.76631
G1 X15.105 Y-43.893 E237.33348
G1 X15.58 Y-43.893 E237.35339
G1 X25.067 Y-34.407 E237.91572
G1 X25.541 Y-34.407 E237.93559
G1 X16.056 Y-43.893 E238.49786
G1 X16.531 Y-43.893 E238.51777
G1 X26.016 Y-34.408 E239.08002
G1 X26.49 Y-34.409 E239.09989
G1 X17.006 Y-43.893 E239.66208
G1 X17.481 Y-43.893 E239.68199
G1 X26.964 Y-34.41 E240.24412
G1 X27.439 Y-34.411 E240.26403
G1 X17.957 Y-43.893 E240.8261
G1 X18.432 Y-43.893 E240.84601
G1 X27.913 Y-34.412 E241.40802
G1 X28.388 Y-34.413 E241.42793
G1 X18.907 Y-43.893 E241.98991
G1 X19.382 Y-43.893 E242.00982
G1 X28.862 Y-34.413 E242.57177
G1 X29.352 Y-34.399 E242.59232
G1 X19.858 Y-43.893 E243.1551
G1 X20.333 Y-43.893 E243.17501
G1 X30.629 Y-33.597 E243.78533
G1 X30.867 Y-33.834 E243.79941
G1 X20.808 Y-43.893 E244.39568
G1 X21.283 Y-43.893 E244.41559
G1 X31.106 Y-34.07 E244.99787
G1 X31.289 Y-34.218 E245.00774
G1 X31.385 Y-34.267 E245.01226
G1 X21.759 Y-43.893 E245.58286
G1 X22.234 Y-43.893 E245.60277
G1 X31.734 Y-34.393 E246.1659
G1 X32.188 Y-34.414 E246.18495
G1 X22.709 Y-43.893 E246.74684
G1 X23.184 Y-43.893 E246.76675
G1 X32.664 Y-34.414 E247.32867
G1 X33.139 Y-34.414 E247.34858
G1 X23.66 Y-43.893 E247.91047
G1 X24.135 Y-43.893 E247.93038
G1 X33.614 Y-34.414 E248.49227
G1 X34.089 Y-34.414 E248.51218
G1 X24.61 Y-43.893 E249.07407
G1 X25.085 Y-43.893 E249.09398
G1 X34.565 Y-34.414 E249.6559
G1 X35.04 Y-34.414 E249.67581
G1 X25.561 Y-43.893 E250.2377
G1 X26.036 Y-43.893 E250.25761
G1 X35.515 Y-34.414 E250.8195
G1 X35.99 Y-34.414 E250.83941
G1 X26.511 Y-43.893 E251.4013
G1 X26.987 Y-43.893 E251.42125
G1 X59.023 Y-11.856 E253.32029
G1 X59.476 Y-11.735 E253.33994
G1 X59.729 Y-11.626 E253.35149
G1 X27.462 Y-43.893 E255.26419
G1 X27.937 Y-43.893 E255.2841
G1 X67.164 Y-4.666 E257.60937
G1 X67.164 Y-5.141 E257.62928
G1 X28.412 Y-43.893 E259.92639
G1 X28.888 Y-43.893 E259.94634
G1 X67.164 Y-5.617 E262.21524
G1 X67.164 Y-6.092 E262.23515
G1 X29.363 Y-43.893 E264.47589
G1 X29.838 Y-43.893 E264.4958
G1 X67.164 Y-6.567 E266.70838
G1 X67.164 Y-7.043 E266.72833
G1 X30.313 Y-43.893 E268.91273
G1 X30.789 Y-43.893 E268.93268
G1 X67.164 Y-7.518 E271.08889
G1 X67.164 Y-7.993 E271.1088
G1 X31.264 Y-43.893 E273.23686
G1 X31.739 Y-43.893 E273.25677
G1 X67.164 Y-8.468 E275.35667
G1 X67.164 Y-8.944 E275.37662
G1 X32.214 Y-43.893 E277.44833
G1 X32.69 Y-43.893 E277.46828
G1 X67.164 Y-9.419 E279.51181
G1 X67.164 Y-9.894 E279.53172
G1 X33.165 Y-43.893 E281.54709
G1 X33.64 Y-43.893 E281.567
G1 X67.164 Y-10.369 E283.55421
G1 X67.164 Y-10.845 E283.57416
G1 X34.115 Y-43.893 E285.53319
G1 X34.591 Y-43.893 E285.55314
G1 X67.164 Y-11.32 E287.48398
G1 X67.164 Y-11.795 E287.50389
G1 X35.066 Y-43.893 E289.40657
G1 X35.541 Y-43.893 E289.42648
G1 X67.164 Y-12.27 E291.30101
G1 X67.164 Y-12.746 E291.32096
G1 X36.017 Y-43.893 E293.16727
G1 X36.492 Y-43.893 E293.18718
G1 X67.164 Y-13.221 E295.00533
G1 X67.164 Y-13.696 E295.02524
G1 X36.967 Y-43.893 E296.81524
G1 X37.442 Y-43.893 E296.83515
G1 X67.164 Y-14.171 E298.59699
G1 X67.164 Y-14.647 E298.61694
G1 X37.918 Y-43.893 E300.35056
G1 X38.393 Y-43.893 E300.37047
G1 X67.164 Y-15.122 E302.07594
G1 X67.164 Y-15.597 E302.09585
G1 X38.868 Y-43.893 E303.77316
G1 X39.343 Y-43.893 E303.79307
G1 X67.164 Y-16.072 E305.44222
G1 X67.164 Y-16.548 E305.46217
G1 X39.819 Y-43.893 E307.08311
G1 X40.294 Y-43.893 E307.10302
G1 X67.164 Y-17.023 E308.6958
G1 X67.164 Y-17.498 E308.71571
G1 X40.769 Y-43.893 E310.28033
G1 X41.244 Y-43.893 E310.30024
G1 X67.164 Y-17.974 E311.83668
G1 X67.164 Y-18.449 E311.85659
G1 X41.72 Y-43.893 E313.36484
G1 X42.195 Y-43.893 E313.38475
G1 X67.164 Y-18.924 E314.86484
G1 X67.164 Y-19.399 E314.88475
G1 X42.67 Y-43.893 E316.33669
G1 X43.145 Y-43.893 E316.3566
G1 X67.164 Y-19.875 E317.78035
G1 X67.164 Y-20.35 E317.80026
G1 X43.621 Y-43.893 E319.19583
G1 X44.096 Y-43.893 E319.21574
G1 X67.164 Y-20.825 E320.58315
G1 X67.164 Y-21.3 E320.60306
G1 X44.571 Y-43.893 E321.94231
G1 X45.046 Y-43.893 E321.96222
G1 X67.164 Y-21.776 E323.27329
G1 X67.164 Y-22.251 E323.2932
G1 X45.522 Y-43.893 E324.57608
G1 X45.997 Y-43.893 E324.59599
G1 X67.164 Y-22.726 E325.85071
G1 X67.164 Y-23.201 E325.87062
G1 X46.472 Y-43.893 E327.09719
G1 X46.948 Y-43.893 E327.11714
G1 X67.164 Y-23.677 E328.31549
G1 X67.164 Y-24.152 E328.3354
G1 X47.423 Y-43.893 E329.50559
G1 X47.898 Y-43.893 E329.5255
G1 X67.164 Y-24.627 E330.66754
G1 X67.164 Y-25.102 E330.68745
G1 X48.373 Y-43.893 E331.80133
G1 X48.849 Y-43.893 E331.82128
G1 X67.164 Y-25.578 E332.90694
G1 X67.164 Y-26.053 E332.92685
G1 X49.324 Y-43.893 E333.98436
G1 X49.799 Y-43.893 E334.00427
G1 X67.164 Y-26.528 E335.03362
G1 X67.164 Y-27.004 E335.05357
G1 X50.274 Y-43.893 E336.05473
G1 X50.75 Y-43.893 E336.07468
G1 X67.164 Y-27.479 E337.04766
G1 X67.164 Y-27.954 E337.06757
G1 X51.225 Y-43.893 E338.01239
G1 X51.7 Y-43.893 E338.0323
G1 X67.164 Y-28.429 E338.94896
G1 X67.164 Y-28.905 E338.96891
G1 X52.175 Y-43.893 E339.85739
G1 X52.651 Y-43.893 E339.87734
G1 X67.164 Y-29.38 E340.73763
G1 X67.164 Y-29.855 E340.75754
G1 X53.126 Y-43.893 E341.58967
G1 X53.601 Y-43.893 E341.60958
G1 X67.164 Y-30.33 E342.41356
G1 X67.164 Y-30.806 E342.43351
G1 X54.076 Y-43.893 E343.2093
G1 X54.552 Y-43.893 E343.22925
G1 X67.164 Y-31.281 E343.97686
G1 X67.164 Y-31.756 E343.99677
G1 X55.027 Y-43.893 E344.71622
G1 X55.502 Y-43.893 E344.73613
G1 X67.164 Y-32.231 E345.42742
G1 X67.164 Y-32.707 E345.44737
G1 X55.978 Y-43.893 E346.11045
G1 X56.453 Y-43.893 E346.13036
G1 X67.164 Y-33.182 E346.76528
G1 X67.164 Y-33.657 E346.78519
G1 X56.928 Y-43.893 E347.39195
G1 X57.403 Y-43.893 E347.41186
G1 X67.164 Y-34.132 E347.99047
G1 X67.164 Y-34.608 E348.01042
G1 X57.879 Y-43.893 E348.56081
G1 X58.354 Y-43.893 E348.58072
G1 X67.164 Y-35.083 E349.10295
G1 X67.164 Y-35.558 E349.12286
G1 X58.829 Y-43.893 E349.61694
G1 X59.304 Y-43.893 E349.63685
G1 X62.136 Y-41.062 E349.80469
G1 X62.111 Y-41.134 E349.80788
G1 X62.089 Y-41.367 E349.81769
G1 X62.089 Y-41.584 E349.82679
G1 X59.78 Y-43.893 E349.96366
G1 X60.255 Y-43.893 E349.98357
G1 X62.106 Y-42.042 E350.09329
G1 X62.19 Y-42.433 E350.11005
G1 X60.73 Y-43.893 E350.19659
G1 X61.205 Y-43.893 E350.2165
G1 X62.317 Y-42.781 E350.28242
G1 X62.359 Y-42.896 E350.28755
G1 X62.476 Y-43.098 E350.29733
G1 X61.681 Y-43.893 E350.34446
G1 X62.156 Y-43.893 E350.36437
G1 X62.67 Y-43.379 E350.39484
G1 X62.887 Y-43.637 E350.40897
G1 X62.631 Y-43.893 E350.42414
G1 X63.106 Y-43.893 E350.44405
G1 X63.243 Y-43.757 E350.45214
G1 E348.45214 F2400
G92 E0
G1 Z3.55 F7200
G1 X64.118 Y-39.079
G1 Z1.55
G1 E2 F2400
G1 F900
G1 X67.164 Y-36.033 E2.18056
G1 X67.164 Y-36.509 E2.20051
G1 X64.877 Y-38.796 E2.33608
G1 X65.307 Y-38.841 E2.3542
G1 X67.164 Y-36.984 E2.46428
G1 X67.164 Y-37.459 E2.48419
G1 X65.709 Y-38.914 E2.57044
G1 X66.058 Y-39.041 E2.58601
G1 X67.164 Y-37.935 E2.65157
G1 X67.164 Y-38.41 E2.67148
G1 X66.364 Y-39.21 E2.7189
G1 X66.655 Y-39.394 E2.73333
G1 X67.164 Y-38.885 E2.7635
G1 X67.164 Y-39.36 E2.78341
G1 X66.913 Y-39.612 E2.79832
G1 X67.128 Y-39.872 E2.81246
G1 X67.315 Y-39.685 E2.82354
G1 E.82354 F2400
G92 E0
G1 Z3.55 F7200
G1 X58.166 Y-11.763
G1 Z1.55
G1 E2 F2400
G1 F900
G1 X37.18 Y-32.749 E3.24399
G1 X37.216 Y-32.808 E3.24689
G1 X37.271 Y-33.133 E3.26071
G1 X58.663 Y-11.742 E4.52874
G1 E2.52874 F2400
G92 E0
G1 Z3.55 F7200
G1 X67.315 Y-4.04
G1 Z1.55
G1 E2 F2400
G1 F900
G1 X61.407 Y-9.948 E2.35021
G1 X61.52 Y-9.669 E2.36283
G1 X61.615 Y-9.265 E2.38023
G1 X67.164 Y-3.716 E2.70916
G1 X67.164 Y-3.24 E2.72911
G1 X61.68 Y-8.725 E3.05422
G1 X61.685 Y-8.244 E3.07438
G1 X67.164 Y-2.765 E3.39916
G1 X67.164 Y-2.29 E3.41907
G1 X61.685 Y-7.769 E3.74385
G1 X61.685 Y-7.294 E3.76376
G1 X67.164 Y-1.815 E4.08854
G1 X67.164 Y-1.339 E4.10849
G1 X61.685 Y-6.818 E4.43327
G1 X61.685 Y-6.343 E4.45318
G1 X67.164 Y-.864 E4.77796
G1 X67.164 Y-.389 E4.79787
G1 X61.685 Y-5.868 E5.12265
G1 X61.685 Y-5.393 E5.14256
G1 X67.164 Y.086 E5.46734
G1 X67.164 Y.562 E5.48729
G1 X61.685 Y-4.917 E5.81207
G1 X61.685 Y-4.442 E5.83198
G1 X67.164 Y1.037 E6.15676
G1 X67.164 Y1.512 E6.17667
G1 X61.685 Y-3.967 E6.50145
G1 X61.685 Y-3.492 E6.52136
G1 X67.164 Y1.987 E6.84614
G1 X67.164 Y2.463 E6.86609
G1 X61.685 Y-3.016 E7.19087
G1 X61.685 Y-2.541 E7.21078
G1 X67.164 Y2.938 E7.53556
G1 X67.164 Y3.413 E7.55547
G1 X61.685 Y-2.066 E7.88025
G1 X61.685 Y-1.591 E7.90016
G1 X67.164 Y3.889 E8.22497
G1 X67.164 Y4.364 E8.24488
G1 X61.685 Y-1.115 E8.56966
G1 X61.685 Y-.64 E8.58957
G1 X67.164 Y4.839 E8.91435
G1 X67.164 Y5.314 E8.93426
G1 X61.685 Y-.165 E9.25904
G1 X61.685 Y.31 E9.27895
G1 X67.164 Y5.79 E9.60376
G1 X67.164 Y6.265 E9.62367
G1 X61.685 Y.786 E9.94845
G1 X61.685 Y1.261 E9.96836
G1 X67.164 Y6.74 E10.29314
G1 X67.164 Y7.215 E10.31305
G1 X61.685 Y1.736 E10.63783
G1 X61.685 Y2.212 E10.65778
G1 X67.164 Y7.691 E10.98256
G1 X67.164 Y8.166 E11.00247
G1 X61.685 Y2.687 E11.32725
G1 X61.685 Y3.162 E11.34716
G1 X67.164 Y8.641 E11.67194
G1 X67.164 Y9.116 E11.69185
G1 X61.685 Y3.637 E12.01663
G1 X61.685 Y4.113 E12.03658
G1 X67.164 Y9.592 E12.36136
G1 X67.164 Y10.067 E12.38127
G1 X61.685 Y4.588 E12.70605
G1 X61.685 Y5.063 E12.72596
G1 X67.164 Y10.542 E13.05074
G1 X67.164 Y11.017 E13.07065
G1 X61.685 Y5.538 E13.39543
G1 X61.685 Y6.014 E13.41538
G1 X67.164 Y11.493 E13.74016
G1 X67.164 Y11.968 E13.76007
G1 X61.685 Y6.489 E14.08485
G1 X61.685 Y6.964 E14.10476
G1 X67.164 Y12.443 E14.42954
G1 X67.164 Y12.919 E14.44949
G1 X61.678 Y7.433 E14.77469
G1 X61.636 Y7.866 E14.79292
G1 X67.164 Y13.394 E15.1206
G1 X67.164 Y13.869 E15.14051
G1 X61.546 Y8.251 E15.47353
G1 X61.426 Y8.606 E15.48924
G1 X67.164 Y14.344 E15.82937
G1 X67.164 Y14.82 E15.84932
G1 X61.27 Y8.925 E16.19873
G1 X61.082 Y9.213 E16.21315
G1 X67.164 Y15.295 E16.57367
G1 X67.164 Y15.77 E16.59358
G1 X60.874 Y9.48 E16.96643
G1 X60.643 Y9.725 E16.98054
G1 X67.164 Y16.245 E17.36706
G1 X67.164 Y16.721 E17.38701
G1 X60.385 Y9.942 E17.78885
G1 X60.098 Y10.13 E17.80323
G1 X67.164 Y17.196 E18.22208
G1 X67.164 Y17.671 E18.24199
G1 X59.79 Y10.297 E18.6791
G1 X59.452 Y10.434 E18.69439
G1 X67.164 Y18.146 E19.15154
G1 X67.164 Y18.622 E19.17149
G1 X59.077 Y10.534 E19.6509
G1 X58.987 Y10.558 E19.6548
G1 X58.654 Y10.587 E19.66881
G1 X67.164 Y19.097 E20.17326
G1 X67.164 Y19.572 E20.19317
G1 X58.199 Y10.607 E20.72459
G1 X57.723 Y10.607 E20.74454
G1 X67.164 Y20.047 E21.30415
G1 X67.164 Y20.523 E21.3241
G1 X57.248 Y10.607 E21.91189
G1 X56.773 Y10.607 E21.9318
G1 X67.164 Y20.998 E22.54775
G1 X67.164 Y21.473 E22.56766
G1 X56.298 Y10.607 E23.21177
G1 X55.822 Y10.607 E23.23172
G1 X67.164 Y21.948 E23.90401
G1 X67.164 Y22.424 E23.92396
G1 X55.347 Y10.607 E24.62444
G1 X54.872 Y10.607 E24.64435
G1 X67.164 Y22.899 E25.37299
G1 X67.164 Y23.374 E25.3929
G1 X54.397 Y10.607 E26.14969
G1 X53.921 Y10.607 E26.16964
G1 X67.164 Y23.85 E26.95465
G1 X67.164 Y24.325 E26.97456
G1 X53.446 Y10.607 E27.78773
G1 X52.971 Y10.607 E27.80764
G1 X67.164 Y24.8 E28.64896
G1 X67.164 Y25.275 E28.66887
G1 X52.496 Y10.607 E29.53835
G1 X52.02 Y10.607 E29.5583
G1 X67.164 Y25.751 E30.456
G1 X67.164 Y26.226 E30.47591
G1 X51.538 Y10.599 E31.40221
G1 X51.009 Y10.546 E31.42449
G1 X67.164 Y26.701 E32.38211
G1 X67.164 Y27.176 E32.40202
G1 X50.305 Y10.318 E33.40135
G1 X49.931 Y10.131 E33.41888
G1 X49.516 Y9.833 E33.44029
G1 X49.155 Y9.475 E33.4616
G1 X48.857 Y9.065 E33.48285
G1 X48.752 Y8.883 E33.49166
G1 X48.663 Y8.675 E33.50114
G1 X38.185 Y-1.803 E34.12225
G1 X38.185 Y-2.278 E34.14216
G1 X48.426 Y7.963 E34.74922
G1 X48.371 Y7.433 E34.77155
G1 X38.185 Y-2.753 E35.37535
G1 X38.185 Y-3.229 E35.3953
G1 X48.364 Y6.951 E35.99871
G1 X48.364 Y6.475 E36.01866
G1 X38.185 Y-3.704 E36.62204
G1 X38.169 Y-4.195 E36.64263
G1 X48.364 Y6 E37.24696
G1 X48.364 Y5.525 E37.26687
G1 X37.375 Y-5.464 E37.91827
G1 X37.613 Y-5.702 E37.93238
G1 X48.364 Y5.05 E38.5697
G1 X48.364 Y4.574 E38.58965
G1 X37.848 Y-5.942 E39.21301
G1 X37.996 Y-6.128 E39.22297
G1 X38.046 Y-6.219 E39.22732
G1 X48.364 Y4.099 E39.83894
G1 X48.364 Y3.624 E39.85885
G1 X38.163 Y-6.577 E40.46354
G1 X38.185 Y-7.031 E40.48259
G1 X48.364 Y3.148 E41.08597
G1 X48.364 Y2.673 E41.10588
G1 X38.185 Y-7.506 E41.70926
G1 X38.185 Y-7.981 E41.72917
G1 X48.364 Y2.198 E42.33255
G1 X48.364 Y1.723 E42.35246
G1 X38.185 Y-8.457 E42.95587
G1 X38.185 Y-8.932 E42.97578
G1 X48.364 Y1.247 E43.57916
G1 X48.364 Y.772 E43.59907
G1 X38.185 Y-9.407 E44.20245
G1 X38.185 Y-9.882 E44.22236
G1 X48.364 Y.297 E44.82574
G1 X48.364 Y-.178 E44.84565
G1 X38.185 Y-10.358 E45.44906
G1 X38.185 Y-10.833 E45.46897
G1 X48.364 Y-.654 E46.07235
G1 X48.364 Y-1.129 E46.09226
G1 X37.288 Y-12.205 E46.74882
G1 X37.525 Y-12.443 E46.7629
G1 X48.364 Y-1.604 E47.40541
G1 X48.364 Y-2.079 E47.42532
G1 X37.763 Y-12.68 E48.05372
G1 X37.982 Y-12.937 E48.06787
G1 X48.364 Y-2.555 E48.68329
G1 X48.364 Y-3.03 E48.7032
G1 X38.13 Y-13.264 E49.30984
G1 X38.16 Y-13.363 E49.31418
G1 X38.185 Y-13.684 E49.32768
G1 X48.364 Y-3.505 E49.93106
G1 X48.364 Y-3.98 E49.95097
G1 X38.185 Y-14.16 E50.55438
G1 X38.185 Y-14.635 E50.57429
G1 X48.364 Y-4.456 E51.17767
G1 X48.364 Y-4.931 E51.19758
G1 X38.185 Y-15.11 E51.80096
G1 X38.185 Y-15.585 E51.82087
G1 X48.364 Y-5.406 E52.42425
G1 X48.364 Y-5.882 E52.4442
G1 X38.185 Y-16.061 E53.04758
G1 X38.185 Y-16.536 E53.06749
G1 X48.364 Y-6.357 E53.67087
G1 X48.364 Y-6.832 E53.69078
G1 X38.185 Y-17.011 E54.29416
G1 X38.185 Y-17.486 E54.31407
G1 X48.364 Y-7.307 E54.91745
G1 X48.364 Y-7.783 E54.9374
G1 X38.144 Y-18.002 E55.54318
G1 X38.075 Y-18.211 E55.55241
G1 X37.996 Y-18.356 E55.55933
G1 X37.821 Y-18.577 E55.57115
G1 X37.319 Y-18.828 E55.59468
G1 X37.2 Y-18.946 E55.6017
G1 X37.438 Y-19.184 E55.61581
G1 X48.364 Y-8.258 E56.26347
G1 X48.369 Y-8.728 E56.28317
G1 X37.676 Y-19.421 E56.91702
G1 X37.904 Y-19.669 E56.93114
G1 X48.408 Y-9.164 E57.55382
G1 X48.499 Y-9.549 E57.5704
G1 X38.085 Y-19.962 E58.18768
G1 X38.163 Y-20.205 E58.19838
G1 X38.176 Y-20.347 E58.20436
G1 X48.622 Y-9.901 E58.82357
G1 X48.772 Y-10.226 E58.83857
G1 X38.185 Y-20.813 E59.46614
G1 X38.185 Y-21.289 E59.48609
G1 X48.961 Y-10.512 E60.12489
G1 X49.163 Y-10.786 E60.13916
G1 X38.185 Y-21.764 E60.78991
G1 X38.185 Y-22.239 E60.80982
G1 X49.4 Y-11.023 E61.47464
G1 X49.53 Y-11.153 E61.48235
G1 X49.657 Y-11.242 E61.48885
G1 X38.185 Y-22.715 E62.16891
G1 X38.185 Y-23.19 E62.18882
G1 X49.937 Y-11.437 E62.88548
G1 X50.252 Y-11.598 E62.90031
G1 X38.185 Y-23.665 E63.61561
G1 X38.184 Y-24.141 E63.63556
G1 X50.586 Y-11.739 E64.37072
G1 X50.96 Y-11.841 E64.38697
G1 X38.178 Y-24.623 E65.14465
G1 X38.154 Y-24.806 E65.15239
G1 X38.068 Y-25.053 E65.16335
G1 X37.99 Y-25.195 E65.17014
G1 X37.821 Y-25.405 E65.18144
G1 X37.161 Y-25.735 E65.21237
G1 X37.351 Y-25.925 E65.22363
G1 X51.383 Y-11.892 E66.05544
G1 X51.837 Y-11.914 E66.07449
G1 X37.588 Y-26.162 E66.9191
G1 X37.826 Y-26.4 E66.93321
G1 X52.312 Y-11.914 E67.7919
G1 X52.787 Y-11.914 E67.81181
G1 X38.028 Y-26.673 E68.68668
G1 X38.159 Y-27.018 E68.70215
G1 X53.263 Y-11.914 E69.59747
G1 X53.738 Y-11.914 E69.61738
G1 X38.185 Y-27.467 E70.53932
G1 X38.185 Y-27.942 E70.55923
G1 X54.213 Y-11.914 E71.50933
G1 X54.688 Y-11.914 E71.52924
G1 X38.185 Y-28.417 E72.50749
G1 X38.185 Y-28.893 E72.52744
G1 X55.164 Y-11.914 E73.53391
G1 X55.639 Y-11.914 E73.55382
G1 X38.185 Y-29.368 E74.58845
G1 X38.185 Y-29.843 E74.60836
G1 X56.114 Y-11.914 E75.67114
G1 X56.589 Y-11.914 E75.69105
G1 X38.185 Y-30.318 E76.78199
G1 X38.185 Y-30.794 E76.80194
G1 X57.065 Y-11.914 E77.9211
G1 X57.54 Y-11.914 E77.94101
G1 X38.027 Y-31.427 E79.09769
G1 E77.09769 F2400
G92 E0
G1 Z3.55 F7200
G1 X-10.423 Y-33.301
G1 Z1.55
G1 E2 F2400
G1 F900
G1 X-10.922 Y-33.8 E2.02958
M106 S132.6
;LAYER_CHANGE
;Z:1.85
;HEIGHT:0.3
G1 E.02958 F2400
G92 E0
G1 Z1.85 F7200
G1 Z3.85
G1 X65.602 Y30.971
G1 Z1.85
G1 E2 F2400
;TYPE:Perimeter
;WIDTH:0.519729
G1 F3600
G1 X65.59 Y31.012 E2.00243
G1 X65.446 Y31.052 E2.01092
;WIDTH:0.478676
G1 X65.301 Y31.091 E2.01868
;WIDTH:0.437624
G1 X65.157 Y31.13 E2.02563
;WIDTH:0.396572
G1 X61.092 Y31.13 E2.19405
;WIDTH:0.437624
G1 X60.894 Y31.151 E2.20332
;WIDTH:0.478676
G1 X60.696 Y31.171 E2.2136
;WIDTH:0.519728
G1 X60.27 Y31.192 E2.23782
G1 X60.249 Y31.466 E2.25343
;WIDTH:0.478676
G1 X60.229 Y31.74 E2.26763
;WIDTH:0.437624
G1 X60.208 Y32.014 E2.28042
;WIDTH:0.396572
G1 X60.208 Y36.079 E2.44884
;WIDTH:0.437624
G1 X60.169 Y36.223 E2.45579
;WIDTH:0.478676
G1 X60.13 Y36.368 E2.46355
;WIDTH:0.519729
G1 X60.09 Y36.512 E2.47204
G1 X59.946 Y36.552 E2.48053
;WIDTH:0.478676
G1 X59.801 Y36.591 E2.48829
;WIDTH:0.437624
G1 X59.657 Y36.63 E2.49524
;WIDTH:0.396572
G1 X-65.808 Y36.63 E7.69359
;WIDTH:0.437623
G1 X-65.952 Y36.591 E7.70054
;WIDTH:0.478674
G1 X-66.097 Y36.552 E7.7083
;WIDTH:0.519726
G1 X-66.241 Y36.512 E7.71679
G1 X-66.281 Y36.368 E7.72528
;WIDTH:0.478674
G1 X-66.32 Y36.223 E7.73304
;WIDTH:0.437622
G1 X-66.359 Y36.079 E7.73999
;WIDTH:0.39657
G1 X-66.359 Y32.014 E7.90841
;WIDTH:0.437622
G1 X-66.38 Y31.816 E7.91768
;WIDTH:0.478675
G1 X-66.4 Y31.618 E7.92796
;WIDTH:0.519728
G1 X-66.421 Y31.192 E7.95218
G1 X-66.695 Y31.171 E7.96779
;WIDTH:0.478676
G1 X-66.969 Y31.151 E7.98199
;WIDTH:0.437624
G1 X-67.243 Y31.13 E7.99478
;WIDTH:0.396572
G1 X-71.308 Y31.13 E8.1632
;WIDTH:0.437624
G1 X-71.452 Y31.091 E8.17015
;WIDTH:0.478676
G1 X-71.597 Y31.052 E8.17791
;WIDTH:0.519728
G1 X-71.741 Y31.012 E8.1864
G1 X-71.781 Y30.868 E8.19489
;WIDTH:0.478676
G1 X-71.82 Y30.723 E8.20265
;WIDTH:0.437624
G1 X-71.859 Y30.579 E8.2096
;WIDTH:0.396572
G1 X-71.859 Y-36.386 E10.98414
;WIDTH:0.437624
G1 X-71.82 Y-36.53 E10.99109
;WIDTH:0.478676
G1 X-71.781 Y-36.675 E10.99885
;WIDTH:0.519728
G1 X-71.741 Y-36.819 E11.00734
G1 X-71.597 Y-36.859 E11.01583
;WIDTH:0.478676
G1 X-71.452 Y-36.898 E11.02359
;WIDTH:0.437624
G1 X-71.308 Y-36.938 E11.03055
;WIDTH:0.396572
G1 X-67.243 Y-36.938 E11.19897
;WIDTH:0.437624
G1 X-67.045 Y-36.958 E11.20823
;WIDTH:0.478676
G1 X-66.847 Y-36.979 E11.21852
;WIDTH:0.519728
G1 X-66.421 Y-36.999 E11.24274
G1 X-66.4 Y-37.242 E11.25659
;WIDTH:0.478675
G1 X-66.38 Y-37.485 E11.26919
;WIDTH:0.437622
G1 X-66.359 Y-37.729 E11.28059
;WIDTH:0.39657
G1 X-66.359 Y-41.886 E11.45282
;WIDTH:0.437622
G1 X-66.32 Y-42.03 E11.45977
;WIDTH:0.478674
G1 X-66.281 Y-42.175 E11.46753
;WIDTH:0.519726
G1 X-66.241 Y-42.319 E11.47602
G1 X-66.097 Y-42.359 E11.48451
;WIDTH:0.478674
G1 X-65.952 Y-42.398 E11.49227
;WIDTH:0.437623
G1 X-65.808 Y-42.438 E11.49923
;WIDTH:0.396572
G1 X59.657 Y-42.438 E16.69758
;WIDTH:0.437624
G1 X59.801 Y-42.398 E16.70454
;WIDTH:0.478676
G1 X59.946 Y-42.359 E16.7123
;WIDTH:0.519729
G1 X60.09 Y-42.319 E16.72079
G1 X60.13 Y-42.175 E16.72928
;WIDTH:0.478676
G1 X60.169 Y-42.03 E16.73704
;WIDTH:0.437624
G1 X60.208 Y-41.886 E16.74399
;WIDTH:0.396572
G1 X60.208 Y-37.821 E16.91241
;WIDTH:0.437624
G1 X60.229 Y-37.623 E16.92168
;WIDTH:0.478676
G1 X60.249 Y-37.425 E16.93196
;WIDTH:0.519728
G1 X60.27 Y-36.999 E16.95618
G1 X60.544 Y-36.979 E16.97178
;WIDTH:0.478676
G1 X60.818 Y-36.958 E16.98598
;WIDTH:0.437624
G1 X61.092 Y-36.938 E16.99877
;WIDTH:0.396572
G1 X65.157 Y-36.938 E17.16719
;WIDTH:0.437624
G1 X65.301 Y-36.898 E17.17415
;WIDTH:0.478676
G1 X65.446 Y-36.859 E17.18191
;WIDTH:0.519729
G1 X65.59 Y-36.819 E17.1904
G1 X65.63 Y-36.675 E17.19889
;WIDTH:0.478676
G1 X65.669 Y-36.53 E17.20665
;WIDTH:0.437624
G1 X65.708 Y-36.386 E17.2136
;WIDTH:0.396572
G1 X65.708 Y30.579 E19.98814
;WIDTH:0.437624
G1 X65.669 Y30.723 E19.99509
;WIDTH:0.478676
G1 X65.63 Y30.868 E20.00285
;WIDTH:0.519729
G1 X65.617 Y30.913 E20.00551
G1 X65.287 Y30.718 F7200
;TYPE:External perimeter
;WIDTH:0.45
G1 F1800
G1 X65.157 Y30.771 E20.01226
G1 X59.849 Y30.771 E20.26756
G1 X59.849 Y36.079 E20.52286
G1 X59.793 Y36.215 E20.52993
G1 X59.657 Y36.271 E20.537
G1 X-65.808 Y36.271 E26.57143
G1 X-65.944 Y36.215 E26.5785
G1 X-66.001 Y36.079 E26.58559
G1 X-66.001 Y30.771 E26.84089
G1 X-71.308 Y30.771 E27.09614
G1 X-71.444 Y30.715 E27.10321
G1 X-71.501 Y30.579 E27.1103
G1 X-71.501 Y-36.386 E30.33108
G1 X-71.444 Y-36.522 E30.33817
G1 X-71.308 Y-36.579 E30.34526
G1 X-66.001 Y-36.579 E30.60051
G1 X-66.001 Y-41.886 E30.85576
G1 X-65.944 Y-42.022 E30.86285
G1 X-65.808 Y-42.079 E30.86994
G1 X59.657 Y-42.079 E36.90437
G1 X59.793 Y-42.022 E36.91146
G1 X59.849 Y-41.886 E36.91853
G1 X59.849 Y-36.579 E37.17378
G1 X65.157 Y-36.579 E37.42908
G1 X65.293 Y-36.522 E37.43617
G1 X65.349 Y-36.386 E37.44324
G1 X65.349 Y30.579 E40.66402
G1 X65.313 Y30.666 E40.66855
G1 X64.926 Y30.764 F7200
G1 E38.66855 F2400
G92 E0
G1 Z3.85 F7200
G1 X60.7 Y-37.376
G1 Z1.85
G1 E2 F2400
;TYPE:Perimeter
;WIDTH:0.519728
G1 F3600
G1 X60.803 Y-37.348 E2.00606
;WIDTH:0.478676
G1 X60.948 Y-37.309 E2.01382
;WIDTH:0.437624
G1 X61.092 Y-37.27 E2.02077
;WIDTH:0.396572
G1 X65.157 Y-37.27 E2.18919
;WIDTH:0.437624
G1 X65.431 Y-37.249 E2.20198
;WIDTH:0.478676
G1 X65.705 Y-37.229 E2.21618
;WIDTH:0.519729
G1 X65.979 Y-37.208 E2.23179
G1 X65.979 Y-36.98 E2.24474
G1 X66 Y-36.782 E2.25605
;WIDTH:0.478676
G1 X66.02 Y-36.584 E2.26633
;WIDTH:0.437624
G1 X66.041 Y-36.386 E2.2756
;WIDTH:0.396572
G1 X66.041 Y30.671 E5.05395
;WIDTH:0.437624
G1 X66.02 Y30.915 E5.06535
;WIDTH:0.478676
G1 X66 Y31.158 E5.07795
;WIDTH:0.519729
G1 X65.979 Y31.401 E5.0918
G1 X65.553 Y31.421 E5.11602
;WIDTH:0.478676
G1 X65.355 Y31.442 E5.12631
;WIDTH:0.437624
G1 X65.157 Y31.462 E5.13557
;WIDTH:0.396572
G1 X61.092 Y31.462 E5.30399
;WIDTH:0.437624
G1 X60.948 Y31.502 E5.31095
;WIDTH:0.478676
G1 X60.803 Y31.541 E5.31871
;WIDTH:0.519728
G1 X60.659 Y31.581 E5.3272
G1 X60.619 Y31.725 E5.33569
;WIDTH:0.478676
G1 X60.58 Y31.87 E5.34345
;WIDTH:0.437624
G1 X60.541 Y32.014 E5.3504
;WIDTH:0.396572
G1 X60.541 Y36.171 E5.52264
;WIDTH:0.437624
G1 X60.52 Y36.415 E5.53404
;WIDTH:0.478676
G1 X60.5 Y36.658 E5.54664
;WIDTH:0.519729
G1 X60.479 Y36.901 E5.56049
G1 X60.053 Y36.921 E5.58471
;WIDTH:0.478676
G1 X59.855 Y36.942 E5.595
;WIDTH:0.437624
G1 X59.657 Y36.962 E5.60426
;WIDTH:0.396572
G1 X-65.808 Y36.962 E10.80261
;WIDTH:0.437623
G1 X-66.082 Y36.942 E10.8154
;WIDTH:0.478674
G1 X-66.356 Y36.921 E10.8296
;WIDTH:0.519726
G1 X-66.63 Y36.901 E10.8452
G1 X-66.651 Y36.475 E10.86942
;WIDTH:0.478674
G1 X-66.671 Y36.277 E10.8797
;WIDTH:0.437622
G1 X-66.692 Y36.079 E10.88897
;WIDTH:0.39657
G1 X-66.692 Y32.014 E11.05739
;WIDTH:0.437622
G1 X-66.731 Y31.87 E11.06434
;WIDTH:0.478675
G1 X-66.77 Y31.725 E11.0721
;WIDTH:0.519728
G1 X-66.81 Y31.581 E11.08059
G1 X-66.954 Y31.541 E11.08908
;WIDTH:0.478676
G1 X-67.099 Y31.502 E11.09684
;WIDTH:0.437624
G1 X-67.243 Y31.462 E11.1038
;WIDTH:0.396572
G1 X-71.308 Y31.462 E11.27222
;WIDTH:0.437624
G1 X-71.582 Y31.442 E11.28501
;WIDTH:0.478676
G1 X-71.856 Y31.421 E11.29921
;WIDTH:0.519728
G1 X-72.13 Y31.401 E11.31481
G1 X-72.151 Y30.975 E11.33903
;WIDTH:0.478676
G1 X-72.171 Y30.777 E11.34931
;WIDTH:0.437624
G1 X-72.192 Y30.579 E11.35858
;WIDTH:0.396572
G1 X-72.192 Y-36.386 E14.13312
;WIDTH:0.437624
G1 X-72.171 Y-36.66 E14.14591
;WIDTH:0.478676
G1 X-72.151 Y-36.934 E14.16011
;WIDTH:0.519728
G1 X-72.13 Y-37.208 E14.17572
G1 X-71.704 Y-37.229 E14.19994
;WIDTH:0.478676
G1 X-71.506 Y-37.249 E14.21022
;WIDTH:0.437624
G1 X-71.308 Y-37.27 E14.21949
;WIDTH:0.396572
G1 X-67.243 Y-37.27 E14.38791
;WIDTH:0.437624
G1 X-67.099 Y-37.309 E14.39486
;WIDTH:0.478676
G1 X-66.954 Y-37.348 E14.40262
;WIDTH:0.519728
G1 X-66.81 Y-37.388 E14.41111
G1 X-66.77 Y-37.532 E14.4196
;WIDTH:0.478675
G1 X-66.731 Y-37.677 E14.42736
;WIDTH:0.437622
G1 X-66.692 Y-37.821 E14.43431
;WIDTH:0.39657
G1 X-66.692 Y-41.886 E14.60273
;WIDTH:0.437622
G1 X-66.671 Y-42.16 E14.61552
;WIDTH:0.478674
G1 X-66.651 Y-42.434 E14.62972
;WIDTH:0.519726
G1 X-66.63 Y-42.708 E14.64533
G1 X-66.204 Y-42.729 E14.66955
;WIDTH:0.478674
G1 X-66.006 Y-42.749 E14.67983
;WIDTH:0.437623
G1 X-65.808 Y-42.77 E14.6891
;WIDTH:0.396572
G1 X59.657 Y-42.77 E19.88745
;WIDTH:0.437624
G1 X59.931 Y-42.749 E19.90024
;WIDTH:0.478676
G1 X60.205 Y-42.729 E19.91444
;WIDTH:0.519729
G1 X60.479 Y-42.708 E19.93005
G1 X60.5 Y-42.282 E19.95427
;WIDTH:0.478676
G1 X60.52 Y-42.084 E19.96455
;WIDTH:0.437624
G1 X60.541 Y-41.886 E19.97382
;WIDTH:0.396572
G1 X60.541 Y-37.821 E20.14224
;WIDTH:0.437624
G1 X60.58 Y-37.677 E20.14919
;WIDTH:0.478676
G1 X60.619 Y-37.532 E20.15695
;WIDTH:0.519728
G1 X60.654 Y-37.404 E20.16449
G1 X60.953 Y-37.691 F7200
;TYPE:External perimeter
;WIDTH:0.45
G1 F1800
G1 X60.956 Y-37.685 E20.16481
G1 X61.092 Y-37.629 E20.17188
G1 X66.399 Y-37.629 E20.42713
G1 X66.399 Y31.821 E23.76743
G1 X61.092 Y31.821 E24.02268
G1 X60.956 Y31.878 E24.02977
G1 X60.899 Y32.014 E24.03686
G1 X60.899 Y37.321 E24.29211
G1 X-67.051 Y37.321 E30.44606
G1 X-67.051 Y32.014 E30.70131
G1 X-67.107 Y31.878 E30.70838
G1 X-67.243 Y31.821 E30.71547
G1 X-72.551 Y31.821 E30.97077
G1 X-72.551 Y-37.629 E34.31107
G1 X-67.243 Y-37.629 E34.56637
G1 X-67.107 Y-37.685 E34.57344
G1 X-67.051 Y-37.821 E34.58051
G1 X-67.051 Y-43.129 E34.83581
G1 X60.899 Y-43.129 E40.98976
G1 X60.899 Y-37.821 E41.24506
G1 X60.93 Y-37.747 E41.24892
G1 X61.314 Y-37.635 F7200
;LAYER_CHANGE
;Z:2.15
;HEIGHT:0.3
G1 E39.24892 F2400
G92 E0
G1 Z2.15 F7200
G1 Z4.15
G1 X65.602 Y30.971
G1 Z2.15
G1 E2 F2400
;TYPE:Perimeter
;WIDTH:0.519729
G1 F3600
G1 X65.59 Y31.012 E2.00243
G1 X65.446 Y31.052 E2.01092
;WIDTH:0.478676
G1 X65.301 Y31.091 E2.01868
;WIDTH:0.437624
G1 X65.157 Y31.13 E2.02563
;WIDTH:0.396572
G1 X61.092 Y31.13 E2.19405
;WIDTH:0.437624
G1 X60.894 Y31.151 E2.20332
;WIDTH:0.478676
G1 X60.696 Y31.171 E2.2136
;WIDTH:0.519728
G1 X60.27 Y31.192 E2.23782
G1 X60.249 Y31.466 E2.25343
;WIDTH:0.478676
G1 X60.229 Y31.74 E2.26763
;WIDTH:0.437624
G1 X60.208 Y32.014 E2.28042
;WIDTH:0.396572
G1 X60.208 Y36.079 E2.44884
;WIDTH:0.437624
G1 X60.169 Y36.223 E2.45579
;WIDTH:0.478676
G1 X60.13 Y36.368 E2.46355
;WIDTH:0.519729
G1 X60.09 Y36.512 E2.47204
G1 X59.946 Y36.552 E2.48053
;WIDTH:0.478676
G1 X59.801 Y36.591 E2.48829
;WIDTH:0.437624
G1 X59.657 Y36.63 E2.49524
;WIDTH:0.396572
G1 X-65.808 Y36.63 E7.69359
;WIDTH:0.437623
G1 X-65.952 Y36.591 E7.70054
;WIDTH:0.478675
G1 X-66.097 Y36.552 E7.7083
;WIDTH:0.519727
G1 X-66.241 Y36.512 E7.71679
G1 X-66.281 Y36.368 E7.72528
;WIDTH:0.478674
G1 X-66.32 Y36.223 E7.73304
;WIDTH:0.437622
G1 X-66.359 Y36.079 E7.73999
;WIDTH:0.39657
G1 X-66.359 Y32.014 E7.90841
;WIDTH:0.437622
G1 X-66.38 Y31.816 E7.91768
;WIDTH:0.478674
G1 X-66.4 Y31.618 E7.92796
;WIDTH:0.519727
G1 X-66.421 Y31.192 E7.95218
G1 X-66.695 Y31.171 E7.96779
;WIDTH:0.478675
G1 X-66.969 Y31.151 E7.98199
;WIDTH:0.437623
G1 X-67.243 Y31.13 E7.99478
;WIDTH:0.396572
G1 X-71.308 Y31.13 E8.1632
;WIDTH:0.437624
G1 X-71.452 Y31.091 E8.17015
;WIDTH:0.478676
G1 X-71.597 Y31.052 E8.17791
;WIDTH:0.519728
G1 X-71.741 Y31.012 E8.1864
G1 X-71.781 Y30.868 E8.19489
;WIDTH:0.478676
G1 X-71.82 Y30.723 E8.20265
;WIDTH:0.437624
G1 X-71.859 Y30.579 E8.2096
;WIDTH:0.396572
G1 X-71.859 Y-36.386 E10.98414
;WIDTH:0.437624
G1 X-71.82 Y-36.53 E10.99109
;WIDTH:0.478676
G1 X-71.781 Y-36.675 E10.99885
;WIDTH:0.519729
G1 X-71.741 Y-36.819 E11.00734
G1 X-71.597 Y-36.859 E11.01583
;WIDTH:0.478676
G1 X-71.452 Y-36.898 E11.02359
;WIDTH:0.437624
G1 X-71.308 Y-36.938 E11.03055
;WIDTH:0.396572
G1 X-67.243 Y-36.938 E11.19897
;WIDTH:0.437623
G1 X-67.045 Y-36.958 E11.20823
;WIDTH:0.478675
G1 X-66.847 Y-36.979 E11.21852
;WIDTH:0.519727
G1 X-66.421 Y-36.999 E11.24274
G1 X-66.4 Y-37.242 E11.25659
;WIDTH:0.478674
G1 X-66.38 Y-37.485 E11.26919
;WIDTH:0.437622
G1 X-66.359 Y-37.729 E11.28059
;WIDTH:0.39657
G1 X-66.359 Y-41.886 E11.45282
;WIDTH:0.437622
G1 X-66.32 Y-42.03 E11.45977
;WIDTH:0.478674
G1 X-66.281 Y-42.175 E11.46753
;WIDTH:0.519727
G1 X-66.241 Y-42.319 E11.47602
G1 X-66.097 Y-42.359 E11.48451
;WIDTH:0.478675
G1 X-65.952 Y-42.398 E11.49227
;WIDTH:0.437623
G1 X-65.808 Y-42.438 E11.49923
;WIDTH:0.396572
G1 X59.657 Y-42.438 E16.69758
;WIDTH:0.437624
G1 X59.801 Y-42.398 E16.70454
;WIDTH:0.478676
G1 X59.946 Y-42.359 E16.7123
;WIDTH:0.519729
G1 X60.09 Y-42.319 E16.72079
G1 X60.13 Y-42.175 E16.72928
;WIDTH:0.478676
G1 X60.169 Y-42.03 E16.73704
;WIDTH:0.437624
G1 X60.208 Y-41.886 E16.74399
;WIDTH:0.396572
G1 X60.208 Y-37.821 E16.91241
;WIDTH:0.437624
G1 X60.229 Y-37.623 E16.92168
;WIDTH:0.478676
G1 X60.249 Y-37.425 E16.93196
;WIDTH:0.519729
G1 X60.27 Y-36.999 E16.95618
G1 X60.544 Y-36.979 E16.97178
;WIDTH:0.478676
G1 X60.818 Y-36.958 E16.98598
;WIDTH:0.437623
G1 X61.092 Y-36.938 E16.99877
;WIDTH:0.396572
G1 X65.157 Y-36.938 E17.16719
;WIDTH:0.437624
G1 X65.301 Y-36.898 E17.17415
;WIDTH:0.478676
G1 X65.446 Y-36.859 E17.18191
;WIDTH:0.519728
G1 X65.59 Y-36.819 E17.1904
G1 X65.63 Y-36.675 E17.19889
;WIDTH:0.478676
G1 X65.669 Y-36.53 E17.20665
;WIDTH:0.437624
G1 X65.708 Y-36.386 E17.2136
;WIDTH:0.396572
G1 X65.708 Y30.579 E19.98814
;WIDTH:0.437624
G1 X65.669 Y30.723 E19.99509
;WIDTH:0.478676
G1 X65.63 Y30.868 E20.00285
;WIDTH:0.519729
G1 X65.617 Y30.913 E20.00551
G1 X65.287 Y30.718 F7200
;TYPE:External perimeter
;WIDTH:0.45
G1 F1800
G1 X65.157 Y30.771 E20.01226
G1 X59.849 Y30.771 E20.26756
G1 X59.849 Y36.079 E20.52286
G1 X59.793 Y36.215 E20.52993
G1 X59.657 Y36.271 E20.537
G1 X-65.808 Y36.271 E26.57143
G1 X-65.944 Y36.215 E26.5785
G1 X-66.001 Y36.079 E26.58559
G1 X-66.001 Y30.771 E26.84089
G1 X-71.308 Y30.771 E27.09614
G1 X-71.444 Y30.715 E27.10321
G1 X-71.501 Y30.579 E27.1103
G1 X-71.501 Y-36.386 E30.33108
G1 X-71.444 Y-36.522 E30.33817
G1 X-71.308 Y-36.579 E30.34526
G1 X-66.001 Y-36.579 E30.60051
G1 X-66.001 Y-41.886 E30.85576
G1 X-65.944 Y-42.022 E30.86285
G1 X-65.808 Y-42.079 E30.86994
G1 X59.657 Y-42.079 E36.90437
G1 X59.793 Y-42.022 E36.91146
G1 X59.849 Y-41.886 E36.91853
G1 X59.849 Y-36.579 E37.17378
G1 X65.157 Y-36.579 E37.42908
G1 X65.293 Y-36.522 E37.43617
G1 X65.349 Y-36.386 E37.44324
G1 X65.349 Y30.579 E40.66402
G1 X65.313 Y30.666 E40.66855
G1 X64.926 Y30.764 F7200
G1 E38.66855 F2400
G92 E0
G1 Z4.15 F7200
G1 X60.7 Y-37.376
G1 Z2.15
G1 E2 F2400
;TYPE:Perimeter
;WIDTH:0.519729
G1 F3600
G1 X60.803 Y-37.348 E2.00606
;WIDTH:0.478676
G1 X60.948 Y-37.309 E2.01382
;WIDTH:0.437623
G1 X61.092 Y-37.27 E2.02077
;WIDTH:0.396572
G1 X65.157 Y-37.27 E2.18919
;WIDTH:0.437624
G1 X65.431 Y-37.249 E2.20198
;WIDTH:0.478676
G1 X65.705 Y-37.229 E2.21618
;WIDTH:0.519728
G1 X65.979 Y-37.208 E2.23179
G1 X65.979 Y-36.98 E2.24474
G1 X66 Y-36.782 E2.25605
;WIDTH:0.478676
G1 X66.02 Y-36.584 E2.26633
;WIDTH:0.437624
G1 X66.041 Y-36.386 E2.2756
;WIDTH:0.396572
G1 X66.041 Y30.671 E5.05395
;WIDTH:0.437624
G1 X66.02 Y30.915 E5.06535
;WIDTH:0.478676
G1 X66 Y31.158 E5.07795
;WIDTH:0.519729
G1 X65.979 Y31.401 E5.0918
G1 X65.553 Y31.421 E5.11602
;WIDTH:0.478676
G1 X65.355 Y31.442 E5.12631
;WIDTH:0.437624
G1 X65.157 Y31.462 E5.13557
;WIDTH:0.396572
G1 X61.092 Y31.462 E5.30399
;WIDTH:0.437624
G1 X60.948 Y31.502 E5.31095
;WIDTH:0.478676
G1 X60.803 Y31.541 E5.31871
;WIDTH:0.519728
G1 X60.659 Y31.581 E5.3272
G1 X60.619 Y31.725 E5.33569
;WIDTH:0.478676
G1 X60.58 Y31.87 E5.34345
;WIDTH:0.437624
G1 X60.541 Y32.014 E5.3504
;WIDTH:0.396572
G1 X60.541 Y36.171 E5.52264
;WIDTH:0.437624
G1 X60.52 Y36.415 E5.53404
;WIDTH:0.478676
G1 X60.5 Y36.658 E5.54664
;WIDTH:0.519729
G1 X60.479 Y36.901 E5.56049
G1 X60.053 Y36.921 E5.58471
;WIDTH:0.478676
G1 X59.855 Y36.942 E5.595
;WIDTH:0.437624
G1 X59.657 Y36.962 E5.60426
;WIDTH:0.396572
G1 X-65.808 Y36.962 E10.80261
;WIDTH:0.437623
G1 X-66.082 Y36.942 E10.8154
;WIDTH:0.478675
G1 X-66.356 Y36.921 E10.8296
;WIDTH:0.519727
G1 X-66.63 Y36.901 E10.8452
G1 X-66.651 Y36.475 E10.86942
;WIDTH:0.478674
G1 X-66.671 Y36.277 E10.8797
;WIDTH:0.437622
G1 X-66.692 Y36.079 E10.88897
;WIDTH:0.39657
G1 X-66.692 Y32.014 E11.05739
;WIDTH:0.437622
G1 X-66.731 Y31.87 E11.06434
;WIDTH:0.478674
G1 X-66.77 Y31.725 E11.0721
;WIDTH:0.519727
G1 X-66.81 Y31.581 E11.08059
G1 X-66.954 Y31.541 E11.08908
;WIDTH:0.478675
G1 X-67.099 Y31.502 E11.09684
;WIDTH:0.437623
G1 X-67.243 Y31.462 E11.1038
;WIDTH:0.396572
G1 X-71.308 Y31.462 E11.27222
;WIDTH:0.437624
G1 X-71.582 Y31.442 E11.28501
;WIDTH:0.478676
G1 X-71.856 Y31.421 E11.29921
;WIDTH:0.519728
G1 X-72.13 Y31.401 E11.31481
G1 X-72.151 Y30.975 E11.33903
;WIDTH:0.478676
G1 X-72.171 Y30.777 E11.34931
;WIDTH:0.437624
G1 X-72.192 Y30.579 E11.35858
;WIDTH:0.396572
G1 X-72.192 Y-36.386 E14.13312
;WIDTH:0.437624
G1 X-72.171 Y-36.66 E14.14591
;WIDTH:0.478676
G1 X-72.151 Y-36.934 E14.16011
;WIDTH:0.519729
G1 X-72.13 Y-37.208 E14.17572
G1 X-71.704 Y-37.229 E14.19994
;WIDTH:0.478676
G1 X-71.506 Y-37.249 E14.21022
;WIDTH:0.437624
G1 X-71.308 Y-37.27 E14.21949
;WIDTH:0.396572
G1 X-67.243 Y-37.27 E14.38791
;WIDTH:0.437623
G1 X-67.099 Y-37.309 E14.39486
;WIDTH:0.478675
G1 X-66.954 Y-37.348 E14.40262
;WIDTH:0.519727
G1 X-66.81 Y-37.388 E14.41111
G1 X-66.77 Y-37.532 E14.4196
;WIDTH:0.478674
G1 X-66.731 Y-37.677 E14.42736
;WIDTH:0.437622
G1 X-66.692 Y-37.821 E14.43431
;WIDTH:0.39657
G1 X-66.692 Y-41.886 E14.60273
;WIDTH:0.437622
G1 X-66.671 Y-42.16 E14.61552
;WIDTH:0.478674
G1 X-66.651 Y-42.434 E14.62972
;WIDTH:0.519727
G1 X-66.63 Y-42.708 E14.64533
G1 X-66.204 Y-42.729 E14.66955
;WIDTH:0.478675
G1 X-66.006 Y-42.749 E14.67983
;WIDTH:0.437623
G1 X-65.808 Y-42.77 E14.6891
;WIDTH:0.396572
G1 X59.657 Y-42.77 E19.88745
;WIDTH:0.437624
G1 X59.931 Y-42.749 E19.90024
;WIDTH:0.478676
G1 X60.205 Y-42.729 E19.91444
;WIDTH:0.519729
G1 X60.479 Y-42.708 E19.93005
G1 X60.5 Y-42.282 E19.95427
;WIDTH:0.478676
G1 X60.52 Y-42.084 E19.96455
;WIDTH:0.437624
G1 X60.541 Y-41.886 E19.97382
;WIDTH:0.396572
G1 X60.541 Y-37.821 E20.14224
;WIDTH:0.437624
G1 X60.58 Y-37.677 E20.14919
;WIDTH:0.478676
G1 X60.619 Y-37.532 E20.15695
;WIDTH:0.519729
G1 X60.654 Y-37.404 E20.16449
G1 X60.953 Y-37.691 F7200
;TYPE:External perimeter
;WIDTH:0.45
G1 F1800
G1 X60.956 Y-37.685 E20.16481
G1 X61.092 Y-37.629 E20.17188
G1 X66.399 Y-37.629 E20.42713
G1 X66.399 Y31.821 E23.76743
G1 X61.092 Y31.821 E24.02268
G1 X60.956 Y31.878 E24.02977
G1 X60.899 Y32.014 E24.03686
G1 X60.899 Y37.321 E24.29211
G1 X-67.051 Y37.321 E30.44606
G1 X-67.051 Y32.014 E30.70131
G1 X-67.107 Y31.878 E30.70838
G1 X-67.243 Y31.821 E30.71547
G1 X-72.551 Y31.821 E30.97077
G1 X-72.551 Y-37.629 E34.31107
G1 X-67.243 Y-37.629 E34.56637
G1 X-67.107 Y-37.685 E34.57344
G1 X-67.051 Y-37.821 E34.58051
G1 X-67.051 Y-43.129 E34.83581
G1 X60.899 Y-43.129 E40.98976
G1 X60.899 Y-37.821 E41.24506
G1 X60.93 Y-37.747 E41.24892
G1 X61.314 Y-37.635 F7200
;LAYER_CHANGE
;Z:2.45
;HEIGHT:0.3
G1 E39.24892 F2400
G92 E0
G1 Z2.45 F7200
G1 Z4.45
G1 X65.602 Y30.971
G1 Z2.45
G1 E2 F2400
;TYPE:Perimeter
;WIDTH:0.519729
G1 F3600
G1 X65.59 Y31.012 E2.00243
G1 X65.446 Y31.052 E2.01092
;WIDTH:0.478676
G1 X65.301 Y31.091 E2.01868
;WIDTH:0.437624
G1 X65.157 Y31.13 E2.02563
;WIDTH:0.396572
G1 X61.092 Y31.13 E2.19405
;WIDTH:0.437624
G1 X60.894 Y31.151 E2.20332
;WIDTH:0.478676
G1 X60.696 Y31.171 E2.2136
;WIDTH:0.519728
G1 X60.27 Y31.192 E2.23782
G1 X60.249 Y31.466 E2.25343
;WIDTH:0.478676
G1 X60.229 Y31.74 E2.26763
;WIDTH:0.437624
G1 X60.208 Y32.014 E2.28042
;WIDTH:0.396572
G1 X60.208 Y36.079 E2.44884
;WIDTH:0.437624
G1 X60.169 Y36.223 E2.45579
;WIDTH:0.478676
G1 X60.13 Y36.368 E2.46355
;WIDTH:0.519729
G1 X60.09 Y36.512 E2.47204
G1 X59.946 Y36.552 E2.48053
;WIDTH:0.478676
G1 X59.801 Y36.591 E2.48829
;WIDTH:0.437624
G1 X59.657 Y36.63 E2.49524
;WIDTH:0.396572
G1 X-65.808 Y36.63 E7.69359
;WIDTH:0.437623
G1 X-65.952 Y36.591 E7.70054
;WIDTH:0.478674
G1 X-66.097 Y36.552 E7.7083
;WIDTH:0.519726
G1 X-66.241 Y36.512 E7.71679
G1 X-66.281 Y36.368 E7.72528
;WIDTH:0.478674
G1 X-66.32 Y36.223 E7.73304
;WIDTH:0.437622
G1 X-66.359 Y36.079 E7.73999
;WIDTH:0.39657
G1 X-66.359 Y32.014 E7.90841
;WIDTH:0.437622
G1 X-66.38 Y31.816 E7.91768
;WIDTH:0.478675
G1 X-66.4 Y31.618 E7.92796
;WIDTH:0.519728
G1 X-66.421 Y31.192 E7.95218
G1 X-66.695 Y31.171 E7.96779
;WIDTH:0.478676
G1 X-66.969 Y31.151 E7.98199
;WIDTH:0.437624
G1 X-67.243 Y31.13 E7.99478
;WIDTH:0.396572
G1 X-71.308 Y31.13 E8.1632
;WIDTH:0.437624
G1 X-71.452 Y31.091 E8.17015
;WIDTH:0.478676
G1 X-71.597 Y31.052 E8.17791
;WIDTH:0.519728
G1 X-71.741 Y31.012 E8.1864
G1 X-71.781 Y30.868 E8.19489
;WIDTH:0.478676
G1 X-71.82 Y30.723 E8.20265
;WIDTH:0.437624
G1 X-71.859 Y30.579 E8.2096
;WIDTH:0.396572
G1 X-71.859 Y-36.386 E10.98414
;WIDTH:0.437624
G1 X-71.82 Y-36.53 E10.99109
;WIDTH:0.478676
G1 X-71.781 Y-36.675 E10.99885
;WIDTH:0.519728
G1 X-71.741 Y-36.819 E11.00734
G1 X-71.597 Y-36.859 E11.01583
;WIDTH:0.478676
G1 X-71.452 Y-36.898 E11.02359
;WIDTH:0.437624
G1 X-71.308 Y-36.938 E11.03055
;WIDTH:0.396572
G1 X-67.243 Y-36.938 E11.19897
;WIDTH:0.437624
G1 X-67.045 Y-36.958 E11.20823
;WIDTH:0.478676
G1 X-66.847 Y-36.979 E11.21852
;WIDTH:0.519728
G1 X-66.421 Y-36.999 E11.24274
G1 X-66.4 Y-37.242 E11.25659
;WIDTH:0.478675
G1 X-66.38 Y-37.485 E11.26919
;WIDTH:0.437622
G1 X-66.359 Y-37.729 E11.28059
;WIDTH:0.39657
G1 X-66.359 Y-41.886 E11.45282
;WIDTH:0.437622
G1 X-66.32 Y-42.03 E11.45977
;WIDTH:0.478674
G1 X-66.281 Y-42.175 E11.46753
;WIDTH:0.519726
G1 X-66.241 Y-42.319 E11.47602
G1 X-66.097 Y-42.359 E11.48451
;WIDTH:0.478674
G1 X-65.952 Y-42.398 E11.49227
;WIDTH:0.437623
G1 X-65.808 Y-42.438 E11.49923
;WIDTH:0.396572
G1 X59.657 Y-42.438 E16.69758
;WIDTH:0.437624
G1 X59.801 Y-42.398 E16.70454
;WIDTH:0.478676
G1 X59.946 Y-42.359 E16.7123
;WIDTH:0.519729
G1 X60.09 Y-42.319 E16.72079
G1 X60.13 Y-42.175 E16.72928
;WIDTH:0.478676
G1 X60.169 Y-42.03 E16.73704
;WIDTH:0.437624
G1 X60.208 Y-41.886 E16.74399
;WIDTH:0.396572
G1 X60.208 Y-37.821 E16.91241
;WIDTH:0.437624
G1 X60.229 Y-37.623 E16.92168
;WIDTH:0.478676
G1 X60.249 Y-37.425 E16.93196
;WIDTH:0.519728
G1 X60.27 Y-36.999 E16.95618
G1 X60.544 Y-36.979 E16.97178
;WIDTH:0.478676
G1 X60.818 Y-36.958 E16.98598
;WIDTH:0.437624
G1 X61.092 Y-36.938 E16.99877
;WIDTH:0.396572
G1 X65.157 Y-36.938 E17.16719
;WIDTH:0.437624
G1 X65.301 Y-36.898 E17.17415
;WIDTH:0.478676
G1 X65.446 Y-36.859 E17.18191
;WIDTH:0.519729
G1 X65.59 Y-36.819 E17.1904
G1 X65.63 Y-36.675 E17.19889
;WIDTH:0.478676
G1 X65.669 Y-36.53 E17.20665
;WIDTH:0.437624
G1 X65.708 Y-36.386 E17.2136
;WIDTH:0.396572
G1 X65.708 Y30.579 E19.98814
;WIDTH:0.437624
G1 X65.669 Y30.723 E19.99509
;WIDTH:0.478676
G1 X65.63 Y30.868 E20.00285
;WIDTH:0.519729
G1 X65.617 Y30.913 E20.00551
G1 X65.287 Y30.718 F7200
;TYPE:External perimeter
;WIDTH:0.45
G1 F1800
G1 X65.157 Y30.771 E20.01226
G1 X59.849 Y30.771 E20.26756
G1 X59.849 Y36.079 E20.52286
G1 X59.793 Y36.215 E20.52993
G1 X59.657 Y36.271 E20.537
G1 X-65.808 Y36.271 E26.57143
G1 X-65.944 Y36.215 E26.5785
G1 X-66.001 Y36.079 E26.58559
G1 X-66.001 Y30.771 E26.84089
G1 X-71.308 Y30.771 E27.09614
G1 X-71.444 Y30.715 E27.10321
G1 X-71.501 Y30.579 E27.1103
G1 X-71.501 Y-36.386 E30.33108
G1 X-71.444 Y-36.522 E30.33817
G1 X-71.308 Y-36.579 E30.34526
G1 X-66.001 Y-36.579 E30.60051
G1 X-66.001 Y-41.886 E30.85576
G1 X-65.944 Y-42.022 E30.86285
G1 X-65.808 Y-42.079 E30.86994
G1 X59.657 Y-42.079 E36.90437
G1 X59.793 Y-42.022 E36.91146
G1 X59.849 Y-41.886 E36.91853
G1 X59.849 Y-36.579 E37.17378
G1 X65.157 Y-36.579 E37.42908
G1 X65.293 Y-36.522 E37.43617
G1 X65.349 Y-36.386 E37.44324
G1 X65.349 Y30.579 E40.66402
G1 X65.313 Y30.666 E40.66855
G1 X64.926 Y30.764 F7200
G1 E38.66855 F2400
G92 E0
G1 Z4.45 F7200
G1 X60.7 Y-37.376
G1 Z2.45
G1 E2 F2400
;TYPE:Perimeter
;WIDTH:0.519728
G1 F3600
G1 X60.803 Y-37.348 E2.00606
;WIDTH:0.478676
G1 X60.948 Y-37.309 E2.01382
;WIDTH:0.437624
G1 X61.092 Y-37.27 E2.02077
;WIDTH:0.396572
G1 X65.157 Y-37.27 E2.18919
;WIDTH:0.437624
G1 X65.431 Y-37.249 E2.20198
;WIDTH:0.478676
G1 X65.705 Y-37.229 E2.21618
;WIDTH:0.519729
G1 X65.979 Y-37.208 E2.23179
G1 X65.979 Y-36.98 E2.24474
G1 X66 Y-36.782 E2.25605
;WIDTH:0.478676
G1 X66.02 Y-36.584 E2.26633
;WIDTH:0.437624
G1 X66.041 Y-36.386 E2.2756
;WIDTH:0.396572
G1 X66.041 Y30.671 E5.05395
;WIDTH:0.437624
G1 X66.02 Y30.915 E5.06535
;WIDTH:0.478676
G1 X66 Y31.158 E5.07795
;WIDTH:0.519729
G1 X65.979 Y31.401 E5.0918
G1 X65.553 Y31.421 E5.11602
;WIDTH:0.478676
G1 X65.355 Y31.442 E5.12631
;WIDTH:0.437624
G1 X65.157 Y31.462 E5.13557
;WIDTH:0.396572
G1 X61.092 Y31.462 E5.30399
;WIDTH:0.437624
G1 X60.948 Y31.502 E5.31095
;WIDTH:0.478676
G1 X60.803 Y31.541 E5.31871
;WIDTH:0.519728
G1 X60.659 Y31.581 E5.3272
G1 X60.619 Y31.725 E5.33569
;WIDTH:0.478676
G1 X60.58 Y31.87 E5.34345
;WIDTH:0.437624
G1 X60.541 Y32.014 E5.3504
;WIDTH:0.396572
G1 X60.541 Y36.171 E5.52264
;WIDTH:0.437624
G1 X60.52 Y36.415 E5.53404
;WIDTH:0.478676
G1 X60.5 Y36.658 E5.54664
;WIDTH:0.519729
G1 X60.479 Y36.901 E5.56049
G1 X60.053 Y36.921 E5.58471
;WIDTH:0.478676
G1 X59.855 Y36.942 E5.595
;WIDTH:0.437624
G1 X59.657 Y36.962 E5.60426
;WIDTH:0.396572
G1 X-65.808 Y36.962 E10.80261
;WIDTH:0.437623
G1 X-66.082 Y36.942 E10.8154
;WIDTH:0.478674
G1 X-66.356 Y36.921 E10.8296
;WIDTH:0.519726
G1 X-66.63 Y36.901 E10.8452
G1 X-66.651 Y36.475 E10.86942
;WIDTH:0.478674
G1 X-66.671 Y36.277 E10.8797
;WIDTH:0.437622
G1 X-66.692 Y36.079 E10.88897
;WIDTH:0.39657
G1 X-66.692 Y32.014 E11.05739
;WIDTH:0.437622
G1 X-66.731 Y31.87 E11.06434
;WIDTH:0.478675
G1 X-66.77 Y31.725 E11.0721
;WIDTH:0.519728
G1 X-66.81 Y31.581 E11.08059
G1 X-66.954 Y31.541 E11.08908
;WIDTH:0.478676
G1 X-67.099 Y31.502 E11.09684
;WIDTH:0.437624
G1 X-67.243 Y31.462 E11.1038
;WIDTH:0.396572
G1 X-71.308 Y31.462 E11.27222
;WIDTH:0.437624
G1 X-71.582 Y31.442 E11.28501
;WIDTH:0.478676
G1 X-71.856 Y31.421 E11.29921
;WIDTH:0.519728
G1 X-72.13 Y31.401 E11.31481
G1 X-72.151 Y30.975 E11.33903
;WIDTH:0.478676
G1 X-72.171 Y30.777 E11.34931
;WIDTH:0.437624
G1 X-72.192 Y30.579 E11.35858
;WIDTH:0.396572
G1 X-72.192 Y-36.386 E14.13312
;WIDTH:0.437624
G1 X-72.171 Y-36.66 E14.14591
;WIDTH:0.478676
G1 X-72.151 Y-36.934 E14.16011
;WIDTH:0.519728
G1 X-72.13 Y-37.208 E14.17572
G1 X-71.704 Y-37.229 E14.19994
;WIDTH:0.478676
G1 X-71.506 Y-37.249 E14.21022
;WIDTH:0.437624
G1 X-71.308 Y-37.27 E14.21949
;WIDTH:0.396572
G1 X-67.243 Y-37.27 E14.38791
;WIDTH:0.437624
G1 X-67.099 Y-37.309 E14.39486
;WIDTH:0.478676
G1 X-66.954 Y-37.348 E14.40262
;WIDTH:0.519728
G1 X-66.81 Y-37.388 E14.41111
G1 X-66.77 Y-37.532 E14.4196
;WIDTH:0.478675
G1 X-66.731 Y-37.677 E14.42736
;WIDTH:0.437622
G1 X-66.692 Y-37.821 E14.43431
;WIDTH:0.39657
G1 X-66.692 Y-41.886 E14.60273
;WIDTH:0.437622
G1 X-66.671 Y-42.16 E14.61552
;WIDTH:0.478674
G1 X-66.651 Y-42.434 E14.62972
;WIDTH:0.519726
G1 X-66.63 Y-42.708 E14.64533
G1 X-66.204 Y-42.729 E14.66955
;WIDTH:0.478674
G1 X-66.006 Y-42.749 E14.67983
;WIDTH:0.437623
G1 X-65.808 Y-42.77 E14.6891
;WIDTH:0.396572
G1 X59.657 Y-42.77 E19.88745
;WIDTH:0.437624
G1 X59.931 Y-42.749 E19.90024
;WIDTH:0.478676
G1 X60.205 Y-42.729 E19.91444
;WIDTH:0.519729
G1 X60.479 Y-42.708 E19.93005
G1 X60.5 Y-42.282 E19.95427
;WIDTH:0.478676
G1 X60.52 Y-42.084 E19.96455
;WIDTH:0.437624
G1 X60.541 Y-41.886 E19.97382
;WIDTH:0.396572
G1 X60.541 Y-37.821 E20.14224
;WIDTH:0.437624
G1 X60.58 Y-37.677 E20.14919
;WIDTH:0.478676
G1 X60.619 Y-37.532 E20.15695
;WIDTH:0.519728
G1 X60.654 Y-37.404 E20.16449
G1 X60.953 Y-37.691 F7200
;TYPE:External perimeter
;WIDTH:0.45
G1 F1800
G1 X60.956 Y-37.685 E20.16481
G1 X61.092 Y-37.629 E20.17188
G1 X66.399 Y-37.629 E20.42713
G1 X66.399 Y31.821 E23.76743
G1 X61.092 Y31.821 E24.02268
G1 X60.956 Y31.878 E24.02977
G1 X60.899 Y32.014 E24.03686
G1 X60.899 Y37.321 E24.29211
G1 X-67.051 Y37.321 E30.44606
G1 X-67.051 Y32.014 E30.70131
G1 X-67.107 Y31.878 E30.70838
G1 X-67.243 Y31.821 E30.71547
G1 X-72.551 Y31.821 E30.97077
G1 X-72.551 Y-37.629 E34.31107
G1 X-67.243 Y-37.629 E34.56637
G1 X-67.107 Y-37.685 E34.57344
G1 X-67.051 Y-37.821 E34.58051
G1 X-67.051 Y-43.129 E34.83581
G1 X60.899 Y-43.129 E40.98976
G1 X60.899 Y-37.821 E41.24506
G1 X60.93 Y-37.747 E41.24892
G1 X61.314 Y-37.635 F7200
;LAYER_CHANGE
;Z:2.75
;HEIGHT:0.3
G1 E39.24892 F2400
G92 E0
G1 Z2.75 F7200
G1 Z4.75
G1 X65.602 Y30.971
G1 Z2.75
G1 E2 F2400
;TYPE:Perimeter
;WIDTH:0.519729
G1 F3600
G1 X65.59 Y31.012 E2.00243
G1 X65.446 Y31.052 E2.01092
;WIDTH:0.478676
G1 X65.301 Y31.091 E2.01868
;WIDTH:0.437624
G1 X65.157 Y31.13 E2.02563
;WIDTH:0.396572
G1 X61.092 Y31.13 E2.19405
;WIDTH:0.437624
G1 X60.894 Y31.151 E2.20332
;WIDTH:0.478676
G1 X60.696 Y31.171 E2.2136
;WIDTH:0.519728
G1 X60.27 Y31.192 E2.23782
G1 X60.249 Y31.466 E2.25343
;WIDTH:0.478676
G1 X60.229 Y31.74 E2.26763
;WIDTH:0.437624
G1 X60.208 Y32.014 E2.28042
;WIDTH:0.396572
G1 X60.208 Y36.079 E2.44884
;WIDTH:0.437624
G1 X60.169 Y36.223 E2.45579
;WIDTH:0.478676
G1 X60.13 Y36.368 E2.46355
;WIDTH:0.519729
G1 X60.09 Y36.512 E2.47204
G1 X59.946 Y36.552 E2.48053
;WIDTH:0.478676
G1 X59.801 Y36.591 E2.48829
;WIDTH:0.437624
G1 X59.657 Y36.63 E2.49524
;WIDTH:0.396572
G1 X-65.808 Y36.63 E7.69359
;WIDTH:0.437623
G1 X-65.952 Y36.591 E7.70054
;WIDTH:0.478674
G1 X-66.097 Y36.552 E7.7083
;WIDTH:0.519726
G1 X-66.241 Y36.512 E7.71679
G1 X-66.281 Y36.368 E7.72528
;WIDTH:0.478674
G1 X-66.32 Y36.223 E7.73304
;WIDTH:0.437622
G1 X-66.359 Y36.079 E7.73999
;WIDTH:0.39657
G1 X-66.359 Y32.014 E7.90841
;WIDTH:0.437622
G1 X-66.38 Y31.816 E7.91768
;WIDTH:0.478675
G1 X-66.4 Y31.618 E7.92796
;WIDTH:0.519728
G1 X-66.421 Y31.192 E7.95218
G1 X-66.695 Y31.171 E7.96779
;WIDTH:0.478676
G1 X-66.969 Y31.151 E7.98199
;WIDTH:0.437624
G1 X-67.243 Y31.13 E7.99478
;WIDTH:0.396572
G1 X-71.308 Y31.13 E8.1632
;WIDTH:0.437624
G1 X-71.452 Y31.091 E8.17015
;WIDTH:0.478676
G1 X-71.597 Y31.052 E8.17791
;WIDTH:0.519728
G1 X-71.741 Y31.012 E8.1864
G1 X-71.781 Y30.868 E8.19489
;WIDTH:0.478676
G1 X-71.82 Y30.723 E8.20265
;WIDTH:0.437624
G1 X-71.859 Y30.579 E8.2096
;WIDTH:0.396572
G1 X-71.859 Y-36.386 E10.98414
;WIDTH:0.437624
G1 X-71.82 Y-36.53 E10.99109
;WIDTH:0.478676
G1 X-71.781 Y-36.675 E10.99885
;WIDTH:0.519728
G1 X-71.741 Y-36.819 E11.00734
G1 X-71.597 Y-36.859 E11.01583
;WIDTH:0.478676
G1 X-71.452 Y-36.898 E11.02359
;WIDTH:0.437624
G1 X-71.308 Y-36.938 E11.03055
;WIDTH:0.396572
G1 X-67.243 Y-36.938 E11.19897
;WIDTH:0.437624
G1 X-67.045 Y-36.958 E11.20823
;WIDTH:0.478676
G1 X-66.847 Y-36.979 E11.21852
;WIDTH:0.519728
G1 X-66.421 Y-36.999 E11.24274
G1 X-66.4 Y-37.242 E11.25659
;WIDTH:0.478675
G1 X-66.38 Y-37.485 E11.26919
;WIDTH:0.437622
G1 X-66.359 Y-37.729 E11.28059
;WIDTH:0.39657
G1 X-66.359 Y-41.886 E11.45282
;WIDTH:0.437622
G1 X-66.32 Y-42.03 E11.45977
;WIDTH:0.478674
G1 X-66.281 Y-42.175 E11.46753
;WIDTH:0.519726
G1 X-66.241 Y-42.319 E11.47602
G1 X-66.097 Y-42.359 E11.48451
;WIDTH:0.478674
G1 X-65.952 Y-42.398 E11.49227
;WIDTH:0.437623
G1 X-65.808 Y-42.438 E11.49923
;WIDTH:0.396572
G1 X59.657 Y-42.438 E16.69758
;WIDTH:0.437624
G1 X59.801 Y-42.398 E16.70454
;WIDTH:0.478676
G1 X59.946 Y-42.359 E16.7123
;WIDTH:0.519729
G1 X60.09 Y-42.319 E16.72079
G1 X60.13 Y-42.175 E16.72928
;WIDTH:0.478676
G1 X60.169 Y-42.03 E16.73704
;WIDTH:0.437624
G1 X60.208 Y-41.886 E16.74399
;WIDTH:0.396572
G1 X60.208 Y-37.821 E16.91241
;WIDTH:0.437624
G1 X60.229 Y-37.623 E16.92168
;WIDTH:0.478676
G1 X60.249 Y-37.425 E16.93196
;WIDTH:0.519728
G1 X60.27 Y-36.999 E16.95618
G1 X60.544 Y-36.979 E16.97178
;WIDTH:0.478676
G1 X60.818 Y-36.958 E16.98598
;WIDTH:0.437624
G1 X61.092 Y-36.938 E16.99877
;WIDTH:0.396572
G1 X65.157 Y-36.938 E17.16719
;WIDTH:0.437624
G1 X65.301 Y-36.898 E17.17415
;WIDTH:0.478676
G1 X65.446 Y-36.859 E17.18191
;WIDTH:0.519729
G1 X65.59 Y-36.819 E17.1904
G1 X65.63 Y-36.675 E17.19889
;WIDTH:0.478676
G1 X65.669 Y-36.53 E17.20665
;WIDTH:0.437624
G1 X65.708 Y-36.386 E17.2136
;WIDTH:0.396572
G1 X65.708 Y30.579 E19.98814
;WIDTH:0.437624
G1 X65.669 Y30.723 E19.99509
;WIDTH:0.478676
G1 X65.63 Y30.868 E20.00285
;WIDTH:0.519729
G1 X65.617 Y30.913 E20.00551
G1 X65.287 Y30.718 F7200
;TYPE:External perimeter
;WIDTH:0.45
G1 F1800
G1 X65.157 Y30.771 E20.01226
G1 X59.849 Y30.771 E20.26756
G1 X59.849 Y36.079 E20.52286
G1 X59.793 Y36.215 E20.52993
G1 X59.657 Y36.271 E20.537
G1 X-65.808 Y36.271 E26.57143
G1 X-65.944 Y36.215 E26.5785
G1 X-66.001 Y36.079 E26.58559
G1 X-66.001 Y30.771 E26.84089
G1 X-71.308 Y30.771 E27.09614
G1 X-71.444 Y30.715 E27.10321
G1 X-71.501 Y30.579 E27.1103
G1 X-71.501 Y-36.386 E30.33108
G1 X-71.444 Y-36.522 E30.33817
G1 X-71.308 Y-36.579 E30.34526
G1 X-66.001 Y-36.579 E30.60051
G1 X-66.001 Y-41.886 E30.85576
G1 X-65.944 Y-42.022 E30.86285
G1 X-65.808 Y-42.079 E30.86994
G1 X59.657 Y-42.079 E36.90437
G1 X59.793 Y-42.022 E36.91146
G1 X59.849 Y-41.886 E36.91853
G1 X59.849 Y-36.579 E37.17378
G1 X65.157 Y-36.579 E37.42908
G1 X65.293 Y-36.522 E37.43617
G1 X65.349 Y-36.386 E37.44324
G1 X65.349 Y30.579 E40.66402
G1 X65.313 Y30.666 E40.66855
G1 X64.926 Y30.764 F7200
G1 E38.66855 F2400
G92 E0
G1 Z4.75 F7200
G1 X60.7 Y-37.376
G1 Z2.75
G1 E2 F2400
;TYPE:Perimeter
;WIDTH:0.519728
G1 F3600
G1 X60.803 Y-37.348 E2.00606
;WIDTH:0.478676
G1 X60.948 Y-37.309 E2.01382
;WIDTH:0.437624
G1 X61.092 Y-37.27 E2.02077
;WIDTH:0.396572
G1 X65.157 Y-37.27 E2.18919
;WIDTH:0.437624
G1 X65.431 Y-37.249 E2.20198
;WIDTH:0.478676
G1 X65.705 Y-37.229 E2.21618
;WIDTH:0.519729
G1 X65.979 Y-37.208 E2.23179
G1 X65.979 Y-36.98 E2.24474
G1 X66 Y-36.782 E2.25605
;WIDTH:0.478676
G1 X66.02 Y-36.584 E2.26633
;WIDTH:0.437624
G1 X66.041 Y-36.386 E2.2756
;WIDTH:0.396572
G1 X66.041 Y30.671 E5.05395
;WIDTH:0.437624
G1 X66.02 Y30.915 E5.06535
;WIDTH:0.478676
G1 X66 Y31.158 E5.07795
;WIDTH:0.519729
G1 X65.979 Y31.401 E5.0918
G1 X65.553 Y31.421 E5.11602
;WIDTH:0.478676
G1 X65.355 Y31.442 E5.12631
;WIDTH:0.437624
G1 X65.157 Y31.462 E5.13557
;WIDTH:0.396572
G1 X61.092 Y31.462 E5.30399
;WIDTH:0.437624
G1 X60.948 Y31.502 E5.31095
;WIDTH:0.478676
G1 X60.803 Y31.541 E5.31871
;WIDTH:0.519728
G1 X60.659 Y31.581 E5.3272
G1 X60.619 Y31.725 E5.33569
;WIDTH:0.478676
G1 X60.58 Y31.87 E5.34345
;WIDTH:0.437624
G1 X60.541 Y32.014 E5.3504
;WIDTH:0.396572
G1 X60.541 Y36.171 E5.52264
;WIDTH:0.437624
G1 X60.52 Y36.415 E5.53404
;WIDTH:0.478676
G1 X60.5 Y36.658 E5.54664
;WIDTH:0.519729
G1 X60.479 Y36.901 E5.56049
G1 X60.053 Y36.921 E5.58471
;WIDTH:0.478676
G1 X59.855 Y36.942 E5.595
;WIDTH:0.437624
G1 X59.657 Y36.962 E5.60426
;WIDTH:0.396572
G1 X-65.808 Y36.962 E10.80261
;WIDTH:0.437623
G1 X-66.082 Y36.942 E10.8154
;WIDTH:0.478674
G1 X-66.356 Y36.921 E10.8296
;WIDTH:0.519726
G1 X-66.63 Y36.901 E10.8452
G1 X-66.651 Y36.475 E10.86942
;WIDTH:0.478674
G1 X-66.671 Y36.277 E10.8797
;WIDTH:0.437622
G1 X-66.692 Y36.079 E10.88897
;WIDTH:0.39657
G1 X-66.692 Y32.014 E11.05739
;WIDTH:0.437622
G1 X-66.731 Y31.87 E11.06434
;WIDTH:0.478675
G1 X-66.77 Y31.725 E11.0721
;WIDTH:0.519728
G1 X-66.81 Y31.581 E11.08059
G1 X-66.954 Y31.541 E11.08908
;WIDTH:0.478676
G1 X-67.099 Y31.502 E11.09684
;WIDTH:0.437624
G1 X-67.243 Y31.462 E11.1038
;WIDTH:0.396572
G1 X-71.308 Y31.462 E11.27222
;WIDTH:0.437624
G1 X-71.582 Y31.442 E11.28501
;WIDTH:0.478676
G1 X-71.856 Y31.421 E11.29921
;WIDTH:0.519728
G1 X-72.13 Y31.401 E11.31481
G1 X-72.151 Y30.975 E11.33903
;WIDTH:0.478676
G1 X-72.171 Y30.777 E11.34931
;WIDTH:0.437624
G1 X-72.192 Y30.579 E11.35858
;WIDTH:0.396572
G1 X-72.192 Y-36.386 E14.13312
;WIDTH:0.437624
G1 X-72.171 Y-36.66 E14.14591
;WIDTH:0.478676
G1 X-72.151 Y-36.934 E14.16011
;WIDTH:0.519728
G1 X-72.13 Y-37.208 E14.17572
G1 X-71.704 Y-37.229 E14.19994
;WIDTH:0.478676
G1 X-71.506 Y-37.249 E14.21022
;WIDTH:0.437624
G1 X-71.308 Y-37.27 E14.21949
;WIDTH:0.396572
G1 X-67.243 Y-37.27 E14.38791
;WIDTH:0.437624
G1 X-67.099 Y-37.309 E14.39486
;WIDTH:0.478676
G1 X-66.954 Y-37.348 E14.40262
;WIDTH:0.519728
G1 X-66.81 Y-37.388 E14.41111
G1 X-66.77 Y-37.532 E14.4196
;WIDTH:0.478675
G1 X-66.731 Y-37.677 E14.42736
;WIDTH:0.437622
G1 X-66.692 Y-37.821 E14.43431
;WIDTH:0.39657
G1 X-66.692 Y-41.886 E14.60273
;WIDTH:0.437622
G1 X-66.671 Y-42.16 E14.61552
;WIDTH:0.478674
G1 X-66.651 Y-42.434 E14.62972
;WIDTH:0.519726
G1 X-66.63 Y-42.708 E14.64533
G1 X-66.204 Y-42.729 E14.66955
;WIDTH:0.478674
G1 X-66.006 Y-42.749 E14.67983
;WIDTH:0.437623
G1 X-65.808 Y-42.77 E14.6891
;WIDTH:0.396572
G1 X59.657 Y-42.77 E19.88745
;WIDTH:0.437624
G1 X59.931 Y-42.749 E19.90024
;WIDTH:0.478676
G1 X60.205 Y-42.729 E19.91444
;WIDTH:0.519729
G1 X60.479 Y-42.708 E19.93005
G1 X60.5 Y-42.282 E19.95427
;WIDTH:0.478676
G1 X60.52 Y-42.084 E19.96455
;WIDTH:0.437624
G1 X60.541 Y-41.886 E19.97382
;WIDTH:0.396572
G1 X60.541 Y-37.821 E20.14224
;WIDTH:0.437624
G1 X60.58 Y-37.677 E20.14919
;WIDTH:0.478676
G1 X60.619 Y-37.532 E20.15695
;WIDTH:0.519728
G1 X60.654 Y-37.404 E20.16449
G1 X60.953 Y-37.691 F7200
;TYPE:External perimeter
;WIDTH:0.45
G1 F1800
G1 X60.956 Y-37.685 E20.16481
G1 X61.092 Y-37.629 E20.17188
G1 X66.399 Y-37.629 E20.42713
G1 X66.399 Y31.821 E23.76743
G1 X61.092 Y31.821 E24.02268
G1 X60.956 Y31.878 E24.02977
G1 X60.899 Y32.014 E24.03686
G1 X60.899 Y37.321 E24.29211
G1 X-67.051 Y37.321 E30.44606
G1 X-67.051 Y32.014 E30.70131
G1 X-67.107 Y31.878 E30.70838
G1 X-67.243 Y31.821 E30.71547
G1 X-72.551 Y31.821 E30.97077
G1 X-72.551 Y-37.629 E34.31107
G1 X-67.243 Y-37.629 E34.56637
G1 X-67.107 Y-37.685 E34.57344
G1 X-67.051 Y-37.821 E34.58051
G1 X-67.051 Y-43.129 E34.83581
G1 X60.899 Y-43.129 E40.98976
G1 X60.899 Y-37.821 E41.24506
G1 X60.93 Y-37.747 E41.24892
G1 X61.314 Y-37.635 F7200
;LAYER_CHANGE
;Z:3.05
;HEIGHT:0.3
G1 E39.24892 F2400
G92 E0
G1 Z3.05 F7200
G1 Z5.05
G1 X65.602 Y30.971
G1 Z3.05
G1 E2 F2400
;TYPE:Perimeter
;WIDTH:0.519729
G1 F3600
G1 X65.59 Y31.012 E2.00243
G1 X65.446 Y31.052 E2.01092
;WIDTH:0.478676
G1 X65.301 Y31.091 E2.01868
;WIDTH:0.437624
G1 X65.157 Y31.13 E2.02563
;WIDTH:0.396572
G1 X61.092 Y31.13 E2.19405
;WIDTH:0.437624
G1 X60.894 Y31.151 E2.20332
;WIDTH:0.478676
G1 X60.696 Y31.171 E2.2136
;WIDTH:0.519728
G1 X60.27 Y31.192 E2.23782
G1 X60.249 Y31.466 E2.25343
;WIDTH:0.478676
G1 X60.229 Y31.74 E2.26763
;WIDTH:0.437624
G1 X60.208 Y32.014 E2.28042
;WIDTH:0.396572
G1 X60.208 Y36.079 E2.44884
;WIDTH:0.437624
G1 X60.169 Y36.223 E2.45579
;WIDTH:0.478676
G1 X60.13 Y36.368 E2.46355
;WIDTH:0.519729
G1 X60.09 Y36.512 E2.47204
G1 X59.946 Y36.552 E2.48053
;WIDTH:0.478676
G1 X59.801 Y36.591 E2.48829
;WIDTH:0.437624
G1 X59.657 Y36.63 E2.49524
;WIDTH:0.396572
G1 X-65.808 Y36.63 E7.69359
;WIDTH:0.437623
G1 X-65.952 Y36.591 E7.70054
;WIDTH:0.478674
G1 X-66.097 Y36.552 E7.7083
;WIDTH:0.519726
G1 X-66.241 Y36.512 E7.71679
G1 X-66.281 Y36.368 E7.72528
;WIDTH:0.478674
G1 X-66.32 Y36.223 E7.73304
;WIDTH:0.437622
G1 X-66.359 Y36.079 E7.73999
;WIDTH:0.39657
G1 X-66.359 Y32.014 E7.90841
;WIDTH:0.437622
G1 X-66.38 Y31.816 E7.91768
;WIDTH:0.478675
G1 X-66.4 Y31.618 E7.92796
;WIDTH:0.519728
G1 X-66.421 Y31.192 E7.95218
G1 X-66.695 Y31.171 E7.96779
;WIDTH:0.478676
G1 X-66.969 Y31.151 E7.98199
;WIDTH:0.437624
G1 X-67.243 Y31.13 E7.99478
;WIDTH:0.396572
G1 X-71.308 Y31.13 E8.1632
;WIDTH:0.437624
G1 X-71.452 Y31.091 E8.17015
;WIDTH:0.478676
G1 X-71.597 Y31.052 E8.17791
;WIDTH:0.519728
G1 X-71.741 Y31.012 E8.1864
G1 X-71.781 Y30.868 E8.19489
;WIDTH:0.478676
G1 X-71.82 Y30.723 E8.20265
;WIDTH:0.437624
G1 X-71.859 Y30.579 E8.2096
;WIDTH:0.396572
G1 X-71.859 Y-36.386 E10.98414
;WIDTH:0.437624
G1 X-71.82 Y-36.53 E10.99109
;WIDTH:0.478676
G1 X-71.781 Y-36.675 E10.99885
;WIDTH:0.519728
G1 X-71.741 Y-36.819 E11.00734
G1 X-71.597 Y-36.859 E11.01583
;WIDTH:0.478676
G1 X-71.452 Y-36.898 E11.02359
;WIDTH:0.437624
G1 X-71.308 Y-36.938 E11.03055
;WIDTH:0.396572
G1 X-67.243 Y-36.938 E11.19897
;WIDTH:0.437624
G1 X-67.045 Y-36.958 E11.20823
;WIDTH:0.478676
G1 X-66.847 Y-36.979 E11.21852
;WIDTH:0.519728
G1 X-66.421 Y-36.999 E11.24274
G1 X-66.4 Y-37.242 E11.25659
;WIDTH:0.478675
G1 X-66.38 Y-37.485 E11.26919
;WIDTH:0.437622
G1 X-66.359 Y-37.729 E11.28059
;WIDTH:0.39657
G1 X-66.359 Y-41.886 E11.45282
;WIDTH:0.437622
G1 X-66.32 Y-42.03 E11.45977
;WIDTH:0.478674
G1 X-66.281 Y-42.175 E11.46753
;WIDTH:0.519726
G1 X-66.241 Y-42.319 E11.47602
G1 X-66.097 Y-42.359 E11.48451
;WIDTH:0.478674
G1 X-65.952 Y-42.398 E11.49227
;WIDTH:0.437623
G1 X-65.808 Y-42.438 E11.49923
;WIDTH:0.396572
G1 X59.657 Y-42.438 E16.69758
;WIDTH:0.437624
G1 X59.801 Y-42.398 E16.70454
;WIDTH:0.478676
G1 X59.946 Y-42.359 E16.7123
;WIDTH:0.519729
G1 X60.09 Y-42.319 E16.72079
G1 X60.13 Y-42.175 E16.72928
;WIDTH:0.478676
G1 X60.169 Y-42.03 E16.73704
;WIDTH:0.437624
G1 X60.208 Y-41.886 E16.74399
;WIDTH:0.396572
G1 X60.208 Y-37.821 E16.91241
;WIDTH:0.437624
G1 X60.229 Y-37.623 E16.92168
;WIDTH:0.478676
G1 X60.249 Y-37.425 E16.93196
;WIDTH:0.519728
G1 X60.27 Y-36.999 E16.95618
G1 X60.544 Y-36.979 E16.97178
;WIDTH:0.478676
G1 X60.818 Y-36.958 E16.98598
;WIDTH:0.437624
G1 X61.092 Y-36.938 E16.99877
;WIDTH:0.396572
G1 X65.157 Y-36.938 E17.16719
;WIDTH:0.437624
G1 X65.301 Y-36.898 E17.17415
;WIDTH:0.478676
G1 X65.446 Y-36.859 E17.18191
;WIDTH:0.519729
G1 X65.59 Y-36.819 E17.1904
G1 X65.63 Y-36.675 E17.19889
;WIDTH:0.478676
G1 X65.669 Y-36.53 E17.20665
;WIDTH:0.437624
G1 X65.708 Y-36.386 E17.2136
;WIDTH:0.396572
G1 X65.708 Y30.579 E19.98814
;WIDTH:0.437624
G1 X65.669 Y30.723 E19.99509
;WIDTH:0.478676
G1 X65.63 Y30.868 E20.00285
;WIDTH:0.519729
G1 X65.617 Y30.913 E20.00551
G1 X65.287 Y30.718 F7200
;TYPE:External perimeter
;WIDTH:0.45
G1 F1800
G1 X65.157 Y30.771 E20.01226
G1 X59.849 Y30.771 E20.26756
G1 X59.849 Y36.079 E20.52286
G1 X59.793 Y36.215 E20.52993
G1 X59.657 Y36.271 E20.537
G1 X-65.808 Y36.271 E26.57143
G1 X-65.944 Y36.215 E26.5785
G1 X-66.001 Y36.079 E26.58559
G1 X-66.001 Y30.771 E26.84089
G1 X-71.308 Y30.771 E27.09614
G1 X-71.444 Y30.715 E27.10321
G1 X-71.501 Y30.579 E27.1103
G1 X-71.501 Y-36.386 E30.33108
G1 X-71.444 Y-36.522 E30.33817
G1 X-71.308 Y-36.579 E30.34526
G1 X-66.001 Y-36.579 E30.60051
G1 X-66.001 Y-41.886 E30.85576
G1 X-65.944 Y-42.022 E30.86285
G1 X-65.808 Y-42.079 E30.86994
G1 X59.657 Y-42.079 E36.90437
G1 X59.793 Y-42.022 E36.91146
G1 X59.849 Y-41.886 E36.91853
G1 X59.849 Y-36.579 E37.17378
G1 X65.157 Y-36.579 E37.42908
G1 X65.293 Y-36.522 E37.43617
G1 X65.349 Y-36.386 E37.44324
G1 X65.349 Y30.579 E40.66402
G1 X65.313 Y30.666 E40.66855
G1 X64.926 Y30.764 F7200
G1 E38.66855 F2400
G92 E0
G1 Z5.05 F7200
G1 X60.7 Y-37.376
G1 Z3.05
G1 E2 F2400
;TYPE:Perimeter
;WIDTH:0.519728
G1 F3600
G1 X60.803 Y-37.348 E2.00606
;WIDTH:0.478676
G1 X60.948 Y-37.309 E2.01382
;WIDTH:0.437624
G1 X61.092 Y-37.27 E2.02077
;WIDTH:0.396572
G1 X65.157 Y-37.27 E2.18919
;WIDTH:0.437624
G1 X65.431 Y-37.249 E2.20198
;WIDTH:0.478676
G1 X65.705 Y-37.229 E2.21618
;WIDTH:0.519729
G1 X65.979 Y-37.208 E2.23179
G1 X65.979 Y-36.98 E2.24474
G1 X66 Y-36.782 E2.25605
;WIDTH:0.478676
G1 X66.02 Y-36.584 E2.26633
;WIDTH:0.437624
G1 X66.041 Y-36.386 E2.2756
;WIDTH:0.396572
G1 X66.041 Y30.671 E5.05395
;WIDTH:0.437624
G1 X66.02 Y30.915 E5.06535
;WIDTH:0.478676
G1 X66 Y31.158 E5.07795
;WIDTH:0.519729
G1 X65.979 Y31.401 E5.0918
G1 X65.553 Y31.421 E5.11602
;WIDTH:0.478676
G1 X65.355 Y31.442 E5.12631
;WIDTH:0.437624
G1 X65.157 Y31.462 E5.13557
;WIDTH:0.396572
G1 X61.092 Y31.462 E5.30399
;WIDTH:0.437624
G1 X60.948 Y31.502 E5.31095
;WIDTH:0.478676
G1 X60.803 Y31.541 E5.31871
;WIDTH:0.519728
G1 X60.659 Y31.581 E5.3272
G1 X60.619 Y31.725 E5.33569
;WIDTH:0.478676
G1 X60.58 Y31.87 E5.34345
;WIDTH:0.437624
G1 X60.541 Y32.014 E5.3504
;WIDTH:0.396572
G1 X60.541 Y36.171 E5.52264
;WIDTH:0.437624
G1 X60.52 Y36.415 E5.53404
;WIDTH:0.478676
G1 X60.5 Y36.658 E5.54664
;WIDTH:0.519729
G1 X60.479 Y36.901 E5.56049
G1 X60.053 Y36.921 E5.58471
;WIDTH:0.478676
G1 X59.855 Y36.942 E5.595
;WIDTH:0.437624
G1 X59.657 Y36.962 E5.60426
;WIDTH:0.396572
G1 X-65.808 Y36.962 E10.80261
;WIDTH:0.437623
G1 X-66.082 Y36.942 E10.8154
;WIDTH:0.478674
G1 X-66.356 Y36.921 E10.8296
;WIDTH:0.519726
G1 X-66.63 Y36.901 E10.8452
G1 X-66.651 Y36.475 E10.86942
;WIDTH:0.478674
G1 X-66.671 Y36.277 E10.8797
;WIDTH:0.437622
G1 X-66.692 Y36.079 E10.88897
;WIDTH:0.39657
G1 X-66.692 Y32.014 E11.05739
;WIDTH:0.437622
G1 X-66.731 Y31.87 E11.06434
;WIDTH:0.478675
G1 X-66.77 Y31.725 E11.0721
;WIDTH:0.519728
G1 X-66.81 Y31.581 E11.08059
G1 X-66.954 Y31.541 E11.08908
;WIDTH:0.478676
G1 X-67.099 Y31.502 E11.09684
;WIDTH:0.437624
G1 X-67.243 Y31.462 E11.1038
;WIDTH:0.396572
G1 X-71.308 Y31.462 E11.27222
;WIDTH:0.437624
G1 X-71.582 Y31.442 E11.28501
;WIDTH:0.478676
G1 X-71.856 Y31.421 E11.29921
;WIDTH:0.519728
G1 X-72.13 Y31.401 E11.31481
G1 X-72.151 Y30.975 E11.33903
;WIDTH:0.478676
G1 X-72.171 Y30.777 E11.34931
;WIDTH:0.437624
G1 X-72.192 Y30.579 E11.35858
;WIDTH:0.396572
G1 X-72.192 Y-36.386 E14.13312
;WIDTH:0.437624
G1 X-72.171 Y-36.66 E14.14591
;WIDTH:0.478676
G1 X-72.151 Y-36.934 E14.16011
;WIDTH:0.519728
G1 X-72.13 Y-37.208 E14.17572
G1 X-71.704 Y-37.229 E14.19994
;WIDTH:0.478676
G1 X-71.506 Y-37.249 E14.21022
;WIDTH:0.437624
G1 X-71.308 Y-37.27 E14.21949
;WIDTH:0.396572
G1 X-67.243 Y-37.27 E14.38791
;WIDTH:0.437624
G1 X-67.099 Y-37.309 E14.39486
;WIDTH:0.478676
G1 X-66.954 Y-37.348 E14.40262
;WIDTH:0.519728
G1 X-66.81 Y-37.388 E14.41111
G1 X-66.77 Y-37.532 E14.4196
;WIDTH:0.478675
G1 X-66.731 Y-37.677 E14.42736
;WIDTH:0.437622
G1 X-66.692 Y-37.821 E14.43431
;WIDTH:0.39657
G1 X-66.692 Y-41.886 E14.60273
;WIDTH:0.437622
G1 X-66.671 Y-42.16 E14.61552
;WIDTH:0.478674
G1 X-66.651 Y-42.434 E14.62972
;WIDTH:0.519726
G1 X-66.63 Y-42.708 E14.64533
G1 X-66.204 Y-42.729 E14.66955
;WIDTH:0.478674
G1 X-66.006 Y-42.749 E14.67983
;WIDTH:0.437623
G1 X-65.808 Y-42.77 E14.6891
;WIDTH:0.396572
G1 X59.657 Y-42.77 E19.88745
;WIDTH:0.437624
G1 X59.931 Y-42.749 E19.90024
;WIDTH:0.478676
G1 X60.205 Y-42.729 E19.91444
;WIDTH:0.519729
G1 X60.479 Y-42.708 E19.93005
G1 X60.5 Y-42.282 E19.95427
;WIDTH:0.478676
G1 X60.52 Y-42.084 E19.96455
;WIDTH:0.437624
G1 X60.541 Y-41.886 E19.97382
;WIDTH:0.396572
G1 X60.541 Y-37.821 E20.14224
;WIDTH:0.437624
G1 X60.58 Y-37.677 E20.14919
;WIDTH:0.478676
G1 X60.619 Y-37.532 E20.15695
;WIDTH:0.519728
G1 X60.654 Y-37.404 E20.16449
G1 X60.953 Y-37.691 F7200
;TYPE:External perimeter
;WIDTH:0.45
G1 F1800
G1 X60.956 Y-37.685 E20.16481
G1 X61.092 Y-37.629 E20.17188
G1 X66.399 Y-37.629 E20.42713
G1 X66.399 Y31.821 E23.76743
G1 X61.092 Y31.821 E24.02268
G1 X60.956 Y31.878 E24.02977
G1 X60.899 Y32.014 E24.03686
G1 X60.899 Y37.321 E24.29211
G1 X-67.051 Y37.321 E30.44606
G1 X-67.051 Y32.014 E30.70131
G1 X-67.107 Y31.878 E30.70838
G1 X-67.243 Y31.821 E30.71547
G1 X-72.551 Y31.821 E30.97077
G1 X-72.551 Y-37.629 E34.31107
G1 X-67.243 Y-37.629 E34.56637
G1 X-67.107 Y-37.685 E34.57344
G1 X-67.051 Y-37.821 E34.58051
G1 X-67.051 Y-43.129 E34.83581
G1 X60.899 Y-43.129 E40.98976
G1 X60.899 Y-37.821 E41.24506
G1 X60.93 Y-37.747 E41.24892
G1 X61.314 Y-37.635 F7200
G1 E39.24892 F2400
G92 E0
M107
;TYPE:Custom
; Filament-specific end gcode 
;END gcode for filament
M300
M104 S0
G28 X
G28 Z
G1 Y65
G92 E
; objects_info = {"objects":[]}
; filament used [mm] = 13578.73
; filament used [cm3] = 32.66
; total filament used [g] = 0.00
; total filament cost = 0.00
; total filament used for wipe tower [g] = 0.00
; estimated printing time (normal mode) = 1h 26m 8s
; estimated first layer printing time (normal mode) = 15m 35s

; prusaslicer_config = begin
; arc_fitting = disabled
; autoemit_temperature_commands = 0
; automatic_extrusion_widths = 0
; automatic_infill_combination = 0
; automatic_infill_combination_max_layer_height = 100%
; avoid_crossing_curled_overhangs = 0
; avoid_crossing_perimeters = 0
; avoid_crossing_perimeters_max_detour = 0
; bed_custom_model = 
; bed_custom_texture = 
; bed_shape = -95x-65,90x-65,90x65,-95x65
; bed_temperature = 0
; bed_temperature_extruder = 0
; before_layer_gcode = 
; between_objects_gcode = 
; binary_gcode = 0
; bottom_fill_pattern = rectilinear
; bottom_solid_layers = 3
; bottom_solid_min_thickness = 0
; bridge_acceleration = 0
; bridge_angle = 0
; bridge_fan_speed = 100
; bridge_flow_ratio = 1
; bridge_speed = 85
; brim_separation = 0
; brim_type = outer_only
; brim_width = 0
; chamber_minimal_temperature = 0
; chamber_temperature = 0
; color_change_gcode = M600
; colorprint_heights = 
; complete_objects = 0
; cooling = 1
; cooling_perimeter_transition_distance = 0
; cooling_slowdown_logic = uniform_cooling
; cooling_tube_length = 5
; cooling_tube_retraction = 91.5
; custom_parameters_filament = ""
; custom_parameters_print = 
; custom_parameters_printer = 
; default_acceleration = 0
; default_filament_profile = 
; default_print_profile = 
; deretract_speed = 0
; disable_fan_first_layers = 3
; dont_support_bridges = 1
; draft_shield = disabled
; duplicate_distance = 6
; elefant_foot_compensation = 0
; enable_dynamic_fan_speeds = 0
; enable_dynamic_overhang_speeds = 0
; end_filament_gcode = "; Filament-specific end gcode \n;END gcode for filament\n"
; end_gcode = M300\r\nM104 S0\r\nG28 X\r\nG28 Z\r\nG1 Y65\r\nG92 E\r\n
; ensure_vertical_shell_thickness = enabled
; external_perimeter_acceleration = 0
; external_perimeter_extrusion_width = 0.45
; external_perimeter_speed = 50%
; external_perimeters_first = 0
; extra_loading_move = -2
; extra_perimeters = 1
; extra_perimeters_on_overhangs = 0
; extruder_clearance_height = 20
; extruder_clearance_radius = 20
; extruder_colour = ""
; extruder_offset = 0x0
; extrusion_axis = E
; extrusion_multiplier = 1
; extrusion_width = 0.45
; fan_always_on = 0
; fan_below_layer_time = 60
; filament_abrasive = 0
; filament_colour = #29B2B2
; filament_cooling_final_speed = 3.4
; filament_cooling_initial_speed = 2.2
; filament_cooling_moves = 4
; filament_cost = 0
; filament_density = 0
; filament_deretract_speed = nil
; filament_diameter = 1.75
; filament_infill_max_crossing_speed = 0
; filament_infill_max_speed = 0
; filament_load_time = 0
; filament_loading_speed = 28
; filament_loading_speed_start = 3
; filament_max_volumetric_speed = 0
; filament_minimal_purge_on_wipe_tower = 15
; filament_multitool_ramming = 0
; filament_multitool_ramming_flow = 10
; filament_multitool_ramming_volume = 10
; filament_notes = ""
; filament_purge_multiplier = 100%
; filament_ramming_parameters = "120 100 6.6 6.8 7.2 7.6 7.9 8.2 8.7 9.4 9.9 10.0| 0.05 6.6 0.45 6.8 0.95 7.8 1.45 8.3 1.95 9.7 2.45 10 2.95 7.6 3.45 7.6 3.95 7.6 4.45 7.6 4.95 7.6"
; filament_retract_before_travel = nil
; filament_retract_before_wipe = nil
; filament_retract_layer_change = nil
; filament_retract_length = nil
; filament_retract_length_toolchange = nil
; filament_retract_lift = 2
; filament_retract_lift_above = nil
; filament_retract_lift_below = nil
; filament_retract_restart_extra = nil
; filament_retract_restart_extra_toolchange = nil
; filament_retract_speed = nil
; filament_seam_gap_distance = nil
; filament_settings_id = Beethefirst
; filament_shrinkage_compensation_xy = 0%
; filament_shrinkage_compensation_z = 0%
; filament_soluble = 0
; filament_spool_weight = 0
; filament_stamping_distance = 0
; filament_stamping_loading_speed = 20
; filament_toolchange_delay = 0
; filament_travel_lift_before_obstacle = nil
; filament_travel_max_lift = nil
; filament_travel_ramping_lift = nil
; filament_travel_slope = nil
; filament_type = PLA
; filament_unload_time = 0
; filament_unloading_speed = 90
; filament_unloading_speed_start = 100
; filament_vendor = (Unknown)
; filament_wipe = nil
; fill_angle = 45
; fill_density = 20%
; fill_pattern = gyroid
; first_layer_acceleration = 0
; first_layer_acceleration_over_raft = 0
; first_layer_bed_temperature = 0
; first_layer_extrusion_width = 0.42
; first_layer_height = 0.35
; first_layer_infill_speed = 0
; first_layer_speed = 30
; first_layer_speed_over_raft = 30
; first_layer_temperature = 200
; full_fan_speed_layer = 0
; fuzzy_skin = none
; fuzzy_skin_point_dist = 0.8
; fuzzy_skin_thickness = 0.3
; gap_fill_enabled = 1
; gap_fill_speed = 20
; gcode_comments = 0
; gcode_flavor = reprap
; gcode_label_objects = disabled
; gcode_resolution = 0.0125
; gcode_substitutions = 
; high_current_on_filament_swap = 0
; host_type = prusalink
; idle_temperature = nil
; infill_acceleration = 0
; infill_anchor = 600%
; infill_anchor_max = 50
; infill_every_layers = 1
; infill_extruder = 1
; infill_extrusion_width = 0.45
; infill_first = 0
; infill_overlap = 25%
; infill_speed = 50
; interface_shells = 0
; interlocking_beam = 0
; interlocking_beam_layer_count = 2
; interlocking_beam_width = 0.8
; interlocking_boundary_avoidance = 2
; interlocking_depth = 2
; interlocking_orientation = 22.5
; ironing = 0
; ironing_flowrate = 15%
; ironing_spacing = 0.1
; ironing_speed = 15
; ironing_type = top
; layer_gcode = 
; layer_height = 0.3
; machine_limits_usage = time_estimate_only
; machine_max_acceleration_e = 10000,5000
; machine_max_acceleration_extruding = 1500,1250
; machine_max_acceleration_retracting = 1500,1250
; machine_max_acceleration_travel = 1500,1250
; machine_max_acceleration_x = 9000,1000
; machine_max_acceleration_y = 9000,1000
; machine_max_acceleration_z = 500,200
; machine_max_feedrate_e = 120,120
; machine_max_feedrate_x = 500,200
; machine_max_feedrate_y = 500,200
; machine_max_feedrate_z = 12,12
; machine_max_jerk_e = 2.5,2.5
; machine_max_jerk_x = 10,10
; machine_max_jerk_y = 10,10
; machine_max_jerk_z = 0.2,0.4
; machine_max_junction_deviation = 0,0
; machine_min_extruding_rate = 0,0
; machine_min_travel_rate = 0,0
; max_fan_speed = 100
; max_layer_height = 0
; max_print_height = 125
; max_print_speed = 80
; max_volumetric_extrusion_rate_slope_negative = 0
; max_volumetric_extrusion_rate_slope_positive = 0
; max_volumetric_speed = 0
; min_bead_width = 85%
; min_fan_speed = 35
; min_feature_size = 25%
; min_layer_height = 0.07
; min_print_speed = 10
; min_skirt_length = 0
; mmu_segmented_region_interlocking_depth = 0
; mmu_segmented_region_max_width = 0
; multimaterial_purging = 140
; notes = 
; nozzle_diameter = 0.4
; nozzle_high_flow = 0
; only_one_perimeter_first_layer = 0
; only_retract_when_crossing_perimeters = 0
; ooze_prevention = 0
; output_filename_format = [input_filename_base].gcode
; over_bridge_speed = 0
; overhang_fan_speed_0 = 0
; overhang_fan_speed_1 = 0
; overhang_fan_speed_2 = 0
; overhang_fan_speed_3 = 0
; overhang_speed_0 = 15
; overhang_speed_1 = 15
; overhang_speed_2 = 20
; overhang_speed_3 = 25
; overhangs = 1
; parking_pos_retraction = 92
; pause_print_gcode = M601
; perimeter_acceleration = 0
; perimeter_extruder = 1
; perimeter_extrusion_width = 0.45
; perimeter_generator = arachne
; perimeter_speed = 60
; perimeters = 3
; physical_printer_settings_id = 
; post_process = 
; prefer_clockwise_movements = 0
; print_settings_id = Beethefirst
; printer_model = 
; printer_notes = 
; printer_settings_id = Beethefirst
; printer_technology = FFF
; printer_variant = 
; printer_vendor = 
; raft_contact_distance = 0.1
; raft_expansion = 1.5
; raft_first_layer_density = 90%
; raft_first_layer_expansion = 3
; raft_layers = 0
; remaining_times = 0
; resolution = 0
; retract_before_travel = 2
; retract_before_wipe = 0%
; retract_layer_change = 0
; retract_length = 2
; retract_length_toolchange = 10
; retract_lift = 0
; retract_lift_above = 0
; retract_lift_below = 0
; retract_restart_extra = 0
; retract_restart_extra_toolchange = 0
; retract_speed = 40
; scarf_seam_entire_loop = 0
; scarf_seam_length = 20
; scarf_seam_max_segment_length = 1
; scarf_seam_on_inner_perimeters = 0
; scarf_seam_only_on_smooth = 1
; scarf_seam_placement = nowhere
; scarf_seam_start_height = 0%
; seam_gap_distance = 15%
; seam_position = aligned
; silent_mode = 1
; single_extruder_multi_material = 0
; single_extruder_multi_material_priming = 1
; skirt_distance = 6
; skirt_height = 1
; skirts = 2
; slice_closing_radius = 0.049
; slicing_mode = regular
; slowdown_below_layer_time = 5
; small_perimeter_speed = 20
; solid_infill_acceleration = 0
; solid_infill_below_area = 70
; solid_infill_every_layers = 0
; solid_infill_extruder = 1
; solid_infill_extrusion_width = 0.45
; solid_infill_speed = 25
; spiral_vase = 0
; staggered_inner_seams = 0
; standby_temperature_delta = -5
; start_filament_gcode = "; Filament gcode\n"
; start_gcode = M109 S200\nM300\nM206 X500\nM107\nG28\nG92 E\nM130 T6 U1.3 V80\nG1 X-98.0 Y-20.0 Z5.0 F3000\nG1 Y-68.0 Z0.3\nG1 X-98.0 Y0.0 F500 E20\nG92 E\n
; support_material = 1
; support_material_angle = 0
; support_material_auto = 1
; support_material_bottom_contact_distance = 0
; support_material_bottom_interface_layers = -1
; support_material_buildplate_only = 0
; support_material_closing_radius = 2
; support_material_contact_distance = 0.2
; support_material_enforce_layers = 0
; support_material_extruder = 1
; support_material_extrusion_width = 0.35
; support_material_interface_contact_loops = 0
; support_material_interface_extruder = 1
; support_material_interface_layers = 3
; support_material_interface_pattern = rectilinear
; support_material_interface_spacing = 0
; support_material_interface_speed = 100%
; support_material_pattern = rectilinear
; support_material_spacing = 2.5
; support_material_speed = 55
; support_material_style = organic
; support_material_synchronize_layers = 0
; support_material_threshold = 0
; support_material_with_sheath = 1
; support_material_xy_spacing = 50%
; support_tree_angle = 40
; support_tree_angle_slow = 25
; support_tree_branch_diameter = 2
; support_tree_branch_diameter_angle = 5
; support_tree_branch_diameter_double_wall = 3
; support_tree_branch_distance = 1
; support_tree_tip_diameter = 0.8
; support_tree_top_rate = 15%
; temperature = 200
; template_custom_gcode = 
; thick_bridges = 1
; thin_walls = 1
; thumbnails = 
; thumbnails_format = PNG
; toolchange_gcode = 
; top_fill_pattern = rectilinear
; top_infill_extrusion_width = 0.4
; top_one_perimeter_type = none
; top_solid_infill_acceleration = 0
; top_solid_infill_speed = 15
; top_solid_layers = 3
; top_solid_min_thickness = 0
; travel_acceleration = 0
; travel_lift_before_obstacle = 0
; travel_max_lift = 0
; travel_ramping_lift = 0
; travel_short_distance_acceleration = 0
; travel_slope = 0
; travel_speed = 120
; travel_speed_z = 0
; use_firmware_retraction = 0
; use_relative_e_distances = 0
; use_volumetric_e = 0
; variable_layer_height = 1
; wall_distribution_count = 1
; wall_transition_angle = 10
; wall_transition_filter_deviation = 25%
; wall_transition_length = 100%
; wipe = 0
; wipe_into_infill = 0
; wipe_into_objects = 0
; wipe_tower = 0
; wipe_tower_acceleration = 0
; wipe_tower_bridging = 10
; wipe_tower_brim_width = 2
; wipe_tower_cone_angle = 0
; wipe_tower_extra_flow = 100%
; wipe_tower_extra_spacing = 100%
; wipe_tower_extruder = 0
; wipe_tower_no_sparse_layers = 0
; wipe_tower_width = 60
; wiping_volumes_matrix = 0
; wiping_volumes_use_custom_matrix = 0
; xy_size_compensation = 0
; z_offset = 0
; prusaslicer_config = end
