; generated by PrusaSlicer 2.9.4 on 2025-11-19 at 19:01:37 UTC

; 

; external perimeters extrusion width = 0.45mm
; perimeters extrusion width = 0.45mm
; infill extrusion width = 0.45mm
; solid infill extrusion width = 0.45mm
; top infill extrusion width = 0.40mm
; support material extrusion width = 0.35mm
; first layer extrusion width = 0.42mm

;TYPE:Custom
M109 S200
M300
M206 X500
M107
G28
G92 E
M130 T6 U1.3 V80
G1 X-98.0 Y-20.0 Z5.0 F3000
G1 Y-68.0 Z0.3
G1 X-98.0 Y0.0 F500 E20
G92 E
G21 ; set units to millimeters
G90 ; use absolute coordinates
M82 ; use absolute distances for extrusion
G92 E0
; Filament gcode
M107
;LAYER_CHANGE
;Z:0.35
;HEIGHT:0.35
G1 E-2 F2400
G92 E0
G1 Z2.35 F7200
G1 X0 Y38.528
G1 Z.35
G1 E2 F2400
;TYPE:Skirt/Brim
;WIDTH:0.42
G1 F1800
G1 X-64.152 Y38.528 E5.21953
G1 X-66.392 Y38.131 E5.3337
G1 X-68.358 Y36.989 E5.4478
G1 X-69.813 Y35.24 E5.56198
G1 X-70.669 Y32.011 E5.72963
G1 X-70.669 Y-32.989 E8.99171
G1 X-70.272 Y-35.229 E9.10588
G1 X-69.13 Y-37.196 E9.22003
G1 X-67.381 Y-38.65 E9.33418
G1 X-64.152 Y-39.507 E9.50184
G1 X55.848 Y-39.507 E15.52415
G1 X58.088 Y-39.11 E15.63832
G1 X60.055 Y-37.967 E15.75249
G1 X61.509 Y-36.218 E15.86664
G1 X62.365 Y-32.989 E16.03429
G1 X62.365 Y32.011 E19.29637
G1 X61.969 Y34.25 E19.41048
G1 X60.826 Y36.217 E19.52465
G1 X59.077 Y37.672 E19.63883
G1 X55.848 Y38.528 E19.80648
G1 X.06 Y38.528 E22.60625
G1 X.06 Y38.183 F7200
G1 F1800
G1 X-64.152 Y38.183 E25.82879
G1 X-66.329 Y37.786 E25.93985
G1 X-68.226 Y36.647 E26.0509
G1 X-69.6 Y34.912 E26.16197
G1 X-70.324 Y32.011 E26.31202
G1 X-70.324 Y-32.989 E29.5741
G1 X-69.928 Y-35.167 E29.6852
G1 X-68.788 Y-37.064 E29.79627
G1 X-67.053 Y-38.437 E29.90731
G1 X-64.152 Y-39.162 E30.05738
G1 X55.848 Y-39.162 E36.07969
G1 X58.025 Y-38.765 E36.19075
G1 X59.923 Y-37.626 E36.30184
G1 X61.296 Y-35.89 E36.41292
G1 X62.021 Y-32.989 E36.56299
G1 X62.021 Y32.011 E39.82507
G1 X61.624 Y34.188 E39.93613
G1 X60.485 Y36.085 E40.04718
G1 X58.749 Y37.459 E40.15829
G1 X55.848 Y38.183 E40.30834
G1 X.12 Y38.183 E43.1051
G1 E41.1051 F2400
G92 E0
G1 Z2.35 F7200
G92 E0
G1 X-.983 Y-7.229
G1 Z.35
G1 E2 F2400
;TYPE:Perimeter
;WIDTH:0.42
G1 F1800
G1 X-1.113 Y-7.193 E2.00677
G1 X-1.743 Y-7.144 E2.03848
G1 X-2.046 Y-7.173 E2.05376
G1 X-2.626 Y-7.311 E2.08368
G1 X-2.991 Y-7.484 E2.10395
G1 X-3.419 Y-7.744 E2.12908
G1 X-18.858 Y-20.775 E3.143
G1 X-19.235 Y-21.162 E3.17011
G1 X-19.501 Y-21.55 E3.19372
G1 X-19.742 Y-22.109 E3.22427
G1 X-19.829 Y-22.429 E3.24091
G1 X-19.882 Y-22.897 E3.26455
G1 X-19.859 Y-23.368 E3.28822
G1 X-19.76 Y-23.828 E3.31183
G1 X-19.587 Y-24.266 E3.33546
G1 X-19.346 Y-24.671 E3.35911
G1 X-19.043 Y-25.031 E3.38272
G1 X-18.624 Y-25.372 E3.40983
G1 X-18.042 Y-25.682 E3.44292
G1 X-17.524 Y-25.837 E3.47006
G1 X-16.987 Y-25.889 E3.49714
G1 X13.684 Y-25.889 E5.03639
G1 X14.22 Y-25.837 E5.06342
G1 X14.738 Y-25.682 E5.09056
G1 X15.32 Y-25.372 E5.12365
G1 X15.739 Y-25.031 E5.15076
G1 X16.099 Y-24.591 E5.17929
G1 X16.343 Y-24.137 E5.20516
G1 X16.489 Y-23.617 E5.23227
G1 X16.57 Y-23.229 E5.25216
G1 X16.571 Y-22.757 E5.27585
G1 X16.439 Y-22.113 E5.30884
G1 X16.197 Y-21.55 E5.33959
G1 X15.894 Y-21.114 E5.36624
G1 X15.555 Y-20.775 E5.3903
G1 X.218 Y-7.819 E6.39788
G1 X-.246 Y-7.504 E6.42603
G1 X-.776 Y-7.286 E6.45479
G1 X-.926 Y-7.245 E6.46259
G1 X-1.062 Y-7.56 F7200
G1 F1800
G1 X-1.139 Y-7.537 E6.46662
G1 X-1.77 Y-7.488 E6.49838
G1 X-2.546 Y-7.647 E6.53813
G1 X-3.234 Y-8.035 E6.57777
G1 X-18.636 Y-21.039 E7.58939
G1 X-18.955 Y-21.363 E7.61221
G1 X-19.192 Y-21.704 E7.63305
G1 X-19.412 Y-22.211 E7.66079
G1 X-19.533 Y-22.805 E7.69121
G1 X-19.52 Y-23.303 E7.71621
G1 X-19.436 Y-23.709 E7.73702
G1 X-19.287 Y-24.097 E7.75788
G1 X-19.077 Y-24.455 E7.77871
G1 X-18.812 Y-24.774 E7.79952
G1 X-18.463 Y-25.068 E7.82242
G1 X-17.88 Y-25.377 E7.85553
G1 X-17.358 Y-25.516 E7.88264
G1 X-16.987 Y-25.544 E7.90131
G1 X13.684 Y-25.544 E9.44056
G1 X14.137 Y-25.502 E9.46339
G1 X14.576 Y-25.377 E9.4863
G1 X15.159 Y-25.068 E9.51941
G1 X15.566 Y-24.713 E9.54651
G1 X15.82 Y-24.385 E9.56733
G1 X16.031 Y-23.98 E9.59025
G1 X16.207 Y-23.344 E9.62337
G1 X16.231 Y-22.82 E9.64969
G1 X16.11 Y-22.215 E9.68065
G1 X15.889 Y-21.704 E9.70859
G1 X15.597 Y-21.3 E9.73361
G1 X15.332 Y-21.039 E9.75228
G1 X-.004 Y-8.082 E10.75985
G1 X-.386 Y-7.82 E10.7831
G1 X-.907 Y-7.605 E10.81139
G1 X-1.005 Y-7.576 E10.81652
G1 X-1.141 Y-7.891 F7200
;TYPE:External perimeter
G1 F1800
G1 X-1.166 Y-7.881 E10.81787
G1 X-1.797 Y-7.831 E10.84964
G1 X-2.466 Y-7.982 E10.88406
G1 X-3.055 Y-8.33 E10.91839
G1 X-18.413 Y-21.302 E11.92729
G1 X-18.675 Y-21.565 E11.94592
G1 X-18.884 Y-21.858 E11.96398
G1 X-19.083 Y-22.313 E11.9889
G1 X-19.191 Y-22.852 E12.01649
G1 X-19.181 Y-23.239 E12.03592
G1 X-19.112 Y-23.591 E12.05392
G1 X-18.986 Y-23.927 E12.07193
G1 X-18.808 Y-24.239 E12.08996
G1 X-18.582 Y-24.518 E12.10798
G1 X-18.301 Y-24.763 E12.12669
G1 X-17.718 Y-25.072 E12.1598
G1 X-17.33 Y-25.172 E12.17991
G1 X-16.987 Y-25.199 E12.19718
G1 X13.684 Y-25.199 E13.73643
G1 X14.054 Y-25.167 E13.75507
G1 X14.414 Y-25.072 E13.77376
G1 X14.997 Y-24.763 E13.80687
G1 X15.297 Y-24.497 E13.82699
G1 X15.52 Y-24.216 E13.84499
G1 X15.699 Y-23.888 E13.86374
G1 X15.874 Y-23.253 E13.8968
G1 X15.887 Y-22.852 E13.91694
G1 X15.78 Y-22.316 E13.94437
G1 X15.58 Y-21.858 E13.96945
G1 X15.353 Y-21.544 E13.98889
G1 X15.109 Y-21.302 E14.00614
G1 X-.227 Y-8.346 E15.01368
G1 X-.525 Y-8.135 E15.032
G1 X-1.085 Y-7.913 E15.06223
G1 X-1.482 Y-7.859 F7200
G1 E13.06223 F2400
G92 E0
G1 Z2.35 F7200
G1 X3.437 Y-2.38
G1 Z.35
G1 E2 F2400
;TYPE:Perimeter
G1 F1800
G1 X3.353 Y-2.568 E2.01033
G1 X3.213 Y-3.193 E2.04247
G1 X3.207 Y-3.736 E2.06972
G1 X3.356 Y-4.388 E2.10328
G1 X3.448 Y-4.667 E2.11802
G1 X3.667 Y-5.069 E2.14099
G1 X3.946 Y-5.432 E2.16397
G1 X4.223 Y-5.703 E2.18342
G1 X20.481 Y-19.438 E3.25153
G1 X20.9 Y-19.732 E3.27722
G1 X21.35 Y-19.941 E3.30212
G1 X21.872 Y-20.074 E3.32915
G1 X22.529 Y-20.108 E3.36217
G1 X23.063 Y-20.031 E3.38925
G1 X23.612 Y-19.833 E3.41854
G1 X24.143 Y-19.478 E3.4506
G1 X24.396 Y-19.275 E3.46688
G1 X24.701 Y-18.918 E3.49044
G1 X24.969 Y-18.45 E3.51751
G1 X25.179 Y-17.827 E3.5505
G1 X25.251 Y-17.271 E3.57864
G1 X25.251 Y10.245 E4.95955
G1 X25.199 Y10.781 E4.98658
G1 X25.026 Y11.347 E5.01628
G1 X24.836 Y11.728 E5.03765
G1 X24.616 Y12.051 E5.05726
G1 X24.294 Y12.393 E5.08083
G1 X23.922 Y12.679 E5.10438
G1 X23.507 Y12.9 E5.12798
G1 X23.063 Y13.052 E5.15153
G1 X22.6 Y13.131 E5.1751
G1 X22.13 Y13.133 E5.19869
G1 X21.666 Y13.059 E5.22227
G1 X21.22 Y12.911 E5.24585
G1 X20.803 Y12.694 E5.26944
G1 X20.372 Y12.368 E5.29656
G1 X4.223 Y-1.275 E6.35752
G1 X3.857 Y-1.65 E6.38382
G1 X3.595 Y-2.025 E6.40678
G1 X3.461 Y-2.325 E6.42327
G1 X3.754 Y-2.512 F7200
G1 F1800
G1 X3.681 Y-2.675 E6.43223
G1 X3.554 Y-3.247 E6.46164
G1 X3.559 Y-3.761 E6.48744
G1 X3.755 Y-4.51 E6.52629
G1 X3.945 Y-4.866 E6.54654
G1 X4.188 Y-5.187 E6.56675
G1 X4.446 Y-5.44 E6.58488
G1 X20.703 Y-19.175 E7.65296
G1 X21.076 Y-19.435 E7.67578
G1 X21.45 Y-19.612 E7.69655
G1 X21.89 Y-19.73 E7.71941
G1 X22.547 Y-19.764 E7.75243
G1 X23.07 Y-19.673 E7.77907
G1 X23.5 Y-19.498 E7.80237
G1 X24.044 Y-19.128 E7.83539
G1 X24.398 Y-18.75 E7.86138
G1 X24.642 Y-18.34 E7.88532
G1 X24.852 Y-17.717 E7.91831
G1 X24.906 Y-17.223 E7.94325
G1 X24.906 Y10.245 E9.32176
G1 X24.864 Y10.697 E9.34454
G1 X24.709 Y11.211 E9.37148
G1 X24.41 Y11.754 E9.40259
G1 X24.078 Y12.124 E9.42754
G1 X23.751 Y12.379 E9.44835
G1 X23.388 Y12.577 E9.4691
G1 X22.997 Y12.714 E9.48989
G1 X22.59 Y12.786 E9.51063
G1 X22.176 Y12.791 E9.53141
G1 X21.766 Y12.729 E9.55222
G1 X21.372 Y12.602 E9.573
G1 X21.004 Y12.413 E9.59376
G1 X20.595 Y12.104 E9.61949
G1 X4.446 Y-1.539 E10.68045
G1 X4.135 Y-1.853 E10.70263
G1 X3.902 Y-2.182 E10.72286
G1 X3.778 Y-2.458 E10.73805
G1 X4.071 Y-2.645 F7200
;TYPE:External perimeter
G1 F1800
G1 X4.009 Y-2.782 E10.7456
G1 X3.894 Y-3.301 E10.77228
G1 X3.897 Y-3.691 E10.79185
G1 X4.047 Y-4.314 E10.82401
G1 X4.223 Y-4.662 E10.84358
G1 X4.431 Y-4.942 E10.86109
G1 X4.669 Y-5.177 E10.87788
G1 X20.926 Y-18.911 E11.94592
G1 X21.228 Y-19.125 E11.9645
G1 X21.551 Y-19.282 E11.98252
G1 X21.908 Y-19.385 E12.00117
G1 X22.567 Y-19.42 E12.03429
G1 X22.959 Y-19.346 E12.05431
G1 X23.306 Y-19.213 E12.07296
G1 X23.85 Y-18.843 E12.10598
G1 X24.119 Y-18.547 E12.12605
G1 X24.315 Y-18.23 E12.14475
G1 X24.525 Y-17.607 E12.17774
G1 X24.561 Y-17.223 E12.1971
G1 X24.561 Y10.245 E13.57561
G1 X24.529 Y10.614 E13.5942
G1 X24.392 Y11.074 E13.61829
G1 X24.119 Y11.568 E13.64662
G1 X23.862 Y11.856 E13.66599
G1 X23.581 Y12.079 E13.68399
G1 X23.269 Y12.253 E13.70192
G1 X22.932 Y12.375 E13.71991
G1 X22.58 Y12.441 E13.73788
G1 X22.221 Y12.449 E13.7559
G1 X21.867 Y12.399 E13.77384
G1 X21.525 Y12.293 E13.79181
G1 X21.204 Y12.132 E13.80983
G1 X20.41 Y11.497 E13.86085
G1 X4.668 Y-1.802 E14.89506
G1 X4.413 Y-2.057 E14.91316
G1 X4.209 Y-2.34 E14.93067
G1 X4.095 Y-2.59 E14.94446
G1 X3.973 Y-2.971 F7200
G1 E12.94446 F2400
G92 E0
G1 Z2.35 F7200
G1 X-19.463 Y14.515
G1 Z.35
G1 E2 F2400
;TYPE:Perimeter
G1 F1800
G1 X-19.43 Y14.453 E2.00352
G1 X-19.146 Y14.078 E2.02713
G1 X-18.86 Y13.798 E2.04722
G1 X-3.522 Y.84 E3.0549
G1 X-3.046 Y.521 E3.08366
G1 X-2.54 Y.313 E3.11112
G1 X-2.191 Y.214 E3.12933
G1 X-1.56 Y.165 E3.16109
G1 X-1.258 Y.194 E3.17632
G1 X-.678 Y.333 E3.20625
G1 X-.313 Y.506 E3.22652
G1 X.116 Y.766 E3.2517
G1 X15.555 Y13.797 E4.26562
G1 X15.932 Y14.184 E4.29273
G1 X16.198 Y14.572 E4.31634
G1 X16.44 Y15.134 E4.34705
G1 X16.526 Y15.451 E4.36353
G1 X16.579 Y15.919 E4.38717
G1 X16.54 Y16.458 E4.41429
G1 X16.364 Y17.094 E4.44741
G1 X16.122 Y17.576 E4.47448
G1 X15.786 Y18.008 E4.50195
G1 X15.395 Y18.35 E4.52802
G1 X14.979 Y18.603 E4.55246
G1 X14.542 Y18.779 E4.5761
G1 X14.083 Y18.881 E4.5997
G1 X13.684 Y18.911 E4.61978
G1 X-16.989 Y18.912 E6.15913
G1 X-17.526 Y18.86 E6.18621
G1 X-17.98 Y18.735 E6.20984
G1 X-18.465 Y18.502 E6.23684
G1 X-18.798 Y18.275 E6.25707
G1 X-19.141 Y17.952 E6.28071
G1 X-19.427 Y17.578 E6.30434
G1 X-19.648 Y17.162 E6.32798
G1 X-19.799 Y16.716 E6.35161
G1 X-19.876 Y16.251 E6.37526
G1 X-19.876 Y15.78 E6.3989
G1 X-19.801 Y15.316 E6.42249
G1 X-19.651 Y14.869 E6.44615
G1 X-19.491 Y14.568 E6.46326
G1 X-19.17 Y14.693 F7200
G1 F1800
G1 X-18.902 Y14.323 E6.48619
G1 X-18.638 Y14.062 E6.50482
G1 X-3.3 Y1.104 E7.5125
G1 X-2.906 Y.836 E7.53641
G1 X-2.321 Y.595 E7.56816
G1 X-1.533 Y.509 E7.60794
G1 X-.758 Y.668 E7.64764
G1 X-.07 Y1.057 E7.6873
G1 X15.333 Y14.061 E8.69896
G1 X15.652 Y14.385 E8.72178
G1 X15.889 Y14.726 E8.74262
G1 X16.11 Y15.236 E8.77051
G1 X16.23 Y15.826 E8.80073
G1 X16.215 Y16.334 E8.82624
G1 X16.032 Y17.002 E8.861
G1 X15.78 Y17.469 E8.88763
G1 X15.509 Y17.796 E8.90894
G1 X15.196 Y18.068 E8.92975
G1 X14.843 Y18.286 E8.95057
G1 X14.459 Y18.444 E8.97141
G1 X14.055 Y18.538 E8.99223
G1 X13.684 Y18.566 E9.0109
G1 X-16.989 Y18.567 E10.55025
G1 X-17.443 Y18.525 E10.57313
G1 X-17.844 Y18.418 E10.59396
G1 X-18.279 Y18.211 E10.61814
G1 X-18.568 Y18.019 E10.63555
G1 X-18.872 Y17.736 E10.65639
G1 X-19.126 Y17.408 E10.67721
G1 X-19.324 Y17.043 E10.69805
G1 X-19.46 Y16.651 E10.71887
G1 X-19.531 Y16.243 E10.73965
G1 X-19.535 Y15.828 E10.76048
G1 X-19.414 Y15.232 E10.791
G1 X-19.201 Y14.743 E10.81777
G1 X-18.877 Y14.87 F7200
;TYPE:External perimeter
G1 F1800
G1 X-18.871 Y14.857 E10.81849
G1 X-18.659 Y14.567 E10.83652
G1 X-18.415 Y14.325 E10.85377
G1 X-3.077 Y1.367 E11.86145
G1 X-2.775 Y1.155 E11.87997
G1 X-2.189 Y.914 E11.91177
G1 X-1.507 Y.853 E11.94613
G1 X-.838 Y1.004 E11.98055
G1 X-.249 Y1.351 E12.01486
G1 X15.11 Y14.324 E13.02383
G1 X15.372 Y14.587 E13.04246
G1 X15.581 Y14.88 E13.06052
G1 X15.781 Y15.338 E13.0856
G1 X15.888 Y15.874 E13.11303
G1 X15.856 Y16.343 E13.13662
G1 X15.699 Y16.912 E13.16624
G1 X15.505 Y17.261 E13.18628
G1 X15.279 Y17.539 E13.20426
G1 X14.788 Y17.92 E13.23545
G1 X14.376 Y18.109 E13.2582
G1 X14.027 Y18.194 E13.27623
G1 X13.684 Y18.221 E13.2935
G1 X-16.989 Y18.222 E14.83285
G1 X-17.359 Y18.191 E14.85148
G1 X-17.707 Y18.102 E14.86951
G1 X-18.094 Y17.921 E14.89095
G1 X-18.584 Y17.541 E14.92207
G1 X-18.826 Y17.239 E14.94149
G1 X-19 Y16.925 E14.95951
G1 X-19.121 Y16.587 E14.97753
G1 X-19.186 Y16.234 E14.99554
G1 X-19.193 Y15.875 E15.01356
G1 X-19.084 Y15.334 E15.04126
G1 X-18.901 Y14.925 E15.06375
G1 X-18.673 Y14.596 F7200
G1 E13.06375 F2400
G92 E0
G1 Z2.35 F7200
G1 X-6.729 Y-2.376
G1 Z.35
G1 E2 F2400
;TYPE:Perimeter
G1 F1800
G1 X-6.752 Y-2.311 E2.00346
G1 X-6.97 Y-1.909 E2.02641
G1 X-7.249 Y-1.546 E2.04939
G1 X-7.527 Y-1.275 E2.06887
G1 X-23.782 Y12.457 E3.13677
G1 X-24.203 Y12.752 E3.16257
G1 X-24.651 Y12.961 E3.18738
G1 X-25.103 Y13.087 E3.21093
G1 X-25.57 Y13.138 E3.23451
G1 X-26.039 Y13.113 E3.25808
G1 X-26.498 Y13.013 E3.28166
G1 X-26.935 Y12.839 E3.30527
G1 X-27.338 Y12.598 E3.32884
G1 X-27.697 Y12.294 E3.35245
G1 X-28.002 Y11.937 E3.37601
G1 X-28.245 Y11.535 E3.39958
G1 X-28.42 Y11.099 E3.42316
G1 X-28.522 Y10.64 E3.44676
G1 X-28.552 Y10.243 E3.46674
G1 X-28.552 Y-17.221 E4.84504
G1 X-28.5 Y-17.757 E4.87207
G1 X-28.375 Y-18.21 E4.89565
G1 X-28.151 Y-18.682 E4.92187
G1 X-27.917 Y-19.027 E4.94279
G1 X-27.595 Y-19.369 E4.96636
G1 X-27.082 Y-19.734 E4.99796
G1 X-26.498 Y-19.991 E5.02998
G1 X-25.983 Y-20.1 E5.0564
G1 X-25.173 Y-20.072 E5.09707
G1 X-24.651 Y-19.939 E5.1241
G1 X-24.136 Y-19.692 E5.15276
G1 X-23.675 Y-19.346 E5.18169
G1 X-7.527 Y-5.703 E6.24261
G1 X-7.16 Y-5.329 E6.26891
G1 X-6.899 Y-4.954 E6.29184
G1 X-6.657 Y-4.411 E6.32167
G1 X-6.517 Y-3.786 E6.35381
G1 X-6.508 Y-3.264 E6.38001
G1 X-6.596 Y-2.752 E6.40608
G1 X-6.709 Y-2.432 E6.42311
G1 X-7.062 Y-2.514 F7200
G1 F1800
G1 X-7.16 Y-2.271 E6.43626
G1 X-7.439 Y-1.853 E6.46148
G1 X-7.75 Y-1.539 E6.48366
G1 X-24.004 Y12.194 E7.55156
G1 X-24.377 Y12.454 E7.57438
G1 X-24.751 Y12.631 E7.59515
G1 X-25.149 Y12.745 E7.61593
G1 X-25.56 Y12.793 E7.6367
G1 X-25.974 Y12.774 E7.6575
G1 X-26.379 Y12.689 E7.67827
G1 X-26.765 Y12.539 E7.69905
G1 X-27.122 Y12.329 E7.71984
G1 X-27.44 Y12.064 E7.74061
G1 X-27.711 Y11.751 E7.76139
G1 X-27.928 Y11.399 E7.78214
G1 X-28.085 Y11.016 E7.80291
G1 X-28.178 Y10.612 E7.82372
G1 X-28.207 Y10.243 E7.8423
G1 X-28.207 Y-17.221 E9.2206
G1 X-28.165 Y-17.674 E9.24343
G1 X-28.058 Y-18.074 E9.26421
G1 X-27.86 Y-18.497 E9.28765
G1 X-27.66 Y-18.797 E9.30574
G1 X-27.379 Y-19.101 E9.32652
G1 X-26.912 Y-19.434 E9.3553
G1 X-26.379 Y-19.668 E9.38451
G1 X-25.855 Y-19.762 E9.41123
G1 X-25.191 Y-19.727 E9.4446
G1 X-24.697 Y-19.589 E9.47034
G1 X-24.305 Y-19.389 E9.49243
G1 X-23.898 Y-19.082 E9.51801
G1 X-7.75 Y-5.44 E10.57889
G1 X-7.439 Y-5.125 E10.60111
G1 X-7.206 Y-4.796 E10.62134
G1 X-6.984 Y-4.304 E10.64843
G1 X-6.857 Y-3.732 E10.67784
G1 X-6.857 Y-3.247 E10.70218
G1 X-6.927 Y-2.85 E10.72241
G1 X-7.04 Y-2.57 E10.73756
G1 X-7.362 Y-2.639 F7200
;TYPE:External perimeter
G1 F1800
G1 X-7.365 Y-2.626 E10.73823
G1 X-7.527 Y-2.317 E10.75574
G1 X-7.735 Y-2.037 E10.77325
G1 X-7.972 Y-1.802 E10.79
G1 X-24.227 Y11.93 E11.8579
G1 X-24.529 Y12.144 E11.87648
G1 X-24.852 Y12.301 E11.8945
G1 X-25.195 Y12.403 E11.91246
G1 X-25.55 Y12.448 E11.93042
G1 X-25.908 Y12.436 E11.9484
G1 X-26.26 Y12.365 E11.96642
G1 X-26.595 Y12.239 E11.98438
G1 X-26.905 Y12.061 E12.00232
G1 X-27.183 Y11.834 E12.02033
G1 X-27.42 Y11.566 E12.03828
G1 X-27.611 Y11.263 E12.05626
G1 X-27.75 Y10.933 E12.07423
G1 X-27.835 Y10.584 E12.09226
G1 X-27.862 Y10.243 E12.10943
G1 X-27.862 Y-17.221 E13.48773
G1 X-27.83 Y-17.591 E13.50637
G1 X-27.742 Y-17.938 E13.52434
G1 X-27.569 Y-18.311 E13.54497
G1 X-27.403 Y-18.567 E13.56028
G1 X-27.163 Y-18.832 E13.57822
G1 X-26.742 Y-19.134 E13.60422
G1 X-26.26 Y-19.344 E13.63061
G1 X-25.867 Y-19.417 E13.65067
G1 X-25.209 Y-19.383 E13.68374
G1 X-24.826 Y-19.269 E13.70379
G1 X-24.505 Y-19.109 E13.72179
G1 X-23.713 Y-18.475 E13.7727
G1 X-7.972 Y-5.177 E14.80684
G1 X-7.717 Y-4.921 E14.82497
G1 X-7.512 Y-4.639 E14.84247
G1 X-7.312 Y-4.196 E14.86686
G1 X-7.198 Y-3.677 E14.89353
G1 X-7.234 Y-3.078 E14.92365
G1 X-7.345 Y-2.697 E14.94357
G1 X-7.523 Y-2.339 F7200
G1 E12.94357 F2400
G92 E0
G1 Z2.35 F7200
G1 X-32.9 Y21.011
G1 Z.35
G1 E2 F2400
;TYPE:Perimeter
G1 F1800
G1 X-32.892 Y20.615 E2.01988
G1 X-32.686 Y20.009 E2.052
G1 X-32.536 Y19.75 E2.06702
G1 X-32.109 Y19.264 E2.09949
G1 X-31.566 Y18.936 E2.13133
G1 X-31.286 Y18.834 E2.14629
G1 X-30.76 Y18.742 E2.17309
G1 X-30.47 Y18.757 E2.18766
G1 X-29.967 Y18.845 E2.21329
G1 X-29.661 Y18.981 E2.2301
G1 X-29.209 Y19.252 E2.25655
G1 X-28.77 Y19.748 E2.28979
G1 X-28.595 Y20.074 E2.30836
G1 X-28.416 Y20.592 E2.33586
G1 X-28.398 Y21.207 E2.36674
G1 X-28.45 Y21.551 E2.3842
G1 X-28.655 Y22.098 E2.41352
G1 X-29.083 Y22.647 E2.44846
G1 X-29.313 Y22.84 E2.46353
G1 X-29.872 Y23.148 E2.49556
G1 X-30.502 Y23.273 E2.52779
G1 X-30.801 Y23.273 E2.5428
G1 X-31.432 Y23.148 E2.57508
G1 X-31.991 Y22.84 E2.60711
G1 X-32.241 Y22.623 E2.62372
G1 X-32.6 Y22.184 E2.65218
G1 X-32.853 Y21.551 E2.68639
G1 X-32.905 Y21.256 E2.70142
G1 X-32.901 Y21.071 E2.71071
G1 X-32.56 Y21.012 F7200
G1 F1800
G1 X-32.529 Y20.588 E2.73205
G1 X-32.322 Y20.044 E2.76126
G1 X-31.956 Y19.596 E2.79029
G1 X-31.819 Y19.48 E2.7993
G1 X-31.309 Y19.196 E2.8286
G1 X-30.751 Y19.089 E2.85711
G1 X-30.203 Y19.152 E2.88479
G1 X-29.91 Y19.235 E2.90007
G1 X-29.453 Y19.501 E2.92661
G1 X-29.034 Y19.97 E2.95817
G1 X-28.919 Y20.192 E2.97072
G1 X-28.749 Y20.691 E2.99718
G1 X-28.743 Y21.207 E3.02308
G1 X-28.774 Y21.433 E3.03453
G1 X-28.964 Y21.946 E3.06198
G1 X-29.347 Y22.425 E3.09276
G1 X-29.485 Y22.541 E3.10181
G1 X-29.99 Y22.824 E3.13086
G1 X-30.562 Y22.933 E3.16008
G1 X-30.741 Y22.933 E3.16906
G1 X-31.313 Y22.824 E3.19828
G1 X-31.819 Y22.541 E3.22738
G1 X-31.977 Y22.401 E3.23797
G1 X-32.31 Y21.997 E3.26424
G1 X-32.529 Y21.433 E3.2946
G1 X-32.556 Y21.072 E3.31277
G1 X-32.211 Y21.011 F7200
;TYPE:External perimeter
G1 F1800
G1 X-32.216 Y20.765 E3.32512
G1 X-32.037 Y20.245 E3.35272
G1 X-31.692 Y19.818 E3.38027
G1 X-31.221 Y19.534 E3.40787
G1 X-30.691 Y19.429 E3.43499
G1 X-30.139 Y19.513 E3.46301
G1 X-29.658 Y19.779 E3.49059
G1 X-29.298 Y20.191 E3.51805
G1 X-29.099 Y20.706 E3.54576
G1 X-29.088 Y21.207 E3.57091
G1 X-29.235 Y21.69 E3.59625
G1 X-29.296 Y21.828 E3.60382
G1 X-29.632 Y22.224 E3.62988
G1 X-30.082 Y22.488 E3.65606
G1 X-30.622 Y22.593 E3.68367
G1 X-31.194 Y22.5 E3.71275
G1 X-31.646 Y22.242 E3.73887
G1 X-32.007 Y21.828 E3.76644
G1 X-32.205 Y21.315 E3.79404
G1 X-32.21 Y21.071 E3.80629
G1 X-32.171 Y20.673 F7200
G1 E1.80629 F2400
G92 E0
G1 Z2.35 F7200
G1 X-40.281 Y-25.08
G1 Z.35
G1 E2 F2400
;TYPE:Perimeter
G1 F1800
G1 X-40.234 Y-25.047 E2.00288
G1 X-39.856 Y-24.706 E2.02843
G1 X-39.525 Y-24.318 E2.05403
G1 X-39.247 Y-23.888 E2.07973
G1 X-38.921 Y-23.106 E2.12225
G1 X-38.795 Y-22.554 E2.15067
G1 X-38.752 Y-22.024 E2.17736
G1 X-38.752 Y21.012 E4.33716
G1 X-38.785 Y21.52 E4.36271
G1 X-38.901 Y22.074 E4.39112
G1 X-39.072 Y22.554 E4.41669
G1 X-39.304 Y23.009 E4.44232
G1 X-39.594 Y23.428 E4.46789
G1 X-39.935 Y23.807 E4.49348
G1 X-40.324 Y24.138 E4.51911
G1 X-40.752 Y24.415 E4.5447
G1 X-41.212 Y24.634 E4.57027
G1 X-41.697 Y24.79 E4.59584
G1 X-42.199 Y24.883 E4.62146
G1 X-42.651 Y24.91 E4.64418
G1 X-50.653 Y24.91 E5.04577
G1 X-51.217 Y24.868 E5.07415
G1 X-51.715 Y24.761 E5.09971
G1 X-52.196 Y24.59 E5.12533
G1 X-52.65 Y24.358 E5.15092
G1 X-53.07 Y24.069 E5.17651
G1 X-53.448 Y23.727 E5.20209
G1 X-53.779 Y23.339 E5.22769
G1 X-54.056 Y22.911 E5.25328
G1 X-54.275 Y22.45 E5.27889
G1 X-54.432 Y21.965 E5.30447
G1 X-54.524 Y21.464 E5.33003
G1 X-54.552 Y21.012 E5.35276
G1 X-54.552 Y-21.991 E7.5109
G1 X-54.509 Y-22.554 E7.53924
G1 X-54.402 Y-23.053 E7.56485
G1 X-54.232 Y-23.533 E7.59041
G1 X-53.999 Y-23.987 E7.61602
G1 X-53.71 Y-24.407 E7.64161
G1 X-53.368 Y-24.785 E7.66719
G1 X-52.98 Y-25.116 E7.69279
G1 X-52.552 Y-25.393 E7.71838
G1 X-52.091 Y-25.612 E7.74399
G1 X-51.606 Y-25.769 E7.76957
G1 X-51.105 Y-25.861 E7.79513
G1 X-50.653 Y-25.889 E7.81786
G1 X-42.651 Y-25.889 E8.21945
G1 X-42.087 Y-25.847 E8.24783
G1 X-41.588 Y-25.74 E8.27344
G1 X-41.108 Y-25.569 E8.29901
G1 X-40.654 Y-25.337 E8.3246
G1 X-40.33 Y-25.114 E8.34434
G1 X-40.49 Y-24.807 F7200
G1 F1800
G1 X-40.462 Y-24.788 E8.34604
G1 X-40.115 Y-24.478 E8.36939
G1 X-39.687 Y-23.94 E8.40389
G1 X-39.543 Y-23.706 E8.41768
G1 X-39.24 Y-22.974 E8.45744
G1 X-39.127 Y-22.452 E8.48424
G1 X-39.097 Y-21.766 E8.5187
G1 X-39.097 Y21.012 E10.66555
G1 X-39.133 Y21.508 E10.69051
G1 X-39.23 Y21.969 E10.71415
G1 X-39.381 Y22.402 E10.73716
G1 X-39.609 Y22.843 E10.76207
G1 X-39.853 Y23.201 E10.78381
G1 X-40.163 Y23.548 E10.80716
G1 X-40.515 Y23.851 E10.83047
G1 X-40.904 Y24.105 E10.85379
G1 X-41.323 Y24.307 E10.87713
G1 X-41.765 Y24.452 E10.90048
G1 X-42.222 Y24.539 E10.92383
G1 X-42.651 Y24.566 E10.9454
G1 X-50.653 Y24.566 E11.34699
G1 X-51.149 Y24.53 E11.37195
G1 X-51.604 Y24.435 E11.39528
G1 X-52.043 Y24.281 E11.41863
G1 X-52.458 Y24.072 E11.44195
G1 X-52.842 Y23.81 E11.46528
G1 X-53.189 Y23.5 E11.48863
G1 X-53.609 Y22.972 E11.52249
G1 X-53.922 Y22.402 E11.55513
G1 X-54.093 Y21.898 E11.58184
G1 X-54.18 Y21.441 E11.60519
G1 X-54.207 Y21.012 E11.62676
G1 X-54.207 Y-21.991 E13.7849
G1 X-54.171 Y-22.487 E13.80986
G1 X-54.076 Y-22.942 E13.83319
G1 X-53.922 Y-23.381 E13.85654
G1 X-53.609 Y-23.951 E13.88918
G1 X-53.189 Y-24.478 E13.923
G1 X-52.788 Y-24.829 E13.94974
G1 X-52.399 Y-25.084 E13.97308
G1 X-51.981 Y-25.286 E13.99638
G1 X-51.539 Y-25.431 E14.01973
G1 X-51.082 Y-25.517 E14.04307
G1 X-50.653 Y-25.544 E14.06464
G1 X-42.651 Y-25.544 E14.46623
G1 X-42.154 Y-25.508 E14.49124
G1 X-41.699 Y-25.413 E14.51457
G1 X-41.261 Y-25.26 E14.53785
G1 X-40.846 Y-25.05 E14.56119
G1 X-40.539 Y-24.841 E14.57983
G1 X-40.698 Y-24.535 F7200
;TYPE:External perimeter
G1 F1800
G1 X-40.689 Y-24.529 E14.58037
G1 X-40.374 Y-24.251 E14.60145
G1 X-39.974 Y-23.748 E14.6337
G1 X-39.862 Y-23.574 E14.64408
G1 X-39.558 Y-22.842 E14.68386
G1 X-39.468 Y-22.397 E14.70664
G1 X-39.442 Y-21.766 E14.73833
G1 X-39.442 Y21.012 E16.88518
G1 X-39.471 Y21.441 E16.90676
G1 X-39.556 Y21.858 E16.92812
G1 X-39.691 Y22.249 E16.94888
G1 X-39.896 Y22.652 E16.97157
G1 X-40.112 Y22.974 E16.99103
G1 X-40.39 Y23.288 E17.01208
G1 X-40.707 Y23.564 E17.03317
G1 X-41.057 Y23.796 E17.05424
G1 X-41.434 Y23.98 E17.07529
G1 X-41.832 Y24.114 E17.09637
G1 X-42.244 Y24.194 E17.11743
G1 X-42.651 Y24.221 E17.1379
G1 X-50.653 Y24.221 E17.53949
G1 X-51.082 Y24.191 E17.56107
G1 X-51.493 Y24.108 E17.58211
G1 X-51.891 Y23.972 E17.60322
G1 X-52.266 Y23.785 E17.62425
G1 X-52.615 Y23.55 E17.64537
G1 X-52.929 Y23.272 E17.66642
G1 X-53.322 Y22.781 E17.69798
G1 X-53.613 Y22.249 E17.72841
G1 X-53.755 Y21.831 E17.75057
G1 X-53.836 Y21.418 E17.77169
G1 X-53.862 Y21.012 E17.79211
G1 X-53.862 Y-21.991 E19.95025
G1 X-53.833 Y-22.419 E19.97178
G1 X-53.749 Y-22.831 E19.99288
G1 X-53.613 Y-23.228 E20.01394
G1 X-53.322 Y-23.759 E20.04433
G1 X-52.929 Y-24.251 E20.07593
G1 X-52.597 Y-24.543 E20.09812
G1 X-52.247 Y-24.775 E20.11919
G1 X-51.87 Y-24.959 E20.14024
G1 X-51.472 Y-25.093 E20.16132
G1 X-51.06 Y-25.173 E20.18238
G1 X-50.653 Y-25.199 E20.20285
G1 X-42.651 Y-25.199 E20.60444
G1 X-42.222 Y-25.17 E20.62602
G1 X-41.81 Y-25.087 E20.64711
G1 X-41.413 Y-24.95 E20.66819
G1 X-41.037 Y-24.763 E20.68926
G1 X-40.748 Y-24.569 E20.70673
G1 X-40.443 Y-24.31 F7200
G1 E18.70673 F2400
G92 E0
G1 Z2.35 F7200
G1 X-29.197 Y-26.255
G1 Z.35
G1 E2 F2400
;TYPE:Perimeter
G1 F1800
G1 X-29.375 Y-26.124 E2.01109
G1 X-29.847 Y-25.862 E2.03818
G1 X-30.485 Y-25.731 E2.07087
G1 X-30.802 Y-25.727 E2.08678
G1 X-31.364 Y-25.831 E2.11546
G1 X-31.991 Y-26.16 E2.151
G1 X-32.22 Y-26.353 E2.16603
G1 X-32.561 Y-26.761 E2.19272
G1 X-32.686 Y-26.988 E2.20573
G1 X-32.867 Y-27.489 E2.23246
G1 X-32.905 Y-27.889 E2.25262
G1 X-32.894 Y-28.373 E2.27692
G1 X-32.686 Y-28.991 E2.30964
G1 X-32.536 Y-29.25 E2.32466
G1 X-32.22 Y-29.626 E2.34931
G1 X-31.991 Y-29.818 E2.36431
G1 X-31.566 Y-30.064 E2.38895
G1 X-31.286 Y-30.166 E2.40391
G1 X-30.66 Y-30.263 E2.4357
G1 X-30.023 Y-30.167 E2.46803
G1 X-29.738 Y-30.063 E2.48326
G1 X-29.313 Y-29.818 E2.50788
G1 X-29.083 Y-29.626 E2.52292
G1 X-28.768 Y-29.25 E2.54754
G1 X-28.618 Y-28.991 E2.56256
G1 X-28.41 Y-28.373 E2.59528
G1 X-28.398 Y-27.744 E2.62685
G1 X-28.45 Y-27.449 E2.64188
G1 X-28.637 Y-26.941 E2.66905
G1 X-28.768 Y-26.729 E2.68156
G1 X-29.119 Y-26.312 E2.70891
G1 X-29.149 Y-26.291 E2.71075
G1 X-29.419 Y-26.519 F7200
G1 F1800
G1 X-29.834 Y-26.258 E2.73535
G1 X-30.079 Y-26.152 E2.74875
G1 X-30.604 Y-26.062 E2.77548
G1 X-31.225 Y-26.152 E2.80697
G1 X-31.588 Y-26.326 E2.82717
G1 X-31.956 Y-26.575 E2.84947
G1 X-32.287 Y-26.97 E2.87533
G1 X-32.529 Y-27.567 E2.90766
G1 X-32.56 Y-27.889 E2.92389
G1 X-32.554 Y-28.318 E2.94542
G1 X-32.361 Y-28.873 E2.97491
G1 X-31.956 Y-29.404 E3.00843
G1 X-31.394 Y-29.765 E3.04195
G1 X-30.751 Y-29.911 E3.07504
G1 X-30.081 Y-29.827 E3.10893
G1 X-29.485 Y-29.519 E3.1426
G1 X-29.032 Y-29.028 E3.17613
G1 X-28.774 Y-28.412 E3.20965
G1 X-28.743 Y-28.235 E3.21867
G1 X-28.746 Y-27.695 E3.24577
G1 X-28.919 Y-27.17 E3.27351
G1 X-29.032 Y-26.95 E3.28592
G1 X-29.368 Y-26.551 E3.3121
G1 X-29.638 Y-26.78 F7200
;TYPE:External perimeter
G1 F1800
G1 X-30.082 Y-26.512 E3.33813
G1 X-30.604 Y-26.41 E3.36482
G1 X-31.165 Y-26.492 E3.39327
G1 X-31.646 Y-26.758 E3.42085
G1 X-32.007 Y-27.172 E3.44842
G1 X-32.205 Y-27.685 E3.47602
G1 X-32.216 Y-28.235 E3.50363
G1 X-32.037 Y-28.755 E3.53123
G1 X-31.692 Y-29.182 E3.55878
G1 X-31.221 Y-29.466 E3.58638
G1 X-30.691 Y-29.571 E3.6135
G1 X-30.139 Y-29.487 E3.64152
G1 X-29.658 Y-29.221 E3.6691
G1 X-29.296 Y-28.806 E3.69674
G1 X-29.099 Y-28.294 E3.72427
G1 X-29.088 Y-27.744 E3.75188
G1 X-29.266 Y-27.224 E3.77946
G1 X-29.593 Y-26.819 E3.80558
G1 X-29.931 Y-26.605 F7200
G1 E1.80558 F2400
G92 E0
G1 Z2.35 F7200
G1 X26.224 Y-26.043
G1 Z.35
G1 E2 F2400
;TYPE:Perimeter
G1 F1800
G1 X26.073 Y-26.124 E2.0086
G1 X25.78 Y-26.353 E2.02726
G1 X25.458 Y-26.737 E2.05241
G1 X25.181 Y-27.354 E2.08635
G1 X25.099 Y-27.663 E2.10239
G1 X25.095 Y-28.235 E2.1311
G1 X25.147 Y-28.53 E2.14613
G1 X25.315 Y-28.991 E2.17075
G1 X25.464 Y-29.25 E2.18575
G1 X25.78 Y-29.626 E2.2104
G1 X26.009 Y-29.818 E2.2254
G1 X26.434 Y-30.064 E2.25004
G1 X26.714 Y-30.166 E2.265
G1 X27.34 Y-30.263 E2.29679
G1 X27.977 Y-30.167 E2.32912
G1 X28.262 Y-30.063 E2.34435
G1 X28.687 Y-29.818 E2.36897
G1 X28.917 Y-29.626 E2.38401
G1 X29.232 Y-29.25 E2.40863
G1 X29.382 Y-28.991 E2.42365
G1 X29.59 Y-28.374 E2.45633
G1 X29.602 Y-27.745 E2.4879
G1 X29.55 Y-27.449 E2.50298
G1 X29.377 Y-26.975 E2.5283
G1 X29.232 Y-26.729 E2.54263
G1 X28.873 Y-26.305 E2.57051
G1 X28.687 Y-26.16 E2.58235
G1 X28.15 Y-25.861 E2.6132
G1 X27.498 Y-25.727 E2.64661
G1 X27.198 Y-25.727 E2.66167
G1 X26.61 Y-25.838 E2.6917
G1 X26.277 Y-26.015 E2.71063
G1 X26.396 Y-26.34 F7200
G1 F1800
G1 X26.245 Y-26.422 E2.71925
G1 X26.044 Y-26.575 E2.73193
G1 X25.686 Y-27.009 E2.76016
G1 X25.471 Y-27.567 E2.79017
G1 X25.44 Y-27.744 E2.79919
G1 X25.446 Y-28.318 E2.828
G1 X25.639 Y-28.873 E2.85749
G1 X26.044 Y-29.404 E2.89101
G1 X26.606 Y-29.765 E2.92453
G1 X27.249 Y-29.911 E2.95762
G1 X27.919 Y-29.827 E2.99151
G1 X28.515 Y-29.519 E3.02518
G1 X28.968 Y-29.028 E3.05871
G1 X29.225 Y-28.412 E3.09221
G1 X29.257 Y-28.235 E3.10124
G1 X29.256 Y-27.716 E3.12729
G1 X29.058 Y-27.106 E3.15948
G1 X28.968 Y-26.95 E3.16852
G1 X28.626 Y-26.546 E3.19508
G1 X28.09 Y-26.214 E3.22672
G1 X27.65 Y-26.105 E3.24947
G1 X27.258 Y-26.067 E3.26924
G1 X26.712 Y-26.168 E3.29711
G1 X26.449 Y-26.311 E3.31213
G1 X26.569 Y-26.639 F7200
;TYPE:External perimeter
G1 F1800
G1 X26.354 Y-26.758 E3.32446
G1 X25.993 Y-27.172 E3.35203
G1 X25.795 Y-27.685 E3.37963
G1 X25.784 Y-28.235 E3.40724
G1 X25.963 Y-28.755 E3.43484
G1 X26.308 Y-29.182 E3.46239
G1 X26.779 Y-29.466 E3.48999
G1 X27.309 Y-29.571 E3.51711
G1 X27.861 Y-29.487 E3.54513
G1 X28.342 Y-29.221 E3.57271
G1 X28.704 Y-28.806 E3.60035
G1 X28.901 Y-28.294 E3.62788
G1 X28.912 Y-27.745 E3.65544
G1 X28.734 Y-27.224 E3.68307
G1 X28.401 Y-26.811 E3.70969
G1 X27.918 Y-26.512 E3.7382
G1 X27.378 Y-26.407 E3.76581
G1 X26.835 Y-26.492 E3.79339
G1 X26.621 Y-26.61 E3.80565
G1 X26.296 Y-26.843 F7200
G1 E1.80565 F2400
G92 E0
G1 Z2.35 F7200
G1 X25.379 Y19.875
G1 Z.35
G1 E2 F2400
;TYPE:Perimeter
G1 F1800
G1 X25.384 Y19.863 E2.00065
G1 X25.78 Y19.374 E2.03223
G1 X26.073 Y19.145 E2.05089
G1 X26.544 Y18.883 E2.07794
G1 X27.188 Y18.75 E2.11094
G1 X27.486 Y18.749 E2.1259
G1 X27.989 Y18.836 E2.15152
G1 X28.262 Y18.937 E2.16613
G1 X28.806 Y19.264 E2.19798
G1 X29.232 Y19.75 E2.23041
G1 X29.382 Y20.009 E2.24543
G1 X29.588 Y20.614 E2.2775
G1 X29.602 Y21.256 E2.30973
G1 X29.55 Y21.551 E2.32476
G1 X29.354 Y22.08 E2.35307
G1 X28.959 Y22.597 E2.38572
G1 X28.687 Y22.84 E2.40402
G1 X28.128 Y23.148 E2.43605
G1 X27.498 Y23.273 E2.46828
G1 X27.198 Y23.273 E2.48334
G1 X26.568 Y23.148 E2.51557
G1 X26.009 Y22.84 E2.5476
G1 X25.78 Y22.647 E2.56263
G1 X25.401 Y22.185 E2.59262
G1 X25.193 Y21.677 E2.62017
G1 X25.097 Y21.325 E2.63848
G1 X25.097 Y20.704 E2.66965
G1 X25.181 Y20.376 E2.68664
G1 X25.357 Y19.931 E2.71066
G1 X25.693 Y20.054 F7200
G1 F1800
G1 X25.944 Y19.715 E2.73183
G1 X26.181 Y19.48 E2.74858
G1 X26.639 Y19.218 E2.77506
G1 X27.248 Y19.09 E2.80629
G1 X27.672 Y19.131 E2.82767
G1 X28.09 Y19.235 E2.84929
G1 X28.586 Y19.53 E2.87825
G1 X28.968 Y19.972 E2.90757
G1 X29.058 Y20.127 E2.91657
G1 X29.249 Y20.675 E2.94569
G1 X29.257 Y21.256 E2.97485
G1 X29.226 Y21.433 E2.98387
G1 X29.041 Y21.935 E3.01072
G1 X28.695 Y22.375 E3.03881
G1 X28.515 Y22.541 E3.0511
G1 X28.01 Y22.824 E3.08015
G1 X27.438 Y22.933 E3.10937
G1 X27.258 Y22.933 E3.1184
G1 X26.687 Y22.824 E3.14757
G1 X26.181 Y22.541 E3.17667
G1 X26.044 Y22.425 E3.18568
G1 X25.69 Y21.998 E3.21352
G1 X25.471 Y21.433 E3.24393
G1 X25.44 Y21.205 E3.25548
G1 X25.445 Y20.691 E3.28128
G1 X25.639 Y20.127 E3.31121
G1 X25.657 Y20.103 E3.31272
G1 X25.977 Y20.219 F7200
;TYPE:External perimeter
G1 F1800
G1 X26.308 Y19.818 E3.33881
G1 X26.779 Y19.534 E3.36641
G1 X27.308 Y19.429 E3.39348
G1 X27.861 Y19.513 E3.42155
G1 X28.342 Y19.779 E3.44913
G1 X28.704 Y20.194 E3.47677
G1 X28.901 Y20.706 E3.5043
G1 X28.912 Y21.256 E3.53191
G1 X28.738 Y21.765 E3.55891
G1 X28.388 Y22.204 E3.58709
G1 X27.918 Y22.488 E3.61465
G1 X27.378 Y22.593 E3.64226
G1 X26.835 Y22.508 E3.66984
G1 X26.354 Y22.242 E3.69742
G1 X25.993 Y21.828 E3.72499
G1 X25.795 Y21.315 E3.75259
G1 X25.795 Y20.706 E3.78315
G1 X25.954 Y20.273 E3.8063
G1 X26.197 Y19.956 F7200
G1 E1.8063 F2400
G92 E0
G1 Z2.35 F7200
G1 X36.776 Y-24.347
G1 Z.35
G1 E2 F2400
;TYPE:Perimeter
G1 F1800
G1 X37.016 Y-24.662 E2.01987
G1 X37.43 Y-25.047 E2.04824
G1 X38.254 Y-25.542 E2.09648
G1 X38.785 Y-25.74 E2.12492
G1 X39.283 Y-25.847 E2.15048
G1 X39.814 Y-25.889 E2.17721
G1 X42.349 Y-25.889 E2.30443
G1 X42.913 Y-25.847 E2.33281
G1 X43.464 Y-25.72 E2.36119
G1 X44.197 Y-25.417 E2.401
G1 X44.676 Y-25.116 E2.42939
G1 X45.065 Y-24.785 E2.45502
G1 X45.406 Y-24.407 E2.48057
G1 X45.696 Y-23.987 E2.50618
G1 X45.928 Y-23.533 E2.53177
G1 X46.099 Y-23.053 E2.55734
G1 X46.205 Y-22.554 E2.58294
G1 X46.248 Y-22.024 E2.60963
G1 X46.248 Y21.012 E4.76943
G1 X46.209 Y21.556 E4.7968
G1 X46.099 Y22.074 E4.82338
G1 X45.928 Y22.555 E4.849
G1 X45.696 Y23.009 E4.87459
G1 X45.406 Y23.428 E4.90016
G1 X45.065 Y23.807 E4.92575
G1 X44.676 Y24.138 E4.95138
G1 X44.248 Y24.415 E4.97697
G1 X43.788 Y24.634 E5.00254
G1 X43.303 Y24.79 E5.02811
G1 X42.65 Y24.91 E5.06143
G1 X39.847 Y24.91 E5.2021
G1 X39.283 Y24.868 E5.23048
G1 X38.785 Y24.761 E5.25604
G1 X38.304 Y24.59 E5.28166
G1 X37.85 Y24.358 E5.30725
G1 X37.43 Y24.069 E5.33284
G1 X37.052 Y23.727 E5.35842
G1 X36.721 Y23.339 E5.38402
G1 X36.444 Y22.911 E5.40961
G1 X36.225 Y22.45 E5.43522
G1 X36.068 Y21.965 E5.4608
G1 X35.976 Y21.466 E5.48626
G1 X35.948 Y21.012 E5.50909
G1 X35.948 Y-21.991 E7.66723
G1 X35.981 Y-22.497 E7.69268
G1 X36.088 Y-23.024 E7.71967
G1 X36.268 Y-23.533 E7.74676
G1 X36.495 Y-23.979 E7.77188
G1 X36.739 Y-24.299 E7.79208
G1 X37.048 Y-24.138 F7200
G1 F1800
G1 X37.29 Y-24.452 E7.81198
G1 X37.74 Y-24.847 E7.84203
G1 X38.427 Y-25.244 E7.88185
G1 X38.961 Y-25.431 E7.91024
G1 X39.561 Y-25.544 E7.94088
G1 X42.349 Y-25.544 E8.0808
G1 X42.846 Y-25.508 E8.10581
G1 X43.332 Y-25.401 E8.13078
G1 X44.065 Y-25.098 E8.17059
G1 X44.538 Y-24.788 E8.19897
G1 X44.885 Y-24.478 E8.22232
G1 X45.305 Y-23.951 E8.25614
G1 X45.619 Y-23.381 E8.2888
G1 X45.79 Y-22.876 E8.31556
G1 X45.876 Y-22.42 E8.33885
G1 X45.903 Y-21.991 E8.36042
G1 X45.903 Y21.012 E10.51856
G1 X45.867 Y21.508 E10.54352
G1 X45.772 Y21.963 E10.56685
G1 X45.619 Y22.402 E10.59018
G1 X45.305 Y22.972 E10.62284
G1 X44.885 Y23.5 E10.6567
G1 X44.485 Y23.851 E10.68341
G1 X44.096 Y24.105 E10.70673
G1 X43.677 Y24.307 E10.73007
G1 X43.235 Y24.452 E10.75342
G1 X42.636 Y24.566 E10.78402
G1 X39.847 Y24.566 E10.92399
G1 X39.351 Y24.53 E10.94895
G1 X38.896 Y24.435 E10.97228
G1 X38.457 Y24.281 E10.99563
G1 X38.042 Y24.072 E11.01895
G1 X37.658 Y23.81 E11.04228
G1 X37.311 Y23.5 E11.06563
G1 X36.995 Y23.128 E11.09013
G1 X36.753 Y22.758 E11.11232
G1 X36.552 Y22.339 E11.13564
G1 X36.407 Y21.898 E11.15894
G1 X36.32 Y21.441 E11.18229
G1 X36.293 Y21.012 E11.20386
G1 X36.293 Y-21.991 E13.362
G1 X36.329 Y-22.487 E13.38696
G1 X36.424 Y-22.942 E13.41029
G1 X36.578 Y-23.381 E13.43364
G1 X36.807 Y-23.823 E13.45862
G1 X37.012 Y-24.09 E13.47551
G1 X37.322 Y-23.928 F7200
;TYPE:External perimeter
G1 F1800
G1 X37.563 Y-24.242 E13.49537
G1 X37.913 Y-24.549 E13.51873
G1 X38.599 Y-24.945 E13.55848
G1 X39.028 Y-25.093 E13.58125
G1 X39.575 Y-25.199 E13.60921
G1 X42.349 Y-25.199 E13.74843
G1 X42.778 Y-25.17 E13.77001
G1 X43.2 Y-25.083 E13.79163
G1 X43.933 Y-24.779 E13.83145
G1 X44.311 Y-24.529 E13.85419
G1 X44.626 Y-24.251 E13.87527
G1 X45.018 Y-23.759 E13.90684
G1 X45.309 Y-23.228 E13.93723
G1 X45.451 Y-22.809 E13.95943
G1 X45.532 Y-22.397 E13.9805
G1 X45.558 Y-21.991 E14.00092
G1 X45.558 Y21.012 E16.15906
G1 X45.529 Y21.441 E16.18064
G1 X45.446 Y21.852 E16.20168
G1 X45.309 Y22.249 E16.22276
G1 X45.018 Y22.781 E16.25319
G1 X44.626 Y23.272 E16.28472
G1 X44.293 Y23.564 E16.30695
G1 X43.943 Y23.796 E16.32802
G1 X43.566 Y23.98 E16.34907
G1 X43.168 Y24.114 E16.37015
G1 X42.621 Y24.221 E16.39812
G1 X39.847 Y24.221 E16.53734
G1 X39.418 Y24.191 E16.55892
G1 X39.007 Y24.108 E16.57996
G1 X38.609 Y23.972 E16.60107
G1 X38.234 Y23.785 E16.6221
G1 X37.885 Y23.55 E16.64322
G1 X37.571 Y23.272 E16.66427
G1 X37.111 Y22.68 E16.70189
G1 X36.878 Y22.229 E16.72737
G1 X36.745 Y21.831 E16.74843
G1 X36.664 Y21.418 E16.76955
G1 X36.638 Y21.012 E16.78997
G1 X36.638 Y-21.991 E18.94811
G1 X36.667 Y-22.419 E18.96964
G1 X36.751 Y-22.831 E18.99074
G1 X36.887 Y-23.228 E19.0118
G1 X37.081 Y-23.613 E19.03344
G1 X37.286 Y-23.88 E19.05033
G1 X37.529 Y-24.197 F7200
G1 E17.05033 F2400
G92 E0
G1 Z2.35 F7200
G1 X-63.252 Y-32.09
G1 Z.35
G1 E2 F2400
;TYPE:Perimeter
G1 F1800
G1 X54.948 Y-32.09 E7.93197
G1 X54.948 Y31.111 E11.10377
G1 X-63.252 Y31.111 E17.03574
G1 X-63.252 Y-32.03 E20.20453
G1 X-63.597 Y-32.434 F7200
G1 F1800
G1 X55.293 Y-32.434 E26.17113
G1 X55.293 Y31.456 E29.3775
G1 X-63.597 Y31.456 E35.3441
G1 X-63.597 Y-32.374 E38.54746
G1 X-63.942 Y-32.779 F7200
;TYPE:External perimeter
G1 F1800
G1 X55.638 Y-32.779 E44.54869
G1 X55.638 Y31.801 E47.78969
G1 X-63.942 Y31.801 E53.79092
G1 X-63.942 Y-32.719 E57.02891
G1 X-63.546 Y-32.779 F7200
G1 E55.02891 F2400
G92 E0
G1 Z2.35 F7200
G1 X-41.01 Y-25.635
G1 Z.35
G1 E2 F2400
;TYPE:Solid infill
;WIDTH:0.420194
G1 F1800
G1 X-47.206 Y-31.831 E2.44
G1 X-47.694 Y-31.831 E2.4645
G1 X-41.943 Y-26.08 E2.8729
G1 X-42.486 Y-26.135 E2.90031
G1 X-48.182 Y-31.831 E3.3048
G1 X-48.67 Y-31.831 E3.3293
G1 X-42.987 Y-26.148 E3.73287
G1 X-43.475 Y-26.148 E3.75737
G1 X-49.158 Y-31.831 E4.16094
G1 X-49.646 Y-31.831 E4.18544
G1 X-43.963 Y-26.148 E4.58901
G1 X-44.451 Y-26.148 E4.61351
G1 X-50.134 Y-31.831 E5.01708
G1 X-50.622 Y-31.831 E5.04158
G1 X-44.939 Y-26.148 E5.44515
G1 X-45.427 Y-26.148 E5.46965
G1 X-51.11 Y-31.831 E5.87322
G1 X-51.598 Y-31.831 E5.89772
G1 X-45.915 Y-26.148 E6.30129
G1 X-46.403 Y-26.148 E6.32579
G1 X-52.086 Y-31.831 E6.72936
G1 X-52.574 Y-31.831 E6.75386
G1 X-46.891 Y-26.148 E7.15743
G1 X-47.379 Y-26.148 E7.18193
G1 X-53.062 Y-31.831 E7.5855
G1 X-53.55 Y-31.831 E7.61
G1 X-47.867 Y-26.148 E8.01357
G1 X-48.355 Y-26.148 E8.03807
G1 X-54.038 Y-31.831 E8.44164
G1 X-54.526 Y-31.831 E8.46614
G1 X-48.843 Y-26.148 E8.86971
G1 X-49.331 Y-26.148 E8.89421
G1 X-55.014 Y-31.831 E9.29778
G1 X-55.502 Y-31.831 E9.32228
G1 X-49.819 Y-26.148 E9.72585
G1 X-50.307 Y-26.148 E9.75035
G1 X-55.99 Y-31.831 E10.15392
G1 X-56.478 Y-31.831 E10.17842
G1 X-50.785 Y-26.138 E10.5827
G1 X-51.239 Y-26.103 E10.60556
G1 X-56.966 Y-31.831 E11.01229
G1 X-57.454 Y-31.831 E11.03679
G1 X-51.643 Y-26.019 E11.44948
G1 X-52.021 Y-25.909 E11.46925
G1 X-57.942 Y-31.831 E11.88976
G1 X-58.43 Y-31.831 E11.91426
G1 X-52.364 Y-25.765 E12.34503
G1 X-52.691 Y-25.603 E12.36335
G1 X-58.918 Y-31.831 E12.80559
G1 X-59.406 Y-31.831 E12.83009
G1 X-52.994 Y-25.418 E13.28546
G1 X-53.271 Y-25.207 E13.30295
G1 X-59.894 Y-31.831 E13.77331
G1 X-60.382 Y-31.831 E13.79781
G1 X-53.535 Y-24.983 E14.28407
G1 X-53.768 Y-24.728 E14.30141
G1 X-60.87 Y-31.831 E14.80578
G1 X-61.358 Y-31.831 E14.83028
G1 X-53.985 Y-24.458 E15.35386
G1 X-54.181 Y-24.165 E15.37156
G1 X-61.847 Y-31.831 E15.91595
G1 X-62.335 Y-31.831 E15.94045
G1 X-54.358 Y-23.855 E16.50689
G1 X-54.515 Y-23.523 E16.52533
G1 X-62.823 Y-31.831 E17.11531
G1 X-62.993 Y-31.831 E17.12385
G1 X-62.993 Y-31.514 E17.13977
G1 X-54.639 Y-23.16 E17.73302
G1 X-54.724 Y-22.756 E17.75375
G1 X-62.993 Y-31.026 E18.341
G1 X-62.993 Y-30.538 E18.3655
G1 X-54.79 Y-22.334 E18.94806
G1 X-54.81 Y-21.866 E18.97158
G1 X-62.993 Y-30.05 E19.55272
G1 X-62.993 Y-29.562 E19.57722
G1 X-54.81 Y-21.378 E20.15836
G1 X-54.81 Y-20.89 E20.18286
G1 X-62.993 Y-29.074 E20.764
G1 X-62.993 Y-28.586 E20.7885
G1 X-54.81 Y-20.402 E21.36964
G1 X-54.81 Y-19.914 E21.39414
G1 X-62.993 Y-28.098 E21.97528
G1 X-62.993 Y-27.61 E21.99978
G1 X-54.81 Y-19.426 E22.58092
G1 X-54.81 Y-18.938 E22.60542
G1 X-62.993 Y-27.121 E23.18652
G1 X-62.993 Y-26.633 E23.21102
G1 X-54.81 Y-18.45 E23.79212
G1 X-54.81 Y-17.962 E23.81662
G1 X-62.993 Y-26.145 E24.39772
G1 X-62.993 Y-25.657 E24.42222
G1 X-54.81 Y-17.474 E25.00332
G1 X-54.81 Y-16.986 E25.02782
G1 X-62.993 Y-25.169 E25.60892
G1 X-62.993 Y-24.681 E25.63342
G1 X-54.81 Y-16.498 E26.21452
G1 X-54.81 Y-16.01 E26.23902
G1 X-62.993 Y-24.193 E26.82012
G1 X-62.993 Y-23.705 E26.84462
G1 X-54.81 Y-15.522 E27.42572
G1 X-54.81 Y-15.034 E27.45022
G1 X-62.993 Y-23.217 E28.03132
G1 X-62.993 Y-22.729 E28.05582
G1 X-54.81 Y-14.546 E28.63692
G1 X-54.81 Y-14.058 E28.66142
G1 X-62.993 Y-22.241 E29.24252
G1 X-62.993 Y-21.753 E29.26702
G1 X-54.81 Y-13.57 E29.84812
G1 X-54.81 Y-13.082 E29.87262
G1 X-62.993 Y-21.265 E30.45372
G1 X-62.993 Y-20.777 E30.47822
G1 X-54.81 Y-12.594 E31.05932
G1 X-54.81 Y-12.106 E31.08382
G1 X-62.993 Y-20.289 E31.66492
G1 X-62.993 Y-19.801 E31.68942
G1 X-54.81 Y-11.618 E32.27052
G1 X-54.81 Y-11.13 E32.29502
G1 X-62.993 Y-19.313 E32.87612
G1 X-62.993 Y-18.825 E32.90062
G1 X-54.81 Y-10.642 E33.48172
G1 X-54.81 Y-10.154 E33.50622
G1 X-62.993 Y-18.337 E34.08732
G1 X-62.993 Y-17.849 E34.11182
G1 X-54.81 Y-9.666 E34.69292
G1 X-54.81 Y-9.178 E34.71742
G1 X-62.993 Y-17.361 E35.29852
G1 X-62.993 Y-16.873 E35.32302
G1 X-54.81 Y-8.69 E35.90412
G1 X-54.81 Y-8.202 E35.92862
G1 X-62.993 Y-16.385 E36.50972
G1 X-62.993 Y-15.897 E36.53422
G1 X-54.81 Y-7.714 E37.11532
G1 X-54.81 Y-7.226 E37.13982
G1 X-62.993 Y-15.409 E37.72092
G1 X-62.993 Y-14.921 E37.74542
G1 X-54.81 Y-6.738 E38.32652
G1 X-54.81 Y-6.25 E38.35102
G1 X-62.993 Y-14.433 E38.93212
G1 X-62.993 Y-13.945 E38.95662
G1 X-54.81 Y-5.762 E39.53772
G1 X-54.81 Y-5.274 E39.56222
G1 X-62.993 Y-13.457 E40.14332
G1 X-62.993 Y-12.969 E40.16782
G1 X-54.81 Y-4.786 E40.74892
G1 X-54.81 Y-4.298 E40.77342
G1 X-62.993 Y-12.481 E41.35452
G1 X-62.993 Y-11.993 E41.37902
G1 X-54.81 Y-3.81 E41.96012
G1 X-54.81 Y-3.322 E41.98462
G1 X-62.993 Y-11.505 E42.56572
G1 X-62.993 Y-11.017 E42.59022
G1 X-54.81 Y-2.834 E43.17132
G1 X-54.81 Y-2.346 E43.19582
G1 X-62.993 Y-10.529 E43.77692
G1 X-62.993 Y-10.041 E43.80142
G1 X-54.81 Y-1.858 E44.38252
G1 X-54.81 Y-1.37 E44.40702
G1 X-62.993 Y-9.553 E44.98812
G1 X-62.993 Y-9.065 E45.01262
G1 X-54.81 Y-.882 E45.59372
G1 X-54.81 Y-.394 E45.61822
G1 X-62.993 Y-8.577 E46.19932
G1 X-62.993 Y-8.089 E46.22382
G1 X-54.81 Y.094 E46.80492
G1 X-54.81 Y.582 E46.82942
G1 X-62.993 Y-7.601 E47.41052
G1 X-62.993 Y-7.113 E47.43502
G1 X-54.81 Y1.07 E48.01612
G1 X-54.81 Y1.559 E48.04067
G1 X-62.993 Y-6.625 E48.62181
G1 X-62.993 Y-6.137 E48.64631
G1 X-54.81 Y2.047 E49.22745
G1 X-54.81 Y2.535 E49.25195
G1 X-62.993 Y-5.649 E49.83309
G1 X-62.993 Y-5.161 E49.85759
G1 X-54.81 Y3.023 E50.43873
G1 X-54.81 Y3.511 E50.46323
G1 X-62.993 Y-4.673 E51.04437
G1 X-62.993 Y-4.184 E51.06892
G1 X-54.81 Y3.999 E51.65002
G1 X-54.81 Y4.487 E51.67452
G1 X-62.993 Y-3.696 E52.25562
G1 X-62.993 Y-3.208 E52.28012
G1 X-54.81 Y4.975 E52.86122
G1 X-54.81 Y5.463 E52.88572
G1 X-62.993 Y-2.72 E53.46682
G1 X-62.993 Y-2.232 E53.49132
G1 X-54.81 Y5.951 E54.07242
G1 X-54.81 Y6.439 E54.09692
G1 X-62.993 Y-1.744 E54.67802
G1 X-62.993 Y-1.256 E54.70252
G1 X-54.81 Y6.927 E55.28362
G1 X-54.81 Y7.415 E55.30812
G1 X-62.993 Y-.768 E55.88922
G1 X-62.993 Y-.28 E55.91372
G1 X-54.81 Y7.903 E56.49482
G1 X-54.81 Y8.391 E56.51932
G1 X-62.993 Y.208 E57.10042
G1 X-62.993 Y.696 E57.12492
G1 X-54.81 Y8.879 E57.70602
G1 X-54.81 Y9.367 E57.73052
G1 X-62.993 Y1.184 E58.31162
G1 X-62.993 Y1.672 E58.33612
G1 X-54.81 Y9.855 E58.91722
G1 X-54.81 Y10.343 E58.94172
G1 X-62.993 Y2.16 E59.52282
G1 X-62.993 Y2.648 E59.54732
G1 X-54.81 Y10.831 E60.12842
G1 X-54.81 Y11.319 E60.15292
G1 X-62.993 Y3.136 E60.73402
G1 X-62.993 Y3.624 E60.75852
G1 X-54.81 Y11.807 E61.33962
G1 X-54.81 Y12.295 E61.36412
G1 X-62.993 Y4.112 E61.94522
G1 X-62.993 Y4.6 E61.96972
G1 X-54.81 Y12.783 E62.55082
G1 X-54.81 Y13.271 E62.57532
G1 X-62.993 Y5.088 E63.15642
G1 X-62.993 Y5.576 E63.18092
G1 X-54.81 Y13.759 E63.76202
G1 X-54.81 Y14.247 E63.78652
G1 X-62.993 Y6.064 E64.36762
G1 X-62.993 Y6.552 E64.39212
G1 X-54.81 Y14.735 E64.97322
G1 X-54.81 Y15.223 E64.99772
G1 X-62.993 Y7.04 E65.57882
G1 X-62.993 Y7.528 E65.60332
G1 X-54.81 Y15.711 E66.18442
G1 X-54.81 Y16.199 E66.20892
G1 X-62.993 Y8.016 E66.79002
G1 X-62.993 Y8.504 E66.81452
G1 X-54.81 Y16.687 E67.39562
G1 X-54.81 Y17.175 E67.42012
G1 X-62.993 Y8.992 E68.00122
G1 X-62.993 Y9.48 E68.02572
G1 X-54.81 Y17.663 E68.60682
G1 X-54.81 Y18.151 E68.63132
G1 X-62.993 Y9.968 E69.21242
G1 X-62.993 Y10.456 E69.23692
G1 X-54.81 Y18.639 E69.81802
G1 X-54.81 Y19.127 E69.84252
G1 X-62.993 Y10.944 E70.42362
G1 X-62.993 Y11.432 E70.44812
G1 X-54.81 Y19.615 E71.02922
G1 X-54.81 Y20.103 E71.05372
G1 X-62.993 Y11.92 E71.63482
G1 X-62.993 Y12.408 E71.65932
G1 X-54.81 Y20.591 E72.24042
G1 X-54.805 Y21.084 E72.26518
G1 X-62.993 Y12.896 E72.84664
G1 X-62.993 Y13.384 E72.87114
G1 X-54.765 Y21.613 E73.45547
G1 X-54.613 Y22.252 E73.48845
G1 X-62.993 Y13.872 E74.08354
G1 X-62.993 Y14.36 E74.10804
G1 X-46.501 Y30.852 E75.27919
G1 X-46.013 Y30.852 E75.30369
G1 X-51.894 Y24.972 E75.72128
G1 X-51.254 Y25.123 E75.7543
G1 X-45.525 Y30.852 E76.16114
G1 X-45.037 Y30.852 E76.18564
G1 X-50.726 Y25.164 E76.5896
G1 X-50.232 Y25.169 E76.61441
G1 X-44.549 Y30.852 E77.01798
G1 X-44.061 Y30.852 E77.04248
G1 X-49.744 Y25.169 E77.44605
G1 X-49.256 Y25.169 E77.47055
G1 X-43.573 Y30.852 E77.87412
G1 X-43.085 Y30.852 E77.89862
G1 X-48.768 Y25.169 E78.30219
G1 X-48.28 Y25.169 E78.32669
G1 X-42.597 Y30.852 E78.73026
G1 X-42.109 Y30.852 E78.75476
G1 X-47.792 Y25.169 E79.15833
G1 X-47.304 Y25.169 E79.18283
G1 X-41.621 Y30.852 E79.5864
G1 X-41.133 Y30.852 E79.6109
G1 X-46.816 Y25.169 E80.01447
G1 X-46.328 Y25.169 E80.03897
G1 X-40.645 Y30.852 E80.44254
G1 X-40.157 Y30.852 E80.46704
G1 X-45.84 Y25.169 E80.87061
G1 X-45.352 Y25.169 E80.89511
G1 X-39.669 Y30.852 E81.29868
G1 X-39.181 Y30.852 E81.32318
G1 X-44.864 Y25.169 E81.72675
G1 X-44.376 Y25.169 E81.75125
G1 X-38.693 Y30.852 E82.15482
G1 X-38.205 Y30.852 E82.17932
G1 X-43.888 Y25.169 E82.58289
G1 X-43.4 Y25.169 E82.60739
G1 X-37.717 Y30.852 E83.01096
G1 X-37.229 Y30.852 E83.03546
G1 X-42.912 Y25.169 E83.43903
G1 X-42.439 Y25.154 E83.46279
G1 X-36.741 Y30.852 E83.86742
G1 X-36.253 Y30.852 E83.89192
G1 X-41.993 Y25.112 E84.29954
G1 X-41.592 Y25.025 E84.32014
G1 X-35.765 Y30.852 E84.73394
G1 X-35.277 Y30.852 E84.75844
G1 X-41.224 Y24.905 E85.18076
G1 X-40.877 Y24.765 E85.19955
G1 X-34.789 Y30.852 E85.63184
G1 X-34.301 Y30.852 E85.65634
G1 X-40.557 Y24.596 E86.1006
G1 X-40.261 Y24.405 E86.11829
G1 X-33.813 Y30.852 E86.57615
G1 X-33.325 Y30.852 E86.60065
G1 X-39.99 Y24.187 E87.07395
G1 X-39.73 Y23.959 E87.09131
G1 X-32.837 Y30.852 E87.58081
G1 X-32.349 Y30.852 E87.60531
G1 X-39.496 Y23.705 E88.11284
G1 X-39.278 Y23.435 E88.13027
G1 X-31.861 Y30.852 E88.65698
G1 X-31.373 Y30.852 E88.68148
G1 X-39.086 Y23.139 E89.22921
G1 X-38.918 Y22.819 E89.24736
G1 X-30.885 Y30.852 E89.81781
G1 X-30.397 Y30.852 E89.84231
G1 X-38.773 Y22.476 E90.43712
G1 X-38.649 Y22.112 E90.45643
G1 X-29.909 Y30.852 E91.07709
G1 X-29.421 Y30.852 E91.10159
G1 X-38.563 Y21.71 E91.75079
G1 X-38.522 Y21.487 E91.76218
G1 X-38.509 Y21.276 E91.7728
G1 X-28.933 Y30.852 E92.45282
G1 X-28.445 Y30.852 E92.47732
G1 X-38.493 Y20.804 E93.19086
G1 X-38.493 Y20.316 E93.21536
G1 X-27.957 Y30.852 E93.96356
G1 X-27.469 Y30.852 E93.98806
G1 X-38.493 Y19.827 E94.77095
G1 X-38.493 Y19.339 E94.79545
G1 X-26.981 Y30.852 E95.61299
G1 X-26.493 Y30.852 E95.63749
G1 X-38.493 Y18.851 E96.48969
G1 X-38.493 Y18.363 E96.51419
G1 X-26.005 Y30.852 E97.40104
G1 X-25.517 Y30.852 E97.42554
G1 X-38.493 Y17.875 E98.34705
G1 X-38.493 Y17.387 E98.37155
G1 X-25.029 Y30.852 E99.32771
G1 X-24.54 Y30.852 E99.35226
G1 X-38.493 Y16.899 E100.34311
G1 X-38.493 Y16.411 E100.36761
G1 X-32.996 Y21.909 E100.75801
G1 X-33.148 Y21.447 E100.78243
G1 X-33.164 Y21.253 E100.7922
G1 X-38.493 Y15.923 E101.17067
G1 X-38.493 Y15.435 E101.19517
G1 X-33.164 Y20.765 E101.57364
G1 X-33.147 Y20.569 E101.58352
G1 X-33.086 Y20.355 E101.59469
G1 X-38.493 Y14.947 E101.9787
G1 X-38.493 Y14.459 E102.0032
G1 X-32.948 Y20.004 E102.39697
G1 X-32.845 Y19.74 E102.4112
G1 X-32.791 Y19.673 E102.41552
G1 X-38.493 Y13.971 E102.82044
G1 X-38.493 Y13.483 E102.84494
G1 X-32.574 Y19.402 E103.26527
G1 X-32.35 Y19.139 E103.28262
G1 X-38.493 Y12.995 E103.71889
G1 X-38.493 Y12.507 E103.74339
G1 X-32.07 Y18.93 E104.19951
G1 X-31.754 Y18.758 E104.21758
G1 X-38.493 Y12.019 E104.69614
G1 X-38.493 Y11.531 E104.72064
G1 X-31.422 Y18.603 E105.22281
G1 X-31.01 Y18.527 E105.24385
G1 X-38.493 Y11.043 E105.77528
G1 X-38.493 Y10.555 E105.79978
G1 X-30.56 Y18.488 E106.36313
G1 X-29.983 Y18.578 E106.39245
G1 X-38.493 Y10.067 E106.99681
G1 X-38.493 Y9.579 E107.02131
G1 X-17.22 Y30.852 E108.53198
G1 X-16.732 Y30.852 E108.55648
G1 X-38.493 Y9.091 E110.1018
G1 X-38.493 Y8.603 E110.1263
G1 X-16.244 Y30.852 E111.70628
G1 X-15.756 Y30.852 E111.73078
G1 X-38.493 Y8.115 E113.34541
G1 X-38.493 Y7.627 E113.36991
G1 X-15.268 Y30.852 E115.0192
G1 X-14.78 Y30.852 E115.0437
G1 X-38.493 Y7.139 E116.72764
G1 X-38.493 Y6.651 E116.75214
G1 X-14.292 Y30.852 E118.47074
G1 X-13.804 Y30.852 E118.49524
G1 X-38.493 Y6.163 E120.24849
G1 X-38.493 Y5.675 E120.27299
G1 X-13.316 Y30.852 E122.0609
G1 X-12.828 Y30.852 E122.0854
G1 X-38.493 Y5.187 E123.90796
G1 X-38.493 Y4.699 E123.93246
G1 X-12.34 Y30.852 E125.78967
G1 X-11.852 Y30.852 E125.81417
G1 X-38.493 Y4.211 E127.70604
G1 X-38.493 Y3.723 E127.73054
G1 X-11.364 Y30.852 E129.65706
G1 X-10.876 Y30.852 E129.68156
G1 X-38.493 Y3.235 E131.64274
G1 X-38.493 Y2.747 E131.66724
G1 X-10.388 Y30.852 E133.66307
G1 X-9.9 Y30.852 E133.68757
G1 X-38.649 Y2.104 E135.7291
G1 E133.7291 F2400
G92 E0
G1 Z2.35 F7200
G1 X-24.733 Y13.091
G1 Z.35
G1 E2 F2400
G1 F1800
G1 X-6.972 Y30.852 E3.26127
G1 X-7.46 Y30.852 E3.28577
G1 X-24.986 Y13.326 E4.53035
G1 X-25.42 Y13.38 E4.55231
G1 X-7.948 Y30.852 E5.79306
G1 X-8.436 Y30.852 E5.81756
G1 X-25.905 Y13.383 E7.05809
G1 X-26.015 Y13.379 E7.06362
G1 X-26.501 Y13.275 E7.08858
G1 X-8.924 Y30.852 E8.33678
G1 X-9.412 Y30.852 E8.36128
G1 X-38.493 Y1.771 E10.42642
G1 X-38.493 Y1.283 E10.45092
G1 X-28.677 Y11.099 E11.14799
G1 X-28.767 Y10.764 E11.16541
G1 X-28.789 Y10.499 E11.17876
G1 X-38.493 Y.795 E11.86787
G1 X-38.493 Y.307 E11.89237
G1 X-28.81 Y9.99 E12.57999
G1 X-28.81 Y9.502 E12.60449
G1 X-38.493 Y-.181 E13.29211
G1 X-38.493 Y-.669 E13.31661
G1 X-28.81 Y9.014 E14.00423
G1 X-28.81 Y8.526 E14.02873
G1 X-38.493 Y-1.157 E14.71635
G1 X-38.493 Y-1.645 E14.74085
G1 X-28.81 Y8.038 E15.42847
G1 X-28.81 Y7.55 E15.45297
G1 X-38.493 Y-2.133 E16.14059
G1 X-38.493 Y-2.621 E16.16509
G1 X-28.81 Y7.062 E16.85271
G1 X-28.81 Y6.574 E16.87721
G1 X-38.493 Y-3.11 E17.56487
G1 X-38.493 Y-3.598 E17.58937
G1 X-28.81 Y6.086 E18.27703
G1 X-28.81 Y5.598 E18.30153
G1 X-38.493 Y-4.086 E18.98919
G1 X-38.493 Y-4.574 E19.01369
G1 X-28.81 Y5.11 E19.70135
G1 X-28.81 Y4.622 E19.72585
G1 X-38.493 Y-5.062 E20.41351
G1 X-38.493 Y-5.55 E20.43801
G1 X-28.81 Y4.134 E21.12567
G1 X-28.81 Y3.645 E21.15022
G1 X-38.493 Y-6.038 E21.83784
G1 X-38.493 Y-6.526 E21.86234
G1 X-28.81 Y3.157 E22.54996
G1 X-28.81 Y2.669 E22.57446
G1 X-38.493 Y-7.014 E23.26208
G1 X-38.493 Y-7.502 E23.28658
G1 X-28.81 Y2.181 E23.9742
G1 X-28.81 Y1.693 E23.9987
G1 X-38.493 Y-7.99 E24.68632
G1 X-38.493 Y-8.478 E24.71082
G1 X-28.81 Y1.205 E25.39844
G1 X-28.81 Y.717 E25.42294
G1 X-38.493 Y-8.966 E26.11056
G1 X-38.493 Y-9.454 E26.13506
G1 X-28.81 Y.229 E26.82268
G1 X-28.81 Y-.259 E26.84718
G1 X-38.493 Y-9.942 E27.5348
G1 X-38.493 Y-10.43 E27.5593
G1 X-28.81 Y-.747 E28.24692
G1 X-28.81 Y-1.235 E28.27142
G1 X-38.493 Y-10.918 E28.95904
G1 X-38.493 Y-11.406 E28.98354
G1 X-28.81 Y-1.723 E29.67116
G1 X-28.81 Y-2.211 E29.69566
G1 X-38.493 Y-11.894 E30.38328
G1 X-38.493 Y-12.382 E30.40778
G1 X-28.81 Y-2.699 E31.0954
G1 X-28.81 Y-3.187 E31.1199
G1 X-38.493 Y-12.87 E31.80752
G1 X-38.493 Y-13.358 E31.83202
G1 X-28.81 Y-3.675 E32.51964
G1 X-28.81 Y-4.163 E32.54414
G1 X-38.493 Y-13.846 E33.23176
G1 X-38.493 Y-14.334 E33.25626
G1 X-28.81 Y-4.651 E33.94388
G1 X-28.81 Y-5.139 E33.96838
G1 X-38.493 Y-14.822 E34.656
G1 X-38.493 Y-15.31 E34.6805
G1 X-28.81 Y-5.627 E35.36812
G1 X-28.81 Y-6.115 E35.39262
G1 X-38.493 Y-15.798 E36.08024
G1 X-38.493 Y-16.286 E36.10474
G1 X-28.81 Y-6.603 E36.79236
G1 X-28.81 Y-7.091 E36.81686
G1 X-38.493 Y-16.774 E37.50448
G1 X-38.493 Y-17.262 E37.52898
G1 X-28.81 Y-7.579 E38.2166
G1 X-28.81 Y-8.067 E38.2411
G1 X-38.493 Y-17.75 E38.92872
G1 X-38.493 Y-18.238 E38.95322
G1 X-28.81 Y-8.555 E39.64084
G1 X-28.81 Y-9.043 E39.66534
G1 X-38.493 Y-18.726 E40.35296
G1 X-38.493 Y-19.214 E40.37746
G1 X-28.81 Y-9.531 E41.06508
G1 X-28.81 Y-10.019 E41.08958
G1 X-38.493 Y-19.702 E41.7772
G1 X-38.493 Y-20.19 E41.8017
G1 X-28.81 Y-10.507 E42.48932
G1 X-28.81 Y-10.995 E42.51382
G1 X-38.493 Y-20.678 E43.20144
G1 X-38.493 Y-21.166 E43.22594
G1 X-28.81 Y-11.483 E43.91356
G1 X-28.81 Y-11.971 E43.93806
G1 X-38.493 Y-21.654 E44.62568
G1 X-38.506 Y-22.155 E44.65085
G1 X-28.81 Y-12.459 E45.3394
G1 X-28.81 Y-12.947 E45.3639
G1 X-38.562 Y-22.699 E46.05642
G1 X-38.662 Y-23.152 E46.07971
G1 X-38.757 Y-23.382 E46.09221
G1 X-28.81 Y-13.435 E46.79858
G1 X-28.81 Y-13.923 E46.82308
G1 X-46.718 Y-31.831 E48.09479
G1 X-46.23 Y-31.831 E48.11929
G1 X-28.81 Y-14.411 E49.35634
G1 X-28.81 Y-14.899 E49.38084
G1 X-45.742 Y-31.831 E50.58324
G1 X-45.254 Y-31.831 E50.60774
G1 X-28.81 Y-15.387 E51.77549
G1 X-28.81 Y-15.875 E51.79999
G1 X-44.766 Y-31.831 E52.93308
G1 X-44.278 Y-31.831 E52.95758
G1 X-28.81 Y-16.363 E54.05602
G1 X-28.81 Y-16.851 E54.08052
G1 X-43.79 Y-31.831 E55.1443
G1 X-43.302 Y-31.831 E55.1688
G1 X-28.802 Y-17.332 E56.19846
G1 X-28.78 Y-17.645 E56.21422
G1 X-28.752 Y-17.769 E56.2206
G1 X-42.814 Y-31.831 E57.21919
G1 X-42.326 Y-31.831 E57.24369
G1 X-28.661 Y-18.166 E58.21409
G1 X-28.52 Y-18.513 E58.2329
G1 X-41.838 Y-31.831 E59.17866
G1 X-41.35 Y-31.831 E59.20316
G1 X-28.355 Y-18.836 E60.12598
G1 X-28.164 Y-19.133 E60.14371
G1 X-40.862 Y-31.831 E61.04544
G1 X-40.374 Y-31.831 E61.06994
G1 X-27.934 Y-19.391 E61.95335
G1 X-27.829 Y-19.508 E61.96124
G1 X-27.681 Y-19.627 E61.97078
G1 X-39.886 Y-31.831 E62.83746
G1 X-39.398 Y-31.831 E62.86196
G1 X-27.41 Y-19.843 E63.71327
G1 X-27.098 Y-20.02 E63.73128
G1 X-38.91 Y-31.831 E64.57006
G1 X-38.422 Y-31.831 E64.59456
G1 X-26.637 Y-20.046 E65.43145
G1 E63.43145 F2400
G92 E0
G1 Z2.35 F7200
G1 X-28.312 Y-27.578
G1 Z.35
G1 E2 F2400
G1 F1800
G1 X-.659 Y.076 E3.96377
G1 X-.509 Y.112 E3.97152
G1 X-.3 Y.211 E3.98313
G1 X.343 Y.608 E4.02108
G1 X.464 Y.711 E4.02906
G1 X-28.14 Y-27.893 E6.06033
G1 X-28.152 Y-28.394 E6.08549
G1 X4.916 Y4.674 E8.43376
G1 E6.43376 F2400
G92 E0
G1 Z2.35 F7200
G1 X14.345 Y12.64
G1 Z.35
G1 E2 F2400
G1 F1800
G1 X-30.125 Y-31.831 E5.158
G1 X-30.613 Y-31.831 E5.1825
G1 X9.894 Y8.676 E8.05904
G1 X6.751 Y6.021 E8.26564
G1 X-31.256 Y-31.986 E10.96465
G1 E8.96465 F2400
G92 E0
G1 Z2.35 F7200
G1 X-30.031 Y-30.273
G1 Z.35
G1 E2 F2400
G1 F1800
G1 X-31.589 Y-31.831 E2.11064
G1 X-32.077 Y-31.831 E2.13514
G1 X-30.76 Y-30.514 E2.22866
G1 X-31.181 Y-30.447 E2.25007
G1 X-32.565 Y-31.831 E2.34835
G1 X-33.053 Y-31.831 E2.37285
G1 X-31.561 Y-30.338 E2.47884
G1 X-31.689 Y-30.291 E2.48569
G1 X-31.887 Y-30.177 E2.49716
G1 X-33.541 Y-31.831 E2.61462
G1 X-34.029 Y-31.831 E2.63912
G1 X-32.187 Y-29.988 E2.76996
G1 X-32.446 Y-29.759 E2.78732
G1 X-34.517 Y-31.831 E2.93442
G1 X-35.005 Y-31.831 E2.95892
G1 X-32.669 Y-29.494 E3.12484
G1 X-32.739 Y-29.41 E3.13033
G1 X-32.861 Y-29.199 E3.14257
G1 X-35.493 Y-31.831 E3.32948
G1 X-35.981 Y-31.831 E3.35398
G1 X-33.009 Y-28.858 E3.56507
G1 X-33.13 Y-28.491 E3.58447
G1 X-36.469 Y-31.831 E3.82162
G1 X-36.957 Y-31.831 E3.84612
G1 X-33.157 Y-28.031 E4.11597
G1 X-33.163 Y-27.694 E4.13289
G1 X-33.133 Y-27.518 E4.14186
G1 X-37.445 Y-31.831 E4.44811
G1 X-37.933 Y-31.831 E4.47261
G1 X-26.387 Y-20.284 E5.29257
G1 X-25.974 Y-20.359 E5.31365
G1 X-31.147 Y-25.533 E5.68104
G1 X-30.843 Y-25.472 E5.69661
G1 X-30.589 Y-25.462 E5.70937
G1 X-25.47 Y-20.344 E6.07285
G1 X-25.155 Y-20.33 E6.08868
G1 X-24.929 Y-20.29 E6.1002
G1 X-30.166 Y-25.528 E6.47213
G1 X-29.97 Y-25.558 E6.48209
G1 X-29.767 Y-25.617 E6.49271
G1 X-24.138 Y-19.987 E6.89248
G1 X-23.664 Y-19.673 E6.92103
G1 X-21.548 Y-17.886 E7.0601
G1 X-29.45 Y-25.788 E7.62125
G1 X-29.142 Y-25.968 E7.63916
G1 X-18.406 Y-15.231 E8.4016
G1 X-15.263 Y-12.577 E8.60816
G1 X-28.881 Y-26.194 E9.57519
G1 X-28.657 Y-26.459 E9.59261
G1 X-12.121 Y-9.922 E10.76692
G1 X-8.979 Y-7.268 E10.97345
G1 X-28.449 Y-26.738 E12.35608
G1 X-28.31 Y-27.088 E12.37499
G1 X-1.298 Y-.075 E14.29324
G1 X-1.574 Y-.093 E14.30713
G1 X-1.787 Y-.076 E14.31786
G1 X-6.549 Y-4.839 E14.65606
G1 X-6.328 Y-4.228 E14.68869
G1 X-6.312 Y-4.114 E14.69447
G1 X-2.238 Y-.04 E14.98378
G1 X-2.488 Y.014 E14.99662
G1 X-2.619 Y.068 E15.00374
G1 X-6.248 Y-3.562 E15.26148
G1 X-6.25 Y-3.245 E15.2774
G1 X-6.272 Y-3.098 E15.28486
G1 X-2.963 Y.211 E15.51984
G1 X-3.297 Y.366 E15.53833
G1 X-6.355 Y-2.692 E15.75549
G1 X-6.469 Y-2.318 E15.77512
G1 X-3.585 Y.566 E15.97992
G1 X-3.855 Y.784 E15.99735
G1 X-6.634 Y-1.995 E16.1947
G1 X-6.813 Y-1.687 E16.21259
G1 X-4.119 Y1.007 E16.4039
G1 X-4.384 Y1.231 E16.42132
G1 X-7.025 Y-1.411 E16.6089
G1 X-7.27 Y-1.167 E16.62626
G1 X-4.648 Y1.454 E16.81242
G1 X-4.913 Y1.678 E16.82984
G1 X-7.527 Y-.936 E17.01547
G1 X-7.792 Y-.713 E17.03286
G1 X-5.177 Y1.901 E17.21852
G1 X-5.442 Y2.125 E17.23594
G1 X-8.056 Y-.49 E17.4216
G1 X-8.321 Y-.266 E17.43902
G1 X-5.707 Y2.348 E17.62465
G1 X-5.971 Y2.572 E17.64204
G1 X-8.585 Y-.043 E17.8277
G1 X-8.85 Y.181 E17.84512
G1 X-6.236 Y2.795 E18.03075
G1 X-6.5 Y3.019 E18.04814
G1 X-9.114 Y.404 E18.2338
G1 X-9.379 Y.628 E18.25122
G1 X-6.765 Y3.242 E18.43685
G1 X-7.029 Y3.466 E18.45424
G1 X-9.644 Y.851 E18.63994
G1 X-9.908 Y1.075 E18.65733
G1 X-7.294 Y3.689 E18.84296
G1 X-7.558 Y3.913 E18.86035
G1 X-10.173 Y1.298 E19.04605
G1 X-10.437 Y1.522 E19.06344
G1 X-7.823 Y4.136 E19.24907
G1 X-8.087 Y4.359 E19.26642
G1 X-10.702 Y1.745 E19.45208
G1 X-10.966 Y1.969 E19.46947
G1 X-8.352 Y4.583 E19.6551
G1 X-8.617 Y4.806 E19.67249
G1 X-11.231 Y2.192 E19.85812
G1 X-11.495 Y2.416 E19.87551
G1 X-8.881 Y5.03 E20.06114
G1 X-9.146 Y5.253 E20.07853
G1 X-11.76 Y2.639 E20.26416
G1 X-12.025 Y2.862 E20.28155
G1 X-9.41 Y5.477 E20.46725
G1 X-9.675 Y5.7 E20.48464
G1 X-12.289 Y3.086 E20.67027
G1 X-12.554 Y3.309 E20.68766
G1 X-9.939 Y5.924 E20.87336
G1 X-10.204 Y6.147 E20.89075
G1 X-12.818 Y3.533 E21.07638
G1 X-13.083 Y3.756 E21.09377
G1 X-10.468 Y6.371 E21.27947
G1 X-10.733 Y6.594 E21.29686
G1 X-13.347 Y3.98 E21.48249
G1 X-13.612 Y4.203 E21.49988
G1 X-10.997 Y6.818 E21.68558
G1 X-11.262 Y7.041 E21.70297
G1 X-13.876 Y4.427 E21.8886
G1 X-14.141 Y4.65 E21.90599
G1 X-11.527 Y7.265 E22.09165
G1 X-11.791 Y7.488 E22.109
G1 X-14.406 Y4.874 E22.29466
G1 X-14.67 Y5.097 E22.31201
G1 X-12.056 Y7.712 E22.49767
G1 X-12.32 Y7.935 E22.51502
G1 X-14.935 Y5.321 E22.70068
G1 X-15.199 Y5.544 E22.71803
G1 X-12.585 Y8.159 E22.90369
G1 X-12.849 Y8.382 E22.92104
G1 X-15.464 Y5.768 E23.1067
G1 X-15.728 Y5.991 E23.12405
G1 X-13.114 Y8.605 E23.30968
G1 X-13.378 Y8.829 E23.32707
G1 X-15.993 Y6.214 E23.51277
G1 X-16.257 Y6.438 E23.53016
G1 X-13.643 Y9.052 E23.71579
G1 X-13.908 Y9.276 E23.73321
G1 X-16.522 Y6.661 E23.91887
G1 X-16.787 Y6.885 E23.93629
G1 X-14.172 Y9.499 E24.12195
G1 X-14.437 Y9.723 E24.13937
G1 X-17.051 Y7.108 E24.32503
G1 X-17.316 Y7.332 E24.34245
G1 X-14.701 Y9.946 E24.52811
G1 X-14.966 Y10.17 E24.54553
G1 X-17.58 Y7.555 E24.73119
G1 X-17.845 Y7.779 E24.74861
G1 X-15.23 Y10.393 E24.93427
G1 X-15.495 Y10.617 E24.95169
G1 X-18.109 Y8.002 E25.13735
G1 X-18.374 Y8.226 E25.15477
G1 X-15.759 Y10.84 E25.34043
G1 X-16.024 Y11.064 E25.35785
G1 X-18.638 Y8.449 E25.54351
G1 X-18.903 Y8.673 E25.56093
G1 X-16.288 Y11.287 E25.74659
G1 X-16.553 Y11.511 E25.76401
G1 X-19.168 Y8.896 E25.94971
G1 X-19.432 Y9.12 E25.9671
G1 X-16.818 Y11.734 E26.15273
G1 X-17.082 Y11.958 E26.17012
G1 X-19.697 Y9.343 E26.35582
G1 X-19.961 Y9.566 E26.37317
G1 X-17.347 Y12.181 E26.55883
G1 X-17.611 Y12.404 E26.57618
G1 X-20.226 Y9.79 E26.76184
G1 X-20.49 Y10.013 E26.77919
G1 X-17.876 Y12.628 E26.96485
G1 X-18.14 Y12.851 E26.9822
G1 X-20.755 Y10.237 E27.16786
G1 X-21.019 Y10.46 E27.18521
G1 X-18.405 Y13.075 E27.37087
G1 X-18.669 Y13.298 E27.38822
G1 X-21.284 Y10.684 E27.57388
G1 X-21.549 Y10.907 E27.59127
G1 X-18.934 Y13.522 E27.77697
G1 X-19.187 Y13.757 E27.79431
G1 X-21.813 Y11.131 E27.98079
G1 X-22.078 Y11.354 E27.99818
G1 X-19.419 Y14.013 E28.187
G1 X-19.631 Y14.289 E28.20448
G1 X-22.342 Y11.578 E28.397
G1 X-22.607 Y11.801 E28.41439
G1 X-19.803 Y14.605 E28.61351
G1 X-19.955 Y14.941 E28.63203
G1 X-22.871 Y12.025 E28.83911
G1 X-23.136 Y12.248 E28.8565
G1 X-20.065 Y15.318 E29.07455
G1 X-20.123 Y15.749 E29.09639
G1 X-23.4 Y12.472 E29.3291
G1 X-23.665 Y12.695 E29.34649
G1 X-20.131 Y16.229 E29.59745
G1 X-20.126 Y16.374 E29.60474
G1 X-20.039 Y16.809 E29.62702
G1 X-23.954 Y12.894 E29.90504
G1 X-24.079 Y12.979 E29.91263
G1 X-24.267 Y13.069 E29.9231
G1 X-6.484 Y30.852 E31.18593
G1 X-5.996 Y30.852 E31.21043
G1 X-17.794 Y19.054 E32.04825
G1 X-17.584 Y19.112 E32.05919
G1 X-17.211 Y19.149 E32.07801
G1 X-5.508 Y30.852 E32.90908
G1 X-5.02 Y30.852 E32.93358
G1 X-16.701 Y19.171 E33.76309
G1 X-16.213 Y19.171 E33.78759
G1 X-4.532 Y30.852 E34.6171
G1 X-4.044 Y30.852 E34.6416
G1 X-15.725 Y19.171 E35.47111
G1 X-15.237 Y19.171 E35.49561
G1 X-3.556 Y30.852 E36.32512
G1 X-3.068 Y30.852 E36.34962
G1 X-14.749 Y19.171 E37.17913
G1 X-14.261 Y19.171 E37.20363
G1 X-2.58 Y30.852 E38.03314
G1 X-2.092 Y30.852 E38.05764
G1 X-13.773 Y19.171 E38.88715
G1 X-13.285 Y19.171 E38.91165
G1 X-1.604 Y30.852 E39.74116
G1 X-1.115 Y30.852 E39.76571
G1 X-12.797 Y19.171 E40.59525
G1 X-12.309 Y19.171 E40.61975
G1 X-.627 Y30.852 E41.44929
G1 X-.139 Y30.852 E41.47379
G1 X-11.821 Y19.171 E42.30333
G1 X-11.333 Y19.171 E42.32783
G1 X.349 Y30.852 E43.15737
G1 X.837 Y30.852 E43.18187
G1 X-10.845 Y19.171 E44.01141
G1 X-10.357 Y19.171 E44.03591
G1 X1.325 Y30.852 E44.86545
G1 X1.813 Y30.852 E44.88995
G1 X-9.869 Y19.171 E45.71949
G1 X-9.381 Y19.171 E45.74399
G1 X2.301 Y30.852 E46.57353
G1 X2.789 Y30.852 E46.59803
G1 X-8.893 Y19.171 E47.42757
G1 X-8.405 Y19.171 E47.45207
G1 X3.277 Y30.852 E48.28161
G1 X3.765 Y30.852 E48.30611
G1 X-7.917 Y19.17 E49.13569
G1 X-7.429 Y19.17 E49.16019
G1 X4.253 Y30.852 E49.98977
G1 X4.741 Y30.852 E50.01427
G1 X-6.941 Y19.17 E50.84385
G1 X-6.453 Y19.17 E50.86835
G1 X5.229 Y30.852 E51.69793
G1 X5.717 Y30.852 E51.72243
G1 X-5.965 Y19.17 E52.55201
G1 X-5.477 Y19.17 E52.57651
G1 X6.205 Y30.852 E53.40609
G1 X6.693 Y30.852 E53.43059
G1 X-4.989 Y19.17 E54.26017
G1 X-4.501 Y19.17 E54.28467
G1 X7.181 Y30.852 E55.11425
G1 X7.669 Y30.852 E55.13875
G1 X-4.013 Y19.17 E55.96833
G1 X-3.525 Y19.17 E55.99283
G1 X8.157 Y30.852 E56.82241
G1 X8.645 Y30.852 E56.84691
G1 X-3.037 Y19.17 E57.67649
G1 X-2.549 Y19.17 E57.70099
G1 X9.133 Y30.852 E58.53057
G1 X9.621 Y30.852 E58.55507
G1 X-2.061 Y19.17 E59.38465
G1 X-1.573 Y19.17 E59.40915
G1 X10.109 Y30.852 E60.23873
G1 X10.597 Y30.852 E60.26323
G1 X-1.085 Y19.17 E61.09281
G1 X-.597 Y19.17 E61.11731
G1 X11.085 Y30.852 E61.94689
G1 X11.573 Y30.852 E61.97139
G1 X-.109 Y19.17 E62.80097
G1 X.379 Y19.17 E62.82547
G1 X12.061 Y30.852 E63.65505
G1 X12.549 Y30.852 E63.67955
G1 X.867 Y19.17 E64.50913
G1 X1.355 Y19.17 E64.53363
G1 X13.037 Y30.852 E65.36321
G1 X13.525 Y30.852 E65.38771
G1 X1.843 Y19.17 E66.21729
G1 X2.331 Y19.17 E66.24179
G1 X14.013 Y30.852 E67.07137
G1 X14.501 Y30.852 E67.09587
G1 X2.819 Y19.17 E67.92545
G1 X3.307 Y19.17 E67.94995
G1 X14.989 Y30.852 E68.77953
G1 X15.477 Y30.852 E68.80403
G1 X3.795 Y19.17 E69.63361
G1 X4.283 Y19.17 E69.65811
G1 X15.965 Y30.852 E70.48769
G1 X16.453 Y30.852 E70.51219
G1 X4.771 Y19.17 E71.34177
G1 X5.259 Y19.17 E71.36627
G1 X16.941 Y30.852 E72.19585
G1 X17.429 Y30.852 E72.22035
G1 X5.747 Y19.17 E73.04993
G1 X6.235 Y19.17 E73.07443
G1 X17.917 Y30.852 E73.90401
G1 X18.405 Y30.852 E73.92851
G1 X6.723 Y19.17 E74.75809
G1 X7.211 Y19.17 E74.78259
G1 X18.893 Y30.852 E75.61217
G1 X19.381 Y30.852 E75.63667
G1 X7.699 Y19.17 E76.46625
G1 X8.187 Y19.17 E76.49075
G1 X19.869 Y30.852 E77.32033
G1 X20.357 Y30.852 E77.34483
G1 X8.675 Y19.17 E78.17441
G1 X9.163 Y19.17 E78.19891
G1 X20.845 Y30.852 E79.02849
G1 X21.333 Y30.852 E79.05299
G1 X9.651 Y19.17 E79.88257
G1 X10.139 Y19.17 E79.90707
G1 X21.822 Y30.852 E80.73668
G1 X22.31 Y30.852 E80.76118
G1 X10.627 Y19.17 E81.59079
G1 X11.115 Y19.17 E81.61529
G1 X22.798 Y30.852 E82.4449
G1 X23.286 Y30.852 E82.4694
G1 X11.603 Y19.17 E83.29901
G1 X12.091 Y19.17 E83.32351
G1 X23.774 Y30.852 E84.15312
G1 X24.262 Y30.852 E84.17762
G1 X12.579 Y19.17 E85.00723
G1 X13.067 Y19.17 E85.03173
G1 X24.75 Y30.852 E85.86134
G1 X25.238 Y30.852 E85.88584
G1 X13.555 Y19.17 E86.71545
G1 X14.016 Y19.142 E86.73864
G1 X25.726 Y30.852 E87.57021
G1 X26.214 Y30.852 E87.59471
G1 X14.428 Y19.067 E88.43164
G1 X14.808 Y18.958 E88.45149
G1 X26.702 Y30.852 E89.29612
G1 X27.19 Y30.852 E89.32062
G1 X15.146 Y18.809 E90.17587
G1 X15.448 Y18.622 E90.19371
G1 X27.678 Y30.852 E91.0622
G1 X28.166 Y30.852 E91.0867
G1 X15.721 Y18.407 E91.97046
G1 X15.98 Y18.178 E91.98782
G1 X28.654 Y30.852 E92.88784
G1 X29.142 Y30.852 E92.91234
G1 X16.197 Y17.907 E93.83161
G1 X16.304 Y17.774 E93.84018
G1 X16.391 Y17.614 E93.84933
G1 X29.63 Y30.852 E94.78944
G1 X30.118 Y30.852 E94.81394
G1 X16.563 Y17.298 E95.77649
G1 X16.676 Y16.922 E95.7962
G1 X30.606 Y30.852 E96.78542
G1 X31.094 Y30.852 E96.80992
G1 X16.783 Y16.541 E97.82619
G1 X16.807 Y16.453 E97.83077
G1 X16.828 Y16.098 E97.84863
G1 X31.582 Y30.852 E98.89636
G1 X32.07 Y30.852 E98.92086
G1 X16.799 Y15.581 E100.00531
G1 X16.774 Y15.366 E100.01618
G1 X16.652 Y14.946 E100.03814
G1 X32.713 Y31.007 E101.17869
G1 X33.201 Y31.007 F7200
G1 F1800
G1 X-16.201 Y-18.395 E104.6869
G1 E102.6869 F2400
G92 E0
G1 Z2.35 F7200
G1 X-19.819 Y-22.013
G1 Z.35
G1 E2 F2400
G1 F1800
G1 X-29.637 Y-31.831 E2.69721
G1 X-29.149 Y-31.831 E2.72171
G1 X-20.133 Y-22.815 E3.36197
G1 X-20.118 Y-23.288 E3.38573
G1 X-28.661 Y-31.831 E3.9924
G1 X-28.173 Y-31.831 E4.0169
G1 X-20.054 Y-23.711 E4.59349
G1 X-20.028 Y-23.841 E4.60015
G1 X-19.938 Y-24.084 E4.61316
G1 X-27.685 Y-31.831 E5.1633
G1 X-27.197 Y-31.831 E5.1878
G1 X-19.792 Y-24.426 E5.71365
G1 X-19.616 Y-24.737 E5.73159
G1 X-26.709 Y-31.831 E6.23532
G1 X-26.221 Y-31.831 E6.25982
G1 X-19.402 Y-25.012 E6.74406
G1 X-19.163 Y-25.261 E6.76139
G1 X-25.733 Y-31.831 E7.22795
G1 X-25.245 Y-31.831 E7.25245
G1 X-18.904 Y-25.49 E7.70275
G1 X-18.603 Y-25.677 E7.72054
G1 X-24.757 Y-31.831 E8.15756
G1 X-24.269 Y-31.831 E8.18206
G1 X-18.284 Y-25.846 E8.60708
G1 X-17.944 Y-25.994 E8.6257
G1 X-23.781 Y-31.831 E9.04021
G1 X-23.293 Y-31.831 E9.06471
G1 X-17.555 Y-26.093 E9.47219
G1 X-17.112 Y-26.138 E9.49455
G1 X-22.805 Y-31.831 E9.89883
G1 X-22.317 Y-31.831 E9.92333
G1 X-16.634 Y-26.148 E10.3269
G1 X-16.146 Y-26.148 E10.3514
G1 X-21.829 Y-31.831 E10.75497
G1 X-21.341 Y-31.831 E10.77947
G1 X-15.658 Y-26.148 E11.18304
G1 X-15.17 Y-26.148 E11.20754
G1 X-20.853 Y-31.831 E11.61111
G1 X-20.365 Y-31.831 E11.63561
G1 X-14.682 Y-26.148 E12.03918
G1 X-14.194 Y-26.148 E12.06368
G1 X-19.877 Y-31.831 E12.46725
G1 X-19.389 Y-31.831 E12.49175
G1 X-13.706 Y-26.148 E12.89532
G1 X-13.218 Y-26.148 E12.91982
G1 X-18.901 Y-31.831 E13.32339
G1 X-18.413 Y-31.831 E13.34789
G1 X-12.73 Y-26.148 E13.75146
G1 X-12.242 Y-26.148 E13.77596
G1 X-17.925 Y-31.831 E14.17953
G1 X-17.437 Y-31.831 E14.20403
G1 X-11.753 Y-26.148 E14.60763
G1 X-11.265 Y-26.148 E14.63213
G1 X-16.949 Y-31.831 E15.03573
G1 X-16.461 Y-31.831 E15.06023
G1 X-10.777 Y-26.148 E15.46383
G1 X-10.289 Y-26.148 E15.48833
G1 X-15.973 Y-31.831 E15.89193
G1 X-15.485 Y-31.831 E15.91643
G1 X-9.801 Y-26.148 E16.32003
G1 X-9.313 Y-26.148 E16.34453
G1 X-14.996 Y-31.831 E16.7481
G1 X-14.508 Y-31.831 E16.7726
G1 X-8.825 Y-26.148 E17.17617
G1 X-8.337 Y-26.148 E17.20067
G1 X-14.02 Y-31.831 E17.60424
G1 X-13.532 Y-31.831 E17.62874
G1 X-7.849 Y-26.148 E18.03231
G1 X-7.361 Y-26.148 E18.05681
G1 X-13.044 Y-31.831 E18.46038
G1 X-12.556 Y-31.831 E18.48488
G1 X-6.873 Y-26.148 E18.88845
G1 X-6.385 Y-26.148 E18.91295
G1 X-12.068 Y-31.831 E19.31652
G1 X-11.58 Y-31.831 E19.34102
G1 X-5.897 Y-26.148 E19.74459
G1 X-5.409 Y-26.148 E19.76909
G1 X-11.092 Y-31.831 E20.17266
G1 X-10.604 Y-31.831 E20.19716
G1 X-4.921 Y-26.148 E20.60073
G1 X-4.433 Y-26.148 E20.62523
G1 X-10.116 Y-31.831 E21.0288
G1 X-9.628 Y-31.831 E21.0533
G1 X-3.945 Y-26.148 E21.45687
G1 X-3.457 Y-26.148 E21.48137
G1 X-9.14 Y-31.831 E21.88494
G1 X-8.652 Y-31.831 E21.90944
G1 X-2.969 Y-26.148 E22.31301
G1 X-2.481 Y-26.148 E22.33751
G1 X-8.164 Y-31.831 E22.74108
G1 X-7.676 Y-31.831 E22.76558
G1 X-1.993 Y-26.148 E23.16915
G1 X-1.505 Y-26.148 E23.19365
G1 X-7.188 Y-31.831 E23.59722
G1 X-6.7 Y-31.831 E23.62172
G1 X-1.017 Y-26.148 E24.02529
G1 X-.529 Y-26.148 E24.04979
G1 X-6.212 Y-31.831 E24.45336
G1 X-5.724 Y-31.831 E24.47786
G1 X-.041 Y-26.148 E24.88143
G1 X.447 Y-26.148 E24.90593
G1 X-5.236 Y-31.831 E25.3095
G1 X-4.748 Y-31.831 E25.334
G1 X.935 Y-26.148 E25.73757
G1 X1.423 Y-26.148 E25.76207
G1 X-4.26 Y-31.831 E26.16564
G1 X-3.772 Y-31.831 E26.19014
G1 X1.911 Y-26.148 E26.59371
G1 X2.399 Y-26.148 E26.61821
G1 X-3.284 Y-31.831 E27.02178
G1 X-2.796 Y-31.831 E27.04628
G1 X2.887 Y-26.148 E27.44985
G1 X3.375 Y-26.148 E27.47435
G1 X-2.308 Y-31.831 E27.87792
G1 X-1.82 Y-31.831 E27.90242
G1 X3.863 Y-26.148 E28.30599
G1 X4.351 Y-26.148 E28.33049
G1 X-1.332 Y-31.831 E28.73406
G1 X-.844 Y-31.831 E28.75856
G1 X4.839 Y-26.148 E29.16213
G1 X5.327 Y-26.148 E29.18663
G1 X-.356 Y-31.831 E29.5902
G1 X.132 Y-31.831 E29.6147
G1 X5.815 Y-26.148 E30.01827
G1 X6.303 Y-26.148 E30.04277
G1 X.62 Y-31.831 E30.44634
G1 X1.108 Y-31.831 E30.47084
G1 X6.791 Y-26.148 E30.87441
G1 X7.279 Y-26.148 E30.89891
G1 X1.596 Y-31.831 E31.30248
G1 X2.084 Y-31.831 E31.32698
G1 X7.767 Y-26.148 E31.73055
G1 X8.255 Y-26.148 E31.75505
G1 X2.572 Y-31.831 E32.15862
G1 X3.06 Y-31.831 E32.18312
G1 X8.743 Y-26.148 E32.58669
G1 X9.231 Y-26.148 E32.61119
G1 X3.548 Y-31.831 E33.01476
G1 X4.036 Y-31.831 E33.03926
G1 X9.719 Y-26.148 E33.44283
G1 X10.207 Y-26.148 E33.46733
G1 X4.524 Y-31.831 E33.8709
G1 X5.012 Y-31.831 E33.8954
G1 X10.695 Y-26.148 E34.29897
G1 X11.184 Y-26.148 E34.32352
G1 X5.5 Y-31.831 E34.72712
G1 X5.988 Y-31.831 E34.75162
G1 X11.672 Y-26.148 E35.15522
G1 X12.16 Y-26.148 E35.17972
G1 X6.476 Y-31.831 E35.58332
G1 X6.964 Y-31.831 E35.60782
G1 X12.648 Y-26.148 E36.01142
G1 X13.136 Y-26.148 E36.03592
G1 X7.452 Y-31.831 E36.43952
G1 X7.94 Y-31.831 E36.46402
G1 X13.624 Y-26.148 E36.86762
G1 X14.152 Y-26.107 E36.89421
G1 X8.429 Y-31.831 E37.30066
G1 X8.917 Y-31.831 E37.32516
G1 X15.187 Y-25.56 E37.77045
G1 E35.77045 F2400
G92 E0
G1 Z2.35 F7200
G1 X12.177 Y-31.986
G1 Z.35
G1 E2 F2400
G1 F1800
G1 X35.69 Y-8.473 E3.66974
G1 X35.69 Y-8.961 E3.69424
G1 X12.821 Y-31.831 E5.31828
G1 X13.309 Y-31.831 E5.34278
G1 X35.69 Y-9.449 E6.93217
G1 X35.69 Y-9.937 E6.95667
G1 X13.797 Y-31.831 E8.5114
G1 X14.285 Y-31.831 E8.5359
G1 X35.69 Y-10.425 E10.05598
G1 X35.69 Y-10.913 E10.08048
G1 X14.773 Y-31.831 E11.5659
G1 X15.261 Y-31.831 E11.5904
G1 X35.69 Y-11.401 E13.04117
G1 X35.69 Y-11.89 E13.06572
G1 X15.749 Y-31.831 E14.4818
G1 X16.237 Y-31.831 E14.5063
G1 X35.69 Y-12.378 E15.88772
G1 X35.69 Y-12.866 E15.91222
G1 X16.725 Y-31.831 E17.25899
G1 X17.213 Y-31.831 E17.28349
G1 X35.69 Y-13.354 E18.59561
G1 X35.69 Y-13.842 E18.62011
G1 X17.701 Y-31.831 E19.89757
G1 X18.189 Y-31.831 E19.92207
G1 X35.69 Y-14.33 E21.16488
G1 X35.69 Y-14.818 E21.18938
G1 X18.677 Y-31.831 E22.39753
G1 X19.165 Y-31.831 E22.42203
G1 X35.69 Y-15.306 E23.59553
G1 X35.69 Y-15.794 E23.62003
G1 X19.653 Y-31.831 E24.75887
G1 X20.141 Y-31.831 E24.78337
G1 X35.845 Y-16.127 E25.89857
G1 E23.89857 F2400
G92 E0
G1 Z2.35 F7200
G1 X35.873 Y-22.444
G1 Z.35
G1 E2 F2400
G1 F1800
G1 X29.827 Y-28.49 E2.42935
G1 X29.86 Y-28.238 E2.44211
G1 X29.86 Y-27.969 E2.45562
G1 X35.698 Y-22.13 E2.87023
G1 X35.69 Y-21.65 E2.89434
G1 X29.825 Y-27.515 E3.31083
G1 X29.795 Y-27.366 E3.31846
G1 X29.708 Y-27.144 E3.33043
G1 X35.69 Y-21.162 E3.75523
G1 X35.69 Y-20.674 E3.77973
G1 X29.572 Y-26.792 E4.21419
G1 X29.549 Y-26.733 E4.21737
G1 X29.377 Y-26.499 E4.23195
G1 X35.69 Y-20.186 E4.68026
G1 X35.69 Y-19.698 E4.70476
G1 X29.154 Y-26.234 E5.1689
G1 X29.004 Y-26.071 E5.18002
G1 X28.904 Y-25.996 E5.1863
G1 X35.69 Y-19.21 E5.6682
G1 X35.69 Y-18.722 E5.6927
G1 X28.597 Y-25.815 E6.1964
G1 X28.283 Y-25.641 E6.21443
G1 X35.69 Y-18.234 E6.74043
G1 X35.69 Y-17.746 E6.76493
G1 X27.899 Y-25.537 E7.3182
G1 X27.479 Y-25.469 E7.33956
G1 X35.69 Y-17.258 E7.92265
G1 X35.69 Y-16.77 E7.94715
G1 X26.76 Y-25.7 E8.5813
G1 E6.5813 F2400
G92 E0
G1 Z2.35 F7200
G1 X25.052 Y-27.408
G1 Z.35
G1 E2 F2400
G1 F1800
G1 X20.629 Y-31.831 E2.31409
G1 X21.117 Y-31.831 E2.33859
G1 X24.846 Y-28.102 E2.6034
G1 X24.85 Y-28.413 E2.61902
G1 X24.886 Y-28.55 E2.62613
G1 X21.605 Y-31.831 E2.85913
G1 X22.093 Y-31.831 E2.88363
G1 X25.011 Y-28.913 E3.09085
G1 X25.074 Y-29.086 E3.1001
G1 X25.166 Y-29.246 E3.10937
G1 X22.581 Y-31.831 E3.29294
G1 X23.069 Y-31.831 E3.31744
G1 X25.365 Y-29.535 E3.48049
G1 X25.588 Y-29.8 E3.49788
G1 X23.557 Y-31.831 E3.64211
G1 X24.045 Y-31.831 E3.66661
G1 X25.854 Y-30.022 E3.79507
G1 X26.16 Y-30.204 E3.81295
G1 X24.533 Y-31.831 E3.92849
G1 X25.021 Y-31.831 E3.95299
G1 X26.494 Y-30.358 E4.05759
G1 X26.661 Y-30.419 E4.06652
G1 X26.882 Y-30.458 E4.07779
G1 X25.509 Y-31.831 E4.17529
G1 X25.997 Y-31.831 E4.19979
G1 X27.308 Y-30.52 E4.29289
G1 X27.526 Y-30.507 E4.30386
G1 X27.868 Y-30.448 E4.32129
G1 X26.485 Y-31.831 E4.4195
G1 X26.973 Y-31.831 E4.444
G1 X35.819 Y-22.986 E5.07215
G1 X35.933 Y-23.359 E5.09174
G1 X27.461 Y-31.831 E5.69337
G1 X27.949 Y-31.831 E5.71787
G1 X36.069 Y-23.711 E6.2945
G1 X36.234 Y-24.034 E6.31271
G1 X28.437 Y-31.831 E6.8664
G1 X28.925 Y-31.831 E6.8909
G1 X36.433 Y-24.323 E7.42407
G1 X36.644 Y-24.6 E7.44156
G1 X29.413 Y-31.831 E7.95506
G1 X29.901 Y-31.831 E7.97956
G1 X36.86 Y-24.872 E8.47374
G1 X37.11 Y-25.11 E8.49107
G1 X30.389 Y-31.831 E8.96835
G1 X30.877 Y-31.831 E8.99285
G1 X37.38 Y-25.328 E9.45465
G1 X37.684 Y-25.512 E9.47249
G1 X31.366 Y-31.831 E9.92119
G1 X31.854 Y-31.831 E9.94569
G1 X37.994 Y-25.691 E10.38171
G1 X38.318 Y-25.854 E10.39992
G1 X32.342 Y-31.831 E10.82433
G1 X32.83 Y-31.831 E10.84883
G1 X38.682 Y-25.978 E11.26444
G1 X39.081 Y-26.067 E11.28497
G1 X33.318 Y-31.831 E11.69426
G1 X33.806 Y-31.831 E11.71876
G1 X39.514 Y-26.122 E12.12414
G1 X39.977 Y-26.148 E12.14743
G1 X34.294 Y-31.831 E12.551
G1 X34.782 Y-31.831 E12.5755
G1 X40.465 Y-26.148 E12.97907
G1 X40.953 Y-26.148 E13.00357
G1 X35.27 Y-31.831 E13.40714
G1 X35.758 Y-31.831 E13.43164
G1 X41.441 Y-26.148 E13.83521
G1 X41.929 Y-26.148 E13.85971
G1 X36.246 Y-31.831 E14.26328
G1 X36.734 Y-31.831 E14.28778
G1 X42.421 Y-26.144 E14.69163
G1 X42.958 Y-26.095 E14.71871
G1 X37.222 Y-31.831 E15.12604
G1 X37.71 Y-31.831 E15.15054
G1 X43.881 Y-25.659 E15.5888
G1 E13.5888 F2400
G92 E0
G1 Z2.35 F7200
G1 X54.845 Y-31.288
G1 Z.35
G1 E2 F2400
G1 F1800
G1 X54.302 Y-31.831 E2.03856
G1 X53.814 Y-31.831 E2.06306
G1 X54.69 Y-30.956 E2.12523
G1 X54.69 Y-30.468 E2.14973
G1 X53.326 Y-31.831 E2.24656
G1 X52.838 Y-31.831 E2.27106
G1 X54.69 Y-29.98 E2.40254
G1 X54.69 Y-29.492 E2.42704
G1 X52.35 Y-31.831 E2.59318
G1 X51.862 Y-31.831 E2.61768
G1 X54.69 Y-29.004 E2.81847
G1 X54.69 Y-28.516 E2.84297
G1 X51.374 Y-31.831 E3.07842
G1 X50.886 Y-31.831 E3.10292
G1 X54.69 Y-28.027 E3.37306
G1 X54.69 Y-27.539 E3.39756
G1 X50.398 Y-31.831 E3.70235
G1 X49.91 Y-31.831 E3.72685
G1 X54.69 Y-27.051 E4.06629
G1 X54.69 Y-26.563 E4.09079
G1 X49.422 Y-31.831 E4.46489
G1 X48.934 Y-31.831 E4.48939
G1 X54.69 Y-26.075 E4.89814
G1 X54.69 Y-25.587 E4.92264
G1 X48.446 Y-31.831 E5.36605
G1 X47.958 Y-31.831 E5.39055
G1 X54.69 Y-25.099 E5.86861
G1 X54.69 Y-24.611 E5.89311
G1 X47.47 Y-31.831 E6.40583
G1 X46.982 Y-31.831 E6.43033
G1 X54.69 Y-24.123 E6.9777
G1 X54.69 Y-23.635 E7.0022
G1 X46.494 Y-31.831 E7.58423
G1 X46.006 Y-31.831 E7.60873
G1 X54.69 Y-23.147 E8.22541
G1 X54.69 Y-22.659 E8.24991
G1 X45.518 Y-31.831 E8.90125
G1 X45.03 Y-31.831 E8.92575
G1 X54.69 Y-22.171 E9.61174
G1 X54.69 Y-21.683 E9.63624
G1 X44.542 Y-31.831 E10.35688
G1 X44.054 Y-31.831 E10.38138
G1 X54.69 Y-21.195 E11.13668
G1 X54.69 Y-20.707 E11.16118
G1 X43.566 Y-31.831 E11.95113
G1 X43.078 Y-31.831 E11.97563
G1 X54.69 Y-20.219 E12.80024
G1 X54.69 Y-19.731 E12.82474
G1 X42.59 Y-31.831 E13.684
G1 X42.102 Y-31.831 E13.7085
G1 X54.69 Y-19.243 E14.60242
G1 X54.69 Y-18.755 E14.62692
G1 X41.614 Y-31.831 E15.55549
G1 X41.126 Y-31.831 E15.57999
G1 X54.69 Y-18.267 E16.54322
G1 X54.69 Y-17.779 E16.56772
G1 X40.638 Y-31.831 E17.5656
G1 X40.15 Y-31.831 E17.5901
G1 X54.69 Y-17.291 E18.62264
G1 X54.69 Y-16.803 E18.64714
G1 X39.662 Y-31.831 E19.71433
G1 X39.174 Y-31.831 E19.73883
G1 X54.69 Y-16.315 E20.84067
G1 X54.69 Y-15.827 E20.86517
G1 X38.686 Y-31.831 E22.00167
G1 X38.198 Y-31.831 E22.02617
G1 X54.69 Y-15.339 E23.19732
G1 X54.69 Y-14.851 E23.22182
G1 X46.31 Y-23.231 E23.81691
G1 X46.461 Y-22.592 E23.84988
G1 X54.69 Y-14.363 E24.43425
G1 X54.69 Y-13.875 E24.45875
G1 X46.504 Y-22.06 E25.04003
G1 X46.504 Y-21.572 E25.06453
G1 X54.69 Y-13.387 E25.64581
G1 X54.69 Y-12.899 E25.67031
G1 X46.504 Y-21.084 E26.25159
G1 X46.504 Y-20.596 E26.27609
G1 X54.69 Y-12.411 E26.85737
G1 X54.69 Y-11.923 E26.88187
G1 X46.504 Y-20.108 E27.46315
G1 X46.505 Y-19.62 E27.48765
G1 X54.69 Y-11.435 E28.0689
G1 X54.69 Y-10.947 E28.0934
G1 X46.505 Y-19.132 E28.67465
G1 X46.505 Y-18.644 E28.69915
G1 X54.69 Y-10.459 E29.2804
G1 X54.69 Y-9.971 E29.3049
G1 X46.505 Y-18.156 E29.88615
G1 X46.505 Y-17.668 E29.91065
G1 X54.69 Y-9.483 E30.4919
G1 X54.69 Y-8.995 E30.5164
G1 X46.505 Y-17.18 E31.09765
G1 X46.505 Y-16.692 E31.12215
G1 X54.69 Y-8.507 E31.7034
G1 X54.69 Y-8.019 E31.7279
G1 X46.505 Y-16.204 E32.30915
G1 X46.505 Y-15.716 E32.33365
G1 X54.69 Y-7.531 E32.9149
G1 X54.69 Y-7.043 E32.9394
G1 X46.505 Y-15.228 E33.52065
G1 X46.505 Y-14.74 E33.54515
G1 X54.69 Y-6.555 E34.1264
G1 X54.69 Y-6.067 E34.1509
G1 X46.505 Y-14.251 E34.73211
G1 X46.505 Y-13.763 E34.75661
G1 X54.69 Y-5.579 E35.33782
G1 X54.69 Y-5.09 E35.36237
G1 X46.505 Y-13.275 E35.94362
G1 X46.505 Y-12.787 E35.96812
G1 X54.69 Y-4.602 E36.54937
G1 X54.69 Y-4.114 E36.57387
G1 X46.505 Y-12.299 E37.15512
G1 X46.505 Y-11.811 E37.17962
G1 X54.69 Y-3.626 E37.76087
G1 X54.69 Y-3.138 E37.78537
G1 X46.505 Y-11.323 E38.36662
G1 X46.505 Y-10.835 E38.39112
G1 X54.69 Y-2.65 E38.97237
G1 X54.69 Y-2.162 E38.99687
G1 X46.505 Y-10.347 E39.57812
G1 X46.505 Y-9.859 E39.60262
G1 X54.69 Y-1.674 E40.18387
G1 X54.69 Y-1.186 E40.20837
G1 X46.505 Y-9.371 E40.78962
G1 X46.505 Y-8.883 E40.81412
G1 X54.69 Y-.698 E41.39537
G1 X54.69 Y-.21 E41.41987
G1 X46.505 Y-8.395 E42.00112
G1 X46.505 Y-7.907 E42.02562
G1 X54.69 Y.278 E42.60687
G1 X54.69 Y.766 E42.63137
G1 X46.505 Y-7.419 E43.21262
G1 X46.505 Y-6.931 E43.23712
G1 X54.69 Y1.254 E43.81837
G1 X54.69 Y1.742 E43.84287
G1 X46.505 Y-6.443 E44.42412
G1 X46.505 Y-5.955 E44.44862
G1 X54.69 Y2.23 E45.02987
G1 X54.69 Y2.718 E45.05437
G1 X46.505 Y-5.467 E45.63562
G1 X46.505 Y-4.979 E45.66012
G1 X54.69 Y3.206 E46.24137
G1 X54.69 Y3.694 E46.26587
G1 X46.505 Y-4.491 E46.84712
G1 X46.505 Y-4.002 E46.87167
G1 X54.69 Y4.182 E47.45288
G1 X54.69 Y4.67 E47.47738
G1 X46.505 Y-3.514 E48.05859
G1 X46.505 Y-3.026 E48.08309
G1 X54.69 Y5.158 E48.6643
G1 X54.69 Y5.646 E48.6888
G1 X46.505 Y-2.538 E49.27001
G1 X46.505 Y-2.05 E49.29451
G1 X54.69 Y6.134 E49.87572
G1 X54.69 Y6.622 E49.90022
G1 X46.505 Y-1.562 E50.48143
G1 X46.505 Y-1.074 E50.50593
G1 X54.69 Y7.11 E51.08714
G1 X54.69 Y7.598 E51.11164
G1 X46.505 Y-.586 E51.69285
G1 X46.506 Y-.098 E51.71735
G1 X54.69 Y8.086 E52.29852
G1 X54.69 Y8.574 E52.32302
G1 X46.506 Y.39 E52.90419
G1 X46.506 Y.878 E52.92869
G1 X54.69 Y9.062 E53.50986
G1 X54.69 Y9.55 E53.53436
G1 X46.506 Y1.366 E54.11553
G1 X46.506 Y1.854 E54.14003
G1 X54.69 Y10.038 E54.7212
G1 X54.69 Y10.526 E54.7457
G1 X46.506 Y2.342 E55.32687
G1 X46.506 Y2.83 E55.35137
G1 X54.69 Y11.014 E55.93254
G1 X54.69 Y11.502 E55.95704
G1 X46.506 Y3.318 E56.53821
G1 X46.506 Y3.806 E56.56271
G1 X54.69 Y11.99 E57.14388
G1 X54.69 Y12.478 E57.16838
G1 X46.506 Y4.294 E57.74955
G1 X46.506 Y4.782 E57.77405
G1 X54.69 Y12.966 E58.35522
G1 X54.69 Y13.454 E58.37972
G1 X46.506 Y5.27 E58.96089
G1 X46.506 Y5.758 E58.98539
G1 X54.69 Y13.942 E59.56656
G1 X54.69 Y14.43 E59.59106
G1 X46.506 Y6.246 E60.17223
G1 X46.506 Y6.735 E60.19678
G1 X54.69 Y14.918 E60.77792
G1 X54.69 Y15.406 E60.80242
G1 X46.506 Y7.223 E61.38356
G1 X46.506 Y7.711 E61.40806
G1 X54.69 Y15.894 E61.9892
G1 X54.69 Y16.382 E62.0137
G1 X46.506 Y8.199 E62.59484
G1 X46.506 Y8.687 E62.61934
G1 X54.69 Y16.87 E63.20048
G1 X54.69 Y17.358 E63.22498
G1 X46.506 Y9.175 E63.80612
G1 X46.506 Y9.663 E63.83062
G1 X54.69 Y17.846 E64.41176
G1 X54.69 Y18.335 E64.43631
G1 X46.506 Y10.151 E65.01748
G1 X46.506 Y10.639 E65.04198
G1 X54.69 Y18.823 E65.62315
G1 X54.69 Y19.311 E65.64765
G1 X46.506 Y11.127 E66.22882
G1 X46.506 Y11.615 E66.25332
G1 X54.69 Y19.799 E66.83449
G1 X54.69 Y20.287 E66.85899
G1 X46.506 Y12.103 E67.44016
G1 X46.506 Y12.591 E67.46466
G1 X54.69 Y20.775 E68.04583
G1 X54.69 Y21.263 E68.07033
G1 X46.506 Y13.079 E68.6515
G1 X46.506 Y13.567 E68.676
G1 X54.69 Y21.751 E69.25717
G1 X54.69 Y22.239 E69.28167
G1 X46.506 Y14.055 E69.86284
G1 X46.506 Y14.543 E69.88734
G1 X54.69 Y22.727 E70.46851
G1 X54.69 Y23.215 E70.49301
G1 X46.506 Y15.031 E71.07418
G1 X46.506 Y15.519 E71.09868
G1 X54.69 Y23.703 E71.67985
G1 X54.69 Y24.191 E71.70435
G1 X46.506 Y16.007 E72.28552
G1 X46.506 Y16.495 E72.31002
G1 X54.69 Y24.679 E72.89119
G1 X54.69 Y25.167 E72.91569
G1 X46.506 Y16.983 E73.49686
G1 X46.506 Y17.472 E73.52141
G1 X54.69 Y25.655 E74.10255
G1 X54.69 Y26.143 E74.12705
G1 X46.506 Y17.96 E74.70819
G1 X46.506 Y18.448 E74.73269
G1 X54.69 Y26.631 E75.31383
G1 X54.69 Y27.119 E75.33833
G1 X46.506 Y18.936 E75.91947
G1 X46.507 Y19.424 E75.94397
G1 X54.69 Y27.607 E76.52507
G1 X54.69 Y28.095 E76.54957
G1 X46.507 Y19.912 E77.13067
G1 X46.507 Y20.4 E77.15517
G1 X54.69 Y28.583 E77.73627
G1 X54.69 Y29.071 E77.76077
G1 X46.507 Y20.888 E78.34187
G1 X46.486 Y21.355 E78.36534
G1 X54.69 Y29.559 E78.94793
G1 X54.69 Y30.047 E78.97243
G1 X46.42 Y21.777 E79.55971
G1 X46.336 Y22.181 E79.58043
G1 X54.69 Y30.535 E80.17368
G1 X54.69 Y30.852 E80.1896
G1 X54.519 Y30.852 E80.19819
G1 X46.211 Y22.545 E80.78813
G1 X46.055 Y22.876 E80.8065
G1 X54.031 Y30.852 E81.3729
G1 X53.543 Y30.852 E81.3974
G1 X45.879 Y23.189 E81.94161
G1 X45.688 Y23.486 E81.95934
G1 X53.055 Y30.852 E82.48246
G1 X52.567 Y30.852 E82.50696
G1 X45.46 Y23.746 E83.01162
G1 X45.231 Y24.005 E83.02898
G1 X52.079 Y30.852 E83.51524
G1 X51.591 Y30.852 E83.53974
G1 X44.967 Y24.229 E84.0101
G1 X44.69 Y24.44 E84.02759
G1 X51.103 Y30.852 E84.48296
G1 X50.615 Y30.852 E84.50746
G1 X44.388 Y24.626 E84.94963
G1 X44.066 Y24.792 E84.96782
G1 X50.127 Y30.852 E85.3982
G1 X49.639 Y30.852 E85.4227
G1 X43.71 Y24.924 E85.8437
G1 X43.344 Y25.046 E85.86307
G1 X49.151 Y30.852 E86.27541
G1 X48.663 Y30.852 E86.29991
G1 X42.937 Y25.127 E86.7065
G1 X42.484 Y25.162 E86.72931
G1 X48.175 Y30.852 E87.13341
G1 X47.687 Y30.852 E87.15791
G1 X42.002 Y25.167 E87.56162
G1 X41.514 Y25.168 E87.58612
G1 X47.199 Y30.852 E87.9898
G1 X46.711 Y30.852 E88.0143
G1 X41.026 Y25.168 E88.41798
G1 X40.539 Y25.169 E88.44243
G1 X46.223 Y30.852 E88.84603
G1 X45.735 Y30.852 E88.87053
G1 X40.051 Y25.169 E89.27413
G1 X39.545 Y25.151 E89.29955
G1 X45.247 Y30.852 E89.70443
G1 X44.758 Y30.852 E89.72898
G1 X38.966 Y25.06 E90.14029
G1 X38.706 Y25.008 E90.1536
G1 X38.27 Y24.852 E90.17685
G1 X44.27 Y30.852 E90.60293
G1 X43.782 Y30.852 E90.62743
G1 X24.953 Y12.023 E91.96454
G1 X24.735 Y12.293 E91.98197
G1 X43.294 Y30.852 E93.29991
G1 X42.806 Y30.852 E93.32441
G1 X24.505 Y12.551 E94.62403
G1 X24.234 Y12.768 E94.64146
G1 X42.318 Y30.852 E95.92567
G1 X41.83 Y30.852 E95.95017
G1 X23.939 Y12.961 E97.22067
G1 X23.623 Y13.133 E97.23874
G1 X41.342 Y30.852 E98.49703
G1 X40.854 Y30.852 E98.52153
G1 X23.259 Y13.257 E99.77101
G1 X23.118 Y13.305 E99.77849
G1 X22.867 Y13.352 E99.79131
G1 X28.125 Y18.611 E100.16473
G1 X27.519 Y18.493 E100.19573
G1 X22.419 Y13.393 E100.5579
G1 X22.27 Y13.399 E100.56539
G1 X21.892 Y13.354 E100.5845
G1 X27.052 Y18.514 E100.95093
G1 X26.638 Y18.588 E100.97205
G1 X21.253 Y13.203 E101.35446
G1 X20.776 Y12.981 E101.38088
G1 X20.362 Y12.696 E101.40612
G1 X19.691 Y12.129 E101.45023
G1 X26.292 Y18.73 E101.91899
G1 X25.98 Y18.906 E101.93698
G1 X16.548 Y9.474 E102.60678
G1 X13.406 Y6.82 E102.81331
G1 X25.692 Y19.107 E103.68582
G1 X25.585 Y19.204 E103.69307
G1 X25.459 Y19.361 E103.70318
G1 X10.263 Y4.165 E104.7823
G1 X7.121 Y1.511 E104.98883
G1 X25.241 Y19.631 E106.27559
G1 X25.162 Y19.729 E106.28191
G1 X25.064 Y19.942 E106.29368
G1 X-1.765 Y-6.887 E108.1989
G1 X-1.308 Y-6.918 E108.2219
G1 X3.106 Y-2.504 E108.53535
G1 X3.009 Y-2.831 E108.55248
G1 X2.96 Y-3.138 E108.56809
G1 X-.875 Y-6.973 E108.84043
G1 X-.53 Y-7.116 E108.85918
G1 X2.944 Y-3.642 E109.10588
G1 X2.969 Y-3.886 E109.1182
G1 X3.011 Y-4.063 E109.12733
G1 X-.184 Y-7.258 E109.35422
G1 X-.042 Y-7.317 E109.36194
G1 X.126 Y-7.436 E109.37228
G1 X3.106 Y-4.456 E109.5839
G1 X3.234 Y-4.816 E109.60309
G1 X.409 Y-7.641 E109.8037
G1 X.673 Y-7.865 E109.82109
G1 X3.402 Y-5.136 E110.01489
G1 X3.605 Y-5.421 E110.03246
G1 X.938 Y-8.088 E110.22185
G1 X1.202 Y-8.312 E110.23924
G1 X3.837 Y-5.677 E110.42636
G1 X4.081 Y-5.921 E110.44369
G1 X1.467 Y-8.535 E110.62932
G1 X1.731 Y-8.759 E110.64671
G1 X4.345 Y-6.145 E110.83234
G1 X4.61 Y-6.368 E110.84973
G1 X1.996 Y-8.982 E111.03536
G1 X2.26 Y-9.206 E111.05275
G1 X4.874 Y-6.592 E111.23838
G1 X5.139 Y-6.815 E111.25577
G1 X2.525 Y-9.429 E111.4414
G1 X2.789 Y-9.653 E111.45879
G1 X5.403 Y-7.039 E111.64442
G1 X5.668 Y-7.262 E111.66181
G1 X3.054 Y-9.876 E111.84744
G1 X3.318 Y-10.1 E111.86483
G1 X5.932 Y-7.486 E112.05046
G1 X6.197 Y-7.709 E112.06785
G1 X3.583 Y-10.323 E112.25348
G1 X3.847 Y-10.547 E112.27087
G1 X6.462 Y-7.933 E112.45653
G1 X6.726 Y-8.156 E112.47388
G1 X4.112 Y-10.77 E112.65951
G1 X4.376 Y-10.994 E112.6769
G1 X6.991 Y-8.38 E112.86256
G1 X7.255 Y-8.603 E112.87991
G1 X4.641 Y-11.218 E113.06557
G1 X4.905 Y-11.441 E113.08292
G1 X7.52 Y-8.827 E113.26858
G1 X7.784 Y-9.05 E113.28593
G1 X5.17 Y-11.665 E113.47159
G1 X5.434 Y-11.888 E113.48894
G1 X8.049 Y-9.273 E113.67464
G1 X8.313 Y-9.497 E113.69203
G1 X5.699 Y-12.112 E113.87769
G1 X5.963 Y-12.335 E113.89504
G1 X8.578 Y-9.72 E114.08074
G1 X8.843 Y-9.944 E114.09816
G1 X6.228 Y-12.559 E114.28386
G1 X6.492 Y-12.782 E114.30121
G1 X9.107 Y-10.167 E114.48691
G1 X9.372 Y-10.391 E114.50433
G1 X6.757 Y-13.006 E114.69003
G1 X7.021 Y-13.229 E114.70738
G1 X9.636 Y-10.614 E114.89308
G1 X9.901 Y-10.838 E114.9105
G1 X7.286 Y-13.453 E115.0962
G1 X7.55 Y-13.676 E115.11355
G1 X10.165 Y-11.061 E115.29925
G1 X10.43 Y-11.285 E115.31667
G1 X7.815 Y-13.9 E115.50237
G1 X8.079 Y-14.123 E115.51972
G1 X10.694 Y-11.508 E115.70542
G1 X10.959 Y-11.732 E115.72284
G1 X8.344 Y-14.347 E115.90854
G1 X8.608 Y-14.57 E115.92589
G1 X11.224 Y-11.955 E116.11163
G1 X11.488 Y-12.179 E116.12902
G1 X8.873 Y-14.794 E116.31472
G1 X9.137 Y-15.017 E116.33207
G1 X11.753 Y-12.402 E116.51781
G1 X12.017 Y-12.625 E116.53516
G1 X9.402 Y-15.241 E116.7209
G1 X9.666 Y-15.465 E116.73829
G1 X12.282 Y-12.849 E116.92406
G1 X12.546 Y-13.072 E116.94141
G1 X9.931 Y-15.688 E117.12715
G1 X10.195 Y-15.912 E117.14454
G1 X12.811 Y-13.296 E117.33031
G1 X13.075 Y-13.519 E117.34766
G1 X10.46 Y-16.135 E117.5334
G1 X10.724 Y-16.359 E117.55079
G1 X13.34 Y-13.743 E117.73656
G1 X13.605 Y-13.966 E117.75395
G1 X10.989 Y-16.582 E117.93972
G1 X11.253 Y-16.806 E117.95711
G1 X13.869 Y-14.19 E118.14288
G1 X14.134 Y-14.413 E118.16027
G1 X11.518 Y-17.029 E118.34604
G1 X11.782 Y-17.253 E118.36343
G1 X14.398 Y-14.637 E118.5492
G1 X14.663 Y-14.86 E118.56659
G1 X12.047 Y-17.476 E118.75236
G1 X12.311 Y-17.7 E118.76975
G1 X14.927 Y-15.084 E118.95552
G1 X15.192 Y-15.307 E118.97291
G1 X12.576 Y-17.923 E119.15868
G1 X12.84 Y-18.147 E119.17607
G1 X15.456 Y-15.531 E119.36184
G1 X15.721 Y-15.754 E119.37923
G1 X13.105 Y-18.37 E119.565
G1 X13.369 Y-18.594 E119.58239
G1 X15.985 Y-15.978 E119.76816
G1 X16.25 Y-16.201 E119.78555
G1 X13.634 Y-18.817 E119.97132
G1 X13.898 Y-19.041 E119.98871
G1 X16.515 Y-16.424 E120.17455
G1 X16.779 Y-16.648 E120.19194
G1 X14.163 Y-19.265 E120.37775
G1 X14.427 Y-19.488 E120.3951
G1 X17.044 Y-16.871 E120.58094
G1 X17.308 Y-17.095 E120.59833
G1 X14.692 Y-19.712 E120.78414
G1 X14.956 Y-19.935 E120.80149
G1 X17.573 Y-17.318 E120.98733
G1 X17.837 Y-17.542 E121.00472
G1 X15.221 Y-20.159 E121.19053
G1 X15.485 Y-20.382 E121.20788
G1 X18.102 Y-17.765 E121.39372
G1 X18.366 Y-17.989 E121.41111
G1 X15.75 Y-20.606 E121.59692
G1 X15.995 Y-20.848 E121.61421
G1 X18.631 Y-18.212 E121.8014
G1 X18.896 Y-18.436 E121.81882
G1 X16.215 Y-21.116 E122.00917
G1 X16.407 Y-21.413 E122.02693
G1 X19.16 Y-18.659 E122.22247
G1 X19.425 Y-18.883 E122.23989
G1 X16.577 Y-21.731 E122.44214
G1 X16.7 Y-22.095 E122.46143
G1 X19.689 Y-19.106 E122.67369
G1 X19.954 Y-19.33 E122.69111
G1 X16.79 Y-22.493 E122.91576
G1 X16.832 Y-22.759 E122.92928
G1 X16.828 Y-22.943 E122.93852
G1 X20.218 Y-19.553 E123.17926
G1 X20.494 Y-19.765 E123.19674
G1 X16.789 Y-23.471 E123.45988
G1 X16.61 Y-24.138 E123.49456
G1 X20.784 Y-19.963 E123.79101
G1 X21.118 Y-20.117 E123.80948
G1 X9.405 Y-31.831 E124.6413
G1 X9.893 Y-31.831 E124.6658
G1 X21.478 Y-20.246 E125.48849
G1 X21.753 Y-20.322 E125.50282
G1 X21.882 Y-20.33 E125.50931
G1 X10.381 Y-31.831 E126.32604
G1 X10.869 Y-31.831 E126.35054
G1 X22.343 Y-20.357 E127.16535
G1 X22.713 Y-20.36 E127.18393
G1 X22.855 Y-20.332 E127.1912
G1 X11.357 Y-31.831 E128.00775
G1 X11.845 Y-31.831 E128.03225
G1 X23.53 Y-20.145 E128.86208
G1 X23.836 Y-20 E128.87908
G1 X24.526 Y-19.513 E128.92149
G1 X24.855 Y-19.147 E128.9462
G1 X25.155 Y-18.676 E128.97424
G1 X25.239 Y-18.436 E128.98701
G1 X35.69 Y-7.985 E129.72917
G1 X35.69 Y-7.497 E129.75367
G1 X25.463 Y-17.725 E130.47996
G1 X25.509 Y-17.19 E130.50692
G1 X35.69 Y-7.009 E131.22991
G1 X35.69 Y-6.521 E131.25441
G1 X25.509 Y-16.702 E131.9774
G1 X25.509 Y-16.214 E132.0019
G1 X35.69 Y-6.033 E132.72489
G1 X35.69 Y-5.545 E132.74939
G1 X25.509 Y-15.726 E133.47238
G1 X25.509 Y-15.238 E133.49688
G1 X35.69 Y-5.057 E134.21987
G1 X35.69 Y-4.569 E134.24437
G1 X25.509 Y-14.75 E134.96736
G1 X25.509 Y-14.262 E134.99186
G1 X35.69 Y-4.081 E135.71485
G1 X35.691 Y-3.593 E135.73935
G1 X25.509 Y-13.774 E136.46237
G1 X25.509 Y-13.286 E136.48687
G1 X35.691 Y-3.105 E137.20989
G1 X35.691 Y-2.617 E137.23439
G1 X25.509 Y-12.798 E137.95741
G1 X25.509 Y-12.31 E137.98191
G1 X35.691 Y-2.129 E138.70493
G1 X35.691 Y-1.641 E138.72943
G1 X25.509 Y-11.822 E139.45245
G1 X25.509 Y-11.334 E139.47695
G1 X35.691 Y-1.153 E140.19997
G1 X35.691 Y-.665 E140.22447
G1 X25.509 Y-10.846 E140.94749
G1 X25.509 Y-10.358 E140.97199
G1 X35.691 Y-.177 E141.69501
G1 X35.691 Y.312 E141.71956
G1 X25.509 Y-9.87 E142.44262
G1 X25.509 Y-9.382 E142.46712
G1 X35.691 Y.8 E143.19018
G1 X35.691 Y1.288 E143.21468
G1 X25.509 Y-8.894 E143.93774
G1 X25.509 Y-8.406 E143.96224
G1 X35.691 Y1.776 E144.6853
G1 X35.691 Y2.264 E144.7098
G1 X25.509 Y-7.918 E145.43286
G1 X25.509 Y-7.43 E145.45736
G1 X35.691 Y2.752 E146.18042
G1 X35.691 Y3.24 E146.20492
G1 X25.509 Y-6.942 E146.92798
G1 X25.509 Y-6.454 E146.95248
G1 X35.691 Y3.728 E147.67554
G1 X35.691 Y4.216 E147.70004
G1 X25.509 Y-5.966 E148.4231
G1 X25.509 Y-5.478 E148.4476
G1 X35.691 Y4.704 E149.17066
G1 X35.691 Y5.192 E149.19516
G1 X25.509 Y-4.99 E149.91822
G1 X25.509 Y-4.502 E149.94272
G1 X35.691 Y5.68 E150.66578
G1 X35.691 Y6.168 E150.69028
G1 X25.509 Y-4.014 E151.41334
G1 X25.509 Y-3.526 E151.43784
G1 X35.691 Y6.656 E152.1609
G1 X35.691 Y7.144 E152.1854
G1 X25.509 Y-3.038 E152.90846
G1 X25.509 Y-2.55 E152.93296
G1 X35.691 Y7.632 E153.65602
G1 X35.691 Y8.12 E153.68052
G1 X25.509 Y-2.062 E154.40358
G1 X25.509 Y-1.573 E154.42813
G1 X35.691 Y8.608 E155.15115
G1 X35.691 Y9.096 E155.17565
G1 X25.509 Y-1.085 E155.89867
G1 X25.509 Y-.597 E155.92317
G1 X35.691 Y9.584 E156.64619
G1 X35.691 Y10.072 E156.67069
G1 X25.509 Y-.109 E157.39371
G1 X25.509 Y.379 E157.41821
G1 X35.691 Y10.56 E158.14123
G1 X35.691 Y11.048 E158.16573
G1 X25.509 Y.867 E158.88875
G1 X25.509 Y1.355 E158.91325
G1 X35.691 Y11.537 E159.63631
G1 X35.691 Y12.025 E159.66081
G1 X25.509 Y1.843 E160.38387
G1 X25.509 Y2.331 E160.40837
G1 X35.691 Y12.513 E161.13143
G1 X35.691 Y13.001 E161.15593
G1 X25.509 Y2.819 E161.87899
G1 X25.509 Y3.307 E161.90349
G1 X35.691 Y13.489 E162.62655
G1 X35.691 Y13.977 E162.65105
G1 X25.509 Y3.795 E163.37411
G1 X25.509 Y4.283 E163.39861
G1 X35.691 Y14.465 E164.12167
G1 X35.691 Y14.953 E164.14617
G1 X25.509 Y4.771 E164.86923
G1 X25.509 Y5.259 E164.89373
G1 X35.691 Y15.441 E165.61679
G1 X35.691 Y15.929 E165.64129
G1 X25.509 Y5.747 E166.36435
G1 X25.509 Y6.235 E166.38885
G1 X35.691 Y16.417 E167.11191
G1 X35.691 Y16.905 E167.13641
G1 X25.509 Y6.723 E167.85947
G1 X25.509 Y7.211 E167.88397
G1 X35.691 Y17.393 E168.60703
G1 X35.691 Y17.881 E168.63153
G1 X25.509 Y7.699 E169.35459
G1 X25.509 Y8.187 E169.37909
G1 X35.691 Y18.369 E170.10215
G1 X35.692 Y18.857 E170.12665
G1 X25.509 Y8.675 E170.84974
G1 X25.509 Y9.163 E170.87424
G1 X35.692 Y19.345 E171.59733
G1 X35.692 Y19.833 E171.62183
G1 X25.509 Y9.651 E172.34492
G1 X25.509 Y10.139 E172.36942
G1 X35.692 Y20.321 E173.09251
G1 X35.692 Y20.809 E173.11701
G1 X25.48 Y10.598 E173.84216
G1 X25.466 Y10.766 E173.85063
G1 X25.401 Y11.007 E173.86316
G1 X35.708 Y21.314 E174.5951
G1 X35.725 Y21.554 E174.60718
G1 X35.789 Y21.883 E174.62401
G1 X25.291 Y11.384 E175.36954
G1 X25.141 Y11.723 E175.38815
G1 X36.332 Y22.914 E176.18286
G1 E174.18286 F2400
G92 E0
G1 Z2.35 F7200
G1 X40.522 Y31.007
G1 Z.35
G1 E2 F2400
G1 F1800
G1 X29.726 Y20.212 E2.76663
G1 X29.843 Y20.569 E2.78549
G1 X29.859 Y20.833 E2.79877
G1 X39.878 Y30.852 E3.51025
G1 X39.39 Y30.852 E3.53475
G1 X29.848 Y21.31 E4.21236
G1 X29.845 Y21.445 E4.21914
G1 X29.757 Y21.707 E4.23302
G1 X38.902 Y30.852 E4.88244
G1 X38.414 Y30.852 E4.90694
G1 X29.634 Y22.072 E5.53044
G1 X29.466 Y22.392 E5.54859
G1 X37.926 Y30.852 E6.14936
G1 X37.438 Y30.852 E6.17386
G1 X29.244 Y22.658 E6.75574
G1 X29.01 Y22.912 E6.77308
G1 X36.95 Y30.852 E7.33693
G1 X36.462 Y30.852 E7.36143
G1 X28.724 Y23.114 E7.91093
G1 X28.409 Y23.287 E7.92898
G1 X35.974 Y30.852 E8.4662
G1 X35.486 Y30.852 E8.4907
G1 X28.066 Y23.432 E9.01762
G1 X27.646 Y23.5 E9.03898
G1 X34.998 Y30.852 E9.56107
G1 X34.51 Y30.852 E9.58557
G1 X27.177 Y23.519 E10.10631
G1 X26.591 Y23.421 E10.13614
G1 X34.022 Y30.852 E10.66384
G1 X33.534 Y30.852 E10.68834
G1 X-11.747 Y-14.429 E13.9039
G1 X-8.602 Y-11.772 E14.11064
G1 X24.964 Y21.794 E16.49428
G1 X24.879 Y21.563 E16.50664
G1 X24.836 Y21.179 E16.52604
G1 X-5.457 Y-9.115 E18.67729
G1 X-3.684 Y-7.617 E18.79384
G1 X-3.136 Y-7.282 E18.82609
G1 X24.839 Y20.693 E20.81269
G1 X24.934 Y20.3 E20.83299
G1 X-2.555 Y-7.189 E22.78508
G1 E20.78508 F2400
G92 E0
G1 Z2.35 F7200
G1 X-17.553 Y31.007
G1 Z.35
G1 E2 F2400
G1 F1800
G1 X-28.23 Y20.33 E2.75821
G1 X-28.181 Y20.463 E2.76533
G1 X-28.14 Y20.76 E2.78039
G1 X-28.142 Y20.906 E2.78772
G1 X-18.196 Y30.852 E3.49402
G1 X-18.684 Y30.852 E3.51852
G1 X-28.151 Y21.385 E4.1908
G1 X-28.255 Y21.77 E4.21083
G1 X-19.172 Y30.852 E4.85581
G1 X-19.66 Y30.852 E4.88031
G1 X-28.387 Y22.126 E5.50001
G1 X-28.487 Y22.326 E5.51124
G1 X-28.571 Y22.429 E5.51791
G1 X-20.148 Y30.852 E6.11606
G1 X-20.636 Y30.852 E6.14056
G1 X-28.791 Y22.698 E6.71964
G1 X-29.024 Y22.952 E6.73695
G1 X-21.124 Y30.852 E7.29796
G1 X-21.612 Y30.852 E7.32246
G1 X-29.324 Y23.141 E7.87008
G1 X-29.639 Y23.313 E7.8881
G1 X-22.1 Y30.852 E8.42347
G1 X-22.588 Y30.852 E8.44797
G1 X-29.995 Y23.445 E8.97397
G1 X-30.419 Y23.51 E8.99551
G1 X-23.076 Y30.852 E9.51693
G1 X-23.564 Y30.852 E9.54143
G1 X-30.911 Y23.506 E10.06313
G1 X-31.332 Y23.442 E10.08451
G1 X-31.511 Y23.394 E10.09382
G1 X-23.897 Y31.007 E10.63448
G1 E8.63448 F2400
G92 E0
G1 Z2.35 F7200
G1 X-46.834 Y31.007
G1 Z.35
G1 E2 F2400
G1 F1800
G1 X-62.993 Y14.848 E3.14751
G1 X-62.993 Y15.336 E3.17201
G1 X-47.477 Y30.852 E4.27385
G1 X-47.966 Y30.852 E4.2984
G1 X-62.993 Y15.824 E5.36555
G1 X-62.993 Y16.312 E5.39005
G1 X-48.454 Y30.852 E6.42255
G1 X-48.942 Y30.852 E6.44705
G1 X-62.993 Y16.8 E7.4449
G1 X-62.993 Y17.288 E7.4694
G1 X-49.43 Y30.852 E8.43259
G1 X-49.918 Y30.852 E8.45709
G1 X-62.993 Y17.776 E9.38563
G1 X-62.993 Y18.264 E9.41013
G1 X-50.406 Y30.852 E10.30401
G1 X-50.894 Y30.852 E10.32851
G1 X-62.993 Y18.752 E11.18774
G1 X-62.993 Y19.241 E11.21229
G1 X-51.382 Y30.852 E12.03683
G1 X-51.87 Y30.852 E12.06133
G1 X-62.993 Y19.729 E12.85121
G1 X-62.993 Y20.217 E12.87571
G1 X-52.358 Y30.852 E13.63094
G1 X-52.846 Y30.852 E13.65544
G1 X-62.993 Y20.705 E14.37601
G1 X-62.993 Y21.193 E14.40051
G1 X-53.334 Y30.852 E15.08643
G1 X-53.822 Y30.852 E15.11093
G1 X-62.993 Y21.681 E15.76219
G1 X-62.993 Y22.169 E15.78669
G1 X-54.31 Y30.852 E16.4033
G1 X-54.798 Y30.852 E16.4278
G1 X-62.993 Y22.657 E17.00976
G1 X-62.993 Y23.145 E17.03426
G1 X-55.286 Y30.852 E17.58156
G1 X-55.774 Y30.852 E17.60606
G1 X-62.993 Y23.633 E18.11871
G1 X-62.993 Y24.121 E18.14321
G1 X-56.262 Y30.852 E18.6212
G1 X-56.75 Y30.852 E18.6457
G1 X-62.993 Y24.609 E19.08904
G1 X-62.993 Y25.097 E19.11354
G1 X-57.238 Y30.852 E19.52222
G1 X-57.726 Y30.852 E19.54672
G1 X-62.993 Y25.585 E19.92075
G1 X-62.993 Y26.073 E19.94525
G1 X-58.214 Y30.852 E20.28462
G1 X-58.702 Y30.852 E20.30912
G1 X-62.993 Y26.561 E20.61384
G1 X-62.993 Y27.049 E20.63834
G1 X-59.19 Y30.852 E20.9084
G1 X-59.678 Y30.852 E20.9329
G1 X-62.993 Y27.537 E21.16831
G1 X-62.993 Y28.025 E21.19281
G1 X-60.166 Y30.852 E21.39357
G1 X-60.654 Y30.852 E21.41807
G1 X-62.993 Y28.513 E21.58417
G1 X-62.993 Y29.001 E21.60867
G1 X-61.142 Y30.852 E21.74012
G1 X-61.63 Y30.852 E21.76462
G1 X-62.993 Y29.489 E21.86141
G1 X-62.993 Y29.977 E21.88591
G1 X-62.118 Y30.852 E21.94805
G1 X-62.606 Y30.852 E21.97255
G1 X-63.149 Y30.31 E22.01107
;LAYER_CHANGE
;Z:0.65
;HEIGHT:0.3
G1 E20.01107 F2400
G92 E0
G1 Z.65 F7200
G1 Z2.65
G1 X-19.375 Y14.222
G1 Z.65
G1 E2 F2400
;TYPE:Perimeter
;WIDTH:0.45
G1 F3600
G1 X-19.213 Y14.009 E2.01287
G1 X-18.922 Y13.724 E2.03246
G1 X-3.585 Y.767 E2.99812
G1 X-3.164 Y.47 E3.0229
G1 X-2.577 Y.223 E3.05353
G1 X-2.198 Y.118 E3.07245
G1 X-1.561 Y.068 E3.10318
G1 X-1.031 Y.127 E3.12883
G1 X-.232 Y.427 E3.16988
G1 X.222 Y.72 E3.19587
G1 X15.617 Y13.723 E4.16509
G1 X16.01 Y14.127 E4.1922
G1 X16.284 Y14.529 E4.2156
G1 X16.532 Y15.105 E4.24576
G1 X16.622 Y15.439 E4.2624
G1 X16.676 Y15.922 E4.28578
G1 X16.65 Y16.408 E4.30919
G1 X16.547 Y16.883 E4.33257
G1 X16.368 Y17.336 E4.356
G1 X16.118 Y17.753 E4.37938
G1 X15.804 Y18.125 E4.40279
G1 X15.434 Y18.44 E4.42616
G1 X15.017 Y18.692 E4.44959
G1 X14.565 Y18.872 E4.47299
G1 X14.09 Y18.978 E4.4964
G1 X13.684 Y19.007 E4.51598
G1 X-16.989 Y19.009 E5.99124
G1 X-17.55 Y18.953 E6.01836
G1 X-18.019 Y18.824 E6.04175
G1 X-18.517 Y18.583 E6.06836
G1 X-18.863 Y18.347 E6.0885
G1 X-19.216 Y18.012 E6.11191
G1 X-19.474 Y17.685 E6.13194
G1 X-19.733 Y17.209 E6.158
G1 X-19.894 Y16.734 E6.18212
G1 X-19.972 Y16.253 E6.20556
G1 X-19.972 Y15.767 E6.22893
G1 X-19.893 Y15.287 E6.25233
G1 X-19.737 Y14.826 E6.27574
G1 X-19.508 Y14.396 E6.29917
G1 X-19.412 Y14.27 E6.30679
G1 X-19.061 Y14.449 F7200
G1 F3600
G1 X-18.941 Y14.283 E6.31664
G1 X-18.674 Y14.019 E6.3347
G1 X-3.336 Y1.061 E7.30043
G1 X-2.926 Y.784 E7.32423
G1 X-2.342 Y.544 E7.3546
G1 X-1.539 Y.453 E7.39347
G1 X-1.039 Y.519 E7.41773
G1 X-.378 Y.783 E7.45196
G1 X.032 Y1.061 E7.47579
G1 X15.368 Y14.018 E8.44141
G1 X15.697 Y14.353 E8.46399
G1 X15.939 Y14.701 E8.48438
G1 X16.163 Y15.219 E8.51152
G1 X16.285 Y15.818 E8.54092
G1 X16.272 Y16.336 E8.56584
G1 X16.185 Y16.751 E8.58623
G1 X16.032 Y17.146 E8.6066
G1 X15.817 Y17.512 E8.62702
G1 X15.546 Y17.838 E8.64741
G1 X15.226 Y18.115 E8.66777
G1 X14.864 Y18.337 E8.68819
G1 X14.472 Y18.498 E8.70857
G1 X14.059 Y18.593 E8.72895
G1 X13.684 Y18.622 E8.74704
G1 X-16.989 Y18.623 E10.2223
G1 X-17.457 Y18.579 E10.24491
G1 X-17.866 Y18.469 E10.26528
G1 X-18.31 Y18.258 E10.28892
G1 X-18.605 Y18.06 E10.30601
G1 X-18.916 Y17.771 E10.32643
G1 X-19.153 Y17.471 E10.34482
G1 X-19.376 Y17.062 E10.36723
G1 X-19.515 Y16.661 E10.38764
G1 X-19.587 Y16.244 E10.40799
G1 X-19.59 Y15.82 E10.42838
G1 X-19.467 Y15.215 E10.45807
G1 X-19.244 Y14.702 E10.48497
G1 X-19.096 Y14.497 E10.49713
G1 X-18.753 Y14.671 F7200
;TYPE:External perimeter
G1 F1800
G1 X-18.669 Y14.556 E10.50398
G1 X-18.425 Y14.314 E10.52051
G1 X-3.087 Y1.356 E11.48624
G1 X-2.78 Y1.141 E11.50427
G1 X-2.196 Y.901 E11.53464
G1 X-1.509 Y.838 E11.56782
G1 X-1.108 Y.901 E11.58734
G1 X-.525 Y1.14 E11.61765
G1 X.046 Y1.578 E11.65226
G1 X15.12 Y14.312 E12.60134
G1 X15.385 Y14.579 E12.61943
G1 X15.594 Y14.873 E12.63678
G1 X15.795 Y15.333 E12.66092
G1 X15.903 Y15.871 E12.68731
G1 X15.893 Y16.264 E12.70622
G1 X15.823 Y16.618 E12.72358
G1 X15.696 Y16.957 E12.74099
G1 X15.516 Y17.271 E12.7584
G1 X15.288 Y17.551 E12.77577
G1 X15.018 Y17.791 E12.79314
G1 X14.712 Y17.983 E12.81051
G1 X14.379 Y18.124 E12.8279
G1 X14.028 Y18.209 E12.84527
G1 X13.684 Y18.236 E12.86187
G1 X-16.989 Y18.237 E14.33713
G1 X-17.363 Y18.205 E14.35518
G1 X-17.714 Y18.115 E14.37261
G1 X-18.102 Y17.933 E14.39322
G1 X-18.348 Y17.773 E14.40733
G1 X-18.615 Y17.529 E14.42473
G1 X-18.832 Y17.258 E14.44143
G1 X-19.014 Y16.93 E14.45947
G1 X-19.136 Y16.589 E14.47689
G1 X-19.201 Y16.234 E14.49425
G1 X-19.208 Y15.872 E14.51166
G1 X-19.098 Y15.329 E14.53831
G1 X-18.883 Y14.848 E14.56365
G1 X-18.789 Y14.719 E14.57133
G1 X-18.525 Y14.419 F7200
G1 E12.57133 F2400
G92 E0
G1 Z2.65 F7200
G1 X-6.641 Y-2.339
G1 Z.65
G1 E2 F2400
;TYPE:Perimeter
G1 F3600
G1 X-6.666 Y-2.267 E2.00367
G1 X-6.893 Y-1.852 E2.02642
G1 X-7.182 Y-1.478 E2.04915
G1 X-7.465 Y-1.201 E2.0682
G1 X-23.719 Y12.531 E3.09161
G1 X-24.158 Y12.837 E3.11735
G1 X-24.623 Y13.053 E3.14201
G1 X-25.091 Y13.182 E3.16536
G1 X-25.631 Y13.233 E3.19145
G1 X-26.058 Y13.208 E3.21202
G1 X-26.532 Y13.103 E3.23537
G1 X-26.983 Y12.923 E3.25873
G1 X-27.399 Y12.673 E3.28207
G1 X-27.769 Y12.358 E3.30544
G1 X-28.083 Y11.988 E3.32878
G1 X-28.334 Y11.573 E3.35211
G1 X-28.514 Y11.122 E3.37547
G1 X-28.618 Y10.648 E3.39881
G1 X-28.648 Y10.242 E3.41839
G1 X-28.648 Y-17.221 E4.73926
G1 X-28.593 Y-17.78 E4.76628
G1 X-28.464 Y-18.248 E4.78963
G1 X-28.232 Y-18.735 E4.81558
G1 X-27.989 Y-19.092 E4.83635
G1 X-27.656 Y-19.445 E4.85969
G1 X-27.13 Y-19.818 E4.8907
G1 X-26.532 Y-20.081 E4.92212
G1 X-25.995 Y-20.196 E4.94853
G1 X-25.492 Y-20.212 E4.97273
G1 X-24.991 Y-20.142 E4.99706
G1 X-24.478 Y-19.974 E5.02302
G1 X-24.048 Y-19.748 E5.04638
G1 X-23.613 Y-19.42 E5.07258
G1 X-7.465 Y-5.777 E6.08933
G1 X-7.082 Y-5.386 E6.11565
G1 X-6.813 Y-4.997 E6.1384
G1 X-6.565 Y-4.442 E6.16764
G1 X-6.422 Y-3.801 E6.19923
G1 X-6.412 Y-3.257 E6.2254
G1 X-6.504 Y-2.723 E6.25146
G1 X-6.621 Y-2.395 E6.26821
G1 X-7.011 Y-2.493 F7200
G1 F3600
G1 X-7.11 Y-2.246 E6.28101
G1 X-7.393 Y-1.821 E6.30557
G1 X-7.714 Y-1.496 E6.32754
G1 X-23.968 Y12.236 E7.35095
G1 X-24.353 Y12.504 E7.37351
G1 X-24.735 Y12.684 E7.39382
G1 X-25.142 Y12.8 E7.41417
G1 X-25.62 Y12.847 E7.43727
G1 X-25.985 Y12.829 E7.45485
G1 X-26.399 Y12.741 E7.47521
G1 X-26.793 Y12.588 E7.49554
G1 X-27.157 Y12.372 E7.5159
G1 X-27.482 Y12.101 E7.53625
G1 X-27.758 Y11.781 E7.55657
G1 X-27.979 Y11.42 E7.57693
G1 X-28.139 Y11.029 E7.59725
G1 X-28.234 Y10.616 E7.61763
G1 X-28.262 Y10.242 E7.63567
G1 X-28.262 Y-17.221 E8.95654
G1 X-28.219 Y-17.688 E8.9791
G1 X-28.109 Y-18.096 E8.99942
G1 X-27.907 Y-18.527 E9.02231
G1 X-27.702 Y-18.834 E9.04006
G1 X-27.414 Y-19.144 E9.06041
G1 X-26.94 Y-19.483 E9.08844
G1 X-26.399 Y-19.72 E9.11685
G1 X-25.892 Y-19.818 E9.14169
G1 X-25.469 Y-19.822 E9.16204
G1 X-25.051 Y-19.759 E9.18237
G1 X-24.648 Y-19.628 E9.20275
G1 X-24.272 Y-19.434 E9.2231
G1 X-23.862 Y-19.125 E9.24779
G1 X-7.714 Y-5.483 E10.26451
G1 X-7.393 Y-5.158 E10.28648
G1 X-7.156 Y-4.821 E10.3063
G1 X-6.932 Y-4.322 E10.33261
G1 X-6.802 Y-3.741 E10.36125
G1 X-6.802 Y-3.238 E10.38544
G1 X-6.874 Y-2.832 E10.40527
G1 X-6.988 Y-2.549 E10.41994
G1 X-7.366 Y-2.641 F7200
;TYPE:External perimeter
G1 F1800
G1 X-7.453 Y-2.422 E10.43127
G1 X-7.724 Y-2.026 E10.45435
G1 X-7.963 Y-1.79 E10.4705
G1 X-24.217 Y11.942 E11.49391
G1 X-24.523 Y12.158 E11.51192
G1 X-24.848 Y12.315 E11.52928
G1 X-25.193 Y12.418 E11.5466
G1 X-25.609 Y12.462 E11.56672
G1 X-25.912 Y12.45 E11.5813
G1 X-26.265 Y12.379 E11.59862
G1 X-26.603 Y12.252 E11.61599
G1 X-26.915 Y12.072 E11.63331
G1 X-27.194 Y11.844 E11.65064
G1 X-27.433 Y11.573 E11.66802
G1 X-27.625 Y11.268 E11.68535
G1 X-27.765 Y10.936 E11.70268
G1 X-27.85 Y10.585 E11.72005
G1 X-27.877 Y10.242 E11.7366
G1 X-27.877 Y-17.221 E13.05747
G1 X-27.845 Y-17.595 E13.07552
G1 X-27.755 Y-17.944 E13.09285
G1 X-27.581 Y-18.32 E13.11278
G1 X-27.414 Y-18.577 E13.12752
G1 X-27.172 Y-18.844 E13.14485
G1 X-26.75 Y-19.147 E13.16984
G1 X-26.265 Y-19.358 E13.19528
G1 X-25.881 Y-19.432 E13.21409
G1 X-25.52 Y-19.44 E13.23146
G1 X-25.163 Y-19.39 E13.2488
G1 X-24.819 Y-19.282 E13.26614
G1 X-24.496 Y-19.121 E13.2835
G1 X-23.703 Y-18.486 E13.33236
G1 X-7.963 Y-5.188 E14.32341
G1 X-7.704 Y-4.93 E14.34099
G1 X-7.499 Y-4.645 E14.35788
G1 X-7.298 Y-4.202 E14.38128
G1 X-7.183 Y-3.68 E14.40699
G1 X-7.183 Y-3.298 E14.42536
G1 X-7.241 Y-2.952 E14.44223
G1 X-7.343 Y-2.697 E14.45544
G1 X-7.521 Y-2.338 F7200
G1 E12.45544 F2400
G92 E0
G1 Z2.65 F7200
G1 X-32.996 Y21.011
G1 Z.65
G1 E2 F2400
;TYPE:Perimeter
G1 F1200
G1 X-32.987 Y20.598 E2.01987
G1 X-32.704 Y19.822 E2.0596
G1 X-32.295 Y19.313 E2.09101
G1 X-32.038 Y19.098 E2.10713
G1 X-31.458 Y18.781 E2.13892
G1 X-30.819 Y18.654 E2.17025
G1 X-30.468 Y18.657 E2.18713
G1 X-29.943 Y18.752 E2.21279
G1 X-29.599 Y18.904 E2.23088
G1 X-29.165 Y19.166 E2.25526
G1 X-28.702 Y19.678 E2.28846
G1 X-28.527 Y19.977 E2.30512
G1 X-28.338 Y20.504 E2.33205
G1 X-28.302 Y20.876 E2.35003
G1 X-28.313 Y21.404 E2.37543
G1 X-28.496 Y21.959 E2.40354
G1 X-28.623 Y22.238 E2.41828
G1 X-29.009 Y22.708 E2.44753
G1 X-29.265 Y22.924 E2.46364
G1 X-29.838 Y23.238 E2.49507
G1 X-30.484 Y23.367 E2.52675
G1 X-30.819 Y23.367 E2.54286
G1 X-31.465 Y23.238 E2.57454
G1 X-32.038 Y22.924 E2.60597
G1 X-32.314 Y22.685 E2.62353
G1 X-32.681 Y22.237 E2.65138
G1 X-32.944 Y21.585 E2.68519
G1 X-33.002 Y21.255 E2.70131
G1 X-32.998 Y21.071 E2.71016
G1 X-32.616 Y21.012 F7200
G1 F1200
G1 X-32.581 Y20.568 E2.73158
G1 X-32.37 Y20.016 E2.76
G1 X-32 Y19.561 E2.78821
G1 X-31.846 Y19.432 E2.79787
G1 X-31.328 Y19.144 E2.82638
G1 X-30.752 Y19.034 E2.85458
G1 X-30.534 Y19.037 E2.86507
G1 X-30.034 Y19.126 E2.8895
G1 X-29.505 Y19.403 E2.91822
G1 X-29.329 Y19.542 E2.92901
G1 X-28.995 Y19.93 E2.95363
G1 X-28.866 Y20.174 E2.9669
G1 X-28.699 Y20.65 E2.99116
G1 X-28.687 Y21.206 E3.01791
G1 X-28.722 Y21.453 E3.02991
G1 X-28.914 Y21.97 E3.05644
G1 X-29.304 Y22.461 E3.0866
G1 X-29.458 Y22.59 E3.09626
G1 X-29.971 Y22.876 E3.12451
G1 X-30.551 Y22.988 E3.15292
G1 X-30.752 Y22.988 E3.16259
G1 X-31.332 Y22.876 E3.191
G1 X-31.846 Y22.59 E3.21929
G1 X-32.019 Y22.437 E3.2304
G1 X-32.357 Y22.028 E3.25592
G1 X-32.581 Y21.453 E3.2856
G1 X-32.611 Y21.072 E3.30398
G1 X-32.225 Y21.011 F7200
;TYPE:External perimeter
G1 F1200
G1 X-32.231 Y20.766 E3.31577
G1 X-32.037 Y20.21 E3.34409
G1 X-31.704 Y19.809 E3.36916
G1 X-31.23 Y19.521 E3.39584
G1 X-30.685 Y19.414 E3.42255
G1 X-30.137 Y19.498 E3.44921
G1 X-29.696 Y19.737 E3.47334
G1 X-29.287 Y20.181 E3.50237
G1 X-29.085 Y20.7 E3.52916
G1 X-29.073 Y21.206 E3.5535
G1 X-29.221 Y21.695 E3.57807
G1 X-29.285 Y21.838 E3.58561
G1 X-29.622 Y22.236 E3.61069
G1 X-30.074 Y22.5 E3.63587
G1 X-30.618 Y22.608 E3.66255
G1 X-31.167 Y22.523 E3.68927
G1 X-31.653 Y22.256 E3.71594
G1 X-32.018 Y21.838 E3.74263
G1 X-32.219 Y21.321 E3.76931
G1 X-32.224 Y21.071 E3.78134
G1 X-32.185 Y20.673 F7200
G1 E1.78134 F2400
G92 E0
G1 Z2.65 F7200
G1 X-.963 Y-7.144
G1 Z.65
G1 E2 F2400
;TYPE:Perimeter
G1 F3600
G1 X-1.269 Y-7.071 E2.01513
G1 X-1.81 Y-7.045 E2.04118
G1 X-2.647 Y-7.217 E2.08228
G1 X-3.041 Y-7.401 E2.10319
G1 X-3.47 Y-7.662 E2.12734
G1 X-18.92 Y-20.701 E3.0997
G1 X-19.313 Y-21.105 E3.12681
G1 X-19.587 Y-21.507 E3.15021
G1 X-19.834 Y-22.081 E3.18026
G1 X-19.925 Y-22.417 E3.197
G1 X-19.979 Y-22.9 E3.22038
G1 X-19.954 Y-23.386 E3.24379
G1 X-19.851 Y-23.86 E3.26712
G1 X-19.639 Y-24.367 E3.29355
G1 X-19.339 Y-24.826 E3.31992
G1 X-18.89 Y-25.296 E3.35118
G1 X-18.458 Y-25.596 E3.37648
G1 X-17.868 Y-25.85 E3.40737
G1 X-17.393 Y-25.956 E3.43078
G1 X-16.987 Y-25.986 E3.45036
G1 X13.683 Y-25.986 E4.92548
G1 X14.244 Y-25.93 E4.9526
G1 X14.713 Y-25.8 E4.97601
G1 X15.155 Y-25.596 E4.99942
G1 X15.557 Y-25.323 E5.02279
G1 X15.911 Y-24.989 E5.0462
G1 X16.234 Y-24.546 E5.07257
G1 X16.472 Y-24.052 E5.09894
G1 X16.642 Y-23.425 E5.13019
G1 X16.675 Y-22.9 E5.15549
G1 X16.614 Y-22.375 E5.18091
G1 X16.431 Y-21.803 E5.20979
G1 X16.203 Y-21.373 E5.2332
G1 X15.908 Y-20.986 E5.2566
G1 X15.617 Y-20.701 E5.27619
G1 X.281 Y-7.745 E6.24178
G1 X-.263 Y-7.401 E6.27274
G1 X-.656 Y-7.217 E6.29361
G1 X-.905 Y-7.158 E6.30592
G1 X-1.053 Y-7.519 F7200
G1 F3600
G1 X-1.359 Y-7.446 E6.32105
G1 X-1.895 Y-7.436 E6.34683
G1 X-2.558 Y-7.592 E6.37959
G1 X-3.262 Y-7.987 E6.41842
G1 X-18.672 Y-20.996 E7.38838
G1 X-19 Y-21.331 E7.41093
G1 X-19.242 Y-21.679 E7.43132
G1 X-19.466 Y-22.194 E7.45833
G1 X-19.588 Y-22.797 E7.48792
G1 X-19.575 Y-23.314 E7.51279
G1 X-19.488 Y-23.728 E7.53314
G1 X-19.316 Y-24.156 E7.55533
G1 X-19.016 Y-24.615 E7.5817
G1 X-18.621 Y-25.02 E7.60891
G1 X-18.167 Y-25.316 E7.63498
G1 X-17.775 Y-25.476 E7.65534
G1 X-17.362 Y-25.571 E7.67572
G1 X-16.987 Y-25.6 E7.69381
G1 X13.683 Y-25.6 E9.16893
G1 X14.151 Y-25.556 E9.19154
G1 X14.56 Y-25.446 E9.21191
G1 X14.947 Y-25.272 E9.23232
G1 X15.3 Y-25.037 E9.25272
G1 X15.61 Y-24.748 E9.2731
G1 X15.887 Y-24.379 E9.29529
G1 X16.124 Y-23.885 E9.32164
G1 X16.266 Y-23.337 E9.34887
G1 X16.286 Y-22.814 E9.37404
G1 X16.163 Y-22.198 E9.40425
G1 X15.939 Y-21.679 E9.43144
G1 X15.636 Y-21.26 E9.45631
G1 X15.368 Y-20.996 E9.4744
G1 X.032 Y-8.04 E10.43999
G1 X-.463 Y-7.731 E10.46806
G1 X-.746 Y-7.592 E10.48322
G1 X-.994 Y-7.533 E10.49548
G1 X-1.142 Y-7.894 F7200
;TYPE:External perimeter
G1 F1800
G1 X-1.448 Y-7.821 E10.51061
G1 X-1.889 Y-7.829 E10.53182
G1 X-2.469 Y-7.967 E10.56049
G1 X-3.062 Y-8.317 E10.59361
G1 X-18.423 Y-21.29 E11.56065
G1 X-18.688 Y-21.557 E11.57874
G1 X-18.897 Y-21.851 E11.59609
G1 X-19.097 Y-22.308 E11.62008
G1 X-19.206 Y-22.849 E11.64662
G1 X-19.196 Y-23.242 E11.66553
G1 X-19.126 Y-23.596 E11.68289
G1 X-18.993 Y-23.946 E11.7009
G1 X-18.693 Y-24.404 E11.72723
G1 X-18.321 Y-24.769 E11.7523
G1 X-18.015 Y-24.961 E11.76967
G1 X-17.682 Y-25.102 E11.78706
G1 X-17.331 Y-25.187 E11.80443
G1 X-16.987 Y-25.214 E11.82103
G1 X13.683 Y-25.214 E13.29615
G1 X14.058 Y-25.182 E13.31425
G1 X14.408 Y-25.092 E13.33163
G1 X14.739 Y-24.947 E13.34901
G1 X15.042 Y-24.75 E13.36639
G1 X15.309 Y-24.506 E13.38379
G1 X15.539 Y-24.212 E13.40174
G1 X15.777 Y-23.718 E13.42811
G1 X15.894 Y-23.231 E13.4522
G1 X15.902 Y-22.849 E13.47058
G1 X15.795 Y-22.312 E13.49692
G1 X15.594 Y-21.851 E13.52111
G1 X15.364 Y-21.533 E13.53999
G1 X15.119 Y-21.29 E13.55659
G1 X-.217 Y-8.334 E14.52218
G1 X-.835 Y-7.967 E14.55675
G1 X-1.084 Y-7.908 E14.56906
G1 X-1.477 Y-7.833 F7200
G1 E12.56906 F2400
G92 E0
G1 Z2.65 F7200
G1 X-29.136 Y-26.182
G1 Z.65
G1 E2 F2400
;TYPE:Perimeter
G1 F1200
G1 X-29.327 Y-26.041 E2.01142
G1 X-29.811 Y-25.772 E2.03805
G1 X-30.467 Y-25.636 E2.07027
G1 X-30.819 Y-25.633 E2.0872
G1 X-31.39 Y-25.738 E2.11512
G1 X-32.038 Y-26.076 E2.15027
G1 X-32.295 Y-26.292 E2.16642
G1 X-32.65 Y-26.718 E2.19309
G1 X-32.777 Y-26.956 E2.20606
G1 X-32.959 Y-27.46 E2.23183
G1 X-33.002 Y-27.745 E2.24569
G1 X-32.989 Y-28.389 E2.27667
G1 X-32.777 Y-29.023 E2.30882
G1 X-32.609 Y-29.313 E2.32494
G1 X-32.295 Y-29.687 E2.34843
G1 X-32.039 Y-29.902 E2.36451
G1 X-31.616 Y-30.146 E2.388
G1 X-31.301 Y-30.261 E2.40413
G1 X-30.652 Y-30.361 E2.43571
G1 X-30.003 Y-30.261 E2.46729
G1 X-29.692 Y-30.149 E2.48319
G1 X-29.289 Y-29.918 E2.50553
G1 X-29.036 Y-29.71 E2.52128
G1 X-28.702 Y-29.322 E2.5459
G1 X-28.527 Y-29.023 E2.56256
G1 X-28.314 Y-28.389 E2.59473
G1 X-28.302 Y-27.745 E2.62571
G1 X-28.36 Y-27.415 E2.64183
G1 X-28.548 Y-26.903 E2.66806
G1 X-28.696 Y-26.664 E2.68158
G1 X-29.049 Y-26.246 E2.70789
G1 X-29.087 Y-26.218 E2.71016
G1 X-29.384 Y-26.478 F7200
G1 F1200
G1 X-29.52 Y-26.375 E2.71837
G1 X-29.976 Y-26.122 E2.74345
G1 X-30.534 Y-26.015 E2.77078
G1 X-30.752 Y-26.012 E2.78127
G1 X-31.287 Y-26.109 E2.80742
G1 X-31.846 Y-26.41 E2.83796
G1 X-32 Y-26.539 E2.84762
G1 X-32.338 Y-26.945 E2.87303
G1 X-32.581 Y-27.547 E2.90425
G1 X-32.616 Y-27.745 E2.91392
G1 X-32.609 Y-28.327 E2.94191
G1 X-32.414 Y-28.891 E2.97061
G1 X-32 Y-29.439 E3.00364
G1 X-31.423 Y-29.813 E3.03671
G1 X-30.752 Y-29.966 E3.06981
G1 X-30.551 Y-29.966 E3.07948
G1 X-29.884 Y-29.814 E3.11238
G1 X-29.329 Y-29.458 E3.14409
G1 X-28.995 Y-29.07 E3.16871
G1 X-28.89 Y-28.891 E3.17869
G1 X-28.695 Y-28.327 E3.20739
G1 X-28.687 Y-27.745 E3.23538
G1 X-28.753 Y-27.462 E3.24936
G1 X-28.936 Y-26.99 E3.27371
G1 X-29.304 Y-26.539 E3.30171
G1 X-29.336 Y-26.515 E3.30363
G1 X-29.629 Y-26.77 F7200
;TYPE:External perimeter
G1 F1200
G1 X-30.074 Y-26.5 E3.32866
G1 X-30.601 Y-26.395 E3.35451
G1 X-31.167 Y-26.477 E3.38202
G1 X-31.653 Y-26.744 E3.40869
G1 X-32.018 Y-27.162 E3.43538
G1 X-32.219 Y-27.679 E3.46206
G1 X-32.228 Y-28.265 E3.49025
G1 X-32.052 Y-28.759 E3.51547
G1 X-31.704 Y-29.191 E3.54215
G1 X-31.23 Y-29.479 E3.56883
G1 X-30.685 Y-29.586 E3.59554
G1 X-30.137 Y-29.502 E3.6222
G1 X-29.671 Y-29.249 E3.6477
G1 X-29.287 Y-28.819 E3.67543
G1 X-29.085 Y-28.3 E3.70222
G1 X-29.073 Y-27.745 E3.72892
G1 X-29.252 Y-27.22 E3.7556
G1 X-29.583 Y-26.807 E3.78106
G1 X-29.922 Y-26.594 F7200
G1 E1.78106 F2400
G92 E0
G1 Z2.65 F7200
G1 X-40.222 Y-25.156
G1 Z.65
G1 E2 F2400
;TYPE:Perimeter
G1 F3600
G1 X-40.17 Y-25.12 E2.00304
G1 X-39.783 Y-24.769 E2.02817
G1 X-39.445 Y-24.371 E2.05328
G1 X-39.161 Y-23.932 E2.07843
G1 X-38.938 Y-23.46 E2.10354
G1 X-38.777 Y-22.962 E2.12871
G1 X-38.684 Y-22.448 E2.15383
G1 X-38.656 Y-21.767 E2.18661
G1 X-38.656 Y21.012 E4.24413
G1 X-38.69 Y21.533 E4.26924
G1 X-38.81 Y22.105 E4.29735
G1 X-38.986 Y22.597 E4.32248
G1 X-39.224 Y23.062 E4.3476
G1 X-39.521 Y23.492 E4.37274
G1 X-39.872 Y23.88 E4.3979
G1 X-40.27 Y24.218 E4.42301
G1 X-40.709 Y24.501 E4.44813
G1 X-41.182 Y24.725 E4.4733
G1 X-41.679 Y24.885 E4.49841
G1 X-42.193 Y24.979 E4.52354
G1 X-42.651 Y25.007 E4.54561
G1 X-50.653 Y25.007 E4.93048
G1 X-51.236 Y24.963 E4.9586
G1 X-51.747 Y24.853 E4.98374
G1 X-52.239 Y24.677 E5.00887
G1 X-52.704 Y24.438 E5.03402
G1 X-53.133 Y24.141 E5.05912
G1 X-53.521 Y23.79 E5.08428
G1 X-53.859 Y23.392 E5.10939
G1 X-54.142 Y22.953 E5.13451
G1 X-54.366 Y22.481 E5.15964
G1 X-54.526 Y21.984 E5.18475
G1 X-54.62 Y21.47 E5.20988
G1 X-54.648 Y21.012 E5.23195
G1 X-54.648 Y-21.99 E7.3002
G1 X-54.604 Y-22.573 E7.32832
G1 X-54.494 Y-23.084 E7.35346
G1 X-54.318 Y-23.576 E7.37859
G1 X-54.079 Y-24.041 E7.40374
G1 X-53.782 Y-24.471 E7.42888
G1 X-53.432 Y-24.858 E7.45398
G1 X-52.98 Y-25.23 E7.48214
G1 X-52.295 Y-25.625 E7.52017
G1 X-51.747 Y-25.831 E7.54833
G1 X-51.236 Y-25.941 E7.57347
G1 X-50.691 Y-25.986 E7.59977
G1 X-42.651 Y-25.986 E7.98647
G1 X-42.068 Y-25.941 E8.01459
G1 X-41.557 Y-25.831 E8.03973
G1 X-41.065 Y-25.655 E8.06486
G1 X-40.6 Y-25.417 E8.08998
G1 X-40.272 Y-25.19 E8.10917
G1 X-40.456 Y-24.851 F7200
G1 F3600
G1 X-40.425 Y-24.83 E8.11097
G1 X-40.073 Y-24.515 E8.13369
G1 X-39.64 Y-23.97 E8.16717
G1 X-39.332 Y-23.406 E8.19808
G1 X-39.161 Y-22.911 E8.22327
G1 X-39.068 Y-22.423 E8.24716
G1 X-39.041 Y-21.767 E8.27874
G1 X-39.041 Y21.012 E10.33626
G1 X-39.078 Y21.519 E10.36071
G1 X-39.177 Y21.986 E10.38367
G1 X-39.332 Y22.427 E10.40615
G1 X-39.562 Y22.873 E10.43029
G1 X-39.811 Y23.238 E10.45154
G1 X-40.126 Y23.59 E10.47426
G1 X-40.485 Y23.897 E10.49698
G1 X-40.88 Y24.156 E10.5197
G1 X-41.306 Y24.36 E10.54242
G1 X-41.754 Y24.507 E10.5651
G1 X-42.218 Y24.594 E10.58781
G1 X-42.651 Y24.621 E10.60868
G1 X-50.653 Y24.621 E10.99355
G1 X-51.16 Y24.584 E11.018
G1 X-51.623 Y24.487 E11.04075
G1 X-52.068 Y24.331 E11.06343
G1 X-52.489 Y24.118 E11.08612
G1 X-52.879 Y23.851 E11.10885
G1 X-53.231 Y23.536 E11.13157
G1 X-53.655 Y23.003 E11.16433
G1 X-53.972 Y22.427 E11.19595
G1 X-54.148 Y21.908 E11.22231
G1 X-54.235 Y21.444 E11.24502
G1 X-54.262 Y21.012 E11.26584
G1 X-54.262 Y-21.99 E13.33409
G1 X-54.225 Y-22.498 E13.35859
G1 X-54.129 Y-22.96 E13.38129
G1 X-53.972 Y-23.406 E13.40403
G1 X-53.655 Y-23.982 E13.43565
G1 X-53.231 Y-24.515 E13.46841
G1 X-52.787 Y-24.896 E13.49655
G1 X-52.102 Y-25.292 E13.53461
G1 X-51.623 Y-25.466 E13.55912
G1 X-51.085 Y-25.573 E13.5855
G1 X-50.653 Y-25.6 E13.60632
G1 X-42.651 Y-25.6 E13.99119
G1 X-42.143 Y-25.563 E14.01569
G1 X-41.681 Y-25.466 E14.0384
G1 X-41.236 Y-25.31 E14.06108
G1 X-40.814 Y-25.096 E14.08384
G1 X-40.505 Y-24.885 E14.10184
G1 X-40.689 Y-24.547 F7200
;TYPE:External perimeter
G1 F1800
G1 X-40.679 Y-24.54 E14.10243
G1 X-40.363 Y-24.261 E14.1227
G1 X-39.961 Y-23.755 E14.15378
G1 X-39.677 Y-23.235 E14.18228
G1 X-39.534 Y-22.812 E14.20376
G1 X-39.453 Y-22.398 E14.22405
G1 X-39.427 Y-21.767 E14.25442
G1 X-39.427 Y21.012 E16.31194
G1 X-39.456 Y21.444 E16.33276
G1 X-39.542 Y21.862 E16.35329
G1 X-39.677 Y22.256 E16.37332
G1 X-39.882 Y22.659 E16.39507
G1 X-40.101 Y22.984 E16.41392
G1 X-40.381 Y23.3 E16.43423
G1 X-40.699 Y23.577 E16.45451
G1 X-41.05 Y23.81 E16.47477
G1 X-41.429 Y23.995 E16.49505
G1 X-41.829 Y24.129 E16.51534
G1 X-42.243 Y24.209 E16.53562
G1 X-42.651 Y24.236 E16.55529
G1 X-50.653 Y24.236 E16.94016
G1 X-51.085 Y24.206 E16.96099
G1 X-51.499 Y24.122 E16.98131
G1 X-51.898 Y23.985 E17.0016
G1 X-52.275 Y23.797 E17.02186
G1 X-52.625 Y23.561 E17.04216
G1 X-52.941 Y23.282 E17.06243
G1 X-53.335 Y22.789 E17.09278
G1 X-53.626 Y22.256 E17.12199
G1 X-53.77 Y21.833 E17.14348
G1 X-53.851 Y21.419 E17.16377
G1 X-53.877 Y21.012 E17.18339
G1 X-53.877 Y-21.99 E19.25164
G1 X-53.847 Y-22.423 E19.27252
G1 X-53.763 Y-22.836 E19.29279
G1 X-53.626 Y-23.235 E19.31308
G1 X-53.335 Y-23.768 E19.34229
G1 X-52.941 Y-24.261 E19.37264
G1 X-52.594 Y-24.562 E19.39473
G1 X-51.909 Y-24.958 E19.43279
G1 X-51.474 Y-25.107 E19.45491
G1 X-51.06 Y-25.188 E19.4752
G1 X-50.653 Y-25.214 E19.49482
G1 X-42.651 Y-25.214 E19.87969
G1 X-42.218 Y-25.185 E19.90056
G1 X-41.805 Y-25.101 E19.92083
G1 X-41.406 Y-24.964 E19.94112
G1 X-41.029 Y-24.776 E19.96138
G1 X-40.739 Y-24.581 E19.97819
G1 X-40.434 Y-24.322 F7200
G1 E17.97819 F2400
G92 E0
G1 Z2.65 F7200
G1 X26.175 Y-25.958
G1 Z.65
G1 E2 F2400
;TYPE:Perimeter
G1 F1200
G1 X25.791 Y-26.201 E2.02186
G1 X25.393 Y-26.663 E2.05119
G1 X25.223 Y-26.956 E2.06748
G1 X25.009 Y-27.6 E2.10012
G1 X24.998 Y-28.234 E2.13062
G1 X25.056 Y-28.563 E2.14669
G1 X25.223 Y-29.023 E2.17023
G1 X25.391 Y-29.313 E2.18635
G1 X25.705 Y-29.687 E2.20984
G1 X25.962 Y-29.902 E2.22596
G1 X26.385 Y-30.147 E2.24947
G1 X26.695 Y-30.26 E2.26534
G1 X27.324 Y-30.359 E2.29597
G1 X27.985 Y-30.263 E2.3281
G1 X28.312 Y-30.147 E2.34479
G1 X28.735 Y-29.902 E2.3683
G1 X28.991 Y-29.687 E2.38438
G1 X29.305 Y-29.313 E2.40787
G1 X29.473 Y-29.023 E2.42399
G1 X29.686 Y-28.389 E2.45616
G1 X29.698 Y-27.745 E2.48714
G1 X29.64 Y-27.415 E2.50326
G1 X29.467 Y-26.941 E2.52753
G1 X29.305 Y-26.666 E2.54288
G1 X28.942 Y-26.238 E2.56987
G1 X28.735 Y-26.076 E2.58251
G1 X28.186 Y-25.771 E2.61272
G1 X27.516 Y-25.633 E2.64562
G1 X27.181 Y-25.633 E2.66173
G1 X26.667 Y-25.724 E2.68684
G1 X26.263 Y-25.902 E2.70807
G1 X26.226 Y-25.926 E2.71019
G1 X26.367 Y-26.289 F7200
G1 F1200
G1 X26.154 Y-26.41 E2.72197
G1 X25.901 Y-26.658 E2.73901
G1 X25.595 Y-27.064 E2.76346
G1 X25.386 Y-27.69 E2.7952
G1 X25.384 Y-28.234 E2.82136
G1 X25.419 Y-28.432 E2.83103
G1 X25.686 Y-29.065 E2.86407
G1 X26.154 Y-29.568 E2.89711
G1 X26.764 Y-29.881 E2.93009
G1 X27.324 Y-29.973 E2.95739
G1 X27.923 Y-29.883 E2.98652
G1 X28.119 Y-29.813 E2.99653
G1 X28.696 Y-29.439 E3.0296
G1 X29.11 Y-28.891 E3.06263
G1 X29.305 Y-28.327 E3.09133
G1 X29.313 Y-27.745 E3.11932
G1 X29.278 Y-27.547 E3.12899
G1 X29.088 Y-27.034 E3.1553
G1 X28.708 Y-26.554 E3.18475
G1 X28.542 Y-26.41 E3.19532
G1 X28.043 Y-26.129 E3.22286
G1 X27.449 Y-26.012 E3.25198
G1 X27.054 Y-26.047 E3.27105
G1 X26.627 Y-26.14 E3.29207
G1 X26.419 Y-26.259 E3.3036
G1 X26.561 Y-26.626 F7200
;TYPE:External perimeter
G1 F1200
G1 X26.347 Y-26.744 E3.31535
G1 X25.984 Y-27.159 E3.34187
G1 X25.769 Y-27.745 E3.37189
G1 X25.772 Y-28.265 E3.3969
G1 X25.948 Y-28.759 E3.42212
G1 X26.296 Y-29.191 E3.4488
G1 X26.77 Y-29.479 E3.47548
G1 X27.29 Y-29.584 E3.50099
G1 X27.861 Y-29.502 E3.52873
G1 X28.349 Y-29.234 E3.55551
G1 X28.715 Y-28.817 E3.5822
G1 X28.915 Y-28.3 E3.60886
G1 X28.927 Y-27.745 E3.63556
G1 X28.748 Y-27.22 E3.66224
G1 X28.412 Y-26.801 E3.68807
G1 X27.926 Y-26.5 E3.71556
G1 X27.382 Y-26.392 E3.74224
G1 X26.833 Y-26.477 E3.76896
G1 X26.614 Y-26.598 E3.78099
G1 X26.288 Y-26.83 F7200
G1 E1.78099 F2400
G92 E0
G1 Z2.65 F7200
G1 X3.425 Y-2.178
G1 Z.65
G1 E2 F2400
;TYPE:Perimeter
G1 F3600
G1 X3.231 Y-2.64 E2.0241
G1 X3.118 Y-3.177 E2.05049
G1 X3.115 Y-3.784 E2.07968
G1 X3.262 Y-4.442 E2.11211
G1 X3.509 Y-4.997 E2.14133
G1 X3.816 Y-5.434 E2.16702
G1 X4.161 Y-5.777 E2.19042
G1 X20.418 Y-19.512 E3.21403
G1 X20.855 Y-19.817 E3.23966
G1 X21.322 Y-20.034 E3.26443
G1 X21.79 Y-20.163 E3.28778
G1 X22.273 Y-20.215 E3.31114
G1 X22.757 Y-20.188 E3.33445
G1 X23.289 Y-20.06 E3.36077
G1 X23.789 Y-19.838 E3.38708
G1 X24.324 Y-19.471 E3.41828
G1 X24.688 Y-19.094 E3.44348
G1 X25.001 Y-18.619 E3.47084
G1 X25.213 Y-18.103 E3.49767
G1 X25.317 Y-17.629 E3.52101
G1 X25.347 Y-17.223 E3.54059
G1 X25.347 Y10.245 E4.86171
G1 X25.292 Y10.804 E4.88873
G1 X25.114 Y11.385 E4.91796
G1 X24.893 Y11.817 E4.9413
G1 X24.688 Y12.115 E4.9587
G1 X24.305 Y12.506 E4.98502
G1 X23.858 Y12.82 E5.01129
G1 X23.268 Y13.091 E5.04252
G1 X22.757 Y13.21 E5.06775
G1 X22.19 Y13.235 E5.09505
G1 X21.69 Y13.166 E5.11933
G1 X21.177 Y12.998 E5.14529
G1 X20.747 Y12.772 E5.16865
G1 X20.31 Y12.442 E5.19499
G1 X4.161 Y-1.201 E6.21178
G1 X3.779 Y-1.593 E6.23811
G1 X3.496 Y-2.009 E6.26231
G1 X3.448 Y-2.122 E6.26821
G1 X3.768 Y-2.354 F7200
G1 F3600
G1 X3.587 Y-2.789 E6.29087
G1 X3.493 Y-3.286 E6.3152
G1 X3.499 Y-3.741 E6.33709
G1 X3.628 Y-4.322 E6.36571
G1 X3.852 Y-4.821 E6.39202
G1 X4.149 Y-5.227 E6.41621
G1 X4.41 Y-5.483 E6.43379
G1 X20.667 Y-19.217 E7.45737
G1 X21.052 Y-19.485 E7.47993
G1 X21.434 Y-19.665 E7.50024
G1 X21.841 Y-19.781 E7.52059
G1 X22.261 Y-19.83 E7.54093
G1 X22.684 Y-19.81 E7.5613
G1 X23.132 Y-19.708 E7.5834
G1 X23.632 Y-19.486 E7.60971
G1 X24.094 Y-19.161 E7.63688
G1 X24.444 Y-18.781 E7.66173
G1 X24.678 Y-18.401 E7.68319
G1 X24.838 Y-18.01 E7.70351
G1 X24.933 Y-17.597 E7.72389
G1 X24.961 Y-17.223 E7.74193
G1 X24.961 Y10.245 E9.06305
G1 X24.918 Y10.711 E9.08556
G1 X24.76 Y11.233 E9.11179
G1 X24.457 Y11.783 E9.14199
G1 X24.11 Y12.17 E9.16699
G1 X23.636 Y12.505 E9.19491
G1 X23.12 Y12.735 E9.22208
G1 X22.61 Y12.841 E9.24713
G1 X22.168 Y12.846 E9.26839
G1 X21.75 Y12.782 E9.28873
G1 X21.347 Y12.652 E9.3091
G1 X20.971 Y12.458 E9.32945
G1 X20.559 Y12.147 E9.35428
G1 X4.41 Y-1.496 E10.37107
G1 X4.09 Y-1.821 E10.39301
G1 X3.833 Y-2.199 E10.41499
G1 X3.791 Y-2.299 E10.42021
G1 X4.112 Y-2.53 F7200
;TYPE:External perimeter
G1 F1800
G1 X3.943 Y-2.937 E10.44141
G1 X3.877 Y-3.492 E10.46829
G1 X3.93 Y-3.997 E10.49271
G1 X4.049 Y-4.36 E10.51108
G1 X4.211 Y-4.671 E10.52795
G1 X4.421 Y-4.953 E10.54486
G1 X4.659 Y-5.188 E10.56095
G1 X20.916 Y-18.922 E11.58453
G1 X21.222 Y-19.139 E11.60257
G1 X21.547 Y-19.296 E11.61993
G1 X21.892 Y-19.399 E11.63725
G1 X22.25 Y-19.444 E11.6546
G1 X22.611 Y-19.431 E11.67197
G1 X22.976 Y-19.356 E11.68989
G1 X23.475 Y-19.134 E11.71616
G1 X23.883 Y-18.835 E11.74049
G1 X24.132 Y-18.554 E11.75855
G1 X24.406 Y-18.059 E11.78576
G1 X24.549 Y-17.566 E11.81045
G1 X24.576 Y-17.223 E11.827
G1 X24.576 Y10.245 E13.14812
G1 X24.544 Y10.618 E13.16613
G1 X24.406 Y11.08 E13.18932
G1 X24.132 Y11.576 E13.21657
G1 X23.861 Y11.875 E13.23598
G1 X23.414 Y12.19 E13.26228
G1 X22.948 Y12.387 E13.28661
G1 X22.58 Y12.456 E13.30462
G1 X22.219 Y12.464 E13.32199
G1 X21.862 Y12.414 E13.33933
G1 X21.518 Y12.306 E13.35667
G1 X21.195 Y12.144 E13.37405
G1 X20.808 Y11.853 E13.39734
G1 X4.659 Y-1.79 E14.41413
G1 X4.401 Y-2.049 E14.43171
G1 X4.189 Y-2.347 E14.4493
G1 X4.135 Y-2.475 E14.45598
G1 X3.981 Y-2.844 F7200
G1 E12.45598 F2400
G92 E0
G1 Z2.65 F7200
G1 X25.303 Y19.83
G1 Z.65
G1 E2 F2400
;TYPE:Perimeter
G1 F1200
G1 X25.341 Y19.752 E2.00417
G1 X25.705 Y19.313 E2.0316
G1 X26.012 Y19.069 E2.05046
G1 X26.521 Y18.788 E2.07842
G1 X27.152 Y18.657 E2.10942
G1 X27.48 Y18.654 E2.1252
G1 X27.985 Y18.737 E2.14981
G1 X28.312 Y18.853 E2.1665
G1 X28.867 Y19.19 E2.19773
G1 X29.305 Y19.687 E2.22959
G1 X29.473 Y19.977 E2.24571
G1 X29.683 Y20.598 E2.27724
G1 X29.698 Y21.255 E2.30885
G1 X29.64 Y21.585 E2.32497
G1 X29.441 Y22.121 E2.35247
G1 X29.033 Y22.659 E2.38495
G1 X28.735 Y22.924 E2.40413
G1 X28.162 Y23.238 E2.43556
G1 X27.516 Y23.367 E2.46724
G1 X27.181 Y23.367 E2.48335
G1 X26.535 Y23.238 E2.51503
G1 X25.962 Y22.924 E2.54646
G1 X25.705 Y22.708 E2.56261
G1 X25.32 Y22.238 E2.59183
G1 X25.102 Y21.711 E2.61926
G1 X25.001 Y21.332 E2.63812
G1 X25.008 Y20.628 E2.67198
G1 X25.2 Y20.041 E2.70168
G1 X25.277 Y19.884 E2.71009
G1 X25.64 Y20.025 F7200
G1 F1200
G1 X25.689 Y19.932 E2.71515
G1 X26.025 Y19.534 E2.7402
G1 X26.578 Y19.187 E2.7716
G1 X26.966 Y19.082 E2.79093
G1 X27.417 Y19.035 E2.81274
G1 X27.923 Y19.117 E2.83739
G1 X28.119 Y19.187 E2.8474
G1 X28.621 Y19.487 E2.87553
G1 X29.01 Y19.935 E2.90407
G1 X29.11 Y20.109 E2.91372
G1 X29.304 Y20.665 E2.94204
G1 X29.313 Y21.255 E2.97042
G1 X29.278 Y21.453 E2.98009
G1 X29.092 Y21.958 E3.00597
G1 X28.737 Y22.411 E3.03365
G1 X28.542 Y22.59 E3.04638
G1 X28.029 Y22.876 E3.07463
G1 X27.449 Y22.988 E3.10304
G1 X27.248 Y22.988 E3.11271
G1 X26.668 Y22.876 E3.14112
G1 X26.154 Y22.59 E3.16941
G1 X26 Y22.461 E3.17907
G1 X25.644 Y22.028 E3.20603
G1 X25.419 Y21.453 E3.23573
G1 X25.384 Y21.205 E3.24778
G1 X25.39 Y20.683 E3.27289
G1 X25.563 Y20.173 E3.29879
G1 X25.612 Y20.078 E3.30393
G1 X25.97 Y20.214 F7200
;TYPE:External perimeter
G1 F1200
G1 X26.296 Y19.809 E3.32894
G1 X26.77 Y19.521 E3.35562
G1 X27.29 Y19.416 E3.38113
G1 X27.861 Y19.498 E3.40887
G1 X28.349 Y19.766 E3.43565
G1 X28.715 Y20.183 E3.46234
G1 X28.915 Y20.7 E3.489
G1 X28.927 Y21.255 E3.5157
G1 X28.752 Y21.77 E3.54186
G1 X28.349 Y22.256 E3.57223
G1 X27.896 Y22.514 E3.5973
G1 X27.382 Y22.608 E3.62243
G1 X26.833 Y22.523 E3.64915
G1 X26.347 Y22.256 E3.67582
G1 X25.982 Y21.838 E3.70251
G1 X25.781 Y21.321 E3.72919
G1 X25.769 Y20.766 E3.75589
G1 X25.94 Y20.265 E3.78135
G1 X26.185 Y19.949 F7200
G1 E1.78135 F2400
G92 E0
G1 Z2.65 F7200
G1 X36.682 Y-24.419
G1 Z.65
G1 E2 F2400
;TYPE:Perimeter
G1 F3600
G1 X36.718 Y-24.471 E2.00304
G1 X37.068 Y-24.858 E2.02814
G1 X37.467 Y-25.197 E2.05332
G1 X37.906 Y-25.48 E2.07844
G1 X38.378 Y-25.704 E2.10357
G1 X38.875 Y-25.864 E2.12868
G1 X39.542 Y-25.986 E2.16129
G1 X42.349 Y-25.986 E2.2963
G1 X42.932 Y-25.941 E2.32442
G1 X43.443 Y-25.831 E2.34956
G1 X43.935 Y-25.655 E2.37469
G1 X44.4 Y-25.417 E2.39981
G1 X44.83 Y-25.12 E2.42495
G1 X45.217 Y-24.769 E2.45008
G1 X45.555 Y-24.371 E2.47519
G1 X45.839 Y-23.932 E2.50034
G1 X46.062 Y-23.46 E2.52545
G1 X46.223 Y-22.962 E2.55062
G1 X46.316 Y-22.448 E2.57574
G1 X46.344 Y-21.99 E2.59781
G1 X46.344 Y21.012 E4.66606
G1 X46.304 Y21.573 E4.69311
G1 X46.19 Y22.105 E4.71928
G1 X46.014 Y22.597 E4.74441
G1 X45.776 Y23.062 E4.76953
G1 X45.479 Y23.492 E4.79467
G1 X45.128 Y23.88 E4.81983
G1 X44.73 Y24.218 E4.84494
G1 X44.291 Y24.501 E4.87006
G1 X43.818 Y24.725 E4.89523
G1 X43.321 Y24.885 E4.92034
G1 X42.654 Y25.007 E4.95295
G1 X39.847 Y25.007 E5.08796
G1 X39.264 Y24.963 E5.11608
G1 X38.753 Y24.853 E5.14122
G1 X38.261 Y24.677 E5.16635
G1 X37.796 Y24.438 E5.1915
G1 X37.367 Y24.141 E5.2166
G1 X36.979 Y23.79 E5.24176
G1 X36.641 Y23.392 E5.26687
G1 X36.358 Y22.953 E5.29199
G1 X36.134 Y22.481 E5.31712
G1 X35.978 Y22.003 E5.3413
G1 X35.88 Y21.473 E5.36722
G1 X35.852 Y20.766 E5.40125
G1 X35.852 Y-21.99 E7.45767
G1 X35.886 Y-22.509 E7.48269
G1 X35.996 Y-23.052 E7.50934
G1 X36.182 Y-23.576 E7.53608
G1 X36.414 Y-24.032 E7.56069
G1 X36.648 Y-24.369 E7.58042
G1 X36.986 Y-24.185 F7200
G1 F3600
G1 X37.008 Y-24.217 E7.58229
G1 X37.323 Y-24.568 E7.60497
G1 X37.681 Y-24.876 E7.62768
G1 X38.076 Y-25.134 E7.65037
G1 X38.502 Y-25.338 E7.67309
G1 X38.95 Y-25.486 E7.69578
G1 X39.559 Y-25.6 E7.72558
G1 X42.349 Y-25.6 E7.85977
G1 X42.857 Y-25.563 E7.88427
G1 X43.319 Y-25.466 E7.90698
G1 X43.764 Y-25.31 E7.92966
G1 X44.186 Y-25.096 E7.95242
G1 X44.575 Y-24.83 E7.97509
G1 X44.927 Y-24.515 E7.99781
G1 X45.351 Y-23.982 E8.03057
G1 X45.668 Y-23.406 E8.06219
G1 X45.844 Y-22.887 E8.08855
G1 X45.932 Y-22.423 E8.11126
G1 X45.959 Y-21.99 E8.13213
G1 X45.959 Y21.012 E10.20038
G1 X45.922 Y21.519 E10.22483
G1 X45.825 Y21.981 E10.24754
G1 X45.668 Y22.427 E10.27028
G1 X45.351 Y23.003 E10.3019
G1 X44.927 Y23.536 E10.33466
G1 X44.515 Y23.897 E10.36101
G1 X44.12 Y24.156 E10.38373
G1 X43.694 Y24.36 E10.40645
G1 X43.246 Y24.507 E10.42913
G1 X42.638 Y24.621 E10.45888
G1 X39.847 Y24.621 E10.59312
G1 X39.34 Y24.584 E10.61757
G1 X38.877 Y24.487 E10.64032
G1 X38.432 Y24.331 E10.663
G1 X38.011 Y24.118 E10.68569
G1 X37.621 Y23.851 E10.70842
G1 X37.269 Y23.536 E10.73114
G1 X36.949 Y23.159 E10.75492
G1 X36.703 Y22.783 E10.77653
G1 X36.499 Y22.357 E10.79925
G1 X36.352 Y21.908 E10.82197
G1 X36.265 Y21.444 E10.84468
G1 X36.238 Y20.766 E10.87732
G1 X36.238 Y-21.99 E12.93374
G1 X36.275 Y-22.498 E12.95824
G1 X36.371 Y-22.96 E12.98094
G1 X36.528 Y-23.406 E13.00368
G1 X36.741 Y-23.827 E13.02637
G1 X36.952 Y-24.136 E13.04437
G1 X37.29 Y-23.952 F7200
;TYPE:External perimeter
G1 F1800
G1 X37.298 Y-23.962 E13.04499
G1 X37.577 Y-24.278 E13.06526
G1 X37.895 Y-24.555 E13.08554
G1 X38.247 Y-24.788 E13.10584
G1 X38.626 Y-24.973 E13.12612
G1 X39.026 Y-25.107 E13.14641
G1 X39.575 Y-25.214 E13.17331
G1 X42.349 Y-25.214 E13.30673
G1 X42.782 Y-25.185 E13.3276
G1 X43.195 Y-25.101 E13.34787
G1 X43.594 Y-24.964 E13.36816
G1 X43.971 Y-24.776 E13.38842
G1 X44.321 Y-24.54 E13.40872
G1 X44.637 Y-24.261 E13.42899
G1 X45.031 Y-23.768 E13.45934
G1 X45.323 Y-23.235 E13.48857
G1 X45.466 Y-22.812 E13.51005
G1 X45.547 Y-22.398 E13.53034
G1 X45.573 Y-21.99 E13.55
G1 X45.573 Y21.012 E15.61825
G1 X45.544 Y21.444 E15.63907
G1 X45.46 Y21.857 E15.65934
G1 X45.323 Y22.256 E15.67963
G1 X45.031 Y22.789 E15.70886
G1 X44.637 Y23.282 E15.73921
G1 X44.301 Y23.577 E15.76072
G1 X43.95 Y23.81 E15.78098
G1 X43.571 Y23.995 E15.80126
G1 X43.171 Y24.129 E15.82155
G1 X42.622 Y24.236 E15.84845
G1 X39.847 Y24.236 E15.98192
G1 X39.415 Y24.206 E16.00275
G1 X39.001 Y24.122 E16.02307
G1 X38.602 Y23.985 E16.04336
G1 X38.225 Y23.797 E16.06362
G1 X37.875 Y23.561 E16.08392
G1 X37.559 Y23.282 E16.10419
G1 X37.098 Y22.688 E16.14035
G1 X36.864 Y22.233 E16.16496
G1 X36.73 Y21.833 E16.18525
G1 X36.649 Y21.419 E16.20554
G1 X36.623 Y20.766 E16.23697
G1 X36.623 Y-21.99 E18.29339
G1 X36.653 Y-22.423 E18.31427
G1 X36.737 Y-22.836 E18.33454
G1 X36.874 Y-23.235 E18.35483
G1 X37.062 Y-23.613 E18.37513
G1 X37.257 Y-23.902 E18.3919
G1 X37.516 Y-24.207 F7200
G1 E16.3919 F2400
G92 E0
G1 Z2.65 F7200
G1 X-63.156 Y-31.993
G1 Z.65
G1 E2 F2400
;TYPE:Perimeter
G1 F3600
G1 X54.852 Y-31.993 E7.67577
G1 X54.852 Y31.014 E10.70619
G1 X-63.156 Y31.014 E16.38196
G1 X-63.156 Y-31.933 E19.40949
G1 X-63.541 Y-32.379 F7200
G1 F3600
G1 X55.238 Y-32.379 E25.12235
G1 X55.238 Y31.4 E28.1899
G1 X-63.541 Y31.4 E33.90276
G1 X-63.541 Y-32.319 E36.96742
G1 X-63.927 Y-32.764 F7200
;TYPE:External perimeter
G1 F1800
G1 X55.623 Y-32.764 E42.71736
G1 X55.623 Y31.786 E45.82199
G1 X-63.927 Y31.786 E51.57193
G1 X-63.927 Y-32.704 E54.67367
G1 X-63.531 Y-32.764 F7200
G1 X-62.762 Y-31.673
;TYPE:Solid infill
;WIDTH:0.543559
G1 F1500
G1 X-62.804 Y-31.715 E54.67722
G1 X-62.862 Y-31.699 E54.68082
G1 X-62.877 Y-31.642 E54.68434
G1 X-62.835 Y-31.599 E54.68793
G1 X-62.777 Y-31.615 E54.69153
;WIDTH:0.45
G1 X-62.866 Y-30.999 E54.72147
G1 X-62.161 Y-31.704 E54.76942
G1 X-61.616 Y-31.704 E54.79563
G1 X-62.866 Y-30.453 E54.88069
G1 X-62.866 Y-29.908 E54.9069
G1 X-61.071 Y-31.704 E55.02903
G1 X-60.525 Y-31.704 E55.05529
G1 X-62.866 Y-29.363 E55.21452
G1 X-62.866 Y-28.817 E55.24078
G1 X-59.98 Y-31.704 E55.43712
G1 X-59.435 Y-31.704 E55.46333
G1 X-62.866 Y-28.272 E55.69674
G1 X-62.866 Y-27.727 E55.72295
G1 X-58.889 Y-31.704 E55.99346
G1 X-58.344 Y-31.704 E56.01967
G1 X-62.866 Y-27.181 E56.32728
G1 X-62.866 Y-26.636 E56.35349
G1 X-57.799 Y-31.704 E56.69818
G1 X-57.253 Y-31.704 E56.72444
G1 X-62.866 Y-26.091 E57.10623
G1 X-62.866 Y-25.545 E57.13249
G1 X-56.708 Y-31.704 E57.55138
G1 X-56.162 Y-31.704 E57.57764
G1 X-62.866 Y-25 E58.03364
G1 X-62.866 Y-24.455 E58.05985
G1 X-55.617 Y-31.704 E58.55292
G1 X-55.072 Y-31.704 E58.57913
G1 X-62.866 Y-23.909 E59.1093
G1 X-62.866 Y-23.364 E59.13551
G1 X-54.526 Y-31.704 E59.70279
G1 X-53.981 Y-31.704 E59.729
G1 X-62.866 Y-22.819 E60.33335
G1 X-62.866 Y-22.273 E60.35961
G1 X-53.436 Y-31.704 E61.00106
G1 X-52.89 Y-31.704 E61.02732
G1 X-62.866 Y-21.728 E61.70588
G1 X-62.866 Y-21.183 E61.73209
G1 X-52.345 Y-31.704 E62.44772
G1 X-51.8 Y-31.704 E62.47393
G1 X-62.866 Y-20.637 E63.22666
G1 X-62.866 Y-20.092 E63.25287
G1 X-51.254 Y-31.704 E64.0427
G1 X-50.709 Y-31.704 E64.06891
G1 X-62.866 Y-19.546 E64.89585
G1 X-62.866 Y-19.001 E64.92206
G1 X-50.164 Y-31.704 E65.78607
G1 X-49.618 Y-31.704 E65.81233
G1 X-62.866 Y-18.456 E66.71344
G1 X-62.866 Y-17.91 E66.7397
G1 X-49.073 Y-31.704 E67.67792
G1 X-48.528 Y-31.704 E67.70413
G1 X-62.866 Y-17.365 E68.67942
G1 X-62.866 Y-16.82 E68.70563
G1 X-47.982 Y-31.704 E69.71802
G1 X-47.437 Y-31.704 E69.74423
G1 X-62.866 Y-16.274 E70.79373
G1 X-62.938 Y-16.013 E70.80675
;WIDTH:0.404381
G1 X-63.009 Y-16.032 E70.80987
G1 X-62.99 Y-15.961 E70.81299
G1 X-62.949 Y-15.972 E70.81479
G1 E68.81479 F2400
G92 E0
G1 Z2.65 F7200
G1 X-53.102 Y-25.493
G1 Z.65
G1 E2 F2400
;WIDTH:0.45
G1 F1500
G1 X-46.892 Y-31.704 E2.42243
G1 X-46.346 Y-31.704 E2.44869
G1 X-51.999 Y-26.051 E2.8332
G1 X-52.27 Y-25.87 E2.84887
;WIDTH:0.404381
G1 X-52.122 Y-25.856 E2.85517
G1 X-51.976 Y-25.901 E2.86165
;WIDTH:0.45
G1 X-51.278 Y-26.227 E2.8987
G1 X-45.801 Y-31.704 E3.27124
G1 X-45.256 Y-31.704 E3.29745
G1 X-50.687 Y-26.272 E3.66689
G1 X-50.139 Y-26.275 E3.69325
G1 X-44.71 Y-31.704 E4.06252
G1 X-44.165 Y-31.704 E4.08873
G1 X-49.594 Y-26.275 E4.458
G1 X-49.049 Y-26.275 E4.48421
G1 X-43.619 Y-31.704 E4.85352
G1 X-43.074 Y-31.704 E4.87973
G1 X-48.503 Y-26.275 E5.249
G1 X-47.958 Y-26.275 E5.27521
G1 X-42.529 Y-31.704 E5.64448
G1 X-41.983 Y-31.704 E5.67074
G1 X-47.413 Y-26.275 E6.04005
G1 X-46.867 Y-26.275 E6.06631
G1 X-41.438 Y-31.704 E6.43558
G1 X-40.893 Y-31.704 E6.46179
G1 X-46.322 Y-26.275 E6.83106
G1 X-45.777 Y-26.275 E6.85727
G1 X-40.347 Y-31.704 E7.22658
G1 X-39.802 Y-31.704 E7.25279
G1 X-45.231 Y-26.275 E7.62206
G1 X-44.686 Y-26.275 E7.64827
G1 X-39.257 Y-31.704 E8.01754
G1 X-38.711 Y-31.704 E8.0438
G1 X-44.14 Y-26.275 E8.41307
G1 X-43.595 Y-26.275 E8.43928
G1 X-38.166 Y-31.704 E8.80855
G1 X-37.621 Y-31.704 E8.83476
G1 X-43.05 Y-26.275 E9.20403
G1 X-42.515 Y-26.264 E9.22977
G1 X-37.075 Y-31.704 E9.59979
G1 X-36.53 Y-31.704 E9.626
G1 X-42.009 Y-26.224 E9.99871
G1 X-41.562 Y-26.127 E10.02071
G1 X-35.985 Y-31.704 E10.40005
G1 X-35.439 Y-31.704 E10.42631
G1 X-41.151 Y-25.992 E10.81483
G1 X-40.769 Y-25.828 E10.83482
G1 X-34.894 Y-31.704 E11.23446
G1 X-34.349 Y-31.704 E11.26067
G1 X-40.413 Y-25.639 E11.67317
G1 X-40.091 Y-25.416 E11.69201
G1 X-33.803 Y-31.704 E12.11971
G1 X-33.258 Y-31.704 E12.14592
G1 X-39.794 Y-25.168 E12.59049
G1 X-39.515 Y-24.901 E12.60906
G1 X-32.713 Y-31.704 E13.07176
G1 X-32.167 Y-31.704 E13.09802
G1 X-39.261 Y-24.61 E13.58055
G1 X-39.045 Y-24.281 E13.59948
G1 X-31.622 Y-31.704 E14.10438
G1 X-31.077 Y-31.704 E14.13059
G1 X-38.844 Y-23.937 E14.65889
G1 E12.65889 F2400
G92 E0
G1 Z2.65 F7200
G1 X-31.944 Y-30.291
G1 Z.65
G1 E2 F2400
G1 F1500
G1 X-30.531 Y-31.704 E2.09611
G1 X-29.986 Y-31.704 E2.12232
G1 X-31.099 Y-30.59 E2.19806
G1 X-31.331 Y-30.445 E2.21122
;WIDTH:0.404381
G1 X-31.402 Y-30.464 E2.21434
G1 X-31.383 Y-30.393 E2.21746
G1 X-31.342 Y-30.404 E2.21926
G1 E.21926 F2400
G92 E0
G1 Z2.65 F7200
G1 X-29.437 Y-31.178
G1 Z.65
G1 E2 F2400
;WIDTH:0.45
G1 F1500
G1 X-29.724 Y-30.875 E2.02007
G1 X-29.308 Y-30.706 E2.04167
G1 X-28.88 Y-30.452 E2.06561
G1 X-28.519 Y-30.144 E2.08843
G1 X-28.158 Y-29.714 E2.11543
G1 X-26.554 Y-31.318 E2.22453
G1 X-29.304 Y-31.318 E2.3568
G1 X-29.617 Y-31.528 E2.37493
G1 X-30.513 Y-30.631 E2.43591
G1 X-29.966 Y-30.548 E2.46252
G1 X-29.499 Y-30.371 E2.48654
G1 X-29.126 Y-30.155 E2.50727
G1 X-28.812 Y-29.892 E2.52697
G1 X-28.468 Y-29.489 E2.55245
G1 X-28.221 Y-29.106 E2.57437
G1 X-25.623 Y-31.704 E2.75108
G1 X-29.577 Y-31.704 E2.94125
G1 X-28.792 Y-30.897 F7200
;WIDTH:0.521622
G1 F1500
G1 X-27.571 Y-30.897 E3.01088
G1 X-28.13 Y-30.338 E3.05596
G1 X-28.322 Y-30.538 E3.07177
G1 X-28.638 Y-30.78 E3.09447
G1 E1.09447 F2400
G92 E0
G1 Z2.65 F7200
G1 X-28.097 Y-28.685
G1 Z.65
G1 E2 F2400
;WIDTH:0.45
G1 F1500
G1 X-25.078 Y-31.704 E2.20535
G1 X-24.532 Y-31.704 E2.23161
G1 X-28.013 Y-28.223 E2.46838
G1 X-28.141 Y-27.369 F7200
;WIDTH:0.404381
G1 F1500
G1 X-28.182 Y-27.358 E2.47018
G1 X-28.201 Y-27.429 E2.4733
G1 X-28.13 Y-27.41 E2.47642
;WIDTH:0.45
G1 X-28.022 Y-27.669 E2.48992
G1 X-23.987 Y-31.704 E2.76438
G1 E.76438 F2400
G92 E0
G1 Z2.65 F7200
G1 X-32.217 Y-30.065
G1 Z.65
G1 E2 F2400
;WIDTH:0.404381
G1 F1500
G1 X-32.736 Y-29.544 E2.03119
;WIDTH:0.45
G1 X-32.963 Y-29.272 E2.04823
G1 X-38.669 Y-23.566 E2.43635
G1 X-38.533 Y-23.157 E2.45708
G1 X-33.276 Y-28.414 E2.81465
G1 X-33.09 Y-28.656 E2.82933
;WIDTH:0.404381
G1 X-33.131 Y-28.645 E2.83113
G1 X-33.15 Y-28.716 E2.83425
G1 X-33.079 Y-28.697 E2.83737
G1 X-33.287 Y-27.857 F7200
;WIDTH:0.45
G1 F1500
G1 X-38.433 Y-22.711 E3.18739
G1 X-38.384 Y-22.215 E3.21136
G1 X-33.232 Y-27.367 E3.56179
G1 X-33.081 Y-26.972 E3.58213
G1 X-38.366 Y-21.687 E3.94161
G1 X-38.366 Y-21.142 E3.96782
G1 X-32.911 Y-26.597 E4.33886
G1 X-32.669 Y-26.293 E4.35755
G1 X-38.366 Y-20.597 E4.74502
G1 X-38.366 Y-20.051 E4.77128
G1 X-32.417 Y-26.001 E5.17596
G1 X-32.096 Y-25.776 E5.19481
G1 X-38.366 Y-19.506 E5.62129
G1 X-38.366 Y-18.96 E5.64755
G1 X-31.75 Y-25.577 E6.0976
G1 X-31.339 Y-25.442 E6.11841
G1 X-38.366 Y-18.415 E6.59638
G1 X-38.366 Y-17.87 E6.62259
G1 X-30.885 Y-25.351 E7.13144
G1 X-30.314 Y-25.377 E7.15893
G1 X-38.366 Y-17.324 E7.70665
G1 X-38.366 Y-16.779 E7.73286
G1 X-29.567 Y-25.579 E8.33139
G1 X-29.294 Y-25.784 E8.34781
;WIDTH:0.404381
G1 X-28.905 Y-26.111 E8.36936
G1 X-28.432 Y-26.636 E8.39933
;WIDTH:0.45
G1 X-28.236 Y-26.909 E8.41549
G1 X-23.442 Y-31.704 E8.74161
G1 X-22.896 Y-31.704 E8.76787
G1 X-38.366 Y-16.234 E9.82012
G1 X-38.366 Y-15.688 E9.84638
G1 X-22.351 Y-31.704 E10.93573
G1 X-21.806 Y-31.704 E10.96194
G1 X-38.366 Y-15.143 E12.08836
G1 X-38.366 Y-14.598 E12.11457
G1 X-21.26 Y-31.704 E13.2781
G1 X-20.715 Y-31.704 E13.30431
G1 X-38.366 Y-14.052 E14.50494
G1 X-38.366 Y-13.507 E14.53115
G1 X-20.17 Y-31.704 E15.76885
G1 X-19.624 Y-31.704 E15.79511
G1 X-38.366 Y-12.962 E17.06992
G1 X-38.366 Y-12.416 E17.09618
G1 X-19.079 Y-31.704 E18.40809
G1 X-18.534 Y-31.704 E18.4343
G1 X-38.366 Y-11.871 E19.78328
G1 X-38.366 Y-11.326 E19.80949
G1 X-17.988 Y-31.704 E21.19558
G1 X-17.443 Y-31.704 E21.22179
G1 X-38.366 Y-10.78 E22.64498
G1 X-38.366 Y-10.235 E22.67119
G1 X-16.897 Y-31.704 E24.13148
G1 X-16.352 Y-31.704 E24.15769
G1 X-38.366 Y-9.69 E25.65505
G1 X-38.438 Y-8.883 F7200
;WIDTH:0.404381
G1 F1500
G1 X-38.509 Y-8.902 E25.65817
G1 X-38.49 Y-8.83 E25.66133
G1 X-38.449 Y-8.841 E25.66313
;WIDTH:0.45
G1 X-38.366 Y-9.144 E25.67824
G1 X-15.807 Y-31.704 E27.21271
G1 X-15.261 Y-31.704 E27.23897
G1 X-26.618 Y-20.348 E28.01143
G1 X-26.89 Y-20.179 E28.02683
;WIDTH:0.404381
G1 X-26.692 Y-20.172 E28.03523
G1 X-25.932 Y-20.488 F7200
;WIDTH:0.45
G1 F1500
G1 X-14.716 Y-31.704 E28.79813
G1 X-14.171 Y-31.704 E28.82434
G1 X-25.392 Y-20.482 E29.58761
G1 X-24.914 Y-20.415 E29.61082
G1 X-13.625 Y-31.704 E30.37868
G1 X-13.08 Y-31.704 E30.40489
G1 X-24.491 Y-20.293 E31.18105
G1 E29.18105 F2400
G92 E0
G1 Z2.65 F7200
G1 X-28.573 Y-18.455
G1 Z.65
G1 E2 F2400
;WIDTH:0.404381
G1 F1500
G1 X-28.644 Y-18.474 E2.00312
G1 X-28.625 Y-18.403 E2.00624
G1 X-28.584 Y-18.414 E2.00804
;WIDTH:0.45
G1 X-28.794 Y-18.171 E2.02349
G1 X-38.366 Y-8.599 E2.67457
G1 X-38.366 Y-8.054 E2.70078
G1 X-28.917 Y-17.503 E3.34349
G1 X-28.937 Y-16.937 E3.37073
G1 X-38.366 Y-7.508 E4.01208
G1 X-38.366 Y-6.963 E4.03829
G1 X-28.937 Y-16.392 E4.67964
G1 X-28.937 Y-15.847 E4.70585
G1 X-38.366 Y-6.417 E5.34723
G1 X-38.366 Y-5.872 E5.37344
G1 X-28.937 Y-15.301 E6.01479
G1 X-28.937 Y-14.756 E6.041
G1 X-38.366 Y-5.327 E6.68235
G1 X-38.366 Y-4.781 E6.70861
G1 X-28.937 Y-14.211 E7.34999
G1 X-28.937 Y-13.665 E7.37625
G1 X-38.366 Y-4.236 E8.0176
G1 X-38.366 Y-3.691 E8.04381
G1 X-28.937 Y-13.12 E8.68516
G1 X-28.937 Y-12.574 E8.71142
G1 X-38.366 Y-3.145 E9.35277
G1 X-38.366 Y-2.6 E9.37898
G1 X-28.937 Y-12.029 E10.02033
G1 X-28.937 Y-11.484 E10.04654
G1 X-38.366 Y-2.055 E10.68789
G1 X-38.366 Y-1.509 E10.71415
G1 X-28.937 Y-10.938 E11.3555
G1 X-28.937 Y-10.393 E11.38171
G1 X-38.366 Y-.964 E12.02306
G1 X-38.366 Y-.419 E12.04927
G1 X-28.937 Y-9.848 E12.69062
G1 X-28.937 Y-9.302 E12.71688
G1 X-38.366 Y.127 E13.35823
G1 X-38.366 Y.672 E13.38444
G1 X-28.937 Y-8.757 E14.02579
G1 X-28.937 Y-8.212 E14.052
G1 X-38.366 Y1.217 E14.69335
G1 X-38.366 Y1.763 E14.71961
G1 X-28.937 Y-7.666 E15.36096
G1 X-28.937 Y-7.121 E15.38717
G1 X-38.366 Y2.308 E16.02852
G1 X-38.366 Y2.853 E16.05473
G1 X-28.937 Y-6.576 E16.69608
G1 X-28.937 Y-6.03 E16.72234
G1 X-38.366 Y3.399 E17.36369
G1 X-38.366 Y3.944 E17.3899
G1 X-28.937 Y-5.485 E18.03125
G1 X-28.937 Y-4.94 E18.05746
G1 X-38.366 Y4.489 E18.69881
G1 X-38.366 Y5.035 E18.72507
G1 X-28.937 Y-4.394 E19.36642
G1 X-28.937 Y-3.849 E19.39263
G1 X-38.366 Y5.58 E20.03398
G1 X-38.366 Y6.126 E20.06024
G1 X-28.937 Y-3.304 E20.70162
G1 X-28.937 Y-2.758 E20.72788
G1 X-38.366 Y6.671 E21.36923
G1 X-38.366 Y7.216 E21.39544
G1 X-28.937 Y-2.213 E22.03679
G1 X-28.937 Y-1.668 E22.063
G1 X-38.366 Y7.762 E22.70438
G1 X-38.366 Y8.307 E22.73059
G1 X-28.937 Y-1.122 E23.37194
G1 X-28.937 Y-.577 E23.39815
G1 X-38.366 Y8.852 E24.0395
G1 X-38.366 Y9.398 E24.06576
G1 X-28.937 Y-.031 E24.70711
G1 X-28.937 Y.514 E24.73332
G1 X-38.366 Y9.943 E25.37467
G1 X-38.366 Y10.488 E25.40088
G1 X-28.937 Y1.059 E26.04223
G1 X-28.937 Y1.605 E26.06849
G1 X-38.366 Y11.034 E26.70984
G1 X-38.366 Y11.579 E26.73605
G1 X-28.937 Y2.15 E27.3774
G1 X-28.937 Y2.695 E27.40361
G1 X-38.366 Y12.124 E28.04496
G1 X-38.366 Y12.67 E28.07122
G1 X-28.937 Y3.241 E28.71257
G1 X-28.937 Y3.786 E28.73878
G1 X-38.366 Y13.215 E29.38013
G1 X-38.366 Y13.76 E29.40634
G1 X-28.937 Y4.331 E30.04769
G1 X-28.937 Y4.877 E30.07395
G1 X-38.366 Y14.306 E30.7153
G1 X-38.366 Y14.851 E30.74151
G1 X-28.937 Y5.422 E31.38286
G1 X-28.937 Y5.967 E31.40907
G1 X-38.366 Y15.396 E32.05042
G1 X-38.366 Y15.942 E32.07668
G1 X-28.937 Y6.513 E32.71803
G1 X-28.937 Y7.058 E32.74424
G1 X-38.366 Y16.487 E33.38559
G1 X-38.366 Y17.032 E33.4118
G1 X-28.937 Y7.603 E34.05315
G1 X-28.937 Y8.149 E34.07941
G1 X-38.366 Y17.578 E34.72076
G1 X-38.366 Y18.123 E34.74697
G1 X-28.937 Y8.694 E35.38832
G1 X-28.937 Y9.239 E35.41453
G1 X-38.366 Y18.669 E36.05591
G1 X-38.366 Y19.214 E36.08212
G1 X-28.937 Y9.785 E36.72347
G1 X-28.931 Y10.324 E36.7494
G1 X-38.366 Y19.759 E37.39116
G1 X-38.366 Y20.305 E37.41742
G1 X-28.883 Y10.821 E38.06248
G1 X-28.767 Y11.25 E38.08385
G1 X-38.366 Y20.85 E38.7368
G1 X-38.391 Y21.42 E38.76424
G1 X-28.615 Y11.644 E39.42919
G1 X-28.42 Y11.995 E39.4485
G1 X-38.504 Y22.078 E40.13437
G1 X-38.681 Y22.154 E40.14363
;WIDTH:0.404381
G1 X-38.675 Y22.351 E40.15199
G1 E38.15199 F2400
G92 E0
G1 Z2.65 F7200
G1 X-62.866 Y-15.729
G1 Z.65
G1 E2 F2400
;WIDTH:0.45
G1 F1500
G1 X-54.164 Y-24.432 E2.59193
G1 X-53.921 Y-24.705 E2.60951
;WIDTH:0.407719
G1 X-53.375 Y-25.254 E2.64267
G1 E.64267 F2400
G92 E0
G1 Z2.65 F7200
G1 X-54.538 Y-23.609
G1 Z.65
G1 E2 F2400
;WIDTH:0.404381
G1 F1500
G1 X-54.544 Y-23.393 E2.00916
;WIDTH:0.45
G1 X-54.713 Y-23.337 E2.01772
G1 X-62.866 Y-15.184 E2.57228
G1 X-62.866 Y-14.638 E2.59854
G1 X-54.878 Y-22.627 E3.14191
G1 X-54.935 Y-22.024 E3.17104
G1 X-62.866 Y-14.093 E3.7105
G1 X-62.866 Y-13.548 E3.73671
G1 X-54.937 Y-21.477 E4.27603
G1 X-54.937 Y-20.931 E4.30229
G1 X-62.866 Y-13.002 E4.84161
G1 X-62.866 Y-12.457 E4.86782
G1 X-54.937 Y-20.386 E5.40714
G1 X-54.937 Y-19.841 E5.43335
G1 X-62.866 Y-11.912 E5.97267
G1 X-62.866 Y-11.366 E5.99893
G1 X-54.937 Y-19.295 E6.53825
G1 X-54.937 Y-18.75 E6.56446
G1 X-62.866 Y-10.821 E7.10378
G1 X-62.866 Y-10.276 E7.12999
G1 X-54.937 Y-18.205 E7.66931
G1 X-54.937 Y-17.659 E7.69557
G1 X-62.866 Y-9.73 E8.23489
G1 X-62.866 Y-9.185 E8.2611
G1 X-54.937 Y-17.114 E8.80042
G1 X-54.937 Y-16.569 E8.82663
G1 X-62.866 Y-8.64 E9.36595
G1 X-62.866 Y-8.094 E9.39221
G1 X-54.937 Y-16.023 E9.93153
G1 X-54.937 Y-15.478 E9.95774
G1 X-62.866 Y-7.549 E10.49706
G1 X-62.866 Y-7.003 E10.52332
G1 X-54.937 Y-14.933 E11.06267
G1 X-54.937 Y-14.387 E11.08893
G1 X-62.866 Y-6.458 E11.62825
G1 X-62.866 Y-5.913 E11.65446
G1 X-54.937 Y-13.842 E12.19378
G1 X-54.937 Y-13.297 E12.21999
G1 X-62.866 Y-5.367 E12.75934
G1 X-62.866 Y-4.822 E12.78555
G1 X-54.937 Y-12.751 E13.32487
G1 X-54.937 Y-12.206 E13.35108
G1 X-62.866 Y-4.277 E13.8904
G1 X-62.866 Y-3.731 E13.91666
G1 X-54.937 Y-11.66 E14.45598
G1 X-54.937 Y-11.115 E14.48219
G1 X-62.866 Y-3.186 E15.02151
G1 X-62.866 Y-2.641 E15.04772
G1 X-54.937 Y-10.57 E15.58704
G1 X-54.937 Y-10.024 E15.6133
G1 X-62.866 Y-2.095 E16.15262
G1 X-62.866 Y-1.55 E16.17883
G1 X-54.937 Y-9.479 E16.71815
G1 X-54.937 Y-8.934 E16.74436
G1 X-62.866 Y-1.005 E17.28368
G1 X-62.866 Y-.459 E17.30994
G1 X-54.937 Y-8.388 E17.84926
G1 X-54.937 Y-7.843 E17.87547
G1 X-62.866 Y.086 E18.41479
G1 X-62.866 Y.631 E18.441
G1 X-54.937 Y-7.298 E18.98032
G1 X-54.937 Y-6.752 E19.00658
G1 X-62.866 Y1.177 E19.5459
G1 X-62.866 Y1.722 E19.57211
G1 X-54.937 Y-6.207 E20.11143
G1 X-54.937 Y-5.662 E20.13764
G1 X-62.866 Y2.267 E20.67696
G1 X-62.866 Y2.813 E20.70322
G1 X-54.937 Y-5.116 E21.24254
G1 X-54.937 Y-4.571 E21.26875
G1 X-62.866 Y3.358 E21.80807
G1 X-62.866 Y3.903 E21.83428
G1 X-54.937 Y-4.026 E22.3736
G1 X-54.937 Y-3.48 E22.39986
G1 X-62.866 Y4.449 E22.93918
G1 X-62.866 Y4.994 E22.96539
G1 X-54.937 Y-2.935 E23.50471
G1 X-54.937 Y-2.39 E23.53092
G1 X-62.866 Y5.54 E24.07027
G1 X-62.866 Y6.085 E24.09648
G1 X-54.937 Y-1.844 E24.6358
G1 X-54.937 Y-1.299 E24.66201
G1 X-62.866 Y6.63 E25.20133
G1 X-62.866 Y7.176 E25.22759
G1 X-54.937 Y-.754 E25.76694
G1 X-54.937 Y-.208 E25.7932
G1 X-62.866 Y7.721 E26.33252
G1 X-62.866 Y8.266 E26.35873
G1 X-54.937 Y.337 E26.89805
G1 X-54.937 Y.883 E26.92431
G1 X-62.866 Y8.812 E27.46363
G1 X-62.866 Y9.357 E27.48984
G1 X-54.937 Y1.428 E28.02916
G1 X-54.937 Y1.973 E28.05537
G1 X-62.866 Y9.902 E28.59469
G1 X-62.866 Y10.448 E28.62095
G1 X-54.937 Y2.519 E29.16027
G1 X-54.937 Y3.064 E29.18648
G1 X-62.866 Y10.993 E29.7258
G1 X-62.866 Y11.538 E29.75201
G1 X-54.937 Y3.609 E30.29133
G1 X-54.937 Y4.155 E30.31759
G1 X-62.866 Y12.084 E30.85691
G1 X-62.866 Y12.629 E30.88312
G1 X-54.937 Y4.7 E31.42244
G1 X-54.937 Y5.245 E31.44865
G1 X-62.866 Y13.174 E31.98797
G1 X-62.866 Y13.72 E32.01423
G1 X-54.937 Y5.791 E32.55355
G1 X-54.937 Y6.336 E32.57976
G1 X-62.866 Y14.265 E33.11908
G1 X-62.866 Y14.81 E33.14529
G1 X-54.937 Y6.881 E33.68461
G1 X-54.937 Y7.427 E33.71087
G1 X-62.866 Y15.356 E34.25019
G1 X-62.866 Y15.901 E34.2764
G1 X-54.937 Y7.972 E34.81572
G1 X-54.937 Y8.517 E34.84193
G1 X-62.866 Y16.446 E35.38125
G1 X-62.866 Y16.992 E35.40751
G1 X-54.937 Y9.063 E35.94683
G1 X-54.937 Y9.608 E35.97304
G1 X-62.866 Y17.537 E36.51236
G1 X-62.866 Y18.083 E36.53862
G1 X-54.937 Y10.153 E37.07797
G1 X-54.937 Y10.699 E37.10423
G1 X-62.866 Y18.628 E37.64355
G1 X-62.866 Y19.173 E37.66976
G1 X-54.937 Y11.244 E38.20908
G1 X-54.937 Y11.789 E38.23529
G1 X-62.866 Y19.719 E38.77464
G1 X-62.866 Y20.264 E38.80085
G1 X-54.937 Y12.335 E39.34017
G1 X-54.937 Y12.88 E39.36638
G1 X-62.866 Y20.809 E39.9057
G1 X-62.866 Y21.355 E39.93196
G1 X-54.937 Y13.426 E40.47128
G1 X-54.937 Y13.971 E40.49749
G1 X-62.866 Y21.9 E41.03681
G1 X-62.866 Y22.445 E41.06302
G1 X-54.937 Y14.516 E41.60234
G1 X-54.937 Y15.062 E41.6286
G1 X-62.866 Y22.991 E42.16792
G1 X-62.866 Y23.536 E42.19413
G1 X-54.937 Y15.607 E42.73345
G1 X-54.937 Y16.152 E42.75966
G1 X-62.866 Y24.081 E43.29898
G1 X-62.866 Y24.627 E43.32524
G1 X-54.937 Y16.698 E43.86456
G1 X-54.937 Y17.243 E43.89077
G1 X-62.866 Y25.172 E44.43009
G1 X-62.866 Y25.717 E44.4563
G1 X-54.937 Y17.788 E44.99562
G1 X-54.937 Y18.334 E45.02188
G1 X-62.866 Y26.263 E45.5612
G1 X-62.866 Y26.808 E45.58741
G1 X-54.937 Y18.879 E46.12673
G1 X-54.937 Y19.424 E46.15294
G1 X-62.866 Y27.353 E46.69226
G1 X-62.866 Y27.899 E46.71852
G1 X-54.937 Y19.97 E47.25784
G1 X-54.937 Y20.515 E47.28405
G1 X-62.866 Y28.444 E47.82337
G1 X-62.866 Y28.989 E47.84958
G1 X-54.934 Y21.057 E48.3891
G1 X-54.897 Y21.566 E48.41365
G1 X-62.866 Y29.535 E48.95569
G1 X-62.866 Y30.08 E48.9819
G1 X-54.807 Y22.02 E49.5301
G1 X-54.681 Y22.44 E49.55119
G1 X-62.866 Y30.626 E50.10796
G1 X-62.943 Y30.832 E50.11854
;WIDTH:0.404381
G1 X-63.014 Y30.813 E50.12166
G1 X-62.995 Y30.884 E50.12478
G1 X-62.954 Y30.873 E50.12658
;WIDTH:0.45
G1 X-62.421 Y30.725 E50.15319
G1 X-54.524 Y22.829 E50.6903
G1 X-54.339 Y23.188 E50.70972
G1 X-61.875 Y30.725 E51.22234
G1 X-61.33 Y30.725 E51.24855
G1 X-54.118 Y23.513 E51.7391
G1 X-53.877 Y23.818 E51.7578
G1 X-60.785 Y30.725 E52.22764
G1 X-60.239 Y30.725 E52.2539
G1 X-53.616 Y24.102 E52.70439
G1 X-53.321 Y24.352 E52.72299
G1 X-59.694 Y30.725 E53.15647
G1 X-59.149 Y30.725 E53.18268
G1 X-53.004 Y24.581 E53.60062
G1 X-52.666 Y24.788 E53.61968
G1 X-58.603 Y30.725 E54.02351
G1 X-58.058 Y30.725 E54.04972
G1 X-52.295 Y24.962 E54.44171
G1 X-51.894 Y25.107 E54.46222
G1 X-57.513 Y30.725 E54.84438
G1 X-56.967 Y30.725 E54.87064
G1 X-51.453 Y25.211 E55.2457
G1 X-50.969 Y25.272 E55.26916
G1 X-56.422 Y30.725 E55.64007
G1 X-55.877 Y30.725 E55.66628
G1 X-50.448 Y25.296 E56.03555
G1 X-49.902 Y25.296 E56.06181
G1 X-55.331 Y30.725 E56.43108
G1 X-54.786 Y30.725 E56.45729
G1 X-49.357 Y25.296 E56.82656
G1 X-48.811 Y25.296 E56.85282
G1 X-54.241 Y30.725 E57.22213
G1 X-53.695 Y30.725 E57.24839
G1 X-48.266 Y25.296 E57.61766
G1 X-47.721 Y25.296 E57.64387
G1 X-53.15 Y30.725 E58.01314
G1 X-52.605 Y30.725 E58.03935
G1 X-47.175 Y25.296 E58.40866
G1 X-46.63 Y25.296 E58.43487
G1 X-52.059 Y30.725 E58.80414
G1 X-51.514 Y30.725 E58.83035
G1 X-46.085 Y25.296 E59.19962
G1 X-45.539 Y25.296 E59.22588
G1 X-50.968 Y30.725 E59.59515
G1 X-50.423 Y30.725 E59.62136
G1 X-44.994 Y25.296 E59.99063
G1 X-44.449 Y25.296 E60.01684
G1 X-49.878 Y30.725 E60.38611
G1 X-49.332 Y30.725 E60.41237
G1 X-43.903 Y25.296 E60.78164
G1 X-43.358 Y25.296 E60.80785
G1 X-48.787 Y30.725 E61.17712
G1 X-48.242 Y30.725 E61.20333
G1 X-42.813 Y25.296 E61.5726
G1 X-42.237 Y25.266 E61.60034
G1 X-47.696 Y30.725 E61.97165
G1 X-47.151 Y30.725 E61.99786
G1 X-41.577 Y25.152 E62.37696
G1 X-41.277 Y25.017 E62.39278
;WIDTH:0.404381
G1 X-41.318 Y25.028 E62.39458
G1 X-41.337 Y24.957 E62.3977
G1 X-41.266 Y24.976 E62.40082
;WIDTH:0.45
G1 X-40.699 Y24.819 E62.42912
G1 X-46.606 Y30.725 E62.83087
G1 E60.83087 F2400
G92 E0
G1 Z2.65 F7200
G1 X-40.427 Y24.609
G1 Z.65
G1 E2 F2400
;WIDTH:0.404381
G1 F1500
G1 X-39.648 Y23.916 E2.04421
G1 X-39.303 Y23.543 E2.06576
G1 X-39.069 Y23.251 E2.08163
;WIDTH:0.45
G1 X-38.859 Y22.978 E2.0982
G1 X-28.188 Y12.307 E2.82403
G1 X-27.935 Y12.6 E2.84265
G1 X-46.06 Y30.725 E4.07549
G1 X-45.515 Y30.725 E4.1017
G1 X-27.636 Y12.847 E5.31777
G1 X-27.309 Y13.065 E5.33667
G1 X-44.97 Y30.725 E6.53792
G1 X-44.122 Y30.868 F7200
;WIDTH:0.404381
G1 F1500
G1 X-44.163 Y30.879 E6.53972
G1 X-44.182 Y30.808 E6.54284
G1 X-44.111 Y30.827 E6.54596
;WIDTH:0.45
G1 X-44.424 Y30.725 E6.56179
G1 X-26.954 Y13.255 E7.75008
G1 X-26.546 Y13.393 E7.7708
G1 X-31.753 Y18.599 E8.12494
G1 X-32.026 Y18.812 E8.14159
;WIDTH:0.404381
G1 X-32.316 Y19.045 E8.15737
G1 X-32.854 Y19.631 E8.19111
;WIDTH:0.45
G1 X-33.058 Y19.904 E8.2075
G1 X-43.879 Y30.725 E8.94353
G1 X-43.334 Y30.725 E8.96974
G1 X-33.283 Y20.675 E9.65336
G1 X-33.107 Y20.432 E9.66779
;WIDTH:0.404381
G1 X-33.148 Y20.443 E9.66959
G1 X-33.167 Y20.372 E9.67271
G1 X-33.096 Y20.391 E9.67583
G1 X-33.291 Y21.228 F7200
;WIDTH:0.45
G1 F1500
G1 X-42.788 Y30.725 E10.3218
G1 X-42.243 Y30.725 E10.34801
G1 X-33.206 Y21.689 E10.96266
G1 X-33.062 Y22.09 E10.98315
G1 X-41.698 Y30.725 E11.57053
G1 X-41.152 Y30.725 E11.59679
G1 X-32.88 Y22.453 E12.15944
G1 X-32.632 Y22.751 E12.17809
G1 X-40.607 Y30.725 E12.72051
G1 X-40.062 Y30.725 E12.74672
G1 X-32.37 Y23.034 E13.26989
G1 X-32.042 Y23.251 E13.28881
G1 X-39.516 Y30.725 E13.79718
G1 X-38.971 Y30.725 E13.82339
G1 X-31.689 Y23.443 E14.3187
G1 X-31.278 Y23.578 E14.33951
G1 X-38.426 Y30.725 E14.82567
G1 X-37.88 Y30.725 E14.85193
G1 X-30.804 Y23.649 E15.33323
G1 X-30.217 Y23.607 E15.36153
G1 X-37.335 Y30.725 E15.84569
G1 X-36.789 Y30.725 E15.87195
G1 X-29.379 Y23.315 E16.37597
G1 E14.37597 F2400
G92 E0
G1 Z2.65 F7200
G1 X-31.249 Y18.568
G1 Z.65
G1 E2 F2400
;WIDTH:0.404381
G1 F1500
G1 X-31.29 Y18.579 E2.0018
G1 X-31.309 Y18.508 E2.00492
G1 X-31.238 Y18.527 E2.00804
;WIDTH:0.45
G1 X-31.007 Y18.398 E2.02077
G1 X-26.101 Y13.492 E2.35447
G1 X-25.586 Y13.523 E2.37928
G1 X-30.433 Y18.369 E2.70893
G1 X-29.971 Y18.453 E2.73151
G1 X-24.97 Y13.453 E3.07164
G1 X-24.7 Y13.291 E3.08678
;WIDTH:0.404381
G1 X-24.787 Y13.269 E3.09059
G1 E1.09059 F2400
G92 E0
G1 Z2.65 F7200
G1 X-22.251 Y11.48
G1 Z.65
G1 E2 F2400
G1 F1500
G1 X-23.831 Y12.914 E2.09048
;WIDTH:0.45
G1 X-24.104 Y13.131 E2.10725
G1 X-29.57 Y18.598 E2.47907
G1 X-29.218 Y18.791 E2.49838
G1 X-21.238 Y10.811 E3.04117
G1 X-20.965 Y10.56 E3.05901
;WIDTH:0.418885
G1 X-18.74 Y8.514 E3.19266
G1 E1.19266 F2400
G92 E0
G1 Z2.65 F7200
G1 X-15.229 Y5.549
G1 Z.65
G1 E2 F2400
G1 F1500
G1 X-17.454 Y7.595 E2.13365
;WIDTH:0.45
G1 X-17.727 Y7.845 E2.15145
G1 X-28.899 Y19.017 E2.91136
G1 X-28.644 Y19.307 E2.92993
G1 X-14.216 Y4.88 E3.91127
G1 X-13.943 Y4.629 E3.92911
;WIDTH:0.418885
G1 X-11.718 Y2.583 E4.06276
G1 E2.06276 F2400
G92 E0
G1 Z2.65 F7200
G1 X-8.207 Y-.383
G1 Z.65
G1 E2 F2400
G1 F1500
G1 X-10.432 Y1.663 E2.13365
;WIDTH:0.45
G1 X-10.705 Y1.914 E2.15149
G1 X-28.4 Y19.61 E3.35512
G1 E1.35512 F2400
G92 E0
G1 Z2.65 F7200
G1 X-19.827 Y-24.491
G1 Z.65
G1 E2 F2400
;WIDTH:0.404381
G1 F1500
G1 X-19.312 Y-25.109 E2.03411
G1 X-18.838 Y-25.561 E2.06188
G1 X-18.49 Y-25.827 E2.08045
;WIDTH:0.45
G1 X-18.217 Y-26.022 E2.09659
G1 X-12.535 Y-31.704 E2.48307
G1 X-11.989 Y-31.704 E2.50933
G1 X-17.457 Y-26.236 E2.88126
G1 X-17.686 Y-26.094 E2.89422
;WIDTH:0.404381
G1 X-17.757 Y-26.113 E2.89734
G1 X-17.738 Y-26.042 E2.90046
G1 X-17.697 Y-26.053 E2.90226
G1 X-16.873 Y-26.275 F7200
;WIDTH:0.45
G1 F1500
G1 X-11.444 Y-31.704 E3.27153
G1 X-10.899 Y-31.704 E3.29774
G1 X-16.328 Y-26.275 E3.66701
G1 X-15.782 Y-26.275 E3.69327
G1 X-10.353 Y-31.704 E4.06254
G1 X-9.808 Y-31.704 E4.08875
G1 X-15.237 Y-26.275 E4.45802
G1 X-14.692 Y-26.275 E4.48423
G1 X-9.263 Y-31.704 E4.8535
G1 X-8.717 Y-31.704 E4.87976
G1 X-14.146 Y-26.275 E5.24903
G1 X-13.601 Y-26.275 E5.27524
G1 X-8.172 Y-31.704 E5.64451
G1 X-7.627 Y-31.704 E5.67072
G1 X-13.056 Y-26.275 E6.03999
G1 X-12.51 Y-26.275 E6.06625
G1 X-7.081 Y-31.704 E6.43552
G1 X-6.536 Y-31.704 E6.46173
G1 X-11.965 Y-26.275 E6.831
G1 X-11.42 Y-26.275 E6.85721
G1 X-5.991 Y-31.704 E7.22648
G1 X-5.445 Y-31.704 E7.25274
G1 X-10.874 Y-26.275 E7.62201
G1 X-10.329 Y-26.275 E7.64822
G1 X-4.9 Y-31.704 E8.01749
G1 X-4.354 Y-31.704 E8.04375
G1 X-9.784 Y-26.275 E8.41306
G1 X-9.238 Y-26.275 E8.43932
G1 X-3.809 Y-31.704 E8.80859
G1 X-3.264 Y-31.704 E8.8348
G1 X-8.693 Y-26.275 E9.20407
G1 X-8.148 Y-26.275 E9.23028
G1 X-2.718 Y-31.704 E9.59959
G1 X-2.173 Y-31.704 E9.6258
G1 X-7.602 Y-26.275 E9.99507
G1 X-7.057 Y-26.275 E10.02128
G1 X-1.628 Y-31.704 E10.39055
G1 X-1.082 Y-31.704 E10.41681
G1 X-6.511 Y-26.275 E10.78608
G1 X-5.966 Y-26.275 E10.81229
G1 X-.537 Y-31.704 E11.18156
G1 X.008 Y-31.704 E11.20777
G1 X-5.421 Y-26.275 E11.57704
G1 X-4.875 Y-26.275 E11.6033
G1 X.554 Y-31.704 E11.97257
G1 X1.099 Y-31.704 E11.99878
G1 X-4.33 Y-26.275 E12.36805
G1 X-3.785 Y-26.275 E12.39426
G1 X1.644 Y-31.704 E12.76353
G1 X2.19 Y-31.704 E12.78979
G1 X-3.239 Y-26.275 E13.15906
G1 X-2.694 Y-26.275 E13.18527
G1 X2.735 Y-31.704 E13.55454
G1 X3.28 Y-31.704 E13.58075
G1 X-2.149 Y-26.275 E13.95002
G1 X-1.603 Y-26.275 E13.97628
G1 X3.826 Y-31.704 E14.34555
G1 X4.371 Y-31.704 E14.37176
G1 X-1.058 Y-26.275 E14.74103
G1 X-.513 Y-26.275 E14.76724
G1 X4.916 Y-31.704 E15.13651
G1 X5.462 Y-31.704 E15.16277
G1 X.033 Y-26.275 E15.53204
G1 X.578 Y-26.275 E15.55825
G1 X6.007 Y-31.704 E15.92752
G1 X6.552 Y-31.704 E15.95373
G1 X1.123 Y-26.275 E16.323
G1 X1.669 Y-26.275 E16.34926
G1 X7.098 Y-31.704 E16.71853
G1 X7.643 Y-31.704 E16.74474
G1 X2.214 Y-26.275 E17.11401
G1 X2.759 Y-26.275 E17.14022
G1 X8.189 Y-31.704 E17.50953
G1 X8.734 Y-31.704 E17.53574
G1 X3.305 Y-26.275 E17.90501
G1 X3.85 Y-26.275 E17.93122
G1 X9.279 Y-31.704 E18.30049
G1 X9.825 Y-31.704 E18.32675
G1 X4.395 Y-26.275 E18.69606
G1 X4.941 Y-26.275 E18.72232
G1 X10.37 Y-31.704 E19.09159
G1 X10.915 Y-31.704 E19.1178
G1 X5.486 Y-26.275 E19.48707
G1 X6.032 Y-26.275 E19.51333
G1 X11.461 Y-31.704 E19.8826
G1 X12.006 Y-31.704 E19.90881
G1 X6.577 Y-26.275 E20.27808
G1 X7.122 Y-26.275 E20.30429
G1 X12.551 Y-31.704 E20.67356
G1 X13.097 Y-31.704 E20.69982
G1 X7.668 Y-26.275 E21.06909
G1 X8.213 Y-26.275 E21.0953
G1 X13.642 Y-31.704 E21.46457
G1 X14.187 Y-31.704 E21.49078
G1 X8.758 Y-26.275 E21.86005
G1 X9.304 Y-26.275 E21.88631
G1 X14.733 Y-31.704 E22.25558
G1 X15.278 Y-31.704 E22.28179
G1 X9.849 Y-26.275 E22.65106
G1 X10.394 Y-26.275 E22.67727
G1 X15.823 Y-31.704 E23.04654
G1 X16.369 Y-31.704 E23.0728
G1 X10.94 Y-26.275 E23.44207
G1 X11.485 Y-26.275 E23.46828
G1 X16.914 Y-31.704 E23.83755
G1 X17.459 Y-31.704 E23.86376
G1 X12.03 Y-26.275 E24.23303
G1 X12.576 Y-26.275 E24.25929
G1 X18.005 Y-31.704 E24.62856
G1 X18.55 Y-31.704 E24.65477
G1 X13.121 Y-26.275 E25.02404
G1 X13.666 Y-26.275 E25.05025
G1 X19.095 Y-31.704 E25.41952
G1 X19.641 Y-31.704 E25.44578
G1 X14.169 Y-26.232 E25.81798
G1 X14.617 Y-26.135 E25.84003
G1 X20.186 Y-31.704 E26.21883
G1 X20.732 Y-31.704 E26.24509
G1 X15.011 Y-25.983 E26.63423
G1 X15.368 Y-25.794 E26.65366
G1 X21.277 Y-31.704 E27.05562
G1 X21.822 Y-31.704 E27.08183
G1 X15.693 Y-25.575 E27.49872
G1 X15.988 Y-25.325 E27.51732
G1 X22.368 Y-31.704 E27.95125
G1 X22.913 Y-31.704 E27.97746
G1 X16.24 Y-25.031 E28.43135
G1 X16.471 Y-24.716 E28.45014
G1 X23.458 Y-31.704 E28.92542
G1 X24.004 Y-31.704 E28.95168
G1 X16.645 Y-24.345 E29.45223
G1 X16.808 Y-23.963 E29.47221
G1 X24.549 Y-31.704 E29.99874
G1 X25.094 Y-31.704 E30.02495
G1 X16.911 Y-23.52 E30.58158
G1 X16.953 Y-23.017 E30.60586
G1 X25.64 Y-31.704 E31.19674
G1 X26.185 Y-31.704 E31.22295
G1 X16.908 Y-22.426 E31.85399
G1 X16.725 Y-22.35 E31.86352
;WIDTH:0.404381
G1 X16.746 Y-22.154 E31.87188
G1 E29.87188 F2400
G92 E0
G1 Z2.65 F7200
G1 X-20.02 Y-24.218
G1 Z.65
G1 E2 F2400
;WIDTH:0.45
G1 F1500
G1 X-24.121 Y-20.118 E2.27891
G1 X-23.784 Y-19.909 E2.29798
G1 X-20.234 Y-23.459 E2.53945
G1 X-20.055 Y-23.699 E2.55385
;WIDTH:0.404381
G1 X-20.096 Y-23.688 E2.55565
G1 X-20.115 Y-23.759 E2.55877
G1 X-20.044 Y-23.74 E2.56189
G1 X-20.261 Y-22.887 F7200
;WIDTH:0.45
G1 F1500
G1 X-23.472 Y-19.676 E2.7803
G1 X-23.176 Y-19.427 E2.7989
G1 X-20.212 Y-22.391 E3.00051
G1 X-20.098 Y-21.96 E3.02195
G1 X-22.88 Y-19.177 E3.21121
G1 X-22.585 Y-18.927 E3.22981
G1 X-19.937 Y-21.575 E3.40992
G1 X-19.533 Y-20.92 E3.44693
G1 X-19.103 Y-20.477 E3.47662
G1 X-3.774 Y-7.527 E4.44177
G1 X-3.575 Y-7.398 E4.45318
G1 X-6.334 Y-4.639 E4.64084
G1 X-6.578 Y-5.171 E4.66899
G1 X-6.863 Y-5.572 E4.69265
G1 X-7.282 Y-6.001 E4.72149
G1 X-22.289 Y-18.677 E5.6663
G1 X-19.874 Y-21.092 E5.83057
G1 X-19.79 Y-20.631 E5.85311
G1 X-19.352 Y-20.183 E5.88324
G1 X-4.165 Y-7.352 E6.83948
G1 X-6.213 Y-5.305 E6.97875
G1 X-6.587 Y-5.841 E7.01019
G1 X-7.033 Y-6.296 E7.04083
G1 X-21.72 Y-18.701 E7.96547
G1 X-19.926 Y-20.495 E8.0875
G1 X-19.795 Y-20.081 E8.10839
G1 X-19.601 Y-19.888 E8.12155
G1 X-4.735 Y-7.329 E9.05755
G1 X-6.154 Y-5.909 E9.1541
G1 X-6.31 Y-6.11 E9.16634
G1 X-6.784 Y-6.59 E9.19879
G1 X-21.15 Y-18.725 E10.10326
G1 X-19.931 Y-19.945 E10.18621
G1 X-19.789 Y-19.542 E10.20676
G1 X-5.304 Y-7.305 E11.11877
G1 X-6.13 Y-6.478 E11.17499
G1 X-6.535 Y-6.885 E11.20261
G1 X-20.581 Y-18.749 E12.08691
G1 X-19.925 Y-19.405 E12.13153
G1 X-19.767 Y-19.032 E12.15101
;WIDTH:0.430019
G1 X-5.858 Y-7.282 E12.98136
;WIDTH:0.429781
G1 X-6.127 Y-7.013 E12.9987
G1 X-6.293 Y-7.172 E13.00918
;WIDTH:0.430019
G1 X-20.027 Y-18.773 E13.82905
G1 X-19.904 Y-18.896 E13.83698
G1 E11.83698 F2400
G92 E0
G1 Z2.65 F7200
G1 X-6.201 Y-4.226
G1 Z.65
G1 E2 F2400
;WIDTH:0.45
G1 F1500
G1 X-3.238 Y-7.189 E2.20154
G1 X-2.888 Y-6.993 E2.22083
G1 X-6.13 Y-3.751 E2.44135
G1 X-6.136 Y-3.2 E2.46785
G1 X-2.459 Y-6.877 E2.71795
G1 X-2.017 Y-6.774 E2.73978
G1 X-6.268 Y-2.523 E3.02893
G1 X-6.432 Y-2.508 E3.03685
;WIDTH:0.404381
G1 X-6.46 Y-2.397 E3.0417
G1 X-6.44 Y-2.25 E3.04799
G1 E1.04799 F2400
G92 E0
G1 Z2.65 F7200
G1 X-1.49 Y-6.755
G1 Z.65
G1 E2 F2400
;WIDTH:0.45
G1 F1500
G1 X-28.226 Y19.98 E3.81852
G1 X-28.078 Y20.377 E3.8389
G1 X-.813 Y-6.887 E5.6934
G1 E3.6934 F2400
G92 E0
G1 Z2.65 F7200
G1 X2.34 Y-9.294
G1 Z.65
G1 E2 F2400
;WIDTH:0.404381
G1 F1500
G1 X.471 Y-7.575 E2.10768
;WIDTH:0.45
G1 X.199 Y-7.354 E2.12454
G1 X-28.015 Y20.86 E4.04362
G1 X-28.153 Y21.719 F7200
;WIDTH:0.404381
G1 F1500
G1 X-28.194 Y21.73 E4.04542
G1 X-28.214 Y21.659 E4.04855
G1 X-28.142 Y21.678 E4.05171
;WIDTH:0.45
G1 X-28.026 Y21.417 E4.06545
G1 X3.356 Y-9.965 E6.20001
G1 X3.629 Y-10.216 E6.21785
;WIDTH:0.418985
G1 X5.862 Y-12.27 E6.35204
G1 E4.35204 F2400
G92 E0
G1 Z2.65 F7200
G1 X9.384 Y-15.247
G1 Z.65
G1 E2 F2400
G1 F1500
G1 X7.15 Y-13.193 E2.13422
;WIDTH:0.45
G1 X6.878 Y-12.942 E2.15202
G1 X-28.302 Y22.238 E4.54492
G1 X-28.524 Y22.51 E4.56181
;WIDTH:0.404381
G1 X-29.107 Y23.103 E4.59707
G1 E2.59707 F2400
G92 E0
G1 Z2.65 F7200
G1 X-36.244 Y30.725
G1 Z.65
G1 E2 F2400
;WIDTH:0.45
G1 F1500
G1 X-19.7 Y14.181 E3.1253
G1 X-19.465 Y13.909 E3.14259
;WIDTH:0.418893
G1 X-18.824 Y13.283 E3.18221
;WIDTH:0.45
G1 X-18.551 Y13.032 E3.20005
G1 X10.4 Y-15.918 E5.16923
G1 X10.672 Y-16.169 E5.18703
;WIDTH:0.418985
G1 X12.906 Y-18.223 E5.32125
G1 X13.921 Y-18.895 F7200
;WIDTH:0.45
G1 F1500
G1 X-15.039 Y10.065 E7.29107
G1 X-15.312 Y10.316 E7.30891
;WIDTH:0.418893
G1 X-17.538 Y12.363 E7.44263
G1 E5.44263 F2400
G92 E0
G1 Z2.65 F7200
G1 X-20.158 Y15.185
G1 Z.65
G1 E2 F2400
;WIDTH:0.45
G1 F1500
G1 X-35.699 Y30.725 E3.05705
G1 X-35.153 Y30.725 E3.08331
G1 X-20.259 Y15.831 E4.09638
G1 X-20.252 Y16.37 E4.12231
G1 X-34.608 Y30.725 E5.09875
G1 X-34.063 Y30.725 E5.12496
G1 X-20.165 Y16.828 E6.07025
G1 X-20.029 Y17.237 E6.09098
G1 X-33.517 Y30.725 E7.00842
G1 X-32.972 Y30.725 E7.03463
G1 X-19.848 Y17.601 E7.92731
G1 X-19.639 Y17.937 E7.94634
G1 X-32.427 Y30.725 E8.81616
G1 X-31.881 Y30.725 E8.84242
G1 X-19.391 Y18.235 E9.69197
G1 X-19.112 Y18.502 E9.71054
G1 X-31.336 Y30.725 E10.54197
G1 X-30.791 Y30.725 E10.56818
G1 X-18.806 Y18.741 E11.38335
G1 X-18.463 Y18.943 E11.4025
G1 X-30.245 Y30.725 E12.2039
G1 X-29.7 Y30.725 E12.23011
G1 X-18.08 Y19.105 E13.02049
G1 X-17.654 Y19.224 E13.04176
G1 X-29.155 Y30.725 E13.82404
G1 X-28.609 Y30.725 E13.8503
G1 X-17.165 Y19.281 E14.62871
G1 X-16.636 Y19.298 E14.65417
G1 X-28.064 Y30.725 E15.43145
G1 X-27.519 Y30.725 E15.45766
G1 X-16.091 Y19.298 E16.23494
G1 X-15.546 Y19.298 E16.26115
G1 X-26.973 Y30.725 E17.0384
G1 X-26.428 Y30.725 E17.06461
G1 X-15 Y19.298 E17.84189
G1 X-14.455 Y19.298 E17.8681
G1 X-25.883 Y30.725 E18.64538
G1 X-25.337 Y30.725 E18.67164
G1 X-13.91 Y19.298 E19.44889
G1 X-13.364 Y19.298 E19.47515
G1 X-24.792 Y30.725 E20.25243
G1 X-24.246 Y30.725 E20.27869
G1 X-12.819 Y19.298 E21.05594
G1 X-12.274 Y19.298 E21.08215
G1 X-23.701 Y30.725 E21.8594
G1 X-23.156 Y30.725 E21.88561
G1 X-11.728 Y19.298 E22.66289
G1 X-11.183 Y19.298 E22.6891
G1 X-22.61 Y30.725 E23.46635
G1 X-22.065 Y30.725 E23.49256
G1 X-10.637 Y19.298 E24.26984
G1 X-10.092 Y19.298 E24.29605
G1 X-21.52 Y30.725 E25.07333
G1 X-20.974 Y30.725 E25.09959
G1 X-9.547 Y19.298 E25.87684
G1 X-9.001 Y19.298 E25.9031
G1 X-20.429 Y30.725 E26.68038
G1 X-19.884 Y30.725 E26.70659
G1 X-8.456 Y19.298 E27.48387
G1 X-7.911 Y19.298 E27.51008
G1 X-19.338 Y30.725 E28.28733
G1 X-18.793 Y30.725 E28.31354
G1 X-7.365 Y19.297 E29.09086
G1 X-6.82 Y19.297 E29.11707
G1 X-18.248 Y30.725 E29.89439
G1 X-17.702 Y30.725 E29.92065
G1 X-6.274 Y19.297 E30.69797
G1 X-5.729 Y19.297 E30.72418
G1 X-17.157 Y30.725 E31.5015
G1 X-16.612 Y30.725 E31.52771
G1 X-5.184 Y19.297 E32.30503
G1 X-4.638 Y19.297 E32.33129
G1 X-16.066 Y30.725 E33.10861
G1 X-15.521 Y30.725 E33.13482
G1 X-4.093 Y19.297 E33.91214
G1 X-3.548 Y19.297 E33.93835
G1 X-14.976 Y30.725 E34.71567
G1 X-14.43 Y30.725 E34.74193
G1 X-3.002 Y19.297 E35.51925
G1 X-2.457 Y19.297 E35.54546
G1 X-13.885 Y30.725 E36.32278
G1 X-13.34 Y30.725 E36.34899
G1 X-1.912 Y19.297 E37.12631
G1 X-1.366 Y19.297 E37.15257
G1 X-12.794 Y30.725 E37.92989
G1 X-12.249 Y30.725 E37.9561
G1 X-.821 Y19.297 E38.73342
G1 X-.275 Y19.297 E38.75968
G1 X-11.703 Y30.725 E39.537
G1 X-11.158 Y30.725 E39.56321
G1 X.27 Y19.297 E40.34053
G1 X.815 Y19.297 E40.36674
G1 X-10.613 Y30.725 E41.14406
G1 X-10.067 Y30.725 E41.17032
G1 X1.361 Y19.297 E41.94764
G1 X1.906 Y19.297 E41.97385
G1 X-9.522 Y30.725 E42.75117
G1 X-8.977 Y30.725 E42.77738
G1 X2.451 Y19.297 E43.5547
G1 X2.997 Y19.297 E43.58096
G1 X-8.431 Y30.725 E44.35828
G1 X-7.886 Y30.725 E44.38449
G1 X3.542 Y19.297 E45.16181
G1 X4.088 Y19.297 E45.18807
G1 X-7.341 Y30.725 E45.96542
G1 X-6.795 Y30.725 E45.99168
G1 X4.633 Y19.297 E46.769
G1 X5.178 Y19.297 E46.79521
G1 X-6.25 Y30.725 E47.57253
G1 X-5.705 Y30.725 E47.59874
G1 X5.724 Y19.297 E48.37609
G1 X6.269 Y19.297 E48.4023
G1 X-5.159 Y30.725 E49.17962
G1 X-4.614 Y30.725 E49.20583
G1 X6.814 Y19.297 E49.98315
G1 X7.36 Y19.297 E50.00941
G1 X-4.069 Y30.725 E50.78676
G1 X-3.523 Y30.725 E50.81302
G1 X7.905 Y19.297 E51.59034
G1 X8.45 Y19.297 E51.61655
G1 X-2.978 Y30.725 E52.39387
G1 X-2.433 Y30.725 E52.42008
G1 X8.996 Y19.297 E53.19743
G1 X9.541 Y19.297 E53.22364
G1 X-1.887 Y30.725 E54.00096
G1 X-1.342 Y30.725 E54.02717
G1 X10.087 Y19.297 E54.80452
G1 X10.632 Y19.297 E54.83073
G1 X-.797 Y30.725 E55.60808
G1 X-.251 Y30.725 E55.63434
G1 X11.177 Y19.297 E56.41166
G1 X11.723 Y19.297 E56.43792
G1 X.294 Y30.725 E57.21527
G1 X.84 Y30.725 E57.24153
G1 X12.268 Y19.297 E58.01885
G1 X12.813 Y19.297 E58.04506
G1 X1.385 Y30.725 E58.82238
G1 X1.93 Y30.725 E58.84859
G1 X13.359 Y19.297 E59.62594
G1 X13.924 Y19.277 E59.65313
G1 X2.476 Y30.725 E60.43181
G1 X3.021 Y30.725 E60.45802
G1 X14.594 Y19.152 E61.2452
G1 X15.692 Y18.6 F7200
G1 F1500
G1 X3.566 Y30.725 E62.06996
G1 E60.06996 F2400
G92 E0
G1 Z2.65 F7200
G1 X14.194 Y-19.146
G1 Z.65
G1 E2 F2400
;WIDTH:0.418983
G1 F1500
G1 X15.8 Y-20.623 E2.0965
;WIDTH:0.404381
G1 X16.373 Y-21.242 E2.13227
G1 X16.476 Y-21.379 E2.13954
;WIDTH:0.45
G1 X16.678 Y-21.652 E2.15587
G1 X26.73 Y-31.704 E2.83959
G1 X27.033 Y-31.787 E2.8547
;WIDTH:0.404381
G1 X26.992 Y-31.776 E2.8565
G1 X26.973 Y-31.847 E2.85962
G1 X27.044 Y-31.828 E2.86274
;WIDTH:0.45
G1 X27.276 Y-31.704 E2.87539
G1 X-11.527 Y7.099 E5.51472
G1 X-11.799 Y7.349 E5.53249
;WIDTH:0.418891
G1 X-14.026 Y9.396 E5.66624
G1 E3.66624 F2400
G92 E0
G1 Z2.65 F7200
G1 X-10.514 Y6.429
G1 Z.65
G1 E2 F2400
;WIDTH:0.418893
G1 F1500
G1 X-8.287 Y4.383 E2.13372
;WIDTH:0.45
G1 X-8.015 Y4.132 E2.15152
G1 X24.787 Y-28.67 E4.38267
G1 X24.994 Y-28.913 E4.39802
;WIDTH:0.404381
G1 X24.953 Y-28.902 E4.39982
G1 X24.934 Y-28.973 E4.40294
G1 X25.005 Y-28.954 E4.40606
G1 X24.711 Y-28.048 F7200
;WIDTH:0.45
G1 F1500
G1 X-4.503 Y1.165 E6.39313
G1 X-4.775 Y1.416 E6.41093
;WIDTH:0.418891
G1 X-7.002 Y3.463 E6.54468
G1 E4.54468 F2400
G92 E0
G1 Z2.65 F7200
G1 X-2.796 Y.159
G1 Z.65
G1 E2 F2400
;WIDTH:0.404381
G1 F1500
G1 X-2.919 Y.2 E2.0055
G1 X-3.07 Y.188 E2.01192
;WIDTH:0.45
G1 X-2.797 Y.005 E2.02773
G1 X24.736 Y-27.528 E3.90049
G1 X24.861 Y-27.108 E3.92157
G1 X-2.067 Y-.18 E5.75318
G1 X-1.711 Y-.109 E5.77064
;WIDTH:0.404381
G1 X-1.782 Y-.128 E5.77376
G1 X-1.763 Y-.057 E5.77688
G1 X-1.722 Y-.068 E5.77868
G1 E3.77868 F2400
G92 E0
G1 Z2.65 F7200
G1 X3.286 Y-5.055
G1 Z.65
G1 E2 F2400
G1 F1500
G1 X3.638 Y-5.495 E2.0239
G1 X4.052 Y-5.914 E2.04888
;WIDTH:0.418885
G1 X5.776 Y-7.5 E2.15246
;WIDTH:0.45
G1 X6.049 Y-7.75 E2.17026
G1 X25.016 Y-26.717 E3.46037
G1 X25.246 Y-26.402 E3.47913
G1 X9.56 Y-10.716 E4.54607
G1 X9.287 Y-10.466 E4.56387
;WIDTH:0.418885
G1 X7.062 Y-8.419 E4.69755
G1 E2.69755 F2400
G92 E0
G1 Z2.65 F7200
G1 X10.573 Y-11.385
G1 Z.65
G1 E2 F2400
G1 F1500
G1 X12.799 Y-13.431 E2.13368
;WIDTH:0.45
G1 X13.071 Y-13.682 E2.15148
G1 X25.489 Y-26.1 E2.99614
G1 X25.788 Y-25.854 E3.01476
G1 X16.583 Y-16.648 E3.64091
G1 X16.31 Y-16.397 E3.65875
;WIDTH:0.418885
G1 X14.084 Y-14.351 E3.79243
G1 E1.79243 F2400
G92 E0
G1 Z2.65 F7200
G1 X17.596 Y-17.317
G1 Z.65
G1 E2 F2400
G1 F1500
G1 X19.821 Y-19.363 E2.13365
;WIDTH:0.45
G1 X20.094 Y-19.614 E2.15149
G1 X26.129 Y-25.649 E2.56198
G1 X26.499 Y-25.474 E2.58167
G1 X21.375 Y-20.35 E2.9302
G1 X21.102 Y-20.176 E2.94577
;WIDTH:0.404381
G1 X21.249 Y-20.164 E2.95202
G1 X22.058 Y-20.488 F7200
;WIDTH:0.45
G1 F1500
G1 X26.954 Y-25.383 E3.28501
G1 X27.452 Y-25.336 E3.30907
G1 X22.606 Y-20.49 E3.63869
G1 X23.075 Y-20.413 E3.66155
G1 X28.111 Y-25.449 E4.00409
G1 E2.00409 F2400
G92 E0
G1 Z2.65 F7200
G1 X26.424 Y-30.348
G1 Z.65
G1 E2 F2400
;WIDTH:0.404381
G1 F1500
G1 X26.383 Y-30.337 E2.0018
G1 X26.364 Y-30.408 E2.00492
G1 X26.435 Y-30.389 E2.00804
;WIDTH:0.45
G1 X26.666 Y-30.549 E2.02156
G1 X27.821 Y-31.704 E2.10012
G1 X28.366 Y-31.704 E2.12633
G1 X27.309 Y-30.647 E2.19823
G1 X28.916 Y-31.178 F7200
G1 F1500
G1 X28.534 Y-30.78 E2.22476
G1 X29.034 Y-30.509 E2.25211
G1 X29.442 Y-30.186 E2.27714
G1 X29.758 Y-29.823 E2.30029
G1 X31.253 Y-31.318 E2.40198
G1 X29.048 Y-31.318 E2.50803
G1 X28.735 Y-31.528 E2.52616
G1 X27.792 Y-30.584 E2.59034
G1 X28.057 Y-30.541 E2.60325
G1 X28.464 Y-30.393 E2.62408
G1 X28.9 Y-30.138 E2.64837
G1 X29.218 Y-29.866 E2.6685
G1 X29.546 Y-29.468 E2.69331
G1 X29.681 Y-29.201 E2.7077
G1 X32.184 Y-31.704 E2.87795
G1 X28.775 Y-31.704 E3.04191
G1 X30.088 Y-30.916 F7200
;WIDTH:0.483827
G1 F1500
G1 X29.238 Y-30.916 E3.08638
G1 X29.2 Y-30.878 E3.08919
G1 X29.64 Y-30.545 E3.11806
G1 X29.78 Y-30.415 E3.12805
G1 X30.281 Y-30.916 E3.16512
G1 E1.16512 F2400
G92 E0
G1 Z2.65 F7200
G1 X29.852 Y-28.827
G1 Z.65
G1 E2 F2400
;WIDTH:0.45
G1 F1500
G1 X32.729 Y-31.704 E2.19569
G1 X32.907 Y-31.838 E2.20641
;WIDTH:0.404381
G1 X32.866 Y-31.827 E2.20821
G1 X32.847 Y-31.898 E2.21133
G1 X32.918 Y-31.879 E2.21445
;WIDTH:0.45
G1 X33.275 Y-31.704 E2.23357
G1 X29.974 Y-28.403 E2.4581
G1 X29.987 Y-27.87 E2.48374
G1 X33.82 Y-31.704 E2.74449
G1 X34.365 Y-31.704 E2.7707
G1 X29.87 Y-27.208 E3.07648
G1 X29.691 Y-26.935 E3.09218
;WIDTH:0.404381
G1 X29.327 Y-26.464 E3.11742
G1 E1.11742 F2400
G92 E0
G1 Z2.65 F7200
G1 X34.911 Y-31.704
G1 Z.65
G1 E2 F2400
;WIDTH:0.45
G1 F1500
G1 X23.489 Y-20.283 E2.77688
G1 X23.866 Y-20.114 E2.79675
G1 X35.456 Y-31.704 E3.58509
G1 X36.001 Y-31.704 E3.6113
G1 X24.206 Y-19.909 E4.41358
G1 X24.518 Y-19.676 E4.43231
G1 X36.547 Y-31.704 E5.25047
G1 X37.092 Y-31.704 E5.27668
G1 X24.789 Y-19.401 E6.11351
G1 X25.039 Y-19.105 E6.13214
G1 X37.637 Y-31.704 E6.98907
G1 X38.183 Y-31.704 E7.01533
G1 X25.248 Y-18.769 E7.89515
G1 X25.416 Y-18.392 E7.915
G1 X38.728 Y-31.704 E8.82047
G1 X39.273 Y-31.704 E8.84668
G1 X25.54 Y-17.97 E9.78082
G1 X25.61 Y-17.495 E9.80391
G1 X39.819 Y-31.704 E10.77039
G1 X40.364 Y-31.704 E10.7966
G1 X25.513 Y-16.849 E11.80688
;WIDTH:0.404381
G1 X25.442 Y-16.868 E11.81
G1 X25.461 Y-16.797 E11.81312
G1 X25.502 Y-16.808 E11.81492
;WIDTH:0.45
G1 X25.636 Y-16.431 E11.83416
G1 X40.909 Y-31.704 E12.87301
G1 X41.455 Y-31.704 E12.89927
G1 X25.636 Y-15.885 E13.97526
G1 X25.636 Y-15.34 E14.00147
G1 X42 Y-31.704 E15.11453
G1 X42.545 Y-31.704 E15.14074
G1 X25.636 Y-14.795 E16.29087
G1 X25.553 Y-13.947 F7200
;WIDTH:0.404381
G1 F1500
G1 X25.512 Y-13.936 E16.29267
G1 X25.493 Y-14.007 E16.29579
G1 X25.564 Y-13.988 E16.29891
;WIDTH:0.45
G1 X25.636 Y-14.249 E16.31193
G1 X43.091 Y-31.704 E17.4992
G1 X43.636 Y-31.704 E17.52541
G1 X37.497 Y-25.565 E17.94298
G1 X37.224 Y-25.328 E17.96037
;WIDTH:0.404381
G1 X36.522 Y-24.634 E18.00223
;WIDTH:0.45
G1 X36.294 Y-24.362 E18.0193
G1 X25.636 Y-13.704 E18.74424
G1 X25.636 Y-13.159 E18.77045
G1 X35.775 Y-23.297 E19.46006
G1 X35.944 Y-23.353 E19.46862
;WIDTH:0.404381
G1 X35.964 Y-23.421 E19.47163
G1 X35.945 Y-23.57 E19.478
G1 X35.614 Y-22.591 F7200
;WIDTH:0.45
G1 F1500
G1 X25.636 Y-12.613 E20.15669
G1 X25.636 Y-12.068 E20.1829
G1 X35.563 Y-21.994 E20.85809
G1 X35.563 Y-21.449 E20.8843
G1 X25.636 Y-11.523 E21.55949
G1 X25.636 Y-10.977 E21.58575
G1 X35.563 Y-20.904 E22.26097
G1 X35.563 Y-20.358 E22.28723
G1 X25.636 Y-10.432 E22.96242
G1 X25.636 Y-9.887 E22.98863
G1 X35.563 Y-19.813 E23.66382
G1 X35.563 Y-19.268 E23.69003
G1 X25.636 Y-9.341 E24.36525
G1 X25.636 Y-8.796 E24.39146
G1 X35.563 Y-18.722 E25.06665
G1 X35.563 Y-18.177 E25.09286
G1 X25.636 Y-8.251 E25.76805
G1 X25.636 Y-7.705 E25.79431
G1 X35.563 Y-17.632 E26.46953
G1 X35.563 Y-17.086 E26.49579
G1 X25.636 Y-7.16 E27.17098
G1 X25.636 Y-6.615 E27.19719
G1 X35.563 Y-16.541 E27.87238
G1 X35.563 Y-15.996 E27.89859
G1 X25.636 Y-6.069 E28.57381
G1 X25.636 Y-5.524 E28.60002
G1 X35.563 Y-15.451 E29.27524
G1 X35.563 Y-14.905 E29.3015
G1 X25.636 Y-4.978 E29.97672
G1 X25.636 Y-4.433 E30.00293
G1 X35.563 Y-14.36 E30.67815
G1 X35.563 Y-13.815 E30.70436
G1 X25.636 Y-3.888 E31.37958
G1 X25.636 Y-3.342 E31.40584
G1 X35.563 Y-13.269 E32.08106
G1 X35.563 Y-12.724 E32.10727
G1 X25.636 Y-2.797 E32.78249
G1 X25.636 Y-2.252 E32.8087
G1 X35.563 Y-12.179 E33.48392
G1 X35.563 Y-11.633 E33.51018
G1 X25.636 Y-1.706 E34.1854
G1 X25.636 Y-1.161 E34.21161
G1 X35.563 Y-11.088 E34.88683
G1 X35.563 Y-10.543 E34.91304
G1 X25.636 Y-.616 E35.58826
G1 X25.636 Y-.07 E35.61452
G1 X35.563 Y-9.997 E36.28974
G1 X35.563 Y-9.452 E36.31595
G1 X25.636 Y.475 E36.99117
G1 X25.636 Y1.02 E37.01738
G1 X35.563 Y-8.907 E37.6926
G1 X35.563 Y-8.361 E37.71886
G1 X25.636 Y1.566 E38.39408
G1 X25.636 Y2.111 E38.42029
G1 X35.563 Y-7.816 E39.09551
G1 X35.563 Y-7.271 E39.12172
G1 X25.636 Y2.656 E39.79694
G1 X25.636 Y3.202 E39.8232
G1 X35.563 Y-6.725 E40.49842
G1 X35.563 Y-6.18 E40.52463
G1 X25.636 Y3.747 E41.19985
G1 X25.636 Y4.292 E41.22606
G1 X35.563 Y-5.635 E41.90128
G1 X35.564 Y-5.089 E41.92754
G1 X25.636 Y4.838 E42.6028
G1 X25.636 Y5.383 E42.62901
G1 X35.564 Y-4.544 E43.30427
G1 X35.564 Y-3.999 E43.33048
G1 X25.636 Y5.928 E44.00574
G1 X25.636 Y6.474 E44.032
G1 X35.564 Y-3.453 E44.70726
G1 X35.564 Y-2.908 E44.73347
G1 X25.636 Y7.019 E45.40873
G1 X25.636 Y7.565 E45.43499
G1 X35.564 Y-2.363 E46.11028
G1 X35.564 Y-1.817 E46.13654
G1 X25.636 Y8.11 E46.8118
G1 X25.636 Y8.655 E46.83801
G1 X35.564 Y-1.272 E47.51327
G1 X35.564 Y-.727 E47.53948
G1 X25.636 Y9.201 E48.21477
G1 X25.636 Y9.746 E48.24098
G1 X35.564 Y-.182 E48.91627
G1 X35.564 Y.364 E48.94253
G1 X25.633 Y10.295 E49.61802
G1 X25.383 Y11.193 F7200
;WIDTH:0.404381
G1 F1500
G1 X25.362 Y11.111 E49.62161
G1 X25.378 Y10.962 E49.62796
;WIDTH:0.45
G1 X25.553 Y10.92 E49.63662
G1 X35.564 Y.909 E50.31756
G1 E48.31756 F2400
G92 E0
G1 Z2.65 F7200
G1 X38.463 Y-25.885
G1 Z.65
G1 E2 F2400
;WIDTH:0.404381
G1 F1500
G1 X38.265 Y-25.886 E2.0084
;WIDTH:0.45
G1 X38.535 Y-26.057 E2.02377
G1 X44.181 Y-31.704 E2.40784
G1 X44.727 Y-31.704 E2.4341
G1 X39.252 Y-26.229 E2.8065
G1 X39.843 Y-26.275 E2.83501
G1 X45.272 Y-31.704 E3.20428
G1 X45.818 Y-31.704 E3.23054
G1 X40.388 Y-26.275 E3.59985
G1 X40.934 Y-26.275 E3.62611
G1 X46.363 Y-31.704 E3.99538
G1 X46.908 Y-31.704 E4.02159
G1 X41.479 Y-26.275 E4.39086
G1 X42.024 Y-26.275 E4.41707
G1 X47.454 Y-31.704 E4.78638
G1 X47.999 Y-31.704 E4.81259
G1 X42.557 Y-26.262 E5.18275
G1 X43.044 Y-26.204 E5.20634
G1 X48.544 Y-31.704 E5.58044
G1 X49.09 Y-31.704 E5.6067
G1 X43.499 Y-26.113 E5.98699
G1 X43.904 Y-25.973 E6.0076
G1 X49.635 Y-31.704 E6.39742
G1 X50.18 Y-31.704 E6.42363
G1 X44.279 Y-25.803 E6.82501
G1 X44.632 Y-25.61 E6.84436
G1 X50.726 Y-31.704 E7.25887
G1 X51.271 Y-31.704 E7.28508
G1 X44.952 Y-25.385 E7.71489
G1 X45.248 Y-25.135 E7.73352
G1 X51.816 Y-31.704 E8.1803
G1 X52.362 Y-31.704 E8.20656
G1 X45.517 Y-24.859 E8.67215
G1 X45.766 Y-24.562 E8.69079
G1 X52.907 Y-31.704 E9.17655
G1 X53.452 Y-31.704 E9.20276
G1 X45.989 Y-24.241 E9.71038
G1 X46.18 Y-23.886 E9.72977
G1 X53.998 Y-31.704 E10.26154
G1 X54.543 Y-31.704 E10.28775
G1 X46.345 Y-23.506 E10.84537
G1 X46.482 Y-23.097 E10.86612
G1 X54.563 Y-31.178 E11.41578
G1 X54.563 Y-30.633 E11.44199
G1 X46.579 Y-22.649 E11.98505
G1 X46.624 Y-22.149 E12.0092
G1 X54.563 Y-30.087 E12.54917
G1 X54.563 Y-29.542 E12.57538
G1 X46.631 Y-21.611 E13.11487
G1 X46.631 Y-21.065 E13.14113
G1 X54.563 Y-28.997 E13.68065
G1 X54.563 Y-28.451 E13.70691
G1 X46.631 Y-20.52 E14.2464
G1 X46.631 Y-19.975 E14.27261
G1 X54.563 Y-27.906 E14.8121
G1 X54.563 Y-27.361 E14.83831
G1 X46.631 Y-19.429 E15.37783
G1 X46.631 Y-18.884 E15.40404
G1 X54.563 Y-26.815 E15.94353
G1 X54.563 Y-26.27 E15.96974
G1 X46.631 Y-18.339 E16.50923
G1 X46.631 Y-17.793 E16.53549
G1 X54.563 Y-25.725 E17.07501
G1 X54.563 Y-25.179 E17.10127
G1 X46.631 Y-17.248 E17.64076
G1 X46.631 Y-16.703 E17.66697
G1 X54.563 Y-24.634 E18.20646
G1 X54.563 Y-24.089 E18.23267
G1 X46.631 Y-16.157 E18.77219
G1 X46.631 Y-15.612 E18.7984
G1 X54.563 Y-23.543 E19.33789
G1 X54.563 Y-22.998 E19.3641
G1 X46.632 Y-15.067 E19.90356
G1 X46.632 Y-14.521 E19.92982
G1 X54.563 Y-22.453 E20.46931
G1 X54.563 Y-21.907 E20.49557
G1 X46.632 Y-13.976 E21.03503
G1 X46.632 Y-13.431 E21.06124
G1 X54.563 Y-21.362 E21.6007
G1 X54.563 Y-20.816 E21.62696
G1 X46.632 Y-12.885 E22.16642
G1 X46.632 Y-12.34 E22.19263
G1 X54.563 Y-20.271 E22.73209
G1 X54.563 Y-19.726 E22.7583
G1 X46.632 Y-11.795 E23.29776
G1 X46.632 Y-11.25 E23.32397
G1 X54.563 Y-19.18 E23.86339
G1 X54.563 Y-18.635 E23.8896
G1 X46.632 Y-10.704 E24.42906
G1 X46.632 Y-10.159 E24.45527
G1 X54.563 Y-18.09 E24.99473
G1 X54.563 Y-17.544 E25.02099
G1 X46.632 Y-9.614 E25.56041
G1 X46.632 Y-9.068 E25.58667
G1 X54.563 Y-16.999 E26.12613
G1 X54.563 Y-16.454 E26.15234
G1 X46.632 Y-8.523 E26.6918
G1 X46.632 Y-7.978 E26.71801
G1 X54.563 Y-15.908 E27.25743
G1 X54.563 Y-15.363 E27.28364
G1 X46.632 Y-7.432 E27.8231
G1 X46.632 Y-6.887 E27.84931
G1 X54.563 Y-14.818 E28.38877
G1 X54.563 Y-14.272 E28.41503
G1 X46.632 Y-6.342 E28.95445
G1 X46.632 Y-5.796 E28.98071
G1 X54.563 Y-13.727 E29.52017
G1 X54.563 Y-13.182 E29.54638
G1 X46.632 Y-5.251 E30.08584
G1 X46.632 Y-4.706 E30.11205
G1 X54.563 Y-12.636 E30.65147
G1 X54.563 Y-12.091 E30.67768
G1 X46.632 Y-4.16 E31.21714
G1 X46.632 Y-3.615 E31.24335
G1 X54.563 Y-11.546 E31.78281
G1 X54.563 Y-11 E31.80907
G1 X46.632 Y-3.07 E32.34849
G1 X46.632 Y-2.524 E32.37475
G1 X54.563 Y-10.455 E32.91421
G1 X54.563 Y-9.91 E32.94042
G1 X46.632 Y-1.979 E33.47988
G1 X46.632 Y-1.434 E33.50609
G1 X54.563 Y-9.364 E34.04551
G1 X54.563 Y-8.819 E34.07172
G1 X46.632 Y-.888 E34.61118
G1 X46.632 Y-.343 E34.63739
G1 X54.563 Y-8.274 E35.17685
G1 X54.563 Y-7.728 E35.20311
G1 X46.632 Y.202 E35.74253
G1 X46.632 Y.747 E35.76874
G1 X54.563 Y-7.183 E36.30816
G1 X54.563 Y-6.637 E36.33442
G1 X46.632 Y1.293 E36.87384
G1 X46.633 Y1.838 E36.90005
G1 X54.563 Y-6.092 E37.43944
G1 X54.563 Y-5.547 E37.46565
G1 X46.633 Y2.383 E38.00504
G1 X46.633 Y2.929 E38.0313
G1 X54.563 Y-5.001 E38.57069
G1 X54.563 Y-4.456 E38.5969
G1 X46.633 Y3.474 E39.13629
G1 X46.633 Y4.019 E39.1625
G1 X54.563 Y-3.911 E39.70189
G1 X54.563 Y-3.365 E39.72815
G1 X46.633 Y4.565 E40.26754
G1 X46.633 Y5.11 E40.29375
G1 X54.563 Y-2.82 E40.83314
G1 X54.563 Y-2.275 E40.85935
G1 X46.633 Y5.655 E41.39874
G1 X46.633 Y6.201 E41.425
G1 X54.563 Y-1.729 E41.96439
G1 X54.563 Y-1.184 E41.9906
G1 X46.633 Y6.746 E42.52999
G1 X46.633 Y7.291 E42.5562
G1 X54.563 Y-.639 E43.09559
G1 X54.563 Y-.093 E43.12185
G1 X46.633 Y7.837 E43.66124
G1 X46.633 Y8.382 E43.68745
G1 X54.563 Y.452 E44.22684
G1 X54.563 Y.997 E44.25305
G1 X46.633 Y8.927 E44.79244
G1 X46.633 Y9.473 E44.8187
G1 X54.563 Y1.543 E45.35809
G1 X54.563 Y2.088 E45.3843
G1 X46.633 Y10.018 E45.92369
G1 X46.633 Y10.563 E45.9499
G1 X54.563 Y2.633 E46.48929
G1 X54.563 Y3.179 E46.51555
G1 X46.633 Y11.108 E47.0549
G1 X46.633 Y11.654 E47.08116
G1 X54.563 Y3.724 E47.62055
G1 X54.563 Y4.269 E47.64676
G1 X46.633 Y12.199 E48.18615
G1 X46.633 Y12.744 E48.21236
G1 X54.563 Y4.815 E48.75171
G1 X54.563 Y5.36 E48.77792
G1 X46.633 Y13.29 E49.31731
G1 X46.633 Y13.835 E49.34352
G1 X54.563 Y5.906 E49.88287
G1 X54.563 Y6.451 E49.90908
G1 X46.633 Y14.38 E50.44843
G1 X46.633 Y14.926 E50.47469
G1 X54.563 Y6.996 E51.01408
G1 X54.563 Y7.542 E51.04034
G1 X46.633 Y15.471 E51.57969
G1 X46.633 Y16.016 E51.6059
G1 X54.563 Y8.087 E52.14525
G1 X54.563 Y8.632 E52.17146
G1 X46.633 Y16.562 E52.71085
G1 X46.633 Y17.107 E52.73706
G1 X54.563 Y9.178 E53.27641
G1 X54.563 Y9.723 E53.30262
G1 X46.633 Y17.652 E53.84197
G1 X46.633 Y18.198 E53.86823
G1 X54.563 Y10.268 E54.40762
G1 X54.563 Y10.814 E54.43388
G1 X46.633 Y18.743 E54.97323
G1 X46.634 Y19.288 E54.99944
G1 X54.563 Y11.359 E55.53876
G1 X54.563 Y11.904 E55.56497
G1 X46.634 Y19.834 E56.10432
G1 X46.634 Y20.379 E56.13053
G1 X54.563 Y12.45 E56.66985
G1 X54.563 Y12.995 E56.69606
G1 X46.634 Y20.924 E57.23538
G1 X46.604 Y21.499 E57.26307
G1 X54.563 Y13.54 E57.80443
G1 X54.563 Y14.086 E57.83069
G1 X46.468 Y22.18 E58.38127
G1 X46.295 Y22.243 E58.39013
;WIDTH:0.404381
G1 X46.293 Y22.453 E58.39904
G1 E56.39904 F2400
G92 E0
G1 Z2.65 F7200
G1 X3.081 Y-4.782
G1 Z.65
G1 E2 F2400
;WIDTH:0.45
G1 F1500
G1 X-1.479 Y-.222 E2.31017
G1 X-.997 Y-.159 E2.33355
G1 X2.859 Y-4.015 E2.59583
G1 X3.038 Y-4.258 E2.61035
;WIDTH:0.404381
G1 X2.997 Y-4.247 E2.61215
G1 X2.978 Y-4.318 E2.61527
G1 X3.049 Y-4.299 E2.61839
G1 X2.819 Y-3.43 F7200
;WIDTH:0.45
G1 F1500
G1 X-.582 Y-.029 E2.84972
G1 X-.197 Y.132 E2.86979
G1 X2.869 Y-2.934 E3.07834
G1 X2.98 Y-2.5 E3.09989
G1 X.154 Y.326 E3.29211
G1 X.474 Y.551 E3.31092
G1 X3.14 Y-2.114 E3.49222
G1 X3.332 Y-1.761 E3.51155
G1 X3.56 Y-1.406 E3.53184
G1 X3.978 Y-.977 E3.56065
G1 X19.463 Y12.102 E4.53553
G1 X16.737 Y14.828 E4.72095
G1 X16.687 Y14.688 E4.7281
G1 X16.431 Y14.217 E4.75388
G1 X16.125 Y13.818 E4.77806
G1 X15.804 Y13.502 E4.79972
G1 X.77 Y.801 E5.7463
G1 X3.196 Y-1.625 E5.91131
G1 X3.284 Y-1.137 E5.93516
G1 X3.729 Y-.683 E5.96574
G1 X18.893 Y12.126 E6.92045
G1 X16.847 Y14.172 E7.05962
G1 X16.737 Y13.983 E7.07014
G1 X16.431 Y13.583 E7.09436
G1 X16.05 Y13.206 E7.12014
G1 X1.339 Y.777 E8.04641
G1 X2.843 Y-.727 E8.14871
G1 X3.142 Y-1.005 E8.16835
G1 X3.265 Y-.603 E8.18857
G1 X3.481 Y-.388 E8.20323
G1 X18.324 Y12.15 E9.13773
G1 X16.906 Y13.569 E9.23421
G1 X16.737 Y13.349 E9.24755
G1 X16.299 Y12.911 E9.27734
G1 X1.908 Y.753 E10.18344
G1 X3.128 Y-.467 E10.26642
G1 X3.269 Y-.062 E10.28705
G1 X17.755 Y12.174 E11.19906
G1 X16.959 Y12.97 E11.2532
G1 X16.915 Y12.97 E11.25532
G1 X16.548 Y12.616 E11.27984
G1 X2.477 Y.729 E12.16577
G1 X3.133 Y.074 E12.21036
G1 X3.29 Y.447 E12.22982
;WIDTH:0.429285
G1 X3.418 Y.555 E12.23744
;WIDTH:0.430021
G1 X17.2 Y12.197 E13.0602
;WIDTH:0.430132
G1 X16.934 Y12.463 E13.07736
G1 X16.79 Y12.329 E13.08633
;WIDTH:0.430021
G1 X3.031 Y.706 E13.90773
;WIDTH:0.429285
G1 X3.154 Y.583 E13.91565
G1 E11.91565 F2400
G92 E0
G1 Z2.65 F7200
G1 X16.87 Y15.24
G1 Z.65
G1 E2 F2400
;WIDTH:0.45
G1 F1500
G1 X19.758 Y12.352 E2.19644
G1 X20.054 Y12.602 E2.21507
G1 X16.941 Y15.714 E2.42678
G1 X16.952 Y16.249 E2.45252
G1 X20.356 Y12.845 E2.68406
G1 X20.679 Y13.067 E2.70291
G1 X16.831 Y16.916 E2.96468
G1 X16.652 Y17 E2.97419
;WIDTH:0.404381
G1 X16.662 Y17.188 E2.98217
G1 X16.258 Y18.033 F7200
;WIDTH:0.45
G1 F1500
G1 X21.044 Y13.247 E3.30771
G1 X21.446 Y13.391 E3.32825
G1 X4.112 Y30.725 E4.50729
G1 X4.657 Y30.725 E4.5335
G1 X21.897 Y13.485 E5.70614
G1 X22.407 Y13.52 E5.73073
G1 X5.202 Y30.725 E6.90099
G1 X5.748 Y30.725 E6.92725
G1 X23.03 Y13.443 E8.10275
G1 X23.878 Y13.141 F7200
G1 F1500
G1 X6.293 Y30.725 E9.29883
G1 E7.29883 F2400
G92 E0
G1 Z2.65 F7200
G1 X24.15 Y12.919
G1 Z.65
G1 E2 F2400
;WIDTH:0.404381
G1 F1500
G1 X24.493 Y12.631 E2.01899
G1 X24.888 Y12.224 E2.04304
G1 X25.051 Y12.023 E2.05401
;WIDTH:0.45
G1 X25.268 Y11.75 E2.07078
G1 X35.564 Y1.454 E2.7711
G1 X35.564 Y2 E2.79736
G1 X6.838 Y30.725 E4.75123
G1 X7.384 Y30.725 E4.77749
G1 X35.564 Y2.545 E6.69426
G1 X35.564 Y3.09 E6.72047
G1 X7.929 Y30.725 E8.60017
G1 X8.474 Y30.725 E8.62638
G1 X35.564 Y3.636 E10.46897
G1 X35.564 Y4.181 E10.49518
G1 X9.02 Y30.725 E12.30067
G1 X9.565 Y30.725 E12.32688
G1 X35.564 Y4.726 E14.0953
G1 X35.564 Y5.272 E14.12156
G1 X10.11 Y30.725 E15.85288
G1 X10.656 Y30.725 E15.87914
G1 X35.564 Y5.817 E17.57335
G1 X35.564 Y6.362 E17.59956
G1 X11.201 Y30.725 E19.2567
G1 X11.746 Y30.725 E19.28291
G1 X35.564 Y6.908 E20.90295
G1 X35.564 Y7.453 E20.92916
G1 X12.292 Y30.725 E22.51209
G1 X12.837 Y30.725 E22.5383
G1 X35.564 Y7.998 E24.08416
G1 X35.564 Y8.544 E24.11042
G1 X13.383 Y30.725 E25.61914
G1 X13.685 Y30.868 E25.63521
;WIDTH:0.404381
G1 X13.644 Y30.879 E25.63701
G1 X13.625 Y30.808 E25.64013
G1 X13.696 Y30.827 E25.64325
G1 E23.64325 F2400
G92 E0
G1 Z2.65 F7200
G1 X25.569 Y19.131
G1 Z.65
G1 E2 F2400
G1 F1500
G1 X25.508 Y19.069 E2.00369
;WIDTH:0.45
G1 X25.781 Y18.873 E2.01985
G1 X35.564 Y9.089 E2.68531
G1 X35.564 Y9.634 E2.71152
G1 X26.764 Y18.434 E3.31009
G1 X26.535 Y18.575 E3.32302
;WIDTH:0.404381
G1 X26.464 Y18.556 E3.32614
G1 X26.483 Y18.628 E3.3293
G1 X26.524 Y18.617 E3.3311
G1 X27.381 Y18.363 F7200
;WIDTH:0.45
G1 F1500
G1 X35.564 Y10.18 E3.8877
G1 X35.564 Y10.725 E3.91391
G1 X27.865 Y18.424 E4.43759
G1 X28.303 Y18.531 E4.45928
G1 X35.564 Y11.27 E4.95316
G1 X35.564 Y11.816 E4.97942
G1 X28.655 Y18.724 E5.44933
G1 X28.994 Y18.931 E5.46843
G1 X35.564 Y12.361 E5.91531
G1 X35.564 Y12.906 E5.94152
G1 X29.271 Y19.2 E6.3696
G1 X29.513 Y19.503 E6.38825
G1 X35.564 Y13.452 E6.79983
G1 X35.564 Y13.997 E6.82604
G1 X29.725 Y19.836 E7.2232
G1 X29.874 Y20.233 E7.24359
G1 X35.564 Y14.542 E7.63065
G1 X35.565 Y15.087 E7.65686
G1 X29.979 Y20.673 E8.03681
G1 X29.976 Y21.221 E8.06317
G1 X35.565 Y15.633 E8.44329
G1 X35.565 Y16.178 E8.4695
G1 X29.827 Y21.915 E8.85976
G1 X29.658 Y21.965 E8.86824
;WIDTH:0.404381
G1 X29.647 Y22.188 E8.87771
G1 X29.075 Y22.852 E8.91488
G1 X28.495 Y23.323 E8.94656
G1 E6.94656 F2400
G92 E0
G1 Z2.65 F7200
G1 X25.311 Y19.342
G1 Z.65
G1 E2 F2400
;WIDTH:0.45
G1 F1500
G1 X13.928 Y30.725 E2.77426
G1 X14.473 Y30.725 E2.80047
G1 X24.763 Y20.436 E3.50035
G1 X24.959 Y20.193 E3.51537
;WIDTH:0.404381
G1 X24.917 Y20.204 E3.51721
G1 X24.898 Y20.133 E3.52033
G1 X24.97 Y20.152 E3.52349
G1 X24.71 Y21.034 F7200
;WIDTH:0.45
G1 F1500
G1 X15.019 Y30.725 E4.18266
G1 X15.564 Y30.725 E4.20887
G1 X24.748 Y21.541 E4.83355
G1 X24.886 Y21.948 E4.85422
G1 X16.109 Y30.725 E5.45122
G1 X16.655 Y30.725 E5.47748
G1 X25.047 Y22.333 E6.04829
G1 X25.28 Y22.645 E6.06702
G1 X17.2 Y30.725 E6.61661
G1 X17.745 Y30.725 E6.64282
G1 X25.535 Y22.935 E7.17269
G1 X25.833 Y23.183 E7.19134
G1 X18.291 Y30.725 E7.70434
G1 X18.836 Y30.725 E7.73055
G1 X26.186 Y23.375 E8.23049
G1 X26.562 Y23.544 E8.25032
G1 X19.381 Y30.725 E8.73876
G1 X19.927 Y30.725 E8.76502
G1 X27.028 Y23.624 E9.24802
G1 X27.556 Y23.641 E9.27343
G1 X20.472 Y30.725 E9.75527
G1 X20.899 Y30.92 E9.77785
;WIDTH:0.404381
G1 X20.858 Y30.931 E9.77965
G1 X20.839 Y30.86 E9.78277
G1 X20.91 Y30.879 E9.78589
;WIDTH:0.45
G1 X21.017 Y30.725 E9.79491
G1 X28.222 Y23.521 E10.28495
G1 E8.28495 F2400
G92 E0
G1 Z2.65 F7200
G1 X35.565 Y16.723
G1 Z.65
G1 E2 F2400
G1 F1500
G1 X21.563 Y30.725 E2.9524
G1 X21.331 Y30.827 E2.96459
;WIDTH:0.404381
G1 X21.26 Y30.808 E2.96771
G1 X21.279 Y30.879 E2.97083
G1 X21.32 Y30.868 E2.97263
G1 X22.108 Y30.725 F7200
;WIDTH:0.45
G1 F1500
G1 X35.565 Y17.269 E3.88792
G1 X35.565 Y17.814 E3.91413
G1 X22.653 Y30.725 E4.79235
G1 X23.199 Y30.725 E4.81861
G1 X35.565 Y18.359 E5.65973
G1 X35.565 Y18.905 E5.68599
G1 X23.744 Y30.725 E6.49001
G1 X24.289 Y30.725 E6.51622
G1 X35.565 Y19.45 E7.28317
G1 X35.565 Y19.995 E7.30938
G1 X24.835 Y30.725 E8.03922
G1 X25.38 Y30.725 E8.06543
G1 X35.565 Y20.541 E8.75817
G1 X35.565 Y21.086 E8.78438
G1 X25.926 Y30.725 E9.44001
G1 X26.471 Y30.725 E9.46622
G1 X35.603 Y21.593 E10.08737
G1 X35.692 Y22.049 E10.10972
G1 X27.016 Y30.725 E10.69985
G1 X27.562 Y30.725 E10.72611
G1 X35.826 Y22.461 E11.28822
G1 X35.985 Y22.847 E11.3083
G1 X28.107 Y30.725 E11.84415
G1 X28.652 Y30.725 E11.87036
G1 X36.172 Y23.206 E12.38183
G1 X36.388 Y23.535 E12.40076
G1 X29.198 Y30.725 E12.88981
G1 X29.743 Y30.725 E12.91602
G1 X36.636 Y23.832 E13.38487
G1 X36.903 Y24.111 E13.40344
G1 X30.288 Y30.725 E13.85335
G1 X30.834 Y30.725 E13.87961
G1 X37.19 Y24.369 E14.31194
G1 X37.512 Y24.593 E14.33081
G1 X31.379 Y30.725 E14.74794
G1 X31.924 Y30.725 E14.77415
G1 X37.856 Y24.793 E15.17764
G1 X38.225 Y24.97 E15.19732
G1 X32.47 Y30.725 E15.58877
G1 X33.015 Y30.725 E15.61498
G1 X38.626 Y25.114 E15.99663
G1 X39.076 Y25.21 E16.01876
G1 X33.56 Y30.725 E16.39392
G1 X34.106 Y30.725 E16.42018
G1 X39.552 Y25.279 E16.79061
G1 X40.08 Y25.296 E16.81602
G1 X34.651 Y30.725 E17.18529
G1 X35.196 Y30.725 E17.2115
G1 X40.626 Y25.295 E17.58084
G1 X41.172 Y25.295 E17.6071
G1 X35.742 Y30.725 E17.97644
G1 X36.287 Y30.725 E18.00265
G1 X41.718 Y25.294 E18.37206
G1 X42.264 Y25.294 E18.39832
G1 X36.832 Y30.725 E18.76776
G1 X37.378 Y30.725 E18.79402
G1 X42.842 Y25.261 E19.16567
G1 X43.601 Y24.944 F7200
;WIDTH:0.404381
G1 F1500
G1 X43.801 Y24.947 E19.17415
;WIDTH:0.45
G1 X43.531 Y25.118 E19.18952
G1 X37.923 Y30.725 E19.57094
G1 X38.469 Y30.725 E19.5972
G1 X44.465 Y24.729 E20.00504
G1 X44.738 Y24.504 E20.02206
;WIDTH:0.404381
G1 X45.258 Y24.046 E20.05145
G1 X45.641 Y23.645 E20.07497
G1 X45.848 Y23.394 E20.08877
;WIDTH:0.45
G1 X46.072 Y23.122 E20.10572
G1 X54.563 Y14.631 E20.68327
G1 X54.706 Y14.934 E20.69938
;WIDTH:0.404381
G1 X54.665 Y14.945 E20.70118
G1 X54.646 Y14.874 E20.7043
G1 X54.717 Y14.893 E20.70742
;WIDTH:0.45
G1 X54.563 Y15.176 E20.72292
G1 X39.014 Y30.725 E21.78054
G1 X39.559 Y30.725 E21.80675
G1 X54.563 Y15.722 E22.82727
G1 X54.563 Y16.267 E22.85348
G1 X40.105 Y30.725 E23.8369
G1 X40.65 Y30.725 E23.86311
G1 X54.563 Y16.812 E24.80945
G1 X54.563 Y17.358 E24.83571
G1 X41.195 Y30.725 E25.74495
G1 X41.741 Y30.725 E25.77121
G1 X54.563 Y17.903 E26.64335
G1 X54.563 Y18.449 E26.66961
G1 X42.286 Y30.725 E27.50464
G1 X42.831 Y30.725 E27.53085
G1 X54.563 Y18.994 E28.32881
G1 X54.563 Y19.539 E28.35502
G1 X43.377 Y30.725 E29.11588
G1 X43.922 Y30.725 E29.14209
G1 X54.563 Y20.085 E29.86584
G1 X54.563 Y20.63 E29.89205
G1 X44.467 Y30.725 E30.57873
G1 X45.013 Y30.725 E30.60499
G1 X54.563 Y21.175 E31.25457
G1 X54.563 Y21.721 E31.28083
G1 X45.558 Y30.725 E31.8933
G1 X46.103 Y30.725 E31.91951
G1 X54.563 Y22.266 E32.49491
G1 X54.563 Y22.811 E32.52112
G1 X46.649 Y30.725 E33.05942
G1 X47.194 Y30.725 E33.08563
G1 X54.563 Y23.357 E33.58683
G1 X54.563 Y23.902 E33.61304
G1 X47.739 Y30.725 E34.07717
G1 X48.285 Y30.725 E34.10343
G1 X54.563 Y24.447 E34.53045
G1 X54.563 Y24.993 E34.55671
G1 X48.83 Y30.725 E34.94663
G1 X49.375 Y30.725 E34.97284
G1 X54.563 Y25.538 E35.32569
G1 X54.563 Y26.083 E35.3519
G1 X49.921 Y30.725 E35.66764
G1 X50.466 Y30.725 E35.69385
G1 X54.563 Y26.629 E35.97249
G1 X54.563 Y27.174 E35.9987
G1 X51.012 Y30.725 E36.24023
G1 X51.557 Y30.725 E36.26644
G1 X54.563 Y27.719 E36.4709
G1 X54.563 Y28.265 E36.49716
G1 X52.102 Y30.725 E36.66452
G1 X52.541 Y30.879 E36.6869
;WIDTH:0.404381
G1 X52.469 Y30.86 E36.69006
G1 X52.489 Y30.931 E36.69319
G1 X52.53 Y30.92 E36.69499
;WIDTH:0.45
G1 X52.648 Y30.725 E36.70595
G1 X54.563 Y28.81 E36.83621
G1 X54.757 Y28.692 E36.84713
;WIDTH:0.404381
G1 X54.716 Y28.703 E36.84893
G1 X54.697 Y28.632 E36.85205
G1 X54.768 Y28.651 E36.85517
;WIDTH:0.45
G1 X54.563 Y29.355 E36.89044
G1 X54.563 Y30.725 E36.95633
G1 X53.193 Y30.725 E37.02222
G1 X54.426 Y29.492 E37.10609
G1 X54.212 Y30.311 F7200
;WIDTH:0.481157
G1 F1500
G1 X54.175 Y30.274 E37.10881
G1 X54.125 Y30.287 E37.1115
G1 X54.111 Y30.338 E37.11425
G1 X54.148 Y30.374 E37.11693
G1 X54.198 Y30.361 E37.11962
;LAYER_CHANGE
;Z:0.95
;HEIGHT:0.3
G1 E35.11962 F2400
G92 E0
G1 Z.95 F7200
G1 Z2.95
G1 X3.451 Y-2.12
G1 Z.95
G1 E2 F2400
;TYPE:Perimeter
;WIDTH:0.45
G1 F3600
G1 X3.388 Y-2.22 E2.00568
G1 X3.204 Y-2.712 E2.03094
G1 X3.106 Y-3.336 E2.06132
G1 X3.131 Y-3.846 E2.08588
G1 X3.244 Y-4.351 E2.11077
G1 X3.362 Y-4.712 E2.12904
G1 X3.589 Y-5.127 E2.15179
G1 X3.878 Y-5.501 E2.17452
G1 X4.161 Y-5.777 E2.19353
G1 X20.418 Y-19.512 E3.21714
G1 X20.855 Y-19.817 E3.24277
G1 X21.322 Y-20.034 E3.26754
G1 X21.79 Y-20.163 E3.29089
G1 X22.273 Y-20.215 E3.31425
G1 X22.757 Y-20.188 E3.33756
G1 X23.278 Y-20.065 E3.36331
G1 X23.815 Y-19.829 E3.39152
G1 X24.311 Y-19.48 E3.42069
G1 X24.688 Y-19.094 E3.44664
G1 X25.001 Y-18.619 E3.474
G1 X25.213 Y-18.103 E3.50083
G1 X25.317 Y-17.629 E3.52417
G1 X25.347 Y-17.223 E3.54375
G1 X25.347 Y10.245 E4.86487
G1 X25.292 Y10.804 E4.89189
G1 X25.108 Y11.399 E4.92184
G1 X24.96 Y11.713 E4.93854
G1 X24.688 Y12.115 E4.96188
G1 X24.311 Y12.503 E4.9879
G1 X23.969 Y12.763 E5.00856
G1 X23.54 Y12.991 E5.03193
G1 X23.081 Y13.147 E5.05525
G1 X22.602 Y13.227 E5.07861
G1 X22.116 Y13.228 E5.10198
G1 X21.637 Y13.151 E5.12531
G1 X21.177 Y12.998 E5.14863
G1 X20.747 Y12.772 E5.17199
G1 X20.31 Y12.442 E5.19833
G1 X4.161 Y-1.201 E6.21512
G1 X3.756 Y-1.634 E6.24364
G1 X3.483 Y-2.069 E6.26834
G1 X3.794 Y-2.296 F7200
G1 F3600
G1 X3.721 Y-2.415 E6.27505
G1 X3.549 Y-2.921 E6.30075
G1 X3.492 Y-3.333 E6.32075
G1 X3.519 Y-3.862 E6.34623
G1 X3.661 Y-4.421 E6.37397
G1 X3.9 Y-4.899 E6.39967
G1 X4.149 Y-5.227 E6.41948
G1 X4.41 Y-5.483 E6.43706
G1 X20.667 Y-19.217 E7.46064
G1 X21.052 Y-19.485 E7.4832
G1 X21.434 Y-19.665 E7.50351
G1 X21.841 Y-19.781 E7.52386
G1 X22.261 Y-19.83 E7.5442
G1 X22.684 Y-19.81 E7.56457
G1 X23.126 Y-19.711 E7.58636
G1 X23.625 Y-19.493 E7.61255
G1 X24.087 Y-19.166 E7.63977
G1 X24.444 Y-18.781 E7.66502
G1 X24.678 Y-18.401 E7.68648
G1 X24.838 Y-18.01 E7.7068
G1 X24.933 Y-17.597 E7.72718
G1 X24.961 Y-17.223 E7.74522
G1 X24.961 Y10.245 E9.06634
G1 X24.918 Y10.711 E9.08885
G1 X24.754 Y11.246 E9.11576
G1 X24.457 Y11.783 E9.14527
G1 X24.113 Y12.168 E9.1701
G1 X23.779 Y12.427 E9.19043
G1 X23.407 Y12.629 E9.21079
G1 X23.007 Y12.769 E9.23117
G1 X22.591 Y12.842 E9.25148
G1 X22.168 Y12.846 E9.27183
G1 X21.75 Y12.782 E9.29217
G1 X21.347 Y12.652 E9.31254
G1 X20.971 Y12.458 E9.33289
G1 X20.559 Y12.147 E9.35772
G1 X4.41 Y-1.496 E10.37451
G1 X4.041 Y-1.894 E10.40061
G1 X3.825 Y-2.245 E10.42043
G1 X4.135 Y-2.471 F7200
;TYPE:External perimeter
G1 F1800
G1 X4.048 Y-2.62 E10.42873
G1 X3.93 Y-2.982 E10.44704
G1 X3.877 Y-3.33 E10.46397
G1 X3.904 Y-3.832 E10.48815
G1 X4.034 Y-4.321 E10.51249
G1 X4.211 Y-4.671 E10.53135
G1 X4.421 Y-4.953 E10.54826
G1 X4.659 Y-5.188 E10.56435
G1 X20.916 Y-18.922 E11.58793
G1 X21.222 Y-19.139 E11.60597
G1 X21.547 Y-19.296 E11.62333
G1 X21.892 Y-19.399 E11.64065
G1 X22.25 Y-19.444 E11.658
G1 X22.611 Y-19.431 E11.67537
G1 X22.974 Y-19.357 E11.69319
G1 X23.435 Y-19.157 E11.71736
G1 X23.862 Y-18.853 E11.74257
G1 X24.132 Y-18.554 E11.76195
G1 X24.406 Y-18.059 E11.78916
G1 X24.549 Y-17.566 E11.81385
G1 X24.576 Y-17.223 E11.8304
G1 X24.576 Y10.245 E13.15152
G1 X24.544 Y10.618 E13.16953
G1 X24.4 Y11.094 E13.19345
G1 X24.132 Y11.576 E13.21998
G1 X23.828 Y11.902 E13.24142
G1 X23.588 Y12.092 E13.25614
G1 X23.273 Y12.268 E13.27349
G1 X22.934 Y12.39 E13.29082
G1 X22.58 Y12.456 E13.30814
G1 X22.219 Y12.464 E13.32551
G1 X21.862 Y12.414 E13.34285
G1 X21.518 Y12.306 E13.36019
G1 X21.195 Y12.144 E13.37757
G1 X20.4 Y11.508 E13.42654
G1 X4.659 Y-1.79 E14.41763
G1 X4.301 Y-2.186 E14.44331
G1 X4.165 Y-2.419 E14.45629
G1 X4.001 Y-2.784 F7200
G1 E12.45629 F2400
G92 E0
G1 Z2.95 F7200
G1 X-19.656 Y14.694
G1 Z.95
G1 E2 F2400
;TYPE:Perimeter
G1 F3600
G1 X-19.618 Y14.599 E2.00492
G1 X-19.346 Y14.174 E2.02919
G1 X-18.922 Y13.724 E2.05893
G1 X-3.585 Y.767 E3.02459
G1 X-3.164 Y.47 E3.04937
G1 X-2.577 Y.223 E3.08
G1 X-2.198 Y.118 E3.09892
G1 X-1.569 Y.069 E3.12926
G1 X-1.27 Y.092 E3.14368
G1 X-.656 Y.238 E3.17403
G1 X-.263 Y.423 E3.19492
G1 X.21 Y.712 E3.22158
G1 X15.617 Y13.723 E4.19149
G1 X16.01 Y14.127 E4.2186
G1 X16.284 Y14.529 E4.242
G1 X16.532 Y15.105 E4.27216
G1 X16.622 Y15.439 E4.2888
G1 X16.676 Y15.922 E4.31218
G1 X16.65 Y16.408 E4.33559
G1 X16.547 Y16.883 E4.35897
G1 X16.368 Y17.336 E4.3824
G1 X16.118 Y17.753 E4.40578
G1 X15.804 Y18.125 E4.42919
G1 X15.434 Y18.44 E4.45256
G1 X15.017 Y18.692 E4.47599
G1 X14.565 Y18.872 E4.49939
G1 X14.09 Y18.978 E4.5228
G1 X13.684 Y19.007 E4.54238
G1 X-16.989 Y19.009 E6.01764
G1 X-17.55 Y18.953 E6.04476
G1 X-18.019 Y18.824 E6.06815
G1 X-18.517 Y18.583 E6.09476
G1 X-18.863 Y18.347 E6.1149
G1 X-19.216 Y18.012 E6.13831
G1 X-19.511 Y17.625 E6.16171
G1 X-19.739 Y17.195 E6.18512
G1 X-19.894 Y16.734 E6.20851
G1 X-19.972 Y16.253 E6.23195
G1 X-19.972 Y15.767 E6.25532
G1 X-19.877 Y15.24 E6.28108
G1 X-19.679 Y14.75 E6.3065
G1 X-19.315 Y14.864 F7200
G1 F3600
G1 X-19.293 Y14.807 E6.30944
G1 X-19.021 Y14.381 E6.33375
G1 X-18.674 Y14.019 E6.35787
G1 X-3.336 Y1.061 E7.3236
G1 X-2.926 Y.784 E7.3474
G1 X-2.342 Y.544 E7.37777
G1 X-1.539 Y.453 E7.41664
G1 X-.746 Y.614 E7.45556
G1 X-.041 Y1.009 E7.49443
G1 X15.368 Y14.018 E8.46435
G1 X15.697 Y14.353 E8.48693
G1 X15.939 Y14.701 E8.50732
G1 X16.163 Y15.219 E8.53446
G1 X16.285 Y15.818 E8.56386
G1 X16.272 Y16.336 E8.58878
G1 X16.185 Y16.751 E8.60917
G1 X16.032 Y17.146 E8.62954
G1 X15.817 Y17.512 E8.64996
G1 X15.546 Y17.838 E8.67035
G1 X15.226 Y18.115 E8.69071
G1 X14.864 Y18.337 E8.71113
G1 X14.472 Y18.498 E8.73151
G1 X14.059 Y18.593 E8.75189
G1 X13.684 Y18.622 E8.76998
G1 X-16.989 Y18.623 E10.24524
G1 X-17.457 Y18.579 E10.26785
G1 X-17.866 Y18.469 E10.28822
G1 X-18.309 Y18.258 E10.31182
G1 X-18.605 Y18.06 E10.32895
G1 X-18.916 Y17.771 E10.34937
G1 X-19.175 Y17.435 E10.36977
G1 X-19.376 Y17.062 E10.39015
G1 X-19.515 Y16.661 E10.41056
G1 X-19.587 Y16.244 E10.43091
G1 X-19.59 Y15.82 E10.4513
G1 X-19.509 Y15.356 E10.47395
G1 X-19.337 Y14.92 E10.49649
G1 X-18.975 Y15.034 F7200
;TYPE:External perimeter
G1 F1800
G1 X-18.968 Y15.014 E10.49751
G1 X-18.696 Y14.589 E10.52178
G1 X-18.425 Y14.314 E10.54035
G1 X-3.087 Y1.356 E11.50608
G1 X-2.78 Y1.141 E11.52411
G1 X-2.196 Y.901 E11.55448
G1 X-1.509 Y.838 E11.58766
G1 X-.835 Y.989 E11.62088
G1 X-.241 Y1.338 E11.65402
G1 X15.12 Y14.312 E12.62109
G1 X15.385 Y14.579 E12.63918
G1 X15.594 Y14.873 E12.65653
G1 X15.795 Y15.333 E12.68067
G1 X15.903 Y15.871 E12.70706
G1 X15.893 Y16.264 E12.72597
G1 X15.823 Y16.618 E12.74333
G1 X15.696 Y16.957 E12.76074
G1 X15.516 Y17.271 E12.77815
G1 X15.288 Y17.551 E12.79552
G1 X15.018 Y17.791 E12.81289
G1 X14.712 Y17.983 E12.83026
G1 X14.379 Y18.124 E12.84765
G1 X14.028 Y18.209 E12.86502
G1 X13.684 Y18.236 E12.88162
G1 X-16.989 Y18.237 E14.35688
G1 X-17.363 Y18.205 E14.37493
G1 X-17.714 Y18.115 E14.39236
G1 X-18.102 Y17.933 E14.41297
G1 X-18.348 Y17.773 E14.42708
G1 X-18.615 Y17.529 E14.44448
G1 X-18.839 Y17.246 E14.46184
G1 X-19.014 Y16.93 E14.47921
G1 X-19.136 Y16.589 E14.49663
G1 X-19.201 Y16.234 E14.51399
G1 X-19.208 Y15.872 E14.5314
G1 X-19.147 Y15.489 E14.55005
G1 X-18.996 Y15.09 E14.57057
G1 X-18.793 Y14.745 F7200
G1 E12.57057 F2400
G92 E0
G1 Z2.95 F7200
G1 X-6.738 Y-2.135
G1 Z.95
G1 E2 F2400
;TYPE:Perimeter
G1 F3600
G1 X-6.893 Y-1.852 E2.01552
G1 X-7.182 Y-1.478 E2.03825
G1 X-7.465 Y-1.201 E2.0573
G1 X-23.723 Y12.534 E3.08095
G1 X-24.158 Y12.837 E3.10645
G1 X-24.623 Y13.053 E3.13111
G1 X-25.091 Y13.182 E3.15446
G1 X-25.574 Y13.234 E3.17782
G1 X-26.058 Y13.208 E3.20113
G1 X-26.532 Y13.103 E3.22448
G1 X-26.983 Y12.923 E3.24784
G1 X-27.399 Y12.673 E3.27118
G1 X-27.769 Y12.358 E3.29455
G1 X-28.083 Y11.988 E3.31789
G1 X-28.334 Y11.573 E3.34122
G1 X-28.514 Y11.122 E3.36458
G1 X-28.618 Y10.648 E3.38792
G1 X-28.648 Y10.242 E3.4075
G1 X-28.648 Y-17.221 E4.72837
G1 X-28.593 Y-17.78 E4.75539
G1 X-28.464 Y-18.248 E4.77874
G1 X-28.232 Y-18.735 E4.80469
G1 X-27.989 Y-19.092 E4.82546
G1 X-27.656 Y-19.445 E4.8488
G1 X-27.13 Y-19.818 E4.87981
G1 X-26.532 Y-20.081 E4.91123
G1 X-25.995 Y-20.196 E4.93764
G1 X-25.492 Y-20.212 E4.96184
G1 X-24.991 Y-20.142 E4.98617
G1 X-24.478 Y-19.974 E5.01213
G1 X-23.976 Y-19.697 E5.03971
G1 X-23.206 Y-19.076 E5.08729
G1 X-7.465 Y-5.777 E6.07841
G1 X-7.082 Y-5.386 E6.10473
G1 X-6.813 Y-4.997 E6.12748
G1 X-6.565 Y-4.442 E6.15672
G1 X-6.422 Y-3.801 E6.18831
G1 X-6.412 Y-3.257 E6.21448
G1 X-6.504 Y-2.723 E6.24054
G1 X-6.666 Y-2.267 E6.26381
G1 X-6.709 Y-2.188 E6.26814
G1 X-7.083 Y-2.313 F7200
G1 F3600
G1 X-7.11 Y-2.246 E6.27161
G1 X-7.393 Y-1.821 E6.29617
G1 X-7.714 Y-1.496 E6.31814
G1 X-23.97 Y12.238 E7.34168
G1 X-24.353 Y12.504 E7.36411
G1 X-24.735 Y12.684 E7.38442
G1 X-25.142 Y12.8 E7.40477
G1 X-25.562 Y12.849 E7.42511
G1 X-25.985 Y12.829 E7.44548
G1 X-26.399 Y12.741 E7.46584
G1 X-26.793 Y12.588 E7.48617
G1 X-27.157 Y12.372 E7.50653
G1 X-27.482 Y12.101 E7.52688
G1 X-27.758 Y11.781 E7.5472
G1 X-27.979 Y11.42 E7.56756
G1 X-28.139 Y11.029 E7.58788
G1 X-28.234 Y10.616 E7.60826
G1 X-28.262 Y10.242 E7.6263
G1 X-28.262 Y-17.221 E8.94717
G1 X-28.219 Y-17.688 E8.96973
G1 X-28.109 Y-18.096 E8.99005
G1 X-27.907 Y-18.527 E9.01294
G1 X-27.702 Y-18.834 E9.03069
G1 X-27.414 Y-19.144 E9.05104
G1 X-26.94 Y-19.483 E9.07907
G1 X-26.399 Y-19.72 E9.10748
G1 X-25.892 Y-19.818 E9.13232
G1 X-25.469 Y-19.822 E9.15267
G1 X-25.051 Y-19.759 E9.173
G1 X-24.46 Y-19.535 E9.2034
G1 X-24.005 Y-19.244 E9.22938
G1 X-7.714 Y-5.483 E10.25505
G1 X-7.393 Y-5.158 E10.27702
G1 X-7.156 Y-4.821 E10.29684
G1 X-6.932 Y-4.322 E10.32315
G1 X-6.802 Y-3.741 E10.35179
G1 X-6.802 Y-3.238 E10.37598
G1 X-6.874 Y-2.832 E10.39581
G1 X-7.061 Y-2.368 E10.41987
G1 X-7.427 Y-2.489 F7200
;TYPE:External perimeter
G1 F1800
G1 X-7.453 Y-2.422 E10.42333
G1 X-7.724 Y-2.026 E10.44641
G1 X-7.963 Y-1.79 E10.46256
G1 X-24.218 Y11.942 E11.486
G1 X-24.523 Y12.158 E11.50398
G1 X-24.848 Y12.315 E11.52134
G1 X-25.193 Y12.418 E11.53866
G1 X-25.551 Y12.463 E11.55601
G1 X-25.912 Y12.45 E11.57338
G1 X-26.265 Y12.379 E11.5907
G1 X-26.603 Y12.252 E11.60807
G1 X-26.915 Y12.072 E11.62539
G1 X-27.194 Y11.844 E11.64272
G1 X-27.433 Y11.573 E11.6601
G1 X-27.625 Y11.268 E11.67743
G1 X-27.765 Y10.936 E11.69476
G1 X-27.85 Y10.585 E11.71213
G1 X-27.877 Y10.242 E11.72868
G1 X-27.877 Y-17.221 E13.04955
G1 X-27.845 Y-17.595 E13.0676
G1 X-27.755 Y-17.944 E13.08493
G1 X-27.581 Y-18.32 E13.10486
G1 X-27.414 Y-18.577 E13.1196
G1 X-27.172 Y-18.844 E13.13693
G1 X-26.75 Y-19.147 E13.16192
G1 X-26.265 Y-19.358 E13.18736
G1 X-25.881 Y-19.432 E13.20617
G1 X-25.52 Y-19.44 E13.22354
G1 X-25.163 Y-19.39 E13.24088
G1 X-24.63 Y-19.189 E13.26828
G1 X-24.217 Y-18.92 E13.29199
G1 X-7.963 Y-5.188 E14.3154
G1 X-7.704 Y-4.93 E14.33298
G1 X-7.499 Y-4.645 E14.34987
G1 X-7.298 Y-4.202 E14.37327
G1 X-7.183 Y-3.68 E14.39898
G1 X-7.183 Y-3.298 E14.41735
G1 X-7.241 Y-2.952 E14.43422
G1 X-7.404 Y-2.544 E14.45535
G1 X-7.609 Y-2.201 F7200
G1 E12.45535 F2400
G92 E0
G1 Z2.95 F7200
G1 X-32.996 Y21.011
G1 Z.95
G1 E2 F2400
;TYPE:Perimeter
G1 F1200
G1 X-32.987 Y20.598 E2.01987
G1 X-32.777 Y19.977 E2.0514
G1 X-32.609 Y19.687 E2.06752
G1 X-32.171 Y19.19 E2.09938
G1 X-31.615 Y18.853 E2.13065
G1 X-31.308 Y18.74 E2.14638
G1 X-30.802 Y18.649 E2.17111
G1 X-30.288 Y18.668 E2.19585
G1 X-29.749 Y18.821 E2.2228
G1 X-29.314 Y19.07 E2.24691
G1 X-29.009 Y19.313 E2.26567
G1 X-28.645 Y19.752 E2.2931
G1 X-28.391 Y20.352 E2.32444
G1 X-28.304 Y20.698 E2.3416
G1 X-28.302 Y21.206 E2.36603
G1 X-28.36 Y21.585 E2.38447
G1 X-28.568 Y22.14 E2.41298
G1 X-29.009 Y22.708 E2.44757
G1 X-29.265 Y22.924 E2.46368
G1 X-29.838 Y23.238 E2.49511
G1 X-30.484 Y23.367 E2.52679
G1 X-30.819 Y23.367 E2.5429
G1 X-31.465 Y23.238 E2.57458
G1 X-32.038 Y22.924 E2.60601
G1 X-32.315 Y22.684 E2.62364
G1 X-32.681 Y22.237 E2.65143
G1 X-32.944 Y21.585 E2.68524
G1 X-33.002 Y21.255 E2.70136
G1 X-32.998 Y21.071 E2.71021
G1 X-32.616 Y21.012 F7200
G1 F1200
G1 X-32.607 Y20.665 E2.72691
G1 X-32.414 Y20.109 E2.75522
G1 X-32.314 Y19.935 E2.76487
G1 X-31.925 Y19.487 E2.79341
G1 X-31.422 Y19.187 E2.82158
G1 X-30.926 Y19.062 E2.84618
G1 X-30.654 Y19.03 E2.85935
G1 X-30.258 Y19.066 E2.87847
G1 X-29.881 Y19.187 E2.89751
G1 X-29.422 Y19.454 E2.92305
G1 X-28.991 Y19.933 E2.95404
G1 X-28.866 Y20.174 E2.9671
G1 X-28.699 Y20.65 E2.99136
G1 X-28.687 Y21.206 E3.01811
G1 X-28.722 Y21.453 E3.03011
G1 X-28.914 Y21.97 E3.05664
G1 X-29.304 Y22.461 E3.0868
G1 X-29.458 Y22.59 E3.09646
G1 X-29.971 Y22.876 E3.12471
G1 X-30.551 Y22.988 E3.15312
G1 X-30.752 Y22.988 E3.16279
G1 X-31.332 Y22.876 E3.1912
G1 X-31.846 Y22.59 E3.21949
G1 X-32.02 Y22.437 E3.23063
G1 X-32.357 Y22.028 E3.25612
G1 X-32.581 Y21.453 E3.2858
G1 X-32.611 Y21.072 E3.30418
G1 X-32.225 Y21.011 F7200
;TYPE:External perimeter
G1 F1200
G1 X-32.231 Y20.766 E3.31597
G1 X-32.052 Y20.241 E3.34265
G1 X-31.704 Y19.809 E3.36933
G1 X-31.23 Y19.521 E3.39601
G1 X-30.725 Y19.417 E3.42081
G1 X-30.358 Y19.438 E3.43849
G1 X-29.998 Y19.565 E3.45685
G1 X-29.6 Y19.809 E3.4793
G1 X-29.275 Y20.196 E3.50361
G1 X-29.085 Y20.7 E3.52952
G1 X-29.073 Y21.206 E3.55386
G1 X-29.221 Y21.695 E3.57843
G1 X-29.285 Y21.838 E3.58597
G1 X-29.622 Y22.236 E3.61105
G1 X-30.074 Y22.5 E3.63623
G1 X-30.618 Y22.608 E3.66291
G1 X-31.167 Y22.523 E3.68963
G1 X-31.653 Y22.256 E3.7163
G1 X-32.018 Y21.839 E3.74295
G1 X-32.219 Y21.321 E3.76967
G1 X-32.224 Y21.071 E3.7817
G1 X-32.186 Y20.673 F7200
G1 E1.7817 F2400
G92 E0
G1 Z2.95 F7200
G1 X-.96 Y-7.131
G1 Z.95
G1 E2 F2400
;TYPE:Perimeter
G1 F3600
G1 X-1.106 Y-7.097 E2.00721
G1 X-1.735 Y-7.048 E2.03755
G1 X-2.068 Y-7.079 E2.05364
G1 X-2.647 Y-7.217 E2.08227
G1 X-3.041 Y-7.401 E2.10318
G1 X-3.47 Y-7.662 E2.12733
G1 X-18.92 Y-20.701 E3.09969
G1 X-19.313 Y-21.105 E3.1268
G1 X-19.587 Y-21.507 E3.1502
G1 X-19.804 Y-21.986 E3.17549
G1 X-19.931 Y-22.487 E3.20035
G1 X-19.97 Y-23.176 E3.23354
G1 X-19.892 Y-23.71 E3.2595
G1 X-19.737 Y-24.172 E3.28294
G1 X-19.484 Y-24.643 E3.30865
G1 X-19.069 Y-25.135 E3.33961
G1 X-18.518 Y-25.552 E3.37285
G1 X-18.066 Y-25.777 E3.39713
G1 X-17.548 Y-25.93 E3.42311
G1 X-16.987 Y-25.986 E3.45023
G1 X13.683 Y-25.986 E4.92535
G1 X14.244 Y-25.93 E4.95247
G1 X14.713 Y-25.8 E4.97588
G1 X15.155 Y-25.596 E4.99929
G1 X15.557 Y-25.323 E5.02266
G1 X15.911 Y-24.989 E5.04607
G1 X16.229 Y-24.557 E5.07187
G1 X16.471 Y-24.066 E5.0982
G1 X16.638 Y-23.439 E5.12941
G1 X16.675 Y-22.9 E5.1554
G1 X16.614 Y-22.375 E5.18082
G1 X16.431 Y-21.803 E5.2097
G1 X16.203 Y-21.373 E5.23311
G1 X15.908 Y-20.986 E5.25651
G1 X15.617 Y-20.701 E5.2761
G1 X.281 Y-7.745 E6.24169
G1 X-.187 Y-7.425 E6.26896
G1 X-.815 Y-7.166 E6.30163
G1 X-.902 Y-7.145 E6.30593
G1 X-1.052 Y-7.513 F7200
G1 F3600
G1 X-1.765 Y-7.432 E6.34044
G1 X-2.558 Y-7.592 E6.37935
G1 X-3.262 Y-7.987 E6.41818
G1 X-18.672 Y-20.996 E7.38814
G1 X-19 Y-21.331 E7.41069
G1 X-19.242 Y-21.679 E7.43108
G1 X-19.433 Y-22.091 E7.45292
G1 X-19.564 Y-22.621 E7.47918
G1 X-19.585 Y-23.188 E7.50647
G1 X-19.501 Y-23.69 E7.53095
G1 X-19.375 Y-24.039 E7.5488
G1 X-19.12 Y-24.49 E7.57372
G1 X-18.826 Y-24.835 E7.59552
G1 X-18.345 Y-25.207 E7.62477
G1 X-17.894 Y-25.432 E7.64901
G1 X-17.362 Y-25.571 E7.67546
G1 X-16.987 Y-25.6 E7.69355
G1 X13.683 Y-25.6 E9.16867
G1 X14.151 Y-25.556 E9.19128
G1 X14.56 Y-25.446 E9.21165
G1 X14.947 Y-25.272 E9.23206
G1 X15.3 Y-25.037 E9.25246
G1 X15.61 Y-24.748 E9.27284
G1 X15.883 Y-24.386 E9.29465
G1 X16.115 Y-23.918 E9.31977
G1 X16.264 Y-23.346 E9.3482
G1 X16.286 Y-22.814 E9.37381
G1 X16.163 Y-22.198 E9.40402
G1 X15.939 Y-21.679 E9.43121
G1 X15.636 Y-21.26 E9.45608
G1 X15.368 Y-20.996 E9.47417
G1 X.032 Y-8.04 E10.43976
G1 X-.377 Y-7.762 E10.46355
G1 X-.961 Y-7.523 E10.4939
G1 X-.992 Y-7.519 E10.4954
G1 X-1.138 Y-7.877 F7200
;TYPE:External perimeter
G1 F1800
G1 X-1.795 Y-7.816 E10.52714
G1 X-2.469 Y-7.967 E10.56036
G1 X-3.062 Y-8.317 E10.59348
G1 X-18.423 Y-21.29 E11.56052
G1 X-18.688 Y-21.557 E11.57861
G1 X-18.897 Y-21.851 E11.59596
G1 X-19.059 Y-22.186 E11.61386
G1 X-19.182 Y-22.675 E11.63811
G1 X-19.199 Y-23.2 E11.66337
G1 X-19.126 Y-23.596 E11.68274
G1 X-19.012 Y-23.907 E11.69867
G1 X-18.819 Y-24.249 E11.71756
G1 X-18.584 Y-24.535 E11.73536
G1 X-18.173 Y-24.862 E11.76062
G1 X-17.722 Y-25.087 E11.78486
G1 X-17.331 Y-25.187 E11.80427
G1 X-16.987 Y-25.214 E11.82087
G1 X13.683 Y-25.214 E13.29599
G1 X14.058 Y-25.182 E13.31409
G1 X14.408 Y-25.092 E13.33147
G1 X14.739 Y-24.947 E13.34885
G1 X15.042 Y-24.75 E13.36623
G1 X15.309 Y-24.506 E13.38363
G1 X15.538 Y-24.214 E13.40148
G1 X15.762 Y-23.761 E13.42579
G1 X15.89 Y-23.252 E13.45103
G1 X15.902 Y-22.849 E13.47042
G1 X15.795 Y-22.312 E13.49676
G1 X15.594 Y-21.851 E13.52095
G1 X15.364 Y-21.533 E13.53983
G1 X15.119 Y-21.29 E13.55643
G1 X-.217 Y-8.334 E14.52202
G1 X-.524 Y-8.119 E14.54005
G1 X-1.08 Y-7.891 E14.56895
G1 X-1.478 Y-7.847 F7200
G1 E12.56895 F2400
G92 E0
G1 Z2.95 F7200
G1 X-29.134 Y-26.18
G1 Z.95
G1 E2 F2400
;TYPE:Perimeter
G1 F1200
G1 X-29.265 Y-26.076 E2.00804
G1 X-29.749 Y-25.8 E2.03484
G1 X-30.143 Y-25.693 E2.05448
G1 X-30.702 Y-25.619 E2.0816
G1 X-31.301 Y-25.717 E2.11079
G1 X-31.615 Y-25.832 E2.12687
G1 X-32.052 Y-26.084 E2.15113
G1 X-32.295 Y-26.291 E2.16648
G1 X-32.678 Y-26.759 E2.19557
G1 X-32.934 Y-27.388 E2.22823
G1 X-33.002 Y-27.745 E2.24571
G1 X-32.989 Y-28.389 E2.27669
G1 X-32.777 Y-29.023 E2.30884
G1 X-32.609 Y-29.313 E2.32496
G1 X-32.295 Y-29.687 E2.34845
G1 X-32.038 Y-29.902 E2.36457
G1 X-31.615 Y-30.147 E2.38808
G1 X-31.308 Y-30.26 E2.40381
G1 X-30.69 Y-30.357 E2.4339
G1 X-30.158 Y-30.307 E2.4596
G1 X-29.688 Y-30.147 E2.48348
G1 X-29.265 Y-29.902 E2.50699
G1 X-29.009 Y-29.687 E2.52307
G1 X-28.695 Y-29.313 E2.54656
G1 X-28.527 Y-29.023 E2.56268
G1 X-28.314 Y-28.389 E2.59485
G1 X-28.302 Y-27.745 E2.62583
G1 X-28.36 Y-27.415 E2.64195
G1 X-28.548 Y-26.903 E2.66818
G1 X-28.696 Y-26.664 E2.6817
G1 X-29.049 Y-26.246 E2.70801
G1 X-29.086 Y-26.217 E2.71027
G1 X-29.381 Y-26.475 F7200
G1 F1200
G1 X-29.458 Y-26.41 E2.71512
G1 X-29.917 Y-26.147 E2.74056
G1 X-30.534 Y-26.015 E2.77091
G1 X-30.752 Y-26.012 E2.7814
G1 X-31.287 Y-26.109 E2.80755
G1 X-31.845 Y-26.41 E2.83804
G1 X-31.999 Y-26.539 E2.8477
G1 X-32.355 Y-26.97 E2.87459
G1 X-32.571 Y-27.52 E2.90301
G1 X-32.616 Y-27.745 E2.91405
G1 X-32.609 Y-28.327 E2.94204
G1 X-32.414 Y-28.891 E2.97074
G1 X-32 Y-29.439 E3.00377
G1 X-31.422 Y-29.813 E3.03688
G1 X-30.795 Y-29.962 E3.06788
G1 X-30.258 Y-29.934 E3.09374
G1 X-29.881 Y-29.813 E3.11278
G1 X-29.304 Y-29.439 E3.14585
G1 X-28.89 Y-28.891 E3.17888
G1 X-28.695 Y-28.327 E3.20758
G1 X-28.687 Y-27.745 E3.23557
G1 X-28.753 Y-27.462 E3.24955
G1 X-28.936 Y-26.99 E3.2739
G1 X-29.304 Y-26.539 E3.3019
G1 X-29.335 Y-26.513 E3.30385
G1 X-29.629 Y-26.77 F7200
;TYPE:External perimeter
G1 F1200
G1 X-30.086 Y-26.493 E3.32955
G1 X-30.601 Y-26.395 E3.35476
G1 X-31.167 Y-26.477 E3.38227
G1 X-31.653 Y-26.744 E3.40894
G1 X-32.018 Y-27.162 E3.43563
G1 X-32.209 Y-27.652 E3.46092
G1 X-32.231 Y-28.234 E3.48893
G1 X-32.052 Y-28.759 E3.51561
G1 X-31.704 Y-29.191 E3.54229
G1 X-31.23 Y-29.479 E3.56897
G1 X-30.725 Y-29.583 E3.59377
G1 X-30.358 Y-29.562 E3.61145
G1 X-30.074 Y-29.479 E3.62568
G1 X-29.6 Y-29.191 E3.65236
G1 X-29.252 Y-28.759 E3.67904
G1 X-29.076 Y-28.265 E3.70426
G1 X-29.073 Y-27.745 E3.72927
G1 X-29.252 Y-27.22 E3.75595
G1 X-29.583 Y-26.807 E3.78141
G1 X-29.922 Y-26.594 F7200
G1 E1.78141 F2400
G92 E0
G1 Z2.95 F7200
G1 X-40.222 Y-25.156
G1 Z.95
G1 E2 F2400
;TYPE:Perimeter
G1 F3600
G1 X-40.17 Y-25.12 E2.00304
G1 X-39.783 Y-24.769 E2.02817
G1 X-39.419 Y-24.331 E2.05556
G1 X-39.067 Y-23.734 E2.08889
G1 X-38.819 Y-23.109 E2.12123
G1 X-38.7 Y-22.573 E2.14764
G1 X-38.656 Y-22.028 E2.17394
G1 X-38.656 Y21.012 E4.24401
G1 X-38.69 Y21.533 E4.26912
G1 X-38.81 Y22.105 E4.29723
G1 X-38.986 Y22.597 E4.32236
G1 X-39.224 Y23.062 E4.34748
G1 X-39.521 Y23.492 E4.37262
G1 X-39.872 Y23.88 E4.39778
G1 X-40.27 Y24.218 E4.42289
G1 X-40.709 Y24.501 E4.44801
G1 X-41.182 Y24.725 E4.47318
G1 X-41.679 Y24.885 E4.49829
G1 X-42.193 Y24.979 E4.52342
G1 X-42.651 Y25.007 E4.54549
G1 X-50.653 Y25.007 E4.93036
G1 X-51.236 Y24.963 E4.95848
G1 X-51.747 Y24.853 E4.98362
G1 X-52.239 Y24.677 E5.00875
G1 X-52.704 Y24.438 E5.0339
G1 X-53.133 Y24.141 E5.059
G1 X-53.521 Y23.79 E5.08416
G1 X-53.859 Y23.392 E5.10927
G1 X-54.142 Y22.953 E5.13439
G1 X-54.366 Y22.481 E5.15952
G1 X-54.526 Y21.984 E5.18463
G1 X-54.62 Y21.47 E5.20976
G1 X-54.648 Y21.012 E5.23183
G1 X-54.648 Y-21.99 E7.30008
G1 X-54.604 Y-22.573 E7.3282
G1 X-54.494 Y-23.084 E7.35334
G1 X-54.293 Y-23.623 E7.38101
G1 X-53.956 Y-24.221 E7.41402
G1 X-53.538 Y-24.749 E7.44641
G1 X-52.85 Y-25.316 E7.48929
G1 X-52.263 Y-25.643 E7.52161
G1 X-51.747 Y-25.831 E7.54802
G1 X-51.236 Y-25.941 E7.57316
G1 X-50.691 Y-25.986 E7.59946
G1 X-42.651 Y-25.986 E7.98616
G1 X-42.068 Y-25.941 E8.01428
G1 X-41.557 Y-25.831 E8.03942
G1 X-41.065 Y-25.655 E8.06455
G1 X-40.6 Y-25.417 E8.08967
G1 X-40.272 Y-25.19 E8.10886
G1 X-40.456 Y-24.851 F7200
G1 F3600
G1 X-40.425 Y-24.83 E8.11066
G1 X-40.073 Y-24.515 E8.13338
G1 X-39.75 Y-24.133 E8.15744
G1 X-39.399 Y-23.538 E8.19067
G1 X-39.181 Y-22.975 E8.21971
G1 X-39.072 Y-22.46 E8.24503
G1 X-39.041 Y-21.766 E8.27844
G1 X-39.041 Y21.012 E10.33591
G1 X-39.078 Y21.519 E10.36036
G1 X-39.177 Y21.987 E10.38337
G1 X-39.332 Y22.427 E10.40581
G1 X-39.562 Y22.874 E10.42999
G1 X-39.811 Y23.238 E10.4512
G1 X-40.126 Y23.59 E10.47392
G1 X-40.485 Y23.897 E10.49664
G1 X-40.88 Y24.156 E10.51936
G1 X-41.306 Y24.36 E10.54208
G1 X-41.754 Y24.507 E10.56476
G1 X-42.218 Y24.594 E10.58747
G1 X-42.651 Y24.621 E10.60834
G1 X-50.653 Y24.621 E10.99321
G1 X-51.16 Y24.584 E11.01766
G1 X-51.623 Y24.487 E11.04041
G1 X-52.068 Y24.331 E11.06309
G1 X-52.489 Y24.118 E11.08578
G1 X-52.879 Y23.851 E11.10851
G1 X-53.231 Y23.536 E11.13123
G1 X-53.655 Y23.003 E11.16399
G1 X-53.972 Y22.427 E11.19561
G1 X-54.148 Y21.908 E11.22197
G1 X-54.235 Y21.444 E11.24468
G1 X-54.262 Y21.012 E11.2655
G1 X-54.262 Y-21.99 E13.33375
G1 X-54.225 Y-22.498 E13.35825
G1 X-54.129 Y-22.96 E13.38095
G1 X-53.957 Y-23.434 E13.4052
G1 X-53.62 Y-24.032 E13.43821
G1 X-53.242 Y-24.502 E13.46722
G1 X-52.612 Y-25.012 E13.5062
G1 X-52.083 Y-25.302 E13.53522
G1 X-51.55 Y-25.486 E13.56234
G1 X-51.085 Y-25.573 E13.58509
G1 X-50.653 Y-25.6 E13.60591
G1 X-42.651 Y-25.6 E13.99078
G1 X-42.143 Y-25.563 E14.01528
G1 X-41.681 Y-25.466 E14.03799
G1 X-41.236 Y-25.31 E14.06067
G1 X-40.814 Y-25.096 E14.08343
G1 X-40.505 Y-24.885 E14.10143
G1 X-40.689 Y-24.547 F7200
;TYPE:External perimeter
G1 F1800
G1 X-40.679 Y-24.54 E14.10202
G1 X-40.363 Y-24.261 E14.12229
G1 X-40.08 Y-23.933 E14.14313
G1 X-39.731 Y-23.342 E14.17614
G1 X-39.542 Y-22.842 E14.20185
G1 X-39.453 Y-22.398 E14.22363
G1 X-39.427 Y-21.766 E14.25405
G1 X-39.427 Y21.012 E16.31152
G1 X-39.456 Y21.444 E16.33234
G1 X-39.542 Y21.863 E16.35291
G1 X-39.677 Y22.256 E16.3729
G1 X-39.883 Y22.66 E16.39471
G1 X-40.101 Y22.984 E16.41349
G1 X-40.381 Y23.3 E16.4338
G1 X-40.699 Y23.577 E16.45408
G1 X-41.05 Y23.81 E16.47434
G1 X-41.429 Y23.995 E16.49462
G1 X-41.829 Y24.129 E16.51491
G1 X-42.243 Y24.209 E16.53519
G1 X-42.651 Y24.236 E16.55486
G1 X-50.653 Y24.236 E16.93973
G1 X-51.085 Y24.206 E16.96056
G1 X-51.499 Y24.122 E16.98088
G1 X-51.898 Y23.985 E17.00117
G1 X-52.275 Y23.797 E17.02143
G1 X-52.625 Y23.561 E17.04173
G1 X-52.941 Y23.282 E17.062
G1 X-53.335 Y22.789 E17.09235
G1 X-53.626 Y22.256 E17.12156
G1 X-53.77 Y21.833 E17.14305
G1 X-53.851 Y21.419 E17.16334
G1 X-53.877 Y21.012 E17.18296
G1 X-53.877 Y-21.99 E19.25121
G1 X-53.847 Y-22.423 E19.27209
G1 X-53.763 Y-22.836 E19.29236
G1 X-53.621 Y-23.244 E19.31314
G1 X-53.284 Y-23.843 E19.3462
G1 X-52.945 Y-24.256 E19.3719
G1 X-52.374 Y-24.709 E19.40696
G1 X-51.903 Y-24.961 E19.43265
G1 X-51.474 Y-25.107 E19.45445
G1 X-51.06 Y-25.188 E19.47474
G1 X-50.653 Y-25.214 E19.49436
G1 X-42.651 Y-25.214 E19.87923
G1 X-42.218 Y-25.185 E19.9001
G1 X-41.805 Y-25.101 E19.92037
G1 X-41.406 Y-24.964 E19.94066
G1 X-41.029 Y-24.776 E19.96092
G1 X-40.739 Y-24.581 E19.97773
G1 X-40.434 Y-24.322 F7200
G1 E17.97773 F2400
G92 E0
G1 Z2.95 F7200
G1 X26.174 Y-25.956
G1 Z.95
G1 E2 F2400
;TYPE:Perimeter
G1 F1200
G1 X25.791 Y-26.201 E2.02187
G1 X25.393 Y-26.663 E2.0512
G1 X25.223 Y-26.956 E2.06749
G1 X25.036 Y-27.476 E2.09407
G1 X24.998 Y-28.234 E2.13057
G1 X25.056 Y-28.563 E2.14664
G1 X25.223 Y-29.023 E2.17018
G1 X25.391 Y-29.313 E2.1863
G1 X25.705 Y-29.687 E2.20979
G1 X25.962 Y-29.902 E2.22591
G1 X26.385 Y-30.147 E2.24942
G1 X26.692 Y-30.26 E2.26515
G1 X27.31 Y-30.357 E2.29524
G1 X27.842 Y-30.307 E2.32094
G1 X28.312 Y-30.147 E2.34482
G1 X28.735 Y-29.902 E2.36833
G1 X28.991 Y-29.687 E2.38441
G1 X29.305 Y-29.313 E2.4079
G1 X29.473 Y-29.023 E2.42402
G1 X29.686 Y-28.389 E2.45619
G1 X29.698 Y-27.745 E2.48717
G1 X29.635 Y-27.401 E2.50399
G1 X29.457 Y-26.916 E2.52884
G1 X29.305 Y-26.666 E2.54291
G1 X28.942 Y-26.238 E2.5699
G1 X28.735 Y-26.076 E2.58254
G1 X28.186 Y-25.771 E2.61275
G1 X27.516 Y-25.633 E2.64565
G1 X27.181 Y-25.633 E2.66176
G1 X26.638 Y-25.73 E2.68829
G1 X26.225 Y-25.925 E2.71026
G1 X26.366 Y-26.289 F7200
G1 F1200
G1 X26.118 Y-26.433 E2.72405
G1 X25.689 Y-26.911 E2.75494
G1 X25.506 Y-27.308 E2.77597
G1 X25.39 Y-27.661 E2.79384
G1 X25.384 Y-28.234 E2.8214
G1 X25.419 Y-28.432 E2.83107
G1 X25.686 Y-29.065 E2.86411
G1 X26.154 Y-29.568 E2.89715
G1 X26.762 Y-29.881 E2.93004
G1 X27.31 Y-29.972 E2.95676
G1 X27.742 Y-29.934 E2.97762
G1 X28.119 Y-29.813 E2.99666
G1 X28.696 Y-29.439 E3.02973
G1 X29.11 Y-28.891 E3.06276
G1 X29.305 Y-28.327 E3.09146
G1 X29.313 Y-27.745 E3.11945
G1 X29.273 Y-27.533 E3.12983
G1 X29.101 Y-27.064 E3.15386
G1 X28.708 Y-26.554 E3.18483
G1 X28.542 Y-26.41 E3.1954
G1 X28.043 Y-26.129 E3.22294
G1 X27.449 Y-26.012 E3.25206
G1 X26.986 Y-26.059 E3.27444
G1 X26.578 Y-26.166 E3.29473
G1 X26.418 Y-26.259 E3.30363
G1 X26.561 Y-26.626 F7200
;TYPE:External perimeter
G1 F1200
G1 X26.347 Y-26.744 E3.31538
G1 X25.984 Y-27.159 E3.3419
G1 X25.781 Y-27.679 E3.36875
G1 X25.769 Y-28.234 E3.39545
G1 X25.948 Y-28.759 E3.42213
G1 X26.296 Y-29.191 E3.44881
G1 X26.77 Y-29.479 E3.47549
G1 X27.275 Y-29.583 E3.50029
G1 X27.642 Y-29.562 E3.51797
G1 X27.926 Y-29.479 E3.5322
G1 X28.4 Y-29.191 E3.55888
G1 X28.748 Y-28.759 E3.58556
G1 X28.924 Y-28.265 E3.61078
G1 X28.927 Y-27.745 E3.63579
G1 X28.748 Y-27.22 E3.66247
G1 X28.412 Y-26.801 E3.6883
G1 X27.926 Y-26.5 E3.71579
G1 X27.382 Y-26.392 E3.74247
G1 X26.833 Y-26.477 E3.76919
G1 X26.614 Y-26.598 E3.78122
G1 X26.288 Y-26.83 F7200
G1 E1.78122 F2400
G92 E0
G1 Z2.95 F7200
G1 X25.303 Y19.83
G1 Z.95
G1 E2 F2400
;TYPE:Perimeter
G1 F1200
G1 X25.393 Y19.684 E2.00825
G1 X25.746 Y19.268 E2.03449
G1 X26.025 Y19.061 E2.0512
G1 X26.508 Y18.794 E2.07774
G1 X27.135 Y18.659 E2.10859
G1 X27.653 Y18.663 E2.1335
G1 X27.922 Y18.719 E2.14672
G1 X28.478 Y18.927 E2.17527
G1 X29.046 Y19.368 E2.20986
G1 X29.261 Y19.624 E2.22594
G1 X29.602 Y20.279 E2.26146
G1 X29.698 Y20.766 E2.28533
G1 X29.693 Y21.354 E2.31361
G1 X29.476 Y22.034 E2.34794
G1 X29.305 Y22.334 E2.36455
G1 X28.957 Y22.747 E2.39053
G1 X28.735 Y22.924 E2.40419
G1 X28.162 Y23.238 E2.43562
G1 X27.516 Y23.367 E2.4673
G1 X27.181 Y23.367 E2.48341
G1 X26.535 Y23.238 E2.51509
G1 X25.962 Y22.924 E2.54652
G1 X25.705 Y22.708 E2.56267
G1 X25.32 Y22.238 E2.59189
G1 X25.102 Y21.711 E2.61932
G1 X25.001 Y21.332 E2.63818
G1 X24.998 Y20.766 E2.6654
G1 X25.056 Y20.437 E2.68147
G1 X25.244 Y19.925 E2.7077
G1 X25.271 Y19.881 E2.71018
G1 X25.629 Y20.019 F7200
G1 F1200
G1 X25.632 Y20.011 E2.71059
G1 X26 Y19.561 E2.73855
G1 X26.218 Y19.395 E2.75173
G1 X26.694 Y19.136 E2.77779
G1 X27.26 Y19.03 E2.80549
G1 X27.79 Y19.081 E2.8311
G1 X28.307 Y19.273 E2.85763
G1 X28.798 Y19.663 E2.88779
G1 X28.927 Y19.817 E2.89745
G1 X29.229 Y20.379 E2.92814
G1 X29.313 Y20.766 E2.94719
G1 X29.309 Y21.314 E2.97355
G1 X29.114 Y21.902 E3.00335
G1 X29.01 Y22.086 E3.01352
G1 X28.675 Y22.484 E3.03854
G1 X28.119 Y22.834 E3.07014
G1 X27.93 Y22.903 E3.07982
G1 X27.348 Y22.996 E3.10817
G1 X26.766 Y22.903 E3.13652
G1 X26.578 Y22.834 E3.14615
G1 X26.069 Y22.53 E3.17467
G1 X25.686 Y22.086 E3.20287
G1 X25.554 Y21.826 E3.21689
G1 X25.391 Y21.344 E3.24136
G1 X25.384 Y20.766 E3.26916
G1 X25.45 Y20.483 E3.28314
G1 X25.607 Y20.075 E3.30417
G1 X25.97 Y20.214 F7200
;TYPE:External perimeter
G1 F1200
G1 X26.296 Y19.809 E3.32918
G1 X26.77 Y19.521 E3.35586
G1 X27.321 Y19.414 E3.38286
G1 X27.658 Y19.443 E3.39913
G1 X28.137 Y19.619 E3.42367
G1 X28.55 Y19.958 E3.44937
G1 X28.837 Y20.433 E3.47606
G1 X28.927 Y20.766 E3.49265
G1 X28.926 Y21.275 E3.51713
G1 X28.752 Y21.77 E3.54237
G1 X28.349 Y22.256 E3.57274
G1 X27.896 Y22.514 E3.59781
G1 X27.382 Y22.608 E3.62294
G1 X26.833 Y22.523 E3.64966
G1 X26.347 Y22.256 E3.67633
G1 X25.982 Y21.838 E3.70302
G1 X25.781 Y21.321 E3.7297
G1 X25.769 Y20.766 E3.7564
G1 X25.94 Y20.265 E3.78186
G1 X26.185 Y19.949 F7200
G1 E1.78186 F2400
G92 E0
G1 Z2.95 F7200
G1 X36.694 Y-24.41
G1 Z.95
G1 E2 F2400
;TYPE:Perimeter
G1 F3600
G1 X36.962 Y-24.749 E2.02078
G1 X37.65 Y-25.316 E2.06366
G1 X38.237 Y-25.643 E2.09598
G1 X38.753 Y-25.831 E2.12239
G1 X39.264 Y-25.941 E2.14753
G1 X39.809 Y-25.986 E2.17383
G1 X42.349 Y-25.986 E2.296
G1 X42.932 Y-25.941 E2.32412
G1 X43.443 Y-25.831 E2.34926
G1 X43.935 Y-25.655 E2.37439
G1 X44.4 Y-25.417 E2.39951
G1 X44.83 Y-25.12 E2.42465
G1 X45.217 Y-24.769 E2.44978
G1 X45.555 Y-24.371 E2.47489
G1 X45.839 Y-23.932 E2.50004
G1 X46.062 Y-23.46 E2.52515
G1 X46.223 Y-22.962 E2.55032
G1 X46.316 Y-22.448 E2.57544
G1 X46.344 Y-21.99 E2.59751
G1 X46.344 Y21.012 E4.66576
G1 X46.304 Y21.573 E4.69281
G1 X46.19 Y22.105 E4.71898
G1 X46.014 Y22.597 E4.74411
G1 X45.776 Y23.062 E4.76923
G1 X45.479 Y23.492 E4.79437
G1 X45.128 Y23.88 E4.81953
G1 X44.73 Y24.218 E4.84464
G1 X44.291 Y24.501 E4.86976
G1 X43.818 Y24.725 E4.89493
G1 X43.321 Y24.885 E4.92004
G1 X42.654 Y25.007 E4.95265
G1 X39.847 Y25.007 E5.08766
G1 X39.264 Y24.963 E5.11578
G1 X38.753 Y24.853 E5.14092
G1 X38.261 Y24.677 E5.16605
G1 X37.796 Y24.438 E5.1912
G1 X37.367 Y24.141 E5.2163
G1 X36.979 Y23.79 E5.24146
G1 X36.641 Y23.392 E5.26657
G1 X36.358 Y22.953 E5.29169
G1 X36.134 Y22.481 E5.31682
G1 X35.978 Y22.003 E5.341
G1 X35.88 Y21.473 E5.36692
G1 X35.852 Y20.766 E5.40095
G1 X35.852 Y-21.99 E7.45737
G1 X35.886 Y-22.509 E7.48239
G1 X35.996 Y-23.052 E7.50904
G1 X36.167 Y-23.543 E7.53405
G1 X36.544 Y-24.221 E7.57136
G1 X36.656 Y-24.363 E7.58006
G1 X36.997 Y-24.177 F7200
G1 F3600
G1 X37.258 Y-24.502 E7.60011
G1 X37.888 Y-25.012 E7.63909
G1 X38.417 Y-25.302 E7.66811
G1 X38.95 Y-25.486 E7.69523
G1 X39.559 Y-25.6 E7.72503
G1 X42.349 Y-25.6 E7.85922
G1 X42.857 Y-25.563 E7.88372
G1 X43.319 Y-25.466 E7.90643
G1 X43.764 Y-25.31 E7.92911
G1 X44.186 Y-25.096 E7.95187
G1 X44.575 Y-24.83 E7.97454
G1 X44.927 Y-24.515 E7.99726
G1 X45.351 Y-23.982 E8.03002
G1 X45.668 Y-23.406 E8.06164
G1 X45.844 Y-22.887 E8.088
G1 X45.932 Y-22.423 E8.11071
G1 X45.959 Y-21.99 E8.13158
G1 X45.959 Y21.012 E10.19983
G1 X45.922 Y21.519 E10.22428
G1 X45.825 Y21.981 E10.24699
G1 X45.668 Y22.427 E10.26973
G1 X45.351 Y23.003 E10.30135
G1 X44.927 Y23.536 E10.33411
G1 X44.515 Y23.897 E10.36046
G1 X44.12 Y24.156 E10.38318
G1 X43.694 Y24.36 E10.4059
G1 X43.246 Y24.507 E10.42858
G1 X42.638 Y24.621 E10.45833
G1 X39.847 Y24.621 E10.59257
G1 X39.34 Y24.584 E10.61702
G1 X38.877 Y24.487 E10.63977
G1 X38.432 Y24.331 E10.66245
G1 X38.011 Y24.118 E10.68514
G1 X37.621 Y23.851 E10.70787
G1 X37.269 Y23.536 E10.73059
G1 X36.949 Y23.159 E10.75437
G1 X36.703 Y22.783 E10.77598
G1 X36.499 Y22.357 E10.7987
G1 X36.352 Y21.908 E10.82142
G1 X36.265 Y21.444 E10.84413
G1 X36.238 Y20.766 E10.87677
G1 X36.238 Y-21.99 E12.93319
G1 X36.275 Y-22.498 E12.95769
G1 X36.371 Y-22.96 E12.98039
G1 X36.543 Y-23.434 E13.00464
G1 X36.881 Y-24.034 E13.03776
G1 X36.959 Y-24.13 E13.04371
G1 X37.3 Y-23.945 F7200
;TYPE:External perimeter
G1 F1800
G1 X37.555 Y-24.256 E13.06305
G1 X38.126 Y-24.709 E13.09811
G1 X38.597 Y-24.961 E13.1238
G1 X39.026 Y-25.107 E13.1456
G1 X39.575 Y-25.214 E13.1725
G1 X42.349 Y-25.214 E13.30592
G1 X42.782 Y-25.185 E13.32679
G1 X43.195 Y-25.101 E13.34706
G1 X43.594 Y-24.964 E13.36735
G1 X43.971 Y-24.776 E13.38761
G1 X44.321 Y-24.54 E13.40791
G1 X44.637 Y-24.261 E13.42818
G1 X45.031 Y-23.768 E13.45853
G1 X45.323 Y-23.235 E13.48776
G1 X45.466 Y-22.812 E13.50924
G1 X45.547 Y-22.398 E13.52953
G1 X45.573 Y-21.99 E13.54919
G1 X45.573 Y21.012 E15.61744
G1 X45.544 Y21.444 E15.63826
G1 X45.46 Y21.857 E15.65853
G1 X45.323 Y22.256 E15.67882
G1 X45.031 Y22.789 E15.70805
G1 X44.637 Y23.282 E15.7384
G1 X44.301 Y23.577 E15.75991
G1 X43.95 Y23.81 E15.78017
G1 X43.571 Y23.995 E15.80045
G1 X43.171 Y24.129 E15.82074
G1 X42.622 Y24.236 E15.84764
G1 X39.847 Y24.236 E15.98111
G1 X39.415 Y24.206 E16.00194
G1 X39.001 Y24.122 E16.02226
G1 X38.602 Y23.985 E16.04255
G1 X38.225 Y23.797 E16.06281
G1 X37.875 Y23.561 E16.08311
G1 X37.559 Y23.282 E16.10338
G1 X37.098 Y22.688 E16.13954
G1 X36.864 Y22.233 E16.16415
G1 X36.73 Y21.833 E16.18444
G1 X36.649 Y21.419 E16.20473
G1 X36.623 Y20.766 E16.23616
G1 X36.623 Y-21.99 E18.29258
G1 X36.653 Y-22.423 E18.31346
G1 X36.737 Y-22.836 E18.33373
G1 X36.879 Y-23.244 E18.35451
G1 X37.216 Y-23.843 E18.38757
G1 X37.262 Y-23.898 E18.39102
G1 X37.515 Y-24.208 F7200
G1 E16.39102 F2400
G92 E0
G1 Z2.95 F7200
G1 X-63.156 Y-31.993
G1 Z.95
G1 E2 F2400
;TYPE:Perimeter
G1 F3600
G1 X54.852 Y-31.993 E7.67577
G1 X54.852 Y31.014 E10.70619
G1 X-63.156 Y31.014 E16.38196
G1 X-63.156 Y-31.933 E19.40949
G1 X-63.541 Y-32.379 F7200
G1 F3600
G1 X55.238 Y-32.379 E25.12235
G1 X55.238 Y31.4 E28.1899
G1 X-63.541 Y31.4 E33.90276
G1 X-63.541 Y-32.319 E36.96742
G1 X-63.927 Y-32.764 F7200
;TYPE:External perimeter
G1 F1800
G1 X55.623 Y-32.764 E42.71736
G1 X55.623 Y31.786 E45.82199
G1 X-63.927 Y31.786 E51.57193
G1 X-63.927 Y-32.704 E54.67367
G1 X-63.531 Y-32.764 F7200
G1 E52.67367 F2400
G92 E0
G1 Z2.95 F7200
G1 X-62.835 Y30.621
G1 Z.95
G1 E2 F2400
;TYPE:Solid infill
;WIDTH:0.543559
G1 F1500
G1 X-62.877 Y30.663 E2.00355
G1 X-62.862 Y30.721 E2.00713
G1 X-62.804 Y30.736 E2.01071
G1 X-62.762 Y30.694 E2.01426
G1 X-62.777 Y30.636 E2.01784
;WIDTH:0.45
G1 X-62.866 Y30.02 E2.04778
G1 X-62.024 Y30.849 E2.10461
;WIDTH:0.404381
G1 X-62.043 Y30.92 E2.10773
G1 X-61.972 Y30.901 E2.11085
G1 X-61.983 Y30.86 E2.11265
;WIDTH:0.45
G1 X-61.616 Y30.725 E2.13146
G1 X-62.866 Y29.475 E2.21648
G1 X-62.866 Y28.929 E2.24274
G1 X-61.071 Y30.725 E2.36487
G1 X-60.525 Y30.725 E2.39113
G1 X-62.866 Y28.384 E2.55036
G1 X-62.866 Y27.839 E2.57657
G1 X-59.98 Y30.725 E2.77287
G1 X-59.435 Y30.725 E2.79908
G1 X-62.866 Y27.293 E3.03249
G1 X-62.866 Y26.748 E3.0587
G1 X-58.889 Y30.725 E3.32921
G1 X-58.344 Y30.725 E3.35542
G1 X-62.866 Y26.203 E3.663
G1 X-62.866 Y25.657 E3.68926
G1 X-57.799 Y30.725 E4.03395
G1 X-57.253 Y30.725 E4.06021
G1 X-62.866 Y25.112 E4.442
G1 X-62.866 Y24.567 E4.46821
G1 X-56.708 Y30.725 E4.88707
G1 X-56.162 Y30.725 E4.91333
G1 X-62.866 Y24.021 E5.36933
G1 X-62.866 Y23.476 E5.39554
G1 X-55.617 Y30.725 E5.88861
G1 X-55.072 Y30.725 E5.91482
G1 X-62.866 Y22.931 E6.44496
G1 X-62.866 Y22.385 E6.47122
G1 X-54.526 Y30.725 E7.0385
G1 X-53.981 Y30.725 E7.06471
G1 X-62.866 Y21.84 E7.66906
G1 X-62.866 Y21.295 E7.69527
G1 X-53.436 Y30.725 E8.33669
G1 X-52.89 Y30.725 E8.36295
G1 X-62.866 Y20.749 E9.04151
G1 X-62.866 Y20.204 E9.06772
G1 X-52.345 Y30.725 E9.78335
G1 X-51.8 Y30.725 E9.80956
G1 X-62.866 Y19.659 E10.56226
G1 X-62.866 Y19.113 E10.58852
G1 X-51.254 Y30.725 E11.37835
G1 X-50.709 Y30.725 E11.40456
G1 X-62.866 Y18.568 E12.23146
G1 X-62.866 Y18.023 E12.25767
G1 X-50.164 Y30.725 E13.12164
G1 X-49.618 Y30.725 E13.1479
G1 X-62.866 Y17.477 E14.04901
G1 X-62.866 Y16.932 E14.07522
G1 X-49.073 Y30.725 E15.0134
G1 X-48.528 Y30.725 E15.03961
G1 X-62.866 Y16.386 E16.0149
G1 X-62.866 Y15.841 E16.04111
G1 X-47.982 Y30.725 E17.0535
G1 X-47.134 Y30.808 F7200
;WIDTH:0.404381
G1 F1500
G1 X-47.123 Y30.849 E17.0553
G1 X-47.194 Y30.868 E17.05842
G1 X-47.175 Y30.797 E17.06154
;WIDTH:0.45
G1 X-47.437 Y30.725 E17.07461
G1 X-62.866 Y15.296 E18.12407
G1 X-62.866 Y14.75 E18.15033
G1 X-54.152 Y23.465 E18.74308
G1 X-53.91 Y23.737 E18.76059
;WIDTH:0.406705
G1 X-53.367 Y24.283 E18.79347
;WIDTH:0.45
G1 X-53.094 Y24.522 E18.81092
G1 X-46.892 Y30.725 E19.23281
G1 X-46.346 Y30.725 E19.25907
G1 X-51.999 Y25.072 E19.64358
G1 X-52.046 Y24.906 E19.65188
;WIDTH:0.404381
G1 X-52.272 Y24.897 E19.66147
G1 X-51.278 Y25.248 F7200
;WIDTH:0.45
G1 F1500
G1 X-45.801 Y30.725 E20.03401
G1 X-45.256 Y30.725 E20.06022
G1 X-50.687 Y25.294 E20.42963
G1 X-50.139 Y25.296 E20.45599
G1 X-44.71 Y30.725 E20.82526
G1 X-44.165 Y30.725 E20.85147
G1 X-49.594 Y25.296 E21.22074
G1 X-49.049 Y25.296 E21.24695
G1 X-43.62 Y30.725 E21.61622
G1 X-43.074 Y30.725 E21.64248
G1 X-48.503 Y25.296 E22.01175
G1 X-47.958 Y25.296 E22.03796
G1 X-42.529 Y30.725 E22.40723
G1 X-41.983 Y30.725 E22.43349
G1 X-47.413 Y25.296 E22.8028
G1 X-46.867 Y25.296 E22.82906
G1 X-41.438 Y30.725 E23.19833
G1 X-40.893 Y30.725 E23.22454
G1 X-46.322 Y25.296 E23.59381
G1 X-45.777 Y25.296 E23.62002
G1 X-40.347 Y30.725 E23.98933
G1 X-39.802 Y30.725 E24.01554
G1 X-45.231 Y25.296 E24.38481
G1 X-44.686 Y25.296 E24.41102
G1 X-39.257 Y30.725 E24.78029
G1 X-38.711 Y30.725 E24.80655
G1 X-44.14 Y25.296 E25.17582
G1 X-43.595 Y25.296 E25.20203
G1 X-38.166 Y30.725 E25.5713
G1 X-37.621 Y30.725 E25.59751
G1 X-43.05 Y25.296 E25.96678
G1 X-42.514 Y25.286 E25.99256
G1 X-37.075 Y30.725 E26.36251
G1 X-36.53 Y30.725 E26.38872
G1 X-42.01 Y25.245 E26.76146
G1 X-41.562 Y25.148 E26.78351
G1 X-35.985 Y30.725 E27.16285
G1 X-35.439 Y30.725 E27.18911
G1 X-41.146 Y25.018 E27.57729
G1 X-40.77 Y24.849 E27.59712
G1 X-34.894 Y30.725 E27.9968
G1 X-34.349 Y30.725 E28.02301
G1 X-40.418 Y24.656 E28.43582
G1 X-40.088 Y24.441 E28.45476
G1 X-33.803 Y30.725 E28.88222
G1 X-33.258 Y30.725 E28.90843
G1 X-39.797 Y24.186 E29.3532
G1 X-39.515 Y23.923 E29.37175
G1 X-32.713 Y30.725 E29.83441
G1 X-32.167 Y30.725 E29.86067
G1 X-39.263 Y23.629 E30.34333
G1 X-39.04 Y23.307 E30.36217
G1 X-31.622 Y30.725 E30.86673
G1 X-31.077 Y30.725 E30.89294
G1 X-38.847 Y22.955 E31.42145
G1 X-38.676 Y22.58 E31.44127
G1 X-30.531 Y30.725 E31.99528
G1 X-29.986 Y30.725 E32.02149
G1 X-38.537 Y22.174 E32.60312
G1 X-38.438 Y21.728 E32.62509
G1 X-29.44 Y30.725 E33.23709
G1 X-28.895 Y30.725 E33.2633
G1 X-38.38 Y21.24 E33.90846
G1 X-38.366 Y20.709 E33.93401
G1 X-28.35 Y30.725 E34.61529
G1 X-27.804 Y30.725 E34.64155
G1 X-38.366 Y20.163 E35.35996
G1 X-38.366 Y19.618 E35.38617
G1 X-27.259 Y30.725 E36.14165
G1 X-26.714 Y30.725 E36.16786
G1 X-38.366 Y19.073 E36.96041
G1 X-38.366 Y18.527 E36.98667
G1 X-26.168 Y30.725 E37.81636
G1 X-25.623 Y30.725 E37.84257
G1 X-38.366 Y17.982 E38.70933
G1 X-38.366 Y17.437 E38.73554
G1 X-25.078 Y30.725 E39.63937
G1 X-24.816 Y30.797 E39.65244
;WIDTH:0.404381
G1 X-24.835 Y30.868 E39.65556
G1 X-24.764 Y30.849 E39.65868
G1 X-24.775 Y30.808 E39.66048
G1 E37.66048 F2400
G92 E0
G1 Z2.95 F7200
G1 X-32.999 Y22.258
G1 Z.95
G1 E2 F2400
;WIDTH:0.45
G1 F1500
G1 X-38.366 Y16.891 E2.36506
G1 X-38.366 Y16.346 E2.39127
G1 X-33.27 Y21.443 E2.73793
G1 X-33.121 Y21.672 E2.75107
;WIDTH:0.404381
G1 X-33.14 Y21.743 E2.75419
G1 X-33.069 Y21.724 E2.75731
G1 X-33.08 Y21.683 E2.75911
G1 X-33.291 Y20.876 F7200
;WIDTH:0.45
G1 F1500
G1 X-38.366 Y15.801 E3.10431
G1 X-38.366 Y15.255 E3.13057
G1 X-33.23 Y20.391 E3.47991
G1 X-33.088 Y19.988 E3.50046
G1 X-38.366 Y14.71 E3.85946
G1 X-38.366 Y14.164 E3.88572
G1 X-32.91 Y19.62 E4.25683
G1 X-32.668 Y19.317 E4.27548
G1 X-38.366 Y13.619 E4.66305
G1 X-38.366 Y13.074 E4.68926
G1 X-32.415 Y19.025 E5.09404
G1 X-32.097 Y18.798 E5.11283
G1 X-38.366 Y12.528 E5.53927
G1 X-38.366 Y11.983 E5.56548
G1 X-31.751 Y18.598 E6.01542
G1 X-31.35 Y18.454 E6.03591
G1 X-38.366 Y11.438 E6.51313
G1 X-38.366 Y10.892 E6.53939
G1 X-30.882 Y18.377 E7.04848
G1 X-30.038 Y18.494 F7200
;WIDTH:0.404381
G1 F1500
G1 X-30.027 Y18.535 E7.05028
G1 X-30.098 Y18.554 E7.0534
G1 X-30.079 Y18.483 E7.05652
;WIDTH:0.45
G1 X-30.337 Y18.376 E7.06995
G1 X-38.366 Y10.347 E7.61607
G1 X-38.366 Y9.802 E7.64228
G1 X-29.587 Y18.581 E8.23942
G1 X-29.314 Y18.795 E8.2561
;WIDTH:0.404381
G1 X-28.953 Y19.086 E8.27576
G1 X-28.444 Y19.648 E8.30791
G1 E6.30791 F2400
G92 E0
G1 Z2.95 F7200
G1 X-32.768 Y22.531
G1 Z.95
G1 E2 F2400
G1 F1500
G1 X-32.237 Y23.076 E2.03227
;WIDTH:0.45
G1 X-31.964 Y23.293 E2.04904
G1 X-24.532 Y30.725 E2.55456
G1 X-23.987 Y30.725 E2.58077
G1 X-31.108 Y23.604 E3.06513
G1 X-31.351 Y23.426 E3.07962
;WIDTH:0.404381
G1 X-31.34 Y23.467 E3.08142
G1 X-31.411 Y23.486 E3.08454
G1 X-31.392 Y23.415 E3.08766
G1 X-30.515 Y23.652 F7200
;WIDTH:0.45
G1 F1500
G1 X-23.442 Y30.725 E3.56876
G1 X-22.896 Y30.725 E3.59502
G1 X-30.041 Y23.581 E4.08098
G1 X-29.626 Y23.45 E4.10191
G1 X-22.351 Y30.725 E4.59675
G1 X-21.806 Y30.725 E4.62296
G1 X-29.273 Y23.257 E5.13089
G1 X-28.939 Y23.047 E5.14987
G1 X-21.26 Y30.725 E5.67215
G1 X-20.715 Y30.725 E5.69836
G1 X-28.679 Y22.761 E6.24006
G1 X-28.434 Y22.461 E6.25869
G1 X-20.17 Y30.725 E6.8208
G1 X-19.624 Y30.725 E6.84706
G1 X-28.242 Y22.107 E7.43325
G1 X-28.097 Y21.707 E7.45371
G1 X-19.079 Y30.725 E8.0671
G1 X-18.534 Y30.725 E8.09331
G1 X-28.022 Y21.236 E8.73871
G1 X-28.022 Y20.691 E8.76492
G1 X-17.988 Y30.725 E9.44742
G1 X-17.181 Y30.797 F7200
;WIDTH:0.404381
G1 F1500
G1 X-17.2 Y30.868 E9.45054
G1 X-17.129 Y30.849 E9.45366
G1 X-17.14 Y30.808 E9.45546
;WIDTH:0.45
G1 X-17.443 Y30.725 E9.47057
G1 X-28.247 Y19.921 E10.20544
G1 E8.20544 F2400
G92 E0
G1 Z2.95 F7200
G1 X-38.366 Y9.256
G1 Z.95
G1 E2 F2400
G1 F1500
G1 X-16.897 Y30.725 E3.46029
G1 X-16.352 Y30.725 E3.4865
G1 X-38.366 Y8.711 E4.98386
G1 X-38.366 Y8.166 E5.01007
G1 X-15.807 Y30.725 E6.54451
G1 X-15.261 Y30.725 E6.57077
G1 X-38.366 Y7.62 E8.14234
G1 X-38.366 Y7.075 E8.16855
G1 X-14.716 Y30.725 E9.77719
G1 X-14.171 Y30.725 E9.8034
G1 X-38.366 Y6.53 E11.44911
G1 X-38.366 Y5.984 E11.47537
G1 X-13.625 Y30.725 E13.15822
G1 X-13.08 Y30.725 E13.18443
G1 X-38.366 Y5.439 E14.90435
G1 X-38.366 Y4.894 E14.93056
G1 X-12.535 Y30.725 E16.68755
G1 X-11.989 Y30.725 E16.71381
G1 X-38.366 Y4.348 E18.50794
G1 X-38.366 Y3.803 E18.53415
G1 X-11.444 Y30.725 E20.36535
G1 X-10.899 Y30.725 E20.39156
G1 X-38.366 Y3.258 E22.25983
G1 X-38.366 Y2.712 E22.28609
G1 X-10.353 Y30.725 E24.1915
G1 X-10.092 Y30.797 E24.20452
;WIDTH:0.404381
G1 X-10.111 Y30.868 E24.20764
G1 X-10.04 Y30.849 E24.21076
G1 X-10.051 Y30.808 E24.21256
G1 E22.21256 F2400
G92 E0
G1 Z2.95 F7200
G1 X-27.981 Y12.552
G1 Z.95
G1 E2 F2400
;WIDTH:0.45
G1 F1500
G1 X-38.366 Y2.167 E2.70637
G1 X-38.366 Y1.621 E2.73263
G1 X-28.777 Y11.21 E3.38486
G1 X-28.618 Y11.442 E3.39839
;WIDTH:0.404381
G1 X-28.637 Y11.513 E3.40151
G1 X-28.566 Y11.494 E3.40463
G1 X-28.577 Y11.453 E3.40643
G1 X-28.914 Y10.529 F7200
;WIDTH:0.45
G1 F1500
G1 X-38.366 Y1.076 E4.04938
G1 X-38.366 Y.531 E4.07559
G1 X-28.937 Y9.96 E4.71694
G1 X-28.937 Y9.415 E4.74315
G1 X-38.366 Y-.015 E5.38453
G1 X-38.366 Y-.56 E5.41074
G1 X-28.937 Y8.869 E6.05209
G1 X-28.937 Y8.324 E6.0783
G1 X-38.366 Y-1.105 E6.71965
G1 X-38.366 Y-1.651 E6.74591
G1 X-28.937 Y7.778 E7.38726
G1 X-28.937 Y7.233 E7.41347
G1 X-38.366 Y-2.196 E8.05482
G1 X-38.366 Y-2.741 E8.08103
G1 X-28.937 Y6.688 E8.72238
G1 X-28.937 Y6.142 E8.74864
G1 X-38.366 Y-3.287 E9.38999
G1 X-38.366 Y-3.832 E9.4162
G1 X-28.937 Y5.597 E10.05755
G1 X-28.937 Y5.052 E10.08376
G1 X-38.366 Y-4.377 E10.72511
G1 X-38.366 Y-4.923 E10.75137
G1 X-28.937 Y4.506 E11.39272
G1 X-28.937 Y3.961 E11.41893
G1 X-38.366 Y-5.468 E12.06028
G1 X-38.366 Y-6.013 E12.08649
G1 X-28.937 Y3.416 E12.72784
G1 X-28.937 Y2.87 E12.7541
G1 X-38.366 Y-6.559 E13.39545
G1 X-38.366 Y-7.104 E13.42166
G1 X-28.937 Y2.325 E14.06301
G1 X-28.937 Y1.78 E14.08922
G1 X-38.366 Y-7.649 E14.73057
G1 X-38.366 Y-8.195 E14.75683
G1 X-28.937 Y1.234 E15.39818
G1 X-28.937 Y.689 E15.42439
G1 X-38.366 Y-8.74 E16.06574
G1 X-38.366 Y-9.285 E16.09195
G1 X-28.937 Y.144 E16.7333
G1 X-28.937 Y-.402 E16.75956
G1 X-38.366 Y-9.831 E17.40091
G1 X-38.366 Y-10.376 E17.42712
G1 X-28.937 Y-.947 E18.06847
G1 X-28.937 Y-1.492 E18.09468
G1 X-38.366 Y-10.922 E18.73606
G1 X-38.366 Y-11.467 E18.76227
G1 X-28.937 Y-2.038 E19.40362
G1 X-28.937 Y-2.583 E19.42983
G1 X-38.366 Y-12.012 E20.07118
G1 X-38.366 Y-12.558 E20.09744
G1 X-28.937 Y-3.128 E20.73882
G1 X-28.937 Y-3.674 E20.76508
G1 X-38.366 Y-13.103 E21.40643
G1 X-38.366 Y-13.648 E21.43264
G1 X-28.937 Y-4.219 E22.07399
G1 X-28.937 Y-4.765 E22.10025
G1 X-38.366 Y-14.194 E22.7416
G1 X-38.366 Y-14.739 E22.76781
G1 X-28.937 Y-5.31 E23.40916
G1 X-28.937 Y-5.855 E23.43537
G1 X-38.366 Y-15.284 E24.07672
G1 X-38.366 Y-15.83 E24.10298
G1 X-28.937 Y-6.401 E24.74433
G1 X-28.937 Y-6.946 E24.77054
G1 X-38.366 Y-16.375 E25.41189
G1 X-38.366 Y-16.92 E25.4381
G1 X-28.937 Y-7.491 E26.07945
G1 X-28.937 Y-8.037 E26.10571
G1 X-38.366 Y-17.466 E26.74706
G1 X-38.366 Y-18.011 E26.77327
G1 X-28.937 Y-8.582 E27.41462
G1 X-28.937 Y-9.127 E27.44083
G1 X-38.366 Y-18.556 E28.08218
G1 X-38.366 Y-19.102 E28.10844
G1 X-28.937 Y-9.673 E28.74979
G1 X-28.937 Y-10.218 E28.776
G1 X-38.366 Y-19.647 E29.41735
G1 X-38.366 Y-20.192 E29.44356
G1 X-28.937 Y-10.763 E30.08491
G1 X-28.937 Y-11.309 E30.11117
G1 X-38.366 Y-20.738 E30.75252
G1 X-38.366 Y-21.283 E30.77873
G1 X-28.937 Y-11.854 E31.42008
G1 X-28.937 Y-12.399 E31.44629
G1 X-38.366 Y-21.828 E32.08764
G1 X-38.398 Y-22.406 E32.11548
G1 X-28.937 Y-12.945 E32.75901
G1 X-28.937 Y-13.49 E32.78522
G1 X-38.513 Y-23.066 E33.43657
G1 E31.43657 F2400
G92 E0
G1 Z2.95 F7200
G1 X-27.918 Y12.616
G1 Z.95
G1 E2 F2400
G1 F1500
G1 X-9.808 Y30.725 E3.23179
G1 X-9.263 Y30.725 E3.258
G1 X-26.62 Y13.368 E4.4386
G1 X-26.693 Y13.193 E4.44772
;WIDTH:0.404381
G1 X-26.893 Y13.199 E4.45621
G1 X-25.934 Y13.509 F7200
;WIDTH:0.45
G1 F1500
G1 X-8.717 Y30.725 E5.62725
G1 X-8.172 Y30.725 E5.65346
G1 X-25.393 Y13.504 E6.82481
G1 X-24.915 Y13.437 E6.84802
G1 X-7.627 Y30.725 E8.02393
G1 X-6.82 Y30.797 F7200
;WIDTH:0.404381
G1 F1500
G1 X-6.839 Y30.868 E8.02705
G1 X-6.767 Y30.849 E8.03021
G1 X-6.778 Y30.808 E8.03201
;WIDTH:0.45
G1 X-7.081 Y30.725 E8.04712
G1 X-24.492 Y13.314 E9.23139
G1 X-24.121 Y13.14 E9.2511
G1 X-20.031 Y17.23 E9.5293
G1 X-19.837 Y17.503 E9.54541
;WIDTH:0.404381
G1 X-19.214 Y18.238 E9.58627
G1 X-18.836 Y18.586 E9.60806
G1 X-18.475 Y18.872 E9.62759
G1 X-18.323 Y18.862 E9.63405
G1 X-18.19 Y18.909 E9.64003
;WIDTH:0.45
G1 X-18.203 Y19.058 E9.64722
G1 X-6.536 Y30.725 E10.44079
G1 X-5.991 Y30.725 E10.467
G1 X-17.465 Y19.251 E11.24745
G1 X-16.873 Y19.298 E11.27601
G1 X-5.445 Y30.725 E12.05329
G1 X-4.9 Y30.725 E12.0795
G1 X-16.327 Y19.298 E12.85675
G1 X-15.782 Y19.298 E12.88296
G1 X-4.354 Y30.725 E13.66024
G1 X-3.809 Y30.725 E13.68645
G1 X-15.237 Y19.298 E14.46373
G1 X-14.691 Y19.298 E14.48999
G1 X-3.264 Y30.725 E15.26724
G1 X-2.718 Y30.725 E15.2935
G1 X-14.146 Y19.298 E16.07078
G1 X-13.601 Y19.298 E16.09699
G1 X-2.173 Y30.725 E16.87427
G1 X-1.628 Y30.725 E16.90048
G1 X-13.055 Y19.298 E17.67773
G1 X-12.51 Y19.298 E17.70394
G1 X-1.082 Y30.725 E18.48122
G1 X-.537 Y30.725 E18.50743
G1 X-11.965 Y19.298 E19.28471
G1 X-11.419 Y19.298 E19.31097
G1 X.008 Y30.725 E20.08822
G1 X.554 Y30.725 E20.11448
G1 X-10.874 Y19.298 E20.89176
G1 X-10.329 Y19.298 E20.91797
G1 X1.099 Y30.725 E21.69525
G1 X1.644 Y30.725 E21.72146
G1 X-9.783 Y19.298 E22.49871
G1 X-9.238 Y19.298 E22.52492
G1 X2.19 Y30.725 E23.3022
G1 X2.735 Y30.725 E23.32841
G1 X-8.693 Y19.298 E24.10569
G1 X-8.147 Y19.298 E24.13195
G1 X3.28 Y30.725 E24.9092
G1 X3.826 Y30.725 E24.93546
G1 X-7.602 Y19.297 E25.71278
G1 X-7.057 Y19.297 E25.73899
G1 X4.371 Y30.725 E26.51631
G1 X4.916 Y30.725 E26.54252
G1 X-6.511 Y19.297 E27.3198
G1 X-5.966 Y19.297 E27.34601
G1 X5.462 Y30.725 E28.12333
G1 X6.007 Y30.725 E28.14954
G1 X-5.421 Y19.297 E28.92686
G1 X-4.875 Y19.297 E28.95312
G1 X6.552 Y30.725 E29.7304
G1 X7.098 Y30.725 E29.75666
G1 X-4.33 Y19.297 E30.53398
G1 X-3.785 Y19.297 E30.56019
G1 X7.643 Y30.725 E31.33751
G1 X8.189 Y30.725 E31.36377
G1 X-3.239 Y19.297 E32.14109
G1 X-2.694 Y19.297 E32.1673
G1 X8.734 Y30.725 E32.94462
G1 X9.279 Y30.725 E32.97083
G1 X-2.149 Y19.297 E33.74815
G1 X-1.603 Y19.297 E33.77441
G1 X9.825 Y30.725 E34.55173
G1 X10.37 Y30.725 E34.57794
G1 X-1.058 Y19.297 E35.35526
G1 X-.513 Y19.297 E35.38147
G1 X10.915 Y30.725 E36.15879
G1 X11.461 Y30.725 E36.18505
G1 X.033 Y19.297 E36.96237
G1 X.578 Y19.297 E36.98858
G1 X12.006 Y30.725 E37.7659
G1 X12.551 Y30.725 E37.79211
G1 X1.123 Y19.297 E38.56943
G1 X1.669 Y19.297 E38.59569
G1 X13.097 Y30.725 E39.37301
G1 X13.642 Y30.725 E39.39922
G1 X2.214 Y19.297 E40.17654
G1 X2.759 Y19.297 E40.20275
G1 X14.187 Y30.725 E40.98007
G1 X14.733 Y30.725 E41.00633
G1 X3.305 Y19.297 E41.78365
G1 X3.85 Y19.297 E41.80986
G1 X15.278 Y30.725 E42.58718
G1 X15.823 Y30.725 E42.61339
G1 X4.395 Y19.297 E43.39071
G1 X4.94 Y19.297 E43.41692
G1 X16.369 Y30.725 E44.19427
G1 X16.914 Y30.725 E44.22048
G1 X5.486 Y19.297 E44.9978
G1 X6.031 Y19.297 E45.02401
G1 X17.459 Y30.725 E45.80133
G1 X18.005 Y30.725 E45.82759
G1 X6.576 Y19.297 E46.60494
G1 X7.122 Y19.297 E46.6312
G1 X18.55 Y30.725 E47.40852
G1 X19.095 Y30.725 E47.43473
G1 X7.667 Y19.297 E48.21205
G1 X8.212 Y19.297 E48.23826
G1 X19.641 Y30.725 E49.01561
G1 X20.186 Y30.725 E49.04182
G1 X8.758 Y19.297 E49.81914
G1 X9.303 Y19.297 E49.84535
G1 X20.732 Y30.725 E50.6227
G1 X21.277 Y30.725 E50.64891
G1 X9.848 Y19.297 E51.42626
G1 X10.394 Y19.297 E51.45252
G1 X21.822 Y30.725 E52.22984
G1 X22.368 Y30.725 E52.2561
G1 X10.939 Y19.297 E53.03345
G1 X11.484 Y19.297 E53.05966
G1 X22.913 Y30.725 E53.83701
G1 X23.458 Y30.725 E53.86322
G1 X12.03 Y19.297 E54.64054
G1 X12.575 Y19.297 E54.66675
G1 X24.004 Y30.725 E55.4441
G1 X24.549 Y30.725 E55.47031
G1 X13.12 Y19.297 E56.24766
G1 X13.666 Y19.297 E56.27392
G1 X25.094 Y30.725 E57.05124
G1 X25.64 Y30.725 E57.0775
G1 X14.171 Y19.256 E57.85761
G1 X14.608 Y19.149 E57.87925
G1 X26.185 Y30.725 E58.66667
G1 X26.73 Y30.725 E58.69288
G1 X15.012 Y19.007 E59.48992
G1 X15.371 Y18.821 E59.50937
G1 X27.276 Y30.725 E60.3191
G1 X27.821 Y30.725 E60.34531
G1 X15.694 Y18.598 E61.17017
G1 X15.985 Y18.344 E61.18875
G1 X28.366 Y30.725 E62.03089
G1 X28.912 Y30.725 E62.05715
G1 X16.241 Y18.055 E62.91898
G1 X16.468 Y17.737 E62.93777
G1 X29.457 Y30.725 E63.82123
G1 X30.002 Y30.725 E63.84744
G1 X16.66 Y17.383 E64.75495
G1 X16.807 Y16.985 E64.77536
G1 X30.548 Y30.725 E65.70997
G1 X31.093 Y30.725 E65.73618
G1 X16.917 Y16.549 E66.70041
G1 X16.96 Y16.047 E66.72464
G1 X31.638 Y30.725 E67.72302
G1 X32.184 Y30.725 E67.74928
G1 X16.912 Y15.453 E68.78806
G1 X16.68 Y14.676 F7200
G1 F1500
G1 X32.729 Y30.725 E69.87969
G1 E67.87969 F2400
G92 E0
G1 Z2.95 F7200
G1 X-20.061 Y16.724
G1 Z.95
G1 E2 F2400
;WIDTH:0.404381
G1 F1500
G1 X-20.05 Y16.765 E2.0018
G1 X-20.121 Y16.784 E2.00492
G1 X-20.102 Y16.713 E2.00804
;WIDTH:0.45
G1 X-20.235 Y16.481 E2.0209
G1 X-23.786 Y12.929 E2.26247
G1 X-23.471 Y12.7 E2.2812
G1 X-20.268 Y15.902 E2.49903
G1 X-20.208 Y15.417 E2.52253
G1 X-23.175 Y12.45 E2.72434
G1 X-22.88 Y12.2 E2.74294
G1 X-20.091 Y14.989 E2.93264
G1 X-19.938 Y14.596 E2.95292
G1 X-22.584 Y11.95 E3.1329
G1 X-7.275 Y-.983 E4.09679
G1 X-6.909 Y-1.348 E4.12165
G1 X-6.649 Y-1.699 E4.14266
G1 X-6.331 Y-2.336 E4.1769
G1 X-3.584 Y.411 E4.36375
G1 X-3.733 Y.515 E4.37249
G1 X-19.123 Y13.517 E5.34149
G1 X-19.57 Y13.994 E5.37293
G1 X-19.738 Y14.251 E5.3877
G1 X-22.152 Y11.837 E5.5519
G1 X-21.719 Y11.724 E5.57342
G1 X-7.012 Y-.7 E6.49939
G1 X-6.581 Y-1.14 E6.52901
G1 X-6.221 Y-1.681 E6.56026
G1 X-4.165 Y.375 E6.70011
G1 X-18.9 Y12.822 E7.62782
G1 X-19.404 Y13.253 E7.65972
G1 X-19.785 Y13.659 E7.6865
G1 X-21.583 Y11.861 E7.8088
G1 X-21.15 Y11.748 E7.83032
G1 X-6.753 Y-.414 E8.73677
G1 X-6.365 Y-.801 E8.76313
G1 X-6.154 Y-1.068 E8.7795
G1 X-4.734 Y.351 E8.87605
G1 X-19.149 Y12.527 E9.78359
G1 X-19.794 Y13.105 E9.82525
G1 X-21.014 Y11.885 E9.90823
G1 X-20.581 Y11.772 E9.92975
G1 X-6.509 Y-.116 E10.81575
G1 X-6.126 Y-.495 E10.84167
G1 X-5.304 Y.327 E10.89758
G1 X-19.789 Y12.564 E11.80959
G1 X-20.444 Y11.909 E11.85414
G1 X-20.027 Y11.796 E11.87492
;WIDTH:0.429284
G1 X-19.875 Y11.667 E11.88399
;WIDTH:0.429827
G1 X-6.117 Y.045 E12.70489
;WIDTH:0.430313
G1 X-5.858 Y.304 E12.72161
G1 X-6.057 Y.472 E12.7335
;WIDTH:0.429827
G1 X-19.768 Y12.054 E13.55158
;WIDTH:0.429284
G1 X-19.89 Y11.932 E13.55943
G1 E11.55943 F2400
G92 E0
G1 Z2.95 F7200
G1 X-6.204 Y-2.754
G1 Z.95
G1 E2 F2400
;WIDTH:0.45
G1 F1500
G1 X-3.254 Y.196 E2.20066
G1 X-2.869 Y.035 E2.22073
G1 X-6.126 Y-3.221 E2.44223
G1 X-6.137 Y-3.779 E2.46907
G1 X-2.478 Y-.119 E2.71798
G1 X-2 Y-.186 E2.74119
G1 X-6.275 Y-4.461 E3.03197
G1 X-6.449 Y-4.531 E3.04099
;WIDTH:0.404381
G1 X-6.446 Y-4.732 E3.04951
G1 E1.04951 F2400
G92 E0
G1 Z2.95 F7200
G1 X28.827 Y-30.052
G1 Z.95
G1 E2 F2400
G1 F1500
G1 X29.119 Y-29.783 E2.01684
G1 X29.647 Y-29.165 E2.05131
G1 X29.661 Y-28.934 E2.06112
G1 E.06112 F2400
G92 E0
G1 Z2.95 F7200
G1 X-54.548 Y22.389
G1 Z.95
G1 E2 F2400
G1 F1500
G1 X-54.518 Y22.486 E2.00431
G1 X-54.535 Y22.636 E2.01071
;WIDTH:0.45
G1 X-54.708 Y22.363 E2.02625
G1 X-62.866 Y14.205 E2.58115
G1 X-62.866 Y13.66 E2.60736
G1 X-54.89 Y21.636 E3.14988
G1 X-54.935 Y21.046 E3.17834
G1 X-62.866 Y13.114 E3.71783
G1 X-62.866 Y12.569 E3.74404
G1 X-54.937 Y20.498 E4.28336
G1 X-54.937 Y19.953 E4.30957
G1 X-62.866 Y12.024 E4.84889
G1 X-62.866 Y11.478 E4.87515
G1 X-54.937 Y19.407 E5.41447
G1 X-54.937 Y18.862 E5.44068
G1 X-62.866 Y10.933 E5.98
G1 X-62.866 Y10.388 E6.00621
G1 X-54.937 Y18.317 E6.54553
G1 X-54.937 Y17.771 E6.57179
G1 X-62.866 Y9.842 E7.11111
G1 X-62.866 Y9.297 E7.13732
G1 X-54.937 Y17.226 E7.67664
G1 X-54.937 Y16.681 E7.70285
G1 X-62.866 Y8.752 E8.24217
G1 X-62.866 Y8.206 E8.26843
G1 X-54.937 Y16.135 E8.80775
G1 X-54.937 Y15.59 E8.83396
G1 X-62.866 Y7.661 E9.37328
G1 X-62.866 Y7.116 E9.39949
G1 X-54.937 Y15.045 E9.93881
G1 X-54.937 Y14.499 E9.96507
G1 X-62.866 Y6.57 E10.50439
G1 X-62.866 Y6.025 E10.5306
G1 X-54.937 Y13.954 E11.06992
G1 X-54.937 Y13.409 E11.09613
G1 X-62.866 Y5.48 E11.63545
G1 X-62.866 Y4.934 E11.66171
G1 X-54.937 Y12.863 E12.20103
G1 X-54.937 Y12.318 E12.22724
G1 X-62.866 Y4.389 E12.76656
G1 X-62.866 Y3.843 E12.79282
G1 X-54.937 Y11.773 E13.33217
G1 X-54.937 Y11.227 E13.35843
G1 X-62.866 Y3.298 E13.89775
G1 X-62.866 Y2.753 E13.92396
G1 X-54.937 Y10.682 E14.46328
G1 X-54.937 Y10.137 E14.48949
G1 X-62.866 Y2.207 E15.02884
G1 X-62.866 Y1.662 E15.05505
G1 X-54.937 Y9.591 E15.59437
G1 X-54.937 Y9.046 E15.62058
G1 X-62.866 Y1.117 E16.1599
G1 X-62.866 Y.571 E16.18616
G1 X-54.937 Y8.501 E16.72551
G1 X-54.937 Y7.955 E16.75177
G1 X-62.866 Y.026 E17.29109
G1 X-62.866 Y-.519 E17.3173
G1 X-54.937 Y7.41 E17.85662
G1 X-54.937 Y6.864 E17.88288
G1 X-62.866 Y-1.065 E18.4222
G1 X-62.866 Y-1.61 E18.44841
G1 X-54.937 Y6.319 E18.98773
G1 X-54.937 Y5.774 E19.01394
G1 X-62.866 Y-2.155 E19.55326
G1 X-62.866 Y-2.701 E19.57952
G1 X-54.937 Y5.228 E20.11884
G1 X-54.937 Y4.683 E20.14505
G1 X-62.866 Y-3.246 E20.68437
G1 X-62.866 Y-3.791 E20.71058
G1 X-54.937 Y4.138 E21.2499
G1 X-54.937 Y3.592 E21.27616
G1 X-62.866 Y-4.337 E21.81548
G1 X-62.866 Y-4.882 E21.84169
G1 X-54.937 Y3.047 E22.38101
G1 X-54.937 Y2.502 E22.40722
G1 X-62.866 Y-5.427 E22.94654
G1 X-62.866 Y-5.973 E22.9728
G1 X-54.937 Y1.956 E23.51212
G1 X-54.937 Y1.411 E23.53833
G1 X-62.866 Y-6.518 E24.07765
G1 X-62.866 Y-7.063 E24.10386
G1 X-54.937 Y.866 E24.64318
G1 X-54.937 Y.32 E24.66944
G1 X-62.866 Y-7.609 E25.20876
G1 X-62.866 Y-8.154 E25.23497
G1 X-54.937 Y-.225 E25.77429
G1 X-54.937 Y-.77 E25.8005
G1 X-62.866 Y-8.699 E26.33982
G1 X-62.866 Y-9.245 E26.36608
G1 X-54.937 Y-1.316 E26.9054
G1 X-54.937 Y-1.861 E26.93161
G1 X-62.866 Y-9.79 E27.47093
G1 X-62.866 Y-10.336 E27.49719
G1 X-54.937 Y-2.406 E28.03654
G1 X-54.937 Y-2.952 E28.0628
G1 X-62.866 Y-10.881 E28.60212
G1 X-62.866 Y-11.426 E28.62833
G1 X-54.937 Y-3.497 E29.16765
G1 X-54.937 Y-4.042 E29.19386
G1 X-62.866 Y-11.972 E29.73321
G1 X-62.866 Y-12.517 E29.75942
G1 X-54.937 Y-4.588 E30.29874
G1 X-54.937 Y-5.133 E30.32495
G1 X-62.866 Y-13.062 E30.86427
G1 X-62.866 Y-13.608 E30.89053
G1 X-54.937 Y-5.679 E31.42985
G1 X-54.937 Y-6.224 E31.45606
G1 X-62.866 Y-14.153 E31.99538
G1 X-62.866 Y-14.698 E32.02159
G1 X-54.937 Y-6.769 E32.56091
G1 X-54.937 Y-7.315 E32.58717
G1 X-62.866 Y-15.244 E33.12649
G1 X-62.866 Y-15.789 E33.1527
G1 X-54.937 Y-7.86 E33.69202
G1 X-54.937 Y-8.405 E33.71823
G1 X-62.866 Y-16.334 E34.25755
G1 X-62.866 Y-16.88 E34.28381
G1 X-54.937 Y-8.951 E34.82313
G1 X-54.937 Y-9.496 E34.84934
G1 X-62.866 Y-17.425 E35.38866
G1 X-62.866 Y-17.97 E35.41487
G1 X-54.937 Y-10.041 E35.95419
G1 X-54.937 Y-10.587 E35.98045
G1 X-62.866 Y-18.516 E36.51977
G1 X-62.866 Y-19.061 E36.54598
G1 X-54.937 Y-11.132 E37.0853
G1 X-54.937 Y-11.677 E37.11151
G1 X-62.866 Y-19.606 E37.65083
G1 X-62.866 Y-20.152 E37.67709
G1 X-54.937 Y-12.223 E38.21641
G1 X-54.937 Y-12.768 E38.24262
G1 X-62.866 Y-20.697 E38.78194
G1 X-62.866 Y-21.242 E38.80815
G1 X-54.937 Y-13.313 E39.34747
G1 X-54.937 Y-13.859 E39.37373
G1 X-62.866 Y-21.788 E39.91305
G1 X-62.866 Y-22.333 E39.93926
G1 X-54.937 Y-14.404 E40.47858
G1 X-54.937 Y-14.949 E40.50479
G1 X-62.866 Y-22.879 E41.04414
G1 X-62.866 Y-23.424 E41.07035
G1 X-54.937 Y-15.495 E41.60967
G1 X-54.937 Y-16.04 E41.63588
G1 X-62.866 Y-23.969 E42.1752
G1 X-62.866 Y-24.515 E42.20146
G1 X-54.937 Y-16.585 E42.74081
G1 X-54.937 Y-17.131 E42.76707
G1 X-62.866 Y-25.06 E43.30639
G1 X-62.866 Y-25.605 E43.3326
G1 X-54.937 Y-17.676 E43.87192
G1 X-54.937 Y-18.222 E43.89818
G1 X-62.866 Y-26.151 E44.4375
G1 X-62.866 Y-26.696 E44.46371
G1 X-54.937 Y-18.767 E45.00303
G1 X-54.937 Y-19.312 E45.02924
G1 X-62.866 Y-27.241 E45.56856
G1 X-62.866 Y-27.787 E45.59482
G1 X-54.937 Y-19.858 E46.13414
G1 X-54.937 Y-20.403 E46.16035
G1 X-62.866 Y-28.332 E46.69967
G1 X-62.866 Y-28.877 E46.72588
G1 X-54.937 Y-20.948 E47.2652
G1 X-54.937 Y-21.494 E47.29146
G1 X-62.866 Y-29.423 E47.83078
G1 X-62.866 Y-29.968 E47.85699
G1 X-54.935 Y-22.036 E48.39648
G1 X-54.895 Y-22.542 E48.42089
G1 X-62.866 Y-30.513 E48.96307
G1 X-62.866 Y-31.059 E48.98933
G1 X-54.804 Y-22.997 E49.5377
G1 X-54.684 Y-23.422 E49.55894
G1 X-62.866 Y-31.604 E50.11547
G1 X-62.421 Y-31.704 E50.13741
G1 X-54.522 Y-23.805 E50.67469
G1 X-54.325 Y-24.153 E50.69392
G1 X-61.875 Y-31.704 E51.2075
G1 X-61.33 Y-31.704 E51.23371
G1 X-54.118 Y-24.491 E51.7243
G1 X-53.874 Y-24.793 E51.74297
G1 X-60.785 Y-31.704 E52.21305
G1 X-60.239 Y-31.704 E52.23931
G1 X-53.613 Y-25.078 E52.69
G1 X-53.312 Y-25.321 E52.70861
G1 X-59.694 Y-31.704 E53.14274
G1 X-59.149 Y-31.704 E53.16895
G1 X-53.004 Y-25.559 E53.58693
G1 X-52.657 Y-25.757 E53.60615
G1 X-58.603 Y-31.704 E54.01062
G1 X-58.058 Y-31.704 E54.03683
G1 X-52.293 Y-25.939 E54.42896
G1 X-51.895 Y-26.086 E54.44937
G1 X-57.513 Y-31.704 E54.8315
G1 X-56.967 Y-31.704 E54.85776
G1 X-51.453 Y-26.19 E55.23282
G1 X-50.969 Y-26.251 E55.25628
G1 X-56.422 Y-31.704 E55.62719
G1 X-55.877 Y-31.704 E55.6534
G1 X-50.448 Y-26.275 E56.02267
G1 X-49.902 Y-26.275 E56.04893
G1 X-55.331 Y-31.704 E56.4182
G1 X-54.786 Y-31.704 E56.44441
G1 X-49.357 Y-26.275 E56.81368
G1 X-48.811 Y-26.275 E56.83994
G1 X-54.241 Y-31.704 E57.20925
G1 X-53.695 Y-31.704 E57.23551
G1 X-48.266 Y-26.275 E57.60478
G1 X-47.721 Y-26.275 E57.63099
G1 X-53.15 Y-31.704 E58.00026
G1 X-52.605 Y-31.704 E58.02647
G1 X-47.175 Y-26.275 E58.39578
G1 X-46.63 Y-26.275 E58.42199
G1 X-52.059 Y-31.704 E58.79126
G1 X-51.514 Y-31.704 E58.81747
G1 X-46.085 Y-26.275 E59.18674
G1 X-45.539 Y-26.275 E59.213
G1 X-50.968 Y-31.704 E59.58227
G1 X-50.423 Y-31.704 E59.60848
G1 X-44.994 Y-26.275 E59.97775
G1 X-44.449 Y-26.275 E60.00396
G1 X-49.878 Y-31.704 E60.37323
G1 X-49.332 Y-31.704 E60.39949
G1 X-43.903 Y-26.275 E60.76876
G1 X-43.358 Y-26.275 E60.79497
G1 X-48.787 Y-31.704 E61.16424
G1 X-48.242 Y-31.704 E61.19045
G1 X-42.813 Y-26.275 E61.55972
G1 X-42.235 Y-26.243 E61.58756
G1 X-47.696 Y-31.704 E61.95901
G1 X-47.151 Y-31.704 E61.98522
G1 X-41.577 Y-26.13 E62.36436
G1 X-41.275 Y-25.996 E62.38025
;WIDTH:0.404381
G1 X-41.264 Y-25.955 E62.38205
G1 X-41.335 Y-25.936 E62.38517
G1 X-41.316 Y-26.007 E62.38829
G1 E60.38829 F2400
G92 E0
G1 Z2.95 F7200
G1 X-39.093 Y-24.252
G1 Z.95
G1 E2 F2400
G1 F1500
G1 X-39.64 Y-24.886 E2.03551
G1 X-40.036 Y-25.264 E2.05873
G1 X-40.416 Y-25.582 E2.07974
;WIDTH:0.45
G1 X-40.688 Y-25.786 E2.09609
G1 X-46.606 Y-31.704 E2.49863
G1 E.49863 F2400
G92 E0
G1 Z2.95 F7200
G1 X-38.882 Y-23.98
G1 Z.95
G1 E2 F2400
G1 F1500
G1 X-28.937 Y-14.035 E2.67645
G1 X-28.835 Y-14.349 E2.69233
;WIDTH:0.404381
G1 X-28.854 Y-14.278 E2.69545
G1 X-28.783 Y-14.297 E2.69857
G1 X-28.794 Y-14.338 E2.70037
;WIDTH:0.45
G1 X-28.937 Y-14.581 E2.71393
G1 X-46.06 Y-31.704 E3.87862
G1 X-45.515 Y-31.704 E3.90483
G1 X-28.937 Y-15.126 E5.03244
G1 X-28.937 Y-15.671 E5.05865
G1 X-44.97 Y-31.704 E6.14919
G1 X-44.424 Y-31.704 E6.17545
G1 X-28.937 Y-16.217 E7.22886
G1 X-28.937 Y-16.762 E7.25507
G1 X-43.879 Y-31.704 E8.27141
G1 X-43.334 Y-31.704 E8.29762
G1 X-28.932 Y-17.302 E9.27723
G1 X-28.876 Y-17.792 E9.30095
G1 X-42.788 Y-31.704 E10.24723
G1 X-42.243 Y-31.704 E10.27344
G1 X-28.77 Y-18.231 E11.18986
G1 X-28.613 Y-18.619 E11.20999
G1 X-41.698 Y-31.704 E12.10002
G1 X-41.152 Y-31.704 E12.12628
G1 X-28.419 Y-18.97 E12.9924
G1 X-28.193 Y-19.29 E13.01124
G1 X-40.607 Y-31.704 E13.85562
G1 X-40.062 Y-31.704 E13.88183
G1 X-27.93 Y-19.572 E14.70703
G1 X-27.638 Y-19.826 E14.72564
G1 X-39.516 Y-31.704 E15.53357
G1 X-38.971 Y-31.704 E15.55978
G1 X-27.309 Y-20.042 E16.35301
G1 X-26.954 Y-20.233 E16.3724
G1 X-38.425 Y-31.704 E17.15264
G1 X-37.88 Y-31.704 E17.17885
G1 X-33.043 Y-26.867 E17.50786
G1 X-32.843 Y-26.594 E17.52414
;WIDTH:0.404381
G1 X-32.413 Y-26.117 E17.55137
G1 X-32.028 Y-25.793 E17.57271
;WIDTH:0.45
G1 X-31.755 Y-25.579 E17.58939
G1 X-26.547 Y-20.371 E17.94363
G1 X-26.101 Y-20.47 E17.9656
G1 X-31.006 Y-25.375 E18.29923
G1 X-31.245 Y-25.561 E18.3138
;WIDTH:0.404381
G1 X-31.234 Y-25.52 E18.3156
G1 X-31.305 Y-25.5 E18.31873
G1 X-31.286 Y-25.572 E18.32189
G1 X-30.436 Y-25.351 F7200
;WIDTH:0.45
G1 F1500
G1 X-25.587 Y-20.502 E18.65171
G1 X-24.71 Y-20.304 F7200
;WIDTH:0.404381
G1 F1500
G1 X-24.729 Y-20.233 E18.65483
G1 X-24.658 Y-20.252 E18.65795
G1 X-24.669 Y-20.293 E18.65975
;WIDTH:0.45
G1 X-24.972 Y-20.432 E18.67578
G1 X-29.97 Y-25.43 E19.01574
G1 X-29.572 Y-25.577 E19.03615
G1 X-24.1 Y-20.105 E19.40835
G1 X-23.827 Y-19.891 E19.42503
;WIDTH:0.404381
G1 X-22.272 Y-18.479 E19.5141
G1 E17.5141 F2400
G92 E0
G1 Z2.95 F7200
G1 X-18.758 Y-15.51
G1 Z.95
G1 E2 F2400
;WIDTH:0.418913
G1 F1500
G1 X-20.986 Y-17.558 E2.13382
;WIDTH:0.45
G1 X-21.259 Y-17.809 E2.15166
G1 X-29.223 Y-25.773 E2.69336
G1 X-28.904 Y-25.999 E2.71216
G1 X-17.744 Y-14.84 E3.47122
G1 X-17.472 Y-14.589 E3.48902
;WIDTH:0.418913
G1 X-15.244 Y-12.541 E3.62284
G1 E1.62284 F2400
G92 E0
G1 Z2.95 F7200
G1 X-11.729 Y-9.572
G1 Z.95
G1 E2 F2400
G1 F1500
G1 X-13.957 Y-11.62 E2.13382
;WIDTH:0.45
G1 X-14.23 Y-11.871 E2.15166
G1 X-28.641 Y-26.282 E3.13188
G1 X-28.397 Y-26.584 E3.15055
G1 X-10.716 Y-8.902 E4.35322
G1 X-10.443 Y-8.651 E4.37106
;WIDTH:0.418913
G1 X-8.215 Y-6.603 E4.50488
G1 E2.50488 F2400
G92 E0
G1 Z2.95 F7200
G1 X-1.481 Y-.213
G1 Z.95
G1 E2 F2400
;WIDTH:0.45
G1 F1500
G1 X-28.222 Y-26.954 E3.81889
G1 X-28.083 Y-27.36 E3.83953
G1 X-.816 Y-.093 E5.6942
G1 X-.555 Y.019 E5.70786
;WIDTH:0.404381
G1 X-.574 Y.09 E5.71098
G1 X-.503 Y.071 E5.7141
G1 X-.514 Y.03 E5.7159
G1 E3.7159 F2400
G92 E0
G1 Z2.95 F7200
G1 X2.328 Y2.304
G1 Z.95
G1 E2 F2400
G1 F1500
G1 X.468 Y.594 E2.10714
;WIDTH:0.45
G1 X.196 Y.373 E2.124
G1 X-28.013 Y-27.835 E4.04271
G1 X-28.025 Y-28.393 E4.06955
G1 X3.342 Y2.974 E6.20309
G1 X3.615 Y3.225 E6.22093
;WIDTH:0.418917
G1 X5.843 Y5.273 E6.35475
G1 E4.35475 F2400
G92 E0
G1 Z2.95 F7200
G1 X-33.096 Y-27.416
G1 Z.95
G1 E2 F2400
;WIDTH:0.404381
G1 F1500
G1 X-33.085 Y-27.375 E2.0018
G1 X-33.156 Y-27.356 E2.00492
G1 X-33.137 Y-27.427 E2.00804
;WIDTH:0.45
G1 X-33.287 Y-27.656 E2.02121
G1 X-37.335 Y-31.704 E2.29655
G1 X-36.789 Y-31.704 E2.32281
G1 X-33.279 Y-28.194 E2.56156
G1 X-33.212 Y-28.672 E2.58477
G1 X-36.244 Y-31.704 E2.791
G1 X-35.699 Y-31.704 E2.81721
G1 X-33.067 Y-29.072 E2.99624
G1 X-32.875 Y-29.425 E3.01557
G1 X-35.153 Y-31.704 E3.17055
G1 X-30.654 Y-31.704 E3.38694
G1 X-30.654 Y-31.567 E3.39353
G1 X-29.366 Y-30.28 E3.4811
G1 X-29.812 Y-30.508 E3.50519
G1 X-30.347 Y-30.627 E3.53155
G1 X-30.876 Y-30.63 E3.55699
G1 X-31.352 Y-30.546 E3.58024
G1 X-31.767 Y-30.393 E3.60151
G1 X-32.203 Y-30.138 E3.6258
G1 X-32.635 Y-29.731 E3.65435
G1 X-34.472 Y-31.567 E3.77927
G1 X-33.677 Y-31.318 F7200
G1 F1500
G1 X-30.927 Y-31.318 E3.91154
G1 X-30.646 Y-31.014 E3.93145
G1 X-30.874 Y-31.015 E3.94242
G1 X-31.422 Y-30.925 E3.96913
G1 X-31.87 Y-30.769 E3.99195
G1 X-32.369 Y-30.491 E4.01942
G1 X-32.636 Y-30.278 E4.03585
G1 X-33.541 Y-31.182 E4.09737
G1 X-32.617 Y-30.933 F7200
;WIDTH:0.570871
G1 F1500
G1 X-32.661 Y-30.889 E4.1013
G1 X-32.645 Y-30.827 E4.10534
G1 X-32.584 Y-30.811 E4.10932
G1 X-32.539 Y-30.856 E4.11334
G1 X-32.555 Y-30.917 E4.11732
G1 E2.11732 F2400
G92 E0
G1 Z2.95 F7200
G1 X-29.129 Y-30.104
G1 Z.95
G1 E2 F2400
;WIDTH:0.404381
G1 F1500
G1 X-28.541 Y-29.502 E2.03569
;WIDTH:0.45
G1 X-28.316 Y-29.229 E2.05271
G1 X6.857 Y5.943 E4.4451
G1 X7.129 Y6.194 E4.4629
;WIDTH:0.418917
G1 X9.357 Y8.243 E4.59675
G1 E2.59675 F2400
G92 E0
G1 Z2.95 F7200
G1 X-19.695 Y-21.154
G1 Z.95
G1 E2 F2400
;WIDTH:0.45
G1 F1500
G1 X-30.245 Y-31.704 E2.7176
G1 X-29.7 Y-31.704 E2.74381
G1 X-20.14 Y-22.143 E3.3941
G1 X-19.991 Y-21.912 E3.40732
;WIDTH:0.404381
G1 X-20.01 Y-21.841 E3.41044
G1 X-19.939 Y-21.86 E3.41356
G1 X-19.95 Y-21.901 E3.41536
G1 X-20.243 Y-22.793 F7200
;WIDTH:0.45
G1 F1500
G1 X-29.155 Y-31.704 E4.02151
G1 X-28.609 Y-31.704 E4.04777
G1 X-20.251 Y-23.345 E4.6163
G1 X-20.164 Y-23.804 E4.63877
G1 X-28.064 Y-31.704 E5.17612
G1 X-27.519 Y-31.704 E5.20233
G1 X-20.026 Y-24.211 E5.71199
G1 X-19.85 Y-24.581 E5.7317
G1 X-26.973 Y-31.704 E6.2162
G1 X-26.428 Y-31.704 E6.24241
G1 X-19.638 Y-24.914 E6.70426
G1 X-19.395 Y-25.216 E6.7229
G1 X-25.882 Y-31.704 E7.16417
G1 X-25.337 Y-31.704 E7.19038
G1 X-19.108 Y-25.475 E7.61407
G1 X-18.8 Y-25.713 E7.63279
G1 X-24.792 Y-31.704 E8.04032
G1 X-24.246 Y-31.704 E8.06658
G1 X-18.451 Y-25.908 E8.46078
G1 X-18.078 Y-26.08 E8.48054
G1 X-23.701 Y-31.704 E8.86304
G1 X-23.156 Y-31.704 E8.88925
G1 X-17.652 Y-26.2 E9.26363
G1 X-17.167 Y-26.26 E9.28713
G1 X-22.61 Y-31.704 E9.65739
G1 X-22.065 Y-31.704 E9.6836
G1 X-16.636 Y-26.275 E10.05287
G1 X-16.091 Y-26.275 E10.07908
G1 X-21.52 Y-31.704 E10.44835
G1 X-20.974 Y-31.704 E10.47461
G1 X-15.545 Y-26.275 E10.84388
G1 X-15 Y-26.275 E10.87009
G1 X-20.429 Y-31.704 E11.23936
G1 X-19.884 Y-31.704 E11.26557
G1 X-14.455 Y-26.275 E11.63484
G1 X-13.909 Y-26.275 E11.6611
G1 X-19.338 Y-31.704 E12.03037
G1 X-18.793 Y-31.704 E12.05658
G1 X-13.364 Y-26.275 E12.42585
G1 X-12.819 Y-26.275 E12.45206
G1 X-18.248 Y-31.704 E12.82133
G1 X-17.702 Y-31.704 E12.84759
G1 X-12.273 Y-26.275 E13.21686
G1 X-11.728 Y-26.275 E13.24307
G1 X-17.157 Y-31.704 E13.61234
G1 X-16.612 Y-31.704 E13.63855
G1 X-11.182 Y-26.275 E14.00786
G1 X-10.637 Y-26.275 E14.03407
G1 X-16.066 Y-31.704 E14.40334
G1 X-15.521 Y-31.704 E14.42955
G1 X-10.092 Y-26.275 E14.79882
G1 X-9.546 Y-26.275 E14.82508
G1 X-14.976 Y-31.704 E15.19439
G1 X-14.43 Y-31.704 E15.22065
G1 X-9.001 Y-26.275 E15.58992
G1 X-8.456 Y-26.275 E15.61613
G1 X-13.885 Y-31.704 E15.9854
G1 X-13.34 Y-31.704 E16.01161
G1 X-7.91 Y-26.275 E16.38092
G1 X-7.365 Y-26.275 E16.40713
G1 X-12.794 Y-31.704 E16.7764
G1 X-12.249 Y-31.704 E16.80261
G1 X-6.82 Y-26.275 E17.17188
G1 X-6.274 Y-26.275 E17.19814
G1 X-11.703 Y-31.704 E17.56741
G1 X-11.158 Y-31.704 E17.59362
G1 X-5.729 Y-26.275 E17.96289
G1 X-5.184 Y-26.275 E17.9891
G1 X-10.613 Y-31.704 E18.35837
G1 X-10.067 Y-31.704 E18.38463
G1 X-4.638 Y-26.275 E18.7539
G1 X-4.093 Y-26.275 E18.78011
G1 X-9.522 Y-31.704 E19.14938
G1 X-8.977 Y-31.704 E19.17559
G1 X-3.548 Y-26.275 E19.54486
G1 X-3.002 Y-26.275 E19.57112
G1 X-8.431 Y-31.704 E19.94039
G1 X-7.886 Y-31.704 E19.9666
G1 X-2.457 Y-26.275 E20.33587
G1 X-1.912 Y-26.275 E20.36208
G1 X-7.341 Y-31.704 E20.73135
G1 X-6.795 Y-31.704 E20.75761
G1 X-1.366 Y-26.275 E21.12688
G1 X-.821 Y-26.275 E21.15309
G1 X-6.25 Y-31.704 E21.52236
G1 X-5.705 Y-31.704 E21.54857
G1 X-.276 Y-26.275 E21.91784
G1 X.27 Y-26.275 E21.9441
G1 X-5.159 Y-31.704 E22.31337
G1 X-4.614 Y-31.704 E22.33958
G1 X.815 Y-26.275 E22.70885
G1 X1.361 Y-26.275 E22.73511
G1 X-4.069 Y-31.704 E23.10442
G1 X-3.523 Y-31.704 E23.13068
G1 X1.906 Y-26.275 E23.49995
G1 X2.451 Y-26.275 E23.52616
G1 X-2.978 Y-31.704 E23.89543
G1 X-2.433 Y-31.704 E23.92164
G1 X2.997 Y-26.275 E24.29095
G1 X3.542 Y-26.275 E24.31716
G1 X-1.887 Y-31.704 E24.68643
G1 X-1.342 Y-31.704 E24.71264
G1 X4.087 Y-26.275 E25.08191
G1 X4.633 Y-26.275 E25.10817
G1 X-.797 Y-31.704 E25.47748
G1 X-.251 Y-31.704 E25.50374
G1 X5.178 Y-26.275 E25.87301
G1 X5.723 Y-26.275 E25.89922
G1 X.294 Y-31.704 E26.26849
G1 X.84 Y-31.704 E26.29475
G1 X6.269 Y-26.275 E26.66402
G1 X6.814 Y-26.275 E26.69023
G1 X1.385 Y-31.704 E27.0595
G1 X1.93 Y-31.704 E27.08571
G1 X7.359 Y-26.275 E27.45498
G1 X7.905 Y-26.275 E27.48124
G1 X2.476 Y-31.704 E27.85051
G1 X3.021 Y-31.704 E27.87672
G1 X8.45 Y-26.275 E28.24599
G1 X8.995 Y-26.275 E28.2722
G1 X3.566 Y-31.704 E28.64147
G1 X4.112 Y-31.704 E28.66773
G1 X9.541 Y-26.275 E29.037
G1 X10.086 Y-26.275 E29.06321
G1 X4.657 Y-31.704 E29.43248
G1 X5.202 Y-31.704 E29.45869
G1 X10.631 Y-26.275 E29.82796
G1 X11.177 Y-26.275 E29.85422
G1 X5.748 Y-31.704 E30.22349
G1 X6.293 Y-31.704 E30.2497
G1 X11.722 Y-26.275 E30.61897
G1 X12.267 Y-26.275 E30.64518
G1 X6.838 Y-31.704 E31.01445
G1 X7.384 Y-31.704 E31.04071
G1 X12.813 Y-26.275 E31.40998
G1 X13.358 Y-26.275 E31.43619
G1 X7.929 Y-31.704 E31.80546
G1 X8.474 Y-31.704 E31.83167
G1 X13.92 Y-26.258 E32.2021
G1 X14.883 Y-25.992 F7200
;WIDTH:0.404381
G1 F1500
G1 X14.894 Y-25.951 E32.2039
G1 X14.823 Y-25.932 E32.20702
G1 X14.842 Y-26.003 E32.21014
;WIDTH:0.45
G1 X14.581 Y-26.143 E32.22439
G1 X9.02 Y-31.704 E32.60264
G1 X9.565 Y-31.704 E32.62885
G1 X15.701 Y-25.568 E33.04621
G1 E31.04621 F2400
G92 E0
G1 Z2.95 F7200
G1 X-19.451 Y-20.881
G1 Z.95
G1 E2 F2400
;WIDTH:0.418913
G1 F1500
G1 X-18.831 Y-20.267 E2.03858
;WIDTH:0.45
G1 X-18.558 Y-20.017 E2.05638
G1 X10.371 Y8.913 E4.02413
G1 X10.644 Y9.163 E4.04193
;WIDTH:0.418917
G1 X12.872 Y11.212 E4.17578
G1 E2.17578 F2400
G92 E0
G1 Z2.95 F7200
G1 X16.478 Y14.404
G1 Z.95
G1 E2 F2400
;WIDTH:0.404381
G1 F1500
G1 X15.959 Y13.788 E2.03416
;WIDTH:0.418915
G1 X14.158 Y12.132 E2.14235
;WIDTH:0.45
G1 X13.886 Y11.882 E2.16012
G1 X-15.044 Y-17.048 E4.1279
G1 X-15.316 Y-17.298 E4.14567
;WIDTH:0.418913
G1 X-17.544 Y-19.347 E4.27952
G1 E2.27952 F2400
G92 E0
G1 Z2.95 F7200
G1 X-14.03 Y-16.378
G1 Z.95
G1 E2 F2400
;WIDTH:0.418915
G1 F1500
G1 X-11.802 Y-14.329 E2.13385
;WIDTH:0.45
G1 X-11.529 Y-14.078 E2.15169
G1 X33.275 Y30.725 E5.19917
G1 X33.577 Y30.808 E5.21423
;WIDTH:0.404381
G1 X33.588 Y30.849 E5.21603
G1 X33.517 Y30.868 E5.21915
G1 X33.536 Y30.797 E5.22227
;WIDTH:0.45
G1 X33.957 Y30.849 E5.24267
;WIDTH:0.404381
G1 X33.938 Y30.92 E5.24579
G1 X34.009 Y30.901 E5.24891
G1 X33.998 Y30.86 E5.25071
;WIDTH:0.45
G1 X33.82 Y30.725 E5.26145
G1 X26.664 Y23.57 E5.74816
G1 X26.422 Y23.371 E5.76323
;WIDTH:0.404381
G1 X26.433 Y23.412 E5.76503
G1 X26.362 Y23.431 E5.76815
G1 X26.381 Y23.36 E5.77127
G1 X27.306 Y23.666 F7200
;WIDTH:0.45
G1 F1500
G1 X34.365 Y30.725 E6.25141
G1 X34.911 Y30.725 E6.27767
G1 X27.791 Y23.606 E6.76193
G1 X28.245 Y23.514 E6.78421
G1 X35.456 Y30.725 E7.27469
G1 X36.001 Y30.725 E7.3009
G1 X28.602 Y23.326 E7.80417
G1 X28.949 Y23.127 E7.82341
G1 X36.547 Y30.725 E8.34022
G1 X37.092 Y30.725 E8.36643
G1 X29.234 Y22.867 E8.90092
G1 X29.482 Y22.57 E8.91953
G1 X37.637 Y30.725 E9.47422
G1 X38.183 Y30.725 E9.50048
G1 X29.7 Y22.242 E10.07748
G1 X29.852 Y21.849 E10.09775
G1 X38.728 Y30.725 E10.70148
G1 X39.273 Y30.725 E10.72769
G1 X29.972 Y21.423 E11.36037
G1 X29.839 Y21.251 E11.37083
;WIDTH:0.404381
G1 X29.85 Y21.292 E11.37263
G1 X29.779 Y21.311 E11.37575
G1 X29.798 Y21.24 E11.37887
;WIDTH:0.45
G1 X29.984 Y20.891 E11.39789
G1 X39.819 Y30.725 E12.06682
G1 X40.364 Y30.725 E12.09303
G1 X29.895 Y20.256 E12.80512
G1 X29.705 Y19.983 E12.82112
;WIDTH:0.404381
G1 X29.386 Y19.547 E12.84403
G1 E10.84403 F2400
G92 E0
G1 Z2.95 F7200
G1 X24.957 Y21.931
G1 Z.95
G1 E2 F2400
G1 F1500
G1 X24.938 Y22.002 E2.00312
G1 X25.01 Y21.983 E2.00628
G1 X24.999 Y21.942 E2.00808
;WIDTH:0.45
G1 X24.794 Y21.699 E2.02337
G1 X-8.015 Y-11.109 E4.25496
G1 X-8.287 Y-11.36 E4.27276
;WIDTH:0.418913
G1 X-10.515 Y-13.409 E4.40661
G1 E2.40661 F2400
G92 E0
G1 Z2.95 F7200
G1 X-7.001 Y-10.439
G1 Z.95
G1 E2 F2400
G1 F1500
G1 X-4.773 Y-8.391 E2.13382
;WIDTH:0.45
G1 X-4.5 Y-8.14 E2.15166
G1 X24.71 Y21.07 E4.13849
G1 X24.738 Y20.553 E4.16339
G1 X-2.766 Y-6.951 E6.03418
G1 X-2.52 Y-7.048 E6.0469
;WIDTH:0.404381
G1 X-2.858 Y-7.131 E6.06166
G1 X-3.038 Y-7.142 E6.06931
G1 X-2.051 Y-6.782 F7200
;WIDTH:0.45
G1 F1500
G1 X24.86 Y20.13 E7.8998
G1 E5.8998 F2400
G92 E0
G1 Z2.95 F7200
G1 X3.082 Y-2.194
G1 Z.95
G1 E2 F2400
G1 F1500
G1 X-1.5 Y-6.776 E2.31166
G1 X-1.003 Y-6.824 E2.33568
G1 X2.869 Y-2.952 E2.59905
G1 X3 Y-2.721 E2.61182
;WIDTH:0.404381
G1 X2.981 Y-2.65 E2.61494
G1 X3.052 Y-2.669 E2.61806
G1 X3.041 Y-2.71 E2.61986
G1 X3.29 Y-1.921 F7200
G1 F1500
G1 X3.623 Y-1.505 E2.64246
G1 X4.052 Y-1.064 E2.66855
;WIDTH:0.418885
G1 X5.769 Y.515 E2.77169
;WIDTH:0.45
G1 X6.041 Y.765 E2.78946
G1 X25.017 Y19.741 E4.08018
G1 X25.245 Y19.424 E4.09896
G1 X9.552 Y3.731 E5.16638
G1 X9.28 Y3.48 E5.18418
;WIDTH:0.418885
G1 X7.054 Y1.434 E5.31786
G1 E3.31786 F2400
G92 E0
G1 Z2.95 F7200
G1 X10.565 Y4.4
G1 Z.95
G1 E2 F2400
G1 F1500
G1 X12.791 Y6.446 E2.13368
;WIDTH:0.45
G1 X13.064 Y6.697 E2.15152
G1 X25.488 Y19.122 E2.99662
G1 X25.783 Y18.871 E3.01525
G1 X16.575 Y9.663 E3.64157
G1 X16.302 Y9.412 E3.65941
;WIDTH:0.418885
G1 X14.077 Y7.366 E3.79306
G1 E1.79306 F2400
G92 E0
G1 Z2.95 F7200
G1 X17.588 Y10.332
G1 Z.95
G1 E2 F2400
G1 F1500
G1 X19.814 Y12.378 E2.13368
;WIDTH:0.45
G1 X20.086 Y12.629 E2.15148
G1 X26.128 Y18.671 E2.56245
G1 X26.498 Y18.496 E2.58214
G1 X21.372 Y13.369 E2.93084
G1 X21.129 Y13.166 E2.94607
;WIDTH:0.404381
G1 X21.14 Y13.207 E2.94787
G1 X21.069 Y13.226 E2.95099
G1 X21.088 Y13.155 E2.95411
G1 X22.05 Y13.501 F7200
;WIDTH:0.45
G1 F1500
G1 X26.951 Y18.403 E3.2875
G1 X27.46 Y18.366 E3.31205
G1 X22.606 Y13.512 E3.64221
G1 X23.072 Y13.433 E3.66494
G1 X28.131 Y18.493 E4.00908
G1 X28.404 Y18.676 E4.02489
;WIDTH:0.404381
G1 X28.669 Y18.851 E4.03836
G1 E2.03836 F2400
G92 E0
G1 Z2.95 F7200
G1 X23.497 Y13.313
G1 Z.95
G1 E2 F2400
;WIDTH:0.45
G1 F1500
G1 X40.909 Y30.725 E3.18434
G1 X41.455 Y30.725 E3.2106
G1 X23.875 Y13.146 E4.40634
G1 X24.213 Y12.938 E4.42543
G1 X42 Y30.725 E5.63528
G1 X42.545 Y30.725 E5.66149
G1 X24.523 Y12.703 E6.88732
G1 X24.79 Y12.424 E6.90589
G1 X43.091 Y30.725 E8.1507
G1 X43.352 Y30.797 E8.16372
;WIDTH:0.404381
G1 X43.333 Y30.868 E8.16684
G1 X43.404 Y30.849 E8.16996
G1 X43.393 Y30.808 E8.17176
G1 E6.17176 F2400
G92 E0
G1 Z2.95 F7200
G1 X37.212 Y24.346
G1 Z.95
G1 E2 F2400
G1 F1500
G1 X36.514 Y23.641 E2.04207
;WIDTH:0.45
G1 X36.279 Y23.368 E2.0594
G1 X25.035 Y12.124 E2.8242
G1 X25.248 Y11.792 E2.84317
G1 X35.781 Y22.324 E3.55958
G1 X35.949 Y22.597 E3.575
;WIDTH:0.404381
G1 X35.969 Y22.448 E3.58138
G1 X35.949 Y22.38 E3.58439
G1 X35.606 Y21.604 F7200
;WIDTH:0.45
G1 F1500
G1 X25.407 Y11.406 E4.27808
G1 X25.538 Y10.991 E4.29901
G1 X35.565 Y21.018 E4.98103
G1 X35.565 Y20.473 E5.00724
G1 X25.616 Y10.524 E5.68396
G1 X25.636 Y9.999 E5.70923
G1 X35.565 Y19.927 E6.38455
G1 X35.565 Y19.382 E6.41076
G1 X25.636 Y9.453 E7.08612
G1 X25.636 Y8.908 E7.11233
G1 X35.565 Y18.836 E7.78765
G1 X35.565 Y18.291 E7.81386
G1 X25.636 Y8.363 E8.48918
G1 X25.636 Y7.817 E8.51544
G1 X35.565 Y17.746 E9.1908
G1 X35.565 Y17.2 E9.21706
G1 X25.636 Y7.272 E9.89238
G1 X25.636 Y6.727 E9.91859
G1 X35.565 Y16.655 E10.59391
G1 X35.565 Y16.11 E10.62012
G1 X25.636 Y6.181 E11.29548
G1 X25.636 Y5.636 E11.32169
G1 X35.565 Y15.564 E11.99701
G1 X35.564 Y15.019 E12.02322
G1 X25.636 Y5.091 E12.69851
G1 X25.636 Y4.545 E12.72477
G1 X35.564 Y14.473 E13.40006
G1 X35.564 Y13.928 E13.42627
G1 X25.636 Y4 E14.10156
G1 X25.636 Y3.455 E14.12777
G1 X35.564 Y13.383 E14.80306
G1 X35.564 Y12.837 E14.82932
G1 X25.636 Y2.909 E15.50461
G1 X25.636 Y2.364 E15.53082
G1 X35.564 Y12.292 E16.20611
G1 X35.564 Y11.747 E16.23232
G1 X25.636 Y1.819 E16.90761
G1 X25.636 Y1.273 E16.93387
G1 X35.564 Y11.201 E17.60916
G1 X35.564 Y10.656 E17.63537
G1 X25.636 Y.728 E18.31066
G1 X25.636 Y.182 E18.33692
G1 X35.564 Y10.11 E19.01221
G1 X35.564 Y9.565 E19.03842
G1 X25.636 Y-.363 E19.71371
G1 X25.636 Y-.908 E19.73992
G1 X35.564 Y9.02 E20.41521
G1 X35.564 Y8.474 E20.44147
G1 X25.636 Y-1.454 E21.11676
G1 X25.636 Y-1.999 E21.14297
G1 X35.564 Y7.929 E21.81826
G1 X35.564 Y7.384 E21.84447
G1 X25.636 Y-2.544 E22.51976
G1 X25.636 Y-3.09 E22.54602
G1 X35.564 Y6.838 E23.22131
G1 X35.564 Y6.293 E23.24752
G1 X25.636 Y-3.635 E23.92281
G1 X25.636 Y-4.18 E23.94902
G1 X35.564 Y5.747 E24.62428
G1 X35.564 Y5.202 E24.65049
G1 X25.636 Y-4.726 E25.32578
G1 X25.636 Y-5.271 E25.35199
G1 X35.564 Y4.657 E26.02728
G1 X35.564 Y4.111 E26.05354
G1 X25.636 Y-5.816 E26.7288
G1 X25.636 Y-6.362 E26.75506
G1 X35.564 Y3.566 E27.43035
G1 X35.564 Y3.021 E27.45656
G1 X25.636 Y-6.907 E28.13185
G1 X25.636 Y-7.452 E28.15806
G1 X35.564 Y2.475 E28.83332
G1 X35.564 Y1.93 E28.85953
G1 X25.636 Y-7.998 E29.53482
G1 X25.636 Y-8.543 E29.56103
G1 X35.564 Y1.384 E30.23629
G1 X35.564 Y.839 E30.2625
G1 X25.636 Y-9.088 E30.93776
G1 X25.636 Y-9.634 E30.96402
G1 X35.564 Y.294 E31.63931
G1 X35.564 Y-.252 E31.66557
G1 X25.636 Y-10.179 E32.34083
G1 X25.636 Y-10.724 E32.36704
G1 X35.564 Y-.797 E33.0423
G1 X35.564 Y-1.342 E33.06851
G1 X25.636 Y-11.27 E33.7438
G1 X25.636 Y-11.815 E33.77001
G1 X35.564 Y-1.888 E34.44527
G1 X35.564 Y-2.433 E34.47148
G1 X25.636 Y-12.361 E35.14677
G1 X25.636 Y-12.906 E35.17298
G1 X35.564 Y-2.979 E35.84824
G1 X35.564 Y-3.524 E35.87445
G1 X25.636 Y-13.451 E36.54971
G1 X25.636 Y-13.997 E36.57597
G1 X35.564 Y-4.069 E37.25126
G1 X35.564 Y-4.615 E37.27752
G1 X25.636 Y-14.542 E37.95278
G1 X25.636 Y-15.087 E37.97899
G1 X35.564 Y-5.16 E38.65425
G1 X35.563 Y-5.705 E38.68046
G1 X25.636 Y-15.633 E39.35572
G1 X25.636 Y-16.178 E39.38193
G1 X35.563 Y-6.251 E40.05715
G1 X35.563 Y-6.796 E40.08336
G1 X25.636 Y-16.723 E40.75858
G1 X25.632 Y-17.273 E40.78503
G1 X35.563 Y-7.342 E41.46052
G1 X35.563 Y-7.887 E41.48673
G1 X25.563 Y-17.887 E42.16692
G1 E40.16692 F2400
G92 E0
G1 Z2.95 F7200
G1 X2.829 Y-3.538
G1 Z.95
G1 E2 F2400
G1 F1500
G1 X-.584 Y-6.951 E2.23215
G1 X-.197 Y-7.109 E2.25225
G1 X2.867 Y-4.046 E2.46063
G1 X2.979 Y-4.478 E2.48209
G1 X.159 Y-7.298 E2.6739
G1 X.473 Y-7.529 E2.69265
G1 X3.124 Y-4.879 E2.87293
G1 E.87293 F2400
G92 E0
G1 Z2.95 F7200
G1 X.905 Y-7.643
G1 Z.95
G1 E2 F2400
G1 F1500
G1 X3.327 Y-5.221 E2.16474
G1 X3.559 Y-5.572 E2.18498
G1 X3.965 Y-5.988 E2.21294
G1 X19.462 Y-19.08 E3.18867
G1 X16.736 Y-21.806 E3.37409
G1 X16.447 Y-21.221 E3.40547
G1 X16.18 Y-20.856 E3.42722
G1 X15.819 Y-20.498 E3.45167
G1 X.769 Y-7.779 E4.3994
G1 X1.338 Y-7.755 E4.42679
G1 X16.141 Y-20.266 E5.35899
G1 X16.509 Y-20.649 E5.38454
G1 X16.847 Y-21.15 E5.41361
G1 X18.893 Y-19.104 E5.55278
G1 X4.158 Y-6.658 E6.48046
G1 X3.688 Y-6.257 E6.51017
G1 X3.269 Y-5.824 E6.53915
G1 X1.475 Y-7.619 E6.66121
G1 X1.907 Y-7.731 E6.68267
G1 X16.412 Y-19.99 E7.5961
G1 X16.909 Y-20.543 E7.63186
G1 X18.323 Y-19.128 E7.72807
G1 X3.909 Y-6.952 E8.63558
G1 X3.264 Y-6.375 E8.6772
G1 X2.044 Y-7.595 E8.76018
G1 X2.477 Y-7.708 E8.7817
G1 X16.565 Y-19.615 E9.66888
G1 X16.934 Y-19.973 E9.69361
G1 X17.754 Y-19.152 E9.74942
G1 X3.268 Y-6.916 E10.66143
G1 X2.613 Y-7.571 E10.70598
G1 X3.031 Y-7.684 E10.72681
;WIDTH:0.4295
G1 X3.182 Y-7.813 E10.73585
;WIDTH:0.431921
G1 X16.937 Y-19.436 E11.56137
G1 X17.198 Y-19.175 E11.57829
G1 X3.29 Y-7.425 E12.41293
;WIDTH:0.4295
G1 X3.167 Y-7.548 E12.42085
G1 E10.42085 F2400
G92 E0
G1 Z2.95 F7200
G1 X16.874 Y-22.214
G1 Z.95
G1 E2 F2400
;WIDTH:0.45
G1 F1500
G1 X19.758 Y-19.33 E2.19617
G1 X20.053 Y-19.58 E2.21477
G1 X16.948 Y-22.685 E2.42597
G1 X16.949 Y-23.23 E2.45218
G1 X20.355 Y-19.823 E2.68389
G1 X20.678 Y-20.045 E2.70274
G1 X16.816 Y-23.908 E2.96546
G1 X16.675 Y-24.208 E2.9814
;WIDTH:0.404381
G1 X16.686 Y-24.167 E2.9832
G1 X16.615 Y-24.148 E2.98632
G1 X16.634 Y-24.219 E2.98944
G1 X16.251 Y-25.018 F7200
;WIDTH:0.45
G1 F1500
G1 X21.043 Y-20.226 E3.31539
G1 X21.445 Y-20.369 E3.33591
G1 X10.11 Y-31.704 E4.1069
G1 X10.656 Y-31.704 E4.13316
G1 X21.893 Y-20.467 E4.89749
G1 X22.409 Y-20.496 E4.92235
G1 X11.201 Y-31.704 E5.6847
G1 X11.746 Y-31.704 E5.71091
G1 X23.027 Y-20.423 E6.47823
G1 X23.289 Y-20.314 E6.49188
;WIDTH:0.404381
G1 X23.27 Y-20.243 E6.495
G1 X23.341 Y-20.262 E6.49812
G1 X23.33 Y-20.303 E6.49992
G1 E4.49992 F2400
G92 E0
G1 Z2.95 F7200
G1 X25.056 Y-18.998
G1 Z.95
G1 E2 F2400
G1 F1500
G1 X24.571 Y-19.535 E2.03069
G1 X24.155 Y-19.892 E2.05394
;WIDTH:0.45
G1 X23.883 Y-20.113 E2.0708
G1 X12.292 Y-31.704 E2.85921
G1 E.85921 F2400
G92 E0
G1 Z2.95 F7200
G1 X25.27 Y-18.726
G1 Z.95
G1 E2 F2400
G1 F1500
G1 X35.563 Y-8.432 E2.70015
G1 X35.706 Y-8.735 E2.71626
;WIDTH:0.404381
G1 X35.717 Y-8.694 E2.71806
G1 X35.646 Y-8.675 E2.72118
G1 X35.665 Y-8.746 E2.7243
;WIDTH:0.45
G1 X35.563 Y-8.978 E2.73649
G1 X12.837 Y-31.704 E4.28228
G1 X13.383 Y-31.704 E4.30854
G1 X35.563 Y-9.523 E5.81723
G1 X35.563 Y-10.068 E5.84344
G1 X13.928 Y-31.704 E7.31506
G1 X14.473 Y-31.704 E7.34127
G1 X35.563 Y-10.614 E8.77579
G1 X35.563 Y-11.159 E8.802
G1 X15.019 Y-31.704 E10.19941
G1 X15.564 Y-31.704 E10.22562
G1 X35.563 Y-11.705 E11.58593
G1 X35.563 Y-12.25 E11.61214
G1 X16.109 Y-31.704 E12.93538
G1 X16.655 Y-31.704 E12.96164
G1 X35.563 Y-12.795 E14.24777
G1 X35.563 Y-13.341 E14.27403
G1 X17.2 Y-31.704 E15.52306
G1 X17.745 Y-31.704 E15.54927
G1 X35.563 Y-13.886 E16.76123
G1 X35.563 Y-14.431 E16.78744
G1 X18.291 Y-31.704 E17.96229
G1 X18.836 Y-31.704 E17.9885
G1 X35.563 Y-14.977 E19.12625
G1 X35.758 Y-15.404 E19.14883
;WIDTH:0.404381
G1 X35.769 Y-15.363 E19.15063
G1 X35.698 Y-15.344 E19.15375
G1 X35.717 Y-15.415 E19.15687
;WIDTH:0.45
G1 X35.563 Y-15.522 E19.16589
G1 X19.381 Y-31.704 E20.26657
G1 X19.927 Y-31.704 E20.29283
G1 X25.316 Y-26.315 E20.65938
G1 X25.487 Y-26.042 E20.67487
;WIDTH:0.404381
G1 X25.572 Y-26.127 E20.67997
;WIDTH:0.45
G1 X25.76 Y-25.871 E20.69525
G1 X35.563 Y-16.068 E21.36204
G1 X35.665 Y-15.836 E21.37423
;WIDTH:0.404381
G1 X35.646 Y-15.765 E21.37735
G1 X35.717 Y-15.784 E21.38047
G1 X35.706 Y-15.825 E21.38227
G1 X35.563 Y-16.613 F7200
;WIDTH:0.45
G1 F1500
G1 X26.752 Y-25.424 E21.98158
G1 X26.509 Y-25.6 E21.99601
;WIDTH:0.404381
G1 X26.52 Y-25.559 E21.99781
G1 X26.449 Y-25.54 E22.00093
G1 X26.468 Y-25.611 E22.00405
G1 X27.39 Y-25.331 F7200
;WIDTH:0.45
G1 F1500
G1 X35.563 Y-17.158 E22.55997
G1 X35.563 Y-17.704 E22.58623
G1 X27.864 Y-25.403 E23.10991
G1 X28.304 Y-25.508 E23.13167
G1 X35.563 Y-18.249 E23.62542
G1 X35.563 Y-18.794 E23.65163
G1 X28.654 Y-25.704 E24.12161
G1 X28.995 Y-25.908 E24.14072
G1 X35.563 Y-19.34 E24.58747
G1 X35.563 Y-19.885 E24.61368
G1 X29.271 Y-26.177 E25.04165
G1 X29.513 Y-26.48 E25.0603
G1 X35.563 Y-20.431 E25.47178
G1 X35.563 Y-20.976 E25.49799
G1 X29.727 Y-26.812 E25.89495
G1 X29.873 Y-27.211 E25.91538
G1 X35.563 Y-21.521 E26.30241
G1 X35.567 Y-22.062 E26.32843
G1 X29.983 Y-27.646 E26.70825
G1 X29.987 Y-28.188 E26.73432
G1 X35.609 Y-22.565 E27.11676
G1 X35.697 Y-23.023 E27.13919
G1 X29.828 Y-28.892 E27.53839
G1 E25.53839 F2400
G92 E0
G1 Z2.95 F7200
G1 X24.966 Y-27.172
G1 Z.95
G1 E2 F2400
;WIDTH:0.404381
G1 F1500
G1 X24.977 Y-27.131 E2.0018
G1 X24.906 Y-27.112 E2.00492
G1 X24.925 Y-27.183 E2.00804
;WIDTH:0.45
G1 X24.762 Y-27.414 E2.02164
G1 X20.472 Y-31.704 E2.31344
G1 X21.017 Y-31.704 E2.33965
G1 X24.711 Y-28.01 E2.59091
G1 X24.747 Y-28.52 E2.6155
G1 X21.563 Y-31.704 E2.83207
G1 X22.108 Y-31.704 E2.85828
G1 X24.882 Y-28.93 E3.04696
G1 X25.055 Y-29.303 E3.06674
G1 X22.653 Y-31.704 E3.23009
G1 X27.153 Y-31.704 E3.44652
G1 X27.153 Y-31.568 E3.45306
G1 X28.237 Y-30.483 E3.52683
G1 X28.188 Y-30.508 E3.52948
G1 X27.653 Y-30.627 E3.55584
G1 X27.124 Y-30.63 E3.58128
G1 X26.648 Y-30.546 E3.60453
G1 X26.263 Y-30.407 E3.62422
G1 X25.824 Y-30.157 E3.64852
G1 X25.502 Y-29.89 E3.66864
G1 X25.28 Y-29.622 E3.68538
G1 X23.335 Y-31.567 E3.81768
G1 X24.13 Y-31.318 F7200
G1 F1500
G1 X26.88 Y-31.318 E3.94995
G1 X27.159 Y-31.015 E3.96976
G1 X26.578 Y-30.925 E3.99804
G1 X26.13 Y-30.769 E4.02086
G1 X25.631 Y-30.491 E4.04833
G1 X25.259 Y-30.189 E4.07138
G1 X24.266 Y-31.182 E4.13892
G1 X25.27 Y-30.908 F7200
;WIDTH:0.638399
G1 F1500
G1 X25.219 Y-30.857 E4.14408
G1 X25.237 Y-30.788 E4.14919
G1 X25.307 Y-30.769 E4.15438
G1 X25.357 Y-30.82 E4.15949
G1 X25.339 Y-30.889 E4.1646
G1 E2.1646 F2400
G92 E0
G1 Z2.95 F7200
G1 X27.562 Y-31.704
G1 Z.95
G1 E2 F2400
;WIDTH:0.45
G1 F1500
G1 X35.823 Y-23.442 E2.56194
G1 X35.988 Y-23.823 E2.58191
G1 X28.107 Y-31.704 E3.11797
G1 X28.652 Y-31.704 E3.14418
G1 X36.186 Y-24.17 E3.65663
G1 X36.392 Y-24.509 E3.67571
G1 X29.198 Y-31.704 E4.16507
G1 X29.743 Y-31.704 E4.19128
G1 X36.638 Y-24.809 E4.66027
G1 X36.9 Y-25.092 E4.67882
G1 X30.288 Y-31.704 E5.12856
G1 X30.834 Y-31.704 E5.15482
G1 X37.204 Y-25.334 E5.5881
G1 X37.512 Y-25.57 E5.60676
G1 X31.379 Y-31.704 E6.02395
G1 X31.924 Y-31.704 E6.05016
G1 X37.862 Y-25.767 E6.45402
G1 X38.225 Y-25.949 E6.47355
G1 X32.47 Y-31.704 E6.865
G1 X33.015 Y-31.704 E6.89121
G1 X38.626 Y-26.093 E7.27286
G1 X39.07 Y-26.195 E7.29477
G1 X33.56 Y-31.704 E7.66952
G1 X34.106 Y-31.704 E7.69578
G1 X39.557 Y-26.253 E8.06655
G1 X40.248 Y-26.14 E8.10023
;WIDTH:0.404381
G1 X40.259 Y-26.099 E8.10203
G1 X40.188 Y-26.08 E8.10515
G1 X40.207 Y-26.151 E8.10827
;WIDTH:0.45
G1 X34.651 Y-31.704 E8.48608
G1 X35.196 Y-31.704 E8.51229
G1 X40.626 Y-26.275 E8.8816
G1 X41.171 Y-26.275 E8.90781
G1 X35.742 Y-31.704 E9.27708
G1 X36.287 Y-31.704 E9.30329
G1 X41.716 Y-26.275 E9.67256
G1 X42.262 Y-26.275 E9.69882
G1 X36.832 Y-31.704 E10.06813
G1 X37.378 Y-31.704 E10.09439
G1 X42.957 Y-26.107 E10.47448
;WIDTH:0.404381
G1 X42.938 Y-26.036 E10.4776
G1 X43.009 Y-26.055 E10.48072
G1 X42.998 Y-26.096 E10.48252
G1 X43.82 Y-25.963 F7200
G1 F1500
G1 X43.831 Y-25.922 E10.48432
G1 X43.76 Y-25.903 E10.48744
G1 X43.779 Y-25.974 E10.49056
;WIDTH:0.45
G1 X43.518 Y-26.109 E10.50469
G1 X37.923 Y-31.704 E10.88525
G1 E8.88525 F2400
G92 E0
G1 Z2.95 F7200
G1 X37.485 Y24.574
G1 Z.95
G1 E2 F2400
G1 F1500
G1 X43.636 Y30.725 E2.41838
G1 X44.181 Y30.725 E2.44459
G1 X38.539 Y25.083 E2.82835
G1 X38.495 Y24.916 E2.83666
;WIDTH:0.404381
G1 X38.415 Y24.892 E2.8402
G1 X38.266 Y24.91 E2.84656
G1 X39.245 Y25.244 F7200
;WIDTH:0.45
G1 F1500
G1 X44.727 Y30.725 E3.2194
G1 X45.272 Y30.725 E3.24561
G1 X39.843 Y25.296 E3.61488
G1 X40.388 Y25.296 E3.64109
G1 X45.818 Y30.725 E4.0104
G1 X46.363 Y30.725 E4.03661
G1 X40.933 Y25.295 E4.40595
G1 X41.478 Y25.295 E4.43216
G1 X46.908 Y30.725 E4.8015
G1 X47.454 Y30.725 E4.82776
G1 X42.022 Y25.294 E5.1972
G1 X42.557 Y25.284 E5.22294
G1 X47.999 Y30.725 E5.59306
G1 X48.544 Y30.725 E5.61927
G1 X43.052 Y25.233 E5.99283
G1 X43.494 Y25.13 E6.01466
G1 X49.09 Y30.725 E6.39526
G1 X49.635 Y30.725 E6.42147
G1 X43.901 Y24.992 E6.81146
G1 X44.279 Y24.824 E6.83136
G1 X50.18 Y30.725 E7.23274
G1 X50.726 Y30.725 E7.259
G1 X44.631 Y24.63 E7.67357
G1 X44.952 Y24.407 E7.69237
G1 X51.271 Y30.725 E8.12215
G1 X51.816 Y30.725 E8.14836
G1 X45.249 Y24.158 E8.59504
G1 X45.513 Y23.877 E8.61358
G1 X52.362 Y30.725 E9.07941
G1 X52.907 Y30.725 E9.10562
G1 X45.768 Y23.586 E9.59121
G1 X45.985 Y23.258 E9.61013
G1 X53.452 Y30.725 E10.11803
G1 X53.998 Y30.725 E10.14429
G1 X46.183 Y22.91 E10.67586
G1 X46.345 Y22.528 E10.69582
G1 X54.543 Y30.725 E11.2534
G1 X54.563 Y30.2 E11.27867
G1 X46.481 Y22.118 E11.8284
G1 X46.571 Y21.663 E11.85071
G1 X54.563 Y29.654 E12.39428
G1 X54.563 Y29.109 E12.42049
G1 X46.624 Y21.17 E12.96049
G1 X46.634 Y20.634 E12.98627
G1 X54.563 Y28.564 E13.52562
G1 X54.563 Y28.018 E13.55188
G1 X46.634 Y20.089 E14.0912
G1 X46.634 Y19.544 E14.11741
G1 X54.563 Y27.473 E14.65673
G1 X54.563 Y26.927 E14.68299
G1 X46.633 Y18.998 E15.22234
G1 X46.633 Y18.453 E15.24855
G1 X54.563 Y26.382 E15.7879
G1 X54.563 Y25.837 E15.81411
G1 X46.633 Y17.907 E16.3535
G1 X46.633 Y17.362 E16.37971
G1 X54.563 Y25.291 E16.91906
G1 X54.563 Y24.746 E16.94527
G1 X46.633 Y16.817 E17.48462
G1 X46.633 Y16.271 E17.51088
G1 X54.563 Y24.201 E18.05027
G1 X54.563 Y23.655 E18.07653
G1 X46.633 Y15.726 E18.61588
G1 X46.633 Y15.181 E18.64209
G1 X54.563 Y23.11 E19.18144
G1 X54.563 Y22.565 E19.20765
G1 X46.633 Y14.635 E19.74704
G1 X46.633 Y14.09 E19.77325
G1 X54.563 Y22.019 E20.3126
G1 X54.563 Y21.474 E20.33881
G1 X46.633 Y13.544 E20.8782
G1 X46.633 Y12.999 E20.90441
G1 X54.563 Y20.929 E21.4438
G1 X54.563 Y20.383 E21.47006
G1 X46.633 Y12.454 E22.00941
G1 X46.633 Y11.908 E22.03567
G1 X54.563 Y19.838 E22.57506
G1 X54.563 Y19.293 E22.60127
G1 X46.633 Y11.363 E23.14066
G1 X46.633 Y10.818 E23.16687
G1 X54.563 Y18.747 E23.70622
G1 X54.563 Y18.202 E23.73243
G1 X46.633 Y10.272 E24.27182
G1 X46.633 Y9.727 E24.29803
G1 X54.563 Y17.657 E24.83742
G1 X54.563 Y17.111 E24.86368
G1 X46.633 Y9.181 E25.40307
G1 X46.633 Y8.636 E25.42928
G1 X54.563 Y16.566 E25.96867
G1 X54.563 Y16.021 E25.99488
G1 X46.633 Y8.091 E26.53427
G1 X46.633 Y7.545 E26.56053
G1 X54.563 Y15.475 E27.09992
G1 X54.563 Y14.93 E27.12613
G1 X46.633 Y7 E27.66552
G1 X46.633 Y6.455 E27.69173
G1 X54.563 Y14.384 E28.23108
G1 X54.563 Y13.839 E28.25729
G1 X46.633 Y5.909 E28.79668
G1 X46.633 Y5.364 E28.82289
G1 X54.563 Y13.294 E29.36228
G1 X54.563 Y12.748 E29.38854
G1 X46.633 Y4.818 E29.92793
G1 X46.633 Y4.273 E29.95414
G1 X54.563 Y12.203 E30.49353
G1 X54.563 Y11.658 E30.51974
G1 X46.633 Y3.728 E31.05913
G1 X46.633 Y3.182 E31.08539
G1 X54.563 Y11.112 E31.62478
G1 X54.563 Y10.567 E31.65099
G1 X46.633 Y2.637 E32.19038
G1 X46.633 Y2.091 E32.21664
G1 X54.563 Y10.022 E32.75606
G1 X54.563 Y9.476 E32.78232
G1 X46.632 Y1.546 E33.32174
G1 X46.632 Y1.001 E33.34795
G1 X54.563 Y8.931 E33.88737
G1 X54.563 Y8.386 E33.91358
G1 X46.632 Y.455 E34.45304
G1 X46.632 Y-.09 E34.47925
G1 X54.563 Y7.84 E35.01867
G1 X54.563 Y7.295 E35.04488
G1 X46.632 Y-.635 E35.5843
G1 X46.632 Y-1.181 E35.61056
G1 X54.563 Y6.75 E36.15002
G1 X54.563 Y6.204 E36.17628
G1 X46.632 Y-1.726 E36.7157
G1 X46.632 Y-2.272 E36.74196
G1 X54.563 Y5.659 E37.28142
G1 X54.563 Y5.114 E37.30763
G1 X46.632 Y-2.817 E37.84709
G1 X46.632 Y-3.362 E37.8733
G1 X54.563 Y4.568 E38.41272
G1 X54.563 Y4.023 E38.43893
G1 X46.632 Y-3.908 E38.97839
G1 X46.632 Y-4.453 E39.0046
G1 X54.563 Y3.478 E39.54406
G1 X54.563 Y2.932 E39.57032
G1 X46.632 Y-4.998 E40.10974
G1 X46.632 Y-5.544 E40.136
G1 X54.563 Y2.387 E40.67546
G1 X54.563 Y1.841 E40.70172
G1 X46.632 Y-6.089 E41.24114
G1 X46.632 Y-6.635 E41.2674
G1 X54.563 Y1.296 E41.80686
G1 X54.563 Y.751 E41.83307
G1 X46.632 Y-7.18 E42.37253
G1 X46.632 Y-7.725 E42.39874
G1 X54.563 Y.205 E42.93816
G1 X54.563 Y-.34 E42.96437
G1 X46.632 Y-8.271 E43.50383
G1 X46.632 Y-8.816 E43.53004
G1 X54.563 Y-.885 E44.0695
G1 X54.563 Y-1.431 E44.09576
G1 X46.632 Y-9.361 E44.63518
G1 X46.632 Y-9.907 E44.66144
G1 X54.563 Y-1.976 E45.2009
G1 X54.563 Y-2.521 E45.22711
G1 X46.632 Y-10.452 E45.76657
G1 X46.632 Y-10.998 E45.79283
G1 X54.563 Y-3.067 E46.33229
G1 X54.563 Y-3.612 E46.3585
G1 X46.632 Y-11.543 E46.89796
G1 X46.632 Y-12.088 E46.92417
G1 X54.563 Y-4.157 E47.46363
G1 X54.563 Y-4.703 E47.48989
G1 X46.632 Y-12.634 E48.02935
G1 X46.632 Y-13.179 E48.05556
G1 X54.563 Y-5.248 E48.59502
G1 X54.563 Y-5.793 E48.62123
G1 X46.632 Y-13.724 E49.16069
G1 X46.632 Y-14.27 E49.18695
G1 X54.563 Y-6.339 E49.72641
G1 X54.563 Y-6.884 E49.75262
G1 X46.632 Y-14.815 E50.29208
G1 X46.632 Y-15.361 E50.31834
G1 X54.563 Y-7.429 E50.85783
G1 X54.563 Y-7.975 E50.88409
G1 X46.631 Y-15.906 E51.42358
G1 X46.631 Y-16.451 E51.44979
G1 X54.563 Y-8.52 E51.98928
G1 X54.563 Y-9.065 E52.01549
G1 X46.631 Y-16.997 E52.55501
G1 X46.631 Y-17.542 E52.58122
G1 X54.563 Y-9.611 E53.12071
G1 X54.563 Y-10.156 E53.14692
G1 X46.631 Y-18.088 E53.68644
G1 X46.631 Y-18.633 E53.71265
G1 X54.563 Y-10.702 E54.25214
G1 X54.563 Y-11.247 E54.27835
G1 X46.631 Y-19.178 E54.81784
G1 X46.631 Y-19.724 E54.8441
G1 X54.563 Y-11.792 E55.38362
G1 X54.563 Y-12.338 E55.40988
G1 X46.631 Y-20.269 E55.94937
G1 X46.631 Y-20.814 E55.97558
G1 X54.563 Y-12.883 E56.51507
G1 X54.563 Y-13.428 E56.54128
G1 X46.631 Y-21.36 E57.0808
G1 X46.631 Y-21.905 E57.10701
G1 X54.563 Y-13.974 E57.6465
G1 X54.563 Y-14.519 E57.67271
G1 X46.596 Y-22.485 E58.21458
G1 X46.292 Y-23.234 F7200
;WIDTH:0.404381
G1 F1500
G1 X46.296 Y-23.429 E58.22285
;WIDTH:0.45
G1 X46.468 Y-23.159 E58.23825
G1 X54.563 Y-15.064 E58.78886
G1 X54.563 Y-15.61 E58.81512
G1 X46.066 Y-24.106 E59.39304
G1 X45.847 Y-24.379 E59.40987
;WIDTH:0.404381
G1 X45.273 Y-25.011 E59.44607
G1 X44.738 Y-25.491 E59.47655
;WIDTH:0.45
G1 X44.465 Y-25.707 E59.49329
G1 X38.469 Y-31.704 E59.90116
G1 X38.771 Y-31.847 E59.91723
;WIDTH:0.404381
G1 X38.782 Y-31.806 E59.91903
G1 X38.711 Y-31.787 E59.92215
G1 X38.73 Y-31.858 E59.92527
;WIDTH:0.45
G1 X39.014 Y-31.704 E59.94081
G1 X54.563 Y-16.155 E60.99843
G1 X54.563 Y-16.7 E61.02464
G1 X39.559 Y-31.704 E62.04519
G1 X40.105 Y-31.704 E62.07145
G1 X54.563 Y-17.246 E63.05487
G1 X54.563 Y-17.791 E63.08108
G1 X40.65 Y-31.704 E64.02742
G1 X41.195 Y-31.704 E64.05363
G1 X54.563 Y-18.336 E64.9629
G1 X54.563 Y-18.882 E64.98916
G1 X41.741 Y-31.704 E65.8613
G1 X42.286 Y-31.704 E65.88751
G1 X54.563 Y-19.427 E66.72258
G1 X54.563 Y-19.972 E66.74879
G1 X42.831 Y-31.704 E67.54679
G1 X43.377 Y-31.704 E67.57305
G1 X54.563 Y-20.518 E68.33391
G1 X54.563 Y-21.063 E68.36012
G1 X43.922 Y-31.704 E69.08391
G1 X44.467 Y-31.704 E69.11012
G1 X54.563 Y-21.608 E69.79684
G1 X54.563 Y-22.154 E69.8231
G1 X45.013 Y-31.704 E70.47268
G1 X45.558 Y-31.704 E70.49889
G1 X54.563 Y-22.699 E71.1114
G1 X54.563 Y-23.245 E71.13766
G1 X46.103 Y-31.704 E71.71306
G1 X46.649 Y-31.704 E71.73932
G1 X54.563 Y-23.79 E72.27762
G1 X54.563 Y-24.335 E72.30383
G1 X47.194 Y-31.704 E72.80506
G1 X47.739 Y-31.704 E72.83127
G1 X54.563 Y-24.881 E73.2954
G1 X54.563 Y-25.426 E73.32161
G1 X48.285 Y-31.704 E73.74863
G1 X48.83 Y-31.704 E73.77484
G1 X54.563 Y-25.971 E74.16479
G1 X54.563 Y-26.517 E74.19105
G1 X49.375 Y-31.704 E74.5439
G1 X49.921 Y-31.704 E74.57016
G1 X54.563 Y-27.062 E74.8859
G1 X54.563 Y-27.607 E74.91211
G1 X50.466 Y-31.704 E75.19078
G1 X51.012 Y-31.704 E75.21704
G1 X54.563 Y-28.153 E75.45857
G1 X54.563 Y-28.698 E75.48478
G1 X51.557 Y-31.704 E75.68924
G1 X52.102 Y-31.704 E75.71545
G1 X54.563 Y-29.243 E75.88284
G1 X54.563 Y-29.789 E75.9091
G1 X52.648 Y-31.704 E76.03936
G1 X54.563 Y-31.704 E76.13146
G1 X54.563 Y-30.334 E76.19735
G1 X53.329 Y-31.568 E76.28129
G1 X54.148 Y-31.353 F7200
;WIDTH:0.481161
G1 F1500
G1 X54.111 Y-31.316 E76.28401
G1 X54.125 Y-31.266 E76.28671
G1 X54.175 Y-31.252 E76.28941
G1 X54.212 Y-31.289 E76.29213
G1 X54.198 Y-31.339 E76.29483
;LAYER_CHANGE
;Z:1.25
;HEIGHT:0.3
G1 E74.29483 F2400
G92 E0
G1 Z1.25 F7200
G1 Z3.25
G1 X-19.762 Y14.9
G1 Z1.25
G1 E2 F2400
;TYPE:Perimeter
;WIDTH:0.45
G1 F3600
G1 X-19.737 Y14.826 E2.00376
G1 X-19.508 Y14.396 E2.02719
G1 X-19.213 Y14.009 E2.05059
G1 X-18.922 Y13.724 E2.07018
G1 X-3.585 Y.767 E3.03584
G1 X-3.106 Y.442 E3.06368
G1 X-2.489 Y.187 E3.09579
G1 X-2.198 Y.118 E3.11017
G1 X-1.569 Y.069 E3.14051
G1 X-1.27 Y.092 E3.15493
G1 X-.656 Y.238 E3.18528
G1 X-.263 Y.423 E3.20617
G1 X.166 Y.683 E3.2303
G1 X15.617 Y13.723 E4.20272
G1 X16.01 Y14.127 E4.22983
G1 X16.284 Y14.529 E4.25323
G1 X16.532 Y15.105 E4.28339
G1 X16.622 Y15.439 E4.30003
G1 X16.676 Y15.922 E4.32341
G1 X16.65 Y16.408 E4.34682
G1 X16.547 Y16.883 E4.3702
G1 X16.368 Y17.336 E4.39363
G1 X16.118 Y17.753 E4.41701
G1 X15.804 Y18.125 E4.44042
G1 X15.434 Y18.44 E4.46379
G1 X15.017 Y18.692 E4.48722
G1 X14.565 Y18.872 E4.51062
G1 X14.09 Y18.978 E4.53403
G1 X13.684 Y19.007 E4.55361
G1 X-16.989 Y19.009 E6.02887
G1 X-17.55 Y18.953 E6.05599
G1 X-18.019 Y18.824 E6.07938
G1 X-18.517 Y18.583 E6.10599
G1 X-18.863 Y18.347 E6.12613
G1 X-19.216 Y18.012 E6.14954
G1 X-19.434 Y17.74 E6.16631
G1 X-19.703 Y17.279 E6.19198
G1 X-19.879 Y16.798 E6.21661
G1 X-19.971 Y16.287 E6.24158
G1 X-19.972 Y15.767 E6.26659
G1 X-19.893 Y15.287 E6.28999
G1 X-19.781 Y14.957 E6.30675
G1 X-19.394 Y15.048 F7200
G1 F3600
G1 X-19.244 Y14.702 E6.32489
G1 X-18.941 Y14.283 E6.34976
G1 X-18.674 Y14.019 E6.36782
G1 X-3.336 Y1.061 E7.33355
G1 X-2.926 Y.784 E7.35735
G1 X-2.342 Y.544 E7.38772
G1 X-1.539 Y.453 E7.42659
G1 X-.746 Y.614 E7.46551
G1 X-.041 Y1.009 E7.50438
G1 X15.368 Y14.018 E8.4743
G1 X15.697 Y14.353 E8.49688
G1 X15.939 Y14.701 E8.51727
G1 X16.163 Y15.219 E8.54441
G1 X16.285 Y15.818 E8.57381
G1 X16.272 Y16.336 E8.59873
G1 X16.185 Y16.751 E8.61912
G1 X16.032 Y17.146 E8.63949
G1 X15.817 Y17.512 E8.65991
G1 X15.546 Y17.838 E8.6803
G1 X15.226 Y18.115 E8.70066
G1 X14.864 Y18.337 E8.72108
G1 X14.472 Y18.498 E8.74146
G1 X14.059 Y18.593 E8.76184
G1 X13.684 Y18.622 E8.77993
G1 X-16.989 Y18.623 E10.25519
G1 X-17.457 Y18.579 E10.2778
G1 X-17.866 Y18.469 E10.29817
G1 X-18.309 Y18.258 E10.32177
G1 X-18.605 Y18.06 E10.3389
G1 X-18.916 Y17.771 E10.35932
G1 X-19.129 Y17.505 E10.37571
G1 X-19.376 Y17.062 E10.4001
G1 X-19.515 Y16.661 E10.42051
G1 X-19.587 Y16.244 E10.44086
G1 X-19.59 Y15.82 E10.46125
G1 X-19.467 Y15.215 E10.49094
G1 X-19.418 Y15.103 E10.49682
G1 X-19.037 Y15.191 F7200
;TYPE:External perimeter
G1 F1800
G1 X-18.883 Y14.848 E10.5149
G1 X-18.669 Y14.556 E10.53231
G1 X-18.425 Y14.314 E10.54884
G1 X-3.087 Y1.356 E11.51457
G1 X-2.78 Y1.141 E11.5326
G1 X-2.196 Y.901 E11.56297
G1 X-1.509 Y.838 E11.59615
G1 X-.835 Y.989 E11.62937
G1 X-.241 Y1.338 E11.66251
G1 X15.12 Y14.312 E12.62958
G1 X15.385 Y14.579 E12.64767
G1 X15.594 Y14.873 E12.66502
G1 X15.795 Y15.333 E12.68916
G1 X15.903 Y15.871 E12.71555
G1 X15.893 Y16.264 E12.73446
G1 X15.823 Y16.618 E12.75182
G1 X15.696 Y16.957 E12.76923
G1 X15.516 Y17.271 E12.78664
G1 X15.288 Y17.551 E12.80401
G1 X15.018 Y17.791 E12.82138
G1 X14.712 Y17.983 E12.83875
G1 X14.379 Y18.124 E12.85614
G1 X14.028 Y18.209 E12.87351
G1 X13.684 Y18.236 E12.89011
G1 X-16.989 Y18.237 E14.36537
G1 X-17.363 Y18.205 E14.38342
G1 X-17.714 Y18.115 E14.40085
G1 X-18.102 Y17.933 E14.42146
G1 X-18.348 Y17.773 E14.43557
G1 X-18.615 Y17.529 E14.45297
G1 X-18.824 Y17.269 E14.46901
G1 X-19.014 Y16.93 E14.4877
G1 X-19.136 Y16.589 E14.50512
G1 X-19.201 Y16.234 E14.52248
G1 X-19.208 Y15.872 E14.53989
G1 X-19.098 Y15.329 E14.56654
G1 X-19.061 Y15.246 E14.57091
G1 X-18.894 Y14.882 F7200
G1 E12.57091 F2400
G92 E0
G1 Z3.25 F7200
G1 X-32.996 Y21.011
G1 Z1.25
G1 E2 F2400
;TYPE:Perimeter
G1 F1200
G1 X-32.987 Y20.598 E2.01987
G1 X-32.777 Y19.977 E2.0514
G1 X-32.609 Y19.687 E2.06752
G1 X-32.171 Y19.19 E2.09938
G1 X-31.615 Y18.853 E2.13065
G1 X-31.305 Y18.74 E2.14652
G1 X-30.745 Y18.645 E2.17384
G1 X-30.217 Y18.68 E2.19929
G1 X-29.688 Y18.853 E2.22606
G1 X-29.205 Y19.136 E2.25298
G1 X-28.908 Y19.433 E2.27318
G1 X-28.576 Y19.865 E2.29938
G1 X-28.391 Y20.352 E2.32444
G1 X-28.304 Y20.698 E2.3416
G1 X-28.302 Y21.206 E2.36603
G1 X-28.36 Y21.585 E2.38447
G1 X-28.568 Y22.14 E2.41298
G1 X-29.009 Y22.708 E2.44757
G1 X-29.265 Y22.924 E2.46368
G1 X-29.838 Y23.238 E2.49511
G1 X-30.484 Y23.367 E2.52679
G1 X-30.819 Y23.367 E2.5429
G1 X-31.465 Y23.238 E2.57458
G1 X-32.038 Y22.924 E2.60601
G1 X-32.314 Y22.685 E2.62357
G1 X-32.681 Y22.237 E2.65142
G1 X-32.948 Y21.574 E2.6858
G1 X-33.002 Y21.255 E2.70136
G1 X-32.998 Y21.071 E2.71021
G1 X-32.61 Y21.011 F7200
G1 F1200
G1 X-32.616 Y20.766 E2.722
G1 X-32.581 Y20.568 E2.73167
G1 X-32.37 Y20.016 E2.76009
G1 X-32 Y19.561 E2.7883
G1 X-31.846 Y19.432 E2.79796
G1 X-31.328 Y19.144 E2.82647
G1 X-30.811 Y19.039 E2.85184
G1 X-30.293 Y19.058 E2.87677
G1 X-29.881 Y19.187 E2.89753
G1 X-29.422 Y19.454 E2.92307
G1 X-28.991 Y19.933 E2.95406
G1 X-28.866 Y20.174 E2.96712
G1 X-28.699 Y20.65 E2.99138
G1 X-28.687 Y21.206 E3.01813
G1 X-28.722 Y21.453 E3.03013
G1 X-28.914 Y21.97 E3.05666
G1 X-29.304 Y22.461 E3.08682
G1 X-29.458 Y22.59 E3.09648
G1 X-29.971 Y22.876 E3.12473
G1 X-30.551 Y22.988 E3.15314
G1 X-30.752 Y22.988 E3.16281
G1 X-31.332 Y22.876 E3.19122
G1 X-31.846 Y22.59 E3.21951
G1 X-32.019 Y22.437 E3.23062
G1 X-32.357 Y22.028 E3.25614
G1 X-32.6 Y21.39 E3.28898
G1 X-32.608 Y21.071 E3.30433
G1 X-32.228 Y21.011 F7200
;TYPE:External perimeter
G1 F1200
G1 X-32.231 Y20.766 E3.31611
G1 X-32.052 Y20.241 E3.34279
G1 X-31.704 Y19.809 E3.36947
G1 X-31.23 Y19.521 E3.39615
G1 X-30.727 Y19.417 E3.42085
G1 X-30.358 Y19.438 E3.43863
G1 X-29.998 Y19.565 E3.45699
G1 X-29.6 Y19.809 E3.47944
G1 X-29.275 Y20.196 E3.50375
G1 X-29.085 Y20.7 E3.52966
G1 X-29.073 Y21.206 E3.554
G1 X-29.221 Y21.695 E3.57857
G1 X-29.285 Y21.838 E3.58611
G1 X-29.622 Y22.236 E3.61119
G1 X-30.074 Y22.5 E3.63637
G1 X-30.618 Y22.608 E3.66305
G1 X-31.167 Y22.523 E3.68977
G1 X-31.653 Y22.256 E3.71644
G1 X-32.018 Y21.838 E3.74313
G1 X-32.225 Y21.3 E3.77086
G1 X-32.228 Y21.071 E3.78188
G1 X-32.186 Y20.673 F7200
G1 E1.78188 F2400
G92 E0
G1 Z3.25 F7200
G1 X-6.642 Y-2.339
G1 Z1.25
G1 E2 F2400
;TYPE:Perimeter
G1 F3600
G1 X-6.666 Y-2.267 E2.00365
G1 X-6.893 Y-1.852 E2.0264
G1 X-7.182 Y-1.478 E2.04913
G1 X-7.465 Y-1.201 E2.06818
G1 X-23.719 Y12.531 E3.09159
G1 X-24.158 Y12.837 E3.11733
G1 X-24.623 Y13.053 E3.14199
G1 X-25.091 Y13.182 E3.16534
G1 X-25.574 Y13.234 E3.1887
G1 X-26.058 Y13.208 E3.21201
G1 X-26.532 Y13.103 E3.23536
G1 X-26.983 Y12.923 E3.25872
G1 X-27.399 Y12.673 E3.28206
G1 X-27.769 Y12.358 E3.30543
G1 X-28.083 Y11.988 E3.32877
G1 X-28.334 Y11.573 E3.3521
G1 X-28.514 Y11.122 E3.37546
G1 X-28.618 Y10.648 E3.3988
G1 X-28.648 Y10.242 E3.41838
G1 X-28.648 Y-17.221 E4.73925
G1 X-28.593 Y-17.78 E4.76627
G1 X-28.464 Y-18.248 E4.78962
G1 X-28.232 Y-18.735 E4.81557
G1 X-27.989 Y-19.092 E4.83634
G1 X-27.656 Y-19.445 E4.85968
G1 X-27.13 Y-19.818 E4.89069
G1 X-26.532 Y-20.082 E4.92213
G1 X-25.748 Y-20.197 E4.96024
G1 X-25.417 Y-20.205 E4.97616
G1 X-24.938 Y-20.128 E4.99949
G1 X-24.478 Y-19.974 E5.02282
G1 X-24.048 Y-19.748 E5.04618
G1 X-23.206 Y-19.076 E5.09799
G1 X-7.465 Y-5.777 E6.08911
G1 X-7.082 Y-5.386 E6.11543
G1 X-6.813 Y-4.997 E6.13818
G1 X-6.565 Y-4.442 E6.16742
G1 X-6.422 Y-3.801 E6.19901
G1 X-6.423 Y-3.213 E6.22729
G1 X-6.557 Y-2.598 E6.25756
G1 X-6.623 Y-2.396 E6.26778
G1 X-6.995 Y-2.487 F7200
G1 F3600
G1 X-7.009 Y-2.443 E6.27
G1 X-7.204 Y-2.08 E6.28982
G1 X-7.453 Y-1.752 E6.30963
G1 X-7.714 Y-1.496 E6.32721
G1 X-23.968 Y12.236 E7.35062
G1 X-24.353 Y12.504 E7.37318
G1 X-24.735 Y12.684 E7.39349
G1 X-25.142 Y12.8 E7.41384
G1 X-25.562 Y12.849 E7.43418
G1 X-25.985 Y12.829 E7.45455
G1 X-26.399 Y12.741 E7.47491
G1 X-26.793 Y12.588 E7.49524
G1 X-27.157 Y12.372 E7.5156
G1 X-27.482 Y12.101 E7.53595
G1 X-27.758 Y11.781 E7.55627
G1 X-27.979 Y11.42 E7.57663
G1 X-28.139 Y11.029 E7.59695
G1 X-28.234 Y10.616 E7.61733
G1 X-28.262 Y10.242 E7.63537
G1 X-28.262 Y-17.221 E8.95624
G1 X-28.219 Y-17.688 E8.9788
G1 X-28.109 Y-18.096 E8.99912
G1 X-27.907 Y-18.527 E9.02201
G1 X-27.702 Y-18.834 E9.03976
G1 X-27.414 Y-19.144 E9.06011
G1 X-26.94 Y-19.483 E9.08814
G1 X-26.398 Y-19.72 E9.11659
G1 X-25.706 Y-19.813 E9.15017
G1 X-25.469 Y-19.822 E9.16158
G1 X-25.051 Y-19.759 E9.18191
G1 X-24.648 Y-19.628 E9.20229
G1 X-24.098 Y-19.31 E9.23285
G1 X-7.714 Y-5.483 E10.26398
G1 X-7.393 Y-5.158 E10.28595
G1 X-7.156 Y-4.821 E10.30577
G1 X-6.932 Y-4.322 E10.33208
G1 X-6.802 Y-3.74 E10.36076
G1 X-6.809 Y-3.226 E10.38548
G1 X-6.93 Y-2.694 E10.41172
G1 X-6.977 Y-2.544 E10.41928
G1 X-7.35 Y-2.634 F7200
;TYPE:External perimeter
G1 F1800
G1 X-7.515 Y-2.308 E10.43685
G1 X-7.724 Y-2.026 E10.45373
G1 X-7.963 Y-1.79 E10.46988
G1 X-24.217 Y11.942 E11.49329
G1 X-24.523 Y12.158 E11.5113
G1 X-24.848 Y12.315 E11.52866
G1 X-25.193 Y12.418 E11.54598
G1 X-25.551 Y12.463 E11.56333
G1 X-25.912 Y12.45 E11.5807
G1 X-26.265 Y12.379 E11.59802
G1 X-26.603 Y12.252 E11.61539
G1 X-26.915 Y12.072 E11.63271
G1 X-27.194 Y11.844 E11.65004
G1 X-27.433 Y11.573 E11.66742
G1 X-27.625 Y11.268 E11.68475
G1 X-27.765 Y10.936 E11.70208
G1 X-27.85 Y10.585 E11.71945
G1 X-27.877 Y10.242 E11.736
G1 X-27.877 Y-17.221 E13.05687
G1 X-27.845 Y-17.595 E13.07492
G1 X-27.755 Y-17.944 E13.09225
G1 X-27.581 Y-18.32 E13.11218
G1 X-27.414 Y-18.577 E13.12692
G1 X-27.172 Y-18.844 E13.14425
G1 X-26.75 Y-19.147 E13.16924
G1 X-26.265 Y-19.358 E13.19468
G1 X-25.663 Y-19.43 E13.22384
G1 X-25.163 Y-19.39 E13.24797
G1 X-24.819 Y-19.282 E13.26531
G1 X-24.322 Y-18.996 E13.29289
G1 X-7.963 Y-5.188 E14.32251
G1 X-7.704 Y-4.93 E14.34009
G1 X-7.499 Y-4.645 E14.35698
G1 X-7.298 Y-4.202 E14.38038
G1 X-7.183 Y-3.68 E14.40609
G1 X-7.2 Y-3.198 E14.42929
G1 X-7.329 Y-2.69 E14.4545
G1 X-7.509 Y-2.333 F7200
G1 E12.4545 F2400
G92 E0
G1 Z3.25 F7200
G1 X-.614 Y-7.249
G1 Z1.25
G1 E2 F2400
;TYPE:Perimeter
G1 F3600
G1 X-.815 Y-7.166 E2.01046
G1 X-1.106 Y-7.097 E2.02484
G1 X-1.735 Y-7.048 E2.05518
G1 X-2.033 Y-7.071 E2.06956
G1 X-2.647 Y-7.217 E2.09991
G1 X-3.041 Y-7.401 E2.12082
G1 X-3.47 Y-7.662 E2.14497
G1 X-18.92 Y-20.701 E3.11733
G1 X-19.313 Y-21.105 E3.14444
G1 X-19.587 Y-21.507 E3.16784
G1 X-19.735 Y-21.803 E3.18376
G1 X-19.912 Y-22.382 E3.21288
G1 X-19.959 Y-22.923 E3.239
G1 X-19.954 Y-23.386 E3.26127
G1 X-19.85 Y-23.861 E3.28466
G1 X-19.654 Y-24.343 E3.30969
G1 X-19.379 Y-24.784 E3.33469
G1 X-18.909 Y-25.277 E3.36745
G1 X-18.458 Y-25.596 E3.39402
G1 X-17.868 Y-25.85 E3.42491
G1 X-17.393 Y-25.956 E3.44832
G1 X-16.987 Y-25.986 E3.4679
G1 X13.683 Y-25.986 E4.94302
G1 X14.244 Y-25.93 E4.97014
G1 X14.713 Y-25.8 E4.99355
G1 X15.155 Y-25.596 E5.01696
G1 X15.557 Y-25.323 E5.04033
G1 X15.911 Y-24.989 E5.06374
G1 X16.221 Y-24.572 E5.08873
G1 X16.452 Y-24.118 E5.11323
G1 X16.603 Y-23.573 E5.14043
G1 X16.667 Y-23.23 E5.15721
G1 X16.666 Y-22.744 E5.18058
G1 X16.587 Y-22.264 E5.20398
G1 X16.431 Y-21.803 E5.22739
G1 X16.203 Y-21.373 E5.2508
G1 X15.908 Y-20.986 E5.2742
G1 X15.617 Y-20.701 E5.29379
G1 X.281 Y-7.745 E6.25938
G1 X-.198 Y-7.42 E6.28722
G1 X-.559 Y-7.271 E6.306
G1 X-.755 Y-7.607 F7200
G1 F3600
G1 X-.961 Y-7.523 E6.3167
G1 X-1.765 Y-7.432 E6.35562
G1 X-2.558 Y-7.592 E6.39453
G1 X-3.262 Y-7.987 E6.43336
G1 X-18.672 Y-20.996 E7.40332
G1 X-19 Y-21.331 E7.42587
G1 X-19.242 Y-21.679 E7.44626
G1 X-19.39 Y-21.975 E7.46218
G1 X-19.54 Y-22.483 E7.48766
G1 X-19.584 Y-23.181 E7.5213
G1 X-19.504 Y-23.677 E7.54546
G1 X-19.325 Y-24.142 E7.56942
G1 X-19.03 Y-24.599 E7.59558
G1 X-18.632 Y-25.009 E7.62306
G1 X-18.167 Y-25.316 E7.64986
G1 X-17.775 Y-25.476 E7.67022
G1 X-17.362 Y-25.571 E7.6906
G1 X-16.987 Y-25.6 E7.70869
G1 X13.683 Y-25.6 E9.18381
G1 X14.151 Y-25.556 E9.20642
G1 X14.56 Y-25.446 E9.22679
G1 X14.947 Y-25.272 E9.2472
G1 X15.3 Y-25.037 E9.2676
G1 X15.61 Y-24.748 E9.28798
G1 X15.879 Y-24.394 E9.30936
G1 X16.111 Y-23.927 E9.33444
G1 X16.245 Y-23.417 E9.3598
G1 X16.289 Y-22.89 E9.38524
G1 X16.223 Y-22.392 E9.4094
G1 X16.086 Y-21.975 E9.43051
G1 X15.89 Y-21.599 E9.4509
G1 X15.636 Y-21.26 E9.47127
G1 X15.368 Y-20.996 E9.48936
G1 X.032 Y-8.04 E10.45495
G1 X-.378 Y-7.762 E10.47878
G1 X-.699 Y-7.63 E10.49547
G1 X-.896 Y-7.967 F7200
;TYPE:External perimeter
G1 F1800
G1 X-1.108 Y-7.879 E10.50651
G1 X-1.795 Y-7.816 E10.53969
G1 X-2.469 Y-7.967 E10.57291
G1 X-3.062 Y-8.317 E10.60603
G1 X-18.423 Y-21.29 E11.57307
G1 X-18.688 Y-21.557 E11.59116
G1 X-18.897 Y-21.851 E11.60851
G1 X-19.045 Y-22.147 E11.62443
G1 X-19.174 Y-22.627 E11.64834
G1 X-19.199 Y-23.197 E11.67578
G1 X-19.126 Y-23.596 E11.69529
G1 X-18.996 Y-23.941 E11.71302
G1 X-18.753 Y-24.33 E11.73508
G1 X-18.355 Y-24.741 E11.7626
G1 X-18.015 Y-24.961 E11.78208
G1 X-17.682 Y-25.102 E11.79947
G1 X-17.331 Y-25.187 E11.81684
G1 X-16.987 Y-25.214 E11.83344
G1 X13.683 Y-25.214 E13.30856
G1 X14.058 Y-25.182 E13.32666
G1 X14.408 Y-25.092 E13.34404
G1 X14.739 Y-24.947 E13.36142
G1 X15.042 Y-24.75 E13.3788
G1 X15.309 Y-24.506 E13.3962
G1 X15.537 Y-24.216 E13.41394
G1 X15.744 Y-23.807 E13.43599
G1 X15.889 Y-23.255 E13.46344
G1 X15.902 Y-22.849 E13.48298
G1 X15.795 Y-22.312 E13.50932
G1 X15.594 Y-21.851 E13.53351
G1 X15.364 Y-21.533 E13.55239
G1 X15.119 Y-21.29 E13.56899
G1 X-.217 Y-8.334 E14.53458
G1 X-.524 Y-8.119 E14.55261
G1 X-.84 Y-7.989 E14.56904
G1 X-1.225 Y-7.879 F7200
G1 E12.56904 F2400
G92 E0
G1 Z3.25 F7200
G1 X-29.134 Y-26.178
G1 Z1.25
G1 E2 F2400
;TYPE:Perimeter
G1 F1200
G1 X-29.612 Y-25.876 E2.02719
G1 X-29.943 Y-25.73 E2.04459
G1 X-30.467 Y-25.636 E2.07019
G1 X-30.819 Y-25.633 E2.08712
G1 X-31.39 Y-25.738 E2.11504
G1 X-32.038 Y-26.076 E2.15019
G1 X-32.295 Y-26.291 E2.16631
G1 X-32.62 Y-26.679 E2.19065
G1 X-32.776 Y-26.955 E2.2059
G1 X-32.97 Y-27.499 E2.23368
G1 X-33.002 Y-28.234 E2.26906
G1 X-32.944 Y-28.563 E2.28513
G1 X-32.777 Y-29.023 E2.30867
G1 X-32.609 Y-29.313 E2.32479
G1 X-32.295 Y-29.687 E2.34828
G1 X-32.038 Y-29.902 E2.3644
G1 X-31.615 Y-30.147 E2.38791
G1 X-31.311 Y-30.259 E2.40349
G1 X-30.705 Y-30.356 E2.43301
G1 X-30.158 Y-30.307 E2.45942
G1 X-29.689 Y-30.147 E2.48325
G1 X-29.265 Y-29.902 E2.5068
G1 X-29.009 Y-29.687 E2.52288
G1 X-28.695 Y-29.313 E2.54637
G1 X-28.527 Y-29.023 E2.56249
G1 X-28.314 Y-28.389 E2.59466
G1 X-28.302 Y-27.745 E2.62564
G1 X-28.36 Y-27.415 E2.64176
G1 X-28.548 Y-26.903 E2.66799
G1 X-28.695 Y-26.666 E2.6814
G1 X-29.085 Y-26.212 E2.71019
G1 X-29.384 Y-26.478 F7200
G1 F1200
G1 X-29.519 Y-26.375 E2.71836
G1 X-29.976 Y-26.122 E2.74348
G1 X-30.534 Y-26.015 E2.77081
G1 X-30.752 Y-26.012 E2.7813
G1 X-31.287 Y-26.109 E2.80745
G1 X-31.846 Y-26.41 E2.83799
G1 X-31.999 Y-26.539 E2.84762
G1 X-32.36 Y-26.977 E2.87492
G1 X-32.579 Y-27.541 E2.90402
G1 X-32.616 Y-28.234 E2.9374
G1 X-32.581 Y-28.432 E2.94707
G1 X-32.314 Y-29.065 E2.98011
G1 X-31.846 Y-29.568 E3.01315
G1 X-31.24 Y-29.88 E3.04593
G1 X-30.705 Y-29.97 E3.07202
G1 X-30.258 Y-29.934 E3.09359
G1 X-29.881 Y-29.813 E3.11263
G1 X-29.304 Y-29.439 E3.1457
G1 X-28.89 Y-28.891 E3.17873
G1 X-28.695 Y-28.327 E3.20743
G1 X-28.687 Y-27.745 E3.23542
G1 X-28.753 Y-27.462 E3.2494
G1 X-28.936 Y-26.99 E3.27375
G1 X-29.304 Y-26.539 E3.30175
G1 X-29.336 Y-26.515 E3.30367
G1 X-29.629 Y-26.77 F7200
;TYPE:External perimeter
G1 F1200
G1 X-30.074 Y-26.5 E3.3287
G1 X-30.601 Y-26.395 E3.35455
G1 X-31.167 Y-26.477 E3.38206
G1 X-31.653 Y-26.744 E3.40873
G1 X-32.018 Y-27.161 E3.43538
G1 X-32.217 Y-27.673 E3.4618
G1 X-32.231 Y-28.234 E3.48879
G1 X-32.052 Y-28.759 E3.51547
G1 X-31.704 Y-29.191 E3.54215
G1 X-31.23 Y-29.479 E3.56883
G1 X-30.738 Y-29.582 E3.59301
G1 X-30.358 Y-29.562 E3.61131
G1 X-30.074 Y-29.479 E3.62554
G1 X-29.6 Y-29.191 E3.65222
G1 X-29.252 Y-28.759 E3.6789
G1 X-29.076 Y-28.265 E3.70412
G1 X-29.073 Y-27.745 E3.72913
G1 X-29.252 Y-27.22 E3.75581
G1 X-29.583 Y-26.807 E3.78127
G1 X-29.922 Y-26.594 F7200
G1 E1.78127 F2400
G92 E0
G1 Z3.25 F7200
G1 X-40.394 Y-25.274
G1 Z1.25
G1 E2 F2400
;TYPE:Perimeter
G1 F3600
G1 X-40.17 Y-25.12 E2.01307
G1 X-39.783 Y-24.769 E2.0382
G1 X-39.419 Y-24.331 E2.06559
G1 X-39.087 Y-23.775 E2.09674
G1 X-38.821 Y-23.116 E2.13092
G1 X-38.7 Y-22.573 E2.15768
G1 X-38.656 Y-22.028 E2.18398
G1 X-38.656 Y21.012 E4.25405
G1 X-38.69 Y21.533 E4.27916
G1 X-38.81 Y22.105 E4.30727
G1 X-38.986 Y22.597 E4.3324
G1 X-39.224 Y23.062 E4.35752
G1 X-39.521 Y23.492 E4.38266
G1 X-39.872 Y23.88 E4.40782
G1 X-40.27 Y24.218 E4.43293
G1 X-40.709 Y24.501 E4.45805
G1 X-41.182 Y24.725 E4.48322
G1 X-41.679 Y24.885 E4.50833
G1 X-42.193 Y24.979 E4.53346
G1 X-42.651 Y25.007 E4.55553
G1 X-50.653 Y25.007 E4.9404
G1 X-51.236 Y24.963 E4.96852
G1 X-51.747 Y24.853 E4.99366
G1 X-52.239 Y24.677 E5.01879
G1 X-52.704 Y24.438 E5.04394
G1 X-53.133 Y24.141 E5.06904
G1 X-53.521 Y23.79 E5.0942
G1 X-53.859 Y23.392 E5.11931
G1 X-54.163 Y22.909 E5.14676
G1 X-54.419 Y22.316 E5.17783
G1 X-54.596 Y21.628 E5.212
G1 X-54.648 Y21.052 E5.23982
G1 X-54.648 Y-21.99 E7.30999
G1 X-54.604 Y-22.573 E7.33811
G1 X-54.494 Y-23.084 E7.36325
G1 X-54.295 Y-23.619 E7.3907
G1 X-53.981 Y-24.183 E7.42175
G1 X-53.543 Y-24.743 E7.45594
G1 X-53.133 Y-25.12 E7.48273
G1 X-52.704 Y-25.417 E7.50783
G1 X-52.239 Y-25.655 E7.53295
G1 X-51.747 Y-25.831 E7.55808
G1 X-51.236 Y-25.941 E7.58322
G1 X-50.691 Y-25.986 E7.60952
G1 X-42.651 Y-25.986 E7.99622
G1 X-42.068 Y-25.941 E8.02434
G1 X-41.557 Y-25.831 E8.04948
G1 X-41.065 Y-25.655 E8.07461
G1 X-40.6 Y-25.417 E8.09973
G1 X-40.443 Y-25.308 E8.10892
G1 X-40.607 Y-24.955 F7200
G1 F3600
G1 X-40.425 Y-24.83 E8.11954
G1 X-40.073 Y-24.515 E8.14226
G1 X-39.75 Y-24.133 E8.16632
G1 X-39.418 Y-23.577 E8.19747
G1 X-39.182 Y-22.979 E8.22839
G1 X-39.072 Y-22.46 E8.25391
G1 X-39.041 Y-21.767 E8.28727
G1 X-39.041 Y21.012 E10.34479
G1 X-39.078 Y21.519 E10.36924
G1 X-39.177 Y21.986 E10.3922
G1 X-39.332 Y22.427 E10.41468
G1 X-39.562 Y22.873 E10.43882
G1 X-39.811 Y23.238 E10.46007
G1 X-40.126 Y23.59 E10.48279
G1 X-40.485 Y23.897 E10.50551
G1 X-40.88 Y24.156 E10.52823
G1 X-41.306 Y24.36 E10.55095
G1 X-41.754 Y24.507 E10.57363
G1 X-42.218 Y24.594 E10.59634
G1 X-42.651 Y24.621 E10.61721
G1 X-50.653 Y24.621 E11.00208
G1 X-51.16 Y24.584 E11.02653
G1 X-51.623 Y24.487 E11.04928
G1 X-52.068 Y24.331 E11.07196
G1 X-52.489 Y24.118 E11.09465
G1 X-52.879 Y23.851 E11.11738
G1 X-53.231 Y23.536 E11.1401
G1 X-53.655 Y23.003 E11.17286
G1 X-53.809 Y22.756 E11.18686
G1 X-54.065 Y22.163 E11.21793
G1 X-54.221 Y21.539 E11.24887
G1 X-54.262 Y21.012 E11.27429
G1 X-54.262 Y-21.99 E13.34254
G1 X-54.225 Y-22.498 E13.36704
G1 X-54.129 Y-22.96 E13.38974
G1 X-53.958 Y-23.431 E13.41384
G1 X-53.644 Y-23.996 E13.44493
G1 X-53.244 Y-24.499 E13.47584
G1 X-52.819 Y-24.876 E13.50316
G1 X-52.424 Y-25.134 E13.52585
G1 X-51.998 Y-25.338 E13.54857
G1 X-51.55 Y-25.486 E13.57126
G1 X-51.085 Y-25.573 E13.59401
G1 X-50.653 Y-25.6 E13.61483
G1 X-42.651 Y-25.6 E13.9997
G1 X-42.143 Y-25.563 E14.0242
G1 X-41.681 Y-25.466 E14.04691
G1 X-41.236 Y-25.31 E14.06959
G1 X-40.814 Y-25.096 E14.09235
G1 X-40.657 Y-24.989 E14.10149
G1 X-40.821 Y-24.636 F7200
;TYPE:External perimeter
G1 F1800
G1 X-40.679 Y-24.54 E14.10973
G1 X-40.363 Y-24.261 E14.13
G1 X-40.081 Y-23.934 E14.15077
G1 X-39.749 Y-23.379 E14.18188
G1 X-39.543 Y-22.842 E14.20954
G1 X-39.453 Y-22.398 E14.23133
G1 X-39.427 Y-21.767 E14.2617
G1 X-39.427 Y21.012 E16.31922
G1 X-39.456 Y21.444 E16.34004
G1 X-39.542 Y21.862 E16.36057
G1 X-39.677 Y22.256 E16.3806
G1 X-39.882 Y22.659 E16.40235
G1 X-40.101 Y22.984 E16.4212
G1 X-40.381 Y23.3 E16.44151
G1 X-40.699 Y23.577 E16.46179
G1 X-41.05 Y23.81 E16.48205
G1 X-41.429 Y23.995 E16.50233
G1 X-41.829 Y24.129 E16.52262
G1 X-42.243 Y24.209 E16.5429
G1 X-42.651 Y24.236 E16.56257
G1 X-50.653 Y24.236 E16.94744
G1 X-51.085 Y24.206 E16.96827
G1 X-51.499 Y24.122 E16.98859
G1 X-51.898 Y23.985 E17.00888
G1 X-52.275 Y23.797 E17.02914
G1 X-52.625 Y23.561 E17.04944
G1 X-52.941 Y23.282 E17.06971
G1 X-53.335 Y22.789 E17.10006
G1 X-53.455 Y22.603 E17.11071
G1 X-53.711 Y22.01 E17.14178
G1 X-53.846 Y21.451 E17.16944
G1 X-53.877 Y21.012 E17.19061
G1 X-53.877 Y-21.99 E19.25886
G1 X-53.847 Y-22.423 E19.27974
G1 X-53.763 Y-22.836 E19.30001
G1 X-53.622 Y-23.244 E19.32077
G1 X-53.307 Y-23.808 E19.35184
G1 X-52.945 Y-24.255 E19.37951
G1 X-52.605 Y-24.555 E19.40132
G1 X-52.253 Y-24.788 E19.42162
G1 X-51.874 Y-24.973 E19.4419
G1 X-51.474 Y-25.107 E19.46219
G1 X-51.06 Y-25.188 E19.48248
G1 X-50.653 Y-25.214 E19.5021
G1 X-42.651 Y-25.214 E19.88697
G1 X-42.218 Y-25.185 E19.90784
G1 X-41.805 Y-25.101 E19.92811
G1 X-41.406 Y-24.964 E19.9484
G1 X-41.029 Y-24.776 E19.96866
G1 X-40.87 Y-24.669 E19.97788
G1 X-40.554 Y-24.424 F7200
G1 E17.97788 F2400
G92 E0
G1 Z3.25 F7200
G1 X26.174 Y-25.955
G1 Z1.25
G1 E2 F2400
;TYPE:Perimeter
G1 F1200
G1 X26.15 Y-25.967 E2.00129
G1 X25.746 Y-26.246 E2.0249
G1 X25.393 Y-26.663 E2.05118
G1 X25.223 Y-26.956 E2.06747
G1 X25.041 Y-27.459 E2.0932
G1 X25.007 Y-27.614 E2.10083
G1 X24.998 Y-28.234 E2.13065
G1 X25.056 Y-28.563 E2.14672
G1 X25.223 Y-29.023 E2.17026
G1 X25.391 Y-29.313 E2.18638
G1 X25.705 Y-29.687 E2.20987
G1 X25.962 Y-29.902 E2.22599
G1 X26.385 Y-30.147 E2.2495
G1 X26.689 Y-30.259 E2.26508
G1 X27.295 Y-30.356 E2.2946
G1 X27.842 Y-30.307 E2.32101
G1 X28.311 Y-30.147 E2.34484
G1 X28.735 Y-29.902 E2.36839
G1 X28.991 Y-29.687 E2.38447
G1 X29.305 Y-29.313 E2.40796
G1 X29.473 Y-29.023 E2.42408
G1 X29.686 Y-28.389 E2.45625
G1 X29.698 Y-27.745 E2.48723
G1 X29.64 Y-27.415 E2.50335
G1 X29.455 Y-26.911 E2.52917
G1 X29.213 Y-26.556 E2.54983
G1 X28.831 Y-26.14 E2.57699
G1 X28.312 Y-25.832 E2.60602
G1 X27.997 Y-25.717 E2.62215
G1 X27.46 Y-25.624 E2.64836
G1 X27.181 Y-25.633 E2.66179
G1 X26.612 Y-25.737 E2.68961
G1 X26.228 Y-25.929 E2.71026
G1 X26.37 Y-26.294 F7200
G1 F1200
G1 X26.155 Y-26.41 E2.72201
G1 X25.9 Y-26.659 E2.73915
G1 X25.594 Y-27.067 E2.76368
G1 X25.419 Y-27.547 E2.78825
G1 X25.384 Y-28.234 E2.82134
G1 X25.419 Y-28.432 E2.83101
G1 X25.686 Y-29.065 E2.86405
G1 X26.154 Y-29.568 E2.89709
G1 X26.76 Y-29.88 E2.92987
G1 X27.295 Y-29.97 E2.95596
G1 X27.742 Y-29.934 E2.97753
G1 X28.119 Y-29.813 E2.99657
G1 X28.696 Y-29.439 E3.02964
G1 X29.11 Y-28.891 E3.06267
G1 X29.305 Y-28.327 E3.09137
G1 X29.313 Y-27.745 E3.11936
G1 X29.251 Y-27.474 E3.13273
G1 X29.072 Y-27.004 E3.15692
G1 X28.696 Y-26.539 E3.18568
G1 X28.542 Y-26.41 E3.19534
G1 X28.043 Y-26.129 E3.22288
G1 X27.449 Y-26.012 E3.252
G1 X27.248 Y-26.012 E3.26167
G1 X26.714 Y-26.109 E3.28777
G1 X26.422 Y-26.266 E3.30372
G1 X26.561 Y-26.626 F7200
;TYPE:External perimeter
G1 F1200
G1 X26.348 Y-26.744 E3.31543
G1 X25.984 Y-27.159 E3.34198
G1 X25.781 Y-27.679 E3.36883
G1 X25.769 Y-28.234 E3.39553
G1 X25.948 Y-28.759 E3.42221
G1 X26.296 Y-29.191 E3.44889
G1 X26.77 Y-29.479 E3.47557
G1 X27.262 Y-29.582 E3.49975
G1 X27.642 Y-29.562 E3.51805
G1 X27.926 Y-29.479 E3.53228
G1 X28.4 Y-29.191 E3.55896
G1 X28.748 Y-28.759 E3.58564
G1 X28.924 Y-28.265 E3.61086
G1 X28.927 Y-27.745 E3.63587
G1 X28.748 Y-27.22 E3.66255
G1 X28.4 Y-26.787 E3.68927
G1 X27.926 Y-26.5 E3.71592
G1 X27.382 Y-26.392 E3.7426
G1 X26.833 Y-26.477 E3.76932
G1 X26.614 Y-26.598 E3.78135
G1 X26.288 Y-26.83 F7200
G1 E1.78135 F2400
G92 E0
G1 Z3.25 F7200
G1 X3.499 Y-2.005
G1 Z1.25
G1 E2 F2400
;TYPE:Perimeter
G1 F3600
G1 X3.262 Y-2.537 E2.02801
G1 X3.118 Y-3.178 E2.05961
G1 X3.12 Y-3.765 E2.08784
G1 X3.253 Y-4.379 E2.11806
G1 X3.362 Y-4.712 E2.13491
G1 X3.589 Y-5.127 E2.15766
G1 X3.878 Y-5.501 E2.18039
G1 X4.161 Y-5.777 E2.1994
G1 X20.418 Y-19.512 E3.22301
G1 X20.855 Y-19.817 E3.24864
G1 X21.346 Y-20.041 E3.2746
G1 X21.975 Y-20.179 E3.30557
G1 X22.273 Y-20.215 E3.32001
G1 X22.757 Y-20.188 E3.34332
G1 X23.262 Y-20.072 E3.36824
G1 X23.744 Y-19.869 E3.39339
G1 X24.164 Y-19.583 E3.41783
G1 X24.468 Y-19.339 E3.43658
G1 X24.782 Y-18.969 E3.45992
G1 X25.033 Y-18.553 E3.48329
G1 X25.213 Y-18.103 E3.5066
G1 X25.317 Y-17.629 E3.52994
G1 X25.347 Y-17.223 E3.54952
G1 X25.347 Y10.245 E4.87064
G1 X25.292 Y10.804 E4.89766
G1 X25.114 Y11.385 E4.92689
G1 X24.96 Y11.713 E4.94432
G1 X24.66 Y12.146 E4.96966
G1 X24.29 Y12.521 E4.995
G1 X23.969 Y12.763 E5.01433
G1 X23.54 Y12.991 E5.0377
G1 X23.081 Y13.147 E5.06102
G1 X22.602 Y13.227 E5.08438
G1 X22.116 Y13.228 E5.10775
G1 X21.637 Y13.151 E5.13108
G1 X21.177 Y12.998 E5.1544
G1 X20.747 Y12.772 E5.17776
G1 X20.418 Y12.533 E5.19732
G1 X4.161 Y-1.201 E6.2209
G1 X3.779 Y-1.593 E6.24723
G1 X3.529 Y-1.953 E6.26831
G1 X3.832 Y-2.202 F7200
G1 F3600
G1 X3.628 Y-2.657 E6.29229
G1 X3.499 Y-3.238 E6.32091
G1 X3.505 Y-3.753 E6.34568
G1 X3.626 Y-4.284 E6.37187
G1 X3.706 Y-4.536 E6.38459
G1 X3.9 Y-4.899 E6.40439
G1 X4.149 Y-5.227 E6.4242
G1 X4.41 Y-5.483 E6.44178
G1 X20.667 Y-19.217 E7.46536
G1 X21.052 Y-19.485 E7.48792
G1 X21.48 Y-19.677 E7.51048
G1 X22.122 Y-19.817 E7.54208
G1 X22.646 Y-19.816 E7.56728
G1 X23.117 Y-19.715 E7.59045
G1 X23.613 Y-19.497 E7.61651
G1 X24.081 Y-19.17 E7.64397
G1 X24.444 Y-18.781 E7.66956
G1 X24.678 Y-18.401 E7.69102
G1 X24.838 Y-18.01 E7.71134
G1 X24.933 Y-17.597 E7.73172
G1 X24.961 Y-17.223 E7.74976
G1 X24.961 Y10.245 E9.07088
G1 X24.918 Y10.711 E9.09339
G1 X24.76 Y11.233 E9.11962
G1 X24.457 Y11.783 E9.14982
G1 X24.113 Y12.168 E9.17465
G1 X23.779 Y12.427 E9.19498
G1 X23.407 Y12.629 E9.21534
G1 X23.007 Y12.769 E9.23572
G1 X22.591 Y12.842 E9.25603
G1 X22.168 Y12.846 E9.27638
G1 X21.75 Y12.782 E9.29672
G1 X21.347 Y12.652 E9.31709
G1 X20.971 Y12.458 E9.33744
G1 X20.667 Y12.238 E9.35549
G1 X4.41 Y-1.496 E10.37907
G1 X4.09 Y-1.821 E10.40101
G1 X3.858 Y-2.149 E10.42033
G1 X4.165 Y-2.4 F7200
;TYPE:External perimeter
G1 F1800
G1 X3.995 Y-2.777 E10.44022
G1 X3.879 Y-3.299 E10.46594
G1 X3.896 Y-3.781 E10.48914
G1 X4.033 Y-4.319 E10.51584
G1 X4.211 Y-4.671 E10.53481
G1 X4.421 Y-4.953 E10.55172
G1 X4.659 Y-5.188 E10.56781
G1 X20.916 Y-18.922 E11.59139
G1 X21.222 Y-19.139 E11.60943
G1 X21.562 Y-19.3 E11.62752
G1 X22.206 Y-19.44 E11.65922
G1 X22.611 Y-19.431 E11.6787
G1 X22.971 Y-19.358 E11.69637
G1 X23.393 Y-19.18 E11.7184
G1 X23.86 Y-18.854 E11.74579
G1 X24.132 Y-18.554 E11.76527
G1 X24.406 Y-18.059 E11.79248
G1 X24.549 Y-17.566 E11.81717
G1 X24.576 Y-17.223 E11.83372
G1 X24.576 Y10.245 E13.15484
G1 X24.544 Y10.618 E13.17285
G1 X24.406 Y11.08 E13.19604
G1 X24.132 Y11.576 E13.22329
G1 X23.806 Y11.92 E13.24608
G1 X23.302 Y12.254 E13.27516
G1 X22.934 Y12.39 E13.29403
G1 X22.58 Y12.456 E13.31135
G1 X22.219 Y12.464 E13.32872
G1 X21.862 Y12.414 E13.34606
G1 X21.518 Y12.306 E13.3634
G1 X21.195 Y12.144 E13.38078
G1 X20.916 Y11.944 E13.39729
G1 X4.659 Y-1.79 E14.42087
G1 X4.401 Y-2.049 E14.43845
G1 X4.195 Y-2.333 E14.45532
G1 X4.19 Y-2.345 E14.45595
G1 X4.025 Y-2.71 F7200
G1 E12.45595 F2400
G92 E0
G1 Z3.25 F7200
G1 X25.307 Y19.834
G1 Z1.25
G1 E2 F2400
;TYPE:Perimeter
G1 F1200
G1 X25.341 Y19.752 E2.00427
G1 X25.705 Y19.313 E2.0317
G1 X26.012 Y19.069 E2.05056
G1 X26.508 Y18.794 E2.07784
G1 X27.118 Y18.66 E2.10788
G1 X27.646 Y18.662 E2.13328
G1 X28.157 Y18.782 E2.15853
G1 X28.735 Y19.098 E2.19021
G1 X28.991 Y19.313 E2.20629
G1 X29.4 Y19.822 E2.2377
G1 X29.64 Y20.437 E2.26945
G1 X29.698 Y20.766 E2.28552
G1 X29.693 Y21.354 E2.3138
G1 X29.476 Y22.034 E2.34813
G1 X29.305 Y22.334 E2.36474
G1 X28.957 Y22.747 E2.39072
G1 X28.735 Y22.924 E2.40438
G1 X28.162 Y23.238 E2.43581
G1 X27.516 Y23.367 E2.46749
G1 X27.181 Y23.367 E2.4836
G1 X26.535 Y23.238 E2.51528
G1 X25.962 Y22.924 E2.54671
G1 X25.705 Y22.708 E2.56286
G1 X25.32 Y22.238 E2.59208
G1 X25.102 Y21.711 E2.61951
G1 X25.001 Y21.332 E2.63837
G1 X24.998 Y20.766 E2.66559
G1 X25.056 Y20.437 E2.68166
G1 X25.284 Y19.889 E2.71021
G1 X25.64 Y20.025 F7200
G1 F1200
G1 X25.689 Y19.932 E2.71527
G1 X26.025 Y19.534 E2.74032
G1 X26.503 Y19.23 E2.76757
G1 X26.76 Y19.12 E2.78102
G1 X27.293 Y19.03 E2.80702
G1 X27.742 Y19.066 E2.82868
G1 X28.119 Y19.187 E2.84772
G1 X28.621 Y19.487 E2.87585
G1 X29.01 Y19.935 E2.90439
G1 X29.11 Y20.109 E2.91404
G1 X29.304 Y20.665 E2.94236
G1 X29.313 Y21.255 E2.97074
G1 X29.278 Y21.453 E2.98041
G1 X29.092 Y21.958 E3.00629
G1 X28.737 Y22.411 E3.03397
G1 X28.542 Y22.59 E3.0467
G1 X28.029 Y22.876 E3.07495
G1 X27.449 Y22.988 E3.10336
G1 X27.248 Y22.988 E3.11303
G1 X26.668 Y22.876 E3.14144
G1 X26.154 Y22.59 E3.16973
G1 X26 Y22.461 E3.17939
G1 X25.644 Y22.028 E3.20635
G1 X25.419 Y21.453 E3.23605
G1 X25.384 Y21.205 E3.2481
G1 X25.39 Y20.683 E3.27321
G1 X25.563 Y20.173 E3.29911
G1 X25.612 Y20.078 E3.30425
G1 X25.971 Y20.216 F7200
;TYPE:External perimeter
G1 F1200
G1 X25.984 Y20.18 E3.30609
G1 X26.313 Y19.791 E3.33059
G1 X26.77 Y19.521 E3.35612
G1 X27.263 Y19.418 E3.38034
G1 X27.642 Y19.438 E3.39859
G1 X27.926 Y19.521 E3.41282
G1 X28.376 Y19.784 E3.43789
G1 X28.715 Y20.183 E3.46307
G1 X28.915 Y20.7 E3.48973
G1 X28.927 Y21.255 E3.51643
G1 X28.752 Y21.77 E3.54259
G1 X28.349 Y22.256 E3.57296
G1 X27.896 Y22.514 E3.59803
G1 X27.382 Y22.608 E3.62316
G1 X26.833 Y22.523 E3.64988
G1 X26.347 Y22.256 E3.67655
G1 X25.982 Y21.838 E3.70324
G1 X25.781 Y21.321 E3.72992
G1 X25.769 Y20.766 E3.75662
G1 X25.95 Y20.273 E3.78188
G1 X26.185 Y19.949 F7200
G1 E1.78188 F2400
G92 E0
G1 Z3.25 F7200
G1 X36.567 Y-24.245
G1 Z1.25
G1 E2 F2400
;TYPE:Perimeter
G1 F3600
G1 X36.957 Y-24.743 E2.03042
G1 X37.367 Y-25.12 E2.05721
G1 X37.796 Y-25.417 E2.08231
G1 X38.261 Y-25.655 E2.10743
G1 X38.753 Y-25.831 E2.13256
G1 X39.264 Y-25.941 E2.1577
G1 X39.809 Y-25.986 E2.184
G1 X42.349 Y-25.986 E2.30617
G1 X42.932 Y-25.941 E2.33429
G1 X43.443 Y-25.831 E2.35943
G1 X43.935 Y-25.655 E2.38456
G1 X44.4 Y-25.417 E2.40968
G1 X44.83 Y-25.12 E2.43482
G1 X45.217 Y-24.769 E2.45995
G1 X45.555 Y-24.371 E2.48506
G1 X45.839 Y-23.932 E2.51021
G1 X46.062 Y-23.46 E2.53532
G1 X46.223 Y-22.962 E2.56049
G1 X46.316 Y-22.448 E2.58561
G1 X46.344 Y-21.99 E2.60768
G1 X46.344 Y21.012 E4.67593
G1 X46.304 Y21.573 E4.70298
G1 X46.19 Y22.105 E4.72915
G1 X46.014 Y22.597 E4.75428
G1 X45.776 Y23.062 E4.7794
G1 X45.479 Y23.492 E4.80454
G1 X45.128 Y23.88 E4.8297
G1 X44.73 Y24.218 E4.85481
G1 X44.291 Y24.501 E4.87993
G1 X43.818 Y24.725 E4.9051
G1 X43.321 Y24.885 E4.93021
G1 X42.654 Y25.007 E4.96282
G1 X39.847 Y25.007 E5.09783
G1 X39.264 Y24.963 E5.12595
G1 X38.753 Y24.853 E5.15109
G1 X38.261 Y24.677 E5.17622
G1 X37.796 Y24.438 E5.20137
G1 X37.367 Y24.141 E5.22647
G1 X36.979 Y23.79 E5.25163
G1 X36.641 Y23.392 E5.27674
G1 X36.358 Y22.953 E5.30186
G1 X36.134 Y22.481 E5.32699
G1 X35.978 Y22.003 E5.35117
G1 X35.88 Y21.473 E5.37709
G1 X35.852 Y20.766 E5.41112
G1 X35.852 Y-21.99 E7.46754
G1 X35.933 Y-22.743 E7.50397
G1 X36.123 Y-23.427 E7.53811
G1 X36.519 Y-24.183 E7.57916
G1 X36.53 Y-24.197 E7.58002
G1 X36.885 Y-24.032 F7200
G1 F3600
G1 X37.256 Y-24.499 E7.60871
G1 X37.681 Y-24.876 E7.63603
G1 X38.076 Y-25.134 E7.65872
G1 X38.502 Y-25.338 E7.68144
G1 X38.95 Y-25.486 E7.70413
G1 X39.559 Y-25.6 E7.73393
G1 X42.349 Y-25.6 E7.86812
G1 X42.857 Y-25.563 E7.89262
G1 X43.319 Y-25.466 E7.91533
G1 X43.764 Y-25.31 E7.93801
G1 X44.186 Y-25.096 E7.96077
G1 X44.575 Y-24.83 E7.98344
G1 X44.927 Y-24.515 E8.00616
G1 X45.351 Y-23.982 E8.03892
G1 X45.668 Y-23.406 E8.07054
G1 X45.844 Y-22.887 E8.0969
G1 X45.932 Y-22.423 E8.11961
G1 X45.959 Y-21.99 E8.14048
G1 X45.959 Y21.012 E10.20873
G1 X45.922 Y21.519 E10.23318
G1 X45.825 Y21.981 E10.25589
G1 X45.668 Y22.427 E10.27863
G1 X45.351 Y23.003 E10.31025
G1 X44.927 Y23.536 E10.34301
G1 X44.515 Y23.897 E10.36936
G1 X44.12 Y24.156 E10.39208
G1 X43.694 Y24.36 E10.4148
G1 X43.246 Y24.507 E10.43748
G1 X42.638 Y24.621 E10.46723
G1 X39.847 Y24.621 E10.60147
G1 X39.34 Y24.584 E10.62592
G1 X38.877 Y24.487 E10.64867
G1 X38.432 Y24.331 E10.67135
G1 X38.011 Y24.118 E10.69404
G1 X37.621 Y23.851 E10.71677
G1 X37.269 Y23.536 E10.73949
G1 X36.949 Y23.159 E10.76327
G1 X36.703 Y22.783 E10.78488
G1 X36.499 Y22.357 E10.8076
G1 X36.352 Y21.908 E10.83032
G1 X36.265 Y21.444 E10.85303
G1 X36.238 Y20.766 E10.88567
G1 X36.238 Y-21.99 E12.94209
G1 X36.316 Y-22.698 E12.97635
G1 X36.493 Y-23.316 E13.00727
G1 X36.85 Y-23.984 E13.0437
G1 X37.203 Y-23.82 F7200
;TYPE:External perimeter
G1 F1800
G1 X37.555 Y-24.255 E13.07061
G1 X37.895 Y-24.555 E13.09242
G1 X38.247 Y-24.788 E13.11272
G1 X38.626 Y-24.973 E13.133
G1 X39.026 Y-25.107 E13.15329
G1 X39.575 Y-25.214 E13.18019
G1 X42.349 Y-25.214 E13.31361
G1 X42.782 Y-25.185 E13.33448
G1 X43.195 Y-25.101 E13.35475
G1 X43.594 Y-24.964 E13.37504
G1 X43.971 Y-24.776 E13.3953
G1 X44.321 Y-24.54 E13.4156
G1 X44.637 Y-24.261 E13.43587
G1 X45.031 Y-23.768 E13.46622
G1 X45.323 Y-23.235 E13.49545
G1 X45.466 Y-22.812 E13.51693
G1 X45.547 Y-22.398 E13.53722
G1 X45.573 Y-21.99 E13.55688
G1 X45.573 Y21.012 E15.62513
G1 X45.544 Y21.444 E15.64595
G1 X45.46 Y21.857 E15.66622
G1 X45.323 Y22.256 E15.68651
G1 X45.031 Y22.789 E15.71574
G1 X44.637 Y23.282 E15.74609
G1 X44.301 Y23.577 E15.7676
G1 X43.95 Y23.81 E15.78786
G1 X43.571 Y23.995 E15.80814
G1 X43.171 Y24.129 E15.82843
G1 X42.622 Y24.236 E15.85533
G1 X39.847 Y24.236 E15.9888
G1 X39.415 Y24.206 E16.00963
G1 X39.001 Y24.122 E16.02995
G1 X38.602 Y23.985 E16.05024
G1 X38.225 Y23.797 E16.0705
G1 X37.875 Y23.561 E16.0908
G1 X37.559 Y23.282 E16.11107
G1 X37.098 Y22.688 E16.14723
G1 X36.864 Y22.233 E16.17184
G1 X36.73 Y21.833 E16.19213
G1 X36.649 Y21.419 E16.21242
G1 X36.623 Y20.766 E16.24385
G1 X36.623 Y-21.99 E18.30027
G1 X36.699 Y-22.653 E18.33237
G1 X36.862 Y-23.205 E18.36005
G1 X37.172 Y-23.769 E18.391
G1 X37.418 Y-24.084 F7200
G1 E16.391 F2400
G92 E0
G1 Z3.25 F7200
G1 X-63.156 Y-31.993
G1 Z1.25
G1 E2 F2400
;TYPE:Perimeter
G1 F3600
G1 X54.852 Y-31.993 E7.67577
G1 X54.852 Y31.014 E10.70619
G1 X-63.156 Y31.014 E16.38196
G1 X-63.156 Y-31.933 E19.40949
G1 X-63.541 Y-32.379 F7200
G1 F3600
G1 X55.238 Y-32.379 E25.12235
G1 X55.238 Y31.4 E28.1899
G1 X-63.541 Y31.4 E33.90276
G1 X-63.541 Y-32.319 E36.96742
G1 X-63.927 Y-32.764 F7200
;TYPE:External perimeter
G1 F1800
G1 X55.623 Y-32.764 E42.71736
G1 X55.623 Y31.786 E45.82199
G1 X-63.927 Y31.786 E51.57193
G1 X-63.927 Y-32.704 E54.67367
G1 X-63.531 Y-32.764 F7200
G1 X-62.762 Y-31.673
;TYPE:Solid infill
;WIDTH:0.543559
G1 F1500
G1 X-62.804 Y-31.715 E54.67722
G1 X-62.862 Y-31.699 E54.68082
G1 X-62.877 Y-31.642 E54.68434
G1 X-62.835 Y-31.599 E54.68793
G1 X-62.777 Y-31.615 E54.69153
;WIDTH:0.45
G1 X-62.866 Y-30.999 E54.72147
G1 X-62.161 Y-31.704 E54.76942
G1 X-61.616 Y-31.704 E54.79563
G1 X-62.866 Y-30.453 E54.88069
G1 X-62.866 Y-29.908 E54.9069
G1 X-61.071 Y-31.704 E55.02903
G1 X-60.525 Y-31.704 E55.05529
G1 X-62.866 Y-29.363 E55.21452
G1 X-62.866 Y-28.817 E55.24078
G1 X-59.98 Y-31.704 E55.43712
G1 X-59.435 Y-31.704 E55.46333
G1 X-62.866 Y-28.272 E55.69674
G1 X-62.866 Y-27.727 E55.72295
G1 X-58.889 Y-31.704 E55.99346
G1 X-58.344 Y-31.704 E56.01967
G1 X-62.866 Y-27.181 E56.32728
G1 X-62.866 Y-26.636 E56.35349
G1 X-57.799 Y-31.704 E56.69818
G1 X-57.253 Y-31.704 E56.72444
G1 X-62.866 Y-26.091 E57.10623
G1 X-62.866 Y-25.545 E57.13249
G1 X-56.708 Y-31.704 E57.55138
G1 X-56.162 Y-31.704 E57.57764
G1 X-62.866 Y-25 E58.03364
G1 X-62.866 Y-24.455 E58.05985
G1 X-55.617 Y-31.704 E58.55292
G1 X-55.072 Y-31.704 E58.57913
G1 X-62.866 Y-23.909 E59.1093
G1 X-62.866 Y-23.364 E59.13551
G1 X-54.526 Y-31.704 E59.70279
G1 X-53.981 Y-31.704 E59.729
G1 X-62.866 Y-22.819 E60.33335
G1 X-62.866 Y-22.273 E60.35961
G1 X-53.436 Y-31.704 E61.00106
G1 X-52.89 Y-31.704 E61.02732
G1 X-62.866 Y-21.728 E61.70588
G1 X-62.866 Y-21.183 E61.73209
G1 X-52.345 Y-31.704 E62.44772
G1 X-51.8 Y-31.704 E62.47393
G1 X-62.866 Y-20.637 E63.22666
G1 X-62.866 Y-20.092 E63.25287
G1 X-51.254 Y-31.704 E64.0427
G1 X-50.709 Y-31.704 E64.06891
G1 X-62.866 Y-19.546 E64.89585
G1 X-62.866 Y-19.001 E64.92206
G1 X-50.164 Y-31.704 E65.78607
G1 X-49.618 Y-31.704 E65.81233
G1 X-62.866 Y-18.456 E66.71344
G1 X-62.866 Y-17.91 E66.7397
G1 X-49.073 Y-31.704 E67.67792
G1 X-48.528 Y-31.704 E67.70413
G1 X-62.866 Y-17.365 E68.67942
G1 X-62.866 Y-16.82 E68.70563
G1 X-47.982 Y-31.704 E69.71802
G1 X-47.437 Y-31.704 E69.74423
G1 X-62.866 Y-16.274 E70.79373
G1 X-62.938 Y-16.013 E70.80675
;WIDTH:0.404381
G1 X-63.009 Y-16.032 E70.80987
G1 X-62.99 Y-15.961 E70.81299
G1 X-62.949 Y-15.972 E70.81479
G1 E68.81479 F2400
G92 E0
G1 Z3.25 F7200
G1 X-53.087 Y-25.509
G1 Z1.25
G1 E2 F2400
;WIDTH:0.45
G1 F1500
G1 X-46.892 Y-31.704 E2.42138
G1 X-46.346 Y-31.704 E2.44764
G1 X-51.999 Y-26.051 E2.83215
G1 X-52.272 Y-25.874 E2.8478
;WIDTH:0.404381
G1 X-52.046 Y-25.884 E2.85739
G1 X-51.278 Y-26.227 F7200
;WIDTH:0.45
G1 F1500
G1 X-45.801 Y-31.704 E3.22993
G1 X-45.256 Y-31.704 E3.25614
G1 X-50.687 Y-26.272 E3.62558
G1 X-50.139 Y-26.275 E3.65194
G1 X-44.71 Y-31.704 E4.02121
G1 X-44.165 Y-31.704 E4.04742
G1 X-49.594 Y-26.275 E4.41669
G1 X-49.049 Y-26.275 E4.4429
G1 X-43.62 Y-31.704 E4.81217
G1 X-43.074 Y-31.704 E4.83843
G1 X-48.503 Y-26.275 E5.2077
G1 X-47.958 Y-26.275 E5.23391
G1 X-42.529 Y-31.704 E5.60318
G1 X-41.983 Y-31.704 E5.62944
G1 X-47.413 Y-26.275 E5.99875
G1 X-46.867 Y-26.275 E6.02501
G1 X-41.438 Y-31.704 E6.39428
G1 X-40.893 Y-31.704 E6.42049
G1 X-46.322 Y-26.275 E6.78976
G1 X-45.777 Y-26.275 E6.81597
G1 X-40.347 Y-31.704 E7.18528
G1 X-39.802 Y-31.704 E7.21149
G1 X-45.231 Y-26.275 E7.58076
G1 X-44.686 Y-26.275 E7.60697
G1 X-39.257 Y-31.704 E7.97624
G1 X-38.711 Y-31.704 E8.0025
G1 X-44.14 Y-26.275 E8.37177
G1 X-43.595 Y-26.275 E8.39798
G1 X-38.166 Y-31.704 E8.76725
G1 X-37.621 Y-31.704 E8.79346
G1 X-43.05 Y-26.275 E9.16273
G1 X-42.515 Y-26.264 E9.18847
G1 X-37.075 Y-31.704 E9.55849
G1 X-36.53 Y-31.704 E9.5847
G1 X-42.009 Y-26.224 E9.95741
G1 X-41.562 Y-26.127 E9.97941
G1 X-35.985 Y-31.704 E10.35875
G1 X-35.439 Y-31.704 E10.38501
G1 X-41.151 Y-25.992 E10.77353
G1 X-40.769 Y-25.828 E10.79352
G1 X-34.894 Y-31.704 E11.19316
G1 X-34.349 Y-31.704 E11.21937
G1 X-40.413 Y-25.639 E11.63187
G1 X-40.091 Y-25.416 E11.65071
G1 X-33.803 Y-31.704 E12.07841
G1 X-33.258 Y-31.704 E12.10462
G1 X-39.794 Y-25.168 E12.54919
G1 X-39.515 Y-24.901 E12.56776
G1 X-32.713 Y-31.704 E13.03046
G1 X-32.167 Y-31.704 E13.05672
G1 X-39.263 Y-24.608 E13.53938
G1 X-39.053 Y-24.273 E13.5584
G1 X-31.622 Y-31.704 E14.06385
G1 X-31.077 Y-31.704 E14.09006
G1 X-38.849 Y-23.931 E14.61874
G1 E12.61874 F2400
G92 E0
G1 Z3.25 F7200
G1 X-31.945 Y-30.29
G1 Z1.25
G1 E2 F2400
G1 F1500
G1 X-30.531 Y-31.704 E2.09618
G1 X-29.986 Y-31.704 E2.12239
G1 X-31.096 Y-30.594 E2.19789
G1 X-31.328 Y-30.448 E2.21107
;WIDTH:0.404381
G1 X-31.399 Y-30.467 E2.21419
G1 X-31.38 Y-30.396 E2.21731
G1 X-31.339 Y-30.407 E2.21911
G1 E.21911 F2400
G92 E0
G1 Z3.25 F7200
G1 X-29.436 Y-31.178
G1 Z1.25
G1 E2 F2400
;WIDTH:0.45
G1 F1500
G1 X-29.718 Y-30.881 E2.0197
G1 X-28.96 Y-30.505 E2.0604
G1 X-28.558 Y-30.186 E2.08508
G1 X-28.157 Y-29.715 E2.11483
G1 X-26.554 Y-31.318 E2.22386
G1 X-29.304 Y-31.318 E2.35613
G1 X-29.617 Y-31.528 E2.37426
G1 X-30.517 Y-30.628 E2.43548
G1 X-30.313 Y-30.623 E2.44529
G1 X-29.814 Y-30.509 E2.46991
G1 X-29.136 Y-30.162 E2.50654
G1 X-28.782 Y-29.866 E2.52873
G1 X-28.459 Y-29.477 E2.55305
G1 X-28.22 Y-29.107 E2.57424
G1 X-25.623 Y-31.704 E2.75088
G1 X-29.577 Y-31.704 E2.94105
G1 X-28.802 Y-30.897 F7200
;WIDTH:0.521309
G1 F1500
G1 X-27.571 Y-30.897 E3.01121
G1 X-28.127 Y-30.341 E3.05602
G1 X-28.287 Y-30.508 E3.0692
G1 X-28.648 Y-30.781 E3.09499
G1 E1.09499 F2400
G92 E0
G1 Z3.25 F7200
G1 X-28.097 Y-28.685
G1 Z1.25
G1 E2 F2400
;WIDTH:0.45
G1 F1500
G1 X-25.078 Y-31.704 E2.20535
G1 X-24.532 Y-31.704 E2.23161
G1 X-28.013 Y-28.223 E2.46838
G1 X-28.13 Y-27.406 F7200
;WIDTH:0.404381
G1 F1500
G1 X-28.201 Y-27.425 E2.4715
G1 X-28.182 Y-27.354 E2.47462
G1 X-28.141 Y-27.365 E2.47642
;WIDTH:0.45
G1 X-28.026 Y-27.665 E2.49187
G1 X-23.987 Y-31.704 E2.7666
G1 E.7666 F2400
G92 E0
G1 Z3.25 F7200
G1 X-32.217 Y-30.065
G1 Z1.25
G1 E2 F2400
;WIDTH:0.404381
G1 F1500
G1 X-32.736 Y-29.544 E2.03119
;WIDTH:0.45
G1 X-32.963 Y-29.272 E2.04823
G1 X-38.681 Y-23.554 E2.43716
G1 X-38.533 Y-23.156 E2.45758
G1 X-33.276 Y-28.414 E2.81519
G1 X-33.09 Y-28.656 E2.82987
;WIDTH:0.404381
G1 X-33.131 Y-28.645 E2.83167
G1 X-33.15 Y-28.716 E2.83479
G1 X-33.079 Y-28.697 E2.83791
G1 X-33.284 Y-27.861 F7200
;WIDTH:0.45
G1 F1500
G1 X-38.434 Y-22.71 E3.18824
G1 X-38.384 Y-22.215 E3.21217
G1 X-33.228 Y-27.371 E3.56287
G1 X-33.084 Y-26.97 E3.58336
G1 X-38.366 Y-21.687 E3.94267
G1 X-38.366 Y-21.142 E3.96888
G1 X-32.91 Y-26.598 E4.33999
G1 X-32.672 Y-26.291 E4.35867
G1 X-38.366 Y-20.597 E4.74597
G1 X-38.366 Y-20.051 E4.77223
G1 X-32.415 Y-26.003 E5.17704
G1 X-32.09 Y-25.782 E5.19594
G1 X-38.366 Y-19.506 E5.62283
G1 X-38.366 Y-18.96 E5.64909
G1 X-31.75 Y-25.577 E6.09914
G1 X-31.339 Y-25.442 E6.11995
G1 X-38.366 Y-18.415 E6.59792
G1 X-38.366 Y-17.87 E6.62413
G1 X-30.885 Y-25.351 E7.13298
G1 X-30.321 Y-25.37 E7.16012
G1 X-38.366 Y-17.324 E7.70736
G1 X-38.366 Y-16.779 E7.73357
G1 X-29.567 Y-25.579 E8.3321
G1 X-29.294 Y-25.791 E8.34872
;WIDTH:0.404381
G1 X-28.945 Y-26.072 E8.36772
G1 X-28.431 Y-26.636 E8.40008
;WIDTH:0.45
G1 X-28.237 Y-26.909 E8.41619
G1 X-23.442 Y-31.704 E8.74234
G1 X-22.896 Y-31.704 E8.7686
G1 X-38.366 Y-16.234 E9.82085
G1 X-38.366 Y-15.688 E9.84711
G1 X-22.351 Y-31.704 E10.93646
G1 X-21.806 Y-31.704 E10.96267
G1 X-38.366 Y-15.143 E12.08909
G1 X-38.366 Y-14.598 E12.1153
G1 X-21.26 Y-31.704 E13.27883
G1 X-20.715 Y-31.704 E13.30504
G1 X-38.366 Y-14.052 E14.50567
G1 X-38.366 Y-13.507 E14.53188
G1 X-20.17 Y-31.704 E15.76958
G1 X-19.624 Y-31.704 E15.79584
G1 X-38.366 Y-12.962 E17.07065
G1 X-38.366 Y-12.416 E17.09691
G1 X-19.079 Y-31.704 E18.40882
G1 X-18.534 Y-31.704 E18.43503
G1 X-38.366 Y-11.871 E19.78401
G1 X-38.366 Y-11.326 E19.81022
G1 X-17.988 Y-31.704 E21.19631
G1 X-17.443 Y-31.704 E21.22252
G1 X-38.366 Y-10.78 E22.64571
G1 X-38.366 Y-10.235 E22.67192
G1 X-16.897 Y-31.704 E24.13221
G1 X-16.352 Y-31.704 E24.15842
G1 X-38.366 Y-9.69 E25.65578
G1 X-38.449 Y-8.841 F7200
;WIDTH:0.404381
G1 F1500
G1 X-38.49 Y-8.83 E25.65758
G1 X-38.509 Y-8.902 E25.66074
G1 X-38.438 Y-8.883 E25.66386
;WIDTH:0.45
G1 X-38.366 Y-9.144 E25.67688
G1 X-15.807 Y-31.704 E27.21135
G1 X-15.261 Y-31.704 E27.23761
G1 X-26.613 Y-20.352 E28.00976
G1 X-26.886 Y-20.181 E28.02525
;WIDTH:0.404381
G1 X-26.693 Y-20.174 E28.03344
G1 X-25.958 Y-20.462 F7200
;WIDTH:0.45
G1 F1500
G1 X-14.716 Y-31.704 E28.79811
G1 X-14.171 Y-31.704 E28.82432
G1 X-25.385 Y-20.489 E29.58712
G1 X-24.914 Y-20.415 E29.61005
G1 X-13.625 Y-31.704 E30.37791
G1 X-13.08 Y-31.704 E30.40412
G1 X-24.492 Y-20.292 E31.18035
G1 E29.18035 F2400
G92 E0
G1 Z3.25 F7200
G1 X-28.573 Y-18.455
G1 Z1.25
G1 E2 F2400
;WIDTH:0.404381
G1 F1500
G1 X-28.644 Y-18.474 E2.00312
G1 X-28.625 Y-18.403 E2.00624
G1 X-28.584 Y-18.414 E2.00804
;WIDTH:0.45
G1 X-28.794 Y-18.171 E2.02349
G1 X-38.366 Y-8.599 E2.67457
G1 X-38.366 Y-8.054 E2.70078
G1 X-28.917 Y-17.503 E3.34349
G1 X-28.937 Y-16.937 E3.37073
G1 X-38.366 Y-7.508 E4.01208
G1 X-38.366 Y-6.963 E4.03829
G1 X-28.937 Y-16.392 E4.67964
G1 X-28.937 Y-15.847 E4.70585
G1 X-38.366 Y-6.417 E5.34723
G1 X-38.366 Y-5.872 E5.37344
G1 X-28.937 Y-15.301 E6.01479
G1 X-28.937 Y-14.756 E6.041
G1 X-38.366 Y-5.327 E6.68235
G1 X-38.366 Y-4.781 E6.70861
G1 X-28.937 Y-14.211 E7.34999
G1 X-28.937 Y-13.665 E7.37625
G1 X-38.366 Y-4.236 E8.0176
G1 X-38.366 Y-3.691 E8.04381
G1 X-28.937 Y-13.12 E8.68516
G1 X-28.937 Y-12.574 E8.71142
G1 X-38.366 Y-3.145 E9.35277
G1 X-38.366 Y-2.6 E9.37898
G1 X-28.937 Y-12.029 E10.02033
G1 X-28.937 Y-11.484 E10.04654
G1 X-38.366 Y-2.055 E10.68789
G1 X-38.366 Y-1.509 E10.71415
G1 X-28.937 Y-10.938 E11.3555
G1 X-28.937 Y-10.393 E11.38171
G1 X-38.366 Y-.964 E12.02306
G1 X-38.366 Y-.419 E12.04927
G1 X-28.937 Y-9.848 E12.69062
G1 X-28.937 Y-9.302 E12.71688
G1 X-38.366 Y.127 E13.35823
G1 X-38.366 Y.672 E13.38444
G1 X-28.937 Y-8.757 E14.02579
G1 X-28.937 Y-8.212 E14.052
G1 X-38.366 Y1.217 E14.69335
G1 X-38.366 Y1.763 E14.71961
G1 X-28.937 Y-7.666 E15.36096
G1 X-28.937 Y-7.121 E15.38717
G1 X-38.366 Y2.308 E16.02852
G1 X-38.366 Y2.853 E16.05473
G1 X-28.937 Y-6.576 E16.69608
G1 X-28.937 Y-6.03 E16.72234
G1 X-38.366 Y3.399 E17.36369
G1 X-38.366 Y3.944 E17.3899
G1 X-28.937 Y-5.485 E18.03125
G1 X-28.937 Y-4.94 E18.05746
G1 X-38.366 Y4.489 E18.69881
G1 X-38.366 Y5.035 E18.72507
G1 X-28.937 Y-4.394 E19.36642
G1 X-28.937 Y-3.849 E19.39263
G1 X-38.366 Y5.58 E20.03398
G1 X-38.366 Y6.126 E20.06024
G1 X-28.937 Y-3.304 E20.70162
G1 X-28.937 Y-2.758 E20.72788
G1 X-38.366 Y6.671 E21.36923
G1 X-38.366 Y7.216 E21.39544
G1 X-28.937 Y-2.213 E22.03679
G1 X-28.937 Y-1.668 E22.063
G1 X-38.366 Y7.762 E22.70438
G1 X-38.366 Y8.307 E22.73059
G1 X-28.937 Y-1.122 E23.37194
G1 X-28.937 Y-.577 E23.39815
G1 X-38.366 Y8.852 E24.0395
G1 X-38.366 Y9.398 E24.06576
G1 X-28.937 Y-.031 E24.70711
G1 X-28.937 Y.514 E24.73332
G1 X-38.366 Y9.943 E25.37467
G1 X-38.366 Y10.488 E25.40088
G1 X-28.937 Y1.059 E26.04223
G1 X-28.937 Y1.605 E26.06849
G1 X-38.366 Y11.034 E26.70984
G1 X-38.366 Y11.579 E26.73605
G1 X-28.937 Y2.15 E27.3774
G1 X-28.937 Y2.695 E27.40361
G1 X-38.366 Y12.124 E28.04496
G1 X-38.366 Y12.67 E28.07122
G1 X-28.937 Y3.241 E28.71257
G1 X-28.937 Y3.786 E28.73878
G1 X-38.366 Y13.215 E29.38013
G1 X-38.366 Y13.76 E29.40634
G1 X-28.937 Y4.331 E30.04769
G1 X-28.937 Y4.877 E30.07395
G1 X-38.366 Y14.306 E30.7153
G1 X-38.366 Y14.851 E30.74151
G1 X-28.937 Y5.422 E31.38286
G1 X-28.937 Y5.967 E31.40907
G1 X-38.366 Y15.396 E32.05042
G1 X-38.366 Y15.942 E32.07668
G1 X-28.937 Y6.513 E32.71803
G1 X-28.937 Y7.058 E32.74424
G1 X-38.366 Y16.487 E33.38559
G1 X-38.366 Y17.032 E33.4118
G1 X-28.937 Y7.603 E34.05315
G1 X-28.937 Y8.149 E34.07941
G1 X-38.366 Y17.578 E34.72076
G1 X-38.366 Y18.123 E34.74697
G1 X-28.937 Y8.694 E35.38832
G1 X-28.937 Y9.239 E35.41453
G1 X-38.366 Y18.669 E36.05591
G1 X-38.366 Y19.214 E36.08212
G1 X-28.937 Y9.785 E36.72347
G1 X-28.93 Y10.323 E36.74935
G1 X-38.366 Y19.759 E37.39118
G1 X-38.366 Y20.305 E37.41744
G1 X-28.88 Y10.818 E38.0627
G1 X-28.768 Y11.251 E38.08421
G1 X-38.366 Y20.85 E38.73709
G1 X-38.391 Y21.42 E38.76453
G1 X-28.617 Y11.646 E39.42935
G1 X-28.415 Y11.989 E39.4485
G1 X-38.504 Y22.078 E40.13474
G1 X-38.682 Y22.156 E40.14409
;WIDTH:0.404381
G1 X-38.675 Y22.351 E40.15236
G1 E38.15236 F2400
G92 E0
G1 Z3.25 F7200
G1 X-62.866 Y-15.729
G1 Z1.25
G1 E2 F2400
;WIDTH:0.45
G1 F1500
G1 X-54.157 Y-24.438 E2.59238
G1 X-53.909 Y-24.711 E2.61012
;WIDTH:0.414509
G1 X-53.359 Y-25.268 E2.6443
G1 E.6443 F2400
G92 E0
G1 Z3.25 F7200
G1 X-54.529 Y-23.618
G1 Z1.25
G1 E2 F2400
;WIDTH:0.404381
G1 F1500
G1 X-54.513 Y-23.469 E2.00635
G1 X-54.543 Y-23.371 E2.0107
;WIDTH:0.45
G1 X-54.704 Y-23.346 E2.01854
G1 X-62.866 Y-15.184 E2.57371
G1 X-62.866 Y-14.638 E2.59997
G1 X-54.878 Y-22.627 E3.14334
G1 X-54.935 Y-22.024 E3.17247
G1 X-62.866 Y-14.093 E3.71193
G1 X-62.866 Y-13.548 E3.73814
G1 X-54.937 Y-21.477 E4.27746
G1 X-54.937 Y-20.931 E4.30372
G1 X-62.866 Y-13.002 E4.84304
G1 X-62.866 Y-12.457 E4.86925
G1 X-54.937 Y-20.386 E5.40857
G1 X-54.937 Y-19.841 E5.43478
G1 X-62.866 Y-11.912 E5.9741
G1 X-62.866 Y-11.366 E6.00036
G1 X-54.937 Y-19.295 E6.53968
G1 X-54.937 Y-18.75 E6.56589
G1 X-62.866 Y-10.821 E7.10521
G1 X-62.866 Y-10.276 E7.13142
G1 X-54.937 Y-18.205 E7.67074
G1 X-54.937 Y-17.659 E7.697
G1 X-62.866 Y-9.73 E8.23632
G1 X-62.866 Y-9.185 E8.26253
G1 X-54.937 Y-17.114 E8.80185
G1 X-54.937 Y-16.569 E8.82806
G1 X-62.866 Y-8.64 E9.36738
G1 X-62.866 Y-8.094 E9.39364
G1 X-54.937 Y-16.023 E9.93296
G1 X-54.937 Y-15.478 E9.95917
G1 X-62.866 Y-7.549 E10.49849
G1 X-62.866 Y-7.003 E10.52475
G1 X-54.937 Y-14.933 E11.0641
G1 X-54.937 Y-14.387 E11.09036
G1 X-62.866 Y-6.458 E11.62968
G1 X-62.866 Y-5.913 E11.65589
G1 X-54.937 Y-13.842 E12.19521
G1 X-54.937 Y-13.297 E12.22142
G1 X-62.866 Y-5.367 E12.76077
G1 X-62.866 Y-4.822 E12.78698
G1 X-54.937 Y-12.751 E13.3263
G1 X-54.937 Y-12.206 E13.35251
G1 X-62.866 Y-4.277 E13.89183
G1 X-62.866 Y-3.731 E13.91809
G1 X-54.937 Y-11.66 E14.45741
G1 X-54.937 Y-11.115 E14.48362
G1 X-62.866 Y-3.186 E15.02294
G1 X-62.866 Y-2.641 E15.04915
G1 X-54.937 Y-10.57 E15.58847
G1 X-54.937 Y-10.024 E15.61473
G1 X-62.866 Y-2.095 E16.15405
G1 X-62.866 Y-1.55 E16.18026
G1 X-54.937 Y-9.479 E16.71958
G1 X-54.937 Y-8.934 E16.74579
G1 X-62.866 Y-1.005 E17.28511
G1 X-62.866 Y-.459 E17.31137
G1 X-54.937 Y-8.388 E17.85069
G1 X-54.937 Y-7.843 E17.8769
G1 X-62.866 Y.086 E18.41622
G1 X-62.866 Y.631 E18.44243
G1 X-54.937 Y-7.298 E18.98175
G1 X-54.937 Y-6.752 E19.00801
G1 X-62.866 Y1.177 E19.54733
G1 X-62.866 Y1.722 E19.57354
G1 X-54.937 Y-6.207 E20.11286
G1 X-54.937 Y-5.662 E20.13907
G1 X-62.866 Y2.267 E20.67839
G1 X-62.866 Y2.813 E20.70465
G1 X-54.937 Y-5.116 E21.24397
G1 X-54.937 Y-4.571 E21.27018
G1 X-62.866 Y3.358 E21.8095
G1 X-62.866 Y3.903 E21.83571
G1 X-54.937 Y-4.026 E22.37503
G1 X-54.937 Y-3.48 E22.40129
G1 X-62.866 Y4.449 E22.94061
G1 X-62.866 Y4.994 E22.96682
G1 X-54.937 Y-2.935 E23.50614
G1 X-54.937 Y-2.39 E23.53235
G1 X-62.866 Y5.54 E24.0717
G1 X-62.866 Y6.085 E24.09791
G1 X-54.937 Y-1.844 E24.63723
G1 X-54.937 Y-1.299 E24.66344
G1 X-62.866 Y6.63 E25.20276
G1 X-62.866 Y7.176 E25.22902
G1 X-54.937 Y-.754 E25.76837
G1 X-54.937 Y-.208 E25.79463
G1 X-62.866 Y7.721 E26.33395
G1 X-62.866 Y8.266 E26.36016
G1 X-54.937 Y.337 E26.89948
G1 X-54.937 Y.883 E26.92574
G1 X-62.866 Y8.812 E27.46506
G1 X-62.866 Y9.357 E27.49127
G1 X-54.937 Y1.428 E28.03059
G1 X-54.937 Y1.973 E28.0568
G1 X-62.866 Y9.902 E28.59612
G1 X-62.866 Y10.448 E28.62238
G1 X-54.937 Y2.519 E29.1617
G1 X-54.937 Y3.064 E29.18791
G1 X-62.866 Y10.993 E29.72723
G1 X-62.866 Y11.538 E29.75344
G1 X-54.937 Y3.609 E30.29276
G1 X-54.937 Y4.155 E30.31902
G1 X-62.866 Y12.084 E30.85834
G1 X-62.866 Y12.629 E30.88455
G1 X-54.937 Y4.7 E31.42387
G1 X-54.937 Y5.245 E31.45008
G1 X-62.866 Y13.174 E31.9894
G1 X-62.866 Y13.72 E32.01566
G1 X-54.937 Y5.791 E32.55498
G1 X-54.937 Y6.336 E32.58119
G1 X-62.866 Y14.265 E33.12051
G1 X-62.866 Y14.81 E33.14672
G1 X-54.937 Y6.881 E33.68604
G1 X-54.937 Y7.427 E33.7123
G1 X-62.866 Y15.356 E34.25162
G1 X-62.866 Y15.901 E34.27783
G1 X-54.937 Y7.972 E34.81715
G1 X-54.937 Y8.517 E34.84336
G1 X-62.866 Y16.446 E35.38268
G1 X-62.866 Y16.992 E35.40894
G1 X-54.937 Y9.063 E35.94826
G1 X-54.937 Y9.608 E35.97447
G1 X-62.866 Y17.537 E36.51379
G1 X-62.866 Y18.083 E36.54005
G1 X-54.937 Y10.153 E37.0794
G1 X-54.937 Y10.699 E37.10566
G1 X-62.866 Y18.628 E37.64498
G1 X-62.866 Y19.173 E37.67119
G1 X-54.937 Y11.244 E38.21051
G1 X-54.937 Y11.789 E38.23672
G1 X-62.866 Y19.719 E38.77607
G1 X-62.866 Y20.264 E38.80228
G1 X-54.937 Y12.335 E39.3416
G1 X-54.937 Y12.88 E39.36781
G1 X-62.866 Y20.809 E39.90713
G1 X-62.866 Y21.355 E39.93339
G1 X-54.937 Y13.426 E40.47271
G1 X-54.937 Y13.971 E40.49892
G1 X-62.866 Y21.9 E41.03824
G1 X-62.866 Y22.445 E41.06445
G1 X-54.937 Y14.516 E41.60377
G1 X-54.937 Y15.062 E41.63003
G1 X-62.866 Y22.991 E42.16935
G1 X-62.866 Y23.536 E42.19556
G1 X-54.937 Y15.607 E42.73488
G1 X-54.937 Y16.152 E42.76109
G1 X-62.866 Y24.081 E43.30041
G1 X-62.866 Y24.627 E43.32667
G1 X-54.937 Y16.698 E43.86599
G1 X-54.937 Y17.243 E43.8922
G1 X-62.866 Y25.172 E44.43152
G1 X-62.866 Y25.717 E44.45773
G1 X-54.937 Y17.788 E44.99705
G1 X-54.937 Y18.334 E45.02331
G1 X-62.866 Y26.263 E45.56263
G1 X-62.866 Y26.808 E45.58884
G1 X-54.937 Y18.879 E46.12816
G1 X-54.937 Y19.424 E46.15437
G1 X-62.866 Y27.353 E46.69369
G1 X-62.866 Y27.899 E46.71995
G1 X-54.937 Y19.97 E47.25927
G1 X-54.937 Y20.515 E47.28548
G1 X-62.866 Y28.444 E47.8248
G1 X-62.866 Y28.989 E47.85101
G1 X-54.934 Y21.057 E48.39053
G1 X-54.897 Y21.566 E48.41508
G1 X-62.866 Y29.535 E48.95712
G1 X-62.866 Y30.08 E48.98333
G1 X-54.802 Y22.015 E49.53187
G1 X-54.681 Y22.44 E49.55312
G1 X-62.866 Y30.626 E50.10989
G1 X-62.943 Y30.832 E50.12047
;WIDTH:0.404381
G1 X-63.014 Y30.813 E50.12359
G1 X-62.995 Y30.884 E50.12671
G1 X-62.954 Y30.873 E50.12851
;WIDTH:0.45
G1 X-62.421 Y30.725 E50.15512
G1 X-54.516 Y22.821 E50.69277
G1 X-54.339 Y23.189 E50.71241
G1 X-61.875 Y30.725 E51.225
G1 X-61.33 Y30.725 E51.25121
G1 X-54.118 Y23.513 E51.74176
G1 X-53.877 Y23.818 E51.76046
G1 X-60.785 Y30.725 E52.2303
G1 X-60.239 Y30.725 E52.25656
G1 X-53.616 Y24.102 E52.70705
G1 X-53.321 Y24.352 E52.72565
G1 X-59.694 Y30.725 E53.15913
G1 X-59.149 Y30.725 E53.18534
G1 X-53.004 Y24.581 E53.60328
G1 X-52.666 Y24.788 E53.62234
G1 X-58.603 Y30.725 E54.02617
G1 X-58.058 Y30.725 E54.05238
G1 X-52.295 Y24.962 E54.44437
G1 X-51.894 Y25.107 E54.46488
G1 X-57.513 Y30.725 E54.84704
G1 X-56.967 Y30.725 E54.8733
G1 X-51.453 Y25.211 E55.24836
G1 X-50.969 Y25.272 E55.27182
G1 X-56.422 Y30.725 E55.64273
G1 X-55.877 Y30.725 E55.66894
G1 X-50.448 Y25.296 E56.03821
G1 X-49.902 Y25.296 E56.06447
G1 X-55.331 Y30.725 E56.43374
G1 X-54.786 Y30.725 E56.45995
G1 X-49.357 Y25.296 E56.82922
G1 X-48.811 Y25.296 E56.85548
G1 X-54.241 Y30.725 E57.22479
G1 X-53.695 Y30.725 E57.25105
G1 X-48.266 Y25.296 E57.62032
G1 X-47.721 Y25.296 E57.64653
G1 X-53.15 Y30.725 E58.0158
G1 X-52.605 Y30.725 E58.04201
G1 X-47.175 Y25.296 E58.41132
G1 X-46.63 Y25.296 E58.43753
G1 X-52.059 Y30.725 E58.8068
G1 X-51.514 Y30.725 E58.83301
G1 X-46.085 Y25.296 E59.20228
G1 X-45.539 Y25.296 E59.22854
G1 X-50.968 Y30.725 E59.59781
G1 X-50.423 Y30.725 E59.62402
G1 X-44.994 Y25.296 E59.99329
G1 X-44.449 Y25.296 E60.0195
G1 X-49.878 Y30.725 E60.38877
G1 X-49.332 Y30.725 E60.41503
G1 X-43.903 Y25.296 E60.7843
G1 X-43.358 Y25.296 E60.81051
G1 X-48.787 Y30.725 E61.17978
G1 X-48.242 Y30.725 E61.20599
G1 X-42.813 Y25.296 E61.57526
G1 X-42.237 Y25.266 E61.603
G1 X-47.696 Y30.725 E61.97431
G1 X-47.151 Y30.725 E62.00052
G1 X-41.577 Y25.152 E62.37962
G1 X-41.277 Y25.017 E62.39544
;WIDTH:0.404381
G1 X-41.318 Y25.028 E62.39724
G1 X-41.337 Y24.957 E62.40036
G1 X-41.266 Y24.976 E62.40348
;WIDTH:0.45
G1 X-40.699 Y24.819 E62.43178
G1 X-46.606 Y30.725 E62.83353
G1 E60.83353 F2400
G92 E0
G1 Z3.25 F7200
G1 X-40.427 Y24.609
G1 Z1.25
G1 E2 F2400
;WIDTH:0.404381
G1 F1500
G1 X-39.648 Y23.916 E2.04421
G1 X-39.303 Y23.543 E2.06576
G1 X-39.065 Y23.247 E2.08187
;WIDTH:0.45
G1 X-38.855 Y22.974 E2.09844
G1 X-28.193 Y12.313 E2.82362
G1 X-27.935 Y12.6 E2.84218
G1 X-46.06 Y30.725 E4.07502
G1 X-45.515 Y30.725 E4.10123
G1 X-27.635 Y12.846 E5.31737
G1 X-27.31 Y13.065 E5.33622
G1 X-44.97 Y30.725 E6.53743
G1 X-44.122 Y30.868 F7200
;WIDTH:0.404381
G1 F1500
G1 X-44.163 Y30.879 E6.53923
G1 X-44.182 Y30.808 E6.54235
G1 X-44.111 Y30.827 E6.54547
;WIDTH:0.45
G1 X-44.424 Y30.725 E6.5613
G1 X-26.954 Y13.255 E7.74959
G1 X-26.546 Y13.393 E7.77031
G1 X-31.753 Y18.599 E8.12445
G1 X-32.026 Y18.812 E8.1411
;WIDTH:0.404381
G1 X-32.316 Y19.045 E8.15688
G1 X-32.854 Y19.631 E8.19062
;WIDTH:0.45
G1 X-33.058 Y19.904 E8.20701
G1 X-43.879 Y30.725 E8.94304
G1 X-43.334 Y30.725 E8.96925
G1 X-33.283 Y20.675 E9.65287
G1 X-33.107 Y20.432 E9.6673
;WIDTH:0.404381
G1 X-33.148 Y20.443 E9.6691
G1 X-33.167 Y20.372 E9.67222
G1 X-33.096 Y20.391 E9.67534
G1 X-33.291 Y21.228 F7200
;WIDTH:0.45
G1 F1500
G1 X-42.788 Y30.725 E10.32131
G1 X-42.243 Y30.725 E10.34752
G1 X-33.206 Y21.689 E10.96217
G1 X-33.062 Y22.09 E10.98266
G1 X-41.698 Y30.725 E11.57004
G1 X-41.152 Y30.725 E11.5963
G1 X-32.88 Y22.453 E12.15895
G1 X-32.632 Y22.751 E12.1776
G1 X-40.607 Y30.725 E12.72002
G1 X-40.062 Y30.725 E12.74623
G1 X-32.37 Y23.034 E13.2694
G1 X-32.042 Y23.251 E13.28832
G1 X-39.516 Y30.725 E13.79669
G1 X-38.971 Y30.725 E13.8229
G1 X-31.689 Y23.443 E14.31821
G1 X-31.279 Y23.578 E14.33897
G1 X-38.426 Y30.725 E14.8251
G1 X-37.88 Y30.725 E14.85136
G1 X-30.804 Y23.649 E15.33266
G1 X-29.905 Y23.456 F7200
;WIDTH:0.404381
G1 F1500
G1 X-29.977 Y23.437 E15.33582
G1 X-29.958 Y23.508 E15.33894
G1 X-29.916 Y23.497 E15.34078
;WIDTH:0.45
G1 X-30.217 Y23.607 E15.35619
G1 X-37.335 Y30.725 E15.84035
G1 X-36.789 Y30.725 E15.86661
G1 X-29.379 Y23.315 E16.37063
G1 E14.37063 F2400
G92 E0
G1 Z3.25 F7200
G1 X-31.247 Y18.567
G1 Z1.25
G1 E2 F2400
;WIDTH:0.404381
G1 F1500
G1 X-31.288 Y18.578 E2.0018
G1 X-31.308 Y18.507 E2.00493
G1 X-31.236 Y18.526 E2.00809
;WIDTH:0.45
G1 X-31.005 Y18.396 E2.02084
G1 X-26.1 Y13.492 E2.35444
G1 X-25.586 Y13.523 E2.37921
G1 X-30.435 Y18.372 E2.70903
G1 X-29.968 Y18.45 E2.7318
G1 X-24.97 Y13.453 E3.07172
G1 X-24.7 Y13.291 E3.08686
;WIDTH:0.404381
G1 X-24.787 Y13.269 E3.09067
G1 E1.09067 F2400
G92 E0
G1 Z3.25 F7200
G1 X-22.251 Y11.48
G1 Z1.25
G1 E2 F2400
G1 F1500
G1 X-23.831 Y12.914 E2.09048
;WIDTH:0.45
G1 X-24.104 Y13.131 E2.10725
G1 X-29.566 Y18.593 E2.47877
G1 X-29.218 Y18.791 E2.49803
G1 X-21.238 Y10.811 E3.04082
G1 X-20.965 Y10.56 E3.05866
;WIDTH:0.418885
G1 X-18.74 Y8.514 E3.19231
G1 E1.19231 F2400
G92 E0
G1 Z3.25 F7200
G1 X-15.229 Y5.549
G1 Z1.25
G1 E2 F2400
G1 F1500
G1 X-17.454 Y7.595 E2.13365
;WIDTH:0.45
G1 X-17.727 Y7.845 E2.15145
G1 X-28.895 Y19.014 E2.91112
G1 X-28.642 Y19.306 E2.9297
G1 X-14.216 Y4.88 E3.91094
G1 X-13.943 Y4.629 E3.92878
;WIDTH:0.418885
G1 X-11.718 Y2.583 E4.06243
G1 E2.06243 F2400
G92 E0
G1 Z3.25 F7200
G1 X-8.207 Y-.383
G1 Z1.25
G1 E2 F2400
G1 F1500
G1 X-10.432 Y1.663 E2.13365
;WIDTH:0.45
G1 X-10.705 Y1.914 E2.15149
G1 X-28.401 Y19.61 E3.35515
G1 E1.35515 F2400
G92 E0
G1 Z3.25 F7200
G1 X-19.829 Y-24.489
G1 Z1.25
G1 E2 F2400
;WIDTH:0.404381
G1 F1500
G1 X-19.422 Y-24.988 E2.02731
G1 X-18.839 Y-25.56 E2.06195
G1 X-18.481 Y-25.831 E2.08099
;WIDTH:0.45
G1 X-18.209 Y-26.03 E2.0972
G1 X-12.535 Y-31.704 E2.48314
G1 X-11.989 Y-31.704 E2.5094
G1 X-17.457 Y-26.236 E2.88133
G1 X-17.686 Y-26.096 E2.89424
;WIDTH:0.404381
G1 X-17.757 Y-26.115 E2.89736
G1 X-17.738 Y-26.044 E2.90048
G1 X-17.697 Y-26.055 E2.90228
G1 X-16.873 Y-26.275 F7200
;WIDTH:0.45
G1 F1500
G1 X-11.444 Y-31.704 E3.27155
G1 X-10.899 Y-31.704 E3.29776
G1 X-16.328 Y-26.275 E3.66703
G1 X-15.782 Y-26.275 E3.69329
G1 X-10.353 Y-31.704 E4.06256
G1 X-9.808 Y-31.704 E4.08877
G1 X-15.237 Y-26.275 E4.45804
G1 X-14.692 Y-26.275 E4.48425
G1 X-9.263 Y-31.704 E4.85352
G1 X-8.717 Y-31.704 E4.87978
G1 X-14.146 Y-26.275 E5.24905
G1 X-13.601 Y-26.275 E5.27526
G1 X-8.172 Y-31.704 E5.64453
G1 X-7.627 Y-31.704 E5.67074
G1 X-13.056 Y-26.275 E6.04001
G1 X-12.51 Y-26.275 E6.06627
G1 X-7.081 Y-31.704 E6.43554
G1 X-6.536 Y-31.704 E6.46175
G1 X-11.965 Y-26.275 E6.83102
G1 X-11.42 Y-26.275 E6.85723
G1 X-5.991 Y-31.704 E7.2265
G1 X-5.445 Y-31.704 E7.25276
G1 X-10.874 Y-26.275 E7.62203
G1 X-10.329 Y-26.275 E7.64824
G1 X-4.9 Y-31.704 E8.01751
G1 X-4.354 Y-31.704 E8.04377
G1 X-9.784 Y-26.275 E8.41308
G1 X-9.238 Y-26.275 E8.43934
G1 X-3.809 Y-31.704 E8.80861
G1 X-3.264 Y-31.704 E8.83482
G1 X-8.693 Y-26.275 E9.20409
G1 X-8.148 Y-26.275 E9.2303
G1 X-2.718 Y-31.704 E9.59961
G1 X-2.173 Y-31.704 E9.62582
G1 X-7.602 Y-26.275 E9.99509
G1 X-7.057 Y-26.275 E10.0213
G1 X-1.628 Y-31.704 E10.39057
G1 X-1.082 Y-31.704 E10.41683
G1 X-6.511 Y-26.275 E10.7861
G1 X-5.966 Y-26.275 E10.81231
G1 X-.537 Y-31.704 E11.18158
G1 X.008 Y-31.704 E11.20779
G1 X-5.421 Y-26.275 E11.57706
G1 X-4.875 Y-26.275 E11.60332
G1 X.554 Y-31.704 E11.97259
G1 X1.099 Y-31.704 E11.9988
G1 X-4.33 Y-26.275 E12.36807
G1 X-3.785 Y-26.275 E12.39428
G1 X1.644 Y-31.704 E12.76355
G1 X2.19 Y-31.704 E12.78981
G1 X-3.239 Y-26.275 E13.15908
G1 X-2.694 Y-26.275 E13.18529
G1 X2.735 Y-31.704 E13.55456
G1 X3.28 Y-31.704 E13.58077
G1 X-2.149 Y-26.275 E13.95004
G1 X-1.603 Y-26.275 E13.9763
G1 X3.826 Y-31.704 E14.34557
G1 X4.371 Y-31.704 E14.37178
G1 X-1.058 Y-26.275 E14.74105
G1 X-.513 Y-26.275 E14.76726
G1 X4.916 Y-31.704 E15.13653
G1 X5.462 Y-31.704 E15.16279
G1 X.033 Y-26.275 E15.53206
G1 X.578 Y-26.275 E15.55827
G1 X6.007 Y-31.704 E15.92754
G1 X6.552 Y-31.704 E15.95375
G1 X1.123 Y-26.275 E16.32302
G1 X1.669 Y-26.275 E16.34928
G1 X7.098 Y-31.704 E16.71855
G1 X7.643 Y-31.704 E16.74476
G1 X2.214 Y-26.275 E17.11403
G1 X2.759 Y-26.275 E17.14024
G1 X8.189 Y-31.704 E17.50955
G1 X8.734 Y-31.704 E17.53576
G1 X3.305 Y-26.275 E17.90503
G1 X3.85 Y-26.275 E17.93124
G1 X9.279 Y-31.704 E18.30051
G1 X9.825 Y-31.704 E18.32677
G1 X4.395 Y-26.275 E18.69608
G1 X4.941 Y-26.275 E18.72234
G1 X10.37 Y-31.704 E19.09161
G1 X10.915 Y-31.704 E19.11782
G1 X5.486 Y-26.275 E19.48709
G1 X6.032 Y-26.275 E19.51335
G1 X11.461 Y-31.704 E19.88262
G1 X12.006 Y-31.704 E19.90883
G1 X6.577 Y-26.275 E20.2781
G1 X7.122 Y-26.275 E20.30431
G1 X12.551 Y-31.704 E20.67358
G1 X13.097 Y-31.704 E20.69984
G1 X7.668 Y-26.275 E21.06911
G1 X8.213 Y-26.275 E21.09532
G1 X13.642 Y-31.704 E21.46459
G1 X14.187 Y-31.704 E21.4908
G1 X8.758 Y-26.275 E21.86007
G1 X9.304 Y-26.275 E21.88633
G1 X14.733 Y-31.704 E22.2556
G1 X15.278 Y-31.704 E22.28181
G1 X9.849 Y-26.275 E22.65108
G1 X10.394 Y-26.275 E22.67729
G1 X15.823 Y-31.704 E23.04656
G1 X16.369 Y-31.704 E23.07282
G1 X10.94 Y-26.275 E23.44209
G1 X11.485 Y-26.275 E23.4683
G1 X16.914 Y-31.704 E23.83757
G1 X17.459 Y-31.704 E23.86378
G1 X12.03 Y-26.275 E24.23305
G1 X12.576 Y-26.275 E24.25931
G1 X18.005 Y-31.704 E24.62858
G1 X18.55 Y-31.704 E24.65479
G1 X13.121 Y-26.275 E25.02406
G1 X13.666 Y-26.275 E25.05027
G1 X19.095 Y-31.704 E25.41954
G1 X19.641 Y-31.704 E25.4458
G1 X14.169 Y-26.232 E25.818
G1 X14.617 Y-26.135 E25.84005
G1 X20.186 Y-31.704 E26.21885
G1 X20.732 Y-31.704 E26.24511
G1 X15.011 Y-25.983 E26.63425
G1 X15.368 Y-25.794 E26.65368
G1 X21.277 Y-31.704 E27.05564
G1 X21.822 Y-31.704 E27.08185
G1 X15.693 Y-25.575 E27.49874
G1 X15.988 Y-25.325 E27.51734
G1 X22.368 Y-31.704 E27.95127
G1 X22.913 Y-31.704 E27.97748
G1 X16.242 Y-25.033 E28.43123
G1 X16.468 Y-24.714 E28.45003
G1 X23.458 Y-31.704 E28.92548
G1 X24.004 Y-31.704 E28.95174
G1 X16.652 Y-24.352 E29.45181
G1 X16.797 Y-23.952 E29.47227
G1 X24.549 Y-31.704 E29.99955
G1 X25.094 Y-31.704 E30.02576
G1 X16.909 Y-23.519 E30.58249
G1 X16.952 Y-23.016 E30.60677
G1 X25.64 Y-31.704 E31.19772
G1 X26.185 Y-31.704 E31.22393
G1 X16.908 Y-22.426 E31.85497
G1 X16.725 Y-22.35 E31.8645
;WIDTH:0.404381
G1 X16.746 Y-22.154 E31.87286
G1 E29.87286 F2400
G92 E0
G1 Z3.25 F7200
G1 X-20.023 Y-24.216
G1 Z1.25
G1 E2 F2400
;WIDTH:0.45
G1 F1500
G1 X-24.122 Y-20.116 E2.27884
G1 X-23.784 Y-19.91 E2.29788
G1 X-20.231 Y-23.462 E2.53952
G1 X-20.052 Y-23.702 E2.55392
;WIDTH:0.404381
G1 X-20.093 Y-23.691 E2.55572
G1 X-20.112 Y-23.762 E2.55884
G1 X-20.041 Y-23.743 E2.56196
G1 X-20.246 Y-22.901 F7200
;WIDTH:0.45
G1 F1500
G1 X-23.47 Y-19.678 E2.78122
G1 X-23.175 Y-19.428 E2.79982
G1 X-20.205 Y-22.397 E3.0018
G1 X-20.096 Y-21.961 E3.02342
G1 X-22.879 Y-19.178 E3.21272
G1 X-22.583 Y-18.928 E3.23135
G1 X-19.942 Y-21.57 E3.41102
G1 X-19.533 Y-20.92 E3.44796
G1 X-19.103 Y-20.477 E3.47765
G1 X-3.774 Y-7.527 E4.4428
G1 X-3.575 Y-7.398 E4.45421
G1 X-6.335 Y-4.637 E4.64198
G1 X-6.578 Y-5.171 E4.6702
G1 X-6.863 Y-5.572 E4.69386
G1 X-7.282 Y-6.001 E4.7227
G1 X-22.288 Y-18.679 E5.66754
G1 X-19.875 Y-21.091 E5.83164
G1 X-19.79 Y-20.631 E5.85414
G1 X-19.352 Y-20.183 E5.88427
G1 X-4.165 Y-7.352 E6.84051
G1 X-6.213 Y-5.305 E6.97978
G1 X-6.587 Y-5.841 E7.01122
G1 X-7.033 Y-6.296 E7.04186
G1 X-21.719 Y-18.703 E7.96653
G1 X-19.926 Y-20.495 E8.08845
G1 X-19.795 Y-20.081 E8.10934
G1 X-19.601 Y-19.888 E8.1225
G1 X-4.735 Y-7.329 E9.0585
G1 X-6.154 Y-5.909 E9.15505
G1 X-6.31 Y-6.11 E9.16729
G1 X-6.784 Y-6.59 E9.19974
G1 X-21.149 Y-18.726 E10.10421
G1 X-19.931 Y-19.945 E10.18709
G1 X-19.789 Y-19.542 E10.20764
G1 X-5.304 Y-7.305 E11.11965
G1 X-6.13 Y-6.478 E11.17587
G1 X-6.535 Y-6.885 E11.20349
G1 X-20.58 Y-18.75 E12.08779
G1 X-19.925 Y-19.405 E12.13234
G1 X-19.767 Y-19.032 E12.15182
;WIDTH:0.429263
G1 X-5.858 Y-7.282 E12.98046
;WIDTH:0.42978
G1 X-6.127 Y-7.013 E12.9978
G1 X-6.293 Y-7.172 E13.00828
;WIDTH:0.429263
G1 X-20.026 Y-18.774 E13.82645
G1 X-19.904 Y-18.896 E13.8343
G1 E11.8343 F2400
G92 E0
G1 Z3.25 F7200
G1 X-6.2 Y-4.227
G1 Z1.25
G1 E2 F2400
;WIDTH:0.45
G1 F1500
G1 X-3.238 Y-7.189 E2.20147
G1 X-2.888 Y-6.993 E2.22076
G1 X-6.134 Y-3.747 E2.44155
G1 X-6.146 Y-3.191 E2.4683
G1 X-2.459 Y-6.877 E2.71905
G1 X-2.017 Y-6.774 E2.74088
G1 X-6.281 Y-2.51 E3.03091
G1 X-6.439 Y-2.522 E3.03853
;WIDTH:0.404381
G1 X-6.472 Y-2.384 E3.04455
G1 X-6.448 Y-2.237 E3.05087
G1 E1.05087 F2400
G92 E0
G1 Z3.25 F7200
G1 X-1.467 Y-6.778
G1 Z1.25
G1 E2 F2400
;WIDTH:0.45
G1 F1500
G1 X-28.225 Y19.98 E3.82005
G1 X-28.077 Y20.377 E3.84043
G1 X-.847 Y-6.854 E5.69261
G1 E3.69261 F2400
G92 E0
G1 Z3.25 F7200
G1 X2.34 Y-9.294
G1 Z1.25
G1 E2 F2400
;WIDTH:0.404381
G1 F1500
G1 X.398 Y-7.511 E2.1118
;WIDTH:0.45
G1 X.125 Y-7.28 E2.129
G1 X-28.14 Y20.987 E4.05162
;WIDTH:0.404381
G1 X-28.211 Y20.968 E4.05474
G1 X-28.192 Y21.039 E4.05786
G1 X-28.151 Y21.028 E4.05966
;WIDTH:0.45
G1 X-28.142 Y21.678 E4.09093
;WIDTH:0.404381
G1 X-28.214 Y21.659 E4.09409
G1 X-28.194 Y21.73 E4.09722
G1 X-28.153 Y21.719 E4.09902
;WIDTH:0.45
G1 X-28.026 Y21.417 E4.11478
G1 X3.356 Y-9.965 E6.24934
G1 X3.629 Y-10.216 E6.26718
;WIDTH:0.418985
G1 X5.862 Y-12.27 E6.40137
G1 E4.40137 F2400
G92 E0
G1 Z3.25 F7200
G1 X9.384 Y-15.247
G1 Z1.25
G1 E2 F2400
G1 F1500
G1 X7.15 Y-13.193 E2.13422
;WIDTH:0.45
G1 X6.878 Y-12.942 E2.15202
G1 X-28.302 Y22.238 E4.54492
G1 X-28.524 Y22.51 E4.56181
;WIDTH:0.404381
G1 X-29.107 Y23.103 E4.59707
G1 E2.59707 F2400
G92 E0
G1 Z3.25 F7200
G1 X-36.244 Y30.725
G1 Z1.25
G1 E2 F2400
;WIDTH:0.45
G1 F1500
G1 X-19.733 Y14.214 E3.12306
G1 X-19.494 Y13.942 E3.14047
;WIDTH:0.404381
G1 X-19.095 Y13.533 E3.1647
;WIDTH:0.418893
G1 X-18.824 Y13.283 E3.181
;WIDTH:0.45
G1 X-18.551 Y13.032 E3.19884
G1 X10.4 Y-15.918 E5.16802
G1 X10.672 Y-16.169 E5.18582
;WIDTH:0.418985
G1 X12.906 Y-18.223 E5.32004
G1 X13.921 Y-18.895 F7200
;WIDTH:0.45
G1 F1500
G1 X-15.039 Y10.065 E7.28986
G1 X-15.312 Y10.316 E7.3077
;WIDTH:0.418893
G1 X-17.538 Y12.363 E7.44142
G1 E5.44142 F2400
G92 E0
G1 Z3.25 F7200
G1 X-19.972 Y15.056
G1 Z1.25
G1 E2 F2400
;WIDTH:0.404381
G1 F1500
G1 X-19.997 Y14.912 E2.0062
G1 X-19.973 Y15.052 E2.01222
;WIDTH:0.45
G1 X-20.158 Y15.185 E2.02318
G1 X-35.699 Y30.725 E3.08023
G1 X-35.153 Y30.725 E3.10649
G1 X-20.259 Y15.831 E4.11956
G1 X-20.252 Y16.37 E4.14549
G1 X-34.608 Y30.725 E5.12193
G1 X-34.063 Y30.725 E5.14814
G1 X-20.165 Y16.828 E6.09343
G1 X-20.029 Y17.237 E6.11416
G1 X-33.517 Y30.725 E7.0316
G1 X-32.972 Y30.725 E7.05781
G1 X-19.848 Y17.601 E7.95049
G1 X-19.639 Y17.937 E7.96952
G1 X-32.427 Y30.725 E8.83934
G1 X-31.881 Y30.725 E8.8656
G1 X-19.391 Y18.235 E9.71515
G1 X-19.112 Y18.502 E9.73372
G1 X-31.336 Y30.725 E10.56515
G1 X-30.791 Y30.725 E10.59136
G1 X-18.806 Y18.741 E11.40653
G1 X-18.463 Y18.943 E11.42568
G1 X-30.245 Y30.725 E12.22708
G1 X-29.7 Y30.725 E12.25329
G1 X-18.08 Y19.105 E13.04367
G1 X-17.654 Y19.224 E13.06494
G1 X-29.155 Y30.725 E13.84722
G1 X-28.609 Y30.725 E13.87348
G1 X-17.165 Y19.281 E14.65189
G1 X-16.636 Y19.298 E14.67735
G1 X-28.064 Y30.725 E15.45463
G1 X-27.519 Y30.725 E15.48084
G1 X-16.091 Y19.298 E16.25812
G1 X-15.546 Y19.298 E16.28433
G1 X-26.973 Y30.725 E17.06158
G1 X-26.428 Y30.725 E17.08779
G1 X-15 Y19.298 E17.86507
G1 X-14.455 Y19.298 E17.89128
G1 X-25.883 Y30.725 E18.66856
G1 X-25.337 Y30.725 E18.69482
G1 X-13.91 Y19.298 E19.47207
G1 X-13.364 Y19.298 E19.49833
G1 X-24.792 Y30.725 E20.27561
G1 X-24.246 Y30.725 E20.30187
G1 X-12.819 Y19.298 E21.07912
G1 X-12.274 Y19.298 E21.10533
G1 X-23.701 Y30.725 E21.88258
G1 X-23.156 Y30.725 E21.90879
G1 X-11.728 Y19.298 E22.68607
G1 X-11.183 Y19.298 E22.71228
G1 X-22.61 Y30.725 E23.48953
G1 X-22.065 Y30.725 E23.51574
G1 X-10.637 Y19.298 E24.29302
G1 X-10.092 Y19.298 E24.31923
G1 X-21.52 Y30.725 E25.09651
G1 X-20.974 Y30.725 E25.12277
G1 X-9.547 Y19.298 E25.90002
G1 X-9.001 Y19.298 E25.92628
G1 X-20.429 Y30.725 E26.70356
G1 X-19.884 Y30.725 E26.72977
G1 X-8.456 Y19.298 E27.50705
G1 X-7.911 Y19.298 E27.53326
G1 X-19.338 Y30.725 E28.31051
G1 X-18.793 Y30.725 E28.33672
G1 X-7.365 Y19.297 E29.11404
G1 X-6.82 Y19.297 E29.14025
G1 X-18.248 Y30.725 E29.91757
G1 X-17.702 Y30.725 E29.94383
G1 X-6.274 Y19.297 E30.72115
G1 X-5.729 Y19.297 E30.74736
G1 X-17.157 Y30.725 E31.52468
G1 X-16.612 Y30.725 E31.55089
G1 X-5.184 Y19.297 E32.32821
G1 X-4.638 Y19.297 E32.35447
G1 X-16.066 Y30.725 E33.13179
G1 X-15.521 Y30.725 E33.158
G1 X-4.093 Y19.297 E33.93532
G1 X-3.548 Y19.297 E33.96153
G1 X-14.976 Y30.725 E34.73885
G1 X-14.43 Y30.725 E34.76511
G1 X-3.002 Y19.297 E35.54243
G1 X-2.457 Y19.297 E35.56864
G1 X-13.885 Y30.725 E36.34596
G1 X-13.34 Y30.725 E36.37217
G1 X-1.912 Y19.297 E37.14949
G1 X-1.366 Y19.297 E37.17575
G1 X-12.794 Y30.725 E37.95307
G1 X-12.249 Y30.725 E37.97928
G1 X-.821 Y19.297 E38.7566
G1 X-.275 Y19.297 E38.78286
G1 X-11.703 Y30.725 E39.56018
G1 X-11.158 Y30.725 E39.58639
G1 X.27 Y19.297 E40.36371
G1 X.815 Y19.297 E40.38992
G1 X-10.613 Y30.725 E41.16724
G1 X-10.067 Y30.725 E41.1935
G1 X1.361 Y19.297 E41.97082
G1 X1.906 Y19.297 E41.99703
G1 X-9.522 Y30.725 E42.77435
G1 X-8.977 Y30.725 E42.80056
G1 X2.451 Y19.297 E43.57788
G1 X2.997 Y19.297 E43.60414
G1 X-8.431 Y30.725 E44.38146
G1 X-7.886 Y30.725 E44.40767
G1 X3.542 Y19.297 E45.18499
G1 X4.088 Y19.297 E45.21125
G1 X-7.341 Y30.725 E45.9886
G1 X-6.795 Y30.725 E46.01486
G1 X4.633 Y19.297 E46.79218
G1 X5.178 Y19.297 E46.81839
G1 X-6.25 Y30.725 E47.59571
G1 X-5.705 Y30.725 E47.62192
G1 X5.724 Y19.297 E48.39927
G1 X6.269 Y19.297 E48.42548
G1 X-5.159 Y30.725 E49.2028
G1 X-4.614 Y30.725 E49.22901
G1 X6.814 Y19.297 E50.00633
G1 X7.36 Y19.297 E50.03259
G1 X-4.069 Y30.725 E50.80994
G1 X-3.523 Y30.725 E50.8362
G1 X7.905 Y19.297 E51.61352
G1 X8.45 Y19.297 E51.63973
G1 X-2.978 Y30.725 E52.41705
G1 X-2.433 Y30.725 E52.44326
G1 X8.996 Y19.297 E53.22061
G1 X9.541 Y19.297 E53.24682
G1 X-1.887 Y30.725 E54.02414
G1 X-1.342 Y30.725 E54.05035
G1 X10.087 Y19.297 E54.8277
G1 X10.632 Y19.297 E54.85391
G1 X-.797 Y30.725 E55.63126
G1 X-.251 Y30.725 E55.65752
G1 X11.177 Y19.297 E56.43484
G1 X11.723 Y19.297 E56.4611
G1 X.294 Y30.725 E57.23845
G1 X.84 Y30.725 E57.26471
G1 X12.268 Y19.297 E58.04203
G1 X12.813 Y19.297 E58.06824
G1 X1.385 Y30.725 E58.84556
G1 X1.93 Y30.725 E58.87177
G1 X13.359 Y19.297 E59.64912
G1 X13.924 Y19.277 E59.67631
G1 X2.476 Y30.725 E60.45499
G1 X3.021 Y30.725 E60.4812
G1 X14.594 Y19.152 E61.26838
G1 X15.692 Y18.6 F7200
G1 F1500
G1 X3.566 Y30.725 E62.09314
G1 E60.09314 F2400
G92 E0
G1 Z3.25 F7200
G1 X14.194 Y-19.146
G1 Z1.25
G1 E2 F2400
;WIDTH:0.418983
G1 F1500
G1 X15.8 Y-20.623 E2.0965
;WIDTH:0.404381
G1 X16.373 Y-21.242 E2.13227
G1 X16.476 Y-21.379 E2.13954
;WIDTH:0.45
G1 X16.678 Y-21.652 E2.15587
G1 X26.73 Y-31.704 E2.83959
G1 X27.033 Y-31.787 E2.8547
;WIDTH:0.404381
G1 X26.992 Y-31.776 E2.8565
G1 X26.973 Y-31.847 E2.85962
G1 X27.044 Y-31.828 E2.86274
;WIDTH:0.45
G1 X27.276 Y-31.704 E2.87539
G1 X-11.527 Y7.099 E5.51472
G1 X-11.799 Y7.349 E5.53249
;WIDTH:0.418891
G1 X-14.026 Y9.396 E5.66624
G1 E3.66624 F2400
G92 E0
G1 Z3.25 F7200
G1 X-10.514 Y6.429
G1 Z1.25
G1 E2 F2400
;WIDTH:0.418893
G1 F1500
G1 X-8.287 Y4.383 E2.13372
;WIDTH:0.45
G1 X-8.015 Y4.132 E2.15152
G1 X24.787 Y-28.67 E4.38267
G1 X24.994 Y-28.913 E4.39802
;WIDTH:0.404381
G1 X24.953 Y-28.902 E4.39982
G1 X24.934 Y-28.973 E4.40294
G1 X25.005 Y-28.954 E4.40606
G1 X24.711 Y-28.048 F7200
;WIDTH:0.45
G1 F1500
G1 X-4.503 Y1.165 E6.39313
G1 X-4.775 Y1.416 E6.41093
;WIDTH:0.418891
G1 X-7.002 Y3.463 E6.54468
G1 E4.54468 F2400
G92 E0
G1 Z3.25 F7200
G1 X-2.799 Y.159
G1 Z1.25
G1 E2 F2400
;WIDTH:0.404381
G1 F1500
G1 X-2.918 Y.198 E2.00531
G1 X-3.069 Y.185 E2.01174
;WIDTH:0.45
G1 X-2.796 Y.004 E2.02749
G1 X24.734 Y-27.526 E3.90005
G1 X24.864 Y-27.11 E3.92101
G1 X-2.066 Y-.181 E5.75272
G1 X-1.719 Y-.105 E5.76981
;WIDTH:0.404381
G1 X-1.79 Y-.124 E5.77293
G1 X-1.771 Y-.053 E5.77605
G1 X-1.73 Y-.064 E5.77785
G1 E3.77785 F2400
G92 E0
G1 Z3.25 F7200
G1 X3.283 Y-5.051
G1 Z1.25
G1 E2 F2400
G1 F1500
G1 X3.638 Y-5.495 E2.02411
G1 X4.052 Y-5.914 E2.04909
;WIDTH:0.418913
G1 X5.778 Y-7.501 E2.15277
;WIDTH:0.45
G1 X6.051 Y-7.752 E2.17061
G1 X25.014 Y-26.715 E3.46045
G1 X25.24 Y-26.396 E3.47925
G1 X9.565 Y-10.721 E4.54544
G1 X9.293 Y-10.471 E4.56321
;WIDTH:0.418913
G1 X7.064 Y-8.422 E4.69709
G1 E2.69709 F2400
G92 E0
G1 Z3.25 F7200
G1 X10.579 Y-11.391
G1 Z1.25
G1 E2 F2400
G1 F1500
G1 X12.807 Y-13.44 E2.13385
;WIDTH:0.45
G1 X13.08 Y-13.69 E2.15165
G1 X25.49 Y-26.101 E2.9958
G1 X25.788 Y-25.854 E3.01442
G1 X16.594 Y-16.659 E3.63982
G1 X16.321 Y-16.409 E3.65762
;WIDTH:0.418913
G1 X14.093 Y-14.36 E3.79147
G1 E1.79147 F2400
G92 E0
G1 Z3.25 F7200
G1 X17.608 Y-17.329
G1 Z1.25
G1 E2 F2400
G1 F1500
G1 X19.836 Y-19.378 E2.13385
;WIDTH:0.45
G1 X20.109 Y-19.629 E2.15169
G1 X26.129 Y-25.649 E2.56116
G1 X26.498 Y-25.473 E2.58082
G1 X21.368 Y-20.343 E2.92976
G1 X21.137 Y-20.172 E2.94358
;WIDTH:0.404381
G1 X21.066 Y-20.191 E2.9467
G1 X21.085 Y-20.12 E2.94982
G1 X21.126 Y-20.131 E2.95162
G1 X21.954 Y-20.275 F7200
G1 F1500
G1 X21.913 Y-20.264 E2.95342
G1 X21.894 Y-20.336 E2.95658
G1 X21.965 Y-20.317 E2.9597
;WIDTH:0.45
G1 X22.056 Y-20.485 E2.96889
G1 X26.95 Y-25.38 E3.30181
G1 X27.452 Y-25.336 E3.32605
G1 X22.605 Y-20.489 E3.65574
G1 X23.075 Y-20.413 E3.67864
G1 X28.111 Y-25.449 E4.02118
G1 E2.02118 F2400
G92 E0
G1 Z3.25 F7200
G1 X26.424 Y-30.348
G1 Z1.25
G1 E2 F2400
;WIDTH:0.404381
G1 F1500
G1 X26.383 Y-30.337 E2.0018
G1 X26.364 Y-30.409 E2.00496
G1 X26.435 Y-30.39 E2.00808
;WIDTH:0.45
G1 X26.666 Y-30.549 E2.02157
G1 X27.821 Y-31.704 E2.10013
G1 X28.366 Y-31.704 E2.12634
G1 X27.303 Y-30.64 E2.19868
G1 X28.915 Y-31.179 F7200
G1 F1500
G1 X28.523 Y-30.77 E2.22593
G1 X29.04 Y-30.505 E2.25387
G1 X29.442 Y-30.186 E2.27855
G1 X29.758 Y-29.823 E2.3017
G1 X31.253 Y-31.318 E2.40339
G1 X29.048 Y-31.318 E2.50944
G1 X28.735 Y-31.528 E2.52757
G1 X27.805 Y-30.598 E2.59083
G1 X28.186 Y-30.509 E2.60965
G1 X28.866 Y-30.16 E2.64641
G1 X29.218 Y-29.866 E2.66847
G1 X29.546 Y-29.468 E2.69328
G1 X29.681 Y-29.201 E2.70767
G1 X32.184 Y-31.704 E2.87792
G1 X28.775 Y-31.704 E3.04188
G1 X30.088 Y-30.916 F7200
;WIDTH:0.483826
G1 F1500
G1 X29.238 Y-30.916 E3.08635
G1 X29.198 Y-30.876 E3.08931
G1 X29.64 Y-30.545 E3.1182
G1 X29.78 Y-30.415 E3.12819
G1 X30.281 Y-30.916 E3.16526
G1 E1.16526 F2400
G92 E0
G1 Z3.25 F7200
G1 X29.852 Y-28.827
G1 Z1.25
G1 E2 F2400
;WIDTH:0.45
G1 F1500
G1 X32.729 Y-31.704 E2.19569
G1 X32.907 Y-31.838 E2.20641
;WIDTH:0.404381
G1 X32.866 Y-31.827 E2.20821
G1 X32.847 Y-31.898 E2.21133
G1 X32.918 Y-31.879 E2.21445
;WIDTH:0.45
G1 X33.275 Y-31.704 E2.23357
G1 X29.974 Y-28.403 E2.4581
G1 X29.985 Y-27.869 E2.48379
G1 X33.82 Y-31.704 E2.74464
G1 X34.365 Y-31.704 E2.77085
G1 X29.874 Y-27.213 E3.07632
G1 X29.694 Y-26.94 E3.09205
;WIDTH:0.404381
G1 X29.283 Y-26.42 E3.12016
G1 E1.12016 F2400
G92 E0
G1 Z3.25 F7200
G1 X34.911 Y-31.704
G1 Z1.25
G1 E2 F2400
;WIDTH:0.45
G1 F1500
G1 X23.492 Y-20.286 E2.77667
G1 X23.875 Y-20.123 E2.79669
G1 X35.456 Y-31.704 E3.58442
G1 X36.001 Y-31.704 E3.61063
G1 X24.199 Y-19.901 E4.41342
G1 X24.517 Y-19.674 E4.43221
G1 X36.547 Y-31.704 E5.25048
G1 X37.092 Y-31.704 E5.27669
G1 X24.789 Y-19.401 E6.11352
G1 X25.039 Y-19.105 E6.13215
G1 X37.637 Y-31.704 E6.98908
G1 X38.183 Y-31.704 E7.01534
G1 X25.248 Y-18.769 E7.89516
G1 X25.416 Y-18.392 E7.91501
G1 X38.728 Y-31.704 E8.82048
G1 X39.273 Y-31.704 E8.84669
G1 X25.54 Y-17.97 E9.78083
G1 X25.61 Y-17.495 E9.80392
G1 X39.819 Y-31.704 E10.7704
G1 X40.364 Y-31.704 E10.79661
G1 X25.513 Y-16.849 E11.80689
;WIDTH:0.404381
G1 X25.442 Y-16.868 E11.81001
G1 X25.461 Y-16.797 E11.81313
G1 X25.502 Y-16.808 E11.81493
;WIDTH:0.45
G1 X25.636 Y-16.431 E11.83417
G1 X40.909 Y-31.704 E12.87302
G1 X41.455 Y-31.704 E12.89928
G1 X25.636 Y-15.885 E13.97527
G1 X25.636 Y-15.34 E14.00148
G1 X42 Y-31.704 E15.11454
G1 X42.545 Y-31.704 E15.14075
G1 X25.636 Y-14.795 E16.29088
G1 X25.553 Y-13.947 F7200
;WIDTH:0.404381
G1 F1500
G1 X25.512 Y-13.936 E16.29268
G1 X25.493 Y-14.007 E16.2958
G1 X25.564 Y-13.988 E16.29892
;WIDTH:0.45
G1 X25.636 Y-14.249 E16.31194
G1 X43.091 Y-31.704 E17.49921
G1 X43.636 Y-31.704 E17.52542
G1 X37.483 Y-25.551 E17.94394
G1 X37.21 Y-25.315 E17.9613
;WIDTH:0.404381
G1 X36.532 Y-24.635 E18.00202
;WIDTH:0.45
G1 X36.294 Y-24.362 E18.01944
G1 X25.636 Y-13.704 E18.74438
G1 X25.636 Y-13.159 E18.77059
G1 X35.793 Y-23.315 E19.46142
G1 X35.972 Y-23.414 E19.47126
;WIDTH:0.404381
G1 X35.957 Y-23.588 E19.47867
G1 X35.63 Y-22.607 F7200
;WIDTH:0.45
G1 F1500
G1 X25.636 Y-12.613 E20.15845
G1 X25.636 Y-12.068 E20.18466
G1 X35.57 Y-22.002 E20.86036
G1 X35.57 Y-21.457 E20.88657
G1 X25.636 Y-11.523 E21.56227
G1 X25.636 Y-10.977 E21.58853
G1 X35.57 Y-20.911 E22.26423
G1 X35.57 Y-20.366 E22.29044
G1 X25.636 Y-10.432 E22.96614
G1 X25.636 Y-9.887 E22.99235
G1 X35.57 Y-19.82 E23.66801
G1 X35.57 Y-19.275 E23.69422
G1 X25.636 Y-9.341 E24.36992
G1 X25.636 Y-8.796 E24.39613
G1 X35.57 Y-18.73 E25.07183
G1 X35.57 Y-18.184 E25.09809
G1 X25.636 Y-8.251 E25.77375
G1 X25.636 Y-7.705 E25.80001
G1 X35.57 Y-17.639 E26.47571
G1 X35.57 Y-17.093 E26.50197
G1 X25.636 Y-7.16 E27.17763
G1 X25.636 Y-6.615 E27.20384
G1 X35.57 Y-16.548 E27.8795
G1 X35.57 Y-16.003 E27.90571
G1 X25.636 Y-6.069 E28.58141
G1 X25.636 Y-5.524 E28.60762
G1 X35.57 Y-15.457 E29.28328
G1 X35.57 Y-14.912 E29.30949
G1 X25.636 Y-4.978 E29.98519
G1 X25.636 Y-4.433 E30.0114
G1 X35.569 Y-14.366 E30.68703
G1 X35.569 Y-13.821 E30.71324
G1 X25.636 Y-3.888 E31.38887
G1 X25.636 Y-3.342 E31.41513
G1 X35.569 Y-13.275 E32.09076
G1 X35.569 Y-12.73 E32.11697
G1 X25.636 Y-2.797 E32.7926
G1 X25.636 Y-2.252 E32.81881
G1 X35.569 Y-12.185 E33.49444
G1 X35.569 Y-11.639 E33.5207
G1 X25.636 Y-1.706 E34.19633
G1 X25.636 Y-1.161 E34.22254
G1 X35.569 Y-11.094 E34.89817
G1 X35.569 Y-10.548 E34.92443
G1 X25.636 Y-.616 E35.60003
G1 X25.636 Y-.07 E35.62629
G1 X35.569 Y-10.003 E36.30192
G1 X35.569 Y-9.457 E36.32818
G1 X25.636 Y.475 E37.00378
G1 X25.636 Y1.02 E37.02999
G1 X35.569 Y-8.912 E37.70559
G1 X35.569 Y-8.367 E37.7318
G1 X25.636 Y1.566 E38.40743
G1 X25.636 Y2.111 E38.43364
G1 X35.569 Y-7.821 E39.10924
G1 X35.569 Y-7.276 E39.13545
G1 X25.636 Y2.656 E39.81105
G1 X25.636 Y3.202 E39.83731
G1 X35.568 Y-6.73 E40.51287
G1 X35.568 Y-6.185 E40.53908
G1 X25.636 Y3.747 E41.21464
G1 X25.636 Y4.292 E41.24085
G1 X35.568 Y-5.64 E41.91641
G1 X35.568 Y-5.094 E41.94267
G1 X25.636 Y4.838 E42.61823
G1 X25.636 Y5.383 E42.64444
G1 X35.568 Y-4.549 E43.32
G1 X35.568 Y-4.003 E43.34626
G1 X25.636 Y5.928 E44.02179
G1 X25.636 Y6.474 E44.04805
G1 X35.568 Y-3.458 E44.72361
G1 X35.568 Y-2.912 E44.74987
G1 X25.636 Y7.019 E45.4254
G1 X25.636 Y7.565 E45.45166
G1 X35.568 Y-2.367 E46.12722
G1 X35.568 Y-1.822 E46.15343
G1 X25.636 Y8.11 E46.82899
G1 X25.636 Y8.655 E46.8552
G1 X35.568 Y-1.276 E47.53073
G1 X35.568 Y-.731 E47.55694
G1 X25.636 Y9.201 E48.2325
G1 X25.636 Y9.746 E48.25871
G1 X35.568 Y-.185 E48.93424
G1 X35.568 Y.36 E48.96045
G1 X25.633 Y10.295 E49.63622
G1 X25.383 Y11.193 F7200
;WIDTH:0.404381
G1 F1500
G1 X25.362 Y11.111 E49.63981
G1 X25.378 Y10.96 E49.64625
;WIDTH:0.45
G1 X25.553 Y10.92 E49.65488
G1 X35.567 Y.905 E50.33605
G1 E48.33605 F2400
G92 E0
G1 Z3.25 F7200
G1 X38.487 Y-25.885
G1 Z1.25
G1 E2 F2400
;WIDTH:0.404381
G1 F1500
G1 X38.404 Y-25.861 E2.00366
G1 X38.256 Y-25.879 E2.00998
;WIDTH:0.45
G1 X38.527 Y-26.049 E2.02537
G1 X44.181 Y-31.704 E2.40998
G1 X44.727 Y-31.704 E2.43624
G1 X39.255 Y-26.232 E2.80844
G1 X39.843 Y-26.275 E2.8368
G1 X45.272 Y-31.704 E3.20607
G1 X45.818 Y-31.704 E3.23233
G1 X40.388 Y-26.275 E3.60164
G1 X40.934 Y-26.275 E3.6279
G1 X46.363 Y-31.704 E3.99717
G1 X46.908 Y-31.704 E4.02338
G1 X41.479 Y-26.275 E4.39265
G1 X42.024 Y-26.275 E4.41886
G1 X47.454 Y-31.704 E4.78817
G1 X47.999 Y-31.704 E4.81438
G1 X42.557 Y-26.262 E5.18454
G1 X43.044 Y-26.204 E5.20813
G1 X48.544 Y-31.704 E5.58223
G1 X49.09 Y-31.704 E5.60849
G1 X43.499 Y-26.113 E5.98878
G1 X43.904 Y-25.973 E6.00939
G1 X49.635 Y-31.704 E6.39921
G1 X50.18 Y-31.704 E6.42542
G1 X44.279 Y-25.803 E6.8268
G1 X44.631 Y-25.609 E6.84613
G1 X50.726 Y-31.704 E7.2607
G1 X51.271 Y-31.704 E7.28691
G1 X44.952 Y-25.385 E7.71672
G1 X45.245 Y-25.133 E7.73531
G1 X51.816 Y-31.704 E8.18226
G1 X52.362 Y-31.704 E8.20852
G1 X45.52 Y-24.862 E8.6739
G1 X45.766 Y-24.562 E8.69256
G1 X52.907 Y-31.704 E9.17832
G1 X53.452 Y-31.704 E9.20453
G1 X45.989 Y-24.241 E9.71215
G1 X46.18 Y-23.886 E9.73154
G1 X53.998 Y-31.704 E10.26331
G1 X54.543 Y-31.704 E10.28952
G1 X46.345 Y-23.506 E10.84714
G1 X46.482 Y-23.097 E10.86789
G1 X54.563 Y-31.178 E11.41755
G1 X54.563 Y-30.633 E11.44376
G1 X46.579 Y-22.649 E11.98682
G1 X46.624 Y-22.149 E12.01097
G1 X54.563 Y-30.087 E12.55094
G1 X54.563 Y-29.542 E12.57715
G1 X46.631 Y-21.611 E13.11664
G1 X46.631 Y-21.065 E13.1429
G1 X54.563 Y-28.997 E13.68242
G1 X54.563 Y-28.451 E13.70868
G1 X46.631 Y-20.52 E14.24817
G1 X46.631 Y-19.975 E14.27438
G1 X54.563 Y-27.906 E14.81387
G1 X54.563 Y-27.361 E14.84008
G1 X46.631 Y-19.429 E15.3796
G1 X46.631 Y-18.884 E15.40581
G1 X54.563 Y-26.815 E15.9453
G1 X54.563 Y-26.27 E15.97151
G1 X46.631 Y-18.339 E16.511
G1 X46.631 Y-17.793 E16.53726
G1 X54.563 Y-25.725 E17.07678
G1 X54.563 Y-25.179 E17.10304
G1 X46.631 Y-17.248 E17.64253
G1 X46.631 Y-16.703 E17.66874
G1 X54.563 Y-24.634 E18.20823
G1 X54.563 Y-24.089 E18.23444
G1 X46.631 Y-16.157 E18.77396
G1 X46.631 Y-15.612 E18.80017
G1 X54.563 Y-23.543 E19.33966
G1 X54.563 Y-22.998 E19.36587
G1 X46.632 Y-15.067 E19.90533
G1 X46.632 Y-14.521 E19.93159
G1 X54.563 Y-22.453 E20.47108
G1 X54.563 Y-21.907 E20.49734
G1 X46.632 Y-13.976 E21.0368
G1 X46.632 Y-13.431 E21.06301
G1 X54.563 Y-21.362 E21.60247
G1 X54.563 Y-20.816 E21.62873
G1 X46.632 Y-12.885 E22.16819
G1 X46.632 Y-12.34 E22.1944
G1 X54.563 Y-20.271 E22.73386
G1 X54.563 Y-19.726 E22.76007
G1 X46.632 Y-11.795 E23.29953
G1 X46.632 Y-11.25 E23.32574
G1 X54.563 Y-19.18 E23.86516
G1 X54.563 Y-18.635 E23.89137
G1 X46.632 Y-10.704 E24.43083
G1 X46.632 Y-10.159 E24.45704
G1 X54.563 Y-18.09 E24.9965
G1 X54.563 Y-17.544 E25.02276
G1 X46.632 Y-9.614 E25.56218
G1 X46.632 Y-9.068 E25.58844
G1 X54.563 Y-16.999 E26.1279
G1 X54.563 Y-16.454 E26.15411
G1 X46.632 Y-8.523 E26.69357
G1 X46.632 Y-7.978 E26.71978
G1 X54.563 Y-15.908 E27.2592
G1 X54.563 Y-15.363 E27.28541
G1 X46.632 Y-7.432 E27.82487
G1 X46.632 Y-6.887 E27.85108
G1 X54.563 Y-14.818 E28.39054
G1 X54.563 Y-14.272 E28.4168
G1 X46.632 Y-6.342 E28.95622
G1 X46.632 Y-5.796 E28.98248
G1 X54.563 Y-13.727 E29.52194
G1 X54.563 Y-13.182 E29.54815
G1 X46.632 Y-5.251 E30.08761
G1 X46.632 Y-4.706 E30.11382
G1 X54.563 Y-12.636 E30.65324
G1 X54.563 Y-12.091 E30.67945
G1 X46.632 Y-4.16 E31.21891
G1 X46.632 Y-3.615 E31.24512
G1 X54.563 Y-11.546 E31.78458
G1 X54.563 Y-11 E31.81084
G1 X46.632 Y-3.07 E32.35026
G1 X46.632 Y-2.524 E32.37652
G1 X54.563 Y-10.455 E32.91598
G1 X54.563 Y-9.91 E32.94219
G1 X46.632 Y-1.979 E33.48165
G1 X46.632 Y-1.434 E33.50786
G1 X54.563 Y-9.364 E34.04728
G1 X54.563 Y-8.819 E34.07349
G1 X46.632 Y-.888 E34.61295
G1 X46.632 Y-.343 E34.63916
G1 X54.563 Y-8.274 E35.17862
G1 X54.563 Y-7.728 E35.20488
G1 X46.632 Y.202 E35.7443
G1 X46.632 Y.747 E35.77051
G1 X54.563 Y-7.183 E36.30993
G1 X54.563 Y-6.637 E36.33619
G1 X46.632 Y1.293 E36.87561
G1 X46.633 Y1.838 E36.90182
G1 X54.563 Y-6.092 E37.44121
G1 X54.563 Y-5.547 E37.46742
G1 X46.633 Y2.383 E38.00681
G1 X46.633 Y2.929 E38.03307
G1 X54.563 Y-5.001 E38.57246
G1 X54.563 Y-4.456 E38.59867
G1 X46.633 Y3.474 E39.13806
G1 X46.633 Y4.019 E39.16427
G1 X54.563 Y-3.911 E39.70366
G1 X54.563 Y-3.365 E39.72992
G1 X46.633 Y4.565 E40.26931
G1 X46.633 Y5.11 E40.29552
G1 X54.563 Y-2.82 E40.83491
G1 X54.563 Y-2.275 E40.86112
G1 X46.633 Y5.655 E41.40051
G1 X46.633 Y6.201 E41.42677
G1 X54.563 Y-1.729 E41.96616
G1 X54.563 Y-1.184 E41.99237
G1 X46.633 Y6.746 E42.53176
G1 X46.633 Y7.291 E42.55797
G1 X54.563 Y-.639 E43.09736
G1 X54.563 Y-.093 E43.12362
G1 X46.633 Y7.837 E43.66301
G1 X46.633 Y8.382 E43.68922
G1 X54.563 Y.452 E44.22861
G1 X54.563 Y.997 E44.25482
G1 X46.633 Y8.927 E44.79421
G1 X46.633 Y9.473 E44.82047
G1 X54.563 Y1.543 E45.35986
G1 X54.563 Y2.088 E45.38607
G1 X46.633 Y10.018 E45.92546
G1 X46.633 Y10.563 E45.95167
G1 X54.563 Y2.633 E46.49106
G1 X54.563 Y3.179 E46.51732
G1 X46.633 Y11.108 E47.05667
G1 X46.633 Y11.654 E47.08293
G1 X54.563 Y3.724 E47.62232
G1 X54.563 Y4.269 E47.64853
G1 X46.633 Y12.199 E48.18792
G1 X46.633 Y12.744 E48.21413
G1 X54.563 Y4.815 E48.75348
G1 X54.563 Y5.36 E48.77969
G1 X46.633 Y13.29 E49.31908
G1 X46.633 Y13.835 E49.34529
G1 X54.563 Y5.906 E49.88464
G1 X54.563 Y6.451 E49.91085
G1 X46.633 Y14.38 E50.4502
G1 X46.633 Y14.926 E50.47646
G1 X54.563 Y6.996 E51.01585
G1 X54.563 Y7.542 E51.04211
G1 X46.633 Y15.471 E51.58146
G1 X46.633 Y16.016 E51.60767
G1 X54.563 Y8.087 E52.14702
G1 X54.563 Y8.632 E52.17323
G1 X46.633 Y16.562 E52.71262
G1 X46.633 Y17.107 E52.73883
G1 X54.563 Y9.178 E53.27818
G1 X54.563 Y9.723 E53.30439
G1 X46.633 Y17.652 E53.84374
G1 X46.633 Y18.198 E53.87
G1 X54.563 Y10.268 E54.40939
G1 X54.563 Y10.814 E54.43565
G1 X46.633 Y18.743 E54.975
G1 X46.634 Y19.288 E55.00121
G1 X54.563 Y11.359 E55.54053
G1 X54.563 Y11.904 E55.56674
G1 X46.634 Y19.834 E56.10609
G1 X46.634 Y20.379 E56.1323
G1 X54.563 Y12.45 E56.67162
G1 X54.563 Y12.995 E56.69783
G1 X46.634 Y20.924 E57.23715
G1 X46.604 Y21.499 E57.26484
G1 X54.563 Y13.54 E57.8062
G1 X54.563 Y14.086 E57.83246
G1 X46.468 Y22.18 E58.38304
G1 X46.295 Y22.243 E58.3919
;WIDTH:0.404381
G1 X46.293 Y22.453 E58.40081
G1 E56.40081 F2400
G92 E0
G1 Z3.25 F7200
G1 X3.076 Y-4.778
G1 Z1.25
G1 E2 F2400
;WIDTH:0.45
G1 F1500
G1 X-1.488 Y-.214 E2.31044
G1 X-1.014 Y-.142 E2.3335
G1 X2.865 Y-4.021 E2.59734
G1 X3.053 Y-4.26 E2.61197
;WIDTH:0.404381
G1 X3.012 Y-4.249 E2.61377
G1 X2.993 Y-4.321 E2.61693
G1 X3.064 Y-4.301 E2.62006
G1 X2.822 Y-3.433 F7200
;WIDTH:0.45
G1 F1500
G1 X-.576 Y-.034 E2.85122
G1 X-.193 Y.128 E2.87122
G1 X2.871 Y-2.937 E3.07966
G1 X2.978 Y-2.498 E3.10139
G1 X.144 Y.336 E3.29416
G1 X.473 Y.552 E3.31309
G1 X3.124 Y-2.099 E3.49341
G1 X3.316 Y-1.746 E3.51274
G1 X.769 Y.802 E3.68602
G1 E1.68602 F2400
G92 E0
G1 Z3.25 F7200
G1 X3.412 Y-1.296
G1 Z1.25
G1 E2 F2400
G1 F1500
G1 X1.064 Y1.052 E2.15971
G1 X15.804 Y13.502 E3.0877
G1 X16.125 Y13.818 E3.10936
G1 X16.431 Y14.217 E3.13354
G1 X16.687 Y14.688 E3.15932
G1 X16.737 Y14.828 E3.16647
G1 X19.463 Y12.102 E3.35189
G1 X3.978 Y-.977 E4.32677
G1 X3.559 Y-1.406 E4.35561
G1 X3.537 Y-.876 E4.38112
G1 X3.729 Y-.683 E4.39421
G1 X18.893 Y12.126 E5.34892
G1 X16.847 Y14.172 E5.48809
G1 X16.737 Y13.983 E5.49861
G1 X16.431 Y13.583 E5.52283
G1 X16.05 Y13.206 E5.54861
G1 X1.634 Y1.028 E6.45625
G1 X3.401 Y-.74 E6.57647
G1 X3.543 Y-.336 E6.59707
G1 X18.324 Y12.15 E7.52768
G1 X16.906 Y13.569 E7.62416
G1 X16.737 Y13.349 E7.6375
G1 X16.299 Y12.911 E7.66729
G1 X2.203 Y1.004 E8.55476
G1 X3.406 Y-.199 E8.63659
G1 X3.565 Y.188 E8.65671
G1 X17.755 Y12.174 E9.55009
G1 X16.959 Y12.97 E9.60423
G1 X16.915 Y12.97 E9.60635
G1 X16.548 Y12.616 E9.63087
G1 X2.772 Y.98 E10.49818
G1 X3.428 Y.324 E10.5428
G1 X3.586 Y.697 E10.56228
;WIDTH:0.429839
G1 X3.714 Y.806 E10.56994
;WIDTH:0.430022
G1 X17.2 Y12.197 E11.375
;WIDTH:0.430132
G1 X16.934 Y12.463 E11.39216
G1 X16.79 Y12.329 E11.40113
;WIDTH:0.430022
G1 X3.327 Y.957 E12.20483
;WIDTH:0.429839
G1 X3.45 Y.834 E12.21276
G1 E10.21276 F2400
G92 E0
G1 Z3.25 F7200
G1 X16.87 Y15.24
G1 Z1.25
G1 E2 F2400
;WIDTH:0.45
G1 F1500
G1 X19.758 Y12.352 E2.19644
G1 X20.054 Y12.602 E2.21507
G1 X16.941 Y15.714 E2.42678
G1 X16.952 Y16.249 E2.45252
G1 X20.356 Y12.845 E2.68406
G1 X20.679 Y13.067 E2.70291
G1 X16.831 Y16.916 E2.96468
G1 X16.652 Y17 E2.97419
;WIDTH:0.404381
G1 X16.662 Y17.188 E2.98217
G1 X16.258 Y18.033 F7200
;WIDTH:0.45
G1 F1500
G1 X21.044 Y13.247 E3.30771
G1 X21.446 Y13.391 E3.32825
G1 X4.112 Y30.725 E4.50729
G1 X4.657 Y30.725 E4.5335
G1 X21.897 Y13.485 E5.70614
G1 X22.407 Y13.52 E5.73073
G1 X5.202 Y30.725 E6.90099
G1 X5.748 Y30.725 E6.92725
G1 X23.03 Y13.442 E8.10278
G1 X23.864 Y13.155 F7200
G1 F1500
G1 X6.293 Y30.725 E9.2979
G1 E7.2979 F2400
G92 E0
G1 Z3.25 F7200
G1 X24.136 Y12.934
G1 Z1.25
G1 E2 F2400
;WIDTH:0.404381
G1 F1500
G1 X24.496 Y12.628 E2.02004
G1 X24.886 Y12.225 E2.04382
G1 X25.05 Y12.025 E2.05479
;WIDTH:0.45
G1 X25.266 Y11.752 E2.07153
G1 X35.567 Y1.451 E2.77219
G1 X35.567 Y1.996 E2.7984
G1 X6.838 Y30.725 E4.75251
G1 X7.384 Y30.725 E4.77877
G1 X35.567 Y2.542 E6.69574
G1 X35.567 Y3.087 E6.72195
G1 X7.929 Y30.725 E8.60185
G1 X8.474 Y30.725 E8.62806
G1 X35.567 Y3.633 E10.47086
G1 X35.567 Y4.178 E10.49707
G1 X9.02 Y30.725 E12.30276
G1 X9.565 Y30.725 E12.32897
G1 X35.567 Y4.723 E14.09759
G1 X35.567 Y5.269 E14.12385
G1 X10.11 Y30.725 E15.85537
G1 X10.656 Y30.725 E15.88163
G1 X35.567 Y5.814 E17.57605
G1 X35.567 Y6.36 E17.60231
G1 X11.201 Y30.725 E19.25962
G1 X11.746 Y30.725 E19.28583
G1 X35.567 Y6.905 E20.90607
G1 X35.567 Y7.451 E20.93233
G1 X12.292 Y30.725 E22.51543
G1 X12.837 Y30.725 E22.54164
G1 X35.567 Y7.996 E24.08767
G1 X35.566 Y8.541 E24.11388
G1 X13.383 Y30.725 E25.62277
G1 X13.685 Y30.868 E25.63884
;WIDTH:0.404381
G1 X13.644 Y30.879 E25.64064
G1 X13.625 Y30.808 E25.64376
G1 X13.696 Y30.827 E25.64688
;WIDTH:0.45
G1 X13.928 Y30.725 E25.65907
G1 X35.566 Y9.087 E27.13086
G1 X35.566 Y9.632 E27.15707
G1 X26.762 Y18.436 E27.75591
G1 X26.531 Y18.578 E27.76895
;WIDTH:0.404381
G1 X26.46 Y18.559 E27.77207
G1 X26.479 Y18.63 E27.77519
G1 X26.52 Y18.619 E27.77699
G1 X27.378 Y18.366 F7200
;WIDTH:0.45
G1 F1500
G1 X35.566 Y10.178 E28.33393
G1 X35.566 Y10.723 E28.36014
G1 X27.876 Y18.413 E28.8832
G1 X28.301 Y18.534 E28.90445
G1 X35.566 Y11.268 E29.39864
G1 X35.566 Y11.814 E29.4249
G1 X28.655 Y18.724 E29.89494
G1 X28.994 Y18.931 E29.91404
G1 X35.566 Y12.359 E30.36106
G1 X35.566 Y12.905 E30.38732
G1 X29.271 Y19.2 E30.8155
G1 X29.513 Y19.503 E30.83415
G1 X35.566 Y13.45 E31.24587
G1 X35.566 Y13.996 E31.27213
G1 X29.725 Y19.836 E31.66939
G1 X29.874 Y20.233 E31.68978
G1 X35.566 Y14.541 E32.07694
G1 X35.566 Y15.086 E32.10315
G1 X29.979 Y20.673 E32.48317
G1 X29.976 Y21.221 E32.50953
G1 X35.566 Y15.632 E32.88972
G1 X35.565 Y16.177 E32.91593
G1 X29.827 Y21.915 E33.30622
G1 X29.658 Y21.965 E33.3147
;WIDTH:0.404381
G1 X29.647 Y22.188 E33.32417
G1 X29.075 Y22.852 E33.36134
G1 X28.495 Y23.323 E33.39302
G1 E31.39302 F2400
G92 E0
G1 Z3.25 F7200
G1 X24.97 Y20.152
G1 Z1.25
G1 E2 F2400
G1 F1500
G1 X24.898 Y20.133 E2.00316
G1 X24.917 Y20.204 E2.00628
G1 X24.959 Y20.193 E2.00812
;WIDTH:0.45
G1 X24.763 Y20.436 E2.02314
G1 X14.473 Y30.725 E2.72302
G1 X15.019 Y30.725 E2.74928
G1 X24.71 Y21.034 E3.40845
G1 X24.748 Y21.541 E3.4329
G1 X15.564 Y30.725 E4.05758
G1 X16.109 Y30.725 E4.08379
G1 X24.886 Y21.948 E4.68079
G1 X25.047 Y22.333 E4.70086
G1 X16.655 Y30.725 E5.27167
G1 X17.2 Y30.725 E5.29788
G1 X25.28 Y22.645 E5.84747
G1 X25.535 Y22.935 E5.86604
G1 X17.745 Y30.725 E6.39591
G1 X18.291 Y30.725 E6.42217
G1 X25.833 Y23.183 E6.93517
G1 X26.186 Y23.375 E6.9545
G1 X18.836 Y30.725 E7.45444
G1 X19.381 Y30.725 E7.48065
G1 X26.562 Y23.544 E7.96909
G1 X27.028 Y23.624 E7.99183
G1 X19.927 Y30.725 E8.47483
G1 X20.472 Y30.725 E8.50104
G1 X27.556 Y23.641 E8.98288
G1 X28.222 Y23.521 E9.01543
G1 X21.017 Y30.725 E9.50547
G1 X20.91 Y30.879 E9.51449
;WIDTH:0.404381
G1 X20.839 Y30.86 E9.51761
G1 X20.858 Y30.931 E9.52073
G1 X20.899 Y30.92 E9.52253
;WIDTH:0.45
G1 X21.32 Y30.868 E9.54293
;WIDTH:0.404381
G1 X21.279 Y30.879 E9.54473
G1 X21.26 Y30.808 E9.54785
G1 X21.331 Y30.827 E9.55097
;WIDTH:0.45
G1 X21.563 Y30.725 E9.56316
G1 X35.565 Y16.723 E10.51556
G1 X35.565 Y17.268 E10.54177
G1 X22.108 Y30.725 E11.4571
G1 X22.653 Y30.725 E11.48331
G1 X35.565 Y17.813 E12.36157
G1 X35.565 Y18.359 E12.38783
G1 X23.199 Y30.725 E13.22895
G1 X23.744 Y30.725 E13.25516
G1 X35.565 Y18.904 E14.05921
G1 X35.565 Y19.45 E14.08547
G1 X24.289 Y30.725 E14.85242
G1 X24.835 Y30.725 E14.87868
G1 X35.565 Y19.995 E15.60852
G1 X35.565 Y20.541 E15.63478
G1 X25.38 Y30.725 E16.32752
G1 X25.926 Y30.725 E16.35378
G1 X35.565 Y21.086 E17.00941
G1 X35.603 Y21.593 E17.03386
G1 X26.471 Y30.725 E17.65501
G1 X27.016 Y30.725 E17.68122
G1 X35.692 Y22.049 E18.27135
G1 X35.826 Y22.461 E18.29219
G1 X27.562 Y30.725 E18.8543
G1 X28.107 Y30.725 E18.88051
G1 X35.985 Y22.847 E19.41636
G1 X36.172 Y23.206 E19.43583
G1 X28.652 Y30.725 E19.9473
G1 X29.198 Y30.725 E19.97356
G1 X36.388 Y23.535 E20.46261
G1 X36.636 Y23.832 E20.48122
G1 X29.743 Y30.725 E20.95007
G1 X30.288 Y30.725 E20.97628
G1 X36.903 Y24.111 E21.42619
G1 X37.19 Y24.369 E21.44475
G1 X30.834 Y30.725 E21.87708
G1 X31.379 Y30.725 E21.90329
G1 X37.512 Y24.593 E22.32042
G1 X37.856 Y24.793 E22.33956
G1 X31.924 Y30.725 E22.74305
G1 X32.47 Y30.725 E22.76931
G1 X38.225 Y24.97 E23.16076
G1 X38.626 Y25.114 E23.18125
G1 X33.015 Y30.725 E23.5629
G1 X33.56 Y30.725 E23.58911
G1 X39.076 Y25.21 E23.96427
G1 X39.552 Y25.279 E23.9874
G1 X34.106 Y30.725 E24.35783
G1 X34.651 Y30.725 E24.38404
G1 X40.08 Y25.296 E24.75331
G1 X40.626 Y25.295 E24.77957
G1 X35.196 Y30.725 E25.14891
G1 X35.742 Y30.725 E25.17517
G1 X41.172 Y25.295 E25.54451
G1 X41.718 Y25.294 E25.57077
G1 X36.287 Y30.725 E25.94018
G1 X36.832 Y30.725 E25.96639
G1 X42.264 Y25.294 E26.33583
G1 X42.842 Y25.261 E26.36368
G1 X37.378 Y30.725 E26.73533
G1 X37.923 Y30.725 E26.76154
G1 X43.531 Y25.118 E27.14296
G1 X43.801 Y24.947 E27.15833
;WIDTH:0.404381
G1 X43.601 Y24.944 E27.16681
G1 X44.465 Y24.729 F7200
;WIDTH:0.45
G1 F1500
G1 X38.469 Y30.725 E27.57465
G1 E25.57465 F2400
G92 E0
G1 Z3.25 F7200
G1 X44.738 Y24.504
G1 Z1.25
G1 E2 F2400
;WIDTH:0.404381
G1 F1500
G1 X45.258 Y24.046 E2.02939
G1 X45.855 Y23.392 E2.06694
;WIDTH:0.45
G1 X46.074 Y23.12 E2.08374
G1 X54.563 Y14.631 E2.66115
G1 X54.706 Y14.934 E2.67726
;WIDTH:0.404381
G1 X54.665 Y14.945 E2.67906
G1 X54.646 Y14.874 E2.68218
G1 X54.717 Y14.893 E2.6853
;WIDTH:0.45
G1 X54.563 Y15.176 E2.7008
G1 X39.014 Y30.725 E3.75842
G1 X39.559 Y30.725 E3.78463
G1 X54.563 Y15.722 E4.80515
G1 X54.563 Y16.267 E4.83136
G1 X40.105 Y30.725 E5.81478
G1 X40.65 Y30.725 E5.84099
G1 X54.563 Y16.812 E6.78733
G1 X54.563 Y17.358 E6.81359
G1 X41.195 Y30.725 E7.72283
G1 X41.741 Y30.725 E7.74909
G1 X54.563 Y17.903 E8.62123
G1 X54.563 Y18.449 E8.64749
G1 X42.286 Y30.725 E9.48252
G1 X42.831 Y30.725 E9.50873
G1 X54.563 Y18.994 E10.30669
G1 X54.563 Y19.539 E10.3329
G1 X43.377 Y30.725 E11.09376
G1 X43.922 Y30.725 E11.11997
G1 X54.563 Y20.085 E11.84372
G1 X54.563 Y20.63 E11.86993
G1 X44.467 Y30.725 E12.55661
G1 X45.013 Y30.725 E12.58287
G1 X54.563 Y21.175 E13.23245
G1 X54.563 Y21.721 E13.25871
G1 X45.558 Y30.725 E13.87118
G1 X46.103 Y30.725 E13.89739
G1 X54.563 Y22.266 E14.47279
G1 X54.563 Y22.811 E14.499
G1 X46.649 Y30.725 E15.0373
G1 X47.194 Y30.725 E15.06351
G1 X54.563 Y23.357 E15.56471
G1 X54.563 Y23.902 E15.59092
G1 X47.739 Y30.725 E16.05505
G1 X48.285 Y30.725 E16.08131
G1 X54.563 Y24.447 E16.50833
G1 X54.563 Y24.993 E16.53459
G1 X48.83 Y30.725 E16.92451
G1 X49.375 Y30.725 E16.95072
G1 X54.563 Y25.538 E17.30357
G1 X54.563 Y26.083 E17.32978
G1 X49.921 Y30.725 E17.64552
G1 X50.466 Y30.725 E17.67173
G1 X54.563 Y26.629 E17.95037
G1 X54.563 Y27.174 E17.97658
G1 X51.012 Y30.725 E18.21811
G1 X51.557 Y30.725 E18.24432
G1 X54.563 Y27.719 E18.44878
G1 X54.563 Y28.265 E18.47504
G1 X52.102 Y30.725 E18.6424
G1 X52.541 Y30.879 E18.66478
;WIDTH:0.404381
G1 X52.469 Y30.86 E18.66794
G1 X52.489 Y30.931 E18.67107
G1 X52.53 Y30.92 E18.67287
;WIDTH:0.45
G1 X52.648 Y30.725 E18.68383
G1 X54.563 Y28.81 E18.81409
G1 X54.757 Y28.692 E18.82501
;WIDTH:0.404381
G1 X54.716 Y28.703 E18.82681
G1 X54.697 Y28.632 E18.82993
G1 X54.768 Y28.651 E18.83305
;WIDTH:0.45
G1 X54.563 Y29.355 E18.86832
G1 X54.563 Y30.725 E18.93421
G1 X53.193 Y30.725 E19.0001
G1 X54.426 Y29.492 E19.08397
G1 X54.212 Y30.311 F7200
;WIDTH:0.481157
G1 F1500
G1 X54.175 Y30.274 E19.08669
G1 X54.125 Y30.287 E19.08938
G1 X54.111 Y30.338 E19.09213
G1 X54.148 Y30.374 E19.09481
G1 X54.198 Y30.361 E19.0975
;LAYER_CHANGE
;Z:1.55
;HEIGHT:0.3
G1 E17.0975 F2400
G92 E0
G1 Z1.55 F7200
G1 Z3.55
G1 X3.548 Y-1.946
G1 Z1.55
G1 E2 F2400
;TYPE:Perimeter
;WIDTH:0.45
G1 F3600
G1 X3.466 Y-2.072 E2.00723
G1 X3.23 Y-2.643 E2.03695
G1 X3.118 Y-3.177 E2.06319
G1 X3.13 Y-3.872 E2.09662
G1 X3.26 Y-4.402 E2.12287
G1 X3.367 Y-4.72 E2.13901
G1 X3.639 Y-5.192 E2.16521
G1 X4.104 Y-5.729 E2.19938
G1 X20.418 Y-19.512 E3.22657
G1 X20.846 Y-19.813 E3.25174
G1 X21.346 Y-20.041 E3.27817
G1 X21.941 Y-20.172 E3.30747
G1 X22.273 Y-20.215 E3.32357
G1 X22.757 Y-20.188 E3.34688
G1 X23.231 Y-20.084 E3.37022
G1 X23.828 Y-19.821 E3.4016
G1 X24.355 Y-19.447 E3.43268
G1 X24.727 Y-19.047 E3.45895
G1 X25.001 Y-18.619 E3.48339
G1 X25.213 Y-18.103 E3.51022
G1 X25.317 Y-17.629 E3.53356
G1 X25.347 Y-17.223 E3.55314
G1 X25.347 Y10.245 E4.87426
G1 X25.301 Y10.767 E4.89946
G1 X25.061 Y11.502 E4.93665
G1 X24.782 Y11.991 E4.96373
G1 X24.415 Y12.415 E4.9907
G1 X24.017 Y12.734 E5.01523
G1 X23.559 Y12.984 E5.04033
G1 X23.081 Y13.147 E5.06462
G1 X22.602 Y13.227 E5.08798
G1 X22.116 Y13.228 E5.11135
G1 X21.637 Y13.151 E5.13468
G1 X21.177 Y12.998 E5.158
G1 X20.747 Y12.772 E5.18136
G1 X20.31 Y12.442 E5.2077
G1 X4.161 Y-1.201 E6.22449
G1 X3.773 Y-1.601 E6.25129
G1 X3.581 Y-1.896 E6.26822
G1 X3.881 Y-2.149 F7200
G1 F3600
G1 X3.796 Y-2.283 E6.27585
G1 X3.586 Y-2.791 E6.30229
G1 X3.491 Y-3.333 E6.32876
G1 X3.511 Y-3.808 E6.35163
G1 X3.658 Y-4.409 E6.38139
G1 X3.935 Y-4.945 E6.41041
G1 X4.376 Y-5.454 E6.4428
G1 X20.667 Y-19.217 E7.46853
G1 X21.052 Y-19.485 E7.49109
G1 X21.48 Y-19.677 E7.51365
G1 X22.122 Y-19.817 E7.54525
G1 X22.646 Y-19.816 E7.57045
G1 X23.098 Y-19.722 E7.59265
G1 X23.637 Y-19.486 E7.62095
G1 X24.113 Y-19.147 E7.64906
G1 X24.457 Y-18.762 E7.67389
G1 X24.76 Y-18.211 E7.70413
G1 X24.918 Y-17.69 E7.73032
G1 X24.961 Y-17.223 E7.75288
G1 X24.961 Y10.245 E9.074
G1 X24.905 Y10.756 E9.09872
G1 X24.695 Y11.379 E9.13034
G1 X24.439 Y11.81 E9.15445
G1 X24.025 Y12.239 E9.18312
G1 X23.492 Y12.59 E9.21381
G1 X23.007 Y12.769 E9.23867
G1 X22.591 Y12.842 E9.25898
G1 X22.168 Y12.846 E9.27933
G1 X21.75 Y12.782 E9.29967
G1 X21.347 Y12.652 E9.32004
G1 X20.971 Y12.458 E9.34039
G1 X20.559 Y12.147 E9.36522
G1 X4.41 Y-1.496 E10.38201
G1 X4.086 Y-1.826 E10.40425
G1 X3.913 Y-2.099 E10.41979
G1 X4.206 Y-2.348 F7200
;TYPE:External perimeter
G1 F1800
G1 X4.153 Y-2.43 E10.42449
G1 X3.942 Y-2.938 E10.45095
G1 X3.877 Y-3.33 E10.47006
G1 X3.886 Y-3.716 E10.48863
G1 X4.033 Y-4.318 E10.51843
G1 X4.233 Y-4.7 E10.53917
G1 X4.648 Y-5.178 E10.56962
G1 X20.916 Y-18.922 E11.59391
G1 X21.222 Y-19.139 E11.61195
G1 X21.562 Y-19.3 E11.63004
G1 X22.206 Y-19.44 E11.66174
G1 X22.611 Y-19.431 E11.68122
G1 X22.964 Y-19.36 E11.69854
G1 X23.447 Y-19.15 E11.72387
G1 X23.871 Y-18.846 E11.74896
G1 X24.132 Y-18.554 E11.7678
G1 X24.406 Y-18.059 E11.79501
G1 X24.549 Y-17.566 E11.8197
G1 X24.576 Y-17.223 E11.83625
G1 X24.576 Y10.245 E13.15737
G1 X24.539 Y10.633 E13.17612
G1 X24.33 Y11.256 E13.20773
G1 X24.054 Y11.667 E13.23154
G1 X23.614 Y12.074 E13.26037
G1 X23.273 Y12.268 E13.27924
G1 X22.934 Y12.39 E13.29657
G1 X22.58 Y12.456 E13.31389
G1 X22.219 Y12.464 E13.33126
G1 X21.862 Y12.414 E13.3486
G1 X21.518 Y12.306 E13.36594
G1 X21.195 Y12.144 E13.38332
G1 X20.4 Y11.508 E13.43229
G1 X4.659 Y-1.79 E14.42338
G1 X4.4 Y-2.05 E14.44103
G1 X4.239 Y-2.298 E14.45525
G1 X4.063 Y-2.657 F7200
G1 E12.45525 F2400
G92 E0
G1 Z3.55 F7200
G1 X-.546 Y-7.276
G1 Z1.55
G1 E2 F2400
;TYPE:Perimeter
G1 F3600
G1 X-.71 Y-7.209 E2.00852
G1 X-1.106 Y-7.097 E2.02831
G1 X-1.735 Y-7.048 E2.05865
G1 X-2.033 Y-7.071 E2.07303
G1 X-2.647 Y-7.217 E2.10338
G1 X-2.992 Y-7.372 E2.12157
G1 X-3.463 Y-7.657 E2.14805
G1 X-18.92 Y-20.701 E3.12082
G1 X-19.313 Y-21.105 E3.14793
G1 X-19.587 Y-21.507 E3.17133
G1 X-19.834 Y-22.081 E3.20138
G1 X-19.925 Y-22.417 E3.21812
G1 X-19.979 Y-22.9 E3.2415
G1 X-19.954 Y-23.386 E3.26491
G1 X-19.85 Y-23.861 E3.2883
G1 X-19.671 Y-24.314 E3.31173
G1 X-19.421 Y-24.731 E3.33511
G1 X-19.099 Y-25.109 E3.35899
G1 X-18.718 Y-25.43 E3.38295
G1 X-18.32 Y-25.67 E3.4053
G1 X-17.868 Y-25.85 E3.4287
G1 X-17.393 Y-25.956 E3.45211
G1 X-16.987 Y-25.986 E3.47169
G1 X13.683 Y-25.986 E4.94681
G1 X14.244 Y-25.93 E4.97393
G1 X14.713 Y-25.8 E4.99734
G1 X15.155 Y-25.596 E5.02075
G1 X15.557 Y-25.323 E5.04412
G1 X15.911 Y-24.989 E5.06753
G1 X16.21 Y-24.593 E5.0914
G1 X16.44 Y-24.151 E5.11536
G1 X16.588 Y-23.71 E5.13773
G1 X16.667 Y-23.23 E5.16113
G1 X16.665 Y-22.734 E5.18499
G1 X16.531 Y-22.084 E5.21691
G1 X16.284 Y-21.507 E5.2471
G1 X15.968 Y-21.052 E5.27374
G1 X15.617 Y-20.701 E5.29761
G1 X.281 Y-7.745 E6.2632
G1 X-.206 Y-7.417 E6.29144
G1 X-.491 Y-7.299 E6.30628
G1 X-.691 Y-7.634 F7200
G1 F3600
G1 X-.961 Y-7.523 E6.32032
G1 X-1.765 Y-7.432 E6.35924
G1 X-2.558 Y-7.592 E6.39815
G1 X-3.262 Y-7.987 E6.43698
G1 X-18.672 Y-20.996 E7.40694
G1 X-19 Y-21.331 E7.42949
G1 X-19.242 Y-21.679 E7.44988
G1 X-19.466 Y-22.194 E7.47689
G1 X-19.588 Y-22.797 E7.50648
G1 X-19.575 Y-23.314 E7.53135
G1 X-19.488 Y-23.729 E7.55174
G1 X-19.335 Y-24.124 E7.57211
G1 X-19.12 Y-24.49 E7.59253
G1 X-18.845 Y-24.82 E7.61319
G1 X-18.51 Y-25.105 E7.63434
G1 X-18.167 Y-25.316 E7.65371
G1 X-17.775 Y-25.476 E7.67407
G1 X-17.362 Y-25.571 E7.69445
G1 X-16.987 Y-25.6 E7.71254
G1 X13.683 Y-25.6 E9.18766
G1 X14.151 Y-25.556 E9.21027
G1 X14.56 Y-25.446 E9.23064
G1 X14.947 Y-25.272 E9.25105
G1 X15.3 Y-25.037 E9.27145
G1 X15.61 Y-24.748 E9.29183
G1 X15.872 Y-24.407 E9.31251
G1 X16.078 Y-24.019 E9.33364
G1 X16.209 Y-23.638 E9.35302
G1 X16.281 Y-23.22 E9.37342
G1 X16.283 Y-22.791 E9.39405
G1 X16.163 Y-22.198 E9.42315
G1 X15.939 Y-21.679 E9.45034
G1 X15.636 Y-21.26 E9.47521
G1 X15.368 Y-20.996 E9.4933
G1 X.032 Y-8.04 E10.45889
G1 X-.378 Y-7.762 E10.48272
G1 X-.636 Y-7.656 E10.49614
G1 X-.836 Y-7.991 F7200
;TYPE:External perimeter
G1 F1800
G1 X-1.108 Y-7.879 E10.51029
G1 X-1.795 Y-7.816 E10.54347
G1 X-2.469 Y-7.967 E10.57669
G1 X-3.062 Y-8.317 E10.60981
G1 X-18.423 Y-21.29 E11.57685
G1 X-18.688 Y-21.557 E11.59494
G1 X-18.897 Y-21.851 E11.61229
G1 X-19.097 Y-22.308 E11.63628
G1 X-19.206 Y-22.849 E11.66282
G1 X-19.196 Y-23.242 E11.68173
G1 X-19.126 Y-23.596 E11.69909
G1 X-18.999 Y-23.935 E11.7165
G1 X-18.819 Y-24.249 E11.73391
G1 X-18.59 Y-24.53 E11.75134
G1 X-18.302 Y-24.78 E11.76968
G1 X-18.015 Y-24.961 E11.786
G1 X-17.682 Y-25.102 E11.80339
G1 X-17.331 Y-25.187 E11.82076
G1 X-16.987 Y-25.214 E11.83736
G1 X13.683 Y-25.214 E13.31248
G1 X14.058 Y-25.182 E13.33058
G1 X14.408 Y-25.092 E13.34796
G1 X14.739 Y-24.947 E13.36534
G1 X15.042 Y-24.75 E13.38272
G1 X15.309 Y-24.506 E13.40012
G1 X15.534 Y-24.221 E13.41758
G1 X15.716 Y-23.886 E13.43592
G1 X15.83 Y-23.566 E13.45226
G1 X15.896 Y-23.211 E13.46963
G1 X15.902 Y-22.847 E13.48714
G1 X15.795 Y-22.312 E13.51338
G1 X15.594 Y-21.851 E13.53757
G1 X15.364 Y-21.533 E13.55645
G1 X15.119 Y-21.29 E13.57305
G1 X-.217 Y-8.334 E14.53864
G1 X-.524 Y-8.119 E14.55667
G1 X-.78 Y-8.014 E14.56998
G1 X-1.16 Y-7.888 F7200
G1 E12.56998 F2400
G92 E0
G1 Z3.55 F7200
G1 X-29.134 Y-26.178
G1 Z1.55
G1 E2 F2400
;TYPE:Perimeter
G1 F1200
G1 X-29.613 Y-25.876 E2.02723
G1 X-29.943 Y-25.73 E2.04459
G1 X-30.467 Y-25.636 E2.07019
G1 X-30.819 Y-25.633 E2.08712
G1 X-31.39 Y-25.738 E2.11504
G1 X-32.038 Y-26.076 E2.15019
G1 X-32.295 Y-26.292 E2.16634
G1 X-32.624 Y-26.684 E2.19095
G1 X-32.777 Y-26.956 E2.20596
G1 X-32.944 Y-27.415 E2.22945
G1 X-33.002 Y-27.745 E2.24557
G1 X-32.989 Y-28.389 E2.27655
G1 X-32.777 Y-29.023 E2.3087
G1 X-32.609 Y-29.313 E2.32482
G1 X-32.295 Y-29.687 E2.34831
G1 X-32.038 Y-29.902 E2.36443
G1 X-31.615 Y-30.147 E2.38794
G1 X-31.314 Y-30.259 E2.40339
G1 X-30.719 Y-30.355 E2.43238
G1 X-30.159 Y-30.307 E2.45941
G1 X-29.689 Y-30.147 E2.48329
G1 X-29.265 Y-29.902 E2.50684
G1 X-29.009 Y-29.687 E2.52292
G1 X-28.695 Y-29.313 E2.54641
G1 X-28.527 Y-29.023 E2.56253
G1 X-28.314 Y-28.389 E2.5947
G1 X-28.302 Y-27.745 E2.62568
G1 X-28.36 Y-27.415 E2.6418
G1 X-28.548 Y-26.903 E2.66803
G1 X-28.695 Y-26.666 E2.68144
G1 X-29.085 Y-26.212 E2.71023
G1 X-29.384 Y-26.478 F7200
G1 F1200
G1 X-29.52 Y-26.375 E2.71844
G1 X-29.976 Y-26.122 E2.74352
G1 X-30.534 Y-26.015 E2.77085
G1 X-30.752 Y-26.012 E2.78134
G1 X-31.287 Y-26.109 E2.80749
G1 X-31.846 Y-26.41 E2.83803
G1 X-32 Y-26.539 E2.84769
G1 X-32.323 Y-26.925 E2.8719
G1 X-32.581 Y-27.547 E2.90429
G1 X-32.616 Y-27.889 E2.92082
G1 X-32.609 Y-28.327 E2.94189
G1 X-32.414 Y-28.891 E2.97059
G1 X-32 Y-29.439 E3.00362
G1 X-31.422 Y-29.813 E3.03673
G1 X-30.828 Y-29.959 E3.06615
G1 X-30.258 Y-29.934 E3.09359
G1 X-29.881 Y-29.813 E3.11263
G1 X-29.304 Y-29.439 E3.1457
G1 X-28.89 Y-28.891 E3.17873
G1 X-28.695 Y-28.327 E3.20743
G1 X-28.687 Y-27.745 E3.23542
G1 X-28.753 Y-27.462 E3.2494
G1 X-28.936 Y-26.99 E3.27375
G1 X-29.304 Y-26.539 E3.30175
G1 X-29.336 Y-26.515 E3.30367
G1 X-29.629 Y-26.77 F7200
;TYPE:External perimeter
G1 F1200
G1 X-30.074 Y-26.5 E3.3287
G1 X-30.601 Y-26.395 E3.35455
G1 X-31.167 Y-26.477 E3.38206
G1 X-31.653 Y-26.744 E3.40873
G1 X-32.018 Y-27.162 E3.43542
G1 X-32.219 Y-27.679 E3.4621
G1 X-32.231 Y-28.234 E3.4888
G1 X-32.052 Y-28.759 E3.51548
G1 X-31.704 Y-29.191 E3.54216
G1 X-31.23 Y-29.479 E3.56884
G1 X-30.719 Y-29.584 E3.59393
G1 X-30.358 Y-29.562 E3.61133
G1 X-30.074 Y-29.479 E3.62556
G1 X-29.6 Y-29.191 E3.65224
G1 X-29.252 Y-28.759 E3.67892
G1 X-29.076 Y-28.265 E3.70414
G1 X-29.073 Y-27.745 E3.72915
G1 X-29.252 Y-27.22 E3.75583
G1 X-29.583 Y-26.807 E3.78129
G1 X-29.922 Y-26.594 F7200
G1 E1.78129 F2400
G92 E0
G1 Z3.55 F7200
G1 X-40.222 Y-25.156
G1 Z1.55
G1 E2 F2400
;TYPE:Perimeter
G1 F3600
G1 X-40.17 Y-25.12 E2.00304
G1 X-39.783 Y-24.769 E2.02817
G1 X-39.421 Y-24.334 E2.05539
G1 X-39.107 Y-23.814 E2.08461
G1 X-38.824 Y-23.122 E2.12057
G1 X-38.7 Y-22.573 E2.14764
G1 X-38.656 Y-22.028 E2.17394
G1 X-38.656 Y21.012 E4.24401
G1 X-38.69 Y21.533 E4.26912
G1 X-38.81 Y22.105 E4.29723
G1 X-38.986 Y22.597 E4.32236
G1 X-39.224 Y23.062 E4.34748
G1 X-39.521 Y23.492 E4.37262
G1 X-39.872 Y23.88 E4.39778
G1 X-40.27 Y24.218 E4.42289
G1 X-40.709 Y24.501 E4.44801
G1 X-41.182 Y24.725 E4.47318
G1 X-41.679 Y24.885 E4.49829
G1 X-42.193 Y24.979 E4.52342
G1 X-42.651 Y25.007 E4.54549
G1 X-50.653 Y25.007 E4.93036
G1 X-51.236 Y24.963 E4.95848
G1 X-51.747 Y24.853 E4.98362
G1 X-52.239 Y24.677 E5.00875
G1 X-52.704 Y24.438 E5.0339
G1 X-53.133 Y24.141 E5.059
G1 X-53.521 Y23.79 E5.08416
G1 X-53.859 Y23.392 E5.10927
G1 X-54.161 Y22.913 E5.1365
G1 X-54.404 Y22.358 E5.16564
G1 X-54.595 Y21.634 E5.20165
G1 X-54.648 Y21.052 E5.22976
G1 X-54.648 Y-21.99 E7.29993
G1 X-54.604 Y-22.573 E7.32805
G1 X-54.494 Y-23.084 E7.35319
G1 X-54.298 Y-23.615 E7.38041
G1 X-54.005 Y-24.146 E7.40958
G1 X-53.547 Y-24.738 E7.44558
G1 X-52.924 Y-25.265 E7.48483
G1 X-52.274 Y-25.637 E7.52085
G1 X-51.747 Y-25.831 E7.54786
G1 X-51.236 Y-25.941 E7.573
G1 X-50.691 Y-25.986 E7.5993
G1 X-42.651 Y-25.986 E7.986
G1 X-42.068 Y-25.941 E8.01412
G1 X-41.557 Y-25.831 E8.03926
G1 X-41.065 Y-25.655 E8.06439
G1 X-40.6 Y-25.417 E8.08951
G1 X-40.272 Y-25.19 E8.1087
G1 X-40.456 Y-24.851 F7200
G1 F3600
G1 X-40.425 Y-24.83 E8.1105
G1 X-40.073 Y-24.515 E8.13322
G1 X-39.743 Y-24.12 E8.15798
G1 X-39.437 Y-23.615 E8.18638
G1 X-39.183 Y-22.983 E8.21914
G1 X-39.072 Y-22.46 E8.24485
G1 X-39.041 Y-21.767 E8.27821
G1 X-39.041 Y21.012 E10.33573
G1 X-39.078 Y21.519 E10.36018
G1 X-39.177 Y21.986 E10.38314
G1 X-39.332 Y22.427 E10.40562
G1 X-39.562 Y22.873 E10.42976
G1 X-39.811 Y23.238 E10.45101
G1 X-40.126 Y23.59 E10.47373
G1 X-40.485 Y23.897 E10.49645
G1 X-40.88 Y24.156 E10.51917
G1 X-41.306 Y24.36 E10.54189
G1 X-41.754 Y24.507 E10.56457
G1 X-42.218 Y24.594 E10.58728
G1 X-42.651 Y24.621 E10.60815
G1 X-50.653 Y24.621 E10.99302
G1 X-51.16 Y24.584 E11.01747
G1 X-51.623 Y24.487 E11.04022
G1 X-52.068 Y24.331 E11.0629
G1 X-52.489 Y24.118 E11.08559
G1 X-52.879 Y23.851 E11.10832
G1 X-53.231 Y23.536 E11.13104
G1 X-53.655 Y23.003 E11.1638
G1 X-53.808 Y22.759 E11.17765
G1 X-54.051 Y22.203 E11.20683
G1 X-54.22 Y21.543 E11.2396
G1 X-54.262 Y21.012 E11.26522
G1 X-54.262 Y-21.99 E13.33347
G1 X-54.225 Y-22.498 E13.35797
G1 X-54.129 Y-22.96 E13.38067
G1 X-53.96 Y-23.429 E13.40465
G1 X-53.667 Y-23.96 E13.43382
G1 X-53.246 Y-24.496 E13.4666
G1 X-52.683 Y-24.964 E13.50181
G1 X-52.089 Y-25.298 E13.53459
G1 X-51.55 Y-25.486 E13.56205
G1 X-51.085 Y-25.573 E13.5848
G1 X-50.653 Y-25.6 E13.60562
G1 X-42.651 Y-25.6 E13.99049
G1 X-42.143 Y-25.563 E14.01499
G1 X-41.681 Y-25.466 E14.0377
G1 X-41.236 Y-25.31 E14.06038
G1 X-40.814 Y-25.096 E14.08314
G1 X-40.505 Y-24.885 E14.10114
G1 X-40.689 Y-24.547 F7200
;TYPE:External perimeter
G1 F1800
G1 X-40.679 Y-24.54 E14.10173
G1 X-40.363 Y-24.261 E14.122
G1 X-40.073 Y-23.921 E14.14349
G1 X-39.767 Y-23.416 E14.17189
G1 X-39.543 Y-22.844 E14.20144
G1 X-39.453 Y-22.398 E14.22332
G1 X-39.427 Y-21.767 E14.25369
G1 X-39.427 Y21.012 E16.31121
G1 X-39.456 Y21.444 E16.33203
G1 X-39.542 Y21.862 E16.35256
G1 X-39.677 Y22.256 E16.37259
G1 X-39.882 Y22.659 E16.39434
G1 X-40.101 Y22.984 E16.41319
G1 X-40.381 Y23.3 E16.4335
G1 X-40.699 Y23.577 E16.45378
G1 X-41.05 Y23.81 E16.47404
G1 X-41.429 Y23.995 E16.49432
G1 X-41.829 Y24.129 E16.51461
G1 X-42.243 Y24.209 E16.53489
G1 X-42.651 Y24.236 E16.55456
G1 X-50.653 Y24.236 E16.93943
G1 X-51.085 Y24.206 E16.96026
G1 X-51.499 Y24.122 E16.98058
G1 X-51.898 Y23.985 E17.00087
G1 X-52.275 Y23.797 E17.02113
G1 X-52.625 Y23.561 E17.04143
G1 X-52.941 Y23.282 E17.0617
G1 X-53.335 Y22.789 E17.09205
G1 X-53.454 Y22.604 E17.10263
G1 X-53.698 Y22.048 E17.13183
G1 X-53.846 Y21.452 E17.16137
G1 X-53.877 Y21.012 E17.18258
G1 X-53.877 Y-21.99 E19.25083
G1 X-53.847 Y-22.423 E19.27171
G1 X-53.763 Y-22.836 E19.29198
G1 X-53.622 Y-23.243 E19.3127
G1 X-53.329 Y-23.774 E19.34187
G1 X-52.946 Y-24.254 E19.3714
G1 X-52.442 Y-24.663 E19.40262
G1 X-51.905 Y-24.96 E19.43213
G1 X-51.474 Y-25.107 E19.45403
G1 X-51.06 Y-25.188 E19.47432
G1 X-50.653 Y-25.214 E19.49394
G1 X-42.651 Y-25.214 E19.87881
G1 X-42.218 Y-25.185 E19.89968
G1 X-41.805 Y-25.101 E19.91995
G1 X-41.406 Y-24.964 E19.94024
G1 X-41.029 Y-24.776 E19.9605
G1 X-40.739 Y-24.581 E19.97731
G1 X-40.434 Y-24.322 F7200
G1 E17.97731 F2400
G92 E0
G1 Z3.55 F7200
G1 X-6.642 Y-2.339
G1 Z1.55
G1 E2 F2400
;TYPE:Perimeter
G1 F3600
G1 X-6.666 Y-2.267 E2.00365
G1 X-6.893 Y-1.852 E2.0264
G1 X-7.182 Y-1.478 E2.04913
G1 X-7.465 Y-1.201 E2.06818
G1 X-23.719 Y12.531 E3.09159
G1 X-24.149 Y12.833 E3.11686
G1 X-24.623 Y13.053 E3.14199
G1 X-25.091 Y13.182 E3.16534
G1 X-25.574 Y13.234 E3.1887
G1 X-26.058 Y13.208 E3.21201
G1 X-26.532 Y13.103 E3.23536
G1 X-26.983 Y12.923 E3.25872
G1 X-27.399 Y12.673 E3.28206
G1 X-27.769 Y12.358 E3.30543
G1 X-28.115 Y11.935 E3.33171
G1 X-28.43 Y11.34 E3.36409
G1 X-28.593 Y10.802 E3.39113
G1 X-28.648 Y10.242 E3.41819
G1 X-28.648 Y-17.221 E4.73906
G1 X-28.529 Y-18.024 E4.7781
G1 X-28.334 Y-18.551 E4.80513
G1 X-28.062 Y-18.999 E4.83034
G1 X-27.717 Y-19.39 E4.85542
G1 X-27.324 Y-19.706 E4.87967
G1 X-26.86 Y-19.96 E4.90511
G1 X-26.304 Y-20.135 E4.93314
G1 X-25.651 Y-20.207 E4.96474
G1 X-25.091 Y-20.161 E4.99176
G1 X-24.59 Y-20.021 E5.01678
G1 X-24.084 Y-19.772 E5.0439
G1 X-23.613 Y-19.42 E5.07218
G1 X-7.465 Y-5.777 E6.08893
G1 X-7.077 Y-5.378 E6.1157
G1 X-6.77 Y-4.907 E6.14274
G1 X-6.533 Y-4.335 E6.17252
G1 X-6.422 Y-3.801 E6.19875
G1 X-6.413 Y-3.298 E6.22295
G1 X-6.563 Y-2.576 E6.25842
G1 X-6.623 Y-2.396 E6.26755
G1 X-7.002 Y-2.489 F7200
G1 F3600
G1 X-7.204 Y-2.08 E6.28949
G1 X-7.453 Y-1.752 E6.3093
G1 X-7.714 Y-1.496 E6.32688
G1 X-23.968 Y12.236 E7.35029
G1 X-24.353 Y12.504 E7.37285
G1 X-24.735 Y12.684 E7.39316
G1 X-25.142 Y12.8 E7.41351
G1 X-25.562 Y12.849 E7.43385
G1 X-25.985 Y12.829 E7.45422
G1 X-26.399 Y12.741 E7.47458
G1 X-26.793 Y12.588 E7.49491
G1 X-27.157 Y12.372 E7.51527
G1 X-27.482 Y12.101 E7.53562
G1 X-27.782 Y11.74 E7.5582
G1 X-28.089 Y11.16 E7.58976
G1 X-28.227 Y10.669 E7.61429
G1 X-28.262 Y10.242 E7.6349
G1 X-28.262 Y-17.221 E8.95577
G1 X-28.149 Y-17.961 E8.99177
G1 X-27.96 Y-18.439 E9.01649
G1 X-27.702 Y-18.834 E9.03918
G1 X-27.414 Y-19.144 E9.05953
G1 X-26.94 Y-19.483 E9.08756
G1 X-26.399 Y-19.72 E9.11597
G1 X-25.705 Y-19.814 E9.14965
G1 X-25.469 Y-19.822 E9.16101
G1 X-25.051 Y-19.759 E9.18134
G1 X-24.648 Y-19.628 E9.20172
G1 X-24.272 Y-19.434 E9.22207
G1 X-23.862 Y-19.125 E9.24676
G1 X-7.714 Y-5.483 E10.26348
G1 X-7.39 Y-5.153 E10.28572
G1 X-7.1 Y-4.696 E10.31175
G1 X-6.89 Y-4.188 E10.33819
G1 X-6.795 Y-3.645 E10.3647
G1 X-6.815 Y-3.171 E10.38752
G1 X-6.962 Y-2.57 E10.41728
G1 X-6.975 Y-2.543 E10.41872
G1 X-7.35 Y-2.634 F7200
;TYPE:External perimeter
G1 F1800
G1 X-7.515 Y-2.308 E10.43629
G1 X-7.724 Y-2.026 E10.45317
G1 X-7.963 Y-1.79 E10.46932
G1 X-24.217 Y11.942 E11.49273
G1 X-24.523 Y12.158 E11.51074
G1 X-24.848 Y12.315 E11.5281
G1 X-25.193 Y12.418 E11.54542
G1 X-25.551 Y12.463 E11.56277
G1 X-25.912 Y12.45 E11.58014
G1 X-26.265 Y12.379 E11.59746
G1 X-26.603 Y12.252 E11.61483
G1 X-26.915 Y12.072 E11.63215
G1 X-27.194 Y11.844 E11.64948
G1 X-27.441 Y11.56 E11.66758
G1 X-27.748 Y10.979 E11.69919
G1 X-27.85 Y10.585 E11.71876
G1 X-27.877 Y10.242 E11.73531
G1 X-27.877 Y-17.221 E13.05618
G1 X-27.768 Y-17.899 E13.08921
G1 X-27.581 Y-18.32 E13.11137
G1 X-27.414 Y-18.577 E13.12611
G1 X-27.172 Y-18.844 E13.14344
G1 X-26.75 Y-19.147 E13.16843
G1 X-26.265 Y-19.358 E13.19387
G1 X-25.663 Y-19.43 E13.22303
G1 X-25.163 Y-19.39 E13.24716
G1 X-24.819 Y-19.282 E13.2645
G1 X-24.496 Y-19.121 E13.28186
G1 X-23.703 Y-18.486 E13.33072
G1 X-7.963 Y-5.188 E14.32177
G1 X-7.703 Y-4.928 E14.33945
G1 X-7.456 Y-4.549 E14.36121
G1 X-7.246 Y-4.04 E14.38769
G1 X-7.182 Y-3.536 E14.41213
G1 X-7.19 Y-3.262 E14.42531
G1 X-7.329 Y-2.69 E14.45362
G1 X-7.509 Y-2.333 F7200
G1 E12.45362 F2400
G92 E0
G1 Z3.55 F7200
G1 X-19.751 Y14.905
G1 Z1.55
G1 E2 F2400
;TYPE:Perimeter
G1 F3600
G1 X-19.589 Y14.53 E2.01965
G1 X-19.273 Y14.075 E2.04629
G1 X-18.922 Y13.724 E2.07016
G1 X-3.585 Y.767 E3.03582
G1 X-3.098 Y.438 E3.06409
G1 X-2.594 Y.23 E3.09031
G1 X-2.198 Y.118 E3.1101
G1 X-1.569 Y.069 E3.14044
G1 X-1.27 Y.092 E3.15486
G1 X-.656 Y.238 E3.18521
G1 X-.311 Y.394 E3.20342
G1 X.159 Y.679 E3.22986
G1 X15.617 Y13.723 E4.20267
G1 X16.155 Y14.334 E4.24183
G1 X16.432 Y14.825 E4.26894
G1 X16.595 Y15.31 E4.29355
G1 X16.676 Y15.874 E4.32095
G1 X16.65 Y16.408 E4.34666
G1 X16.547 Y16.883 E4.37004
G1 X16.368 Y17.336 E4.39347
G1 X16.118 Y17.753 E4.41685
G1 X15.804 Y18.125 E4.44026
G1 X15.434 Y18.44 E4.46363
G1 X15.017 Y18.692 E4.48706
G1 X14.565 Y18.872 E4.51046
G1 X14.09 Y18.978 E4.53387
G1 X13.684 Y19.007 E4.55345
G1 X-16.989 Y19.009 E6.02871
G1 X-17.794 Y18.889 E6.06786
G1 X-18.322 Y18.693 E6.09495
G1 X-18.753 Y18.432 E6.11918
G1 X-19.16 Y18.076 E6.14519
G1 X-19.474 Y17.685 E6.16931
G1 X-19.703 Y17.279 E6.19173
G1 X-19.879 Y16.798 E6.21636
G1 X-19.971 Y16.287 E6.24133
G1 X-19.97 Y15.757 E6.26682
G1 X-19.835 Y15.101 E6.29903
G1 X-19.774 Y14.96 E6.30642
G1 X-19.394 Y15.048 F7200
G1 F3600
G1 X-19.244 Y14.702 E6.32456
G1 X-18.941 Y14.283 E6.34943
G1 X-18.674 Y14.019 E6.36749
G1 X-3.336 Y1.061 E7.33322
G1 X-2.926 Y.784 E7.35702
G1 X-2.342 Y.544 E7.38739
G1 X-1.539 Y.453 E7.42626
G1 X-.746 Y.614 E7.46518
G1 X-.041 Y1.009 E7.50405
G1 X15.369 Y14.018 E8.47401
G1 X15.862 Y14.584 E8.51011
G1 X16.122 Y15.084 E8.53722
G1 X16.24 Y15.491 E8.5576
G1 X16.29 Y15.912 E8.57799
G1 X16.272 Y16.336 E8.5984
G1 X16.185 Y16.751 E8.61879
G1 X16.032 Y17.146 E8.63916
G1 X15.817 Y17.512 E8.65958
G1 X15.546 Y17.838 E8.67997
G1 X15.226 Y18.115 E8.70033
G1 X14.864 Y18.337 E8.72075
G1 X14.472 Y18.498 E8.74113
G1 X14.059 Y18.593 E8.76151
G1 X13.684 Y18.622 E8.7796
G1 X-16.989 Y18.623 E10.25486
G1 X-17.731 Y18.509 E10.29097
G1 X-18.212 Y18.318 E10.31586
G1 X-18.605 Y18.06 E10.33847
G1 X-18.916 Y17.771 E10.35889
G1 X-19.175 Y17.435 E10.37929
G1 X-19.355 Y17.113 E10.39703
G1 X-19.515 Y16.661 E10.42009
G1 X-19.587 Y16.244 E10.44044
G1 X-19.589 Y15.814 E10.46112
G1 X-19.467 Y15.215 E10.49052
G1 X-19.418 Y15.103 E10.4964
G1 X-19.037 Y15.191 F7200
;TYPE:External perimeter
G1 F1800
G1 X-18.883 Y14.848 E10.51448
G1 X-18.669 Y14.556 E10.53189
G1 X-18.425 Y14.314 E10.54842
G1 X-3.087 Y1.356 E11.51415
G1 X-2.78 Y1.141 E11.53218
G1 X-2.196 Y.901 E11.56255
G1 X-1.509 Y.838 E11.59573
G1 X-.835 Y.989 E11.62895
G1 X-.241 Y1.338 E11.66209
G1 X15.12 Y14.313 E12.62919
G1 X15.568 Y14.834 E12.66224
G1 X15.795 Y15.333 E12.68861
G1 X15.903 Y15.871 E12.715
G1 X15.893 Y16.264 E12.73391
G1 X15.823 Y16.618 E12.75127
G1 X15.696 Y16.957 E12.76868
G1 X15.516 Y17.271 E12.78609
G1 X15.288 Y17.551 E12.80346
G1 X15.018 Y17.791 E12.82083
G1 X14.712 Y17.983 E12.8382
G1 X14.379 Y18.124 E12.85559
G1 X14.028 Y18.209 E12.87296
G1 X13.684 Y18.236 E12.88956
G1 X-16.989 Y18.237 E14.36482
G1 X-17.669 Y18.128 E14.39794
G1 X-18.102 Y17.933 E14.42078
G1 X-18.348 Y17.773 E14.43489
G1 X-18.615 Y17.529 E14.45229
G1 X-18.839 Y17.246 E14.46965
G1 X-19.007 Y16.947 E14.48615
G1 X-19.136 Y16.589 E14.50445
G1 X-19.201 Y16.234 E14.52181
G1 X-19.208 Y15.87 E14.53932
G1 X-19.098 Y15.329 E14.56587
G1 X-19.061 Y15.246 E14.57024
G1 X-18.894 Y14.882 F7200
G1 E12.57024 F2400
G92 E0
G1 Z3.55 F7200
G1 X-32.996 Y21.011
G1 Z1.55
G1 E2 F2400
;TYPE:Perimeter
G1 F1200
G1 X-32.987 Y20.598 E2.01987
G1 X-32.777 Y19.977 E2.0514
G1 X-32.609 Y19.687 E2.06752
G1 X-32.171 Y19.19 E2.09938
G1 X-31.615 Y18.853 E2.13065
G1 X-31.314 Y18.741 E2.1461
G1 X-30.757 Y18.646 E2.17328
G1 X-30.217 Y18.68 E2.1993
G1 X-29.689 Y18.853 E2.22602
G1 X-29.205 Y19.136 E2.25299
G1 X-28.908 Y19.433 E2.27319
G1 X-28.576 Y19.865 E2.29939
G1 X-28.391 Y20.352 E2.32445
G1 X-28.304 Y20.698 E2.34161
G1 X-28.302 Y21.206 E2.36604
G1 X-28.36 Y21.585 E2.38448
G1 X-28.568 Y22.14 E2.41299
G1 X-29.009 Y22.708 E2.44758
G1 X-29.265 Y22.924 E2.46369
G1 X-29.838 Y23.238 E2.49512
G1 X-30.484 Y23.367 E2.5268
G1 X-30.819 Y23.367 E2.54291
G1 X-31.465 Y23.238 E2.57459
G1 X-32.038 Y22.924 E2.60602
G1 X-32.314 Y22.685 E2.62358
G1 X-32.681 Y22.237 E2.65143
G1 X-32.948 Y21.574 E2.68581
G1 X-33.002 Y21.255 E2.70137
G1 X-32.998 Y21.071 E2.71022
G1 X-32.61 Y21.011 F7200
G1 F1200
G1 X-32.616 Y20.766 E2.72201
G1 X-32.581 Y20.568 E2.73168
G1 X-32.37 Y20.016 E2.7601
G1 X-32 Y19.561 E2.78831
G1 X-31.846 Y19.432 E2.79797
G1 X-31.328 Y19.144 E2.82648
G1 X-30.828 Y19.041 E2.85103
G1 X-30.294 Y19.058 E2.87673
G1 X-29.881 Y19.187 E2.89754
G1 X-29.422 Y19.454 E2.92308
G1 X-28.991 Y19.933 E2.95407
G1 X-28.866 Y20.174 E2.96713
G1 X-28.699 Y20.65 E2.99139
G1 X-28.687 Y21.206 E3.01814
G1 X-28.722 Y21.453 E3.03014
G1 X-28.914 Y21.97 E3.05667
G1 X-29.304 Y22.461 E3.08683
G1 X-29.458 Y22.59 E3.09649
G1 X-29.971 Y22.876 E3.12474
G1 X-30.551 Y22.988 E3.15315
G1 X-30.752 Y22.988 E3.16282
G1 X-31.332 Y22.876 E3.19123
G1 X-31.846 Y22.59 E3.21952
G1 X-32.019 Y22.437 E3.23063
G1 X-32.357 Y22.028 E3.25615
G1 X-32.6 Y21.39 E3.28899
G1 X-32.608 Y21.071 E3.30434
G1 X-32.228 Y21.011 F7200
;TYPE:External perimeter
G1 F1200
G1 X-32.231 Y20.766 E3.31612
G1 X-32.052 Y20.241 E3.3428
G1 X-31.704 Y19.809 E3.36948
G1 X-31.23 Y19.521 E3.39616
G1 X-30.727 Y19.417 E3.42086
G1 X-30.358 Y19.438 E3.43864
G1 X-29.998 Y19.565 E3.457
G1 X-29.6 Y19.809 E3.47945
G1 X-29.275 Y20.196 E3.50376
G1 X-29.085 Y20.7 E3.52967
G1 X-29.073 Y21.206 E3.55401
G1 X-29.221 Y21.695 E3.57858
G1 X-29.285 Y21.838 E3.58612
G1 X-29.622 Y22.236 E3.6112
G1 X-30.074 Y22.5 E3.63638
G1 X-30.618 Y22.608 E3.66306
G1 X-31.167 Y22.523 E3.68978
G1 X-31.653 Y22.256 E3.71645
G1 X-32.018 Y21.838 E3.74314
G1 X-32.225 Y21.3 E3.77087
G1 X-32.228 Y21.071 E3.78189
G1 X-32.186 Y20.673 F7200
G1 E1.78189 F2400
G92 E0
G1 Z3.55 F7200
G1 X25.303 Y19.83
G1 Z1.55
G1 E2 F2400
;TYPE:Perimeter
G1 F1200
G1 X25.341 Y19.752 E2.00417
G1 X25.705 Y19.313 E2.0316
G1 X26.012 Y19.069 E2.05046
G1 X26.508 Y18.794 E2.07774
G1 X27.1 Y18.662 E2.10691
G1 X27.639 Y18.662 E2.13283
G1 X27.922 Y18.719 E2.14671
G1 X28.478 Y18.927 E2.17526
G1 X29.046 Y19.368 E2.20985
G1 X29.261 Y19.624 E2.22593
G1 X29.602 Y20.279 E2.26145
G1 X29.698 Y20.766 E2.28532
G1 X29.693 Y21.354 E2.3136
G1 X29.476 Y22.034 E2.34793
G1 X29.305 Y22.334 E2.36454
G1 X28.957 Y22.747 E2.39052
G1 X28.735 Y22.924 E2.40418
G1 X28.162 Y23.238 E2.43561
G1 X27.516 Y23.367 E2.46729
G1 X27.181 Y23.367 E2.4834
G1 X26.535 Y23.238 E2.51508
G1 X25.962 Y22.924 E2.54651
G1 X25.705 Y22.709 E2.56263
G1 X25.32 Y22.239 E2.59185
G1 X25.102 Y21.71 E2.61937
G1 X25.001 Y21.332 E2.63819
G1 X25.008 Y20.628 E2.67205
G1 X25.2 Y20.041 E2.70175
G1 X25.277 Y19.884 E2.71016
G1 X25.64 Y20.025 F7200
G1 F1200
G1 X25.689 Y19.932 E2.71522
G1 X26.025 Y19.534 E2.74027
G1 X26.503 Y19.23 E2.76752
G1 X26.758 Y19.12 E2.78088
G1 X27.28 Y19.031 E2.80635
G1 X27.79 Y19.081 E2.831
G1 X28.307 Y19.273 E2.85753
G1 X28.798 Y19.663 E2.88769
G1 X28.927 Y19.817 E2.89735
G1 X29.229 Y20.379 E2.92804
G1 X29.313 Y20.766 E2.94709
G1 X29.309 Y21.314 E2.97345
G1 X29.114 Y21.902 E3.00325
G1 X29.01 Y22.086 E3.01342
G1 X28.675 Y22.484 E3.03844
G1 X28.119 Y22.834 E3.07004
G1 X27.93 Y22.903 E3.07972
G1 X27.348 Y22.996 E3.10807
G1 X26.766 Y22.903 E3.13642
G1 X26.578 Y22.834 E3.14605
G1 X26.069 Y22.53 E3.17457
G1 X25.687 Y22.087 E3.2027
G1 X25.554 Y21.825 E3.21683
G1 X25.391 Y21.344 E3.24126
G1 X25.384 Y20.766 E3.26906
G1 X25.563 Y20.173 E3.29885
G1 X25.612 Y20.078 E3.30399
G1 X25.97 Y20.214 F7200
;TYPE:External perimeter
G1 F1200
G1 X26.296 Y19.809 E3.329
G1 X26.77 Y19.521 E3.35568
G1 X27.265 Y19.417 E3.38001
G1 X27.658 Y19.443 E3.39895
G1 X28.137 Y19.619 E3.42349
G1 X28.55 Y19.958 E3.44919
G1 X28.837 Y20.432 E3.47584
G1 X28.927 Y20.766 E3.49248
G1 X28.926 Y21.275 E3.51696
G1 X28.752 Y21.77 E3.5422
G1 X28.349 Y22.256 E3.57257
G1 X27.896 Y22.514 E3.59764
G1 X27.382 Y22.608 E3.62277
G1 X26.833 Y22.523 E3.64949
G1 X26.347 Y22.256 E3.67616
G1 X25.982 Y21.839 E3.70281
G1 X25.781 Y21.321 E3.72953
G1 X25.769 Y20.766 E3.75623
G1 X25.94 Y20.265 E3.78169
G1 X26.185 Y19.949 F7200
G1 E1.78169 F2400
G92 E0
G1 Z3.55 F7200
G1 X36.546 Y-24.212
G1 Z1.55
G1 E2 F2400
;TYPE:Perimeter
G1 F3600
G1 X36.953 Y-24.738 E2.03199
G1 X37.576 Y-25.265 E2.07124
G1 X38.226 Y-25.637 E2.10726
G1 X38.753 Y-25.831 E2.13427
G1 X39.264 Y-25.941 E2.15941
G1 X39.809 Y-25.986 E2.18571
G1 X42.349 Y-25.986 E2.30788
G1 X42.932 Y-25.941 E2.336
G1 X43.443 Y-25.831 E2.36114
G1 X43.935 Y-25.655 E2.38627
G1 X44.4 Y-25.417 E2.41139
G1 X44.83 Y-25.12 E2.43653
G1 X45.217 Y-24.769 E2.46166
G1 X45.555 Y-24.371 E2.48677
G1 X45.839 Y-23.932 E2.51192
G1 X46.062 Y-23.46 E2.53703
G1 X46.223 Y-22.962 E2.5622
G1 X46.316 Y-22.448 E2.58732
G1 X46.344 Y-21.99 E2.60939
G1 X46.344 Y21.012 E4.67764
G1 X46.304 Y21.573 E4.70469
G1 X46.19 Y22.105 E4.73086
G1 X46.014 Y22.597 E4.75599
G1 X45.776 Y23.062 E4.78111
G1 X45.479 Y23.492 E4.80625
G1 X45.128 Y23.88 E4.83141
G1 X44.73 Y24.218 E4.85652
G1 X44.291 Y24.501 E4.88164
G1 X43.818 Y24.725 E4.90681
G1 X43.321 Y24.885 E4.93192
G1 X42.654 Y25.007 E4.96453
G1 X39.847 Y25.007 E5.09954
G1 X39.264 Y24.963 E5.12766
G1 X38.753 Y24.853 E5.1528
G1 X38.261 Y24.677 E5.17793
G1 X37.796 Y24.438 E5.20308
G1 X37.367 Y24.141 E5.22818
G1 X36.979 Y23.79 E5.25334
G1 X36.641 Y23.392 E5.27845
G1 X36.358 Y22.953 E5.30357
G1 X36.134 Y22.481 E5.3287
G1 X35.978 Y22.003 E5.35288
G1 X35.88 Y21.473 E5.3788
G1 X35.852 Y20.766 E5.41283
G1 X35.852 Y-21.99 E7.46925
G1 X35.896 Y-22.573 E7.49737
G1 X36.006 Y-23.084 E7.52251
G1 X36.202 Y-23.615 E7.54973
G1 X36.495 Y-24.146 E7.5789
G1 X36.509 Y-24.164 E7.58
G1 X36.864 Y-23.999 F7200
G1 F3600
G1 X37.254 Y-24.496 E7.61039
G1 X37.817 Y-24.964 E7.6456
G1 X38.411 Y-25.298 E7.67838
G1 X38.95 Y-25.486 E7.70584
G1 X39.559 Y-25.6 E7.73564
G1 X42.349 Y-25.6 E7.86983
G1 X42.857 Y-25.563 E7.89433
G1 X43.319 Y-25.466 E7.91704
G1 X43.764 Y-25.31 E7.93972
G1 X44.186 Y-25.096 E7.96248
G1 X44.575 Y-24.83 E7.98515
G1 X44.927 Y-24.515 E8.00787
G1 X45.351 Y-23.982 E8.04063
G1 X45.668 Y-23.406 E8.07225
G1 X45.844 Y-22.887 E8.09861
G1 X45.932 Y-22.423 E8.12132
G1 X45.959 Y-21.99 E8.14219
G1 X45.959 Y21.012 E10.21044
G1 X45.922 Y21.519 E10.23489
G1 X45.825 Y21.981 E10.2576
G1 X45.668 Y22.427 E10.28034
G1 X45.351 Y23.003 E10.31196
G1 X44.927 Y23.536 E10.34472
G1 X44.515 Y23.897 E10.37107
G1 X44.12 Y24.156 E10.39379
G1 X43.694 Y24.36 E10.41651
G1 X43.246 Y24.507 E10.43919
G1 X42.638 Y24.621 E10.46894
G1 X39.847 Y24.621 E10.60318
G1 X39.34 Y24.584 E10.62763
G1 X38.877 Y24.487 E10.65038
G1 X38.432 Y24.331 E10.67306
G1 X38.011 Y24.118 E10.69575
G1 X37.621 Y23.851 E10.71848
G1 X37.269 Y23.536 E10.7412
G1 X36.949 Y23.159 E10.76498
G1 X36.703 Y22.783 E10.78659
G1 X36.499 Y22.357 E10.80931
G1 X36.352 Y21.908 E10.83203
G1 X36.265 Y21.444 E10.85474
G1 X36.238 Y20.766 E10.88738
G1 X36.238 Y-21.99 E12.9438
G1 X36.275 Y-22.498 E12.9683
G1 X36.371 Y-22.96 E12.991
G1 X36.54 Y-23.429 E13.01498
G1 X36.828 Y-23.951 E13.04365
G1 X37.181 Y-23.787 F7200
;TYPE:External perimeter
G1 F1800
G1 X37.554 Y-24.254 E13.0724
G1 X38.058 Y-24.663 E13.10362
G1 X38.595 Y-24.96 E13.13313
G1 X39.026 Y-25.107 E13.15503
G1 X39.575 Y-25.214 E13.18193
G1 X42.349 Y-25.214 E13.31535
G1 X42.782 Y-25.185 E13.33622
G1 X43.195 Y-25.101 E13.35649
G1 X43.594 Y-24.964 E13.37678
G1 X43.971 Y-24.776 E13.39704
G1 X44.321 Y-24.54 E13.41734
G1 X44.637 Y-24.261 E13.43761
G1 X45.031 Y-23.768 E13.46796
G1 X45.323 Y-23.235 E13.49719
G1 X45.466 Y-22.812 E13.51867
G1 X45.547 Y-22.398 E13.53896
G1 X45.573 Y-21.99 E13.55862
G1 X45.573 Y21.012 E15.62687
G1 X45.544 Y21.444 E15.64769
G1 X45.46 Y21.857 E15.66796
G1 X45.323 Y22.256 E15.68825
G1 X45.031 Y22.789 E15.71748
G1 X44.637 Y23.282 E15.74783
G1 X44.301 Y23.577 E15.76934
G1 X43.95 Y23.81 E15.7896
G1 X43.571 Y23.995 E15.80988
G1 X43.171 Y24.129 E15.83017
G1 X42.622 Y24.236 E15.85707
G1 X39.847 Y24.236 E15.99054
G1 X39.415 Y24.206 E16.01137
G1 X39.001 Y24.122 E16.03169
G1 X38.602 Y23.985 E16.05198
G1 X38.225 Y23.797 E16.07224
G1 X37.875 Y23.561 E16.09254
G1 X37.559 Y23.282 E16.11281
G1 X37.098 Y22.688 E16.14897
G1 X36.864 Y22.233 E16.17358
G1 X36.73 Y21.833 E16.19387
G1 X36.649 Y21.419 E16.21416
G1 X36.623 Y20.766 E16.24559
G1 X36.623 Y-21.99 E18.30201
G1 X36.653 Y-22.423 E18.32289
G1 X36.737 Y-22.836 E18.34316
G1 X36.878 Y-23.243 E18.36388
G1 X37.15 Y-23.736 E18.39096
G1 X37.394 Y-24.053 F7200
G1 E16.39096 F2400
G92 E0
G1 Z3.55 F7200
G1 X26.175 Y-25.957
G1 Z1.55
G1 E2 F2400
;TYPE:Perimeter
G1 F1200
G1 X25.846 Y-26.155 E2.01847
G1 X25.393 Y-26.663 E2.05121
G1 X25.223 Y-26.956 E2.0675
G1 X25.036 Y-27.476 E2.09408
G1 X24.998 Y-27.745 E2.10715
G1 X25.011 Y-28.389 E2.13813
G1 X25.223 Y-29.023 E2.17028
G1 X25.391 Y-29.313 E2.1864
G1 X25.705 Y-29.687 E2.20989
G1 X25.962 Y-29.902 E2.22601
G1 X26.385 Y-30.147 E2.24952
G1 X26.686 Y-30.259 E2.26497
G1 X27.281 Y-30.355 E2.29396
G1 X27.841 Y-30.307 E2.32099
G1 X28.311 Y-30.147 E2.34487
G1 X28.735 Y-29.902 E2.36842
G1 X28.991 Y-29.687 E2.3845
G1 X29.305 Y-29.313 E2.40799
G1 X29.473 Y-29.023 E2.42411
G1 X29.686 Y-28.389 E2.45628
G1 X29.698 Y-27.745 E2.48726
G1 X29.64 Y-27.415 E2.50338
G1 X29.453 Y-26.907 E2.52942
G1 X29.305 Y-26.666 E2.54302
G1 X28.942 Y-26.238 E2.57001
G1 X28.735 Y-26.076 E2.58265
G1 X28.186 Y-25.771 E2.61286
G1 X27.516 Y-25.633 E2.64576
G1 X27.165 Y-25.635 E2.66264
G1 X26.639 Y-25.73 E2.68835
G1 X26.309 Y-25.876 E2.70571
G1 X26.226 Y-25.926 E2.71037
G1 X26.369 Y-26.294 F7200
G1 F1200
G1 X26.216 Y-26.374 E2.71867
G1 X26.001 Y-26.539 E2.7317
G1 X25.644 Y-26.971 E2.75865
G1 X25.407 Y-27.584 E2.79026
G1 X25.384 Y-28.234 E2.82154
G1 X25.419 Y-28.432 E2.83121
G1 X25.686 Y-29.065 E2.86425
G1 X26.154 Y-29.568 E2.89729
G1 X26.758 Y-29.88 E2.92999
G1 X27.281 Y-29.969 E2.95551
G1 X27.742 Y-29.934 E2.97775
G1 X28.119 Y-29.813 E2.99679
G1 X28.696 Y-29.439 E3.02986
G1 X29.11 Y-28.891 E3.06289
G1 X29.305 Y-28.327 E3.09159
G1 X29.313 Y-27.745 E3.11958
G1 X29.229 Y-27.414 E3.136
G1 X29.023 Y-26.93 E3.1613
G1 X28.696 Y-26.539 E3.18582
G1 X28.542 Y-26.41 E3.19548
G1 X28.043 Y-26.129 E3.22302
G1 X27.449 Y-26.012 E3.25214
G1 X27.232 Y-26.015 E3.26258
G1 X26.73 Y-26.105 E3.28711
G1 X26.423 Y-26.266 E3.30378
G1 X26.561 Y-26.626 F7200
;TYPE:External perimeter
G1 F1200
G1 X26.348 Y-26.744 E3.31549
G1 X25.984 Y-27.159 E3.34204
G1 X25.777 Y-27.691 E3.3695
G1 X25.769 Y-28.234 E3.39562
G1 X25.948 Y-28.759 E3.4223
G1 X26.296 Y-29.191 E3.44898
G1 X26.77 Y-29.479 E3.47566
G1 X27.281 Y-29.584 E3.50075
G1 X27.642 Y-29.562 E3.51815
G1 X27.926 Y-29.479 E3.53238
G1 X28.4 Y-29.191 E3.55906
G1 X28.748 Y-28.759 E3.58574
G1 X28.924 Y-28.265 E3.61096
G1 X28.927 Y-27.745 E3.63597
G1 X28.748 Y-27.22 E3.66265
G1 X28.412 Y-26.801 E3.68848
G1 X27.926 Y-26.5 E3.71597
G1 X27.382 Y-26.392 E3.74265
G1 X26.833 Y-26.477 E3.76937
G1 X26.614 Y-26.598 E3.7814
G1 X26.288 Y-26.83 F7200
G1 E1.7814 F2400
G92 E0
G1 Z3.55 F7200
G1 X-63.156 Y-31.993
G1 Z1.55
G1 E2 F2400
;TYPE:Perimeter
G1 F3600
G1 X54.852 Y-31.993 E7.67577
G1 X54.852 Y31.014 E10.70619
G1 X-63.156 Y31.014 E16.38196
G1 X-63.156 Y-31.933 E19.40949
G1 X-63.541 Y-32.379 F7200
G1 F3600
G1 X55.238 Y-32.379 E25.12235
G1 X55.238 Y31.4 E28.1899
G1 X-63.541 Y31.4 E33.90276
G1 X-63.541 Y-32.319 E36.96742
G1 X-63.927 Y-32.764 F7200
;TYPE:External perimeter
G1 F1800
G1 X55.623 Y-32.764 E42.71736
G1 X55.623 Y31.786 E45.82199
G1 X-63.927 Y31.786 E51.57193
G1 X-63.927 Y-32.704 E54.67367
G1 X-63.531 Y-32.764 F7200
G1 E52.67367 F2400
G92 E0
G1 Z3.55 F7200
G1 X-41.092 Y-25.784
G1 Z1.55
G1 E2 F2400
;TYPE:Top solid infill
;WIDTH:0.400497
G1 F900
G1 X-47.037 Y-31.729 E2.35246
G1 X-47.512 Y-31.729 E2.37237
G1 X-41.975 Y-26.191 E2.70067
G1 X-42.497 Y-26.238 E2.72264
G1 X-47.988 Y-31.729 E3.04818
G1 X-48.463 Y-31.729 E3.06809
G1 X-42.984 Y-26.25 E3.39292
G1 X-43.459 Y-26.25 E3.41283
G1 X-48.938 Y-31.729 E3.73766
G1 X-49.414 Y-31.729 E3.75761
G1 X-43.935 Y-26.25 E4.08244
G1 X-44.41 Y-26.25 E4.10235
G1 X-49.889 Y-31.729 E4.42718
G1 X-50.365 Y-31.729 E4.44713
G1 X-44.885 Y-26.25 E4.77199
G1 X-45.361 Y-26.25 E4.79194
G1 X-50.84 Y-31.729 E5.11677
G1 X-51.315 Y-31.729 E5.13668
G1 X-45.836 Y-26.25 E5.46151
G1 X-46.311 Y-26.25 E5.48142
G1 X-51.791 Y-31.729 E5.80628
G1 X-52.266 Y-31.729 E5.82619
G1 X-46.787 Y-26.25 E6.15102
G1 X-47.262 Y-26.25 E6.17093
G1 X-52.741 Y-31.729 E6.49576
G1 X-53.217 Y-31.729 E6.51571
G1 X-47.737 Y-26.25 E6.84057
G1 X-48.213 Y-26.25 E6.86052
G1 X-53.692 Y-31.729 E7.18535
G1 X-54.167 Y-31.729 E7.20526
G1 X-48.688 Y-26.25 E7.53009
G1 X-49.163 Y-26.25 E7.55
G1 X-54.643 Y-31.729 E7.87486
G1 X-55.118 Y-31.729 E7.89477
G1 X-49.639 Y-26.25 E8.2196
G1 X-50.114 Y-26.25 E8.23951
G1 X-55.593 Y-31.729 E8.56434
G1 X-56.069 Y-31.729 E8.58429
G1 X-50.589 Y-26.25 E8.90915
G1 X-51.035 Y-26.22 E8.92789
G1 X-56.544 Y-31.729 E9.2545
G1 X-57.019 Y-31.729 E9.27441
G1 X-51.457 Y-26.167 E9.60416
G1 X-51.838 Y-26.072 E9.62062
G1 X-57.495 Y-31.729 E9.95601
G1 X-57.97 Y-31.729 E9.97592
G1 X-52.198 Y-25.957 E10.31812
G1 X-52.52 Y-25.804 E10.33307
G1 X-58.445 Y-31.729 E10.68435
G1 X-58.921 Y-31.729 E10.7043
G1 X-52.828 Y-25.636 E11.06554
G1 X-53.117 Y-25.45 E11.07995
G1 X-59.396 Y-31.729 E11.45221
G1 X-59.871 Y-31.729 E11.47212
G1 X-53.381 Y-25.238 E11.85692
G1 X-53.637 Y-25.019 E11.87104
G1 X-60.347 Y-31.729 E12.26886
G1 X-60.822 Y-31.729 E12.28877
G1 X-53.861 Y-24.768 E12.70147
G1 X-54.071 Y-24.503 E12.71564
G1 X-61.297 Y-31.729 E13.14405
G1 X-61.773 Y-31.729 E13.164
G1 X-54.263 Y-24.219 E13.60925
G1 X-54.433 Y-23.914 E13.62389
G1 X-62.248 Y-31.729 E14.08722
G1 X-62.723 Y-31.729 E14.10713
G1 X-54.586 Y-23.592 E14.58955
G1 X-54.715 Y-23.245 E14.60507
G1 X-62.891 Y-31.422 E15.08983
G1 X-62.891 Y-30.946 E15.10978
G1 X-54.806 Y-22.861 E15.58912
G1 X-54.884 Y-22.463 E15.60612
G1 X-62.891 Y-30.471 E16.08086
G1 X-62.891 Y-29.996 E16.10077
G1 X-54.911 Y-22.015 E16.57391
G1 X-54.912 Y-21.541 E16.59378
G1 X-62.891 Y-29.52 E17.06683
G1 X-62.891 Y-29.045 E17.08674
G1 X-54.912 Y-21.066 E17.55979
G1 X-54.912 Y-20.59 E17.57974
G1 X-62.891 Y-28.57 E18.05282
G1 X-62.891 Y-28.094 E18.07277
G1 X-54.912 Y-20.115 E18.54582
G1 X-54.912 Y-19.64 E18.56573
G1 X-62.891 Y-27.619 E19.03878
G1 X-62.891 Y-27.144 E19.05869
G1 X-54.912 Y-19.164 E19.53177
G1 X-54.912 Y-18.689 E19.55168
G1 X-62.891 Y-26.668 E20.02473
G1 X-62.891 Y-26.193 E20.04464
G1 X-54.912 Y-18.214 E20.51769
G1 X-54.912 Y-17.738 E20.53764
G1 X-62.891 Y-25.717 E21.01069
G1 X-62.891 Y-25.242 E21.0306
G1 X-54.912 Y-17.263 E21.50365
G1 X-54.912 Y-16.788 E21.52356
G1 X-62.891 Y-24.767 E21.99661
G1 X-62.891 Y-24.291 E22.01656
G1 X-54.912 Y-16.312 E22.48961
G1 X-54.912 Y-15.837 E22.50952
G1 X-62.891 Y-23.816 E22.98257
G1 X-62.891 Y-23.341 E23.00248
G1 X-54.912 Y-15.362 E23.47553
G1 X-54.912 Y-14.886 E23.49548
G1 X-62.891 Y-22.865 E23.96853
G1 X-62.891 Y-22.39 E23.98844
G1 X-54.912 Y-14.411 E24.46149
G1 X-54.912 Y-13.936 E24.4814
G1 X-62.891 Y-21.915 E24.95445
G1 X-62.891 Y-21.439 E24.9744
G1 X-54.912 Y-13.46 E25.44745
G1 X-54.912 Y-12.985 E25.46736
G1 X-62.891 Y-20.964 E25.94041
G1 X-62.891 Y-20.489 E25.96032
G1 X-54.912 Y-12.51 E26.43337
G1 X-54.912 Y-12.034 E26.45332
G1 X-62.891 Y-20.013 E26.92637
G1 X-62.891 Y-19.538 E26.94628
G1 X-54.912 Y-11.559 E27.41933
G1 X-54.912 Y-11.084 E27.43924
G1 X-62.891 Y-19.063 E27.91229
G1 X-62.891 Y-18.587 E27.93224
G1 X-54.912 Y-10.608 E28.40529
G1 X-54.912 Y-10.133 E28.4252
G1 X-62.891 Y-18.112 E28.89825
G1 X-62.891 Y-17.637 E28.91816
G1 X-54.912 Y-9.658 E29.39121
G1 X-54.912 Y-9.182 E29.41116
G1 X-62.891 Y-17.161 E29.88421
G1 X-62.891 Y-16.686 E29.90412
G1 X-54.912 Y-8.707 E30.37717
G1 X-54.912 Y-8.232 E30.39708
G1 X-62.891 Y-16.211 E30.87013
G1 X-62.891 Y-15.735 E30.89008
G1 X-54.912 Y-7.756 E31.36313
G1 X-54.912 Y-7.281 E31.38304
G1 X-62.891 Y-15.26 E31.85609
G1 X-62.891 Y-14.785 E31.876
G1 X-54.912 Y-6.806 E32.34905
G1 X-54.912 Y-6.33 E32.369
G1 X-62.891 Y-14.309 E32.84205
G1 X-62.891 Y-13.834 E32.86196
G1 X-54.912 Y-5.855 E33.33501
G1 X-54.912 Y-5.38 E33.35492
G1 X-62.891 Y-13.359 E33.82797
G1 X-62.891 Y-12.883 E33.84792
G1 X-54.912 Y-4.904 E34.32097
G1 X-54.912 Y-4.429 E34.34088
G1 X-62.891 Y-12.408 E34.81393
G1 X-62.891 Y-11.933 E34.83384
G1 X-54.912 Y-3.954 E35.30689
G1 X-54.912 Y-3.478 E35.32684
G1 X-62.891 Y-11.457 E35.79989
G1 X-62.891 Y-10.982 E35.8198
G1 X-54.912 Y-3.003 E36.29285
G1 X-54.912 Y-2.528 E36.31276
G1 X-62.891 Y-10.507 E36.78581
G1 X-62.891 Y-10.031 E36.80576
G1 X-54.912 Y-2.052 E37.27881
G1 X-54.912 Y-1.577 E37.29872
G1 X-62.891 Y-9.556 E37.77177
G1 X-62.891 Y-9.081 E37.79168
G1 X-54.912 Y-1.101 E38.26476
G1 X-54.912 Y-.626 E38.28467
G1 X-62.891 Y-8.605 E38.75772
G1 X-62.891 Y-8.13 E38.77763
G1 X-54.912 Y-.151 E39.25068
G1 X-54.912 Y.325 E39.27063
G1 X-62.891 Y-7.655 E39.74371
G1 X-62.891 Y-7.179 E39.76366
G1 X-54.912 Y.8 E40.23671
G1 X-54.912 Y1.275 E40.25662
G1 X-62.891 Y-6.704 E40.72967
G1 X-62.891 Y-6.229 E40.74958
G1 X-54.912 Y1.751 E41.22266
G1 X-54.912 Y2.226 E41.24257
G1 X-62.891 Y-5.753 E41.71562
G1 X-62.891 Y-5.278 E41.73553
G1 X-54.912 Y2.701 E42.20858
G1 X-54.912 Y3.177 E42.22853
G1 X-62.891 Y-4.803 E42.70161
G1 X-62.891 Y-4.327 E42.72156
G1 X-54.912 Y3.652 E43.19461
G1 X-54.912 Y4.127 E43.21452
G1 X-62.891 Y-3.852 E43.68757
G1 X-62.891 Y-3.377 E43.70748
G1 X-54.912 Y4.603 E44.18056
G1 X-54.912 Y5.078 E44.20047
G1 X-62.891 Y-2.901 E44.67352
G1 X-62.891 Y-2.426 E44.69343
G1 X-54.912 Y5.553 E45.16648
G1 X-54.912 Y6.029 E45.18643
G1 X-62.891 Y-1.951 E45.65951
G1 X-62.891 Y-1.475 E45.67946
G1 X-54.912 Y6.504 E46.15251
G1 X-54.912 Y6.979 E46.17242
G1 X-62.891 Y-1 E46.64547
G1 X-62.891 Y-.524 E46.66542
G1 X-54.912 Y7.455 E47.13847
G1 X-54.912 Y7.93 E47.15838
G1 X-62.891 Y-.049 E47.63143
G1 X-62.891 Y.426 E47.65134
G1 X-54.912 Y8.405 E48.12439
G1 X-54.912 Y8.881 E48.14434
G1 X-62.891 Y.902 E48.61739
G1 X-62.891 Y1.377 E48.6373
G1 X-54.912 Y9.356 E49.11035
G1 X-54.912 Y9.831 E49.13026
G1 X-62.891 Y1.852 E49.60331
G1 X-62.891 Y2.328 E49.62326
G1 X-54.912 Y10.307 E50.09631
G1 X-54.912 Y10.782 E50.11622
G1 X-62.891 Y2.803 E50.58927
G1 X-62.891 Y3.278 E50.60918
G1 X-54.912 Y11.257 E51.08223
G1 X-54.912 Y11.733 E51.10218
G1 X-62.891 Y3.754 E51.57523
G1 X-62.891 Y4.229 E51.59514
G1 X-54.912 Y12.208 E52.06819
G1 X-54.912 Y12.683 E52.0881
G1 X-62.891 Y4.704 E52.56115
G1 X-62.891 Y5.18 E52.5811
G1 X-54.912 Y13.159 E53.05415
G1 X-54.912 Y13.634 E53.07406
G1 X-62.891 Y5.655 E53.54711
G1 X-62.891 Y6.13 E53.56702
G1 X-54.912 Y14.109 E54.04007
G1 X-54.912 Y14.585 E54.06002
G1 X-62.891 Y6.606 E54.53307
G1 X-62.891 Y7.081 E54.55298
G1 X-54.912 Y15.06 E55.02603
G1 X-54.912 Y15.535 E55.04594
G1 X-62.891 Y7.556 E55.51899
G1 X-62.891 Y8.032 E55.53894
G1 X-54.912 Y16.011 E56.01199
G1 X-54.912 Y16.486 E56.0319
G1 X-62.891 Y8.507 E56.50495
G1 X-62.891 Y8.982 E56.52486
G1 X-54.912 Y16.961 E56.99791
G1 X-54.912 Y17.437 E57.01786
G1 X-62.891 Y9.458 E57.49091
G1 X-62.891 Y9.933 E57.51082
G1 X-54.912 Y17.912 E57.98387
G1 X-54.912 Y18.387 E58.00378
G1 X-62.891 Y10.408 E58.47683
G1 X-62.891 Y10.884 E58.49678
G1 X-54.912 Y18.863 E58.96983
G1 X-54.912 Y19.338 E58.98974
G1 X-62.891 Y11.359 E59.46279
G1 X-62.891 Y11.834 E59.4827
G1 X-54.912 Y19.813 E59.95575
G1 X-54.912 Y20.289 E59.9757
G1 X-62.891 Y12.31 E60.44875
G1 X-62.891 Y12.785 E60.46866
G1 X-54.912 Y20.764 E60.94171
G1 X-54.895 Y21.257 E60.96239
G1 X-62.891 Y13.26 E61.43648
G1 X-62.891 Y13.736 E61.45643
G1 X-54.824 Y21.803 E61.9347
G1 X-54.714 Y22.263 E61.95453
G1 X-54.651 Y22.452 E61.96288
G1 X-62.891 Y14.211 E62.45143
G1 X-62.891 Y14.686 E62.47134
G1 X-46.828 Y30.75 E63.4237
G1 X-46.352 Y30.75 E63.44365
G1 X-52.094 Y25.008 E63.78408
G1 X-51.828 Y25.104 E63.79594
G1 X-51.438 Y25.189 E63.81267
G1 X-45.877 Y30.75 E64.14237
G1 X-45.402 Y30.75 E64.16228
G1 X-50.9 Y25.252 E64.48824
G1 X-50.405 Y25.271 E64.50901
G1 X-44.926 Y30.75 E64.83384
G1 X-44.451 Y30.75 E64.85375
G1 X-49.93 Y25.271 E65.17858
G1 X-49.455 Y25.271 E65.19849
G1 X-43.975 Y30.75 E65.52335
G1 X-43.5 Y30.75 E65.54326
G1 X-48.979 Y25.271 E65.86809
G1 X-48.504 Y25.271 E65.888
G1 X-43.025 Y30.75 E66.21283
G1 X-42.549 Y30.75 E66.23278
G1 X-48.029 Y25.271 E66.55764
G1 X-47.553 Y25.271 E66.57759
G1 X-42.074 Y30.75 E66.90242
G1 X-41.599 Y30.75 E66.92233
G1 X-47.078 Y25.271 E67.24716
G1 X-46.603 Y25.271 E67.26707
G1 X-41.123 Y30.75 E67.59193
G1 X-40.648 Y30.75 E67.61184
G1 X-46.127 Y25.271 E67.93667
G1 X-45.652 Y25.271 E67.95658
G1 X-40.173 Y30.75 E68.28141
G1 X-39.697 Y30.75 E68.30136
G1 X-45.177 Y25.271 E68.62622
G1 X-44.701 Y25.271 E68.64617
G1 X-39.222 Y30.75 E68.971
G1 X-38.747 Y30.75 E68.99091
G1 X-44.226 Y25.271 E69.31574
G1 X-43.751 Y25.271 E69.33565
G1 X-38.271 Y30.75 E69.66051
G1 X-37.796 Y30.75 E69.68042
G1 X-43.275 Y25.271 E70.00525
G1 X-42.8 Y25.271 E70.02516
G1 X-37.321 Y30.75 E70.34999
G1 X-36.845 Y30.75 E70.36994
G1 X-42.346 Y25.249 E70.69608
G1 X-42.046 Y25.227 E70.70869
G1 X-41.92 Y25.2 E70.71409
G1 X-36.37 Y30.75 E71.04313
G1 X-35.895 Y30.75 E71.06304
G1 X-41.529 Y25.116 E71.39706
G1 X-41.17 Y25 E71.41288
G1 X-35.419 Y30.75 E71.75381
G1 X-34.944 Y30.75 E71.77372
G1 X-40.84 Y24.855 E72.12325
G1 X-40.524 Y24.695 E72.1381
G1 X-34.469 Y30.75 E72.49708
G1 X-33.993 Y30.75 E72.51703
G1 X-40.235 Y24.509 E72.88707
G1 X-39.967 Y24.301 E72.90129
G1 X-33.518 Y30.75 E73.28363
G1 X-33.043 Y30.75 E73.30354
G1 X-39.714 Y24.079 E73.69904
G1 X-39.477 Y23.84 E73.71315
G1 X-32.567 Y30.75 E74.12282
G1 X-32.092 Y30.75 E74.14273
G1 X-39.258 Y23.584 E74.56758
G1 X-39.066 Y23.301 E74.58192
G1 X-31.617 Y30.75 E75.02355
G1 X-31.141 Y30.75 E75.0435
G1 X-38.896 Y22.996 E75.50324
G1 X-38.736 Y22.68 E75.51809
G1 X-30.666 Y30.75 E75.99654
G1 X-30.191 Y30.75 E76.01645
G1 X-38.615 Y22.326 E76.51588
G1 X-38.505 Y21.961 E76.53186
G1 X-29.715 Y30.75 E77.05296
G1 X-29.24 Y30.75 E77.07287
G1 X-38.432 Y21.558 E77.61784
G1 X-38.398 Y21.117 E77.63638
G1 X-28.765 Y30.75 E78.20749
G1 X-28.289 Y30.75 E78.22744
G1 X-38.391 Y20.648 E78.82636
G1 X-38.391 Y20.173 E78.84627
G1 X-27.814 Y30.75 E79.47335
G1 X-27.339 Y30.75 E79.49326
G1 X-38.391 Y19.697 E80.14853
G1 X-38.391 Y19.222 E80.16844
G1 X-26.863 Y30.75 E80.8519
G1 X-26.388 Y30.75 E80.87181
G1 X-38.391 Y18.747 E81.58343
G1 X-38.391 Y18.271 E81.60338
G1 X-25.913 Y30.75 E82.34319
G1 X-25.437 Y30.75 E82.36314
G1 X-38.391 Y17.796 E83.13114
G1 X-38.391 Y17.321 E83.15105
G1 X-24.962 Y30.75 E83.94722
G1 X-24.487 Y30.75 E83.96713
G1 X-38.391 Y16.845 E84.79149
G1 X-38.391 Y16.37 E84.8114
G1 X-33.234 Y21.527 E85.11714
G1 X-33.266 Y21.261 E85.12837
G1 X-33.266 Y21.02 E85.13847
G1 X-38.391 Y15.895 E85.44232
G1 X-38.391 Y15.419 E85.46227
G1 X-33.248 Y20.562 E85.76718
G1 X-33.138 Y20.198 E85.78312
G1 X-38.391 Y14.944 E86.09458
G1 X-38.391 Y14.469 E86.11449
G1 X-33.009 Y19.852 E86.4336
G1 X-32.931 Y19.687 E86.44125
G1 X-32.828 Y19.557 E86.4482
G1 X-38.391 Y13.993 E86.77804
G1 X-38.391 Y13.518 E86.79795
G1 X-32.617 Y19.293 E87.1403
G1 X-32.394 Y19.04 E87.15444
G1 X-38.391 Y13.043 E87.50998
G1 X-38.391 Y12.567 E87.52993
G1 X-32.119 Y18.839 E87.90178
G1 X-31.818 Y18.665 E87.91636
G1 X-38.391 Y12.092 E88.30605
G1 X-38.391 Y11.617 E88.32596
G1 X-31.492 Y18.516 E88.73498
G1 X-31.096 Y18.437 E88.75191
G1 X-38.391 Y11.141 E89.18444
G1 X-38.391 Y10.666 E89.20435
G1 X-30.671 Y18.386 E89.66205
G1 X-30.254 Y18.406 E89.67955
G1 X-30.151 Y18.431 E89.68399
G1 X-38.391 Y10.191 E90.17251
G1 X-38.391 Y9.715 E90.19246
G1 X-17.356 Y30.75 E91.43956
G1 X-16.881 Y30.75 E91.45947
G1 X-38.391 Y9.24 E92.73473
G1 X-38.391 Y8.765 E92.75464
G1 X-16.406 Y30.75 E94.05806
G1 X-15.93 Y30.75 E94.07801
G1 X-38.391 Y8.289 E95.40966
G1 X-38.391 Y7.814 E95.42957
G1 X-15.455 Y30.75 E96.78938
G1 X-14.98 Y30.75 E96.80929
G1 X-38.391 Y7.339 E98.19726
G1 X-38.391 Y6.863 E98.21721
G1 X-14.504 Y30.75 E99.6334
G1 X-14.029 Y30.75 E99.65331
G1 X-38.391 Y6.388 E101.09766
G1 X-38.391 Y5.913 E101.11757
G1 X-13.554 Y30.75 E102.59008
G1 X-13.078 Y30.75 E102.61003
G1 X-38.391 Y5.437 E104.11076
G1 X-38.391 Y4.962 E104.13067
G1 X-12.603 Y30.75 E105.65956
G1 X-12.128 Y30.75 E105.67947
G1 X-38.391 Y4.487 E107.23652
G1 X-38.391 Y4.011 E107.25647
G1 X-11.652 Y30.75 E108.84175
G1 X-11.177 Y30.75 E108.86166
G1 X-38.391 Y3.536 E110.4751
G1 X-38.391 Y3.061 E110.49501
G1 X-10.702 Y30.75 E112.13661
G1 X-10.226 Y30.75 E112.15656
G1 X-38.542 Y2.434 E113.83533
G1 E111.83533 F2400
G92 E0
G1 Z3.55 F7200
G1 X-24.195 Y12.979
G1 Z1.55
G1 E2 F2400
G1 F900
G1 X-20.035 Y17.139 E2.24663
G1 X-20.152 Y16.788 E2.26214
G1 X-20.207 Y16.491 E2.2748
G1 X-23.792 Y12.906 E2.48734
G1 X-23.518 Y12.705 E2.50159
G1 X-20.243 Y15.98 E2.69575
G1 X-20.2 Y15.548 E2.71395
G1 X-23.261 Y12.487 E2.89543
G1 X-23.003 Y12.27 E2.90956
G1 X-20.122 Y15.151 E3.08037
G1 X-20.007 Y14.791 E3.09621
G1 X-22.745 Y12.052 E3.25857
G1 X-22.488 Y11.834 E3.2727
G1 X-19.848 Y14.474 E3.42922
G1 X-19.671 Y14.175 E3.44379
G1 X-22.23 Y11.617 E3.59548
G1 X-21.972 Y11.399 E3.60964
G1 X-19.465 Y13.906 E3.75827
G1 X-19.235 Y13.661 E3.77236
G1 X-21.715 Y11.181 E3.91939
G1 X-21.457 Y10.964 E3.93352
G1 X-18.987 Y13.433 E4.07993
G1 X-18.73 Y13.216 E4.09403
G1 X-21.199 Y10.746 E4.24044
G1 X-20.942 Y10.528 E4.25457
G1 X-18.472 Y12.998 E4.40101
G1 X-18.214 Y12.78 E4.41517
G1 X-20.684 Y10.311 E4.56158
G1 X-20.426 Y10.093 E4.57574
G1 X-17.956 Y12.563 E4.72218
G1 X-17.699 Y12.345 E4.73631
G1 X-20.169 Y9.875 E4.88275
G1 X-19.911 Y9.658 E4.89688
G1 X-17.441 Y12.127 E5.04329
G1 X-17.183 Y11.91 E5.05742
G1 X-19.653 Y9.44 E5.20386
G1 X-19.395 Y9.222 E5.21802
G1 X-16.926 Y11.692 E5.36443
G1 X-16.668 Y11.474 E5.37859
G1 X-19.138 Y9.005 E5.525
G1 X-18.88 Y8.787 E5.53916
G1 X-16.41 Y11.257 E5.6856
G1 X-16.153 Y11.039 E5.69973
G1 X-18.622 Y8.569 E5.84614
G1 X-18.365 Y8.352 E5.86024
G1 X-15.895 Y10.821 E6.00665
G1 X-15.637 Y10.604 E6.02078
G1 X-18.107 Y8.134 E6.16722
G1 X-17.849 Y7.916 E6.18138
G1 X-15.38 Y10.386 E6.32779
G1 X-15.122 Y10.168 E6.34195
G1 X-17.592 Y7.699 E6.48836
G1 X-17.334 Y7.481 E6.50252
G1 X-14.864 Y9.951 E6.64896
G1 X-14.607 Y9.733 E6.66309
G1 X-17.076 Y7.263 E6.8095
G1 X-16.819 Y7.046 E6.8236
G1 X-14.349 Y9.515 E6.97001
G1 X-14.091 Y9.298 E6.98414
G1 X-16.561 Y6.828 E7.13058
G1 X-16.303 Y6.61 E7.14474
G1 X-13.834 Y9.08 E7.29115
G1 X-13.576 Y8.862 E7.30531
G1 X-16.046 Y6.393 E7.45172
G1 X-15.788 Y6.175 E7.46588
G1 X-13.318 Y8.645 E7.61232
G1 X-13.061 Y8.427 E7.62645
G1 X-15.53 Y5.957 E7.77286
G1 X-15.273 Y5.74 E7.78696
G1 X-12.803 Y8.209 E7.93337
G1 X-12.545 Y7.992 E7.9475
G1 X-15.015 Y5.522 E8.09394
G1 X-14.757 Y5.304 E8.1081
G1 X-12.288 Y7.774 E8.25451
G1 X-12.03 Y7.556 E8.26867
G1 X-14.5 Y5.087 E8.41508
G1 X-14.242 Y4.869 E8.42924
G1 X-11.772 Y7.339 E8.57568
G1 X-11.515 Y7.121 E8.58981
G1 X-13.984 Y4.651 E8.73622
G1 X-13.727 Y4.434 E8.75032
G1 X-11.257 Y6.903 E8.89673
G1 X-10.999 Y6.686 E8.91086
G1 X-13.469 Y4.216 E9.0573
G1 X-13.211 Y3.998 E9.07146
G1 X-10.742 Y6.468 E9.21787
G1 X-10.484 Y6.25 E9.23203
G1 X-12.954 Y3.781 E9.37844
G1 X-12.696 Y3.563 E9.3926
G1 X-10.226 Y6.033 E9.53904
G1 X-9.969 Y5.815 E9.55317
G1 X-12.438 Y3.345 E9.69958
G1 X-12.181 Y3.128 E9.71368
G1 X-9.711 Y5.597 E9.86009
G1 X-9.453 Y5.38 E9.87422
G1 X-11.923 Y2.91 E10.02066
G1 X-11.665 Y2.692 E10.03482
G1 X-9.196 Y5.162 E10.18123
G1 X-8.938 Y4.944 E10.19539
G1 X-11.407 Y2.475 E10.34177
G1 X-11.15 Y2.257 E10.3559
G1 X-8.68 Y4.727 E10.50234
G1 X-8.422 Y4.509 E10.5165
G1 X-10.892 Y2.039 E10.66294
G1 X-10.634 Y1.822 E10.67707
G1 X-8.165 Y4.291 E10.82345
G1 X-7.907 Y4.074 E10.83758
G1 X-10.377 Y1.604 E10.98402
G1 X-10.119 Y1.386 E10.99818
G1 X-7.649 Y3.856 E11.14462
G1 X-7.392 Y3.638 E11.15875
G1 X-9.861 Y1.169 E11.30513
G1 X-9.604 Y.951 E11.31926
G1 X-7.134 Y3.421 E11.4657
G1 X-6.876 Y3.203 E11.47986
G1 X-9.346 Y.733 E11.6263
G1 X-9.088 Y.516 E11.64043
G1 X-6.619 Y2.985 E11.78681
G1 X-6.361 Y2.768 E11.80094
G1 X-8.831 Y.298 E11.94738
G1 X-8.573 Y.081 E11.96151
G1 X-6.103 Y2.55 E12.10792
G1 X-5.846 Y2.332 E12.12205
G1 X-8.315 Y-.137 E12.26843
G1 X-8.058 Y-.355 E12.28256
G1 X-5.588 Y2.115 E12.429
G1 X-5.33 Y1.897 E12.44316
G1 X-7.8 Y-.572 E12.58957
G1 X-7.542 Y-.79 E12.60373
G1 X-5.073 Y1.679 E12.75011
G1 X-4.815 Y1.462 E12.76424
G1 X-7.285 Y-1.008 E12.91068
G1 X-7.051 Y-1.249 E12.92476
G1 X-4.557 Y1.244 E13.07259
G1 X-4.3 Y1.026 E13.08672
G1 X-6.825 Y-1.499 E13.23642
G1 X-6.628 Y-1.777 E13.2507
G1 X-4.042 Y.809 E13.40402
G1 X-3.784 Y.591 E13.41818
G1 X-6.462 Y-2.087 E13.57695
G1 X-6.328 Y-2.428 E13.59231
G1 X-3.511 Y.389 E13.75932
G1 X-3.313 Y.25 E13.76946
G1 X-3.215 Y.21 E13.7739
G1 X-6.235 Y-2.81 E13.95295
G1 X-6.158 Y-3.209 E13.96999
G1 X-2.879 Y.071 E14.16442
G1 X-2.543 Y-.069 E14.17968
G1 X-6.147 Y-3.673 E14.39335
G1 X-6.227 Y-4.229 E14.4169
G1 X-2.009 Y-.01 E14.667
G1 E12.667 F2400
G92 E0
G1 Z3.55 F7200
G1 X-2.384 Y-7.04
G1 Z1.55
G1 E2 F2400
G1 F900
G1 X24.86 Y20.204 E3.61522
G1 X24.778 Y20.439 E3.62565
G1 X24.755 Y20.574 E3.63139
G1 X-2.815 Y-6.995 E5.2659
G1 X-2.942 Y-7.041 E5.27156
G1 X-3.602 Y-7.433 E5.30374
G1 X-4.29 Y-7.995 E5.34098
G1 X24.735 Y21.03 E7.06179
G1 X24.734 Y21.26 E7.07143
G1 X24.774 Y21.544 E7.08345
G1 X-7.353 Y-10.583 E8.98816
G1 X-10.417 Y-13.171 E9.1563
G1 X33.505 Y30.75 E11.76027
G1 X33.03 Y30.75 E11.78018
G1 X-13.48 Y-15.759 E14.53759
G1 X-16.543 Y-18.347 E14.7057
G1 X12.808 Y11.004 E16.44583
G1 X15.79 Y13.523 E16.60948
G1 X15.928 Y13.66 E16.61763
G1 X16.359 Y14.165 E16.64546
G1 X16.519 Y14.407 E16.65762
G1 X16.67 Y14.711 E16.67185
G1 X16.75 Y14.946 E16.68226
G1 X32.554 Y30.75 E17.61923
G1 X32.079 Y30.75 E17.63914
G1 X16.897 Y15.569 E18.53921
G1 X16.94 Y15.866 E18.55179
G1 X16.93 Y16.076 E18.5606
G1 X31.604 Y30.75 E19.43058
G1 X31.128 Y30.75 E19.45053
G1 X16.897 Y16.52 E20.29421
G1 X16.815 Y16.912 E20.311
G1 X30.653 Y30.75 E21.13141
G1 X30.178 Y30.75 E21.15132
G1 X16.69 Y17.262 E21.95098
G1 X16.526 Y17.575 E21.96579
G1 X29.702 Y30.75 E22.74693
G1 X29.227 Y30.75 E22.76684
G1 X16.352 Y17.876 E23.53013
G1 X16.141 Y18.14 E23.5443
G1 X28.751 Y30.75 E24.29191
G1 X28.276 Y30.75 E24.31182
G1 X15.906 Y18.38 E25.0452
G1 X15.652 Y18.601 E25.05931
G1 X27.801 Y30.75 E25.77959
G1 X27.325 Y30.75 E25.79954
G1 X15.368 Y18.793 E26.50843
G1 X15.213 Y18.891 E26.51612
G1 X15.059 Y18.959 E26.52318
G1 X26.85 Y30.75 E27.22223
G1 X26.375 Y30.75 E27.24214
G1 X14.718 Y19.093 E27.93325
G1 X14.344 Y19.194 E27.94949
G1 X25.899 Y30.75 E28.63458
G1 X25.424 Y30.75 E28.65449
G1 X13.926 Y19.252 E29.33617
G1 X13.47 Y19.272 E29.3553
G1 X24.949 Y30.75 E30.03583
G1 X24.473 Y30.75 E30.05578
G1 X12.995 Y19.272 E30.73628
G1 X12.52 Y19.272 E30.75619
G1 X23.998 Y30.75 E31.43669
G1 X23.523 Y30.75 E31.4566
G1 X12.044 Y19.272 E32.13713
G1 X11.569 Y19.272 E32.15704
G1 X23.047 Y30.75 E32.83754
G1 X22.572 Y30.75 E32.85745
G1 X11.094 Y19.272 E33.53795
G1 X10.618 Y19.272 E33.5579
G1 X22.097 Y30.75 E34.23843
G1 X21.621 Y30.75 E34.25838
G1 X10.143 Y19.272 E34.93888
G1 X9.668 Y19.272 E34.95879
G1 X21.146 Y30.75 E35.63929
G1 X20.671 Y30.75 E35.6592
G1 X9.192 Y19.272 E36.33973
G1 X8.717 Y19.272 E36.35964
G1 X20.195 Y30.75 E37.04014
G1 X19.72 Y30.75 E37.06005
G1 X8.242 Y19.272 E37.74055
G1 X7.766 Y19.272 E37.7605
G1 X19.245 Y30.75 E38.44103
G1 X18.769 Y30.75 E38.46098
G1 X7.291 Y19.272 E39.14148
G1 X6.816 Y19.272 E39.16139
G1 X18.294 Y30.75 E39.84189
G1 X17.819 Y30.75 E39.8618
G1 X6.34 Y19.272 E40.54233
G1 X5.865 Y19.272 E40.56224
G1 X17.343 Y30.75 E41.24274
G1 X16.868 Y30.75 E41.26265
G1 X5.39 Y19.272 E41.94315
G1 X4.914 Y19.272 E41.9631
G1 X16.393 Y30.75 E42.64363
G1 X15.917 Y30.75 E42.66358
G1 X4.439 Y19.272 E43.34408
G1 X3.964 Y19.272 E43.36399
G1 X15.442 Y30.75 E44.04449
G1 X14.967 Y30.75 E44.0644
G1 X3.488 Y19.272 E44.74493
G1 X3.013 Y19.272 E44.76484
G1 X14.491 Y30.75 E45.44534
G1 X14.016 Y30.75 E45.46525
G1 X2.538 Y19.272 E46.14575
G1 X2.062 Y19.272 E46.1657
G1 X13.541 Y30.75 E46.84623
G1 X13.065 Y30.75 E46.86618
G1 X1.587 Y19.272 E47.54668
G1 X1.112 Y19.272 E47.56659
G1 X12.59 Y30.75 E48.24709
G1 X12.115 Y30.75 E48.267
G1 X.637 Y19.272 E48.9475
G1 X.161 Y19.272 E48.96745
G1 X11.639 Y30.75 E49.64795
G1 X11.164 Y30.75 E49.66786
G1 X-.314 Y19.272 E50.34836
G1 X-.789 Y19.272 E50.36827
G1 X10.689 Y30.75 E51.04877
G1 X10.213 Y30.75 E51.06872
G1 X-1.265 Y19.272 E51.74922
G1 X-1.74 Y19.272 E51.76913
G1 X9.738 Y30.75 E52.44963
G1 X9.263 Y30.75 E52.46954
G1 X-2.215 Y19.272 E53.15004
G1 X-2.691 Y19.272 E53.16999
G1 X8.787 Y30.75 E53.85049
G1 X8.312 Y30.75 E53.8704
G1 X-3.166 Y19.272 E54.5509
G1 X-3.641 Y19.272 E54.57081
G1 X7.837 Y30.75 E55.25131
G1 X7.361 Y30.75 E55.27126
G1 X-4.117 Y19.272 E55.95176
G1 X-4.592 Y19.272 E55.97167
G1 X6.886 Y30.75 E56.65217
G1 X6.411 Y30.75 E56.67208
G1 X-5.067 Y19.272 E57.35258
G1 X-5.543 Y19.272 E57.37253
G1 X5.935 Y30.75 E58.05303
G1 X5.46 Y30.75 E58.07294
G1 X-6.018 Y19.272 E58.75344
G1 X-6.493 Y19.272 E58.77335
G1 X4.985 Y30.75 E59.45385
G1 X4.509 Y30.75 E59.4738
G1 X-6.969 Y19.272 E60.1543
G1 X-7.444 Y19.272 E60.17421
G1 X4.034 Y30.75 E60.85471
G1 X3.558 Y30.75 E60.87466
G1 X-7.919 Y19.272 E61.55513
G1 X-8.395 Y19.273 E61.57509
G1 X3.083 Y30.75 E62.25556
G1 X2.608 Y30.75 E62.27547
G1 X-8.87 Y19.273 E62.95594
G1 X-9.345 Y19.273 E62.97585
G1 X2.132 Y30.75 E63.65629
G1 X1.657 Y30.75 E63.6762
G1 X-9.821 Y19.273 E64.35667
G1 X-10.296 Y19.273 E64.37658
G1 X1.182 Y30.75 E65.05705
G1 X.706 Y30.75 E65.077
G1 X-10.771 Y19.273 E65.75744
G1 X-11.247 Y19.273 E65.77739
G1 X.231 Y30.75 E66.45786
G1 X-.244 Y30.75 E66.47777
G1 X-11.722 Y19.273 E67.15824
G1 X-12.197 Y19.273 E67.17815
G1 X-.72 Y30.75 E67.85859
G1 X-1.195 Y30.75 E67.8785
G1 X-12.673 Y19.273 E68.55897
G1 X-13.148 Y19.273 E68.57888
G1 X-1.67 Y30.75 E69.25935
G1 X-2.146 Y30.75 E69.2793
G1 X-13.623 Y19.273 E69.95974
G1 X-14.098 Y19.273 E69.97965
G1 X-2.621 Y30.75 E70.66009
G1 X-3.096 Y30.75 E70.68
G1 X-14.574 Y19.273 E71.36047
G1 X-15.049 Y19.273 E71.38038
G1 X-3.572 Y30.75 E72.06082
G1 X-4.047 Y30.75 E72.08073
G1 X-15.524 Y19.273 E72.76117
G1 X-16 Y19.273 E72.78112
G1 X-4.522 Y30.75 E73.46159
G1 X-4.998 Y30.75 E73.48154
G1 X-16.475 Y19.273 E74.16198
G1 X-16.95 Y19.273 E74.18189
G1 X-5.473 Y30.75 E74.86233
G1 X-5.948 Y30.75 E74.88224
G1 X-17.499 Y19.199 E75.56706
G1 X-17.84 Y19.15 E75.5815
G1 X-18.101 Y19.073 E75.59291
G1 X-6.424 Y30.75 E76.2852
G1 X-6.899 Y30.75 E76.30511
G1 X-24.404 Y13.245 E77.34293
G1 X-24.759 Y13.366 E77.35865
G1 X-7.374 Y30.75 E78.38932
G1 X-7.85 Y30.75 E78.40927
G1 X-25.148 Y13.452 E79.43482
G1 X-25.577 Y13.499 E79.45291
G1 X-8.325 Y30.75 E80.4757
G1 X-8.8 Y30.75 E80.49561
G1 X-26.08 Y13.47 E81.52009
G1 X-26.436 Y13.404 E81.53527
G1 X-26.717 Y13.309 E81.54771
G1 X-9.276 Y30.75 E82.58173
G1 X-9.751 Y30.75 E82.60164
G1 X-38.391 Y2.11 E84.29962
G1 X-38.391 Y1.635 E84.31953
G1 X-28.73 Y11.296 E84.8923
G1 X-28.868 Y10.781 E84.91465
G1 X-28.876 Y10.674 E84.91915
G1 X-38.391 Y1.159 E85.48327
G1 X-38.391 Y.684 E85.50318
G1 X-28.912 Y10.163 E86.06516
G1 X-28.912 Y9.688 E86.08507
G1 X-38.391 Y.209 E86.64705
G1 X-38.391 Y-.267 E86.667
G1 X-28.912 Y9.212 E87.22898
G1 X-28.912 Y8.737 E87.24889
G1 X-38.391 Y-.742 E87.81087
G1 X-38.391 Y-1.217 E87.83078
G1 X-28.912 Y8.262 E88.39276
G1 X-28.912 Y7.786 E88.41271
G1 X-38.391 Y-1.693 E88.97469
G1 X-38.391 Y-2.168 E88.9946
G1 X-28.912 Y7.311 E89.55658
G1 X-28.912 Y6.836 E89.57649
G1 X-38.391 Y-2.644 E90.1385
G1 X-38.391 Y-3.119 E90.15841
G1 X-28.912 Y6.36 E90.72039
G1 X-28.912 Y5.885 E90.7403
G1 X-38.391 Y-3.594 E91.30228
G1 X-38.391 Y-4.07 E91.32223
G1 X-28.912 Y5.41 E91.88424
G1 X-28.912 Y4.934 E91.90419
G1 X-38.391 Y-4.545 E92.46617
G1 X-38.391 Y-5.02 E92.48608
G1 X-28.912 Y4.459 E93.04806
G1 X-28.912 Y3.984 E93.06797
G1 X-38.391 Y-5.496 E93.62998
G1 X-38.391 Y-5.971 E93.64989
G1 X-28.912 Y3.508 E94.21187
G1 X-28.912 Y3.033 E94.23178
G1 X-38.391 Y-6.446 E94.79376
G1 X-38.391 Y-6.922 E94.81371
G1 X-28.912 Y2.558 E95.37572
G1 X-28.912 Y2.082 E95.39567
G1 X-38.391 Y-7.397 E95.95765
G1 X-38.391 Y-7.872 E95.97756
G1 X-28.912 Y1.607 E96.53954
G1 X-28.912 Y1.132 E96.55945
G1 X-38.391 Y-8.348 E97.12146
G1 X-38.391 Y-8.823 E97.14137
G1 X-28.912 Y.656 E97.70335
G1 X-28.912 Y.181 E97.72326
G1 X-38.391 Y-9.298 E98.28524
G1 X-38.391 Y-9.774 E98.30519
G1 X-28.912 Y-.294 E98.8672
G1 X-28.912 Y-.77 E98.88715
G1 X-38.391 Y-10.249 E99.44913
G1 X-38.391 Y-10.724 E99.46904
G1 X-28.912 Y-1.245 E100.03102
G1 X-28.912 Y-1.721 E100.05097
G1 X-38.391 Y-11.2 E100.61295
G1 X-38.391 Y-11.675 E100.63286
G1 X-28.912 Y-2.196 E101.19484
G1 X-28.912 Y-2.671 E101.21475
G1 X-38.391 Y-12.15 E101.77673
G1 X-38.391 Y-12.626 E101.79668
G1 X-28.912 Y-3.147 E102.35866
G1 X-28.912 Y-3.622 E102.37857
G1 X-38.391 Y-13.101 E102.94055
G1 X-38.391 Y-13.576 E102.96046
G1 X-28.912 Y-4.097 E103.52244
G1 X-28.912 Y-4.573 E103.54239
G1 X-38.391 Y-14.052 E104.10437
G1 X-38.391 Y-14.527 E104.12428
G1 X-28.912 Y-5.048 E104.68626
G1 X-28.912 Y-5.523 E104.70617
G1 X-38.391 Y-15.002 E105.26815
G1 X-38.391 Y-15.478 E105.2881
G1 X-28.912 Y-5.999 E105.85008
G1 X-28.912 Y-6.474 E105.86999
G1 X-38.391 Y-15.953 E106.43197
G1 X-38.391 Y-16.428 E106.45188
G1 X-28.912 Y-6.949 E107.01386
G1 X-28.912 Y-7.425 E107.03381
G1 X-38.391 Y-16.904 E107.59579
G1 X-38.391 Y-17.379 E107.6157
G1 X-28.912 Y-7.9 E108.17768
G1 X-28.912 Y-8.375 E108.19759
G1 X-38.391 Y-17.854 E108.75957
G1 X-38.391 Y-18.33 E108.77952
G1 X-28.912 Y-8.851 E109.3415
G1 X-28.912 Y-9.326 E109.36141
G1 X-38.391 Y-18.805 E109.92339
G1 X-38.391 Y-19.28 E109.9433
G1 X-28.912 Y-9.801 E110.50528
G1 X-28.912 Y-10.277 E110.52523
G1 X-38.391 Y-19.756 E111.08721
G1 X-38.391 Y-20.231 E111.10712
G1 X-28.912 Y-10.752 E111.6691
G1 X-28.912 Y-11.227 E111.68901
G1 X-38.391 Y-20.706 E112.25099
G1 X-38.391 Y-21.182 E112.27094
G1 X-28.912 Y-11.703 E112.83292
G1 X-28.912 Y-12.178 E112.85283
G1 X-38.391 Y-21.657 E113.41481
G1 X-38.403 Y-22.144 E113.43523
G1 X-28.912 Y-12.653 E113.99792
G1 X-28.912 Y-13.129 E114.01787
G1 X-38.45 Y-22.667 E114.58335
G1 X-38.566 Y-23.186 E114.60564
G1 X-38.612 Y-23.304 E114.61095
G1 X-28.912 Y-13.604 E115.18603
G1 X-28.912 Y-14.079 E115.20594
G1 X-46.562 Y-31.729 E116.25236
G1 X-46.086 Y-31.729 E116.27231
G1 X-28.912 Y-14.555 E117.2905
G1 X-28.912 Y-15.03 E117.31041
G1 X-45.611 Y-31.729 E118.30044
G1 X-45.136 Y-31.729 E118.32035
G1 X-28.912 Y-15.505 E119.28222
G1 X-28.912 Y-15.981 E119.30217
G1 X-44.66 Y-31.729 E120.23582
G1 X-44.185 Y-31.729 E120.25573
G1 X-28.912 Y-16.456 E121.16122
G1 X-28.912 Y-16.931 E121.18113
G1 X-43.71 Y-31.729 E122.05846
G1 X-43.234 Y-31.729 E122.07841
G1 X-28.899 Y-17.393 E122.92832
G1 X-28.83 Y-17.799 E122.94558
G1 X-42.759 Y-31.729 E123.77142
G1 X-42.284 Y-31.729 E123.79133
G1 X-28.759 Y-18.204 E124.59319
G1 X-28.622 Y-18.543 E124.60852
G1 X-41.808 Y-31.729 E125.39028
G1 X-41.333 Y-31.729 E125.41019
G1 X-28.458 Y-18.854 E126.17351
G1 X-28.279 Y-19.15 E126.18801
G1 X-40.858 Y-31.729 E126.93378
G1 X-40.382 Y-31.729 E126.95373
G1 X-28.057 Y-19.403 E127.68447
G1 X-27.822 Y-19.644 E127.69858
G1 X-39.907 Y-31.729 E128.41506
G1 X-39.432 Y-31.729 E128.43497
G1 X-27.558 Y-19.856 E129.13891
G1 X-27.469 Y-19.927 E129.14368
G1 X-27.266 Y-20.038 E129.15338
G1 X-38.956 Y-31.729 E129.84647
G1 X-38.481 Y-31.729 E129.86638
G1 X-26.958 Y-20.206 E130.54954
G1 X-26.605 Y-20.328 E130.5652
G1 X-38.006 Y-31.729 E131.24113
G1 X-37.53 Y-31.729 E131.26108
G1 X-33.212 Y-27.41 E131.51711
G1 X-33.262 Y-27.638 E131.5269
G1 X-33.258 Y-27.932 E131.53923
G1 X-37.055 Y-31.729 E131.76434
G1 X-36.58 Y-31.729 E131.78425
G1 X-33.251 Y-28.4 E131.98162
G1 X-33.149 Y-28.773 E131.99783
G1 X-36.104 Y-31.729 E132.17305
G1 X-35.629 Y-31.729 E132.19296
G1 X-33.021 Y-29.121 E132.34758
G1 X-32.847 Y-29.423 E132.36219
G1 X-35.154 Y-31.729 E132.49894
G1 X-34.678 Y-31.729 E132.51889
G1 X-32.638 Y-29.689 E132.63984
G1 X-32.493 Y-29.862 E132.6493
G1 X-32.408 Y-29.934 E132.65397
G1 X-34.203 Y-31.729 E132.76039
G1 X-33.728 Y-31.729 E132.7803
G1 X-32.145 Y-30.146 E132.87415
G1 X-31.843 Y-30.32 E132.88876
G1 X-33.252 Y-31.729 E132.9723
G1 X-32.777 Y-31.729 E132.99221
G1 X-31.512 Y-30.464 E133.06721
G1 X-31.369 Y-30.517 E133.0736
G1 X-31.135 Y-30.562 E133.08359
G1 X-32.302 Y-31.729 E133.15278
G1 X-31.826 Y-31.729 E133.17273
G1 X-30.712 Y-30.615 E133.23878
G1 X-30.344 Y-30.602 E133.25422
G1 X-30.202 Y-30.58 E133.26024
G1 X-31.351 Y-31.729 E133.32836
G1 X-30.876 Y-31.729 E133.34827
G1 X6.681 Y5.828 E135.57491
G1 X9.745 Y8.416 E135.74305
G1 X-30.4 Y-31.729 E138.12313
G1 X-29.925 Y-31.729 E138.14304
G1 X-20.029 Y-21.833 E138.72974
G1 X-20.177 Y-22.324 E138.75124
G1 X-20.199 Y-22.478 E138.75776
G1 X-29.45 Y-31.729 E139.30622
G1 X-28.974 Y-31.729 E139.32617
G1 X-20.235 Y-22.99 E139.84428
G1 X-20.212 Y-23.442 E139.86325
G1 X-28.499 Y-31.729 E140.35456
G1 X-28.024 Y-31.729 E140.37447
G1 X-20.132 Y-23.837 E140.84236
G1 X-20.007 Y-24.188 E140.85798
G1 X-27.548 Y-31.729 E141.30506
G1 X-27.073 Y-31.729 E141.32497
G1 X-19.859 Y-24.515 E141.75267
G1 X-19.684 Y-24.815 E141.76723
G1 X-26.598 Y-31.729 E142.17714
G1 X-26.122 Y-31.729 E142.19709
G1 X-19.476 Y-25.083 E142.59111
G1 X-19.241 Y-25.323 E142.60519
G1 X-25.647 Y-31.729 E142.98498
G1 X-25.171 Y-31.729 E143.00493
G1 X-18.994 Y-25.551 E143.37118
G1 X-18.711 Y-25.744 E143.38554
G1 X-24.696 Y-31.729 E143.74037
G1 X-24.221 Y-31.729 E143.76028
G1 X-18.403 Y-25.912 E144.10518
G1 X-18.075 Y-26.059 E144.12025
G1 X-23.745 Y-31.729 E144.45641
G1 X-23.27 Y-31.729 E144.47632
G1 X-17.703 Y-26.162 E144.80637
G1 X-17.526 Y-26.205 E144.81401
G1 X-17.291 Y-26.225 E144.8239
G1 X-22.795 Y-31.729 E145.15022
G1 X-22.319 Y-31.729 E145.17017
G1 X-16.84 Y-26.25 E145.495
G1 X-16.365 Y-26.25 E145.51491
G1 X-21.844 Y-31.729 E145.83974
G1 X-21.369 Y-31.729 E145.85965
G1 X-15.89 Y-26.25 E146.18448
G1 X-15.414 Y-26.25 E146.20443
G1 X-20.893 Y-31.729 E146.52926
G1 X-20.418 Y-31.729 E146.54917
G1 X-14.939 Y-26.25 E146.874
G1 X-14.464 Y-26.25 E146.89391
G1 X-19.943 Y-31.729 E147.21874
G1 X-19.467 Y-31.729 E147.23869
G1 X-13.988 Y-26.25 E147.56352
G1 X-13.513 Y-26.25 E147.58343
G1 X-18.992 Y-31.729 E147.90826
G1 X-18.517 Y-31.729 E147.92817
G1 X-13.038 Y-26.25 E148.253
G1 X-12.562 Y-26.25 E148.27295
G1 X-18.041 Y-31.729 E148.59778
G1 X-17.566 Y-31.729 E148.61769
G1 X-12.087 Y-26.25 E148.94252
G1 X-11.612 Y-26.25 E148.96243
G1 X-17.091 Y-31.729 E149.28726
G1 X-16.615 Y-31.729 E149.30721
G1 X-11.136 Y-26.25 E149.63204
G1 X-10.661 Y-26.25 E149.65195
G1 X-16.14 Y-31.729 E149.97678
G1 X-15.665 Y-31.729 E149.99669
G1 X-10.186 Y-26.25 E150.32152
G1 X-9.71 Y-26.25 E150.34147
G1 X-15.189 Y-31.729 E150.6663
G1 X-14.714 Y-31.729 E150.68621
G1 X-9.235 Y-26.25 E151.01104
G1 X-8.76 Y-26.25 E151.03095
G1 X-14.239 Y-31.729 E151.35578
G1 X-13.763 Y-31.729 E151.37573
G1 X-8.284 Y-26.25 E151.70056
G1 X-7.809 Y-26.25 E151.72047
G1 X-13.288 Y-31.729 E152.0453
G1 X-12.813 Y-31.729 E152.06521
G1 X-7.334 Y-26.25 E152.39004
G1 X-6.858 Y-26.25 E152.40999
G1 X-12.337 Y-31.729 E152.73482
G1 X-11.862 Y-31.729 E152.75473
G1 X-6.383 Y-26.25 E153.07956
G1 X-5.908 Y-26.25 E153.09947
G1 X-11.387 Y-31.729 E153.4243
G1 X-10.911 Y-31.729 E153.44425
G1 X-5.432 Y-26.25 E153.76908
G1 X-4.957 Y-26.25 E153.78899
G1 X-10.436 Y-31.729 E154.11382
G1 X-9.961 Y-31.729 E154.13373
G1 X-4.482 Y-26.25 E154.45856
G1 X-4.006 Y-26.25 E154.47851
G1 X-9.485 Y-31.729 E154.80334
G1 X-9.01 Y-31.729 E154.82325
G1 X-3.531 Y-26.25 E155.14808
G1 X-3.055 Y-26.25 E155.16803
G1 X-8.535 Y-31.729 E155.49289
G1 X-8.059 Y-31.729 E155.51284
G1 X-2.58 Y-26.25 E155.83767
G1 X-2.105 Y-26.25 E155.85758
G1 X-7.584 Y-31.729 E156.18241
G1 X-7.109 Y-31.729 E156.20232
G1 X-1.629 Y-26.25 E156.52718
G1 X-1.154 Y-26.25 E156.54709
G1 X-6.633 Y-31.729 E156.87192
G1 X-6.158 Y-31.729 E156.89183
G1 X-.679 Y-26.25 E157.21666
G1 X-.203 Y-26.25 E157.23661
G1 X-5.683 Y-31.729 E157.56147
G1 X-5.207 Y-31.729 E157.58142
G1 X.272 Y-26.25 E157.90625
G1 X.747 Y-26.25 E157.92616
G1 X-4.732 Y-31.729 E158.25099
G1 X-4.257 Y-31.729 E158.2709
G1 X1.223 Y-26.25 E158.59576
G1 X1.698 Y-26.25 E158.61567
G1 X-3.781 Y-31.729 E158.9405
G1 X-3.306 Y-31.729 E158.96041
G1 X2.173 Y-26.25 E159.28524
G1 X2.649 Y-26.25 E159.30519
G1 X-2.831 Y-31.729 E159.63005
G1 X-2.355 Y-31.729 E159.65
G1 X3.124 Y-26.25 E159.97483
G1 X3.599 Y-26.25 E159.99474
G1 X-1.88 Y-31.729 E160.31957
G1 X-1.405 Y-31.729 E160.33948
G1 X4.075 Y-26.25 E160.66434
G1 X4.55 Y-26.25 E160.68425
G1 X-.929 Y-31.729 E161.00908
G1 X-.454 Y-31.729 E161.02899
G1 X5.025 Y-26.25 E161.35382
G1 X5.501 Y-26.25 E161.37377
G1 X.022 Y-31.729 E161.6986
G1 X.497 Y-31.729 E161.71851
G1 X5.976 Y-26.25 E162.04334
G1 X6.451 Y-26.25 E162.06325
G1 X.972 Y-31.729 E162.38808
G1 X1.448 Y-31.729 E162.40803
G1 X6.927 Y-26.25 E162.73286
G1 X7.402 Y-26.25 E162.75277
G1 X1.923 Y-31.729 E163.0776
G1 X2.398 Y-31.729 E163.09751
G1 X7.877 Y-26.25 E163.42234
G1 X8.353 Y-26.25 E163.44229
G1 X2.874 Y-31.729 E163.76712
G1 X3.349 Y-31.729 E163.78703
G1 X8.828 Y-26.25 E164.11186
G1 X9.303 Y-26.25 E164.13177
G1 X3.824 Y-31.729 E164.4566
G1 X4.3 Y-31.729 E164.47655
G1 X9.779 Y-26.25 E164.80138
G1 X10.254 Y-26.25 E164.82129
G1 X4.775 Y-31.729 E165.14612
G1 X5.25 Y-31.729 E165.16603
G1 X10.729 Y-26.25 E165.49086
G1 X11.205 Y-26.25 E165.51081
G1 X5.726 Y-31.729 E165.83564
G1 X6.201 Y-31.729 E165.85555
G1 X11.68 Y-26.25 E166.18038
G1 X12.155 Y-26.25 E166.20029
G1 X6.676 Y-31.729 E166.52512
G1 X7.152 Y-31.729 E166.54507
G1 X12.631 Y-26.25 E166.8699
G1 X13.106 Y-26.25 E166.88981
G1 X7.627 Y-31.729 E167.21464
G1 X8.102 Y-31.729 E167.23455
G1 X13.581 Y-26.25 E167.55938
G1 X14.086 Y-26.221 E167.58059
G1 X8.578 Y-31.729 E167.90714
G1 X9.053 Y-31.729 E167.92705
G1 X14.973 Y-25.808 E168.27806
G1 E166.27806 F2400
G92 E0
G1 Z3.55 F7200
G1 X23.551 Y-20.083
G1 Z1.55
G1 E2 F2400
G1 F900
G1 X11.905 Y-31.729 E2.69046
G1 X11.43 Y-31.729 E2.71037
G1 X22.697 Y-20.462 E3.37836
G1 X22.21 Y-20.473 E3.39878
G1 X10.954 Y-31.729 E4.06611
G1 X10.479 Y-31.729 E4.08602
G1 X21.801 Y-20.407 E4.75727
G1 X21.407 Y-20.325 E4.77414
G1 X10.004 Y-31.729 E5.45022
G1 X9.528 Y-31.729 E5.47017
G1 X21.05 Y-20.207 E6.15327
G1 X20.731 Y-20.05 E6.16818
G1 X16.773 Y-24.009 E6.40287
G1 X16.91 Y-23.397 E6.42916
G1 X20.449 Y-19.858 E6.63898
G1 X20.178 Y-19.653 E6.65323
G1 X16.931 Y-22.9 E6.84573
G1 X16.933 Y-22.747 E6.85214
G1 X16.888 Y-22.468 E6.86399
G1 X19.921 Y-19.435 E7.04381
G1 X19.663 Y-19.218 E7.05794
G1 X16.802 Y-22.079 E7.22756
G1 X16.681 Y-21.724 E7.24328
G1 X19.405 Y-19 E7.40478
G1 X19.148 Y-18.782 E7.41891
G1 X16.52 Y-21.41 E7.57472
G1 X16.34 Y-21.114 E7.58924
G1 X18.89 Y-18.565 E7.74039
G1 X18.632 Y-18.347 E7.75455
G1 X16.134 Y-20.845 E7.90265
G1 X15.898 Y-20.605 E7.91676
G1 X18.374 Y-18.129 E8.06355
G1 X18.117 Y-17.912 E8.07765
G1 X15.645 Y-20.384 E8.22421
G1 X15.387 Y-20.166 E8.23837
G1 X17.859 Y-17.694 E8.38493
G1 X17.601 Y-17.476 E8.39909
G1 X15.129 Y-19.948 E8.54565
G1 X14.872 Y-19.731 E8.55975
G1 X17.344 Y-17.259 E8.70631
G1 X17.086 Y-17.041 E8.72047
G1 X14.614 Y-19.513 E8.86703
G1 X14.356 Y-19.295 E8.88119
G1 X16.828 Y-16.823 E9.02775
G1 X16.571 Y-16.606 E9.04185
G1 X14.099 Y-19.078 E9.18841
G1 X13.841 Y-18.86 E9.20257
G1 X16.313 Y-16.388 E9.34913
G1 X16.055 Y-16.17 E9.36329
G1 X13.584 Y-18.642 E9.50982
G1 X13.326 Y-18.424 E9.52398
G1 X15.798 Y-15.953 E9.67051
G1 X15.54 Y-15.735 E9.68467
G1 X13.068 Y-18.207 E9.83123
G1 X12.811 Y-17.989 E9.84536
G1 X15.282 Y-15.517 E9.99189
G1 X15.025 Y-15.3 E10.00599
G1 X12.553 Y-17.771 E10.15252
G1 X12.296 Y-17.553 E10.16665
G1 X14.767 Y-15.082 E10.31315
G1 X14.509 Y-14.864 E10.32731
G1 X12.038 Y-17.336 E10.47384
G1 X11.78 Y-17.118 E10.488
G1 X14.252 Y-14.647 E10.63453
G1 X13.994 Y-14.429 E10.64869
G1 X11.523 Y-16.9 E10.79519
G1 X11.265 Y-16.683 E10.80932
G1 X13.736 Y-14.211 E10.95585
G1 X13.479 Y-13.994 E10.96995
G1 X11.007 Y-16.465 E11.11648
G1 X10.75 Y-16.247 E11.13061
G1 X13.221 Y-13.776 E11.27711
G1 X12.963 Y-13.558 E11.29127
G1 X10.492 Y-16.029 E11.43777
G1 X10.235 Y-15.812 E11.45187
G1 X12.706 Y-13.341 E11.59837
G1 X12.448 Y-13.123 E11.61253
G1 X9.977 Y-15.594 E11.75903
G1 X9.719 Y-15.376 E11.77319
G1 X12.19 Y-12.905 E11.91969
G1 X11.933 Y-12.688 E11.93379
G1 X9.462 Y-15.159 E12.08029
G1 X9.204 Y-14.941 E12.09445
G1 X11.675 Y-12.47 E12.24095
G1 X11.417 Y-12.252 E12.25511
G1 X8.947 Y-14.723 E12.40158
G1 X8.689 Y-14.505 E12.41574
G1 X11.16 Y-12.035 E12.56221
G1 X10.902 Y-11.817 E12.57637
G1 X8.431 Y-14.288 E12.72287
G1 X8.174 Y-14.07 E12.737
G1 X10.644 Y-11.599 E12.88347
G1 X10.387 Y-11.382 E12.89757
G1 X7.916 Y-13.852 E13.04404
G1 X7.658 Y-13.634 E13.0582
G1 X10.129 Y-11.164 E13.20467
G1 X9.871 Y-10.946 E13.21883
G1 X7.401 Y-13.417 E13.3653
G1 X7.143 Y-13.199 E13.37946
G1 X9.614 Y-10.729 E13.52593
G1 X9.356 Y-10.511 E13.54009
G1 X6.886 Y-12.981 E13.68653
G1 X6.628 Y-12.764 E13.70066
G1 X9.098 Y-10.293 E13.84713
G1 X8.84 Y-10.076 E13.86126
G1 X6.37 Y-12.546 E14.0077
G1 X6.113 Y-12.328 E14.02183
G1 X8.583 Y-9.858 E14.16827
G1 X8.325 Y-9.64 E14.18243
G1 X5.855 Y-12.11 E14.32887
G1 X5.598 Y-11.893 E14.34297
G1 X8.067 Y-9.423 E14.48938
G1 X7.81 Y-9.205 E14.50351
G1 X5.34 Y-11.675 E14.64995
G1 X5.082 Y-11.457 E14.66411
G1 X7.552 Y-8.987 E14.81055
G1 X7.294 Y-8.77 E14.82468
G1 X4.825 Y-11.239 E14.97106
G1 X4.567 Y-11.022 E14.98519
G1 X7.037 Y-8.552 E15.13163
G1 X6.779 Y-8.334 E15.14579
G1 X4.309 Y-10.804 E15.29223
G1 X4.052 Y-10.586 E15.30636
G1 X6.521 Y-8.117 E15.45274
G1 X6.264 Y-7.899 E15.46687
G1 X3.794 Y-10.369 E15.61331
G1 X3.537 Y-10.151 E15.62744
G1 X6.006 Y-7.681 E15.77385
G1 X5.748 Y-7.464 E15.78798
G1 X3.279 Y-9.933 E15.93436
G1 X3.021 Y-9.715 E15.94852
G1 X5.491 Y-7.246 E16.09493
G1 X5.233 Y-7.028 E16.10909
G1 X2.764 Y-9.498 E16.2555
G1 X2.506 Y-9.28 E16.26966
G1 X4.975 Y-6.811 E16.41604
G1 X4.718 Y-6.593 E16.43017
G1 X2.249 Y-9.062 E16.57655
G1 X1.991 Y-8.845 E16.59068
G1 X4.46 Y-6.375 E16.73709
G1 X4.202 Y-6.158 E16.75122
G1 X1.733 Y-8.627 E16.8976
G1 X1.476 Y-8.409 E16.91173
G1 X3.95 Y-5.935 E17.05841
G1 X3.725 Y-5.684 E17.07254
G1 X1.218 Y-8.191 E17.22117
G1 X.96 Y-7.974 E17.2353
G1 X3.501 Y-5.433 E17.38595
G1 X3.3 Y-5.159 E17.4002
G1 X.703 Y-7.756 E17.55417
G1 X.445 Y-7.538 E17.56833
G1 X3.136 Y-4.847 E17.72787
G1 X3.011 Y-4.497 E17.74345
G1 X.167 Y-7.341 E17.91206
G1 X.009 Y-7.229 E17.92018
G1 X-.136 Y-7.169 E17.92676
G1 X2.918 Y-4.115 E18.10782
G1 X2.871 Y-3.925 E18.11603
G1 X2.848 Y-3.71 E18.12509
G1 X-.472 Y-7.03 E18.32192
G1 X-.808 Y-6.89 E18.33718
G1 X2.848 Y-3.234 E18.55393
G1 X2.948 Y-2.658 E18.57844
G1 X-1.216 Y-6.823 E18.82534
G1 X-1.657 Y-6.789 E18.84388
G1 X24.988 Y19.857 E20.42361
G1 X25.075 Y19.677 E20.43199
G1 X25.168 Y19.561 E20.43822
G1 X7.959 Y2.353 E21.45846
G1 X11.02 Y4.938 E21.62642
G1 X25.379 Y19.297 E22.47772
G1 X25.505 Y19.14 E22.48616
G1 X25.606 Y19.049 E22.49186
G1 X14.081 Y7.523 E23.17517
G1 X17.141 Y10.108 E23.3431
G1 X25.877 Y18.845 E23.86106
G1 X26.179 Y18.671 E23.87567
G1 X20.202 Y12.694 E24.23003
G1 X20.729 Y13.071 E24.25719
G1 X21.201 Y13.294 E24.27907
G1 X21.308 Y13.325 E24.28374
G1 X26.503 Y18.52 E24.59174
G1 X26.896 Y18.437 E24.60858
G1 X21.921 Y13.462 E24.90353
G1 X22.275 Y13.501 E24.91846
G1 X22.429 Y13.495 E24.92492
G1 X27.325 Y18.391 E25.21519
G1 X27.832 Y18.423 E25.23649
G1 X22.863 Y13.453 E25.53112
G1 X23.253 Y13.369 E25.54784
G1 X40.635 Y30.75 E26.57834
G1 X41.11 Y30.75 E26.59825
G1 X23.605 Y13.245 E27.63607
G1 X23.925 Y13.09 E27.65098
G1 X41.586 Y30.75 E28.69802
G1 X42.061 Y30.75 E28.71793
G1 X24.216 Y12.905 E29.77591
G1 X24.486 Y12.7 E29.79012
G1 X42.536 Y30.75 E30.86025
G1 X43.012 Y30.75 E30.8802
G1 X24.722 Y12.461 E31.96453
G1 X24.947 Y12.21 E31.97866
G1 X43.487 Y30.75 E33.07784
G1 X43.962 Y30.75 E33.09775
G1 X38.106 Y24.894 E33.44493
G1 X38.672 Y25.104 E33.47024
G1 X38.821 Y25.134 E33.47661
G1 X44.438 Y30.75 E33.8096
G1 X44.913 Y30.75 E33.82951
G1 X39.408 Y25.245 E34.15588
G1 X39.909 Y25.271 E34.17691
G1 X45.388 Y30.75 E34.50174
G1 X45.864 Y30.75 E34.52169
G1 X40.384 Y25.271 E34.84655
G1 X40.859 Y25.27 E34.86646
G1 X46.339 Y30.75 E35.19135
G1 X46.814 Y30.75 E35.21126
G1 X41.334 Y25.27 E35.53615
G1 X41.809 Y25.269 E35.55606
G1 X47.29 Y30.75 E35.88101
G1 X47.765 Y30.75 E35.90092
G1 X42.284 Y25.269 E36.22587
G1 X42.735 Y25.245 E36.2448
G1 X48.24 Y30.75 E36.57117
G1 X48.716 Y30.75 E36.59112
G1 X43.153 Y25.188 E36.9209
G1 X43.377 Y25.143 E36.93048
G1 X43.532 Y25.091 E36.93733
G1 X49.191 Y30.75 E37.27284
G1 X49.666 Y30.75 E37.29275
G1 X43.887 Y24.97 E37.6354
G1 X44.048 Y24.916 E37.64252
G1 X44.219 Y24.827 E37.6506
G1 X50.142 Y30.75 E38.00176
G1 X50.617 Y30.75 E38.02167
G1 X44.533 Y24.666 E38.38237
G1 X44.819 Y24.476 E38.39676
G1 X51.092 Y30.75 E38.7687
G1 X51.568 Y30.75 E38.78865
G1 X45.082 Y24.264 E39.17319
G1 X45.335 Y24.042 E39.1873
G1 X52.043 Y30.75 E39.585
G1 X52.518 Y30.75 E39.60491
G1 X45.557 Y23.789 E40.01761
G1 X45.778 Y23.534 E40.03176
G1 X52.994 Y30.75 E40.45957
G1 X53.469 Y30.75 E40.47948
G1 X45.964 Y23.245 E40.92443
G1 X46.138 Y22.944 E40.93901
G1 X53.945 Y30.75 E41.40183
G1 X54.42 Y30.75 E41.42174
G1 X46.287 Y22.617 E41.90392
G1 X46.412 Y22.267 E41.9195
G1 X54.588 Y30.443 E42.40423
G1 X54.588 Y29.967 E42.42418
G1 X46.502 Y21.882 E42.90355
G1 X46.58 Y21.485 E42.92051
G1 X54.588 Y29.492 E43.39525
G1 X54.588 Y29.017 E43.41516
G1 X46.607 Y21.036 E43.88833
G1 X46.609 Y20.562 E43.9082
G1 X54.588 Y28.541 E44.38125
G1 X54.588 Y28.066 E44.40116
G1 X46.609 Y20.087 E44.87421
G1 X46.609 Y19.612 E44.89412
G1 X54.588 Y27.591 E45.36717
G1 X54.588 Y27.115 E45.38712
G1 X46.608 Y19.136 E45.8602
G1 X46.608 Y18.661 E45.88011
G1 X54.588 Y26.64 E46.35319
G1 X54.588 Y26.165 E46.3731
G1 X46.608 Y18.185 E46.84621
G1 X46.608 Y17.71 E46.86612
G1 X54.588 Y25.689 E47.3392
G1 X54.588 Y25.214 E47.35911
G1 X46.608 Y17.235 E47.83219
G1 X46.608 Y16.759 E47.85214
G1 X54.588 Y24.739 E48.32525
G1 X54.588 Y24.263 E48.3452
G1 X46.608 Y16.284 E48.81828
G1 X46.608 Y15.809 E48.83819
G1 X54.588 Y23.788 E49.31127
G1 X54.588 Y23.313 E49.33118
G1 X46.608 Y15.333 E49.80429
G1 X46.608 Y14.858 E49.8242
G1 X54.588 Y22.837 E50.29728
G1 X54.588 Y22.362 E50.31719
G1 X46.608 Y14.383 E50.79027
G1 X46.608 Y13.907 E50.81022
G1 X54.588 Y21.887 E51.28333
G1 X54.588 Y21.411 E51.30328
G1 X46.608 Y13.432 E51.77636
G1 X46.608 Y12.956 E51.79631
G1 X54.588 Y20.936 E52.26942
G1 X54.588 Y20.461 E52.28933
G1 X46.608 Y12.481 E52.76244
G1 X46.608 Y12.006 E52.78235
G1 X54.588 Y19.985 E53.25543
G1 X54.588 Y19.51 E53.27534
G1 X46.608 Y11.53 E53.74845
G1 X46.608 Y11.055 E53.76836
G1 X54.588 Y19.035 E54.24147
G1 X54.588 Y18.559 E54.26142
G1 X46.608 Y10.58 E54.7345
G1 X46.608 Y10.104 E54.75445
G1 X54.588 Y18.084 E55.22756
G1 X54.588 Y17.609 E55.24747
G1 X46.608 Y9.629 E55.72058
G1 X46.608 Y9.153 E55.74053
G1 X54.588 Y17.133 E56.21364
G1 X54.588 Y16.658 E56.23355
G1 X46.608 Y8.678 E56.70666
G1 X46.608 Y8.203 E56.72657
G1 X54.588 Y16.183 E57.19968
G1 X54.588 Y15.707 E57.21963
G1 X46.608 Y7.727 E57.69274
G1 X46.608 Y7.252 E57.71265
G1 X54.588 Y15.232 E58.18576
G1 X54.588 Y14.757 E58.20567
G1 X46.608 Y6.777 E58.67878
G1 X46.608 Y6.301 E58.69873
G1 X54.588 Y14.281 E59.17184
G1 X54.588 Y13.806 E59.19175
G1 X46.608 Y5.826 E59.66486
G1 X46.608 Y5.351 E59.68477
G1 X54.588 Y13.331 E60.15788
G1 X54.588 Y12.855 E60.17783
G1 X46.608 Y4.875 E60.65094
G1 X46.608 Y4.4 E60.67085
G1 X54.588 Y12.38 E61.14396
G1 X54.588 Y11.905 E61.16387
G1 X46.608 Y3.924 E61.63701
G1 X46.608 Y3.449 E61.65692
G1 X54.588 Y11.429 E62.13003
G1 X54.588 Y10.954 E62.14994
G1 X46.608 Y2.974 E62.62305
G1 X46.608 Y2.498 E62.643
G1 X54.588 Y10.479 E63.11614
G1 X54.588 Y10.003 E63.13609
G1 X46.608 Y2.023 E63.6092
G1 X46.607 Y1.548 E63.62911
G1 X54.588 Y9.528 E64.10225
G1 X54.588 Y9.052 E64.1222
G1 X46.607 Y1.072 E64.59534
G1 X46.607 Y.597 E64.61525
G1 X54.588 Y8.577 E65.08839
G1 X54.588 Y8.102 E65.1083
G1 X46.607 Y.122 E65.58144
G1 X46.607 Y-.354 E65.60139
G1 X54.588 Y7.626 E66.07453
G1 X54.588 Y7.151 E66.09444
G1 X46.607 Y-.829 E66.56758
G1 X46.607 Y-1.305 E66.58753
G1 X54.588 Y6.676 E67.0607
G1 X54.588 Y6.2 E67.08065
G1 X46.607 Y-1.78 E67.55379
G1 X46.607 Y-2.255 E67.5737
G1 X54.588 Y5.725 E68.04684
G1 X54.588 Y5.25 E68.06675
G1 X46.607 Y-2.731 E68.53992
G1 X46.607 Y-3.206 E68.55983
G1 X54.588 Y4.774 E69.03297
G1 X54.588 Y4.299 E69.05288
G1 X46.607 Y-3.681 E69.52602
G1 X46.607 Y-4.157 E69.54597
G1 X54.588 Y3.824 E70.01914
G1 X54.588 Y3.348 E70.03909
G1 X46.607 Y-4.632 E70.51223
G1 X46.607 Y-5.108 E70.53218
G1 X54.588 Y2.873 E71.00535
G1 X54.588 Y2.398 E71.02526
G1 X46.607 Y-5.583 E71.49843
G1 X46.607 Y-6.058 E71.51834
G1 X54.588 Y1.922 E71.99148
G1 X54.588 Y1.447 E72.01139
G1 X46.607 Y-6.534 E72.48456
G1 X46.607 Y-7.009 E72.50447
G1 X54.588 Y.972 E72.97764
G1 X54.588 Y.496 E72.99759
G1 X46.607 Y-7.484 E73.47073
G1 X46.607 Y-7.96 E73.49068
G1 X54.588 Y.021 E73.96385
G1 X54.588 Y-.454 E73.98376
G1 X46.607 Y-8.435 E74.45693
G1 X46.607 Y-8.91 E74.47684
G1 X54.588 Y-.93 E74.94998
G1 X54.588 Y-1.405 E74.96989
G1 X46.607 Y-9.386 E75.44306
G1 X46.607 Y-9.861 E75.46297
G1 X54.588 Y-1.88 E75.93614
G1 X54.588 Y-2.356 E75.95609
G1 X46.607 Y-10.337 E76.42926
G1 X46.607 Y-10.812 E76.44917
G1 X54.588 Y-2.831 E76.92234
G1 X54.588 Y-3.306 E76.94225
G1 X46.607 Y-11.287 E77.41542
G1 X46.607 Y-11.763 E77.43537
G1 X54.588 Y-3.782 E77.90854
G1 X54.588 Y-4.257 E77.92845
G1 X46.607 Y-12.238 E78.40162
G1 X46.607 Y-12.713 E78.42153
G1 X54.588 Y-4.732 E78.8947
G1 X54.588 Y-5.208 E78.91465
G1 X46.607 Y-13.189 E79.38782
G1 X46.607 Y-13.664 E79.40773
G1 X54.588 Y-5.683 E79.8809
G1 X54.588 Y-6.158 E79.90081
G1 X46.607 Y-14.14 E80.37401
G1 X46.607 Y-14.615 E80.39392
G1 X54.588 Y-6.634 E80.86709
G1 X54.588 Y-7.109 E80.887
G1 X46.607 Y-15.09 E81.36017
G1 X46.606 Y-15.566 E81.38013
G1 X54.588 Y-7.584 E81.85336
G1 X54.588 Y-8.06 E81.87331
G1 X46.606 Y-16.041 E82.34651
G1 X46.606 Y-16.516 E82.36642
G1 X54.588 Y-8.535 E82.83962
G1 X54.588 Y-9.01 E82.85953
G1 X46.606 Y-16.992 E83.33276
G1 X46.606 Y-17.467 E83.35267
G1 X54.588 Y-9.486 E83.82587
G1 X54.588 Y-9.961 E83.84578
G1 X46.606 Y-17.942 E84.31898
G1 X46.606 Y-18.418 E84.33893
G1 X54.588 Y-10.436 E84.81216
G1 X54.588 Y-10.912 E84.83211
G1 X46.606 Y-18.893 E85.30531
G1 X46.606 Y-19.369 E85.32526
G1 X54.588 Y-11.387 E85.79849
G1 X54.588 Y-11.862 E85.8184
G1 X46.606 Y-19.844 E86.29163
G1 X46.606 Y-20.319 E86.31154
G1 X54.588 Y-12.338 E86.78474
G1 X54.588 Y-12.813 E86.80465
G1 X46.606 Y-20.795 E87.27788
G1 X46.606 Y-21.27 E87.29779
G1 X54.588 Y-13.288 E87.77102
G1 X54.588 Y-13.764 E87.79097
G1 X46.606 Y-21.745 E88.26417
G1 X46.592 Y-22.235 E88.28472
G1 X54.588 Y-14.239 E88.75878
G1 X54.588 Y-14.714 E88.77869
G1 X46.526 Y-22.776 E89.25666
G1 X46.441 Y-23.166 E89.27339
G1 X46.346 Y-23.432 E89.28523
G1 X54.588 Y-15.19 E89.77387
G1 X54.588 Y-15.665 E89.79378
G1 X38.524 Y-31.729 E90.74617
G1 X38.999 Y-31.729 E90.76608
G1 X54.588 Y-16.141 E91.69028
G1 X54.588 Y-16.616 E91.71019
G1 X39.475 Y-31.729 E92.60619
G1 X39.95 Y-31.729 E92.6261
G1 X54.588 Y-17.091 E93.49394
G1 X54.588 Y-17.567 E93.51389
G1 X40.425 Y-31.729 E94.35354
G1 X40.901 Y-31.729 E94.37349
G1 X54.588 Y-18.042 E95.18495
G1 X54.588 Y-18.517 E95.20486
G1 X41.376 Y-31.729 E95.98816
G1 X41.851 Y-31.729 E96.00807
G1 X54.588 Y-18.993 E96.76318
G1 X54.588 Y-19.468 E96.78309
G1 X42.327 Y-31.729 E97.51001
G1 X42.802 Y-31.729 E97.52992
G1 X54.588 Y-19.943 E98.22868
G1 X54.588 Y-20.419 E98.24863
G1 X43.277 Y-31.729 E98.9192
G1 X43.753 Y-31.729 E98.93915
G1 X54.588 Y-20.894 E99.58152
G1 X54.588 Y-21.369 E99.60143
G1 X44.228 Y-31.729 E100.21564
G1 X44.703 Y-31.729 E100.23555
G1 X54.588 Y-21.845 E100.82157
G1 X54.588 Y-22.32 E100.84148
G1 X45.179 Y-31.729 E101.39931
G1 X45.654 Y-31.729 E101.41922
G1 X54.588 Y-22.795 E101.94889
G1 X54.588 Y-23.271 E101.96884
G1 X46.129 Y-31.729 E102.47032
G1 X46.605 Y-31.729 E102.49027
G1 X54.588 Y-23.746 E102.96356
G1 X54.588 Y-24.221 E102.98347
G1 X47.08 Y-31.729 E103.4286
G1 X47.555 Y-31.729 E103.44851
G1 X54.588 Y-24.697 E103.86545
G1 X54.588 Y-25.172 E103.88536
G1 X48.031 Y-31.729 E104.2741
G1 X48.506 Y-31.729 E104.29401
G1 X54.588 Y-25.647 E104.65459
G1 X54.588 Y-26.123 E104.67454
G1 X48.982 Y-31.729 E105.0069
G1 X49.457 Y-31.729 E105.02681
G1 X54.588 Y-26.598 E105.33101
G1 X54.588 Y-27.073 E105.35092
G1 X49.932 Y-31.729 E105.62696
G1 X50.408 Y-31.729 E105.64691
G1 X54.588 Y-27.549 E105.89473
G1 X54.588 Y-28.024 E105.91464
G1 X50.883 Y-31.729 E106.1343
G1 X51.358 Y-31.729 E106.15421
G1 X54.588 Y-28.499 E106.34571
G1 X54.588 Y-28.975 E106.36566
G1 X51.834 Y-31.729 E106.52894
G1 X52.309 Y-31.729 E106.54885
G1 X54.588 Y-29.45 E106.68397
G1 X54.588 Y-29.925 E106.70388
G1 X52.784 Y-31.729 E106.81083
G1 X53.26 Y-31.729 E106.83078
G1 X54.588 Y-30.401 E106.90951
G1 X54.588 Y-30.876 E106.92942
G1 X53.735 Y-31.729 E106.97999
G1 X54.21 Y-31.729 E106.9999
G1 X54.739 Y-31.2 E107.03126
G1 E105.03126 F2400
G92 E0
G1 Z3.55 F7200
G1 X44.059 Y-25.719
G1 Z1.55
G1 E2 F2400
G1 F900
G1 X38.049 Y-31.729 E2.35631
G1 X37.573 Y-31.729 E2.37626
G1 X43.144 Y-26.158 E2.70655
G1 X42.829 Y-26.221 E2.72002
G1 X42.592 Y-26.235 E2.72997
G1 X37.098 Y-31.729 E3.05569
G1 X36.623 Y-31.729 E3.0756
G1 X42.102 Y-26.25 E3.40043
G1 X41.626 Y-26.25 E3.42038
G1 X36.147 Y-31.729 E3.74521
G1 X35.672 Y-31.729 E3.76512
G1 X41.151 Y-26.25 E4.08995
G1 X40.676 Y-26.25 E4.10986
G1 X35.197 Y-31.729 E4.43469
G1 X34.721 Y-31.729 E4.45464
G1 X40.2 Y-26.25 E4.77947
G1 X39.734 Y-26.241 E4.79901
G1 X34.246 Y-31.729 E5.12438
G1 X33.771 Y-31.729 E5.14429
G1 X39.293 Y-26.207 E5.47167
G1 X38.888 Y-26.136 E5.48891
G1 X33.295 Y-31.729 E5.8205
G1 X32.82 Y-31.729 E5.84041
G1 X38.522 Y-26.027 E6.17846
G1 X38.172 Y-25.901 E6.19405
G1 X32.345 Y-31.729 E6.53954
G1 X31.869 Y-31.729 E6.55949
G1 X37.86 Y-25.738 E6.91468
G1 X37.555 Y-25.568 E6.92932
G1 X31.394 Y-31.729 E7.29459
G1 X30.919 Y-31.729 E7.3145
G1 X37.28 Y-25.367 E7.69165
G1 X37.016 Y-25.156 E7.70582
G1 X30.443 Y-31.729 E8.09551
G1 X29.968 Y-31.729 E8.11542
G1 X36.769 Y-24.928 E8.51863
G1 X36.557 Y-24.664 E8.53282
G1 X29.493 Y-31.729 E8.95165
G1 X29.017 Y-31.729 E8.9716
G1 X36.346 Y-24.401 E9.40608
G1 X36.172 Y-24.099 E9.42069
G1 X28.542 Y-31.729 E9.87305
G1 X28.067 Y-31.729 E9.89296
G1 X36 Y-23.795 E10.36331
G1 X35.857 Y-23.463 E10.37846
G1 X27.591 Y-31.729 E10.86853
G1 X27.116 Y-31.729 E10.88844
G1 X35.739 Y-23.106 E11.39967
G1 X35.662 Y-22.707 E11.41671
G1 X29.947 Y-28.422 E11.75554
G1 X29.96 Y-27.934 E11.77601
G1 X35.606 Y-22.289 E12.11071
G1 X35.588 Y-21.831 E12.12993
G1 X29.931 Y-27.488 E12.46532
G1 X29.816 Y-27.127 E12.4812
G1 X35.588 Y-21.356 E12.82337
G1 X35.588 Y-20.88 E12.84332
G1 X29.686 Y-26.782 E13.19323
G1 X29.619 Y-26.651 E13.1994
G1 X29.495 Y-26.497 E13.20769
G1 X35.588 Y-20.405 E13.5689
G1 X35.588 Y-19.93 E13.58881
G1 X29.284 Y-26.234 E13.96256
G1 X29.191 Y-26.118 E13.96879
G1 X29.05 Y-25.992 E13.97672
G1 X35.588 Y-19.454 E14.36434
G1 X35.588 Y-18.979 E14.38425
G1 X28.769 Y-25.797 E14.7885
G1 X28.465 Y-25.626 E14.80312
G1 X35.588 Y-18.503 E15.22542
G1 X35.588 Y-18.028 E15.24533
G1 X28.134 Y-25.482 E15.68726
G1 X27.734 Y-25.407 E15.70432
G1 X35.588 Y-17.553 E16.16996
G1 X35.588 Y-17.077 E16.18991
G1 X27.304 Y-25.362 E16.68107
G1 X27.138 Y-25.372 E16.68804
G1 X26.738 Y-25.452 E16.70514
G1 X35.588 Y-16.602 E17.22983
G1 X35.588 Y-16.127 E17.24974
G1 X19.986 Y-31.729 E18.17474
G1 X20.461 Y-31.729 E18.19465
G1 X24.791 Y-27.399 E18.45136
G1 X24.739 Y-27.627 E18.46116
G1 X24.737 Y-27.929 E18.47382
G1 X20.936 Y-31.729 E18.69914
G1 X21.412 Y-31.729 E18.71909
G1 X24.747 Y-28.394 E18.91681
G1 X24.849 Y-28.767 E18.93302
G1 X21.887 Y-31.729 E19.10863
G1 X22.362 Y-31.729 E19.12854
G1 X24.976 Y-29.115 E19.28352
G1 X25.15 Y-29.417 E19.29813
G1 X22.838 Y-31.729 E19.4352
G1 X23.313 Y-31.729 E19.45511
G1 X25.358 Y-29.684 E19.57635
G1 X25.507 Y-29.862 E19.58608
G1 X25.588 Y-29.93 E19.59051
G1 X23.789 Y-31.729 E19.69717
G1 X24.264 Y-31.729 E19.71708
G1 X25.85 Y-30.143 E19.81111
G1 X26.151 Y-30.317 E19.82569
G1 X24.739 Y-31.729 E19.9094
G1 X25.215 Y-31.729 E19.92935
G1 X26.482 Y-30.462 E20.00447
G1 X26.631 Y-30.517 E20.01113
G1 X26.858 Y-30.56 E20.02082
G1 X25.69 Y-31.729 E20.0901
G1 X26.165 Y-31.729 E20.11001
G1 X27.28 Y-30.614 E20.17612
G1 X27.788 Y-30.581 E20.19746
G1 X26.49 Y-31.88 E20.27444
G1 E18.27444 F2400
G92 E0
G1 Z3.55 F7200
G1 X35.739 Y-15.5
G1 Z1.55
G1 E2 F2400
G1 F900
G1 X19.51 Y-31.729 E2.96217
G1 X19.035 Y-31.729 E2.98208
G1 X35.588 Y-15.176 E3.96346
G1 X35.588 Y-14.701 E3.98337
G1 X18.56 Y-31.729 E4.99291
G1 X18.084 Y-31.729 E5.01286
G1 X35.588 Y-14.225 E6.05062
G1 X35.588 Y-13.75 E6.07053
G1 X17.609 Y-31.729 E7.13645
G1 X17.134 Y-31.729 E7.15636
G1 X35.588 Y-13.274 E8.25047
G1 X35.588 Y-12.799 E8.27038
G1 X16.658 Y-31.729 E9.39268
G1 X16.183 Y-31.729 E9.41259
G1 X35.588 Y-12.324 E10.56305
G1 X35.588 Y-11.848 E10.583
G1 X15.708 Y-31.729 E11.76166
G1 X15.232 Y-31.729 E11.78161
G1 X35.588 Y-11.373 E12.98846
G1 X35.588 Y-10.898 E13.00837
G1 X14.757 Y-31.729 E14.24338
G1 X14.282 Y-31.729 E14.26329
G1 X35.588 Y-10.422 E15.52649
G1 X35.588 Y-9.947 E15.5464
G1 X13.806 Y-31.729 E16.83779
G1 X13.331 Y-31.729 E16.8577
G1 X35.588 Y-9.472 E18.17725
G1 X35.588 Y-8.996 E18.1972
G1 X12.856 Y-31.729 E19.54494
G1 X12.38 Y-31.729 E19.56489
G1 X35.588 Y-8.521 E20.94082
G1 X35.588 Y-8.045 E20.96077
G1 X25.456 Y-18.178 E21.5615
G1 X25.55 Y-17.843 E21.57609
G1 X25.576 Y-17.583 E21.58704
G1 X35.588 Y-7.57 E22.18065
G1 X35.588 Y-7.095 E22.20056
G1 X25.611 Y-17.072 E22.79207
G1 X25.611 Y-16.597 E22.81198
G1 X35.588 Y-6.619 E23.40352
G1 X35.588 Y-6.144 E23.42343
G1 X25.611 Y-16.121 E24.01494
G1 X25.611 Y-15.646 E24.03485
G1 X35.589 Y-5.669 E24.62639
G1 X35.589 Y-5.193 E24.64634
G1 X25.611 Y-15.171 E25.23791
G1 X25.611 Y-14.695 E25.25786
G1 X35.589 Y-4.718 E25.8494
G1 X35.589 Y-4.243 E25.86931
G1 X25.611 Y-14.22 E26.46085
G1 X25.611 Y-13.744 E26.4808
G1 X35.589 Y-3.767 E27.07234
G1 X35.589 Y-3.292 E27.09225
G1 X25.611 Y-13.269 E27.68379
G1 X25.611 Y-12.794 E27.7037
G1 X35.589 Y-2.816 E28.29527
G1 X35.589 Y-2.341 E28.31518
G1 X25.611 Y-12.318 E28.90672
G1 X25.611 Y-11.843 E28.92663
G1 X35.589 Y-1.866 E29.51817
G1 X35.589 Y-1.39 E29.53812
G1 X25.611 Y-11.368 E30.12969
G1 X25.611 Y-10.892 E30.14964
G1 X35.589 Y-.915 E30.74118
G1 X35.589 Y-.44 E30.76109
G1 X25.611 Y-10.417 E31.35263
G1 X25.611 Y-9.942 E31.37254
G1 X35.589 Y.036 E31.96411
G1 X35.589 Y.511 E31.98402
G1 X25.611 Y-9.466 E32.57556
G1 X25.611 Y-8.991 E32.59547
G1 X35.589 Y.986 E33.18701
G1 X35.589 Y1.462 E33.20696
G1 X25.611 Y-8.516 E33.79853
G1 X25.611 Y-8.04 E33.81848
G1 X35.589 Y1.937 E34.41002
G1 X35.589 Y2.413 E34.42997
G1 X25.611 Y-7.565 E35.02154
G1 X25.611 Y-7.09 E35.04145
G1 X35.589 Y2.888 E35.63302
G1 X35.589 Y3.363 E35.65293
G1 X25.611 Y-6.614 E36.24447
G1 X25.611 Y-6.139 E36.26438
G1 X35.589 Y3.839 E36.85595
G1 X35.589 Y4.314 E36.87586
G1 X25.611 Y-5.664 E37.46743
G1 X25.611 Y-5.188 E37.48738
G1 X35.589 Y4.789 E38.07892
G1 X35.589 Y5.265 E38.09887
G1 X25.611 Y-4.713 E38.69044
G1 X25.611 Y-4.238 E38.71035
G1 X35.589 Y5.74 E39.30192
G1 X35.589 Y6.215 E39.32183
G1 X25.611 Y-3.762 E39.91337
G1 X25.611 Y-3.287 E39.93328
G1 X35.589 Y6.691 E40.52485
G1 X35.589 Y7.166 E40.54476
G1 X25.611 Y-2.812 E41.13633
G1 X25.611 Y-2.336 E41.15628
G1 X35.589 Y7.642 E41.74785
G1 X35.589 Y8.117 E41.76776
G1 X25.611 Y-1.861 E42.35933
G1 X25.611 Y-1.386 E42.37924
G1 X35.589 Y8.592 E42.97081
G1 X35.589 Y9.068 E42.99076
G1 X25.611 Y-.91 E43.58233
G1 X25.611 Y-.435 E43.60224
G1 X35.589 Y9.543 E44.19381
G1 X35.589 Y10.018 E44.21372
G1 X25.611 Y.04 E44.80529
G1 X25.611 Y.516 E44.82524
G1 X35.589 Y10.494 E45.41681
G1 X35.589 Y10.969 E45.43672
G1 X25.611 Y.991 E46.02829
G1 X25.611 Y1.466 E46.0482
G1 X35.589 Y11.444 E46.63977
G1 X35.589 Y11.92 E46.65972
G1 X25.611 Y1.942 E47.25129
G1 X25.611 Y2.417 E47.2712
G1 X35.589 Y12.395 E47.86277
G1 X35.589 Y12.871 E47.88272
G1 X25.611 Y2.892 E48.47432
G1 X25.611 Y3.368 E48.49427
G1 X35.589 Y13.346 E49.08584
G1 X35.589 Y13.821 E49.10575
G1 X25.611 Y3.843 E49.69732
G1 X25.611 Y4.318 E49.71723
G1 X35.589 Y14.297 E50.30883
G1 X35.59 Y14.772 E50.32874
G1 X25.611 Y4.794 E50.92034
G1 X25.611 Y5.269 E50.94025
G1 X35.59 Y15.247 E51.53185
G1 X35.59 Y15.723 E51.5518
G1 X25.611 Y5.744 E52.14342
G1 X25.611 Y6.22 E52.16337
G1 X35.59 Y16.198 E52.75497
G1 X35.59 Y16.673 E52.77488
G1 X25.611 Y6.695 E53.36648
G1 X25.611 Y7.17 E53.38639
G1 X35.59 Y17.149 E53.97801
G1 X35.59 Y17.624 E53.99792
G1 X25.611 Y7.646 E54.58952
G1 X25.611 Y8.121 E54.60943
G1 X35.59 Y18.099 E55.20103
G1 X35.59 Y18.575 E55.22098
G1 X25.611 Y8.596 E55.8126
G1 X25.611 Y9.072 E55.83255
G1 X35.59 Y19.05 E56.42415
G1 X35.59 Y19.526 E56.4441
G1 X25.611 Y9.547 E57.03572
G1 X25.611 Y10.023 E57.05567
G1 X35.59 Y20.001 E57.64727
G1 X35.59 Y20.476 E57.66718
G1 X25.594 Y10.481 E58.25978
G1 X25.58 Y10.676 E58.26798
G1 X25.535 Y10.897 E58.27743
G1 X35.59 Y20.952 E58.87356
G1 X35.616 Y21.453 E58.89459
G1 X25.421 Y11.259 E59.49899
G1 X25.3 Y11.612 E59.51463
G1 X35.713 Y22.026 E60.13202
G1 X35.913 Y22.643 E60.15921
G1 X35.968 Y22.756 E60.16448
G1 X25.025 Y11.813 E60.81326
G1 E58.81326 F2400
G92 E0
G1 Z3.55 F7200
G1 X34.131 Y30.901
G1 Z1.55
G1 E2 F2400
G1 F900
G1 X26.794 Y23.564 E2.43499
G1 X27.352 Y23.647 E2.45864
G1 X34.456 Y30.75 E2.87979
G1 X34.931 Y30.75 E2.8997
G1 X27.765 Y23.584 E3.32455
G1 X28.166 Y23.51 E3.34164
G1 X35.406 Y30.75 E3.77088
G1 X35.882 Y30.75 E3.79083
G1 X28.489 Y23.358 E4.22911
G1 X28.797 Y23.19 E4.24382
G1 X36.357 Y30.75 E4.69203
G1 X36.832 Y30.75 E4.71194
G1 X29.077 Y22.995 E5.17171
G1 X29.303 Y22.746 E5.18581
G1 X37.308 Y30.75 E5.66037
G1 X37.783 Y30.75 E5.68028
G1 X29.52 Y22.487 E6.17017
G1 X29.644 Y22.306 E6.17937
G1 X29.697 Y22.189 E6.18475
G1 X38.258 Y30.75 E6.69231
G1 X38.734 Y30.75 E6.71226
G1 X29.827 Y21.843 E7.24033
G1 X29.94 Y21.481 E7.25623
G1 X39.209 Y30.75 E7.80576
G1 X39.684 Y30.75 E7.82567
G1 X29.956 Y21.022 E8.40241
G1 X29.962 Y20.763 E8.41327
G1 X29.931 Y20.521 E8.4235
G1 X40.311 Y30.901 E9.0389
G1 E7.0389 F2400
G92 E0
G1 Z3.55 F7200
G1 X-26.073 Y-20.271
G1 Z1.55
G1 E2 F2400
G1 F900
G1 X-31.252 Y-25.45 E2.30705
G1 X-30.861 Y-25.372 E2.32376
G1 X-30.691 Y-25.365 E2.33089
G1 X-25.784 Y-20.458 E2.62181
G1 X-25.477 Y-20.476 E2.6347
G1 X-25.304 Y-20.453 E2.64202
G1 X-30.257 Y-25.406 E2.93567
G1 X-29.86 Y-25.485 E2.95264
G1 X-24.704 Y-20.328 E3.25835
G1 X-24.502 Y-20.27 E3.26716
G1 X-24.031 Y-20.048 E3.28899
G1 X-23.767 Y-19.867 E3.30241
G1 X-29.529 Y-25.628 E3.64399
G1 X-29.223 Y-25.798 E3.65866
G1 X-20.876 Y-17.451 E4.15353
G1 X-17.815 Y-14.866 E4.32149
G1 X-28.94 Y-25.99 E4.98103
G1 X-28.711 Y-26.237 E4.99515
G1 X-14.755 Y-12.281 E5.82256
G1 X-11.694 Y-9.696 E5.99052
G1 X-28.496 Y-26.497 E6.98663
G1 X-28.427 Y-26.58 E6.99115
G1 X-28.316 Y-26.793 E7.00122
G1 X-1.709 Y-.185 E8.5787
G1 X-1.584 Y-.195 E8.58396
G1 X-1.213 Y-.165 E8.59956
G1 X-28.186 Y-27.138 E10.19871
G1 X-28.064 Y-27.492 E10.21441
G1 X-.583 Y-.01 E11.84371
G1 X-.476 Y.016 E11.84833
G1 X-.245 Y.125 E11.85904
G1 X.448 Y.562 E11.89339
G1 X.555 Y.652 E11.89925
G1 X-28.038 Y-27.94 E13.59441
G1 X-28.053 Y-28.431 E13.615
G1 X4.892 Y4.514 E15.56821
G1 E13.56821 F2400
G92 E0
G1 Z3.55 F7200
G1 X-17.681 Y30.901
G1 Z1.55
G1 E2 F2400
G1 F900
G1 X-28.073 Y20.509 E2.61611
G1 X-28.038 Y20.762 E2.62682
G1 X-28.043 Y21.015 E2.63743
G1 X-18.307 Y30.75 E3.21462
G1 X-18.782 Y30.75 E3.23453
G1 X-28.059 Y21.473 E3.78454
G1 X-28.171 Y21.837 E3.80051
G1 X-19.258 Y30.75 E4.32894
G1 X-19.733 Y30.75 E4.34885
G1 X-28.302 Y22.182 E4.85685
G1 X-28.401 Y22.381 E4.86617
G1 X-28.48 Y22.478 E4.87141
G1 X-20.208 Y30.75 E5.36183
G1 X-20.684 Y30.75 E5.38178
G1 X-28.694 Y22.74 E5.85667
G1 X-28.918 Y22.991 E5.87077
G1 X-21.159 Y30.75 E6.33078
G1 X-21.635 Y30.75 E6.35073
G1 X-29.197 Y23.187 E6.79909
G1 X-29.505 Y23.355 E6.8138
G1 X-22.11 Y30.75 E7.25223
G1 X-22.585 Y30.75 E7.27214
G1 X-29.827 Y23.508 E7.7015
G1 X-30.227 Y23.583 E7.71856
G1 X-23.061 Y30.75 E8.14344
G1 X-23.536 Y30.75 E8.16335
G1 X-30.641 Y23.645 E8.58458
G1 X-31.196 Y23.565 E8.60809
G1 X-23.86 Y30.901 E9.04302
G1 E7.04302 F2400
G92 E0
G1 Z3.55 F7200
G1 X-47.152 Y30.901
G1 Z1.55
G1 E2 F2400
G1 F900
G1 X-62.891 Y15.162 E2.93312
G1 X-62.891 Y15.637 E2.95303
G1 X-47.778 Y30.75 E3.84903
G1 X-48.254 Y30.75 E3.86898
G1 X-62.891 Y16.112 E4.73679
G1 X-62.891 Y16.588 E4.75674
G1 X-48.729 Y30.75 E5.59636
G1 X-49.204 Y30.75 E5.61627
G1 X-62.891 Y17.063 E6.42773
G1 X-62.891 Y17.538 E6.44764
G1 X-49.68 Y30.75 E7.23091
G1 X-50.155 Y30.75 E7.25082
G1 X-62.891 Y18.014 E8.0059
G1 X-62.891 Y18.489 E8.02581
G1 X-50.63 Y30.75 E8.75273
G1 X-51.106 Y30.75 E8.77268
G1 X-62.891 Y18.964 E9.47141
G1 X-62.891 Y19.44 E9.49136
G1 X-51.581 Y30.75 E10.1619
G1 X-52.056 Y30.75 E10.18181
G1 X-62.891 Y19.915 E10.82418
G1 X-62.891 Y20.39 E10.84409
G1 X-52.532 Y30.75 E11.45827
G1 X-53.007 Y30.75 E11.47818
G1 X-62.891 Y20.866 E12.06417
G1 X-62.891 Y21.341 E12.08408
G1 X-53.482 Y30.75 E12.64191
G1 X-53.958 Y30.75 E12.66186
G1 X-62.891 Y21.816 E13.1915
G1 X-62.891 Y22.292 E13.21145
G1 X-54.433 Y30.75 E13.7129
G1 X-54.908 Y30.75 E13.73281
G1 X-62.891 Y22.767 E14.2061
G1 X-62.891 Y23.243 E14.22605
G1 X-55.384 Y30.75 E14.67112
G1 X-55.859 Y30.75 E14.69103
G1 X-62.891 Y23.718 E15.10794
G1 X-62.891 Y24.193 E15.12785
G1 X-56.334 Y30.75 E15.51659
G1 X-56.81 Y30.75 E15.53654
G1 X-62.891 Y24.669 E15.89706
G1 X-62.891 Y25.144 E15.91697
G1 X-57.285 Y30.75 E16.24933
G1 X-57.76 Y30.75 E16.26924
G1 X-62.891 Y25.619 E16.57344
G1 X-62.891 Y26.095 E16.59339
G1 X-58.236 Y30.75 E16.86937
G1 X-58.711 Y30.75 E16.88928
G1 X-62.891 Y26.57 E17.1371
G1 X-62.891 Y27.045 E17.15701
G1 X-59.186 Y30.75 E17.37667
G1 X-59.662 Y30.75 E17.39662
G1 X-62.891 Y27.521 E17.58806
G1 X-62.891 Y27.996 E17.60797
G1 X-60.137 Y30.75 E17.77125
G1 X-60.612 Y30.75 E17.79116
G1 X-62.891 Y28.471 E17.92628
G1 X-62.891 Y28.947 E17.94623
G1 X-61.088 Y30.75 E18.05312
G1 X-61.563 Y30.75 E18.07303
G1 X-62.891 Y29.422 E18.15176
G1 X-62.891 Y29.897 E18.17167
G1 X-62.038 Y30.75 E18.22224
G1 X-62.514 Y30.75 E18.24219
G1 X-63.042 Y30.222 E18.27349
;LAYER_CHANGE
;Z:1.85
;HEIGHT:0.3
G1 E16.27349 F2400
G92 E0
G1 Z1.85 F7200
G1 Z3.85
G1 X-54.736 Y-32.073
G1 Z1.85
G1 E2 F2400
;TYPE:Perimeter
;WIDTH:0.396572
G1 F1200
G1 X-63.568 Y-32.073 E2.36593
G1 X-63.568 Y-32.405 E2.37969
G1 X-54.736 Y-32.405 E2.74562
G1 X-54.736 Y-32.133 E2.75689
G1 X-54.377 Y-31.714 F7200
;TYPE:External perimeter
;WIDTH:0.45
G1 F1200
G1 X-63.927 Y-31.714 E3.21621
G1 X-63.927 Y-32.764 E3.26671
G1 X-54.377 Y-32.764 E3.72603
G1 X-54.377 Y-31.774 E3.77365
G1 X-54.772 Y-31.715 F7200
G1 E1.77365 F2400
G92 E0
G1 Z3.85 F7200
G1 X-40.444 Y-24.867
G1 Z1.85
G1 E2 F2400
;TYPE:Perimeter
;WIDTH:0.490463
G1 F3600
G1 X-40.411 Y-24.845 E2.00211
;WIDTH:0.498245
G1 X-39.858 Y-24.306 E2.0439
G1 X-39.491 Y-23.747 E2.08009
;WIDTH:0.488086
G1 X-39.234 Y-23.125 E2.11566
;WIDTH:0.4599
G1 X-39.097 Y-22.494 E2.14751
;WIDTH:0.411998
G1 X-39.068 Y-21.99 E2.1694
;WIDTH:0.396572
G1 X-39.068 Y21.012 E3.95109
;WIDTH:0.411997
G1 X-39.097 Y21.516 E3.97298
;WIDTH:0.455976
G1 X-39.232 Y22.157 E4.00497
;WIDTH:0.481939
G1 X-39.492 Y22.789 E4.04056
;WIDTH:0.490464
G1 X-39.796 Y23.251 E4.06995
;WIDTH:0.498242
G1 X-40.335 Y23.805 E4.11178
G1 X-40.806 Y24.13 E4.14275
;WIDTH:0.479944
G1 X-41.3 Y24.36 E4.17099
;WIDTH:0.454965
G1 X-41.756 Y24.497 E4.19419
;WIDTH:0.428707
G1 X-42.34 Y24.595 E4.2211
;WIDTH:0.396572
G1 X-50.653 Y24.595 E4.56553
;WIDTH:0.411997
G1 X-51.157 Y24.566 E4.58742
;WIDTH:0.455975
G1 X-51.798 Y24.431 E4.61941
;WIDTH:0.481939
G1 X-52.43 Y24.17 E4.65502
;WIDTH:0.490463
G1 X-52.892 Y23.866 E4.68441
;WIDTH:0.498245
G1 X-53.446 Y23.327 E4.72624
;WIDTH:0.485377
G1 X-53.859 Y22.682 E4.76646
;WIDTH:0.477588
G1 X-54.07 Y22.146 E4.79615
;WIDTH:0.459901
G1 X-54.207 Y21.516 E4.82796
;WIDTH:0.411997
G1 X-54.236 Y21.012 E4.84985
;WIDTH:0.396572
G1 X-54.236 Y-21.99 E6.63154
;WIDTH:0.411997
G1 X-54.207 Y-22.494 E6.65343
;WIDTH:0.455977
G1 X-54.072 Y-23.135 E6.68542
;WIDTH:0.489444
G1 X-53.805 Y-23.755 E6.72121
;WIDTH:0.50483
G1 X-53.432 Y-24.308 E6.75785
G1 X-53.172 Y-24.599 E6.77929
;WIDTH:0.489824
G1 X-52.73 Y-24.954 E6.80937
;WIDTH:0.485805
G1 X-52.095 Y-25.301 E6.84741
;WIDTH:0.460522
G1 X-51.62 Y-25.459 E6.87214
;WIDTH:0.436107
G1 X-50.986 Y-25.573 E6.90201
;WIDTH:0.39648
G1 X-42.651 Y-25.572 E7.24726
;WIDTH:0.413544
G1 X-42.147 Y-25.545 E7.26924
;WIDTH:0.455983
G1 X-41.507 Y-25.41 E7.30119
;WIDTH:0.481939
G1 X-40.873 Y-25.149 E7.3369
;WIDTH:0.490463
G1 X-40.494 Y-24.9 E7.361
G1 X-40.696 Y-24.539 F7200
;TYPE:External perimeter
;WIDTH:0.45
G1 F1800
G1 X-40.605 Y-24.476 E7.36632
G1 X-40.166 Y-24.036 E7.39621
G1 X-39.837 Y-23.536 E7.425
G1 X-39.597 Y-22.982 E7.45404
G1 X-39.456 Y-22.423 E7.48177
G1 X-39.427 Y-21.99 E7.50264
G1 X-39.427 Y21.012 E9.57089
G1 X-39.456 Y21.444 E9.59171
G1 X-39.599 Y22.032 E9.62082
G1 X-39.853 Y22.612 E9.65127
G1 X-40.166 Y23.057 E9.67744
G1 X-40.605 Y23.497 E9.70733
G1 X-41.029 Y23.797 E9.73231
G1 X-41.631 Y24.063 E9.76396
G1 X-42.218 Y24.206 E9.79302
G1 X-42.651 Y24.236 E9.8139
G1 X-50.653 Y24.236 E10.19877
G1 X-51.085 Y24.206 E10.2196
G1 X-51.673 Y24.063 E10.24871
G1 X-52.253 Y23.81 E10.27914
G1 X-52.698 Y23.497 E10.30531
G1 X-53.138 Y23.057 E10.33524
G1 X-53.518 Y22.473 E10.36875
G1 X-53.706 Y22.003 E10.3931
G1 X-53.847 Y21.444 E10.42083
G1 X-53.877 Y21.012 E10.44166
G1 X-53.877 Y-21.99 E12.50991
G1 X-53.847 Y-22.423 E12.53079
G1 X-53.704 Y-23.01 E12.55985
G1 X-53.449 Y-23.562 E12.5891
G1 X-53.109 Y-24.05 E12.61771
G1 X-52.917 Y-24.283 E12.63223
G1 X-52.476 Y-24.64 E12.65952
G1 X-51.906 Y-24.959 E12.69094
G1 X-51.474 Y-25.107 E12.7129
G1 X-51.06 Y-25.188 E12.73319
G1 X-50.653 Y-25.214 E12.75281
G1 X-42.651 Y-25.214 E13.13768
G1 X-42.218 Y-25.185 E13.15855
G1 X-41.632 Y-25.042 E13.18756
G1 X-41.051 Y-24.788 E13.21806
G1 X-40.745 Y-24.573 E13.23605
G1 X-40.444 Y-24.309 F7200
G1 E11.23605 F2400
G92 E0
G1 Z3.85 F7200
G1 X-38.746 Y21.51
G1 Z1.85
G1 E2 F2400
;TYPE:Perimeter
;WIDTH:0.436109
G1 F3600
G1 X-38.821 Y22.06 E2.02574
;WIDTH:0.457838
G1 X-38.966 Y22.581 E2.05228
;WIDTH:0.479945
G1 X-39.184 Y23.083 E2.08065
;WIDTH:0.490464
G1 X-39.456 Y23.505 E2.10733
G1 X-39.824 Y23.914 E2.13657
;WIDTH:0.488455
G1 X-40.246 Y24.265 E2.1656
;WIDTH:0.485507
G1 X-40.712 Y24.554 E2.1944
;WIDTH:0.481937
G1 X-41.421 Y24.811 E2.23368
;WIDTH:0.455974
G1 X-42.094 Y24.909 E2.2669
;WIDTH:0.411997
G1 X-42.651 Y24.927 E2.29106
;WIDTH:0.396572
G1 X-51.041 Y24.927 E2.63868
;WIDTH:0.428706
G1 X-51.603 Y24.856 E2.66442
;WIDTH:0.454965
G1 X-52.133 Y24.729 E2.69097
;WIDTH:0.48191
G1 X-52.634 Y24.534 E2.71897
;WIDTH:0.485507
G1 X-53.058 Y24.265 E2.74534
;WIDTH:0.488456
G1 X-53.48 Y23.914 E2.77437
;WIDTH:0.490466
G1 X-53.848 Y23.505 E2.80361
G1 X-54.172 Y22.992 E2.83585
;WIDTH:0.488087
G1 X-54.28 Y22.728 E2.85092
;WIDTH:0.468856
G1 X-54.476 Y22.095 E2.88435
;WIDTH:0.440417
G1 X-54.55 Y21.569 E2.90926
;WIDTH:0.411997
G1 X-54.568 Y21.012 E2.93342
;WIDTH:0.396572
G1 X-54.568 Y-22.41 E4.73251
;WIDTH:0.436109
G1 X-54.483 Y-23.038 E4.76189
;WIDTH:0.460025
G1 X-54.326 Y-23.588 E4.79011
;WIDTH:0.483005
G1 X-54.066 Y-24.144 E4.82216
;WIDTH:0.50483
G1 X-53.76 Y-24.601 E4.85237
G1 X-53.225 Y-25.128 E4.89362
;WIDTH:0.50382
G1 X-52.589 Y-25.529 E4.93483
;WIDTH:0.490831
G1 X-51.883 Y-25.79 E4.97487
;WIDTH:0.455975
G1 X-51.21 Y-25.887 E5.00808
;WIDTH:0.411997
G1 X-50.653 Y-25.905 E5.03224
;WIDTH:0.39648
G1 X-42.266 Y-25.903 E5.37964
;WIDTH:0.429453
G1 X-41.699 Y-25.836 E5.40564
;WIDTH:0.454966
G1 X-41.171 Y-25.708 E5.43211
;WIDTH:0.481911
G1 X-40.669 Y-25.512 E5.46017
;WIDTH:0.485506
G1 X-40.246 Y-25.244 E5.48647
;WIDTH:0.488455
G1 X-39.824 Y-24.892 E5.51554
;WIDTH:0.490465
G1 X-39.456 Y-24.484 E5.54474
G1 X-39.131 Y-23.97 E5.57706
;WIDTH:0.488086
G1 X-39.023 Y-23.707 E5.59208
;WIDTH:0.468858
G1 X-38.827 Y-23.074 E5.62551
;WIDTH:0.440417
G1 X-38.743 Y-22.447 E5.65518
;WIDTH:0.410832
G1 X-38.736 Y-21.99 E5.67493
;WIDTH:0.396572
G1 X-38.736 Y21.431 E7.47398
;WIDTH:0.436109
G1 X-38.738 Y21.451 E7.47491
G1 X-38.378 Y21.511 F7200
;TYPE:External perimeter
;WIDTH:0.45
G1 F1800
G1 X-38.473 Y22.35 E7.51552
G1 X-38.752 Y23.148 E7.55618
G1 X-39.201 Y23.864 E7.59683
G1 X-39.799 Y24.461 E7.63747
G1 X-40.514 Y24.911 E7.6781
G1 X-41.312 Y25.19 E7.71876
G1 X-42.164 Y25.286 E7.76
G1 X-51.14 Y25.286 E8.19171
G1 X-51.992 Y25.19 E8.23295
G1 X-52.789 Y24.911 E8.27356
G1 X-53.505 Y24.461 E8.31423
G1 X-54.102 Y23.864 E8.35484
G1 X-54.552 Y23.148 E8.39551
G1 X-54.831 Y22.35 E8.43617
G1 X-54.927 Y21.499 E8.47736
G1 X-54.927 Y-22.478 E10.5925
G1 X-54.831 Y-23.329 E10.63369
G1 X-54.552 Y-24.127 E10.67435
G1 X-54.102 Y-24.842 E10.71498
G1 X-53.505 Y-25.44 E10.75562
G1 X-52.789 Y-25.889 E10.79627
G1 X-51.992 Y-26.168 E10.83688
G1 X-51.14 Y-26.264 E10.87812
G1 X-42.104 Y-26.261 E11.31272
G1 X-41.312 Y-26.169 E11.35107
G1 X-40.514 Y-25.889 E11.39175
G1 X-39.799 Y-25.44 E11.43236
G1 X-39.201 Y-24.842 E11.47304
G1 X-38.752 Y-24.127 E11.51365
G1 X-38.495 Y-23.392 E11.5511
G1 X-38.377 Y-22.447 E11.5969
G1 X-38.377 Y21.451 E13.70824
G1 X-38.417 Y21.849 F7200
G1 E11.70824 F2400
G92 E0
G1 Z3.85 F7200
G1 X-32.616 Y21.011
G1 Z1.85
G1 E2 F2400
;TYPE:Perimeter
;WIDTH:0.46061
G1 F1200
G1 X-32.622 Y20.766 E2.01211
;WIDTH:0.465094
G1 X-32.566 Y20.505 E2.02545
G1 X-32.37 Y20.007 E2.0522
;WIDTH:0.463929
G1 X-32.029 Y19.586 E2.0792
G1 X-31.848 Y19.427 E2.09121
;WIDTH:0.461248
G1 X-31.386 Y19.163 E2.11755
;WIDTH:0.503551
G1 X-30.849 Y19.016 E2.14805
;WIDTH:0.548998
G1 X-30.756 Y18.989 E2.1539
;WIDTH:0.594445
G1 X-30.663 Y18.962 E2.1603
G1 X-30.449 Y19.018 E2.17492
;WIDTH:0.546468
G1 X-30.235 Y19.074 E2.18822
;WIDTH:0.498491
G1 X-30.021 Y19.129 E2.20018
;WIDTH:0.463691
G1 X-29.455 Y19.426 E2.23201
G1 X-28.988 Y19.933 E2.26634
;WIDTH:0.461605
G1 X-28.884 Y20.107 E2.27638
;WIDTH:0.463888
G1 X-28.7 Y20.615 E2.3033
G1 X-28.685 Y21.255 E2.3352
;WIDTH:0.468201
G1 X-28.821 Y21.75 E2.36106
G1 X-28.986 Y22.089 E2.38005
;WIDTH:0.459525
G1 X-29.36 Y22.522 E2.40825
;WIDTH:0.461147
G1 X-29.879 Y22.839 E2.43835
;WIDTH:0.467989
G1 X-30.39 Y22.968 E2.46488
G1 X-30.753 Y22.992 E2.48319
;WIDTH:0.459553
G1 X-31.318 Y22.884 E2.51154
;WIDTH:0.460874
G1 X-31.848 Y22.594 E2.54142
;WIDTH:0.466358
G1 X-32.24 Y22.186 E2.56979
G1 X-32.419 Y21.914 E2.58612
;WIDTH:0.459588
G1 X-32.608 Y21.367 E2.61465
;WIDTH:0.46061
G1 X-32.615 Y21.071 E2.62928
G1 X-32.219 Y21.011 F7200
;TYPE:External perimeter
;WIDTH:0.45
G1 F1200
G1 X-32.231 Y20.766 E2.64108
G1 X-32.052 Y20.241 E2.66776
G1 X-31.729 Y19.838 E2.6926
G1 X-31.23 Y19.521 E2.72103
G1 X-30.725 Y19.418 E2.74582
G1 X-30.358 Y19.438 E2.7635
G1 X-30.074 Y19.521 E2.77773
G1 X-29.631 Y19.779 E2.80239
G1 X-29.285 Y20.183 E2.82797
G1 X-29.085 Y20.7 E2.85463
G1 X-29.073 Y21.255 E2.88133
G1 X-29.285 Y21.838 E2.91117
G1 X-29.619 Y22.233 E2.93605
G1 X-30.074 Y22.5 E2.96142
G1 X-30.618 Y22.608 E2.9881
G1 X-31.167 Y22.523 E3.01482
G1 X-31.653 Y22.256 E3.04149
G1 X-32.018 Y21.838 E3.06818
G1 X-32.202 Y21.368 E3.09246
G1 X-32.216 Y21.071 E3.10676
G1 X-32.185 Y20.672 F7200
G1 E1.10676 F2400
G92 E0
G1 Z3.85 F7200
G1 X-30.452 Y18.457
G1 Z1.85
G1 E2 F2400
;TYPE:Perimeter
;WIDTH:0.594445
G1 F3600
G1 X-30.454 Y18.432 E2.00166
;WIDTH:0.544976
G1 X-30.465 Y18.331 E2.00775
;WIDTH:0.495508
G1 X-30.475 Y18.23 E2.01321
;WIDTH:0.44604
G1 X-30.486 Y18.129 E2.01805
;WIDTH:0.396572
G1 X-30.486 Y-25.108 E3.80948
;WIDTH:0.445101
G1 X-30.475 Y-25.208 E3.81426
;WIDTH:0.49363
G1 X-30.465 Y-25.308 E3.81964
;WIDTH:0.542159
G1 X-30.455 Y-25.408 E3.82563
;WIDTH:0.590688
G1 X-30.445 Y-25.508 E3.83223
G1 X-30.336 Y-25.561 E3.84019
;WIDTH:0.550821
G1 X-30.227 Y-25.614 E3.84754
;WIDTH:0.510954
G1 X-30.117 Y-25.667 E3.85434
;WIDTH:0.471088
G1 X-29.706 Y-25.812 E3.87645
;WIDTH:0.462148
G1 X-29.261 Y-26.058 E3.90168
;WIDTH:0.503764
G1 X-29.145 Y-26.115 E3.90876
;WIDTH:0.54538
G1 X-29.03 Y-26.172 E3.91646
;WIDTH:0.586996
G1 X-28.915 Y-26.228 E3.9248
G1 X-28.826 Y-26.172 E3.93165
;WIDTH:0.53939
G1 X-28.736 Y-26.115 E3.93796
;WIDTH:0.491785
G1 X-28.647 Y-26.059 E3.94357
;WIDTH:0.444179
G1 X-28.558 Y-26.003 E3.94855
;WIDTH:0.396574
G1 X-2.408 Y-3.911 E5.36691
;WIDTH:0.417176
G1 X-2.28 Y-3.775 E5.37513
;WIDTH:0.45
G1 X-2.186 Y-3.489 E5.38961
G1 X-2.203 Y-3.357 E5.39601
;WIDTH:0.445812
G1 X-2.348 Y-3.119 E5.40927
;WIDTH:0.396572
G1 X-28.558 Y19.024 E6.83089
;WIDTH:0.427841
G1 X-28.736 Y19.141 E6.84055
;WIDTH:0.45
G1 X-28.899 Y19.181 E6.84862
;WIDTH:0.466542
G1 X-29.181 Y19.125 E6.86304
G1 X-29.713 Y18.837 E6.89338
;WIDTH:0.491379
G1 X-30.258 Y18.633 E6.92437
;WIDTH:0.525734
G1 X-30.32 Y18.6 E6.92841
;WIDTH:0.560089
G1 X-30.382 Y18.566 E6.93278
;WIDTH:0.594445
G1 X-30.444 Y18.533 E6.93742
G1 X-30.446 Y18.516 E6.93855
G1 X-30.078 Y18.235 F7200
;TYPE:External perimeter
;WIDTH:0.45
G1 F1800
G1 X-30.127 Y18.187 E6.94185
G1 X-30.127 Y-25.108 E9.02419
G1 X-30.063 Y-25.251 E9.03173
G1 X-29.588 Y-25.434 E9.05621
G1 X-29.006 Y-25.751 E9.08809
G1 X-28.838 Y-25.77 E9.09622
G1 X-2.64 Y-3.637 E10.74573
G1 X-2.571 Y-3.489 E10.75358
G1 X-2.64 Y-3.342 E10.76139
G1 X-28.79 Y18.75 E12.40786
G1 X-28.909 Y18.795 E12.41398
G1 X-29.044 Y18.749 E12.42084
G1 X-29.387 Y18.549 E12.43994
G1 X-30.004 Y18.309 E12.47178
G1 X-30.036 Y18.277 E12.47396
G1 X-30.12 Y17.886 F7200
G1 E10.47396 F2400
G92 E0
G1 Z3.85 F7200
G1 X-29.373 Y-26.466
G1 Z1.85
G1 E2 F2400
;TYPE:Perimeter
;WIDTH:0.503764
G1 F1200
G1 X-29.455 Y-26.405 E2.0056
;WIDTH:0.462148
G1 X-29.893 Y-26.156 E2.0306
;WIDTH:0.493697
G1 X-30.219 Y-26.064 E2.04874
;WIDTH:0.531562
G1 X-30.544 Y-25.972 E2.06842
;WIDTH:0.561125
G1 X-30.598 Y-25.953 E2.07197
;WIDTH:0.590688
G1 X-30.652 Y-25.933 E2.07575
;WIDTH:0.473031
G1 X-31.425 Y-26.161 E2.11683
;WIDTH:0.460371
G1 X-31.87 Y-26.419 E2.14224
;WIDTH:0.467684
G1 X-32.226 Y-26.796 E2.16832
G1 X-32.419 Y-27.086 E2.18584
;WIDTH:0.45953
G1 X-32.609 Y-27.637 E2.21457
;WIDTH:0.460105
G1 X-32.621 Y-28.234 E2.24404
;WIDTH:0.466102
G1 X-32.558 Y-28.52 E2.25871
G1 X-32.357 Y-29.014 E2.28543
;WIDTH:0.461843
G1 X-32.004 Y-29.443 E2.31297
;WIDTH:0.468275
G1 X-31.581 Y-29.732 E2.33878
G1 X-31.244 Y-29.884 E2.3574
;WIDTH:0.458772
G1 X-30.749 Y-29.972 E2.38213
;WIDTH:0.45842
G1 X-30.258 Y-29.935 E2.40633
;WIDTH:0.46515
G1 X-29.802 Y-29.776 E2.43047
G1 X-29.364 Y-29.506 E2.45619
;WIDTH:0.463424
G1 X-29.003 Y-29.091 E2.48357
G1 X-28.884 Y-28.893 E2.49507
;WIDTH:0.461619
G1 X-28.704 Y-28.387 E2.52168
;WIDTH:0.490204
G1 X-28.678 Y-28.066 E2.53878
;WIDTH:0.521784
G1 X-28.652 Y-27.745 E2.55715
;WIDTH:0.554617
G1 X-28.642 Y-27.68 E2.56117
;WIDTH:0.58745
G1 X-28.632 Y-27.615 E2.56546
G1 X-28.698 Y-27.484 E2.57503
;WIDTH:0.548705
G1 X-28.765 Y-27.353 E2.58392
;WIDTH:0.509961
G1 X-28.831 Y-27.222 E2.59207
;WIDTH:0.471217
G1 X-28.898 Y-27.091 E2.59954
;WIDTH:0.471103
G1 X-28.952 Y-26.982 E2.60571
;WIDTH:0.509734
G1 X-29.007 Y-26.874 E2.61244
;WIDTH:0.548365
G1 X-29.061 Y-26.766 E2.61973
;WIDTH:0.586996
G1 X-29.116 Y-26.657 E2.62769
G1 X-29.229 Y-26.573 E2.63687
;WIDTH:0.54538
G1 X-29.325 Y-26.501 E2.64407
G1 X-29.629 Y-26.77 F7200
;TYPE:External perimeter
;WIDTH:0.45
G1 F1200
G1 X-30.074 Y-26.5 E2.6691
G1 X-30.618 Y-26.392 E2.69578
G1 X-31.23 Y-26.5 E2.72567
G1 X-31.683 Y-26.766 E2.75094
G1 X-32.018 Y-27.162 E2.77589
G1 X-32.206 Y-27.644 E2.80077
G1 X-32.231 Y-28.234 E2.82917
G1 X-32.052 Y-28.759 E2.85585
G1 X-31.704 Y-29.191 E2.88253
G1 X-31.23 Y-29.479 E2.90921
G1 X-30.739 Y-29.582 E2.93334
G1 X-30.358 Y-29.562 E2.95169
G1 X-29.999 Y-29.435 E2.97001
G1 X-29.6 Y-29.191 E2.9925
G1 X-29.267 Y-28.791 E3.01753
G1 X-29.085 Y-28.3 E3.04272
G1 X-29.073 Y-27.745 E3.06942
G1 X-29.252 Y-27.22 E3.0961
G1 X-29.583 Y-26.807 E3.12156
G1 X-29.922 Y-26.594 F7200
G1 E1.12156 F2400
G92 E0
G1 Z3.85 F7200
G1 X25.265 Y-26.907
G1 Z1.85
G1 E2 F2400
;TYPE:Perimeter
;WIDTH:0.432474
G1 F3600
G1 X25.365 Y-26.532 E2.01782
;WIDTH:0.396573
G1 X-1.11 Y-4.164 E3.45384
;WIDTH:0.445812
G1 X-1.427 Y-3.898 E3.47353
;WIDTH:0.45
G1 X-1.702 Y-3.853 E3.48693
G1 X-1.795 Y-3.879 E3.49157
;WIDTH:0.423286
G1 X-1.887 Y-3.906 E3.49586
;WIDTH:0.396574
G1 X-28.343 Y-26.256 E4.93081
;WIDTH:0.444179
G1 X-28.423 Y-26.331 E4.936
;WIDTH:0.491785
G1 X-28.503 Y-26.406 E4.94185
;WIDTH:0.53939
G1 X-28.583 Y-26.481 E4.94835
;WIDTH:0.586996
G1 X-28.663 Y-26.556 E4.9555
G1 X-28.636 Y-26.655 E4.96219
;WIDTH:0.548365
G1 X-28.61 Y-26.754 E4.96837
;WIDTH:0.509734
G1 X-28.583 Y-26.853 E4.97407
;WIDTH:0.471103
G1 X-28.557 Y-26.953 E4.97931
;WIDTH:0.471217
G1 X-28.487 Y-27.045 E4.98518
;WIDTH:0.509961
G1 X-28.417 Y-27.136 E4.99156
;WIDTH:0.548705
G1 X-28.348 Y-27.228 E4.99851
;WIDTH:0.58745
G1 X-28.278 Y-27.32 E5.00605
G1 X-28.13 Y-27.308 E5.01574
;WIDTH:0.53973
G1 X-27.982 Y-27.296 E5.02454
;WIDTH:0.492011
G1 X-27.834 Y-27.284 E5.03246
;WIDTH:0.444291
G1 X-27.687 Y-27.272 E5.03945
;WIDTH:0.396572
G1 X24.382 Y-27.272 E7.19681
;WIDTH:0.444321
G1 X24.53 Y-27.284 E7.20385
;WIDTH:0.492071
G1 X24.678 Y-27.296 E7.21177
;WIDTH:0.53982
G1 X24.826 Y-27.308 E7.22058
;WIDTH:0.58757
G1 X24.974 Y-27.32 E7.23027
G1 X25.044 Y-27.228 E7.23781
;WIDTH:0.548796
G1 X25.114 Y-27.137 E7.24475
;WIDTH:0.510022
G1 X25.183 Y-27.045 E7.25114
;WIDTH:0.471248
G1 X25.245 Y-26.963 E7.25636
G1 X24.895 Y-26.801 F7200
;TYPE:External perimeter
;WIDTH:0.45
G1 F1800
G1 X24.918 Y-26.776 E7.25799
G1 X24.898 Y-26.607 E7.26618
G1 X-1.342 Y-4.439 E8.91832
G1 X-1.62 Y-4.239 E8.93479
G1 X-1.776 Y-4.282 E8.94257
G1 X-28.161 Y-26.573 E10.60386
G1 X-28.229 Y-26.734 E10.61227
G1 X-28.134 Y-26.886 E10.62089
G1 X-27.687 Y-26.913 E10.64243
G1 X24.733 Y-26.913 E13.16365
G1 X24.805 Y-26.899 E13.16718
G1 X24.855 Y-26.845 E13.17072
G1 X24.743 Y-26.461 F7200
G1 X25.534 Y-26.18
;TYPE:Perimeter
;WIDTH:0.586942
G1 F3600
G1 X25.611 Y-26.228 E13.17663
G1 X25.803 Y-26.124 E13.19086
;WIDTH:0.547334
G1 X25.994 Y-26.02 E13.20396
;WIDTH:0.507726
G1 X26.185 Y-25.916 E13.21599
;WIDTH:0.468119
G1 X26.661 Y-25.72 E13.24191
;WIDTH:0.500511
G1 X26.821 Y-25.649 E13.25143
;WIDTH:0.545591
G1 X26.981 Y-25.579 E13.26191
;WIDTH:0.590671
G1 X27.141 Y-25.508 E13.2734
G1 X27.151 Y-25.408 E13.28
;WIDTH:0.542146
G1 X27.162 Y-25.308 E13.28599
;WIDTH:0.493621
G1 X27.172 Y-25.207 E13.29142
;WIDTH:0.445096
G1 X27.182 Y-25.107 E13.29619
;WIDTH:0.396572
G1 X27.182 Y18.129 E15.08757
;WIDTH:0.446037
G1 X27.172 Y18.23 E15.0924
;WIDTH:0.495502
G1 X27.161 Y18.331 E15.09786
;WIDTH:0.544967
G1 X27.151 Y18.432 E15.10394
;WIDTH:0.594432
G1 X27.141 Y18.533 E15.11065
G1 X27.031 Y18.585 E15.11869
;WIDTH:0.552746
G1 X26.921 Y18.637 E15.1261
;WIDTH:0.51106
G1 X26.812 Y18.689 E15.13283
;WIDTH:0.469374
G1 X26.385 Y18.844 E15.15578
;WIDTH:0.464926
G1 X25.89 Y19.118 E15.18405
G1 X25.595 Y19.181 E15.19912
;WIDTH:0.45
G1 X25.486 Y19.155 E15.20451
;WIDTH:0.423286
G1 X25.377 Y19.128 E15.20954
;WIDTH:0.396573
G1 X-.896 Y-3.068 E16.63457
;WIDTH:0.417177
G1 X-1.023 Y-3.203 E16.64273
;WIDTH:0.45
G1 X-1.118 Y-3.489 E16.65722
G1 X-1.1 Y-3.622 E16.66368
;WIDTH:0.445812
G1 X-.956 Y-3.86 E16.67691
;WIDTH:0.396573
G1 X25.254 Y-26.003 E18.09853
;WIDTH:0.445256
G1 X25.344 Y-26.059 E18.10357
;WIDTH:0.492485
G1 X25.433 Y-26.116 E18.10921
;WIDTH:0.539713
G1 X25.484 Y-26.148 E18.11278
G1 X25.597 Y-25.755 F7200
;TYPE:External perimeter
;WIDTH:0.45
G1 F1800
G1 X25.657 Y-25.768 E18.11573
G1 X26.269 Y-25.456 E18.14877
G1 X26.759 Y-25.251 E18.17432
G1 X26.823 Y-25.107 E18.1819
G1 X26.823 Y18.129 E20.2614
G1 X26.776 Y18.256 E20.26791
G1 X26.294 Y18.451 E20.29292
G1 X25.702 Y18.772 E20.32531
G1 X25.53 Y18.788 E20.33362
G1 X-.664 Y-3.342 E21.98289
G1 X-.732 Y-3.489 E21.99068
G1 X-.664 Y-3.637 E21.99851
G1 X25.486 Y-25.729 E23.64498
G1 X25.539 Y-25.741 E23.64759
G1 X25.922 Y-25.626 F7200
G1 X26.363 Y-26.283
;TYPE:Perimeter
;WIDTH:0.507726
G1 F1200
G1 X26.199 Y-26.394 E23.65854
;WIDTH:0.547334
G1 X26.005 Y-26.526 E23.67267
;WIDTH:0.586942
G1 X25.812 Y-26.658 E23.68791
G1 X25.597 Y-27.096 E23.71971
;WIDTH:0.558169
G1 X25.381 Y-27.533 E23.74973
;WIDTH:0.558483
G1 X25.355 Y-27.575 E23.75277
;WIDTH:0.58757
G1 X25.328 Y-27.616 E23.75597
G1 X25.345 Y-27.822 E23.76946
;WIDTH:0.544924
G1 X25.362 Y-28.028 E23.78185
;WIDTH:0.502278
G1 X25.379 Y-28.234 E23.79314
;WIDTH:0.459632
G1 X25.416 Y-28.432 E23.80307
G1 X25.588 Y-28.909 E23.82807
G1 X25.999 Y-29.44 E23.86117
;WIDTH:0.466044
G1 X26.257 Y-29.637 E23.87743
G1 X26.745 Y-29.882 E23.90479
;WIDTH:0.459523
G1 X27.243 Y-29.967 E23.92969
;WIDTH:0.457144
G1 X27.742 Y-29.938 E23.95418
G1 X28.119 Y-29.813 E23.97364
;WIDTH:0.455116
G1 X28.624 Y-29.514 E24.00224
G1 X29.012 Y-29.066 E24.03112
;WIDTH:0.466118
G1 X29.151 Y-28.802 E24.04607
G1 X29.305 Y-28.318 E24.07152
;WIDTH:0.461492
G1 X29.318 Y-27.745 E24.09991
;WIDTH:0.46202
G1 X29.276 Y-27.524 E24.11107
G1 X29.068 Y-26.989 E24.13954
;WIDTH:0.464813
G1 X28.742 Y-26.582 E24.16558
G1 X28.544 Y-26.407 E24.17878
;WIDTH:0.458042
G1 X28.071 Y-26.137 E24.20552
;WIDTH:0.512327
G1 X27.83 Y-26.069 E24.21951
;WIDTH:0.551499
G1 X27.589 Y-26.001 E24.23472
;WIDTH:0.590671
G1 X27.348 Y-25.933 E24.25116
G1 X27.154 Y-25.987 E24.26438
;WIDTH:0.545591
G1 X26.96 Y-26.041 E24.27647
;WIDTH:0.500511
G1 X26.766 Y-26.095 E24.28742
;WIDTH:0.468119
G1 X26.414 Y-26.253 E24.30685
G1 X26.559 Y-26.623 F7200
;TYPE:External perimeter
;WIDTH:0.45
G1 F1200
G1 X26.347 Y-26.744 E24.31859
G1 X25.982 Y-27.162 E24.34528
G1 X25.781 Y-27.679 E24.37196
G1 X25.769 Y-28.234 E24.39866
G1 X25.948 Y-28.759 E24.42534
G1 X26.296 Y-29.191 E24.45202
G1 X26.77 Y-29.479 E24.4787
G1 X27.275 Y-29.582 E24.50349
G1 X27.672 Y-29.553 E24.52264
G1 X27.926 Y-29.479 E24.53536
G1 X28.376 Y-29.216 E24.56043
G1 X28.715 Y-28.817 E24.58561
G1 X28.915 Y-28.3 E24.61227
G1 X28.927 Y-27.745 E24.63897
G1 X28.748 Y-27.22 E24.66565
G1 X28.4 Y-26.787 E24.69237
G1 X27.926 Y-26.5 E24.71902
G1 X27.315 Y-26.392 E24.74886
G1 X26.797 Y-26.487 E24.77419
G1 X26.611 Y-26.593 E24.78449
G1 X26.288 Y-26.829 F7200
G1 E22.78449 F2400
G92 E0
G1 Z3.85 F7200
G1 X24.806 Y20.756
G1 Z1.85
G1 E2 F2400
;TYPE:Perimeter
G1 F3600
G1 X24.728 Y20.795 E2.00419
;WIDTH:0.423286
G1 X24.628 Y20.845 E2.00919
;WIDTH:0.396572
G1 X-27.77 Y20.845 E4.18018
;WIDTH:0.427837
G1 X-27.981 Y20.82 E4.18981
;WIDTH:0.45
G1 X-28.132 Y20.744 E4.19794
;WIDTH:0.463888
G1 X-28.32 Y20.495 E4.21349
G1 X-28.511 Y19.971 E4.24128
;WIDTH:0.461605
G1 X-28.567 Y19.757 E4.25224
;WIDTH:0.456404
G1 X-28.556 Y19.588 E4.26052
;WIDTH:0.45
G1 X-28.511 Y19.485 E4.26593
;WIDTH:0.423286
G1 X-28.467 Y19.382 E4.27094
;WIDTH:0.396572
G1 X-2.194 Y-2.814 E5.69597
;WIDTH:0.445812
G1 X-1.876 Y-3.08 E5.71569
;WIDTH:0.45
G1 X-1.702 Y-3.126 E5.72435
G1 X-1.56 Y-3.1 E5.73129
;WIDTH:0.423285
G1 X-1.418 Y-3.075 E5.73774
;WIDTH:0.396573
G1 X25.04 Y19.278 E7.17282
;WIDTH:0.427821
G1 X25.185 Y19.433 E7.18244
;WIDTH:0.45
G1 X25.251 Y19.588 E7.19054
;WIDTH:0.463727
G1 X25.234 Y19.9 E7.2061
G1 X25.039 Y20.43 E7.23423
;WIDTH:0.462074
G1 X24.944 Y20.628 E7.24512
;WIDTH:0.458699
G1 X24.853 Y20.72 E7.25148
G1 X24.577 Y20.447 F7200
;TYPE:External perimeter
;WIDTH:0.45
G1 F1800
G1 X24.467 Y20.486 E7.25709
G1 X-27.77 Y20.486 E9.76951
G1 X-27.891 Y20.443 E9.77569
G1 X-28.144 Y19.836 E9.80732
G1 X-28.177 Y19.663 E9.81579
G1 X-28.112 Y19.552 E9.82198
G1 X-1.776 Y-2.697 E11.48016
G1 X-1.62 Y-2.74 E11.48794
G1 X-1.342 Y-2.54 E11.50441
G1 X24.808 Y19.552 E13.15088
G1 X24.873 Y19.662 E13.15703
G1 X24.671 Y20.296 E13.18903
G1 X24.612 Y20.401 E13.19482
G1 X24.219 Y20.479 F7200
G1 X25.642 Y20.025
;TYPE:Perimeter
;WIDTH:0.46191
G1 F1200
G1 X25.997 Y19.558 E13.22391
G1 X26.151 Y19.427 E13.23393
G1 X26.59 Y19.177 E13.25898
;WIDTH:0.503455
G1 X27.151 Y19.017 E13.29093
;WIDTH:0.548943
G1 X27.244 Y18.989 E13.2968
;WIDTH:0.594432
G1 X27.337 Y18.962 E13.3032
G1 X27.551 Y19.017 E13.31781
;WIDTH:0.548494
G1 X27.766 Y19.072 E13.33121
;WIDTH:0.502557
G1 X27.98 Y19.126 E13.34327
;WIDTH:0.460914
G1 X28.545 Y19.427 E13.37493
;WIDTH:0.467767
G1 X28.917 Y19.81 E13.40179
G1 X29.115 Y20.108 E13.41979
;WIDTH:0.459428
G1 X29.292 Y20.614 E13.4462
;WIDTH:0.460995
G1 X29.318 Y21.255 E13.47793
;WIDTH:0.467864
G1 X29.174 Y21.765 E13.5046
G1 X29.014 Y22.089 E13.52278
;WIDTH:0.459469
G1 X28.604 Y22.547 E13.55307
;WIDTH:0.460763
G1 X28.121 Y22.839 E13.58097
;WIDTH:0.467682
G1 X27.596 Y22.971 E13.6082
G1 X27.247 Y22.992 E13.62579
;WIDTH:0.459546
G1 X26.678 Y22.883 E13.65434
;WIDTH:0.46054
G1 X26.152 Y22.594 E13.68399
;WIDTH:0.46515
G1 X25.952 Y22.415 E13.69741
G1 X25.619 Y21.996 E13.72416
;WIDTH:0.463289
G1 X25.412 Y21.455 E13.75298
G1 X25.379 Y20.766 E13.7873
;WIDTH:0.465796
G1 X25.39 Y20.639 E13.79368
G1 X25.58 Y20.107 E13.82196
;WIDTH:0.46191
G1 X25.606 Y20.073 E13.82408
G1 X25.97 Y20.214 F7200
;TYPE:External perimeter
;WIDTH:0.45
G1 F1200
G1 X26.296 Y19.809 E13.84909
G1 X26.77 Y19.521 E13.87577
G1 X27.275 Y19.418 E13.90056
G1 X27.665 Y19.445 E13.91936
G1 X27.926 Y19.521 E13.93243
G1 X28.379 Y19.787 E13.9577
G1 X28.715 Y20.183 E13.98268
G1 X28.915 Y20.7 E14.00934
G1 X28.927 Y21.255 E14.03604
G1 X28.748 Y21.78 E14.06272
G1 X28.4 Y22.213 E14.08944
G1 X27.926 Y22.5 E14.11609
G1 X27.382 Y22.608 E14.14277
G1 X26.881 Y22.531 E14.16715
G1 X26.347 Y22.256 E14.19604
G1 X25.982 Y21.838 E14.22273
G1 X25.781 Y21.321 E14.24941
G1 X25.769 Y20.766 E14.27611
G1 X25.94 Y20.265 E14.30157
G1 X26.185 Y19.949 F7200
G1 X25.624 Y19.523
;TYPE:Perimeter
;WIDTH:0.361941
G1 F1200
G1 X25.605 Y19.555 E14.30295
G1 X25.549 Y19.523 E14.30534
G1 X25.605 Y19.49 E14.30775
G1 X25.079 Y21.011 F7200
;WIDTH:0.361789
G1 F1200
G1 X25.061 Y21.043 E14.30911
G1 X25.005 Y21.011 E14.3115
G1 X25.061 Y20.979 E14.31389
G1 E12.31389 F2400
G92 E0
G1 Z3.85 F7200
G1 X-28.309 Y21.011
G1 Z1.85
G1 E2 F2400
;WIDTH:0.362089
G1 F1200
G1 X-28.327 Y21.043 E2.00136
G1 X-28.383 Y21.011 E2.00375
G1 X-28.327 Y20.979 E2.00614
G1 X-28.854 Y19.522 F7200
;WIDTH:0.361759
G1 F1200
G1 X-28.872 Y19.554 E2.0075
G1 X-28.928 Y19.522 E2.00989
G1 X-28.872 Y19.49 E2.01228
G1 E.01228 F2400
G92 E0
G1 Z3.85 F7200
G1 X-1.811 Y-3.489
G1 Z1.85
G1 E2 F2400
;WIDTH:0.428055
G1 F1200
G1 X-1.493 Y-3.489 E2.01442
G1 E.01442 F2400
G92 E0
G1 Z3.85 F7200
G1 X24.755 Y-27.697
G1 Z1.85
G1 E2 F2400
;WIDTH:0.53982
G1 F3600
G1 X24.77 Y-27.701 E2.00092
;WIDTH:0.58757
G1 X24.873 Y-27.734 E2.00798
G1 X24.904 Y-27.84 E2.01519
;WIDTH:0.549932
G1 X24.934 Y-27.947 E2.02192
;WIDTH:0.512294
G1 X24.964 Y-28.053 E2.02807
;WIDTH:0.474656
G1 X25.044 Y-28.551 E2.05388
;WIDTH:0.45927
G1 X25.209 Y-29.024 E2.07855
;WIDTH:0.461622
G1 X25.391 Y-29.339 E2.09657
G1 X25.723 Y-29.715 E2.12142
;WIDTH:0.466044
G1 X26.071 Y-29.993 E2.14373
G1 X26.62 Y-30.254 E2.17418
;WIDTH:0.459523
G1 X27.111 Y-30.344 E2.19878
;WIDTH:0.457822
G1 X27.657 Y-30.348 E2.22557
G1 X28.167 Y-30.209 E2.25151
;WIDTH:0.463381
G1 X28.723 Y-29.932 E2.28242
G1 X28.994 Y-29.707 E2.29995
;WIDTH:0.459943
G1 X29.313 Y-29.314 E2.32492
;WIDTH:0.459624
G1 X29.476 Y-29.052 E2.34013
G1 X29.656 Y-28.527 E2.36749
;WIDTH:0.467899
G1 X29.725 Y-27.99 E2.39474
G1 X29.715 Y-27.735 E2.40758
;WIDTH:0.46202
G1 X29.647 Y-27.381 E2.42546
G1 X29.38 Y-26.749 E2.45949
;WIDTH:0.464813
G1 X29.046 Y-26.322 E2.48657
G1 X28.781 Y-26.09 E2.50416
;WIDTH:0.458598
G1 X28.315 Y-25.823 E2.53057
;WIDTH:0.471482
G1 X27.88 Y-25.666 E2.55405
;WIDTH:0.511211
G1 X27.771 Y-25.613 E2.5608
;WIDTH:0.550941
G1 X27.663 Y-25.561 E2.56807
;WIDTH:0.590671
G1 X27.555 Y-25.508 E2.57597
G1 X27.545 Y-25.408 E2.58257
;WIDTH:0.542146
G1 X27.535 Y-25.308 E2.58856
;WIDTH:0.493621
G1 X27.525 Y-25.208 E2.59394
;WIDTH:0.445096
G1 X27.514 Y-25.108 E2.59872
;WIDTH:0.396572
G1 X27.514 Y18.129 E4.39015
;WIDTH:0.446037
G1 X27.525 Y18.23 E4.39499
;WIDTH:0.495502
G1 X27.535 Y18.331 E4.40045
;WIDTH:0.544967
G1 X27.546 Y18.432 E4.40654
;WIDTH:0.594432
G1 X27.556 Y18.533 E4.41325
G1 X27.618 Y18.566 E4.41789
;WIDTH:0.560104
G1 X27.68 Y18.6 E4.42226
;WIDTH:0.525776
G1 X27.742 Y18.633 E4.4263
;WIDTH:0.491448
G1 X28.093 Y18.751 E4.44602
;WIDTH:0.468684
G1 X28.538 Y18.952 E4.47064
G1 X28.982 Y19.281 E4.49851
;WIDTH:0.460534
G1 X29.329 Y19.695 E4.5252
;WIDTH:0.466178
G1 X29.542 Y20.099 E4.54809
G1 X29.713 Y20.752 E4.58192
;WIDTH:0.460435
G1 X29.71 Y21.32 E4.60998
;WIDTH:0.467864
G1 X29.555 Y21.898 E4.6401
G1 X29.379 Y22.253 E4.66004
;WIDTH:0.464101
G1 X29.048 Y22.674 E4.68674
G1 X28.756 Y22.911 E4.70549
;WIDTH:0.459995
G1 X28.249 Y23.216 E4.73468
;WIDTH:0.467682
G1 X27.67 Y23.367 E4.76478
G1 X27.283 Y23.391 E4.78428
;WIDTH:0.464361
G1 X26.739 Y23.311 E4.81171
G1 X26.387 Y23.188 E4.83031
;WIDTH:0.460948
G1 X25.879 Y22.886 E4.85954
;WIDTH:0.467442
G1 X25.46 Y22.457 E4.88969
G1 X25.218 Y22.068 E4.91272
;WIDTH:0.463244
G1 X25.022 Y21.545 E4.94051
G1 X24.829 Y21.277 E4.95694
;WIDTH:0.45
G1 X24.678 Y21.202 E4.96505
;WIDTH:0.427834
G1 X24.467 Y21.177 E4.97468
;WIDTH:0.396572
G1 X-27.77 Y21.177 E7.139
;WIDTH:0.427837
G1 X-27.981 Y21.202 E7.14863
;WIDTH:0.45
G1 X-28.132 Y21.277 E7.15674
;WIDTH:0.455366
G1 X-28.245 Y21.394 E7.16467
;WIDTH:0.468201
G1 X-28.439 Y21.883 E7.19117
G1 X-28.618 Y22.247 E7.2116
;WIDTH:0.465426
G1 X-28.945 Y22.668 E7.23826
G1 X-29.245 Y22.929 E7.25815
;WIDTH:0.460622
G1 X-29.737 Y23.21 E7.28615
;WIDTH:0.467989
G1 X-30.315 Y23.365 E7.31627
G1 X-30.799 Y23.384 E7.34065
;WIDTH:0.460313
G1 X-31.332 Y23.291 E7.36737
;WIDTH:0.468789
G1 X-31.824 Y23.079 E7.39439
G1 X-32.139 Y22.862 E7.41368
;WIDTH:0.466358
G1 X-32.536 Y22.458 E7.44208
G1 X-32.745 Y22.145 E7.46095
;WIDTH:0.464488
G1 X-32.948 Y21.635 E7.48834
G1 X-33.018 Y21.267 E7.50703
;WIDTH:0.460936
G1 X-33.011 Y20.678 E7.53616
;WIDTH:0.467505
G1 X-32.849 Y20.101 E7.56629
G1 X-32.678 Y19.76 E7.58547
;WIDTH:0.463929
G1 X-32.332 Y19.324 E7.61321
G1 X-32.057 Y19.089 E7.63124
;WIDTH:0.461248
G1 X-31.61 Y18.833 E7.65674
;WIDTH:0.469737
G1 X-31.185 Y18.688 E7.67944
;WIDTH:0.511306
G1 X-31.077 Y18.636 E7.68612
;WIDTH:0.552875
G1 X-30.968 Y18.585 E7.69345
;WIDTH:0.594445
G1 X-30.86 Y18.533 E7.70137
G1 X-30.849 Y18.432 E7.70809
;WIDTH:0.544976
G1 X-30.839 Y18.331 E7.71417
;WIDTH:0.495508
G1 X-30.828 Y18.23 E7.71963
;WIDTH:0.44604
G1 X-30.818 Y18.129 E7.72446
;WIDTH:0.396572
G1 X-30.818 Y-25.108 E9.51589
;WIDTH:0.445101
G1 X-30.828 Y-25.208 E9.52066
;WIDTH:0.49363
G1 X-30.838 Y-25.308 E9.52604
;WIDTH:0.542159
G1 X-30.849 Y-25.408 E9.53204
;WIDTH:0.590688
G1 X-30.859 Y-25.508 E9.53864
G1 X-30.907 Y-25.538 E9.54236
;WIDTH:0.561112
G1 X-30.956 Y-25.568 E9.54592
;WIDTH:0.531536
G1 X-31.283 Y-25.69 E9.56626
;WIDTH:0.495953
G1 X-31.61 Y-25.812 E9.58505
;WIDTH:0.460371
G1 X-32.106 Y-26.103 E9.61345
;WIDTH:0.467684
G1 X-32.532 Y-26.533 E9.6439
G1 X-32.782 Y-26.932 E9.66758
;WIDTH:0.460844
G1 X-32.967 Y-27.441 E9.69436
;WIDTH:0.468696
G1 X-33.03 Y-28.006 E9.72303
G1 X-32.989 Y-28.439 E9.74496
;WIDTH:0.466627
G1 X-32.837 Y-28.93 E9.77075
G1 X-32.631 Y-29.309 E9.79239
;WIDTH:0.461581
G1 X-32.28 Y-29.727 E9.81943
;WIDTH:0.468275
G1 X-31.789 Y-30.078 E9.84983
G1 X-31.415 Y-30.244 E9.87044
;WIDTH:0.461688
G1 X-30.861 Y-30.361 E9.8985
G1 X-30.354 Y-30.35 E9.92363
;WIDTH:0.458046
G1 X-29.882 Y-30.226 E9.94759
;WIDTH:0.467492
G1 X-29.375 Y-29.996 E9.97558
G1 X-29.067 Y-29.766 E9.99491
;WIDTH:0.463424
G1 X-28.693 Y-29.342 E10.02305
G1 X-28.514 Y-29.038 E10.04061
;WIDTH:0.461619
G1 X-28.341 Y-28.553 E10.06612
;WIDTH:0.471917
G1 X-28.271 Y-28.077 E10.09058
;WIDTH:0.510428
G1 X-28.24 Y-27.963 E10.09715
;WIDTH:0.548939
G1 X-28.208 Y-27.848 E10.10436
;WIDTH:0.58745
G1 X-28.177 Y-27.734 E10.11207
G1 X-28.102 Y-27.705 E10.11732
;WIDTH:0.538073
G1 X-28.026 Y-27.676 E10.12213
;WIDTH:0.488696
G1 X-27.951 Y-27.647 E10.12639
;WIDTH:0.439319
G1 X-27.687 Y-27.604 E10.1389
;WIDTH:0.396572
G1 X24.46 Y-27.604 E12.29949
;WIDTH:0.444321
G1 X24.564 Y-27.636 E12.30465
;WIDTH:0.492071
G1 X24.667 Y-27.669 E12.31042
;WIDTH:0.53982
G1 X24.698 Y-27.679 E12.31235
G1 X24.497 Y-28.024 F7200
;TYPE:External perimeter
;WIDTH:0.45
G1 F1800
G1 X24.551 Y-28.062 E12.31553
G1 X24.63 Y-28.543 E12.33897
G1 X24.84 Y-29.152 E12.36995
G1 X25.06 Y-29.557 E12.39212
G1 X25.435 Y-29.974 E12.41909
G1 X25.85 Y-30.324 E12.4452
G1 X26.454 Y-30.607 E12.47728
G1 X26.876 Y-30.722 E12.49832
G1 X27.543 Y-30.749 E12.53043
G1 X27.809 Y-30.718 E12.54331
G1 X28.232 Y-30.595 E12.5645
G1 X28.707 Y-30.404 E12.58912
G1 X29.261 Y-29.998 E12.62215
G1 X29.681 Y-29.476 E12.65437
G1 X29.9 Y-29.072 E12.67647
G1 X30.04 Y-28.584 E12.70089
G1 X30.119 Y-27.97 E12.73066
G1 X30.032 Y-27.288 E12.76373
G1 X29.779 Y-26.668 E12.79594
G1 X29.531 Y-26.281 E12.81805
G1 X29.025 Y-25.78 E12.8523
G1 X28.444 Y-25.449 E12.88446
G1 X27.937 Y-25.251 E12.91064
G1 X27.873 Y-25.107 E12.91822
G1 X27.873 Y18.187 E15.00051
G1 X28.005 Y18.312 E15.00925
G1 X28.478 Y18.482 E15.03342
G1 X28.969 Y18.764 E15.06065
G1 X29.329 Y19.071 E15.08341
G1 X29.653 Y19.477 E15.10839
G1 X29.907 Y19.94 E15.13379
G1 X30.071 Y20.541 E15.16375
G1 X30.122 Y20.991 E15.18553
G1 X30.071 Y21.513 E15.21076
G1 X29.899 Y22.095 E15.23995
G1 X29.655 Y22.541 E15.2644
G1 X29.304 Y22.977 E15.29132
G1 X28.78 Y23.379 E15.32308
G1 X28.482 Y23.539 E15.33935
G1 X28.028 Y23.698 E15.36249
G1 X27.522 Y23.774 E15.3871
G1 X26.942 Y23.753 E15.41501
G1 X26.425 Y23.621 E15.44067
G1 X25.951 Y23.408 E15.46566
G1 X25.541 Y23.108 E15.49009
G1 X25.137 Y22.686 E15.51819
G1 X24.866 Y22.238 E15.54337
G1 X24.663 Y21.709 E15.57062
G1 X24.587 Y21.578 E15.5779
G1 X24.467 Y21.536 E15.58401
G1 X-27.77 Y21.536 E18.09643
G1 X-27.891 Y21.578 E18.10259
G1 X-27.967 Y21.709 E18.10987
G1 X-28.169 Y22.236 E18.13702
G1 X-28.46 Y22.707 E18.16365
G1 X-28.84 Y23.104 E18.19008
G1 X-29.246 Y23.402 E18.2143
G1 X-29.724 Y23.619 E18.23955
G1 X-30.313 Y23.762 E18.2687
G1 X-30.823 Y23.774 E18.29324
G1 X-31.322 Y23.701 E18.3175
G1 X-31.783 Y23.539 E18.341
G1 X-32.332 Y23.218 E18.37159
G1 X-32.814 Y22.737 E18.40434
G1 X-32.958 Y22.543 E18.41596
G1 X-33.229 Y22.032 E18.44378
G1 X-33.374 Y21.518 E18.46947
G1 X-33.426 Y21.002 E18.49441
G1 X-33.372 Y20.495 E18.51893
G1 X-33.209 Y19.935 E18.54698
G1 X-32.956 Y19.475 E18.57223
G1 X-32.625 Y19.064 E18.59761
G1 X-32.271 Y18.762 E18.61999
G1 X-31.724 Y18.454 E18.65018
G1 X-31.224 Y18.256 E18.67605
G1 X-31.177 Y18.129 E18.68256
G1 X-31.177 Y-25.165 E20.76485
G1 X-31.309 Y-25.291 E20.77363
G1 X-31.781 Y-25.46 E20.79774
G1 X-32.273 Y-25.742 E20.82501
G1 X-32.638 Y-26.055 E20.84814
G1 X-32.958 Y-26.458 E20.87289
G1 X-33.204 Y-26.906 E20.89747
G1 X-33.352 Y-27.368 E20.9208
G1 X-33.424 Y-27.984 E20.95063
G1 X-33.369 Y-28.521 E20.97659
G1 X-33.208 Y-29.063 E21.00378
G1 X-32.951 Y-29.533 E21.02954
G1 X-32.59 Y-29.971 E21.05684
G1 X-32.244 Y-30.258 E21.07846
G1 X-31.767 Y-30.523 E21.1047
G1 X-31.236 Y-30.699 E21.13161
G1 X-30.542 Y-30.762 E21.16513
G1 X-30.033 Y-30.676 E21.18996
G1 X-29.414 Y-30.468 E21.22137
G1 X-28.934 Y-30.162 E21.24875
G1 X-28.564 Y-29.812 E21.27325
G1 X-28.26 Y-29.384 E21.2985
G1 X-28.019 Y-28.857 E21.32637
G1 X-27.833 Y-28.03 E21.36714
G1 X-27.687 Y-27.963 E21.37487
G1 X24.412 Y-27.963 E23.88065
G1 X24.449 Y-27.989 E23.88283
G1 X24.594 Y-28.362 F7200
G1 E21.88283 F2400
G92 E0
G1 Z3.85 F7200
G1 X36.843 Y-23.966
G1 Z1.85
G1 E2 F2400
;TYPE:Perimeter
;WIDTH:0.495268
G1 F3600
G1 X37.234 Y-24.508 E2.03592
G1 X37.768 Y-24.957 E2.07342
;WIDTH:0.492877
G1 X38.403 Y-25.306 E2.11215
;WIDTH:0.469833
G1 X38.879 Y-25.46 E2.13745
;WIDTH:0.436983
G1 X39.51 Y-25.573 E2.16724
;WIDTH:0.396337
G1 X42.349 Y-25.572 E2.28478
;WIDTH:0.413545
G1 X42.853 Y-25.545 E2.30676
;WIDTH:0.455982
G1 X43.493 Y-25.41 E2.33871
;WIDTH:0.481937
G1 X44.127 Y-25.149 E2.37442
;WIDTH:0.490463
G1 X44.589 Y-24.845 E2.40381
;WIDTH:0.498244
G1 X45.142 Y-24.306 E2.4456
G1 X45.468 Y-23.835 E2.4766
;WIDTH:0.479944
G1 X45.698 Y-23.342 E2.5048
;WIDTH:0.454964
G1 X45.834 Y-22.885 E2.52803
;WIDTH:0.428708
G1 X45.932 Y-22.301 E2.55494
;WIDTH:0.396572
G1 X45.932 Y21.012 E4.34951
;WIDTH:0.411996
G1 X45.903 Y21.516 E4.3714
;WIDTH:0.455976
G1 X45.768 Y22.157 E4.40339
;WIDTH:0.481937
G1 X45.508 Y22.789 E4.43898
;WIDTH:0.490465
G1 X45.204 Y23.251 E4.46837
;WIDTH:0.498244
G1 X44.665 Y23.805 E4.5102
G1 X44.194 Y24.13 E4.54117
;WIDTH:0.479944
G1 X43.7 Y24.36 E4.56941
;WIDTH:0.454965
G1 X43.244 Y24.497 E4.59261
;WIDTH:0.428708
G1 X42.66 Y24.595 E4.61952
;WIDTH:0.396572
G1 X39.847 Y24.595 E4.73607
;WIDTH:0.411997
G1 X39.343 Y24.566 E4.75796
;WIDTH:0.455975
G1 X38.702 Y24.431 E4.78995
;WIDTH:0.481938
G1 X38.07 Y24.17 E4.82556
;WIDTH:0.490463
G1 X37.608 Y23.866 E4.85495
;WIDTH:0.498245
G1 X37.054 Y23.327 E4.89678
G1 X36.729 Y22.857 E4.9277
;WIDTH:0.479944
G1 X36.498 Y22.363 E4.95597
;WIDTH:0.454966
G1 X36.362 Y21.906 E4.9792
;WIDTH:0.428709
G1 X36.264 Y21.323 E5.00606
;WIDTH:0.396572
G1 X36.264 Y-21.99 E6.80063
;WIDTH:0.417947
G1 X36.316 Y-22.613 E6.8282
;WIDTH:0.460556
G1 X36.437 Y-23.142 E6.85501
;WIDTH:0.49084
G1 X36.703 Y-23.771 E6.89134
;WIDTH:0.495268
G1 X36.808 Y-23.917 E6.901
G1 X37.159 Y-23.755 F7200
;TYPE:External perimeter
;WIDTH:0.45
G1 F1800
G1 X37.553 Y-24.254 E6.93158
G1 X38.024 Y-24.64 E6.96087
G1 X38.594 Y-24.959 E6.99229
G1 X39.119 Y-25.126 E7.01879
G1 X39.838 Y-25.214 E7.05363
G1 X42.349 Y-25.214 E7.1744
G1 X42.782 Y-25.185 E7.19527
G1 X43.368 Y-25.042 E7.22428
G1 X43.949 Y-24.788 E7.25478
G1 X44.395 Y-24.475 E7.28099
G1 X44.834 Y-24.036 E7.31085
G1 X45.134 Y-23.613 E7.33579
G1 X45.401 Y-23.01 E7.36751
G1 X45.544 Y-22.423 E7.39657
G1 X45.573 Y-21.99 E7.41744
G1 X45.573 Y21.012 E9.48569
G1 X45.544 Y21.444 E9.50651
G1 X45.401 Y22.032 E9.53562
G1 X45.147 Y22.612 E9.56607
G1 X44.834 Y23.057 E9.59224
G1 X44.395 Y23.497 E9.62213
G1 X43.971 Y23.797 E9.64711
G1 X43.369 Y24.063 E9.67876
G1 X42.782 Y24.206 E9.70782
G1 X42.349 Y24.236 E9.7287
G1 X39.847 Y24.236 E9.84904
G1 X39.415 Y24.206 E9.86987
G1 X38.827 Y24.063 E9.89898
G1 X38.247 Y23.81 E9.92941
G1 X37.802 Y23.497 E9.95558
G1 X37.362 Y23.057 E9.98551
G1 X37.062 Y22.634 E10.01045
G1 X36.796 Y22.032 E10.0421
G1 X36.653 Y21.444 E10.07121
G1 X36.623 Y21.012 E10.09204
G1 X36.623 Y-21.99 E12.16029
G1 X36.684 Y-22.574 E12.18853
G1 X36.861 Y-23.203 E12.21996
G1 X37.128 Y-23.703 E12.24722
G1 X37.371 Y-24.021 F7200
G1 E10.24722 F2400
G92 E0
G1 Z3.85 F7200
G1 X38.633 Y-25.781
G1 Z1.85
G1 E2 F2400
;TYPE:Perimeter
;WIDTH:0.468376
G1 F3600
G1 X38.779 Y-25.818 E2.00759
;WIDTH:0.436983
G1 X39.299 Y-25.893 E2.03201
;WIDTH:0.414868
G1 X39.847 Y-25.905 E2.05597
;WIDTH:0.396337
G1 X42.734 Y-25.903 E2.1755
;WIDTH:0.429453
G1 X43.301 Y-25.836 E2.2015
;WIDTH:0.454966
G1 X43.829 Y-25.708 E2.22797
;WIDTH:0.48191
G1 X44.331 Y-25.512 E2.25603
;WIDTH:0.485507
G1 X44.754 Y-25.244 E2.28233
;WIDTH:0.488456
G1 X45.176 Y-24.892 E2.3114
;WIDTH:0.490465
G1 X45.544 Y-24.484 E2.3406
G1 X45.828 Y-24.042 E2.36852
;WIDTH:0.479786
G1 X46.034 Y-23.559 E2.39573
;WIDTH:0.457838
G1 X46.179 Y-23.038 E2.42227
;WIDTH:0.436107
G1 X46.257 Y-22.447 E2.44991
;WIDTH:0.410832
G1 X46.264 Y-21.99 E2.46966
;WIDTH:0.396572
G1 X46.264 Y21.431 E4.26871
;WIDTH:0.436107
G1 X46.179 Y22.06 E4.29814
;WIDTH:0.457838
G1 X46.034 Y22.581 E4.32468
;WIDTH:0.479943
G1 X45.816 Y23.083 E4.35305
;WIDTH:0.490465
G1 X45.544 Y23.505 E4.37973
G1 X45.176 Y23.914 E4.40897
;WIDTH:0.488457
G1 X44.754 Y24.265 E4.438
;WIDTH:0.485508
G1 X44.288 Y24.554 E4.4668
;WIDTH:0.481938
G1 X43.579 Y24.811 E4.50608
;WIDTH:0.455974
G1 X42.906 Y24.909 E4.5393
;WIDTH:0.411997
G1 X42.349 Y24.927 E4.56346
;WIDTH:0.396572
G1 X39.427 Y24.927 E4.68453
;WIDTH:0.436107
G1 X38.799 Y24.841 E4.71392
;WIDTH:0.457839
G1 X38.278 Y24.697 E4.74045
;WIDTH:0.479944
G1 X37.776 Y24.479 E4.76882
;WIDTH:0.490463
G1 X37.354 Y24.207 E4.7955
G1 X36.945 Y23.839 E4.82474
;WIDTH:0.488456
G1 X36.593 Y23.417 E4.85381
;WIDTH:0.485508
G1 X36.304 Y22.951 E4.88261
;WIDTH:0.481938
G1 X36.048 Y22.241 E4.92192
;WIDTH:0.455975
G1 X35.95 Y21.569 E4.95509
;WIDTH:0.411996
G1 X35.932 Y21.012 E4.97925
;WIDTH:0.396572
G1 X35.932 Y-22.048 E6.76334
;WIDTH:0.417939
G1 X35.965 Y-22.656 E6.79019
;WIDTH:0.460556
G1 X36.05 Y-23.219 E6.81832
G1 X36.13 Y-23.471 E6.83138
;WIDTH:0.49084
G1 X36.314 Y-23.943 E6.85833
;WIDTH:0.4966
G1 X36.533 Y-24.323 E6.88197
G1 X37.056 Y-24.936 E6.92541
;WIDTH:0.494909
G1 X37.648 Y-25.39 E6.96547
;WIDTH:0.492825
G1 X38.285 Y-25.691 E7.00312
;WIDTH:0.468376
G1 X38.575 Y-25.766 E7.01821
G1 X38.527 Y-26.15 F7200
;TYPE:External perimeter
;WIDTH:0.45
G1 F1800
G1 X38.793 Y-26.21 E7.03133
G1 X39.354 Y-26.264 E7.05844
G1 X42.896 Y-26.261 E7.2288
G1 X43.688 Y-26.169 E7.26715
G1 X44.486 Y-25.889 E7.30783
G1 X45.201 Y-25.44 E7.34844
G1 X45.799 Y-24.842 E7.38912
G1 X46.248 Y-24.127 E7.42973
G1 X46.506 Y-23.391 E7.46724
G1 X46.623 Y-22.447 E7.51299
G1 X46.623 Y21.499 E9.62664
G1 X46.527 Y22.35 E9.66783
G1 X46.248 Y23.148 E9.70849
G1 X45.799 Y23.864 E9.74914
G1 X45.201 Y24.461 E9.78978
G1 X44.486 Y24.911 E9.83041
G1 X43.688 Y25.19 E9.87107
G1 X42.836 Y25.286 E9.91231
G1 X39.36 Y25.286 E10.07949
G1 X38.508 Y25.19 E10.12073
G1 X37.711 Y24.911 E10.16134
G1 X36.995 Y24.461 E10.20201
G1 X36.398 Y23.864 E10.24262
G1 X35.948 Y23.148 E10.28329
G1 X35.669 Y22.35 E10.32395
G1 X35.573 Y21.499 E10.36514
G1 X35.573 Y-22.478 E12.48028
G1 X35.669 Y-23.329 E12.52147
G1 X35.931 Y-24.077 E12.55959
G1 X36.183 Y-24.54 E12.58494
G1 X36.679 Y-25.157 E12.62302
G1 X37.246 Y-25.609 E12.6579
G1 X37.675 Y-25.871 E12.68208
G1 X38.152 Y-26.066 E12.70687
G1 X38.468 Y-26.137 E12.72245
G1 X38.861 Y-26.211 F7200
G1 E10.72245 F2400
G92 E0
G1 Z3.85 F7200
G1 X36.432 Y-32.073
G1 Z1.85
G1 E2 F2400
;TYPE:Perimeter
;WIDTH:0.396572
G1 F1200
G1 X36.432 Y-32.405 E2.01376
G1 X47.264 Y-32.405 E2.46256
G1 X47.264 Y-32.073 E2.47632
G1 X36.492 Y-32.073 E2.92263
G1 X36.073 Y-31.714 F7200
;TYPE:External perimeter
;WIDTH:0.45
G1 F1200
G1 X36.073 Y-32.764 E2.97313
G1 X47.623 Y-32.764 E3.52864
G1 X47.623 Y-31.714 E3.57914
G1 X36.133 Y-31.714 E4.13177
G1 X36.074 Y-32.11 F7200
;LAYER_CHANGE
;Z:2.15
;HEIGHT:0.3
G1 E2.13177 F2400
G92 E0
G1 Z2.15 F7200
G1 Z4.15
G1 X-54.736 Y-32.073
G1 Z2.15
G1 E2 F2400
;TYPE:Perimeter
;WIDTH:0.396572
G1 F1200
G1 X-63.568 Y-32.073 E2.36593
G1 X-63.568 Y-32.405 E2.37969
G1 X-54.736 Y-32.405 E2.74562
G1 X-54.736 Y-32.133 E2.75689
G1 X-54.377 Y-31.714 F7200
;TYPE:External perimeter
;WIDTH:0.45
G1 F1200
G1 X-63.927 Y-31.714 E3.21621
G1 X-63.927 Y-32.764 E3.26671
G1 X-54.377 Y-32.764 E3.72603
G1 X-54.377 Y-31.774 E3.77365
G1 X-54.772 Y-31.715 F7200
G1 E1.77365 F2400
G92 E0
G1 Z4.15 F7200
G1 X-40.445 Y-24.866
G1 Z2.15
G1 E2 F2400
;TYPE:Perimeter
;WIDTH:0.491457
G1 F3600
G1 X-40.404 Y-24.84 E2.00259
;WIDTH:0.492152
G1 X-40.01 Y-24.471 E2.03139
G1 X-39.55 Y-23.861 E2.07215
;WIDTH:0.48108
G1 X-39.328 Y-23.407 E2.09842
;WIDTH:0.457838
G1 X-39.166 Y-22.885 E2.12524
;WIDTH:0.428711
G1 X-39.068 Y-22.301 E2.15215
;WIDTH:0.396572
G1 X-39.068 Y21.012 E3.94672
;WIDTH:0.411998
G1 X-39.097 Y21.516 E3.96861
;WIDTH:0.455976
G1 X-39.232 Y22.157 E4.0006
;WIDTH:0.481938
G1 X-39.492 Y22.789 E4.03619
;WIDTH:0.490465
G1 X-39.796 Y23.251 E4.06558
;WIDTH:0.498243
G1 X-40.335 Y23.805 E4.10741
G1 X-40.806 Y24.13 E4.13838
;WIDTH:0.479944
G1 X-41.3 Y24.36 E4.16662
;WIDTH:0.454965
G1 X-41.756 Y24.497 E4.18982
;WIDTH:0.428707
G1 X-42.34 Y24.595 E4.21673
;WIDTH:0.396572
G1 X-50.653 Y24.595 E4.56116
;WIDTH:0.411997
G1 X-51.157 Y24.566 E4.58305
;WIDTH:0.455975
G1 X-51.798 Y24.431 E4.61504
;WIDTH:0.481938
G1 X-52.43 Y24.17 E4.65065
;WIDTH:0.490463
G1 X-52.892 Y23.866 E4.68004
;WIDTH:0.498245
G1 X-53.446 Y23.327 E4.72187
G1 X-53.815 Y22.768 E4.75812
;WIDTH:0.48649
G1 X-54.07 Y22.145 E4.79356
;WIDTH:0.460264
G1 X-54.207 Y21.516 E4.82535
;WIDTH:0.411998
G1 X-54.236 Y21.012 E4.84724
;WIDTH:0.396573
G1 X-54.236 Y-21.99 E6.62893
;WIDTH:0.411997
G1 X-54.207 Y-22.494 E6.65082
;WIDTH:0.455977
G1 X-54.072 Y-23.135 E6.68281
;WIDTH:0.481937
G1 X-53.811 Y-23.768 E6.71847
;WIDTH:0.490465
G1 X-53.508 Y-24.23 E6.74783
G1 X-53.175 Y-24.596 E6.77413
;WIDTH:0.491467
G1 X-52.767 Y-24.932 E6.80228
G1 X-52.104 Y-25.303 E6.84275
;WIDTH:0.471517
G1 X-51.472 Y-25.492 E6.87625
;WIDTH:0.437253
G1 X-50.693 Y-25.573 E6.91267
;WIDTH:0.396344
G1 X-42.651 Y-25.571 E7.24564
;WIDTH:0.412415
G1 X-42.147 Y-25.544 E7.26755
;WIDTH:0.455996
G1 X-41.51 Y-25.411 E7.29933
;WIDTH:0.481939
G1 X-40.873 Y-25.149 E7.3352
;WIDTH:0.491457
G1 X-40.495 Y-24.899 E7.35934
G1 X-40.696 Y-24.539 F7200
;TYPE:External perimeter
;WIDTH:0.45
G1 F1800
G1 X-40.622 Y-24.487 E7.36369
G1 X-40.205 Y-24.068 E7.39212
G1 X-39.871 Y-23.621 E7.41896
G1 X-39.599 Y-23.01 E7.45113
G1 X-39.456 Y-22.423 E7.48019
G1 X-39.427 Y-21.99 E7.50106
G1 X-39.427 Y21.012 E9.56931
G1 X-39.456 Y21.444 E9.59013
G1 X-39.599 Y22.032 E9.61924
G1 X-39.853 Y22.612 E9.64969
G1 X-40.166 Y23.057 E9.67586
G1 X-40.605 Y23.497 E9.70575
G1 X-41.029 Y23.797 E9.73073
G1 X-41.631 Y24.063 E9.76238
G1 X-42.218 Y24.206 E9.79144
G1 X-42.651 Y24.236 E9.81232
G1 X-50.653 Y24.236 E10.19719
G1 X-51.085 Y24.206 E10.21802
G1 X-51.673 Y24.063 E10.24713
G1 X-52.253 Y23.81 E10.27756
G1 X-52.698 Y23.497 E10.30373
G1 X-53.138 Y23.057 E10.33366
G1 X-53.472 Y22.555 E10.36266
G1 X-53.707 Y22.001 E10.3916
G1 X-53.847 Y21.444 E10.41922
G1 X-53.877 Y21.012 E10.44005
G1 X-53.877 Y-21.99 E12.5083
G1 X-53.847 Y-22.423 E12.52918
G1 X-53.704 Y-23.01 E12.55824
G1 X-53.451 Y-23.59 E12.58867
G1 X-53.138 Y-24.036 E12.61488
G1 X-52.918 Y-24.282 E12.63075
G1 X-52.51 Y-24.618 E12.65617
G1 X-51.91 Y-24.957 E12.68932
G1 X-51.362 Y-25.129 E12.71694
G1 X-50.665 Y-25.214 E12.75071
G1 X-42.651 Y-25.214 E13.13616
G1 X-42.156 Y-25.172 E13.16005
G1 X-41.635 Y-25.043 E13.18586
G1 X-41.051 Y-24.788 E13.21651
G1 X-40.745 Y-24.573 E13.2345
G1 X-40.447 Y-24.306 F7200
G1 E11.2345 F2400
G92 E0
G1 Z4.15 F7200
G1 X-38.746 Y21.51
G1 Z2.15
G1 E2 F2400
;TYPE:Perimeter
;WIDTH:0.43611
G1 F3600
G1 X-38.821 Y22.06 E2.02574
;WIDTH:0.457838
G1 X-38.966 Y22.581 E2.05228
;WIDTH:0.479944
G1 X-39.184 Y23.083 E2.08065
;WIDTH:0.490465
G1 X-39.456 Y23.505 E2.10733
G1 X-39.824 Y23.914 E2.13657
;WIDTH:0.488455
G1 X-40.246 Y24.265 E2.1656
;WIDTH:0.485506
G1 X-40.712 Y24.554 E2.1944
;WIDTH:0.481938
G1 X-41.421 Y24.811 E2.23368
;WIDTH:0.455974
G1 X-42.094 Y24.909 E2.2669
;WIDTH:0.411997
G1 X-42.651 Y24.927 E2.29106
;WIDTH:0.396572
G1 X-51.041 Y24.927 E2.63868
;WIDTH:0.428706
G1 X-51.603 Y24.856 E2.66442
;WIDTH:0.454965
G1 X-52.133 Y24.729 E2.69097
;WIDTH:0.48191
G1 X-52.634 Y24.534 E2.71897
;WIDTH:0.485507
G1 X-53.058 Y24.265 E2.74534
;WIDTH:0.488456
G1 X-53.48 Y23.914 E2.77437
;WIDTH:0.490466
G1 X-53.848 Y23.505 E2.80361
G1 X-54.173 Y22.992 E2.83588
;WIDTH:0.48649
G1 X-54.265 Y22.768 E2.84863
;WIDTH:0.471316
G1 X-54.476 Y22.099 E2.88423
;WIDTH:0.440922
G1 X-54.55 Y21.569 E2.90936
;WIDTH:0.411998
G1 X-54.568 Y21.012 E2.93352
;WIDTH:0.396573
G1 X-54.568 Y-22.41 E4.73262
;WIDTH:0.436109
G1 X-54.483 Y-23.038 E4.762
;WIDTH:0.457839
G1 X-54.338 Y-23.559 E4.78854
;WIDTH:0.479945
G1 X-54.12 Y-24.061 E4.81691
;WIDTH:0.498245
G1 X-53.763 Y-24.602 E4.85199
;WIDTH:0.503486
G1 X-53.24 Y-25.121 E4.89234
G1 X-52.823 Y-25.403 E4.91991
;WIDTH:0.493157
G1 X-52.289 Y-25.665 E4.95172
;WIDTH:0.471517
G1 X-52.081 Y-25.725 E4.96271
;WIDTH:0.455775
G1 X-51.405 Y-25.873 E4.99649
;WIDTH:0.430402
G1 X-50.653 Y-25.905 E5.03085
;WIDTH:0.396344
G1 X-42.65 Y-25.9 E5.36221
;WIDTH:0.412415
G1 X-42.113 Y-25.889 E5.38553
;WIDTH:0.437636
G1 X-41.6 Y-25.822 E5.40962
;WIDTH:0.45784
G1 X-41.082 Y-25.675 E5.43604
;WIDTH:0.479945
G1 X-40.58 Y-25.457 E5.46441
;WIDTH:0.499622
G1 X-40.039 Y-25.099 E5.49963
;WIDTH:0.503484
G1 X-39.513 Y-24.562 E5.5408
G1 X-39.172 Y-24.042 E5.57486
;WIDTH:0.479787
G1 X-38.966 Y-23.559 E5.60207
;WIDTH:0.457838
G1 X-38.821 Y-23.038 E5.62861
;WIDTH:0.436109
G1 X-38.743 Y-22.447 E5.65625
;WIDTH:0.410832
G1 X-38.736 Y-21.99 E5.676
;WIDTH:0.396572
G1 X-38.736 Y21.431 E7.47505
;WIDTH:0.43611
G1 X-38.738 Y21.451 E7.47598
G1 X-38.378 Y21.511 F7200
;TYPE:External perimeter
;WIDTH:0.45
G1 F1800
G1 X-38.473 Y22.35 E7.51659
G1 X-38.752 Y23.148 E7.55725
G1 X-39.201 Y23.864 E7.5979
G1 X-39.799 Y24.461 E7.63854
G1 X-40.514 Y24.911 E7.67917
G1 X-41.312 Y25.19 E7.71983
G1 X-42.164 Y25.286 E7.76107
G1 X-51.14 Y25.286 E8.19278
G1 X-51.992 Y25.19 E8.23402
G1 X-52.789 Y24.911 E8.27463
G1 X-53.505 Y24.461 E8.3153
G1 X-54.102 Y23.864 E8.35591
G1 X-54.552 Y23.148 E8.39658
G1 X-54.831 Y22.35 E8.43724
G1 X-54.927 Y21.499 E8.47843
G1 X-54.927 Y-22.478 E10.59357
G1 X-54.831 Y-23.329 E10.63476
G1 X-54.552 Y-24.127 E10.67542
G1 X-54.102 Y-24.842 E10.71605
G1 X-53.503 Y-25.442 E10.75683
G1 X-53.039 Y-25.752 E10.78367
G1 X-52.399 Y-26.051 E10.81765
G1 X-51.652 Y-26.222 E10.85451
G1 X-51.146 Y-26.264 E10.87893
G1 X-42.015 Y-26.256 E11.3181
G1 X-41.313 Y-26.169 E11.35212
G1 X-40.514 Y-25.889 E11.39284
G1 X-39.799 Y-25.44 E11.43345
G1 X-39.201 Y-24.842 E11.47413
G1 X-38.752 Y-24.127 E11.51474
G1 X-38.494 Y-23.391 E11.55225
G1 X-38.377 Y-22.447 E11.598
G1 X-38.377 Y21.451 E13.70934
G1 X-38.417 Y21.849 F7200
G1 E11.70934 F2400
G92 E0
G1 Z4.15 F7200
G1 X24.807 Y20.755
G1 Z2.15
G1 E2 F2400
;TYPE:Perimeter
G1 F3600
G1 X24.732 Y20.794 E2.00407
;WIDTH:0.423286
G1 X24.637 Y20.845 E2.0089
;WIDTH:0.396572
G1 X-27.769 Y20.845 E4.18022
;WIDTH:0.445118
G1 X-27.87 Y20.834 E4.18504
;WIDTH:0.493665
G1 X-27.97 Y20.824 E4.19042
;WIDTH:0.542212
G1 X-28.07 Y20.814 E4.19641
;WIDTH:0.590759
G1 X-28.17 Y20.804 E4.20301
G1 X-28.222 Y20.701 E4.21059
;WIDTH:0.551553
G1 X-28.273 Y20.599 E4.21752
;WIDTH:0.512347
G1 X-28.324 Y20.496 E4.22394
;WIDTH:0.473141
G1 X-28.542 Y19.903 E4.25615
;WIDTH:0.512092
G1 X-28.569 Y19.791 E4.26258
;WIDTH:0.551366
G1 X-28.596 Y19.679 E4.26958
;WIDTH:0.59064
G1 X-28.623 Y19.567 E4.27714
G1 X-28.553 Y19.495 E4.28373
;WIDTH:0.542123
G1 X-28.483 Y19.422 E4.28976
;WIDTH:0.493607
G1 X-28.413 Y19.35 E4.29514
;WIDTH:0.44509
G1 X-28.343 Y19.277 E4.29994
;WIDTH:0.396574
G1 X-2.194 Y-2.814 E5.71824
;WIDTH:0.445812
G1 X-1.876 Y-3.08 E5.73796
;WIDTH:0.45
G1 X-1.702 Y-3.126 E5.74662
G1 X-1.56 Y-3.1 E5.75356
;WIDTH:0.423285
G1 X-1.418 Y-3.075 E5.76001
;WIDTH:0.396572
G1 X25.039 Y19.277 E7.19503
;WIDTH:0.427869
G1 X25.185 Y19.433 E7.20472
;WIDTH:0.45
G1 X25.251 Y19.588 E7.21282
;WIDTH:0.464138
G1 X25.233 Y19.9 E7.2284
G1 X25.038 Y20.43 E7.25656
;WIDTH:0.462779
G1 X24.943 Y20.628 E7.26747
;WIDTH:0.459116
G1 X24.854 Y20.718 E7.2737
G1 X24.574 Y20.434 F7200
;TYPE:External perimeter
;WIDTH:0.45
G1 F1800
G1 X24.524 Y20.486 E7.27717
G1 X-27.769 Y20.486 E9.79228
G1 X-27.914 Y20.422 E9.7999
G1 X-28.106 Y19.939 E9.8249
G1 X-28.177 Y19.661 E9.8387
G1 X-28.111 Y19.552 E9.84483
G1 X-1.776 Y-2.697 E11.50297
G1 X-1.62 Y-2.74 E11.51075
G1 X-1.342 Y-2.54 E11.52722
G1 X24.808 Y19.552 E13.17369
G1 X24.872 Y19.662 E13.17981
G1 X24.647 Y20.359 E13.21504
G1 X24.616 Y20.391 E13.21718
G1 X24.225 Y20.479 F7200
G1 X25.63 Y20.018
;TYPE:Perimeter
;WIDTH:0.464138
G1 F1200
G1 X25.997 Y19.558 E13.24652
;WIDTH:0.461942
G1 X26.151 Y19.427 E13.25655
G1 X26.59 Y19.177 E13.2816
;WIDTH:0.498997
G1 X27.134 Y19.02 E13.31229
;WIDTH:0.547068
G1 X27.237 Y18.992 E13.31872
;WIDTH:0.595139
G1 X27.339 Y18.964 E13.32572
G1 X27.552 Y19.018 E13.34027
;WIDTH:0.548919
G1 X27.766 Y19.072 E13.35361
;WIDTH:0.502699
G1 X27.98 Y19.126 E13.36568
;WIDTH:0.460507
G1 X28.545 Y19.427 E13.39731
;WIDTH:0.467347
G1 X28.924 Y19.819 E13.42471
G1 X29.115 Y20.108 E13.44212
;WIDTH:0.459243
G1 X29.305 Y20.656 E13.47068
;WIDTH:0.459966
G1 X29.317 Y21.255 E13.50024
;WIDTH:0.466775
G1 X29.169 Y21.776 E13.52742
G1 X29.014 Y22.089 E13.54495
;WIDTH:0.459328
G1 X28.664 Y22.494 E13.57132
;WIDTH:0.460862
G1 X28.121 Y22.839 E13.60313
;WIDTH:0.467754
G1 X27.603 Y22.969 E13.63
G1 X27.247 Y22.992 E13.64795
;WIDTH:0.45946
G1 X26.68 Y22.884 E13.67639
;WIDTH:0.460604
G1 X26.152 Y22.594 E13.70616
;WIDTH:0.467511
G1 X25.769 Y22.199 E13.73382
G1 X25.581 Y21.914 E13.75099
;WIDTH:0.46323
G1 X25.407 Y21.44 E13.77611
G1 X25.379 Y20.766 E13.80967
;WIDTH:0.462779
G1 X25.413 Y20.566 E13.81975
;WIDTH:0.464138
G1 X25.597 Y20.067 E13.84627
G1 X25.97 Y20.214 F7200
;TYPE:External perimeter
;WIDTH:0.45
G1 F1200
G1 X26.296 Y19.809 E13.87128
G1 X26.77 Y19.521 E13.89796
G1 X27.259 Y19.419 E13.92199
G1 X27.662 Y19.444 E13.94141
G1 X27.926 Y19.521 E13.95464
G1 X28.38 Y19.788 E13.97997
G1 X28.715 Y20.183 E14.00488
G1 X28.9 Y20.659 E14.02944
G1 X28.927 Y21.255 E14.05813
G1 X28.748 Y21.78 E14.08481
G1 X28.4 Y22.213 E14.11153
G1 X27.926 Y22.5 E14.13818
G1 X27.382 Y22.608 E14.16486
G1 X26.887 Y22.532 E14.18895
G1 X26.556 Y22.376 E14.20655
G1 X26.256 Y22.165 E14.22419
G1 X25.948 Y21.78 E14.2479
G1 X25.769 Y21.255 E14.27458
G1 X25.774 Y20.724 E14.30012
G1 X25.939 Y20.265 E14.32358
G1 X26.184 Y19.949 F7200
G1 E12.32358 F2400
G92 E0
G1 Z4.15 F7200
G1 X25.534 Y-26.18
G1 Z2.15
G1 E2 F2400
;TYPE:Perimeter
;WIDTH:0.586942
G1 F3600
G1 X25.611 Y-26.228 E2.00591
;WIDTH:0.463263
G1 X26.41 Y-25.816 E2.05063
;WIDTH:0.491797
G1 X26.727 Y-25.692 E2.06878
;WIDTH:0.531398
G1 X27.044 Y-25.569 E2.08859
;WIDTH:0.561089
G1 X27.093 Y-25.538 E2.09218
;WIDTH:0.59078
G1 X27.141 Y-25.508 E2.0959
G1 X27.152 Y-25.408 E2.10251
;WIDTH:0.542228
G1 X27.162 Y-25.307 E2.10856
;WIDTH:0.493676
G1 X27.172 Y-25.207 E2.11394
;WIDTH:0.445124
G1 X27.182 Y-25.107 E2.11871
;WIDTH:0.396572
G1 X27.182 Y18.129 E3.91009
;WIDTH:0.446213
G1 X27.172 Y18.23 E3.91492
;WIDTH:0.495855
G1 X27.161 Y18.332 E3.92044
;WIDTH:0.545497
G1 X27.151 Y18.433 E3.92653
;WIDTH:0.595139
G1 X27.141 Y18.534 E3.93325
G1 X27.031 Y18.585 E3.94128
;WIDTH:0.553093
G1 X26.921 Y18.637 E3.9487
;WIDTH:0.511048
G1 X26.811 Y18.689 E3.95548
;WIDTH:0.469003
G1 X26.385 Y18.844 E3.97836
;WIDTH:0.464898
G1 X25.89 Y19.118 E4.00662
G1 X25.595 Y19.181 E4.02169
;WIDTH:0.45
G1 X25.486 Y19.155 E4.02708
;WIDTH:0.423286
G1 X25.377 Y19.128 E4.03211
;WIDTH:0.396572
G1 X-.896 Y-3.068 E5.45714
;WIDTH:0.417177
G1 X-1.023 Y-3.203 E5.4653
;WIDTH:0.45
G1 X-1.118 Y-3.489 E5.47979
G1 X-1.1 Y-3.622 E5.48625
;WIDTH:0.445812
G1 X-.956 Y-3.86 E5.49948
;WIDTH:0.396573
G1 X25.254 Y-26.003 E6.9211
;WIDTH:0.444165
G1 X25.344 Y-26.059 E6.92612
;WIDTH:0.491757
G1 X25.433 Y-26.116 E6.93175
;WIDTH:0.539349
G1 X25.484 Y-26.148 E6.93532
G1 X25.591 Y-25.767 F7200
;TYPE:External perimeter
;WIDTH:0.45
G1 F1800
G1 X25.611 Y-25.774 E6.93634
G1 X26.073 Y-25.533 E6.9614
G1 X26.7 Y-25.288 E6.99378
G1 X26.823 Y-25.165 E7.00215
G1 X26.823 Y18.128 E9.08439
G1 X26.773 Y18.259 E9.09113
G1 X26.295 Y18.451 E9.11591
G1 X25.702 Y18.772 E9.14834
G1 X25.53 Y18.788 E9.15665
G1 X-.664 Y-3.342 E10.80592
G1 X-.732 Y-3.489 E10.81371
G1 X-.664 Y-3.637 E10.82154
G1 X25.486 Y-25.729 E12.46801
G1 X25.534 Y-25.746 E12.47046
G1 X25.911 Y-25.612 F7200
G1 X25.265 Y-26.907
;TYPE:Perimeter
;WIDTH:0.434864
G1 F3600
G1 X25.365 Y-26.531 E12.48844
;WIDTH:0.396573
G1 X-1.11 Y-4.164 E13.92444
;WIDTH:0.445812
G1 X-1.427 Y-3.898 E13.94413
;WIDTH:0.45
G1 X-1.702 Y-3.853 E13.95753
G1 X-1.795 Y-3.879 E13.96217
;WIDTH:0.423286
G1 X-1.887 Y-3.906 E13.96646
;WIDTH:0.396574
G1 X-28.343 Y-26.256 E15.40141
;WIDTH:0.444204
G1 X-28.423 Y-26.331 E15.4066
;WIDTH:0.491834
G1 X-28.503 Y-26.406 E15.41245
;WIDTH:0.539464
G1 X-28.583 Y-26.481 E15.41895
;WIDTH:0.587095
G1 X-28.663 Y-26.556 E15.4261
G1 X-28.636 Y-26.655 E15.43279
;WIDTH:0.548439
G1 X-28.61 Y-26.754 E15.43897
;WIDTH:0.509784
G1 X-28.583 Y-26.853 E15.44467
;WIDTH:0.471129
G1 X-28.557 Y-26.953 E15.44991
G1 X-28.487 Y-27.045 E15.45577
;WIDTH:0.509962
G1 X-28.417 Y-27.136 E15.46215
;WIDTH:0.548706
G1 X-28.348 Y-27.228 E15.4691
;WIDTH:0.58745
G1 X-28.278 Y-27.32 E15.47664
G1 X-28.13 Y-27.308 E15.48633
;WIDTH:0.53973
G1 X-27.982 Y-27.296 E15.49513
;WIDTH:0.492011
G1 X-27.834 Y-27.284 E15.50305
;WIDTH:0.444291
G1 X-27.687 Y-27.272 E15.51004
;WIDTH:0.396572
G1 X24.382 Y-27.272 E17.6674
;WIDTH:0.444366
G1 X24.53 Y-27.284 E17.67444
;WIDTH:0.49216
G1 X24.678 Y-27.296 E17.68236
;WIDTH:0.539954
G1 X24.826 Y-27.308 E17.69117
;WIDTH:0.587748
G1 X24.974 Y-27.321 E17.70087
G1 X25.044 Y-27.229 E17.70842
;WIDTH:0.548929
G1 X25.114 Y-27.137 E17.71541
;WIDTH:0.510111
G1 X25.183 Y-27.045 E17.7218
;WIDTH:0.471292
G1 X25.245 Y-26.963 E17.72702
G1 X24.9 Y-26.799 F7200
;TYPE:External perimeter
;WIDTH:0.45
G1 F1800
G1 X24.918 Y-26.776 E17.72842
G1 X24.898 Y-26.607 E17.73661
G1 X-1.342 Y-4.439 E19.38875
G1 X-1.62 Y-4.239 E19.40522
G1 X-1.776 Y-4.282 E19.413
G1 X-28.161 Y-26.573 E21.07429
G1 X-28.229 Y-26.734 E21.0827
G1 X-28.134 Y-26.886 E21.09132
G1 X-27.687 Y-26.913 E21.11286
G1 X24.733 Y-26.913 E23.63408
G1 X24.831 Y-26.886 E23.63897
G1 X24.862 Y-26.846 E23.6414
G1 X24.741 Y-26.465 F7200
G1 X26.363 Y-26.282
;TYPE:Perimeter
;WIDTH:0.507702
G1 F1200
G1 X26.198 Y-26.395 E23.65246
;WIDTH:0.547322
G1 X26.005 Y-26.526 E23.66651
;WIDTH:0.586942
G1 X25.812 Y-26.658 E23.68175
G1 X25.597 Y-27.096 E23.71355
;WIDTH:0.558169
G1 X25.381 Y-27.533 E23.74357
;WIDTH:0.558572
G1 X25.355 Y-27.575 E23.74661
;WIDTH:0.587748
G1 X25.328 Y-27.616 E23.74981
G1 X25.346 Y-27.822 E23.76331
;WIDTH:0.543116
G1 X25.364 Y-28.028 E23.77566
;WIDTH:0.498484
G1 X25.382 Y-28.234 E23.78686
;WIDTH:0.467538
G1 X25.483 Y-28.634 E23.8076
G1 X25.683 Y-29.068 E23.83163
;WIDTH:0.459605
G1 X26.012 Y-29.455 E23.85667
;WIDTH:0.466172
G1 X26.273 Y-29.646 E23.87288
G1 X26.734 Y-29.879 E23.89877
;WIDTH:0.458566
G1 X27.229 Y-29.966 E23.92348
;WIDTH:0.456218
G1 X27.742 Y-29.937 E23.94859
G1 X28.119 Y-29.814 E23.96797
;WIDTH:0.454244
G1 X28.624 Y-29.513 E23.99656
;WIDTH:0.455697
G1 X29.012 Y-29.067 E24.02541
;WIDTH:0.465419
G1 X29.147 Y-28.814 E24.03975
G1 X29.305 Y-28.317 E24.06584
;WIDTH:0.461763
G1 X29.318 Y-27.749 E24.094
;WIDTH:0.462589
G1 X29.269 Y-27.505 E24.10636
G1 X29.072 Y-26.996 E24.13347
;WIDTH:0.457172
G1 X28.698 Y-26.538 E24.16244
;WIDTH:0.467716
G1 X28.316 Y-26.27 E24.18591
G1 X27.931 Y-26.092 E24.20725
;WIDTH:0.503651
G1 X27.737 Y-26.039 E24.21827
;WIDTH:0.547216
G1 X27.543 Y-25.986 E24.23038
;WIDTH:0.59078
G1 X27.348 Y-25.933 E24.24365
G1 X27.154 Y-25.987 E24.25687
;WIDTH:0.545646
G1 X26.96 Y-26.041 E24.26896
;WIDTH:0.500512
G1 X26.766 Y-26.095 E24.27991
;WIDTH:0.468082
G1 X26.414 Y-26.253 E24.29934
G1 X26.561 Y-26.626 F7200
;TYPE:External perimeter
;WIDTH:0.45
G1 F1200
G1 X26.348 Y-26.744 E24.31105
G1 X25.982 Y-27.162 E24.33777
G1 X25.781 Y-27.679 E24.36445
G1 X25.769 Y-28.234 E24.39115
G1 X25.943 Y-28.745 E24.41711
G1 X26.296 Y-29.191 E24.44447
G1 X26.77 Y-29.479 E24.47115
G1 X27.259 Y-29.581 E24.49518
G1 X27.69 Y-29.549 E24.51597
G1 X27.926 Y-29.479 E24.52781
G1 X28.376 Y-29.215 E24.5529
G1 X28.715 Y-28.817 E24.57805
G1 X28.915 Y-28.3 E24.60471
G1 X28.927 Y-27.749 E24.63122
G1 X28.748 Y-27.22 E24.65808
G1 X28.4 Y-26.787 E24.6848
G1 X27.926 Y-26.5 E24.71145
G1 X27.382 Y-26.392 E24.73813
G1 X26.833 Y-26.477 E24.76485
G1 X26.614 Y-26.598 E24.77688
G1 X26.288 Y-26.83 F7200
G1 E22.77688 F2400
G92 E0
G1 Z4.15 F7200
G1 X-30.452 Y18.456
G1 Z2.15
G1 E2 F2400
;TYPE:Perimeter
;WIDTH:0.590757
G1 F3600
G1 X-30.455 Y18.429 E2.00178
;WIDTH:0.54221
G1 X-30.465 Y18.329 E2.00777
;WIDTH:0.493664
G1 X-30.475 Y18.229 E2.01315
;WIDTH:0.445118
G1 X-30.486 Y18.128 E2.01797
;WIDTH:0.396572
G1 X-30.486 Y-25.108 E3.80935
;WIDTH:0.445118
G1 X-30.475 Y-25.208 E3.81413
;WIDTH:0.493665
G1 X-30.465 Y-25.308 E3.81951
;WIDTH:0.542212
G1 X-30.455 Y-25.408 E3.8255
;WIDTH:0.590759
G1 X-30.444 Y-25.508 E3.8321
G1 X-30.341 Y-25.559 E3.83965
;WIDTH:0.551625
G1 X-30.238 Y-25.61 E3.84663
;WIDTH:0.512491
G1 X-30.135 Y-25.662 E3.85308
;WIDTH:0.473358
G1 X-29.688 Y-25.821 E3.87728
;WIDTH:0.465158
G1 X-29.194 Y-26.095 E3.90552
;WIDTH:0.505803
G1 X-29.101 Y-26.14 E3.91121
;WIDTH:0.546449
G1 X-29.008 Y-26.184 E3.9174
;WIDTH:0.587095
G1 X-28.915 Y-26.228 E3.92411
G1 X-28.826 Y-26.172 E3.93097
;WIDTH:0.539464
G1 X-28.736 Y-26.115 E3.93728
;WIDTH:0.491834
G1 X-28.647 Y-26.059 E3.94289
;WIDTH:0.444204
G1 X-28.557 Y-26.002 E3.94794
;WIDTH:0.396574
G1 X-2.408 Y-3.911 E5.36624
;WIDTH:0.417176
G1 X-2.28 Y-3.775 E5.37446
;WIDTH:0.45
G1 X-2.186 Y-3.489 E5.38894
G1 X-2.203 Y-3.357 E5.39534
;WIDTH:0.445812
G1 X-2.348 Y-3.119 E5.4086
;WIDTH:0.396574
G1 X-28.557 Y19.024 E6.83019
;WIDTH:0.44509
G1 X-28.64 Y19.08 E6.83494
;WIDTH:0.493607
G1 X-28.724 Y19.137 E6.84037
;WIDTH:0.542123
G1 X-28.807 Y19.194 E6.84637
;WIDTH:0.59064
G1 X-28.89 Y19.251 E6.85298
G1 X-29 Y19.202 E6.86088
;WIDTH:0.550923
G1 X-29.11 Y19.154 E6.86816
;WIDTH:0.511206
G1 X-29.22 Y19.105 E6.87487
;WIDTH:0.47149
G1 X-29.611 Y18.878 E6.89783
;WIDTH:0.465092
G1 X-30.146 Y18.675 E6.92643
;WIDTH:0.50698
G1 X-30.245 Y18.626 E6.93253
;WIDTH:0.548868
G1 X-30.345 Y18.578 E6.93923
;WIDTH:0.590757
G1 X-30.444 Y18.529 E6.94648
G1 X-30.446 Y18.516 E6.94734
G1 X-30.078 Y18.234 F7200
;TYPE:External perimeter
;WIDTH:0.45
G1 F1800
G1 X-30.127 Y18.186 E6.95064
G1 X-30.127 Y-25.107 E9.03288
G1 X-30.063 Y-25.25 E9.04042
G1 X-29.518 Y-25.471 E9.06871
G1 X-29.006 Y-25.75 E9.09675
G1 X-28.838 Y-25.77 E9.10489
G1 X-2.64 Y-3.637 E10.7544
G1 X-2.571 Y-3.489 E10.76225
G1 X-2.64 Y-3.342 E10.77006
G1 X-28.789 Y18.75 E12.4165
G1 X-28.938 Y18.793 E12.42396
G1 X-29.399 Y18.543 E12.44918
G1 X-30.004 Y18.308 E12.4804
G1 X-30.036 Y18.276 E12.48258
G1 X-30.12 Y17.885 F7200
G1 E10.48258 F2400
G92 E0
G1 Z4.15 F7200
G1 X-29.373 Y-26.466
G1 Z2.15
G1 E2 F2400
;TYPE:Perimeter
;WIDTH:0.503979
G1 F1200
G1 X-29.455 Y-26.405 E2.0056
;WIDTH:0.462422
G1 X-29.892 Y-26.156 E2.03057
;WIDTH:0.494129
G1 X-30.218 Y-26.064 E2.04873
;WIDTH:0.5318
G1 X-30.544 Y-25.972 E2.06848
;WIDTH:0.561279
G1 X-30.598 Y-25.953 E2.07203
;WIDTH:0.590759
G1 X-30.652 Y-25.933 E2.07581
;WIDTH:0.471029
G1 X-31.425 Y-26.161 E2.11669
;WIDTH:0.460396
G1 X-31.868 Y-26.417 E2.14196
;WIDTH:0.467736
G1 X-32.224 Y-26.793 E2.16801
G1 X-32.419 Y-27.086 E2.18572
;WIDTH:0.459505
G1 X-32.609 Y-27.636 E2.2144
;WIDTH:0.460135
G1 X-32.621 Y-28.234 E2.24392
;WIDTH:0.466013
G1 X-32.558 Y-28.518 E2.25849
G1 X-32.358 Y-29.013 E2.28523
;WIDTH:0.46182
G1 X-32.005 Y-29.442 E2.31277
;WIDTH:0.468308
G1 X-31.582 Y-29.731 E2.33858
G1 X-31.234 Y-29.886 E2.35777
;WIDTH:0.459527
G1 X-30.668 Y-29.978 E2.38603
;WIDTH:0.455945
G1 X-30.209 Y-29.92 E2.40862
;WIDTH:0.455797
G1 X-29.667 Y-29.717 E2.43688
;WIDTH:0.460253
G1 X-29.199 Y-29.342 E2.46649
G1 X-28.932 Y-28.988 E2.48838
;WIDTH:0.459976
G1 X-28.718 Y-28.433 E2.51773
;WIDTH:0.49088
G1 X-28.685 Y-28.089 E2.53611
;WIDTH:0.521785
G1 X-28.652 Y-27.745 E2.55583
;WIDTH:0.554617
G1 X-28.642 Y-27.68 E2.55985
;WIDTH:0.58745
G1 X-28.632 Y-27.615 E2.56414
G1 X-28.698 Y-27.484 E2.57371
;WIDTH:0.548706
G1 X-28.765 Y-27.353 E2.5826
;WIDTH:0.509962
G1 X-28.831 Y-27.222 E2.59075
;WIDTH:0.471218
G1 X-28.952 Y-26.982 E2.60439
;WIDTH:0.509784
G1 X-29.007 Y-26.874 E2.61112
;WIDTH:0.548439
G1 X-29.061 Y-26.766 E2.61841
;WIDTH:0.587095
G1 X-29.116 Y-26.657 E2.62637
G1 X-29.229 Y-26.573 E2.63555
;WIDTH:0.545537
G1 X-29.325 Y-26.501 E2.64275
G1 X-29.629 Y-26.77 F7200
;TYPE:External perimeter
;WIDTH:0.45
G1 F1200
G1 X-30.074 Y-26.5 E2.66778
G1 X-30.618 Y-26.392 E2.69446
G1 X-31.23 Y-26.5 E2.72435
G1 X-31.683 Y-26.766 E2.74962
G1 X-32.018 Y-27.162 E2.77457
G1 X-32.205 Y-27.642 E2.79935
G1 X-32.231 Y-28.234 E2.82785
G1 X-32.052 Y-28.759 E2.85453
G1 X-31.705 Y-29.191 E2.88118
G1 X-31.23 Y-29.479 E2.9079
G1 X-30.685 Y-29.586 E2.93461
G1 X-30.342 Y-29.556 E2.95117
G1 X-29.855 Y-29.377 E2.97613
G1 X-29.45 Y-29.042 E3.00141
G1 X-29.252 Y-28.759 E3.01802
G1 X-29.08 Y-28.284 E3.04232
G1 X-29.073 Y-27.745 E3.06825
G1 X-29.252 Y-27.22 E3.09493
G1 X-29.583 Y-26.807 E3.12039
G1 X-29.922 Y-26.594 F7200
G1 E1.12039 F2400
G92 E0
G1 Z4.15 F7200
G1 X-32.616 Y21.011
G1 Z2.15
G1 E2 F2400
;TYPE:Perimeter
;WIDTH:0.46061
G1 F1200
G1 X-32.622 Y20.766 E2.01211
;WIDTH:0.465099
G1 X-32.566 Y20.505 E2.02545
G1 X-32.37 Y20.007 E2.0522
;WIDTH:0.463738
G1 X-32.028 Y19.584 E2.07929
G1 X-31.849 Y19.427 E2.09115
;WIDTH:0.461309
G1 X-31.386 Y19.163 E2.11754
;WIDTH:0.495297
G1 X-31.072 Y19.078 E2.13502
;WIDTH:0.531442
G1 X-30.759 Y18.994 E2.1539
;WIDTH:0.561099
G1 X-30.705 Y18.974 E2.15747
;WIDTH:0.590757
G1 X-30.652 Y18.955 E2.16117
G1 X-30.351 Y19.051 E2.18191
;WIDTH:0.54615
G1 X-30.05 Y19.148 E2.20091
;WIDTH:0.501543
G1 X-29.749 Y19.245 E2.21815
;WIDTH:0.495639
G1 X-29.462 Y19.438 E2.23675
;WIDTH:0.534342
G1 X-29.175 Y19.631 E2.25702
;WIDTH:0.562491
G1 X-29.128 Y19.658 E2.26039
;WIDTH:0.59064
G1 X-29.081 Y19.685 E2.26395
G1 X-28.996 Y19.869 E2.27725
;WIDTH:0.546094
G1 X-28.911 Y20.054 E2.28948
;WIDTH:0.501548
G1 X-28.825 Y20.238 E2.30055
;WIDTH:0.494214
G1 X-28.73 Y20.571 E2.31911
;WIDTH:0.531425
G1 X-28.635 Y20.903 E2.33923
;WIDTH:0.561092
G1 X-28.615 Y20.957 E2.3428
;WIDTH:0.590759
G1 X-28.596 Y21.011 E2.34656
G1 X-28.65 Y21.205 E2.35978
;WIDTH:0.545532
G1 X-28.703 Y21.399 E2.37185
;WIDTH:0.500305
G1 X-28.757 Y21.593 E2.3828
;WIDTH:0.467846
G1 X-28.939 Y21.991 E2.40482
G1 X-29.198 Y22.362 E2.42759
;WIDTH:0.460963
G1 X-29.618 Y22.709 E2.45454
;WIDTH:0.460854
G1 X-30.069 Y22.908 E2.47892
G1 X-30.609 Y22.999 E2.506
;WIDTH:0.465147
G1 X-31.169 Y22.922 E2.53426
G1 X-31.317 Y22.885 E2.54189
;WIDTH:0.460937
G1 X-31.848 Y22.594 E2.57184
;WIDTH:0.466416
G1 X-32.239 Y22.188 E2.6001
G1 X-32.419 Y21.914 E2.61654
;WIDTH:0.459568
G1 X-32.608 Y21.368 E2.64502
;WIDTH:0.46061
G1 X-32.615 Y21.071 E2.6597
G1 X-32.23 Y21.011 F7200
;TYPE:External perimeter
;WIDTH:0.45
G1 F1200
G1 X-32.231 Y21.004 E2.66004
G1 X-32.197 Y20.64 E2.67762
G1 X-32.018 Y20.183 E2.70123
G1 X-31.683 Y19.787 E2.72618
G1 X-31.23 Y19.521 E2.75145
G1 X-30.685 Y19.414 E2.77816
G1 X-30.342 Y19.444 E2.79472
G1 X-29.865 Y19.618 E2.81914
G1 X-29.45 Y19.958 E2.84494
G1 X-29.162 Y20.433 E2.87166
G1 X-29.055 Y20.977 E2.89833
G1 X-29.14 Y21.526 E2.92505
G1 X-29.407 Y22.012 E2.95172
G1 X-29.823 Y22.377 E2.97834
G1 X-30.17 Y22.529 E2.99656
G1 X-30.685 Y22.608 E3.02162
G1 X-31.194 Y22.516 E3.0465
G1 X-31.653 Y22.256 E3.07187
G1 X-32.018 Y21.838 E3.09856
G1 X-32.201 Y21.37 E3.12273
G1 X-32.225 Y21.071 E3.13716
G1 X-32.192 Y20.672 F7200
G1 E1.13716 F2400
G92 E0
G1 Z4.15 F7200
G1 X25.079 Y21.011
G1 Z2.15
G1 E2 F2400
;TYPE:Perimeter
;WIDTH:0.362495
G1 F1200
G1 X25.061 Y21.043 E2.00137
G1 X25.005 Y21.011 E2.00377
G1 X25.061 Y20.978 E2.00619
G1 X25.623 Y19.523 F7200
;WIDTH:0.362267
G1 F1200
G1 X25.605 Y19.555 E2.00755
G1 X25.549 Y19.523 E2.00995
G1 X25.605 Y19.491 E2.01235
G1 E.01235 F2400
G92 E0
G1 Z4.15 F7200
G1 X-1.493 Y-3.489
G1 Z2.15
G1 E2 F2400
;WIDTH:0.428055
G1 F1200
G1 X-1.811 Y-3.489 E2.01442
G1 E.01442 F2400
G92 E0
G1 Z4.15 F7200
G1 X24.755 Y-27.697
G1 Z2.15
G1 E2 F2400
;WIDTH:0.539954
G1 F3600
G1 X24.77 Y-27.701 E2.00092
;WIDTH:0.587748
G1 X24.873 Y-27.734 E2.00798
G1 X24.903 Y-27.836 E2.01492
;WIDTH:0.550689
G1 X24.932 Y-27.939 E2.02141
;WIDTH:0.51363
G1 X24.962 Y-28.041 E2.02737
;WIDTH:0.476571
G1 X25.047 Y-28.535 E2.05314
;WIDTH:0.462219
G1 X25.204 Y-29.023 E2.07858
G1 X25.388 Y-29.339 E2.09672
G1 X25.722 Y-29.716 E2.12171
;WIDTH:0.466172
G1 X26.087 Y-30.002 E2.14495
G1 X26.605 Y-30.249 E2.17371
;WIDTH:0.464586
G1 X26.969 Y-30.335 E2.19238
G1 X27.543 Y-30.359 E2.22106
;WIDTH:0.461637
G1 X27.912 Y-30.3 E2.23958
;WIDTH:0.467324
G1 X28.486 Y-30.076 E2.27055
G1 X28.995 Y-29.708 E2.30212
;WIDTH:0.460579
G1 X29.314 Y-29.315 E2.32713
;WIDTH:0.459586
G1 X29.475 Y-29.053 E2.34229
G1 X29.658 Y-28.528 E2.3697
;WIDTH:0.467762
G1 X29.725 Y-28.003 E2.39633
G1 X29.716 Y-27.74 E2.40957
;WIDTH:0.462589
G1 X29.641 Y-27.362 E2.42871
G1 X29.382 Y-26.753 E2.46158
;WIDTH:0.465232
G1 X29.069 Y-26.348 E2.48717
G1 X28.756 Y-26.091 E2.50742
;WIDTH:0.460549
G1 X28.308 Y-25.812 E2.5335
;WIDTH:0.472033
G1 X27.877 Y-25.665 E2.55665
;WIDTH:0.511615
G1 X27.77 Y-25.613 E2.56329
;WIDTH:0.551198
G1 X27.663 Y-25.56 E2.57054
;WIDTH:0.59078
G1 X27.556 Y-25.507 E2.57838
G1 X27.545 Y-25.407 E2.58499
;WIDTH:0.542228
G1 X27.535 Y-25.308 E2.59092
;WIDTH:0.493676
G1 X27.525 Y-25.208 E2.5963
;WIDTH:0.445124
G1 X27.514 Y-25.108 E2.60108
;WIDTH:0.396572
G1 X27.514 Y18.128 E4.39246
;WIDTH:0.446213
G1 X27.525 Y18.229 E4.3973
;WIDTH:0.495855
G1 X27.535 Y18.331 E4.40282
;WIDTH:0.545497
G1 X27.546 Y18.432 E4.40892
;WIDTH:0.595139
G1 X27.556 Y18.533 E4.41564
G1 X27.617 Y18.566 E4.42023
;WIDTH:0.561091
G1 X27.678 Y18.599 E4.42453
;WIDTH:0.527043
G1 X27.739 Y18.631 E4.42851
;WIDTH:0.492996
G1 X28.308 Y18.834 E4.46081
;WIDTH:0.460491
G1 X28.809 Y19.13 E4.48956
;WIDTH:0.467347
G1 X29.23 Y19.557 E4.5197
G1 X29.443 Y19.879 E4.5391
;WIDTH:0.463798
G1 X29.646 Y20.393 E4.56663
G1 X29.714 Y20.755 E4.58498
;WIDTH:0.460681
G1 X29.713 Y21.269 E4.61039
;WIDTH:0.459966
G1 X29.647 Y21.569 E4.62555
;WIDTH:0.45938
G1 X29.478 Y22.067 E4.65146
;WIDTH:0.465564
G1 X29.244 Y22.442 E4.67358
G1 X28.754 Y22.93 E4.70818
;WIDTH:0.460289
G1 X28.257 Y23.212 E4.7364
;WIDTH:0.467754
G1 X27.678 Y23.366 E4.76654
G1 X27.286 Y23.391 E4.7863
;WIDTH:0.464571
G1 X26.745 Y23.313 E4.81358
G1 X26.388 Y23.188 E4.83246
;WIDTH:0.460758
G1 X25.883 Y22.889 E4.86147
;WIDTH:0.467511
G1 X25.463 Y22.461 E4.89162
G1 X25.218 Y22.068 E4.91491
;WIDTH:0.463386
G1 X25.022 Y21.544 E4.94275
G1 X24.828 Y21.277 E4.95917
;WIDTH:0.45
G1 X24.679 Y21.199 E4.96726
;WIDTH:0.435018
G1 X24.466 Y21.177 E4.97716
;WIDTH:0.396572
G1 X-27.769 Y21.177 E7.1414
;WIDTH:0.445118
G1 X-27.87 Y21.187 E7.14622
;WIDTH:0.493665
G1 X-27.97 Y21.197 E7.1516
;WIDTH:0.542212
G1 X-28.07 Y21.208 E7.1576
;WIDTH:0.590759
G1 X-28.17 Y21.218 E7.1642
G1 X-28.241 Y21.379 E7.17575
;WIDTH:0.545532
G1 X-28.312 Y21.539 E7.18625
;WIDTH:0.500305
G1 X-28.383 Y21.699 E7.19577
;WIDTH:0.467846
G1 X-28.595 Y22.201 E7.22319
G1 X-28.946 Y22.672 E7.25275
;WIDTH:0.463157
G1 X-29.334 Y22.99 E7.2777
;WIDTH:0.459503
G1 X-29.776 Y23.225 E7.30237
;WIDTH:0.468043
G1 X-30.308 Y23.364 E7.33005
G1 X-30.799 Y23.384 E7.35479
;WIDTH:0.460188
G1 X-31.331 Y23.29 E7.38146
;WIDTH:0.468756
G1 X-31.821 Y23.081 E7.40833
G1 X-32.138 Y22.863 E7.42773
;WIDTH:0.466416
G1 X-32.534 Y22.46 E7.45606
G1 X-32.745 Y22.146 E7.47503
;WIDTH:0.464548
G1 X-32.948 Y21.637 E7.50238
G1 X-33.018 Y21.268 E7.52113
;WIDTH:0.460906
G1 X-33.011 Y20.678 E7.55031
;WIDTH:0.467489
G1 X-32.849 Y20.1 E7.58049
G1 X-32.678 Y19.76 E7.59962
;WIDTH:0.463738
G1 X-32.33 Y19.323 E7.62745
G1 X-32.057 Y19.089 E7.64536
;WIDTH:0.461309
G1 X-31.61 Y18.833 E7.67086
;WIDTH:0.470982
G1 X-31.186 Y18.689 E7.69357
;WIDTH:0.510907
G1 X-31.077 Y18.636 E7.70032
;WIDTH:0.550832
G1 X-30.968 Y18.582 E7.7077
;WIDTH:0.590757
G1 X-30.859 Y18.529 E7.71566
G1 X-30.849 Y18.429 E7.72226
;WIDTH:0.54221
G1 X-30.838 Y18.329 E7.72826
;WIDTH:0.493664
G1 X-30.828 Y18.229 E7.73364
;WIDTH:0.445118
G1 X-30.818 Y18.129 E7.73841
;WIDTH:0.396572
G1 X-30.818 Y-25.107 E9.52979
;WIDTH:0.445118
G1 X-30.828 Y-25.207 E9.53456
;WIDTH:0.493665
G1 X-30.838 Y-25.307 E9.53994
;WIDTH:0.542212
G1 X-30.849 Y-25.408 E9.54599
;WIDTH:0.590759
G1 X-30.859 Y-25.508 E9.55259
G1 X-30.907 Y-25.538 E9.55631
;WIDTH:0.561104
G1 X-30.956 Y-25.568 E9.55987
;WIDTH:0.531449
G1 X-31.283 Y-25.69 E9.5802
;WIDTH:0.495867
G1 X-31.61 Y-25.812 E9.59898
;WIDTH:0.460396
G1 X-32.103 Y-26.101 E9.62721
;WIDTH:0.467736
G1 X-32.53 Y-26.53 E9.65766
G1 X-32.782 Y-26.932 E9.68153
;WIDTH:0.460766
G1 X-32.967 Y-27.44 E9.70826
;WIDTH:0.468701
G1 X-33.029 Y-28.03 E9.73818
G1 X-32.965 Y-28.542 E9.7642
;WIDTH:0.459851
G1 X-32.78 Y-29.051 E9.79091
;WIDTH:0.468502
G1 X-32.496 Y-29.49 E9.81726
G1 X-32.049 Y-29.918 E9.84845
;WIDTH:0.463001
G1 X-31.606 Y-30.168 E9.87374
;WIDTH:0.46727
G1 X-31.175 Y-30.31 E9.89654
G1 X-30.572 Y-30.37 E9.92699
;WIDTH:0.459517
G1 X-30.085 Y-30.287 E9.95134
;WIDTH:0.460566
G1 X-29.585 Y-30.116 E9.97745
;WIDTH:0.468702
G1 X-29.121 Y-29.809 E10.00551
G1 X-28.783 Y-29.462 E10.02994
;WIDTH:0.461606
G1 X-28.514 Y-29.038 E10.05482
G1 X-28.341 Y-28.553 E10.08033
;WIDTH:0.471921
G1 X-28.271 Y-28.077 E10.10479
;WIDTH:0.51043
G1 X-28.24 Y-27.963 E10.11136
;WIDTH:0.54894
G1 X-28.208 Y-27.848 E10.11857
;WIDTH:0.58745
G1 X-28.177 Y-27.734 E10.12628
G1 X-28.102 Y-27.705 E10.13153
;WIDTH:0.538073
G1 X-28.026 Y-27.676 E10.13634
;WIDTH:0.488696
G1 X-27.951 Y-27.647 E10.1406
;WIDTH:0.439319
G1 X-27.687 Y-27.604 E10.15311
;WIDTH:0.396572
G1 X24.46 Y-27.604 E12.3137
;WIDTH:0.444366
G1 X24.563 Y-27.636 E12.31881
;WIDTH:0.49216
G1 X24.666 Y-27.669 E12.32458
;WIDTH:0.539954
G1 X24.697 Y-27.679 E12.32651
G1 X24.499 Y-28.023 F7200
;TYPE:External perimeter
;WIDTH:0.45
G1 F1800
G1 X24.571 Y-28.118 E12.33224
G1 X24.709 Y-28.818 E12.36656
G1 X24.842 Y-29.171 E12.3847
G1 X25.071 Y-29.571 E12.40687
G1 X25.434 Y-29.975 E12.43299
G1 X25.866 Y-30.333 E12.45998
G1 X26.439 Y-30.602 E12.49043
G1 X26.894 Y-30.725 E12.5131
G1 X27.527 Y-30.75 E12.54357
G1 X27.994 Y-30.686 E12.56624
G1 X28.591 Y-30.462 E12.59691
G1 X28.917 Y-30.274 E12.61501
G1 X29.275 Y-29.984 E12.63717
G1 X29.627 Y-29.547 E12.66416
G1 X29.894 Y-29.083 E12.68991
G1 X30.042 Y-28.584 E12.71494
G1 X30.119 Y-27.985 E12.74399
G1 X30.107 Y-27.722 E12.75665
G1 X30.026 Y-27.268 E12.77883
G1 X29.835 Y-26.8 E12.80314
G1 X29.657 Y-26.463 E12.82147
G1 X29.328 Y-26.047 E12.84698
G1 X28.782 Y-25.624 E12.8802
G1 X28.41 Y-25.426 E12.90047
G1 X27.937 Y-25.25 E12.92474
G1 X27.873 Y-25.107 E12.93228
G1 X27.873 Y18.128 E15.01173
G1 X27.915 Y18.248 E15.01784
G1 X28.734 Y18.608 E15.06087
G1 X29.151 Y18.91 E15.08563
G1 X29.552 Y19.327 E15.11345
G1 X29.828 Y19.782 E15.13905
G1 X30.018 Y20.269 E15.16419
G1 X30.104 Y20.732 E15.18684
G1 X30.096 Y21.388 E15.21839
G1 X29.933 Y21.998 E15.24876
G1 X29.796 Y22.306 E15.26497
G1 X29.525 Y22.718 E15.28869
G1 X28.973 Y23.253 E15.32566
G1 X28.484 Y23.538 E15.35288
G1 X28.037 Y23.696 E15.37568
G1 X27.524 Y23.773 E15.40063
G1 X26.95 Y23.754 E15.42825
G1 X26.429 Y23.622 E15.4541
G1 X25.957 Y23.411 E15.47897
G1 X25.543 Y23.11 E15.50359
G1 X25.14 Y22.69 E15.53159
G1 X24.867 Y22.239 E15.55695
G1 X24.663 Y21.71 E15.58422
G1 X24.587 Y21.578 E15.59155
G1 X24.466 Y21.536 E15.59771
G1 X-27.827 Y21.536 E18.11282
G1 X-27.949 Y21.657 E18.12108
G1 X-28.211 Y22.313 E18.15505
G1 X-28.401 Y22.627 E18.1727
G1 X-28.694 Y22.973 E18.19451
G1 X-29.238 Y23.398 E18.22771
G1 X-29.72 Y23.618 E18.25319
G1 X-30.228 Y23.75 E18.27843
G1 X-30.731 Y23.779 E18.30266
G1 X-31.316 Y23.702 E18.33104
G1 X-31.782 Y23.54 E18.35477
G1 X-32.328 Y23.221 E18.38518
G1 X-32.812 Y22.739 E18.41803
G1 X-32.957 Y22.543 E18.42976
G1 X-33.228 Y22.034 E18.45749
G1 X-33.374 Y21.519 E18.48324
G1 X-33.426 Y21.003 E18.50818
G1 X-33.372 Y20.495 E18.53275
G1 X-33.209 Y19.935 E18.5608
G1 X-32.956 Y19.475 E18.58605
G1 X-32.623 Y19.062 E18.61157
G1 X-32.271 Y18.762 E18.63381
G1 X-31.72 Y18.453 E18.66419
G1 X-31.241 Y18.273 E18.6888
G1 X-31.177 Y18.129 E18.69638
G1 X-31.177 Y-25.107 E20.77588
G1 X-31.241 Y-25.251 E20.78346
G1 X-32.022 Y-25.577 E20.82416
G1 X-32.45 Y-25.885 E20.84952
G1 X-32.853 Y-26.3 E20.87734
G1 X-33.132 Y-26.76 E20.90322
G1 X-33.324 Y-27.252 E20.92862
G1 X-33.409 Y-27.712 E20.95112
G1 X-33.406 Y-28.28 E20.97844
G1 X-33.307 Y-28.787 E21.00329
G1 X-33.081 Y-29.319 E21.03109
G1 X-32.787 Y-29.758 E21.0565
G1 X-32.427 Y-30.113 E21.08082
G1 X-31.93 Y-30.449 E21.10967
G1 X-31.315 Y-30.681 E21.14128
G1 X-30.804 Y-30.755 E21.16611
G1 X-30.278 Y-30.733 E21.19143
G1 X-29.968 Y-30.656 E21.20679
G1 X-29.396 Y-30.458 E21.2359
G1 X-28.885 Y-30.126 E21.26521
G1 X-28.564 Y-29.814 E21.28674
G1 X-28.26 Y-29.384 E21.31207
G1 X-28.019 Y-28.857 E21.33994
G1 X-27.833 Y-28.03 E21.38071
G1 X-27.687 Y-27.963 E21.38844
G1 X24.454 Y-27.963 E23.89624
G1 X24.463 Y-27.975 E23.89696
G1 X24.608 Y-28.348 F7200
G1 E21.89696 F2400
G92 E0
G1 Z4.15 F7200
G1 X36.711 Y-23.801
G1 Z2.15
G1 E2 F2400
;TYPE:Perimeter
;WIDTH:0.490465
G1 F3600
G1 X36.992 Y-24.23 E2.02725
G1 X37.325 Y-24.596 E2.05355
;WIDTH:0.489544
G1 X37.734 Y-24.93 E2.08155
;WIDTH:0.486693
G1 X38.401 Y-25.303 E2.1218
;WIDTH:0.467008
G1 X39.028 Y-25.492 E2.15469
;WIDTH:0.437798
G1 X39.807 Y-25.573 E2.19117
;WIDTH:0.395998
G1 X42.349 Y-25.571 E2.29631
;WIDTH:0.412491
G1 X42.853 Y-25.545 E2.31822
;WIDTH:0.455995
G1 X43.49 Y-25.411 E2.35001
;WIDTH:0.481939
G1 X44.127 Y-25.149 E2.38588
;WIDTH:0.490464
G1 X44.589 Y-24.845 E2.41527
;WIDTH:0.498244
G1 X45.142 Y-24.306 E2.45706
G1 X45.468 Y-23.835 E2.48806
;WIDTH:0.479944
G1 X45.698 Y-23.342 E2.51626
;WIDTH:0.454964
G1 X45.834 Y-22.885 E2.53949
;WIDTH:0.428708
G1 X45.932 Y-22.301 E2.5664
;WIDTH:0.396572
G1 X45.932 Y21.012 E4.36097
;WIDTH:0.411996
G1 X45.903 Y21.516 E4.38286
;WIDTH:0.455976
G1 X45.768 Y22.157 E4.41485
;WIDTH:0.481938
G1 X45.508 Y22.789 E4.45044
;WIDTH:0.490465
G1 X45.204 Y23.251 E4.47983
;WIDTH:0.498244
G1 X44.665 Y23.805 E4.52166
G1 X44.194 Y24.13 E4.55263
;WIDTH:0.479944
G1 X43.7 Y24.36 E4.58087
;WIDTH:0.454965
G1 X43.244 Y24.497 E4.60407
;WIDTH:0.428708
G1 X42.66 Y24.595 E4.63098
;WIDTH:0.396572
G1 X39.847 Y24.595 E4.74753
;WIDTH:0.411997
G1 X39.343 Y24.566 E4.76942
;WIDTH:0.455975
G1 X38.702 Y24.431 E4.80141
;WIDTH:0.481938
G1 X38.07 Y24.17 E4.83702
;WIDTH:0.490463
G1 X37.608 Y23.866 E4.86641
;WIDTH:0.498245
G1 X37.054 Y23.327 E4.90824
G1 X36.729 Y22.857 E4.93916
;WIDTH:0.481909
G1 X36.428 Y22.157 E4.97884
;WIDTH:0.455975
G1 X36.293 Y21.516 E5.01083
;WIDTH:0.411996
G1 X36.264 Y21.012 E5.03272
;WIDTH:0.396572
G1 X36.264 Y-21.99 E6.81441
;WIDTH:0.411997
G1 X36.293 Y-22.494 E6.8363
;WIDTH:0.455975
G1 X36.428 Y-23.135 E6.86829
;WIDTH:0.481937
G1 X36.681 Y-23.749 E6.90288
G1 X37.057 Y-23.601 F7200
;TYPE:External perimeter
;WIDTH:0.45
G1 F1800
G1 X37.362 Y-24.036 E6.92843
G1 X37.792 Y-24.455 E6.95731
G1 X38.019 Y-24.637 E6.9713
G1 X38.594 Y-24.959 E7.003
G1 X39.138 Y-25.129 E7.03041
G1 X39.835 Y-25.214 E7.06418
G1 X42.349 Y-25.214 E7.18509
G1 X42.843 Y-25.172 E7.20894
G1 X43.365 Y-25.043 E7.2348
G1 X43.949 Y-24.788 E7.26545
G1 X44.395 Y-24.476 E7.29163
G1 X44.834 Y-24.036 E7.32152
G1 X45.134 Y-23.613 E7.34646
G1 X45.401 Y-23.01 E7.37818
G1 X45.544 Y-22.423 E7.40724
G1 X45.573 Y-21.99 E7.42811
G1 X45.573 Y21.012 E9.49636
G1 X45.544 Y21.444 E9.51718
G1 X45.401 Y22.032 E9.54629
G1 X45.147 Y22.612 E9.57674
G1 X44.834 Y23.057 E9.60291
G1 X44.395 Y23.497 E9.6328
G1 X43.971 Y23.797 E9.65778
G1 X43.369 Y24.063 E9.68943
G1 X42.782 Y24.206 E9.71849
G1 X42.349 Y24.236 E9.73937
G1 X39.847 Y24.236 E9.85971
G1 X39.415 Y24.206 E9.88054
G1 X38.827 Y24.063 E9.90965
G1 X38.247 Y23.81 E9.94008
G1 X37.802 Y23.497 E9.96625
G1 X37.362 Y23.057 E9.99618
G1 X37.062 Y22.634 E10.02112
G1 X36.796 Y22.032 E10.05277
G1 X36.653 Y21.444 E10.08188
G1 X36.623 Y21.012 E10.10271
G1 X36.623 Y-21.99 E12.17096
G1 X36.653 Y-22.423 E12.19184
G1 X36.796 Y-23.01 E12.2209
G1 X37.03 Y-23.547 E12.24907
G1 X37.254 Y-23.879 F7200
G1 E10.24907 F2400
G92 E0
G1 Z4.15 F7200
G1 X38.635 Y-25.776
G1 Z2.15
G1 E2 F2400
;TYPE:Perimeter
;WIDTH:0.459279
G1 F3600
G1 X39.095 Y-25.873 E2.02316
;WIDTH:0.430402
G1 X39.847 Y-25.905 E2.05752
;WIDTH:0.395998
G1 X42.727 Y-25.9 E2.17664
;WIDTH:0.43078
G1 X43.302 Y-25.838 E2.20307
;WIDTH:0.454965
G1 X43.829 Y-25.708 E2.22951
;WIDTH:0.48191
G1 X44.331 Y-25.512 E2.25757
;WIDTH:0.485506
G1 X44.754 Y-25.244 E2.28387
;WIDTH:0.488455
G1 X45.176 Y-24.892 E2.31294
;WIDTH:0.490465
G1 X45.544 Y-24.484 E2.34214
G1 X45.828 Y-24.042 E2.37006
;WIDTH:0.479786
G1 X46.034 Y-23.559 E2.39727
;WIDTH:0.457838
G1 X46.179 Y-23.038 E2.42381
;WIDTH:0.436107
G1 X46.257 Y-22.447 E2.45145
;WIDTH:0.410832
G1 X46.264 Y-21.99 E2.4712
;WIDTH:0.396572
G1 X46.264 Y21.431 E4.27025
;WIDTH:0.436107
G1 X46.179 Y22.06 E4.29968
;WIDTH:0.457838
G1 X46.034 Y22.581 E4.32622
;WIDTH:0.479944
G1 X45.816 Y23.083 E4.35459
;WIDTH:0.490465
G1 X45.544 Y23.505 E4.38127
G1 X45.176 Y23.914 E4.41051
;WIDTH:0.488457
G1 X44.754 Y24.265 E4.43954
;WIDTH:0.485507
G1 X44.288 Y24.554 E4.46834
;WIDTH:0.481938
G1 X43.579 Y24.811 E4.50762
;WIDTH:0.455974
G1 X42.906 Y24.909 E4.54084
;WIDTH:0.411997
G1 X42.349 Y24.927 E4.565
;WIDTH:0.396572
G1 X39.427 Y24.927 E4.68607
;WIDTH:0.436107
G1 X38.799 Y24.841 E4.71546
;WIDTH:0.457839
G1 X38.278 Y24.697 E4.74199
;WIDTH:0.479944
G1 X37.776 Y24.479 E4.77036
;WIDTH:0.490463
G1 X37.354 Y24.207 E4.79704
G1 X36.945 Y23.839 E4.82628
;WIDTH:0.488456
G1 X36.593 Y23.417 E4.85535
;WIDTH:0.485508
G1 X36.304 Y22.951 E4.88415
;WIDTH:0.481938
G1 X36.048 Y22.241 E4.92346
;WIDTH:0.455975
G1 X35.95 Y21.569 E4.95663
;WIDTH:0.411996
G1 X35.932 Y21.012 E4.98079
;WIDTH:0.396572
G1 X35.932 Y-22.41 E6.77988
;WIDTH:0.436108
G1 X36.017 Y-23.038 E6.80926
;WIDTH:0.457838
G1 X36.162 Y-23.559 E6.8358
;WIDTH:0.479944
G1 X36.38 Y-24.061 E6.86417
;WIDTH:0.490465
G1 X36.652 Y-24.484 E6.8909
G1 X37.039 Y-24.911 E6.92153
;WIDTH:0.489544
G1 X37.488 Y-25.272 E6.95208
;WIDTH:0.492005
G1 X37.915 Y-25.533 E6.97877
G1 X38.419 Y-25.731 E7.00765
;WIDTH:0.459279
G1 X38.576 Y-25.764 E7.01555
G1 X38.526 Y-26.153 F7200
;TYPE:External perimeter
;WIDTH:0.45
G1 F1800
G1 X38.854 Y-26.224 E7.03169
G1 X39.354 Y-26.264 E7.05582
G1 X42.984 Y-26.256 E7.23041
G1 X43.687 Y-26.169 E7.26448
G1 X44.486 Y-25.889 E7.3052
G1 X45.201 Y-25.44 E7.34581
G1 X45.799 Y-24.842 E7.38649
G1 X46.248 Y-24.127 E7.4271
G1 X46.506 Y-23.391 E7.46461
G1 X46.623 Y-22.447 E7.51036
G1 X46.623 Y21.499 E9.62401
G1 X46.527 Y22.35 E9.6652
G1 X46.248 Y23.148 E9.70586
G1 X45.799 Y23.864 E9.74651
G1 X45.201 Y24.461 E9.78715
G1 X44.486 Y24.911 E9.82778
G1 X43.688 Y25.19 E9.86844
G1 X42.836 Y25.286 E9.90968
G1 X39.36 Y25.286 E10.07686
G1 X38.508 Y25.19 E10.1181
G1 X37.711 Y24.911 E10.15871
G1 X36.995 Y24.461 E10.19938
G1 X36.398 Y23.864 E10.23999
G1 X35.948 Y23.148 E10.28066
G1 X35.669 Y22.35 E10.32132
G1 X35.573 Y21.499 E10.36251
G1 X35.573 Y-22.478 E12.47765
G1 X35.669 Y-23.329 E12.51884
G1 X35.948 Y-24.127 E12.5595
G1 X36.398 Y-24.842 E12.60013
G1 X36.995 Y-25.44 E12.64077
G1 X37.713 Y-25.891 E12.68155
G1 X38.235 Y-26.09 E12.70842
G1 X38.467 Y-26.14 E12.71983
G1 X38.86 Y-26.218 F7200
G1 E10.71983 F2400
G92 E0
G1 Z4.15 F7200
G1 X36.432 Y-32.073
G1 Z2.15
G1 E2 F2400
;TYPE:Perimeter
;WIDTH:0.396572
G1 F1200
G1 X36.432 Y-32.405 E2.01376
G1 X47.264 Y-32.405 E2.46256
G1 X47.264 Y-32.073 E2.47632
G1 X36.492 Y-32.073 E2.92263
G1 X36.073 Y-31.714 F7200
;TYPE:External perimeter
;WIDTH:0.45
G1 F1200
G1 X36.073 Y-32.764 E2.97313
G1 X47.623 Y-32.764 E3.52864
G1 X47.623 Y-31.714 E3.57914
G1 X36.133 Y-31.714 E4.13177
G1 X36.074 Y-32.11 F7200
;LAYER_CHANGE
;Z:2.45
;HEIGHT:0.3
G1 E2.13177 F2400
G92 E0
G1 Z2.45 F7200
G1 Z4.45
G1 X-54.736 Y-32.073
G1 Z2.45
G1 E2 F2400
;TYPE:Perimeter
;WIDTH:0.396572
G1 F1200
G1 X-63.568 Y-32.073 E2.36593
G1 X-63.568 Y-32.405 E2.37969
G1 X-54.736 Y-32.405 E2.74562
G1 X-54.736 Y-32.133 E2.75689
G1 X-54.377 Y-31.714 F7200
;TYPE:External perimeter
;WIDTH:0.45
G1 F1200
G1 X-63.927 Y-31.714 E3.21621
G1 X-63.927 Y-32.764 E3.26671
G1 X-54.377 Y-32.764 E3.72603
G1 X-54.377 Y-31.774 E3.77365
G1 X-54.772 Y-31.715 F7200
G1 E1.77365 F2400
G92 E0
G1 Z4.45 F7200
G1 X-40.445 Y-24.866
G1 Z2.45
G1 E2 F2400
;TYPE:Perimeter
;WIDTH:0.491463
G1 F3600
G1 X-40.404 Y-24.839 E2.00262
G1 X-40.024 Y-24.488 E2.03018
;WIDTH:0.490597
G1 X-39.551 Y-23.863 E2.07185
;WIDTH:0.481232
G1 X-39.328 Y-23.407 E2.09824
;WIDTH:0.457838
G1 X-39.166 Y-22.885 E2.12506
;WIDTH:0.428712
G1 X-39.068 Y-22.301 E2.15197
;WIDTH:0.396572
G1 X-39.068 Y21.012 E3.94654
;WIDTH:0.411998
G1 X-39.097 Y21.516 E3.96843
;WIDTH:0.455976
G1 X-39.232 Y22.157 E4.00042
;WIDTH:0.481939
G1 X-39.492 Y22.789 E4.03601
;WIDTH:0.490464
G1 X-39.796 Y23.251 E4.0654
;WIDTH:0.498242
G1 X-40.335 Y23.805 E4.10723
G1 X-40.806 Y24.13 E4.1382
;WIDTH:0.479943
G1 X-41.3 Y24.36 E4.16644
;WIDTH:0.454966
G1 X-41.756 Y24.497 E4.18964
;WIDTH:0.428708
G1 X-42.34 Y24.595 E4.21655
;WIDTH:0.396572
G1 X-50.653 Y24.595 E4.56098
;WIDTH:0.411997
G1 X-51.157 Y24.566 E4.58287
;WIDTH:0.455975
G1 X-51.798 Y24.431 E4.61486
;WIDTH:0.481939
G1 X-52.43 Y24.17 E4.65047
;WIDTH:0.490463
G1 X-52.892 Y23.866 E4.67986
;WIDTH:0.498245
G1 X-53.446 Y23.327 E4.72169
G1 X-53.822 Y22.763 E4.75837
;WIDTH:0.481736
G1 X-54.114 Y22.011 E4.80036
;WIDTH:0.442335
G1 X-54.208 Y21.516 E4.82411
;WIDTH:0.414867
G1 X-54.236 Y21.012 E4.84618
;WIDTH:0.396572
G1 X-54.236 Y-21.991 E6.62791
;WIDTH:0.414655
G1 X-54.199 Y-22.526 E6.65134
;WIDTH:0.461383
G1 X-54.061 Y-23.144 E6.68269
;WIDTH:0.486667
G1 X-53.807 Y-23.76 E6.71778
;WIDTH:0.506058
G1 X-53.429 Y-24.308 E6.75445
G1 X-53.179 Y-24.593 E6.77533
;WIDTH:0.489222
G1 X-52.738 Y-24.95 E6.8054
;WIDTH:0.484057
G1 X-52.1 Y-25.299 E6.84347
;WIDTH:0.461146
G1 X-51.516 Y-25.479 E6.87371
;WIDTH:0.4303
G1 X-50.696 Y-25.573 E6.91138
;WIDTH:0.396572
G1 X-42.651 Y-25.573 E7.24471
;WIDTH:0.411997
G1 X-42.147 Y-25.544 E7.2666
;WIDTH:0.455975
G1 X-41.506 Y-25.41 E7.29858
;WIDTH:0.481938
G1 X-40.873 Y-25.149 E7.33424
;WIDTH:0.491463
G1 X-40.495 Y-24.899 E7.35838
G1 X-40.696 Y-24.539 F7200
;TYPE:External perimeter
;WIDTH:0.45
G1 F1800
G1 X-40.618 Y-24.484 E7.36297
G1 X-40.205 Y-24.064 E7.3913
G1 X-39.872 Y-23.621 E7.41796
G1 X-39.599 Y-23.01 E7.45015
G1 X-39.456 Y-22.423 E7.47921
G1 X-39.427 Y-21.99 E7.50008
G1 X-39.427 Y21.012 E9.56833
G1 X-39.456 Y21.444 E9.58915
G1 X-39.599 Y22.032 E9.61826
G1 X-39.853 Y22.612 E9.64871
G1 X-40.166 Y23.057 E9.67488
G1 X-40.605 Y23.497 E9.70477
G1 X-41.029 Y23.797 E9.72975
G1 X-41.631 Y24.063 E9.7614
G1 X-42.218 Y24.206 E9.79046
G1 X-42.651 Y24.236 E9.81134
G1 X-50.653 Y24.236 E10.19621
G1 X-51.085 Y24.206 E10.21704
G1 X-51.673 Y24.063 E10.24615
G1 X-52.253 Y23.81 E10.27658
G1 X-52.698 Y23.497 E10.30275
G1 X-53.138 Y23.057 E10.33268
G1 X-53.481 Y22.547 E10.36224
G1 X-53.76 Y21.868 E10.39755
G1 X-53.851 Y21.419 E10.41958
G1 X-53.877 Y21.012 E10.4392
G1 X-53.877 Y-21.991 E12.50749
G1 X-53.832 Y-22.493 E12.53173
G1 X-53.624 Y-23.24 E12.56902
G1 X-53.39 Y-23.684 E12.59316
G1 X-52.948 Y-24.252 E12.62778
G1 X-52.545 Y-24.594 E12.6532
G1 X-51.907 Y-24.959 E12.68855
G1 X-51.404 Y-25.12 E12.71395
G1 X-50.665 Y-25.214 E12.74978
G1 X-42.651 Y-25.214 E13.13523
G1 X-42.218 Y-25.185 E13.1561
G1 X-41.631 Y-25.042 E13.18516
G1 X-41.051 Y-24.788 E13.21561
G1 X-40.745 Y-24.573 E13.2336
G1 X-40.448 Y-24.305 F7200
G1 E11.2336 F2400
G92 E0
G1 Z4.45 F7200
G1 X-38.746 Y21.51
G1 Z2.45
G1 E2 F2400
;TYPE:Perimeter
;WIDTH:0.43611
G1 F3600
G1 X-38.821 Y22.06 E2.02574
;WIDTH:0.457838
G1 X-38.966 Y22.581 E2.05228
;WIDTH:0.479945
G1 X-39.184 Y23.083 E2.08065
;WIDTH:0.490464
G1 X-39.456 Y23.505 E2.10733
G1 X-39.824 Y23.914 E2.13657
;WIDTH:0.488456
G1 X-40.246 Y24.265 E2.1656
;WIDTH:0.485506
G1 X-40.712 Y24.554 E2.1944
;WIDTH:0.481936
G1 X-41.421 Y24.811 E2.23368
;WIDTH:0.455974
G1 X-42.094 Y24.909 E2.2669
;WIDTH:0.411996
G1 X-42.651 Y24.927 E2.29106
;WIDTH:0.396572
G1 X-51.073 Y24.927 E2.64001
;WIDTH:0.436107
G1 X-51.701 Y24.841 E2.6694
;WIDTH:0.457839
G1 X-52.222 Y24.697 E2.69593
;WIDTH:0.479944
G1 X-52.724 Y24.479 E2.7243
;WIDTH:0.498243
G1 X-53.265 Y24.121 E2.7594
G1 X-53.763 Y23.624 E2.79747
G1 X-53.917 Y23.4 E2.81218
;WIDTH:0.48532
G1 X-54.251 Y22.814 E2.84759
;WIDTH:0.475881
G1 X-54.475 Y22.115 E2.88526
;WIDTH:0.441896
G1 X-54.555 Y21.56 E2.91166
;WIDTH:0.414867
G1 X-54.568 Y21.012 E2.93562
;WIDTH:0.396572
G1 X-54.568 Y-22.043 E4.7195
;WIDTH:0.419195
G1 X-54.53 Y-22.693 E4.74831
;WIDTH:0.461383
G1 X-54.45 Y-23.219 E4.77466
G1 X-54.331 Y-23.578 E4.79339
;WIDTH:0.481076
G1 X-54.083 Y-24.12 E4.82437
;WIDTH:0.506058
G1 X-53.79 Y-24.562 E4.85358
G1 X-53.465 Y-24.906 E4.87965
;WIDTH:0.489222
G1 X-53.052 Y-25.246 E4.908
;WIDTH:0.492527
G1 X-52.589 Y-25.528 E4.93695
G1 X-51.925 Y-25.779 E4.97486
;WIDTH:0.458451
G1 X-51.457 Y-25.854 E4.99816
;WIDTH:0.423532
G1 X-50.653 Y-25.905 E5.03425
;WIDTH:0.396572
G1 X-42.231 Y-25.905 E5.3832
;WIDTH:0.436108
G1 X-41.603 Y-25.82 E5.41258
;WIDTH:0.457839
G1 X-41.082 Y-25.675 E5.43912
;WIDTH:0.479945
G1 X-40.58 Y-25.457 E5.46749
;WIDTH:0.499292
G1 X-40.039 Y-25.1 E5.50265
;WIDTH:0.504759
G1 X-39.513 Y-24.562 E5.54398
G1 X-39.172 Y-24.042 E5.57814
;WIDTH:0.479787
G1 X-38.966 Y-23.559 E5.60535
;WIDTH:0.457838
G1 X-38.821 Y-23.038 E5.63189
;WIDTH:0.43611
G1 X-38.743 Y-22.447 E5.65953
;WIDTH:0.410832
G1 X-38.736 Y-21.99 E5.67928
;WIDTH:0.396572
G1 X-38.736 Y21.431 E7.47833
;WIDTH:0.43611
G1 X-38.738 Y21.451 E7.47926
G1 X-38.378 Y21.511 F7200
;TYPE:External perimeter
;WIDTH:0.45
G1 F1800
G1 X-38.473 Y22.35 E7.51987
G1 X-38.752 Y23.148 E7.56053
G1 X-39.201 Y23.864 E7.60118
G1 X-39.799 Y24.461 E7.64182
G1 X-40.514 Y24.911 E7.68245
G1 X-41.312 Y25.19 E7.72311
G1 X-42.164 Y25.286 E7.76435
G1 X-51.14 Y25.286 E8.19606
G1 X-51.992 Y25.19 E8.2373
G1 X-52.789 Y24.911 E8.27791
G1 X-53.505 Y24.461 E8.31858
G1 X-54.102 Y23.864 E8.35919
G1 X-54.553 Y23.147 E8.39993
G1 X-54.761 Y22.582 E8.42889
G1 X-54.877 Y22.058 E8.4547
G1 X-54.927 Y21.504 E8.48145
G1 X-54.927 Y-22.478 E10.59683
G1 X-54.831 Y-23.329 E10.63802
G1 X-54.552 Y-24.127 E10.67868
G1 X-54.102 Y-24.842 E10.71931
G1 X-53.505 Y-25.44 E10.75995
G1 X-52.789 Y-25.889 E10.8006
G1 X-51.992 Y-26.168 E10.84121
G1 X-51.14 Y-26.264 E10.88245
G1 X-42.164 Y-26.264 E11.31416
G1 X-41.312 Y-26.168 E11.3554
G1 X-40.514 Y-25.889 E11.39606
G1 X-39.799 Y-25.44 E11.43667
G1 X-39.201 Y-24.842 E11.47735
G1 X-38.752 Y-24.127 E11.51796
G1 X-38.494 Y-23.391 E11.55547
G1 X-38.377 Y-22.447 E11.60122
G1 X-38.377 Y21.451 E13.71256
G1 X-38.417 Y21.849 F7200
G1 E11.71256 F2400
G92 E0
G1 Z4.45 F7200
G1 X24.807 Y20.755
G1 Z2.45
G1 E2 F2400
;TYPE:Perimeter
G1 F3600
G1 X24.732 Y20.794 E2.00407
;WIDTH:0.423286
G1 X24.637 Y20.845 E2.0089
;WIDTH:0.396572
G1 X-27.77 Y20.845 E4.18026
;WIDTH:0.427814
G1 X-27.982 Y20.82 E4.18994
;WIDTH:0.45
G1 X-28.132 Y20.744 E4.19803
;WIDTH:0.463839
G1 X-28.32 Y20.494 E4.21361
G1 X-28.511 Y19.971 E4.24135
;WIDTH:0.461665
G1 X-28.567 Y19.756 E4.25236
;WIDTH:0.456456
G1 X-28.555 Y19.588 E4.2606
;WIDTH:0.45
G1 X-28.511 Y19.485 E4.26599
;WIDTH:0.423286
G1 X-28.467 Y19.382 E4.271
;WIDTH:0.396572
G1 X-2.194 Y-2.814 E5.69603
;WIDTH:0.445812
G1 X-1.876 Y-3.08 E5.71575
;WIDTH:0.45
G1 X-1.555 Y-3.12 E5.73131
G1 X-1.444 Y-3.061 E5.73736
;WIDTH:0.423285
G1 X-1.332 Y-3.002 E5.74303
;WIDTH:0.396573
G1 X25.039 Y19.277 E7.17338
;WIDTH:0.427875
G1 X25.184 Y19.433 E7.18304
;WIDTH:0.45
G1 X25.251 Y19.588 E7.19116
;WIDTH:0.464195
G1 X25.233 Y19.9 E7.20674
G1 X25.038 Y20.43 E7.2349
;WIDTH:0.462826
G1 X24.943 Y20.628 E7.24581
;WIDTH:0.459143
G1 X24.854 Y20.718 E7.25204
G1 X24.577 Y20.447 F7200
;TYPE:External perimeter
;WIDTH:0.45
G1 F1800
G1 X24.466 Y20.486 E7.2577
G1 X-27.77 Y20.486 E9.77007
G1 X-27.891 Y20.443 E9.77625
G1 X-28.143 Y19.836 E9.80786
G1 X-28.177 Y19.663 E9.81634
G1 X-28.111 Y19.551 E9.82259
G1 X-1.776 Y-2.697 E11.4807
G1 X-1.684 Y-2.74 E11.48558
G1 X-1.527 Y-2.697 E11.49341
G1 X24.808 Y19.552 E13.15155
G1 X24.872 Y19.662 E13.15767
G1 X24.67 Y20.295 E13.18963
G1 X24.611 Y20.4 E13.19542
G1 X24.219 Y20.479 F7200
G1 E11.19542 F2400
G92 E0
G1 Z4.45 F7200
G1 X-30.452 Y18.456
G1 Z2.45
G1 E2 F2400
;TYPE:Perimeter
;WIDTH:0.590865
G1 F3600
G1 X-30.455 Y18.428 E2.00185
;WIDTH:0.542291
G1 X-30.465 Y18.328 E2.00784
;WIDTH:0.493718
G1 X-30.475 Y18.228 E2.01322
;WIDTH:0.445145
G1 X-30.486 Y18.128 E2.018
;WIDTH:0.396572
G1 X-30.486 Y-25.108 E3.80938
;WIDTH:0.445145
G1 X-30.475 Y-25.207 E3.81411
;WIDTH:0.493719
G1 X-30.465 Y-25.307 E3.81949
;WIDTH:0.542293
G1 X-30.455 Y-25.407 E3.82548
;WIDTH:0.590867
G1 X-30.444 Y-25.507 E3.83209
G1 X-30.337 Y-25.56 E3.83993
;WIDTH:0.551307
G1 X-30.23 Y-25.612 E3.84716
;WIDTH:0.511747
G1 X-30.123 Y-25.665 E3.85382
;WIDTH:0.472187
G1 X-29.687 Y-25.82 E3.87736
;WIDTH:0.465323
G1 X-29.195 Y-26.095 E3.90555
;WIDTH:0.505946
G1 X-29.101 Y-26.139 E3.91127
;WIDTH:0.54657
G1 X-29.008 Y-26.183 E3.91746
;WIDTH:0.587194
G1 X-28.915 Y-26.228 E3.9242
G1 X-28.825 Y-26.171 E3.93115
;WIDTH:0.539539
G1 X-28.736 Y-26.115 E3.93738
;WIDTH:0.491884
G1 X-28.647 Y-26.059 E3.94299
;WIDTH:0.444229
G1 X-28.557 Y-26.002 E3.94804
;WIDTH:0.396574
G1 X-2.408 Y-3.911 E5.36634
;WIDTH:0.417176
G1 X-2.28 Y-3.775 E5.37456
;WIDTH:0.45
G1 X-2.186 Y-3.489 E5.38904
G1 X-2.203 Y-3.357 E5.39544
;WIDTH:0.445812
G1 X-2.348 Y-3.119 E5.4087
;WIDTH:0.396572
G1 X-28.557 Y19.023 E6.83026
;WIDTH:0.427899
G1 X-28.735 Y19.141 E6.83994
;WIDTH:0.45
G1 X-28.899 Y19.18 E6.84805
;WIDTH:0.467103
G1 X-29.18 Y19.124 E6.86244
G1 X-29.713 Y18.835 E6.89289
;WIDTH:0.492944
G1 X-30.03 Y18.712 E6.91107
;WIDTH:0.532034
G1 X-30.348 Y18.589 E6.93096
;WIDTH:0.561449
G1 X-30.396 Y18.559 E6.93447
;WIDTH:0.590865
G1 X-30.444 Y18.529 E6.93819
G1 X-30.446 Y18.515 E6.93912
G1 X-30.08 Y18.233 F7200
;TYPE:External perimeter
;WIDTH:0.45
G1 F1800
G1 X-30.127 Y18.128 E6.94465
G1 X-30.127 Y-25.107 E9.0241
G1 X-30.063 Y-25.25 E9.03164
G1 X-29.562 Y-25.445 E9.0575
G1 X-29.006 Y-25.75 E9.088
G1 X-28.838 Y-25.77 E9.09614
G1 X-2.64 Y-3.637 E10.74565
G1 X-2.571 Y-3.489 E10.7535
G1 X-2.64 Y-3.342 E10.76131
G1 X-28.789 Y18.75 E12.40775
G1 X-28.908 Y18.795 E12.41387
G1 X-29.048 Y18.745 E12.42102
G1 X-29.573 Y18.474 E12.44944
G1 X-30.046 Y18.278 E12.47407
G1 X-30.119 Y17.885 F7200
G1 E10.47407 F2400
G92 E0
G1 Z4.45 F7200
G1 X25.265 Y-26.907
G1 Z2.45
G1 E2 F2400
;TYPE:Perimeter
;WIDTH:0.432474
G1 F3600
G1 X25.365 Y-26.532 E2.01782
;WIDTH:0.396572
G1 X-1.11 Y-4.164 E3.45384
;WIDTH:0.445812
G1 X-1.427 Y-3.898 E3.47353
;WIDTH:0.45
G1 X-1.702 Y-3.853 E3.48693
G1 X-1.795 Y-3.879 E3.49157
;WIDTH:0.423286
G1 X-1.887 Y-3.906 E3.49586
;WIDTH:0.396574
G1 X-28.343 Y-26.256 E4.93081
;WIDTH:0.445361
G1 X-28.423 Y-26.331 E4.93602
;WIDTH:0.492639
G1 X-28.503 Y-26.406 E4.94188
;WIDTH:0.539916
G1 X-28.583 Y-26.481 E4.94838
;WIDTH:0.587194
G1 X-28.663 Y-26.555 E4.95549
G1 X-28.636 Y-26.655 E4.96224
;WIDTH:0.548513
G1 X-28.61 Y-26.754 E4.96842
;WIDTH:0.509833
G1 X-28.583 Y-26.853 E4.97412
;WIDTH:0.471153
G1 X-28.557 Y-26.953 E4.97936
G1 X-28.487 Y-27.045 E4.98523
;WIDTH:0.509962
G1 X-28.417 Y-27.136 E4.99161
;WIDTH:0.548706
G1 X-28.348 Y-27.228 E4.99856
;WIDTH:0.587451
G1 X-28.278 Y-27.32 E5.0061
G1 X-28.13 Y-27.308 E5.01579
;WIDTH:0.539731
G1 X-27.982 Y-27.296 E5.02459
;WIDTH:0.492011
G1 X-27.834 Y-27.284 E5.03251
;WIDTH:0.444291
G1 X-27.687 Y-27.272 E5.0395
;WIDTH:0.396572
G1 X24.383 Y-27.272 E7.1969
;WIDTH:0.444309
G1 X24.531 Y-27.284 E7.20394
;WIDTH:0.492047
G1 X24.678 Y-27.296 E7.21181
;WIDTH:0.539785
G1 X24.826 Y-27.308 E7.22061
;WIDTH:0.587523
G1 X24.974 Y-27.32 E7.2303
G1 X25.044 Y-27.228 E7.23784
;WIDTH:0.54876
G1 X25.114 Y-27.137 E7.24478
;WIDTH:0.509998
G1 X25.183 Y-27.045 E7.25117
;WIDTH:0.471236
G1 X25.245 Y-26.963 E7.25639
G1 X24.892 Y-26.787 F7200
;TYPE:External perimeter
;WIDTH:0.45
G1 F1800
G1 X24.926 Y-26.734 E7.25942
G1 X24.858 Y-26.573 E7.26783
G1 X-1.527 Y-4.282 E8.92912
G1 X-1.684 Y-4.239 E8.93695
G1 X-1.962 Y-4.439 E8.95342
G1 X-28.161 Y-26.573 E10.603
G1 X-28.229 Y-26.734 E10.61141
G1 X-28.134 Y-26.886 E10.62003
G1 X-27.687 Y-26.913 E10.64157
G1 X24.733 Y-26.913 E13.16279
G1 X24.831 Y-26.886 E13.16768
G1 X24.861 Y-26.838 E13.1704
G1 X24.731 Y-26.46 F7200
G1 E11.1704 F2400
G92 E0
G1 Z4.45 F7200
G1 X-29.373 Y-26.465
G1 Z2.45
G1 E2 F2400
;TYPE:Perimeter
;WIDTH:0.504198
G1 F1200
G1 X-29.455 Y-26.405 E2.00557
;WIDTH:0.4627
G1 X-29.891 Y-26.156 E2.03051
;WIDTH:0.494567
G1 X-30.218 Y-26.064 E2.04874
;WIDTH:0.532034
G1 X-30.544 Y-25.972 E2.0685
;WIDTH:0.56145
G1 X-30.598 Y-25.953 E2.07205
;WIDTH:0.590867
G1 X-30.651 Y-25.933 E2.07577
G1 X-30.846 Y-25.986 E2.08904
;WIDTH:0.547312
G1 X-31.04 Y-26.039 E2.10115
;WIDTH:0.503757
G1 X-31.234 Y-26.092 E2.11217
;WIDTH:0.468704
G1 X-31.622 Y-26.271 E2.13372
G1 X-32.004 Y-26.536 E2.15717
;WIDTH:0.460602
G1 X-32.354 Y-26.962 E2.18442
;WIDTH:0.464076
G1 X-32.573 Y-27.505 E2.21361
G1 X-32.622 Y-27.745 E2.22582
;WIDTH:0.461184
G1 X-32.619 Y-28.278 E2.2522
;WIDTH:0.466747
G1 X-32.46 Y-28.789 E2.27906
G1 X-32.317 Y-29.068 E2.29479
;WIDTH:0.459804
G1 X-31.928 Y-29.514 E2.32398
;WIDTH:0.459643
G1 X-31.425 Y-29.817 E2.35293
;WIDTH:0.460135
G1 X-30.753 Y-29.971 E2.38696
;WIDTH:0.46785
G1 X-30.341 Y-29.938 E2.40776
G1 X-29.88 Y-29.815 E2.43177
;WIDTH:0.456939
G1 X-29.401 Y-29.535 E2.45894
;WIDTH:0.463475
G1 X-29.004 Y-29.092 E2.48855
G1 X-28.884 Y-28.893 E2.50012
;WIDTH:0.461592
G1 X-28.704 Y-28.387 E2.52673
;WIDTH:0.490211
G1 X-28.678 Y-28.066 E2.54383
;WIDTH:0.521785
G1 X-28.652 Y-27.745 E2.5622
;WIDTH:0.554618
G1 X-28.642 Y-27.68 E2.56622
;WIDTH:0.587451
G1 X-28.632 Y-27.615 E2.57051
G1 X-28.698 Y-27.484 E2.58008
;WIDTH:0.548706
G1 X-28.765 Y-27.353 E2.58897
;WIDTH:0.509962
G1 X-28.831 Y-27.222 E2.59712
;WIDTH:0.471217
G1 X-28.952 Y-26.982 E2.61076
;WIDTH:0.509833
G1 X-29.007 Y-26.874 E2.61749
;WIDTH:0.548513
G1 X-29.061 Y-26.766 E2.62478
;WIDTH:0.587194
G1 X-29.116 Y-26.657 E2.63274
G1 X-29.229 Y-26.573 E2.64192
;WIDTH:0.545696
G1 X-29.325 Y-26.501 E2.64912
G1 X-29.629 Y-26.77 F7200
;TYPE:External perimeter
;WIDTH:0.45
G1 F1200
G1 X-30.074 Y-26.5 E2.67415
G1 X-30.618 Y-26.392 E2.70083
G1 X-31.167 Y-26.477 E2.72755
G1 X-31.653 Y-26.744 E2.75422
G1 X-32.018 Y-27.162 E2.78091
G1 X-32.204 Y-27.639 E2.80553
G1 X-32.231 Y-28.234 E2.83418
G1 X-32.052 Y-28.759 E2.86086
G1 X-31.705 Y-29.19 E2.88747
G1 X-31.23 Y-29.479 E2.91421
G1 X-30.685 Y-29.586 E2.94092
G1 X-30.137 Y-29.502 E2.96758
G1 X-29.651 Y-29.234 E2.99427
G1 X-29.304 Y-28.839 E3.01956
G1 X-29.085 Y-28.3 E3.04754
G1 X-29.073 Y-27.745 E3.07424
G1 X-29.252 Y-27.22 E3.10092
G1 X-29.583 Y-26.807 E3.12638
G1 X-29.922 Y-26.594 F7200
G1 E1.12638 F2400
G92 E0
G1 Z4.45 F7200
G1 X-32.616 Y21.011
G1 Z2.45
G1 E2 F2400
;TYPE:Perimeter
;WIDTH:0.460609
G1 F1200
G1 X-32.622 Y20.766 E2.01211
;WIDTH:0.465104
G1 X-32.566 Y20.505 E2.02545
G1 X-32.369 Y20.006 E2.05226
;WIDTH:0.46374
G1 X-32.027 Y19.583 E2.07935
G1 X-31.849 Y19.427 E2.09114
;WIDTH:0.461354
G1 X-31.385 Y19.162 E2.1176
;WIDTH:0.495237
G1 X-31.072 Y19.078 E2.13502
;WIDTH:0.531434
G1 X-30.759 Y18.994 E2.1539
;WIDTH:0.561149
G1 X-30.705 Y18.974 E2.15747
;WIDTH:0.590865
G1 X-30.651 Y18.955 E2.16123
G1 X-30.457 Y19.008 E2.17444
;WIDTH:0.546075
G1 X-30.263 Y19.062 E2.18654
;WIDTH:0.501286
G1 X-30.07 Y19.115 E2.19745
;WIDTH:0.467249
G1 X-29.728 Y19.266 E2.21624
G1 X-29.455 Y19.426 E2.23214
;WIDTH:0.464079
G1 X-28.988 Y19.933 E2.2665
;WIDTH:0.461665
G1 X-28.884 Y20.107 E2.27654
;WIDTH:0.463839
G1 X-28.701 Y20.615 E2.30344
G1 X-28.684 Y21.255 E2.33534
;WIDTH:0.461246
G1 X-28.717 Y21.455 E2.34537
G1 X-28.893 Y21.928 E2.37035
;WIDTH:0.466481
G1 X-29.055 Y22.176 E2.38521
G1 X-29.409 Y22.563 E2.41151
;WIDTH:0.461409
G1 X-29.878 Y22.839 E2.43846
;WIDTH:0.468098
G1 X-30.378 Y22.966 E2.46444
G1 X-30.753 Y22.992 E2.48337
;WIDTH:0.459479
G1 X-31.316 Y22.885 E2.51161
;WIDTH:0.461011
G1 X-31.848 Y22.594 E2.54161
;WIDTH:0.466473
G1 X-32.237 Y22.191 E2.5697
G1 X-32.419 Y21.914 E2.58632
;WIDTH:0.459551
G1 X-32.608 Y21.368 E2.6148
;WIDTH:0.460609
G1 X-32.615 Y21.071 E2.62948
G1 X-32.23 Y21.011 F7200
;TYPE:External perimeter
;WIDTH:0.45
G1 F1200
G1 X-32.231 Y21.005 E2.62977
G1 X-32.197 Y20.639 E2.64745
G1 X-32.018 Y20.183 E2.67101
G1 X-31.682 Y19.786 E2.69603
G1 X-31.23 Y19.521 E2.72123
G1 X-30.685 Y19.414 E2.74794
G1 X-30.137 Y19.498 E2.7746
G1 X-29.651 Y19.766 E2.80129
G1 X-29.285 Y20.183 E2.82798
G1 X-29.085 Y20.7 E2.85464
G1 X-29.073 Y21.255 E2.88134
G1 X-29.252 Y21.78 E2.90802
G1 X-29.6 Y22.213 E2.93474
G1 X-30.074 Y22.5 E2.96139
G1 X-30.618 Y22.608 E2.98807
G1 X-31.167 Y22.523 E3.01479
G1 X-31.653 Y22.256 E3.04146
G1 X-32.018 Y21.838 E3.06815
G1 X-32.201 Y21.371 E3.09227
G1 X-32.225 Y21.071 E3.10675
G1 X-32.192 Y20.672 F7200
G1 E1.10675 F2400
G92 E0
G1 Z4.45 F7200
G1 X25.63 Y20.018
G1 Z2.45
G1 E2 F2400
;TYPE:Perimeter
;WIDTH:0.464195
G1 F1200
G1 X25.997 Y19.558 E2.02934
;WIDTH:0.46193
G1 X26.151 Y19.427 E2.03937
G1 X26.59 Y19.177 E2.06442
;WIDTH:0.493302
G1 X26.915 Y19.086 E2.08248
;WIDTH:0.531396
G1 X27.241 Y18.994 E2.10221
;WIDTH:0.561145
G1 X27.295 Y18.974 E2.10578
;WIDTH:0.590895
G1 X27.349 Y18.955 E2.10954
G1 X27.543 Y19.008 E2.12275
;WIDTH:0.547306
G1 X27.737 Y19.061 E2.13486
;WIDTH:0.503717
G1 X27.931 Y19.114 E2.14588
;WIDTH:0.468431
G1 X28.342 Y19.306 E2.16874
G1 X28.7 Y19.558 E2.1908
;WIDTH:0.459809
G1 X29.053 Y19.988 E2.21824
;WIDTH:0.46304
G1 X29.273 Y20.536 E2.2476
G1 X29.318 Y20.766 E2.25925
;WIDTH:0.460845
G1 X29.315 Y21.301 E2.28571
;WIDTH:0.466103
G1 X29.157 Y21.807 E2.31227
G1 X29.013 Y22.089 E2.32814
;WIDTH:0.458954
G1 X28.661 Y22.499 E2.35473
;WIDTH:0.461
G1 X28.121 Y22.839 E2.3863
;WIDTH:0.467833
G1 X27.61 Y22.968 E2.41282
G1 X27.247 Y22.992 E2.43113
;WIDTH:0.464785
G1 X26.825 Y22.921 E2.4525
G1 X26.575 Y22.839 E2.46564
;WIDTH:0.460587
G1 X26.125 Y22.578 E2.49135
;WIDTH:0.467584
G1 X25.772 Y22.202 E2.51729
G1 X25.581 Y21.914 E2.53467
;WIDTH:0.463339
G1 X25.407 Y21.44 E2.5598
G1 X25.379 Y20.766 E2.59337
;WIDTH:0.462826
G1 X25.413 Y20.566 E2.60345
;WIDTH:0.464195
G1 X25.597 Y20.067 E2.62997
G1 X25.97 Y20.214 F7200
;TYPE:External perimeter
;WIDTH:0.45
G1 F1200
G1 X26.296 Y19.809 E2.65498
G1 X26.77 Y19.521 E2.68166
G1 X27.315 Y19.414 E2.70837
G1 X27.863 Y19.498 E2.73503
G1 X28.349 Y19.766 E2.76172
G1 X28.715 Y20.183 E2.78841
G1 X28.904 Y20.671 E2.81358
G1 X28.927 Y21.255 E2.84169
G1 X28.748 Y21.78 E2.86837
G1 X28.4 Y22.213 E2.89509
G1 X27.926 Y22.5 E2.92174
G1 X27.382 Y22.608 E2.94842
G1 X26.893 Y22.534 E2.97221
G1 X26.56 Y22.379 E2.98988
G1 X26.259 Y22.169 E3.00753
G1 X25.948 Y21.78 E3.03148
G1 X25.769 Y21.255 E3.05816
G1 X25.774 Y20.724 E3.0837
G1 X25.939 Y20.265 E3.10716
G1 X26.184 Y19.949 F7200
G1 E1.10716 F2400
G92 E0
G1 Z4.45 F7200
G1 X25.535 Y-26.18
G1 Z2.45
G1 E2 F2400
;TYPE:Perimeter
;WIDTH:0.586927
G1 F3600
G1 X25.611 Y-26.228 E2.00586
G1 X25.802 Y-26.125 E2.02
;WIDTH:0.547333
G1 X25.992 Y-26.021 E2.03305
;WIDTH:0.507739
G1 X26.183 Y-25.917 E2.04508
;WIDTH:0.489774
G1 X26.613 Y-25.743 E2.06969
;WIDTH:0.531638
G1 X27.044 Y-25.568 E2.0968
;WIDTH:0.561327
G1 X27.093 Y-25.538 E2.10036
;WIDTH:0.591017
G1 X27.141 Y-25.507 E2.10411
G1 X27.152 Y-25.407 E2.11072
;WIDTH:0.542405
G1 X27.162 Y-25.307 E2.11671
;WIDTH:0.493794
G1 X27.172 Y-25.206 E2.12215
;WIDTH:0.445183
G1 X27.182 Y-25.106 E2.12692
;WIDTH:0.396573
G1 X27.182 Y18.129 E3.91827
;WIDTH:0.445153
G1 X27.172 Y18.229 E3.92304
;WIDTH:0.493734
G1 X27.162 Y18.329 E3.92842
;WIDTH:0.542314
G1 X27.152 Y18.429 E3.93441
;WIDTH:0.590895
G1 X27.141 Y18.529 E3.94102
G1 X27.031 Y18.583 E3.94907
;WIDTH:0.550817
G1 X26.921 Y18.636 E3.95648
;WIDTH:0.510739
G1 X26.811 Y18.69 E3.9633
;WIDTH:0.470661
G1 X26.385 Y18.844 E3.98625
;WIDTH:0.46491
G1 X25.89 Y19.118 E4.01451
G1 X25.595 Y19.181 E4.02958
;WIDTH:0.45
G1 X25.486 Y19.155 E4.03497
;WIDTH:0.423286
G1 X25.377 Y19.128 E4.04
;WIDTH:0.396573
G1 X-.896 Y-3.068 E5.46503
;WIDTH:0.417177
G1 X-1.023 Y-3.203 E5.47319
;WIDTH:0.45
G1 X-1.118 Y-3.489 E5.48768
G1 X-1.1 Y-3.622 E5.49414
;WIDTH:0.445812
G1 X-.956 Y-3.86 E5.50737
;WIDTH:0.396572
G1 X25.254 Y-26.003 E6.92899
;WIDTH:0.44416
G1 X25.344 Y-26.059 E6.93401
;WIDTH:0.491749
G1 X25.433 Y-26.116 E6.93964
;WIDTH:0.539338
G1 X25.484 Y-26.148 E6.94321
G1 X25.591 Y-25.767 F7200
;TYPE:External perimeter
;WIDTH:0.45
G1 F1800
G1 X25.611 Y-25.774 E6.94423
G1 X26.072 Y-25.533 E6.96925
G1 X26.782 Y-25.226 E7.00645
G1 X26.823 Y-25.106 E7.01255
G1 X26.823 Y18.129 E9.092
G1 X26.759 Y18.273 E9.09958
G1 X26.219 Y18.493 E9.12762
G1 X25.702 Y18.772 E9.15588
G1 X25.53 Y18.788 E9.16419
G1 X-.664 Y-3.342 E10.81346
G1 X-.732 Y-3.489 E10.82125
G1 X-.664 Y-3.637 E10.82908
G1 X25.486 Y-25.729 E12.47555
G1 X25.534 Y-25.746 E12.478
G1 X25.911 Y-25.611 F7200
G1 X26.363 Y-26.282
;TYPE:Perimeter
;WIDTH:0.545162
G1 F1200
G1 X26.101 Y-26.461 E12.49703
;WIDTH:0.586927
G1 X25.812 Y-26.658 E12.51983
G1 X25.597 Y-27.096 E12.55163
;WIDTH:0.558162
G1 X25.381 Y-27.533 E12.58165
;WIDTH:0.55846
G1 X25.355 Y-27.574 E12.58464
;WIDTH:0.587523
G1 X25.328 Y-27.615 E12.58784
G1 X25.346 Y-27.822 E12.6014
;WIDTH:0.542948
G1 X25.364 Y-28.028 E12.61374
;WIDTH:0.498374
G1 X25.382 Y-28.234 E12.62493
;WIDTH:0.467279
G1 X25.479 Y-28.622 E12.64503
G1 X25.687 Y-29.064 E12.66958
;WIDTH:0.457934
G1 X26.028 Y-29.476 E12.69583
;WIDTH:0.46384
G1 X26.517 Y-29.786 E12.72468
G1 X26.766 Y-29.884 E12.73801
;WIDTH:0.458582
G1 X27.28 Y-29.975 E12.76367
G1 X27.93 Y-29.882 E12.79595
;WIDTH:0.46727
G1 X28.251 Y-29.746 E12.81347
G1 X28.644 Y-29.491 E12.83701
;WIDTH:0.459935
G1 X29.014 Y-29.068 E12.86474
;WIDTH:0.463333
G1 X29.135 Y-28.844 E12.87741
G1 X29.311 Y-28.302 E12.90577
;WIDTH:0.462638
G1 X29.319 Y-27.781 E12.93165
;WIDTH:0.46688
G1 X29.174 Y-27.238 E12.95986
G1 X29.014 Y-26.911 E12.97814
;WIDTH:0.459232
G1 X28.608 Y-26.457 E13.00813
;WIDTH:0.460678
G1 X28.121 Y-26.161 E13.0363
;WIDTH:0.496416
G1 X27.789 Y-26.067 E13.05489
;WIDTH:0.532155
G1 X27.456 Y-25.972 E13.07509
;WIDTH:0.561586
G1 X27.402 Y-25.952 E13.07866
;WIDTH:0.591017
G1 X27.349 Y-25.933 E13.08236
G1 X27.154 Y-25.987 E13.09565
;WIDTH:0.545864
G1 X26.96 Y-26.041 E13.10774
;WIDTH:0.500712
G1 X26.766 Y-26.094 E13.11868
;WIDTH:0.468146
G1 X26.414 Y-26.253 E13.13813
G1 X26.561 Y-26.626 F7200
;TYPE:External perimeter
;WIDTH:0.45
G1 F1200
G1 X26.347 Y-26.744 E13.14988
G1 X25.958 Y-27.198 E13.17864
G1 X25.781 Y-27.679 E13.20329
G1 X25.769 Y-28.234 E13.22999
G1 X25.931 Y-28.713 E13.25431
G1 X26.296 Y-29.191 E13.28324
G1 X26.77 Y-29.479 E13.30992
G1 X27.315 Y-29.586 E13.33663
G1 X27.863 Y-29.502 E13.36329
G1 X28.349 Y-29.234 E13.38998
G1 X28.715 Y-28.817 E13.41667
G1 X28.915 Y-28.3 E13.44333
G1 X28.927 Y-27.781 E13.4683
G1 X28.748 Y-27.22 E13.49662
G1 X28.4 Y-26.787 E13.52334
G1 X27.926 Y-26.5 E13.54999
G1 X27.382 Y-26.392 E13.57667
G1 X26.833 Y-26.477 E13.60339
G1 X26.614 Y-26.598 E13.61542
G1 X26.289 Y-26.831 F7200
G1 E11.61542 F2400
G92 E0
G1 Z4.45 F7200
G1 X-28.854 Y19.522
G1 Z2.45
G1 E2 F2400
;TYPE:Perimeter
;WIDTH:0.362269
G1 F1200
G1 X-28.872 Y19.554 E2.00136
G1 X-28.928 Y19.522 E2.00376
G1 X-28.872 Y19.49 E2.00616
G1 X-28.309 Y21.011 F7200
;WIDTH:0.361883
G1 F1200
G1 X-28.327 Y21.043 E2.00752
G1 X-28.383 Y21.011 E2.00991
G1 X-28.327 Y20.979 E2.0123
G1 E.0123 F2400
G92 E0
G1 Z4.45 F7200
G1 X25.079 Y21.011
G1 Z2.45
G1 E2 F2400
;WIDTH:0.362635
G1 F1200
G1 X25.06 Y21.043 E2.00138
G1 X25.005 Y21.011 E2.00375
G1 X25.06 Y20.978 E2.00614
G1 X25.623 Y19.523 F7200
;WIDTH:0.362313
G1 F1200
G1 X25.605 Y19.555 E2.0075
G1 X25.549 Y19.523 E2.0099
G1 X25.605 Y19.491 E2.0123
G1 E.0123 F2400
G92 E0
G1 Z4.45 F7200
G1 X-1.493 Y-3.489
G1 Z2.45
G1 E2 F2400
;WIDTH:0.428055
G1 F1200
G1 X-1.811 Y-3.489 E2.01442
G1 E.01442 F2400
G92 E0
G1 Z4.45 F7200
G1 X24.757 Y-27.697
G1 Z2.45
G1 E2 F2400
;WIDTH:0.539785
G1 F3600
G1 X24.77 Y-27.701 E2.00081
;WIDTH:0.587523
G1 X24.873 Y-27.734 E2.00787
G1 X24.903 Y-27.837 E2.01487
;WIDTH:0.550298
G1 X24.933 Y-27.94 E2.02137
;WIDTH:0.513073
G1 X24.963 Y-28.043 E2.02737
;WIDTH:0.475848
G1 X25.092 Y-28.729 E2.06319
;WIDTH:0.467279
G1 X25.258 Y-29.108 E2.08398
;WIDTH:0.466931
G1 X25.559 Y-29.55 E2.11083
G1 X25.8 Y-29.793 E2.12801
;WIDTH:0.46384
G1 X26.306 Y-30.125 E2.15816
G1 X26.599 Y-30.248 E2.17399
;WIDTH:0.457671
G1 X27.176 Y-30.357 E2.20279
;WIDTH:0.461259
G1 X27.497 Y-30.364 E2.21868
G1 X28.005 Y-30.263 E2.24432
;WIDTH:0.459053
G1 X28.299 Y-30.168 E2.25953
G1 X28.774 Y-29.884 E2.28677
;WIDTH:0.467388
G1 X29.203 Y-29.474 E2.3166
G1 X29.507 Y-28.989 E2.34537
;WIDTH:0.463333
G1 X29.658 Y-28.511 E2.37031
;WIDTH:0.468055
G1 X29.725 Y-28.036 E2.39446
G1 X29.705 Y-27.698 E2.41151
;WIDTH:0.46688
G1 X29.559 Y-27.122 E2.44134
G1 X29.384 Y-26.757 E2.46166
;WIDTH:0.465437
G1 X29.076 Y-26.356 E2.48695
G1 X28.757 Y-26.092 E2.50766
;WIDTH:0.460678
G1 X28.309 Y-25.812 E2.53377
;WIDTH:0.472572
G1 X27.875 Y-25.664 E2.55712
;WIDTH:0.512053
G1 X27.769 Y-25.612 E2.56371
;WIDTH:0.551535
G1 X27.662 Y-25.559 E2.57097
;WIDTH:0.591017
G1 X27.556 Y-25.507 E2.57873
G1 X27.545 Y-25.407 E2.58534
;WIDTH:0.542405
G1 X27.535 Y-25.307 E2.59133
;WIDTH:0.493794
G1 X27.525 Y-25.207 E2.59671
;WIDTH:0.445183
G1 X27.514 Y-25.107 E2.60149
;WIDTH:0.396572
G1 X27.514 Y18.128 E4.39283
;WIDTH:0.445152
G1 X27.525 Y18.228 E4.39761
;WIDTH:0.493733
G1 X27.535 Y18.328 E4.40299
;WIDTH:0.542314
G1 X27.545 Y18.428 E4.40898
;WIDTH:0.590895
G1 X27.556 Y18.529 E4.41565
G1 X27.604 Y18.559 E4.41937
;WIDTH:0.561515
G1 X27.652 Y18.589 E4.42288
;WIDTH:0.532136
G1 X27.981 Y18.711 E4.44335
;WIDTH:0.496372
G1 X28.309 Y18.834 E4.46222
;WIDTH:0.460609
G1 X28.818 Y19.136 E4.49147
;WIDTH:0.466939
G1 X29.237 Y19.566 E4.52161
G1 X29.478 Y19.954 E4.54454
;WIDTH:0.460435
G1 X29.663 Y20.463 E4.57129
;WIDTH:0.468066
G1 X29.725 Y21.054 E4.60121
G1 X29.661 Y21.563 E4.62704
;WIDTH:0.459218
G1 X29.475 Y22.071 E4.65368
;WIDTH:0.466689
G1 X29.204 Y22.493 E4.67885
G1 X28.755 Y22.929 E4.71025
;WIDTH:0.460519
G1 X28.265 Y23.208 E4.73811
;WIDTH:0.467833
G1 X27.686 Y23.364 E4.76828
G1 X27.289 Y23.391 E4.7883
;WIDTH:0.464785
G1 X26.752 Y23.314 E4.81539
G1 X26.389 Y23.188 E4.83458
;WIDTH:0.460587
G1 X25.887 Y22.892 E4.86338
;WIDTH:0.467584
G1 X25.466 Y22.464 E4.89357
G1 X25.218 Y22.068 E4.91707
;WIDTH:0.463528
G1 X25.021 Y21.543 E4.94499
G1 X24.828 Y21.277 E4.96135
;WIDTH:0.45
G1 X24.679 Y21.199 E4.96944
;WIDTH:0.435031
G1 X24.466 Y21.177 E4.97934
;WIDTH:0.396572
G1 X-27.77 Y21.177 E7.14362
;WIDTH:0.427814
G1 X-27.982 Y21.202 E7.1533
;WIDTH:0.45
G1 X-28.132 Y21.277 E7.16137
;WIDTH:0.457785
G1 X-28.247 Y21.393 E7.16938
;WIDTH:0.461246
G1 X-28.614 Y22.24 E7.21507
;WIDTH:0.465849
G1 X-28.933 Y22.655 E7.24128
G1 X-29.244 Y22.928 E7.262
;WIDTH:0.461157
G1 X-29.723 Y23.203 E7.28933
;WIDTH:0.468098
G1 X-30.302 Y23.363 E7.31958
G1 X-30.798 Y23.384 E7.34458
;WIDTH:0.460078
G1 X-31.331 Y23.29 E7.37129
;WIDTH:0.468726
G1 X-31.817 Y23.083 E7.39793
G1 X-32.137 Y22.864 E7.41749
;WIDTH:0.466473
G1 X-32.533 Y22.462 E7.44579
G1 X-32.744 Y22.147 E7.4648
;WIDTH:0.464607
G1 X-32.947 Y21.638 E7.49215
G1 X-33.018 Y21.268 E7.51096
;WIDTH:0.460874
G1 X-33.011 Y20.678 E7.54014
;WIDTH:0.467471
G1 X-32.849 Y20.1 E7.57032
G1 X-32.678 Y19.759 E7.5895
;WIDTH:0.46374
G1 X-32.329 Y19.322 E7.61736
G1 X-32.056 Y19.089 E7.63524
;WIDTH:0.461354
G1 X-31.609 Y18.833 E7.66074
;WIDTH:0.470935
G1 X-31.186 Y18.689 E7.6834
;WIDTH:0.510911
G1 X-31.077 Y18.636 E7.69015
;WIDTH:0.550888
G1 X-30.968 Y18.582 E7.69753
;WIDTH:0.590865
G1 X-30.859 Y18.529 E7.70549
G1 X-30.848 Y18.429 E7.7121
;WIDTH:0.542291
G1 X-30.838 Y18.329 E7.71809
;WIDTH:0.493718
G1 X-30.828 Y18.229 E7.72347
;WIDTH:0.445145
G1 X-30.818 Y18.129 E7.72824
;WIDTH:0.396572
G1 X-30.818 Y-25.106 E9.51958
;WIDTH:0.445145
G1 X-30.828 Y-25.207 E9.5244
;WIDTH:0.493719
G1 X-30.838 Y-25.307 E9.52978
;WIDTH:0.542293
G1 X-30.848 Y-25.407 E9.53577
;WIDTH:0.590867
G1 X-30.859 Y-25.508 E9.54244
G1 X-30.907 Y-25.538 E9.54616
;WIDTH:0.561154
G1 X-30.956 Y-25.569 E9.54975
;WIDTH:0.531442
G1 X-31.283 Y-25.69 E9.57006
;WIDTH:0.495824
G1 X-31.61 Y-25.812 E9.58884
;WIDTH:0.460526
G1 X-32.1 Y-26.099 E9.6169
;WIDTH:0.467789
G1 X-32.528 Y-26.528 E9.64739
G1 X-32.782 Y-26.932 E9.6714
;WIDTH:0.460692
G1 X-32.967 Y-27.44 E9.69812
;WIDTH:0.468707
G1 X-33.03 Y-28 E9.72654
G1 X-32.99 Y-28.437 E9.74867
;WIDTH:0.466747
G1 X-32.839 Y-28.925 E9.77431
G1 X-32.631 Y-29.308 E9.79618
;WIDTH:0.461561
G1 X-32.281 Y-29.726 E9.82319
;WIDTH:0.468315
G1 X-31.792 Y-30.076 E9.85349
G1 X-31.416 Y-30.244 E9.87424
;WIDTH:0.465308
G1 X-30.89 Y-30.357 E9.90114
G1 X-30.495 Y-30.363 E9.92089
;WIDTH:0.460507
G1 X-29.883 Y-30.226 E9.95188
;WIDTH:0.467527
G1 X-29.376 Y-29.997 E9.97985
G1 X-29.067 Y-29.767 E9.99922
;WIDTH:0.463475
G1 X-28.694 Y-29.343 E10.02733
G1 X-28.514 Y-29.038 E10.04496
;WIDTH:0.461592
G1 X-28.341 Y-28.553 E10.07047
;WIDTH:0.471924
G1 X-28.271 Y-28.077 E10.09493
;WIDTH:0.510433
G1 X-28.24 Y-27.963 E10.1015
;WIDTH:0.548942
G1 X-28.208 Y-27.848 E10.10871
;WIDTH:0.587451
G1 X-28.177 Y-27.734 E10.11642
G1 X-28.102 Y-27.705 E10.12167
;WIDTH:0.538073
G1 X-28.026 Y-27.676 E10.12648
;WIDTH:0.488696
G1 X-27.951 Y-27.647 E10.13074
;WIDTH:0.439319
G1 X-27.687 Y-27.604 E10.14325
;WIDTH:0.396572
G1 X24.461 Y-27.604 E12.30388
;WIDTH:0.444309
G1 X24.564 Y-27.636 E12.30899
;WIDTH:0.492047
G1 X24.667 Y-27.669 E12.31476
;WIDTH:0.539785
G1 X24.699 Y-27.679 E12.31675
G1 X24.501 Y-28.023 F7200
;TYPE:External perimeter
;WIDTH:0.45
G1 F1800
G1 X24.572 Y-28.119 E12.32249
G1 X24.705 Y-28.804 E12.35605
G1 X24.849 Y-29.191 E12.37591
G1 X25.23 Y-29.767 E12.40913
G1 X25.514 Y-30.069 E12.42907
G1 X26.089 Y-30.452 E12.4623
G1 X26.468 Y-30.619 E12.48222
G1 X27.147 Y-30.748 E12.51546
G1 X27.619 Y-30.742 E12.53816
G1 X28.376 Y-30.56 E12.57561
G1 X28.886 Y-30.293 E12.6033
G1 X29.523 Y-29.705 E12.64499
G1 X29.872 Y-29.14 E12.67693
G1 X30.066 Y-28.494 E12.70937
G1 X30.119 Y-28.02 E12.73231
G1 X30.109 Y-27.757 E12.74497
G1 X29.902 Y-26.915 E12.78667
G1 X29.658 Y-26.465 E12.81129
G1 X29.336 Y-26.055 E12.83636
G1 X28.792 Y-25.63 E12.86956
G1 X28.421 Y-25.431 E12.88981
G1 X27.937 Y-25.25 E12.91466
G1 X27.873 Y-25.106 E12.92224
G1 X27.873 Y18.128 E15.00165
G1 X27.914 Y18.247 E15.0077
G1 X28.745 Y18.614 E15.05139
G1 X29.156 Y18.915 E15.07589
G1 X29.561 Y19.338 E15.10406
G1 X29.83 Y19.785 E15.12915
G1 X30.022 Y20.284 E15.15487
G1 X30.105 Y20.735 E15.17693
G1 X30.101 Y21.301 E15.20415
G1 X30.003 Y21.805 E15.22884
G1 X29.778 Y22.337 E15.25662
G1 X29.482 Y22.772 E15.28193
G1 X28.975 Y23.251 E15.31548
G1 X28.486 Y23.537 E15.34273
G1 X28.047 Y23.693 E15.36514
G1 X27.525 Y23.773 E15.39054
G1 X26.958 Y23.755 E15.41782
G1 X26.432 Y23.623 E15.4439
G1 X25.963 Y23.414 E15.4686
G1 X25.545 Y23.112 E15.4934
G1 X25.143 Y22.694 E15.52129
G1 X24.867 Y22.239 E15.54689
G1 X24.663 Y21.711 E15.57411
G1 X24.587 Y21.578 E15.58148
G1 X24.466 Y21.536 E15.58764
G1 X-27.828 Y21.536 E18.1028
G1 X-27.95 Y21.657 E18.11106
G1 X-28.163 Y22.194 E18.13885
G1 X-28.4 Y22.627 E18.16259
G1 X-28.754 Y23.026 E18.18824
G1 X-29.23 Y23.393 E18.21715
G1 X-29.716 Y23.616 E18.24287
G1 X-30.22 Y23.749 E18.26794
G1 X-30.728 Y23.779 E18.29242
G1 X-31.31 Y23.704 E18.32064
G1 X-31.781 Y23.54 E18.34463
G1 X-32.324 Y23.224 E18.37485
G1 X-32.81 Y22.742 E18.40777
G1 X-32.957 Y22.544 E18.41963
G1 X-33.227 Y22.037 E18.44726
G1 X-33.373 Y21.519 E18.47314
G1 X-33.426 Y21.003 E18.49809
G1 X-33.372 Y20.495 E18.52266
G1 X-33.209 Y19.934 E18.55076
G1 X-32.955 Y19.475 E18.57599
G1 X-32.622 Y19.06 E18.60158
G1 X-32.27 Y18.761 E18.62379
G1 X-31.716 Y18.451 E18.65432
G1 X-31.241 Y18.273 E18.67872
G1 X-31.177 Y18.128 E18.68634
G1 X-31.177 Y-25.165 E20.76858
G1 X-31.304 Y-25.289 E20.77712
G1 X-31.779 Y-25.46 E20.8014
G1 X-32.271 Y-25.741 E20.82865
G1 X-32.632 Y-26.049 E20.85147
G1 X-33.004 Y-26.527 E20.8806
G1 X-33.231 Y-26.973 E20.90467
G1 X-33.375 Y-27.488 E20.93039
G1 X-33.426 Y-28.018 E20.956
G1 X-33.37 Y-28.518 E20.9802
G1 X-33.196 Y-29.095 E21.00919
G1 X-32.951 Y-29.532 E21.03329
G1 X-32.592 Y-29.969 E21.06049
G1 X-32.248 Y-30.256 E21.08204
G1 X-31.768 Y-30.523 E21.10846
G1 X-31.24 Y-30.698 E21.13521
G1 X-30.584 Y-30.761 E21.16691
G1 X-30.127 Y-30.706 E21.18905
G1 X-29.416 Y-30.469 E21.2251
G1 X-28.935 Y-30.162 E21.25254
G1 X-28.565 Y-29.814 E21.27697
G1 X-28.261 Y-29.384 E21.3023
G1 X-28.019 Y-28.857 E21.33019
G1 X-27.833 Y-28.03 E21.37096
G1 X-27.687 Y-27.963 E21.37869
G1 X24.455 Y-27.963 E23.88654
G1 X24.465 Y-27.975 E23.88729
G1 X24.608 Y-28.349 F7200
G1 E21.88729 F2400
G92 E0
G1 Z4.45 F7200
G1 X36.717 Y-23.797
G1 Z2.45
G1 E2 F2400
;TYPE:Perimeter
;WIDTH:0.50313
G1 F3600
G1 X36.972 Y-24.179 E2.02513
G1 X37.319 Y-24.595 E2.05477
;WIDTH:0.494962
G1 X37.706 Y-24.914 E2.0817
;WIDTH:0.489496
G1 X38.398 Y-25.303 E2.12379
;WIDTH:0.471
G1 X38.983 Y-25.482 E2.15482
;WIDTH:0.436905
G1 X39.805 Y-25.573 E2.19325
;WIDTH:0.396572
G1 X42.349 Y-25.573 E2.29865
;WIDTH:0.411997
G1 X42.853 Y-25.544 E2.32054
;WIDTH:0.455975
G1 X43.494 Y-25.41 E2.35252
;WIDTH:0.481938
G1 X44.127 Y-25.149 E2.38818
;WIDTH:0.490464
G1 X44.589 Y-24.845 E2.41757
;WIDTH:0.498244
G1 X45.142 Y-24.306 E2.45936
G1 X45.468 Y-23.835 E2.49036
;WIDTH:0.479943
G1 X45.698 Y-23.342 E2.51856
;WIDTH:0.454964
G1 X45.834 Y-22.885 E2.54179
;WIDTH:0.428708
G1 X45.932 Y-22.301 E2.5687
;WIDTH:0.396572
G1 X45.932 Y21.012 E4.36327
;WIDTH:0.411996
G1 X45.903 Y21.516 E4.38516
;WIDTH:0.455975
G1 X45.768 Y22.157 E4.41715
;WIDTH:0.481938
G1 X45.508 Y22.789 E4.45274
;WIDTH:0.490465
G1 X45.204 Y23.251 E4.48213
;WIDTH:0.498244
G1 X44.665 Y23.805 E4.52396
G1 X44.194 Y24.13 E4.55493
;WIDTH:0.479943
G1 X43.7 Y24.36 E4.58317
;WIDTH:0.454965
G1 X43.244 Y24.497 E4.60637
;WIDTH:0.428708
G1 X42.66 Y24.595 E4.63328
;WIDTH:0.396572
G1 X39.847 Y24.595 E4.74983
;WIDTH:0.411997
G1 X39.343 Y24.566 E4.77172
;WIDTH:0.455975
G1 X38.702 Y24.431 E4.80371
;WIDTH:0.481938
G1 X38.07 Y24.17 E4.83932
;WIDTH:0.490463
G1 X37.608 Y23.866 E4.86871
;WIDTH:0.498245
G1 X37.054 Y23.327 E4.91054
G1 X36.729 Y22.857 E4.94146
;WIDTH:0.479945
G1 X36.498 Y22.363 E4.96973
;WIDTH:0.454966
G1 X36.362 Y21.906 E4.99296
;WIDTH:0.428709
G1 X36.264 Y21.323 E5.01982
;WIDTH:0.396572
G1 X36.264 Y-21.99 E6.81439
;WIDTH:0.411997
G1 X36.293 Y-22.494 E6.83628
;WIDTH:0.455975
G1 X36.428 Y-23.135 E6.86827
;WIDTH:0.487174
G1 X36.687 Y-23.745 E6.90322
G1 X37.066 Y-23.596 F7200
;TYPE:External perimeter
;WIDTH:0.45
G1 F1800
G1 X37.552 Y-24.252 E6.94249
G1 X37.955 Y-24.594 E6.96791
G1 X38.593 Y-24.959 E7.00326
G1 X39.096 Y-25.12 E7.02866
G1 X39.835 Y-25.214 E7.06449
G1 X42.349 Y-25.214 E7.1854
G1 X42.782 Y-25.185 E7.20627
G1 X43.369 Y-25.042 E7.23533
G1 X43.949 Y-24.788 E7.26578
G1 X44.395 Y-24.476 E7.29196
G1 X44.834 Y-24.036 E7.32185
G1 X45.134 Y-23.613 E7.34679
G1 X45.401 Y-23.01 E7.37851
G1 X45.544 Y-22.423 E7.40757
G1 X45.573 Y-21.99 E7.42844
G1 X45.573 Y21.012 E9.49669
G1 X45.544 Y21.444 E9.51751
G1 X45.401 Y22.032 E9.54662
G1 X45.147 Y22.612 E9.57707
G1 X44.834 Y23.057 E9.60324
G1 X44.395 Y23.497 E9.63313
G1 X43.971 Y23.797 E9.65811
G1 X43.369 Y24.063 E9.68976
G1 X42.782 Y24.206 E9.71882
G1 X42.349 Y24.236 E9.7397
G1 X39.847 Y24.236 E9.86004
G1 X39.415 Y24.206 E9.88087
G1 X38.827 Y24.063 E9.90998
G1 X38.247 Y23.81 E9.94041
G1 X37.802 Y23.497 E9.96658
G1 X37.362 Y23.057 E9.99651
G1 X37.062 Y22.634 E10.02145
G1 X36.796 Y22.032 E10.0531
G1 X36.653 Y21.444 E10.08221
G1 X36.623 Y21.012 E10.10304
G1 X36.623 Y-21.99 E12.17129
G1 X36.653 Y-22.423 E12.19217
G1 X36.796 Y-23.01 E12.22123
G1 X37.038 Y-23.543 E12.24938
G1 X37.27 Y-23.869 F7200
G1 E10.24938 F2400
G92 E0
G1 Z4.45 F7200
G1 X38.635 Y-25.774
G1 Z2.45
G1 E2 F2400
;TYPE:Perimeter
;WIDTH:0.455961
G1 F3600
G1 X39.051 Y-25.869 E2.02084
;WIDTH:0.433379
G1 X39.847 Y-25.905 E2.05751
;WIDTH:0.396572
G1 X42.737 Y-25.905 E2.17725
;WIDTH:0.428708
G1 X43.3 Y-25.835 E2.20303
;WIDTH:0.454965
G1 X43.829 Y-25.708 E2.22953
;WIDTH:0.48191
G1 X44.331 Y-25.512 E2.25759
;WIDTH:0.485507
G1 X44.754 Y-25.244 E2.28389
;WIDTH:0.488456
G1 X45.176 Y-24.892 E2.31296
;WIDTH:0.490466
G1 X45.544 Y-24.484 E2.34216
G1 X45.828 Y-24.042 E2.37008
;WIDTH:0.479786
G1 X46.034 Y-23.559 E2.39729
;WIDTH:0.457838
G1 X46.179 Y-23.038 E2.42383
;WIDTH:0.436107
G1 X46.257 Y-22.447 E2.45147
;WIDTH:0.410832
G1 X46.264 Y-21.99 E2.47122
;WIDTH:0.396572
G1 X46.264 Y21.431 E4.27027
;WIDTH:0.436107
G1 X46.179 Y22.06 E4.2997
;WIDTH:0.457838
G1 X46.034 Y22.581 E4.32624
;WIDTH:0.479944
G1 X45.816 Y23.083 E4.35461
;WIDTH:0.490465
G1 X45.544 Y23.505 E4.38129
G1 X45.176 Y23.914 E4.41053
;WIDTH:0.488457
G1 X44.754 Y24.265 E4.43956
;WIDTH:0.485507
G1 X44.288 Y24.554 E4.46836
;WIDTH:0.481935
G1 X43.579 Y24.811 E4.50764
;WIDTH:0.455974
G1 X42.906 Y24.909 E4.54086
;WIDTH:0.411996
G1 X42.349 Y24.927 E4.56502
;WIDTH:0.396572
G1 X39.427 Y24.927 E4.68609
;WIDTH:0.436107
G1 X38.799 Y24.841 E4.71548
;WIDTH:0.457839
G1 X38.278 Y24.697 E4.74201
;WIDTH:0.479944
G1 X37.776 Y24.479 E4.77038
;WIDTH:0.490463
G1 X37.354 Y24.207 E4.79706
G1 X36.945 Y23.839 E4.8263
;WIDTH:0.488456
G1 X36.593 Y23.417 E4.85537
;WIDTH:0.485508
G1 X36.304 Y22.951 E4.88417
;WIDTH:0.481937
G1 X36.048 Y22.241 E4.92348
;WIDTH:0.455975
G1 X35.95 Y21.569 E4.95665
;WIDTH:0.411997
G1 X35.932 Y21.012 E4.98081
;WIDTH:0.396572
G1 X35.932 Y-22.378 E6.77857
;WIDTH:0.428709
G1 X36.003 Y-22.941 E6.80436
;WIDTH:0.454963
G1 X36.13 Y-23.471 E6.83091
;WIDTH:0.487174
G1 X36.328 Y-23.974 E6.85942
;WIDTH:0.50313
G1 X36.631 Y-24.455 E6.89053
G1 X37.047 Y-24.929 E6.92504
;WIDTH:0.494962
G1 X37.581 Y-25.348 E6.96149
;WIDTH:0.494303
G1 X38.21 Y-25.664 E6.99924
;WIDTH:0.471
G1 X38.413 Y-25.724 E7.00998
;WIDTH:0.455961
G1 X38.577 Y-25.761 E7.01819
G1 X38.527 Y-26.148 F7200
;TYPE:External perimeter
;WIDTH:0.45
G1 F1800
G1 X38.802 Y-26.211 E7.03176
G1 X39.354 Y-26.264 E7.05843
G1 X42.836 Y-26.264 E7.2259
G1 X43.688 Y-26.168 E7.26714
G1 X44.486 Y-25.889 E7.3078
G1 X45.201 Y-25.44 E7.34841
G1 X45.799 Y-24.842 E7.38909
G1 X46.248 Y-24.127 E7.4297
G1 X46.506 Y-23.391 E7.46721
G1 X46.623 Y-22.447 E7.51296
G1 X46.623 Y21.499 E9.62661
G1 X46.527 Y22.35 E9.6678
G1 X46.248 Y23.148 E9.70846
G1 X45.799 Y23.864 E9.74911
G1 X45.201 Y24.461 E9.78975
G1 X44.486 Y24.911 E9.83038
G1 X43.688 Y25.19 E9.87104
G1 X42.836 Y25.286 E9.91228
G1 X39.36 Y25.286 E10.07946
G1 X38.508 Y25.19 E10.1207
G1 X37.711 Y24.911 E10.16131
G1 X36.995 Y24.461 E10.20198
G1 X36.398 Y23.864 E10.24259
G1 X35.948 Y23.148 E10.28326
G1 X35.669 Y22.35 E10.32392
G1 X35.573 Y21.499 E10.36511
G1 X35.573 Y-22.478 E12.48025
G1 X35.669 Y-23.329 E12.52144
G1 X35.949 Y-24.128 E12.56216
G1 X36.283 Y-24.682 E12.59327
G1 X36.678 Y-25.156 E12.62295
G1 X37.34 Y-25.685 E12.66371
G1 X38.102 Y-26.051 E12.70437
G1 X38.469 Y-26.135 E12.72248
G1 X38.862 Y-26.211 F7200
G1 E10.72248 F2400
G92 E0
G1 Z4.45 F7200
G1 X36.432 Y-32.073
G1 Z2.45
G1 E2 F2400
;TYPE:Perimeter
;WIDTH:0.396572
G1 F1200
G1 X36.432 Y-32.405 E2.01376
G1 X47.264 Y-32.405 E2.46256
G1 X47.264 Y-32.073 E2.47632
G1 X36.492 Y-32.073 E2.92263
G1 X36.073 Y-31.714 F7200
;TYPE:External perimeter
;WIDTH:0.45
G1 F1200
G1 X36.073 Y-32.764 E2.97313
G1 X47.623 Y-32.764 E3.52864
G1 X47.623 Y-31.714 E3.57914
G1 X36.133 Y-31.714 E4.13177
G1 X36.074 Y-32.11 F7200
;LAYER_CHANGE
;Z:2.75
;HEIGHT:0.3
G1 E2.13177 F2400
G92 E0
G1 Z2.75 F7200
G1 Z4.75
G1 X-54.736 Y-32.073
G1 Z2.75
G1 E2 F2400
;TYPE:Perimeter
;WIDTH:0.396572
G1 F1200
G1 X-63.568 Y-32.073 E2.36593
G1 X-63.568 Y-32.405 E2.37969
G1 X-54.736 Y-32.405 E2.74562
G1 X-54.736 Y-32.133 E2.75689
G1 X-54.377 Y-31.714 F7200
;TYPE:External perimeter
;WIDTH:0.45
G1 F1200
G1 X-63.927 Y-31.714 E3.21621
G1 X-63.927 Y-32.764 E3.26671
G1 X-54.377 Y-32.764 E3.72603
G1 X-54.377 Y-31.774 E3.77365
G1 X-54.772 Y-31.715 F7200
G1 E1.77365 F2400
G92 E0
G1 Z4.75 F7200
G1 X-40.445 Y-24.866
G1 Z2.75
G1 E2 F2400
;TYPE:Perimeter
;WIDTH:0.491462
G1 F3600
G1 X-40.404 Y-24.839 E2.00262
;WIDTH:0.493042
G1 X-39.995 Y-24.457 E2.03254
G1 X-39.553 Y-23.865 E2.07204
;WIDTH:0.481369
G1 X-39.328 Y-23.407 E2.09858
;WIDTH:0.457838
G1 X-39.166 Y-22.885 E2.1254
;WIDTH:0.428712
G1 X-39.068 Y-22.301 E2.15231
;WIDTH:0.396572
G1 X-39.068 Y21.012 E3.94688
;WIDTH:0.411998
G1 X-39.097 Y21.516 E3.96877
;WIDTH:0.455976
G1 X-39.232 Y22.157 E4.00076
;WIDTH:0.484908
G1 X-39.495 Y22.784 E4.03642
;WIDTH:0.506543
G1 X-39.876 Y23.33 E4.07314
G1 X-40.335 Y23.805 E4.10957
;WIDTH:0.498243
G1 X-40.86 Y24.159 E4.14383
;WIDTH:0.482519
G1 X-41.519 Y24.428 E4.18095
;WIDTH:0.460864
G1 X-42.147 Y24.566 E4.21275
;WIDTH:0.411997
G1 X-42.651 Y24.595 E4.23464
;WIDTH:0.396572
G1 X-50.653 Y24.595 E4.56618
;WIDTH:0.411997
G1 X-51.157 Y24.566 E4.58807
;WIDTH:0.455975
G1 X-51.798 Y24.431 E4.62006
;WIDTH:0.481938
G1 X-52.43 Y24.17 E4.65567
;WIDTH:0.490464
G1 X-52.892 Y23.866 E4.68506
;WIDTH:0.498245
G1 X-53.446 Y23.327 E4.72689
G1 X-53.801 Y22.802 E4.76119
;WIDTH:0.482519
G1 X-54.069 Y22.143 E4.79829
;WIDTH:0.460864
G1 X-54.207 Y21.516 E4.83004
;WIDTH:0.411997
G1 X-54.236 Y21.012 E4.85193
;WIDTH:0.396572
G1 X-54.236 Y-21.991 E6.63366
;WIDTH:0.412909
G1 X-54.204 Y-22.499 E6.65579
;WIDTH:0.461702
G1 X-54.06 Y-23.145 E6.68859
;WIDTH:0.481936
G1 X-53.811 Y-23.768 E6.72353
;WIDTH:0.49044
G1 X-53.508 Y-24.23 E6.75289
G1 X-53.183 Y-24.589 E6.77862
;WIDTH:0.488908
G1 X-52.771 Y-24.929 E6.8069
;WIDTH:0.484596
G1 X-52.102 Y-25.298 E6.84694
;WIDTH:0.461441
G1 X-51.56 Y-25.471 E6.87512
;WIDTH:0.432662
G1 X-50.698 Y-25.573 E6.91499
;WIDTH:0.396572
G1 X-42.651 Y-25.573 E7.2484
;WIDTH:0.411992
G1 X-42.147 Y-25.544 E7.27029
;WIDTH:0.455984
G1 X-41.506 Y-25.41 E7.30228
;WIDTH:0.481938
G1 X-40.873 Y-25.149 E7.33794
;WIDTH:0.491462
G1 X-40.495 Y-24.899 E7.36208
G1 X-40.696 Y-24.539 F7200
;TYPE:External perimeter
;WIDTH:0.45
G1 F1800
G1 X-40.613 Y-24.481 E7.36695
G1 X-40.205 Y-24.06 E7.39515
G1 X-39.872 Y-23.622 E7.42161
G1 X-39.599 Y-23.01 E7.45384
G1 X-39.456 Y-22.423 E7.4829
G1 X-39.427 Y-21.99 E7.50377
G1 X-39.427 Y21.012 E9.57202
G1 X-39.456 Y21.444 E9.59284
G1 X-39.599 Y22.032 E9.62195
G1 X-39.854 Y22.601 E9.65194
G1 X-40.203 Y23.076 E9.68029
G1 X-40.381 Y23.3 E9.69405
G1 X-40.701 Y23.578 E9.71444
G1 X-41.11 Y23.838 E9.73775
G1 X-41.794 Y24.118 E9.7733
G1 X-42.243 Y24.209 E9.79533
G1 X-42.651 Y24.236 E9.815
G1 X-50.653 Y24.236 E10.19987
G1 X-51.085 Y24.206 E10.2207
G1 X-51.673 Y24.063 E10.24981
G1 X-52.253 Y23.81 E10.28024
G1 X-52.698 Y23.497 E10.30641
G1 X-53.138 Y23.057 E10.33634
G1 X-53.463 Y22.584 E10.36394
G1 X-53.707 Y21.996 E10.39456
G1 X-53.847 Y21.444 E10.42195
G1 X-53.877 Y21.012 E10.44278
G1 X-53.877 Y-21.991 E12.51107
G1 X-53.834 Y-22.487 E12.53502
G1 X-53.639 Y-23.2 E12.57057
G1 X-53.451 Y-23.591 E12.59144
G1 X-53.138 Y-24.036 E12.61761
G1 X-52.703 Y-24.466 E12.64703
G1 X-52.209 Y-24.786 E12.67534
G1 X-51.871 Y-24.974 E12.69394
G1 X-51.409 Y-25.12 E12.71724
G1 X-50.665 Y-25.214 E12.75331
G1 X-42.651 Y-25.214 E13.13876
G1 X-42.218 Y-25.185 E13.15963
G1 X-41.63 Y-25.042 E13.18874
G1 X-41.051 Y-24.788 E13.21915
G1 X-40.745 Y-24.573 E13.23714
G1 X-40.448 Y-24.305 F7200
G1 E11.23714 F2400
G92 E0
G1 Z4.75 F7200
G1 X-38.752 Y21.511
G1 Z2.75
G1 E2 F2400
;TYPE:Perimeter
;WIDTH:0.411998
G1 F3600
G1 X-38.754 Y21.569 E2.00252
;WIDTH:0.455976
G1 X-38.861 Y22.284 E2.03783
;WIDTH:0.484908
G1 X-39.109 Y22.95 E2.07511
G1 X-39.243 Y23.174 E2.0888
;WIDTH:0.506543
G1 X-39.545 Y23.622 E2.1186
G1 X-40.039 Y24.121 E2.15732
;WIDTH:0.498243
G1 X-40.256 Y24.272 E2.17163
;WIDTH:0.48536
G1 X-40.813 Y24.593 E2.20539
;WIDTH:0.47635
G1 X-41.557 Y24.833 E2.24556
;WIDTH:0.441809
G1 X-42.094 Y24.909 E2.27109
;WIDTH:0.411997
G1 X-42.651 Y24.927 E2.29525
;WIDTH:0.396572
G1 X-51.073 Y24.927 E2.6442
;WIDTH:0.436107
G1 X-51.701 Y24.841 E2.67359
;WIDTH:0.457838
G1 X-52.222 Y24.697 E2.70012
;WIDTH:0.479945
G1 X-52.724 Y24.479 E2.72849
;WIDTH:0.498244
G1 X-53.265 Y24.121 E2.7636
G1 X-53.763 Y23.624 E2.80167
G1 X-53.913 Y23.406 E2.81599
;WIDTH:0.485361
G1 X-54.234 Y22.85 E2.8497
;WIDTH:0.476348
G1 X-54.475 Y22.105 E2.88993
;WIDTH:0.441813
G1 X-54.55 Y21.569 E2.91541
;WIDTH:0.411997
G1 X-54.568 Y21.012 E2.93957
;WIDTH:0.396572
G1 X-54.568 Y-22.037 E4.72321
;WIDTH:0.417298
G1 X-54.536 Y-22.651 E4.75027
;WIDTH:0.461702
G1 X-54.449 Y-23.219 E4.77875
G1 X-54.338 Y-23.559 E4.79647
;WIDTH:0.479938
G1 X-54.12 Y-24.061 E4.82484
;WIDTH:0.49044
G1 X-53.848 Y-24.484 E4.85156
G1 X-53.517 Y-24.855 E4.87798
;WIDTH:0.488768
G1 X-53.092 Y-25.221 E4.90767
;WIDTH:0.493191
G1 X-52.588 Y-25.528 E4.93923
G1 X-51.925 Y-25.779 E4.97715
;WIDTH:0.457545
G1 X-51.499 Y-25.848 E4.99831
;WIDTH:0.425206
G1 X-50.653 Y-25.905 E5.03647
;WIDTH:0.396572
G1 X-42.231 Y-25.905 E5.38542
;WIDTH:0.436084
G1 X-41.603 Y-25.82 E5.4148
;WIDTH:0.457844
G1 X-41.082 Y-25.675 E5.44134
;WIDTH:0.479945
G1 X-40.58 Y-25.457 E5.46971
;WIDTH:0.498924
G1 X-40.039 Y-25.1 E5.50484
;WIDTH:0.505842
G1 X-39.514 Y-24.562 E5.54623
G1 X-39.172 Y-24.042 E5.5805
;WIDTH:0.479787
G1 X-38.966 Y-23.559 E5.60771
;WIDTH:0.457838
G1 X-38.821 Y-23.038 E5.63425
;WIDTH:0.43611
G1 X-38.743 Y-22.447 E5.66189
;WIDTH:0.410832
G1 X-38.736 Y-21.99 E5.68164
;WIDTH:0.396572
G1 X-38.736 Y21.048 E7.46482
;WIDTH:0.411998
G1 X-38.75 Y21.451 E7.4823
G1 X-38.378 Y21.511 F7200
;TYPE:External perimeter
;WIDTH:0.45
G1 F1800
G1 X-38.473 Y22.35 E7.52291
G1 X-38.752 Y23.148 E7.56357
G1 X-39.201 Y23.864 E7.60422
G1 X-39.799 Y24.461 E7.64486
G1 X-40.514 Y24.911 E7.68549
G1 X-41.312 Y25.19 E7.72615
G1 X-42.164 Y25.286 E7.76739
G1 X-51.14 Y25.286 E8.1991
G1 X-51.992 Y25.19 E8.24034
G1 X-52.789 Y24.911 E8.28095
G1 X-53.505 Y24.461 E8.32162
G1 X-54.102 Y23.864 E8.36223
G1 X-54.552 Y23.148 E8.4029
G1 X-54.831 Y22.35 E8.44356
G1 X-54.927 Y21.499 E8.48475
G1 X-54.927 Y-22.478 E10.59989
G1 X-54.831 Y-23.329 E10.64108
G1 X-54.552 Y-24.127 E10.68174
G1 X-54.102 Y-24.842 E10.72237
G1 X-53.505 Y-25.44 E10.76301
G1 X-52.789 Y-25.889 E10.80366
G1 X-51.992 Y-26.168 E10.84427
G1 X-51.14 Y-26.264 E10.88551
G1 X-42.164 Y-26.264 E11.31722
G1 X-41.312 Y-26.168 E11.35846
G1 X-40.514 Y-25.889 E11.39912
G1 X-39.799 Y-25.44 E11.43973
G1 X-39.201 Y-24.842 E11.48041
G1 X-38.752 Y-24.127 E11.52102
G1 X-38.494 Y-23.391 E11.55853
G1 X-38.377 Y-22.447 E11.60428
G1 X-38.377 Y21.451 E13.71562
G1 X-38.417 Y21.849 F7200
G1 E11.71562 F2400
G92 E0
G1 Z4.75 F7200
G1 X24.807 Y20.755
G1 Z2.75
G1 E2 F2400
;TYPE:Perimeter
G1 F3600
G1 X24.732 Y20.794 E2.00407
;WIDTH:0.423286
G1 X24.637 Y20.845 E2.0089
;WIDTH:0.396572
G1 X-27.771 Y20.845 E4.1803
;WIDTH:0.427813
G1 X-27.982 Y20.82 E4.18993
;WIDTH:0.45
G1 X-28.132 Y20.744 E4.19802
;WIDTH:0.463815
G1 X-28.32 Y20.494 E4.2136
G1 X-28.511 Y19.971 E4.24134
;WIDTH:0.46169
G1 X-28.567 Y19.756 E4.25235
;WIDTH:0.456478
G1 X-28.555 Y19.588 E4.26059
;WIDTH:0.45
G1 X-28.511 Y19.485 E4.26598
;WIDTH:0.423287
G1 X-28.467 Y19.382 E4.27099
;WIDTH:0.396574
G1 X-2.194 Y-2.814 E5.69603
;WIDTH:0.445812
G1 X-1.876 Y-3.08 E5.71575
;WIDTH:0.45
G1 X-1.702 Y-3.126 E5.72441
G1 X-1.56 Y-3.1 E5.73135
;WIDTH:0.423285
G1 X-1.418 Y-3.075 E5.7378
;WIDTH:0.396572
G1 X25.039 Y19.278 E7.17285
;WIDTH:0.427858
G1 X25.185 Y19.433 E7.1825
;WIDTH:0.45
G1 X25.251 Y19.588 E7.1906
;WIDTH:0.464016
G1 X25.233 Y19.9 E7.20618
G1 X25.038 Y20.43 E7.23433
;WIDTH:0.46286
G1 X24.942 Y20.628 E7.24527
;WIDTH:0.459174
G1 X24.854 Y20.718 E7.25147
G1 X24.577 Y20.447 F7200
;TYPE:External perimeter
;WIDTH:0.45
G1 F1800
G1 X24.466 Y20.486 E7.25713
G1 X-27.771 Y20.486 E9.76955
G1 X-27.891 Y20.443 E9.77568
G1 X-28.143 Y19.836 E9.80729
G1 X-28.177 Y19.663 E9.81577
G1 X-28.123 Y19.561 E9.82132
G1 X-1.962 Y-2.54 E11.46848
G1 X-1.684 Y-2.74 E11.48495
G1 X-1.527 Y-2.697 E11.49278
G1 X24.808 Y19.552 E13.15092
G1 X24.872 Y19.662 E13.15704
G1 X24.67 Y20.295 E13.189
G1 X24.611 Y20.4 E13.19479
G1 X24.219 Y20.479 F7200
G1 E11.19479 F2400
G92 E0
G1 Z4.75 F7200
G1 X-30.455 Y18.463
G1 Z2.75
G1 E2 F2400
;TYPE:Perimeter
;WIDTH:0.590535
G1 F3600
G1 X-30.455 Y18.46 E2.0002
;WIDTH:0.542044
G1 X-30.465 Y18.39 E2.00441
;WIDTH:0.493553
G1 X-30.476 Y18.32 E2.0082
;WIDTH:0.445062
G1 X-30.486 Y18.25 E2.01156
;WIDTH:0.396572
G1 X-30.486 Y-25.108 E3.808
;WIDTH:0.445084
G1 X-30.475 Y-25.208 E3.81278
;WIDTH:0.493596
G1 X-30.465 Y-25.308 E3.81816
;WIDTH:0.542108
G1 X-30.455 Y-25.408 E3.82415
;WIDTH:0.590621
G1 X-30.445 Y-25.508 E3.83075
G1 X-30.337 Y-25.561 E3.83865
;WIDTH:0.550935
G1 X-30.23 Y-25.613 E3.84587
;WIDTH:0.511249
G1 X-30.123 Y-25.666 E3.85253
;WIDTH:0.471563
G1 X-29.686 Y-25.82 E3.87606
;WIDTH:0.464033
G1 X-29.199 Y-26.094 E3.90391
;WIDTH:0.504936
G1 X-29.104 Y-26.139 E3.90969
;WIDTH:0.545839
G1 X-29.01 Y-26.184 E3.91595
;WIDTH:0.586742
G1 X-28.915 Y-26.229 E3.9228
G1 X-28.826 Y-26.173 E3.92965
;WIDTH:0.5392
G1 X-28.737 Y-26.116 E3.93591
;WIDTH:0.491658
G1 X-28.648 Y-26.06 E3.94151
;WIDTH:0.444116
G1 X-28.559 Y-26.004 E3.94649
;WIDTH:0.396574
G1 X-2.408 Y-3.911 E5.36491
;WIDTH:0.417176
G1 X-2.28 Y-3.775 E5.37313
;WIDTH:0.45
G1 X-2.186 Y-3.489 E5.38761
G1 X-2.203 Y-3.357 E5.39401
;WIDTH:0.445812
G1 X-2.348 Y-3.119 E5.40727
;WIDTH:0.396574
G1 X-28.558 Y19.024 E6.82889
;WIDTH:0.427833
G1 X-28.736 Y19.141 E6.83855
;WIDTH:0.45
G1 X-28.899 Y19.181 E6.84662
;WIDTH:0.466495
G1 X-29.181 Y19.125 E6.86104
G1 X-29.713 Y18.835 E6.89143
;WIDTH:0.49271
G1 X-30.031 Y18.712 E6.90965
;WIDTH:0.531347
G1 X-30.348 Y18.59 E6.92943
;WIDTH:0.560941
G1 X-30.396 Y18.56 E6.93294
;WIDTH:0.590535
G1 X-30.445 Y18.529 E6.93675
G1 X-30.446 Y18.522 E6.93721
G1 X-30.085 Y18.239 F7200
;TYPE:External perimeter
;WIDTH:0.45
G1 F1800
G1 X-30.127 Y18.177 E6.94081
G1 X-30.127 Y-25.108 E9.02267
G1 X-30.063 Y-25.251 E9.03021
G1 X-29.594 Y-25.426 E9.05429
G1 X-29.008 Y-25.751 E9.08652
G1 X-28.839 Y-25.771 E9.09471
G1 X-2.64 Y-3.637 E10.74429
G1 X-2.571 Y-3.489 E10.75214
G1 X-2.64 Y-3.342 E10.75995
G1 X-28.79 Y18.75 E12.40642
G1 X-28.909 Y18.795 E12.41254
G1 X-29.049 Y18.746 E12.41967
G1 X-29.575 Y18.473 E12.44817
G1 X-30.045 Y18.28 E12.47261
G1 X-30.12 Y17.888 F7200
G1 E10.47261 F2400
G92 E0
G1 Z4.75 F7200
G1 X-32.625 Y21.011
G1 Z2.75
G1 E2 F2400
;TYPE:Perimeter
;WIDTH:0.468798
G1 F1200
G1 X-32.626 Y21.006 E2.00026
G1 X-32.586 Y20.567 E2.0225
;WIDTH:0.460276
G1 X-32.391 Y20.046 E2.04997
;WIDTH:0.463645
G1 X-32.026 Y19.582 E2.07937
G1 X-31.849 Y19.427 E2.09109
;WIDTH:0.461412
G1 X-31.384 Y19.162 E2.11759
;WIDTH:0.495181
G1 X-31.072 Y19.078 E2.13495
;WIDTH:0.531427
G1 X-30.759 Y18.994 E2.15383
;WIDTH:0.560981
G1 X-30.706 Y18.974 E2.15734
;WIDTH:0.590535
G1 X-30.652 Y18.955 E2.1611
G1 X-30.458 Y19.008 E2.1743
;WIDTH:0.545729
G1 X-30.264 Y19.062 E2.18639
;WIDTH:0.500923
G1 X-30.07 Y19.116 E2.19735
;WIDTH:0.466771
G1 X-29.74 Y19.26 E2.21542
G1 X-29.394 Y19.465 E2.2356
;WIDTH:0.466495
G1 X-28.987 Y19.933 E2.26671
;WIDTH:0.46169
G1 X-28.884 Y20.107 E2.27673
;WIDTH:0.463815
G1 X-28.701 Y20.615 E2.30363
G1 X-28.684 Y21.255 E2.33553
;WIDTH:0.46131
G1 X-28.717 Y21.455 E2.34557
G1 X-28.893 Y21.927 E2.37051
;WIDTH:0.459408
G1 X-28.986 Y22.089 E2.37971
G1 X-29.355 Y22.518 E2.40759
;WIDTH:0.46158
G1 X-29.878 Y22.839 E2.43799
;WIDTH:0.468157
G1 X-30.373 Y22.965 E2.46371
G1 X-30.753 Y22.992 E2.4829
;WIDTH:0.459467
G1 X-31.315 Y22.886 E2.51108
;WIDTH:0.461089
G1 X-31.848 Y22.595 E2.54113
;WIDTH:0.464217
G1 X-32.085 Y22.369 E2.55746
G1 X-32.392 Y21.973 E2.58245
;WIDTH:0.460467
G1 X-32.586 Y21.455 E2.60978
;WIDTH:0.468798
G1 X-32.62 Y21.071 E2.62923
G1 X-32.23 Y21.011 F7200
;TYPE:External perimeter
;WIDTH:0.45
G1 F1200
G1 X-32.231 Y21.006 E2.62948
G1 X-32.197 Y20.639 E2.64721
G1 X-32.018 Y20.183 E2.67077
G1 X-31.682 Y19.786 E2.69579
G1 X-31.23 Y19.521 E2.72099
G1 X-30.685 Y19.414 E2.7477
G1 X-30.137 Y19.498 E2.77436
G1 X-29.651 Y19.766 E2.80105
G1 X-29.285 Y20.183 E2.82774
G1 X-29.085 Y20.7 E2.8544
G1 X-29.073 Y21.255 E2.8811
G1 X-29.252 Y21.78 E2.90778
G1 X-29.617 Y22.231 E2.93569
G1 X-30.074 Y22.5 E2.9612
G1 X-30.618 Y22.608 E2.98788
G1 X-31.167 Y22.523 E3.0146
G1 X-31.653 Y22.256 E3.04127
G1 X-32.018 Y21.838 E3.06796
G1 X-32.2 Y21.372 E3.09202
G1 X-32.225 Y21.071 E3.10655
G1 X-32.192 Y20.672 F7200
G1 E1.10655 F2400
G92 E0
G1 Z4.75 F7200
G1 X25.265 Y-26.907
G1 Z2.75
G1 E2 F2400
;TYPE:Perimeter
;WIDTH:0.432474
G1 F3600
G1 X25.365 Y-26.532 E2.01782
;WIDTH:0.396573
G1 X-1.11 Y-4.164 E3.45384
;WIDTH:0.445812
G1 X-1.427 Y-3.898 E3.47353
;WIDTH:0.45
G1 X-1.702 Y-3.853 E3.48693
G1 X-1.795 Y-3.879 E3.49157
;WIDTH:0.423286
G1 X-1.887 Y-3.906 E3.49586
;WIDTH:0.396574
G1 X-28.344 Y-26.257 E4.93086
;WIDTH:0.445174
G1 X-28.424 Y-26.332 E4.93607
;WIDTH:0.492363
G1 X-28.504 Y-26.407 E4.94192
;WIDTH:0.539552
G1 X-28.583 Y-26.481 E4.94834
;WIDTH:0.586742
G1 X-28.663 Y-26.556 E4.95548
G1 X-28.636 Y-26.655 E4.96217
;WIDTH:0.548175
G1 X-28.61 Y-26.754 E4.96835
;WIDTH:0.509608
G1 X-28.583 Y-26.854 E4.9741
;WIDTH:0.471041
G1 X-28.557 Y-26.953 E4.97929
;WIDTH:0.471218
G1 X-28.487 Y-27.045 E4.98516
;WIDTH:0.509962
G1 X-28.417 Y-27.136 E4.99154
;WIDTH:0.548706
G1 X-28.348 Y-27.228 E4.99849
;WIDTH:0.587451
G1 X-28.278 Y-27.32 E5.00603
G1 X-28.13 Y-27.308 E5.01572
;WIDTH:0.539731
G1 X-27.982 Y-27.296 E5.02452
;WIDTH:0.492011
G1 X-27.834 Y-27.284 E5.03244
;WIDTH:0.444291
G1 X-27.687 Y-27.272 E5.03943
;WIDTH:0.396572
G1 X24.383 Y-27.272 E7.19683
;WIDTH:0.444315
G1 X24.53 Y-27.284 E7.20382
;WIDTH:0.492058
G1 X24.678 Y-27.296 E7.21174
;WIDTH:0.539801
G1 X24.826 Y-27.308 E7.22054
;WIDTH:0.587545
G1 X24.974 Y-27.32 E7.23023
G1 X25.044 Y-27.228 E7.23777
;WIDTH:0.548777
G1 X25.114 Y-27.137 E7.24471
;WIDTH:0.510009
G1 X25.183 Y-27.045 E7.2511
;WIDTH:0.471241
G1 X25.245 Y-26.963 E7.25632
G1 X24.892 Y-26.787 F7200
;TYPE:External perimeter
;WIDTH:0.45
G1 F1800
G1 X24.926 Y-26.734 E7.25935
G1 X24.858 Y-26.573 E7.26776
G1 X-1.527 Y-4.282 E8.92905
G1 X-1.684 Y-4.239 E8.93688
G1 X-1.962 Y-4.439 E8.95335
G1 X-28.161 Y-26.573 E10.60293
G1 X-28.229 Y-26.734 E10.61134
G1 X-28.134 Y-26.886 E10.61996
G1 X-27.687 Y-26.913 E10.6415
G1 X24.733 Y-26.913 E13.16272
G1 X24.831 Y-26.886 E13.16761
G1 X24.861 Y-26.838 E13.17033
G1 X24.731 Y-26.46 F7200
G1 E11.17033 F2400
G92 E0
G1 Z4.75 F7200
G1 X-29.374 Y-26.466
G1 Z2.75
G1 E2 F2400
;TYPE:Perimeter
;WIDTH:0.503494
G1 F1200
G1 X-29.455 Y-26.405 E2.00555
;WIDTH:0.46187
G1 X-29.917 Y-26.142 E2.03191
;WIDTH:0.494867
G1 X-30.231 Y-26.057 E2.04938
;WIDTH:0.531524
G1 X-30.544 Y-25.972 E2.06828
;WIDTH:0.561072
G1 X-30.598 Y-25.953 E2.07183
;WIDTH:0.590621
G1 X-30.652 Y-25.933 E2.07561
G1 X-30.846 Y-25.986 E2.08881
;WIDTH:0.547164
G1 X-31.04 Y-26.039 E2.10092
;WIDTH:0.503707
G1 X-31.235 Y-26.092 E2.11199
;WIDTH:0.468679
G1 X-31.62 Y-26.269 E2.13336
G1 X-32.004 Y-26.536 E2.15694
;WIDTH:0.460666
G1 X-32.354 Y-26.961 E2.18415
;WIDTH:0.464192
G1 X-32.573 Y-27.502 E2.21325
G1 X-32.622 Y-27.745 E2.22561
;WIDTH:0.461107
G1 X-32.619 Y-28.278 E2.25198
;WIDTH:0.466808
G1 X-32.461 Y-28.787 E2.27873
G1 X-32.317 Y-29.068 E2.29458
;WIDTH:0.459775
G1 X-31.929 Y-29.514 E2.32373
;WIDTH:0.459652
G1 X-31.425 Y-29.817 E2.35272
;WIDTH:0.467187
G1 X-31.11 Y-29.912 E2.36925
;WIDTH:0.465362
G1 X-30.551 Y-29.971 E2.39736
;WIDTH:0.460476
G1 X-30.016 Y-29.871 E2.42425
;WIDTH:0.466342
G1 X-29.558 Y-29.635 E2.45008
G1 X-29.3 Y-29.442 E2.46623
;WIDTH:0.459561
G1 X-28.932 Y-28.988 E2.49504
;WIDTH:0.459978
G1 X-28.718 Y-28.433 E2.52439
;WIDTH:0.49088
G1 X-28.685 Y-28.089 E2.54277
;WIDTH:0.521783
G1 X-28.652 Y-27.745 E2.56249
;WIDTH:0.554617
G1 X-28.642 Y-27.68 E2.56651
;WIDTH:0.587451
G1 X-28.632 Y-27.615 E2.5708
G1 X-28.698 Y-27.484 E2.58037
;WIDTH:0.548706
G1 X-28.765 Y-27.353 E2.58926
;WIDTH:0.509962
G1 X-28.831 Y-27.222 E2.59741
;WIDTH:0.471218
G1 X-28.898 Y-27.091 E2.60488
;WIDTH:0.471041
G1 X-28.952 Y-26.983 E2.611
;WIDTH:0.509608
G1 X-29.007 Y-26.874 E2.61778
;WIDTH:0.548175
G1 X-29.061 Y-26.766 E2.62507
;WIDTH:0.586742
G1 X-29.115 Y-26.658 E2.63294
G1 X-29.229 Y-26.574 E2.64217
;WIDTH:0.545118
G1 X-29.325 Y-26.502 E2.64937
G1 X-29.629 Y-26.77 F7200
;TYPE:External perimeter
;WIDTH:0.45
G1 F1200
G1 X-30.074 Y-26.5 E2.6744
G1 X-30.618 Y-26.392 E2.70108
G1 X-31.167 Y-26.477 E2.7278
G1 X-31.653 Y-26.744 E2.75447
G1 X-32.018 Y-27.162 E2.78116
G1 X-32.204 Y-27.637 E2.80569
G1 X-32.231 Y-28.234 E2.83443
G1 X-32.052 Y-28.759 E2.86111
G1 X-31.706 Y-29.189 E2.88766
G1 X-31.23 Y-29.479 E2.91447
G1 X-30.618 Y-29.586 E2.94435
G1 X-30.119 Y-29.498 E2.96872
G1 X-29.651 Y-29.234 E2.99456
G1 X-29.305 Y-28.84 E3.01978
G1 X-29.085 Y-28.3 E3.04782
G1 X-29.073 Y-27.745 E3.07452
G1 X-29.252 Y-27.22 E3.1012
G1 X-29.583 Y-26.807 E3.12666
G1 X-29.922 Y-26.594 F7200
G1 E1.12666 F2400
G92 E0
G1 Z4.75 F7200
G1 X26.363 Y-26.282
G1 Z2.75
G1 E2 F2400
;TYPE:Perimeter
;WIDTH:0.54516
G1 F1200
G1 X26.1 Y-26.461 E2.01908
;WIDTH:0.586925
G1 X25.812 Y-26.658 E2.04182
G1 X25.597 Y-27.096 E2.07362
;WIDTH:0.558162
G1 X25.381 Y-27.533 E2.10364
;WIDTH:0.558472
G1 X25.355 Y-27.574 E2.10663
;WIDTH:0.587545
G1 X25.328 Y-27.615 E2.10983
G1 X25.346 Y-27.822 E2.12339
;WIDTH:0.543065
G1 X25.364 Y-28.028 E2.13574
;WIDTH:0.498585
G1 X25.382 Y-28.234 E2.14694
;WIDTH:0.467031
G1 X25.474 Y-28.609 E2.16633
G1 X25.683 Y-29.067 E2.19161
;WIDTH:0.457833
G1 X26.011 Y-29.456 E2.21658
;WIDTH:0.466419
G1 X26.304 Y-29.664 E2.2346
G1 X26.766 Y-29.885 E2.26028
;WIDTH:0.457691
G1 X27.326 Y-29.974 E2.2881
;WIDTH:0.464148
G1 X27.842 Y-29.904 E2.31406
G1 X28.12 Y-29.814 E2.32863
;WIDTH:0.454096
G1 X28.625 Y-29.512 E2.35723
;WIDTH:0.457259
G1 X29.013 Y-29.067 E2.38616
;WIDTH:0.464033
G1 X29.137 Y-28.838 E2.39914
G1 X29.306 Y-28.317 E2.42644
;WIDTH:0.462706
G1 X29.319 Y-27.774 E2.45342
;WIDTH:0.463716
G1 X29.256 Y-27.468 E2.46898
G1 X29.057 Y-26.972 E2.4956
;WIDTH:0.457633
G1 X28.699 Y-26.537 E2.52323
;WIDTH:0.46055
G1 X28.533 Y-26.399 E2.5339
G1 X28.096 Y-26.148 E2.5588
;WIDTH:0.495254
G1 X27.776 Y-26.06 E2.57664
;WIDTH:0.531554
G1 X27.456 Y-25.972 E2.59598
;WIDTH:0.561084
G1 X27.402 Y-25.953 E2.59953
;WIDTH:0.590614
G1 X27.348 Y-25.933 E2.60331
G1 X27.154 Y-25.987 E2.61653
;WIDTH:0.545517
G1 X26.96 Y-26.041 E2.62861
;WIDTH:0.50042
G1 X26.766 Y-26.095 E2.63956
;WIDTH:0.468155
G1 X26.414 Y-26.253 E2.65899
G1 X26.561 Y-26.626 F7200
;TYPE:External perimeter
;WIDTH:0.45
G1 F1200
G1 X26.347 Y-26.744 E2.67074
G1 X25.958 Y-27.198 E2.6995
G1 X25.781 Y-27.679 E2.72415
G1 X25.769 Y-28.234 E2.75085
G1 X25.933 Y-28.718 E2.77543
G1 X26.296 Y-29.191 E2.80411
G1 X26.77 Y-29.479 E2.83079
G1 X27.315 Y-29.586 E2.8575
G1 X27.863 Y-29.502 E2.88416
G1 X28.349 Y-29.234 E2.91085
G1 X28.715 Y-28.817 E2.93754
G1 X28.899 Y-28.345 E2.96191
G1 X28.927 Y-27.774 E2.98941
G1 X28.748 Y-27.22 E3.01741
G1 X28.4 Y-26.787 E3.04413
G1 X27.926 Y-26.5 E3.07078
G1 X27.382 Y-26.392 E3.09746
G1 X26.833 Y-26.477 E3.12418
G1 X26.614 Y-26.598 E3.13621
G1 X26.289 Y-26.831 F7200
G1 X25.535 Y-26.18
;TYPE:Perimeter
;WIDTH:0.586925
G1 F3600
G1 X25.611 Y-26.228 E3.14207
G1 X25.801 Y-26.125 E3.15616
;WIDTH:0.547335
G1 X25.991 Y-26.022 E3.16918
;WIDTH:0.507745
G1 X26.181 Y-25.918 E3.18116
;WIDTH:0.468155
G1 X26.661 Y-25.72 E3.20731
;WIDTH:0.50042
G1 X26.821 Y-25.649 E3.21683
;WIDTH:0.545517
G1 X26.981 Y-25.579 E3.22731
;WIDTH:0.590614
G1 X27.141 Y-25.508 E3.2388
G1 X27.151 Y-25.408 E3.2454
;WIDTH:0.542103
G1 X27.162 Y-25.308 E3.25139
;WIDTH:0.493593
G1 X27.172 Y-25.208 E3.25677
;WIDTH:0.445082
G1 X27.182 Y-25.108 E3.26154
;WIDTH:0.396572
G1 X27.182 Y18.129 E5.05297
;WIDTH:0.445082
G1 X27.172 Y18.229 E5.05774
;WIDTH:0.493592
G1 X27.162 Y18.329 E5.06312
;WIDTH:0.542102
G1 X27.151 Y18.429 E5.06911
;WIDTH:0.590613
G1 X27.141 Y18.529 E5.07571
G1 X27.031 Y18.583 E5.08375
;WIDTH:0.550623
G1 X26.921 Y18.636 E5.09116
;WIDTH:0.510633
G1 X26.811 Y18.69 E5.09798
;WIDTH:0.46052
G1 X26.385 Y18.844 E5.12036
;WIDTH:0.464921
G1 X25.889 Y19.118 E5.14867
G1 X25.595 Y19.181 E5.16369
;WIDTH:0.45
G1 X25.486 Y19.155 E5.16908
;WIDTH:0.423286
G1 X25.377 Y19.128 E5.17411
;WIDTH:0.396572
G1 X-.896 Y-3.068 E6.59914
;WIDTH:0.417177
G1 X-1.023 Y-3.203 E6.6073
;WIDTH:0.45
G1 X-1.118 Y-3.489 E6.62179
G1 X-1.1 Y-3.622 E6.62825
;WIDTH:0.445812
G1 X-.956 Y-3.86 E6.64148
;WIDTH:0.396573
G1 X25.254 Y-26.003 E8.0631
;WIDTH:0.444161
G1 X25.344 Y-26.059 E8.06812
;WIDTH:0.491749
G1 X25.433 Y-26.116 E8.07375
;WIDTH:0.539337
G1 X25.484 Y-26.148 E8.07732
G1 X25.591 Y-25.767 F7200
;TYPE:External perimeter
;WIDTH:0.45
G1 F1800
G1 X25.611 Y-25.774 E8.07834
G1 X26.071 Y-25.534 E8.10329
G1 X26.701 Y-25.288 E8.13582
G1 X26.823 Y-25.165 E8.14415
G1 X26.823 Y18.129 E10.22644
G1 X26.759 Y18.273 E10.23402
G1 X26.201 Y18.503 E10.26305
G1 X25.702 Y18.772 E10.29032
G1 X25.53 Y18.788 E10.29863
G1 X-.664 Y-3.342 E11.9479
G1 X-.732 Y-3.489 E11.95569
G1 X-.664 Y-3.637 E11.96352
G1 X25.486 Y-25.729 E13.60999
G1 X25.534 Y-25.746 E13.61244
G1 X25.911 Y-25.612 F7200
G1 E11.61244 F2400
G92 E0
G1 Z4.75 F7200
G1 X25.631 Y20.018
G1 Z2.75
G1 E2 F2400
;TYPE:Perimeter
;WIDTH:0.464016
G1 F1200
G1 X25.997 Y19.558 E2.0293
;WIDTH:0.461918
G1 X26.151 Y19.427 E2.03932
G1 X26.59 Y19.177 E2.06437
;WIDTH:0.49326
G1 X26.915 Y19.086 E2.08242
;WIDTH:0.531393
G1 X27.241 Y18.994 E2.10215
;WIDTH:0.561003
G1 X27.294 Y18.974 E2.10566
;WIDTH:0.590613
G1 X27.348 Y18.955 E2.10942
G1 X27.542 Y19.008 E2.12262
;WIDTH:0.546905
G1 X27.737 Y19.061 E2.13478
;WIDTH:0.503197
G1 X27.931 Y19.114 E2.14579
;WIDTH:0.468318
G1 X28.351 Y19.311 E2.16916
G1 X28.7 Y19.558 E2.1907
;WIDTH:0.459537
G1 X29.055 Y19.99 E2.21826
;WIDTH:0.462293
G1 X29.277 Y20.548 E2.24806
G1 X29.318 Y20.766 E2.25907
;WIDTH:0.461099
G1 X29.314 Y21.305 E2.28574
;WIDTH:0.465479
G1 X29.152 Y21.82 E2.31275
G1 X29.013 Y22.089 E2.3279
;WIDTH:0.45894
G1 X28.661 Y22.5 E2.35453
;WIDTH:0.461175
G1 X28.121 Y22.839 E2.38608
;WIDTH:0.467915
G1 X27.617 Y22.967 E2.41225
G1 X27.247 Y22.992 E2.43091
;WIDTH:0.459361
G1 X26.683 Y22.885 E2.45919
;WIDTH:0.460774
G1 X26.152 Y22.594 E2.48913
;WIDTH:0.467657
G1 X25.775 Y22.205 E2.51638
G1 X25.581 Y21.914 E2.53397
;WIDTH:0.463449
G1 X25.407 Y21.441 E2.55906
G1 X25.379 Y20.766 E2.59269
;WIDTH:0.46286
G1 X25.413 Y20.566 E2.60277
;WIDTH:0.464016
G1 X25.597 Y20.067 E2.62928
G1 X25.965 Y20.212 F7200
;TYPE:External perimeter
;WIDTH:0.45
G1 F1200
G1 X26.296 Y19.809 E2.65436
G1 X26.77 Y19.521 E2.68104
G1 X27.315 Y19.414 E2.70775
G1 X27.863 Y19.498 E2.73441
G1 X28.349 Y19.766 E2.7611
G1 X28.715 Y20.183 E2.78779
G1 X28.909 Y20.682 E2.81354
G1 X28.927 Y21.255 E2.84111
G1 X28.748 Y21.78 E2.86779
G1 X28.4 Y22.213 E2.89451
G1 X27.926 Y22.5 E2.92116
G1 X27.382 Y22.608 E2.94784
G1 X26.833 Y22.523 E2.97456
G1 X26.347 Y22.256 E3.00123
G1 X25.982 Y21.838 E3.02792
G1 X25.781 Y21.321 E3.0546
G1 X25.769 Y20.766 E3.0813
G1 X25.941 Y20.266 E3.10673
G1 X26.184 Y19.948 F7200
G1 E1.10673 F2400
G92 E0
G1 Z4.75 F7200
G1 X-28.853 Y19.522
G1 Z2.75
G1 E2 F2400
;TYPE:Perimeter
;WIDTH:0.361805
G1 F1200
G1 X-28.872 Y19.555 E2.00141
G1 X-28.928 Y19.522 E2.00382
G1 X-28.872 Y19.49 E2.00621
G1 X-28.309 Y21.011 F7200
;WIDTH:0.361851
G1 F1200
G1 X-28.327 Y21.043 E2.00757
G1 X-28.383 Y21.011 E2.00996
G1 X-28.327 Y20.979 E2.01235
G1 E.01235 F2400
G92 E0
G1 Z4.75 F7200
G1 X25.079 Y21.011
G1 Z2.75
G1 E2 F2400
;WIDTH:0.362781
G1 F1200
G1 X25.06 Y21.043 E2.00139
G1 X25.004 Y21.011 E2.00379
G1 X25.06 Y20.978 E2.00621
G1 X25.624 Y19.523 F7200
;WIDTH:0.362185
G1 F1200
G1 X25.605 Y19.555 E2.00759
G1 X25.549 Y19.523 E2.00999
G1 X25.605 Y19.491 E2.01239
G1 E.01239 F2400
G92 E0
G1 Z4.75 F7200
G1 X-1.493 Y-3.489
G1 Z2.75
G1 E2 F2400
;WIDTH:0.428055
G1 F1200
G1 X-1.811 Y-3.489 E2.01442
G1 E.01442 F2400
G92 E0
G1 Z4.75 F7200
G1 X24.757 Y-27.697
G1 Z2.75
G1 E2 F2400
;WIDTH:0.539801
G1 F3600
G1 X24.77 Y-27.701 E2.00081
;WIDTH:0.587545
G1 X24.873 Y-27.734 E2.00787
G1 X24.896 Y-27.795 E2.01212
;WIDTH:0.554753
G1 X24.919 Y-27.856 E2.01611
;WIDTH:0.521962
G1 X24.969 Y-28.135 E2.03229
;WIDTH:0.484581
G1 X25.019 Y-28.414 E2.04715
;WIDTH:0.463202
G1 X25.192 Y-28.994 E2.07726
G1 X25.363 Y-29.294 E2.09444
;WIDTH:0.457833
G1 X25.702 Y-29.698 E2.12032
;WIDTH:0.456335
G1 X25.938 Y-29.898 E2.13544
G1 X26.456 Y-30.187 E2.16444
;WIDTH:0.466687
G1 X26.966 Y-30.333 E2.19106
G1 X27.311 Y-30.359 E2.20842
;WIDTH:0.464148
G1 X27.909 Y-30.298 E2.23839
G1 X28.169 Y-30.212 E2.25204
;WIDTH:0.4645
G1 X28.687 Y-29.955 E2.2809
G1 X28.977 Y-29.72 E2.29953
;WIDTH:0.458523
G1 X29.316 Y-29.316 E2.32546
;WIDTH:0.459686
G1 X29.475 Y-29.054 E2.34057
G1 X29.66 Y-28.528 E2.36806
;WIDTH:0.467489
G1 X29.724 Y-28.029 E2.39335
G1 X29.717 Y-27.767 E2.40653
;WIDTH:0.463716
G1 X29.628 Y-27.324 E2.42904
G1 X29.386 Y-26.761 E2.45956
;WIDTH:0.465609
G1 X29.072 Y-26.351 E2.4854
G1 X28.762 Y-26.078 E2.50607
;WIDTH:0.46055
G1 X28.317 Y-25.82 E2.53149
;WIDTH:0.471778
G1 X27.876 Y-25.665 E2.55524
;WIDTH:0.51139
G1 X27.769 Y-25.613 E2.56187
;WIDTH:0.551002
G1 X27.662 Y-25.56 E2.56912
;WIDTH:0.590614
G1 X27.555 Y-25.508 E2.57693
G1 X27.545 Y-25.408 E2.58353
;WIDTH:0.542103
G1 X27.535 Y-25.308 E2.58952
;WIDTH:0.493593
G1 X27.525 Y-25.208 E2.5949
;WIDTH:0.445082
G1 X27.514 Y-25.108 E2.59968
;WIDTH:0.396572
G1 X27.514 Y18.129 E4.39111
;WIDTH:0.445082
G1 X27.525 Y18.229 E4.39589
;WIDTH:0.493592
G1 X27.535 Y18.329 E4.40127
;WIDTH:0.542102
G1 X27.545 Y18.429 E4.40726
;WIDTH:0.590613
G1 X27.555 Y18.529 E4.41386
G1 X27.604 Y18.559 E4.41763
;WIDTH:0.56108
G1 X27.652 Y18.59 E4.42117
;WIDTH:0.531547
G1 X27.841 Y18.661 E4.43293
;WIDTH:0.495518
G1 X28.029 Y18.732 E4.44374
;WIDTH:0.468318
G1 X28.543 Y18.955 E4.47197
G1 X28.902 Y19.208 E4.4941
;WIDTH:0.466538
G1 X29.244 Y19.576 E4.5193
G1 X29.478 Y19.955 E4.54164
;WIDTH:0.460638
G1 X29.664 Y20.464 E4.56842
;WIDTH:0.467817
G1 X29.724 Y21.068 E4.59896
G1 X29.66 Y21.564 E4.62413
;WIDTH:0.45889
G1 X29.475 Y22.072 E4.65073
;WIDTH:0.46683
G1 X29.192 Y22.507 E4.67678
G1 X28.755 Y22.928 E4.70724
;WIDTH:0.460853
G1 X28.273 Y23.205 E4.73473
;WIDTH:0.467915
G1 X27.694 Y23.363 E4.76494
G1 X27.292 Y23.391 E4.78522
;WIDTH:0.465003
G1 X26.758 Y23.316 E4.81216
G1 X26.389 Y23.188 E4.83168
;WIDTH:0.460431
G1 X25.891 Y22.895 E4.86022
;WIDTH:0.467657
G1 X25.468 Y22.468 E4.89045
G1 X25.218 Y22.068 E4.91418
;WIDTH:0.463671
G1 X25.021 Y21.543 E4.94211
G1 X24.828 Y21.277 E4.95848
;WIDTH:0.45
G1 X24.678 Y21.199 E4.96661
;WIDTH:0.435044
G1 X24.466 Y21.177 E4.97646
;WIDTH:0.396572
G1 X-27.771 Y21.177 E7.14078
;WIDTH:0.427813
G1 X-27.982 Y21.202 E7.15041
;WIDTH:0.45
G1 X-28.132 Y21.277 E7.15848
;WIDTH:0.457665
G1 X-28.247 Y21.393 E7.16649
;WIDTH:0.46131
G1 X-28.612 Y22.237 E7.21201
;WIDTH:0.466065
G1 X-28.927 Y22.648 E7.23795
G1 X-29.244 Y22.927 E7.25911
;WIDTH:0.461477
G1 X-29.716 Y23.2 E7.28612
;WIDTH:0.468157
G1 X-30.295 Y23.362 E7.3164
G1 X-30.704 Y23.391 E7.33705
;WIDTH:0.465472
G1 X-31.231 Y23.318 E7.36367
G1 X-31.61 Y23.188 E7.38371
;WIDTH:0.461089
G1 X-32.057 Y22.932 E7.4092
;WIDTH:0.464217
G1 X-32.398 Y22.618 E7.43232
G1 X-32.744 Y22.147 E7.46147
;WIDTH:0.464667
G1 X-32.947 Y21.64 E7.48874
G1 X-33.018 Y21.268 E7.50765
;WIDTH:0.460842
G1 X-33.011 Y20.678 E7.53683
;WIDTH:0.467452
G1 X-32.849 Y20.099 E7.56706
G1 X-32.677 Y19.759 E7.58622
;WIDTH:0.463645
G1 X-32.328 Y19.32 E7.61415
G1 X-32.056 Y19.088 E7.63195
;WIDTH:0.461412
G1 X-31.609 Y18.833 E7.65743
;WIDTH:0.47089
G1 X-31.187 Y18.689 E7.68004
;WIDTH:0.510771
G1 X-31.077 Y18.636 E7.68684
;WIDTH:0.550653
G1 X-30.968 Y18.583 E7.69419
;WIDTH:0.590535
G1 X-30.859 Y18.529 E7.70217
G1 X-30.849 Y18.429 E7.70877
;WIDTH:0.542044
G1 X-30.838 Y18.329 E7.71476
;WIDTH:0.493553
G1 X-30.828 Y18.229 E7.72014
;WIDTH:0.445062
G1 X-30.818 Y18.129 E7.72491
;WIDTH:0.396572
G1 X-30.818 Y-25.108 E9.51634
;WIDTH:0.445084
G1 X-30.828 Y-25.208 E9.52111
;WIDTH:0.493596
G1 X-30.838 Y-25.308 E9.52649
;WIDTH:0.542108
G1 X-30.849 Y-25.408 E9.53248
;WIDTH:0.590621
G1 X-30.859 Y-25.508 E9.53908
G1 X-30.907 Y-25.538 E9.5428
;WIDTH:0.561027
G1 X-30.956 Y-25.569 E9.54639
;WIDTH:0.531434
G1 X-31.283 Y-25.69 E9.5667
;WIDTH:0.495784
G1 X-31.609 Y-25.812 E9.58543
;WIDTH:0.460663
G1 X-32.098 Y-26.097 E9.6134
;WIDTH:0.467843
G1 X-32.526 Y-26.525 E9.64386
G1 X-32.781 Y-26.931 E9.66799
;WIDTH:0.460623
G1 X-32.967 Y-27.44 E9.69477
;WIDTH:0.468713
G1 X-33.03 Y-27.997 E9.72304
G1 X-32.99 Y-28.436 E9.74527
;WIDTH:0.466808
G1 X-32.84 Y-28.923 E9.77085
G1 X-32.631 Y-29.308 E9.79284
;WIDTH:0.461554
G1 X-32.281 Y-29.725 E9.81981
;WIDTH:0.468337
G1 X-31.794 Y-30.075 E9.85003
G1 X-31.417 Y-30.244 E9.87085
;WIDTH:0.465362
G1 X-30.892 Y-30.357 E9.89771
G1 X-30.495 Y-30.363 E9.91757
;WIDTH:0.460476
G1 X-29.834 Y-30.222 E9.95096
;WIDTH:0.466342
G1 X-29.369 Y-29.99 E9.97701
G1 X-29.067 Y-29.767 E9.99583
;WIDTH:0.4635
G1 X-28.694 Y-29.344 E10.0239
G1 X-28.515 Y-29.038 E10.04155
;WIDTH:0.461577
G1 X-28.341 Y-28.553 E10.06708
;WIDTH:0.471928
G1 X-28.271 Y-28.077 E10.09154
;WIDTH:0.510435
G1 X-28.24 Y-27.963 E10.09811
;WIDTH:0.548943
G1 X-28.208 Y-27.848 E10.10532
;WIDTH:0.587451
G1 X-28.177 Y-27.734 E10.11303
G1 X-28.102 Y-27.705 E10.11828
;WIDTH:0.538074
G1 X-28.026 Y-27.676 E10.12309
;WIDTH:0.488697
G1 X-27.951 Y-27.647 E10.12735
;WIDTH:0.43932
G1 X-27.687 Y-27.604 E10.13986
;WIDTH:0.396572
G1 X24.46 Y-27.604 E12.30045
;WIDTH:0.444315
G1 X24.564 Y-27.636 E12.30561
;WIDTH:0.492058
G1 X24.667 Y-27.669 E12.31138
;WIDTH:0.539801
G1 X24.7 Y-27.679 E12.31342
G1 X24.501 Y-28.023 F7200
;TYPE:External perimeter
;WIDTH:0.45
G1 F1800
G1 X24.572 Y-28.119 E12.31916
G1 X24.7 Y-28.79 E12.35201
G1 X24.828 Y-29.139 E12.36989
G1 X25.092 Y-29.6 E12.39544
G1 X25.47 Y-30.021 E12.42265
G1 X25.897 Y-30.352 E12.44864
G1 X26.409 Y-30.592 E12.47584
G1 X26.931 Y-30.73 E12.50181
G1 X27.461 Y-30.751 E12.52732
G1 X27.973 Y-30.686 E12.55214
G1 X28.423 Y-30.528 E12.57508
G1 X28.889 Y-30.292 E12.6002
G1 X29.302 Y-29.956 E12.62581
G1 X29.63 Y-29.547 E12.65103
G1 X29.883 Y-29.104 E12.67557
G1 X30.046 Y-28.584 E12.70178
G1 X30.118 Y-28.014 E12.72941
G1 X30.107 Y-27.706 E12.74423
G1 X29.992 Y-27.175 E12.77036
G1 X29.714 Y-26.551 E12.80322
G1 X29.372 Y-26.097 E12.83056
G1 X28.973 Y-25.744 E12.85618
G1 X28.427 Y-25.435 E12.88635
G1 X27.937 Y-25.251 E12.91152
G1 X27.873 Y-25.108 E12.91906
G1 X27.873 Y18.129 E14.99861
G1 X27.914 Y18.248 E15.00466
G1 X28.755 Y18.621 E15.04891
G1 X29.161 Y18.919 E15.07313
G1 X29.569 Y19.35 E15.10167
G1 X29.831 Y19.788 E15.12622
G1 X30.026 Y20.299 E15.15253
G1 X30.105 Y20.739 E15.17403
G1 X30.1 Y21.305 E15.20125
G1 X29.997 Y21.822 E15.2266
G1 X29.773 Y22.344 E15.25392
G1 X29.47 Y22.786 E15.27969
G1 X28.977 Y23.25 E15.31225
G1 X28.488 Y23.536 E15.3395
G1 X28.056 Y23.69 E15.36156
G1 X27.527 Y23.773 E15.38731
G1 X26.966 Y23.756 E15.4143
G1 X26.436 Y23.624 E15.44057
G1 X25.968 Y23.418 E15.46516
G1 X25.547 Y23.113 E15.49016
G1 X25.146 Y22.698 E15.51792
G1 X24.868 Y22.24 E15.54369
G1 X24.663 Y21.712 E15.57093
G1 X24.586 Y21.578 E15.57836
G1 X24.466 Y21.536 E15.58447
G1 X-27.828 Y21.536 E18.09963
G1 X-27.95 Y21.658 E18.10793
G1 X-28.201 Y22.295 E18.14086
G1 X-28.44 Y22.681 E18.1627
G1 X-28.829 Y23.094 E18.18999
G1 X-29.257 Y23.406 E18.21546
G1 X-29.712 Y23.614 E18.23952
G1 X-30.212 Y23.747 E18.2644
G1 X-30.724 Y23.779 E18.28907
G1 X-31.304 Y23.705 E18.31719
G1 X-31.78 Y23.54 E18.34142
G1 X-32.284 Y23.251 E18.36936
G1 X-32.68 Y22.897 E18.39491
G1 X-33.021 Y22.443 E18.42222
G1 X-33.226 Y22.039 E18.44401
G1 X-33.373 Y21.52 E18.46995
G1 X-33.426 Y21.004 E18.4949
G1 X-33.372 Y20.495 E18.51952
G1 X-33.209 Y19.933 E18.54766
G1 X-32.955 Y19.474 E18.57289
G1 X-32.62 Y19.059 E18.59854
G1 X-32.27 Y18.761 E18.62065
G1 X-31.712 Y18.449 E18.6514
G1 X-31.241 Y18.273 E18.67558
G1 X-31.177 Y18.129 E18.68316
G1 X-31.177 Y-25.108 E20.76271
G1 X-31.218 Y-25.227 E20.76876
G1 X-32.015 Y-25.573 E20.81055
G1 X-32.447 Y-25.882 E20.8361
G1 X-32.87 Y-26.327 E20.86563
G1 X-33.132 Y-26.759 E20.88993
G1 X-33.322 Y-27.245 E20.91503
G1 X-33.409 Y-27.711 E20.93783
G1 X-33.406 Y-28.278 E20.9651
G1 X-33.308 Y-28.782 E20.98979
G1 X-33.082 Y-29.317 E21.01772
G1 X-32.79 Y-29.754 E21.043
G1 X-32.428 Y-30.113 E21.06752
G1 X-31.934 Y-30.447 E21.0962
G1 X-31.319 Y-30.68 E21.12783
G1 X-30.804 Y-30.754 E21.15285
G1 X-30.231 Y-30.729 E21.18044
G1 X-29.713 Y-30.594 E21.20619
G1 X-29.198 Y-30.344 E21.23372
G1 X-28.935 Y-30.163 E21.24908
G1 X-28.565 Y-29.814 E21.27354
G1 X-28.261 Y-29.385 E21.29883
G1 X-28.019 Y-28.858 E21.32672
G1 X-27.833 Y-28.03 E21.36754
G1 X-27.687 Y-27.963 E21.37527
G1 X24.455 Y-27.963 E23.88312
G1 X24.465 Y-27.975 E23.88387
G1 X24.607 Y-28.349 F7200
G1 E21.88387 F2400
G92 E0
G1 Z4.75 F7200
G1 X36.716 Y-23.798
G1 Z2.75
G1 E2 F2400
;TYPE:Perimeter
;WIDTH:0.506548
G1 F3600
G1 X37.072 Y-24.308 E2.0343
G1 X37.531 Y-24.779 E2.07057
;WIDTH:0.500466
G1 X38.089 Y-25.139 E2.10669
;WIDTH:0.493212
G1 X38.7 Y-25.406 E2.14235
;WIDTH:0.457543
G1 X39.413 Y-25.536 E2.17789
;WIDTH:0.422562
G1 X39.847 Y-25.573 E2.19735
;WIDTH:0.396572
G1 X42.349 Y-25.573 E2.30101
;WIDTH:0.412505
G1 X42.862 Y-25.543 E2.32332
;WIDTH:0.448511
G1 X43.406 Y-25.434 E2.3499
;WIDTH:0.479749
G1 X44.094 Y-25.162 E2.38823
;WIDTH:0.485506
G1 X44.525 Y-24.891 E2.41497
;WIDTH:0.487588
G1 X44.915 Y-24.556 E2.44211
G1 X45.25 Y-24.166 E2.46925
;WIDTH:0.485508
G1 X45.509 Y-23.765 E2.49432
;WIDTH:0.482118
G1 X45.743 Y-23.216 E2.52541
;WIDTH:0.458679
G1 X45.905 Y-22.494 E2.5618
;WIDTH:0.414868
G1 X45.932 Y-21.99 E2.58386
;WIDTH:0.396572
G1 X45.932 Y21.012 E4.36555
;WIDTH:0.411996
G1 X45.903 Y21.516 E4.38744
;WIDTH:0.455975
G1 X45.768 Y22.157 E4.41943
;WIDTH:0.484907
G1 X45.505 Y22.784 E4.45509
;WIDTH:0.506543
G1 X45.124 Y23.33 E4.49181
G1 X44.665 Y23.805 E4.52824
;WIDTH:0.498244
G1 X44.194 Y24.13 E4.55921
;WIDTH:0.479944
G1 X43.7 Y24.361 E4.58748
;WIDTH:0.45495
G1 X43.153 Y24.511 E4.61511
;WIDTH:0.425205
G1 X42.392 Y24.595 E4.64957
;WIDTH:0.396572
G1 X39.847 Y24.595 E4.75502
;WIDTH:0.412511
G1 X39.335 Y24.564 E4.77729
;WIDTH:0.448537
G1 X38.79 Y24.455 E4.80392
;WIDTH:0.479747
G1 X38.102 Y24.184 E4.84223
;WIDTH:0.485507
G1 X37.671 Y23.912 E4.869
;WIDTH:0.487589
G1 X37.282 Y23.577 E4.8961
G1 X36.947 Y23.188 E4.9232
;WIDTH:0.485498
G1 X36.729 Y22.857 E4.94402
;WIDTH:0.47992
G1 X36.498 Y22.363 E4.97228
;WIDTH:0.45497
G1 X36.362 Y21.906 E4.99551
;WIDTH:0.428709
G1 X36.264 Y21.323 E5.02237
;WIDTH:0.396572
G1 X36.264 Y-21.991 E6.81699
;WIDTH:0.41291
G1 X36.296 Y-22.499 E6.83912
;WIDTH:0.461707
G1 X36.44 Y-23.145 E6.87192
;WIDTH:0.484906
G1 X36.685 Y-23.747 E6.90601
G1 X37.061 Y-23.598 F7200
;TYPE:External perimeter
;WIDTH:0.45
G1 F1800
G1 X37.088 Y-23.652 E6.90891
G1 X37.399 Y-24.055 E6.93339
G1 X37.579 Y-24.281 E6.94729
G1 X37.95 Y-24.592 E6.97057
G1 X38.594 Y-24.959 E7.00622
G1 X39.091 Y-25.12 E7.03135
G1 X39.835 Y-25.214 E7.06742
G1 X42.349 Y-25.214 E7.18833
G1 X42.785 Y-25.184 E7.20935
G1 X43.329 Y-25.049 E7.23631
G1 X43.939 Y-24.793 E7.26813
G1 X44.395 Y-24.476 E7.29484
G1 X44.834 Y-24.036 E7.32473
G1 X45.134 Y-23.613 E7.34967
G1 X45.373 Y-23.09 E7.37733
G1 X45.544 Y-22.423 E7.41045
G1 X45.573 Y-21.99 E7.43132
G1 X45.573 Y21.012 E9.49957
G1 X45.544 Y21.444 E9.52039
G1 X45.401 Y22.032 E9.5495
G1 X45.146 Y22.601 E9.57949
G1 X44.619 Y23.3 E9.62159
G1 X44.301 Y23.577 E9.64187
G1 X43.949 Y23.81 E9.66217
G1 X43.377 Y24.057 E9.69214
G1 X43.106 Y24.141 E9.70579
G1 X42.361 Y24.236 E9.74191
G1 X39.847 Y24.236 E9.86282
G1 X39.412 Y24.206 E9.88379
G1 X38.868 Y24.071 E9.91075
G1 X38.257 Y23.815 E9.94261
G1 X37.802 Y23.497 E9.96931
G1 X37.362 Y23.057 E9.99924
G1 X37.062 Y22.634 E10.02418
G1 X36.796 Y22.032 E10.05583
G1 X36.653 Y21.444 E10.08494
G1 X36.623 Y21.012 E10.10577
G1 X36.623 Y-21.991 E12.17406
G1 X36.666 Y-22.487 E12.19801
G1 X36.861 Y-23.201 E12.23361
G1 X37.034 Y-23.545 E12.25213
G1 X37.263 Y-23.873 F7200
G1 E10.25213 F2400
G92 E0
G1 Z4.75 F7200
G1 X38.631 Y-25.788
G1 Z2.75
G1 E2 F2400
;TYPE:Perimeter
;WIDTH:0.457543
G1 F3600
G1 X39.001 Y-25.848 E2.01838
;WIDTH:0.425206
G1 X39.847 Y-25.905 E2.05654
;WIDTH:0.396572
G1 X42.386 Y-25.905 E2.16174
;WIDTH:0.412505
G1 X42.918 Y-25.886 E2.18485
;WIDTH:0.459659
G1 X43.622 Y-25.778 E2.21996
;WIDTH:0.481939
G1 X44.33 Y-25.513 E2.25933
;WIDTH:0.485506
G1 X44.754 Y-25.244 E2.2857
;WIDTH:0.488455
G1 X45.176 Y-24.892 E2.31477
;WIDTH:0.490465
G1 X45.544 Y-24.484 E2.34397
G1 X45.828 Y-24.042 E2.37189
;WIDTH:0.479786
G1 X46.036 Y-23.562 E2.39899
;WIDTH:0.459945
G1 X46.183 Y-23.055 E2.42503
;WIDTH:0.440466
G1 X46.257 Y-22.468 E2.45278
;WIDTH:0.41185
G1 X46.264 Y-21.99 E2.4735
;WIDTH:0.396572
G1 X46.264 Y21.431 E4.27255
;WIDTH:0.436107
G1 X46.179 Y22.06 E4.30198
;WIDTH:0.458612
G1 X46.03 Y22.592 E4.32915
;WIDTH:0.480524
G1 X45.8 Y23.108 E4.35847
;WIDTH:0.506543
G1 X45.486 Y23.583 E4.38987
G1 X45.176 Y23.914 E4.41488
;WIDTH:0.488456
G1 X44.754 Y24.265 E4.44391
;WIDTH:0.485507
G1 X44.288 Y24.554 E4.47271
;WIDTH:0.481938
G1 X43.622 Y24.8 E4.50969
;WIDTH:0.457543
G1 X43.196 Y24.87 E4.53086
;WIDTH:0.425205
G1 X42.349 Y24.927 E4.56906
;WIDTH:0.396572
G1 X39.811 Y24.927 E4.67422
;WIDTH:0.412511
G1 X39.278 Y24.907 E4.69738
;WIDTH:0.459638
G1 X38.575 Y24.799 E4.73244
;WIDTH:0.479945
G1 X37.776 Y24.479 E4.77705
;WIDTH:0.490464
G1 X37.354 Y24.207 E4.80373
G1 X36.945 Y23.839 E4.83297
;WIDTH:0.488456
G1 X36.593 Y23.417 E4.86204
;WIDTH:0.485498
G1 X36.304 Y22.95 E4.89089
;WIDTH:0.481926
G1 X36.048 Y22.242 E4.9301
;WIDTH:0.455976
G1 X35.95 Y21.569 E4.96332
;WIDTH:0.411996
G1 X35.932 Y21.012 E4.98748
;WIDTH:0.396572
G1 X35.932 Y-22.037 E6.77112
;WIDTH:0.417298
G1 X35.964 Y-22.651 E6.79818
;WIDTH:0.461707
G1 X36.051 Y-23.219 E6.82666
G1 X36.167 Y-23.571 E6.84503
;WIDTH:0.480524
G1 X36.396 Y-24.086 E6.87428
;WIDTH:0.506548
G1 X36.71 Y-24.561 E6.90568
G1 X36.983 Y-24.855 E6.92781
;WIDTH:0.488777
G1 X37.408 Y-25.221 E6.9575
;WIDTH:0.493212
G1 X37.911 Y-25.528 E6.98902
G1 X38.572 Y-25.778 E7.02682
G1 X38.521 Y-26.17 F7200
;TYPE:External perimeter
;WIDTH:0.45
G1 F1800
G1 X39.36 Y-26.264 E7.06743
G1 X42.836 Y-26.264 E7.23461
G1 X43.688 Y-26.168 E7.27585
G1 X44.486 Y-25.889 E7.31651
G1 X45.201 Y-25.44 E7.35712
G1 X45.799 Y-24.842 E7.3978
G1 X46.249 Y-24.126 E7.43847
G1 X46.438 Y-23.598 E7.46544
G1 X46.576 Y-23.03 E7.49355
G1 X46.623 Y-22.468 E7.52067
G1 X46.623 Y21.499 E9.63533
G1 X46.527 Y22.35 E9.67652
G1 X46.248 Y23.148 E9.71718
G1 X45.799 Y23.864 E9.75783
G1 X45.201 Y24.461 E9.79847
G1 X44.486 Y24.911 E9.8391
G1 X43.688 Y25.19 E9.87976
G1 X42.836 Y25.286 E9.921
G1 X39.36 Y25.286 E10.08818
G1 X38.508 Y25.19 E10.12942
G1 X37.711 Y24.911 E10.17003
G1 X36.995 Y24.461 E10.2107
G1 X36.398 Y23.864 E10.25131
G1 X35.948 Y23.148 E10.29198
G1 X35.669 Y22.35 E10.33264
G1 X35.573 Y21.499 E10.37383
G1 X35.573 Y-22.478 E12.48897
G1 X35.669 Y-23.329 E12.53016
G1 X35.948 Y-24.127 E12.57082
G1 X36.398 Y-24.842 E12.61145
G1 X36.995 Y-25.44 E12.65209
G1 X37.711 Y-25.889 E12.69274
G1 X38.464 Y-26.153 E12.73112
G1 X38.86 Y-26.207 F7200
G1 E10.73112 F2400
G92 E0
G1 Z4.75 F7200
G1 X36.432 Y-32.073
G1 Z2.75
G1 E2 F2400
;TYPE:Perimeter
;WIDTH:0.396572
G1 F1200
G1 X36.432 Y-32.405 E2.01376
G1 X47.264 Y-32.405 E2.46256
G1 X47.264 Y-32.073 E2.47632
G1 X36.492 Y-32.073 E2.92263
G1 X36.073 Y-31.714 F7200
;TYPE:External perimeter
;WIDTH:0.45
G1 F1200
G1 X36.073 Y-32.764 E2.97313
G1 X47.623 Y-32.764 E3.52864
G1 X47.623 Y-31.714 E3.57914
G1 X36.133 Y-31.714 E4.13177
G1 X36.074 Y-32.11 F7200
;LAYER_CHANGE
;Z:3.05
;HEIGHT:0.3
G1 E2.13177 F2400
G92 E0
G1 Z3.05 F7200
G1 Z5.05
G1 X-54.736 Y-32.073
G1 Z3.05
G1 E2 F2400
;TYPE:Perimeter
;WIDTH:0.396572
G1 F1200
G1 X-63.568 Y-32.073 E2.36593
G1 X-63.568 Y-32.405 E2.37969
G1 X-54.736 Y-32.405 E2.74562
G1 X-54.736 Y-32.133 E2.75689
G1 X-54.377 Y-31.714 F7200
;TYPE:External perimeter
;WIDTH:0.45
G1 F1200
G1 X-63.927 Y-31.714 E3.21621
G1 X-63.927 Y-32.764 E3.26671
G1 X-54.377 Y-32.764 E3.72603
G1 X-54.377 Y-31.774 E3.77365
G1 X-54.772 Y-31.715 F7200
G1 E1.77365 F2400
G92 E0
G1 Z5.05 F7200
G1 X-40.444 Y-24.867
G1 Z3.05
G1 E2 F2400
;TYPE:Perimeter
;WIDTH:0.490739
G1 F3600
G1 X-40.409 Y-24.843 E2.00226
;WIDTH:0.498243
G1 X-39.858 Y-24.306 E2.04389
G1 X-39.532 Y-23.835 E2.07489
;WIDTH:0.479946
G1 X-39.302 Y-23.342 E2.10309
;WIDTH:0.454964
G1 X-39.166 Y-22.885 E2.12632
;WIDTH:0.428712
G1 X-39.068 Y-22.301 E2.15323
;WIDTH:0.396572
G1 X-39.068 Y21.012 E3.9478
;WIDTH:0.411998
G1 X-39.097 Y21.516 E3.96969
;WIDTH:0.455976
G1 X-39.232 Y22.157 E4.00168
;WIDTH:0.481937
G1 X-39.492 Y22.789 E4.03727
;WIDTH:0.490465
G1 X-39.796 Y23.251 E4.06666
;WIDTH:0.498242
G1 X-40.335 Y23.805 E4.10849
G1 X-40.82 Y24.138 E4.14033
;WIDTH:0.480576
G1 X-41.3 Y24.36 E4.16778
;WIDTH:0.454966
G1 X-41.756 Y24.497 E4.19098
;WIDTH:0.428707
G1 X-42.34 Y24.595 E4.21789
;WIDTH:0.396572
G1 X-50.653 Y24.595 E4.56232
;WIDTH:0.411997
G1 X-51.157 Y24.566 E4.58421
;WIDTH:0.455975
G1 X-51.798 Y24.431 E4.6162
;WIDTH:0.481937
G1 X-52.43 Y24.17 E4.65181
;WIDTH:0.490457
G1 X-52.892 Y23.866 E4.6812
;WIDTH:0.498245
G1 X-53.446 Y23.327 E4.72303
G1 X-53.779 Y22.843 E4.75482
;WIDTH:0.480577
G1 X-54.002 Y22.363 E4.78229
;WIDTH:0.454964
G1 X-54.138 Y21.906 E4.80552
;WIDTH:0.428713
G1 X-54.236 Y21.323 E4.83238
;WIDTH:0.396572
G1 X-54.236 Y-21.99 E6.62695
;WIDTH:0.412552
G1 X-54.205 Y-22.507 E6.64944
;WIDTH:0.455976
G1 X-54.072 Y-23.135 E6.68079
;WIDTH:0.482812
G1 X-53.81 Y-23.767 E6.7165
;WIDTH:0.498782
G1 X-53.448 Y-24.304 E6.75159
G1 X-53.19 Y-24.587 E6.77234
;WIDTH:0.495267
G1 X-52.708 Y-24.976 E6.80563
;WIDTH:0.493321
G1 X-52.109 Y-25.3 E6.84206
;WIDTH:0.470336
G1 X-51.605 Y-25.463 E6.86888
;WIDTH:0.436487
G1 X-50.989 Y-25.573 E6.89792
;WIDTH:0.396572
G1 X-42.651 Y-25.573 E7.24339
;WIDTH:0.411996
G1 X-42.147 Y-25.544 E7.26528
;WIDTH:0.455977
G1 X-41.506 Y-25.41 E7.29726
;WIDTH:0.481938
G1 X-40.873 Y-25.149 E7.33292
;WIDTH:0.490739
G1 X-40.494 Y-24.899 E7.35706
G1 X-40.696 Y-24.539 F7200
;TYPE:External perimeter
;WIDTH:0.45
G1 F1800
G1 X-40.608 Y-24.477 E7.36224
G1 X-40.166 Y-24.036 E7.39227
G1 X-39.866 Y-23.613 E7.41721
G1 X-39.599 Y-23.01 E7.44893
G1 X-39.456 Y-22.423 E7.47799
G1 X-39.427 Y-21.99 E7.49886
G1 X-39.427 Y21.012 E9.56711
G1 X-39.456 Y21.444 E9.58793
G1 X-39.599 Y22.032 E9.61704
G1 X-39.853 Y22.612 E9.64749
G1 X-40.166 Y23.057 E9.67366
G1 X-40.605 Y23.497 E9.70355
G1 X-41.041 Y23.803 E9.72917
G1 X-41.631 Y24.063 E9.76018
G1 X-42.218 Y24.206 E9.78924
G1 X-42.651 Y24.236 E9.81012
G1 X-50.653 Y24.236 E10.19499
G1 X-51.085 Y24.206 E10.21582
G1 X-51.673 Y24.063 E10.24493
G1 X-52.253 Y23.81 E10.27536
G1 X-52.698 Y23.497 E10.30153
G1 X-53.138 Y23.057 E10.33146
G1 X-53.444 Y22.621 E10.35708
G1 X-53.704 Y22.032 E10.38805
G1 X-53.847 Y21.444 E10.41716
G1 X-53.877 Y21.012 E10.43799
G1 X-53.877 Y-21.99 E12.50624
G1 X-53.845 Y-22.436 E12.52775
G1 X-53.704 Y-23.01 E12.55618
G1 X-53.45 Y-23.588 E12.58655
G1 X-53.14 Y-24.034 E12.61267
G1 X-52.613 Y-24.548 E12.64808
G1 X-52.253 Y-24.788 E12.66889
G1 X-51.873 Y-24.974 E12.68924
G1 X-51.38 Y-25.126 E12.71405
G1 X-50.662 Y-25.214 E12.74884
G1 X-42.651 Y-25.214 E13.13414
G1 X-42.218 Y-25.185 E13.15501
G1 X-41.631 Y-25.042 E13.18407
G1 X-41.051 Y-24.788 E13.21452
G1 X-40.745 Y-24.573 E13.23251
G1 X-40.444 Y-24.309 F7200
G1 E11.23251 F2400
G92 E0
G1 Z5.05 F7200
G1 X-38.746 Y21.51
G1 Z3.05
G1 E2 F2400
;TYPE:Perimeter
;WIDTH:0.43611
G1 F3600
G1 X-38.821 Y22.06 E2.02574
;WIDTH:0.457838
G1 X-38.966 Y22.581 E2.05228
;WIDTH:0.479945
G1 X-39.184 Y23.083 E2.08065
;WIDTH:0.490465
G1 X-39.456 Y23.505 E2.10733
G1 X-39.824 Y23.914 E2.13657
;WIDTH:0.488455
G1 X-40.249 Y24.267 E2.16579
;WIDTH:0.485456
G1 X-40.724 Y24.559 E2.19507
;WIDTH:0.481172
G1 X-41.421 Y24.811 E2.2336
;WIDTH:0.455975
G1 X-42.094 Y24.909 E2.26682
;WIDTH:0.411997
G1 X-42.651 Y24.927 E2.29098
;WIDTH:0.396572
G1 X-51.073 Y24.927 E2.63993
;WIDTH:0.436108
G1 X-51.701 Y24.841 E2.66932
;WIDTH:0.457838
G1 X-52.222 Y24.697 E2.69585
;WIDTH:0.479942
G1 X-52.724 Y24.479 E2.72422
;WIDTH:0.490457
G1 X-53.146 Y24.207 E2.7509
G1 X-53.555 Y23.839 E2.78014
;WIDTH:0.488456
G1 X-53.908 Y23.414 E2.80936
;WIDTH:0.485459
G1 X-54.2 Y22.939 E2.83864
;WIDTH:0.481171
G1 X-54.452 Y22.241 E2.87722
;WIDTH:0.455976
G1 X-54.55 Y21.569 E2.91039
;WIDTH:0.411998
G1 X-54.568 Y21.012 E2.93455
;WIDTH:0.396572
G1 X-54.568 Y-22.388 E4.73273
;WIDTH:0.428712
G1 X-54.497 Y-22.941 E4.75807
;WIDTH:0.454963
G1 X-54.37 Y-23.471 E4.78462
;WIDTH:0.482812
G1 X-54.175 Y-23.971 E4.81263
;WIDTH:0.486085
G1 X-53.908 Y-24.396 E4.83903
;WIDTH:0.498728
G1 X-53.54 Y-24.857 E4.87099
G1 X-53.148 Y-25.177 E4.8984
;WIDTH:0.486551
G1 X-52.7 Y-25.463 E4.92639
;WIDTH:0.475899
G1 X-52.205 Y-25.692 E4.95438
;WIDTH:0.465514
G1 X-51.706 Y-25.821 E4.98017
;WIDTH:0.436487
G1 X-51.201 Y-25.893 E5.00384
;WIDTH:0.414868
G1 X-50.653 Y-25.905 E5.0278
;WIDTH:0.396572
G1 X-42.263 Y-25.905 E5.37542
;WIDTH:0.428701
G1 X-41.7 Y-25.835 E5.4012
;WIDTH:0.454967
G1 X-41.171 Y-25.708 E5.4277
;WIDTH:0.481911
G1 X-40.669 Y-25.512 E5.45576
;WIDTH:0.485506
G1 X-40.246 Y-25.244 E5.48206
;WIDTH:0.488778
G1 X-39.812 Y-24.88 E5.51204
;WIDTH:0.490464
G1 X-39.456 Y-24.484 E5.54034
G1 X-39.172 Y-24.042 E5.56826
;WIDTH:0.479787
G1 X-38.966 Y-23.559 E5.59547
;WIDTH:0.457838
G1 X-38.821 Y-23.038 E5.62201
;WIDTH:0.43611
G1 X-38.743 Y-22.447 E5.64965
;WIDTH:0.410832
G1 X-38.736 Y-21.99 E5.6694
;WIDTH:0.396572
G1 X-38.736 Y21.431 E7.46845
;WIDTH:0.43611
G1 X-38.738 Y21.451 E7.46938
G1 X-38.378 Y21.511 F7200
;TYPE:External perimeter
;WIDTH:0.45
G1 F1800
G1 X-38.473 Y22.35 E7.50999
G1 X-38.752 Y23.148 E7.55065
G1 X-39.201 Y23.864 E7.5913
G1 X-39.799 Y24.461 E7.63194
G1 X-40.514 Y24.911 E7.67257
G1 X-41.312 Y25.19 E7.71323
G1 X-42.164 Y25.286 E7.75447
G1 X-51.14 Y25.286 E8.18618
G1 X-51.992 Y25.19 E8.22742
G1 X-52.789 Y24.911 E8.26803
G1 X-53.505 Y24.461 E8.3087
G1 X-54.102 Y23.864 E8.34931
G1 X-54.552 Y23.148 E8.38998
G1 X-54.831 Y22.35 E8.43064
G1 X-54.927 Y21.499 E8.47183
G1 X-54.927 Y-22.478 E10.58697
G1 X-54.831 Y-23.329 E10.62816
G1 X-54.552 Y-24.127 E10.66882
G1 X-54.194 Y-24.699 E10.70128
G1 X-53.824 Y-25.155 E10.72952
G1 X-53.16 Y-25.685 E10.77038
G1 X-52.398 Y-26.051 E10.81104
G1 X-51.697 Y-26.211 E10.84562
G1 X-51.146 Y-26.264 E10.87224
G1 X-42.164 Y-26.264 E11.30424
G1 X-41.312 Y-26.168 E11.34548
G1 X-40.514 Y-25.889 E11.38614
G1 X-39.799 Y-25.44 E11.42675
G1 X-39.201 Y-24.842 E11.46743
G1 X-38.752 Y-24.127 E11.50804
G1 X-38.494 Y-23.391 E11.54555
G1 X-38.377 Y-22.447 E11.5913
G1 X-38.377 Y21.451 E13.70264
G1 X-38.417 Y21.849 F7200
G1 E11.70264 F2400
G92 E0
G1 Z5.05 F7200
G1 X24.807 Y20.755
G1 Z3.05
G1 E2 F2400
;TYPE:Perimeter
G1 F3600
G1 X24.732 Y20.794 E2.00407
;WIDTH:0.423286
G1 X24.637 Y20.845 E2.0089
;WIDTH:0.396572
G1 X-27.771 Y20.845 E4.1803
;WIDTH:0.445037
G1 X-27.871 Y20.834 E4.18508
;WIDTH:0.493503
G1 X-27.971 Y20.824 E4.19046
;WIDTH:0.541969
G1 X-28.071 Y20.814 E4.19645
;WIDTH:0.590435
G1 X-28.171 Y20.804 E4.20304
G1 X-28.222 Y20.701 E4.21058
;WIDTH:0.551189
G1 X-28.274 Y20.598 E4.21759
;WIDTH:0.511943
G1 X-28.325 Y20.495 E4.22401
;WIDTH:0.47334
G1 X-28.542 Y19.902 E4.25622
;WIDTH:0.512449
G1 X-28.569 Y19.79 E4.26266
;WIDTH:0.551558
G1 X-28.596 Y19.679 E4.2696
;WIDTH:0.590668
G1 X-28.623 Y19.567 E4.27716
G1 X-28.553 Y19.495 E4.28375
;WIDTH:0.542144
G1 X-28.483 Y19.423 E4.28973
;WIDTH:0.493621
G1 X-28.413 Y19.35 E4.29514
;WIDTH:0.445097
G1 X-28.343 Y19.278 E4.29991
;WIDTH:0.396574
G1 X-2.194 Y-2.814 E5.71824
;WIDTH:0.445812
G1 X-1.876 Y-3.08 E5.73796
;WIDTH:0.45
G1 X-1.702 Y-3.126 E5.74662
G1 X-1.56 Y-3.1 E5.75356
;WIDTH:0.423285
G1 X-1.418 Y-3.075 E5.76001
;WIDTH:0.396572
G1 X25.039 Y19.278 E7.19506
;WIDTH:0.427859
G1 X25.185 Y19.433 E7.20471
;WIDTH:0.45
G1 X25.251 Y19.588 E7.21281
;WIDTH:0.464012
G1 X25.233 Y19.901 E7.22844
G1 X25.038 Y20.43 E7.25654
;WIDTH:0.462902
G1 X24.943 Y20.628 E7.26746
;WIDTH:0.459217
G1 X24.853 Y20.718 E7.27373
G1 X24.577 Y20.447 F7200
;TYPE:External perimeter
;WIDTH:0.45
G1 F1800
G1 X24.465 Y20.486 E7.27943
G1 X-27.771 Y20.486 E9.7918
G1 X-27.914 Y20.422 E9.79934
G1 X-28.105 Y19.94 E9.82428
G1 X-28.176 Y19.66 E9.83817
G1 X-28.112 Y19.552 E9.84421
G1 X-1.776 Y-2.697 E11.50239
G1 X-1.62 Y-2.74 E11.51017
G1 X-1.342 Y-2.54 E11.52664
G1 X24.808 Y19.552 E13.17311
G1 X24.872 Y19.662 E13.17923
G1 X24.67 Y20.295 E13.21119
G1 X24.611 Y20.4 E13.21698
G1 X24.218 Y20.479 F7200
G1 E11.21698 F2400
G92 E0
G1 Z5.05 F7200
G1 X-32.63 Y21.011
G1 Z3.05
G1 E2 F2400
;TYPE:Perimeter
;WIDTH:0.467757
G1 F1200
G1 X-32.636 Y20.929 E2.00414
;WIDTH:0.461227
G1 X-32.556 Y20.456 E2.02788
G1 X-32.352 Y19.979 E2.05356
;WIDTH:0.46355
G1 X-32.025 Y19.58 E2.07924
G1 X-31.848 Y19.427 E2.09089
;WIDTH:0.461475
G1 X-31.383 Y19.161 E2.11742
;WIDTH:0.495183
G1 X-31.071 Y19.078 E2.13477
;WIDTH:0.531531
G1 X-30.759 Y18.994 E2.1536
;WIDTH:0.561027
G1 X-30.706 Y18.974 E2.15711
;WIDTH:0.590523
G1 X-30.652 Y18.955 E2.16087
G1 X-30.351 Y19.051 E2.1816
;WIDTH:0.546581
G1 X-30.05 Y19.148 E2.20062
;WIDTH:0.50264
G1 X-29.749 Y19.244 E2.21789
;WIDTH:0.496397
G1 X-29.462 Y19.438 E2.23656
;WIDTH:0.534096
G1 X-29.175 Y19.631 E2.25682
;WIDTH:0.562382
G1 X-29.128 Y19.658 E2.26019
;WIDTH:0.590668
G1 X-29.08 Y19.685 E2.26381
G1 X-28.995 Y19.869 E2.27711
;WIDTH:0.546171
G1 X-28.91 Y20.054 E2.28934
;WIDTH:0.501674
G1 X-28.825 Y20.238 E2.30039
;WIDTH:0.494179
G1 X-28.73 Y20.571 E2.31895
;WIDTH:0.531181
G1 X-28.635 Y20.903 E2.33906
;WIDTH:0.560808
G1 X-28.615 Y20.957 E2.34263
;WIDTH:0.590435
G1 X-28.596 Y21.011 E2.34639
G1 X-28.65 Y21.205 E2.3596
;WIDTH:0.54537
G1 X-28.703 Y21.399 E2.37166
;WIDTH:0.500305
G1 X-28.757 Y21.593 E2.38261
;WIDTH:0.467557
G1 X-28.925 Y21.966 E2.40318
G1 X-29.127 Y22.287 E2.42225
;WIDTH:0.459611
G1 X-29.573 Y22.676 E2.45142
;WIDTH:0.466372
G1 X-29.848 Y22.817 E2.46691
G1 X-30.35 Y22.977 E2.49333
;WIDTH:0.461473
G1 X-30.896 Y22.981 E2.52037
;WIDTH:0.468123
G1 X-31.393 Y22.841 E2.54637
G1 X-31.73 Y22.676 E2.56527
;WIDTH:0.459494
G1 X-32.126 Y22.342 E2.5908
;WIDTH:0.460888
G1 X-32.48 Y21.784 E2.62348
;WIDTH:0.467757
G1 X-32.612 Y21.259 E2.65072
G1 X-32.626 Y21.071 E2.6602
G1 X-32.245 Y21.01 F7200
;TYPE:External perimeter
;WIDTH:0.45
G1 F1200
G1 X-32.191 Y20.598 E2.68019
G1 X-32.018 Y20.183 E2.70181
G1 X-31.682 Y19.786 E2.72683
G1 X-31.229 Y19.521 E2.75207
G1 X-30.685 Y19.414 E2.77874
G1 X-30.342 Y19.444 E2.7953
G1 X-29.849 Y19.627 E2.82059
G1 X-29.45 Y19.958 E2.84552
G1 X-29.162 Y20.433 E2.87224
G1 X-29.055 Y20.977 E2.89891
G1 X-29.14 Y21.526 E2.92563
G1 X-29.399 Y21.999 E2.95157
G1 X-29.824 Y22.377 E2.97893
G1 X-30.342 Y22.578 E3.00565
G1 X-30.896 Y22.589 E3.0323
G1 X-31.421 Y22.411 E3.05896
G1 X-31.854 Y22.063 E3.08568
G1 X-32.141 Y21.588 E3.11237
G1 X-32.244 Y21.07 E3.13777
G1 X-32.2 Y20.672 F7200
G1 E1.13777 F2400
G92 E0
G1 Z5.05 F7200
G1 X-30.452 Y18.459
G1 Z3.05
G1 E2 F2400
;TYPE:Perimeter
;WIDTH:0.590523
G1 F3600
G1 X-30.455 Y18.429 E2.00198
;WIDTH:0.542035
G1 X-30.465 Y18.33 E2.00791
;WIDTH:0.493547
G1 X-30.476 Y18.23 E2.0133
;WIDTH:0.445059
G1 X-30.486 Y18.13 E2.01807
;WIDTH:0.396572
G1 X-30.486 Y-25.108 E3.80954
;WIDTH:0.434995
G1 X-30.464 Y-25.32 E3.81939
;WIDTH:0.45
G1 X-30.385 Y-25.47 E3.82754
;WIDTH:0.46623
G1 X-30.159 Y-25.649 E3.84199
G1 X-29.588 Y-25.871 E3.8727
;WIDTH:0.493958
G1 X-29.291 Y-26.034 E3.89085
;WIDTH:0.533584
G1 X-28.994 Y-26.197 E3.91068
;WIDTH:0.578876
G1 X-28.908 Y-26.225 E3.91648
G1 X-28.821 Y-26.17 E3.92308
;WIDTH:0.5333
G1 X-28.733 Y-26.114 E3.92918
;WIDTH:0.487725
G1 X-28.646 Y-26.059 E3.93461
;WIDTH:0.442149
G1 X-28.559 Y-26.004 E3.93946
;WIDTH:0.396574
G1 X-2.408 Y-3.911 E5.35788
;WIDTH:0.417176
G1 X-2.28 Y-3.775 E5.3661
;WIDTH:0.45
G1 X-2.186 Y-3.489 E5.38058
G1 X-2.203 Y-3.357 E5.38698
;WIDTH:0.445812
G1 X-2.348 Y-3.119 E5.40024
;WIDTH:0.396574
G1 X-28.558 Y19.024 E6.82186
;WIDTH:0.445097
G1 X-28.641 Y19.081 E6.82664
;WIDTH:0.493621
G1 X-28.724 Y19.138 E6.83203
;WIDTH:0.542144
G1 X-28.807 Y19.194 E6.838
;WIDTH:0.590668
G1 X-28.89 Y19.251 E6.84461
G1 X-28.999 Y19.203 E6.85243
;WIDTH:0.550986
G1 X-29.108 Y19.156 E6.85963
;WIDTH:0.511304
G1 X-29.217 Y19.108 E6.86627
;WIDTH:0.471622
G1 X-29.612 Y18.875 E6.88956
;WIDTH:0.46414
G1 X-30.141 Y18.677 E6.91772
;WIDTH:0.506267
G1 X-30.242 Y18.628 E6.92391
;WIDTH:0.548395
G1 X-30.344 Y18.579 E6.93074
;WIDTH:0.590523
G1 X-30.445 Y18.529 E6.93814
G1 X-30.446 Y18.519 E6.9388
G1 X-30.078 Y18.235 F7200
;TYPE:External perimeter
;WIDTH:0.45
G1 F1800
G1 X-30.127 Y18.187 E6.9421
G1 X-30.127 Y-25.108 E9.02444
G1 X-30.084 Y-25.228 E9.03057
G1 X-29.949 Y-25.306 E9.03807
G1 X-29.399 Y-25.533 E9.06669
G1 X-28.939 Y-25.773 E9.09164
G1 X-28.79 Y-25.729 E9.09911
G1 X-2.64 Y-3.637 E10.74558
G1 X-2.571 Y-3.489 E10.75343
G1 X-2.64 Y-3.342 E10.76124
G1 X-28.789 Y18.75 E12.40768
G1 X-28.939 Y18.794 E12.4152
G1 X-29.39 Y18.541 E12.44007
G1 X-30.002 Y18.31 E12.47153
G1 X-30.035 Y18.278 E12.47374
G1 X-30.12 Y17.887 F7200
G1 E10.47374 F2400
G92 E0
G1 Z5.05 F7200
G1 X-29.372 Y-26.464
G1 Z3.05
G1 E2 F2400
;TYPE:Perimeter
;WIDTH:0.538035
G1 F1200
G1 X-29.415 Y-26.435 E2.00306
;WIDTH:0.497194
G1 X-29.574 Y-26.325 E2.0135
;WIDTH:0.466582
G1 X-29.891 Y-26.167 E2.03127
G1 X-30.28 Y-26.031 E2.05194
;WIDTH:0.46623
G1 X-30.896 Y-26.021 E2.08282
;WIDTH:0.463248
G1 X-31.096 Y-26.054 E2.0929
G1 X-31.606 Y-26.245 E2.11999
;WIDTH:0.465212
G1 X-32.054 Y-26.591 E2.14829
G1 X-32.235 Y-26.793 E2.16185
;WIDTH:0.460498
G1 X-32.494 Y-27.244 E2.18754
;WIDTH:0.467465
G1 X-32.613 Y-27.752 E2.21377
G1 X-32.636 Y-28.071 E2.22985
;WIDTH:0.46157
G1 X-32.556 Y-28.544 E2.25362
G1 X-32.36 Y-29.009 E2.27862
;WIDTH:0.462184
G1 X-32.007 Y-29.439 E2.30622
;WIDTH:0.468381
G1 X-31.587 Y-29.728 E2.33191
G1 X-31.233 Y-29.886 E2.35144
;WIDTH:0.467065
G1 X-30.601 Y-29.977 E2.38351
;WIDTH:0.458613
G1 X-30.209 Y-29.921 E2.40298
;WIDTH:0.455575
G1 X-29.694 Y-29.728 E2.42981
;WIDTH:0.460348
G1 X-29.199 Y-29.341 E2.46084
;WIDTH:0.465621
G1 X-29.027 Y-29.119 E2.47489
G1 X-28.774 Y-28.645 E2.50178
;WIDTH:0.462211
G1 X-28.669 Y-28.091 E2.52976
;WIDTH:0.506555
G1 X-28.663 Y-27.931 E2.53859
;WIDTH:0.550899
G1 X-28.656 Y-27.772 E2.54825
;WIDTH:0.595244
G1 X-28.65 Y-27.612 E2.55885
G1 X-28.717 Y-27.478 E2.56877
;WIDTH:0.556731
G1 X-28.783 Y-27.344 E2.57794
;WIDTH:0.518218
G1 X-28.85 Y-27.21 E2.58642
;WIDTH:0.479705
G1 X-28.916 Y-27.075 E2.5942
;WIDTH:0.487087
G1 X-28.976 Y-26.935 E2.60223
;WIDTH:0.532981
G1 X-29.036 Y-26.795 E2.61113
;WIDTH:0.578876
G1 X-29.096 Y-26.654 E2.62096
G1 X-29.256 Y-26.545 E2.63338
;WIDTH:0.538035
G1 X-29.323 Y-26.498 E2.63821
G1 X-29.64 Y-26.784 F7200
;TYPE:External perimeter
;WIDTH:0.45
G1 F1200
G1 X-29.824 Y-26.623 E2.64997
G1 X-30.342 Y-26.422 E2.67669
G1 X-30.896 Y-26.411 E2.70334
G1 X-31.421 Y-26.589 E2.73
G1 X-31.854 Y-26.937 E2.75672
G1 X-32.141 Y-27.412 E2.78341
G1 X-32.249 Y-27.957 E2.81013
G1 X-32.191 Y-28.402 E2.83171
G1 X-32.018 Y-28.817 E2.85333
G1 X-31.68 Y-29.215 E2.87844
G1 X-31.229 Y-29.479 E2.90357
G1 X-30.621 Y-29.587 E2.93327
G1 X-30.342 Y-29.556 E2.94677
G1 X-29.863 Y-29.381 E2.9713
G1 X-29.45 Y-29.042 E2.997
G1 X-29.162 Y-28.567 E3.02372
G1 X-29.055 Y-28.023 E3.05039
G1 X-29.14 Y-27.474 E3.07711
G1 X-29.407 Y-26.988 E3.10378
G1 X-29.595 Y-26.823 E3.11581
G1 X-29.925 Y-26.597 F7200
G1 E1.11581 F2400
G92 E0
G1 Z5.05 F7200
G1 X25.265 Y-26.907
G1 Z3.05
G1 E2 F2400
;TYPE:Perimeter
;WIDTH:0.434865
G1 F3600
G1 X25.365 Y-26.531 E2.01798
;WIDTH:0.396572
G1 X-1.11 Y-4.164 E3.45397
;WIDTH:0.445812
G1 X-1.427 Y-3.898 E3.47366
;WIDTH:0.45
G1 X-1.702 Y-3.853 E3.48706
G1 X-1.795 Y-3.879 E3.4917
;WIDTH:0.423286
G1 X-1.887 Y-3.906 E3.49599
;WIDTH:0.396574
G1 X-28.344 Y-26.257 E4.93099
;WIDTH:0.442149
G1 X-28.423 Y-26.33 E4.93606
;WIDTH:0.487725
G1 X-28.501 Y-26.404 E4.94174
;WIDTH:0.5333
G1 X-28.579 Y-26.477 E4.94799
;WIDTH:0.578876
G1 X-28.657 Y-26.55 E4.95485
G1 X-28.63 Y-26.672 E4.96287
;WIDTH:0.532981
G1 X-28.603 Y-26.794 E4.97017
;WIDTH:0.487087
G1 X-28.576 Y-26.917 E4.97681
;WIDTH:0.466387
G1 X-28.488 Y-27.057 E4.9851
;WIDTH:0.491582
G1 X-28.4 Y-27.197 E4.99391
;WIDTH:0.526136
G1 X-28.362 Y-27.238 E4.99713
;WIDTH:0.56069
G1 X-28.324 Y-27.28 E5.00064
;WIDTH:0.595244
G1 X-28.287 Y-27.321 E5.0043
G1 X-28.137 Y-27.309 E5.01426
;WIDTH:0.545576
G1 X-27.987 Y-27.296 E5.0233
;WIDTH:0.495908
G1 X-27.837 Y-27.284 E5.0314
;WIDTH:0.44624
G1 X-27.687 Y-27.272 E5.03857
;WIDTH:0.396572
G1 X24.382 Y-27.272 E7.19593
;WIDTH:0.444316
G1 X24.53 Y-27.284 E7.20297
;WIDTH:0.49206
G1 X24.678 Y-27.296 E7.21089
;WIDTH:0.539804
G1 X24.826 Y-27.308 E7.21969
;WIDTH:0.587549
G1 X24.974 Y-27.32 E7.22938
G1 X25.044 Y-27.229 E7.23687
;WIDTH:0.548781
G1 X25.114 Y-27.137 E7.24385
;WIDTH:0.510013
G1 X25.183 Y-27.045 E7.25024
;WIDTH:0.471245
G1 X25.245 Y-26.963 E7.25546
G1 X24.897 Y-26.803 F7200
;TYPE:External perimeter
;WIDTH:0.45
G1 F1800
G1 X24.918 Y-26.776 E7.25711
G1 X24.898 Y-26.607 E7.2653
G1 X-1.342 Y-4.439 E8.91744
G1 X-1.62 Y-4.239 E8.93391
G1 X-1.776 Y-4.282 E8.94169
G1 X-28.161 Y-26.573 E10.60298
G1 X-28.229 Y-26.709 E10.61029
G1 X-28.199 Y-26.824 E10.61601
G1 X-28.093 Y-26.913 E10.62267
G1 X24.382 Y-26.913 E13.14654
G1 X24.83 Y-26.886 E13.16813
G1 X24.859 Y-26.85 E13.17035
G1 X24.745 Y-26.467 F7200
G1 X26.363 Y-26.284
;TYPE:Perimeter
;WIDTH:0.464214
G1 F1200
G1 X26.11 Y-26.43 E13.18492
;WIDTH:0.505117
G1 X26.01 Y-26.506 E13.19182
;WIDTH:0.54602
G1 X25.911 Y-26.582 E13.19932
;WIDTH:0.586924
G1 X25.812 Y-26.658 E13.20745
G1 X25.596 Y-27.096 E13.23928
;WIDTH:0.55835
G1 X25.381 Y-27.534 E13.26934
;WIDTH:0.558663
G1 X25.354 Y-27.575 E13.27237
;WIDTH:0.587549
G1 X25.328 Y-27.616 E13.27554
G1 X25.345 Y-27.822 E13.28903
;WIDTH:0.544473
G1 X25.362 Y-28.028 E13.30141
;WIDTH:0.501397
G1 X25.38 Y-28.234 E13.31268
;WIDTH:0.458654
G1 X25.415 Y-28.433 E13.32262
G1 X25.631 Y-28.988 E13.35191
;WIDTH:0.456894
G1 X25.998 Y-29.441 E13.38045
;WIDTH:0.466553
G1 X26.319 Y-29.673 E13.40032
G1 X26.767 Y-29.885 E13.42518
;WIDTH:0.456786
G1 X27.326 Y-29.975 E13.45289
;WIDTH:0.463321
G1 X27.861 Y-29.9 E13.47977
G1 X28.12 Y-29.815 E13.49333
;WIDTH:0.454914
G1 X28.625 Y-29.511 E13.52204
;WIDTH:0.458031
G1 X29.013 Y-29.067 E13.55099
;WIDTH:0.463344
G1 X29.133 Y-28.85 E13.56333
G1 X29.307 Y-28.316 E13.59128
;WIDTH:0.463171
G1 X29.319 Y-27.786 E13.61765
;WIDTH:0.464273
G1 X29.25 Y-27.449 E13.63481
G1 X29.058 Y-26.974 E13.66036
;WIDTH:0.456844
G1 X28.698 Y-26.537 E13.68807
;WIDTH:0.461443
G1 X28.516 Y-26.389 E13.69969
G1 X28.018 Y-26.118 E13.72777
;WIDTH:0.49306
G1 X27.737 Y-26.045 E13.74329
;WIDTH:0.531573
G1 X27.456 Y-25.972 E13.76021
;WIDTH:0.561098
G1 X27.402 Y-25.953 E13.76376
;WIDTH:0.590623
G1 X27.348 Y-25.933 E13.76754
G1 X27.154 Y-25.987 E13.78076
;WIDTH:0.546287
G1 X26.96 Y-26.04 E13.79285
;WIDTH:0.50195
G1 X26.766 Y-26.093 E13.80383
;WIDTH:0.45994
G1 X26.553 Y-26.174 E13.81507
;WIDTH:0.464214
G1 X26.415 Y-26.254 E13.82302
G1 X26.561 Y-26.626 F7200
;TYPE:External perimeter
;WIDTH:0.45
G1 F1200
G1 X26.347 Y-26.744 E13.83477
G1 X25.982 Y-27.162 E13.86146
G1 X25.781 Y-27.68 E13.88818
G1 X25.769 Y-28.234 E13.91483
G1 X25.934 Y-28.719 E13.93947
G1 X26.296 Y-29.191 E13.96808
G1 X26.771 Y-29.479 E13.9948
G1 X27.315 Y-29.586 E14.02147
G1 X27.863 Y-29.502 E14.04813
G1 X28.377 Y-29.215 E14.07644
G1 X28.715 Y-28.817 E14.10155
G1 X28.905 Y-28.327 E14.12683
G1 X28.927 Y-27.786 E14.15287
G1 X28.748 Y-27.22 E14.18142
G1 X28.4 Y-26.787 E14.20814
G1 X27.926 Y-26.5 E14.23479
G1 X27.382 Y-26.392 E14.26147
G1 X26.833 Y-26.477 E14.28819
G1 X26.614 Y-26.598 E14.30022
G1 X26.288 Y-26.83 F7200
G1 X25.535 Y-26.18
;TYPE:Perimeter
;WIDTH:0.586924
G1 F3600
G1 X25.611 Y-26.228 E14.30608
G1 X25.86 Y-26.096 E14.32445
;WIDTH:0.544596
G1 X26.109 Y-25.963 E14.34136
;WIDTH:0.502268
G1 X26.357 Y-25.831 E14.3567
;WIDTH:0.472855
G1 X26.832 Y-25.662 E14.38239
;WIDTH:0.512111
G1 X26.935 Y-25.611 E14.38881
;WIDTH:0.551367
G1 X27.038 Y-25.559 E14.39582
;WIDTH:0.590623
G1 X27.141 Y-25.508 E14.40336
G1 X27.151 Y-25.408 E14.40996
;WIDTH:0.542111
G1 X27.162 Y-25.308 E14.41595
;WIDTH:0.493598
G1 X27.172 Y-25.208 E14.42133
;WIDTH:0.445085
G1 X27.182 Y-25.108 E14.4261
;WIDTH:0.396572
G1 X27.182 Y18.129 E16.21753
;WIDTH:0.445084
G1 X27.172 Y18.229 E16.2223
;WIDTH:0.493597
G1 X27.162 Y18.329 E16.22768
;WIDTH:0.54211
G1 X27.151 Y18.429 E16.23367
;WIDTH:0.590623
G1 X27.141 Y18.529 E16.24027
G1 X27.031 Y18.583 E16.24831
;WIDTH:0.550597
G1 X26.921 Y18.636 E16.25571
;WIDTH:0.510571
G1 X26.811 Y18.69 E16.26253
;WIDTH:0.470546
G1 X26.501 Y18.783 E16.27893
;WIDTH:0.461902
G1 X25.957 Y19.08 E16.30966
G1 X25.753 Y19.168 E16.32068
;WIDTH:0.458772
G1 X25.595 Y19.181 E16.32848
;WIDTH:0.45
G1 X25.486 Y19.155 E16.33387
;WIDTH:0.423286
G1 X25.377 Y19.128 E16.3389
;WIDTH:0.396572
G1 X-.896 Y-3.068 E17.76393
;WIDTH:0.417177
G1 X-1.023 Y-3.203 E17.77209
;WIDTH:0.45
G1 X-1.118 Y-3.489 E17.78658
G1 X-1.1 Y-3.622 E17.79304
;WIDTH:0.445812
G1 X-.956 Y-3.86 E17.80627
;WIDTH:0.396572
G1 X25.254 Y-26.003 E19.22789
;WIDTH:0.44416
G1 X25.344 Y-26.059 E19.23291
;WIDTH:0.491748
G1 X25.433 Y-26.116 E19.23854
;WIDTH:0.539336
G1 X25.484 Y-26.148 E19.24211
G1 X25.591 Y-25.767 F7200
;TYPE:External perimeter
;WIDTH:0.45
G1 F1800
G1 X25.611 Y-25.774 E19.24313
G1 X26.166 Y-25.49 E19.27312
G1 X26.696 Y-25.289 E19.30038
G1 X26.823 Y-25.165 E19.30892
G1 X26.823 Y18.129 E21.39121
G1 X26.759 Y18.273 E21.39879
G1 X26.347 Y18.423 E21.41988
G1 X25.702 Y18.772 E21.45515
G1 X25.53 Y18.788 E21.46346
G1 X-.664 Y-3.342 E23.11273
G1 X-.732 Y-3.489 E23.12052
G1 X-.664 Y-3.637 E23.12835
G1 X25.486 Y-25.729 E24.77482
G1 X25.535 Y-25.747 E24.77733
G1 X25.912 Y-25.614 F7200
G1 E22.77733 F2400
G92 E0
G1 Z5.05 F7200
G1 X25.642 Y20.025
G1 Z3.05
G1 E2 F2400
;TYPE:Perimeter
;WIDTH:0.462313
G1 F1200
G1 X25.997 Y19.558 E2.02911
;WIDTH:0.461902
G1 X26.151 Y19.427 E2.03913
G1 X26.591 Y19.177 E2.06422
;WIDTH:0.493285
G1 X26.916 Y19.085 E2.08229
;WIDTH:0.531498
G1 X27.241 Y18.994 E2.10195
;WIDTH:0.56106
G1 X27.295 Y18.974 E2.10552
;WIDTH:0.590623
G1 X27.348 Y18.955 E2.10922
G1 X27.542 Y19.008 E2.12242
;WIDTH:0.546859
G1 X27.737 Y19.061 E2.13458
;WIDTH:0.503095
G1 X27.931 Y19.114 E2.14558
;WIDTH:0.468211
G1 X28.359 Y19.316 E2.16942
G1 X28.699 Y19.558 E2.19044
;WIDTH:0.459325
G1 X29.056 Y19.993 E2.21816
;WIDTH:0.461558
G1 X29.281 Y20.56 E2.24838
;WIDTH:0.467584
G1 X29.321 Y21.064 E2.27381
G1 X29.282 Y21.454 E2.29352
;WIDTH:0.458667
G1 X29.08 Y21.987 E2.32155
;WIDTH:0.455071
G1 X28.697 Y22.462 E2.35128
;WIDTH:0.468263
G1 X28.367 Y22.701 E2.37181
G1 X27.931 Y22.908 E2.39612
;WIDTH:0.460914
G1 X27.393 Y22.998 E2.4231
;WIDTH:0.465223
G1 X26.837 Y22.923 E2.45115
G1 X26.575 Y22.839 E2.46491
;WIDTH:0.460292
G1 X26.131 Y22.582 E2.49024
;WIDTH:0.467734
G1 X25.777 Y22.208 E2.51615
G1 X25.581 Y21.914 E2.53393
;WIDTH:0.463581
G1 X25.407 Y21.441 E2.55902
G1 X25.379 Y20.766 E2.59266
;WIDTH:0.466699
G1 X25.389 Y20.639 E2.59905
G1 X25.58 Y20.107 E2.62741
;WIDTH:0.462313
G1 X25.606 Y20.073 E2.62953
G1 X25.97 Y20.214 F7200
;TYPE:External perimeter
;WIDTH:0.45
G1 F1200
G1 X26.296 Y19.809 E2.65454
G1 X26.771 Y19.521 E2.68126
G1 X27.315 Y19.414 E2.70793
G1 X27.863 Y19.498 E2.73459
G1 X28.349 Y19.766 E2.76128
G1 X28.715 Y20.183 E2.78797
G1 X28.913 Y20.694 E2.81433
G1 X28.927 Y21.255 E2.84132
G1 X28.748 Y21.78 E2.868
G1 X28.4 Y22.213 E2.89472
G1 X27.926 Y22.5 E2.92137
G1 X27.382 Y22.608 E2.94805
G1 X26.833 Y22.523 E2.97477
G1 X26.347 Y22.256 E3.00144
G1 X25.982 Y21.838 E3.02813
G1 X25.781 Y21.32 E3.05485
G1 X25.769 Y20.766 E3.0815
G1 X25.94 Y20.265 E3.10696
G1 X26.185 Y19.949 F7200
G1 E1.10696 F2400
G92 E0
G1 Z5.05 F7200
G1 X-30.615 Y-25.683
G1 Z3.05
G1 E2 F2400
;TYPE:Perimeter
;WIDTH:0.361945
G1 F1200
G1 X-30.633 Y-25.651 E2.00136
G1 X-30.689 Y-25.683 E2.00375
G1 X-30.633 Y-25.715 E2.00614
G1 E.00614 F2400
G92 E0
G1 Z5.05 F7200
G1 X25.079 Y21.011
G1 Z3.05
G1 E2 F2400
;WIDTH:0.362835
G1 F1200
G1 X25.06 Y21.043 E2.00139
G1 X25.004 Y21.011 E2.00379
G1 X25.06 Y20.978 E2.00621
G1 X25.624 Y19.523 F7200
;WIDTH:0.362183
G1 F1200
G1 X25.605 Y19.555 E2.00759
G1 X25.549 Y19.523 E2.00999
G1 X25.605 Y19.491 E2.01239
G1 E.01239 F2400
G92 E0
G1 Z5.05 F7200
G1 X-1.811 Y-3.489
G1 Z3.05
G1 E2 F2400
;WIDTH:0.428055
G1 F1200
G1 X-1.493 Y-3.489 E2.01442
G1 E.01442 F2400
G92 E0
G1 Z5.05 F7200
G1 X24.758 Y-27.697
G1 Z3.05
G1 E2 F2400
;WIDTH:0.539804
G1 F3600
G1 X24.77 Y-27.701 E2.00075
;WIDTH:0.587549
G1 X24.873 Y-27.734 E2.00781
G1 X24.896 Y-27.795 E2.01206
;WIDTH:0.554573
G1 X24.919 Y-27.857 E2.0161
;WIDTH:0.521598
G1 X24.971 Y-28.178 E2.03464
;WIDTH:0.49017
G1 X25.024 Y-28.498 E2.05187
;WIDTH:0.462242
G1 X25.191 Y-28.986 E2.07746
G1 X25.364 Y-29.293 E2.09495
;WIDTH:0.45695
G1 X25.72 Y-29.719 E2.12213
;WIDTH:0.466553
G1 X26.134 Y-30.029 E2.14807
G1 X26.687 Y-30.269 E2.17831
;WIDTH:0.456786
G1 X27.311 Y-30.36 E2.20917
;WIDTH:0.463321
G1 X27.928 Y-30.294 E2.24005
G1 X28.17 Y-30.213 E2.25275
;WIDTH:0.464866
G1 X28.675 Y-29.962 E2.28092
G1 X28.976 Y-29.719 E2.30024
;WIDTH:0.458031
G1 X29.317 Y-29.317 E2.32612
;WIDTH:0.459823
G1 X29.474 Y-29.055 E2.34118
;WIDTH:0.461323
G1 X29.656 Y-28.557 E2.36743
;WIDTH:0.467352
G1 X29.724 Y-28.042 E2.39354
G1 X29.718 Y-27.78 E2.40671
;WIDTH:0.464273
G1 X29.622 Y-27.305 E2.43088
G1 X29.388 Y-26.764 E2.46028
;WIDTH:0.465868
G1 X29.08 Y-26.36 E2.48572
G1 X28.771 Y-26.087 E2.50637
;WIDTH:0.459341
G1 X28.317 Y-25.819 E2.53234
;WIDTH:0.471943
G1 X27.875 Y-25.665 E2.55613
;WIDTH:0.511503
G1 X27.768 Y-25.613 E2.56276
;WIDTH:0.551063
G1 X27.662 Y-25.56 E2.56995
;WIDTH:0.590623
G1 X27.555 Y-25.508 E2.57776
G1 X27.545 Y-25.408 E2.58436
;WIDTH:0.542111
G1 X27.535 Y-25.308 E2.59035
;WIDTH:0.493598
G1 X27.525 Y-25.208 E2.59573
;WIDTH:0.445085
G1 X27.514 Y-25.108 E2.60051
;WIDTH:0.396572
G1 X27.514 Y18.129 E4.39194
;WIDTH:0.445084
G1 X27.525 Y18.229 E4.39672
;WIDTH:0.493597
G1 X27.535 Y18.329 E4.4021
;WIDTH:0.54211
G1 X27.545 Y18.429 E4.40809
;WIDTH:0.590623
G1 X27.555 Y18.529 E4.41469
G1 X27.604 Y18.559 E4.41846
;WIDTH:0.561096
G1 X27.652 Y18.59 E4.422
;WIDTH:0.531569
G1 X27.841 Y18.661 E4.43376
;WIDTH:0.49545
G1 X28.029 Y18.733 E4.44458
;WIDTH:0.468211
G1 X28.552 Y18.961 E4.47332
G1 X28.905 Y19.211 E4.49511
;WIDTH:0.46615
G1 X29.252 Y19.585 E4.52068
G1 X29.479 Y19.956 E4.54248
;WIDTH:0.460929
G1 X29.664 Y20.465 E4.56927
;WIDTH:0.467584
G1 X29.725 Y21.069 E4.5998
G1 X29.659 Y21.566 E4.62501
;WIDTH:0.458843
G1 X29.474 Y22.074 E4.65161
;WIDTH:0.466972
G1 X29.181 Y22.52 E4.67841
G1 X28.756 Y22.927 E4.70796
;WIDTH:0.461235
G1 X28.282 Y23.201 E4.73506
;WIDTH:0.468004
G1 X27.702 Y23.362 E4.76536
G1 X27.295 Y23.39 E4.7859
;WIDTH:0.465223
G1 X26.764 Y23.317 E4.8127
G1 X26.39 Y23.188 E4.83248
;WIDTH:0.460292
G1 X25.895 Y22.898 E4.86081
;WIDTH:0.467734
G1 X25.471 Y22.471 E4.89108
G1 X25.218 Y22.068 E4.91502
;WIDTH:0.463825
G1 X25.02 Y21.542 E4.94302
G1 X24.828 Y21.277 E4.95932
;WIDTH:0.45
G1 X24.678 Y21.199 E4.96745
;WIDTH:0.435052
G1 X24.465 Y21.177 E4.97735
;WIDTH:0.396572
G1 X-27.771 Y21.177 E7.14163
;WIDTH:0.445037
G1 X-27.871 Y21.187 E7.1464
;WIDTH:0.493503
G1 X-27.971 Y21.197 E7.15178
;WIDTH:0.541969
G1 X-28.071 Y21.208 E7.15777
;WIDTH:0.590435
G1 X-28.171 Y21.218 E7.16436
G1 X-28.201 Y21.266 E7.16807
;WIDTH:0.560907
G1 X-28.231 Y21.315 E7.17163
;WIDTH:0.531379
G1 X-28.355 Y21.632 E7.19146
;WIDTH:0.491648
G1 X-28.479 Y21.949 E7.2096
;WIDTH:0.461099
G1 X-28.744 Y22.433 E7.2369
;WIDTH:0.468255
G1 X-29.152 Y22.855 E7.26647
G1 X-29.5 Y23.093 E7.28771
;WIDTH:0.465997
G1 X-29.981 Y23.293 E7.3138
G1 X-30.391 Y23.375 E7.33474
;WIDTH:0.461242
G1 X-30.943 Y23.374 E7.36206
;WIDTH:0.468123
G1 X-31.525 Y23.222 E7.39235
G1 X-31.966 Y22.993 E7.41737
;WIDTH:0.459494
G1 X-32.364 Y22.656 E7.44307
;WIDTH:0.457253
G1 X-32.557 Y22.419 E7.45805
;WIDTH:0.460181
G1 X-32.855 Y21.915 E7.48695
;WIDTH:0.467757
G1 X-33.008 Y21.333 E7.51723
G1 X-33.028 Y20.889 E7.53959
;WIDTH:0.461227
G1 X-32.928 Y20.319 E7.56823
G1 X-32.677 Y19.758 E7.59865
;WIDTH:0.46355
G1 X-32.326 Y19.319 E7.62663
G1 X-32.056 Y19.088 E7.64432
;WIDTH:0.461475
G1 X-31.608 Y18.833 E7.66985
;WIDTH:0.470768
G1 X-31.187 Y18.689 E7.6924
;WIDTH:0.510686
G1 X-31.078 Y18.636 E7.69915
;WIDTH:0.550604
G1 X-30.968 Y18.583 E7.70655
;WIDTH:0.590523
G1 X-30.859 Y18.529 E7.71453
G1 X-30.849 Y18.429 E7.72113
;WIDTH:0.542035
G1 X-30.838 Y18.329 E7.72712
;WIDTH:0.493547
G1 X-30.828 Y18.229 E7.7325
;WIDTH:0.445059
G1 X-30.818 Y18.129 E7.73727
;WIDTH:0.396572
G1 X-30.818 Y-25.279 E9.53578
;WIDTH:0.423286
G1 X-30.868 Y-25.374 E9.54059
;WIDTH:0.45
G1 X-30.918 Y-25.47 E9.5458
;WIDTH:0.458863
G1 X-31.034 Y-25.585 E9.55384
;WIDTH:0.468334
G1 X-31.517 Y-25.774 E9.57997
G1 X-31.965 Y-26.007 E9.60541
;WIDTH:0.460115
G1 X-32.38 Y-26.355 E9.63214
;WIDTH:0.46874
G1 X-32.715 Y-26.808 E9.66056
G1 X-32.932 Y-27.309 E9.6881
;WIDTH:0.460286
G1 X-33.025 Y-27.843 E9.71487
;WIDTH:0.464744
G1 X-33.006 Y-28.338 E9.73961
;WIDTH:0.465445
G1 X-32.841 Y-28.921 E9.76992
G1 X-32.631 Y-29.308 E9.79195
;WIDTH:0.462184
G1 X-32.306 Y-29.702 E9.81729
;WIDTH:0.462683
G1 X-32.042 Y-29.922 E9.83436
G1 X-31.605 Y-30.168 E9.85927
;WIDTH:0.467065
G1 X-31.179 Y-30.309 E9.88181
G1 X-30.59 Y-30.371 E9.91156
;WIDTH:0.458613
G1 X-30.089 Y-30.293 E9.93649
;WIDTH:0.455575
G1 X-29.524 Y-30.075 E9.96604
;WIDTH:0.468761
G1 X-29.102 Y-29.793 E9.99164
G1 X-28.742 Y-29.407 E10.01826
;WIDTH:0.46001
G1 X-28.471 Y-28.938 E10.04499
;WIDTH:0.468437
G1 X-28.319 Y-28.448 E10.07084
;WIDTH:0.510706
G1 X-28.274 Y-28.211 E10.08427
;WIDTH:0.552975
G1 X-28.23 Y-27.974 E10.09896
;WIDTH:0.595244
G1 X-28.185 Y-27.737 E10.11493
G1 X-28.127 Y-27.714 E10.11906
;WIDTH:0.556262
G1 X-28.068 Y-27.692 E10.12292
;WIDTH:0.517281
G1 X-28.009 Y-27.669 E10.1265
;WIDTH:0.478299
G1 X-27.951 Y-27.647 E10.1297
;WIDTH:0.439318
G1 X-27.687 Y-27.604 E10.14221
;WIDTH:0.396572
G1 X24.46 Y-27.604 E12.3028
;WIDTH:0.444316
G1 X24.564 Y-27.636 E12.30796
;WIDTH:0.49206
G1 X24.667 Y-27.669 E12.31373
;WIDTH:0.539804
G1 X24.7 Y-27.679 E12.31577
G1 X24.498 Y-28.024 F7200
;TYPE:External perimeter
;WIDTH:0.45
G1 F1800
G1 X24.551 Y-28.062 E12.31891
G1 X24.646 Y-28.61 E12.34566
G1 X24.84 Y-29.17 E12.37416
G1 X25.102 Y-29.615 E12.399
G1 X25.498 Y-30.054 E12.42744
G1 X25.913 Y-30.361 E12.45227
G1 X26.448 Y-30.612 E12.48069
G1 X26.95 Y-30.733 E12.50553
G1 X27.481 Y-30.753 E12.53109
G1 X27.992 Y-30.681 E12.55591
G1 X28.424 Y-30.53 E12.57792
G1 X28.876 Y-30.3 E12.60231
G1 X29.271 Y-29.979 E12.62679
G1 X29.621 Y-29.561 E12.65301
G1 X29.878 Y-29.115 E12.67777
G1 X30.047 Y-28.584 E12.70457
G1 X30.118 Y-28.029 E12.73148
G1 X30.11 Y-27.768 E12.74404
G1 X30.019 Y-27.266 E12.76858
G1 X29.838 Y-26.797 E12.79276
G1 X29.661 Y-26.469 E12.81069
G1 X29.35 Y-26.07 E12.83502
G1 X28.955 Y-25.731 E12.86006
G1 X28.439 Y-25.439 E12.88858
G1 X27.937 Y-25.251 E12.91436
G1 X27.873 Y-25.108 E12.9219
G1 X27.873 Y18.129 E15.00145
G1 X27.914 Y18.248 E15.0075
G1 X28.731 Y18.609 E15.05046
G1 X29.166 Y18.923 E15.07626
G1 X29.552 Y19.331 E15.10327
G1 X29.832 Y19.791 E15.12917
G1 X30.03 Y20.314 E15.15607
G1 X30.107 Y20.752 E15.17746
G1 X30.099 Y21.309 E15.20425
G1 X29.992 Y21.839 E15.23026
G1 X29.768 Y22.352 E15.25718
G1 X29.459 Y22.8 E15.28336
G1 X28.979 Y23.248 E15.31494
G1 X28.49 Y23.536 E15.34224
G1 X28.066 Y23.688 E15.3639
G1 X27.529 Y23.773 E15.39005
G1 X26.974 Y23.757 E15.41675
G1 X26.439 Y23.626 E15.44324
G1 X25.974 Y23.421 E15.46768
G1 X25.55 Y23.115 E15.49283
G1 X25.127 Y22.669 E15.52239
G1 X24.868 Y22.241 E15.54645
G1 X24.663 Y21.711 E15.57378
G1 X24.586 Y21.578 E15.58117
G1 X24.465 Y21.536 E15.58733
G1 X-27.828 Y21.536 E18.10244
G1 X-27.95 Y21.658 E18.11074
G1 X-28.216 Y22.337 E18.14581
G1 X-28.529 Y22.786 E18.17213
G1 X-28.885 Y23.146 E18.19648
G1 X-29.321 Y23.438 E18.22172
G1 X-29.848 Y23.663 E18.24928
G1 X-30.359 Y23.764 E18.27433
G1 X-30.926 Y23.768 E18.3016
G1 X-31.374 Y23.687 E18.3235
G1 X-31.877 Y23.493 E18.34943
G1 X-32.32 Y23.227 E18.37428
G1 X-32.698 Y22.876 E18.39909
G1 X-33.051 Y22.403 E18.42748
G1 X-33.263 Y21.932 E18.45232
G1 X-33.395 Y21.41 E18.47822
G1 X-33.424 Y20.966 E18.49962
G1 X-33.362 Y20.443 E18.52495
G1 X-33.208 Y19.933 E18.55057
G1 X-32.955 Y19.474 E18.57578
G1 X-32.619 Y19.057 E18.60154
G1 X-32.269 Y18.76 E18.62362
G1 X-31.719 Y18.453 E18.65392
G1 X-31.241 Y18.273 E18.67849
G1 X-31.177 Y18.129 E18.68607
G1 X-31.177 Y-25.108 E20.76562
G1 X-31.219 Y-25.228 E20.77173
G1 X-31.348 Y-25.304 E20.77893
G1 X-31.876 Y-25.506 E20.80612
G1 X-32.351 Y-25.799 E20.83296
G1 X-32.748 Y-26.181 E20.85946
G1 X-33.052 Y-26.598 E20.88428
G1 X-33.264 Y-27.073 E20.9093
G1 X-33.397 Y-27.603 E20.93558
G1 X-33.423 Y-28.05 E20.95712
G1 X-33.36 Y-28.561 E20.98188
G1 X-33.199 Y-29.09 E21.00848
G1 X-32.952 Y-29.531 E21.03279
G1 X-32.595 Y-29.966 E21.05986
G1 X-32.252 Y-30.253 E21.08137
G1 X-31.768 Y-30.523 E21.10803
G1 X-31.243 Y-30.698 E21.13465
G1 X-30.692 Y-30.758 E21.16131
G1 X-30.184 Y-30.724 E21.1858
G1 X-29.684 Y-30.583 E21.21079
G1 X-29.234 Y-30.363 E21.23488
G1 X-28.856 Y-30.104 E21.25692
G1 X-28.504 Y-29.736 E21.28141
G1 X-28.174 Y-29.237 E21.31018
G1 X-27.993 Y-28.761 E21.33467
G1 X-27.888 Y-28.204 E21.36193
G1 X-27.834 Y-28.031 E21.37065
G1 X-27.687 Y-27.963 E21.37844
G1 X24.412 Y-27.963 E23.88422
G1 X24.45 Y-27.99 E23.88646
G1 X24.596 Y-28.362 F7200
G1 E21.88646 F2400
G92 E0
G1 Z5.05 F7200
G1 X36.712 Y-23.8
G1 Z3.05
G1 E2 F2400
;TYPE:Perimeter
;WIDTH:0.490465
G1 F3600
G1 X36.992 Y-24.23 E2.02727
;WIDTH:0.498862
G1 X37.531 Y-24.782 E2.06908
G1 X38.002 Y-25.109 E2.10015
;WIDTH:0.479945
G1 X38.496 Y-25.339 E2.12839
;WIDTH:0.454959
G1 X38.966 Y-25.477 E2.15225
;WIDTH:0.428154
G1 X39.536 Y-25.573 E2.17848
;WIDTH:0.396572
G1 X42.349 Y-25.573 E2.29503
;WIDTH:0.412128
G1 X42.855 Y-25.544 E2.31701
;WIDTH:0.455977
G1 X43.494 Y-25.41 E2.3489
;WIDTH:0.481938
G1 X44.127 Y-25.149 E2.38456
;WIDTH:0.490464
G1 X44.589 Y-24.845 E2.41395
;WIDTH:0.498244
G1 X45.142 Y-24.306 E2.45574
G1 X45.468 Y-23.835 E2.48674
;WIDTH:0.479944
G1 X45.698 Y-23.343 E2.51489
;WIDTH:0.455527
G1 X45.853 Y-22.809 E2.54202
;WIDTH:0.437259
G1 X45.932 Y-22.018 E2.57899
;WIDTH:0.396572
G1 X45.932 Y21.012 E4.36184
;WIDTH:0.411996
G1 X45.903 Y21.516 E4.38373
;WIDTH:0.455976
G1 X45.768 Y22.157 E4.41572
;WIDTH:0.481937
G1 X45.508 Y22.789 E4.45131
;WIDTH:0.490464
G1 X45.204 Y23.251 E4.4807
;WIDTH:0.498244
G1 X44.665 Y23.805 E4.52253
G1 X44.194 Y24.13 E4.5535
;WIDTH:0.479944
G1 X43.7 Y24.36 E4.58174
;WIDTH:0.454965
G1 X43.244 Y24.497 E4.60494
;WIDTH:0.428707
G1 X42.66 Y24.595 E4.63185
;WIDTH:0.396572
G1 X39.847 Y24.595 E4.7484
;WIDTH:0.41213
G1 X39.341 Y24.565 E4.77039
;WIDTH:0.455975
G1 X38.702 Y24.431 E4.80228
;WIDTH:0.481938
G1 X38.07 Y24.17 E4.83789
;WIDTH:0.490464
G1 X37.607 Y23.866 E4.86733
;WIDTH:0.498244
G1 X37.054 Y23.327 E4.90912
;WIDTH:0.485505
G1 X36.689 Y22.789 E4.94327
;WIDTH:0.481934
G1 X36.428 Y22.157 E4.97888
;WIDTH:0.455975
G1 X36.293 Y21.516 E5.01087
;WIDTH:0.411997
G1 X36.264 Y21.012 E5.03276
;WIDTH:0.396572
G1 X36.264 Y-21.99 E6.81445
;WIDTH:0.41255
G1 X36.295 Y-22.507 E6.83694
;WIDTH:0.455975
G1 X36.428 Y-23.135 E6.86829
;WIDTH:0.482761
G1 X36.682 Y-23.748 E6.90292
G1 X37.058 Y-23.6 F7200
;TYPE:External perimeter
;WIDTH:0.45
G1 F1800
G1 X37.362 Y-24.036 E6.92848
G1 X37.8 Y-24.473 E6.95824
G1 X38.225 Y-24.776 E6.98334
G1 X38.825 Y-25.04 E7.01487
G1 X39.415 Y-25.185 E7.04409
G1 X39.847 Y-25.214 E7.06491
G1 X42.349 Y-25.214 E7.18525
G1 X42.782 Y-25.185 E7.20612
G1 X43.369 Y-25.042 E7.23518
G1 X43.949 Y-24.788 E7.26563
G1 X44.395 Y-24.476 E7.29181
G1 X44.834 Y-24.036 E7.3217
G1 X45.134 Y-23.613 E7.34664
G1 X45.399 Y-23.014 E7.37814
G1 X45.544 Y-22.423 E7.40741
G1 X45.573 Y-21.99 E7.42828
G1 X45.573 Y21.012 E9.49653
G1 X45.544 Y21.444 E9.51735
G1 X45.401 Y22.032 E9.54646
G1 X45.147 Y22.612 E9.57691
G1 X44.834 Y23.057 E9.60308
G1 X44.395 Y23.497 E9.63297
G1 X43.971 Y23.797 E9.65795
G1 X43.369 Y24.063 E9.6896
G1 X42.782 Y24.206 E9.71866
G1 X42.349 Y24.236 E9.73954
G1 X39.847 Y24.236 E9.85988
G1 X39.414 Y24.206 E9.88076
G1 X38.827 Y24.063 E9.90982
G1 X38.247 Y23.81 E9.94025
G1 X37.802 Y23.497 E9.96642
G1 X37.362 Y23.057 E9.99635
G1 X37.049 Y22.612 E10.02252
G1 X36.796 Y22.032 E10.05295
G1 X36.653 Y21.444 E10.08206
G1 X36.623 Y21.012 E10.10289
G1 X36.623 Y-21.99 E12.17114
G1 X36.655 Y-22.436 E12.19265
G1 X36.796 Y-23.01 E12.22108
G1 X37.032 Y-23.547 E12.24929
G1 X37.254 Y-23.879 F7200
G1 E10.24929 F2400
G92 E0
G1 Z5.05 F7200
G1 X38.63 Y-25.791
G1 Z3.05
G1 E2 F2400
;TYPE:Perimeter
;WIDTH:0.456413
G1 F3600
G1 X39.29 Y-25.887 E2.03261
;WIDTH:0.411998
G1 X39.847 Y-25.905 E2.05677
;WIDTH:0.396572
G1 X42.762 Y-25.905 E2.17755
;WIDTH:0.430243
G1 X43.316 Y-25.832 E2.20305
;WIDTH:0.454967
G1 X43.829 Y-25.708 E2.22876
;WIDTH:0.48191
G1 X44.331 Y-25.512 E2.25682
;WIDTH:0.485506
G1 X44.754 Y-25.244 E2.28312
;WIDTH:0.488456
G1 X45.176 Y-24.892 E2.31219
;WIDTH:0.490465
G1 X45.544 Y-24.484 E2.34139
G1 X45.828 Y-24.042 E2.36931
;WIDTH:0.479786
G1 X46.035 Y-23.56 E2.39649
;WIDTH:0.458312
G1 X46.186 Y-23.053 E2.42248
;WIDTH:0.442395
G1 X46.257 Y-22.468 E2.45026
;WIDTH:0.41185
G1 X46.264 Y-21.99 E2.47098
;WIDTH:0.396572
G1 X46.264 Y21.431 E4.27003
;WIDTH:0.436107
G1 X46.179 Y22.06 E4.29946
;WIDTH:0.457838
G1 X46.034 Y22.581 E4.326
;WIDTH:0.479943
G1 X45.816 Y23.083 E4.35437
;WIDTH:0.490464
G1 X45.544 Y23.505 E4.38105
G1 X45.176 Y23.914 E4.41029
;WIDTH:0.488456
G1 X44.754 Y24.265 E4.43932
;WIDTH:0.485507
G1 X44.288 Y24.554 E4.46812
;WIDTH:0.481938
G1 X43.579 Y24.811 E4.5074
;WIDTH:0.455975
G1 X42.906 Y24.909 E4.54062
;WIDTH:0.411996
G1 X42.349 Y24.927 E4.56478
;WIDTH:0.396572
G1 X39.811 Y24.927 E4.66994
;WIDTH:0.41213
G1 X39.287 Y24.908 E4.69268
;WIDTH:0.437526
G1 X38.786 Y24.839 E4.71622
;WIDTH:0.457839
G1 X38.278 Y24.697 E4.74211
;WIDTH:0.479944
G1 X37.776 Y24.479 E4.77048
;WIDTH:0.490464
G1 X37.354 Y24.207 E4.79716
G1 X36.945 Y23.839 E4.8264
;WIDTH:0.488456
G1 X36.593 Y23.417 E4.85547
;WIDTH:0.485505
G1 X36.304 Y22.95 E4.88432
;WIDTH:0.481934
G1 X36.048 Y22.242 E4.92353
;WIDTH:0.455975
G1 X35.95 Y21.569 E4.95675
;WIDTH:0.411997
G1 X35.932 Y21.012 E4.98091
;WIDTH:0.396572
G1 X35.932 Y-21.99 E6.7626
;WIDTH:0.41125
G1 X35.944 Y-22.499 E6.78463
;WIDTH:0.436107
G1 X36.017 Y-23.038 E6.80985
;WIDTH:0.45804
G1 X36.163 Y-23.562 E6.83656
;WIDTH:0.479971
G1 X36.375 Y-24.053 E6.86428
;WIDTH:0.490465
G1 X36.652 Y-24.484 E6.89151
G1 X37.023 Y-24.895 E6.92093
;WIDTH:0.488569
G1 X37.453 Y-25.251 E6.95047
;WIDTH:0.485321
G1 X37.908 Y-25.533 E6.97857
;WIDTH:0.481938
G1 X38.573 Y-25.773 E7.01539
G1 X38.521 Y-26.17 F7200
;TYPE:External perimeter
;WIDTH:0.45
G1 F1800
G1 X39.36 Y-26.264 E7.056
G1 X42.836 Y-26.264 E7.22318
G1 X43.688 Y-26.168 E7.26442
G1 X44.486 Y-25.889 E7.30508
G1 X45.201 Y-25.44 E7.34569
G1 X45.799 Y-24.842 E7.38637
G1 X46.248 Y-24.126 E7.42702
G1 X46.436 Y-23.593 E7.4542
G1 X46.58 Y-23.021 E7.48257
G1 X46.623 Y-22.468 E7.50925
G1 X46.623 Y21.499 E9.62391
G1 X46.527 Y22.35 E9.6651
G1 X46.248 Y23.148 E9.70576
G1 X45.799 Y23.864 E9.74641
G1 X45.201 Y24.461 E9.78705
G1 X44.486 Y24.911 E9.82768
G1 X43.688 Y25.19 E9.86834
G1 X42.836 Y25.286 E9.90958
G1 X39.36 Y25.286 E10.07676
G1 X38.508 Y25.19 E10.118
G1 X37.711 Y24.911 E10.15861
G1 X36.995 Y24.461 E10.19928
G1 X36.398 Y23.864 E10.23989
G1 X35.948 Y23.148 E10.28056
G1 X35.669 Y22.35 E10.32122
G1 X35.573 Y21.499 E10.36241
G1 X35.573 Y-22.478 E12.47755
G1 X35.669 Y-23.329 E12.51874
G1 X35.948 Y-24.127 E12.5594
G1 X36.398 Y-24.842 E12.60003
G1 X36.995 Y-25.44 E12.64067
G1 X37.711 Y-25.889 E12.68132
G1 X38.464 Y-26.153 E12.7197
G1 X38.86 Y-26.207 F7200
G1 E10.7197 F2400
G92 E0
G1 Z5.05 F7200
G1 X36.432 Y-32.073
G1 Z3.05
G1 E2 F2400
;TYPE:Perimeter
;WIDTH:0.396572
G1 F1200
G1 X36.432 Y-32.405 E2.01376
G1 X47.264 Y-32.405 E2.46256
G1 X47.264 Y-32.073 E2.47632
G1 X36.492 Y-32.073 E2.92263
G1 X36.073 Y-31.714 F7200
;TYPE:External perimeter
;WIDTH:0.45
G1 F1200
G1 X36.073 Y-32.764 E2.97313
G1 X47.623 Y-32.764 E3.52864
G1 X47.623 Y-31.714 E3.57914
G1 X36.133 Y-31.714 E4.13177
G1 X36.074 Y-32.11 F7200
M106 S214.2
;LAYER_CHANGE
;Z:3.35
;HEIGHT:0.3
G1 Z3.35 F7200
G1 X36.432 Y-32.073
;TYPE:Perimeter
;WIDTH:0.396572
G1 F1200
G1 X36.432 Y-32.405 E4.14553
G1 X47.264 Y-32.405 E4.59433
G1 X47.264 Y-32.073 E4.60809
G1 X36.492 Y-32.073 E5.0544
G1 X36.073 Y-31.714 F7200
;TYPE:External perimeter
;WIDTH:0.45
G1 F1200
G1 X36.073 Y-32.764 E5.1049
G1 X47.623 Y-32.764 E5.66041
G1 X47.623 Y-31.714 E5.71091
G1 X36.133 Y-31.714 E6.26354
G1 X36.074 Y-32.11 F7200
G1 E4.26354 F2400
G92 E0
G1 Z5.35 F7200
G1 X26.364 Y-26.285
G1 Z3.35
G1 E2 F2400
;TYPE:Perimeter
;WIDTH:0.466414
G1 F1200
G1 X25.997 Y-26.536 E2.0223
;WIDTH:0.459513
G1 X25.645 Y-26.971 E2.04988
;WIDTH:0.452437
G1 X25.417 Y-27.547 E2.07986
;WIDTH:0.465588
G1 X25.376 Y-27.858 E2.09556
G1 X25.395 Y-28.342 E2.1198
;WIDTH:0.464177
G1 X25.555 Y-28.826 E2.14522
G1 X25.684 Y-29.067 E2.15885
;WIDTH:0.457465
G1 X26.011 Y-29.457 E2.1838
;WIDTH:0.466685
G1 X26.334 Y-29.682 E2.20355
G1 X26.767 Y-29.885 E2.22755
;WIDTH:0.456008
G1 X27.326 Y-29.975 E2.25521
;WIDTH:0.462555
G1 X27.878 Y-29.897 E2.2829
;WIDTH:0.465108
G1 X28.223 Y-29.761 E2.30143
G1 X28.653 Y-29.487 E2.32691
;WIDTH:0.454855
G1 X29.012 Y-29.066 E2.35386
;WIDTH:0.466031
G1 X29.234 Y-28.575 E2.38085
G1 X29.318 Y-28.224 E2.39893
;WIDTH:0.460266
G1 X29.302 Y-27.632 E2.42817
;WIDTH:0.457087
G1 X29.114 Y-27.087 E2.45641
;WIDTH:0.466514
G1 X28.867 Y-26.731 E2.47814
G1 X28.544 Y-26.407 E2.50109
;WIDTH:0.45669
G1 X28.039 Y-26.128 E2.52932
;WIDTH:0.453268
G1 X27.449 Y-26.011 E2.55849
G1 X27.247 Y-26.011 E2.56829
;WIDTH:0.453682
G1 X26.751 Y-26.098 E2.59274
;WIDTH:0.466414
G1 X26.414 Y-26.252 E2.61132
G1 X26.561 Y-26.626 F7200
;TYPE:External perimeter
;WIDTH:0.45
G1 F1200
G1 X26.347 Y-26.744 E2.62307
G1 X25.982 Y-27.162 E2.64976
G1 X25.781 Y-27.68 E2.67648
G1 X25.769 Y-28.234 E2.70313
G1 X25.948 Y-28.759 E2.72981
G1 X26.305 Y-29.201 E2.75714
G1 X26.771 Y-29.479 E2.78324
G1 X27.315 Y-29.586 E2.80991
G1 X27.81 Y-29.511 E2.83399
G1 X28.026 Y-29.421 E2.84524
G1 X28.4 Y-29.191 E2.86636
G1 X28.725 Y-28.803 E2.8907
G1 X28.915 Y-28.3 E2.91656
G1 X28.927 Y-27.784 E2.94138
G1 X28.748 Y-27.22 E2.96984
G1 X28.4 Y-26.787 E2.99656
G1 X27.926 Y-26.5 E3.02321
G1 X27.382 Y-26.392 E3.04989
G1 X26.833 Y-26.477 E3.07661
G1 X26.614 Y-26.598 E3.08864
G1 X26.288 Y-26.83 F7200
G1 X25.947 Y-26.083
;TYPE:Perimeter
;WIDTH:0.466414
G1 F1200
G1 X25.885 Y-26.124 E3.09237
;WIDTH:0.467815
G1 X25.525 Y-26.467 E3.11739
G1 X25.231 Y-26.911 E3.14419
;WIDTH:0.467424
G1 X25.088 Y-27.259 E3.1631
G1 X24.975 Y-27.858 E3.19374
;WIDTH:0.465588
G1 X25.017 Y-28.414 E3.22164
;WIDTH:0.464177
G1 X25.18 Y-28.966 E3.25034
G1 X25.365 Y-29.292 E3.26903
;WIDTH:0.457678
G1 X25.736 Y-29.739 E3.29753
;WIDTH:0.466685
G1 X26.148 Y-30.038 E3.32307
G1 X26.687 Y-30.268 E3.35248
;WIDTH:0.456008
G1 X27.312 Y-30.362 E3.38335
;WIDTH:0.462555
G1 X27.945 Y-30.289 E3.41499
G1 X28.287 Y-30.168 E3.43301
;WIDTH:0.457409
G1 X28.747 Y-29.908 E3.45891
G1 X28.982 Y-29.707 E3.47407
;WIDTH:0.4544
G1 X29.364 Y-29.244 E3.50327
;WIDTH:0.466031
G1 X29.607 Y-28.724 E3.53202
G1 X29.714 Y-28.226 E3.55754
;WIDTH:0.462229
G1 X29.716 Y-27.786 E3.57937
G1 X29.656 Y-27.441 E3.59675
;WIDTH:0.457087
G1 X29.48 Y-26.945 E3.62253
G1 X29.323 Y-26.677 E3.63774
;WIDTH:0.454675
G1 X28.934 Y-26.223 E3.66684
;WIDTH:0.465288
G1 X28.461 Y-25.892 E3.69571
G1 X28.036 Y-25.718 E3.71867
;WIDTH:0.456897
G1 X27.508 Y-25.626 E3.74491
;WIDTH:0.453268
G1 X27.229 Y-25.622 E3.75844
;WIDTH:0.463318
G1 X26.733 Y-25.695 E3.78339
;WIDTH:0.466414
G1 X26.234 Y-25.893 E3.81031
G1 X25.997 Y-26.05 E3.82457
G1 X25.742 Y-25.756 F7200
;TYPE:External perimeter
;WIDTH:0.45
G1 F1200
G1 X25.661 Y-25.81 E3.82925
G1 X25.226 Y-26.203 E3.85745
G1 X24.904 Y-26.699 E3.88589
G1 X24.712 Y-27.126 E3.90841
G1 X24.613 Y-27.635 E3.93335
G1 X24.582 Y-28.187 E3.95994
G1 X24.691 Y-28.762 E3.98809
G1 X24.857 Y-29.195 E4.01039
G1 X25.152 Y-29.672 E4.03736
G1 X25.534 Y-30.079 E4.06421
G1 X25.981 Y-30.395 E4.09054
G1 X26.491 Y-30.621 E4.11737
G1 X27.026 Y-30.737 E4.1437
G1 X27.585 Y-30.746 E4.17059
G1 X28.172 Y-30.627 E4.1994
G1 X28.641 Y-30.436 E4.22376
G1 X29.095 Y-30.135 E4.24996
G1 X29.492 Y-29.739 E4.27693
G1 X29.815 Y-29.234 E4.30576
G1 X30.004 Y-28.765 E4.33008
G1 X30.104 Y-28.23 E4.35626
G1 X30.109 Y-27.729 E4.38036
G1 X30.002 Y-27.19 E4.40679
G1 X29.789 Y-26.674 E4.43364
G1 X29.481 Y-26.22 E4.46003
G1 X29.084 Y-25.826 E4.48693
G1 X28.624 Y-25.529 E4.51327
G1 X28.056 Y-25.308 E4.54258
G1 X27.357 Y-25.216 E4.57649
G1 X26.659 Y-25.303 E4.61032
G1 X26.09 Y-25.527 E4.63973
G1 X25.792 Y-25.723 E4.65689
G1 X25.482 Y-25.976 F7200
G1 E2.65689 F2400
G92 E0
G1 Z5.35 F7200
G1 X25.634 Y20.021
G1 Z3.35
G1 E2 F2400
;TYPE:Perimeter
;WIDTH:0.462859
G1 F1200
G1 X25.683 Y19.933 E2.00501
;WIDTH:0.458011
G1 X26.014 Y19.539 E2.03027
G1 X26.578 Y19.186 E2.06294
;WIDTH:0.46324
G1 X26.841 Y19.099 E2.07672
G1 X27.373 Y19.022 E2.10346
;WIDTH:0.462433
G1 X27.899 Y19.107 E2.12991
;WIDTH:0.465391
G1 X28.245 Y19.252 E2.14867
G1 X28.659 Y19.518 E2.17328
;WIDTH:0.454801
G1 X29.012 Y19.934 E2.19985
;WIDTH:0.456728
G1 X29.114 Y20.108 E2.20972
G1 X29.301 Y20.651 E2.23782
;WIDTH:0.461711
G1 X29.318 Y21.225 E2.26628
;WIDTH:0.465196
G1 X29.241 Y21.576 E2.28424
G1 X29.046 Y22.04 E2.3094
;WIDTH:0.454747
G1 X28.698 Y22.462 E2.33603
;WIDTH:0.465395
G1 X28.252 Y22.766 E2.36303
G1 X27.915 Y22.911 E2.38138
;WIDTH:0.461244
G1 X27.34 Y22.997 E2.41016
;WIDTH:0.456751
G1 X26.766 Y22.906 E2.4386
;WIDTH:0.467272
G1 X26.376 Y22.728 E2.46014
G1 X25.998 Y22.462 E2.48337
;WIDTH:0.455372
G1 X25.636 Y22.017 E2.51134
;WIDTH:0.462908
G1 X25.433 Y21.511 E2.53844
G1 X25.384 Y21.255 E2.5514
;WIDTH:0.4504
G1 X25.39 Y20.693 E2.57846
;WIDTH:0.462859
G1 X25.571 Y20.131 E2.6078
G1 X25.604 Y20.073 E2.61112
G1 X25.976 Y20.218 F7200
;TYPE:External perimeter
;WIDTH:0.45
G1 F1200
G1 X26.306 Y19.798 E2.63681
G1 X26.771 Y19.521 E2.66284
G1 X27.315 Y19.414 E2.68951
G1 X27.831 Y19.493 E2.71462
G1 X28.349 Y19.766 E2.74278
G1 X28.715 Y20.183 E2.76947
G1 X28.915 Y20.7 E2.79613
G1 X28.927 Y21.225 E2.82139
G1 X28.748 Y21.78 E2.84944
G1 X28.4 Y22.213 E2.87616
G1 X27.926 Y22.5 E2.90281
G1 X27.425 Y22.6 E2.92738
G1 X26.833 Y22.523 E2.95609
G1 X26.347 Y22.256 E2.98276
G1 X25.982 Y21.838 E3.00945
G1 X25.781 Y21.321 E3.03613
G1 X25.769 Y20.766 E3.06283
G1 X25.939 Y20.266 E3.08823
G1 X26.186 Y19.951 F7200
G1 X25.082 Y20.337
;TYPE:Perimeter
;WIDTH:0.462859
G1 F1200
G1 X25.197 Y19.995 E3.10616
G1 X25.382 Y19.68 E3.12432
;WIDTH:0.4576
G1 X25.775 Y19.23 E3.15362
;WIDTH:0.466299
G1 X26.236 Y18.914 E3.18164
G1 X26.782 Y18.704 E3.21097
;WIDTH:0.46324
G1 X27.41 Y18.63 E3.24243
;WIDTH:0.462433
G1 X27.973 Y18.716 E3.27071
G1 X28.29 Y18.834 E3.2875
;WIDTH:0.456858
G1 X28.748 Y19.094 E3.31328
G1 X28.984 Y19.295 E3.32845
;WIDTH:0.454695
G1 X29.367 Y19.761 E3.35781
;WIDTH:0.465534
G1 X29.612 Y20.291 E3.38702
G1 X29.715 Y20.788 E3.41242
;WIDTH:0.461711
G1 X29.716 Y21.225 E3.43408
G1 X29.656 Y21.559 E3.4509
;WIDTH:0.457032
G1 X29.48 Y22.056 E3.47672
G1 X29.323 Y22.323 E3.49189
;WIDTH:0.45474
G1 X28.934 Y22.777 E3.521
;WIDTH:0.465395
G1 X28.461 Y23.108 E3.54988
G1 X28.065 Y23.276 E3.5714
;WIDTH:0.461628
G1 X27.562 Y23.377 E3.59682
G1 X27.211 Y23.379 E3.61421
;WIDTH:0.456751
G1 X26.688 Y23.291 E3.64016
G1 X26.401 Y23.184 E3.65515
;WIDTH:0.454317
G1 X25.88 Y22.876 E3.68459
;WIDTH:0.466419
G1 X25.481 Y22.479 E3.71281
G1 X25.211 Y22.05 E3.73823
;WIDTH:0.458884
G1 X25.031 Y21.512 E3.76614
;WIDTH:0.46639
G1 X24.975 Y20.984 E3.79276
G1 X25.036 Y20.475 E3.81846
;WIDTH:0.462859
G1 X25.063 Y20.394 E3.8227
G1 X24.709 Y20.217 F7200
;TYPE:External perimeter
;WIDTH:0.45
G1 F1200
G1 X24.828 Y19.86 E3.8408
G1 X25.011 Y19.517 E3.8595
G1 X25.467 Y18.973 E3.89364
G1 X26.023 Y18.574 E3.92655
G1 X26.59 Y18.352 E3.95584
G1 X27.142 Y18.264 E3.98272
G1 X27.669 Y18.256 E4.00807
G1 X28.182 Y18.374 E4.03339
G1 X28.667 Y18.579 E4.05872
G1 X29.12 Y18.885 E4.08501
G1 X29.507 Y19.28 E4.11161
G1 X29.822 Y19.778 E4.13995
G1 X30.009 Y20.251 E4.16441
G1 X30.106 Y20.787 E4.19061
G1 X30.107 Y21.283 E4.21447
G1 X30 Y21.819 E4.24076
G1 X29.787 Y22.33 E4.26739
G1 X29.48 Y22.782 E4.29367
G1 X29.086 Y23.172 E4.32033
G1 X28.627 Y23.469 E4.34662
G1 X28.113 Y23.676 E4.37327
G1 X27.576 Y23.772 E4.39951
G1 X27.021 Y23.765 E4.42621
G1 X26.489 Y23.644 E4.45245
G1 X25.98 Y23.424 E4.47912
G1 X25.536 Y23.106 E4.50539
G1 X25.153 Y22.706 E4.53203
G1 X24.867 Y22.24 E4.55833
G1 X24.668 Y21.725 E4.58488
G1 X24.575 Y21.01 E4.61956
G1 X24.656 Y20.376 E4.6503
G1 X24.69 Y20.274 E4.65547
G1 X24.82 Y19.896 F7200
G1 E2.65547 F2400
G92 E0
G1 Z5.35 F7200
G1 X-32.616 Y21.011
G1 Z3.35
G1 E2 F2400
;TYPE:Perimeter
;WIDTH:0.462694
G1 F1200
G1 X-32.6 Y20.626 E2.01914
;WIDTH:0.454727
G1 X-32.416 Y20.108 E2.0459
;WIDTH:0.464605
G1 X-32.115 Y19.686 E2.07177
G1 X-31.848 Y19.427 E2.09034
;WIDTH:0.459844
G1 X-31.334 Y19.145 E2.11926
;WIDTH:0.452826
G1 X-30.752 Y19.032 E2.14798
;WIDTH:0.466154
G1 X-30.443 Y19.045 E2.16348
G1 X-29.96 Y19.148 E2.18823
;WIDTH:0.462459
G1 X-29.491 Y19.406 E2.21481
;WIDTH:0.46599
G1 X-29.13 Y19.757 E2.24003
G1 X-28.872 Y20.139 E2.26312
;WIDTH:0.462234
G1 X-28.694 Y20.689 E2.29181
;WIDTH:0.461233
G1 X-28.682 Y21.255 E2.31983
;WIDTH:0.464966
G1 X-28.755 Y21.564 E2.33569
G1 X-28.953 Y22.04 E2.36145
;WIDTH:0.45479
G1 X-29.302 Y22.462 E2.38812
;WIDTH:0.465367
G1 X-29.741 Y22.762 E2.41471
G1 X-30.077 Y22.91 E2.43307
;WIDTH:0.460884
G1 X-30.657 Y22.997 E2.46207
;WIDTH:0.456814
G1 X-31.234 Y22.906 E2.49066
;WIDTH:0.467249
G1 X-31.617 Y22.732 E2.5118
G1 X-32.001 Y22.462 E2.53539
;WIDTH:0.45502
G1 X-32.316 Y22.088 E2.55921
;WIDTH:0.458246
G1 X-32.418 Y21.914 E2.56912
G1 X-32.588 Y21.442 E2.59377
;WIDTH:0.462694
G1 X-32.623 Y21.154 E2.60818
G1 X-32.619 Y21.071 E2.61231
G1 X-32.225 Y21.011 F7200
;TYPE:External perimeter
;WIDTH:0.45
G1 F1200
G1 X-32.231 Y20.766 E2.6241
G1 X-32.052 Y20.241 E2.65078
G1 X-31.704 Y19.809 E2.67746
G1 X-31.229 Y19.521 E2.70418
G1 X-30.685 Y19.414 E2.73085
G1 X-30.166 Y19.493 E2.7561
G1 X-29.687 Y19.745 E2.78213
G1 X-29.285 Y20.183 E2.81072
G1 X-29.085 Y20.7 E2.83738
G1 X-29.073 Y21.255 E2.86408
G1 X-29.252 Y21.781 E2.8908
G1 X-29.6 Y22.213 E2.91748
G1 X-30.074 Y22.5 E2.94413
G1 X-30.568 Y22.599 E2.96836
G1 X-31.167 Y22.523 E2.9974
G1 X-31.653 Y22.256 E3.02407
G1 X-32.018 Y21.838 E3.05076
G1 X-32.219 Y21.321 E3.07744
G1 X-32.224 Y21.071 E3.08947
G1 X-32.186 Y20.673 F7200
G1 E1.08947 F2400
G92 E0
G1 Z5.35 F7200
G1 X-30.044 Y18.713
G1 Z3.35
G1 E2 F2400
;TYPE:Perimeter
;WIDTH:0.462412
G1 F1200
G1 X-30.025 Y18.716 E2.00095
G1 X-29.711 Y18.832 E2.01757
;WIDTH:0.457676
G1 X-29.223 Y19.115 E2.04524
;WIDTH:0.46599
G1 X-28.807 Y19.519 E2.07429
G1 X-28.506 Y19.981 E2.10191
;WIDTH:0.462234
G1 X-28.341 Y20.474 E2.12771
;WIDTH:0.467836
G1 X-28.275 Y21.033 E2.15603
G1 X-28.343 Y21.562 E2.18287
;WIDTH:0.457369
G1 X-28.52 Y22.056 E2.20859
G1 X-28.678 Y22.323 E2.2238
;WIDTH:0.454623
G1 X-29.063 Y22.775 E2.2527
;WIDTH:0.465367
G1 X-29.532 Y23.104 E2.28135
G1 X-29.931 Y23.275 E2.30306
;WIDTH:0.461767
G1 X-30.43 Y23.376 E2.32829
G1 X-30.788 Y23.379 E2.34603
;WIDTH:0.456814
G1 X-31.311 Y23.291 E2.37199
G1 X-31.598 Y23.184 E2.38698
;WIDTH:0.454222
G1 X-32.118 Y22.877 E2.41634
;WIDTH:0.466566
G1 X-32.514 Y22.486 E2.44426
G1 X-32.692 Y22.221 E2.46027
;WIDTH:0.463306
G1 X-32.941 Y21.65 E2.49126
G1 X-33.007 Y21.285 E2.50972
;WIDTH:0.458031
G1 X-33.014 Y20.762 E2.5354
G1 X-32.955 Y20.454 E2.5508
;WIDTH:0.453743
G1 X-32.755 Y19.91 E2.57895
;WIDTH:0.464605
G1 X-32.428 Y19.438 E2.60761
G1 X-32.092 Y19.117 E2.63081
;WIDTH:0.461813
G1 X-31.68 Y18.87 E2.65462
;WIDTH:0.463436
G1 X-31.226 Y18.705 E2.67866
G1 X-30.59 Y18.63 E2.71053
;WIDTH:0.462412
G1 X-30.104 Y18.704 E2.73494
G1 X-29.971 Y18.33 F7200
;TYPE:External perimeter
;WIDTH:0.45
G1 F1200
G1 X-29.898 Y18.342 E2.7385
G1 X-29.405 Y18.534 E2.76395
G1 X-28.957 Y18.83 E2.78978
G1 X-28.476 Y19.305 E2.82229
G1 X-28.131 Y19.866 E2.85397
G1 X-27.956 Y20.422 E2.882
G1 X-27.882 Y21.055 E2.91265
G1 X-27.898 Y21.341 E2.92643
G1 X-28.018 Y21.858 E2.95196
G1 X-28.242 Y22.372 E2.97893
G1 X-28.555 Y22.815 E3.00502
G1 X-28.957 Y23.199 E3.03176
G1 X-29.417 Y23.485 E3.05781
G1 X-29.938 Y23.685 E3.08465
G1 X-30.529 Y23.77 E3.11337
G1 X-31.03 Y23.752 E3.13748
G1 X-31.552 Y23.625 E3.16332
G1 X-32.063 Y23.391 E3.19035
G1 X-32.532 Y23.033 E3.21873
G1 X-32.875 Y22.659 E3.24314
G1 X-33.15 Y22.194 E3.26912
G1 X-33.34 Y21.669 E3.29597
G1 X-33.413 Y21.14 E3.32165
G1 X-33.383 Y20.569 E3.34915
G1 X-33.245 Y20.054 E3.37479
G1 X-33.004 Y19.552 E3.40157
G1 X-32.672 Y19.124 E3.42762
G1 X-32.246 Y18.749 E3.45492
G1 X-31.784 Y18.488 E3.48044
G1 X-31.274 Y18.316 E3.50633
G1 X-30.479 Y18.247 E3.54471
G1 X-30.03 Y18.32 E3.56659
G1 X-29.649 Y18.443 F7200
G1 E1.56659 F2400
G92 E0
G1 Z5.35 F7200
G1 X-29.387 Y-26.482
G1 Z3.35
G1 E2 F2400
;TYPE:Perimeter
;WIDTH:0.460794
G1 F1200
G1 X-29.72 Y-26.238 E2.02041
;WIDTH:0.458456
G1 X-30.209 Y-26.056 E2.04606
;WIDTH:0.458763
G1 X-30.408 Y-26.02 E2.05601
G1 X-30.921 Y-26.021 E2.08124
G1 X-31.554 Y-26.224 E2.11394
;WIDTH:0.465434
G1 X-31.937 Y-26.493 E2.13735
G1 X-32.146 Y-26.682 E2.15145
;WIDTH:0.463385
G1 X-32.426 Y-27.119 E2.17728
G1 X-32.561 Y-27.464 E2.19572
G1 X-32.638 Y-28.008 E2.22306
;WIDTH:0.455521
G1 X-32.558 Y-28.527 E2.24868
;WIDTH:0.456904
G1 X-32.36 Y-29.008 E2.27415
G1 X-32.001 Y-29.44 E2.30165
;WIDTH:0.461135
G1 X-31.837 Y-29.58 E2.31232
G1 X-31.326 Y-29.857 E2.34108
;WIDTH:0.46545
G1 X-30.827 Y-29.961 E2.36658
G1 X-30.551 Y-29.971 E2.3804
;WIDTH:0.460425
G1 X-30.042 Y-29.881 E2.40593
;WIDTH:0.460127
G1 X-29.458 Y-29.573 E2.43852
;WIDTH:0.46657
G1 X-29.19 Y-29.316 E2.45715
G1 X-28.888 Y-28.891 E2.4833
;WIDTH:0.458656
G1 X-28.704 Y-28.387 E2.50968
G1 X-28.687 Y-27.745 E2.54126
;WIDTH:0.454321
G1 X-28.72 Y-27.546 E2.55107
G1 X-28.948 Y-26.972 E2.58111
;WIDTH:0.460794
G1 X-29.269 Y-26.569 E2.60658
G1 X-29.339 Y-26.517 E2.61089
G1 X-29.636 Y-26.779 F7200
;TYPE:External perimeter
;WIDTH:0.45
G1 F1200
G1 X-29.882 Y-26.589 E2.62584
G1 X-30.371 Y-26.414 E2.65082
G1 X-30.896 Y-26.411 E2.67607
G1 X-31.421 Y-26.589 E2.70273
G1 X-31.854 Y-26.937 E2.72945
G1 X-32.141 Y-27.412 E2.75614
G1 X-32.249 Y-27.956 E2.78282
G1 X-32.195 Y-28.387 E2.80371
G1 X-32.018 Y-28.817 E2.82608
G1 X-31.687 Y-29.21 E2.85079
G1 X-31.229 Y-29.479 E2.87634
G1 X-30.685 Y-29.586 E2.90301
G1 X-30.137 Y-29.502 E2.92967
G1 X-29.653 Y-29.235 E2.95626
G1 X-29.285 Y-28.817 E2.98305
G1 X-29.085 Y-28.3 E3.00971
G1 X-29.073 Y-27.745 E3.03641
G1 X-29.245 Y-27.239 E3.06211
G1 X-29.514 Y-26.873 E3.08396
G1 X-29.589 Y-26.816 E3.08849
G1 X-29.92 Y-26.591 F7200
G1 E1.08849 F2400
G92 E0
G1 Z5.35 F7200
G1 X-28.28 Y-28.145
G1 Z3.35
G1 E2 F2400
;TYPE:Perimeter
;WIDTH:0.46476
G1 F1200
G1 X-28.3 Y-27.733 E2.0206
;WIDTH:0.454321
G1 X-28.352 Y-27.418 E2.03613
;WIDTH:0.458414
G1 X-28.535 Y-26.911 E2.06262
;WIDTH:0.46191
G1 X-28.818 Y-26.476 E2.08835
;WIDTH:0.463508
G1 X-29.056 Y-26.226 E2.10553
G1 X-29.461 Y-25.931 E2.13047
;WIDTH:0.463624
G1 X-29.998 Y-25.705 E2.15948
G1 X-30.382 Y-25.626 E2.179
;WIDTH:0.459013
G1 X-30.897 Y-25.627 E2.20435
;WIDTH:0.458395
G1 X-31.205 Y-25.683 E2.21973
;WIDTH:0.455901
G1 X-31.698 Y-25.86 E2.24531
G1 X-31.967 Y-26.017 E2.26052
;WIDTH:0.454727
G1 X-32.424 Y-26.412 E2.28993
;WIDTH:0.463385
G1 X-32.778 Y-26.93 E2.32115
G1 X-32.954 Y-27.4 E2.34613
G1 X-33.023 Y-28.019 E2.37713
;WIDTH:0.452755
G1 X-32.954 Y-28.556 E2.40336
;WIDTH:0.453036
G1 X-32.751 Y-29.097 E2.43137
;WIDTH:0.464357
G1 X-32.418 Y-29.573 E2.46035
G1 X-32.08 Y-29.89 E2.48347
;WIDTH:0.460668
G1 X-31.662 Y-30.138 E2.50749
G1 X-31.332 Y-30.261 E2.5249
;WIDTH:0.460038
G1 X-30.793 Y-30.364 E2.55198
;WIDTH:0.468768
G1 X-30.236 Y-30.33 E2.58013
G1 X-29.708 Y-30.173 E2.60791
;WIDTH:0.460408
G1 X-29.257 Y-29.912 E2.63365
;WIDTH:0.458249
G1 X-29.024 Y-29.712 E2.64873
;WIDTH:0.454613
G1 X-28.68 Y-29.306 E2.67463
G1 X-28.529 Y-29.042 E2.68943
;WIDTH:0.459982
G1 X-28.341 Y-28.553 E2.71528
;WIDTH:0.46476
G1 X-28.289 Y-28.205 E2.73285
G1 X-27.895 Y-28.172 F7200
;TYPE:External perimeter
;WIDTH:0.45
G1 F1200
G1 X-27.888 Y-28.121 E2.73533
G1 X-27.93 Y-27.459 E2.76723
G1 X-28.156 Y-26.78 E2.80165
G1 X-28.489 Y-26.264 E2.83119
G1 X-28.781 Y-25.941 E2.85213
G1 X-29.247 Y-25.6 E2.8799
G1 X-29.843 Y-25.344 E2.9111
G1 X-30.325 Y-25.236 E2.93486
G1 X-30.996 Y-25.237 E2.96713
G1 X-31.54 Y-25.371 E2.99408
G1 X-32.059 Y-25.606 E3.02148
G1 X-32.492 Y-25.926 E3.04738
G1 X-32.892 Y-26.368 E3.07605
G1 X-33.15 Y-26.806 E3.1005
G1 X-33.342 Y-27.34 E3.12779
G1 X-33.413 Y-27.897 E3.1548
G1 X-33.382 Y-28.44 E3.18096
G1 X-33.241 Y-28.958 E3.20678
G1 X-32.991 Y-29.468 E3.2341
G1 X-32.659 Y-29.89 E3.25993
G1 X-32.23 Y-30.263 E3.28727
G1 X-31.71 Y-30.539 E3.31558
G1 X-31.228 Y-30.7 E3.34002
G1 X-30.692 Y-30.758 E3.36595
G1 X-30.143 Y-30.714 E3.39244
G1 X-29.481 Y-30.504 E3.42584
G1 X-29.009 Y-30.217 E3.45241
G1 X-28.591 Y-29.846 E3.47929
G1 X-28.271 Y-29.401 E3.50565
G1 X-28.052 Y-28.941 E3.53015
G1 X-27.964 Y-28.656 E3.5445
G1 X-27.904 Y-28.231 E3.56514
G1 X-27.909 Y-27.831 F7200
G1 E1.56514 F2400
G92 E0
G1 Z5.35 F7200
G1 X-54.736 Y-32.073
G1 Z3.35
G1 E2 F2400
;TYPE:Perimeter
;WIDTH:0.396572
G1 F1200
G1 X-63.568 Y-32.073 E2.36593
G1 X-63.568 Y-32.405 E2.37969
G1 X-54.736 Y-32.405 E2.74562
G1 X-54.736 Y-32.133 E2.75689
G1 X-54.377 Y-31.714 F7200
;TYPE:External perimeter
;WIDTH:0.45
G1 F1200
G1 X-63.927 Y-31.714 E3.21621
G1 X-63.927 Y-32.764 E3.26671
G1 X-54.377 Y-32.764 E3.72603
G1 X-54.377 Y-31.774 E3.77365
G1 X-54.772 Y-31.715 F7200
M106 S211.65
;LAYER_CHANGE
;Z:3.65
;HEIGHT:0.3
G1 E1.77365 F2400
G92 E0
G1 Z3.65 F7200
G1 Z5.65
G1 X36.432 Y-32.073
G1 Z3.65
G1 E2 F2400
;TYPE:Perimeter
;WIDTH:0.396572
G1 F1200
G1 X36.432 Y-32.405 E2.01376
G1 X47.264 Y-32.405 E2.46256
G1 X47.264 Y-32.073 E2.47632
G1 X36.492 Y-32.073 E2.92263
G1 X36.073 Y-31.714 F7200
;TYPE:External perimeter
;WIDTH:0.45
G1 F1200
G1 X36.073 Y-32.764 E2.97313
G1 X47.623 Y-32.764 E3.52864
G1 X47.623 Y-31.714 E3.57914
G1 X36.133 Y-31.714 E4.13177
G1 X36.074 Y-32.11 F7200
G1 E2.13177 F2400
G92 E0
G1 Z5.65 F7200
G1 X26.364 Y-26.285
G1 Z3.65
G1 E2 F2400
;TYPE:Perimeter
;WIDTH:0.461318
G1 F1200
G1 X26.18 Y-26.389 E2.01046
;WIDTH:0.466585
G1 X25.826 Y-26.734 E2.03526
G1 X25.581 Y-27.086 E2.05677
;WIDTH:0.459796
G1 X25.395 Y-27.635 E2.08536
;WIDTH:0.463918
G1 X25.377 Y-28.171 E2.11209
G1 X25.414 Y-28.433 E2.12528
;WIDTH:0.460289
G1 X25.631 Y-28.987 E2.15466
;WIDTH:0.458477
G1 X25.997 Y-29.442 E2.18336
;WIDTH:0.466778
G1 X26.349 Y-29.69 E2.20497
G1 X26.767 Y-29.884 E2.2281
;WIDTH:0.455205
G1 X27.326 Y-29.976 E2.25572
;WIDTH:0.461754
G1 X27.895 Y-29.893 E2.28422
;WIDTH:0.464653
G1 X28.21 Y-29.768 E2.30114
G1 X28.653 Y-29.487 E2.32733
;WIDTH:0.454005
G1 X29.012 Y-29.066 E2.35422
;WIDTH:0.466313
G1 X29.229 Y-28.589 E2.38049
G1 X29.318 Y-28.206 E2.4002
;WIDTH:0.461236
G1 X29.301 Y-27.632 E2.42862
;WIDTH:0.457793
G1 X29.114 Y-27.086 E2.45694
;WIDTH:0.466555
G1 X28.854 Y-26.715 E2.47966
G1 X28.543 Y-26.408 E2.50158
;WIDTH:0.455922
G1 X28.044 Y-26.129 E2.5295
;WIDTH:0.464153
G1 X27.546 Y-26.022 E2.5549
;WIDTH:0.464986
G1 X27.127 Y-26.026 E2.57584
G1 X26.635 Y-26.133 E2.601
;WIDTH:0.461318
G1 X26.417 Y-26.256 E2.61339
G1 X26.56 Y-26.624 F7200
;TYPE:External perimeter
;WIDTH:0.45
G1 F1200
G1 X26.312 Y-26.77 E2.62723
G1 X25.982 Y-27.162 E2.65188
G1 X25.781 Y-27.68 E2.6786
G1 X25.769 Y-28.234 E2.70525
G1 X25.948 Y-28.759 E2.73193
G1 X26.296 Y-29.191 E2.75861
G1 X26.771 Y-29.479 E2.78533
G1 X27.315 Y-29.586 E2.812
G1 X27.827 Y-29.508 E2.83691
G1 X28.349 Y-29.234 E2.86526
G1 X28.715 Y-28.817 E2.89195
G1 X28.915 Y-28.3 E2.91861
G1 X28.927 Y-27.798 E2.94276
G1 X28.868 Y-27.548 E2.95511
G1 X28.715 Y-27.162 E2.97508
G1 X28.388 Y-26.774 E2.99949
G1 X27.926 Y-26.5 E3.02532
G1 X27.382 Y-26.392 E3.052
G1 X26.77 Y-26.5 E3.08189
G1 X26.612 Y-26.593 E3.09071
G1 X26.285 Y-26.824 F7200
G1 X25.952 Y-26.082
;TYPE:Perimeter
;WIDTH:0.45494
G1 F1200
G1 X25.889 Y-26.119 E3.09427
;WIDTH:0.466585
G1 X25.517 Y-26.474 E3.12007
G1 X25.233 Y-26.903 E3.14588
G1 X25.081 Y-27.283 E3.16641
G1 X24.977 Y-27.826 E3.19414
;WIDTH:0.46404
G1 X25.005 Y-28.39 E3.22229
;WIDTH:0.463587
G1 X25.178 Y-28.957 E3.25181
G1 X25.366 Y-29.292 E3.27094
;WIDTH:0.458269
G1 X25.725 Y-29.728 E3.29869
;WIDTH:0.466778
G1 X26.129 Y-30.026 E3.32389
G1 X26.531 Y-30.224 E3.34638
;WIDTH:0.465663
G1 X27.019 Y-30.341 E3.3715
G1 X27.466 Y-30.365 E3.3939
;WIDTH:0.461754
G1 X27.962 Y-30.285 E3.4188
G1 X28.288 Y-30.169 E3.43595
;WIDTH:0.456529
G1 X28.747 Y-29.906 E3.46182
G1 X28.983 Y-29.708 E3.47689
;WIDTH:0.455197
G1 X29.363 Y-29.243 E3.50616
;WIDTH:0.466313
G1 X29.615 Y-28.698 E3.53626
G1 X29.715 Y-28.207 E3.56138
;WIDTH:0.462855
G1 X29.717 Y-27.799 E3.58166
G1 X29.655 Y-27.441 E3.59972
;WIDTH:0.457642
G1 X29.439 Y-26.854 E3.6304
;WIDTH:0.466555
G1 X29.15 Y-26.443 E3.6556
G1 X28.747 Y-26.074 E3.68301
;WIDTH:0.455922
G1 X28.187 Y-25.769 E3.71415
;WIDTH:0.464153
G1 X27.618 Y-25.629 E3.74337
G1 X27.212 Y-25.623 E3.76362
;WIDTH:0.454709
G1 X26.685 Y-25.717 E3.78968
;WIDTH:0.45494
G1 X26.385 Y-25.823 E3.80518
G1 X26.003 Y-26.051 E3.82685
G1 X25.731 Y-25.737 F7200
;TYPE:External perimeter
;WIDTH:0.45
G1 F1200
G1 X25.214 Y-26.218 E3.86081
G1 X24.906 Y-26.689 E3.88788
G1 X24.728 Y-27.094 E3.90916
G1 X24.611 Y-27.634 E3.93573
G1 X24.585 Y-28.172 E3.96164
G1 X24.671 Y-28.693 E3.98704
G1 X24.895 Y-29.257 E4.01623
G1 X25.162 Y-29.686 E4.04053
G1 X25.532 Y-30.075 E4.06635
G1 X25.996 Y-30.404 E4.09371
G1 X26.55 Y-30.633 E4.12254
G1 X27.044 Y-30.74 E4.14685
G1 X27.58 Y-30.746 E4.17263
G1 X28.139 Y-30.641 E4.19999
G1 X28.628 Y-30.442 E4.22538
G1 X29.109 Y-30.123 E4.25314
G1 X29.483 Y-29.749 E4.27858
G1 X29.802 Y-29.268 E4.30634
G1 X30 Y-28.778 E4.33176
G1 X30.106 Y-28.211 E4.3595
G1 X30.11 Y-27.742 E4.38206
G1 X29.996 Y-27.172 E4.41002
G1 X29.795 Y-26.685 E4.43536
G1 X29.468 Y-26.203 E4.46337
G1 X29.094 Y-25.835 E4.48861
G1 X28.653 Y-25.55 E4.51386
G1 X28.167 Y-25.345 E4.53923
G1 X27.635 Y-25.233 E4.56538
G1 X27.018 Y-25.236 E4.59506
G1 X26.344 Y-25.404 E4.62847
G1 X25.784 Y-25.707 E4.65909
G1 X25.483 Y-25.971 F7200
G1 E2.65909 F2400
G92 E0
G1 Z5.65 F7200
G1 X25.635 Y20.021
G1 Z3.65
G1 E2 F2400
;TYPE:Perimeter
;WIDTH:0.460316
G1 F1200
G1 X25.684 Y19.933 E2.00497
;WIDTH:0.458268
G1 X26.01 Y19.544 E2.0299
;WIDTH:0.466221
G1 X26.409 Y19.276 E2.05399
G1 X26.767 Y19.116 E2.07364
;WIDTH:0.455158
G1 X27.279 Y19.028 E2.09896
;WIDTH:0.459759
G1 X27.931 Y19.114 E2.13139
;WIDTH:0.464912
G1 X28.229 Y19.242 E2.14759
G1 X28.659 Y19.518 E2.17312
;WIDTH:0.453963
G1 X29.012 Y19.934 E2.19963
;WIDTH:0.457477
G1 X29.114 Y20.108 E2.20952
G1 X29.301 Y20.651 E2.23768
;WIDTH:0.462441
G1 X29.319 Y21.21 E2.26545
;WIDTH:0.465632
G1 X29.235 Y21.593 E2.28507
G1 X29.046 Y22.04 E2.30936
;WIDTH:0.455484
G1 X28.698 Y22.462 E2.33604
;WIDTH:0.464907
G1 X28.233 Y22.776 E2.36407
G1 X27.927 Y22.909 E2.38074
;WIDTH:0.460607
G1 X27.339 Y22.997 E2.41012
;WIDTH:0.455721
G1 X26.766 Y22.906 E2.43844
;WIDTH:0.467234
G1 X26.385 Y22.733 E2.45946
G1 X25.998 Y22.463 E2.48317
;WIDTH:0.456381
G1 X25.636 Y22.015 E2.51133
;WIDTH:0.463251
G1 X25.434 Y21.516 E2.53811
G1 X25.384 Y21.255 E2.55133
;WIDTH:0.45028
G1 X25.39 Y20.693 E2.57838
;WIDTH:0.463612
G1 X25.565 Y20.148 E2.60688
;WIDTH:0.460316
G1 X25.606 Y20.074 E2.61106
G1 X25.98 Y20.221 F7200
;TYPE:External perimeter
;WIDTH:0.45
G1 F1200
G1 X26.296 Y19.809 E2.63603
G1 X26.771 Y19.521 E2.66275
G1 X27.315 Y19.414 E2.68942
G1 X27.863 Y19.498 E2.71608
G1 X28.349 Y19.766 E2.74277
G1 X28.715 Y20.183 E2.76946
G1 X28.915 Y20.7 E2.79612
G1 X28.927 Y21.21 E2.82066
G1 X28.748 Y21.78 E2.8494
G1 X28.4 Y22.213 E2.87612
G1 X27.926 Y22.5 E2.90277
G1 X27.403 Y22.604 E2.92842
G1 X26.833 Y22.523 E2.95611
G1 X26.347 Y22.256 E2.98278
G1 X25.982 Y21.838 E3.00947
G1 X25.781 Y21.321 E3.03615
G1 X25.769 Y20.766 E3.06285
G1 X25.933 Y20.282 E3.08743
G1 X25.944 Y20.268 E3.08829
G1 X26.187 Y19.951 F7200
G1 X25.077 Y20.352
;TYPE:Perimeter
;WIDTH:0.463612
G1 F1200
G1 X25.189 Y20.011 E3.10616
G1 X25.383 Y19.682 E3.12518
;WIDTH:0.45668
G1 X25.774 Y19.232 E3.15435
;WIDTH:0.466221
G1 X26.191 Y18.938 E3.17992
G1 X26.662 Y18.741 E3.20551
;WIDTH:0.455158
G1 X27.191 Y18.649 E3.23168
;WIDTH:0.452385
G1 X27.488 Y18.646 E3.24605
;WIDTH:0.459759
G1 X27.994 Y18.724 E3.2713
G1 X28.29 Y18.833 E3.28686
;WIDTH:0.455919
G1 X28.779 Y19.115 E3.31443
;WIDTH:0.466727
G1 X29.145 Y19.458 E3.3396
G1 X29.435 Y19.867 E3.36476
;WIDTH:0.465896
G1 X29.618 Y20.314 E3.38895
G1 X29.716 Y20.805 E3.41402
;WIDTH:0.462441
G1 X29.717 Y21.209 E3.43408
G1 X29.654 Y21.559 E3.45174
;WIDTH:0.457547
G1 X29.457 Y22.113 E3.48057
;WIDTH:0.466594
G1 X29.174 Y22.528 E3.50577
G1 X28.865 Y22.845 E3.52798
;WIDTH:0.464907
G1 X28.442 Y23.118 E3.55313
G1 X28.035 Y23.288 E3.57516
;WIDTH:0.460607
G1 X27.539 Y23.379 E3.60008
G1 X27.21 Y23.38 E3.61634
;WIDTH:0.456407
G1 X26.688 Y23.289 E3.64225
;WIDTH:0.455721
G1 X26.4 Y23.184 E3.65721
;WIDTH:0.455144
G1 X25.879 Y22.873 E3.68678
;WIDTH:0.466587
G1 X25.471 Y22.469 E3.71558
G1 X25.2 Y22.025 E3.74167
;WIDTH:0.460324
G1 X25.031 Y21.512 E3.76834
;WIDTH:0.466344
G1 X24.975 Y20.984 E3.79496
G1 X25.036 Y20.475 E3.82066
;WIDTH:0.463612
G1 X25.058 Y20.408 E3.82417
G1 X24.706 Y20.223 F7200
;TYPE:External perimeter
;WIDTH:0.45
G1 F1200
G1 X24.82 Y19.878 E3.84165
G1 X25.002 Y19.531 E3.8605
G1 X25.459 Y18.98 E3.89493
G1 X26.022 Y18.575 E3.92829
G1 X26.667 Y18.322 E3.96161
G1 X27.293 Y18.247 E3.99193
G1 X27.566 Y18.266 E4.00509
G1 X28.182 Y18.372 E4.03515
G1 X28.65 Y18.57 E4.05959
G1 X29.131 Y18.894 E4.08748
G1 X29.495 Y19.266 E4.11251
G1 X29.812 Y19.75 E4.14034
G1 X30.004 Y20.235 E4.16543
G1 X30.108 Y20.804 E4.19325
G1 X30.109 Y21.268 E4.21557
G1 X29.994 Y21.836 E4.24344
G1 X29.793 Y22.318 E4.26856
G1 X29.467 Y22.797 E4.29643
G1 X29.095 Y23.164 E4.32156
G1 X28.607 Y23.479 E4.3495
G1 X28.124 Y23.673 E4.37453
G1 X27.552 Y23.774 E4.40247
G1 X27.031 Y23.766 E4.42753
G1 X26.464 Y23.636 E4.45551
G1 X25.987 Y23.427 E4.48056
G1 X25.516 Y23.088 E4.50847
G1 X25.156 Y22.711 E4.53354
G1 X24.854 Y22.214 E4.56151
G1 X24.669 Y21.73 E4.58643
G1 X24.575 Y21.01 E4.62135
G1 X24.658 Y20.369 E4.65244
G1 X24.687 Y20.28 E4.65694
G1 X24.818 Y19.902 F7200
G1 E2.65694 F2400
G92 E0
G1 Z5.65 F7200
G1 X-32.623 Y21.01
G1 Z3.65
G1 E2 F2400
;TYPE:Perimeter
;WIDTH:0.457332
G1 F1200
G1 X-32.582 Y20.559 E2.0222
;WIDTH:0.453174
G1 X-32.401 Y20.072 E2.04739
G1 X-32.001 Y19.56 E2.0789
;WIDTH:0.460205
G1 X-31.848 Y19.427 E2.08891
G1 X-31.336 Y19.146 E2.11774
;WIDTH:0.452305
G1 X-30.752 Y19.033 E2.14652
;WIDTH:0.452555
G1 X-30.551 Y19.033 E2.15625
G1 X-29.96 Y19.148 E2.1854
;WIDTH:0.459873
G1 X-29.507 Y19.392 E2.21078
G1 X-29.09 Y19.788 E2.23915
;WIDTH:0.45644
G1 X-28.826 Y20.239 E2.2647
;WIDTH:0.464555
G1 X-28.735 Y20.526 E2.27973
G1 X-28.669 Y21.075 E2.30733
;WIDTH:0.454163
G1 X-28.758 Y21.593 E2.33288
;WIDTH:0.466033
G1 X-28.909 Y21.937 E2.3517
G1 X-29.2 Y22.361 E2.37746
;WIDTH:0.455728
G1 X-29.633 Y22.715 E2.40476
;WIDTH:0.465255
G1 X-30.102 Y22.909 E2.43014
G1 X-30.489 Y22.982 E2.44983
;WIDTH:0.463037
G1 X-31.024 Y22.961 E2.47645
;WIDTH:0.456557
G1 X-31.554 Y22.776 E2.50391
;WIDTH:0.465331
G1 X-31.959 Y22.489 E2.52873
G1 X-32.234 Y22.206 E2.54846
;WIDTH:0.457381
G1 X-32.515 Y21.7 E2.57683
;WIDTH:0.457332
G1 X-32.632 Y21.111 E2.60626
G1 X-32.629 Y21.07 E2.60827
G1 X-32.245 Y21.011 F7200
;TYPE:External perimeter
;WIDTH:0.45
G1 F1200
G1 X-32.199 Y20.628 E2.62682
G1 X-32.018 Y20.183 E2.64993
G1 X-31.688 Y19.792 E2.67454
G1 X-31.23 Y19.521 E2.70014
G1 X-30.685 Y19.414 E2.72685
G1 X-30.136 Y19.499 E2.75357
G1 X-29.746 Y19.702 E2.77472
G1 X-29.407 Y20.01 E2.79675
G1 X-29.148 Y20.464 E2.82189
G1 X-29.055 Y20.977 E2.84697
G1 X-29.14 Y21.526 E2.87369
G1 X-29.407 Y22.012 E2.90036
G1 X-29.824 Y22.377 E2.92701
G1 X-30.342 Y22.578 E2.95373
G1 X-30.892 Y22.589 E2.98019
G1 X-31.421 Y22.411 E3.00703
G1 X-31.854 Y22.063 E3.03375
G1 X-32.141 Y21.588 E3.06044
G1 X-32.244 Y21.07 E3.08584
G1 X-32.2 Y20.672 F7200
G1 E1.08584 F2400
G92 E0
G1 Z5.65 F7200
G1 X-30.073 Y18.713
G1 Z3.65
G1 E2 F2400
;TYPE:Perimeter
;WIDTH:0.4598
G1 F1200
G1 X-30.006 Y18.724 E2.00335
G1 X-29.743 Y18.817 E2.01711
;WIDTH:0.461617
G1 X-29.225 Y19.11 E2.0466
G1 X-28.835 Y19.475 E2.07307
;WIDTH:0.463932
G1 X-28.512 Y19.974 E2.10269
;WIDTH:0.464555
G1 X-28.34 Y20.466 E2.1287
G1 X-28.274 Y20.989 E2.15501
;WIDTH:0.463755
G1 X-28.34 Y21.551 E2.1832
G1 X-28.479 Y21.948 E2.20415
;WIDTH:0.453615
G1 X-28.772 Y22.46 E2.23279
;WIDTH:0.46716
G1 X-29.132 Y22.836 E2.25894
G1 X-29.423 Y23.039 E2.27676
;WIDTH:0.465255
G1 X-29.958 Y23.283 E2.30616
G1 X-30.373 Y23.366 E2.32732
;WIDTH:0.460706
G1 X-30.894 Y23.377 E2.35308
G1 X-31.204 Y23.315 E2.36871
;WIDTH:0.456891
G1 X-31.794 Y23.099 E2.39947
;WIDTH:0.465331
G1 X-32.204 Y22.805 E2.4247
G1 X-32.514 Y22.493 E2.44669
;WIDTH:0.462521
G1 X-32.78 Y22.063 E2.4718
;WIDTH:0.462784
G1 X-32.951 Y21.613 E2.49572
G1 X-33.024 Y20.982 E2.52728
;WIDTH:0.453027
G1 X-32.96 Y20.466 E2.55248
;WIDTH:0.453174
G1 X-32.756 Y19.914 E2.58102
;WIDTH:0.46505
G1 X-32.447 Y19.46 E2.60846
G1 X-32.087 Y19.114 E2.63341
;WIDTH:0.462868
G1 X-31.705 Y18.883 E2.6556
G1 X-31.337 Y18.739 E2.67524
;WIDTH:0.456543
G1 X-30.809 Y18.649 E2.70144
;WIDTH:0.452385
G1 X-30.512 Y18.646 E2.71581
;WIDTH:0.4598
G1 X-30.132 Y18.704 E2.73477
G1 X-29.982 Y18.332 F7200
;TYPE:External perimeter
;WIDTH:0.45
G1 F1200
G1 X-29.949 Y18.337 E2.73638
G1 X-29.602 Y18.456 E2.75402
G1 X-29.052 Y18.753 E2.78408
G1 X-28.67 Y19.091 E2.80861
G1 X-28.419 Y19.4 E2.82776
G1 X-28.134 Y19.863 E2.85391
G1 X-27.95 Y20.416 E2.88194
G1 X-27.88 Y20.963 E2.90846
G1 X-27.959 Y21.67 E2.94268
G1 X-28.204 Y22.313 E2.97577
G1 X-28.529 Y22.792 E3.00361
G1 X-28.898 Y23.159 E3.02864
G1 X-29.386 Y23.475 E3.0566
G1 X-29.868 Y23.671 E3.08163
G1 X-30.44 Y23.773 E3.10958
G1 X-30.961 Y23.767 E3.13464
G1 X-31.528 Y23.638 E3.16261
G1 X-32.006 Y23.431 E3.18766
G1 X-32.478 Y23.093 E3.21558
G1 X-32.839 Y22.717 E3.24065
G1 X-33.142 Y22.222 E3.26856
G1 X-33.329 Y21.735 E3.29365
G1 X-33.416 Y21.161 E3.32157
G1 X-33.401 Y20.64 E3.34664
G1 X-33.277 Y20.133 E3.37174
G1 X-33.041 Y19.602 E3.39969
G1 X-32.732 Y19.183 E3.42473
G1 X-32.308 Y18.786 E3.45267
G1 X-31.86 Y18.519 E3.47775
G1 X-31.334 Y18.323 E3.50475
G1 X-30.629 Y18.238 E3.5389
G1 X-30.041 Y18.324 E3.56748
G1 X-29.658 Y18.439 F7200
G1 E1.56748 F2400
G92 E0
G1 Z5.65 F7200
G1 X-29.389 Y-26.484
G1 Z3.65
G1 E2 F2400
;TYPE:Perimeter
;WIDTH:0.456296
G1 F1200
G1 X-29.574 Y-26.325 E2.01192
;WIDTH:0.463792
G1 X-30.132 Y-26.081 E2.04226
G1 X-30.419 Y-26.02 E2.05688
;WIDTH:0.460434
G1 X-30.927 Y-26.022 E2.08197
;WIDTH:0.457204
G1 X-31.554 Y-26.224 E2.11424
;WIDTH:0.465264
G1 X-31.957 Y-26.51 E2.13895
G1 X-32.234 Y-26.794 E2.15879
;WIDTH:0.457446
G1 X-32.515 Y-27.301 E2.18721
;WIDTH:0.457273
G1 X-32.632 Y-27.888 E2.21654
;WIDTH:0.46656
G1 X-32.609 Y-28.252 E2.23484
G1 X-32.49 Y-28.737 E2.25989
;WIDTH:0.454437
G1 X-32.268 Y-29.132 E2.28193
;WIDTH:0.460073
G1 X-31.848 Y-29.573 E2.31199
G1 X-31.324 Y-29.858 E2.34143
;WIDTH:0.465518
G1 X-30.828 Y-29.961 E2.36678
G1 X-30.55 Y-29.971 E2.3807
;WIDTH:0.460401
G1 X-30.043 Y-29.881 E2.40613
;WIDTH:0.460186
G1 X-29.585 Y-29.66 E2.43123
;WIDTH:0.45776
G1 X-29.193 Y-29.334 E2.45625
;WIDTH:0.46498
G1 X-28.942 Y-28.972 E2.47826
G1 X-28.755 Y-28.572 E2.50032
;WIDTH:0.459713
G1 X-28.663 Y-27.99 E2.52937
;WIDTH:0.458192
G1 X-28.756 Y-27.407 E2.55837
;WIDTH:0.464552
G1 X-28.863 Y-27.144 E2.57254
G1 X-29.15 Y-26.688 E2.59943
;WIDTH:0.456296
G1 X-29.343 Y-26.523 E2.61184
G1 X-29.64 Y-26.784 F7200
;TYPE:External perimeter
;WIDTH:0.45
G1 F1200
G1 X-29.824 Y-26.623 E2.6236
G1 X-30.342 Y-26.422 E2.65032
G1 X-30.896 Y-26.411 E2.67697
G1 X-31.421 Y-26.589 E2.70363
G1 X-31.854 Y-26.937 E2.73035
G1 X-32.141 Y-27.412 E2.75704
G1 X-32.249 Y-27.956 E2.78372
G1 X-32.164 Y-28.505 E2.81044
G1 X-31.975 Y-28.879 E2.83059
G1 X-31.647 Y-29.238 E2.85398
G1 X-31.197 Y-29.494 E2.87888
G1 X-30.685 Y-29.586 E2.9039
G1 X-30.136 Y-29.501 E2.93062
G1 X-29.723 Y-29.278 E2.95319
G1 X-29.407 Y-28.99 E2.97375
G1 X-29.155 Y-28.553 E2.99801
G1 X-29.056 Y-28.031 E3.02356
G1 X-29.14 Y-27.474 E3.05065
G1 X-29.407 Y-26.988 E3.07732
G1 X-29.595 Y-26.823 E3.08935
G1 X-29.925 Y-26.597 F7200
G1 E1.08935 F2400
G92 E0
G1 Z5.65 F7200
G1 X-28.277 Y-28.146
G1 Z3.65
G1 E2 F2400
;TYPE:Perimeter
;WIDTH:0.462392
G1 F1200
G1 X-28.275 Y-28.133 E2.00065
G1 X-28.274 Y-27.854 E2.0145
;WIDTH:0.460375
G1 X-28.368 Y-27.337 E2.04045
;WIDTH:0.458192
G1 X-28.471 Y-27.048 E2.05552
;WIDTH:0.45797
G1 X-28.737 Y-26.591 E2.08148
;WIDTH:0.457129
G1 X-28.93 Y-26.354 E2.09645
G1 X-29.446 Y-25.94 E2.12886
;WIDTH:0.463792
G1 X-29.984 Y-25.71 E2.15801
G1 X-30.382 Y-25.627 E2.17826
;WIDTH:0.460434
G1 X-30.897 Y-25.625 E2.2037
;WIDTH:0.459212
G1 X-31.205 Y-25.685 E2.21915
;WIDTH:0.456904
G1 X-31.791 Y-25.899 E2.24969
;WIDTH:0.465264
G1 X-32.203 Y-26.194 E2.27503
G1 X-32.515 Y-26.508 E2.29716
;WIDTH:0.462518
G1 X-32.781 Y-26.94 E2.32235
G1 X-32.926 Y-27.302 E2.34171
;WIDTH:0.458074
G1 X-33.02 Y-27.825 E2.3678
;WIDTH:0.457273
G1 X-33.019 Y-28.131 E2.3828
;WIDTH:0.455102
G1 X-32.911 Y-28.713 E2.41165
;WIDTH:0.460208
G1 X-32.705 Y-29.19 E2.4373
;WIDTH:0.462736
G1 X-32.399 Y-29.595 E2.46252
G1 X-32.074 Y-29.895 E2.4845
;WIDTH:0.460831
G1 X-31.636 Y-30.151 E2.50959
;WIDTH:0.4593
G1 X-31.333 Y-30.262 E2.52548
;WIDTH:0.460038
G1 X-30.794 Y-30.364 E2.55255
;WIDTH:0.468779
G1 X-30.237 Y-30.331 E2.58069
G1 X-29.741 Y-30.187 E2.60674
;WIDTH:0.457995
G1 X-29.277 Y-29.922 E2.63297
G1 X-28.872 Y-29.569 E2.65935
;WIDTH:0.46498
G1 X-28.588 Y-29.157 E2.68435
G1 X-28.37 Y-28.658 E2.71156
;WIDTH:0.462392
G1 X-28.288 Y-28.205 E2.73441
G1 X-27.89 Y-28.172 F7200
;TYPE:External perimeter
;WIDTH:0.45
G1 F1200
G1 X-27.883 Y-28.134 E2.73627
G1 X-27.883 Y-27.818 E2.75147
G1 X-27.989 Y-27.246 E2.77945
G1 X-28.158 Y-26.776 E2.80347
G1 X-28.429 Y-26.352 E2.82767
G1 X-28.796 Y-25.928 E2.85464
G1 X-29.231 Y-25.609 E2.88058
G1 X-29.828 Y-25.35 E2.91188
G1 X-30.365 Y-25.233 E2.93831
G1 X-30.984 Y-25.236 E2.96808
G1 X-31.519 Y-25.359 E2.99448
G1 X-32.002 Y-25.567 E3.01977
G1 X-32.476 Y-25.906 E3.0478
G1 X-32.84 Y-26.285 E3.07307
G1 X-33.144 Y-26.782 E3.10109
G1 X-33.331 Y-27.272 E3.12632
G1 X-33.417 Y-27.849 E3.15438
G1 X-33.399 Y-28.373 E3.1796
G1 X-33.253 Y-28.937 E3.20762
G1 X-33.032 Y-29.413 E3.23286
G1 X-32.678 Y-29.876 E3.26089
G1 X-32.289 Y-30.228 E3.28612
G1 X-31.829 Y-30.49 E3.31158
G1 X-31.461 Y-30.629 E3.3305
G1 X-30.96 Y-30.744 E3.35522
G1 X-30.455 Y-30.752 E3.37951
G1 X-29.896 Y-30.655 E3.4068
G1 X-29.437 Y-30.477 E3.43048
G1 X-28.944 Y-30.163 E3.45859
G1 X-28.555 Y-29.795 E3.48435
G1 X-28.232 Y-29.325 E3.51178
G1 X-27.993 Y-28.761 E3.54124
G1 X-27.9 Y-28.232 E3.56707
G1 X-27.892 Y-27.832 F7200
G1 E1.56707 F2400
G92 E0
G1 Z5.65 F7200
G1 X-54.736 Y-32.073
G1 Z3.65
G1 E2 F2400
;TYPE:Perimeter
;WIDTH:0.396572
G1 F1200
G1 X-63.568 Y-32.073 E2.36593
G1 X-63.568 Y-32.405 E2.37969
G1 X-54.736 Y-32.405 E2.74562
G1 X-54.736 Y-32.133 E2.75689
G1 X-54.377 Y-31.714 F7200
;TYPE:External perimeter
;WIDTH:0.45
G1 F1200
G1 X-63.927 Y-31.714 E3.21621
G1 X-63.927 Y-32.764 E3.26671
G1 X-54.377 Y-32.764 E3.72603
G1 X-54.377 Y-31.774 E3.77365
G1 X-54.772 Y-31.715 F7200
;LAYER_CHANGE
;Z:3.95
;HEIGHT:0.3
G1 E1.77365 F2400
G92 E0
G1 Z3.95 F7200
G1 Z5.95
G1 X36.432 Y-32.073
G1 Z3.95
G1 E2 F2400
;TYPE:Perimeter
;WIDTH:0.396572
G1 F1200
G1 X36.432 Y-32.405 E2.01376
G1 X47.264 Y-32.405 E2.46256
G1 X47.264 Y-32.073 E2.47632
G1 X36.492 Y-32.073 E2.92263
G1 X36.073 Y-31.714 F7200
;TYPE:External perimeter
;WIDTH:0.45
G1 F1200
G1 X36.073 Y-32.764 E2.97313
G1 X47.623 Y-32.764 E3.52864
G1 X47.623 Y-31.714 E3.57914
G1 X36.133 Y-31.714 E4.13177
G1 X36.074 Y-32.11 F7200
G1 E2.13177 F2400
G92 E0
G1 Z5.95 F7200
G1 X26.366 Y-26.289
G1 Z3.95
G1 E2 F2400
;TYPE:Perimeter
;WIDTH:0.454732
G1 F1200
G1 X26.153 Y-26.408 E2.01188
;WIDTH:0.467368
G1 X25.825 Y-26.735 E2.03516
;WIDTH:0.458028
G1 X25.582 Y-27.086 E2.05612
G1 X25.394 Y-27.634 E2.08456
;WIDTH:0.462398
G1 X25.378 Y-28.199 E2.11262
G1 X25.417 Y-28.443 E2.12489
;WIDTH:0.461237
G1 X25.632 Y-28.987 E2.15384
;WIDTH:0.459302
G1 X25.997 Y-29.442 E2.18257
;WIDTH:0.466894
G1 X26.364 Y-29.699 E2.20506
G1 X26.767 Y-29.884 E2.22732
;WIDTH:0.454378
G1 X27.327 Y-29.976 E2.25492
;WIDTH:0.460922
G1 X27.914 Y-29.89 E2.28426
;WIDTH:0.464197
G1 X28.197 Y-29.776 E2.29947
G1 X28.654 Y-29.487 E2.32643
;WIDTH:0.453746
G1 X29.011 Y-29.066 E2.35324
;WIDTH:0.466632
G1 X29.224 Y-28.603 E2.37881
G1 X29.319 Y-28.186 E2.40027
;WIDTH:0.462274
G1 X29.301 Y-27.631 E2.42783
;WIDTH:0.458549
G1 X29.114 Y-27.086 E2.45616
;WIDTH:0.466572
G1 X28.842 Y-26.701 E2.47981
G1 X28.543 Y-26.408 E2.50081
;WIDTH:0.455169
G1 X28.043 Y-26.128 E2.52874
;WIDTH:0.462458
G1 X27.509 Y-26.017 E2.55582
;WIDTH:0.465662
G1 X27.128 Y-26.025 E2.57489
G1 X26.646 Y-26.132 E2.5996
;WIDTH:0.454732
G1 X26.419 Y-26.259 E2.61226
G1 X26.561 Y-26.626 F7200
;TYPE:External perimeter
;WIDTH:0.45
G1 F1200
G1 X26.347 Y-26.744 E2.62401
G1 X25.982 Y-27.162 E2.6507
G1 X25.781 Y-27.68 E2.67742
G1 X25.769 Y-28.199 E2.70239
G1 X25.948 Y-28.759 E2.73067
G1 X26.296 Y-29.191 E2.75735
G1 X26.771 Y-29.479 E2.78407
G1 X27.315 Y-29.586 E2.81074
G1 X27.846 Y-29.505 E2.83657
G1 X28.349 Y-29.234 E2.86405
G1 X28.715 Y-28.817 E2.89074
G1 X28.915 Y-28.3 E2.9174
G1 X28.927 Y-27.745 E2.9441
G1 X28.748 Y-27.22 E2.97078
G1 X28.4 Y-26.787 E2.9975
G1 X27.926 Y-26.5 E3.02415
G1 X27.382 Y-26.392 E3.05083
G1 X26.833 Y-26.477 E3.07755
G1 X26.614 Y-26.598 E3.08958
G1 X26.288 Y-26.83 F7200
G1 X25.957 Y-26.09
;TYPE:Perimeter
;WIDTH:0.467005
G1 F1200
G1 X25.71 Y-26.273 E3.10502
;WIDTH:0.455757
G1 X25.322 Y-26.754 E3.13519
;WIDTH:0.465914
G1 X25.077 Y-27.287 E3.16457
G1 X24.979 Y-27.795 E3.19048
;WIDTH:0.462491
G1 X25.006 Y-28.396 E3.22035
;WIDTH:0.464289
G1 X25.171 Y-28.941 E3.24875
G1 X25.367 Y-29.291 E3.26876
;WIDTH:0.459071
G1 X25.726 Y-29.732 E3.29675
;WIDTH:0.466894
G1 X26.144 Y-30.035 E3.32267
G1 X26.534 Y-30.228 E3.34452
;WIDTH:0.46532
G1 X27.037 Y-30.344 E3.37033
G1 X27.471 Y-30.367 E3.39206
;WIDTH:0.460922
G1 X27.981 Y-30.281 E3.41764
G1 X28.289 Y-30.17 E3.43383
;WIDTH:0.457302
G1 X28.746 Y-29.905 E3.45972
;WIDTH:0.466848
G1 X29.138 Y-29.554 E3.48613
G1 X29.435 Y-29.131 E3.51207
;WIDTH:0.466632
G1 X29.61 Y-28.712 E3.53485
G1 X29.717 Y-28.188 E3.56168
;WIDTH:0.463536
G1 X29.718 Y-27.813 E3.58035
G1 X29.653 Y-27.442 E3.5991
;WIDTH:0.4582
G1 X29.445 Y-26.866 E3.62918
;WIDTH:0.466572
G1 X29.137 Y-26.428 E3.65604
G1 X28.747 Y-26.075 E3.68243
;WIDTH:0.455169
G1 X28.186 Y-25.767 E3.71362
;WIDTH:0.462458
G1 X27.58 Y-25.625 E3.74452
G1 X27.211 Y-25.621 E3.76284
;WIDTH:0.457839
G1 X26.651 Y-25.715 E3.79071
;WIDTH:0.467005
G1 X26.192 Y-25.915 E3.81585
G1 X26.005 Y-26.054 E3.82755
G1 X25.739 Y-25.749 F7200
;TYPE:External perimeter
;WIDTH:0.45
G1 F1200
G1 X25.563 Y-25.871 E3.83785
G1 X25.206 Y-26.227 E3.8621
G1 X24.894 Y-26.702 E3.88943
G1 X24.698 Y-27.172 E3.91392
G1 X24.599 Y-27.681 E3.93886
G1 X24.588 Y-28.2 E3.96383
G1 X24.649 Y-28.61 E3.98377
G1 X24.819 Y-29.126 E4.0099
G1 X25.103 Y-29.605 E4.03668
G1 X25.463 Y-30.022 E4.06318
G1 X25.91 Y-30.353 E4.08993
G1 X26.405 Y-30.596 E4.11645
G1 X26.946 Y-30.726 E4.14321
G1 X27.496 Y-30.758 E4.16971
G1 X28.045 Y-30.666 E4.19648
G1 X28.564 Y-30.481 E4.22298
G1 X29.034 Y-30.182 E4.24977
G1 X29.439 Y-29.81 E4.27622
G1 X29.789 Y-29.304 E4.30581
G1 X29.996 Y-28.792 E4.33237
G1 X30.108 Y-28.19 E4.36182
G1 X30.111 Y-27.755 E4.38274
G1 X30.002 Y-27.209 E4.40952
G1 X29.801 Y-26.697 E4.43598
G1 X29.488 Y-26.236 E4.46278
G1 X29.103 Y-25.842 E4.48928
G1 X28.635 Y-25.541 E4.51604
G1 X28.126 Y-25.328 E4.54258
G1 X27.596 Y-25.229 E4.56851
G1 X27.027 Y-25.234 E4.59588
G1 X26.534 Y-25.342 E4.62015
G1 X26.02 Y-25.554 E4.64689
G1 X25.788 Y-25.715 E4.66047
G1 X25.477 Y-25.966 F7200
G1 E2.66047 F2400
G92 E0
G1 Z5.95 F7200
G1 X25.633 Y20.02
G1 Z3.95
G1 E2 F2400
;TYPE:Perimeter
;WIDTH:0.45823
G1 F1200
G1 X25.683 Y19.933 E2.00493
G1 X26.057 Y19.502 E2.03296
;WIDTH:0.454808
G1 X26.577 Y19.185 E2.06262
;WIDTH:0.465321
G1 X27.155 Y19.042 E2.0924
G1 X27.449 Y19.032 E2.10711
;WIDTH:0.453688
G1 X28.039 Y19.148 E2.13631
;WIDTH:0.455284
G1 X28.543 Y19.429 E2.16444
;WIDTH:0.466721
G1 X28.838 Y19.717 E2.18513
G1 X29.114 Y20.108 E2.20915
;WIDTH:0.458282
G1 X29.301 Y20.651 E2.23736
;WIDTH:0.463218
G1 X29.319 Y21.194 E2.26439
;WIDTH:0.466109
G1 X29.229 Y21.61 E2.28572
G1 X29.045 Y22.041 E2.3092
;WIDTH:0.456286
G1 X28.698 Y22.463 E2.33591
;WIDTH:0.464427
G1 X28.216 Y22.786 E2.36486
G1 X27.931 Y22.908 E2.38033
;WIDTH:0.459991
G1 X27.338 Y22.998 E2.40993
;WIDTH:0.454773
G1 X26.765 Y22.905 E2.4382
;WIDTH:0.456958
G1 X26.333 Y22.715 E2.46131
G1 X25.891 Y22.356 E2.48919
;WIDTH:0.457196
G1 X25.766 Y22.206 E2.49876
G1 X25.483 Y21.696 E2.52734
;WIDTH:0.460239
G1 X25.372 Y21.146 E2.55504
G1 X25.401 Y20.64 E2.58006
;WIDTH:0.455087
G1 X25.586 Y20.102 E2.60778
;WIDTH:0.45823
G1 X25.603 Y20.072 E2.60947
G1 X25.969 Y20.215 F7200
;TYPE:External perimeter
;WIDTH:0.45
G1 F1200
G1 X25.982 Y20.183 E2.61113
G1 X26.315 Y19.789 E2.63594
G1 X26.771 Y19.521 E2.66138
G1 X27.315 Y19.414 E2.68805
G1 X27.843 Y19.495 E2.71374
G1 X28.349 Y19.766 E2.74135
G1 X28.715 Y20.183 E2.76804
G1 X28.915 Y20.7 E2.7947
G1 X28.927 Y21.255 E2.8214
G1 X28.748 Y21.78 E2.84808
G1 X28.4 Y22.213 E2.8748
G1 X27.926 Y22.5 E2.90145
G1 X27.382 Y22.608 E2.92813
G1 X26.833 Y22.523 E2.95485
G1 X26.471 Y22.342 E2.97432
G1 X26.103 Y22.012 E2.99809
G1 X25.845 Y21.56 E3.02312
G1 X25.751 Y21.044 E3.04835
G1 X25.797 Y20.642 E3.06781
G1 X25.947 Y20.27 E3.0871
G1 X26.184 Y19.949 F7200
G1 X24.994 Y20.703
;TYPE:Perimeter
;WIDTH:0.461289
G1 F1200
G1 X25.066 Y20.389 E3.10305
;WIDTH:0.453075
G1 X25.263 Y19.875 E3.12974
;WIDTH:0.465306
G1 X25.594 Y19.408 E3.15836
G1 X25.974 Y19.072 E3.18373
;WIDTH:0.461015
G1 X26.512 Y18.784 E3.21392
;WIDTH:0.465321
G1 X27.072 Y18.65 E3.24271
G1 X27.38 Y18.631 E3.25814
;WIDTH:0.460986
G1 X27.974 Y18.718 E3.28784
G1 X28.289 Y18.832 E3.30441
;WIDTH:0.456208
G1 X28.778 Y19.115 E3.33202
;WIDTH:0.466721
G1 X29.147 Y19.458 E3.3573
G1 X29.438 Y19.874 E3.38278
;WIDTH:0.466314
G1 X29.613 Y20.297 E3.40573
G1 X29.717 Y20.822 E3.43256
;WIDTH:0.463218
G1 X29.718 Y21.193 E3.45102
G1 X29.653 Y21.559 E3.46951
;WIDTH:0.45811
G1 X29.456 Y22.119 E3.49866
;WIDTH:0.466618
G1 X29.161 Y22.543 E3.52457
G1 X28.861 Y22.851 E3.54614
;WIDTH:0.464427
G1 X28.424 Y23.128 E3.57196
G1 X28.027 Y23.293 E3.59341
;WIDTH:0.460016
G1 X27.518 Y23.382 E3.61891
;WIDTH:0.459534
G1 X27.209 Y23.381 E3.63414
;WIDTH:0.457066
G1 X26.688 Y23.287 E3.66007
;WIDTH:0.460998
G1 X26.189 Y23.09 E3.68661
;WIDTH:0.464281
G1 X25.772 Y22.785 E3.71238
G1 X25.428 Y22.406 E3.73791
;WIDTH:0.457196
G1 X25.121 Y21.832 E3.7698
;WIDTH:0.460239
G1 X24.982 Y21.211 E3.80122
;WIDTH:0.461289
G1 X24.987 Y20.763 E3.8234
G1 X24.598 Y20.653 F7200
;TYPE:External perimeter
;WIDTH:0.45
G1 F1200
G1 X24.768 Y20 E3.85585
G1 X24.997 Y19.54 E3.88056
G1 X25.304 Y19.14 E3.90481
G1 X25.726 Y18.761 E3.93209
G1 X26.346 Y18.425 E3.96601
G1 X26.978 Y18.268 E3.99733
G1 X27.379 Y18.237 E4.01667
G1 X28.096 Y18.341 E4.05152
G1 X28.584 Y18.53 E4.07669
G1 X29.05 Y18.829 E4.10332
G1 X29.45 Y19.203 E4.12966
G1 X29.797 Y19.71 E4.15921
G1 X29.999 Y20.219 E4.18555
G1 X30.11 Y20.821 E4.21499
G1 X30.11 Y21.252 E4.23572
G1 X30.001 Y21.796 E4.2624
G1 X29.8 Y22.306 E4.28877
G1 X29.487 Y22.765 E4.31549
G1 X29.105 Y23.156 E4.34178
G1 X28.637 Y23.458 E4.36857
G1 X28.134 Y23.67 E4.39482
G1 X27.585 Y23.766 E4.42163
G1 X27.039 Y23.767 E4.44789
G1 X26.495 Y23.641 E4.47475
G1 X25.993 Y23.431 E4.50092
G1 X25.541 Y23.103 E4.52778
G1 X25.16 Y22.715 E4.55393
G1 X24.87 Y22.237 E4.58082
G1 X24.669 Y21.73 E4.60705
G1 X24.588 Y21.222 E4.63179
G1 X24.597 Y20.713 E4.65627
G1 X24.686 Y20.323 F7200
G1 E2.65627 F2400
G92 E0
G1 Z5.95 F7200
G1 X-32.624 Y21.011
G1 Z3.95
G1 E2 F2400
;TYPE:Perimeter
;WIDTH:0.456157
G1 F1200
G1 X-32.587 Y20.576 E2.02133
;WIDTH:0.453672
G1 X-32.413 Y20.102 E2.04585
;WIDTH:0.465484
G1 X-32.151 Y19.73 E2.06861
G1 X-31.954 Y19.512 E2.08331
;WIDTH:0.463888
G1 X-31.526 Y19.239 E2.10861
G1 X-31.151 Y19.097 E2.12859
;WIDTH:0.463683
G1 X-30.63 Y19.023 E2.1548
;WIDTH:0.464183
G1 X-30.122 Y19.106 E2.18047
G1 X-29.643 Y19.3 E2.20624
;WIDTH:0.456263
G1 X-29.2 Y19.661 E2.23417
;WIDTH:0.465979
G1 X-28.955 Y20.004 E2.25528
G1 X-28.757 Y20.428 E2.27872
;WIDTH:0.455896
G1 X-28.666 Y21.011 E2.30753
;WIDTH:0.460216
G1 X-28.754 Y21.588 E2.33635
;WIDTH:0.466072
G1 X-28.899 Y21.919 E2.35445
G1 X-29.2 Y22.361 E2.38124
;WIDTH:0.456567
G1 X-29.634 Y22.715 E2.40864
;WIDTH:0.454926
G1 X-30.209 Y22.943 E2.43877
;WIDTH:0.46396
G1 X-30.512 Y22.982 E2.454
G1 X-31.026 Y22.96 E2.47964
;WIDTH:0.457138
G1 X-31.555 Y22.776 E2.50708
;WIDTH:0.46514
G1 X-31.978 Y22.472 E2.53312
G1 X-32.234 Y22.206 E2.55157
;WIDTH:0.456919
G1 X-32.516 Y21.698 E2.58002
;WIDTH:0.456157
G1 X-32.632 Y21.111 E2.60926
G1 X-32.628 Y21.07 E2.61127
G1 X-32.245 Y21.011 F7200
;TYPE:External perimeter
;WIDTH:0.45
G1 F1200
G1 X-32.203 Y20.642 E2.62913
G1 X-32.018 Y20.183 E2.65293
G1 X-31.689 Y19.793 E2.67747
G1 X-31.229 Y19.521 E2.70317
G1 X-30.685 Y19.414 E2.72984
G1 X-30.342 Y19.444 E2.7464
G1 X-29.847 Y19.628 E2.7718
G1 X-29.45 Y19.958 E2.79663
G1 X-29.162 Y20.433 E2.82335
G1 X-29.055 Y20.977 E2.85002
G1 X-29.139 Y21.52 E2.87645
G1 X-29.407 Y22.012 E2.9034
G1 X-29.824 Y22.377 E2.93005
G1 X-30.342 Y22.578 E2.95677
G1 X-30.883 Y22.589 E2.9828
G1 X-31.421 Y22.411 E3.01006
G1 X-31.854 Y22.063 E3.03678
G1 X-32.141 Y21.588 E3.06347
G1 X-32.244 Y21.07 E3.08887
G1 X-32.199 Y20.672 F7200
G1 E1.08887 F2400
G92 E0
G1 Z5.95 F7200
G1 X-30.074 Y18.716
G1 Z3.95
G1 E2 F2400
;TYPE:Perimeter
;WIDTH:0.461257
G1 F1200
G1 X-29.625 Y18.866 E2.02343
G1 X-29.346 Y19.031 E2.03948
;WIDTH:0.455743
G1 X-28.911 Y19.394 E2.06714
;WIDTH:0.465979
G1 X-28.607 Y19.803 E2.09267
G1 X-28.393 Y20.262 E2.11804
;WIDTH:0.463839
G1 X-28.286 Y20.792 E2.14498
G1 X-28.283 Y21.146 E2.16262
;WIDTH:0.460216
G1 X-28.365 Y21.661 E2.18837
G1 X-28.476 Y21.953 E2.20379
;WIDTH:0.455139
G1 X-28.773 Y22.46 E2.23243
;WIDTH:0.467252
G1 X-29.124 Y22.829 E2.25802
G1 X-29.425 Y23.039 E2.27646
;WIDTH:0.465588
G1 X-29.949 Y23.281 E2.30534
G1 X-30.374 Y23.365 E2.32702
;WIDTH:0.461216
G1 X-30.886 Y23.377 E2.35237
G1 X-31.204 Y23.313 E2.36843
;WIDTH:0.457035
G1 X-31.807 Y23.094 E2.39985
;WIDTH:0.46514
G1 X-32.224 Y22.788 E2.4257
G1 X-32.525 Y22.482 E2.44715
;WIDTH:0.461642
G1 X-32.793 Y22.037 E2.47289
G1 X-32.927 Y21.697 E2.491
;WIDTH:0.458796
G1 X-33.019 Y21.174 E2.51712
;WIDTH:0.456157
G1 X-33.023 Y20.91 E2.53002
;WIDTH:0.456811
G1 X-32.942 Y20.39 E2.55578
G1 X-32.757 Y19.918 E2.58059
;WIDTH:0.465484
G1 X-32.456 Y19.467 E2.60772
G1 X-32.083 Y19.112 E2.63348
;WIDTH:0.463888
G1 X-31.696 Y18.879 E2.65599
G1 X-31.209 Y18.702 E2.68181
;WIDTH:0.463683
G1 X-30.62 Y18.63 E2.71136
;WIDTH:0.455681
G1 X-30.131 Y18.7 E2.73547
G1 X-29.981 Y18.329 F7200
;TYPE:External perimeter
;WIDTH:0.45
G1 F1200
G1 X-29.904 Y18.341 E2.73922
G1 X-29.433 Y18.52 E2.76345
G1 X-28.973 Y18.806 E2.7895
G1 X-28.601 Y19.152 E2.81393
G1 X-28.297 Y19.56 E2.8384
G1 X-28.13 Y19.895 E2.8564
G1 X-27.993 Y20.27 E2.8756
G1 X-27.894 Y20.792 E2.90115
G1 X-27.894 Y21.295 E2.92534
G1 X-27.992 Y21.791 E2.94966
G1 X-28.197 Y22.301 E2.9761
G1 X-28.51 Y22.761 E3.00286
G1 X-28.89 Y23.153 E3.02912
G1 X-29.358 Y23.455 E3.05591
G1 X-29.86 Y23.669 E3.08216
G1 X-30.409 Y23.765 E3.10897
G1 X-30.954 Y23.768 E3.13518
G1 X-31.498 Y23.643 E3.16203
G1 X-32.001 Y23.434 E3.18823
G1 X-32.454 Y23.107 E3.2151
G1 X-32.836 Y22.72 E3.24125
G1 X-33.127 Y22.24 E3.26825
G1 X-33.329 Y21.738 E3.29428
G1 X-33.406 Y21.208 E3.32004
G1 X-33.403 Y20.699 E3.34452
G1 X-33.288 Y20.164 E3.37084
G1 X-33.066 Y19.658 E3.39742
G1 X-32.752 Y19.206 E3.42389
G1 X-32.352 Y18.827 E3.45039
G1 X-31.885 Y18.531 E3.47698
G1 X-31.326 Y18.321 E3.5057
G1 X-30.615 Y18.238 E3.54013
G1 X-30.041 Y18.321 E3.56802
G1 X-29.658 Y18.438 F7200
G1 E1.56802 F2400
G92 E0
G1 Z5.95 F7200
G1 X-29.387 Y-26.482
G1 Z3.95
G1 E2 F2400
;TYPE:Perimeter
;WIDTH:0.467123
G1 F1200
G1 X-29.75 Y-26.227 E2.02228
;WIDTH:0.450963
G1 X-30.303 Y-26.034 E2.05052
;WIDTH:0.460004
G1 X-30.896 Y-26.02 E2.07979
;WIDTH:0.465678
G1 X-31.29 Y-26.123 E2.10017
G1 X-31.728 Y-26.326 E2.12433
;WIDTH:0.453368
G1 X-32.15 Y-26.685 E2.15121
;WIDTH:0.461643
G1 X-32.452 Y-27.167 E2.17939
;WIDTH:0.462804
G1 X-32.558 Y-27.451 E2.19445
G1 X-32.638 Y-28.013 E2.22266
;WIDTH:0.453231
G1 X-32.565 Y-28.495 E2.2463
;WIDTH:0.456806
G1 X-32.365 Y-29 E2.27289
G1 X-32.002 Y-29.441 E2.30085
;WIDTH:0.460555
G1 X-31.847 Y-29.573 E2.31091
G1 X-31.321 Y-29.86 E2.34052
;WIDTH:0.465559
G1 X-30.83 Y-29.96 E2.36559
G1 X-30.348 Y-29.954 E2.38971
;WIDTH:0.464859
G1 X-29.819 Y-29.784 E2.41746
G1 X-29.445 Y-29.55 E2.4395
;WIDTH:0.46459
G1 X-29.101 Y-29.228 E2.46302
;WIDTH:0.455625
G1 X-28.826 Y-28.761 E2.48947
;WIDTH:0.468427
G1 X-28.718 Y-28.387 E2.50909
G1 X-28.67 Y-27.888 E2.53435
;WIDTH:0.46057
G1 X-28.786 Y-27.306 E2.56368
;WIDTH:0.456834
G1 X-29.07 Y-26.794 E2.59234
;WIDTH:0.467123
G1 X-29.337 Y-26.517 E2.61167
G1 X-29.64 Y-26.784 F7200
;TYPE:External perimeter
;WIDTH:0.45
G1 F1200
G1 X-29.824 Y-26.623 E2.62343
G1 X-30.342 Y-26.422 E2.65015
G1 X-30.896 Y-26.411 E2.6768
G1 X-31.421 Y-26.589 E2.70346
G1 X-31.854 Y-26.937 E2.73018
G1 X-32.141 Y-27.412 E2.75687
G1 X-32.249 Y-27.956 E2.78355
G1 X-32.203 Y-28.358 E2.80301
G1 X-32.018 Y-28.817 E2.82681
G1 X-31.685 Y-29.211 E2.85162
G1 X-31.229 Y-29.479 E2.87706
G1 X-30.685 Y-29.586 E2.90373
G1 X-30.342 Y-29.556 E2.92029
G1 X-29.847 Y-29.372 E2.94569
G1 X-29.45 Y-29.042 E2.97052
G1 X-29.162 Y-28.567 E2.99724
G1 X-29.056 Y-28.031 E3.02352
G1 X-29.135 Y-27.501 E3.04929
G1 X-29.407 Y-26.988 E3.07722
G1 X-29.595 Y-26.823 E3.08925
G1 X-29.925 Y-26.597 F7200
G1 E1.08925 F2400
G92 E0
G1 Z5.95 F7200
G1 X-28.278 Y-28.147
G1 Z3.95
G1 E2 F2400
;TYPE:Perimeter
;WIDTH:0.462407
G1 F1200
G1 X-28.275 Y-28.134 E2.00066
G1 X-28.274 Y-27.868 E2.01387
;WIDTH:0.460648
G1 X-28.361 Y-27.364 E2.03915
;WIDTH:0.460112
G1 X-28.472 Y-27.051 E2.05554
;WIDTH:0.456848
G1 X-28.734 Y-26.591 E2.08145
;WIDTH:0.467123
G1 X-29.06 Y-26.226 E2.10603
G1 X-29.432 Y-25.948 E2.12936
;WIDTH:0.46402
G1 X-29.972 Y-25.714 E2.15869
G1 X-30.372 Y-25.631 E2.17905
;WIDTH:0.460004
G1 X-30.898 Y-25.624 E2.20501
G1 X-31.205 Y-25.686 E2.22046
;WIDTH:0.457048
G1 X-31.805 Y-25.905 E2.25174
;WIDTH:0.465086
G1 X-32.223 Y-26.211 E2.27763
G1 X-32.526 Y-26.519 E2.29922
;WIDTH:0.461643
G1 X-32.794 Y-26.965 E2.325
G1 X-32.927 Y-27.303 E2.343
;WIDTH:0.458588
G1 X-33.019 Y-27.827 E2.36916
;WIDTH:0.456157
G1 X-33.023 Y-28.091 E2.38206
;WIDTH:0.45358
G1 X-32.935 Y-28.612 E2.40771
;WIDTH:0.456806
G1 X-32.7 Y-29.206 E2.43898
;WIDTH:0.463145
G1 X-32.38 Y-29.616 E2.46485
G1 X-32.062 Y-29.907 E2.48629
;WIDTH:0.460555
G1 X-31.619 Y-30.158 E2.51145
;WIDTH:0.466907
G1 X-31.188 Y-30.307 E2.53435
G1 X-30.682 Y-30.369 E2.55994
;WIDTH:0.45699
G1 X-30.18 Y-30.323 E2.58463
;WIDTH:0.464859
G1 X-29.678 Y-30.159 E2.61101
G1 X-29.348 Y-29.966 E2.63011
;WIDTH:0.458178
G1 X-28.875 Y-29.571 E2.66038
;WIDTH:0.465109
G1 X-28.572 Y-29.131 E2.68708
G1 X-28.37 Y-28.658 E2.71279
;WIDTH:0.462407
G1 X-28.288 Y-28.206 E2.7356
G1 X-27.89 Y-28.173 F7200
;TYPE:External perimeter
;WIDTH:0.45
G1 F1200
G1 X-27.883 Y-28.134 E2.73751
G1 X-27.883 Y-27.816 E2.7528
G1 X-27.985 Y-27.243 E2.78079
G1 X-28.162 Y-26.767 E2.80522
G1 X-28.467 Y-26.286 E2.83261
G1 X-28.809 Y-25.916 E2.85684
G1 X-29.216 Y-25.618 E2.8811
G1 X-29.877 Y-25.327 E2.91584
G1 X-30.404 Y-25.229 E2.94162
G1 X-30.972 Y-25.234 E2.96894
G1 X-31.493 Y-25.355 E2.99467
G1 X-31.998 Y-25.564 E3.02096
G1 X-32.452 Y-25.892 E3.0479
G1 X-32.837 Y-26.281 E3.07422
G1 X-33.129 Y-26.762 E3.10128
G1 X-33.33 Y-27.268 E3.12747
G1 X-33.411 Y-27.825 E3.15454
G1 X-33.399 Y-28.369 E3.18071
G1 X-33.257 Y-28.913 E3.20775
G1 X-33.034 Y-29.41 E3.23395
G1 X-32.69 Y-29.856 E3.26104
G1 X-32.291 Y-30.227 E3.28724
G1 X-31.81 Y-30.498 E3.31379
G1 X-31.457 Y-30.631 E3.33193
G1 X-30.962 Y-30.744 E3.35635
G1 X-30.514 Y-30.758 E3.37791
G1 X-29.863 Y-30.647 E3.40967
G1 X-29.373 Y-30.437 E3.43531
G1 X-28.918 Y-30.143 E3.46136
G1 X-28.557 Y-29.796 E3.48544
G1 X-28.215 Y-29.296 E3.51458
G1 X-27.993 Y-28.761 E3.54244
G1 X-27.9 Y-28.232 E3.56827
G1 X-27.892 Y-27.832 F7200
G1 E1.56827 F2400
G92 E0
G1 Z5.95 F7200
G1 X-54.736 Y-32.073
G1 Z3.95
G1 E2 F2400
;TYPE:Perimeter
;WIDTH:0.396572
G1 F1200
G1 X-63.568 Y-32.073 E2.36593
G1 X-63.568 Y-32.405 E2.37969
G1 X-54.736 Y-32.405 E2.74562
G1 X-54.736 Y-32.133 E2.75689
G1 X-54.377 Y-31.714 F7200
;TYPE:External perimeter
;WIDTH:0.45
G1 F1200
G1 X-63.927 Y-31.714 E3.21621
G1 X-63.927 Y-32.764 E3.26671
G1 X-54.377 Y-32.764 E3.72603
G1 X-54.377 Y-31.774 E3.77365
G1 X-54.772 Y-31.715 F7200
;LAYER_CHANGE
;Z:4.25
;HEIGHT:0.3
G1 E1.77365 F2400
G92 E0
G1 Z4.25 F7200
G1 Z6.25
G1 X36.432 Y-32.073
G1 Z4.25
G1 E2 F2400
;TYPE:Perimeter
;WIDTH:0.396572
G1 F1200
G1 X36.432 Y-32.405 E2.01376
G1 X47.264 Y-32.405 E2.46256
G1 X47.264 Y-32.073 E2.47632
G1 X36.492 Y-32.073 E2.92263
G1 X36.073 Y-31.714 F7200
;TYPE:External perimeter
;WIDTH:0.45
G1 F1200
G1 X36.073 Y-32.764 E2.97313
G1 X47.623 Y-32.764 E3.52864
G1 X47.623 Y-31.714 E3.57914
G1 X36.133 Y-31.714 E4.13177
G1 X36.074 Y-32.11 F7200
G1 E2.13177 F2400
G92 E0
G1 Z6.25 F7200
G1 X26.364 Y-26.284
G1 Z4.25
G1 E2 F2400
;TYPE:Perimeter
;WIDTH:0.467372
G1 F1200
G1 X25.999 Y-26.538 E2.02235
;WIDTH:0.454074
G1 X25.646 Y-26.965 E2.04928
;WIDTH:0.46523
G1 X25.451 Y-27.436 E2.07477
G1 X25.378 Y-27.765 E2.09162
;WIDTH:0.461043
G1 X25.391 Y-28.335 E2.11983
;WIDTH:0.454986
G1 X25.583 Y-28.892 E2.14853
;WIDTH:0.46612
G1 X25.779 Y-29.187 E2.16628
G1 X26.1 Y-29.533 E2.18993
;WIDTH:0.457267
G1 X26.576 Y-29.816 E2.21707
;WIDTH:0.464976
G1 X27.137 Y-29.954 E2.24594
G1 X27.449 Y-29.97 E2.26155
;WIDTH:0.457979
G1 X28.036 Y-29.854 E2.29092
;WIDTH:0.454722
G1 X28.543 Y-29.57 E2.31921
;WIDTH:0.466794
G1 X28.82 Y-29.305 E2.33845
G1 X29.114 Y-28.892 E2.36389
;WIDTH:0.458591
G1 X29.3 Y-28.35 E2.39206
;WIDTH:0.464226
G1 X29.32 Y-27.827 E2.41816
G1 X29.279 Y-27.547 E2.43227
;WIDTH:0.458891
G1 X29.106 Y-27.065 E2.45747
G1 X28.699 Y-26.537 E2.49027
;WIDTH:0.46392
G1 X28.196 Y-26.202 E2.52039
G1 X27.931 Y-26.092 E2.53469
;WIDTH:0.459878
G1 X27.34 Y-26.003 E2.56417
;WIDTH:0.4561
G1 X26.766 Y-26.094 E2.59256
;WIDTH:0.467372
G1 X26.414 Y-26.252 E2.61195
G1 X26.561 Y-26.626 F7200
;TYPE:External perimeter
;WIDTH:0.45
G1 F1200
G1 X26.347 Y-26.744 E2.6237
G1 X25.982 Y-27.162 E2.65039
G1 X25.781 Y-27.679 E2.67707
G1 X25.769 Y-28.226 E2.70339
G1 X25.948 Y-28.759 E2.73043
G1 X26.296 Y-29.191 E2.75711
G1 X26.771 Y-29.479 E2.78383
G1 X27.315 Y-29.586 E2.8105
G1 X27.863 Y-29.502 E2.83716
G1 X28.349 Y-29.234 E2.86385
G1 X28.715 Y-28.817 E2.89054
G1 X28.915 Y-28.3 E2.9172
G1 X28.927 Y-27.745 E2.9439
G1 X28.748 Y-27.22 E2.97058
G1 X28.4 Y-26.787 E2.9973
G1 X27.926 Y-26.5 E3.02395
G1 X27.404 Y-26.396 E3.04955
G1 X26.833 Y-26.477 E3.07729
G1 X26.614 Y-26.598 E3.08932
G1 X26.288 Y-26.83 F7200
G1 X25.947 Y-26.075
;TYPE:Perimeter
;WIDTH:0.4561
G1 F1200
G1 X25.944 Y-26.076 E3.08947
G1 X25.713 Y-26.274 E3.10433
;WIDTH:0.454074
G1 X25.322 Y-26.75 E3.13427
;WIDTH:0.46523
G1 X25.078 Y-27.29 E3.1639
G1 X24.981 Y-27.765 E3.18814
;WIDTH:0.461043
G1 X25.007 Y-28.403 E3.21973
;WIDTH:0.464995
G1 X25.164 Y-28.926 E3.24701
G1 X25.368 Y-29.29 E3.26786
;WIDTH:0.460048
G1 X25.731 Y-29.732 E3.29609
;WIDTH:0.467008
G1 X26.16 Y-30.045 E3.32276
G1 X26.538 Y-30.227 E3.34383
;WIDTH:0.464976
G1 X27.055 Y-30.346 E3.37034
G1 X27.475 Y-30.365 E3.39135
;WIDTH:0.460081
G1 X27.998 Y-30.276 E3.41753
G1 X28.289 Y-30.171 E3.4328
;WIDTH:0.458115
G1 X28.774 Y-29.886 E3.46043
;WIDTH:0.466794
G1 X29.14 Y-29.548 E3.48544
G1 X29.435 Y-29.128 E3.5112
;WIDTH:0.466955
G1 X29.606 Y-28.726 E3.53314
G1 X29.718 Y-28.168 E3.56172
;WIDTH:0.464226
G1 X29.719 Y-27.828 E3.57868
G1 X29.652 Y-27.442 E3.59822
;WIDTH:0.458891
G1 X29.452 Y-26.879 E3.62762
;WIDTH:0.466603
G1 X29.149 Y-26.443 E3.65426
G1 X28.853 Y-26.145 E3.67533
;WIDTH:0.46392
G1 X28.404 Y-25.861 E3.70181
G1 X28.05 Y-25.716 E3.72087
;WIDTH:0.460661
G1 X27.541 Y-25.621 E3.74646
G1 X27.21 Y-25.62 E3.76282
;WIDTH:0.456728
G1 X26.689 Y-25.71 E3.78869
;WIDTH:0.4561
G1 X26.403 Y-25.814 E3.80356
G1 X25.999 Y-26.045 E3.8263
G1 X25.738 Y-25.747 F7200
;TYPE:External perimeter
;WIDTH:0.45
G1 F1200
G1 X25.6 Y-25.841 E3.83433
G1 X25.197 Y-26.239 E3.86157
G1 X24.911 Y-26.669 E3.88641
G1 X24.692 Y-27.194 E3.91377
G1 X24.59 Y-27.708 E3.93897
G1 X24.591 Y-28.226 E3.96388
G1 X24.653 Y-28.628 E3.98344
G1 X24.813 Y-29.111 E4.00791
G1 X25.113 Y-29.619 E4.03629
G1 X25.451 Y-30.011 E4.06118
G1 X25.926 Y-30.362 E4.08959
G1 X26.39 Y-30.591 E4.11448
G1 X26.964 Y-30.729 E4.14287
G1 X27.48 Y-30.759 E4.16773
G1 X28.063 Y-30.661 E4.19616
G1 X28.55 Y-30.488 E4.22102
G1 X29.049 Y-30.171 E4.24945
G1 X29.43 Y-29.822 E4.2743
G1 X29.798 Y-29.287 E4.30553
G1 X29.992 Y-28.805 E4.33052
G1 X30.11 Y-28.17 E4.36158
G1 X30.113 Y-27.769 E4.38087
G1 X29.996 Y-27.19 E4.40928
G1 X29.808 Y-26.708 E4.43416
G1 X29.474 Y-26.22 E4.4626
G1 X29.114 Y-25.851 E4.48739
G1 X28.616 Y-25.531 E4.51586
G1 X28.139 Y-25.331 E4.54074
G1 X27.555 Y-25.226 E4.56928
G1 X27.039 Y-25.233 E4.5941
G1 X26.487 Y-25.357 E4.62131
G1 X26.019 Y-25.555 E4.64575
G1 X25.787 Y-25.713 E4.65925
G1 X25.479 Y-25.968 F7200
G1 E2.65925 F2400
G92 E0
G1 Z6.25 F7200
G1 X25.632 Y20.021
G1 Z4.25
G1 E2 F2400
;TYPE:Perimeter
;WIDTH:0.462915
G1 F1200
G1 X25.646 Y19.986 E2.00187
;WIDTH:0.467217
G1 X26.153 Y19.429 E2.03971
;WIDTH:0.456161
G1 X26.642 Y19.154 E2.06712
;WIDTH:0.465441
G1 X27.157 Y19.042 E2.09348
G1 X27.449 Y19.029 E2.1081
;WIDTH:0.459669
G1 X28.039 Y19.148 E2.13777
;WIDTH:0.45448
G1 X28.543 Y19.43 E2.16587
;WIDTH:0.46277
G1 X28.988 Y19.899 E2.198
G1 X29.115 Y20.108 E2.21015
;WIDTH:0.459082
G1 X29.3 Y20.651 E2.23839
;WIDTH:0.463998
G1 X29.32 Y21.178 E2.26468
G1 X29.279 Y21.453 E2.27854
;WIDTH:0.458816
G1 X29.106 Y21.936 E2.30378
G1 X28.699 Y22.463 E2.33654
;WIDTH:0.46393
G1 X28.197 Y22.797 E2.36659
G1 X27.931 Y22.907 E2.38093
;WIDTH:0.459346
G1 X27.433 Y22.995 E2.40584
;WIDTH:0.464675
G1 X27.158 Y22.979 E2.41959
G1 X26.63 Y22.864 E2.44657
;WIDTH:0.454733
G1 X26.153 Y22.59 E2.47335
;WIDTH:0.458342
G1 X25.789 Y22.242 E2.49809
;WIDTH:0.460674
G1 X25.535 Y21.81 E2.52286
;WIDTH:0.462915
G1 X25.442 Y21.552 E2.53649
G1 X25.362 Y20.995 E2.56446
G1 X25.436 Y20.491 E2.58978
G1 X25.609 Y20.076 E2.61213
G1 X25.969 Y20.215 F7200
;TYPE:External perimeter
;WIDTH:0.45
G1 F1200
G1 X25.982 Y20.183 E2.61379
G1 X26.347 Y19.766 E2.64044
G1 X26.792 Y19.51 E2.66513
G1 X27.315 Y19.414 E2.6907
G1 X27.836 Y19.494 E2.71605
G1 X28.349 Y19.766 E2.74398
G1 X28.688 Y20.151 E2.76865
G1 X28.915 Y20.7 E2.79722
G1 X28.927 Y21.255 E2.82392
G1 X28.748 Y21.78 E2.8506
G1 X28.4 Y22.213 E2.87732
G1 X27.926 Y22.5 E2.90397
G1 X27.382 Y22.608 E2.93065
G1 X26.833 Y22.523 E2.95737
G1 X26.347 Y22.255 E2.98406
G1 X26.077 Y21.975 E3.00277
G1 X25.836 Y21.526 E3.02728
G1 X25.748 Y21.005 E3.05269
G1 X25.803 Y20.628 E3.07101
G1 X25.947 Y20.271 E3.08952
G1 X26.189 Y19.952 F7200
G1 X25.007 Y20.702
;TYPE:Perimeter
;WIDTH:0.457017
G1 F1200
G1 X25.021 Y20.524 E3.09826
;WIDTH:0.456167
G1 X25.221 Y19.96 E3.1275
;WIDTH:0.455861
G1 X25.371 Y19.7 E3.14216
;WIDTH:0.455515
G1 X25.764 Y19.244 E3.17153
;WIDTH:0.467384
G1 X26.192 Y18.935 E3.19806
G1 X26.589 Y18.757 E3.21993
;WIDTH:0.465441
G1 X27.078 Y18.649 E3.24498
G1 X27.43 Y18.631 E3.26261
;WIDTH:0.462666
G1 X27.981 Y18.717 E3.29031
G1 X28.29 Y18.831 E3.30667
;WIDTH:0.457281
G1 X28.746 Y19.097 E3.33254
;WIDTH:0.45448
G1 X28.986 Y19.304 E3.34796
;WIDTH:0.455414
G1 X29.396 Y19.799 E3.37931
;WIDTH:0.466731
G1 X29.608 Y20.281 E3.40573
G1 X29.719 Y20.84 E3.43433
;WIDTH:0.463998
G1 X29.719 Y21.177 E3.45113
G1 X29.652 Y21.558 E3.47041
;WIDTH:0.458816
G1 X29.451 Y22.123 E3.49991
;WIDTH:0.466637
G1 X29.149 Y22.558 E3.52648
G1 X28.854 Y22.854 E3.54745
;WIDTH:0.46393
G1 X28.405 Y23.138 E3.57393
G1 X28.018 Y23.293 E3.59471
;WIDTH:0.459503
G1 X27.517 Y23.38 E3.61977
;WIDTH:0.458498
G1 X27.209 Y23.382 E3.63491
;WIDTH:0.457774
G1 X26.647 Y23.277 E3.66296
;WIDTH:0.46721
G1 X26.181 Y23.079 E3.6884
G1 X25.764 Y22.782 E3.71412
;WIDTH:0.458342
G1 X25.466 Y22.466 E3.73546
;WIDTH:0.460674
G1 X25.193 Y22.01 E3.76173
;WIDTH:0.462915
G1 X25.049 Y21.617 E3.78254
G1 X24.975 Y21.119 E3.80757
;WIDTH:0.457017
G1 X25.003 Y20.762 E3.82511
G1 X24.606 Y20.65 F7200
;TYPE:External perimeter
;WIDTH:0.45
G1 F1200
G1 X24.682 Y20.246 E3.84488
G1 X24.912 Y19.69 E3.87382
G1 X25.197 Y19.26 E3.89863
G1 X25.6 Y18.862 E3.92587
G1 X26.019 Y18.576 E3.95027
G1 X26.486 Y18.379 E3.97465
G1 X26.991 Y18.265 E3.99955
G1 X27.533 Y18.248 E4.02563
G1 X28.065 Y18.334 E4.05155
G1 X28.565 Y18.52 E4.07721
G1 X29.107 Y18.867 E4.10816
G1 X29.573 Y19.368 E4.14107
G1 X29.802 Y19.719 E4.16123
G1 X29.994 Y20.203 E4.18627
G1 X30.111 Y20.839 E4.21737
G1 X30.112 Y21.237 E4.23651
G1 X29.995 Y21.814 E4.26483
G1 X29.807 Y22.293 E4.28958
G1 X29.474 Y22.781 E4.31799
G1 X29.115 Y23.149 E4.34272
G1 X28.618 Y23.468 E4.37112
G1 X28.144 Y23.667 E4.39585
G1 X27.561 Y23.768 E4.42431
G1 X27.049 Y23.768 E4.44894
G1 X26.472 Y23.634 E4.47743
G1 X26 Y23.435 E4.50207
G1 X25.521 Y23.086 E4.53057
G1 X25.164 Y22.72 E4.55516
G1 X24.858 Y22.212 E4.58368
G1 X24.671 Y21.735 E4.60832
G1 X24.592 Y21.218 E4.63347
G1 X24.596 Y20.71 E4.6579
G1 X24.669 Y20.316 F7200
G1 E2.6579 F2400
G92 E0
G1 Z6.25 F7200
G1 X-32.609 Y21.011
G1 Z4.25
G1 E2 F2400
;TYPE:Perimeter
;WIDTH:0.459137
G1 F1200
G1 X-32.621 Y20.766 E2.01208
;WIDTH:0.465813
G1 X-32.458 Y20.207 E2.04123
G1 X-32.315 Y19.934 E2.05666
;WIDTH:0.455689
G1 X-31.933 Y19.49 E2.08525
G1 X-31.423 Y19.185 E2.11425
;WIDTH:0.466204
G1 X-31.14 Y19.094 E2.12915
G1 X-30.622 Y19.022 E2.15536
;WIDTH:0.462633
G1 X-30.094 Y19.108 E2.18193
;WIDTH:0.464024
G1 X-29.813 Y19.219 E2.19699
G1 X-29.351 Y19.51 E2.22421
;WIDTH:0.454268
G1 X-28.988 Y19.934 E2.25135
;WIDTH:0.467124
G1 X-28.786 Y20.368 E2.2754
G1 X-28.681 Y20.816 E2.29851
;WIDTH:0.462481
G1 X-28.698 Y21.369 E2.32598
;WIDTH:0.45893
G1 X-28.885 Y21.914 E2.35433
;WIDTH:0.466547
G1 X-29.169 Y22.313 E2.3789
G1 X-29.457 Y22.592 E2.39901
;WIDTH:0.454257
G1 X-29.955 Y22.872 E2.42679
;WIDTH:0.458554
G1 X-30.551 Y22.992 E2.45668
;WIDTH:0.464567
G1 X-30.838 Y22.98 E2.47102
G1 X-31.369 Y22.864 E2.49815
;WIDTH:0.454477
G1 X-31.846 Y22.59 E2.52491
;WIDTH:0.467017
G1 X-32.202 Y22.232 E2.55026
G1 X-32.417 Y21.913 E2.56958
;WIDTH:0.455275
G1 X-32.589 Y21.436 E2.5943
;WIDTH:0.459137
G1 X-32.607 Y21.071 E2.61229
G1 X-32.225 Y21.011 F7200
;TYPE:External perimeter
;WIDTH:0.45
G1 F1200
G1 X-32.231 Y20.766 E2.62408
G1 X-32.052 Y20.241 E2.65076
G1 X-31.704 Y19.809 E2.67744
G1 X-31.229 Y19.521 E2.70416
G1 X-30.685 Y19.414 E2.73083
G1 X-30.162 Y19.494 E2.75628
G1 X-29.651 Y19.766 E2.78412
G1 X-29.285 Y20.183 E2.81081
G1 X-29.085 Y20.7 E2.83747
G1 X-29.073 Y21.211 E2.86205
G1 X-29.252 Y21.78 E2.89074
G1 X-29.6 Y22.213 E2.91746
G1 X-30.074 Y22.5 E2.94411
G1 X-30.618 Y22.608 E2.97079
G1 X-31.23 Y22.5 E3.00068
G1 X-31.67 Y22.245 E3.02514
G1 X-32.018 Y21.838 E3.0509
G1 X-32.219 Y21.321 E3.07758
G1 X-32.224 Y21.071 E3.08961
G1 X-32.186 Y20.673 F7200
G1 E1.08961 F2400
G92 E0
G1 Z6.25 F7200
G1 X-30.075 Y18.723
G1 Z4.25
G1 E2 F2400
;TYPE:Perimeter
;WIDTH:0.468155
G1 F1200
G1 X-29.711 Y18.83 E2.01911
;WIDTH:0.458033
G1 X-29.254 Y19.093 E2.045
;WIDTH:0.456658
G1 X-29.019 Y19.291 E2.06003
;WIDTH:0.45549
G1 X-28.64 Y19.751 E2.0891
;WIDTH:0.467124
G1 X-28.4 Y20.257 E2.11723
G1 X-28.283 Y20.816 E2.14592
;WIDTH:0.462481
G1 X-28.283 Y21.211 E2.16553
G1 X-28.345 Y21.559 E2.18308
;WIDTH:0.458675
G1 X-28.549 Y22.122 E2.21253
;WIDTH:0.466547
G1 X-28.849 Y22.555 E2.23895
G1 X-29.143 Y22.851 E2.25988
;WIDTH:0.463922
G1 X-29.591 Y23.136 E2.28634
G1 X-29.978 Y23.292 E2.30713
;WIDTH:0.459364
G1 X-30.483 Y23.38 E2.33238
;WIDTH:0.458554
G1 X-30.791 Y23.382 E2.34752
;WIDTH:0.457834
G1 X-31.312 Y23.286 E2.37352
;WIDTH:0.456698
G1 X-31.602 Y23.186 E2.38853
G1 X-32.123 Y22.868 E2.4184
;WIDTH:0.467017
G1 X-32.503 Y22.5 E2.44497
G1 X-32.768 Y22.081 E2.46987
;WIDTH:0.464101
G1 X-32.948 Y21.622 E2.49445
;WIDTH:0.465367
G1 X-33.023 Y21.097 E2.52097
G1 X-32.999 Y20.642 E2.54376
;WIDTH:0.465813
G1 X-32.84 Y20.085 E2.57276
G1 X-32.632 Y19.708 E2.59432
;WIDTH:0.460938
G1 X-32.311 Y19.307 E2.61973
G1 X-32.069 Y19.1 E2.63548
;WIDTH:0.459549
G1 X-31.615 Y18.846 E2.66112
;WIDTH:0.459844
G1 X-31.328 Y18.73 E2.67639
G1 X-30.796 Y18.637 E2.70303
;WIDTH:0.468155
G1 X-30.287 Y18.661 E2.72869
G1 X-30.133 Y18.706 E2.73677
G1 X-29.981 Y18.329 F7200
;TYPE:External perimeter
;WIDTH:0.45
G1 F1200
G1 X-29.89 Y18.344 E2.74121
G1 X-29.398 Y18.544 E2.76675
G1 X-28.903 Y18.867 E2.79518
G1 X-28.532 Y19.232 E2.82021
G1 X-28.22 Y19.693 E2.84698
G1 X-28.015 Y20.175 E2.87217
G1 X-27.891 Y20.816 E2.90357
G1 X-27.891 Y21.269 E2.92536
G1 X-28.002 Y21.823 E2.95254
G1 X-28.191 Y22.29 E2.97677
G1 X-28.524 Y22.777 E3.00515
G1 X-28.882 Y23.146 E3.02988
G1 X-29.379 Y23.466 E3.05831
G1 X-29.851 Y23.666 E3.08297
G1 X-30.435 Y23.768 E3.11148
G1 X-30.946 Y23.769 E3.13606
G1 X-31.524 Y23.635 E3.1646
G1 X-31.996 Y23.437 E3.18922
G1 X-32.476 Y23.088 E3.21776
G1 X-32.833 Y22.724 E3.24228
G1 X-33.14 Y22.216 E3.27083
G1 X-33.328 Y21.741 E3.2954
G1 X-33.412 Y21.153 E3.32397
G1 X-33.401 Y20.644 E3.34846
G1 X-33.22 Y19.981 E3.38151
G1 X-33.044 Y19.606 E3.40143
G1 X-32.581 Y19.017 E3.43746
G1 X-32.231 Y18.743 E3.45884
G1 X-31.545 Y18.389 E3.49597
G1 X-31 Y18.261 E3.5229
G1 X-30.467 Y18.248 E3.54854
G1 X-30.04 Y18.319 E3.56936
G1 X-29.66 Y18.442 F7200
G1 E1.56936 F2400
G92 E0
G1 Z6.25 F7200
G1 X-29.387 Y-26.481
G1 Z4.25
G1 E2 F2400
;TYPE:Perimeter
;WIDTH:0.457653
G1 F1200
G1 X-29.626 Y-26.285 E2.01516
G1 X-30.209 Y-26.057 E2.04587
;WIDTH:0.463448
G1 X-30.494 Y-26.018 E2.06019
G1 X-31.023 Y-26.039 E2.08654
;WIDTH:0.456723
G1 X-31.554 Y-26.224 E2.11406
;WIDTH:0.464898
G1 X-31.997 Y-26.544 E2.14136
G1 X-32.234 Y-26.794 E2.15857
;WIDTH:0.456513
G1 X-32.518 Y-27.306 E2.18721
;WIDTH:0.455151
G1 X-32.631 Y-27.889 E2.21615
G1 X-32.603 Y-28.342 E2.23827
;WIDTH:0.456271
G1 X-32.415 Y-28.896 E2.26687
;WIDTH:0.462554
G1 X-32.052 Y-29.387 E2.29719
G1 X-31.848 Y-29.573 E2.3109
;WIDTH:0.460286
G1 X-31.399 Y-29.829 E2.33642
;WIDTH:0.465612
G1 X-30.831 Y-29.96 E2.36559
G1 X-30.551 Y-29.969 E2.37961
;WIDTH:0.458479
G1 X-30.025 Y-29.876 E2.40587
G1 X-29.457 Y-29.57 E2.43758
;WIDTH:0.466444
G1 X-29.199 Y-29.326 E2.45539
G1 X-28.886 Y-28.892 E2.48222
;WIDTH:0.458673
G1 X-28.704 Y-28.387 E2.50862
;WIDTH:0.46651
G1 X-28.679 Y-27.863 E2.53493
G1 X-28.729 Y-27.513 E2.55266
;WIDTH:0.460423
G1 X-28.942 Y-26.978 E2.5811
;WIDTH:0.455504
G1 X-29.235 Y-26.605 E2.60424
;WIDTH:0.457653
G1 X-29.34 Y-26.519 E2.6109
G1 X-29.638 Y-26.782 F7200
;TYPE:External perimeter
;WIDTH:0.45
G1 F1200
G1 X-29.882 Y-26.589 E2.62586
G1 X-30.373 Y-26.414 E2.65093
G1 X-30.891 Y-26.411 E2.67584
G1 X-31.421 Y-26.589 E2.70273
G1 X-31.854 Y-26.937 E2.72945
G1 X-32.126 Y-27.385 E2.75466
G1 X-32.249 Y-27.956 E2.78275
G1 X-32.207 Y-28.343 E2.80147
G1 X-32.023 Y-28.811 E2.82566
G1 X-31.684 Y-29.212 E2.85092
G1 X-31.229 Y-29.479 E2.87629
G1 X-30.685 Y-29.586 E2.90296
G1 X-30.137 Y-29.502 E2.92962
G1 X-29.651 Y-29.234 E2.95631
G1 X-29.285 Y-28.817 E2.983
G1 X-29.085 Y-28.3 E3.00966
G1 X-29.073 Y-27.745 E3.03636
G1 X-29.252 Y-27.22 E3.06304
G1 X-29.482 Y-26.905 E3.0818
G1 X-29.591 Y-26.819 E3.08848
G1 X-29.92 Y-26.591 F7200
G1 E1.08848 F2400
G92 E0
G1 Z6.25 F7200
G1 X-28.303 Y-28.145
G1 Z4.25
G1 E2 F2400
;TYPE:Perimeter
;WIDTH:0.466406
G1 F1200
G1 X-28.277 Y-27.863 E2.0142
;WIDTH:0.46651
G1 X-28.341 Y-27.446 E2.03536
;WIDTH:0.460584
G1 X-28.512 Y-26.951 E2.06124
G1 X-28.646 Y-26.721 E2.07439
;WIDTH:0.455504
G1 X-28.966 Y-26.322 E2.09934
;WIDTH:0.457653
G1 X-29.426 Y-25.948 E2.12842
;WIDTH:0.466417
G1 X-29.946 Y-25.719 E2.15691
G1 X-30.373 Y-25.634 E2.17874
;WIDTH:0.46082
G1 X-30.894 Y-25.623 E2.20451
;WIDTH:0.465095
G1 X-31.374 Y-25.729 E2.22908
G1 X-31.819 Y-25.916 E2.2532
;WIDTH:0.464898
G1 X-32.243 Y-26.228 E2.2795
G1 X-32.533 Y-26.532 E2.30049
;WIDTH:0.460799
G1 X-32.806 Y-26.988 E2.32677
G1 X-32.928 Y-27.304 E2.34352
;WIDTH:0.459061
G1 X-33.017 Y-27.827 E2.36964
;WIDTH:0.46108
G1 X-33.006 Y-28.326 E2.39434
;WIDTH:0.464739
G1 X-32.868 Y-28.839 E2.42087
G1 X-32.69 Y-29.219 E2.44182
;WIDTH:0.462554
G1 X-32.362 Y-29.637 E2.46821
G1 X-32.066 Y-29.904 E2.48801
;WIDTH:0.460322
G1 X-31.618 Y-30.157 E2.51342
;WIDTH:0.46689
G1 X-31.175 Y-30.309 E2.53693
G1 X-30.568 Y-30.368 E2.56755
;WIDTH:0.457832
G1 X-30.002 Y-30.272 E2.59572
;WIDTH:0.460464
G1 X-29.708 Y-30.173 E2.61105
G1 X-29.256 Y-29.905 E2.63701
;WIDTH:0.466444
G1 X-28.88 Y-29.571 E2.66223
G1 X-28.523 Y-29.04 E2.69432
;WIDTH:0.459988
G1 X-28.341 Y-28.553 E2.71997
;WIDTH:0.466406
G1 X-28.309 Y-28.205 E2.73749
G1 X-27.889 Y-28.173 F7200
;TYPE:External perimeter
;WIDTH:0.45
G1 F1200
G1 X-27.883 Y-28.134 E2.73939
G1 X-27.892 Y-27.763 E2.75724
G1 X-27.99 Y-27.244 E2.78264
G1 X-28.199 Y-26.705 E2.81044
G1 X-28.477 Y-26.281 E2.83483
G1 X-28.87 Y-25.87 E2.86218
G1 X-29.313 Y-25.567 E2.88799
G1 X-29.859 Y-25.332 E2.91658
G1 X-30.445 Y-25.226 E2.94522
G1 X-30.961 Y-25.233 E2.97004
G1 X-31.513 Y-25.357 E2.99725
G1 X-31.994 Y-25.562 E3.0224
G1 X-32.474 Y-25.91 E3.05092
G1 X-32.834 Y-26.277 E3.07565
G1 X-33.141 Y-26.786 E3.10424
G1 X-33.329 Y-27.264 E3.12894
G1 X-33.413 Y-27.853 E3.15756
G1 X-33.4 Y-28.365 E3.18219
G1 X-33.248 Y-28.94 E3.2108
G1 X-33.036 Y-29.407 E3.23547
G1 X-32.671 Y-29.877 E3.26409
G1 X-32.294 Y-30.225 E3.28877
G1 X-31.727 Y-30.542 E3.32001
G1 X-31.24 Y-30.698 E3.34461
G1 X-30.561 Y-30.762 E3.37741
G1 X-29.937 Y-30.656 E3.40785
G1 X-29.486 Y-30.506 E3.43071
G1 X-28.933 Y-30.161 E3.46206
G1 X-28.558 Y-29.797 E3.4872
G1 X-28.169 Y-29.202 E3.52139
G1 X-27.964 Y-28.656 E3.54944
G1 X-27.899 Y-28.232 E3.57007
G1 X-27.892 Y-27.832 F7200
G1 E1.57007 F2400
G92 E0
G1 Z6.25 F7200
G1 X-54.736 Y-32.073
G1 Z4.25
G1 E2 F2400
;TYPE:Perimeter
;WIDTH:0.396572
G1 F1200
G1 X-63.568 Y-32.073 E2.36593
G1 X-63.568 Y-32.405 E2.37969
G1 X-54.736 Y-32.405 E2.74562
G1 X-54.736 Y-32.133 E2.75689
G1 X-54.377 Y-31.714 F7200
;TYPE:External perimeter
;WIDTH:0.45
G1 F1200
G1 X-63.927 Y-31.714 E3.21621
G1 X-63.927 Y-32.764 E3.26671
G1 X-54.377 Y-32.764 E3.72603
G1 X-54.377 Y-31.774 E3.77365
G1 X-54.772 Y-31.715 F7200
;LAYER_CHANGE
;Z:4.55
;HEIGHT:0.3
G1 E1.77365 F2400
G92 E0
G1 Z4.55 F7200
G1 Z6.55
G1 X36.432 Y-32.073
G1 Z4.55
G1 E2 F2400
;TYPE:Perimeter
;WIDTH:0.396572
G1 F1200
G1 X36.432 Y-32.405 E2.01376
G1 X47.264 Y-32.405 E2.46256
G1 X47.264 Y-32.073 E2.47632
G1 X36.492 Y-32.073 E2.92263
G1 X36.073 Y-31.714 F7200
;TYPE:External perimeter
;WIDTH:0.45
G1 F1200
G1 X36.073 Y-32.764 E2.97313
G1 X47.623 Y-32.764 E3.52864
G1 X47.623 Y-31.714 E3.57914
G1 X36.133 Y-31.714 E4.13177
G1 X36.074 Y-32.11 F7200
G1 E2.13177 F2400
G92 E0
G1 Z6.55 F7200
G1 X26.366 Y-26.289
G1 Z4.55
G1 E2 F2400
;TYPE:Perimeter
;WIDTH:0.453927
G1 F1200
G1 X26.154 Y-26.41 E2.01186
;WIDTH:0.468217
G1 X25.815 Y-26.746 E2.0359
G1 X25.647 Y-26.963 E2.04972
;WIDTH:0.464542
G1 X25.443 Y-27.46 E2.07653
G1 X25.379 Y-27.745 E2.09111
;WIDTH:0.459552
G1 X25.379 Y-28.248 E2.1159
;WIDTH:0.465699
G1 X25.536 Y-28.777 E2.14352
G1 X25.685 Y-29.066 E2.1598
;WIDTH:0.454667
G1 X26.023 Y-29.468 E2.18537
;WIDTH:0.458104
G1 X26.576 Y-29.816 E2.21746
;WIDTH:0.464628
G1 X27.155 Y-29.957 E2.24721
G1 X27.449 Y-29.97 E2.2619
;WIDTH:0.459373
G1 X27.945 Y-29.883 E2.28671
;WIDTH:0.463297
G1 X28.17 Y-29.791 E2.2988
G1 X28.625 Y-29.515 E2.32528
;WIDTH:0.456564
G1 X29.011 Y-29.065 E2.35428
;WIDTH:0.467286
G1 X29.214 Y-28.631 E2.37836
G1 X29.315 Y-28.234 E2.39895
;WIDTH:0.455571
G1 X29.3 Y-27.631 E2.42838
;WIDTH:0.463277
G1 X29.105 Y-27.075 E2.45769
;WIDTH:0.466134
G1 X28.817 Y-26.67 E2.48259
G1 X28.543 Y-26.409 E2.50155
;WIDTH:0.45412
G1 X28.041 Y-26.126 E2.52956
;WIDTH:0.45889
G1 X27.449 Y-26.008 E2.55926
;WIDTH:0.464688
G1 X27.159 Y-26.021 E2.57375
G1 X26.636 Y-26.134 E2.60047
;WIDTH:0.453927
G1 X26.418 Y-26.259 E2.61268
G1 X26.561 Y-26.626 F7200
;TYPE:External perimeter
;WIDTH:0.45
G1 F1200
G1 X26.347 Y-26.744 E2.62443
G1 X25.982 Y-27.162 E2.65112
G1 X25.781 Y-27.679 E2.6778
G1 X25.769 Y-28.234 E2.7045
G1 X25.948 Y-28.759 E2.73118
G1 X26.288 Y-29.182 E2.75728
G1 X26.771 Y-29.479 E2.78455
G1 X27.315 Y-29.586 E2.81122
G1 X27.863 Y-29.502 E2.83788
G1 X28.349 Y-29.234 E2.86457
G1 X28.715 Y-28.817 E2.89126
G1 X28.915 Y-28.3 E2.91792
G1 X28.927 Y-27.745 E2.94462
G1 X28.739 Y-27.215 E2.97167
G1 X28.4 Y-26.786 E2.99797
G1 X27.926 Y-26.5 E3.0246
G1 X27.382 Y-26.392 E3.05128
G1 X26.833 Y-26.477 E3.078
G1 X26.614 Y-26.598 E3.09003
G1 X26.288 Y-26.83 F7200
G1 X25.955 Y-26.087
;TYPE:Perimeter
;WIDTH:0.456501
G1 F1200
G1 X25.877 Y-26.135 E3.09451
;WIDTH:0.468217
G1 X25.512 Y-26.48 E3.11981
G1 X25.265 Y-26.839 E3.14176
;WIDTH:0.464542
G1 X25.07 Y-27.314 E3.16739
G1 X24.984 Y-27.745 E3.18933
;WIDTH:0.459497
G1 X25.008 Y-28.411 E3.22217
;WIDTH:0.465699
G1 X25.175 Y-28.947 E3.25027
;WIDTH:0.466685
G1 X25.463 Y-29.433 E3.27862
G1 X25.766 Y-29.76 E3.30099
;WIDTH:0.467119
G1 X26.175 Y-30.054 E3.32629
G1 X26.523 Y-30.221 E3.34568
;WIDTH:0.464628
G1 X27.074 Y-30.349 E3.37392
G1 X27.459 Y-30.366 E3.39316
;WIDTH:0.459169
G1 X27.998 Y-30.275 E3.42008
;WIDTH:0.463297
G1 X28.341 Y-30.15 E3.43824
G1 X28.774 Y-29.885 E3.4635
;WIDTH:0.466742
G1 X29.13 Y-29.56 E3.48769
G1 X29.434 Y-29.127 E3.51424
;WIDTH:0.467286
G1 X29.601 Y-28.74 E3.53542
G1 X29.72 Y-28.148 E3.56576
;WIDTH:0.464921
G1 X29.717 Y-27.801 E3.5831
;WIDTH:0.468339
G1 X29.603 Y-27.249 E3.6115
G1 X29.444 Y-26.872 E3.63211
;WIDTH:0.466134
G1 X29.136 Y-26.427 E3.65923
G1 X28.863 Y-26.154 E3.67858
;WIDTH:0.46342
G1 X28.385 Y-25.852 E3.70672
G1 X28.026 Y-25.709 E3.72595
;WIDTH:0.459312
G1 X27.518 Y-25.619 E3.75136
;WIDTH:0.45889
G1 X27.209 Y-25.618 E3.76656
;WIDTH:0.457739
G1 X26.688 Y-25.713 E3.79254
;WIDTH:0.456501
G1 X26.4 Y-25.813 E3.80745
G1 X26.006 Y-26.056 E3.83009
G1 X25.744 Y-25.756 F7200
;TYPE:External perimeter
;WIDTH:0.45
G1 F1200
G1 X25.499 Y-25.935 E3.84468
G1 X25.221 Y-26.213 E3.86359
G1 X24.929 Y-26.637 E3.88835
G1 X24.708 Y-27.161 E3.9157
G1 X24.593 Y-27.676 E3.94108
G1 X24.594 Y-28.234 E3.96792
G1 X24.65 Y-28.608 E3.98611
G1 X24.806 Y-29.096 E4.01075
G1 X25.124 Y-29.633 E4.04077
G1 X25.439 Y-30.001 E4.06407
G1 X25.941 Y-30.371 E4.09406
G1 X26.375 Y-30.586 E4.11735
G1 X26.982 Y-30.731 E4.14737
G1 X27.465 Y-30.76 E4.17064
G1 X28.062 Y-30.66 E4.19975
G1 X28.537 Y-30.495 E4.22393
G1 X28.982 Y-30.211 E4.24932
G1 X29.42 Y-29.833 E4.27715
G1 X29.775 Y-29.317 E4.30727
G1 X29.987 Y-28.819 E4.3333
G1 X30.112 Y-28.149 E4.36608
G1 X30.114 Y-27.783 E4.38368
G1 X29.99 Y-27.171 E4.41371
G1 X29.814 Y-26.72 E4.43699
G1 X29.461 Y-26.204 E4.46706
G1 X29.124 Y-25.859 E4.49026
G1 X28.597 Y-25.521 E4.52037
G1 X28.151 Y-25.335 E4.54361
G1 X27.571 Y-25.233 E4.57193
G1 X27.051 Y-25.232 E4.59694
G1 X26.492 Y-25.36 E4.62452
G1 X26.021 Y-25.554 E4.64902
G1 X25.792 Y-25.721 E4.66265
G1 X25.477 Y-25.967 F7200
G1 E2.66265 F2400
G92 E0
G1 Z6.55 F7200
G1 X25.631 Y20.02
G1 Z4.55
G1 E2 F2400
;TYPE:Perimeter
;WIDTH:0.465866
G1 F1200
G1 X25.653 Y19.972 E2.00264
;WIDTH:0.458317
G1 X25.999 Y19.56 E2.02907
;WIDTH:0.467177
G1 X26.392 Y19.285 E2.05317
G1 X26.766 Y19.117 E2.07377
;WIDTH:0.45387
G1 X27.337 Y19.024 E2.10187
;WIDTH:0.459884
G1 X27.931 Y19.114 E2.13151
;WIDTH:0.463389
G1 X28.178 Y19.214 E2.14477
G1 X28.629 Y19.489 E2.17106
;WIDTH:0.456786
G1 X29.011 Y19.935 E2.1998
;WIDTH:0.467146
G1 X29.216 Y20.374 E2.22414
G1 X29.315 Y20.766 E2.24445
;WIDTH:0.455489
G1 X29.3 Y21.37 E2.27392
;WIDTH:0.460004
G1 X29.115 Y21.914 E2.30227
;WIDTH:0.466649
G1 X28.816 Y22.331 E2.32801
G1 X28.543 Y22.591 E2.34693
;WIDTH:0.454177
G1 X28.042 Y22.873 E2.37488
;WIDTH:0.457491
G1 X27.449 Y22.991 E2.40453
;WIDTH:0.46441
G1 X27.169 Y22.981 E2.41851
G1 X26.654 Y22.874 E2.44475
;WIDTH:0.456275
G1 X26.154 Y22.59 E2.47286
;WIDTH:0.467214
G1 X25.801 Y22.236 E2.49798
G1 X25.584 Y21.913 E2.51753
;WIDTH:0.454301
G1 X25.411 Y21.436 E2.54221
;WIDTH:0.459222
G1 X25.379 Y20.766 E2.57524
;WIDTH:0.465866
G1 X25.529 Y20.242 E2.60253
G1 X25.606 Y20.074 E2.61178
G1 X25.97 Y20.214 F7200
;TYPE:External perimeter
;WIDTH:0.45
G1 F1200
G1 X26.296 Y19.809 E2.63679
G1 X26.771 Y19.521 E2.66351
G1 X27.315 Y19.414 E2.69018
G1 X27.863 Y19.498 E2.71684
G1 X28.349 Y19.766 E2.74353
G1 X28.715 Y20.183 E2.77022
G1 X28.915 Y20.7 E2.79688
G1 X28.927 Y21.255 E2.82358
G1 X28.748 Y21.78 E2.85026
G1 X28.4 Y22.213 E2.87698
G1 X27.926 Y22.5 E2.90363
G1 X27.382 Y22.608 E2.93031
G1 X26.833 Y22.523 E2.95703
G1 X26.347 Y22.256 E2.9837
G1 X25.982 Y21.838 E3.01039
G1 X25.781 Y21.321 E3.03707
G1 X25.769 Y20.766 E3.06377
G1 X25.94 Y20.265 E3.08923
G1 X26.185 Y19.949 F7200
G1 X24.998 Y20.697
;TYPE:Perimeter
;WIDTH:0.465022
G1 F1200
G1 X25 Y20.648 E3.09168
;WIDTH:0.465866
G1 X25.147 Y20.121 E3.11908
G1 X25.369 Y19.691 E3.14331
;WIDTH:0.459756
G1 X25.768 Y19.243 E3.17289
;WIDTH:0.467177
G1 X26.179 Y18.943 E3.19845
G1 X26.52 Y18.794 E3.21715
;WIDTH:0.466306
G1 X27.069 Y18.649 E3.24562
G1 X27.504 Y18.638 E3.26743
;WIDTH:0.459884
G1 X27.999 Y18.724 E3.29221
G1 X28.29 Y18.829 E3.30747
;WIDTH:0.458359
G1 X28.775 Y19.117 E3.33519
;WIDTH:0.466696
G1 X29.134 Y19.446 E3.35962
G1 X29.435 Y19.875 E3.38592
;WIDTH:0.467146
G1 X29.602 Y20.265 E3.40723
G1 X29.72 Y20.857 E3.43755
;WIDTH:0.464779
G1 X29.716 Y21.201 E3.45473
;WIDTH:0.467052
G1 X29.603 Y21.754 E3.48308
G1 X29.458 Y22.11 E3.50239
;WIDTH:0.466649
G1 X29.136 Y22.574 E3.53073
G1 X28.864 Y22.845 E3.54999
;WIDTH:0.463428
G1 X28.386 Y23.148 E3.57816
G1 X28.03 Y23.29 E3.59724
;WIDTH:0.459095
G1 X27.517 Y23.379 E3.62287
;WIDTH:0.458494
G1 X27.208 Y23.383 E3.63806
G1 X26.688 Y23.285 E3.66407
;WIDTH:0.457744
G1 X26.396 Y23.187 E3.67918
G1 X25.876 Y22.866 E3.70916
;WIDTH:0.467214
G1 X25.499 Y22.503 E3.73546
G1 X25.233 Y22.08 E3.76057
;WIDTH:0.464392
G1 X25.052 Y21.623 E3.78509
;WIDTH:0.465022
G1 X24.978 Y21.11 E3.81099
G1 X24.995 Y20.757 E3.82865
G1 X24.599 Y20.646 F7200
;TYPE:External perimeter
;WIDTH:0.45
G1 F1200
G1 X24.766 Y20.02 E3.85981
G1 X24.914 Y19.698 E3.87685
G1 X25.185 Y19.274 E3.90105
G1 X25.597 Y18.871 E3.92877
G1 X26.014 Y18.579 E3.95325
G1 X26.522 Y18.382 E3.97946
G1 X27.001 Y18.261 E4.00322
G1 X27.516 Y18.244 E4.028
G1 X28.065 Y18.339 E4.0548
G1 X28.547 Y18.511 E4.07941
G1 X28.984 Y18.79 E4.10435
G1 X29.426 Y19.174 E4.13251
G1 X29.778 Y19.689 E4.16251
G1 X29.989 Y20.186 E4.18848
G1 X30.113 Y20.857 E4.2213
G1 X30.113 Y21.221 E4.23881
G1 X29.989 Y21.832 E4.2688
G1 X29.813 Y22.281 E4.292
G1 X29.461 Y22.796 E4.322
G1 X29.124 Y23.141 E4.3452
G1 X28.598 Y23.478 E4.37525
G1 X28.155 Y23.664 E4.39836
G1 X27.579 Y23.763 E4.42647
G1 X27.058 Y23.769 E4.45153
G1 X26.557 Y23.651 E4.47629
G1 X26.007 Y23.439 E4.50464
G1 X25.501 Y23.069 E4.53479
G1 X25.167 Y22.725 E4.55785
G1 X24.901 Y22.279 E4.58283
G1 X24.672 Y21.74 E4.611
G1 X24.589 Y21.167 E4.63885
G1 X24.597 Y20.706 E4.66103
G1 X24.689 Y20.317 F7200
G1 E2.66103 F2400
G92 E0
G1 Z6.55 F7200
G1 X-32.62 Y21.011
G1 Z4.55
G1 E2 F2400
;TYPE:Perimeter
;WIDTH:0.467759
G1 F1200
G1 X-32.588 Y20.586 E2.02144
;WIDTH:0.459267
G1 X-32.417 Y20.105 E2.04658
G1 X-32.315 Y19.934 E2.05639
;WIDTH:0.455679
G1 X-31.933 Y19.489 E2.08501
G1 X-31.423 Y19.185 E2.11399
;WIDTH:0.466419
G1 X-31.134 Y19.093 E2.1292
G1 X-30.56 Y19.028 E2.15817
;WIDTH:0.459962
G1 X-30.06 Y19.115 E2.18321
;WIDTH:0.463469
G1 X-29.828 Y19.211 E2.19571
G1 X-29.394 Y19.47 E2.22087
;WIDTH:0.456323
G1 X-28.989 Y19.934 E2.25098
;WIDTH:0.467312
G1 X-28.789 Y20.36 E2.27463
G1 X-28.684 Y20.766 E2.29571
;WIDTH:0.456047
G1 X-28.699 Y21.369 E2.32518
;WIDTH:0.459796
G1 X-28.885 Y21.914 E2.35358
;WIDTH:0.4666
G1 X-29.183 Y22.329 E2.37921
G1 X-29.457 Y22.591 E2.39823
;WIDTH:0.45417
G1 X-29.957 Y22.873 E2.42614
;WIDTH:0.457533
G1 X-30.551 Y22.991 E2.45584
;WIDTH:0.464301
G1 X-30.829 Y22.981 E2.46972
G1 X-31.344 Y22.875 E2.49595
;WIDTH:0.456149
G1 X-31.846 Y22.59 E2.52416
;WIDTH:0.467242
G1 X-32.198 Y22.238 E2.54917
G1 X-32.416 Y21.913 E2.56883
;WIDTH:0.454268
G1 X-32.59 Y21.434 E2.59361
;WIDTH:0.467759
G1 X-32.62 Y21.07 E2.61199
G1 X-32.221 Y21.011 F7200
;TYPE:External perimeter
;WIDTH:0.45
G1 F1200
G1 X-32.223 Y20.747 E2.62469
G1 X-32.051 Y20.24 E2.65044
G1 X-31.681 Y19.786 E2.67861
G1 X-31.229 Y19.521 E2.70381
G1 X-30.685 Y19.414 E2.73048
G1 X-30.137 Y19.498 E2.75714
G1 X-29.651 Y19.766 E2.78383
G1 X-29.285 Y20.183 E2.81052
G1 X-29.085 Y20.7 E2.83718
G1 X-29.073 Y21.255 E2.86388
G1 X-29.252 Y21.78 E2.89056
G1 X-29.6 Y22.213 E2.91728
G1 X-30.074 Y22.5 E2.94393
G1 X-30.619 Y22.608 E2.97065
G1 X-31.167 Y22.523 E2.99732
G1 X-31.653 Y22.256 E3.02399
G1 X-32.018 Y21.838 E3.05068
G1 X-32.219 Y21.321 E3.07736
G1 X-32.221 Y21.071 E3.08938
G1 X-32.184 Y20.672 F7200
G1 E1.08938 F2400
G92 E0
G1 Z6.55 F7200
G1 X-30.073 Y18.712
G1 Z4.55
G1 E2 F2400
;TYPE:Perimeter
;WIDTH:0.459885
G1 F1200
G1 X-30.001 Y18.724 E2.0036
G1 X-29.71 Y18.828 E2.01884
;WIDTH:0.458869
G1 X-29.255 Y19.095 E2.0448
;WIDTH:0.456782
G1 X-29.016 Y19.29 E2.0599
G1 X-28.64 Y19.756 E2.08921
;WIDTH:0.467312
G1 X-28.403 Y20.25 E2.11675
G1 X-28.281 Y20.841 E2.14708
;WIDTH:0.463771
G1 X-28.281 Y21.184 E2.16417
G1 X-28.347 Y21.558 E2.18309
;WIDTH:0.459536
G1 X-28.543 Y22.11 E2.21196
;WIDTH:0.4666
G1 X-28.863 Y22.572 E2.24015
G1 X-29.134 Y22.844 E2.25941
;WIDTH:0.463419
G1 X-29.611 Y23.146 E2.28751
G1 X-29.968 Y23.289 E2.30665
;WIDTH:0.459018
G1 X-30.484 Y23.379 E2.33243
;WIDTH:0.458514
G1 X-30.792 Y23.383 E2.34757
G1 X-31.312 Y23.285 E2.37358
;WIDTH:0.457674
G1 X-31.603 Y23.187 E2.38864
G1 X-32.124 Y22.866 E2.41866
;WIDTH:0.467242
G1 X-32.499 Y22.505 E2.44481
G1 X-32.767 Y22.08 E2.47006
;WIDTH:0.46446
G1 X-32.947 Y21.627 E2.49438
;WIDTH:0.467759
G1 X-33.023 Y21.068 E2.52276
G1 X-32.991 Y20.614 E2.54566
;WIDTH:0.465491
G1 X-32.84 Y20.085 E2.57318
G1 X-32.632 Y19.708 E2.59472
;WIDTH:0.460802
G1 X-32.311 Y19.307 E2.62012
G1 X-32.042 Y19.084 E2.6374
;WIDTH:0.459093
G1 X-31.425 Y18.759 E2.67173
;WIDTH:0.466306
G1 X-30.931 Y18.649 E2.6971
G1 X-30.496 Y18.638 E2.71891
;WIDTH:0.459885
G1 X-30.132 Y18.702 E2.73714
G1 X-29.982 Y18.331 F7200
;TYPE:External perimeter
;WIDTH:0.45
G1 F1200
G1 X-29.935 Y18.339 E2.73943
G1 X-29.462 Y18.506 E2.76356
G1 X-28.963 Y18.82 E2.79192
G1 X-28.578 Y19.169 E2.81691
G1 X-28.219 Y19.684 E2.8471
G1 X-28.017 Y20.169 E2.87237
G1 X-27.889 Y20.841 E2.90527
G1 X-27.889 Y21.243 E2.9246
G1 X-28.001 Y21.802 E2.95202
G1 X-28.185 Y22.279 E2.97661
G1 X-28.538 Y22.794 E3.00664
G1 X-28.873 Y23.139 E3.02977
G1 X-29.399 Y23.477 E3.05984
G1 X-29.842 Y23.664 E3.08297
G1 X-30.421 Y23.763 E3.11122
G1 X-30.939 Y23.77 E3.13614
G1 X-31.442 Y23.652 E3.16099
G1 X-31.99 Y23.44 E3.18925
G1 X-32.497 Y23.071 E3.21941
G1 X-32.831 Y22.727 E3.24247
G1 X-33.099 Y22.279 E3.26758
G1 X-33.327 Y21.744 E3.29555
G1 X-33.414 Y21.123 E3.32571
G1 X-33.401 Y20.645 E3.34871
G1 X-33.22 Y19.981 E3.38181
G1 X-33.043 Y19.605 E3.4018
G1 X-32.616 Y19.062 E3.43502
G1 X-32.23 Y18.742 E3.45914
G1 X-31.542 Y18.388 E3.49635
G1 X-30.999 Y18.261 E3.52317
G1 X-30.484 Y18.244 E3.54795
G1 X-30.041 Y18.321 E3.56958
G1 X-29.659 Y18.439 F7200
G1 E1.56958 F2400
G92 E0
G1 Z6.55 F7200
G1 X-29.377 Y-26.471
G1 Z4.55
G1 E2 F2400
;TYPE:Perimeter
;WIDTH:0.463636
G1 F1200
G1 X-29.403 Y-26.443 E2.0019
;WIDTH:0.462999
G1 X-29.855 Y-26.174 E2.02805
G1 X-30.078 Y-26.091 E2.03988
;WIDTH:0.460209
G1 X-30.588 Y-26.008 E2.06539
G1 X-30.785 Y-26.011 E2.07512
;WIDTH:0.459084
G1 X-31.315 Y-26.115 E2.10171
;WIDTH:0.455427
G1 X-31.846 Y-26.41 E2.13134
;WIDTH:0.467216
G1 X-32.198 Y-26.763 E2.15639
G1 X-32.416 Y-27.087 E2.17601
;WIDTH:0.454268
G1 X-32.59 Y-27.567 E2.20084
;WIDTH:0.459481
G1 X-32.621 Y-28.234 E2.23374
;WIDTH:0.465627
G1 X-32.476 Y-28.744 E2.26027
G1 X-32.315 Y-29.066 E2.27829
;WIDTH:0.454186
G1 X-31.938 Y-29.504 E2.30639
;WIDTH:0.455882
G1 X-31.424 Y-29.815 E2.33573
;WIDTH:0.466879
G1 X-31.111 Y-29.912 E2.35218
G1 X-30.615 Y-29.978 E2.3773
;WIDTH:0.457806
G1 X-30.069 Y-29.885 E2.40448
;WIDTH:0.462705
G1 X-29.853 Y-29.804 E2.41594
G1 X-29.387 Y-29.523 E2.44297
;WIDTH:0.45573
G1 X-28.99 Y-29.065 E2.47256
;WIDTH:0.468333
G1 X-28.783 Y-28.626 E2.49701
G1 X-28.683 Y-28.234 E2.51739
;WIDTH:0.459727
G1 X-28.694 Y-27.653 E2.54604
;WIDTH:0.45985
G1 X-28.885 Y-27.086 E2.57555
;WIDTH:0.463636
G1 X-29.042 Y-26.842 E2.59
G1 X-29.337 Y-26.516 E2.61189
G1 X-29.629 Y-26.77 F7200
;TYPE:External perimeter
;WIDTH:0.45
G1 F1200
G1 X-30.051 Y-26.513 E2.63565
G1 X-30.625 Y-26.398 E2.66381
G1 X-31.21 Y-26.49 E2.69229
G1 X-31.653 Y-26.744 E2.71685
G1 X-32.018 Y-27.162 E2.74354
G1 X-32.219 Y-27.679 E2.77022
G1 X-32.231 Y-28.234 E2.79692
G1 X-32.052 Y-28.759 E2.8236
G1 X-31.734 Y-29.156 E2.84806
G1 X-31.229 Y-29.479 E2.87689
G1 X-30.685 Y-29.586 E2.90356
G1 X-30.137 Y-29.502 E2.93022
G1 X-29.651 Y-29.234 E2.95691
G1 X-29.285 Y-28.817 E2.9836
G1 X-29.085 Y-28.3 E3.01026
G1 X-29.073 Y-27.745 E3.03696
G1 X-29.252 Y-27.22 E3.06364
G1 X-29.583 Y-26.807 E3.0891
G1 X-29.921 Y-26.593 F7200
G1 E1.0891 F2400
G92 E0
G1 Z6.55 F7200
G1 X-28.279 Y-28.147
G1 Z4.55
G1 E2 F2400
;TYPE:Perimeter
;WIDTH:0.466387
G1 F1200
G1 X-28.277 Y-28.134 E2.00066
;WIDTH:0.466458
G1 X-28.277 Y-27.858 E2.0145
G1 X-28.344 Y-27.423 E2.03657
;WIDTH:0.45985
G1 X-28.513 Y-26.952 E2.06125
;WIDTH:0.463636
G1 X-28.741 Y-26.579 E2.08302
G1 X-29.172 Y-26.128 E2.11408
;WIDTH:0.462999
G1 X-29.661 Y-25.825 E2.14268
G1 X-30.001 Y-25.704 E2.16062
;WIDTH:0.462499
G1 X-30.496 Y-25.619 E2.18556
G1 X-30.824 Y-25.619 E2.20185
;WIDTH:0.459084
G1 X-31.316 Y-25.714 E2.22652
;WIDTH:0.456229
G1 X-31.6 Y-25.814 E2.24124
G1 X-32.124 Y-26.134 E2.27125
;WIDTH:0.467216
G1 X-32.5 Y-26.496 E2.29747
G1 X-32.767 Y-26.92 E2.32265
;WIDTH:0.464359
G1 X-32.948 Y-27.376 E2.34713
;WIDTH:0.466427
G1 X-33.025 Y-27.935 E2.37543
G1 X-33.001 Y-28.353 E2.39643
;WIDTH:0.465627
G1 X-32.858 Y-28.865 E2.42303
G1 X-32.693 Y-29.214 E2.44235
;WIDTH:0.461926
G1 X-32.343 Y-29.658 E2.47038
G1 X-32.071 Y-29.901 E2.48847
;WIDTH:0.46012
G1 X-31.616 Y-30.156 E2.51421
;WIDTH:0.466879
G1 X-31.18 Y-30.308 E2.53739
G1 X-30.57 Y-30.368 E2.56816
;WIDTH:0.457806
G1 X-30.002 Y-30.272 E2.59643
;WIDTH:0.460484
G1 X-29.708 Y-30.173 E2.61176
G1 X-29.256 Y-29.903 E2.63777
;WIDTH:0.466473
G1 X-28.883 Y-29.574 E2.66271
G1 X-28.521 Y-29.04 E2.69506
;WIDTH:0.459991
G1 X-28.341 Y-28.553 E2.72068
;WIDTH:0.466387
G1 X-28.288 Y-28.207 E2.73823
G1 X-27.89 Y-28.173 F7200
;TYPE:External perimeter
;WIDTH:0.45
G1 F1200
G1 X-27.883 Y-28.134 E2.74014
G1 X-27.883 Y-27.858 E2.75341
G1 X-27.959 Y-27.343 E2.77845
G1 X-28.149 Y-26.809 E2.80571
G1 X-28.414 Y-26.355 E2.83099
G1 X-28.799 Y-25.934 E2.85843
G1 X-29.228 Y-25.612 E2.88423
G1 X-29.847 Y-25.335 E2.91685
G1 X-30.428 Y-25.233 E2.94522
G1 X-30.949 Y-25.232 E2.97028
G1 X-31.507 Y-25.36 E2.99781
G1 X-31.99 Y-25.56 E3.02295
G1 X-32.496 Y-25.929 E3.05307
G1 X-32.831 Y-26.273 E3.07616
G1 X-33.099 Y-26.721 E3.10127
G1 X-33.328 Y-27.259 E3.12939
G1 X-33.415 Y-27.88 E3.15955
G1 X-33.401 Y-28.361 E3.18269
G1 X-33.238 Y-28.967 E3.21287
G1 X-33.038 Y-29.404 E3.23598
G1 X-32.651 Y-29.899 E3.2662
G1 X-32.297 Y-30.223 E3.28928
G1 X-31.747 Y-30.528 E3.31953
G1 X-31.245 Y-30.697 E3.34501
G1 X-30.562 Y-30.762 E3.37801
G1 X-29.937 Y-30.656 E3.4085
G1 X-29.487 Y-30.507 E3.4313
G1 X-28.954 Y-30.171 E3.4616
G1 X-28.56 Y-29.799 E3.48766
G1 X-28.165 Y-29.199 E3.52221
G1 X-27.964 Y-28.656 E3.55006
G1 X-27.899 Y-28.233 E3.57064
G1 X-27.896 Y-27.833 F7200
G1 E1.57064 F2400
G92 E0
G1 Z6.55 F7200
G1 X-54.736 Y-32.073
G1 Z4.55
G1 E2 F2400
;TYPE:Perimeter
;WIDTH:0.396572
G1 F1200
G1 X-63.568 Y-32.073 E2.36593
G1 X-63.568 Y-32.405 E2.37969
G1 X-54.736 Y-32.405 E2.74562
G1 X-54.736 Y-32.133 E2.75689
G1 X-54.377 Y-31.714 F7200
;TYPE:External perimeter
;WIDTH:0.45
G1 F1200
G1 X-63.927 Y-31.714 E3.21621
G1 X-63.927 Y-32.764 E3.26671
G1 X-54.377 Y-32.764 E3.72603
G1 X-54.377 Y-31.774 E3.77365
G1 X-54.772 Y-31.715 F7200
;LAYER_CHANGE
;Z:4.85
;HEIGHT:0.3
G1 E1.77365 F2400
G92 E0
G1 Z4.85 F7200
G1 Z6.85
G1 X36.432 Y-32.073
G1 Z4.85
G1 E2 F2400
;TYPE:Perimeter
;WIDTH:0.396572
G1 F1200
G1 X36.432 Y-32.405 E2.01376
G1 X47.264 Y-32.405 E2.46256
G1 X47.264 Y-32.073 E2.47632
G1 X36.492 Y-32.073 E2.92263
G1 X36.073 Y-31.714 F7200
;TYPE:External perimeter
;WIDTH:0.45
G1 F1200
G1 X36.073 Y-32.764 E2.97313
G1 X47.623 Y-32.764 E3.52864
G1 X47.623 Y-31.714 E3.57914
G1 X36.133 Y-31.714 E4.13177
G1 X36.074 Y-32.11 F7200
G1 E2.13177 F2400
G92 E0
G1 Z6.85 F7200
G1 X26.367 Y-26.289
G1 Z4.85
G1 E2 F2400
;TYPE:Perimeter
;WIDTH:0.456239
G1 F1200
G1 X26.154 Y-26.41 E2.01197
;WIDTH:0.458675
G1 X25.997 Y-26.537 E2.0219
G1 X25.635 Y-26.989 E2.05038
;WIDTH:0.465593
G1 X25.442 Y-27.462 E2.07594
G1 X25.38 Y-27.745 E2.09044
;WIDTH:0.458612
G1 X25.381 Y-28.268 E2.11616
;WIDTH:0.466406
G1 X25.53 Y-28.761 E2.14198
G1 X25.686 Y-29.065 E2.15911
;WIDTH:0.453813
G1 X26.024 Y-29.468 E2.18466
;WIDTH:0.458941
G1 X26.576 Y-29.817 E2.2168
;WIDTH:0.464277
G1 X27.173 Y-29.96 E2.24742
G1 X27.449 Y-29.969 E2.26119
;WIDTH:0.458878
G1 X27.959 Y-29.88 E2.28666
G1 X28.543 Y-29.57 E2.31919
;WIDTH:0.466695
G1 X28.8 Y-29.328 E2.3369
G1 X29.113 Y-28.898 E2.36359
;WIDTH:0.460313
G1 X29.299 Y-28.349 E2.39221
;WIDTH:0.454528
G1 X29.315 Y-27.745 E2.42161
;WIDTH:0.467457
G1 X29.211 Y-27.338 E2.44273
G1 X29.01 Y-26.914 E2.46632
;WIDTH:0.456673
G1 X28.658 Y-26.494 E2.49313
;WIDTH:0.462916
G1 X28.16 Y-26.182 E2.52234
G1 X27.926 Y-26.092 E2.5348
;WIDTH:0.459015
G1 X27.431 Y-26.008 E2.55951
;WIDTH:0.463725
G1 X27.175 Y-26.017 E2.57227
G1 X26.652 Y-26.126 E2.59888
;WIDTH:0.456239
G1 X26.419 Y-26.26 E2.61202
G1 X26.561 Y-26.626 F7200
;TYPE:External perimeter
;WIDTH:0.45
G1 F1200
G1 X26.347 Y-26.744 E2.62377
G1 X25.964 Y-27.186 E2.6519
G1 X25.781 Y-27.679 E2.67719
G1 X25.769 Y-28.234 E2.70389
G1 X25.948 Y-28.759 E2.73057
G1 X26.278 Y-29.17 E2.75592
G1 X26.771 Y-29.479 E2.7839
G1 X27.315 Y-29.586 E2.81057
G1 X27.863 Y-29.502 E2.83723
G1 X28.349 Y-29.234 E2.86392
G1 X28.715 Y-28.817 E2.89061
G1 X28.915 Y-28.3 E2.91727
G1 X28.927 Y-27.745 E2.94397
G1 X28.748 Y-27.22 E2.97065
G1 X28.4 Y-26.787 E2.99737
G1 X27.964 Y-26.522 E3.02191
G1 X27.366 Y-26.393 E3.05133
G1 X26.833 Y-26.477 E3.07728
G1 X26.614 Y-26.598 E3.08931
G1 X26.289 Y-26.831 F7200
G1 X25.958 Y-26.09
;TYPE:Perimeter
;WIDTH:0.467019
G1 F1200
G1 X25.673 Y-26.3 E3.10709
;WIDTH:0.462928
G1 X25.308 Y-26.793 E3.13758
;WIDTH:0.465593
G1 X25.064 Y-27.326 E3.16691
G1 X24.986 Y-27.745 E3.18824
;WIDTH:0.457957
G1 X25.008 Y-28.419 E3.22134
;WIDTH:0.466406
G1 X25.168 Y-28.932 E3.24829
;WIDTH:0.467248
G1 X25.473 Y-29.447 E3.27837
G1 X25.767 Y-29.759 E3.29991
G1 X26.191 Y-30.063 E3.32613
G1 X26.513 Y-30.217 E3.34407
;WIDTH:0.464277
G1 X27.092 Y-30.352 E3.37372
G1 X27.443 Y-30.367 E3.39124
;WIDTH:0.458262
G1 X27.998 Y-30.274 E3.41889
;WIDTH:0.46285
G1 X28.346 Y-30.15 E3.43725
G1 X28.773 Y-29.883 E3.46228
;WIDTH:0.466695
G1 X29.12 Y-29.571 E3.4857
G1 X29.433 Y-29.126 E3.513
;WIDTH:0.467625
G1 X29.596 Y-28.754 E3.53343
G1 X29.721 Y-28.128 E3.56554
;WIDTH:0.46563
G1 X29.718 Y-27.816 E3.58116
;WIDTH:0.467457
G1 X29.598 Y-27.229 E3.61128
G1 X29.464 Y-26.904 E3.62895
;WIDTH:0.466645
G1 X29.123 Y-26.411 E3.65903
G1 X28.874 Y-26.163 E3.67666
;WIDTH:0.462916
G1 X28.367 Y-25.842 E3.70649
G1 X27.995 Y-25.705 E3.7262
;WIDTH:0.459015
G1 X27.497 Y-25.619 E3.75107
;WIDTH:0.463725
G1 X27.135 Y-25.621 E3.7691
G1 X26.646 Y-25.725 E3.794
;WIDTH:0.467019
G1 X26.203 Y-25.909 E3.81809
G1 X26.006 Y-26.054 E3.83037
G1 X25.724 Y-25.771 F7200
;TYPE:External perimeter
;WIDTH:0.45
G1 F1200
G1 X25.499 Y-25.937 E3.84382
G1 X25.184 Y-26.254 E3.86531
G1 X24.831 Y-26.843 E3.89834
G1 X24.679 Y-27.234 E3.91852
G1 X24.597 Y-27.745 E3.94341
G1 X24.627 Y-28.493 E3.97942
G1 X24.799 Y-29.081 E4.00889
G1 X25.134 Y-29.648 E4.04056
G1 X25.427 Y-29.99 E4.06222
G1 X25.957 Y-30.38 E4.09387
G1 X26.36 Y-30.581 E4.11553
G1 X27.001 Y-30.734 E4.14723
G1 X27.45 Y-30.761 E4.16886
G1 X28.062 Y-30.658 E4.19871
G1 X28.523 Y-30.502 E4.22212
G1 X28.981 Y-30.21 E4.24824
G1 X29.411 Y-29.844 E4.2754
G1 X29.784 Y-29.3 E4.30712
G1 X29.983 Y-28.833 E4.33154
G1 X30.114 Y-28.129 E4.36598
G1 X30.115 Y-27.797 E4.38195
G1 X29.984 Y-27.151 E4.41365
G1 X29.821 Y-26.732 E4.43527
G1 X29.448 Y-26.189 E4.46695
G1 X29.134 Y-25.867 E4.48858
G1 X28.579 Y-25.512 E4.52027
G1 X28.164 Y-25.338 E4.54191
G1 X27.563 Y-25.235 E4.57124
G1 X27.064 Y-25.23 E4.59524
G1 X26.558 Y-25.349 E4.62024
G1 X26.021 Y-25.554 E4.64789
G1 X25.772 Y-25.736 E4.66272
G1 X25.46 Y-25.986 F7200
G1 E2.66272 F2400
G92 E0
G1 Z6.85 F7200
G1 X25.638 Y20.023
G1 Z4.85
G1 E2 F2400
;TYPE:Perimeter
;WIDTH:0.467279
G1 F1200
G1 X25.787 Y19.802 E2.01339
G1 X26.143 Y19.433 E2.03916
;WIDTH:0.459331
G1 X26.659 Y19.15 E2.06815
;WIDTH:0.466051
G1 X27.151 Y19.043 E2.09337
G1 X27.449 Y19.03 E2.10831
;WIDTH:0.459176
G1 X27.958 Y19.12 E2.13376
;WIDTH:0.467749
G1 X28.41 Y19.345 E2.15916
G1 X28.699 Y19.558 E2.17722
;WIDTH:0.458705
G1 X29.043 Y19.98 E2.204
;WIDTH:0.467559
G1 X29.21 Y20.357 E2.22473
G1 X29.315 Y20.766 E2.24596
;WIDTH:0.454613
G1 X29.299 Y21.37 E2.27537
;WIDTH:0.460741
G1 X29.116 Y21.914 E2.30374
;WIDTH:0.466656
G1 X28.803 Y22.346 E2.33051
G1 X28.543 Y22.591 E2.34843
;WIDTH:0.454977
G1 X28.04 Y22.874 E2.37655
;WIDTH:0.456508
G1 X27.449 Y22.991 E2.40602
;WIDTH:0.464156
G1 X27.18 Y22.983 E2.41944
G1 X26.637 Y22.868 E2.44712
;WIDTH:0.4571
G1 X26.154 Y22.59 E2.47442
;WIDTH:0.467493
G1 X25.806 Y22.243 E2.49913
G1 X25.584 Y21.913 E2.51913
;WIDTH:0.453342
G1 X25.41 Y21.433 E2.5439
;WIDTH:0.459841
G1 X25.379 Y20.766 E2.57683
;WIDTH:0.465051
G1 X25.434 Y20.506 E2.59011
G1 X25.582 Y20.108 E2.61133
;WIDTH:0.467279
G1 X25.605 Y20.073 E2.61343
G1 X25.97 Y20.214 F7200
;TYPE:External perimeter
;WIDTH:0.45
G1 F1200
G1 X26.296 Y19.809 E2.63844
G1 X26.771 Y19.521 E2.66516
G1 X27.315 Y19.414 E2.69183
G1 X27.863 Y19.498 E2.71849
G1 X28.349 Y19.766 E2.74518
G1 X28.715 Y20.183 E2.77187
G1 X28.915 Y20.7 E2.79853
G1 X28.927 Y21.255 E2.82523
G1 X28.748 Y21.78 E2.85191
G1 X28.4 Y22.213 E2.87863
G1 X27.965 Y22.478 E2.90313
G1 X27.382 Y22.608 E2.93186
G1 X26.833 Y22.523 E2.95858
G1 X26.347 Y22.256 E2.98525
G1 X25.982 Y21.838 E3.01194
G1 X25.781 Y21.321 E3.03862
G1 X25.769 Y20.766 E3.06532
G1 X25.94 Y20.265 E3.09078
G1 X26.185 Y19.949 F7200
G1 X24.99 Y20.696
;TYPE:Perimeter
;WIDTH:0.459393
G1 F1200
G1 X24.99 Y20.676 E3.09177
;WIDTH:0.467377
G1 X25.146 Y20.114 E3.12109
G1 X25.369 Y19.692 E3.14508
;WIDTH:0.459647
G1 X25.772 Y19.243 E3.17482
;WIDTH:0.467506
G1 X26.175 Y18.944 E3.20005
G1 X26.522 Y18.794 E3.21906
;WIDTH:0.466051
G1 X27.082 Y18.647 E3.24807
G1 X27.466 Y18.635 E3.26732
;WIDTH:0.458632
G1 X27.998 Y18.726 E3.29386
;WIDTH:0.463892
G1 X28.329 Y18.842 E3.31134
G1 X28.759 Y19.097 E3.33625
;WIDTH:0.466678
G1 X29.122 Y19.432 E3.36104
G1 X29.434 Y19.875 E3.38823
;WIDTH:0.467559
G1 X29.597 Y20.248 E3.4087
G1 X29.721 Y20.874 E3.44079
;WIDTH:0.465564
G1 X29.717 Y21.186 E3.4564
;WIDTH:0.467514
G1 X29.598 Y21.772 E3.48647
G1 X29.464 Y22.097 E3.50415
;WIDTH:0.466656
G1 X29.123 Y22.589 E3.53419
G1 X28.874 Y22.837 E3.55182
;WIDTH:0.46292
G1 X28.368 Y23.158 E3.58161
G1 X28.041 Y23.287 E3.59908
;WIDTH:0.458795
G1 X27.516 Y23.377 E3.62528
;WIDTH:0.464156
G1 X27.099 Y23.374 E3.64607
G1 X26.395 Y23.188 E3.68238
;WIDTH:0.458742
G1 X25.875 Y22.863 E3.71254
;WIDTH:0.467493
G1 X25.503 Y22.509 E3.73836
G1 X25.305 Y22.205 E3.7566
;WIDTH:0.464838
G1 X25.064 Y21.67 E3.78591
G1 X24.998 Y21.282 E3.80557
;WIDTH:0.459393
G1 X24.991 Y20.756 E3.83149
G1 X24.61 Y20.646 F7200
;TYPE:External perimeter
;WIDTH:0.45
G1 F1200
G1 X24.684 Y20.244 E3.85115
G1 X24.872 Y19.776 E3.87541
G1 X25.176 Y19.285 E3.90319
G1 X25.631 Y18.842 E3.93373
G1 X26.012 Y18.58 E3.95597
G1 X26.523 Y18.382 E3.98233
G1 X27.016 Y18.259 E4.00677
G1 X27.475 Y18.241 E4.02886
G1 X28.064 Y18.342 E4.0576
G1 X28.541 Y18.509 E4.08191
G1 X28.99 Y18.782 E4.10718
G1 X29.413 Y19.16 E4.13446
G1 X29.786 Y19.703 E4.16614
G1 X29.984 Y20.17 E4.19054
G1 X30.115 Y20.874 E4.22498
G1 X30.115 Y21.205 E4.2409
G1 X29.984 Y21.85 E4.27256
G1 X29.82 Y22.269 E4.2942
G1 X29.448 Y22.812 E4.32586
G1 X29.134 Y23.133 E4.34746
G1 X28.579 Y23.488 E4.37915
G1 X28.166 Y23.661 E4.40069
G1 X27.576 Y23.761 E4.42947
G1 X27.067 Y23.77 E4.45395
G1 X26.425 Y23.618 E4.48568
G1 X26.014 Y23.443 E4.50716
G1 X25.498 Y23.064 E4.53795
G1 X25.171 Y22.73 E4.56043
G1 X24.902 Y22.277 E4.58577
G1 X24.673 Y21.745 E4.61363
G1 X24.585 Y21.114 E4.64427
G1 X24.594 Y20.737 E4.66241
G1 X24.6 Y20.705 E4.66398
G1 X24.672 Y20.311 F7200
G1 E2.66398 F2400
G92 E0
G1 Z6.85 F7200
G1 X-32.613 Y21.011
G1 Z4.85
G1 E2 F2400
;TYPE:Perimeter
;WIDTH:0.458307
G1 F1200
G1 X-32.617 Y20.748 E2.01292
;WIDTH:0.465622
G1 X-32.458 Y20.206 E2.04119
G1 X-32.315 Y19.934 E2.05657
;WIDTH:0.455672
G1 X-31.932 Y19.489 E2.08522
G1 X-31.423 Y19.185 E2.11415
;WIDTH:0.466639
G1 X-31.128 Y19.092 E2.12967
G1 X-30.589 Y19.024 E2.15693
;WIDTH:0.458636
G1 X-30.069 Y19.114 E2.18288
;WIDTH:0.462931
G1 X-29.843 Y19.202 E2.19494
G1 X-29.374 Y19.487 E2.22222
;WIDTH:0.456562
G1 X-28.99 Y19.935 E2.25108
;WIDTH:0.467597
G1 X-28.792 Y20.351 E2.27425
G1 X-28.685 Y20.766 E2.2958
;WIDTH:0.454864
G1 X-28.7 Y21.37 E2.32523
;WIDTH:0.460648
G1 X-28.885 Y21.914 E2.35363
;WIDTH:0.466623
G1 X-29.196 Y22.345 E2.38029
G1 X-29.457 Y22.591 E2.39828
;WIDTH:0.454971
G1 X-29.959 Y22.874 E2.42635
;WIDTH:0.456518
G1 X-30.551 Y22.991 E2.45586
;WIDTH:0.464117
G1 X-30.819 Y22.983 E2.46923
G1 X-31.362 Y22.868 E2.4969
;WIDTH:0.45701
G1 X-31.846 Y22.59 E2.52423
;WIDTH:0.468067
G1 X-32.209 Y22.225 E2.55015
G1 X-32.415 Y21.912 E2.56902
;WIDTH:0.455897
G1 X-32.608 Y21.371 E2.59707
;WIDTH:0.458307
G1 X-32.612 Y21.071 E2.61181
G1 X-32.218 Y21.011 F7200
;TYPE:External perimeter
;WIDTH:0.45
G1 F1200
G1 X-32.227 Y20.751 E2.62432
G1 X-32.052 Y20.241 E2.65025
G1 X-31.681 Y19.786 E2.67849
G1 X-31.229 Y19.521 E2.70369
G1 X-30.685 Y19.414 E2.73036
G1 X-30.137 Y19.498 E2.75702
G1 X-29.651 Y19.766 E2.78371
G1 X-29.285 Y20.183 E2.8104
G1 X-29.085 Y20.7 E2.83706
G1 X-29.073 Y21.255 E2.86376
G1 X-29.252 Y21.78 E2.89044
G1 X-29.6 Y22.213 E2.91716
G1 X-30.034 Y22.477 E2.94159
G1 X-30.618 Y22.608 E2.97038
G1 X-31.167 Y22.523 E2.9971
G1 X-31.653 Y22.256 E3.02377
G1 X-32.018 Y21.838 E3.05046
G1 X-32.206 Y21.357 E3.0753
G1 X-32.216 Y21.071 E3.08906
G1 X-32.185 Y20.672 F7200
G1 E1.08906 F2400
G92 E0
G1 Z6.85 F7200
G1 X-30.073 Y18.714
G1 Z4.85
G1 E2 F2400
;TYPE:Perimeter
;WIDTH:0.458636
G1 F1200
G1 X-30.002 Y18.726 E2.00354
;WIDTH:0.462931
G1 X-29.653 Y18.851 E2.02197
G1 X-29.228 Y19.115 E2.04684
;WIDTH:0.466743
G1 X-28.878 Y19.431 E2.0705
G1 X-28.567 Y19.872 E2.09758
;WIDTH:0.467597
G1 X-28.405 Y20.241 E2.11785
G1 X-28.279 Y20.866 E2.14991
;WIDTH:0.465063
G1 X-28.279 Y21.157 E2.16445
G1 X-28.35 Y21.558 E2.1848
;WIDTH:0.460581
G1 X-28.536 Y22.097 E2.21298
;WIDTH:0.466623
G1 X-28.876 Y22.588 E2.24294
G1 X-29.125 Y22.836 E2.26057
;WIDTH:0.46292
G1 X-29.631 Y23.157 E2.29036
G1 X-29.958 Y23.287 E2.30785
;WIDTH:0.458764
G1 X-30.484 Y23.377 E2.3341
;WIDTH:0.464117
G1 X-30.859 Y23.38 E2.3528
G1 X-31.355 Y23.273 E2.3781
;WIDTH:0.467249
G1 X-31.801 Y23.089 E2.40234
G1 X-32.314 Y22.712 E2.43433
;WIDTH:0.461409
G1 X-32.705 Y22.213 E2.46572
;WIDTH:0.463121
G1 X-32.945 Y21.637 E2.49675
G1 X-33.012 Y21.249 E2.51633
;WIDTH:0.456507
G1 X-32.995 Y20.628 E2.54671
;WIDTH:0.465622
G1 X-32.84 Y20.084 E2.57502
G1 X-32.631 Y19.707 E2.59659
;WIDTH:0.460668
G1 X-32.311 Y19.307 E2.62191
G1 X-32.042 Y19.084 E2.63918
;WIDTH:0.459252
G1 X-31.423 Y18.759 E2.67361
;WIDTH:0.466051
G1 X-30.918 Y18.647 E2.69952
G1 X-30.534 Y18.635 E2.71877
;WIDTH:0.458636
G1 X-30.132 Y18.704 E2.73883
G1 X-29.982 Y18.334 F7200
;TYPE:External perimeter
;WIDTH:0.45
G1 F1200
G1 X-29.936 Y18.342 E2.74108
G1 X-29.476 Y18.499 E2.76446
G1 X-29.021 Y18.788 E2.79039
G1 X-28.588 Y19.157 E2.81775
G1 X-28.228 Y19.679 E2.84825
G1 X-28.019 Y20.162 E2.87356
G1 X-27.886 Y20.866 E2.90802
G1 X-27.886 Y21.216 E2.92485
G1 X-28.011 Y21.835 E2.95522
G1 X-28.179 Y22.267 E2.97751
G1 X-28.551 Y22.811 E3.00921
G1 X-28.864 Y23.132 E3.03077
G1 X-29.42 Y23.487 E3.0625
G1 X-29.833 Y23.661 E3.08405
G1 X-30.423 Y23.761 E3.11283
G1 X-30.931 Y23.771 E3.13727
G1 X-31.573 Y23.619 E3.169
G1 X-32.034 Y23.407 E3.1934
G1 X-32.603 Y22.976 E3.22773
G1 X-33.037 Y22.427 E3.26139
G1 X-33.306 Y21.79 E3.29465
G1 X-33.4 Y21.386 E3.3146
G1 X-33.4 Y20.641 E3.35043
G1 X-33.219 Y19.98 E3.38339
G1 X-33.043 Y19.604 E3.40336
G1 X-32.614 Y19.06 E3.43668
G1 X-32.23 Y18.742 E3.46066
G1 X-31.539 Y18.388 E3.498
G1 X-30.984 Y18.259 E3.52541
G1 X-30.525 Y18.241 E3.5475
G1 X-30.042 Y18.324 E3.57107
G1 X-29.659 Y18.439 F7200
G1 E1.57107 F2400
G92 E0
G1 Z6.85 F7200
G1 X-29.379 Y-26.471
G1 Z4.85
G1 E2 F2400
;TYPE:Perimeter
;WIDTH:0.463725
G1 F1200
G1 X-29.844 Y-26.179 E2.02735
G1 X-30.069 Y-26.093 E2.03935
;WIDTH:0.458215
G1 X-30.589 Y-26.003 E2.06527
;WIDTH:0.45792
G1 X-31.234 Y-26.096 E2.09726
;WIDTH:0.467105
G1 X-31.583 Y-26.249 E2.1164
G1 X-32.003 Y-26.536 E2.14195
;WIDTH:0.459123
G1 X-32.351 Y-26.957 E2.16884
;WIDTH:0.463049
G1 X-32.575 Y-27.51 E2.19851
G1 X-32.619 Y-27.749 E2.21059
;WIDTH:0.458156
G1 X-32.617 Y-28.252 E2.23529
;WIDTH:0.462699
G1 X-32.574 Y-28.474 E2.24652
G1 X-32.354 Y-29.018 E2.27567
;WIDTH:0.45787
G1 X-31.999 Y-29.439 E2.3027
;WIDTH:0.467912
G1 X-31.618 Y-29.71 E2.32623
G1 X-31.234 Y-29.883 E2.34743
;WIDTH:0.45604
G1 X-30.671 Y-29.978 E2.37532
;WIDTH:0.457287
G1 X-30.069 Y-29.885 E2.40517
;WIDTH:0.4645
G1 X-29.833 Y-29.793 E2.41781
G1 X-29.402 Y-29.536 E2.44285
;WIDTH:0.461522
G1 X-28.99 Y-29.074 E2.47351
G1 X-28.886 Y-28.892 E2.48389
;WIDTH:0.458386
G1 X-28.697 Y-28.357 E2.51177
;WIDTH:0.457494
G1 X-28.687 Y-27.745 E2.54178
;WIDTH:0.468615
G1 X-28.785 Y-27.349 E2.56235
G1 X-28.99 Y-26.914 E2.5866
;WIDTH:0.457605
G1 X-29.331 Y-26.506 E2.61268
G1 X-29.629 Y-26.77 F7200
;TYPE:External perimeter
;WIDTH:0.45
G1 F1200
G1 X-30.041 Y-26.519 E2.63588
G1 X-30.619 Y-26.392 E2.66434
G1 X-31.167 Y-26.477 E2.69101
G1 X-31.653 Y-26.744 E2.71768
G1 X-32.018 Y-27.162 E2.74437
G1 X-32.219 Y-27.679 E2.77105
G1 X-32.227 Y-28.249 E2.79847
G1 X-32.052 Y-28.759 E2.8244
G1 X-31.704 Y-29.191 E2.85108
G1 X-31.229 Y-29.479 E2.8778
G1 X-30.685 Y-29.586 E2.90447
G1 X-30.137 Y-29.502 E2.93113
G1 X-29.651 Y-29.234 E2.95782
G1 X-29.29 Y-28.822 E2.98417
G1 X-29.085 Y-28.3 E3.01114
G1 X-29.073 Y-27.745 E3.03784
G1 X-29.246 Y-27.237 E3.06365
G1 X-29.584 Y-26.808 E3.08992
G1 X-29.921 Y-26.593 F7200
G1 E1.08992 F2400
G92 E0
G1 Z6.85 F7200
G1 X-28.28 Y-28.148
G1 Z4.85
G1 E2 F2400
;TYPE:Perimeter
;WIDTH:0.464604
G1 F1200
G1 X-28.341 Y-27.426 E2.03617
;WIDTH:0.459964
G1 X-28.536 Y-26.907 E2.06352
;WIDTH:0.466836
G1 X-28.882 Y-26.405 E2.09412
G1 X-29.17 Y-26.127 E2.11421
;WIDTH:0.463725
G1 X-29.649 Y-25.831 E2.14226
G1 X-29.958 Y-25.713 E2.15873
;WIDTH:0.458961
G1 X-30.484 Y-25.622 E2.185
;WIDTH:0.464262
G1 X-30.865 Y-25.621 E2.204
G1 X-31.354 Y-25.725 E2.22893
;WIDTH:0.467105
G1 X-31.803 Y-25.912 E2.25336
G1 X-32.314 Y-26.288 E2.28523
;WIDTH:0.461357
G1 X-32.705 Y-26.787 E2.31662
;WIDTH:0.463049
G1 X-32.946 Y-27.364 E2.34771
G1 X-33.012 Y-27.746 E2.36699
;WIDTH:0.458156
G1 X-33.01 Y-28.254 E2.39194
;WIDTH:0.462699
G1 X-32.952 Y-28.602 E2.40947
G1 X-32.759 Y-29.071 E2.43467
;WIDTH:0.46706
G1 X-32.515 Y-29.463 E2.45786
G1 X-32.029 Y-29.929 E2.49168
;WIDTH:0.4627
G1 X-31.477 Y-30.206 E2.52236
;WIDTH:0.465724
G1 X-30.902 Y-30.355 E2.55209
G1 X-30.484 Y-30.355 E2.57301
;WIDTH:0.45856
G1 X-29.908 Y-30.251 E2.60179
;WIDTH:0.467682
G1 X-29.383 Y-30.001 E2.63104
G1 X-29.029 Y-29.716 E2.6539
;WIDTH:0.461522
G1 X-28.691 Y-29.335 E2.67913
G1 X-28.528 Y-29.062 E2.69488
;WIDTH:0.459204
G1 X-28.352 Y-28.563 E2.72094
;WIDTH:0.464604
G1 X-28.291 Y-28.207 E2.73897
G1 X-27.895 Y-28.173 F7200
;TYPE:External perimeter
;WIDTH:0.45
G1 F1200
G1 X-27.888 Y-28.122 E2.74145
G1 X-27.964 Y-27.323 E2.78005
G1 X-28.169 Y-26.751 E2.80927
G1 X-28.556 Y-26.184 E2.84229
G1 X-28.793 Y-25.935 E2.85882
G1 X-29.211 Y-25.622 E2.88394
G1 X-29.835 Y-25.338 E2.91691
G1 X-30.421 Y-25.238 E2.9455
G1 X-30.936 Y-25.23 E2.97027
G1 X-31.442 Y-25.349 E2.99527
G1 X-31.985 Y-25.557 E3.02324
G1 X-32.502 Y-25.936 E3.05407
G1 X-32.803 Y-26.242 E3.07471
G1 X-33.037 Y-26.573 E3.09421
G1 X-33.307 Y-27.211 E3.12753
G1 X-33.401 Y-27.616 E3.14753
G1 X-33.4 Y-28.254 E3.17822
G1 X-33.328 Y-28.719 E3.20085
G1 X-33.057 Y-29.357 E3.23419
G1 X-32.831 Y-29.705 E3.25415
G1 X-32.355 Y-30.166 E3.28602
G1 X-32.039 Y-30.388 E3.30459
G1 X-31.228 Y-30.7 E3.34638
G1 X-30.564 Y-30.762 E3.37846
G1 X-29.938 Y-30.656 E3.409
G1 X-29.448 Y-30.486 E3.43395
G1 X-28.865 Y-30.111 E3.46729
G1 X-28.4 Y-29.597 E3.50063
G1 X-28.179 Y-29.246 E3.52058
G1 X-27.951 Y-28.591 E3.55394
G1 X-27.903 Y-28.233 E3.57131
G1 X-27.919 Y-27.833 F7200
G1 E1.57131 F2400
G92 E0
G1 Z6.85 F7200
G1 X-54.736 Y-32.073
G1 Z4.85
G1 E2 F2400
;TYPE:Perimeter
;WIDTH:0.396572
G1 F1200
G1 X-63.568 Y-32.073 E2.36593
G1 X-63.568 Y-32.405 E2.37969
G1 X-54.736 Y-32.405 E2.74562
G1 X-54.736 Y-32.133 E2.75689
G1 X-54.377 Y-31.714 F7200
;TYPE:External perimeter
;WIDTH:0.45
G1 F1200
G1 X-63.927 Y-31.714 E3.21621
G1 X-63.927 Y-32.764 E3.26671
G1 X-54.377 Y-32.764 E3.72603
G1 X-54.377 Y-31.774 E3.77365
G1 X-54.772 Y-31.715 F7200
;LAYER_CHANGE
;Z:5.15
;HEIGHT:0.3
G1 E1.77365 F2400
G92 E0
G1 Z5.15 F7200
G1 Z7.15
G1 X36.432 Y-32.073
G1 Z5.15
G1 E2 F2400
;TYPE:Perimeter
;WIDTH:0.396572
G1 F1200
G1 X36.432 Y-32.405 E2.01376
G1 X47.264 Y-32.405 E2.46256
G1 X47.264 Y-32.073 E2.47632
G1 X36.492 Y-32.073 E2.92263
G1 X36.073 Y-31.714 F7200
;TYPE:External perimeter
;WIDTH:0.45
G1 F1200
G1 X36.073 Y-32.764 E2.97313
G1 X47.623 Y-32.764 E3.52864
G1 X47.623 Y-31.714 E3.57914
G1 X36.133 Y-31.714 E4.13177
G1 X36.074 Y-32.11 F7200
G1 E2.13177 F2400
G92 E0
G1 Z7.15 F7200
G1 X26.364 Y-26.285
G1 Z5.15
G1 E2 F2400
;TYPE:Perimeter
;WIDTH:0.462024
G1 F1200
G1 X26.153 Y-26.404 E2.01201
;WIDTH:0.468298
G1 X25.795 Y-26.77 E2.0378
G1 X25.581 Y-27.086 E2.05703
;WIDTH:0.459505
G1 X25.392 Y-27.629 E2.08536
;WIDTH:0.460611
G1 X25.378 Y-28.234 E2.11527
;WIDTH:0.465149
G1 X25.434 Y-28.497 E2.12871
G1 X25.634 Y-29 E2.15577
;WIDTH:0.468299
G1 X26.151 Y-29.573 E2.19465
;WIDTH:0.46187
G1 X26.622 Y-29.84 E2.22149
;WIDTH:0.46578
G1 X27.165 Y-29.96 E2.24933
G1 X27.449 Y-29.971 E2.26356
;WIDTH:0.460396
G1 X27.953 Y-29.882 E2.28884
;WIDTH:0.4677
G1 X28.419 Y-29.65 E2.31503
G1 X28.7 Y-29.442 E2.33262
;WIDTH:0.459519
G1 X29.067 Y-28.989 E2.36135
;WIDTH:0.459993
G1 X29.282 Y-28.433 E2.39076
;WIDTH:0.466352
G1 X29.321 Y-28.135 E2.40583
G1 X29.299 Y-27.602 E2.43258
;WIDTH:0.461467
G1 X29.116 Y-27.086 E2.4597
;WIDTH:0.468029
G1 X28.808 Y-26.659 E2.48621
G1 X28.544 Y-26.406 E2.50462
;WIDTH:0.459482
G1 X28.038 Y-26.124 E2.53317
;WIDTH:0.460272
G1 X27.449 Y-26.007 E2.56282
;WIDTH:0.465781
G1 X27.165 Y-26.019 E2.57705
G1 X26.639 Y-26.13 E2.60396
;WIDTH:0.462024
G1 X26.417 Y-26.256 E2.61662
G1 X26.561 Y-26.626 F7200
;TYPE:External perimeter
;WIDTH:0.45
G1 F1200
G1 X26.349 Y-26.743 E2.62827
G1 X25.982 Y-27.162 E2.65506
G1 X25.781 Y-27.679 E2.68174
G1 X25.769 Y-28.234 E2.70844
G1 X25.948 Y-28.759 E2.73512
G1 X26.349 Y-29.235 E2.76506
G1 X26.786 Y-29.487 E2.78932
G1 X27.315 Y-29.586 E2.8152
G1 X27.863 Y-29.502 E2.84186
G1 X28.349 Y-29.234 E2.86855
G1 X28.693 Y-28.843 E2.8936
G1 X28.915 Y-28.3 E2.92181
G1 X28.927 Y-27.745 E2.94851
G1 X28.748 Y-27.22 E2.97519
G1 X28.4 Y-26.787 E3.00191
G1 X27.969 Y-26.525 E3.02617
G1 X27.382 Y-26.392 E3.05512
G1 X26.833 Y-26.477 E3.08184
G1 X26.614 Y-26.598 E3.09387
G1 X26.289 Y-26.83 F7200
G1 X25.937 Y-26.074
;TYPE:Perimeter
;WIDTH:0.461554
G1 F1200
G1 X25.921 Y-26.083 E3.09478
;WIDTH:0.468298
G1 X25.49 Y-26.505 E3.12517
G1 X25.26 Y-26.846 E3.14589
;WIDTH:0.46515
G1 X25.057 Y-27.348 E3.17296
G1 X24.983 Y-27.732 E3.19251
;WIDTH:0.460611
G1 X24.989 Y-28.32 E3.22157
;WIDTH:0.467312
G1 X25.153 Y-28.905 E3.2521
G1 X25.368 Y-29.307 E3.27501
;WIDTH:0.461361
G1 X25.716 Y-29.722 E3.30183
;WIDTH:0.468512
G1 X26.194 Y-30.068 E3.33157
G1 X26.578 Y-30.242 E3.35282
;WIDTH:0.46578
G1 X27.097 Y-30.355 E3.37941
G1 X27.504 Y-30.363 E3.39979
;WIDTH:0.460396
G1 X28.066 Y-30.26 E3.42801
;WIDTH:0.4677
G1 X28.616 Y-30.001 E3.45859
G1 X28.931 Y-29.768 E3.4783
;WIDTH:0.463706
G1 X29.303 Y-29.347 E3.50628
G1 X29.485 Y-29.038 E3.52414
;WIDTH:0.461466
G1 X29.659 Y-28.553 E3.54966
;WIDTH:0.466352
G1 X29.723 Y-28.135 E3.57086
G1 X29.723 Y-27.844 E3.58545
G1 X29.659 Y-27.425 E3.6067
;WIDTH:0.461157
G1 X29.468 Y-26.903 E3.63421
;WIDTH:0.468029
G1 X29.121 Y-26.404 E3.66481
G1 X28.76 Y-26.076 E3.68937
;WIDTH:0.460526
G1 X28.292 Y-25.805 E3.71609
;WIDTH:0.468751
G1 X27.757 Y-25.647 E3.74422
G1 X27.316 Y-25.609 E3.76654
;WIDTH:0.46686
G1 X26.81 Y-25.672 E3.79214
G1 X26.393 Y-25.811 E3.81421
;WIDTH:0.461554
G1 X25.989 Y-26.044 E3.83731
G1 X25.706 Y-25.76 F7200
;TYPE:External perimeter
;WIDTH:0.45
G1 F1200
G1 X25.393 Y-26.024 E3.857
G1 X25.046 Y-26.451 E3.88346
G1 X24.781 Y-26.944 E3.91038
G1 X24.628 Y-27.474 E3.93691
G1 X24.574 Y-27.989 E3.96182
G1 X24.628 Y-28.505 E3.98677
G1 X24.794 Y-29.072 E4.01519
G1 X25.046 Y-29.528 E4.04025
G1 X25.393 Y-29.954 E4.06668
G1 X25.736 Y-30.244 E4.08828
G1 X26.229 Y-30.522 E4.1155
G1 X26.744 Y-30.695 E4.14163
G1 X27.303 Y-30.758 E4.16869
G1 X27.81 Y-30.725 E4.19313
G1 X28.319 Y-30.582 E4.21856
G1 X28.841 Y-30.328 E4.24648
G1 X29.26 Y-29.992 E4.27231
G1 X29.611 Y-29.591 E4.29794
G1 X29.846 Y-29.191 E4.32025
G1 X30.036 Y-28.656 E4.34756
G1 X30.116 Y-28.135 E4.37291
G1 X30.116 Y-27.844 E4.38691
G1 X30.036 Y-27.322 E4.41231
G1 X29.846 Y-26.788 E4.43957
G1 X29.611 Y-26.388 E4.46188
G1 X29.26 Y-25.987 E4.48751
G1 X28.806 Y-25.632 E4.51523
G1 X28.319 Y-25.397 E4.54124
G1 X27.81 Y-25.253 E4.56668
G1 X27.303 Y-25.221 E4.59111
G1 X26.705 Y-25.29 E4.62006
G1 X26.229 Y-25.457 E4.64432
G1 X25.754 Y-25.724 E4.67053
G1 X25.446 Y-25.98 F7200
G1 E2.67053 F2400
G92 E0
G1 Z7.15 F7200
G1 X25.627 Y20.018
G1 Z5.15
G1 E2 F2400
;TYPE:Perimeter
;WIDTH:0.46515
G1 F1200
G1 X25.634 Y20 E2.00097
;WIDTH:0.4683
G1 X26.151 Y19.427 E2.03985
;WIDTH:0.461869
G1 X26.622 Y19.16 E2.06669
;WIDTH:0.46578
G1 X27.165 Y19.04 E2.09453
G1 X27.449 Y19.029 E2.10876
;WIDTH:0.460398
G1 X27.953 Y19.118 E2.13404
;WIDTH:0.4677
G1 X28.419 Y19.35 E2.16023
G1 X28.7 Y19.558 E2.17782
;WIDTH:0.45952
G1 X29.067 Y20.011 E2.20655
;WIDTH:0.459993
G1 X29.282 Y20.567 E2.23596
;WIDTH:0.466352
G1 X29.321 Y20.865 E2.25103
G1 X29.299 Y21.398 E2.27778
;WIDTH:0.461466
G1 X29.116 Y21.914 E2.3049
;WIDTH:0.468031
G1 X28.808 Y22.341 E2.33141
G1 X28.544 Y22.594 E2.34982
;WIDTH:0.459482
G1 X28.038 Y22.876 E2.37837
;WIDTH:0.460272
G1 X27.449 Y22.993 E2.40802
;WIDTH:0.465779
G1 X27.165 Y22.981 E2.42225
G1 X26.639 Y22.87 E2.44916
;WIDTH:0.462025
G1 X26.153 Y22.596 E2.47683
;WIDTH:0.4683
G1 X25.795 Y22.23 E2.50262
G1 X25.581 Y21.914 E2.52185
;WIDTH:0.459506
G1 X25.392 Y21.371 E2.55018
;WIDTH:0.460611
G1 X25.378 Y20.766 E2.58009
;WIDTH:0.46515
G1 X25.434 Y20.503 E2.59353
G1 X25.605 Y20.074 E2.61661
G1 X25.97 Y20.215 F7200
;TYPE:External perimeter
;WIDTH:0.45
G1 F1200
G1 X26.349 Y19.765 E2.64491
G1 X26.786 Y19.513 E2.66917
G1 X27.315 Y19.414 E2.69505
G1 X27.863 Y19.498 E2.72171
G1 X28.349 Y19.766 E2.7484
G1 X28.693 Y20.157 E2.77345
G1 X28.915 Y20.7 E2.80166
G1 X28.927 Y21.255 E2.82836
G1 X28.748 Y21.78 E2.85504
G1 X28.4 Y22.213 E2.88176
G1 X27.969 Y22.475 E2.90602
G1 X27.382 Y22.608 E2.93497
G1 X26.833 Y22.523 E2.96169
G1 X26.349 Y22.257 E2.98825
G1 X25.982 Y21.838 E3.01504
G1 X25.781 Y21.321 E3.04172
G1 X25.769 Y20.766 E3.06842
G1 X25.94 Y20.265 E3.09388
G1 X26.191 Y19.954 F7200
G1 X24.989 Y20.693
;TYPE:Perimeter
;WIDTH:0.460611
G1 F1200
G1 X24.989 Y20.68 E3.09452
;WIDTH:0.467311
G1 X25.153 Y20.095 E3.12505
G1 X25.368 Y19.693 E3.14796
;WIDTH:0.461361
G1 X25.716 Y19.278 E3.17478
;WIDTH:0.46851
G1 X26.194 Y18.932 E3.20452
G1 X26.578 Y18.758 E3.22577
;WIDTH:0.46578
G1 X27.097 Y18.645 E3.25236
G1 X27.504 Y18.637 E3.27274
;WIDTH:0.460398
G1 X28.066 Y18.74 E3.30096
;WIDTH:0.4677
G1 X28.616 Y18.999 E3.33154
G1 X28.931 Y19.232 E3.35125
;WIDTH:0.463707
G1 X29.303 Y19.653 E3.37923
G1 X29.485 Y19.962 E3.39709
;WIDTH:0.461467
G1 X29.659 Y20.447 E3.42261
;WIDTH:0.466352
G1 X29.723 Y20.865 E3.44381
G1 X29.723 Y21.156 E3.4584
G1 X29.659 Y21.575 E3.47965
;WIDTH:0.461157
G1 X29.468 Y22.097 E3.50716
;WIDTH:0.468031
G1 X29.121 Y22.596 E3.53776
G1 X28.76 Y22.924 E3.56232
;WIDTH:0.460525
G1 X28.292 Y23.195 E3.58904
;WIDTH:0.468751
G1 X27.757 Y23.353 E3.61717
G1 X27.316 Y23.391 E3.63949
;WIDTH:0.466861
G1 X26.81 Y23.328 E3.66509
G1 X26.393 Y23.189 E3.68716
;WIDTH:0.461554
G1 X25.921 Y22.917 E3.71415
;WIDTH:0.4683
G1 X25.49 Y22.495 E3.74454
G1 X25.26 Y22.154 E3.76526
;WIDTH:0.46515
G1 X25.057 Y21.652 E3.79233
G1 X24.983 Y21.268 E3.81188
;WIDTH:0.460611
G1 X24.988 Y20.753 E3.83733
G1 X24.612 Y20.643 F7200
;TYPE:External perimeter
;WIDTH:0.45
G1 F1200
G1 X24.628 Y20.495 E3.84449
G1 X24.794 Y19.928 E3.87291
G1 X25.046 Y19.472 E3.89797
G1 X25.393 Y19.046 E3.9244
G1 X25.736 Y18.756 E3.946
G1 X26.229 Y18.478 E3.97322
G1 X26.744 Y18.305 E3.99935
G1 X27.303 Y18.242 E4.02641
G1 X27.81 Y18.275 E4.05085
G1 X28.319 Y18.418 E4.07628
G1 X28.841 Y18.672 E4.1042
G1 X29.26 Y19.008 E4.13003
G1 X29.611 Y19.409 E4.15566
G1 X29.846 Y19.809 E4.17797
G1 X30.036 Y20.344 E4.20528
G1 X30.116 Y20.865 E4.23063
G1 X30.116 Y21.156 E4.24463
G1 X30.036 Y21.678 E4.27003
G1 X29.846 Y22.212 E4.29729
G1 X29.611 Y22.612 E4.3196
G1 X29.26 Y23.013 E4.34523
G1 X28.806 Y23.368 E4.37295
G1 X28.319 Y23.603 E4.39896
G1 X27.81 Y23.747 E4.4244
G1 X27.303 Y23.779 E4.44883
G1 X26.705 Y23.71 E4.47778
G1 X26.229 Y23.543 E4.50204
G1 X25.736 Y23.266 E4.52924
G1 X25.393 Y22.976 E4.55084
G1 X25.046 Y22.549 E4.5773
G1 X24.781 Y22.056 E4.60422
G1 X24.628 Y21.526 E4.63075
G1 X24.574 Y21.011 E4.65566
G1 X24.606 Y20.702 E4.6706
G1 X24.687 Y20.311 F7200
G1 E2.6706 F2400
G92 E0
G1 Z7.15 F7200
G1 X-32.616 Y21.011
G1 Z5.15
G1 E2 F2400
;TYPE:Perimeter
;WIDTH:0.460612
G1 F1200
G1 X-32.622 Y20.766 E2.01211
;WIDTH:0.465151
G1 X-32.566 Y20.503 E2.02555
G1 X-32.366 Y20 E2.05261
;WIDTH:0.4683
G1 X-31.849 Y19.427 E2.09149
;WIDTH:0.46187
G1 X-31.378 Y19.16 E2.11833
;WIDTH:0.46578
G1 X-30.835 Y19.04 E2.14617
G1 X-30.551 Y19.029 E2.1604
;WIDTH:0.460397
G1 X-30.047 Y19.118 E2.18568
;WIDTH:0.467703
G1 X-29.581 Y19.35 E2.21187
G1 X-29.3 Y19.558 E2.22946
;WIDTH:0.45952
G1 X-28.933 Y20.011 E2.25819
;WIDTH:0.459995
G1 X-28.718 Y20.567 E2.2876
;WIDTH:0.466353
G1 X-28.679 Y20.865 E2.30267
G1 X-28.701 Y21.398 E2.32942
;WIDTH:0.461466
G1 X-28.884 Y21.914 E2.35654
;WIDTH:0.46803
G1 X-29.192 Y22.341 E2.38305
G1 X-29.456 Y22.594 E2.40146
;WIDTH:0.459482
G1 X-29.962 Y22.876 E2.43001
;WIDTH:0.460272
G1 X-30.551 Y22.993 E2.45966
;WIDTH:0.465779
G1 X-30.835 Y22.981 E2.47389
G1 X-31.361 Y22.87 E2.5008
;WIDTH:0.462024
G1 X-31.847 Y22.596 E2.52847
;WIDTH:0.468301
G1 X-32.205 Y22.23 E2.55426
G1 X-32.419 Y21.914 E2.57349
;WIDTH:0.459504
G1 X-32.608 Y21.371 E2.60182
;WIDTH:0.460612
G1 X-32.614 Y21.071 E2.61665
G1 X-32.225 Y21.011 F7200
;TYPE:External perimeter
;WIDTH:0.45
G1 F1200
G1 X-32.231 Y20.766 E2.62844
G1 X-32.052 Y20.241 E2.65512
G1 X-31.651 Y19.765 E2.68506
G1 X-31.214 Y19.513 E2.70932
G1 X-30.685 Y19.414 E2.7352
G1 X-30.137 Y19.498 E2.76186
G1 X-29.651 Y19.766 E2.78855
G1 X-29.307 Y20.157 E2.8136
G1 X-29.085 Y20.7 E2.84181
G1 X-29.073 Y21.255 E2.86851
G1 X-29.252 Y21.78 E2.89519
G1 X-29.6 Y22.213 E2.92191
G1 X-30.031 Y22.475 E2.94617
G1 X-30.618 Y22.608 E2.97512
G1 X-31.167 Y22.523 E3.00184
G1 X-31.651 Y22.257 E3.0284
G1 X-32.018 Y21.838 E3.05519
G1 X-32.219 Y21.321 E3.08187
G1 X-32.224 Y21.071 E3.0939
G1 X-32.186 Y20.673 F7200
G1 E1.0939 F2400
G92 E0
G1 Z7.15 F7200
G1 X-29.946 Y18.737
G1 Z5.15
G1 E2 F2400
;TYPE:Perimeter
;WIDTH:0.460397
G1 F1200
G1 X-29.934 Y18.74 E2.00061
;WIDTH:0.467703
G1 X-29.384 Y18.999 E2.03119
G1 X-29.069 Y19.232 E2.0509
;WIDTH:0.463708
G1 X-28.697 Y19.653 E2.07888
G1 X-28.515 Y19.962 E2.09674
;WIDTH:0.461466
G1 X-28.341 Y20.447 E2.12226
;WIDTH:0.466353
G1 X-28.277 Y20.865 E2.14346
G1 X-28.277 Y21.156 E2.15805
G1 X-28.341 Y21.575 E2.1793
;WIDTH:0.461155
G1 X-28.532 Y22.097 E2.20681
;WIDTH:0.46803
G1 X-28.879 Y22.596 E2.23741
G1 X-29.24 Y22.924 E2.26197
;WIDTH:0.460526
G1 X-29.708 Y23.195 E2.28869
;WIDTH:0.468749
G1 X-30.243 Y23.353 E2.31682
G1 X-30.684 Y23.391 E2.33914
;WIDTH:0.466862
G1 X-31.19 Y23.328 E2.36474
G1 X-31.607 Y23.189 E2.38681
;WIDTH:0.461553
G1 X-32.079 Y22.917 E2.4138
;WIDTH:0.468301
G1 X-32.51 Y22.495 E2.44419
G1 X-32.74 Y22.154 E2.46491
;WIDTH:0.465151
G1 X-32.943 Y21.652 E2.49198
G1 X-33.017 Y21.268 E2.51153
;WIDTH:0.460612
G1 X-33.011 Y20.68 E2.54059
;WIDTH:0.467309
G1 X-32.847 Y20.095 E2.57112
G1 X-32.632 Y19.693 E2.59403
;WIDTH:0.461361
G1 X-32.284 Y19.278 E2.62085
;WIDTH:0.46851
G1 X-31.806 Y18.932 E2.65059
G1 X-31.422 Y18.758 E2.67184
;WIDTH:0.46578
G1 X-30.903 Y18.645 E2.69843
G1 X-30.496 Y18.637 E2.71881
;WIDTH:0.460397
G1 X-30.005 Y18.727 E2.74347
G1 X-29.834 Y18.375 F7200
;TYPE:External perimeter
;WIDTH:0.45
G1 F1200
G1 X-29.681 Y18.418 E2.75111
G1 X-29.159 Y18.672 E2.77903
G1 X-28.74 Y19.008 E2.80486
G1 X-28.389 Y19.409 E2.83049
G1 X-28.154 Y19.809 E2.8528
G1 X-27.964 Y20.344 E2.88011
G1 X-27.884 Y20.865 E2.90546
G1 X-27.884 Y21.156 E2.91946
G1 X-27.964 Y21.678 E2.94486
G1 X-28.154 Y22.212 E2.97212
G1 X-28.389 Y22.612 E2.99443
G1 X-28.74 Y23.013 E3.02006
G1 X-29.194 Y23.368 E3.04778
G1 X-29.681 Y23.603 E3.07379
G1 X-30.19 Y23.747 E3.09923
G1 X-30.697 Y23.779 E3.12366
G1 X-31.295 Y23.71 E3.15261
G1 X-31.771 Y23.543 E3.17687
G1 X-32.264 Y23.266 E3.20407
G1 X-32.607 Y22.976 E3.22567
G1 X-32.954 Y22.549 E3.25213
G1 X-33.219 Y22.056 E3.27905
G1 X-33.372 Y21.526 E3.30558
G1 X-33.426 Y21.011 E3.33049
G1 X-33.372 Y20.495 E3.35544
G1 X-33.206 Y19.928 E3.38386
G1 X-32.954 Y19.472 E3.40892
G1 X-32.607 Y19.046 E3.43535
G1 X-32.264 Y18.756 E3.45695
G1 X-31.771 Y18.478 E3.48417
G1 X-31.256 Y18.305 E3.5103
G1 X-30.697 Y18.242 E3.53736
G1 X-30.19 Y18.275 E3.5618
G1 X-29.892 Y18.359 E3.57669
G1 X-29.519 Y18.503 F7200
G1 E1.57669 F2400
G92 E0
G1 Z7.15 F7200
G1 X-29.382 Y-26.476
G1 Z5.15
G1 E2 F2400
;TYPE:Perimeter
;WIDTH:0.46803
G1 F1200
G1 X-29.456 Y-26.406 E2.00513
;WIDTH:0.459482
G1 X-29.962 Y-26.124 E2.03368
;WIDTH:0.460273
G1 X-30.551 Y-26.007 E2.06333
;WIDTH:0.46578
G1 X-30.835 Y-26.019 E2.07756
G1 X-31.361 Y-26.13 E2.10447
;WIDTH:0.462024
G1 X-31.847 Y-26.404 E2.13214
;WIDTH:0.4683
G1 X-32.205 Y-26.77 E2.15793
G1 X-32.419 Y-27.086 E2.17716
;WIDTH:0.459503
G1 X-32.608 Y-27.629 E2.20549
;WIDTH:0.460612
G1 X-32.622 Y-28.234 E2.2354
;WIDTH:0.465151
G1 X-32.566 Y-28.497 E2.24884
G1 X-32.366 Y-29 E2.2759
;WIDTH:0.4683
G1 X-31.849 Y-29.573 E2.31478
;WIDTH:0.46187
G1 X-31.378 Y-29.84 E2.34162
;WIDTH:0.465779
G1 X-30.835 Y-29.96 E2.36946
G1 X-30.551 Y-29.971 E2.38369
;WIDTH:0.460396
G1 X-30.047 Y-29.882 E2.40897
;WIDTH:0.467702
G1 X-29.581 Y-29.65 E2.43516
G1 X-29.3 Y-29.442 E2.45275
;WIDTH:0.459518
G1 X-28.933 Y-28.989 E2.48148
;WIDTH:0.459994
G1 X-28.718 Y-28.433 E2.51089
;WIDTH:0.466353
G1 X-28.679 Y-28.135 E2.52596
G1 X-28.701 Y-27.602 E2.55271
;WIDTH:0.461467
G1 X-28.884 Y-27.086 E2.57983
;WIDTH:0.46803
G1 X-29.192 Y-26.659 E2.60634
G1 X-29.339 Y-26.518 E2.61659
G1 X-29.629 Y-26.769 F7200
;TYPE:External perimeter
;WIDTH:0.45
G1 F1200
G1 X-30.031 Y-26.525 E2.63921
G1 X-30.618 Y-26.392 E2.66816
G1 X-31.167 Y-26.477 E2.69488
G1 X-31.651 Y-26.743 E2.72144
G1 X-32.018 Y-27.162 E2.74823
G1 X-32.219 Y-27.679 E2.77491
G1 X-32.231 Y-28.234 E2.80161
G1 X-32.052 Y-28.759 E2.82829
G1 X-31.651 Y-29.235 E2.85823
G1 X-31.214 Y-29.487 E2.88249
G1 X-30.685 Y-29.586 E2.90837
G1 X-30.137 Y-29.502 E2.93503
G1 X-29.651 Y-29.234 E2.96172
G1 X-29.307 Y-28.843 E2.98677
G1 X-29.085 Y-28.3 E3.01498
G1 X-29.073 Y-27.745 E3.04168
G1 X-29.252 Y-27.22 E3.06836
G1 X-29.583 Y-26.807 E3.09382
G1 X-29.921 Y-26.593 F7200
G1 E1.09382 F2400
G92 E0
G1 Z7.15 F7200
G1 X-28.279 Y-28.148
G1 Z5.15
G1 E2 F2400
;TYPE:Perimeter
;WIDTH:0.466353
G1 F1200
G1 X-28.277 Y-28.135 E2.00066
G1 X-28.277 Y-27.844 E2.01525
G1 X-28.341 Y-27.425 E2.0365
;WIDTH:0.461157
G1 X-28.532 Y-26.903 E2.06401
;WIDTH:0.46803
G1 X-28.879 Y-26.404 E2.09461
G1 X-29.24 Y-26.076 E2.11917
;WIDTH:0.460527
G1 X-29.708 Y-25.805 E2.14589
;WIDTH:0.46875
G1 X-30.243 Y-25.647 E2.17402
G1 X-30.684 Y-25.609 E2.19634
;WIDTH:0.46686
G1 X-31.19 Y-25.672 E2.22194
G1 X-31.607 Y-25.811 E2.24401
;WIDTH:0.461554
G1 X-32.079 Y-26.083 E2.271
;WIDTH:0.4683
G1 X-32.51 Y-26.505 E2.30139
G1 X-32.74 Y-26.846 E2.32211
;WIDTH:0.46515
G1 X-32.943 Y-27.348 E2.34918
G1 X-33.017 Y-27.732 E2.36873
;WIDTH:0.460612
G1 X-33.011 Y-28.32 E2.39779
;WIDTH:0.46731
G1 X-32.847 Y-28.905 E2.42832
G1 X-32.632 Y-29.307 E2.45123
;WIDTH:0.461361
G1 X-32.284 Y-29.722 E2.47805
;WIDTH:0.468512
G1 X-31.806 Y-30.068 E2.50779
G1 X-31.422 Y-30.242 E2.52904
;WIDTH:0.465779
G1 X-30.903 Y-30.355 E2.55563
G1 X-30.496 Y-30.363 E2.57601
;WIDTH:0.460396
G1 X-29.934 Y-30.26 E2.60423
;WIDTH:0.467702
G1 X-29.384 Y-30.001 E2.63481
G1 X-29.069 Y-29.768 E2.65452
;WIDTH:0.463707
G1 X-28.697 Y-29.347 E2.6825
G1 X-28.515 Y-29.038 E2.70036
;WIDTH:0.461467
G1 X-28.341 Y-28.553 E2.72588
;WIDTH:0.466353
G1 X-28.288 Y-28.207 E2.74343
G1 X-27.89 Y-28.174 F7200
;TYPE:External perimeter
;WIDTH:0.45
G1 F1200
G1 X-27.884 Y-28.135 E2.74533
G1 X-27.884 Y-27.844 E2.75933
G1 X-27.964 Y-27.322 E2.78473
G1 X-28.154 Y-26.788 E2.81199
G1 X-28.389 Y-26.388 E2.8343
G1 X-28.74 Y-25.987 E2.85993
G1 X-29.194 Y-25.632 E2.88765
G1 X-29.681 Y-25.397 E2.91366
G1 X-30.19 Y-25.253 E2.9391
G1 X-30.697 Y-25.221 E2.96353
G1 X-31.295 Y-25.29 E2.99248
G1 X-31.771 Y-25.457 E3.01674
G1 X-32.264 Y-25.734 E3.04394
G1 X-32.607 Y-26.024 E3.06554
G1 X-32.954 Y-26.451 E3.092
G1 X-33.219 Y-26.944 E3.11892
G1 X-33.372 Y-27.474 E3.14545
G1 X-33.426 Y-27.989 E3.17036
G1 X-33.372 Y-28.505 E3.19531
G1 X-33.206 Y-29.072 E3.22373
G1 X-32.954 Y-29.528 E3.24879
G1 X-32.607 Y-29.954 E3.27522
G1 X-32.264 Y-30.244 E3.29682
G1 X-31.771 Y-30.522 E3.32404
G1 X-31.256 Y-30.695 E3.35017
G1 X-30.697 Y-30.758 E3.37723
G1 X-30.19 Y-30.725 E3.40167
G1 X-29.681 Y-30.582 E3.4271
G1 X-29.159 Y-30.328 E3.45502
G1 X-28.74 Y-29.992 E3.48085
G1 X-28.389 Y-29.591 E3.50648
G1 X-28.154 Y-29.191 E3.52879
G1 X-27.964 Y-28.656 E3.5561
G1 X-27.899 Y-28.233 E3.57668
G1 X-27.895 Y-27.833 F7200
G1 E1.57668 F2400
G92 E0
G1 Z7.15 F7200
G1 X-54.736 Y-32.073
G1 Z5.15
G1 E2 F2400
;TYPE:Perimeter
;WIDTH:0.396572
G1 F1200
G1 X-63.568 Y-32.073 E2.36593
G1 X-63.568 Y-32.405 E2.37969
G1 X-54.736 Y-32.405 E2.74562
G1 X-54.736 Y-32.133 E2.75689
G1 X-54.377 Y-31.714 F7200
;TYPE:External perimeter
;WIDTH:0.45
G1 F1200
G1 X-63.927 Y-31.714 E3.21621
G1 X-63.927 Y-32.764 E3.26671
G1 X-54.377 Y-32.764 E3.72603
G1 X-54.377 Y-31.774 E3.77365
G1 X-54.772 Y-31.715 F7200
M106 S249.9
;LAYER_CHANGE
;Z:5.45
;HEIGHT:0.3
G1 E1.77365 F2400
G92 E0
G1 Z5.45 F7200
G1 Z7.45
G1 X36.432 Y-32.073
G1 Z5.45
G1 E2 F2400
;TYPE:Perimeter
;WIDTH:0.396572
G1 F1200
G1 X36.432 Y-32.405 E2.01376
G1 X47.264 Y-32.405 E2.46256
G1 X47.264 Y-32.073 E2.47632
G1 X36.492 Y-32.073 E2.92263
G1 X36.073 Y-31.714 F7200
;TYPE:External perimeter
;WIDTH:0.45
G1 F1200
G1 X36.073 Y-32.764 E2.97313
G1 X47.623 Y-32.764 E3.52864
G1 X47.623 Y-31.714 E3.57914
G1 X36.133 Y-31.714 E4.13177
G1 X36.074 Y-32.11 F7200
G1 E2.13177 F2400
G92 E0
G1 Z7.45 F7200
G1 X-54.736 Y-32.073
G1 Z5.45
G1 E2 F2400
;TYPE:Perimeter
;WIDTH:0.396572
G1 F1200
G1 X-63.568 Y-32.073 E2.36593
G1 X-63.568 Y-32.405 E2.37969
G1 X-54.736 Y-32.405 E2.74562
G1 X-54.736 Y-32.133 E2.75689
G1 X-54.377 Y-31.714 F7200
;TYPE:External perimeter
;WIDTH:0.45
G1 F1200
G1 X-63.927 Y-31.714 E3.21621
G1 X-63.927 Y-32.764 E3.26671
G1 X-54.377 Y-32.764 E3.72603
G1 X-54.377 Y-31.774 E3.77365
G1 X-54.772 Y-31.715 F7200
;LAYER_CHANGE
;Z:5.75
;HEIGHT:0.3
G1 E1.77365 F2400
G92 E0
G1 Z5.75 F7200
G1 Z7.75
G1 X36.432 Y-32.073
G1 Z5.75
G1 E2 F2400
;TYPE:Perimeter
;WIDTH:0.396572
G1 F1200
G1 X36.432 Y-32.405 E2.01376
G1 X47.264 Y-32.405 E2.46256
G1 X47.264 Y-32.073 E2.47632
G1 X36.492 Y-32.073 E2.92263
G1 X36.073 Y-31.714 F7200
;TYPE:External perimeter
;WIDTH:0.45
G1 F1200
G1 X36.073 Y-32.764 E2.97313
G1 X47.623 Y-32.764 E3.52864
G1 X47.623 Y-31.714 E3.57914
G1 X36.133 Y-31.714 E4.13177
G1 X36.074 Y-32.11 F7200
G1 E2.13177 F2400
G92 E0
G1 Z7.75 F7200
G1 X-54.736 Y-32.073
G1 Z5.75
G1 E2 F2400
;TYPE:Perimeter
;WIDTH:0.396572
G1 F1200
G1 X-63.568 Y-32.073 E2.36593
G1 X-63.568 Y-32.405 E2.37969
G1 X-54.736 Y-32.405 E2.74562
G1 X-54.736 Y-32.133 E2.75689
G1 X-54.377 Y-31.714 F7200
;TYPE:External perimeter
;WIDTH:0.45
G1 F1200
G1 X-63.927 Y-31.714 E3.21621
G1 X-63.927 Y-32.764 E3.26671
G1 X-54.377 Y-32.764 E3.72603
G1 X-54.377 Y-31.774 E3.77365
G1 X-54.772 Y-31.715 F7200
;LAYER_CHANGE
;Z:6.05
;HEIGHT:0.3
G1 E1.77365 F2400
G92 E0
G1 Z6.05 F7200
G1 Z8.05
G1 X36.432 Y-32.073
G1 Z6.05
G1 E2 F2400
;TYPE:Perimeter
;WIDTH:0.396572
G1 F1200
G1 X36.432 Y-32.405 E2.01376
G1 X47.264 Y-32.405 E2.46256
G1 X47.264 Y-32.073 E2.47632
G1 X36.492 Y-32.073 E2.92263
G1 X36.073 Y-31.714 F7200
;TYPE:External perimeter
;WIDTH:0.45
G1 F1200
G1 X36.073 Y-32.764 E2.97313
G1 X47.623 Y-32.764 E3.52864
G1 X47.623 Y-31.714 E3.57914
G1 X36.133 Y-31.714 E4.13177
G1 X36.074 Y-32.11 F7200
G1 E2.13177 F2400
G92 E0
G1 Z8.05 F7200
G1 X-54.736 Y-32.073
G1 Z6.05
G1 E2 F2400
;TYPE:Perimeter
;WIDTH:0.396572
G1 F1200
G1 X-63.568 Y-32.073 E2.36593
G1 X-63.568 Y-32.405 E2.37969
G1 X-54.736 Y-32.405 E2.74562
G1 X-54.736 Y-32.133 E2.75689
G1 X-54.377 Y-31.714 F7200
;TYPE:External perimeter
;WIDTH:0.45
G1 F1200
G1 X-63.927 Y-31.714 E3.21621
G1 X-63.927 Y-32.764 E3.26671
G1 X-54.377 Y-32.764 E3.72603
G1 X-54.377 Y-31.774 E3.77365
G1 X-54.772 Y-31.715 F7200
;LAYER_CHANGE
;Z:6.35
;HEIGHT:0.3
G1 E1.77365 F2400
G92 E0
G1 Z6.35 F7200
G1 Z8.35
G1 X36.432 Y-32.073
G1 Z6.35
G1 E2 F2400
;TYPE:Perimeter
;WIDTH:0.396572
G1 F1200
G1 X36.432 Y-32.405 E2.01376
G1 X47.264 Y-32.405 E2.46256
G1 X47.264 Y-32.073 E2.47632
G1 X36.492 Y-32.073 E2.92263
G1 X36.073 Y-31.714 F7200
;TYPE:External perimeter
;WIDTH:0.45
G1 F1200
G1 X36.073 Y-32.764 E2.97313
G1 X47.623 Y-32.764 E3.52864
G1 X47.623 Y-31.714 E3.57914
G1 X36.133 Y-31.714 E4.13177
G1 X36.074 Y-32.11 F7200
G1 E2.13177 F2400
G92 E0
G1 Z8.35 F7200
G1 X-54.736 Y-32.073
G1 Z6.35
G1 E2 F2400
;TYPE:Perimeter
;WIDTH:0.396572
G1 F1200
G1 X-63.568 Y-32.073 E2.36593
G1 X-63.568 Y-32.405 E2.37969
G1 X-54.736 Y-32.405 E2.74562
G1 X-54.736 Y-32.133 E2.75689
G1 X-54.377 Y-31.714 F7200
;TYPE:External perimeter
;WIDTH:0.45
G1 F1200
G1 X-63.927 Y-31.714 E3.21621
G1 X-63.927 Y-32.764 E3.26671
G1 X-54.377 Y-32.764 E3.72603
G1 X-54.377 Y-31.774 E3.77365
G1 X-54.772 Y-31.715 F7200
;LAYER_CHANGE
;Z:6.65
;HEIGHT:0.3
G1 E1.77365 F2400
G92 E0
G1 Z6.65 F7200
G1 Z8.65
G1 X36.432 Y-32.073
G1 Z6.65
G1 E2 F2400
;TYPE:Perimeter
;WIDTH:0.396572
G1 F1200
G1 X36.432 Y-32.405 E2.01376
G1 X47.264 Y-32.405 E2.46256
G1 X47.264 Y-32.073 E2.47632
G1 X36.492 Y-32.073 E2.92263
G1 X36.073 Y-31.714 F7200
;TYPE:External perimeter
;WIDTH:0.45
G1 F1200
G1 X36.073 Y-32.764 E2.97313
G1 X47.623 Y-32.764 E3.52864
G1 X47.623 Y-31.714 E3.57914
G1 X36.133 Y-31.714 E4.13177
G1 X36.074 Y-32.11 F7200
G1 E2.13177 F2400
G92 E0
G1 Z8.65 F7200
G1 X-54.736 Y-32.073
G1 Z6.65
G1 E2 F2400
;TYPE:Perimeter
;WIDTH:0.396572
G1 F1200
G1 X-63.568 Y-32.073 E2.36593
G1 X-63.568 Y-32.405 E2.37969
G1 X-54.736 Y-32.405 E2.74562
G1 X-54.736 Y-32.133 E2.75689
G1 X-54.377 Y-31.714 F7200
;TYPE:External perimeter
;WIDTH:0.45
G1 F1200
G1 X-63.927 Y-31.714 E3.21621
G1 X-63.927 Y-32.764 E3.26671
G1 X-54.377 Y-32.764 E3.72603
G1 X-54.377 Y-31.774 E3.77365
G1 X-54.772 Y-31.715 F7200
G1 E1.77365 F2400
G92 E0
M107
;TYPE:Custom
; Filament-specific end gcode 
;END gcode for filament
M300
M104 S0
G28 X
G28 Z
G1 Y65
G92 E
; objects_info = {"objects":[]}
; filament used [mm] = 10864.86
; filament used [cm3] = 26.13
; total filament used [g] = 0.00
; total filament cost = 0.00
; total filament used for wipe tower [g] = 0.00
; estimated printing time (normal mode) = 1h 5m 45s
; estimated first layer printing time (normal mode) = 9m 57s

; prusaslicer_config = begin
; arc_fitting = disabled
; autoemit_temperature_commands = 0
; automatic_extrusion_widths = 0
; automatic_infill_combination = 0
; automatic_infill_combination_max_layer_height = 100%
; avoid_crossing_curled_overhangs = 0
; avoid_crossing_perimeters = 0
; avoid_crossing_perimeters_max_detour = 0
; bed_custom_model = 
; bed_custom_texture = 
; bed_shape = -95x-65,90x-65,90x65,-95x65
; bed_temperature = 0
; bed_temperature_extruder = 0
; before_layer_gcode = 
; between_objects_gcode = 
; binary_gcode = 0
; bottom_fill_pattern = rectilinear
; bottom_solid_layers = 3
; bottom_solid_min_thickness = 0
; bridge_acceleration = 0
; bridge_angle = 0
; bridge_fan_speed = 100
; bridge_flow_ratio = 1
; bridge_speed = 85
; brim_separation = 0
; brim_type = outer_only
; brim_width = 0
; chamber_minimal_temperature = 0
; chamber_temperature = 0
; color_change_gcode = M600
; colorprint_heights = 
; complete_objects = 0
; cooling = 1
; cooling_perimeter_transition_distance = 0
; cooling_slowdown_logic = uniform_cooling
; cooling_tube_length = 5
; cooling_tube_retraction = 91.5
; custom_parameters_filament = ""
; custom_parameters_print = 
; custom_parameters_printer = 
; default_acceleration = 0
; default_filament_profile = 
; default_print_profile = 
; deretract_speed = 0
; disable_fan_first_layers = 3
; dont_support_bridges = 1
; draft_shield = disabled
; duplicate_distance = 6
; elefant_foot_compensation = 0
; enable_dynamic_fan_speeds = 0
; enable_dynamic_overhang_speeds = 0
; end_filament_gcode = "; Filament-specific end gcode \n;END gcode for filament\n"
; end_gcode = M300\r\nM104 S0\r\nG28 X\r\nG28 Z\r\nG1 Y65\r\nG92 E\r\n
; ensure_vertical_shell_thickness = enabled
; external_perimeter_acceleration = 0
; external_perimeter_extrusion_width = 0.45
; external_perimeter_speed = 50%
; external_perimeters_first = 0
; extra_loading_move = -2
; extra_perimeters = 1
; extra_perimeters_on_overhangs = 0
; extruder_clearance_height = 20
; extruder_clearance_radius = 20
; extruder_colour = ""
; extruder_offset = 0x0
; extrusion_axis = E
; extrusion_multiplier = 1
; extrusion_width = 0.45
; fan_always_on = 0
; fan_below_layer_time = 60
; filament_abrasive = 0
; filament_colour = #29B2B2
; filament_cooling_final_speed = 3.4
; filament_cooling_initial_speed = 2.2
; filament_cooling_moves = 4
; filament_cost = 0
; filament_density = 0
; filament_deretract_speed = nil
; filament_diameter = 1.75
; filament_infill_max_crossing_speed = 0
; filament_infill_max_speed = 0
; filament_load_time = 0
; filament_loading_speed = 28
; filament_loading_speed_start = 3
; filament_max_volumetric_speed = 0
; filament_minimal_purge_on_wipe_tower = 15
; filament_multitool_ramming = 0
; filament_multitool_ramming_flow = 10
; filament_multitool_ramming_volume = 10
; filament_notes = ""
; filament_purge_multiplier = 100%
; filament_ramming_parameters = "120 100 6.6 6.8 7.2 7.6 7.9 8.2 8.7 9.4 9.9 10.0| 0.05 6.6 0.45 6.8 0.95 7.8 1.45 8.3 1.95 9.7 2.45 10 2.95 7.6 3.45 7.6 3.95 7.6 4.45 7.6 4.95 7.6"
; filament_retract_before_travel = nil
; filament_retract_before_wipe = nil
; filament_retract_layer_change = nil
; filament_retract_length = nil
; filament_retract_length_toolchange = nil
; filament_retract_lift = 2
; filament_retract_lift_above = nil
; filament_retract_lift_below = nil
; filament_retract_restart_extra = nil
; filament_retract_restart_extra_toolchange = nil
; filament_retract_speed = nil
; filament_seam_gap_distance = nil
; filament_settings_id = Beethefirst
; filament_shrinkage_compensation_xy = 0%
; filament_shrinkage_compensation_z = 0%
; filament_soluble = 0
; filament_spool_weight = 0
; filament_stamping_distance = 0
; filament_stamping_loading_speed = 20
; filament_toolchange_delay = 0
; filament_travel_lift_before_obstacle = nil
; filament_travel_max_lift = nil
; filament_travel_ramping_lift = nil
; filament_travel_slope = nil
; filament_type = PLA
; filament_unload_time = 0
; filament_unloading_speed = 90
; filament_unloading_speed_start = 100
; filament_vendor = (Unknown)
; filament_wipe = nil
; fill_angle = 45
; fill_density = 20%
; fill_pattern = gyroid
; first_layer_acceleration = 0
; first_layer_acceleration_over_raft = 0
; first_layer_bed_temperature = 0
; first_layer_extrusion_width = 0.42
; first_layer_height = 0.35
; first_layer_infill_speed = 0
; first_layer_speed = 30
; first_layer_speed_over_raft = 30
; first_layer_temperature = 200
; full_fan_speed_layer = 0
; fuzzy_skin = none
; fuzzy_skin_point_dist = 0.8
; fuzzy_skin_thickness = 0.3
; gap_fill_enabled = 1
; gap_fill_speed = 20
; gcode_comments = 0
; gcode_flavor = reprap
; gcode_label_objects = disabled
; gcode_resolution = 0.0125
; gcode_substitutions = 
; high_current_on_filament_swap = 0
; host_type = prusalink
; idle_temperature = nil
; infill_acceleration = 0
; infill_anchor = 600%
; infill_anchor_max = 50
; infill_every_layers = 1
; infill_extruder = 1
; infill_extrusion_width = 0.45
; infill_first = 0
; infill_overlap = 25%
; infill_speed = 50
; interface_shells = 0
; interlocking_beam = 0
; interlocking_beam_layer_count = 2
; interlocking_beam_width = 0.8
; interlocking_boundary_avoidance = 2
; interlocking_depth = 2
; interlocking_orientation = 22.5
; ironing = 0
; ironing_flowrate = 15%
; ironing_spacing = 0.1
; ironing_speed = 15
; ironing_type = top
; layer_gcode = 
; layer_height = 0.3
; machine_limits_usage = time_estimate_only
; machine_max_acceleration_e = 10000,5000
; machine_max_acceleration_extruding = 1500,1250
; machine_max_acceleration_retracting = 1500,1250
; machine_max_acceleration_travel = 1500,1250
; machine_max_acceleration_x = 9000,1000
; machine_max_acceleration_y = 9000,1000
; machine_max_acceleration_z = 500,200
; machine_max_feedrate_e = 120,120
; machine_max_feedrate_x = 500,200
; machine_max_feedrate_y = 500,200
; machine_max_feedrate_z = 12,12
; machine_max_jerk_e = 2.5,2.5
; machine_max_jerk_x = 10,10
; machine_max_jerk_y = 10,10
; machine_max_jerk_z = 0.2,0.4
; machine_max_junction_deviation = 0,0
; machine_min_extruding_rate = 0,0
; machine_min_travel_rate = 0,0
; max_fan_speed = 100
; max_layer_height = 0
; max_print_height = 125
; max_print_speed = 80
; max_volumetric_extrusion_rate_slope_negative = 0
; max_volumetric_extrusion_rate_slope_positive = 0
; max_volumetric_speed = 0
; min_bead_width = 85%
; min_fan_speed = 35
; min_feature_size = 25%
; min_layer_height = 0.07
; min_print_speed = 10
; min_skirt_length = 0
; mmu_segmented_region_interlocking_depth = 0
; mmu_segmented_region_max_width = 0
; multimaterial_purging = 140
; notes = 
; nozzle_diameter = 0.4
; nozzle_high_flow = 0
; only_one_perimeter_first_layer = 0
; only_retract_when_crossing_perimeters = 0
; ooze_prevention = 0
; output_filename_format = [input_filename_base].gcode
; over_bridge_speed = 0
; overhang_fan_speed_0 = 0
; overhang_fan_speed_1 = 0
; overhang_fan_speed_2 = 0
; overhang_fan_speed_3 = 0
; overhang_speed_0 = 15
; overhang_speed_1 = 15
; overhang_speed_2 = 20
; overhang_speed_3 = 25
; overhangs = 1
; parking_pos_retraction = 92
; pause_print_gcode = M601
; perimeter_acceleration = 0
; perimeter_extruder = 1
; perimeter_extrusion_width = 0.45
; perimeter_generator = arachne
; perimeter_speed = 60
; perimeters = 3
; physical_printer_settings_id = 
; post_process = 
; prefer_clockwise_movements = 0
; print_settings_id = Beethefirst
; printer_model = 
; printer_notes = 
; printer_settings_id = Beethefirst
; printer_technology = FFF
; printer_variant = 
; printer_vendor = 
; raft_contact_distance = 0.1
; raft_expansion = 1.5
; raft_first_layer_density = 90%
; raft_first_layer_expansion = 3
; raft_layers = 0
; remaining_times = 0
; resolution = 0
; retract_before_travel = 2
; retract_before_wipe = 0%
; retract_layer_change = 0
; retract_length = 2
; retract_length_toolchange = 10
; retract_lift = 0
; retract_lift_above = 0
; retract_lift_below = 0
; retract_restart_extra = 0
; retract_restart_extra_toolchange = 0
; retract_speed = 40
; scarf_seam_entire_loop = 0
; scarf_seam_length = 20
; scarf_seam_max_segment_length = 1
; scarf_seam_on_inner_perimeters = 0
; scarf_seam_only_on_smooth = 1
; scarf_seam_placement = nowhere
; scarf_seam_start_height = 0%
; seam_gap_distance = 15%
; seam_position = aligned
; silent_mode = 1
; single_extruder_multi_material = 0
; single_extruder_multi_material_priming = 1
; skirt_distance = 6
; skirt_height = 1
; skirts = 2
; slice_closing_radius = 0.049
; slicing_mode = regular
; slowdown_below_layer_time = 5
; small_perimeter_speed = 20
; solid_infill_acceleration = 0
; solid_infill_below_area = 70
; solid_infill_every_layers = 0
; solid_infill_extruder = 1
; solid_infill_extrusion_width = 0.45
; solid_infill_speed = 25
; spiral_vase = 0
; staggered_inner_seams = 0
; standby_temperature_delta = -5
; start_filament_gcode = "; Filament gcode\n"
; start_gcode = M109 S200\nM300\nM206 X500\nM107\nG28\nG92 E\nM130 T6 U1.3 V80\nG1 X-98.0 Y-20.0 Z5.0 F3000\nG1 Y-68.0 Z0.3\nG1 X-98.0 Y0.0 F500 E20\nG92 E\n
; support_material = 1
; support_material_angle = 0
; support_material_auto = 1
; support_material_bottom_contact_distance = 0
; support_material_bottom_interface_layers = -1
; support_material_buildplate_only = 0
; support_material_closing_radius = 2
; support_material_contact_distance = 0.2
; support_material_enforce_layers = 0
; support_material_extruder = 1
; support_material_extrusion_width = 0.35
; support_material_interface_contact_loops = 0
; support_material_interface_extruder = 1
; support_material_interface_layers = 3
; support_material_interface_pattern = rectilinear
; support_material_interface_spacing = 0
; support_material_interface_speed = 100%
; support_material_pattern = rectilinear
; support_material_spacing = 2.5
; support_material_speed = 55
; support_material_style = organic
; support_material_synchronize_layers = 0
; support_material_threshold = 0
; support_material_with_sheath = 1
; support_material_xy_spacing = 50%
; support_tree_angle = 40
; support_tree_angle_slow = 25
; support_tree_branch_diameter = 2
; support_tree_branch_diameter_angle = 5
; support_tree_branch_diameter_double_wall = 3
; support_tree_branch_distance = 1
; support_tree_tip_diameter = 0.8
; support_tree_top_rate = 15%
; temperature = 200
; template_custom_gcode = 
; thick_bridges = 1
; thin_walls = 1
; thumbnails = 
; thumbnails_format = PNG
; toolchange_gcode = 
; top_fill_pattern = rectilinear
; top_infill_extrusion_width = 0.4
; top_one_perimeter_type = none
; top_solid_infill_acceleration = 0
; top_solid_infill_speed = 15
; top_solid_layers = 3
; top_solid_min_thickness = 0
; travel_acceleration = 0
; travel_lift_before_obstacle = 0
; travel_max_lift = 0
; travel_ramping_lift = 0
; travel_short_distance_acceleration = 0
; travel_slope = 0
; travel_speed = 120
; travel_speed_z = 0
; use_firmware_retraction = 0
; use_relative_e_distances = 0
; use_volumetric_e = 0
; variable_layer_height = 1
; wall_distribution_count = 1
; wall_transition_angle = 10
; wall_transition_filter_deviation = 25%
; wall_transition_length = 100%
; wipe = 0
; wipe_into_infill = 0
; wipe_into_objects = 0
; wipe_tower = 0
; wipe_tower_acceleration = 0
; wipe_tower_bridging = 10
; wipe_tower_brim_width = 2
; wipe_tower_cone_angle = 0
; wipe_tower_extra_flow = 100%
; wipe_tower_extra_spacing = 100%
; wipe_tower_extruder = 0
; wipe_tower_no_sparse_layers = 0
; wipe_tower_width = 60
; wiping_volumes_matrix = 0
; wiping_volumes_use_custom_matrix = 0
; xy_size_compensation = 0
; z_offset = 0
; prusaslicer_config = end
