; generated by PrusaSlicer 2.9.4 on 2025-12-13 at 18:33:09 UTC

; 

; external perimeters extrusion width = 0.45mm
; perimeters extrusion width = 0.45mm
; infill extrusion width = 0.45mm
; solid infill extrusion width = 0.45mm
; top infill extrusion width = 0.40mm
; support material extrusion width = 0.35mm
; first layer extrusion width = 0.42mm

;TYPE:Custom
M109 S207
M300
M206 X500
M107
G28
G92 E
M130 T6 U1.3 V80
G1 X-98.0 Y-20.0 Z5.0 F3000
G1 Y-68.0 Z0.3
G1 X-98.0 Y0.0 F500 E20
G92 E
G21 ; set units to millimeters
G90 ; use absolute coordinates
M82 ; use absolute distances for extrusion
G92 E0
; Filament gcode
M107
;LAYER_CHANGE
;Z:0.2
;HEIGHT:0.2
G1 E-2 F2400
G92 E0
G1 Z.5 F4800
G1 X13.236 Y10.656
G1 Z.2
G1 E2 F2400
;TYPE:Skirt/Brim
;WIDTH:0.42
G1 F1800
G1 X9.549 Y15.236 E2.18435
G1 X8.793 Y16.081 E2.2199
G1 X7.75 Y17.02 E2.2639
G1 X6.829 Y17.686 E2.29954
G1 X5.605 Y18.385 E2.34373
G1 X4.559 Y18.841 E2.37951
G1 X3.207 Y19.264 E2.42393
G1 X2.083 Y19.486 E2.45985
G1 X.822 Y19.61 E2.49958
G1 X-4.833 Y19.62 E2.67689
G1 X-5.963 Y19.609 E2.71232
G1 X-7.351 Y19.446 E2.75614
G1 X-8.457 Y19.195 E2.7917
G1 X-9.785 Y18.739 E2.83572
G1 X-10.817 Y18.256 E2.87145
G1 X-12.023 Y17.523 E2.9157
G1 X-12.901 Y16.851 E2.95037
G1 X-14.307 Y15.453 E3.01254
G1 X-19.495 Y9.364 E3.26336
G1 X-20.335 Y8.278 E3.30641
G1 X-20.985 Y7.237 E3.34489
G1 X-21.555 Y6.015 E3.38717
G1 X-21.996 Y4.685 E3.4311
G1 X-22.324 Y2.806 E3.49091
G1 X-22.568 Y-6.044 E3.7685
G1 X-22.443 Y-7.862 E3.82564
G1 X-21.894 Y-9.943 E3.89312
G1 X-21.385 Y-11.075 E3.93204
G1 X-20.845 Y-12.046 E3.96688
G1 X-18.985 Y-14.813 E4.07142
G1 X-17.184 Y-16.608 E4.15115
G1 X-16.022 Y-17.385 E4.19498
G1 X-13.655 Y-18.366 E4.27532
G1 X-11.732 Y-18.724 E4.33665
G1 X-5.717 Y-19.396 E4.52642
G1 X-3.014 Y-19.623 E4.61147
G1 X-1.514 Y-19.676 E4.65853
G1 X-.284 Y-19.596 E4.69718
G1 X1.224 Y-19.344 E4.74512
G1 X8.928 Y-17.65 E4.99244
G1 X10.897 Y-16.867 E5.05888
G1 X12.239 Y-16.062 E5.10795
G1 X14.156 Y-14.313 E5.18931
G1 X15.483 Y-12.374 E5.26298
G1 X16.596 Y-10.239 E5.33847
G1 X17.232 Y-8.385 E5.39993
G1 X17.479 Y-7.039 E5.44284
G1 X17.576 Y-5.512 E5.49081
G1 X17.172 Y2.146 E5.73126
G1 X16.995 Y3.735 E5.78139
G1 X16.605 Y5.306 E5.83214
G1 X16.194 Y6.375 E5.86805
G1 X15.473 Y7.743 E5.91654
G1 X14.695 Y8.845 E5.95884
G1 X13.274 Y10.61 E6.02989
G1 X12.98 Y10.374 F4800
G1 F1800
G1 X9.268 Y14.985 E6.21549
G1 X8.512 Y15.829 E6.25102
G1 X7.529 Y16.715 E6.29251
G1 X6.608 Y17.381 E6.32815
G1 X5.454 Y18.04 E6.36982
G1 X4.408 Y18.495 E6.40559
G1 X3.134 Y18.894 E6.44745
G1 X2.009 Y19.116 E6.4834
G1 X.822 Y19.233 E6.5208
G1 X-4.755 Y19.244 E6.69566
G1 X-5.959 Y19.232 E6.73341
G1 X-7.268 Y19.078 E6.77474
G1 X-8.373 Y18.827 E6.81027
G1 X-9.625 Y18.397 E6.85178
G1 X-10.657 Y17.914 E6.88751
G1 X-11.794 Y17.224 E6.92921
G1 X-12.672 Y16.552 E6.96388
G1 X-14.025 Y15.202 E7.02381
G1 X-19.208 Y9.12 E7.27436
G1 X-20.035 Y8.05 E7.31676
G1 X-20.647 Y7.068 E7.35304
G1 X-21.202 Y5.883 E7.39407
G1 X-21.629 Y4.599 E7.4365
G1 X-21.95 Y2.762 E7.49497
G1 X-22.191 Y-6.053 E7.77146
G1 X-22.068 Y-7.827 E7.82722
G1 X-21.55 Y-9.788 E7.89081
G1 X-21.041 Y-10.921 E7.92975
G1 X-20.532 Y-11.836 E7.96258
G1 X-18.672 Y-14.603 E8.06712
G1 X-16.975 Y-16.295 E8.14226
G1 X-15.812 Y-17.072 E8.18611
G1 X-13.581 Y-17.996 E8.26182
G1 X-11.69 Y-18.349 E8.32214
G1 X-5.675 Y-19.021 E8.51191
G1 X-2.982 Y-19.247 E8.59664
G1 X-1.503 Y-19.299 E8.64304
G1 X-.344 Y-19.224 E8.67946
G1 X1.143 Y-18.976 E8.72673
G1 X8.847 Y-17.282 E8.97405
G1 X10.703 Y-16.544 E9.03668
G1 X12.045 Y-15.739 E9.08575
G1 X13.852 Y-14.09 E9.16245
G1 X15.149 Y-12.2 E9.23432
G1 X16.262 Y-10.065 E9.30981
G1 X16.861 Y-8.318 E9.36772
G1 X17.108 Y-6.971 E9.41066
G1 X17.2 Y-5.532 E9.45587
G1 X16.796 Y2.126 E9.69632
G1 X16.621 Y3.69 E9.74566
G1 X16.253 Y5.17 E9.79348
G1 X15.842 Y6.24 E9.82942
G1 X15.162 Y7.529 E9.87511
G1 X14.389 Y8.624 E9.91714
G1 X13.018 Y10.327 E9.98569
G1 E7.98569 F2400
G92 E0
G1 Z.5 F4800
G92 E0
G1 X-.186 Y-12.932
G1 Z.2
G1 E2 F2400
;TYPE:Support material
G1 F1800
G1 X.896 Y-12.54 E2.03608
G1 X1.887 Y-11.954 E2.07218
G1 X2.626 Y-11.301 E2.1031
G1 X3.335 Y-11.447 E2.1258
G1 X3.887 Y-11.434 E2.14311
G1 X4.393 Y-11.387 E2.15904
G1 X5.318 Y-11.109 E2.18932
G1 X5.66 Y-11.208 E2.20048
G1 X7.518 Y-11.238 E2.25874
G1 X8.19 Y-10.669 E2.28635
G1 X8.86 Y-10.433 E2.30862
G1 X9.661 Y-9.339 E2.35113
G1 X10.063 Y-8.346 E2.38472
G1 X10.774 Y-7.205 E2.42687
G1 X11.02 Y-5.858 E2.4698
G1 X10.758 Y-4.52 E2.51255
G1 X10.031 Y-3.375 E2.55508
G1 X8.946 Y-2.575 E2.59735
G1 X8.478 Y-2.447 E2.61256
G1 X8.525 Y-2.095 E2.62369
G1 X9.361 Y-1.391 E2.65796
G1 X10.042 Y-.444 E2.69453
G1 X10.467 Y.636 E2.73092
G1 X10.616 Y1.8 E2.76771
G1 X10.477 Y2.948 E2.80397
G1 X10.066 Y4.018 E2.83991
G1 X9.718 Y4.522 E2.85911
G1 X9.377 Y4.994 E2.87737
G1 X8.509 Y5.739 E2.91324
G1 X7.5 Y6.242 E2.94859
G1 X6.287 Y6.505 E2.98751
G1 X5.517 Y6.479 E3.01167
G1 X5.66 Y7.66 E3.04897
G1 X5.556 Y8.794 E3.08467
G1 X5.217 Y9.872 E3.1201
G1 X4.658 Y10.856 E3.15558
G1 X3.901 Y11.701 E3.19115
G1 X2.981 Y12.367 E3.22676
G1 X1.935 Y12.823 E3.26254
G1 X.81 Y13.045 E3.29849
G1 X-.343 Y13.019 E3.33465
G1 X-1.471 Y12.743 E3.37106
G1 X-2.462 Y12.253 E3.40572
G1 X-3.662 Y12.829 E3.44746
G1 X-4.766 Y13.055 E3.48279
G1 X-5.896 Y13.044 E3.51822
G1 X-7.002 Y12.792 E3.55379
G1 X-8.033 Y12.309 E3.58949
G1 X-8.911 Y11.637 E3.62416
G1 X-9.695 Y10.7 E3.66247
G1 X-10.018 Y10.133 E3.68293
G1 X-10.222 Y9.681 E3.69848
G1 X-10.519 Y8.57 E3.73454
G1 X-10.57 Y7.42 E3.77063
G1 X-10.475 Y6.576 E3.79726
G1 X-11.405 Y6.606 E3.82643
G1 X-12.527 Y6.374 E3.86235
G1 X-13.513 Y5.906 E3.89657
G1 X-14.497 Y5.107 E3.93631
G1 X-15.113 Y4.299 E3.96817
G1 X-15.406 Y3.714 E3.98868
G1 X-15.604 Y3.183 E4.00645
G1 X-15.802 Y2.051 E4.04248
G1 X-15.801 Y1.489 E4.0601
G1 X-15.585 Y.316 E4.0975
G1 X-15.168 Y-.644 E4.13032
G1 X-14.511 Y-1.519 E4.16463
G1 X-13.509 Y-2.333 E4.20511
G1 X-13.444 Y-2.61 E4.21403
G1 X-14.216 Y-2.998 E4.24112
G1 X-14.733 Y-3.414 E4.26193
G1 X-15.38 Y-4.099 E4.29147
G1 X-15.863 Y-5.189 E4.32885
G1 X-16.004 Y-6.204 E4.36098
G1 X-15.906 Y-7.25 E4.39392
G1 X-15.397 Y-8.383 E4.43286
G1 X-14.431 Y-9.392 E4.47666
G1 X-14.313 Y-9.987 E4.49568
G1 X-13.536 Y-11.149 E4.53951
G1 X-12.374 Y-11.926 E4.58334
G1 X-11.003 Y-12.199 E4.62717
G1 X-9.632 Y-11.926 E4.671
G1 X-8.569 Y-11.216 E4.71108
G1 X-7.68 Y-11.915 E4.74654
G1 X-6.328 Y-12.638 E4.79461
G1 X-4.988 Y-12.871 E4.83726
G1 X-3.552 Y-12.841 E4.88229
G1 X-2.471 Y-13.08 E4.917
G1 X-1.322 Y-13.113 E4.95304
G1 X-.242 Y-12.941 E4.98733
G1 E2.98733 F2400
G92 E0
G1 Z.5 F4800
G1 X-3.936 Y3.717
G1 Z.2
G1 E2 F2400
G1 F1800
G1 X-3.663 Y3.628 E2.009
G1 X-3.249 Y3.702 E2.02219
G1 X.466 Y3.702 E2.13867
G1 X.877 Y4.14 E2.1575
G1 X.764 Y4.215 E2.16175
G1 X.778 Y4.361 E2.16635
G1 X.616 Y4.384 E2.17148
G1 X1.125 Y4.926 E2.19479
G1 X-.913 Y4.763 E2.25889
G1 X-2.01 Y4.938 E2.29372
G1 X-2.836 Y4.852 E2.31976
G1 X-3.043 Y5.136 E2.33078
G1 X-4.035 Y4.948 E2.36244
G1 X-4.255 Y4.427 E2.38017
G1 X-3.977 Y4.006 E2.39599
G1 X-3.941 Y3.773 E2.40338
G1 E.40338 F2400
G92 E0
G1 Z.5 F4800
G1 X1.327 Y-7.433
G1 Z.2
G1 E2 F2400
G1 F1800
G1 X1.751 Y-7.706 E2.01581
G1 X1.779 Y-7.41 E2.02513
G1 X1.924 Y-7.345 E2.03011
G1 X1.924 Y-7.644 E2.03948
G1 X2.123 Y-7.603 E2.04585
G1 X2.123 Y-7.682 E2.04833
G1 X2.944 Y-7.312 E2.07657
G1 X3.658 Y-7.312 E2.09896
G1 X4.253 Y-7.082 E2.11896
G1 X4.358 Y-7.082 E2.12225
G1 X4.358 Y-7.224 E2.1267
G1 X4.729 Y-7.224 E2.13833
G1 X4.845 Y-7.312 E2.1429
G1 X7.652 Y-7.312 E2.23091
G1 X7.6 Y-6.994 E2.24101
G1 X8.17 Y-6.994 E2.25888
G1 X7.943 Y-6.719 E2.27006
G1 X8.198 Y-6.53 E2.28001
G1 X7.062 Y-5.16 E2.33581
G1 X6.588 Y-5.176 E2.35068
G1 X6.315 Y-5.676 E2.36854
G1 X6.312 Y-6.008 E2.37895
G1 X6.192 Y-6.052 E2.38296
G1 X4.602 Y-6.077 E2.43282
G1 X4.541 Y-5.831 E2.44077
G1 X3.655 Y-5.766 E2.46862
G1 X2.599 Y-5.831 E2.50179
G1 X2.523 Y-5.461 E2.51363
G1 X6.222 Y-5.461 E2.62961
G1 X6.398 Y-5.378 E2.63571
G1 X6.892 Y-4.735 E2.66113
G1 X7.265 Y-4.078 E2.68482
G1 X7.588 Y-3.319 E2.71068
G1 X7.92 Y-2.157 E2.74857
G1 X7.791 Y-1.884 E2.75804
G1 X6.099 Y-1.044 E2.81727
G1 X5.729 Y-1.203 E2.8299
G1 X5.301 Y-2.236 E2.86496
G1 X4.797 Y-2.792 E2.88849
G1 X4.546 Y-2.913 E2.89723
G1 X4.214 Y-2.928 E2.90765
G1 X3.716 Y-2.639 E2.9257
G1 X3.343 Y-2.143 E2.94516
G1 X3.131 Y-1.694 E2.96073
G1 X2.843 Y-.561 E2.99738
G1 X2.799 Y.703 E3.03704
G1 X2.994 Y1.851 E3.07355
G1 X2.966 Y2.029 E3.0792
G1 X2.284 Y2.97 E3.11564
G1 X1.934 Y3.252 E3.12973
G1 X-6.933 Y3.253 E3.40775
G1 X-7.284 Y2.97 E3.42189
G1 X-7.966 Y2.029 E3.45833
G1 X-7.994 Y1.851 E3.46398
G1 X-7.799 Y.703 E3.50049
G1 X-7.843 Y-.561 E3.54015
G1 X-8.131 Y-1.694 E3.5768
G1 X-8.343 Y-2.143 E3.59237
G1 X-8.716 Y-2.639 E3.61183
G1 X-9.214 Y-2.928 E3.62988
G1 X-9.546 Y-2.913 E3.6403
G1 X-9.778 Y-2.804 E3.64834
G1 X-10.301 Y-2.236 E3.67255
G1 X-10.729 Y-1.203 E3.70761
G1 X-11.099 Y-1.044 E3.72024
G1 X-12.791 Y-1.884 E3.77947
G1 X-12.92 Y-2.157 E3.78894
G1 X-12.588 Y-3.319 E3.82683
G1 X-12.265 Y-4.078 E3.85269
G1 X-11.892 Y-4.735 E3.87638
G1 X-11.398 Y-5.377 E3.90178
G1 X-11.222 Y-5.461 E3.90789
G1 X-7.479 Y-5.461 E4.02525
G1 X-7.304 Y-5.379 E4.03131
G1 X-7.078 Y-5.109 E4.04235
G1 X-6.573 Y-4.288 E4.07257
G1 X-6.573 Y.029 E4.20793
G1 X-5.068 Y.029 E4.25512
G1 X-4.896 Y.108 E4.26105
G1 X-4.042 Y.893 E4.29742
G1 X-3.079 Y1.296 E4.33015
G1 X-2.21 Y1.343 E4.35744
G1 X-1.497 Y1.168 E4.38046
G1 X-.825 Y.802 E4.40445
G1 X-.104 Y.108 E4.43583
G1 X.068 Y.029 E4.44176
G1 X1.43 Y.029 E4.48446
G1 X1.573 Y-.143 E4.49147
G1 X1.573 Y-4.288 E4.62143
G1 X1.877 Y-4.835 E4.64105
G1 X1.287 Y-4.992 E4.66019
G1 X1.327 Y-7.376 E4.73495
G1 E2.73495 F2400
G92 E0
G1 Z.5 F4800
G1 X10.488 Y-4.412
G1 Z.2
G1 E2 F2400
G1 F1800
G1 X10.488 Y-6.879 E2.07735
G1 X10.452 Y-7.08 E2.08375
G1 X10.069 Y-7.694 E2.10644
G1 X10.069 Y-4.069 E2.2201
G1 X9.65 Y-3.516 E2.24185
G1 X9.65 Y-8.578 E2.40057
G1 X9.231 Y-9.351 E2.42814
G1 X9.231 Y-3.207 E2.62078
G1 X8.812 Y-2.898 E2.6371
G1 X8.812 Y-9.923 E2.85736
G1 X8.648 Y-10.147 E2.86606
G1 X8.393 Y-10.237 E2.87454
G1 X8.393 Y-7.333 E2.96559
G1 X8.009 Y-7.333 E2.97763
G1 X8.097 Y-7.651 E2.98798
G1 X7.974 Y-7.651 E2.99184
G1 X7.974 Y-10.407 E3.07825
G1 X7.555 Y-10.762 E3.09547
G1 X7.555 Y-7.651 E3.19301
G1 X7.137 Y-7.651 E3.20612
G1 X7.137 Y-10.892 E3.30774
G1 X6.718 Y-10.886 E3.32088
G1 X6.718 Y-7.651 E3.42231
G1 X6.299 Y-7.651 E3.43545
G1 X6.299 Y-10.879 E3.53666
G1 X5.88 Y-10.872 E3.5498
G1 X5.88 Y-7.651 E3.65079
G1 X5.461 Y-7.651 E3.66393
G1 X5.461 Y-10.797 E3.76257
G1 X5.286 Y-10.746 E3.76829
G1 X5.042 Y-10.866 E3.77682
G1 X5.042 Y-7.651 E3.87762
G1 X4.732 Y-7.651 E3.88734
G1 X4.623 Y-7.569 E3.89162
G1 X4.623 Y-10.985 E3.99873
G1 X4.204 Y-11.064 E4.0121
G1 X4.204 Y-7.563 E4.12187
G1 X4.018 Y-7.547 E4.12772
G1 X3.785 Y-7.631 E4.13549
G1 X3.785 Y-11.097 E4.24416
G1 X3.366 Y-11.107 E4.2573
G1 X3.366 Y-7.651 E4.36566
G1 X3.017 Y-7.651 E4.3766
G1 X2.947 Y-7.683 E4.37901
G1 X2.947 Y-11.02 E4.48364
G1 X2.528 Y-10.935 E4.49705
G1 X2.528 Y-7.872 E4.59309
G1 X2.109 Y-8.061 E4.6075
G1 X2.109 Y-11.305 E4.70921
G1 X1.69 Y-11.675 E4.72674
G1 X1.69 Y-8.071 E4.83974
G1 X1.271 Y-7.801 E4.85537
G1 X1.271 Y-11.924 E4.98464
G1 X.852 Y-12.172 E4.99991
G1 X.852 Y-.31 E5.37183
G1 X.433 Y-.31 E5.38497
G1 X.433 Y-12.347 E5.76238
G1 X.014 Y-12.498 E5.77634
G1 X.014 Y-.31 E6.15849
G1 X-.405 Y-.063 E6.17374
G1 X-.405 Y-12.623 E6.56755
G1 X-.824 Y-12.69 E6.58085
G1 X-.824 Y.371 E6.99037
G1 X-1.243 Y.669 E7.00649
G1 X-1.243 Y-12.757 E7.42745
G1 X-1.662 Y-12.764 E7.44059
G1 X-1.662 Y.867 E7.86798
G1 X-2.081 Y.981 E7.8816
G1 X-2.081 Y-12.752 E8.31219
G1 X-2.5 Y-12.726 E8.32535
G1 X-2.5 Y1.019 E8.75631
G1 X-2.754 Y1.006 E8.76428
G1 X-2.919 Y.981 E8.76951
G1 X-2.919 Y-12.633 E9.19637
G1 X-3.338 Y-12.541 E9.20982
G1 X-3.338 Y.867 E9.63022
G1 X-3.757 Y.669 E9.64475
G1 X-3.757 Y-12.518 E10.05822
G1 X-4.176 Y-12.547 E10.07139
G1 X-4.176 Y.371 E10.47642
G1 X-4.595 Y-.063 E10.49533
G1 X-4.595 Y-12.546 E10.88673
G1 X-5.014 Y-12.522 E10.89989
G1 X-5.014 Y-.31 E11.28279
G1 X-5.433 Y-.31 E11.29593
G1 X-5.433 Y-12.449 E11.67654
G1 X-5.852 Y-12.376 E11.68988
G1 X-5.852 Y-.31 E12.0682
G1 X-6.233 Y-.31 E12.08015
G1 X-6.271 Y-12.269 E12.45512
G1 X-6.69 Y-12.034 E12.47018
G1 X-6.69 Y-5.158 E12.68577
G1 X-7.109 Y-5.663 E12.70634
G1 X-7.109 Y-11.871 E12.90099
G1 X-7.528 Y-11.607 E12.91652
G1 X-7.528 Y-5.8 E13.09859
G1 X-7.947 Y-5.8 E13.11173
G1 X-7.947 Y-11.307 E13.2844
G1 X-8.366 Y-10.933 E13.30201
G1 X-8.366 Y-5.8 E13.46295
G1 X-8.785 Y-5.8 E13.47609
G1 X-8.785 Y-10.952 E13.63763
G1 X-9.204 Y-11.232 E13.65343
G1 X-9.204 Y-5.8 E13.82375
G1 X-9.623 Y-5.8 E13.83689
G1 X-9.623 Y-11.512 E14.01599
G1 X-10.042 Y-11.662 E14.02994
G1 X-10.042 Y-5.8 E14.21374
G1 X-10.461 Y-5.8 E14.22688
G1 X-10.461 Y-11.745 E14.41328
G1 X-10.88 Y-11.828 E14.42667
G1 X-10.88 Y-5.8 E14.61567
G1 X-11.298 Y-5.8 E14.62878
G1 X-11.298 Y-11.794 E14.81672
G1 X-11.717 Y-11.711 E14.83011
G1 X-11.717 Y-5.524 E15.0241
G1 X-12.136 Y-4.978 E15.04568
G1 X-12.136 Y-11.627 E15.25415
G1 X-12.555 Y-11.397 E15.26914
G1 X-12.555 Y-4.255 E15.49307
G1 X-12.974 Y-3.234 E15.52767
G1 X-12.974 Y-11.117 E15.77484
G1 X-13.393 Y-10.753 E15.79224
G1 X-13.393 Y-2.965 E16.03643
G1 X-13.812 Y-3.175 E16.05113
G1 X-13.812 Y-10.125 E16.26904
G1 X-13.993 Y-9.855 E16.27923
G1 X-14.12 Y-9.216 E16.29966
G1 X-14.231 Y-9.115 E16.30437
G1 X-14.231 Y-3.446 E16.48212
G1 X-14.65 Y-3.821 E16.49975
G1 X-14.65 Y-8.733 E16.65376
G1 X-15.069 Y-8.243 E16.67397
G1 X-15.069 Y-4.265 E16.7987
G1 X-15.488 Y-5.182 E16.83031
G1 X-15.488 Y-7.765 E16.9113
G1 E14.9113 F2400
G92 E0
G1 Z.5 F4800
G1 X10.069 Y3.536
G1 Z.2
G1 E2 F2400
G1 F1800
G1 X10.069 Y.552 E2.09356
G1 X9.65 Y-.408 E2.1264
G1 X9.65 Y4.023 E2.26533
G1 X9.231 Y4.616 E2.2881
G1 X9.231 Y-.991 E2.4639
G1 X8.812 Y-1.41 E2.48248
G1 X8.812 Y5.031 E2.68443
G1 X8.393 Y5.391 E2.70175
G1 X8.393 Y-1.763 E2.92606
G1 X8.201 Y-1.957 E2.93462
G1 X7.974 Y-1.596 E2.94799
G1 X7.974 Y5.626 E3.17443
G1 X7.555 Y5.835 E3.18911
G1 X7.555 Y-1.388 E3.41558
G1 X7.136 Y-1.18 E3.43025
G1 X7.136 Y5.981 E3.65478
G1 X6.718 Y6.079 E3.66824
G1 X6.718 Y-.972 E3.88932
G1 X6.299 Y-.764 E3.90399
G1 X6.299 Y6.157 E4.12099
G1 X5.88 Y6.151 E4.13413
G1 X5.88 Y-.769 E4.3511
G1 X5.461 Y-.949 E4.3654
G1 X5.461 Y6.137 E4.58758
G1 X5.133 Y6.126 E4.59787
G1 X5.319 Y7.665 E4.64648
G1 X5.221 Y8.727 E4.67992
G1 X5.042 Y9.298 E4.69868
G1 X5.042 Y-2.006 E5.05311
G1 X4.623 Y-2.498 E5.07337
G1 X4.623 Y10.231 E5.47248
G1 X4.204 Y10.854 E5.49602
G1 X4.204 Y-2.57 E5.91692
G1 X3.952 Y-2.395 E5.92654
G1 X3.785 Y-2.199 E5.93461
G1 X3.785 Y11.322 E6.35855
G1 X3.366 Y11.669 E6.37561
G1 X3.366 Y-1.342 E6.78356
G1 X3.128 Y.084 E6.82889
G1 X3.166 Y.976 E6.85688
G1 X3.34 Y1.834 E6.88433
G1 X3.29 Y2.152 E6.89442
G1 X2.947 Y2.665 E6.91377
G1 X2.947 Y11.972 E7.20558
G1 X2.528 Y12.194 E7.22045
G1 X2.528 Y3.207 E7.50223
G1 X2.312 Y3.454 E7.51252
G1 X2.109 Y3.546 E7.51951
G1 X2.109 Y12.377 E7.7964
G1 X1.69 Y12.525 E7.81033
G1 X1.69 Y3.592 E8.09042
G1 X1.271 Y3.592 E8.10356
G1 X1.271 Y4.064 E8.11836
G1 X.852 Y3.618 E8.13755
G1 X.852 Y3.422 E8.1437
G1 E6.1437 F2400
G92 E0
G1 Z.5 F4800
G1 X8.393 Y-2.6
G1 Z.2
G1 E2 F2400
G1 F1800
G1 X8.393 Y-6.234 E2.11394
G1 X7.974 Y-5.728 E2.13454
G1 X7.974 Y-3.234 E2.21274
G1 X7.555 Y-4.255 E2.24734
G1 X7.555 Y-5.489 E2.28603
G1 E.28603 F2400
G92 E0
G1 Z.5 F4800
G1 X1.271 Y12.781
G1 Z.2
G1 E2 F2400
G1 F1800
G1 X1.271 Y5.279 E2.23522
G1 X.852 Y5.245 E2.2484
G1 X.852 Y12.691 E2.48186
G1 X.433 Y12.697 E2.495
G1 X.433 Y5.211 E2.72972
G1 X.014 Y5.178 E2.7429
G1 X.014 Y12.688 E2.97837
G1 X-.298 Y12.681 E2.98816
G1 X-.405 Y12.655 E2.99161
G1 X-.405 Y5.144 E3.22711
G1 X-.814 Y5.111 E3.23998
G1 X-.824 Y12.552 E3.47329
G1 X-1.243 Y12.449 E3.48682
G1 X-1.243 Y5.164 E3.71524
G1 X-1.662 Y5.236 E3.72857
G1 X-1.662 Y12.27 E3.94912
G1 X-2.081 Y12.063 E3.96377
G1 X-2.081 Y5.278 E4.17651
G1 X-2.5 Y5.261 E4.18966
G1 X-2.5 Y11.862 E4.39663
G1 X-2.919 Y12.131 E4.41224
G1 X-2.919 Y5.505 E4.61999
G1 X-3.338 Y5.426 E4.63336
G1 X-3.338 Y12.315 E4.84936
G1 X-3.757 Y12.5 E4.86372
G1 X-3.757 Y5.346 E5.08803
G1 X-4.176 Y5.266 E5.1014
G1 X-4.176 Y12.588 E5.33098
G1 X-4.595 Y12.673 E5.34439
G1 X-4.595 Y3.592 E5.62912
G1 X-5.014 Y3.592 E5.64226
G1 X-5.014 Y12.713 E5.92824
G1 X-5.433 Y12.709 E5.94138
G1 X-5.433 Y3.592 E6.22724
G1 X-5.852 Y3.592 E6.24038
G1 X-5.852 Y12.705 E6.52611
G1 X-6.271 Y12.61 E6.53958
G1 X-6.271 Y3.592 E6.82233
G1 X-6.69 Y3.592 E6.83547
G1 X-6.69 Y12.515 E7.11524
G1 X-7.109 Y12.367 E7.12917
G1 X-7.109 Y3.546 E7.40575
G1 X-7.312 Y3.454 E7.41274
G1 X-7.528 Y3.207 E7.42303
G1 X-7.528 Y12.171 E7.70409
G1 X-7.947 Y11.948 E7.71897
G1 X-7.947 Y2.666 E8.01
G1 X-8.29 Y2.152 E8.02937
G1 X-8.34 Y1.834 E8.03946
G1 X-8.166 Y.976 E8.06691
G1 X-8.128 Y.084 E8.0949
G1 X-8.366 Y-1.342 E8.14023
G1 X-8.366 Y11.628 E8.5469
G1 X-8.785 Y11.27 E8.56418
G1 X-8.785 Y-2.198 E8.98646
G1 X-9.135 Y-2.536 E9.00172
G1 X-9.204 Y-2.57 E9.00413
G1 X-9.204 Y10.789 E9.42299
G1 X-9.623 Y10.141 E9.44718
G1 X-9.623 Y-2.498 E9.84347
G1 X-10.042 Y-2.006 E9.86373
G1 X-10.042 Y9.127 E10.2128
G1 X-10.237 Y7.965 E10.24974
G1 X-10.094 Y6.224 E10.30451
G1 X-10.461 Y6.236 E10.31602
G1 X-10.461 Y-.949 E10.5413
G1 X-10.88 Y-.769 E10.5556
G1 X-10.88 Y6.25 E10.77568
G1 X-11.298 Y6.263 E10.78879
G1 X-11.298 Y-.764 E11.00912
G1 X-11.717 Y-.972 E11.02379
G1 X-11.717 Y6.195 E11.24851
G1 X-12.136 Y6.108 E11.26193
G1 X-12.136 Y-1.18 E11.49044
G1 X-12.555 Y-1.388 E11.50511
G1 X-12.555 Y5.984 E11.73625
G1 X-12.974 Y5.786 E11.75078
G1 X-12.974 Y-1.596 E11.98224
G1 X-13.265 Y-2.092 E12.00027
G1 X-13.393 Y-1.997 E12.00527
G1 X-13.393 Y5.572 E12.24259
G1 X-13.812 Y5.26 E12.25897
G1 X-13.812 Y-1.679 E12.47654
G1 X-14.231 Y-1.313 E12.49398
G1 X-14.231 Y4.889 E12.68844
G1 X-14.65 Y4.346 E12.70994
G1 X-14.65 Y-.769 E12.87032
G1 X-15.069 Y-.02 E12.89723
G1 X-15.069 Y4.007 E13.02349
G1 E11.02349 F2400
G92 E0
G1 Z.5 F4800
G1 X1.271 Y-.14
G1 Z.2
G1 E2 F2400
G1 F1800
G1 X1.271 Y-4.82 E2.14674
G1 X1.513 Y-5.435 F4800
;TYPE:Support material interface
;WIDTH:0.35
G1 F1800
G1 X1.842 Y-5.215 E2.15685
G1 X2.011 Y-5.387 E2.16301
G1 X1.656 Y-5.742 E2.17583
G1 X1.649 Y-6.198 E2.18747
G1 X2.196 Y-5.651 E2.20722
G1 X2.226 Y-5.835 E2.21198
G1 X2.183 Y-6.114 E2.21919
G1 X1.674 Y-6.622 E2.23755
G1 X2.014 Y-6.469 E2.24707
G1 X2.014 Y-6.733 E2.25381
G1 X2.546 Y-6.2 E2.27304
G1 X2.996 Y-6.2 E2.28453
G1 X2.293 Y-6.903 E2.30992
G1 X2.332 Y-7.097 E2.31497
G1 X2.492 Y-7.032 E2.31938
G1 X2.492 Y-7.111 E2.3214
G1 X2.57 Y-7.076 E2.32358
G1 X3.485 Y-6.161 E2.35662
G1 X3.927 Y-6.168 E2.36791
G1 X3.152 Y-6.943 E2.3959
G1 X3.602 Y-6.943 E2.40739
G1 X4.254 Y-6.29 E2.43095
G1 X4.516 Y-6.478 E2.43918
G1 X4.281 Y-6.713 E2.44767
G1 X4.686 Y-6.757 E2.45807
G1 X4.783 Y-6.66 E2.46157
G1 X5.152 Y-6.66 E2.47099
G1 X5.086 Y-6.43 E2.4771
G1 X5.462 Y-6.43 E2.4867
G1 X5.038 Y-6.855 E2.50203
G1 X5.46 Y-6.882 E2.51283
G1 X6.055 Y-6.287 E2.53432
G1 X6.54 Y-5.802 F4800
G1 F1800
G1 X6.804 Y-5.538 E2.54385
G1 X6.894 Y-5.535 E2.54615
G1 X7.058 Y-5.733 E2.55271
G1 X5.849 Y-6.943 E2.59639
G1 X6.298 Y-6.943 E2.60785
G1 X7.262 Y-5.979 E2.64266
G1 X7.466 Y-6.225 E2.65082
G1 X6.748 Y-6.943 E2.67675
G1 X7.197 Y-6.943 E2.68821
G1 X7.771 Y-6.369 E2.70894
G1 E.70894 F2400
G92 E0
G1 Z.5 F4800
G1 X.35 Y4.637
G1 Z.2
G1 E2 F2400
G1 F1800
G1 X-.216 Y4.071 E2.02044
G1 X-.666 Y4.071 E2.03193
G1 X-.295 Y4.442 E2.04533
G1 X-.784 Y4.403 E2.05786
G1 X-1.115 Y4.071 E2.06983
G1 X-1.565 Y4.071 E2.08132
G1 X-1.211 Y4.425 E2.0941
G1 X-1.582 Y4.504 E2.10379
G1 X-2.014 Y4.071 E2.11941
G1 X-2.464 Y4.071 E2.1309
G1 X-1.972 Y4.563 E2.14867
G1 X-2.348 Y4.569 E2.15827
G1 X-2.913 Y4.071 E2.1775
G1 X-3.382 Y4.052 E2.18949
G1 X-2.986 Y4.448 E2.20379
G1 X-3.101 Y4.426 E2.20678
G1 X-3.183 Y4.701 E2.21411
G1 X-3.671 Y4.212 E2.23175
G1 X-3.838 Y4.465 E2.23949
G1 X-3.517 Y4.816 E2.25164
G1 E.25164 F2400
G92 E0
G1 Z.5 F4800
G1 X2.182 Y.502
G1 Z.2
G1 E2 F2400
;TYPE:External perimeter
;WIDTH:0.38292
G1 F1800
G1 X2.191 Y-.293 E2.02248
;WIDTH:0.420303
G1 X2.214 Y-.629 E2.03305
;WIDTH:0.457686
G1 X2.237 Y-.964 E2.04463
G1 X2.218 Y-.565 F4800
G1 E.04463 F2400
G92 E0
G1 Z.5 F4800
G1 X-7.237 Y-.964
G1 Z.2
G1 E2 F2400
;WIDTH:0.457688
G1 F1800
G1 X-7.214 Y-.637 E2.01131
;WIDTH:0.420304
G1 X-7.192 Y-.31 E2.02159
;WIDTH:0.38292
G1 X-7.182 Y.502 E2.04455
G1 X-7.192 Y.102 F4800
G1 E.04455 F2400
G92 E0
G1 Z.5 F4800
G1 X-10.582 Y-4.05
G1 Z.2
G1 E2 F2400
;TYPE:Perimeter
;WIDTH:0.553176
G1 F1800
G1 X-10.646 Y-4.05 E2.00272
G1 X-10.678 Y-3.995 E2.00542
G1 X-10.646 Y-3.94 E2.00812
G1 X-10.582 Y-3.94 E2.01084
G1 X-10.55 Y-3.995 E2.01354
G1 E.01354 F2400
G92 E0
G1 Z.5 F4800
G1 X-8.071 Y-4.057
G1 Z.2
G1 E2 F2400
;WIDTH:0.53635
G1 F1800
G1 X-8.133 Y-4.057 E2.00254
G1 X-8.163 Y-4.003 E2.00507
G1 X-8.133 Y-3.95 E2.00757
G1 X-8.071 Y-3.95 E2.01011
G1 X-8.04 Y-4.003 E2.01263
G1 E.01263 F2400
G92 E0
G1 Z.5 F4800
G1 X-10.075 Y-3.789
G1 Z.2
G1 E2 F2400
;WIDTH:0.46416
G1 F1800
G1 X-10.185 Y-3.747 E2.00412
;WIDTH:0.419999
G1 X-10.62 Y-3.44 E2.02081
G1 X-11.025 Y-2.989 E2.03982
;WIDTH:0.453315
G1 X-11.309 Y-2.565 E2.05723
G1 X-11.402 Y-2.352 E2.06516
;WIDTH:0.449602
G1 X-11.754 Y-2.527 E2.07845
;WIDTH:0.453315
G1 X-11.444 Y-3.378 E2.10936
;WIDTH:0.419999
G1 X-11.208 Y-3.871 E2.1265
G1 X-10.834 Y-4.438 E2.1478
G1 X-10.122 Y-4.439 E2.17012
;WIDTH:0.44872
G1 X-9.867 Y-4.424 E2.17874
;WIDTH:0.47744
G1 X-9.611 Y-4.41 E2.188
;WIDTH:0.480426
G1 X-8.73 Y-4.423 E2.22005
;WIDTH:0.450213
G1 X-8.381 Y-4.439 E2.23188
;WIDTH:0.419999
G1 X-7.877 Y-4.439 E2.24768
G1 X-7.595 Y-4.042 E2.26295
G1 X-7.595 Y-2.872 E2.29963
G1 X-8.051 Y-3.414 E2.32184
G1 X-8.514 Y-3.744 E2.33967
;WIDTH:0.450213
G1 X-8.802 Y-3.858 E2.35016
;WIDTH:0.480426
G1 X-9.09 Y-3.971 E2.36141
G1 X-9.442 Y-3.984 E2.37422
;WIDTH:0.471818
G1 X-9.637 Y-3.957 E2.38124
;WIDTH:0.46416
G1 X-10.019 Y-3.81 E2.39558
G1 X-9.926 Y-3.456 F4800
;TYPE:External perimeter
;WIDTH:0.419999
G1 F1800
G1 X-10.344 Y-3.183 E2.41123
G1 X-10.705 Y-2.789 E2.42798
G1 X-10.99 Y-2.327 E2.445
G1 X-11.197 Y-1.813 E2.46237
G1 X-12.215 Y-2.319 E2.49801
G1 X-12.107 Y-2.725 E2.51118
G1 X-11.683 Y-3.798 E2.54735
G1 X-11.352 Y-4.38 E2.56834
G1 X-11.021 Y-4.816 E2.5855
G1 X-7.683 Y-4.816 E2.69016
G1 X-7.218 Y-4.162 E2.71532
G1 X-7.218 Y-1.643 E2.7943
;WIDTH:0.457688
G1 X-7.239 Y-.987 E2.81694
;WIDTH:0.455492
G1 X-7.427 Y-1.64 E2.84025
;WIDTH:0.419999
G1 X-7.649 Y-2.205 E2.85928
G1 X-7.926 Y-2.691 E2.87682
G1 X-8.252 Y-3.087 E2.8929
G1 X-8.598 Y-3.36 E2.90672
G1 X-9.049 Y-3.551 E2.92208
G1 X-9.462 Y-3.581 E2.93506
G1 X-9.868 Y-3.471 E2.94825
G1 X-10.212 Y-3.267 F4800
G1 E.94825 F2400
G92 E0
G1 Z.5 F4800
G1 X.578 Y1.44
G1 Z.2
G1 E2 F2400
;TYPE:Perimeter
;WIDTH:0.443863
G1 F1800
G1 X1.474 Y1.44 E2.02987
G1 X1.515 Y1.655 E2.03717
G1 X1.376 Y1.841 E2.04491
G1 X.119 Y1.841 E2.08682
G1 X.28 Y1.726 E2.09342
G1 X.534 Y1.482 E2.10516
G1 X.751 Y1.051 F4800
;WIDTH:0.419999
G1 F1800
G1 X1.807 Y1.051 E2.13827
G1 X1.928 Y1.742 E2.16027
G1 X1.561 Y2.23 E2.17941
G1 X-1.477 Y2.23 E2.27466
G1 X-1.261 Y2.168 E2.28171
G1 X-.529 Y1.827 E2.30703
G1 X.054 Y1.409 E2.32952
G1 X.412 Y1.051 E2.34539
G1 X.691 Y1.051 E2.35414
G1 E.35414 F2400
G92 E0
G1 Z.5 F4800
G1 X-5.642 Y1.44
G1 Z.2
G1 E2 F2400
;WIDTH:0.443788
G1 F1800
G1 X-5.535 Y1.501 E2.00411
G1 X-5.132 Y1.841 E2.02168
G1 X-6.377 Y1.841 E2.06318
G1 X-6.515 Y1.655 E2.0709
G1 X-6.474 Y1.44 E2.0782
G1 X-5.702 Y1.44 E2.10393
G1 X-5.751 Y1.051 F4800
;WIDTH:0.419999
G1 F1800
G1 X-5.42 Y1.051 E2.11431
G1 X-5.214 Y1.267 E2.12367
G1 X-4.802 Y1.609 E2.14046
G1 X-4.387 Y1.877 E2.15595
G1 X-3.921 Y2.101 E2.17216
G1 X-3.544 Y2.23 E2.18465
G1 X-6.561 Y2.23 E2.27925
G1 X-6.928 Y1.742 E2.29839
G1 X-6.807 Y1.051 E2.32039
G1 X-5.811 Y1.051 E2.35162
G1 X-7.034 Y.664 F4800
;TYPE:External perimeter
;WIDTH:0.415106
G1 F1800
G1 X-7.029 Y.67 E2.35186
;WIDTH:0.419999
G1 X-5.255 Y.674 E2.40748
G1 X-4.974 Y.977 E2.42044
G1 X-4.562 Y1.319 E2.43723
G1 X-4.223 Y1.537 E2.44987
G1 X-3.757 Y1.761 E2.46608
G1 X-3.371 Y1.889 E2.47883
;WIDTH:0.462238
G1 X-3.209 Y1.941 E2.48476
;WIDTH:0.504477
G1 X-3.048 Y1.993 E2.49125
;WIDTH:0.546715
G1 X-2.886 Y2.045 E2.49838
G1 X-2.48 Y2.06 E2.5154
;WIDTH:0.545495
G1 X-1.939 Y2.019 E2.53807
G1 X-1.764 Y1.954 E2.54587
;WIDTH:0.503663
G1 X-1.59 Y1.889 E2.55299
;WIDTH:0.461831
G1 X-1.416 Y1.824 E2.55946
;WIDTH:0.419999
G1 X-.748 Y1.52 E2.58247
G1 X-.14 Y1.08 E2.606
G1 X.252 Y.674 E2.6237
G1 X2.029 Y.67 E2.67942
;WIDTH:0.415105
G1 X2.182 Y.502 E2.68645
;WIDTH:0.419999
G1 X2.19 Y1.105 E2.70536
G1 X2.328 Y1.826 E2.72838
G1 X2.059 Y2.217 E2.74326
G1 X1.74 Y2.607 E2.75906
G1 X-1.356 Y2.607 E2.85613
;WIDTH:0.464695
G1 X-1.556 Y2.585 E2.86319
;WIDTH:0.509391
G1 X-1.757 Y2.563 E2.87103
;WIDTH:0.554087
G1 X-1.957 Y2.54 E2.87959
G1 X-2.933 Y2.544 E2.92107
;WIDTH:0.546715
G1 X-3.102 Y2.565 E2.9282
;WIDTH:0.504477
G1 X-3.27 Y2.586 E2.9347
;WIDTH:0.462238
G1 X-3.438 Y2.607 E2.9406
;WIDTH:0.419999
G1 X-6.74 Y2.607 E3.04413
G1 X-7.034 Y2.247 E3.0587
G1 X-7.328 Y1.826 E3.0748
G1 X-7.187 Y1.083 E3.09851
G1 X-7.182 Y.502 E3.11673
;WIDTH:0.415106
G1 X-7.075 Y.62 E3.12166
G1 X-6.677 Y.666 F4800
G1 E1.12166 F2400
G92 E0
G1 Z.5 F4800
G1 X5.627 Y-4.055
G1 Z.2
G1 E2 F2400
;TYPE:Perimeter
;WIDTH:0.542086
G1 F1800
G1 X5.564 Y-4.055 E2.00261
G1 X5.533 Y-4.001 E2.00519
G1 X5.564 Y-3.947 E2.00777
G1 X5.627 Y-3.947 E2.01038
G1 X5.658 Y-4.001 E2.01296
G1 E.01296 F2400
G92 E0
G1 Z.5 F4800
G1 X3.133 Y-4.057
G1 Z.2
G1 E2 F2400
;WIDTH:0.53633
G1 F1800
G1 X3.071 Y-4.057 E2.00254
G1 X3.04 Y-4.003 E2.00509
G1 X3.071 Y-3.95 E2.00761
G1 X3.133 Y-3.95 E2.01015
G1 X3.163 Y-4.003 E2.01265
G1 X4.579 Y-3.969 F4800
;WIDTH:0.488055
G1 F1800
G1 X4.09 Y-3.971 E2.03075
;WIDTH:0.480427
G1 X3.903 Y-3.919 E2.03781
;WIDTH:0.45774
G1 X3.368 Y-3.659 E2.05833
;WIDTH:0.419999
G1 X2.961 Y-3.326 E2.07482
G1 X2.595 Y-2.872 E2.0931
G1 X2.595 Y-4.042 E2.12978
G1 X2.877 Y-4.439 E2.14505
G1 X3.114 Y-4.439 E2.15248
;WIDTH:0.45774
G1 X3.807 Y-4.42 E2.17639
;WIDTH:0.471336
G1 X4.797 Y-4.426 E2.21166
;WIDTH:0.445668
G1 X5.122 Y-4.439 E2.22255
;WIDTH:0.419999
G1 X5.822 Y-4.439 E2.2445
G1 X6.223 Y-3.855 E2.26671
G1 X6.521 Y-3.231 E2.28839
G1 X6.771 Y-2.519 E2.31205
G1 X6.395 Y-2.332 E2.32522
G1 X6.295 Y-2.557 E2.33294
G1 X5.96 Y-3.073 E2.35223
G1 X5.605 Y-3.456 E2.3686
G1 X5.185 Y-3.747 E2.38462
;WIDTH:0.454027
G1 X4.913 Y-3.858 E2.39466
;WIDTH:0.488055
G1 X4.64 Y-3.969 E2.40557
G1 X4.524 Y-3.574 F4800
;TYPE:External perimeter
;WIDTH:0.419999
G1 F1800
G1 X4.11 Y-3.564 E2.41855
G1 X3.654 Y-3.394 E2.43381
G1 X3.252 Y-3.087 E2.44967
G1 X2.907 Y-2.663 E2.46681
G1 X2.638 Y-2.181 E2.48412
G1 X2.42 Y-1.618 E2.50305
;WIDTH:0.455491
G1 X2.239 Y-.988 E2.52554
G1 X2.218 Y-1.643 E2.54802
;WIDTH:0.419999
G1 X2.218 Y-4.162 E2.627
G1 X2.683 Y-4.816 E2.65216
G1 X6.017 Y-4.816 E2.7567
G1 X6.561 Y-4.022 E2.78688
G1 X6.875 Y-3.361 E2.80982
G1 X7.215 Y-2.318 E2.84422
G1 X6.197 Y-1.813 E2.87985
G1 X5.975 Y-2.357 E2.89827
G1 X5.696 Y-2.802 E2.91474
G1 X5.344 Y-3.184 E2.93103
G1 X4.977 Y-3.432 E2.94492
G1 X4.582 Y-3.556 E2.9579
G1 X4.182 Y-3.564 F4800
;LAYER_CHANGE
;Z:0.35
;HEIGHT:0.15
G1 E.9579 F2400
G92 E0
G1 Z.35 F4800
G1 Z.65
G1 X-3.292 Y3.928
G1 Z.35
G1 E2 F2400
;TYPE:Support material interface
;WIDTH:0.35
G1 F3600
G1 X-3.835 Y4.472 E2.01523
G1 X-3.772 Y4.622 E2.01845
G1 X-3.574 Y4.66 E2.02245
G1 X-2.986 Y4.071 E2.03895
G1 X-2.536 Y4.071 E2.04787
G1 X-2.925 Y4.46 E2.05877
G1 X-2.547 Y4.531 E2.06639
G1 X-2.087 Y4.071 E2.07928
G1 X-1.637 Y4.071 E2.0882
G1 X-2.135 Y4.569 E2.10216
G1 X-1.628 Y4.511 E2.11227
G1 X-1.188 Y4.071 E2.1246
G1 X-.739 Y4.071 E2.1335
G1 X-1.049 Y4.382 E2.1422
G1 X-.633 Y4.415 E2.15047
G1 X-.289 Y4.071 E2.16011
G1 X.023 Y4.096 E2.16631
G1 X-.139 Y4.119 E2.16955
G1 X-.017 Y4.249 E2.17308
G1 X-.217 Y4.448 E2.17867
G1 X.199 Y4.482 E2.18694
G1 X.302 Y4.379 E2.18983
G1 E.18983 F2400
G92 E0
G1 Z.65 F4800
G1 X-.968 Y6.699
G1 Z.35
G1 E2 F2400
;TYPE:Support material
G1 F3600
G1 X-.589 Y6.327 E2.01053
G1 X-.279 Y6.164 E2.01747
G1 X.395 Y6.06 E2.03099
G1 X.448 Y5.714 E2.03793
G1 X1.185 Y5.911 E2.05305
G1 X1.579 Y6.173 E2.06243
G1 X2.102 Y6.852 E2.07942
G1 X2.297 Y7.687 E2.09641
G1 X2.129 Y8.518 E2.11321
G1 X1.634 Y9.196 E2.12985
G1 X.902 Y9.605 E2.14647
G1 X.477 Y9.683 E2.15503
G1 X-.167 Y9.617 E2.16786
G1 X-.761 Y9.353 E2.18074
G1 X-1.104 Y9.062 E2.18966
G1 X-1.562 Y8.275 E2.20771
G1 X-1.645 Y7.866 E2.21598
G1 X-1.633 Y7.336 E2.22649
G1 X-1.374 Y6.652 E2.24099
G1 X-.785 Y6.035 E2.2579
G1 X-.008 Y5.721 E2.27451
G1 X.401 Y5.706 E2.28262
G1 X.901 Y5.429 F4800
G1 F3600
G1 X1.346 Y5.598 E2.29205
G1 X1.804 Y5.902 E2.30294
G1 X2.15 Y6.262 E2.31284
G1 X2.42 Y6.7 E2.32304
G1 X2.587 Y7.18 E2.33311
G1 X2.649 Y7.682 E2.34313
G1 X2.602 Y8.183 E2.3531
G1 X2.451 Y8.66 E2.36302
G1 X2.202 Y9.092 E2.3729
G1 X1.868 Y9.46 E2.38275
G1 X1.462 Y9.748 E2.39262
G1 X1.003 Y9.942 E2.4025
G1 X.507 Y10.034 E2.4125
G1 X.003 Y10.015 E2.4225
G1 X-.699 Y9.788 E2.43712
G1 X-1.437 Y9.213 E2.45566
G1 X-1.898 Y8.379 E2.47455
G1 X-1.995 Y7.899 E2.48426
G1 X-1.978 Y7.272 E2.49669
G1 X-1.667 Y6.46 E2.51392
G1 X-1.361 Y6.062 E2.52387
G1 X-.982 Y5.743 E2.53369
G1 X-.064 Y5.373 E2.55331
G1 X.854 Y5.422 E2.57153
G1 E.57153 F2400
G92 E0
G1 Z.65 F4800
G1 X4.915 Y1.953
G1 Z.35
G1 E2 F2400
G1 F3600
G1 X4.91 Y1.681 E2.00539
G1 X5.092 Y1.253 E2.01461
G1 X5.474 Y.939 E2.02441
G1 X5.971 Y.815 E2.03456
G1 X6.034 Y.47 E2.04151
G1 X6.302 Y.52 E2.04691
G1 X6.884 Y.882 E2.06049
G1 X7.208 Y1.469 E2.07378
G1 X7.211 Y2.138 E2.08704
G1 X7.058 Y2.498 E2.09479
G1 X6.635 Y2.943 E2.10696
G1 X6.332 Y3.089 E2.11363
G1 X5.646 Y3.138 E2.12726
G1 X5.052 Y2.86 E2.14026
G1 X4.647 Y2.315 E2.15372
G1 X4.56 Y1.636 E2.16729
G1 X4.809 Y1.044 E2.18002
G1 X5.316 Y.624 E2.19307
G1 X5.987 Y.462 E2.20675
G1 X6.409 Y.184 F4800
G1 F3600
G1 X6.811 Y.369 E2.21552
G1 X7.14 Y.64 E2.22397
G1 X7.392 Y.984 E2.23242
G1 X7.595 Y1.728 E2.2477
G1 X7.553 Y2.224 E2.25757
G1 X7.344 Y2.7 E2.26787
G1 X6.827 Y3.239 E2.28267
G1 X6.444 Y3.424 E2.2911
G1 X6.026 Y3.508 E2.29955
G1 X5.594 Y3.486 E2.30812
G1 X5.192 Y3.359 E2.31648
G1 X4.827 Y3.132 E2.325
G1 X4.496 Y2.772 E2.33469
G1 X4.21 Y2.024 E2.35056
G1 X4.21 Y1.592 E2.35912
G1 X4.326 Y1.174 E2.36772
G1 X4.524 Y.839 E2.37543
G1 X5.158 Y.309 E2.39181
G1 X5.622 Y.144 E2.40157
G1 X6.003 Y.109 E2.40915
G1 X6.362 Y.175 E2.41638
G1 E.41638 F2400
G92 E0
G1 Z.65 F4800
G1 X3.373 Y-1.271
G1 Z.35
G1 E2 F2400
G1 F3600
G1 X3.373 Y-1.423 E2.00301
G1 X3.641 Y-2.011 E2.01582
G1 X4.004 Y-2.238 E2.02431
G1 X4.332 Y-2.283 E2.03087
G1 X4.365 Y-2.631 E2.0378
G1 X4.621 Y-2.607 E2.0429
G1 X5.235 Y-2.277 E2.05672
G1 X5.498 Y-1.908 E2.0657
G1 X5.642 Y-1.315 E2.07779
G1 X5.442 Y-.631 E2.09191
G1 X4.912 Y-.155 E2.10603
G1 X4.222 Y-.027 E2.11994
G1 X3.617 Y-.238 E2.13264
G1 X3.324 Y-.497 E2.14039
G1 X3.124 Y-.821 E2.14794
G1 X3.023 Y-1.488 E2.16131
G1 X3.365 Y-2.234 E2.17758
G1 X3.902 Y-2.577 E2.19021
G1 X4.317 Y-2.636 E2.19852
G1 E.19852 F2400
G92 E0
G1 Z.65 F4800
G1 X2.393 Y-5.802
G1 Z.35
G1 E2 F2400
;TYPE:Support material interface
G1 F3600
G1 X1.814 Y-5.223 E2.01623
G1 X1.656 Y-5.269 E2.01949
G1 X1.656 Y-5.514 E2.02435
G1 X3.256 Y-7.114 E2.0692
G1 X2.946 Y-7.254 E2.07594
G1 X1.654 Y-5.961 E2.11217
G1 X1.618 Y-6.375 E2.12041
G1 X2.745 Y-7.502 E2.152
G1 X3.674 Y-7.082 F4800
G1 F3600
G1 X2.791 Y-6.2 E2.17674
G1 X3.241 Y-6.2 E2.18566
G1 X3.891 Y-6.851 E2.20389
G1 X4.245 Y-6.915 E2.21102
G1 X4.502 Y-7.172 E2.21822
G1 X4.662 Y-7.172 E2.22139
G1 X3.626 Y-6.136 E2.25043
G1 X4.14 Y-6.2 E2.2607
G1 X4.982 Y-7.042 E2.2843
G1 X5.704 Y-7.316 F4800
G1 F3600
G1 X5.049 Y-6.66 E2.30267
G1 X5.152 Y-6.66 E2.30471
G1 X5.086 Y-6.43 E2.30945
G1 X5.269 Y-6.43 E2.31308
G1 X6.011 Y-7.172 E2.33388
G1 X6.46 Y-7.172 E2.34278
G1 X5.718 Y-6.43 E2.36358
G1 X6.167 Y-6.43 E2.37248
G1 X6.758 Y-7.021 E2.38905
G1 X7.129 Y-6.943 E2.39656
G1 X6.459 Y-6.272 E2.41535
G1 X6.672 Y-6.036 E2.42165
G1 X7.322 Y-6.685 E2.43985
G1 X7.576 Y-6.491 E2.44618
G1 X6.63 Y-5.544 E2.47271
G1 X7.894 Y-6.147 F4800
;TYPE:Support material
G1 F3600
G1 X7.965 Y-5.868 E2.47842
G1 X7.794 Y-5.439 E2.48757
G1 X7.381 Y-5.239 E2.49666
G1 X7.125 Y-5.279 E2.5018
G1 X7.345 Y-5.352 E2.50639
G1 X7.431 Y-5.66 E2.51273
G1 X7.868 Y-6.187 E2.5263
G1 X6.284 Y-7.915 F4800
G1 F3600
G1 X6.35 Y-7.856 E2.52805
G1 X6.05 Y-7.856 E2.534
G1 X6.284 Y-7.915 E2.53878
G1 X6.361 Y-8.262 E2.54582
G1 X7.077 Y-7.861 E2.56208
G1 X7.206 Y-7.591 E2.56801
G1 X7.222 Y-7.276 E2.57426
G1 X6.999 Y-7.276 E2.57868
G1 X6.612 Y-7.506 E2.5876
G1 X5.407 Y-7.506 E2.61148
G1 X5.612 Y-7.956 E2.62128
G1 X5.977 Y-8.211 E2.6301
G1 X6.315 Y-8.272 E2.63691
G1 E.63691 F2400
G92 E0
G1 Z.65 F4800
G1 X4.055 Y-7.692
G1 Z.35
G1 E2 F2400
G1 F3600
G1 X3.925 Y-7.562 E2.00364
G1 X3.147 Y-7.914 E2.02056
G1 X3.419 Y-8.079 E2.02687
G1 X3.799 Y-8.123 E2.03445
G1 X3.886 Y-8.462 E2.04139
G1 X4.177 Y-8.381 E2.04738
G1 X4.525 Y-8.129 E2.0559
G1 X4.84 Y-7.506 E2.06974
G1 X4.364 Y-7.506 E2.07917
G1 X4.082 Y-7.225 E2.08706
G1 X3.897 Y-7.191 E2.09079
G1 X2.546 Y-7.801 E2.12017
G1 X2.673 Y-8.03 E2.12536
G1 X3.058 Y-8.297 E2.13465
G1 X3.311 Y-8.415 E2.14018
G1 X3.84 Y-8.475 E2.15073
G1 E.15073 F2400
G92 E0
G1 Z.65 F4800
G1 X-3.093 Y-9.112
G1 Z.35
G1 E2 F2400
G1 F3600
G1 X-2.044 Y-9.406 E2.02159
G1 X-1.571 Y-9.422 E2.03097
G1 X-1.519 Y-9.768 E2.0379
G1 X-.551 Y-9.523 E2.05769
G1 X.3 Y-8.912 E2.07845
G1 X.624 Y-8.497 E2.08888
G1 X1.012 Y-7.524 E2.10964
G1 X1.012 Y-6.928 E2.12145
G1 X.888 Y-6.384 E2.13251
G1 X.974 Y-5.745 E2.14529
G1 X-.033 Y-4.796 E2.17271
G1 X-.241 Y-4.28 E2.18374
G1 X-.295 Y-3.597 E2.19732
G1 X-.434 Y-3.129 E2.207
G1 X-.66 Y-2.694 E2.21672
G1 X-1.346 Y-1.995 E2.23613
G1 X-2.15 Y-1.635 E2.25359
G1 X-2.765 Y-1.538 E2.26593
G1 X-3.253 Y-1.562 E2.27561
G1 X-4.143 Y-1.85 E2.29415
G1 X-4.889 Y-2.489 E2.31362
G1 X-5.34 Y-3.358 E2.33302
G1 X-5.582 Y-4.493 E2.35602
G1 X-6.164 Y-4.919 E2.37031
G1 X-6.485 Y-5.243 E2.37935
G1 X-6.759 Y-5.672 E2.38944
G1 X-7.019 Y-6.416 E2.40506
G1 X-7.066 Y-7.208 E2.42078
G1 X-7.337 Y-7.714 E2.43216
G1 X-7.182 Y-8.099 E2.44039
G1 X-6.552 Y-8.491 E2.4551
G1 X-5.845 Y-9.16 E2.47439
G1 X-5.274 Y-9.31 E2.48609
G1 X-5.006 Y-9.503 E2.49264
G1 X-4.592 Y-9.58 E2.50099
G1 X-4.108 Y-9.56 E2.51059
G1 X-3.482 Y-9.428 E2.52327
G1 X-2.97 Y-9.474 E2.53346
G1 X-2.091 Y-9.754 E2.55174
G1 X-1.566 Y-9.775 E2.56215
G1 X-.962 Y-10.038 F4800
G1 F3600
G1 X-.403 Y-9.842 E2.57389
G1 X.109 Y-9.543 E2.58564
G1 X.555 Y-9.154 E2.59737
G1 X.921 Y-8.686 E2.60915
G1 X1.191 Y-8.158 E2.6209
G1 X1.374 Y-7.421 E2.63595
G1 X1.362 Y-6.859 E2.64709
G1 X1.257 Y-6.368 E2.65704
G1 X1.322 Y-5.155 E2.68112
G1 X.986 Y-5.278 E2.68821
G1 X.26 Y-4.587 E2.70807
G1 X.104 Y-4.199 E2.71636
G1 X.051 Y-3.533 E2.7296
G1 X-.108 Y-2.997 E2.74068
G1 X-.366 Y-2.501 E2.75176
G1 X-.755 Y-2.025 E2.76394
G1 X-1.151 Y-1.702 E2.77407
G1 X-1.655 Y-1.431 E2.78541
G1 X-2.192 Y-1.26 E2.79658
G1 X-2.75 Y-1.187 E2.80773
G1 X-3.83 Y-1.335 E2.82934
G1 X-4.314 Y-1.542 E2.83977
G1 X-4.777 Y-1.866 E2.85097
G1 X-5.164 Y-2.271 E2.86207
G1 X-5.469 Y-2.741 E2.87317
G1 X-5.678 Y-3.26 E2.88426
G1 X-5.891 Y-4.285 E2.90501
G1 X-6.76 Y-5.023 E2.92761
G1 X-7.069 Y-5.508 E2.93901
G1 X-7.363 Y-6.348 E2.95665
G1 X-7.417 Y-7.121 E2.97201
G1 X-7.681 Y-7.616 E2.98313
G1 X-7.614 Y-8.051 E2.99185
G1 X-7.455 Y-8.341 E2.9984
G1 X-6.781 Y-8.76 E3.01413
G1 X-6.007 Y-9.479 E3.03507
G1 X-5.426 Y-9.632 E3.04698
G1 X-5.147 Y-9.832 E3.05378
G1 X-4.617 Y-9.931 E3.06447
G1 X-3.461 Y-9.781 E3.08757
G1 X-3.058 Y-9.818 E3.09559
G1 X-2.138 Y-10.102 E3.11467
G1 X-1.547 Y-10.126 E3.12639
G1 X-1.009 Y-10.045 E3.13717
G1 E1.13717 F2400
G92 E0
G1 Z.65 F4800
G1 X-9.708 Y-7.511
G1 Z.35
G1 E2 F2400
G1 F3600
G1 X-9.615 Y-7.426 E2.0025
G1 X-9.704 Y-7.275 E2.00597
G1 X-9.93 Y-7.31 E2.0105
G1 X-9.932 Y-7.461 E2.01349
G1 X-9.708 Y-7.511 E2.01804
G1 X-9.756 Y-7.889 E2.02559
G1 X-9.546 Y-7.837 E2.02988
G1 X-9.144 Y-7.485 E2.04047
G1 X-9.535 Y-6.96 E2.05344
G1 X-9.854 Y-6.882 E2.05995
G1 X-10.08 Y-6.97 E2.06476
G1 X-10.294 Y-7.284 E2.07229
G1 X-10.285 Y-7.552 E2.0776
G1 X-10.15 Y-7.751 E2.08237
G1 X-9.803 Y-7.892 E2.08979
G1 X-11.003 Y-8.792 F4800
G1 F3600
G1 X-10.878 Y-8.741 E2.09247
G1 X-10.827 Y-8.616 E2.09515
G1 X-10.878 Y-8.491 E2.09783
G1 X-11.003 Y-8.44 E2.10051
G1 X-11.127 Y-8.491 E2.10317
G1 X-11.166 Y-8.683 E2.10705
G1 X-11.003 Y-8.792 E2.11094
G1 X-10.956 Y-9.14 E2.1179
G1 X-10.799 Y-9.108 E2.12108
G1 X-10.51 Y-8.82 E2.12917
G1 X-10.47 Y-8.616 E2.13329
G1 X-10.626 Y-8.239 E2.14138
G1 X-11.003 Y-8.083 E2.14947
G1 X-11.38 Y-8.239 E2.15756
G1 X-11.536 Y-8.616 E2.16565
G1 X-11.38 Y-8.993 E2.17374
G1 X-11.003 Y-9.149 E2.18183
G1 E.18183 F2400
G92 E0
G1 Z.65 F4800
G1 X-12.304 Y-5.908
G1 Z.35
G1 E2 F2400
G1 F3600
G1 X-12.527 Y-5.901 E2.00442
G1 X-12.643 Y-6.124 E2.0094
G1 X-12.653 Y-6.397 E2.01481
G1 X-12.552 Y-6.613 E2.01954
G1 X-12.028 Y-6.84 E2.03086
G1 X-11.996 Y-7.188 E2.03779
G1 X-11.635 Y-7.073 E2.0453
G1 X-11.412 Y-6.893 E2.05098
G1 X-11.253 Y-6.661 E2.05655
G1 X-11.239 Y-6.373 E2.06226
G1 X-11.509 Y-5.817 E2.07451
G1 X-11.774 Y-5.649 E2.08073
G1 X-12.403 Y-5.55 E2.09335
G1 X-12.666 Y-5.552 E2.09856
G1 X-12.779 Y-5.651 E2.10154
G1 X-12.984 Y-6.028 E2.11005
G1 X-13.019 Y-6.297 E2.11543
G1 X-12.912 Y-6.699 E2.12367
G1 X-12.769 Y-6.914 E2.12879
G1 X-12.044 Y-7.193 E2.14419
G1 E.14419 F2400
G92 E0
G1 Z.65 F4800
G1 X-10.107 Y-.283
G1 Z.35
G1 E2 F2400
G1 F3600
G1 X-10.013 Y-.531 E2.00526
G1 X-10.093 Y-.815 E2.01111
G1 X-10.049 Y-1.136 E2.01753
G1 X-9.842 Y-1.393 E2.02407
G1 X-9.527 Y-1.501 E2.03067
G1 X-9.501 Y-1.85 E2.03761
G1 X-9.056 Y-1.747 E2.04666
G1 X-8.844 Y-1.597 E2.05181
G1 X-8.575 Y-1.153 E2.0621
G1 X-8.577 Y-.636 E2.07235
G1 X-8.851 Y-.195 E2.08264
G1 X-9.503 Y.111 E2.09691
G1 X-9.625 Y.404 E2.1032
G1 X-9.762 Y.954 E2.11443
G1 X-9.557 Y1.433 E2.12476
G1 X-9.514 Y1.76 E2.1313
G1 X-9.675 Y2.461 E2.14556
G1 X-10.134 Y2.991 E2.15946
G1 X-10.453 Y3.163 E2.16664
G1 X-11.138 Y3.255 E2.18034
G1 X-11.483 Y3.177 E2.18735
G1 X-11.864 Y2.975 E2.1959
G1 X-12.28 Y2.501 E2.2084
G1 X-12.43 Y2.117 E2.21657
G1 X-12.415 Y1.4 E2.23078
G1 X-12.103 Y.817 E2.24389
G1 X-11.829 Y.572 E2.25117
G1 X-11.519 Y.409 E2.25811
G1 X-10.986 Y.357 E2.26872
G1 X-10.622 Y.083 E2.27775
G1 X-10.381 Y-.547 E2.29112
G1 X-10.443 Y-1.029 E2.30075
G1 X-10.373 Y-1.277 E2.30586
G1 X-10.044 Y-1.682 E2.3162
G1 X-9.549 Y-1.853 E2.32658
G1 X-9.227 Y-2.18 F4800
G1 F3600
G1 X-8.602 Y-1.855 E2.34054
G1 X-8.377 Y-1.578 E2.34761
G1 X-8.187 Y-.894 E2.36168
G1 X-8.383 Y-.21 E2.37578
G1 X-8.612 Y.066 E2.38289
G1 X-9.239 Y.388 E2.39686
G1 X-9.292 Y.514 E2.39957
G1 X-9.394 Y.924 E2.40794
G1 X-9.216 Y1.34 E2.41691
G1 X-9.162 Y1.756 E2.42522
G1 X-9.21 Y2.212 E2.43431
G1 X-9.362 Y2.622 E2.44298
G1 X-9.607 Y2.985 E2.45166
G1 X-9.931 Y3.278 E2.46032
G1 X-10.317 Y3.488 E2.46903
G1 X-10.736 Y3.598 E2.47762
G1 X-11.174 Y3.605 E2.4863
G1 X-11.601 Y3.509 E2.49497
G1 X-11.999 Y3.311 E2.50378
G1 X-12.329 Y3.031 E2.51236
G1 X-12.589 Y2.671 E2.52116
G1 X-12.758 Y2.253 E2.5301
G1 X-12.817 Y1.735 E2.54043
G1 X-12.755 Y1.308 E2.54898
G1 X-12.594 Y.907 E2.55754
G1 X-12.03 Y.282 E2.57423
G1 X-11.636 Y.075 E2.58305
G1 X-11.097 Y.003 E2.59383
G1 X-10.913 Y-.136 E2.5984
G1 X-10.749 Y-.564 E2.60748
G1 X-10.793 Y-1.077 E2.61768
G1 X-10.509 Y-1.728 E2.63176
G1 X-9.929 Y-2.135 E2.6458
G1 X-9.275 Y-2.184 E2.6588
G1 E.6588 F2400
G92 E0
G1 Z.65 F4800
G1 X-6.536 Y6.744
G1 Z.35
G1 E2 F2400
G1 F3600
G1 X-6.159 Y6.379 E2.0104
G1 X-5.816 Y6.199 E2.01808
G1 X-5.182 Y6.099 E2.0308
G1 X-5.121 Y5.754 E2.03774
G1 X-4.341 Y5.978 E2.05382
G1 X-3.984 Y6.219 E2.06236
G1 X-3.462 Y6.909 E2.07951
G1 X-3.293 Y7.707 E2.09568
G1 X-3.465 Y8.537 E2.11248
G1 X-3.964 Y9.216 E2.12918
G1 X-4.308 Y9.46 E2.13754
G1 X-5.108 Y9.704 E2.15412
G1 X-5.939 Y9.593 E2.17074
G1 X-6.663 Y9.132 E2.18775
G1 X-7.12 Y8.41 E2.20469
G1 X-7.227 Y7.564 E2.22159
G1 X-7.115 Y7.059 E2.23184
G1 X-6.937 Y6.691 E2.23994
G1 X-6.356 Y6.087 E2.25655
G1 X-5.81 Y5.823 E2.26857
G1 X-5.168 Y5.746 E2.28139
G1 X-4.64 Y5.483 F4800
G1 F3600
G1 X-4.177 Y5.667 E2.29126
G1 X-3.762 Y5.947 E2.30118
G1 X-3.422 Y6.302 E2.31092
G1 X-3.142 Y6.762 E2.32159
G1 X-2.941 Y7.704 E2.34068
G1 X-2.99 Y8.204 E2.35064
G1 X-3.144 Y8.68 E2.36056
G1 X-3.395 Y9.112 E2.37046
G1 X-3.731 Y9.479 E2.38032
G1 X-4.136 Y9.767 E2.39017
G1 X-4.592 Y9.962 E2.4
G1 X-5.079 Y10.055 E2.40983
G1 X-5.576 Y10.043 E2.41968
G1 X-6.059 Y9.924 E2.42954
G1 X-6.508 Y9.704 E2.43945
G1 X-6.905 Y9.387 E2.44952
G1 X-7.312 Y8.834 E2.46313
G1 X-7.494 Y8.387 E2.4727
G1 X-7.581 Y7.9 E2.4825
G1 X-7.447 Y6.943 E2.50165
G1 X-7.237 Y6.506 E2.51126
G1 X-6.939 Y6.122 E2.52089
G1 X-6.552 Y5.795 E2.53093
G1 X-6.103 Y5.559 E2.54098
G1 X-5.632 Y5.43 E2.55066
G1 X-5.15 Y5.393 E2.56024
G1 X-4.687 Y5.475 E2.56956
G1 E.56956 F2400
G92 E0
G1 Z.65 F4800
G1 X2.184 Y.237
G1 Z.35
G1 E2 F2400
;TYPE:External perimeter
;WIDTH:0.413928
G1 F900
G1 X2.21 Y-.491 E2.01734
;WIDTH:0.455666
G1 X2.236 Y-1.22 E2.0366
G1 X2.221 Y-.82 F4800
G1 E.0366 F2400
G92 E0
G1 Z.65 F4800
G1 X-7.215 Y-.967
G1 Z.35
G1 E2 F2400
;WIDTH:0.414396
G1 F900
G1 X-7.181 Y-.225 E2.0177
;WIDTH:0.37219
G1 X-7.184 Y.237 E2.0275
G1 X-7.19 Y-.163 F4800
G1 E.0275 F2400
G92 E0
G1 Z.65 F4800
G1 X-10.569 Y-4.266
G1 Z.35
G1 E2 F2400
;TYPE:Perimeter
;WIDTH:0.38403
G1 F900
G1 X-10.591 Y-4.228 E2.00096
G1 X-10.657 Y-4.266 E2.00263
G1 X-10.591 Y-4.304 E2.0043
G1 E.0043 F2400
G92 E0
G1 Z.65 F4800
G1 X-8.059 Y-4.273
G1 Z.35
G1 E2 F2400
;WIDTH:0.370332
G1 F900
G1 X-8.08 Y-4.236 E2.0009
G1 X-8.143 Y-4.273 E2.00244
G1 X-8.08 Y-4.31 E2.00398
G1 E.00398 F2400
G92 E0
G1 Z.65 F4800
G1 X-10.322 Y-3.987
G1 Z.35
G1 E2 F2400
;WIDTH:0.449999
G1 F900
G1 X-10.377 Y-3.962 E2.00157
;WIDTH:0.49918
G1 X-10.91 Y-3.528 E2.02159
G1 X-11.088 Y-3.241 E2.03143
;WIDTH:0.459059
G1 X-11.265 Y-2.955 E2.04038
;WIDTH:0.418938
G1 X-11.552 Y-2.334 E2.05688
;WIDTH:0.407382
G1 X-11.816 Y-2.466 E2.06379
G1 X-11.784 Y-2.592 E2.06683
;WIDTH:0.418938
G1 X-11.622 Y-3.103 E2.07976
;WIDTH:0.448934
G1 X-11.522 Y-3.333 E2.08628
;WIDTH:0.47893
G1 X-11.133 Y-4.177 E2.11217
;WIDTH:0.449999
G1 X-10.821 Y-4.651 E2.12696
G1 X-9.614 Y-4.657 E2.15841
;WIDTH:0.446414
G1 X-8.819 Y-4.653 E2.17895
;WIDTH:0.449999
G1 X-7.906 Y-4.651 E2.20274
G1 X-7.651 Y-4.292 E2.21421
G1 X-7.651 Y-3.302 E2.24001
G1 X-7.942 Y-3.657 E2.25197
G1 X-8.325 Y-3.969 E2.26484
G1 X-8.903 Y-4.222 E2.28128
;WIDTH:0.446414
G1 X-9.137 Y-4.26 E2.2874
;WIDTH:0.437405
G1 X-9.609 Y-4.252 E2.29933
;WIDTH:0.446359
G1 X-9.827 Y-4.212 E2.30505
;WIDTH:0.449999
G1 X-10.267 Y-4.012 E2.31764
G1 X-10.111 Y-3.64 F4800
;TYPE:External perimeter
G1 F900
G1 X-10.553 Y-3.267 E2.33271
G1 X-10.902 Y-2.783 E2.34826
G1 X-11.123 Y-2.314 E2.36177
G1 X-11.318 Y-1.776 E2.37668
G1 X-12.279 Y-2.253 E2.40463
G1 X-12.169 Y-2.689 E2.41635
G1 X-11.947 Y-3.386 E2.43541
G1 X-11.704 Y-3.966 E2.4518
G1 X-11.47 Y-4.424 E2.4652
G1 X-11.018 Y-5.069 E2.48572
G1 X-7.691 Y-5.069 E2.57241
G1 X-7.233 Y-4.425 E2.593
G1 X-7.233 Y-1.838 E2.66041
G1 X-7.215 Y-.967 E2.68311
G1 X-7.394 Y-1.851 E2.70661
G1 X-7.639 Y-2.486 E2.72434
G1 X-8.043 Y-3.143 E2.74444
G1 X-8.251 Y-3.376 E2.75258
G1 X-8.573 Y-3.632 E2.7633
G1 X-9.059 Y-3.836 E2.77703
G1 X-9.631 Y-3.838 E2.79193
G1 X-10.056 Y-3.663 E2.80391
G1 X-10.371 Y-3.417 F4800
G1 E.80391 F2400
G92 E0
G1 Z.65 F4800
G1 X1.003 Y1.321
G1 Z.35
G1 E2 F2400
;TYPE:Perimeter
;WIDTH:0.579202
G1 F900
G1 X1.338 Y1.321 E2.01143
G1 X1.414 Y1.648 E2.02288
;WIDTH:0.586176
G1 X1.136 Y2 E2.03838
G1 X.319 Y2 E2.06661
G1 X.53 Y1.824 E2.0761
G1 X.961 Y1.365 E2.09785
G1 X.876 Y.839 F4800
;WIDTH:0.449999
G1 F900
G1 X1.762 Y.839 E2.12094
G1 X1.808 Y1.213 E2.13076
G1 X1.934 Y1.741 E2.1449
G1 X1.699 Y2.087 E2.1558
G1 X1.361 Y2.486 E2.16943
G1 X-1.903 Y2.494 E2.25448
;WIDTH:0.435119
G1 X-1.847 Y2.483 E2.25591
;WIDTH:0.449999
G1 X-1.044 Y2.26 E2.27762
G1 X-.496 Y1.986 E2.29358
G1 X.178 Y1.489 E2.3154
G1 X.778 Y.839 E2.33845
G1 X.816 Y.839 E2.33944
G1 E.33944 F2400
G92 E0
G1 Z.65 F4800
G1 X-6.004 Y1.32
G1 Z.35
G1 E2 F2400
;WIDTH:0.582702
G1 F900
G1 X-5.807 Y1.54 E2.01014
G1 X-5.313 Y2.001 E2.03334
G1 X-6.137 Y2.001 E2.06163
G1 X-6.415 Y1.648 E2.07706
;WIDTH:0.577265
G1 X-6.339 Y1.32 E2.0885
G1 X-6.064 Y1.32 E2.09785
G1 X-5.89 Y.839 F4800
;WIDTH:0.449999
G1 F900
G1 X-5.778 Y.839 E2.10077
G1 X-5.241 Y1.433 E2.12163
G1 X-4.765 Y1.818 E2.13758
G1 X-4.211 Y2.146 E2.15436
G1 X-3.653 Y2.37 E2.17003
G1 X-3.136 Y2.49 E2.18386
G1 X-6.361 Y2.486 E2.26789
G1 X-6.589 Y2.218 E2.27706
G1 X-6.934 Y1.741 E2.2924
G1 X-6.852 Y1.411 E2.30126
G1 X-6.762 Y.839 E2.31635
G1 X-5.95 Y.839 E2.33751
G1 E.33751 F2400
G92 E0
G1 Z.65 F4800
G1 X-1.903 Y2.494
G1 Z.35
G1 E2 F2400
;WIDTH:0.43259
G1 F900
G1 X-1.962 Y2.498 E2.00148
;WIDTH:0.425194
G1 X-2.547 Y2.517 E2.01583
;WIDTH:0.413604
G1 X-2.841 Y2.504 E2.02283
;WIDTH:0.440688
G1 X-3.136 Y2.49 E2.03035
G1 E.03035 F2400
G92 E0
G1 Z.65 F4800
G1 X-7.029 Y.409
G1 Z.35
G1 E2 F2400
;TYPE:External perimeter
;WIDTH:0.439803
G1 F900
G1 X-7.024 Y.415 E2.0002
;WIDTH:0.449999
G1 X-5.564 Y.421 E2.03824
G1 X-5.393 Y.656 E2.04581
G1 X-4.975 Y1.111 E2.06191
G1 X-4.548 Y1.461 E2.0763
G1 X-4.05 Y1.76 E2.09143
G1 X-3.554 Y1.964 E2.1054
G1 X-3.007 Y2.094 E2.12005
G1 X-2.484 Y2.132 E2.13371
G1 X-1.955 Y2.087 E2.14754
G1 X-1.226 Y1.884 E2.16726
G1 X-.739 Y1.646 E2.18138
G1 X-.125 Y1.201 E2.20114
G1 X.24 Y.817 E2.21494
G1 X.564 Y.421 E2.22827
G1 X2.024 Y.415 E2.26631
;WIDTH:0.439801
G1 X2.104 Y.326 E2.26935
;WIDTH:0.405996
G1 X2.184 Y.237 E2.27214
G1 X2.168 Y.382 E2.27554
;WIDTH:0.439801
G1 X2.151 Y.528 E2.27928
;WIDTH:0.449999
G1 X2.227 Y1.187 E2.29656
G1 X2.384 Y1.821 E2.31358
G1 X2.033 Y2.34 E2.32991
G1 X1.555 Y2.903 E2.34915
G1 X-6.555 Y2.903 E2.56046
G1 X-7.033 Y2.34 E2.5797
G1 X-7.384 Y1.821 E2.59603
G1 X-7.223 Y1.163 E2.61368
G1 X-7.151 Y.528 E2.63033
;WIDTH:0.439803
G1 X-7.168 Y.383 E2.63404
;WIDTH:0.405997
G1 X-7.184 Y.237 E2.63746
G1 X-7.104 Y.326 E2.64025
;WIDTH:0.439803
G1 X-7.07 Y.364 E2.64155
G1 X-6.672 Y.412 F4800
G1 E.64155 F2400
G92 E0
G1 Z.65 F4800
G1 X5.662 Y-4.265
G1 Z.35
G1 E2 F2400
;TYPE:Perimeter
;WIDTH:0.387242
G1 F900
G1 X5.64 Y-4.226 E2.00099
G1 X5.573 Y-4.265 E2.00271
G1 X5.64 Y-4.303 E2.00442
G1 E.00442 F2400
G92 E0
G1 Z.65 F4800
G1 X3.143 Y-4.273
G1 Z.35
G1 E2 F2400
;WIDTH:0.370314
G1 F900
G1 X3.122 Y-4.237 E2.00088
G1 X3.059 Y-4.273 E2.00241
G1 X3.122 Y-4.31 E2.00395
G1 X4.763 Y-4.224 F4800
;WIDTH:0.446829
G1 F900
G1 X4.609 Y-4.252 E2.008
;WIDTH:0.438294
G1 X4.03 Y-4.254 E2.02266
;WIDTH:0.449999
G1 X3.462 Y-4.045 E2.03843
G1 X3.018 Y-3.728 E2.05264
G1 X2.651 Y-3.3 E2.06733
G1 X2.651 Y-4.292 E2.09318
G1 X2.906 Y-4.651 E2.10465
G1 X4.156 Y-4.66 E2.13722
;WIDTH:0.446829
G1 X4.911 Y-4.653 E2.15674
;WIDTH:0.449999
G1 X5.808 Y-4.651 E2.18011
G1 X5.971 Y-4.431 E2.18724
;WIDTH:0.469554
G1 X6.205 Y-3.974 E2.20124
;WIDTH:0.477039
G1 X6.437 Y-3.527 E2.21521
G1 X6.578 Y-3.189 E2.22537
;WIDTH:0.442213
G1 X6.718 Y-2.852 E2.2347
;WIDTH:0.407387
G1 X6.816 Y-2.466 E2.24402
G1 X6.552 Y-2.334 E2.25093
G1 X6.367 Y-2.726 E2.26107
;WIDTH:0.442213
G1 X6.208 Y-3.023 E2.26968
;WIDTH:0.477039
G1 X6.048 Y-3.32 E2.27904
G1 X5.789 Y-3.634 E2.29033
;WIDTH:0.469554
G1 X5.374 Y-3.965 E2.30481
;WIDTH:0.449999
G1 X4.827 Y-4.213 E2.32046
;WIDTH:0.446829
G1 X4.822 Y-4.213 E2.32059
G1 X4.672 Y-3.826 F4800
;TYPE:External perimeter
;WIDTH:0.449999
G1 F900
G1 X4.101 Y-3.848 E2.33548
G1 X3.618 Y-3.658 E2.349
G1 X3.243 Y-3.367 E2.36137
G1 X2.875 Y-2.909 E2.37668
G1 X2.622 Y-2.45 E2.39034
G1 X2.387 Y-1.827 E2.40769
;WIDTH:0.455263
G1 X2.238 Y-1.248 E2.42346
G1 X2.233 Y-1.846 E2.43924
;WIDTH:0.449999
G1 X2.233 Y-4.426 E2.50646
G1 X2.691 Y-5.069 E2.52703
G1 X6.014 Y-5.069 E2.61361
G1 X6.309 Y-4.686 E2.62621
G1 X6.842 Y-3.674 E2.65601
G1 X7.103 Y-2.949 E2.67609
G1 X7.279 Y-2.253 E2.6948
G1 X6.318 Y-1.776 E2.72275
G1 X6.123 Y-2.314 E2.73766
G1 X5.881 Y-2.817 E2.7522
G1 X5.517 Y-3.305 E2.76806
G1 X5.122 Y-3.631 E2.7814
G1 X4.728 Y-3.802 E2.79259
G1 X4.329 Y-3.837 F4800
;LAYER_CHANGE
;Z:0.5
;HEIGHT:0.15
G1 E.79259 F2400
G92 E0
G1 Z.5 F4800
G1 Z.8
G1 X.35 Y4.637
G1 Z.5
G1 E2 F2400
;TYPE:Support material interface
;WIDTH:0.35
G1 F3600
G1 X.05 Y4.338 E2.00839
G1 X-.399 Y4.338 E2.01729
G1 X-.295 Y4.442 E2.02021
G1 X-1.298 Y4.338 E2.0402
G1 X-1.229 Y4.453 E2.04286
G1 X-1.582 Y4.504 E2.04993
G1 X-1.748 Y4.338 E2.05458
G1 X-2.197 Y4.338 E2.06348
G1 X-1.972 Y4.563 E2.06979
G1 X-2.031 Y4.569 E2.07097
G1 X-2.431 Y4.554 E2.0789
G1 X-2.646 Y4.338 E2.08494
G1 X-3.096 Y4.338 E2.09386
G1 X-2.986 Y4.448 E2.09694
G1 X-3.171 Y4.413 E2.10067
G1 X-3.237 Y4.647 E2.10549
G1 X-3.671 Y4.212 E2.11767
G1 X-3.838 Y4.465 E2.12368
G1 X-3.517 Y4.816 E2.13311
G1 E.13311 F2400
G92 E0
G1 Z.8 F4800
G1 X-.985 Y6.716
G1 Z.5
G1 E2 F2400
;TYPE:Support material
G1 F3600
G1 X-.589 Y6.321 E2.01109
G1 X-.288 Y6.163 E2.01783
G1 X.371 Y6.058 E2.03106
G1 X.412 Y5.71 E2.038
G1 X1.154 Y5.9 E2.05318
G1 X1.759 Y6.352 E2.06815
G1 X2.073 Y6.824 E2.07939
G1 X2.271 Y7.669 E2.09659
G1 X2.101 Y8.498 E2.11336
G1 X1.606 Y9.172 E2.12993
G1 X.869 Y9.575 E2.14658
G1 X.021 Y9.626 E2.16342
G1 X-.784 Y9.301 E2.18063
G1 X-1.12 Y9.008 E2.18947
G1 X-1.518 Y8.377 E2.20426
G1 X-1.649 Y7.684 E2.21824
G1 X-1.621 Y7.332 E2.22524
G1 X-1.361 Y6.63 E2.24008
G1 X-.786 Y6.029 E2.25657
G1 X-.417 Y5.835 E2.26483
G1 X.364 Y5.705 E2.28052
G1 X.852 Y5.409 F4800
G1 F3600
G1 X1.707 Y5.822 E2.29934
G1 X2.279 Y6.474 E2.31653
G1 X2.56 Y7.158 E2.33119
G1 X2.623 Y7.664 E2.3413
G1 X2.576 Y8.164 E2.35125
G1 X2.423 Y8.641 E2.36118
G1 X2.172 Y9.073 E2.37108
G1 X1.837 Y9.438 E2.3809
G1 X1.428 Y9.723 E2.39078
G1 X.966 Y9.913 E2.40068
G1 X.471 Y9.999 E2.41064
G1 X-.035 Y9.973 E2.42068
G1 X-.529 Y9.836 E2.43084
G1 X-.985 Y9.591 E2.4411
G1 X-1.379 Y9.247 E2.45147
G1 X-1.686 Y8.829 E2.46175
G1 X-1.956 Y8.096 E2.47723
G1 X-1.967 Y7.275 E2.4935
G1 X-1.66 Y6.445 E2.51104
G1 X-1.359 Y6.053 E2.52084
G1 X-.982 Y5.736 E2.5306
G1 X-.547 Y5.508 E2.54033
G1 X-.072 Y5.377 E2.5501
G1 X.804 Y5.404 E2.56747
G1 E.56747 F2400
G92 E0
G1 Z.8 F4800
G1 X5.061 Y2.075
G1 Z.5
G1 E2 F2400
G1 F3600
G1 X5.05 Y1.864 E2.00419
G1 X5.196 Y1.466 E2.01259
G1 X5.528 Y1.151 E2.02166
G1 X5.962 Y1.007 E2.03072
G1 X5.981 Y.658 E2.03765
G1 X6.245 Y.668 E2.04289
G1 X6.819 Y.944 E2.05551
G1 X7.03 Y1.192 E2.06196
G1 X7.22 Y1.812 E2.07481
G1 X7.066 Y2.448 E2.08778
G1 X6.614 Y2.931 E2.10089
G1 X5.98 Y3.136 E2.1141
G1 X5.321 Y2.988 E2.12749
G1 X4.915 Y2.634 E2.13817
G1 X4.716 Y2.184 E2.14792
G1 X4.698 Y1.833 E2.15489
G1 X4.809 Y1.444 E2.16291
G1 X5.121 Y1.019 E2.17336
G1 X5.348 Y.849 E2.17898
G1 X5.933 Y.655 E2.1912
G1 X6.103 Y.314 F4800
G1 F3600
G1 X6.684 Y.439 E2.20298
G1 X7.052 Y.678 E2.21168
G1 X7.328 Y1.002 E2.22012
G1 X7.518 Y1.452 E2.2298
G1 X7.531 Y2.213 E2.24488
G1 X7.377 Y2.615 E2.25341
G1 X7.129 Y2.958 E2.2618
G1 X6.802 Y3.229 E2.27022
G1 X6.407 Y3.413 E2.27886
G1 X5.999 Y3.489 E2.28709
G1 X5.591 Y3.458 E2.2952
G1 X5.16 Y3.302 E2.30428
G1 X4.632 Y2.843 E2.31815
G1 X4.368 Y2.244 E2.33112
G1 X4.346 Y1.802 E2.33989
G1 X4.498 Y1.283 E2.35061
G1 X4.881 Y.762 E2.36343
G1 X5.527 Y.383 E2.37827
G1 X6.055 Y.311 E2.38883
G1 E.38883 F2400
G92 E0
G1 Z.8 F4800
G1 X3.407 Y-1.006
G1 Z.5
G1 E2 F2400
G1 F3600
G1 X3.338 Y-1.517 E2.01022
G1 X3.547 Y-1.985 E2.02038
G1 X3.977 Y-2.266 E2.03056
G1 X4.242 Y-2.311 E2.03589
G1 X4.279 Y-2.659 E2.04283
G1 X4.6 Y-2.627 E2.04922
G1 X5.239 Y-2.284 E2.06359
G1 X5.471 Y-1.99 E2.07101
G1 X5.645 Y-1.321 E2.08471
G1 X5.446 Y-.638 E2.09881
G1 X4.921 Y-.157 E2.11292
G1 X4.232 Y-.019 E2.12685
G1 X3.888 Y-.091 E2.13382
G1 X3.556 Y-.267 E2.14127
G1 X3.281 Y-.529 E2.1488
G1 X3.088 Y-.847 E2.15617
G1 X2.988 Y-1.203 E2.1635
G1 X2.988 Y-1.567 E2.17071
G1 X3.089 Y-1.915 E2.17789
G1 X3.277 Y-2.214 E2.18489
G1 X3.545 Y-2.45 E2.19197
G1 X4.231 Y-2.664 E2.20621
G1 E.20621 F2400
G92 E0
G1 Z.8 F4800
G1 X1.46 Y-5.938
G1 Z.5
G1 E2 F2400
;TYPE:Support material interface
G1 F3600
G1 X1.916 Y-5.482 E2.01278
G1 X2.108 Y-5.739 E2.01914
G1 X1.637 Y-6.21 E2.03234
G1 X1.609 Y-6.352 E2.03521
G1 X1.734 Y-6.563 E2.04007
G1 X2.193 Y-6.104 E2.05294
G1 X2.11 Y-6.257 E2.05639
G1 X2.316 Y-6.43 E2.06172
G1 X2.014 Y-6.733 E2.0702
G1 X2.014 Y-6.899 E2.07349
G1 X2.127 Y-6.848 E2.07595
G1 X2.166 Y-7.03 E2.07964
G1 X2.766 Y-6.43 E2.09646
G1 X3.481 Y-6.164 E2.11158
G1 X2.385 Y-7.26 E2.1423
G1 X2.42 Y-7.492 E2.14695
G1 X2.692 Y-7.402 E2.15263
G1 X3.911 Y-6.184 E2.18678
G1 X4.209 Y-6.335 E2.1934
G1 X3.142 Y-7.402 E2.22331
G1 X3.591 Y-7.402 E2.23221
G1 X4.501 Y-6.492 E2.25772
G1 X4.653 Y-6.66 E2.26221
G1 X4.783 Y-6.66 E2.26479
G1 X4.228 Y-7.215 E2.28035
G1 X4.474 Y-7.207 E2.28523
G1 X4.602 Y-7.29 E2.28825
G1 X5.462 Y-6.43 E2.31235
G1 X5.912 Y-6.43 E2.32127
G1 X5.257 Y-7.085 E2.33963
G1 X5.452 Y-7.085 E2.34349
G1 X5.41 Y-7.382 E2.34943
G1 X7.091 Y-5.7 E2.39656
G1 X7.262 Y-5.979 E2.40305
G1 X5.838 Y-7.402 E2.44295
G1 X6.288 Y-7.402 E2.45187
G1 X7.567 Y-6.123 E2.48772
G1 X7.871 Y-6.119 F4800
;TYPE:Support material
G1 F3600
G1 X7.932 Y-5.866 E2.49288
G1 X7.75 Y-5.465 E2.50161
G1 X7.555 Y-5.352 E2.50608
G1 X7.287 Y-5.34 E2.5114
G1 X7.483 Y-5.719 E2.51986
G1 X7.846 Y-6.16 E2.53118
G1 X6.236 Y-8.147 F4800
G1 F3600
G1 X7.12 Y-7.748 E2.5504
G1 X7.206 Y-7.276 E2.55991
G1 X6.612 Y-7.736 E2.5748
G1 X5.47 Y-7.736 E2.59743
G1 X5.8 Y-8.088 E2.60699
G1 X6.19 Y-8.161 E2.61485
G1 E.61485 F2400
G92 E0
G1 Z.8 F4800
G1 X3.974 Y-8.42
G1 Z.5
G1 E2 F2400
G1 F3600
G1 X4.394 Y-8.22 E2.00922
G1 X4.756 Y-7.736 E2.0212
G1 X4.381 Y-7.544 E2.02955
G1 X4.19 Y-7.551 E2.03334
G1 X3.944 Y-7.736 E2.03944
G1 X2.723 Y-7.736 E2.06364
G1 X2.497 Y-7.824 E2.06845
G1 X2.636 Y-8.068 E2.07402
G1 X2.967 Y-8.272 E2.08173
G1 X3.927 Y-8.432 E2.10102
G1 E.10102 F2400
G92 E0
G1 Z.8 F4800
G1 X-3.112 Y-9.025
G1 Z.5
G1 E2 F2400
G1 F3600
G1 X-2.062 Y-9.357 E2.02183
G1 X-1.595 Y-9.37 E2.03109
G1 X-1.541 Y-9.716 E2.03803
G1 X-.597 Y-9.462 E2.05741
G1 X-.159 Y-9.196 E2.06757
G1 X.52 Y-8.446 E2.08762
G1 X.739 Y-7.991 E2.09763
G1 X.87 Y-7.506 E2.10759
G1 X.914 Y-6.918 E2.11928
G1 X1.015 Y-6.714 E2.12379
G1 X.888 Y-6.384 E2.1308
G1 X.953 Y-6.156 E2.1355
G1 X.863 Y-5.737 E2.14399
G1 X.306 Y-5.349 E2.15744
G1 X-.149 Y-4.89 E2.17025
G1 X-.345 Y-4.337 E2.18188
G1 X-.4 Y-3.631 E2.19591
G1 X-.568 Y-3.173 E2.20558
G1 X-.828 Y-2.755 E2.21534
G1 X-1.181 Y-2.387 E2.22545
G1 X-1.578 Y-2.116 E2.23498
G1 X-2.028 Y-1.915 E2.24475
G1 X-2.972 Y-1.776 E2.26366
G1 X-3.896 Y-1.972 E2.28238
G1 X-4.282 Y-2.17 E2.29098
G1 X-4.893 Y-2.727 E2.30737
G1 X-5.177 Y-3.197 E2.31825
G1 X-5.588 Y-4.525 E2.3458
G1 X-6.084 Y-4.854 E2.3576
G1 X-6.436 Y-5.206 E2.36747
G1 X-6.132 Y-5.245 E2.37354
G1 X-5.739 Y-6.479 E2.39921
G1 X-5.821 Y-6.902 E2.40775
G1 X-6.679 Y-7.929 E2.43427
G1 X-7.007 Y-8.082 E2.44144
G1 X-5.904 Y-9.101 E2.4712
G1 X-5.113 Y-9.338 E2.48757
G1 X-4.929 Y-9.51 E2.49256
G1 X-4.061 Y-9.553 E2.50978
G1 X-3.255 Y-9.345 E2.52628
G1 X-2.108 Y-9.706 E2.55011
G1 X-1.588 Y-9.723 E2.56042
G1 X-1.203 Y-10.017 F4800
G1 F3600
G1 X-.444 Y-9.779 E2.57619
G1 X.051 Y-9.477 E2.58768
G1 X.478 Y-9.089 E2.59911
G1 X.821 Y-8.628 E2.6105
G1 X1.069 Y-8.114 E2.62181
G1 X1.216 Y-7.566 E2.63306
G1 X1.258 Y-7.012 E2.64407
G1 X1.362 Y-6.841 E2.64804
G1 X1.223 Y-5.744 E2.66996
G1 X1.326 Y-5.593 E2.67358
G1 X1.333 Y-5.249 E2.6804
G1 X1.688 Y-5.15 E2.6877
G1 X1.307 Y-5.152 E2.69525
G1 X.965 Y-5.381 E2.70341
G1 X.151 Y-4.689 E2.72458
G1 X.009 Y-4.289 E2.73299
G1 X-.059 Y-3.545 E2.7478
G1 X-.252 Y-3.019 E2.7589
G1 X-.55 Y-2.539 E2.7701
G1 X-1.04 Y-2.055 E2.78375
G1 X-1.915 Y-1.582 E2.80346
G1 X-2.443 Y-1.456 E2.81422
G1 X-3.525 Y-1.491 E2.83568
G1 X-4.47 Y-1.873 E2.85588
G1 X-5.173 Y-2.514 E2.87474
G1 X-5.459 Y-2.968 E2.88537
G1 X-5.875 Y-4.295 E2.91293
G1 X-6.307 Y-4.581 E2.9232
G1 X-6.676 Y-4.952 E2.93357
G1 X-7.004 Y-5.486 E2.94599
G1 X-6.398 Y-5.564 E2.9581
G1 X-6.1 Y-6.5 E2.97757
G1 X-6.148 Y-6.747 E2.98256
G1 X-6.896 Y-7.644 E3.00571
G1 X-7.094 Y-7.736 E3.01004
G1 X-7.615 Y-7.736 E3.02037
G1 X-7.591 Y-8.009 E3.0258
G1 X-7.417 Y-8.257 E3.0318
G1 X-6.831 Y-8.689 E3.04623
G1 X-6.08 Y-9.41 E3.06686
G1 X-5.288 Y-9.653 E3.08328
G1 X-5.088 Y-9.839 E3.08869
G1 X-4.011 Y-9.901 E3.11007
G1 X-3.276 Y-9.712 E3.12511
G1 X-2.153 Y-10.055 E3.14838
G1 X-1.25 Y-10.024 E3.16629
G1 E1.16629 F2400
G92 E0
G1 Z.8 F4800
G1 X-6.299 Y-6.505
G1 Z.5
G1 E2 F2400
;TYPE:Support material interface
G1 F3600
G1 X-7.195 Y-7.402 E2.02513
G1 X-7.581 Y-7.402 E2.03278
G1 X-6.521 Y-6.278 E2.0634
G1 X-6.629 Y-5.937 E2.07049
G1 X-7.777 Y-7.084 E2.10265
G1 X-8.223 Y-7.082 E2.11149
G1 X-8.031 Y-6.89 E2.11687
G1 X-8.481 Y-6.89 E2.12579
G1 X-8.782 Y-7.191 E2.13423
G1 X-9.399 Y-6.909 F4800
G1 F3600
G1 X-9.932 Y-7.402 E2.14862
G1 X-10.285 Y-7.402 E2.15562
G1 X-9.928 Y-6.988 E2.16645
G1 X-10.089 Y-7.027 E2.16973
G1 X-10.05 Y-6.89 E2.17255
G1 X-10.279 Y-6.89 E2.17709
G1 X-10.473 Y-7.084 E2.18253
G1 X-10.923 Y-7.084 E2.19145
G1 X-10.728 Y-6.89 E2.1969
G1 X-11.177 Y-6.89 E2.2058
G1 X-11.372 Y-7.084 E2.21125
G1 X-11.552 Y-6.934 E2.21589
G1 X-11.813 Y-7.075 E2.22177
G1 X-11.341 Y-6.604 E2.23499
G1 X-11.332 Y-6.479 E2.23747
G1 X-11.503 Y-6.317 E2.24214
G1 X-12.034 Y-6.848 E2.25702
G1 X-12.157 Y-6.699 E2.26085
G1 X-12.165 Y-6.529 E2.26422
G1 X-11.698 Y-6.062 E2.27731
G1 X-11.877 Y-5.792 E2.28373
G1 X-12.316 Y-6.23 E2.29602
G1 X-12.396 Y-6.934 F4800
;TYPE:Support material
G1 F3600
G1 X-12.514 Y-6.672 E2.30172
G1 X-12.489 Y-6.365 E2.30782
G1 X-12.593 Y-5.77 E2.31979
G1 X-12.529 Y-5.656 E2.32238
G1 X-12.904 Y-5.862 E2.33086
G1 X-12.986 Y-6.43 E2.34223
G1 X-12.922 Y-6.654 E2.34685
G1 X-12.365 Y-6.971 E2.35955
G1 E.35955 F2400
G92 E0
G1 Z.8 F4800
G1 X-11.01 Y-8.734
G1 Z.5
G1 E2 F2400
G1 F3600
G1 X-10.889 Y-8.616 E2.00335
G1 X-11.007 Y-8.503 E2.00659
G1 X-11.116 Y-8.652 E2.01025
G1 X-11.01 Y-8.734 E2.01291
G1 X-10.979 Y-9.082 E2.01983
G1 X-10.842 Y-9.059 E2.02258
G1 X-10.678 Y-8.957 E2.02641
G1 X-10.532 Y-8.616 E2.03376
G1 X-10.678 Y-8.275 E2.04111
G1 X-11.025 Y-8.146 E2.04845
G1 X-11.358 Y-8.309 E2.0558
G1 X-11.471 Y-8.571 E2.06146
G1 X-11.36 Y-8.924 E2.06879
G1 X-11.026 Y-9.087 E2.07616
G1 X-9.86 Y-7.85 F4800
G1 F3600
G1 X-9.123 Y-7.59 E2.09165
G1 X-9.268 Y-7.476 E2.09531
G1 X-9.473 Y-7.474 E2.09937
G1 X-9.82 Y-7.736 E2.10799
G1 X-10.165 Y-7.736 E2.11483
G1 X-9.907 Y-7.86 E2.1205
G1 E.1205 F2400
G92 E0
G1 Z.8 F4800
G1 X-7.122 Y-5.642
G1 Z.5
G1 E2 F2400
G1 F3600
G1 X-7.138 Y-5.669 E2.00062
G1 E.00062 F2400
G92 E0
G1 Z.8 F4800
G1 X-9.804 Y-.273
G1 Z.5
G1 E2 F2400
G1 F3600
G1 X-9.95 Y-.263 E2.0029
G1 X-10.108 Y-.828 E2.01453
G1 X-10.064 Y-1.153 E2.02103
G1 X-9.858 Y-1.404 E2.02747
G1 X-9.546 Y-1.511 E2.03401
G1 X-9.52 Y-1.86 E2.04095
G1 X-9.053 Y-1.754 E2.05044
G1 X-8.838 Y-1.601 E2.05567
G1 X-8.569 Y-1.163 E2.06586
G1 X-8.532 Y-.896 E2.0712
G1 X-8.667 Y-.413 E2.08114
G1 X-8.843 Y-.192 E2.08674
G1 X-9.296 Y.044 E2.09686
G1 X-10.149 Y.101 E2.1138
G1 X-9.962 Y1.103 E2.134
G1 X-9.737 Y1.497 E2.14299
G1 X-9.653 Y1.821 E2.14962
G1 X-9.754 Y2.464 E2.16252
G1 X-10.175 Y2.981 E2.17573
G1 X-10.815 Y3.232 E2.18936
G1 X-11.497 Y3.151 E2.20297
G1 X-11.829 Y2.975 E2.21042
G1 X-12.285 Y2.452 E2.22417
G1 X-12.403 Y2.135 E2.23087
G1 X-12.434 Y1.811 E2.23732
G1 X-12.277 Y1.208 E2.24967
G1 X-12.101 Y.961 E2.25568
G1 X-11.628 Y.645 E2.26695
G1 X-10.871 Y.573 E2.28202
G1 X-10.603 Y.359 E2.28882
G1 X-10.315 Y-.27 E2.30253
G1 X-10.458 Y-.78 E2.31303
G1 X-10.388 Y-1.295 E2.32333
G1 X-10.059 Y-1.694 E2.33358
G1 X-9.567 Y-1.864 E2.3439
G1 X-9.273 Y-2.192 F4800
G1 F3600
G1 X-8.89 Y-2.067 E2.35188
G1 X-8.596 Y-1.859 E2.35902
G1 X-8.229 Y-1.259 E2.37296
G1 X-8.179 Y-.896 E2.38022
G1 X-8.364 Y-.231 E2.3939
G1 X-8.6 Y.066 E2.40142
G1 X-9.224 Y.39 E2.41536
G1 X-9.733 Y.424 E2.42547
G1 X-9.629 Y.981 E2.4367
G1 X-9.41 Y1.364 E2.44544
G1 X-9.303 Y1.78 E2.45395
G1 X-9.311 Y2.204 E2.46235
G1 X-9.432 Y2.609 E2.47073
G1 X-9.656 Y2.97 E2.47915
G1 X-9.965 Y3.265 E2.48762
G1 X-10.337 Y3.474 E2.49608
G1 X-10.771 Y3.582 E2.50494
G1 X-11.196 Y3.583 E2.51336
G1 X-11.621 Y3.481 E2.52202
G1 X-12.03 Y3.264 E2.5312
G1 X-12.342 Y2.988 E2.53946
G1 X-12.598 Y2.615 E2.54843
G1 X-12.747 Y2.214 E2.55691
G1 X-12.786 Y1.804 E2.56507
G1 X-12.688 Y1.282 E2.5756
G1 X-12.361 Y.723 E2.58844
G1 X-12.08 Y.483 E2.59576
G1 X-11.751 Y.314 E2.60309
G1 X-10.995 Y.224 E2.61818
G1 X-10.886 Y.137 E2.62094
G1 X-10.687 Y-.299 E2.63044
G1 X-10.808 Y-.731 E2.63933
G1 X-10.808 Y-1.091 E2.64647
G1 X-10.524 Y-1.741 E2.66053
G1 X-9.941 Y-2.146 E2.6746
G1 X-9.321 Y-2.196 E2.68693
G1 E.68693 F2400
G92 E0
G1 Z.8 F4800
G1 X-6.518 Y6.739
G1 Z.5
G1 E2 F2400
G1 F3600
G1 X-5.95 Y6.263 E2.01469
G1 X-5.508 Y6.127 E2.02386
G1 X-5.155 Y6.11 E2.03086
G1 X-5.098 Y5.765 E2.03779
G1 X-4.343 Y5.979 E2.05334
G1 X-3.992 Y6.216 E2.06173
G1 X-3.501 Y6.845 E2.07754
G1 X-3.3 Y7.694 E2.09483
G1 X-3.477 Y8.521 E2.11159
G1 X-3.978 Y9.197 E2.12827
G1 X-4.326 Y9.44 E2.13668
G1 X-5.128 Y9.677 E2.15325
G1 X-5.956 Y9.555 E2.16984
G1 X-6.659 Y9.093 E2.18651
G1 X-7.109 Y8.359 E2.20357
G1 X-7.201 Y7.496 E2.22077
G1 X-6.924 Y6.695 E2.23757
G1 X-6.645 Y6.329 E2.24669
G1 X-6.11 Y5.951 E2.25967
G1 X-5.564 Y5.779 E2.27102
G1 X-5.145 Y5.757 E2.27934
G1 X-4.638 Y5.485 F4800
G1 F3600
G1 X-4.179 Y5.668 E2.28913
G1 X-3.768 Y5.945 E2.29895
G1 X-3.441 Y6.276 E2.30817
G1 X-3.188 Y6.685 E2.3177
G1 X-3.009 Y7.184 E2.32821
G1 X-2.948 Y7.689 E2.33829
G1 X-2.991 Y8.157 E2.3476
G1 X-3.156 Y8.665 E2.35819
G1 X-3.41 Y9.098 E2.36814
G1 X-3.748 Y9.464 E2.37801
G1 X-4.156 Y9.749 E2.38787
G1 X-4.615 Y9.94 E2.39772
G1 X-5.103 Y10.028 E2.40755
G1 X-5.599 Y10.009 E2.41739
G1 X-6.081 Y9.884 E2.42726
G1 X-6.532 Y9.653 E2.4373
G1 X-6.914 Y9.336 E2.44714
G1 X-7.226 Y8.934 E2.45723
G1 X-7.442 Y8.471 E2.46736
G1 X-7.555 Y7.945 E2.47802
G1 X-7.55 Y7.454 E2.48775
G1 X-7.439 Y6.965 E2.49769
G1 X-7.225 Y6.512 E2.50762
G1 X-6.898 Y6.082 E2.51833
G1 X-6.538 Y5.794 E2.52747
G1 X-6.105 Y5.565 E2.53718
G1 X-5.621 Y5.432 E2.54713
G1 X-5.126 Y5.406 E2.55695
G1 X-4.685 Y5.478 E2.56581
G1 E.56581 F2400
G92 E0
G1 Z.8 F4800
G1 X2.184 Y.001
G1 Z.5
G1 E2 F2400
;TYPE:External perimeter
;WIDTH:0.397576
G1 F900
G1 X2.206 Y-1.077 E2.02457
;WIDTH:0.401704
G1 X2.209 Y-1.106 E2.02524
G1 X2.199 Y-.707 F4800
G1 E.02524 F2400
G92 E0
G1 Z.8 F4800
G1 X-7.208 Y-1.1
G1 Z.5
G1 E2 F2400
;WIDTH:0.400452
G1 F900
G1 X-7.18 Y-.085 E2.02332
;WIDTH:0.37219
G1 X-7.183 Y-.005 E2.02502
G1 X-7.191 Y-.405 F4800
G1 E.02502 F2400
G92 E0
G1 Z.8 F4800
G1 X-10.568 Y-4.493
G1 Z.5
G1 E2 F2400
;TYPE:Perimeter
;WIDTH:0.389344
G1 F900
G1 X-10.59 Y-4.455 E2.00098
G1 X-10.657 Y-4.493 E2.0027
G1 X-10.59 Y-4.532 E2.00443
G1 E.00443 F2400
G92 E0
G1 Z.8 F4800
G1 X-8.059 Y-4.504
G1 Z.5
G1 E2 F2400
;WIDTH:0.36899
G1 F900
G1 X-8.08 Y-4.467 E2.00089
G1 X-8.143 Y-4.504 E2.00242
G1 X-8.08 Y-4.54 E2.00394
G1 E.00394 F2400
G92 E0
G1 Z.8 F4800
G1 X-10.324 Y-4.215
G1 Z.5
G1 E2 F2400
;WIDTH:0.450902
G1 F900
G1 X-10.368 Y-4.193 E2.00128
;WIDTH:0.487657
G1 X-10.922 Y-3.733 E2.02173
G1 X-11.144 Y-3.354 E2.03421
;WIDTH:0.442627
G1 X-11.367 Y-2.975 E2.04547
;WIDTH:0.397596
G1 X-11.63 Y-2.252 E2.063
;WIDTH:0.365915
G1 X-11.909 Y-2.391 E2.06949
;WIDTH:0.386813
G1 X-11.814 Y-2.786 E2.07847
;WIDTH:0.412644
G1 X-11.698 Y-3.114 E2.08672
;WIDTH:0.438475
G1 X-11.581 Y-3.441 E2.09552
;WIDTH:0.487657
G1 X-11.316 Y-3.957 E2.112
G1 X-11.12 Y-4.427 E2.12646
;WIDTH:0.449999
G1 X-10.824 Y-4.877 E2.14049
G1 X-10.579 Y-4.881 E2.14687
;WIDTH:0.450902
G1 X-9.358 Y-4.894 E2.17875
;WIDTH:0.449999
G1 X-7.906 Y-4.881 E2.21658
G1 X-7.651 Y-4.522 E2.22805
G1 X-7.651 Y-3.526 E2.254
G1 X-7.92 Y-3.861 E2.26519
G1 X-8.231 Y-4.134 E2.27597
G1 X-8.599 Y-4.35 E2.28709
G1 X-8.976 Y-4.471 E2.29741
;WIDTH:0.440074
G1 X-9.408 Y-4.504 E2.30843
;WIDTH:0.450902
G1 X-9.922 Y-4.421 E2.32203
G1 X-10.27 Y-4.243 E2.33224
G1 X-10.104 Y-3.869 F4800
;TYPE:External perimeter
;WIDTH:0.449999
G1 F900
G1 X-10.562 Y-3.486 E2.3478
G1 X-11.002 Y-2.834 E2.36829
G1 X-11.213 Y-2.287 E2.38357
G1 X-11.399 Y-1.718 E2.39917
G1 X-12.337 Y-2.184 E2.42646
G1 X-12.191 Y-2.876 E2.44489
G1 X-11.972 Y-3.578 E2.46405
G1 X-11.455 Y-4.679 E2.49574
G1 X-11.018 Y-5.299 E2.5155
G1 X-7.691 Y-5.299 E2.60219
G1 X-7.233 Y-4.655 E2.62278
G1 X-7.233 Y-1.816 E2.69675
G1 X-7.208 Y-1.1 E2.71542
G1 X-7.324 Y-1.836 E2.73483
G1 X-7.563 Y-2.541 E2.75423
G1 X-7.878 Y-3.143 E2.77193
G1 X-8.246 Y-3.599 E2.7872
G1 X-8.497 Y-3.811 E2.79576
G1 X-8.801 Y-3.984 E2.80487
G1 X-9.093 Y-4.075 E2.81284
G1 X-9.395 Y-4.1 E2.82074
G1 X-9.709 Y-4.051 E2.82902
G1 X-10.05 Y-3.894 E2.8388
G1 X-10.365 Y-3.648 F4800
G1 E.8388 F2400
G92 E0
G1 Z.8 F4800
G1 X1.249 Y1.086
G1 Z.5
G1 E2 F2400
;TYPE:Perimeter
;WIDTH:0.568543
G1 F900
G1 X1.351 Y1.086 E2.00341
G1 X1.473 Y1.661 E2.02307
G1 X1.403 Y1.766 E2.02729
;WIDTH:0.58904
G1 X1.004 Y2.265 E2.04948
G1 X.107 Y2.265 E2.08063
G1 X.289 Y2.131 E2.08848
G1 X.869 Y1.571 E2.11648
;WIDTH:0.581339
G1 X1.212 Y1.133 E2.13553
G1 X.992 Y.609 F4800
;WIDTH:0.449999
G1 F900
G1 X1.755 Y.609 E2.15541
G1 X1.852 Y1.178 E2.17045
G1 X1.995 Y1.738 E2.18551
G1 X1.658 Y2.237 E2.2012
G1 X1.217 Y2.752 E2.21887
G1 X-1.309 Y2.752 E2.28469
;WIDTH:0.490001
G1 X-1.443 Y2.732 E2.28856
;WIDTH:0.530002
G1 X-1.576 Y2.712 E2.29274
;WIDTH:0.570003
G1 X-1.71 Y2.692 E2.29728
;WIDTH:0.610004
G1 X-1.844 Y2.672 E2.30216
G1 X-1.798 Y2.652 E2.30397
;WIDTH:0.59011
G1 X-1.611 Y2.578 E2.31097
;WIDTH:0.543407
G1 X-1.425 Y2.505 E2.31734
;WIDTH:0.496703
G1 X-1.238 Y2.431 E2.32317
;WIDTH:0.449999
G1 X-.509 Y2.093 E2.34411
G1 X-.032 Y1.765 E2.35919
G1 X.35 Y1.424 E2.37253
G1 X.711 Y1.024 E2.38657
G1 X.958 Y.659 E2.39805
G1 E.39805 F2400
G92 E0
G1 Z.8 F4800
G1 X-6.252 Y1.123
G1 Z.5
G1 E2 F2400
;WIDTH:0.565426
G1 F900
G1 X-6.075 Y1.331 E2.00908
;WIDTH:0.585846
G1 X-5.67 Y1.784 E2.03006
G1 X-5.099 Y2.266 E2.05586
G1 X-5.981 Y2.266 E2.08631
G1 X-6.126 Y2.105 E2.09379
;WIDTH:0.580692
G1 X-6.486 Y1.644 E2.1138
;WIDTH:0.565426
G1 X-6.344 Y1.085 E2.13298
G1 X-6.294 Y1.085 E2.13464
G1 X-5.992 Y.609 F4800
;WIDTH:0.449999
G1 F900
G1 X-5.715 Y1.019 E2.14753
G1 X-5.344 Y1.424 E2.16184
G1 X-4.895 Y1.82 E2.17744
G1 X-4.253 Y2.222 E2.19718
G1 X-3.652 Y2.468 E2.2141
;WIDTH:0.490056
G1 X-3.525 Y2.519 E2.21801
;WIDTH:0.530112
G1 X-3.399 Y2.57 E2.22223
;WIDTH:0.570168
G1 X-3.272 Y2.621 E2.22682
;WIDTH:0.610224
G1 X-3.145 Y2.672 E2.23175
G1 X-3.28 Y2.692 E2.23667
;WIDTH:0.570168
G1 X-3.415 Y2.712 E2.24125
;WIDTH:0.530112
G1 X-3.55 Y2.732 E2.24549
;WIDTH:0.490056
G1 X-3.685 Y2.752 E2.24939
;WIDTH:0.449999
G1 X-6.2 Y2.752 E2.31492
G1 X-6.689 Y2.198 E2.33417
G1 X-7.001 Y1.728 E2.34887
G1 X-6.84 Y1.127 E2.36508
G1 X-6.772 Y.609 E2.37869
G1 X-6.052 Y.609 E2.39745
G1 E.39745 F2400
G92 E0
G1 Z.8 F4800
G1 X-1.844 Y2.672
G1 Z.5
G1 E2 F2400
;WIDTH:0.610004
G1 F900
G1 X-1.906 Y2.676 E2.00224
;WIDTH:0.601968
G1 X-2.553 Y2.699 E2.02524
;WIDTH:0.582833
G1 X-2.849 Y2.686 E2.03541
;WIDTH:0.610224
G1 X-3.145 Y2.672 E2.04609
G1 E.04609 F2400
G92 E0
G1 Z.8 F4800
G1 X-7.03 Y.18
G1 Z.5
G1 E2 F2400
;TYPE:External perimeter
;WIDTH:0.444683
G1 F900
G1 X-7.024 Y.188 E2.00026
;WIDTH:0.449999
G1 X-5.766 Y.191 E2.03304
G1 X-5.416 Y.724 E2.04965
G1 X-5.064 Y1.115 E2.06336
G1 X-4.669 Y1.469 E2.07718
G1 X-4.09 Y1.838 E2.09507
G1 X-3.554 Y2.062 E2.11021
G1 X-2.997 Y2.193 E2.12512
G1 X-2.482 Y2.23 E2.13857
G1 X-1.916 Y2.179 E2.15338
G1 X-1.409 Y2.05 E2.16701
G1 X-.743 Y1.747 E2.18607
G1 X-.328 Y1.466 E2.19913
G1 X.04 Y1.145 E2.21185
G1 X.416 Y.724 E2.22656
G1 X.766 Y.191 E2.24317
G1 X2.024 Y.186 E2.27595
;WIDTH:0.442245
G1 X2.104 Y.094 E2.27907
;WIDTH:0.407218
G1 X2.184 Y.001 E2.28194
;WIDTH:0.411095
G1 X2.179 Y.298 E2.28896
;WIDTH:0.449999
G1 X2.174 Y.596 E2.29673
G1 X2.3 Y1.306 E2.31552
G1 X2.452 Y1.805 E2.32911
G1 X2.148 Y2.262 E2.34341
G1 X1.786 Y2.739 E2.35901
G1 X1.395 Y3.17 E2.37417
G1 X-6.389 Y3.17 E2.57699
G1 X-7.021 Y2.453 E2.60189
G1 X-7.454 Y1.802 E2.62226
G1 X-7.223 Y.93 E2.64576
G1 X-7.167 Y.318 E2.66177
;WIDTH:0.444683
G1 X-7.175 Y.156 E2.66594
;WIDTH:0.408437
G1 X-7.183 Y-.005 E2.66972
G1 X-7.103 Y.091 E2.67265
;WIDTH:0.444683
G1 X-7.068 Y.134 E2.67408
G1 X-6.671 Y.184 F4800
G1 E.67408 F2400
G92 E0
G1 Z.8 F4800
G1 X5.663 Y-4.494
G1 Z.5
G1 E2 F2400
;TYPE:Perimeter
;WIDTH:0.389178
G1 F900
G1 X5.641 Y-4.455 E2.001
G1 X5.574 Y-4.494 E2.00273
G1 X5.641 Y-4.532 E2.00444
G1 E.00444 F2400
G92 E0
G1 Z.8 F4800
G1 X3.143 Y-4.504
G1 Z.5
G1 E2 F2400
;WIDTH:0.368572
G1 F900
G1 X3.122 Y-4.468 E2.00087
G1 X3.059 Y-4.504 E2.00239
G1 X3.122 Y-4.54 E2.00391
G1 X4.908 Y-4.413 F4800
;WIDTH:0.449999
G1 F900
G1 X4.527 Y-4.498 E2.01408
;WIDTH:0.435903
G1 X4.059 Y-4.487 E2.02587
;WIDTH:0.449999
G1 X3.607 Y-4.354 E2.03815
G1 X3.25 Y-4.142 E2.04897
G1 X2.786 Y-3.712 E2.06545
G1 X2.651 Y-3.537 E2.07121
G1 X2.651 Y-4.522 E2.09687
G1 X2.906 Y-4.881 E2.10834
G1 X4.024 Y-4.888 E2.13747
;WIDTH:0.435903
G1 X4.562 Y-4.891 E2.15102
;WIDTH:0.449999
G1 X5.809 Y-4.881 E2.18351
G1 X6.13 Y-4.411 E2.19834
;WIDTH:0.478322
G1 X6.536 Y-3.515 E2.22571
;WIDTH:0.442091
G1 X6.643 Y-3.258 E2.23283
;WIDTH:0.40586
G1 X6.823 Y-2.762 E2.24513
;WIDTH:0.380589
G1 X6.901 Y-2.395 E2.25328
G1 X6.645 Y-2.268 E2.25949
G1 X6.593 Y-2.419 E2.26296
;WIDTH:0.40586
G1 X6.31 Y-3.094 E2.28002
;WIDTH:0.442091
G1 X6.172 Y-3.335 E2.28712
;WIDTH:0.478322
G1 X6.033 Y-3.576 E2.29486
G1 X5.892 Y-3.752 E2.30113
;WIDTH:0.467909
G1 X5.424 Y-4.158 E2.31797
;WIDTH:0.449999
G1 X4.967 Y-4.399 E2.33143
G1 X4.771 Y-4.03 F4800
;TYPE:External perimeter
G1 F900
G1 X4.456 Y-4.096 E2.33982
G1 X4.154 Y-4.086 E2.34769
G1 X3.845 Y-4.002 E2.35603
G1 X3.53 Y-3.832 E2.36536
G1 X3.036 Y-3.365 E2.38307
G1 X2.699 Y-2.832 E2.3995
G1 X2.419 Y-2.158 E2.41852
G1 X2.209 Y-1.106 E2.44647
G1 X2.233 Y-2.179 E2.47443
G1 X2.233 Y-4.655 E2.53894
G1 X2.691 Y-5.299 E2.55953
G1 X6.014 Y-5.299 E2.64611
G1 X6.487 Y-4.631 E2.66744
G1 X6.825 Y-3.952 E2.6872
G1 X7.198 Y-2.841 E2.71774
G1 X7.337 Y-2.184 E2.73524
G1 X6.393 Y-1.715 E2.7627
G1 X6.24 Y-2.27 E2.7777
G1 X5.981 Y-2.875 E2.79485
G1 X5.624 Y-3.412 E2.81165
G1 X5.232 Y-3.787 E2.82578
G1 X4.824 Y-4.002 E2.8378
G1 X4.432 Y-4.083 F4800
M106 S219.3
;LAYER_CHANGE
;Z:0.65
;HEIGHT:0.15
G1 E.8378 F2400
G92 E0
G1 Z.65 F4800
G1 Z.95
G1 X2.569 Y-7.775
G1 Z.65
G1 E2 F2400
;TYPE:Support material interface
;WIDTH:0.35
G1 F3600
G1 X1.995 Y-7.202 E2.01607
G1 X2.294 Y-6.152 F4800
G1 F3600
G1 X1.799 Y-5.657 E2.02994
G1 E.02994 F2400
G92 E0
G1 Z.95 F4800
G1 X3.018 Y-7.775
G1 Z.65
G1 E2 F2400
G1 F3600
G1 X1.536 Y-6.293 E2.04154
G1 X1.478 Y-5.959 E2.04826
G1 X1.6 Y-5.908 E2.05088
G1 X3.324 Y-7.632 E2.0992
G1 X3.774 Y-7.632 E2.10812
G1 X2.689 Y-6.548 E2.13852
G1 X2.95 Y-6.359 E2.14491
G1 X4.223 Y-7.632 E2.18059
G1 X4.673 Y-7.632 E2.18951
G1 X3.383 Y-6.342 E2.22567
G1 X3.832 Y-6.342 E2.23457
G1 X4.956 Y-7.466 E2.26607
G1 X5.96 Y-8.02 F4800
G1 F3600
G1 X4.183 Y-6.243 E2.31588
G1 X4.032 Y-8.363 F4800
;TYPE:Support material
G1 F3600
G1 X4.338 Y-8.227 E2.32252
G1 X4.585 Y-7.966 E2.32964
G1 X2.514 Y-7.966 E2.37069
G1 X2.791 Y-8.228 E2.37825
G1 X2.972 Y-8.295 E2.38208
G1 X3.988 Y-8.382 E2.40229
G1 E.40229 F2400
G92 E0
G1 Z.95 F4800
G1 X6.186 Y-8.129
G1 Z.65
G1 E2 F2400
G1 F3600
G1 X6.435 Y-8.064 E2.0051
G1 X7.012 Y-7.719 E2.01842
G1 X7.148 Y-7.506 E2.02343
G1 X6.138 Y-8.134 E2.047
G1 X6.237 Y-7.848 F4800
;TYPE:Support material interface
G1 F3600
G1 X5.049 Y-6.66 E2.0803
G1 X5.498 Y-6.66 E2.0892
G1 X6.41 Y-7.572 E2.11476
G1 X6.687 Y-7.399 E2.12123
G1 X5.948 Y-6.66 E2.14194
G1 X6.311 Y-6.574 E2.14933
G1 X6.964 Y-7.227 E2.16763
G1 X7.13 Y-7.046 E2.1725
G1 X7.069 Y-6.891 E2.1758
G1 X6.626 Y-6.439 E2.18834
G1 X6.825 Y-6.189 E2.19467
G1 X7.258 Y-6.363 E2.20392
G1 X7.25 Y-6.165 E2.20785
G1 X6.752 Y-5.666 E2.22182
G1 X7.65 Y-6.254 F4800
;TYPE:Support material
G1 F3600
G1 X7.802 Y-6.059 E2.22672
G1 X7.783 Y-5.664 E2.23456
G1 X7.653 Y-5.511 E2.23854
G1 X7.36 Y-5.419 E2.24463
G1 X7.479 Y-5.589 E2.24874
G1 X7.607 Y-5.63 E2.2514
G1 X7.61 Y-6.279 E2.26426
G1 E.26426 F2400
G92 E0
G1 Z.95 F4800
G1 X3.371 Y-1.035
G1 Z.65
G1 E2 F2400
G1 F3600
G1 X3.303 Y-1.542 E2.01014
G1 X3.48 Y-1.964 E2.01921
G1 X3.683 Y-2.165 E2.02487
G1 X4.206 Y-2.338 E2.03579
G1 X4.244 Y-2.686 E2.04273
G1 X4.566 Y-2.651 E2.04915
G1 X4.915 Y-2.516 E2.05657
G1 X5.446 Y-2.012 E2.07108
G1 X5.641 Y-1.324 E2.08525
G1 X5.451 Y-.647 E2.09919
G1 X5.223 Y-.367 E2.10635
G1 X4.926 Y-.163 E2.11349
G1 X4.582 Y-.048 E2.12068
G1 X4.213 Y-.03 E2.128
G1 X3.836 Y-.12 E2.13568
G1 X3.246 Y-.553 E2.15018
G1 X2.952 Y-1.231 E2.16483
G1 X2.953 Y-1.593 E2.172
G1 X3.05 Y-1.921 E2.17878
G1 X3.496 Y-2.463 E2.19269
G1 X3.838 Y-2.633 E2.20026
G1 X4.197 Y-2.691 E2.20747
G1 E.20747 F2400
G92 E0
G1 Z.95 F4800
G1 X4.936 Y1.51
G1 Z.65
G1 E2 F2400
G1 F3600
G1 X5.131 Y1.151 E2.0081
G1 X5.322 Y.975 E2.01325
G1 X5.553 Y.858 E2.01838
G1 X6.19 Y.807 E2.03105
G1 X6.257 Y.464 E2.03798
G1 X6.941 Y.755 E2.05271
G1 X7.209 Y1.041 E2.06048
G1 X7.392 Y1.399 E2.06845
G1 X7.461 Y1.749 E2.07552
G1 X7.431 Y2.209 E2.08466
G1 X7.287 Y2.591 E2.09275
G1 X7.045 Y2.921 E2.10086
G1 X6.721 Y3.178 E2.10906
G1 X6.334 Y3.343 E2.1174
G1 X5.924 Y3.395 E2.12559
G1 X5.499 Y3.33 E2.13411
G1 X5.11 Y3.148 E2.14262
G1 X4.805 Y2.875 E2.15073
G1 X4.597 Y2.537 E2.1586
G1 X4.485 Y1.857 E2.17226
G1 X4.666 Y1.242 E2.18497
G1 X4.858 Y.927 E2.19228
G1 X5.44 Y.524 E2.20631
G1 X6.21 Y.455 E2.22163
G1 E.22163 F2400
G92 E0
G1 Z.95 F4800
G1 X-1.028 Y6.775
G1 Z.65
G1 E2 F2400
G1 F3600
G1 X-.599 Y6.338 E2.01214
G1 X-.299 Y6.177 E2.01889
G1 X.293 Y6.055 E2.03087
G1 X.339 Y5.708 E2.03781
G1 X1.11 Y5.883 E2.05348
G1 X1.756 Y6.359 E2.06938
G1 X2.137 Y6.996 E2.08409
G1 X2.247 Y7.635 E2.09694
G1 X2.076 Y8.473 E2.11389
G1 X1.575 Y9.149 E2.13057
G1 X.836 Y9.545 E2.14719
G1 X-.012 Y9.586 E2.16402
G1 X-.805 Y9.255 E2.18105
G1 X-1.353 Y8.683 E2.19675
G1 X-1.506 Y8.366 E2.20373
G1 X-1.649 Y7.665 E2.21791
G1 X-1.631 Y7.419 E2.2228
G1 X-1.358 Y6.629 E2.23937
G1 X-.797 Y6.047 E2.25539
G1 X-.432 Y5.851 E2.2636
G1 X.292 Y5.702 E2.27825
G1 X.9 Y5.429 F4800
G1 F3600
G1 X1.674 Y5.817 E2.29541
G1 X2.28 Y6.477 E2.31317
G1 X2.577 Y7.321 E2.3309
G1 X2.55 Y8.145 E2.34724
G1 X2.396 Y8.62 E2.35714
G1 X2.103 Y9.097 E2.36823
G1 X1.804 Y9.416 E2.3769
G1 X1.394 Y9.698 E2.38676
G1 X.93 Y9.884 E2.39667
G1 X.433 Y9.964 E2.40665
G1 X-.073 Y9.932 E2.4167
G1 X-.566 Y9.788 E2.42688
G1 X-1.007 Y9.543 E2.43688
G1 X-1.651 Y8.87 E2.45534
G1 X-1.946 Y8.092 E2.47183
G1 X-1.978 Y7.367 E2.48621
G1 X-1.866 Y6.88 E2.49611
G1 X-1.657 Y6.443 E2.50571
G1 X-.995 Y5.756 E2.52462
G1 X-.565 Y5.525 E2.53429
G1 X-.089 Y5.388 E2.54411
G1 X.297 Y5.349 E2.5518
G1 X.852 Y5.422 E2.56289
G1 E.56289 F2400
G92 E0
G1 Z.95 F4800
G1 X-3.686 Y4.216
G1 Z.65
G1 E2 F2400
G1 F3600
G1 X-3.401 Y4.216 E2.00565
G1 X-3.305 Y4.324 E2.00851
G1 X-3.305 Y4.608 E2.01414
G1 X-3.402 Y4.717 E2.01703
G1 X-3.538 Y4.769 E2.01992
G1 X-3.803 Y4.668 E2.02554
G1 X-3.871 Y4.393 E2.03115
G1 X-3.733 Y4.216 E2.0356
G1 E.0356 F2400
G92 E0
G1 Z.95 F4800
G1 X-6.521 Y6.747
G1 Z.65
G1 E2 F2400
G1 F3600
G1 X-5.961 Y6.269 E2.01459
G1 X-5.155 Y6.112 E2.03086
G1 X-5.099 Y5.767 E2.03779
G1 X-4.341 Y5.983 E2.05341
G1 X-3.707 Y6.52 E2.06988
G1 X-3.37 Y7.203 E2.08497
G1 X-3.34 Y8.057 E2.10191
G1 X-3.62 Y8.766 E2.11702
G1 X-4.148 Y9.304 E2.13196
G1 X-4.737 Y9.583 E2.14488
G1 X-5.132 Y9.649 E2.15282
G1 X-5.966 Y9.518 E2.16955
G1 X-6.667 Y9.044 E2.18632
G1 X-7.097 Y8.321 E2.20299
G1 X-7.188 Y7.892 E2.21168
G1 X-7.161 Y7.298 E2.22346
G1 X-6.876 Y6.628 E2.23789
G1 X-6.658 Y6.363 E2.24469
G1 X-6.12 Y5.956 E2.25806
G1 X-5.51 Y5.772 E2.27069
G1 X-5.146 Y5.759 E2.27791
G1 X-4.687 Y5.479 F4800
G1 F3600
G1 X-4.179 Y5.67 E2.28867
G1 X-3.773 Y5.943 E2.29837
G1 X-3.347 Y6.43 E2.31119
G1 X-3.027 Y7.119 E2.32625
G1 X-2.993 Y8.118 E2.34606
G1 X-3.325 Y8.957 E2.36394
G1 X-3.943 Y9.589 E2.38146
G1 X-4.803 Y9.96 E2.40002
G1 X-5.62 Y9.976 E2.41622
G1 X-6.095 Y9.846 E2.42598
G1 X-6.544 Y9.61 E2.43603
G1 X-6.924 Y9.285 E2.44594
G1 X-7.224 Y8.886 E2.45583
G1 X-7.431 Y8.431 E2.46574
G1 X-7.536 Y7.938 E2.47573
G1 X-7.505 Y7.226 E2.48985
G1 X-7.167 Y6.43 E2.50699
G1 X-6.521 Y5.791 E2.525
G1 X-6.097 Y5.568 E2.53449
G1 X-5.563 Y5.424 E2.54545
G1 X-4.734 Y5.472 E2.56191
G1 E.56191 F2400
G92 E0
G1 Z.95 F4800
G1 X-11.945 Y2.095
G1 Z.65
G1 E2 F2400
G1 F3600
G1 X-11.964 Y1.705 E2.00774
G1 X-11.812 Y1.367 E2.01509
G1 X-11.484 Y1.131 E2.0231
G1 X-11.096 Y1.079 E2.03086
G1 X-11.036 Y.734 E2.0378
G1 X-10.822 Y.77 E2.0421
G1 X-10.289 Y1.035 E2.0539
G1 X-9.891 Y1.532 E2.06652
G1 X-9.795 Y2.133 E2.07858
G1 X-10.035 Y2.7 E2.09078
G1 X-10.551 Y3.076 E2.10343
G1 X-11.197 Y3.149 E2.11631
G1 X-11.819 Y2.891 E2.12966
G1 X-12.148 Y2.523 E2.13944
G1 X-12.33 Y1.926 E2.15181
G1 X-12.31 Y1.637 E2.15755
G1 X-12.16 Y1.26 E2.16559
G1 X-11.889 Y.955 E2.17368
G1 X-11.614 Y.803 E2.17991
G1 X-11.083 Y.726 E2.19054
G1 X-10.731 Y.431 F4800
G1 F3600
G1 X-10.07 Y.759 E2.20516
G1 X-9.784 Y1.038 E2.21308
G1 X-9.493 Y1.613 E2.22585
G1 X-9.444 Y2.174 E2.23701
G1 X-9.549 Y2.568 E2.24509
G1 X-9.758 Y2.92 E2.2532
G1 X-10.055 Y3.204 E2.26134
G1 X-10.555 Y3.44 E2.2723
G1 X-11.246 Y3.498 E2.28604
G1 X-11.862 Y3.279 E2.299
G1 X-12.342 Y2.861 E2.31161
G1 X-12.613 Y2.336 E2.32332
G1 X-12.656 Y1.569 E2.33855
G1 X-12.457 Y1.075 E2.34911
G1 X-12.098 Y.672 E2.35981
G1 X-11.392 Y.386 E2.37491
G1 X-10.778 Y.423 E2.3871
G1 X-10.408 Y-.554 F4800
G1 F3600
G1 X-10.475 Y-1.057 E2.39716
G1 X-10.269 Y-1.529 E2.40737
G1 X-10.076 Y-1.708 E2.41259
G1 X-9.584 Y-1.877 E2.4229
G1 X-9.557 Y-2.226 E2.42984
G1 X-9.245 Y-2.201 E2.43604
G1 X-8.609 Y-1.867 E2.45028
G1 X-8.381 Y-1.586 E2.45745
G1 X-8.19 Y-.902 E2.47153
G1 X-8.382 Y-.219 E2.48559
G1 X-8.902 Y.264 E2.49966
G1 X-9.601 Y.405 E2.51379
G1 X-10.166 Y.219 E2.52558
G1 X-10.54 Y-.087 E2.53516
G1 X-10.825 Y-.745 E2.54937
G1 X-10.728 Y-1.45 E2.56347
G1 X-10.278 Y-1.998 E2.57752
G1 X-9.605 Y-2.23 E2.59163
G1 E.59163 F2400
G92 E0
G1 Z.95 F4800
G1 X-12.217 Y-5.574
G1 Z.65
G1 E2 F2400
;TYPE:Support material interface
G1 F3600
G1 X-11.297 Y-6.495 E2.0258
G1 X-11.233 Y-7.457 F4800
G1 F3600
G1 X-12.277 Y-6.413 E2.05506
G1 X-12.268 Y-5.973 E2.06378
G1 X-10.783 Y-7.457 E2.10539
G1 X-10.016 Y-7.775 F4800
G1 F3600
G1 X-10.902 Y-6.89 E2.13021
G1 X-10.452 Y-6.89 E2.13913
G1 X-9.71 Y-7.632 E2.15993
G1 X-9.569 Y-7.632 E2.16272
G1 X-9.476 Y-7.416 E2.16738
G1 X-10.146 Y-6.747 E2.18615
G1 X-8.536 Y-7.457 F4800
G1 F3600
G1 X-8.874 Y-7.12 E2.19561
G1 X-8.653 Y-7.12 E2.19999
G1 X-8.716 Y-6.89 E2.20472
G1 X-8.23 Y-7.314 E2.2175
G1 X-7.78 Y-7.314 E2.22642
G1 X-8.205 Y-6.89 E2.23832
G1 X-7.755 Y-6.89 E2.24724
G1 X-7.076 Y-7.569 E2.26627
G1 X-6.871 Y-7.325 E2.27259
G1 X-7.405 Y-6.791 E2.28756
G1 X-7.38 Y-6.482 E2.2937
G1 X-7.302 Y-6.444 E2.29542
G1 X-6.666 Y-7.08 E2.31325
G1 X-6.471 Y-6.826 E2.3196
G1 X-7.104 Y-6.193 E2.33734
G1 X-6.912 Y-5.936 E2.3437
G1 X-6.174 Y-6.674 E2.36439
G1 X-7.319 Y-7.775 F4800
G1 F3600
G1 X-7.636 Y-7.459 E2.37326
G1 E.37326 F2400
G92 E0
G1 Z.95 F4800
G1 X-11.001 Y-8.625
G1 Z.65
G1 E2 F2400
;TYPE:Support material
G1 F3600
G1 X-10.928 Y-8.979 E2.00716
G1 X-10.669 Y-8.776 E2.01368
G1 X-10.668 Y-8.457 E2.02
G1 X-10.928 Y-8.253 E2.02655
G1 X-11.158 Y-8.279 E2.03114
G1 X-11.293 Y-8.386 E2.03455
G1 X-11.364 Y-8.698 E2.04089
G1 X-11.164 Y-8.947 E2.04722
G1 X-10.994 Y-8.985 E2.05067
G1 E.05067 F2400
G92 E0
G1 Z.95 F4800
G1 X-12.614 Y-6.546
G1 Z.65
G1 E2 F2400
G1 F3600
G1 X-12.596 Y-5.712 E2.01653
G1 X-12.788 Y-6.09 E2.02493
G1 X-12.757 Y-6.348 E2.03008
G1 X-12.615 Y-6.594 E2.03571
G1 E.03571 F2400
G92 E0
G1 Z.95 F4800
G1 X-3.152 Y-9.021
G1 Z.65
G1 E2 F2400
G1 F3600
G1 X-2.783 Y-9.02 E2.00731
G1 X-2.063 Y-9.248 E2.02228
G1 X-1.616 Y-9.259 E2.03114
G1 X-1.569 Y-9.606 E2.03808
G1 X-.689 Y-9.37 E2.05614
G1 X.083 Y-8.798 E2.07518
G1 X.374 Y-8.41 E2.08479
G1 X.587 Y-7.972 E2.09444
G1 X.712 Y-7.499 E2.10414
G1 X.756 Y-6.801 E2.118
G1 X.862 Y-6.684 E2.12113
G1 X.747 Y-5.746 E2.13986
G1 X.155 Y-5.452 E2.15296
G1 X-.235 Y-5.054 E2.164
G1 X-.477 Y-4.516 E2.17569
G1 X-.542 Y-3.65 E2.1929
G1 X-.977 Y-2.825 E2.21138
G1 X-1.706 Y-2.235 E2.22997
G1 X-2.594 Y-1.963 E2.24838
G1 X-3.476 Y-2.019 E2.2659
G1 X-4.232 Y-2.343 E2.2822
G1 X-4.596 Y-2.632 E2.29141
G1 X-5.101 Y-3.374 E2.3092
G1 X-5.265 Y-4.056 E2.3231
G1 X-5.581 Y-4.542 E2.33459
G1 X-6.339 Y-5.126 E2.35355
G1 X-5.883 Y-5.498 E2.36521
G1 X-5.852 Y-5.692 E2.3691
G1 X-5.517 Y-6.059 E2.37895
G1 X-5.49 Y-6.671 E2.39109
G1 X-6.721 Y-8.209 E2.43013
G1 X-6.385 Y-8.68 E2.4416
G1 X-6.063 Y-8.969 E2.45018
G1 X-5.753 Y-9.094 E2.4568
G1 X-5.231 Y-9.518 E2.47013
G1 X-4.116 Y-9.544 E2.49223
G1 X-3.382 Y-9.371 E2.50718
G1 X-2.856 Y-9.37 E2.51761
G1 X-2.108 Y-9.597 E2.5331
G1 X-1.616 Y-9.612 E2.54286
G1 X-1.466 Y-9.945 F4800
G1 F3600
G1 X-.537 Y-9.687 E2.56197
G1 X-.066 Y-9.404 E2.57286
G1 X.343 Y-9.035 E2.58378
G1 X.674 Y-8.593 E2.59472
G1 X.917 Y-8.094 E2.60572
G1 X1.059 Y-7.555 E2.61677
G1 X1.098 Y-6.945 E2.62888
G1 X1.214 Y-6.816 E2.63232
G1 X1.102 Y-5.746 E2.65364
G1 X1.502 Y-5.521 E2.66274
G1 X1.842 Y-5.454 E2.66961
G1 X1.673 Y-5.179 E2.67601
G1 X1.572 Y-5.155 E2.67807
G1 X1.377 Y-5.165 E2.68194
G1 X1.012 Y-5.371 E2.69025
G1 X.757 Y-5.36 E2.69531
G1 X.377 Y-5.171 E2.70372
G1 X.053 Y-4.84 E2.7129
G1 X-.124 Y-4.447 E2.72144
G1 X-.204 Y-3.553 E2.73923
G1 X-.409 Y-3.043 E2.75012
G1 X-.706 Y-2.601 E2.76067
G1 X-1.087 Y-2.224 E2.77129
G1 X-1.542 Y-1.924 E2.78209
G1 X-2.187 Y-1.684 E2.79573
G1 X-3.07 Y-1.603 E2.8133
G1 X-3.559 Y-1.678 E2.82311
G1 X-4.425 Y-2.05 E2.84179
G1 X-4.842 Y-2.38 E2.85233
G1 X-5.187 Y-2.794 E2.86301
G1 X-5.425 Y-3.238 E2.87299
G1 X-5.6 Y-3.93 E2.88714
G1 X-5.833 Y-4.287 E2.89559
G1 X-6.608 Y-4.899 E2.91516
G1 X-6.608 Y-5.071 E2.91857
G1 X-6.87 Y-5.499 E2.92852
G1 X-6.349 Y-5.57 E2.93894
G1 X-6.208 Y-5.685 E2.94255
G1 X-6.15 Y-5.885 E2.94668
G1 X-5.861 Y-6.201 E2.95517
G1 X-5.845 Y-6.559 E2.96227
G1 X-6.896 Y-7.874 E2.99563
G1 X-7.094 Y-7.966 E2.99996
G1 X-7.525 Y-7.966 E3.0085
G1 X-7.287 Y-8.342 E3.01732
G1 X-6.95 Y-8.49 E3.02461
G1 X-6.648 Y-8.914 E3.03493
G1 X-6.288 Y-9.238 E3.04453
G1 X-5.921 Y-9.408 E3.05255
G1 X-5.327 Y-9.892 E3.06774
G1 X-4.092 Y-9.893 E3.09222
G1 X-3.337 Y-9.721 E3.10757
G1 X-2.929 Y-9.721 E3.11566
G1 X-2.152 Y-9.946 E3.13169
G1 X-1.513 Y-9.952 E3.14436
G1 E1.14436 F2400
G92 E0
G1 Z.95 F4800
G1 X2.185 Y-.229
G1 Z.65
G1 E2 F2400
;TYPE:External perimeter
;WIDTH:0.395622
G1 F900
G1 X2.206 Y-1.291 E2.02407
;WIDTH:0.398472
G1 X2.207 Y-1.314 E2.0246
G1 X2.199 Y-.914 F4800
G1 E.0246 F2400
G92 E0
G1 Z.95 F4800
G1 X-7.219 Y-1.477
G1 Z.65
G1 E2 F2400
;WIDTH:0.422304
G1 F900
G1 X-7.217 Y-1.448 E2.00071
;WIDTH:0.418132
G1 X-7.18 Y-.309 E2.02814
;WIDTH:0.37219
G1 X-7.182 Y-.231 E2.02979
G1 X-7.193 Y-.631 F4800
G1 E.02979 F2400
G92 E0
G1 Z.95 F4800
G1 X-10.562 Y-4.727
G1 Z.65
G1 E2 F2400
;TYPE:Perimeter
;WIDTH:0.381138
G1 F900
G1 X-10.584 Y-4.69 E2.00094
G1 X-10.649 Y-4.727 E2.00257
G1 X-10.584 Y-4.765 E2.00421
G1 E.00421 F2400
G92 E0
G1 Z.95 F4800
G1 X-8.035 Y-4.724
G1 Z.65
G1 E2 F2400
;WIDTH:0.38849
G1 F900
G1 X-8.057 Y-4.685 E2.00099
G1 X-8.124 Y-4.724 E2.00271
G1 X-8.057 Y-4.762 E2.00442
G1 E.00442 F2400
G92 E0
G1 Z.95 F4800
G1 X-10.367 Y-4.409
G1 Z.65
G1 E2 F2400
;WIDTH:0.473357
G1 F900
G1 X-10.516 Y-4.322 E2.00475
;WIDTH:0.449999
G1 X-10.912 Y-3.946 E2.01898
G1 X-11.228 Y-3.476 E2.03374
;WIDTH:0.440307
G1 X-11.357 Y-3.188 E2.04177
;WIDTH:0.411376
G1 X-11.487 Y-2.9 E2.04924
;WIDTH:0.382445
G1 X-11.702 Y-2.18 E2.06565
;WIDTH:0.347626
G1 X-11.987 Y-2.321 E2.0719
;WIDTH:0.349079
G1 X-11.955 Y-2.499 E2.07547
;WIDTH:0.382445
G1 X-11.816 Y-3.02 E2.08725
;WIDTH:0.411376
G1 X-11.699 Y-3.345 E2.09542
;WIDTH:0.440307
G1 X-11.581 Y-3.67 E2.10422
;WIDTH:0.449999
G1 X-11.241 Y-4.422 E2.12572
G1 X-10.819 Y-5.108 E2.14671
;WIDTH:0.473357
G1 X-10.207 Y-5.099 E2.16355
;WIDTH:0.509406
G1 X-10.038 Y-4.978 E2.16974
G1 X-9.866 Y-4.963 E2.17488
;WIDTH:0.493814
G1 X-8.699 Y-4.963 E2.20848
G1 X-8.496 Y-5.106 E2.21563
;WIDTH:0.459546
G1 X-7.888 Y-5.111 E2.23183
;WIDTH:0.449999
G1 X-7.651 Y-4.77 E2.24265
G1 X-7.651 Y-3.768 E2.26876
G1 X-7.768 Y-3.922 E2.2738
G1 X-8.163 Y-4.303 E2.2881
;WIDTH:0.459546
G1 X-8.441 Y-4.464 E2.29666
;WIDTH:0.493814
G1 X-8.834 Y-4.501 E2.30802
G1 X-10.133 Y-4.501 E2.34542
G1 X-10.261 Y-4.471 E2.3492
;WIDTH:0.473357
G1 X-10.315 Y-4.439 E2.35093
G1 X-10.208 Y-4.031 F4800
;TYPE:External perimeter
;WIDTH:0.449999
G1 F900
G1 X-10.567 Y-3.71 E2.36348
G1 X-10.998 Y-3.073 E2.38352
G1 X-11.275 Y-2.406 E2.40234
G1 X-11.447 Y-1.644 E2.42269
G1 X-12.394 Y-2.114 E2.45024
G1 X-12.317 Y-2.567 E2.46221
G1 X-12.188 Y-3.115 E2.47688
G1 X-11.973 Y-3.804 E2.49569
G1 X-11.663 Y-4.534 E2.51635
G1 X-11.393 Y-4.975 E2.52982
G1 X-11.018 Y-5.529 E2.54725
G1 X-10.027 Y-5.529 E2.57307
G1 X-9.97 Y-5.43 E2.57605
G1 X-9.866 Y-5.403 E2.57885
G1 X-8.785 Y-5.403 E2.60702
G1 X-8.673 Y-5.529 E2.61141
G1 X-7.685 Y-5.529 E2.63715
G1 X-7.233 Y-4.891 E2.65752
G1 X-7.219 Y-1.477 E2.74647
G1 X-7.378 Y-2.256 E2.76719
G1 X-7.637 Y-2.94 E2.78625
G1 X-8.058 Y-3.622 E2.80713
G1 X-8.453 Y-4.003 E2.82143
G1 X-8.598 Y-4.062 E2.82551
G1 X-9.866 Y-4.062 E2.85855
G1 X-10.149 Y-4.038 E2.86595
G1 X-10.466 Y-3.795 F4800
G1 E.86595 F2400
G92 E0
G1 Z.95 F4800
G1 X1.344 Y1.054
G1 Z.65
G1 E2 F2400
;TYPE:Perimeter
;WIDTH:0.568237
G1 F900
G1 X1.379 Y1.009 E2.00191
G1 X1.546 Y1.652 E2.02412
;WIDTH:0.569732
G1 X1.285 Y2.007 E2.03889
;WIDTH:0.60779
G1 X.838 Y2.522 E2.06337
G1 X-.113 Y2.522 E2.09751
G1 X.031 Y2.433 E2.10359
G1 X.547 Y2.002 E2.12772
;WIDTH:0.606996
G1 X1.041 Y1.447 E2.15435
;WIDTH:0.568237
G1 X1.307 Y1.102 E2.16891
G1 E.16891 F2400
G92 E0
G1 Z.95 F4800
G1 X-6.355 Y1.037
G1 Z.65
G1 E2 F2400
;WIDTH:0.563891
G1 F900
G1 X-6.254 Y1.174 E2.00564
;WIDTH:0.577279
G1 X-5.864 Y1.679 E2.02733
;WIDTH:0.606222
G1 X-5.565 Y1.986 E2.04267
;WIDTH:0.607782
G1 X-5.182 Y2.322 E2.06096
G1 X-4.878 Y2.522 E2.07402
G1 X-5.838 Y2.522 E2.10848
G1 X-6.125 Y2.217 E2.12351
;WIDTH:0.588044
G1 X-6.546 Y1.643 E2.14819
;WIDTH:0.563891
G1 X-6.384 Y1.02 E2.16953
G1 X-6.76 Y.411 F4800
;WIDTH:0.449999
G1 F900
G1 X-6.755 Y.379 E2.17037
G1 X-6.188 Y.379 E2.18514
G1 X-5.963 Y.777 E2.19705
G1 X-5.486 Y1.381 E2.2171
G1 X-4.756 Y2.019 E2.24236
G1 X-4.036 Y2.423 E2.26387
G1 X-3.42 Y2.631 E2.28081
G1 X-3.139 Y2.664 E2.28818
;WIDTH:0.418232
G1 X-2.857 Y2.696 E2.29501
;WIDTH:0.386465
G1 X-2.292 Y2.704 E2.30749
;WIDTH:0.426757
G1 X-1.65 Y2.637 E2.32337
;WIDTH:0.449999
G1 X-1.109 Y2.482 E2.33803
G1 X-.655 Y2.272 E2.35106
G1 X-.145 Y1.948 E2.3668
G1 X.486 Y1.381 E2.3889
G1 X.881 Y.88 E2.40552
G1 X1.188 Y.379 E2.42083
G1 X1.755 Y.379 E2.4356
G1 X1.906 Y1.218 E2.45781
G1 X2.071 Y1.723 E2.47165
G1 X1.937 Y1.945 E2.47841
G1 X1.508 Y2.5 E2.49669
G1 X1.043 Y3.019 E2.51485
G1 X-1.113 Y3.019 E2.57103
G1 X-1.723 Y3.035 E2.58693
;WIDTH:0.416772
G1 X-2.27 Y3.053 E2.60006
;WIDTH:0.386465
G1 X-2.863 Y3.051 E2.61316
;WIDTH:0.418232
G1 X-3.159 Y3.035 E2.6203
;WIDTH:0.449999
G1 X-3.456 Y3.019 E2.62805
G1 X-6.044 Y3.019 E2.69548
G1 X-6.333 Y2.729 E2.70615
G1 X-6.669 Y2.323 E2.71988
G1 X-7.068 Y1.712 E2.73889
G1 X-6.862 Y1.003 E2.75813
G1 X-6.771 Y.47 E2.77222
G1 X-7.03 Y-.051 F4800
;TYPE:External perimeter
;WIDTH:0.441829
G1 F900
G1 X-7.024 Y-.044 E2.77246
;WIDTH:0.449999
G1 X-5.94 Y-.039 E2.8007
G1 X-5.634 Y.518 E2.81726
G1 X-5.158 Y1.123 E2.83732
G1 X-4.547 Y1.657 E2.85846
G1 X-3.897 Y2.028 E2.87796
G1 X-3.344 Y2.22 E2.89321
G1 X-2.845 Y2.311 E2.90643
G1 X-2.34 Y2.324 E2.91959
G1 X-1.789 Y2.253 E2.93407
G1 X-1.306 Y2.111 E2.94719
G1 X-.874 Y1.917 E2.95953
G1 X-.421 Y1.634 E2.97345
G1 X.132 Y1.151 E2.99258
G1 X.654 Y.488 E3.01457
G1 X.94 Y-.039 E3.03019
G1 X2.024 Y-.043 E3.05843
;WIDTH:0.44228
G1 X2.104 Y-.136 E3.06157
;WIDTH:0.407235
G1 X2.185 Y-.229 E3.06445
;WIDTH:0.411095
G1 X2.179 Y.066 E3.07142
;WIDTH:0.449999
G1 X2.173 Y.36 E3.07908
G1 X2.304 Y1.088 E3.09835
G1 X2.528 Y1.776 E3.1172
G1 X2.282 Y2.182 E3.12957
G1 X1.64 Y3.013 E3.15693
G1 X1.216 Y3.437 E3.17255
G1 X-6.216 Y3.437 E3.3662
G1 X-6.643 Y3.011 E3.38192
G1 X-7.006 Y2.571 E3.39678
G1 X-7.527 Y1.772 E3.42163
G1 X-7.274 Y.93 E3.44454
G1 X-7.17 Y.339 E3.46018
G1 X-7.176 Y.054 E3.46761
;WIDTH:0.411095
G1 X-7.182 Y-.231 E3.47435
;WIDTH:0.40701
G1 X-7.103 Y-.137 E3.47722
;WIDTH:0.441829
G1 X-7.068 Y-.097 E3.47858
G1 X-6.671 Y-.047 F4800
G1 E1.47858 F2400
G92 E0
G1 Z.95 F4800
G1 X5.656 Y-4.726
G1 Z.65
G1 E2 F2400
;TYPE:Perimeter
;WIDTH:0.38472
G1 F900
G1 X5.634 Y-4.688 E2.00097
G1 X5.568 Y-4.726 E2.00264
G1 X5.634 Y-4.764 E2.00431
G1 E.00431 F2400
G92 E0
G1 Z.95 F4800
G1 X3.146 Y-4.73
G1 Z.65
G1 E2 F2400
;WIDTH:0.376188
G1 F900
G1 X3.124 Y-4.693 E2.00092
G1 X3.06 Y-4.73 E2.00251
G1 X3.124 Y-4.767 E2.0041
G1 E.0041 F2400
G92 E0
G1 Z.95 F4800
G1 X5.187 Y-4.471
G1 Z.65
G1 E2 F2400
;WIDTH:0.493814
G1 F900
G1 X4.866 Y-4.501 E2.00928
G1 X3.565 Y-4.501 E2.04673
G1 X3.438 Y-4.471 E2.05049
;WIDTH:0.473648
G1 X3.163 Y-4.303 E2.05936
;WIDTH:0.449999
G1 X2.651 Y-3.774 E2.07854
G1 X2.651 Y-4.752 E2.10402
G1 X2.906 Y-5.111 E2.11549
;WIDTH:0.473648
G1 X3.493 Y-5.099 E2.13165
;WIDTH:0.509633
G1 X3.661 Y-4.978 E2.13781
G1 X3.834 Y-4.963 E2.14298
;WIDTH:0.493814
G1 X5.001 Y-4.963 E2.17658
G1 X5.204 Y-5.106 E2.18373
;WIDTH:0.459494
G1 X5.804 Y-5.111 E2.19972
;WIDTH:0.449999
G1 X6.008 Y-4.839 E2.20858
G1 X6.428 Y-4.038 E2.23215
G1 X6.668 Y-3.391 E2.25013
;WIDTH:0.40996
G1 X6.829 Y-2.971 E2.26073
;WIDTH:0.369921
G1 X6.988 Y-2.322 E2.2748
;WIDTH:0.347667
G1 X6.72 Y-2.189 E2.28069
G1 X6.663 Y-2.361 E2.28425
;WIDTH:0.375951
G1 X6.469 Y-2.964 E2.29783
;WIDTH:0.412975
G1 X6.259 Y-3.368 E2.30864
;WIDTH:0.449999
G1 X6.049 Y-3.773 E2.32053
G1 X5.522 Y-4.324 E2.3404
;WIDTH:0.459494
G1 X5.259 Y-4.464 E2.34834
;WIDTH:0.493814
G1 X5.247 Y-4.465 E2.34869
G1 X5.101 Y-4.062 F4800
;TYPE:External perimeter
;WIDTH:0.449999
G1 F900
G1 X3.598 Y-4.062 E2.38785
G1 X3.453 Y-4.003 E2.39193
G1 X3.058 Y-3.622 E2.40623
G1 X2.839 Y-3.312 E2.41612
G1 X2.566 Y-2.78 E2.4317
G1 X2.319 Y-2.044 E2.45193
G1 X2.263 Y-1.679 E2.46155
;WIDTH:0.424236
G1 X2.207 Y-1.314 E2.47058
G1 X2.22 Y-1.683 E2.47961
;WIDTH:0.449999
G1 X2.233 Y-4.885 E2.56304
G1 X2.691 Y-5.529 E2.58363
G1 X3.673 Y-5.529 E2.60922
G1 X3.73 Y-5.43 E2.6122
G1 X3.834 Y-5.403 E2.615
G1 X4.914 Y-5.403 E2.64314
G1 X5.027 Y-5.529 E2.64755
G1 X6.013 Y-5.529 E2.67324
G1 X6.363 Y-5.063 E2.68843
G1 X6.825 Y-4.18 E2.7144
G1 X7.217 Y-3.001 E2.74677
G1 X7.394 Y-2.114 E2.77034
G1 X6.456 Y-1.648 E2.79763
G1 X6.315 Y-2.247 E2.81366
G1 X6.135 Y-2.781 E2.82834
G1 X5.741 Y-3.491 E2.8495
G1 X5.288 Y-3.978 E2.86683
G1 X5.155 Y-4.037 E2.87062
G1 X4.756 Y-4.059 F4800
M106 S216.75
;LAYER_CHANGE
;Z:0.8
;HEIGHT:0.15
G1 E.87062 F2400
G92 E0
G1 Z.8 F4800
G1 Z1.1
G1 X-9.499 Y-7.009
G1 Z.8
G1 E2 F2400
;TYPE:Support material interface
;WIDTH:0.35
G1 F3600
G1 X-9.804 Y-7.314 E2.00855
G1 X-10.027 Y-7.314 E2.01297
G1 X-10.129 Y-7.544 E2.01796
G1 X-10.484 Y-7.544 E2.025
G1 X-10.059 Y-7.12 E2.0369
G1 X-10.115 Y-7.12 E2.03801
G1 X-10.05 Y-6.89 E2.04275
G1 X-10.279 Y-6.89 E2.04729
G1 X-10.933 Y-7.544 E2.06562
G1 X-11.382 Y-7.544 E2.07452
G1 X-10.728 Y-6.89 E2.09285
G1 X-11.177 Y-6.89 E2.10175
G1 X-11.61 Y-7.322 E2.11387
G1 X-11.811 Y-7.074 E2.1202
G1 X-11.527 Y-6.79 E2.12816
G1 X-11.65 Y-6.64 E2.132
G1 X-11.566 Y-6.38 E2.13742
G1 X-12.03 Y-6.844 E2.15043
G1 X-12.338 Y-6.745 E2.15684
G1 X-11.698 Y-6.062 E2.17539
G1 X-11.877 Y-5.792 E2.18181
G1 X-12.562 Y-6.476 E2.201
G1 E.201 F2400
G92 E0
G1 Z1.1 F4800
G1 X-10.933 Y-8.872
G1 Z.8
G1 E2 F2400
;TYPE:Support material
G1 F3600
G1 X-10.767 Y-8.745 E2.00414
G1 X-10.767 Y-8.487 E2.00925
G1 X-10.927 Y-8.361 E2.01329
G1 X-11.115 Y-8.373 E2.01702
G1 X-11.225 Y-8.463 E2.01984
G1 X-11.271 Y-8.653 E2.02371
G1 X-11.115 Y-8.859 E2.02883
G1 X-10.98 Y-8.885 E2.03155
G1 E.03155 F2400
G92 E0
G1 Z1.1 F4800
G1 X-8.338 Y-6.747
G1 Z.8
G1 E2 F2400
;TYPE:Support material interface
G1 F3600
G1 X-8.894 Y-7.314 E2.01574
G1 X-8.685 Y-7.314 E2.01988
G1 X-8.594 Y-7.453 E2.02317
G1 X-7.888 Y-6.747 E2.04296
G1 X-6.142 Y-6.798 F4800
G1 F3600
G1 X-7.206 Y-7.862 E2.07278
G1 X-7.436 Y-7.862 E2.07734
G1 X-7.45 Y-7.657 E2.08141
G1 X-6.187 Y-6.393 E2.11682
G1 X-6.375 Y-6.133 E2.12318
G1 X-7.787 Y-7.544 E2.16274
G1 X-8.236 Y-7.544 E2.17164
G1 X-6.443 Y-5.751 E2.2219
G1 X-5.863 Y-8.644 F4800
;TYPE:Support material
G1 F3600
G1 X-4.627 Y-9.165 E2.24848
G1 X-4.401 Y-9.188 E2.25298
G1 X-4.393 Y-9.537 E2.2599
G1 X-2.865 Y-9.263 E2.29067
G1 X-2.195 Y-9.476 E2.3046
G1 X-1.722 Y-9.508 E2.314
G1 X-.806 Y-9.296 E2.33263
G1 X-.398 Y-9.062 E2.34195
G1 X.246 Y-8.372 E2.36066
G1 X.57 Y-7.485 E2.37938
G1 X.594 Y-6.624 E2.39645
G1 X.718 Y-6.541 E2.39941
G1 X.547 Y-5.838 E2.41375
G1 X.105 Y-5.656 E2.42322
G1 X-.601 Y-4.804 E2.44515
G1 X-.587 Y-4.109 E2.45893
G1 X-.675 Y-3.665 E2.4679
G1 X-.928 Y-3.13 E2.47963
G1 X-1.466 Y-2.546 E2.49537
G1 X-1.863 Y-2.307 E2.50455
G1 X-2.73 Y-2.089 E2.52227
G1 X-3.2 Y-2.111 E2.5316
G1 X-3.947 Y-2.348 E2.54713
G1 X-4.283 Y-2.559 E2.55499
G1 X-4.799 Y-3.105 E2.56988
G1 X-5.351 Y-4.434 E2.5984
G1 X-6.34 Y-5.126 E2.62232
G1 X-5.883 Y-5.498 E2.634
G1 X-5.852 Y-5.692 E2.63789
G1 X-5.517 Y-6.059 E2.64774
G1 X-5.49 Y-6.671 E2.65988
G1 X-5.587 Y-6.797 E2.66303
G1 X-5.489 Y-7.212 E2.67148
G1 X-5.812 Y-7.785 E2.68452
G1 X-6.304 Y-7.944 E2.69477
G1 X-6.662 Y-8.368 E2.70577
G1 X-6.052 Y-8.952 E2.72251
G1 X-4.905 Y-9.379 E2.74677
G1 X-4.799 Y-9.497 E2.74991
G1 X-4.44 Y-9.539 E2.75707
G1 X-4.296 Y-9.885 F4800
G1 F3600
G1 X-2.915 Y-9.624 E2.78493
G1 X-2.252 Y-9.823 E2.79865
G1 X-1.711 Y-9.859 E2.8094
G1 X-1.174 Y-9.789 E2.82013
G1 X-.661 Y-9.617 E2.83085
G1 X-.193 Y-9.348 E2.84155
G1 X.213 Y-8.992 E2.85225
G1 X.544 Y-8.558 E2.86307
G1 X.785 Y-8.062 E2.874
G1 X.919 Y-7.533 E2.88482
G1 X.939 Y-6.815 E2.89906
G1 X1.116 Y-6.697 E2.90328
G1 X.855 Y-5.623 E2.92519
G1 X1.556 Y-5.338 E2.94019
G1 X1.649 Y-5.369 E2.94213
G1 X1.608 Y-5.206 E2.94546
G1 X1.189 Y-5.304 E2.95399
G1 X.95 Y-5.505 E2.96018
G1 X.708 Y-5.526 E2.96499
G1 X.309 Y-5.362 E2.97354
G1 X-.249 Y-4.692 E2.99082
G1 X-.236 Y-4.079 E3.00297
G1 X-.338 Y-3.561 E3.01343
G1 X-.641 Y-2.93 E3.0273
G1 X-1.254 Y-2.265 E3.04523
G1 X-1.712 Y-1.989 E3.05583
G1 X-2.209 Y-1.812 E3.06629
G1 X-2.712 Y-1.738 E3.07637
G1 X-3.247 Y-1.762 E3.08698
G1 X-3.826 Y-1.915 E3.09885
G1 X-4.495 Y-2.279 E3.11394
G1 X-5.092 Y-2.911 E3.13117
G1 X-5.628 Y-4.194 E3.15873
G1 X-6.185 Y-4.539 E3.17172
G1 X-6.608 Y-4.923 E3.18304
G1 X-6.608 Y-5.301 E3.19053
G1 X-6.741 Y-5.52 E3.19561
G1 X-6.349 Y-5.57 E3.20344
G1 X-5.861 Y-6.201 E3.21925
G1 X-5.845 Y-6.559 E3.22635
G1 X-5.948 Y-6.789 E3.23134
G1 X-5.861 Y-7.159 E3.23887
G1 X-6.05 Y-7.494 E3.24649
G1 X-6.536 Y-7.676 E3.25678
G1 X-6.896 Y-8.104 E3.26786
G1 X-7.32 Y-8.226 E3.2766
G1 X-6.238 Y-9.261 E3.30628
G1 X-5.11 Y-9.674 E3.33009
G1 X-4.972 Y-9.829 E3.3342
G1 X-4.344 Y-9.886 E3.3467
G1 E1.3467 F2400
G92 E0
G1 Z1.1 F4800
G1 X1.783 Y-5.615
G1 Z.8
G1 E2 F2400
;TYPE:Support material interface
G1 F3600
G1 X1.311 Y-6.087 E2.01323
G1 X1.399 Y-6.448 E2.02059
G1 X1.912 Y-5.936 E2.03495
G1 X2.086 Y-6.17 E2.04073
G1 X1.75 Y-6.547 E2.05074
G1 X1.838 Y-6.908 E2.0581
G1 X2.075 Y-6.672 E2.06473
G1 X2.306 Y-6.89 E2.07103
G1 X1.991 Y-7.204 E2.07985
G1 X2.196 Y-7.449 E2.08618
G1 X3.073 Y-6.572 E2.11076
G1 X3.523 Y-6.572 E2.11968
G1 X2.314 Y-7.781 E2.15357
G1 X2.35 Y-7.856 E2.15522
G1 X2.682 Y-7.862 E2.1618
G1 X3.972 Y-6.572 E2.19796
G1 X4.42 Y-6.574 E2.20684
G1 X3.131 Y-7.862 E2.24296
G1 X3.581 Y-7.862 E2.25188
G1 X4.636 Y-6.807 E2.28145
G1 X4.67 Y-6.89 E2.28323
G1 X5.003 Y-6.89 E2.28983
G1 X4.03 Y-7.862 E2.31709
G1 X4.238 Y-7.862 E2.32121
G1 X4.371 Y-7.729 E2.32494
G1 X4.706 Y-7.632 E2.33185
G1 X4.794 Y-7.314 E2.33839
G1 X5.027 Y-7.314 E2.34301
G1 X5.452 Y-6.89 E2.35491
G1 X5.958 Y-6.833 E2.365
G1 X5.355 Y-7.436 E2.3819
G1 X5.551 Y-7.69 E2.38826
G1 X7.398 Y-5.842 E2.44004
G1 X7.191 Y-5.6 F4800
G1 F3600
G1 X6.8 Y-5.991 E2.451
G1 X7.047 Y-6.643 F4800
G1 F3600
G1 X5.821 Y-7.869 E2.48536
G1 X5.908 Y-7.884 E2.48711
G1 X6.828 Y-7.312 E2.50858
G1 X7.168 Y-6.972 E2.51811
G1 X7.599 Y-6.14 F4800
;TYPE:Support material
G1 F3600
G1 X7.714 Y-5.847 E2.52435
G1 X7.66 Y-5.68 E2.52783
G1 X7.35 Y-5.493 E2.53501
G1 X7.607 Y-5.63 E2.54078
G1 X7.564 Y-6.171 E2.55154
G1 E.55154 F2400
G92 E0
G1 Z1.1 F4800
G1 X6.297 Y-8.053
G1 Z.8
G1 E2 F2400
G1 F3600
G1 X6.773 Y-7.739 E2.0113
G1 X6.251 Y-8.064 E2.02349
G1 E.02349 F2400
G92 E0
G1 Z1.1 F4800
G1 X3.184 Y-8.312
G1 Z.8
G1 E2 F2400
G1 F3600
G1 X3.463 Y-8.242 E2.0057
G1 X4.114 Y-8.282 E2.01863
G1 X4.264 Y-8.196 E2.02206
G1 X2.751 Y-8.196 E2.05205
G1 X3.137 Y-8.315 E2.06006
G1 E.06006 F2400
G92 E0
G1 Z1.1 F4800
G1 X3.274 Y-1.332
G1 Z.8
G1 E2 F2400
G1 F3600
G1 X3.331 Y-1.766 E2.00868
G1 X3.494 Y-2.022 E2.01469
G1 X3.776 Y-2.249 E2.02186
G1 X4.218 Y-2.356 E2.03087
G1 X4.251 Y-2.705 E2.03782
G1 X4.533 Y-2.678 E2.04343
G1 X4.881 Y-2.54 E2.05085
G1 X5.417 Y-2.027 E2.06555
G1 X5.612 Y-1.336 E2.07978
G1 X5.418 Y-.655 E2.09381
G1 X5.19 Y-.381 E2.10087
G1 X4.891 Y-.179 E2.10802
G1 X4.544 Y-.065 E2.11526
G1 X4.175 Y-.051 E2.12258
G1 X3.812 Y-.137 E2.12997
G1 X3.482 Y-.318 E2.13743
G1 X3.017 Y-.902 E2.15223
G1 X2.924 Y-1.589 E2.16597
G1 X3.006 Y-1.907 E2.17248
G1 X3.222 Y-2.247 E2.18046
G1 X3.618 Y-2.563 E2.1905
G1 X4.204 Y-2.709 E2.20247
G1 E.20247 F2400
G92 E0
G1 Z1.1 F4800
G1 X4.96 Y2.11
G1 Z.8
G1 E2 F2400
G1 F3600
G1 X4.906 Y1.605 E2.01007
G1 X5.117 Y1.13 E2.02037
G1 X5.541 Y.837 E2.03058
G1 X5.798 Y.786 E2.03577
G1 X5.826 Y.437 E2.04271
G1 X6.136 Y.463 E2.04888
G1 X6.804 Y.808 E2.06378
G1 X7.088 Y1.081 E2.07159
G1 X7.277 Y1.42 E2.07928
G1 X7.357 Y1.791 E2.0868
G1 X7.33 Y2.179 E2.09451
G1 X7.193 Y2.548 E2.10231
G1 X6.958 Y2.867 E2.11016
G1 X6.643 Y3.109 E2.11803
G1 X6.274 Y3.254 E2.12589
G1 X5.879 Y3.29 E2.13375
G1 X5.492 Y3.216 E2.14156
G1 X5.152 Y3.04 E2.14915
G1 X4.905 Y2.806 E2.15589
G1 X4.742 Y2.553 E2.16185
G1 X4.557 Y1.924 E2.17484
G1 X4.556 Y1.555 E2.18215
G1 X4.656 Y1.208 E2.18931
G1 X5.108 Y.663 E2.20334
G1 X5.778 Y.434 E2.21737
G1 E.21737 F2400
G92 E0
G1 Z1.1 F4800
G1 X-.977 Y6.758
G1 Z.8
G1 E2 F2400
G1 F3600
G1 X-.61 Y6.377 E2.01048
G1 X-.32 Y6.213 E2.01708
G1 X.37 Y6.084 E2.03099
G1 X.405 Y5.736 E2.03792
G1 X1.164 Y5.931 E2.05345
G1 X1.521 Y6.158 E2.06183
G1 X2.04 Y6.822 E2.07853
G1 X2.206 Y7.399 E2.09043
G1 X2.218 Y7.808 E2.09854
G1 X2.054 Y8.453 E2.11173
G1 X1.548 Y9.124 E2.12839
G1 X.808 Y9.514 E2.14497
G1 X-.029 Y9.55 E2.16157
G1 X-.819 Y9.223 E2.17852
G1 X-1.132 Y8.942 E2.18686
G1 X-1.542 Y8.217 E2.20337
G1 X-1.613 Y7.426 E2.21911
G1 X-1.355 Y6.68 E2.23475
G1 X-1.117 Y6.359 E2.24267
G1 X-.46 Y5.89 E2.25867
G1 X.357 Y5.731 E2.27517
G1 X.47 Y5.391 F4800
G1 F3600
G1 X1.319 Y5.615 E2.29257
G1 X1.743 Y5.883 E2.30251
G1 X2.091 Y6.237 E2.31235
G1 X2.449 Y6.899 E2.32727
G1 X2.569 Y7.836 E2.34599
G1 X2.373 Y8.598 E2.36158
G1 X2.121 Y9.025 E2.37141
G1 X1.777 Y9.392 E2.38138
G1 X1.364 Y9.672 E2.39127
G1 X.9 Y9.854 E2.40115
G1 X.407 Y9.93 E2.41104
G1 X-.091 Y9.896 E2.42093
G1 X-.576 Y9.753 E2.43095
G1 X-1.025 Y9.508 E2.44109
G1 X-1.395 Y9.176 E2.45094
G1 X-1.675 Y8.78 E2.46055
G1 X-1.877 Y8.324 E2.47043
G1 X-1.976 Y7.841 E2.4802
G1 X-1.855 Y6.927 E2.49847
G1 X-1.377 Y6.121 E2.51704
G1 X-1.02 Y5.804 E2.5265
G1 X-.6 Y5.567 E2.53606
G1 X-.134 Y5.422 E2.54573
G1 X.422 Y5.386 E2.55677
G1 E.55677 F2400
G92 E0
G1 Z1.1 F4800
G1 X-3.778 Y4.482
G1 Z.8
G1 E2 F2400
G1 F3600
G1 X-3.32 Y4.482 E2.00908
G1 X-3.522 Y4.717 E2.01522
G1 X-3.764 Y4.644 E2.02023
G1 X-3.826 Y4.482 E2.02367
G1 E.02367 F2400
G92 E0
G1 Z1.1 F4800
G1 X-6.506 Y6.762
G1 Z.8
G1 E2 F2400
G1 F3600
G1 X-6.14 Y6.394 E2.01029
G1 X-5.796 Y6.225 E2.01789
G1 X-5.156 Y6.131 E2.03071
G1 X-5.103 Y5.785 E2.03765
G1 X-4.37 Y5.993 E2.05275
G1 X-3.733 Y6.518 E2.06911
G1 X-3.372 Y7.259 E2.08545
G1 X-3.364 Y8.091 E2.10194
G1 X-3.633 Y8.744 E2.11594
G1 X-4.171 Y9.292 E2.13116
G1 X-4.916 Y9.596 E2.14711
G1 X-5.557 Y9.601 E2.15981
G1 X-5.962 Y9.49 E2.16813
G1 X-6.67 Y9.006 E2.18513
G1 X-7.084 Y8.312 E2.20115
G1 X-7.161 Y7.462 E2.21807
G1 X-6.89 Y6.686 E2.23436
G1 X-6.325 Y6.096 E2.25055
G1 X-5.92 Y5.895 E2.25951
G1 X-5.15 Y5.779 E2.27494
G1 X-5.057 Y5.438 F4800
G1 F3600
G1 X-4.208 Y5.68 E2.29244
G1 X-3.8 Y5.949 E2.30213
G1 X-3.457 Y6.3 E2.31186
G1 X-3.067 Y7.072 E2.329
G1 X-2.97 Y7.668 E2.34097
G1 X-3.13 Y8.526 E2.35827
G1 X-3.619 Y9.287 E2.3762
G1 X-4.383 Y9.812 E2.39457
G1 X-5.323 Y9.983 E2.41351
G1 X-6.092 Y9.818 E2.4291
G1 X-6.53 Y9.585 E2.43893
G1 X-7.015 Y9.146 E2.4519
G1 X-7.419 Y8.423 E2.46831
G1 X-7.511 Y7.429 E2.48809
G1 X-7.403 Y6.954 E2.49774
G1 X-7.19 Y6.503 E2.50763
G1 X-6.667 Y5.916 E2.52321
G1 X-6.044 Y5.566 E2.53737
G1 X-5.626 Y5.455 E2.54594
G1 X-5.104 Y5.432 E2.5563
G1 E.5563 F2400
G92 E0
G1 Z1.1 F4800
G1 X-12.215 Y1.774
G1 Z.8
G1 E2 F2400
G1 F3600
G1 X-12.15 Y1.499 E2.0056
G1 X-11.8 Y1.048 E2.01691
G1 X-11.382 Y.867 E2.02594
G1 X-11.135 Y.844 E2.03086
G1 X-11.095 Y.497 E2.03778
G1 X-10.5 Y.626 E2.04985
G1 X-9.93 Y1.049 E2.06392
G1 X-9.59 Y1.728 E2.07897
G1 X-9.566 Y2.116 E2.08667
G1 X-9.655 Y2.51 E2.09468
G1 X-9.855 Y2.86 E2.10267
G1 X-10.141 Y3.134 E2.11052
G1 X-10.494 Y3.323 E2.11846
G1 X-10.886 Y3.413 E2.12643
G1 X-11.298 Y3.396 E2.1346
G1 X-11.695 Y3.269 E2.14286
G1 X-12.287 Y2.774 E2.15815
G1 X-12.564 Y2.073 E2.17309
G1 X-12.477 Y1.365 E2.18723
G1 X-12.274 Y1.016 E2.19523
G1 X-12.01 Y.766 E2.20244
G1 X-11.745 Y.614 E2.20849
G1 X-11.142 Y.491 E2.22069
G1 X-10.425 Y-.57 F4800
G1 F3600
G1 X-10.492 Y-1.074 E2.23077
G1 X-10.285 Y-1.549 E2.24104
G1 X-9.861 Y-1.842 E2.25125
G1 X-9.602 Y-1.893 E2.25648
G1 X-9.574 Y-2.242 E2.26342
G1 X-9.262 Y-2.216 E2.26963
G1 X-8.626 Y-1.88 E2.28389
G1 X-8.254 Y-1.266 E2.29812
G1 X-8.205 Y-.91 E2.30524
G1 X-8.397 Y-.227 E2.3193
G1 X-8.918 Y.255 E2.33337
G1 X-9.618 Y.394 E2.34751
G1 X-9.972 Y.317 E2.35469
G1 X-10.557 Y-.101 E2.36894
G1 X-10.842 Y-.761 E2.38319
G1 X-10.745 Y-1.468 E2.39733
G1 X-10.294 Y-2.016 E2.4114
G1 X-9.622 Y-2.245 E2.42547
G1 E.42547 F2400
G92 E0
G1 Z1.1 F4800
G1 X2.181 Y-.461
G1 Z.8
G1 E2 F2400
;TYPE:External perimeter
;WIDTH:0.37219
G1 F900
G1 X2.193 Y-1.3 E2.01779
;WIDTH:0.413527
G1 X2.214 Y-1.546 E2.02366
;WIDTH:0.454863
G1 X2.235 Y-1.792 E2.03017
;WIDTH:0.4962
G1 X2.256 Y-2.038 E2.03731
;WIDTH:0.537536
G1 X2.276 Y-2.284 E2.04509
G1 X2.251 Y-1.885 F4800
G1 E.04509 F2400
G92 E0
G1 Z1.1 F4800
G1 X-7.234 Y-1.897
G1 Z.8
G1 E2 F2400
;WIDTH:0.452956
G1 F900
G1 X-7.214 Y-1.607 E2.00763
;WIDTH:0.412889
G1 X-7.194 Y-1.317 E2.01453
;WIDTH:0.372822
G1 X-7.18 Y-.526 E2.03134
;WIDTH:0.37219
G1 X-7.182 Y-.465 E2.03263
G1 X-7.192 Y-.865 F4800
G1 E.03263 F2400
G92 E0
G1 Z1.1 F4800
G1 X-11.879 Y-2.323
G1 Z.8
G1 E2 F2400
;TYPE:Perimeter
;WIDTH:0.645552
G1 F900
G1 X-11.832 Y-2.549 E2.00883
G1 E.00883 F2400
G92 E0
G1 Z1.1 F4800
G1 X-10.598 Y-4.799
G1 Z.8
G1 E2 F2400
;WIDTH:0.49032
G1 F900
G1 X-10.627 Y-4.749 E2.00165
G1 X-10.684 Y-4.749 E2.00328
G1 X-10.713 Y-4.799 E2.00493
G1 X-10.684 Y-4.849 E2.00658
G1 X-10.627 Y-4.849 E2.00821
G1 E.00821 F2400
G92 E0
G1 Z1.1 F4800
G1 X-8.02 Y-4.789
G1 Z.8
G1 E2 F2400
;WIDTH:0.460778
G1 F900
G1 X-8.047 Y-4.743 E2.00143
G1 X-8.101 Y-4.743 E2.00287
G1 X-8.127 Y-4.789 E2.00428
G1 X-8.101 Y-4.836 E2.00572
G1 X-8.047 Y-4.836 E2.00716
G1 E.00716 F2400
G92 E0
G1 Z1.1 F4800
G1 X-10.717 Y-4.299
G1 Z.8
G1 E2 F2400
;WIDTH:0.449999
G1 F900
G1 X-10.968 Y-4.104 E2.00828
G1 X-11.163 Y-3.781 E2.01811
;WIDTH:0.424725
G1 X-11.359 Y-3.457 E2.02738
;WIDTH:0.39945
G1 X-11.581 Y-2.873 E2.04169
;WIDTH:0.407852
G1 X-11.623 Y-2.819 E2.04329
;WIDTH:0.455392
G1 X-11.665 Y-2.765 E2.0451
;WIDTH:0.502932
G1 X-11.706 Y-2.711 E2.04709
;WIDTH:0.550472
G1 X-11.748 Y-2.657 E2.0493
;WIDTH:0.598012
G1 X-11.79 Y-2.603 E2.05171
;WIDTH:0.645552
G1 X-11.832 Y-2.549 E2.05433
G1 X-11.842 Y-2.62 E2.05707
;WIDTH:0.598012
G1 X-11.852 Y-2.691 E2.0596
;WIDTH:0.550472
G1 X-11.862 Y-2.761 E2.06189
;WIDTH:0.502932
G1 X-11.872 Y-2.832 E2.06399
;WIDTH:0.455392
G1 X-11.882 Y-2.903 E2.06588
;WIDTH:0.407852
G1 X-11.892 Y-2.974 E2.06756
;WIDTH:0.383719
G1 X-11.812 Y-3.26 E2.07407
;WIDTH:0.411669
G1 X-11.698 Y-3.578 E2.08206
;WIDTH:0.439619
G1 X-11.584 Y-3.895 E2.09062
;WIDTH:0.449999
G1 X-11.348 Y-4.448 E2.10629
G1 X-11.114 Y-4.9 E2.11955
G1 X-10.834 Y-5.323 E2.13277
G1 X-10.445 Y-5.341 E2.14292
G1 X-10.405 Y-5.194 E2.14689
G1 X-10.24 Y-5.01 E2.15333
;WIDTH:0.493813
G1 X-9.866 Y-4.865 E2.16488
G1 X-8.733 Y-4.865 E2.1975
G1 X-8.46 Y-5.011 E2.20641
;WIDTH:0.449999
G1 X-8.341 Y-5.127 E2.21074
G1 X-8.255 Y-5.341 E2.21675
G1 X-7.888 Y-5.341 E2.22631
G1 X-7.651 Y-5 E2.23713
G1 X-7.651 Y-3.992 E2.26339
G1 X-7.743 Y-4.12 E2.2675
G1 X-8.146 Y-4.372 E2.27988
G1 X-8.252 Y-4.381 E2.28265
;WIDTH:0.493814
G1 X-8.834 Y-4.403 E2.29942
G1 X-9.866 Y-4.403 E2.32913
G1 X-10.657 Y-4.346 E2.35196
;WIDTH:0.449999
G1 X-10.669 Y-4.336 E2.35237
G1 X-10.525 Y-3.936 F4800
;TYPE:External perimeter
G1 F900
G1 X-10.621 Y-3.871 E2.35539
G1 X-10.996 Y-3.306 E2.37306
G1 X-11.237 Y-2.729 E2.38935
G1 X-11.392 Y-2.195 E2.40384
G1 X-11.504 Y-1.574 E2.42028
G1 X-12.432 Y-2.035 E2.44728
G1 X-12.299 Y-2.871 E2.46934
G1 X-12.179 Y-3.375 E2.48284
G1 X-11.965 Y-4.053 E2.50136
G1 X-11.714 Y-4.651 E2.51826
G1 X-11.369 Y-5.271 E2.53675
G1 X-11.018 Y-5.758 E2.55239
G1 X-10.075 Y-5.758 E2.57696
G1 X-10.075 Y-5.514 E2.58332
G1 X-10.021 Y-5.373 E2.58725
G1 X-9.866 Y-5.305 E2.59166
G1 X-8.803 Y-5.305 E2.61936
G1 X-8.657 Y-5.402 E2.62393
G1 X-8.625 Y-5.758 E2.63324
G1 X-7.685 Y-5.759 E2.65773
G1 X-7.233 Y-5.121 E2.6781
G1 X-7.233 Y-2.815 E2.73818
;WIDTH:0.452956
G1 X-7.237 Y-1.924 E2.76156
;WIDTH:0.452754
G1 X-7.488 Y-2.817 E2.78589
;WIDTH:0.449999
G1 X-7.794 Y-3.469 E2.80466
G1 X-8.082 Y-3.876 E2.81765
G1 X-8.252 Y-3.964 E2.82264
G1 X-10.472 Y-3.96 E2.88048
G1 X-10.746 Y-3.668 F4800
G1 E.88048 F2400
G92 E0
G1 Z1.1 F4800
G1 X1.414 Y1.02
G1 Z.8
G1 E2 F2400
;TYPE:Perimeter
;WIDTH:0.558452
G1 F900
G1 X1.425 Y1.003 E2.00066
G1 X1.614 Y1.66 E2.0231
;WIDTH:0.563875
G1 X1.467 Y1.882 E2.03193
;WIDTH:0.591007
G1 X1.054 Y2.394 E2.05485
;WIDTH:0.613746
G1 X.675 Y2.786 E2.07463
G1 X-.376 Y2.786 E2.11275
G1 X.159 Y2.443 E2.1358
G1 X.723 Y1.928 E2.1635
;WIDTH:0.590776
G1 X1.117 Y1.469 E2.18457
;WIDTH:0.558452
G1 X1.38 Y1.07 E2.20025
G1 E.20025 F2400
G92 E0
G1 Z1.1 F4800
G1 X-6.416 Y1.013
G1 Z.8
G1 E2 F2400
;WIDTH:0.563366
G1 F900
G1 X-6.066 Y1.532 E2.02074
;WIDTH:0.596437
G1 X-5.725 Y1.914 E2.03876
;WIDTH:0.610593
G1 X-5.249 Y2.367 E2.06246
G1 X-4.602 Y2.787 E2.09028
G1 X-5.676 Y2.787 E2.12902
G1 X-6.151 Y2.281 E2.15405
;WIDTH:0.596437
G1 X-6.611 Y1.66 E2.18124
;WIDTH:0.562693
G1 X-6.44 Y1.02 E2.20316
G1 X-6.772 Y.149 F4800
;WIDTH:0.449999
G1 F900
G1 X-6.356 Y.149 E2.214
G1 X-6.193 Y.495 E2.22397
G1 X-5.726 Y1.189 E2.24577
G1 X-5.377 Y1.568 E2.25919
G1 X-4.977 Y1.949 E2.27358
G1 X-4.172 Y2.457 E2.29838
G1 X-3.507 Y2.706 E2.31688
;WIDTH:0.470863
G1 X-2.86 Y2.836 E2.33493
G1 X-2.297 Y2.844 E2.35033
;WIDTH:0.490516
G1 X-1.641 Y2.765 E2.36922
G1 X-1.118 Y2.583 E2.38505
;WIDTH:0.449999
G1 X-.646 Y2.365 E2.3986
G1 X-.158 Y2.057 E2.41364
G1 X.364 Y1.598 E2.43175
G1 X.771 Y1.141 E2.4477
G1 X1.198 Y.487 E2.46805
G1 X1.356 Y.149 E2.47777
G1 X1.755 Y.149 E2.48817
G1 X1.902 Y.975 E2.51003
G1 X2.139 Y1.7 E2.5299
G1 X1.849 Y2.164 E2.54416
G1 X1.284 Y2.866 E2.56764
G1 X.868 Y3.285 E2.58302
G1 X-1.099 Y3.285 E2.63427
;WIDTH:0.475689
G1 X-1.407 Y3.273 E2.6428
;WIDTH:0.501379
G1 X-1.714 Y3.26 E2.65179
G1 X-2.404 Y3.279 E2.67199
;WIDTH:0.478929
G1 X-3.564 Y3.285 E2.70431
;WIDTH:0.449999
G1 X-5.868 Y3.285 E2.76434
G1 X-6.066 Y3.106 E2.77129
G1 X-6.523 Y2.605 E2.78896
G1 X-6.874 Y2.13 E2.80435
G1 X-7.139 Y1.7 E2.81751
G1 X-7.029 Y1.415 E2.82547
G1 X-6.824 Y.608 E2.84716
G1 X-6.779 Y.209 E2.85762
G1 X-7.014 Y-.272 F4800
;TYPE:External perimeter
G1 F900
G1 X-6.084 Y-.268 E2.88185
G1 X-5.844 Y.265 E2.89708
G1 X-5.328 Y1.024 E2.92099
G1 X-4.749 Y1.599 E2.94225
G1 X-4.021 Y2.068 E2.96481
G1 X-3.425 Y2.296 E2.98144
G1 X-2.88 Y2.404 E2.99592
G1 X-2.35 Y2.422 E3.00974
G1 X-1.799 Y2.352 E3.02421
G1 X-1.315 Y2.212 E3.03734
G1 X-.866 Y2.01 E3.05017
G1 X-.424 Y1.735 E3.06373
G1 X.056 Y1.315 E3.08035
G1 X.422 Y.913 E3.09452
G1 X.864 Y.229 E3.11574
G1 X1.084 Y-.269 E3.12993
G1 X2.024 Y-.274 E3.15442
;WIDTH:0.441767
G1 X2.103 Y-.367 E3.15754
;WIDTH:0.406979
G1 X2.181 Y-.461 E3.16039
G1 X2.169 Y-.305 E3.16405
;WIDTH:0.441767
G1 X2.158 Y-.149 E3.16804
;WIDTH:0.449999
G1 X2.247 Y.544 E3.18624
G1 X2.404 Y1.21 E3.20407
G1 X2.605 Y1.734 E3.21869
G1 X2.269 Y2.299 E3.23582
G1 X1.846 Y2.871 E3.25436
G1 X1.447 Y3.309 E3.2698
G1 X1.029 Y3.703 E3.28477
G1 X-6.029 Y3.703 E3.46867
G1 X-6.361 Y3.402 E3.48035
G1 X-6.846 Y2.871 E3.49909
G1 X-7.269 Y2.299 E3.51763
G1 X-7.605 Y1.734 E3.53476
G1 X-7.434 Y1.312 E3.54662
G1 X-7.221 Y.447 E3.56983
G1 X-7.167 Y-.142 E3.58524
;WIDTH:0.444576
G1 X-7.174 Y-.304 E3.58941
;WIDTH:0.408383
G1 X-7.182 Y-.465 E3.59319
G1 X-7.103 Y-.369 E3.59611
;WIDTH:0.444576
G1 X-7.055 Y-.311 E3.59805
G1 X-6.657 Y-.274 F4800
G1 E1.59805 F2400
G92 E0
G1 Z1.1 F4800
G1 X5.714 Y-4.799
G1 Z.8
G1 E2 F2400
;TYPE:Perimeter
;WIDTH:0.491192
G1 F900
G1 X5.685 Y-4.75 E2.00163
G1 X5.627 Y-4.75 E2.00329
G1 X5.599 Y-4.799 E2.00491
G1 X5.627 Y-4.849 E2.00655
G1 X5.685 Y-4.849 E2.00821
G1 E.00821 F2400
G92 E0
G1 Z1.1 F4800
G1 X3.127 Y-4.789
G1 Z.8
G1 E2 F2400
;WIDTH:0.460758
G1 F900
G1 X3.1 Y-4.743 E2.00143
G1 X3.047 Y-4.743 E2.00285
G1 X3.02 Y-4.789 E2.00428
G1 X3.047 Y-4.836 E2.00573
G1 X3.1 Y-4.836 E2.00715
G1 E.00715 F2400
G92 E0
G1 Z1.1 F4800
G1 X5.672 Y-4.306
G1 Z.8
G1 E2 F2400
;WIDTH:0.483672
G1 F900
G1 X5.57 Y-4.369 E2.00338
;WIDTH:0.449999
G1 X5.448 Y-4.381 E2.00657
;WIDTH:0.493813
G1 X4.866 Y-4.403 E2.02334
G1 X3.834 Y-4.403 E2.05305
G1 X3.145 Y-4.372 E2.07291
;WIDTH:0.449999
G1 X2.742 Y-4.12 E2.08529
G1 X2.651 Y-3.992 E2.08938
G1 X2.651 Y-4.982 E2.11518
G1 X2.906 Y-5.341 E2.12665
G1 X3.253 Y-5.341 E2.13569
G1 X3.29 Y-5.201 E2.13946
G1 X3.46 Y-5.011 E2.1461
;WIDTH:0.493813
G1 X3.834 Y-4.865 E2.15766
G1 X4.967 Y-4.865 E2.19028
G1 X5.24 Y-5.01 E2.19918
;WIDTH:0.449999
G1 X5.342 Y-5.106 E2.20283
G1 X5.446 Y-5.341 E2.20953
G1 X5.804 Y-5.341 E2.21886
G1 X6.045 Y-5.002 E2.2297
;WIDTH:0.477911
G1 X6.434 Y-4.222 E2.25393
G1 X6.564 Y-3.903 E2.26351
;WIDTH:0.436223
G1 X6.695 Y-3.584 E2.2722
;WIDTH:0.394534
G1 X6.892 Y-2.974 E2.28669
;WIDTH:0.40848
G1 X6.882 Y-2.903 E2.28837
;WIDTH:0.456665
G1 X6.873 Y-2.832 E2.29026
;WIDTH:0.50485
G1 X6.863 Y-2.762 E2.29234
;WIDTH:0.553035
G1 X6.853 Y-2.691 E2.29467
;WIDTH:0.601219
G1 X6.844 Y-2.62 E2.29721
;WIDTH:0.649404
G1 X6.834 Y-2.55 E2.29993
G1 X6.792 Y-2.603 E2.30253
;WIDTH:0.601219
G1 X6.75 Y-2.657 E2.30496
;WIDTH:0.553035
G1 X6.707 Y-2.711 E2.3072
;WIDTH:0.50485
G1 X6.665 Y-2.765 E2.30922
;WIDTH:0.456665
G1 X6.623 Y-2.819 E2.31103
;WIDTH:0.40848
G1 X6.581 Y-2.873 E2.31264
;WIDTH:0.407309
G1 X6.306 Y-3.563 E2.33002
;WIDTH:0.445491
G1 X6.144 Y-3.838 E2.33825
;WIDTH:0.483672
G1 X5.982 Y-4.114 E2.34726
G1 X5.723 Y-4.275 E2.35585
G1 E.35585 F2400
G92 E0
G1 Z1.1 F4800
G1 X6.834 Y-2.55
G1 Z.8
G1 E2 F2400
;WIDTH:0.649404
G1 F900
G1 X6.882 Y-2.329 E2.0087
G1 E.0087 F2400
G92 E0
G1 Z1.1 F4800
G1 X5.491 Y-3.941
G1 Z.8
G1 E2 F2400
;TYPE:External perimeter
;WIDTH:0.449999
G1 F900
G1 X5.448 Y-3.964 E2.00127
G1 X3.252 Y-3.964 E2.05849
G1 X3.082 Y-3.876 E2.06348
G1 X2.794 Y-3.469 E2.07647
G1 X2.477 Y-2.79 E2.09599
;WIDTH:0.493768
G1 X2.377 Y-2.537 E2.10382
;WIDTH:0.537536
G1 X2.276 Y-2.284 E2.11241
G1 X2.273 Y-2.318 E2.11349
;WIDTH:0.530139
G1 X2.253 Y-2.573 E2.12143
;WIDTH:0.490069
G1 X2.233 Y-2.827 E2.12871
;WIDTH:0.449999
G1 X2.233 Y-5.115 E2.18833
G1 X2.691 Y-5.759 E2.20892
G1 X3.625 Y-5.759 E2.23326
G1 X3.625 Y-5.514 E2.23964
G1 X3.674 Y-5.379 E2.24338
G1 X3.834 Y-5.305 E2.24797
G1 X4.898 Y-5.305 E2.27569
G1 X5.046 Y-5.408 E2.28039
G1 X5.075 Y-5.759 E2.28957
G1 X6.013 Y-5.759 E2.31401
G1 X6.371 Y-5.281 E2.32957
G1 X6.826 Y-4.409 E2.3552
G1 X7.192 Y-3.327 E2.38496
G1 X7.316 Y-2.795 E2.39919
G1 X7.437 Y-2.038 E2.41916
G1 X6.504 Y-1.574 E2.44631
G1 X6.39 Y-2.201 E2.46291
G1 X6.237 Y-2.729 E2.47723
G1 X5.977 Y-3.342 E2.49458
G1 X5.621 Y-3.871 E2.51119
G1 X5.544 Y-3.912 E2.51346
G1 X5.147 Y-3.958 F4800
M106 S219.3
;LAYER_CHANGE
;Z:0.95
;HEIGHT:0.15
G1 E.51346 F2400
G92 E0
G1 Z.95 F4800
G1 Z1.25
G1 X3.028 Y-8.235
G1 Z.95
G1 E2 F2400
;TYPE:Support material interface
;WIDTH:0.35
G1 F3600
G1 X1.882 Y-7.088 E2.03214
G1 X1.603 Y-6.493 E2.04516
G1 X1.194 Y-6.369 E2.05363
G1 X.948 Y-5.845 E2.0651
G1 X.972 Y-5.73 E2.06743
G1 X3.292 Y-8.049 E2.13244
G1 X3.702 Y-8.01 E2.1406
G1 X2.58 Y-6.888 E2.17205
G1 X2.612 Y-6.802 E2.17387
G1 X2.944 Y-6.802 E2.18045
G1 X4.061 Y-7.919 E2.21176
G1 X4.194 Y-7.906 E2.21441
G1 X4.346 Y-7.754 E2.21867
G1 X3.393 Y-6.802 E2.24537
G1 X3.843 Y-6.802 E2.25429
G1 X4.643 Y-7.603 E2.27673
G1 X4.725 Y-7.314 E2.28268
G1 X4.804 Y-7.314 E2.28425
G1 X4.292 Y-6.802 E2.2986
G1 X4.545 Y-6.802 E2.30361
G1 X4.675 Y-7.12 E2.31042
G1 X5.059 Y-7.12 E2.31803
G1 X5.722 Y-7.781 E2.33659
G1 X5.931 Y-7.869 E2.34108
G1 X6.133 Y-7.744 E2.34579
G1 X5.41 Y-7.021 E2.36605
G1 X5.777 Y-6.938 E2.37351
G1 X6.41 Y-7.572 E2.39127
G1 X6.595 Y-7.457 E2.39559
G1 X6.53 Y-7.242 E2.40004
G1 X6.362 Y-7.074 E2.40475
G1 X6.442 Y-7.122 E2.4066
G1 X6.631 Y-6.893 E2.41248
G1 X6.733 Y-6.996 E2.41535
G1 X6.747 Y-6.888 E2.41751
G1 X6.922 Y-6.784 E2.42154
G1 X6.728 Y-6.541 E2.4277
G1 X7.352 Y-6.267 F4800
G1 F3600
G1 X6.857 Y-5.772 E2.44157
G1 E.44157 F2400
G92 E0
G1 Z1.25 F4800
G1 X2.069 Y-6.376
G1 Z.95
G1 E2 F2400
G1 F3600
G1 X1.037 Y-5.345 E2.02891
G1 E.02891 F2400
G92 E0
G1 Z1.25 F4800
G1 X3.274 Y-1.267
G1 Z.95
G1 E2 F2400
;TYPE:Support material
G1 F3600
G1 X3.308 Y-1.738 E2.00936
G1 X3.409 Y-1.946 E2.01394
G1 X3.831 Y-2.293 E2.02477
G1 X4.123 Y-2.364 E2.03073
G1 X4.126 Y-2.714 E2.03767
G1 X4.452 Y-2.701 E2.04414
G1 X4.846 Y-2.586 E2.05227
G1 X5.156 Y-2.382 E2.05963
G1 X5.441 Y-1.989 E2.06925
G1 X5.587 Y-1.425 E2.0808
G1 X5.531 Y-.994 E2.08941
G1 X5.386 Y-.669 E2.09646
G1 X5.155 Y-.396 E2.10355
G1 X4.856 Y-.197 E2.11067
G1 X4.509 Y-.087 E2.11788
G1 X4.14 Y-.075 E2.1252
G1 X3.733 Y-.187 E2.13357
G1 X3.188 Y-.599 E2.14711
G1 X2.928 Y-1.188 E2.15987
G1 X2.973 Y-1.849 E2.173
G1 X3.374 Y-2.43 E2.18699
G1 X3.697 Y-2.621 E2.19443
G1 X4.078 Y-2.715 E2.20221
G1 E.20221 F2400
G92 E0
G1 Z1.25 F4800
G1 X4.895 Y1.825
G1 Z.95
G1 E2 F2400
G1 F3600
G1 X4.969 Y1.345 E2.00963
G1 X5.099 Y1.131 E2.01459
G1 X5.512 Y.834 E2.02467
G1 X5.81 Y.776 E2.03069
G1 X5.836 Y.427 E2.03763
G1 X6.119 Y.449 E2.04326
G1 X6.756 Y.783 E2.05752
G1 X6.985 Y1.071 E2.06481
G1 X7.238 Y1.781 E2.07975
G1 X7.22 Y2.146 E2.08699
G1 X7.098 Y2.492 E2.09426
G1 X6.881 Y2.79 E2.10157
G1 X6.585 Y3.016 E2.10895
G1 X6.236 Y3.15 E2.11636
G1 X5.848 Y3.174 E2.12406
G1 X5.32 Y3.003 E2.13506
G1 X4.827 Y2.566 E2.14812
G1 X4.637 Y2.248 E2.15546
G1 X4.544 Y1.894 E2.16271
G1 X4.646 Y1.203 E2.17655
G1 X5.079 Y.667 E2.19021
G1 X5.394 Y.5 E2.19728
G1 X5.789 Y.423 E2.20526
G1 E.20526 F2400
G92 E0
G1 Z1.25 F4800
G1 X-.993 Y6.828
G1 Z.95
G1 E2 F2400
G1 F3600
G1 X-.622 Y6.415 E2.011
G1 X-.341 Y6.248 E2.01748
G1 X.324 Y6.11 E2.03094
G1 X.359 Y5.762 E2.03787
G1 X1.036 Y5.907 E2.05159
G1 X1.402 Y6.1 E2.05979
G1 X1.763 Y6.44 E2.06962
G1 X2.006 Y6.81 E2.07839
G1 X2.201 Y7.631 E2.09511
G1 X2.092 Y8.269 E2.10794
G1 X1.939 Y8.612 E2.11538
G1 X1.53 Y9.094 E2.12791
G1 X1.184 Y9.328 E2.13619
G1 X.638 Y9.52 E2.14766
G1 X.075 Y9.542 E2.15883
G1 X-.382 Y9.419 E2.16821
G1 X-.8 Y9.197 E2.17759
G1 X-1.118 Y8.916 E2.186
G1 X-1.356 Y8.589 E2.19402
G1 X-1.533 Y8.146 E2.20347
G1 X-1.575 Y7.365 E2.21897
G1 X-1.35 Y6.728 E2.23236
G1 X-1.124 Y6.405 E2.24017
G1 X-.488 Y5.928 E2.25593
G1 X.311 Y5.757 E2.27212
G1 X.651 Y5.439 F4800
G1 F3600
G1 X1.172 Y5.583 E2.28283
G1 X1.605 Y5.811 E2.29253
G1 X2.042 Y6.229 E2.30452
G1 X2.32 Y6.652 E2.31455
G1 X2.491 Y7.116 E2.32435
G1 X2.546 Y7.876 E2.33945
G1 X2.246 Y8.783 E2.35838
G1 X1.758 Y9.362 E2.37339
G1 X1.348 Y9.64 E2.38321
G1 X.887 Y9.821 E2.39303
G1 X.026 Y9.891 E2.41015
G1 X-.744 Y9.635 E2.42623
G1 X-1.379 Y9.153 E2.44203
G1 X-1.665 Y8.759 E2.45168
G1 X-1.867 Y8.253 E2.46248
G1 X-1.923 Y7.314 E2.48112
G1 X-1.658 Y6.558 E2.497
G1 X-1.044 Y5.852 E2.51554
G1 X-.634 Y5.608 E2.525
G1 X-.176 Y5.456 E2.53456
G1 X.604 Y5.434 E2.55003
G1 E.55003 F2400
G92 E0
G1 Z1.25 F4800
G1 X-6.53 Y6.838
G1 Z.95
G1 E2 F2400
G1 F3600
G1 X-5.959 Y6.336 E2.01507
G1 X-5.688 Y6.215 E2.02095
G1 X-5.182 Y6.163 E2.03103
G1 X-5.141 Y5.816 E2.03796
G1 X-4.405 Y6.01 E2.05305
G1 X-4.061 Y6.232 E2.06116
G1 X-3.545 Y6.88 E2.07758
G1 X-3.361 Y7.545 E2.09126
G1 X-3.375 Y8.001 E2.1003
G1 X-3.512 Y8.471 E2.11
G1 X-4.004 Y9.137 E2.12641
G1 X-4.558 Y9.471 E2.13923
G1 X-4.959 Y9.578 E2.14746
G1 X-5.55 Y9.574 E2.15917
G1 X-5.951 Y9.464 E2.16741
G1 X-6.645 Y8.991 E2.18406
G1 X-7.058 Y8.287 E2.20024
G1 X-7.142 Y7.465 E2.21662
G1 X-7.049 Y7.077 E2.22453
G1 X-6.669 Y6.439 E2.23925
G1 X-6.417 Y6.206 E2.24605
G1 X-5.796 Y5.879 E2.25996
G1 X-5.189 Y5.81 E2.27207
G1 X-4.93 Y5.488 F4800
G1 F3600
G1 X-4.247 Y5.696 E2.28622
G1 X-3.84 Y5.958 E2.29581
G1 X-3.497 Y6.303 E2.30545
G1 X-3.234 Y6.718 E2.31519
G1 X-3.069 Y7.169 E2.32471
G1 X-3.026 Y8.036 E2.34191
G1 X-3.189 Y8.611 E2.35376
G1 X-3.431 Y9.034 E2.36342
G1 X-4.002 Y9.576 E2.37902
G1 X-4.427 Y9.796 E2.3885
G1 X-4.903 Y9.924 E2.39827
G1 X-5.605 Y9.922 E2.41218
G1 X-6.081 Y9.791 E2.42196
G1 X-6.517 Y9.56 E2.43174
G1 X-7.061 Y9.037 E2.4467
G1 X-7.393 Y8.397 E2.46099
G1 X-7.495 Y7.915 E2.47075
G1 X-7.491 Y7.423 E2.4805
G1 X-7.381 Y6.959 E2.48995
G1 X-7.175 Y6.534 E2.49931
G1 X-6.629 Y5.926 E2.51551
G1 X-5.903 Y5.544 E2.53177
G1 X-4.978 Y5.483 E2.55014
G1 E.55014 F2400
G92 E0
G1 Z1.25 F4800
G1 X-12.099 Y1.982
G1 Z.95
G1 E2 F2400
G1 F3600
G1 X-12.028 Y1.51 E2.00946
G1 X-11.921 Y1.33 E2.01361
G1 X-11.594 Y1.057 E2.02205
G1 X-11.166 Y.942 E2.03083
G1 X-11.148 Y.593 E2.03776
G1 X-10.591 Y.681 E2.04894
G1 X-10.052 Y1.052 E2.06191
G1 X-9.714 Y1.69 E2.07622
G1 X-9.681 Y2.066 E2.0837
G1 X-9.751 Y2.427 E2.09099
G1 X-9.926 Y2.761 E2.09846
G1 X-10.202 Y3.04 E2.10624
G1 X-10.561 Y3.233 E2.11432
G1 X-10.949 Y3.312 E2.12217
G1 X-11.349 Y3.279 E2.13012
G1 X-11.722 Y3.138 E2.13802
G1 X-12.055 Y2.887 E2.14628
G1 X-12.322 Y2.518 E2.15531
G1 X-12.444 Y2.148 E2.16303
G1 X-12.456 Y1.751 E2.1709
G1 X-12.353 Y1.372 E2.17868
G1 X-12.001 Y.907 E2.19024
G1 X-11.756 Y.744 E2.19607
G1 X-11.196 Y.59 E2.20758
G1 X-10.444 Y-.592 F4800
G1 F3600
G1 X-10.51 Y-1.091 E2.21756
G1 X-10.294 Y-1.578 E2.22812
G1 X-9.876 Y-1.863 E2.23815
G1 X-9.62 Y-1.912 E2.24332
G1 X-9.591 Y-2.26 E2.25024
G1 X-9.279 Y-2.234 E2.25645
G1 X-8.642 Y-1.895 E2.27075
G1 X-8.414 Y-1.612 E2.27795
G1 X-8.221 Y-.922 E2.29215
G1 X-8.397 Y-.277 E2.3054
G1 X-8.643 Y.04 E2.31335
G1 X-9.275 Y.359 E2.32738
G1 X-9.988 Y.303 E2.34155
G1 X-10.574 Y-.118 E2.35585
G1 X-10.86 Y-.78 E2.37014
G1 X-10.86 Y-1.141 E2.37729
G1 X-10.755 Y-1.499 E2.38468
G1 X-10.304 Y-2.041 E2.39865
G1 X-9.639 Y-2.264 E2.41255
G1 E.41255 F2400
G92 E0
G1 Z1.25 F4800
G1 X-12.485 Y-5.756
G1 Z.95
G1 E2 F2400
;TYPE:Support material interface
G1 F3600
G1 X-11.66 Y-6.58 E2.02311
G1 X-10.926 Y-8.214 F4800
G1 F3600
G1 X-11.848 Y-7.289 E2.04899
G1 X-12.035 Y-6.674 E2.06173
G1 X-12.365 Y-6.643 E2.0683
G1 X-12.491 Y-6.199 E2.07745
G1 X-10.764 Y-7.926 E2.12586
G1 X-10.743 Y-7.774 E2.1289
G1 X-10.455 Y-7.786 E2.13461
G1 X-11.121 Y-7.12 E2.15328
G1 X-10.672 Y-7.12 E2.16218
G1 X-10.165 Y-7.626 E2.17638
G1 X-10.027 Y-7.314 E2.18314
G1 X-10.222 Y-7.12 E2.18859
G1 X-9.773 Y-7.12 E2.19749
G1 X-9.435 Y-7.457 E2.20695
G1 X-8.165 Y-7.829 F4800
G1 F3600
G1 X-8.874 Y-7.12 E2.22682
G1 X-8.424 Y-7.12 E2.23574
G1 X-7.649 Y-7.895 E2.25746
G1 X-7.101 Y-8.143 E2.26938
G1 X-6.841 Y-8.525 E2.27854
G1 X-6.676 Y-8.419 E2.28243
G1 X-7.975 Y-7.12 E2.31884
G1 X-7.525 Y-7.12 E2.32776
G1 X-6.6 Y-8.045 E2.35369
G1 X-6.453 Y-7.743 E2.36035
G1 X-7.353 Y-6.843 E2.38558
G1 X-7.347 Y-6.696 E2.3885
G1 X-7.201 Y-6.546 E2.39265
G1 X-6.286 Y-7.46 E2.41828
G1 X-6.225 Y-7.072 E2.42606
G1 X-7.004 Y-6.293 E2.44789
G1 X-6.822 Y-6.025 E2.45431
G1 X-6.128 Y-6.719 E2.47376
G1 X-5.428 Y-8.053 F4800
;TYPE:Support material
G1 F3600
G1 X-5.582 Y-8.312 E2.47973
G1 X-5.582 Y-8.686 E2.48714
G1 X-5.495 Y-8.724 E2.48902
G1 X-4.765 Y-8.452 E2.50446
G1 X-4.375 Y-9.154 E2.52038
G1 X-4.425 Y-9.507 E2.52745
G1 X-3.888 Y-9.456 E2.53814
G1 X-2.858 Y-9.174 E2.55931
G1 X-2.272 Y-9.355 E2.57147
G1 X-1.355 Y-9.357 E2.58964
G1 X-.892 Y-9.213 E2.59925
G1 X-.479 Y-8.981 E2.60864
G1 X.148 Y-8.304 E2.62693
G1 X.444 Y-7.462 E2.64462
G1 X.38 Y-6.562 E2.6625
G1 X-.038 Y-5.751 E2.68058
G1 X-.605 Y-5.226 E2.6959
G1 X-.802 Y-3.666 E2.72706
G1 X-.989 Y-3.253 E2.73605
G1 X-1.604 Y-2.589 E2.75399
G1 X-1.998 Y-2.371 E2.76291
G1 X-2.84 Y-2.2 E2.77994
G1 X-3.265 Y-2.241 E2.7884
G1 X-4 Y-2.526 E2.80402
G1 X-4.308 Y-2.751 E2.81158
G1 X-4.765 Y-3.31 E2.82589
G1 X-5.053 Y-4.182 E2.84409
G1 X-6.412 Y-5.235 E2.87816
G1 X-5.91 Y-5.337 E2.88831
G1 X-5.852 Y-5.692 E2.89544
G1 X-5.517 Y-6.059 E2.90529
G1 X-5.49 Y-6.671 E2.91743
G1 X-5.587 Y-6.797 E2.92058
G1 X-5.529 Y-7.372 E2.93203
G1 X-5.569 Y-7.607 E2.93675
G1 X-5.932 Y-8.216 E2.9508
G1 X-5.932 Y-8.927 E2.96489
G1 X-5.505 Y-9.102 E2.97404
G1 X-4.925 Y-8.885 E2.98631
G1 X-4.586 Y-9.496 E3.00016
G1 X-4.473 Y-9.51 E3.00242
G1 X-4.224 Y-9.846 F4800
G1 F3600
G1 X-2.871 Y-9.537 E3.02993
G1 X-2.342 Y-9.7 E3.0409
G1 X-1.811 Y-9.754 E3.05148
G1 X-1.286 Y-9.702 E3.06194
G1 X-.753 Y-9.536 E3.073
G1 X-.275 Y-9.268 E3.08386
G1 X.191 Y-8.834 E3.09648
G1 X.671 Y-8.015 E3.11529
G1 X.793 Y-7.509 E3.12561
G1 X.809 Y-6.986 E3.13598
G1 X.719 Y-6.467 E3.14642
G1 X.525 Y-5.976 E3.15688
G1 X.238 Y-5.533 E3.16734
G1 X-.285 Y-5.031 E3.18171
G1 X-.38 Y-3.954 E3.20314
G1 X-.686 Y-3.074 E3.22161
G1 X-1.003 Y-2.649 E3.23212
G1 X-1.401 Y-2.301 E3.2426
G1 X-1.86 Y-2.047 E3.253
G1 X-2.349 Y-1.897 E3.26314
G1 X-3.331 Y-1.896 E3.2826
G1 X-4.184 Y-2.227 E3.30073
G1 X-4.538 Y-2.486 E3.30942
G1 X-5.071 Y-3.137 E3.3261
G1 X-5.365 Y-3.99 E3.34398
G1 X-6.608 Y-4.966 E3.3753
G1 X-6.619 Y-5.55 E3.38688
G1 X-6.216 Y-5.632 E3.39503
G1 X-6.15 Y-5.885 E3.40021
G1 X-5.861 Y-6.201 E3.4087
G1 X-5.845 Y-6.559 E3.4158
G1 X-5.948 Y-6.789 E3.42079
G1 X-5.866 Y-7.258 E3.43023
G1 X-5.943 Y-7.55 E3.43622
G1 X-6.261 Y-8.072 E3.44833
G1 X-6.282 Y-8.562 E3.45805
G1 X-6.65 Y-8.799 E3.46673
G1 X-6.306 Y-9.161 E3.47663
G1 X-5.516 Y-9.479 E3.49351
G1 X-5.085 Y-9.318 E3.50263
G1 X-4.82 Y-9.82 E3.51388
G1 X-4.272 Y-9.849 E3.52476
G1 E1.52476 F2400
G92 E0
G1 Z1.25 F4800
G1 X2.186 Y-.683
G1 Z.95
G1 E2 F2400
;TYPE:External perimeter
;WIDTH:0.41163
G1 F900
G1 X2.209 Y-1.399 E2.01695
;WIDTH:0.45107
G1 X2.233 Y-2.114 E2.03564
G1 X2.22 Y-1.715 F4800
G1 E.03564 F2400
G92 E0
G1 Z1.25 F4800
G1 X-7.205 Y-1.74
G1 Z.95
G1 E2 F2400
;WIDTH:0.39444
G1 F900
G1 X-7.181 Y-1.147 E2.01341
;WIDTH:0.37219
G1 X-7.186 Y-.683 E2.02325
G1 X-7.188 Y-1.083 F4800
G1 E.02325 F2400
G92 E0
G1 Z1.25 F4800
G1 X-11.941 Y-2.247
G1 Z.95
G1 E2 F2400
;TYPE:Perimeter
;WIDTH:0.640214
G1 F900
G1 X-11.842 Y-2.756 E2.01966
G1 E.01966 F2400
G92 E0
G1 Z1.25 F4800
G1 X-10.693 Y-4.762
G1 Z.95
G1 E2 F2400
;WIDTH:0.577154
G1 F900
G1 X-10.727 Y-4.703 E2.00231
G1 X-10.795 Y-4.703 E2.00462
G1 X-10.829 Y-4.762 E2.00693
G1 X-10.795 Y-4.821 E2.00924
G1 X-10.727 Y-4.821 E2.01155
G1 E.01155 F2400
G92 E0
G1 Z1.25 F4800
G1 X-8.017 Y-4.702
G1 Z.95
G1 E2 F2400
;WIDTH:0.45212
G1 F900
G1 X-8.043 Y-4.657 E2.00136
G1 X-8.096 Y-4.657 E2.00275
G1 X-8.122 Y-4.702 E2.00411
G1 X-8.096 Y-4.748 E2.00549
G1 X-8.043 Y-4.748 E2.00688
G1 E.00688 F2400
G92 E0
G1 Z1.25 F4800
G1 X-10.96 Y-4.208
G1 Z.95
G1 E2 F2400
;WIDTH:0.449999
G1 F900
G1 X-11.231 Y-3.94 E2.00993
;WIDTH:0.431813
G1 X-11.409 Y-3.515 E2.02141
;WIDTH:0.395103
G1 X-11.586 Y-3.089 E2.03185
;WIDTH:0.405363
G1 X-11.629 Y-3.033 E2.03349
;WIDTH:0.452334
G1 X-11.671 Y-2.978 E2.0353
;WIDTH:0.499304
G1 X-11.714 Y-2.922 E2.03736
;WIDTH:0.546274
G1 X-11.756 Y-2.867 E2.03958
;WIDTH:0.593244
G1 X-11.799 Y-2.811 E2.04205
;WIDTH:0.640214
G1 X-11.842 Y-2.756 E2.0447
G1 X-11.851 Y-2.826 E2.04738
;WIDTH:0.593244
G1 X-11.861 Y-2.897 E2.04989
;WIDTH:0.546274
G1 X-11.87 Y-2.968 E2.05218
;WIDTH:0.499304
G1 X-11.88 Y-3.039 E2.05427
;WIDTH:0.452334
G1 X-11.889 Y-3.109 E2.05612
;WIDTH:0.405363
G1 X-11.899 Y-3.18 E2.05779
;WIDTH:0.379011
G1 X-11.805 Y-3.522 E2.06546
;WIDTH:0.405668
G1 X-11.697 Y-3.821 E2.07286
;WIDTH:0.432324
G1 X-11.59 Y-4.119 E2.08076
;WIDTH:0.449999
G1 X-11.359 Y-4.654 E2.09594
G1 X-11.116 Y-5.124 E2.10973
G1 X-10.839 Y-5.546 E2.12288
G1 X-10.493 Y-5.571 E2.13192
G1 X-10.493 Y-5.416 E2.13596
G1 X-10.421 Y-5.125 E2.14377
G1 X-10.345 Y-5.011 E2.14734
;WIDTH:0.493813
G1 X-9.866 Y-4.767 E2.16282
G1 X-8.732 Y-4.767 E2.19547
G1 X-8.376 Y-4.988 E2.20753
;WIDTH:0.449999
G1 X-8.235 Y-5.232 E2.21487
G1 X-8.207 Y-5.571 E2.22373
G1 X-7.889 Y-5.571 E2.23202
G1 X-7.651 Y-5.23 E2.24286
G1 X-7.651 Y-4.065 E2.27321
G1 X-8.013 Y-4.284 E2.28423
G1 X-8.069 Y-4.284 E2.28569
;WIDTH:0.493813
G1 X-8.834 Y-4.306 E2.30772
G1 X-10.683 Y-4.284 E2.36095
;WIDTH:0.449999
G1 X-10.909 Y-4.235 E2.36698
G1 X-10.742 Y-3.836 F4800
;TYPE:External perimeter
G1 F900
G1 X-10.868 Y-3.753 E2.37091
G1 X-11.158 Y-3.188 E2.38746
G1 X-11.342 Y-2.641 E2.4025
G1 X-11.479 Y-2.034 E2.41871
G1 X-11.535 Y-1.492 E2.43291
G1 X-12.471 Y-1.956 E2.46013
G1 X-12.419 Y-2.426 E2.47245
G1 X-12.307 Y-3.07 E2.48948
G1 X-12.17 Y-3.636 E2.50465
G1 X-11.968 Y-4.275 E2.52211
G1 X-11.724 Y-4.858 E2.53858
G1 X-11.443 Y-5.39 E2.55426
G1 X-11.018 Y-5.988 E2.57338
G1 X-10.075 Y-5.988 E2.59795
G1 X-10.051 Y-5.319 E2.61539
G1 X-9.866 Y-5.207 E2.62102
G1 X-8.834 Y-5.207 E2.64791
G1 X-8.681 Y-5.273 E2.65225
G1 X-8.625 Y-5.416 E2.65625
G1 X-8.625 Y-5.988 E2.67115
G1 X-7.685 Y-5.988 E2.69564
G1 X-7.233 Y-5.351 E2.71599
G1 X-7.219 Y-2.132 E2.79986
;WIDTH:0.42222
G1 X-7.205 Y-1.74 E2.8094
G1 X-7.267 Y-2.143 E2.81932
;WIDTH:0.449999
G1 X-7.33 Y-2.546 E2.82995
G1 X-7.598 Y-3.314 E2.85114
G1 X-7.828 Y-3.754 E2.86408
G1 X-8.013 Y-3.866 E2.86971
G1 X-10.69 Y-3.865 E2.93946
G1 X-10.953 Y-3.564 F4800
G1 E.93946 F2400
G92 E0
G1 Z1.25 F4800
G1 X1.475 Y1.021
G1 Z.95
G1 E2 F2400
;TYPE:Perimeter
;WIDTH:0.556024
G1 F900
G1 X1.49 Y.998 E2.0009
G1 X1.698 Y1.624 E2.02245
;WIDTH:0.560968
G1 X1.457 Y1.983 E2.03671
;WIDTH:0.596136
G1 X.958 Y2.592 E2.0644
;WIDTH:0.626746
G1 X.475 Y3.046 E2.08898
G1 X-.705 Y3.046 E2.13273
G1 X-.198 Y2.787 E2.15384
G1 X.335 Y2.399 E2.17828
;WIDTH:0.618698
G1 X.731 Y2.009 E2.19861
;WIDTH:0.593614
G1 X1.186 Y1.466 E2.22341
;WIDTH:0.556024
G1 X1.443 Y1.071 E2.2388
G1 E.2388 F2400
G92 E0
G1 Z1.25 F4800
G1 X-6.453 Y1.065
G1 Z.95
G1 E2 F2400
;WIDTH:0.560282
G1 F900
G1 X-6.192 Y1.445 E2.01518
;WIDTH:0.576772
G1 X-5.871 Y1.868 E2.03321
;WIDTH:0.608149
G1 X-5.53 Y2.213 E2.05063
;WIDTH:0.61324
G1 X-5.009 Y2.645 E2.07515
G1 X-4.279 Y3.053 E2.10545
G1 X-5.46 Y3.053 E2.14824
G1 X-5.94 Y2.615 E2.17179
;WIDTH:0.608149
G1 X-6.309 Y2.19 E2.19201
;WIDTH:0.576772
G1 X-6.697 Y1.627 E2.21523
;WIDTH:0.560282
G1 X-6.491 Y1.009 E2.23668
G1 X-6.487 Y1.015 E2.23692
G1 X-6.769 Y-.058 F4800
;WIDTH:0.449999
G1 F900
G1 X-6.765 Y-.081 E2.23753
G1 X-6.498 Y-.081 E2.24449
G1 X-6.265 Y.428 E2.25908
G1 X-5.968 Y.964 E2.27505
G1 X-5.492 Y1.571 E2.29515
G1 X-4.758 Y2.213 E2.32056
G1 X-4.025 Y2.622 E2.34243
;WIDTH:0.494732
G1 X-3.762 Y2.726 E2.35059
;WIDTH:0.539464
G1 X-3.499 Y2.83 E2.35954
;WIDTH:0.584196
G1 X-3.236 Y2.934 E2.36928
G1 X-2.303 Y2.985 E2.40145
;WIDTH:0.586021
G1 X-1.739 Y2.932 E2.42102
G1 X-1.633 Y2.892 E2.42493
;WIDTH:0.550592
G1 X-1.461 Y2.821 E2.43095
;WIDTH:0.517061
G1 X-1.289 Y2.751 E2.43657
;WIDTH:0.48353
G1 X-1.117 Y2.68 E2.44181
;WIDTH:0.449999
G1 X-.494 Y2.376 E2.45987
G1 X.187 Y1.872 E2.48194
G1 X.705 Y1.323 E2.50161
G1 X.912 Y1.024 E2.51109
G1 X1.273 Y.442 E2.52893
G1 X1.498 Y-.081 E2.54376
G1 X1.765 Y-.081 E2.55072
G1 X1.871 Y.605 E2.56881
G1 X2.033 Y1.199 E2.58485
G1 X2.223 Y1.651 E2.59763
G1 X2.028 Y1.998 E2.608
G1 X1.536 Y2.686 E2.63004
G1 X1.062 Y3.207 E2.64839
G1 X.663 Y3.552 E2.66213
G1 X-1.085 Y3.552 E2.70768
;WIDTH:0.49534
G1 X-1.291 Y3.529 E2.71367
;WIDTH:0.540681
G1 X-1.498 Y3.507 E2.72027
;WIDTH:0.586021
G1 X-1.705 Y3.484 E2.72746
G1 X-2.469 Y3.502 E2.75385
;WIDTH:0.584196
G1 X-3.261 Y3.485 E2.78112
G1 X-3.374 Y3.504 E2.78506
;WIDTH:0.546032
G1 X-3.487 Y3.523 E2.78873
;WIDTH:0.507868
G1 X-3.831 Y3.537 E2.79894
;WIDTH:0.478934
G1 X-4.175 Y3.552 E2.80853
;WIDTH:0.449999
G1 X-5.654 Y3.552 E2.84707
G1 X-6.32 Y2.935 E2.87073
G1 X-6.705 Y2.463 E2.8866
G1 X-7.223 Y1.653 E2.91165
G1 X-7.027 Y1.178 E2.92504
G1 X-6.855 Y.531 E2.94248
G1 X-6.777 Y.002 E2.95641
G1 X-7.011 Y-.504 F4800
;TYPE:External perimeter
G1 F900
G1 X-6.202 Y-.498 E2.97749
G1 X-6.032 Y-.022 E2.99066
G1 X-5.659 Y.676 E3.01128
G1 X-5.137 Y1.341 E3.03331
G1 X-4.549 Y1.851 E3.05359
G1 X-3.894 Y2.225 E3.07324
G1 X-3.194 Y2.451 E3.09241
G1 X-2.361 Y2.52 E3.11419
G1 X-1.789 Y2.449 E3.12921
G1 X-1.295 Y2.302 E3.14264
G1 X-.738 Y2.037 E3.15871
G1 X-.117 Y1.585 E3.17872
G1 X.401 Y1.037 E3.19837
G1 X.896 Y.261 E3.22235
G1 X1.202 Y-.498 E3.24367
G1 X2.003 Y-.501 E3.26454
;WIDTH:0.44572
G1 X2.094 Y-.592 E3.26786
;WIDTH:0.408955
G1 X2.186 Y-.683 E3.2709
;WIDTH:0.406082
G1 X2.17 Y-.53 E3.27449
;WIDTH:0.439974
G1 X2.154 Y-.378 E3.27838
;WIDTH:0.449999
G1 X2.297 Y.579 E3.30359
G1 X2.446 Y1.118 E3.31816
G1 X2.688 Y1.674 E3.33396
G1 X2.381 Y2.222 E3.35033
G1 X1.861 Y2.949 E3.37362
G1 X1.355 Y3.507 E3.39325
G1 X.819 Y3.97 E3.4117
G1 X-5.816 Y3.97 E3.58458
G1 X-6.589 Y3.264 E3.61186
G1 X-6.983 Y2.797 E3.62778
G1 X-7.412 Y2.174 E3.64749
G1 X-7.689 Y1.675 E3.66236
G1 X-7.43 Y1.068 E3.67956
G1 X-7.269 Y.47 E3.6957
G1 X-7.15 Y-.332 E3.71683
G1 X-7.168 Y-.507 E3.72141
;WIDTH:0.411095
G1 X-7.186 Y-.683 E3.72559
;WIDTH:0.406083
G1 X-7.105 Y-.594 E3.7284
;WIDTH:0.439976
G1 X-7.056 Y-.539 E3.73027
G1 X-6.657 Y-.505 F4800
G1 E1.73027 F2400
G92 E0
G1 Z1.25 F4800
G1 X5.832 Y-4.763
G1 Z.95
G1 E2 F2400
;TYPE:Perimeter
;WIDTH:0.579698
G1 F900
G1 X5.798 Y-4.704 E2.00233
G1 X5.729 Y-4.704 E2.00469
G1 X5.695 Y-4.763 E2.00702
G1 X5.729 Y-4.823 E2.00937
G1 X5.798 Y-4.823 E2.01173
G1 E.01173 F2400
G92 E0
G1 Z1.25 F4800
G1 X3.122 Y-4.702
G1 Z.95
G1 E2 F2400
;WIDTH:0.452114
G1 F900
G1 X3.096 Y-4.657 E2.00136
G1 X3.043 Y-4.657 E2.00275
G1 X3.017 Y-4.702 E2.00411
G1 X3.043 Y-4.748 E2.00549
G1 X3.096 Y-4.748 E2.00688
G1 E.00688 F2400
G92 E0
G1 Z1.25 F4800
G1 X5.967 Y-4.193
G1 Z.95
G1 E2 F2400
;WIDTH:0.449999
G1 F900
G1 X5.683 Y-4.284 E2.00777
;WIDTH:0.493813
G1 X4.866 Y-4.305 E2.0313
G1 X3.013 Y-4.284 E2.08465
;WIDTH:0.449999
G1 X2.651 Y-4.053 E2.09584
G1 X2.651 Y-5.212 E2.12604
G1 X2.906 Y-5.571 E2.13751
G1 X3.207 Y-5.571 E2.14535
G1 X3.241 Y-5.213 E2.15472
G1 X3.376 Y-4.988 E2.16156
;WIDTH:0.493813
G1 X3.834 Y-4.767 E2.1762
G1 X4.969 Y-4.767 E2.20887
G1 X5.345 Y-5.011 E2.22177
;WIDTH:0.449999
G1 X5.487 Y-5.333 E2.23094
G1 X5.493 Y-5.571 E2.23714
G1 X5.812 Y-5.571 E2.24545
G1 X5.923 Y-5.425 E2.25023
G1 X6.211 Y-4.952 E2.26466
G1 X6.586 Y-4.091 E2.28913
;WIDTH:0.422945
G1 X6.742 Y-3.636 E2.30085
;WIDTH:0.39067
G1 X6.899 Y-3.18 E2.31163
;WIDTH:0.405365
G1 X6.889 Y-3.11 E2.31328
;WIDTH:0.452336
G1 X6.88 Y-3.039 E2.31516
;WIDTH:0.499306
G1 X6.87 Y-2.968 E2.31725
;WIDTH:0.546277
G1 X6.861 Y-2.897 E2.31954
;WIDTH:0.593248
G1 X6.851 Y-2.827 E2.32201
;WIDTH:0.640218
G1 X6.842 Y-2.756 E2.32472
G1 X6.799 Y-2.812 E2.3274
;WIDTH:0.593248
G1 X6.756 Y-2.867 E2.32984
;WIDTH:0.546277
G1 X6.714 Y-2.923 E2.33208
;WIDTH:0.499306
G1 X6.671 Y-2.978 E2.33411
;WIDTH:0.452336
G1 X6.629 Y-3.034 E2.33594
;WIDTH:0.405365
G1 X6.586 Y-3.089 E2.33756
;WIDTH:0.378238
G1 X6.485 Y-3.391 E2.34443
;WIDTH:0.422945
G1 X6.227 Y-3.938 E2.35917
;WIDTH:0.449999
G1 X6.044 Y-4.169 E2.36685
G1 X6.024 Y-4.175 E2.36739
G1 X6.842 Y-2.756 F4800
;WIDTH:0.640218
G1 F900
G1 X6.941 Y-2.247 E2.38705
G1 X5.763 Y-3.84 F4800
;TYPE:External perimeter
;WIDTH:0.449999
G1 F900
G1 X5.683 Y-3.866 E2.38924
G1 X3.069 Y-3.866 E2.45735
G1 X2.823 Y-3.745 E2.46449
G1 X2.441 Y-2.916 E2.48827
;WIDTH:0.450986
G1 X2.236 Y-2.145 E2.50911
G1 X2.233 Y-2.943 E2.52995
;WIDTH:0.449999
G1 X2.233 Y-5.345 E2.59254
G1 X2.691 Y-5.989 E2.61313
G1 X3.625 Y-5.989 E2.63747
G1 X3.625 Y-5.416 E2.6524
G1 X3.681 Y-5.273 E2.6564
G1 X3.834 Y-5.207 E2.66074
G1 X4.866 Y-5.207 E2.68763
G1 X5.026 Y-5.281 E2.69222
G1 X5.075 Y-5.416 E2.69596
G1 X5.075 Y-5.989 E2.71089
G1 X6.015 Y-5.989 E2.73538
G1 X6.26 Y-5.675 E2.74576
G1 X6.568 Y-5.174 E2.76108
G1 X6.807 Y-4.678 E2.77543
G1 X7.207 Y-3.494 E2.80799
G1 X7.327 Y-2.961 E2.82223
G1 X7.471 Y-1.956 E2.84868
G1 X6.535 Y-1.492 E2.8759
G1 X6.457 Y-2.136 E2.8928
G1 X6.326 Y-2.703 E2.90796
G1 X6.146 Y-3.215 E2.9221
G1 X5.812 Y-3.812 E2.93992
G1 X5.415 Y-3.86 F4800
M106 S214.2
;LAYER_CHANGE
;Z:1.1
;HEIGHT:0.15
G1 E.93992 F2400
G92 E0
G1 Z1.1 F4800
G1 Z1.4
G1 X4.417 Y-7.026
G1 Z1.1
G1 E2 F2400
;TYPE:Support material interface
;WIDTH:0.35
G1 F3600
G1 X3.405 Y-8.038 E2.02837
G1 X2.902 Y-8.092 E2.0384
G1 X3.962 Y-7.032 E2.06811
G1 X3.512 Y-7.032 E2.07703
G1 X2.506 Y-8.038 E2.10523
G1 X2.255 Y-7.839 E2.11158
G1 X3.063 Y-7.032 E2.13421
G1 X2.632 Y-7.032 E2.14275
G1 X2.09 Y-7.555 E2.15768
G1 X1.949 Y-7.246 E2.16441
G1 X2.07 Y-7.126 E2.16779
G1 X1.874 Y-6.873 E2.17413
G1 X1.811 Y-6.935 E2.17588
G1 X1.667 Y-6.629 E2.18258
G1 X1.78 Y-6.517 E2.18573
G1 X1.837 Y-6.01 F4800
G1 F3600
G1 X1.466 Y-6.382 E2.19614
G1 X1.191 Y-6.242 E2.20226
G1 X1.575 Y-5.823 E2.21352
G1 X1.537 Y-5.646 E2.21711
G1 X1.406 Y-5.543 E2.22041
G1 X.893 Y-6.055 E2.23477
G1 E.23477 F2400
G92 E0
G1 Z1.4 F4800
G1 X-3.317 Y-8.593
G1 Z1.1
G1 E2 F2400
;TYPE:Support material
G1 F3600
G1 X-2.217 Y-8.902 E2.02265
G1 X-1.804 Y-8.946 E2.03088
G1 X-1.772 Y-9.294 E2.03781
G1 X-1.36 Y-9.252 E2.04602
G1 X-.925 Y-9.112 E2.05508
G1 X-.219 Y-8.612 E2.07223
G1 X.229 Y-7.871 E2.08939
G1 X.33 Y-7.441 E2.09814
G1 X.292 Y-6.529 E2.11623
G1 X-.08 Y-5.748 E2.13338
G1 X-.684 Y-5.233 E2.14911
G1 X-.827 Y-4.634 E2.16132
G1 X-.829 Y-4.086 E2.17218
G1 X-1.115 Y-3.26 E2.1895
G1 X-1.702 Y-2.645 E2.20635
G1 X-2.455 Y-2.336 E2.22248
G1 X-3.234 Y-2.341 E2.23792
G1 X-3.977 Y-2.65 E2.25387
G1 X-4.539 Y-3.199 E2.26944
G1 X-4.714 Y-3.497 E2.27629
G1 X-4.914 Y-4.197 E2.29072
G1 X-5.38 Y-4.558 E2.3024
G1 X-5.873 Y-4.814 E2.31341
G1 X-6.502 Y-5.367 E2.33001
G1 X-6.035 Y-5.408 E2.3393
G1 X-5.766 Y-6.038 E2.35288
G1 X-5.5 Y-7.166 E2.37585
G1 X-5.569 Y-7.607 E2.3847
G1 X-5.932 Y-8.216 E2.39875
G1 X-5.932 Y-8.963 E2.41356
G1 X-5.514 Y-8.687 E2.42349
G1 X-4.738 Y-9.041 E2.44039
G1 X-3.837 Y-9.072 E2.45826
G1 X-3.252 Y-8.937 E2.47016
G1 X-2.29 Y-9.246 E2.49019
G1 X-1.819 Y-9.298 E2.49958
G1 X-1.635 Y-9.633 F4800
G1 F3600
G1 X-.784 Y-9.434 E2.5169
G1 X-.343 Y-9.185 E2.52694
G1 X.038 Y-8.852 E2.53697
G1 X.343 Y-8.448 E2.547
G1 X.561 Y-7.988 E2.55709
G1 X.678 Y-7.488 E2.56727
G1 X.635 Y-6.449 E2.58788
G1 X.466 Y-5.966 E2.59802
G1 X.198 Y-5.532 E2.60813
G1 X-.375 Y-5.019 E2.62337
G1 X-.593 Y-3.544 E2.65292
G1 X-.815 Y-3.075 E2.6632
G1 X-1.131 Y-2.669 E2.6734
G1 X-1.923 Y-2.128 E2.69241
G1 X-2.39 Y-1.99 E2.70206
G1 X-3.303 Y-1.996 E2.72016
G1 X-4.172 Y-2.357 E2.73881
G1 X-4.553 Y-2.67 E2.74858
G1 X-5.031 Y-3.347 E2.76501
G1 X-5.23 Y-3.999 E2.77852
G1 X-6.072 Y-4.523 E2.79818
G1 X-6.608 Y-5.033 E2.81284
G1 X-6.608 Y-5.709 E2.82624
G1 X-6.266 Y-5.739 E2.83304
G1 X-5.856 Y-7.182 E2.86277
G1 X-5.943 Y-7.55 E2.87026
G1 X-6.261 Y-8.072 E2.88237
G1 X-6.282 Y-8.562 E2.89209
G1 X-6.622 Y-8.781 E2.90011
G1 X-6.379 Y-9.045 E2.90722
G1 X-5.804 Y-9.298 E2.91967
G1 X-5.504 Y-9.1 E2.92679
G1 X-4.82 Y-9.383 E2.94146
G1 X-4.303 Y-9.453 E2.9518
G1 X-3.267 Y-9.3 E2.97256
G1 X-2.364 Y-9.59 E2.99136
G1 X-1.683 Y-9.637 E3.00489
G1 E1.00489 F2400
G92 E0
G1 Z1.4 F4800
G1 X-6.433 Y-7.988
G1 Z1.1
G1 E2 F2400
;TYPE:Support material interface
G1 F3600
G1 X-6.892 Y-8.447 E2.01287
G1 X-7.057 Y-8.163 E2.01938
G1 X-6.275 Y-7.381 E2.0413
G1 X-6.201 Y-7.172 E2.04569
G1 X-6.261 Y-6.917 E2.05088
G1 X-7.367 Y-8.023 E2.08188
G1 X-7.676 Y-7.883 E2.0886
G1 X-6.347 Y-6.554 E2.12585
G1 X-6.435 Y-6.193 E2.13321
G1 X-7.986 Y-7.743 E2.17667
G1 X-8.307 Y-7.615 E2.18352
G1 X-8.042 Y-7.35 E2.19095
G1 X-8.491 Y-7.35 E2.19985
G1 X-8.698 Y-7.556 E2.20564
G1 X-10.146 Y-7.207 F4800
G1 F3600
G1 X-11.118 Y-8.179 E2.23288
G1 X-11.304 Y-7.915 E2.23928
G1 X-10.738 Y-7.35 E2.25513
G1 X-11.188 Y-7.35 E2.26405
G1 X-11.491 Y-7.652 E2.27253
G1 X-11.74 Y-7.657 E2.27747
G1 X-11.781 Y-7.493 E2.28082
G1 X-11.534 Y-7.246 E2.28774
G1 X-11.732 Y-6.995 E2.29408
G1 X-11.891 Y-7.154 E2.29854
G1 X-12.01 Y-6.824 E2.30549
G1 X-11.829 Y-6.642 E2.31058
G1 X-11.773 Y-6.137 F4800
G1 F3600
G1 X-12.203 Y-6.567 E2.32263
G1 X-12.392 Y-6.516 E2.32651
G1 X-12.457 Y-6.371 E2.32966
G1 X-11.946 Y-5.86 E2.34398
G1 E.34398 F2400
G92 E0
G1 Z1.4 F4800
G1 X-10.402 Y-.786
G1 Z1.1
G1 E2 F2400
;TYPE:Support material
G1 F3600
G1 X-10.384 Y-1.223 E2.00867
G1 X-10.282 Y-1.447 E2.01355
G1 X-9.942 Y-1.794 E2.02318
G1 X-9.571 Y-1.929 E2.031
G1 X-9.537 Y-2.277 E2.03793
G1 X-9.291 Y-2.253 E2.04283
G1 X-8.66 Y-1.913 E2.05704
G1 X-8.431 Y-1.629 E2.06427
G1 X-8.238 Y-.937 E2.07851
G1 X-8.428 Y-.26 E2.09245
G1 X-8.658 Y.024 E2.09969
G1 X-8.952 Y.228 E2.10678
G1 X-9.652 Y.364 E2.12091
G1 X-10.327 Y.115 E2.13517
G1 X-10.763 Y-.421 E2.14886
G1 X-10.723 Y-1.32 E2.1667
G1 X-10.563 Y-1.657 E2.17409
G1 X-10.147 Y-2.081 E2.18586
G1 X-9.585 Y-2.282 E2.19769
G1 E.19769 F2400
G92 E0
G1 Z1.4 F4800
G1 X-11.987 Y1.954
G1 Z1.1
G1 E2 F2400
G1 F3600
G1 X-11.943 Y1.617 E2.00674
G1 X-11.725 Y1.283 E2.01464
G1 X-11.387 Y1.076 E2.0225
G1 X-10.968 Y1.025 E2.03087
G1 X-10.902 Y.681 E2.03781
G1 X-10.664 Y.727 E2.04261
G1 X-10.152 Y1.053 E2.05464
G1 X-9.825 Y1.649 E2.06811
G1 X-9.851 Y2.359 E2.08219
G1 X-10.01 Y2.674 E2.08918
G1 X-10.253 Y2.93 E2.09618
G1 X-10.572 Y3.112 E2.10346
G1 X-10.948 Y3.195 E2.11109
G1 X-11.335 Y3.165 E2.11878
G1 X-11.696 Y3.023 E2.12647
G1 X-12 Y2.781 E2.13417
G1 X-12.218 Y2.465 E2.14178
G1 X-12.34 Y1.787 E2.15543
G1 X-12.147 Y1.243 E2.16687
G1 X-11.749 Y.86 E2.17782
G1 X-11.229 Y.678 E2.18874
G1 X-10.949 Y.672 E2.19429
G1 E.19429 F2400
G92 E0
G1 Z1.4 F4800
G1 X-6.528 Y6.905
G1 Z1.1
G1 E2 F2400
G1 F3600
G1 X-6.358 Y6.678 E2.00562
G1 X-5.948 Y6.364 E2.01586
G1 X-5.207 Y6.196 E2.03092
G1 X-5.166 Y5.848 E2.03786
G1 X-4.44 Y6.028 E2.05268
G1 X-3.811 Y6.528 E2.06861
G1 X-3.479 Y7.141 E2.08243
G1 X-3.404 Y7.933 E2.0982
G1 X-3.678 Y8.697 E2.11429
G1 X-4.247 Y9.273 E2.13034
G1 X-4.733 Y9.496 E2.14094
G1 X-5.13 Y9.567 E2.14893
G1 X-5.941 Y9.438 E2.16521
G1 X-6.618 Y8.978 E2.18143
G1 X-7.017 Y8.298 E2.19706
G1 X-7.114 Y7.557 E2.21187
G1 X-6.876 Y6.786 E2.22786
G1 X-6.616 Y6.439 E2.23645
G1 X-6.118 Y6.058 E2.24888
G1 X-5.612 Y5.879 E2.25952
G1 X-5.213 Y5.843 E2.26746
G1 X-4.804 Y5.539 F4800
G1 F3600
G1 X-4.286 Y5.711 E2.27828
G1 X-3.88 Y5.967 E2.28779
G1 X-3.537 Y6.306 E2.29735
G1 X-3.142 Y7.04 E2.31387
G1 X-3.056 Y7.979 E2.33256
G1 X-3.169 Y8.459 E2.34233
G1 X-3.38 Y8.885 E2.35175
G1 X-3.671 Y9.256 E2.3611
G1 X-4.045 Y9.559 E2.37064
G1 X-4.633 Y9.833 E2.3835
G1 X-5.107 Y9.918 E2.39304
G1 X-5.598 Y9.895 E2.40278
G1 X-6.071 Y9.765 E2.4125
G1 X-6.503 Y9.536 E2.42219
G1 X-6.875 Y9.218 E2.43189
G1 X-7.171 Y8.817 E2.44177
G1 X-7.352 Y8.406 E2.45067
G1 X-7.465 Y7.529 E2.4682
G1 X-7.182 Y6.611 E2.48724
G1 X-6.873 Y6.199 E2.49745
G1 X-6.538 Y5.908 E2.50624
G1 X-6.137 Y5.678 E2.5154
G1 X-5.681 Y5.534 E2.52488
G1 X-4.851 Y5.533 E2.54133
G1 E.54133 F2400
G92 E0
G1 Z1.4 F4800
G1 X-1 Y6.89
G1 Z1.1
G1 E2 F2400
G1 F3600
G1 X-.634 Y6.463 E2.01115
G1 X-.358 Y6.292 E2.01758
G1 X.295 Y6.139 E2.03087
G1 X.328 Y5.791 E2.0378
G1 X1.064 Y5.954 E2.05274
G1 X1.431 Y6.175 E2.06123
G1 X1.903 Y6.7 E2.07522
G1 X2.07 Y7.064 E2.08316
G1 X2.166 Y7.58 E2.09356
G1 X2.016 Y8.388 E2.10985
G1 X1.511 Y9.063 E2.12656
G1 X1.168 Y9.296 E2.13478
G1 X.617 Y9.486 E2.14633
G1 X-.297 Y9.424 E2.16449
G1 X-1.002 Y8.979 E2.18101
G1 X-1.476 Y8.317 E2.19715
G1 X-1.561 Y7.656 E2.21036
G1 X-1.486 Y7.135 E2.22079
G1 X-1.126 Y6.449 E2.23614
G1 X-.511 Y5.975 E2.25153
G1 X.281 Y5.786 E2.26767
G1 X.746 Y5.48 F4800
G1 F3600
G1 X1.211 Y5.634 E2.27738
G1 X1.637 Y5.891 E2.28724
G1 X2.206 Y6.521 E2.30407
G1 X2.404 Y6.952 E2.31347
G1 X2.508 Y7.429 E2.32315
G1 X2.479 Y8.083 E2.33612
G1 X2.33 Y8.543 E2.3457
G1 X2.077 Y8.972 E2.35557
G1 X1.74 Y9.331 E2.36533
G1 X1.333 Y9.607 E2.37508
G1 X.673 Y9.832 E2.3889
G1 X-.108 Y9.829 E2.40438
G1 X-.568 Y9.693 E2.41389
G1 X-.99 Y9.455 E2.42349
G1 X-1.648 Y8.748 E2.44263
G1 X-1.855 Y8.234 E2.45361
G1 X-1.912 Y7.663 E2.46498
G1 X-1.825 Y7.042 E2.47741
G1 X-1.658 Y6.615 E2.4865
G1 X-1.396 Y6.223 E2.49584
G1 X-1.065 Y5.907 E2.50491
G1 X-.664 Y5.658 E2.51427
G1 X-.215 Y5.497 E2.52372
G1 X.275 Y5.434 E2.53351
G1 X.698 Y5.475 E2.54193
G1 E.54193 F2400
G92 E0
G1 Z1.4 F4800
G1 X4.91 Y1.874
G1 Z1.1
G1 E2 F2400
G1 F3600
G1 X4.894 Y1.614 E2.00516
G1 X5.08 Y1.138 E2.01529
G1 X5.476 Y.836 E2.02516
G1 X5.749 Y.77 E2.03073
G1 X5.749 Y.42 E2.03767
G1 X6.067 Y.436 E2.04398
G1 X6.451 Y.563 E2.052
G1 X6.964 Y1.05 E2.06602
G1 X7.111 Y1.382 E2.07322
G1 X7.16 Y1.743 E2.08044
G1 X6.983 Y2.442 E2.09473
G1 X6.77 Y2.724 E2.10173
G1 X6.48 Y2.93 E2.10878
G1 X6.131 Y3.042 E2.11604
G1 X5.395 Y2.966 E2.1307
G1 X5.073 Y2.792 E2.13795
G1 X4.812 Y2.536 E2.1452
G1 X4.631 Y2.22 E2.15242
G1 X4.541 Y1.831 E2.16033
G1 X4.626 Y1.239 E2.17218
G1 X5.029 Y.69 E2.18568
G1 X5.344 Y.508 E2.19289
G1 X5.702 Y.42 E2.2002
G1 E.2002 F2400
G92 E0
G1 Z1.4 F4800
G1 X3.381 Y-.95
G1 Z1.1
G1 E2 F2400
G1 F3600
G1 X3.285 Y-1.184 E2.00501
G1 X3.299 Y-1.699 E2.01522
G1 X3.582 Y-2.133 E2.02549
G1 X4.062 Y-2.366 E2.03606
G1 X4.053 Y-2.716 E2.043
G1 X4.535 Y-2.709 E2.05255
G1 X4.889 Y-2.589 E2.05996
G1 X5.185 Y-2.385 E2.06708
G1 X5.573 Y-1.785 E2.08124
G1 X5.626 Y-1.429 E2.08837
G1 X5.575 Y-1.072 E2.09552
G1 X5.386 Y-.668 E2.10436
G1 X5.193 Y-.466 E2.1099
G1 X4.826 Y-.222 E2.11863
G1 X4.474 Y-.111 E2.12595
G1 X4.105 Y-.101 E2.13327
G1 X3.741 Y-.191 E2.1407
G1 X3.169 Y-.636 E2.15506
G1 X2.941 Y-1.1 E2.16531
G1 X2.962 Y-1.803 E2.17925
G1 X3.08 Y-2.082 E2.18525
G1 X3.346 Y-2.396 E2.19341
G1 X4.005 Y-2.716 E2.20793
G1 E.20793 F2400
G92 E0
G1 Z1.4 F4800
G1 X6.246 Y-7.695
G1 Z1.1
G1 E2 F2400
G1 F3600
G1 X6.361 Y-7.61 E2.00283
G1 X6.407 Y-7.421 E2.00669
G1 X6.282 Y-7.235 E2.01113
G1 X5.832 Y-7.022 E2.021
G1 X5.383 Y-6.999 E2.02991
G1 X5.24 Y-7.104 E2.03343
G1 X5.257 Y-7.292 E2.03717
G1 X5.61 Y-7.625 E2.04679
G1 X6.204 Y-7.718 E2.05871
G1 E.05871 F2400
G92 E0
G1 Z1.4 F4800
G1 X2.181 Y-.924
G1 Z1.1
G1 E2 F2400
;TYPE:External perimeter
;WIDTH:0.373558
G1 F900
G1 X2.194 Y-1.783 E2.01829
;WIDTH:0.415363
G1 X2.215 Y-2.027 E2.02414
;WIDTH:0.457167
G1 X2.236 Y-2.27 E2.0306
;WIDTH:0.498972
G1 X2.257 Y-2.514 E2.03773
;WIDTH:0.540776
G1 X2.278 Y-2.757 E2.04547
G1 X2.253 Y-2.358 F4800
G1 E.04547 F2400
G92 E0
G1 Z1.4 F4800
G1 X-7.233 Y-2.344
G1 Z1.1
G1 E2 F2400
;WIDTH:0.45072
G1 F900
G1 X-7.214 Y-2.073 E2.00709
;WIDTH:0.412913
G1 X-7.195 Y-1.801 E2.01356
;WIDTH:0.375106
G1 X-7.18 Y-.97 E2.03133
;WIDTH:0.37219
G1 X-7.181 Y-.923 E2.03233
G1 X-7.191 Y-1.323 F4800
G1 E.03233 F2400
G92 E0
G1 Z1.4 F4800
G1 X-11.98 Y-2.156
G1 Z1.1
G1 E2 F2400
;TYPE:Perimeter
;WIDTH:0.617577
G1 F900
G1 X-11.904 Y-2.599 E2.01641
;WIDTH:0.65145
G1 X-11.829 Y-3.042 E2.03376
G1 X-11.128 Y-4.48 F4800
;WIDTH:0.35161
G1 F900
G1 X-10.823 Y-5.116 E2.04781
G1 X-10.715 Y-4.798 E2.0545
G1 X-10.28 Y-4.554 E2.06444
G1 X-10.851 Y-4.554 E2.07581
G1 X-11.07 Y-4.496 E2.08032
G1 E.08032 F2400
G92 E0
G1 Z1.4 F4800
G1 X-8.017 Y-4.605
G1 Z1.1
G1 E2 F2400
;WIDTH:0.45212
G1 F900
G1 X-8.043 Y-4.559 E2.00138
G1 X-8.096 Y-4.559 E2.00277
G1 X-8.122 Y-4.605 E2.00415
G1 X-8.096 Y-4.65 E2.00551
G1 X-8.043 Y-4.65 E2.0069
G1 E.0069 F2400
G92 E0
G1 Z1.4 F4800
G1 X-11.125 Y-4.099
G1 Z1.1
G1 E2 F2400
;WIDTH:0.449999
G1 F900
G1 X-11.232 Y-4.065 E2.00293
G1 X-11.324 Y-3.923 E2.00734
;WIDTH:0.420153
G1 X-11.416 Y-3.781 E2.01143
;WIDTH:0.390307
G1 X-11.561 Y-3.384 E2.02087
;WIDTH:0.411681
G1 X-11.605 Y-3.327 E2.02257
;WIDTH:0.459635
G1 X-11.65 Y-3.27 E2.02451
;WIDTH:0.507589
G1 X-11.695 Y-3.213 E2.02666
;WIDTH:0.555543
G1 X-11.74 Y-3.156 E2.02903
;WIDTH:0.603496
G1 X-11.785 Y-3.099 E2.03162
;WIDTH:0.65145
G1 X-11.829 Y-3.042 E2.0344
G1 X-11.837 Y-3.116 E2.03727
;WIDTH:0.603496
G1 X-11.845 Y-3.189 E2.03989
;WIDTH:0.555543
G1 X-11.853 Y-3.262 E2.04229
;WIDTH:0.507589
G1 X-11.861 Y-3.336 E2.0445
;WIDTH:0.459635
G1 X-11.868 Y-3.409 E2.04645
;WIDTH:0.411681
G1 X-11.876 Y-3.482 E2.04819
;WIDTH:0.383902
G1 X-11.805 Y-3.745 E2.05417
;WIDTH:0.416951
G1 X-11.696 Y-4.038 E2.06167
;WIDTH:0.449999
G1 X-11.371 Y-4.859 E2.08468
G1 X-11.107 Y-5.369 E2.09964
G1 X-10.84 Y-5.775 E2.1123
G1 X-10.493 Y-5.8 E2.12136
G1 X-10.493 Y-5.318 E2.13392
G1 X-10.4 Y-4.99 E2.1428
;WIDTH:0.493813
G1 X-9.866 Y-4.669 E2.16074
G1 X-8.732 Y-4.669 E2.19339
G1 X-8.376 Y-4.89 E2.20545
;WIDTH:0.488141
G1 X-8.277 Y-5.047 E2.21073
;WIDTH:0.526282
G1 X-8.179 Y-5.203 E2.21641
G1 X-8.172 Y-5.766 E2.23376
;WIDTH:0.519425
G1 X-7.906 Y-5.766 E2.24184
G1 X-7.685 Y-5.451 E2.25353
;WIDTH:0.526282
G1 X-7.67 Y-4.882 E2.27107
;WIDTH:0.488141
G1 X-7.651 Y-4.605 E2.27896
;WIDTH:0.449999
G1 X-7.651 Y-4.063 E2.29308
G1 X-7.834 Y-4.186 E2.29883
G1 X-8.069 Y-4.186 E2.30495
;WIDTH:0.493813
G1 X-8.834 Y-4.208 E2.32698
G1 X-10.851 Y-4.186 E2.38505
;WIDTH:0.449999
G1 X-11.068 Y-4.117 E2.39098
G1 X-10.929 Y-3.745 F4800
;TYPE:External perimeter
G1 F900
G1 X-10.985 Y-3.728 E2.3925
G1 X-11.117 Y-3.484 E2.39973
G1 X-11.328 Y-2.912 E2.41562
G1 X-11.501 Y-2.083 E2.43769
G1 X-11.558 Y-1.405 E2.45542
G1 X-12.493 Y-1.869 E2.48262
G1 X-12.412 Y-2.698 E2.50432
G1 X-12.286 Y-3.369 E2.52211
G1 X-12.123 Y-4.017 E2.53952
G1 X-11.97 Y-4.499 E2.5527
G1 X-11.691 Y-5.149 E2.57113
G1 X-11.383 Y-5.712 E2.58785
G1 X-11.018 Y-6.218 E2.60411
G1 X-10.075 Y-6.218 E2.62868
G1 X-10.075 Y-5.585 E2.64517
G1 X-10.044 Y-5.209 E2.655
G1 X-9.866 Y-5.109 E2.66032
G1 X-8.834 Y-5.109 E2.68721
G1 X-8.681 Y-5.175 E2.69155
G1 X-8.625 Y-5.318 E2.69555
G1 X-8.625 Y-6.218 E2.719
G1 X-7.685 Y-6.218 E2.74349
G1 X-7.233 Y-5.581 E2.76384
G1 X-7.233 Y-3.194 E2.82604
;WIDTH:0.45072
G1 X-7.236 Y-2.369 E2.84757
;WIDTH:0.450674
G1 X-7.448 Y-3.166 E2.86909
;WIDTH:0.449999
G1 X-7.641 Y-3.639 E2.8824
G1 X-7.834 Y-3.768 E2.88845
G1 X-10.851 Y-3.768 E2.96706
G1 X-10.871 Y-3.762 E2.9676
G1 X-11.12 Y-3.448 F4800
G1 E.9676 F2400
G92 E0
G1 Z1.4 F4800
G1 X1.62 Y1.166
G1 Z1.1
G1 E2 F2400
;TYPE:Perimeter
;WIDTH:0.547387
G1 F900
G1 X1.777 Y1.599 E2.0148
;WIDTH:0.549205
G1 X1.672 Y1.77 E2.02127
;WIDTH:0.586396
G1 X1.142 Y2.491 E2.0522
;WIDTH:0.609708
G1 X.602 Y3.03 E2.07968
G1 X.359 Y3.054 E2.08847
;WIDTH:0.562145
G1 X.179 Y3.12 E2.09481
;WIDTH:0.528205
G1 X0 Y3.187 E2.10072
;WIDTH:0.494265
G1 X-.18 Y3.254 E2.10625
;WIDTH:0.467583
G1 X-.335 Y3.392 E2.11188
G1 X-.797 Y3.392 E2.12442
;WIDTH:0.481506
G1 X-1.641 Y3.385 E2.14807
G1 X-1.492 Y3.345 E2.15239
;WIDTH:0.476038
G1 X-.84 Y3.125 E2.17144
;WIDTH:0.467583
G1 X-.399 Y2.886 E2.18506
;WIDTH:0.510119
G1 X-.168 Y2.766 E2.19282
;WIDTH:0.559914
G1 X.064 Y2.646 E2.20142
;WIDTH:0.609708
G1 X.295 Y2.527 E2.21078
G1 X.866 Y1.971 E2.23948
;WIDTH:0.575705
G1 X1.285 Y1.424 E2.26283
;WIDTH:0.547387
G1 X1.557 Y.989 E2.27931
G1 X1.6 Y1.109 E2.28341
G1 E.28341 F2400
G92 E0
G1 Z1.4 F4800
G1 X-6.628 Y1.174
G1 Z1.1
G1 E2 F2400
;WIDTH:0.553603
G1 F900
G1 X-6.556 Y.992 E2.00636
G1 X-6.519 Y1.049 E2.00857
;WIDTH:0.553814
G1 X-6.171 Y1.585 E2.02936
;WIDTH:0.581403
G1 X-5.758 Y2.09 E2.0517
;WIDTH:0.617734
G1 X-5.317 Y2.514 E2.07404
G1 X-5.202 Y2.572 E2.07874
;WIDTH:0.569319
G1 X-5.088 Y2.63 E2.08302
;WIDTH:0.520903
G1 X-4.767 Y2.811 E2.09425
;WIDTH:0.491884
G1 X-4.446 Y2.992 E2.10481
;WIDTH:0.462864
G1 X-3.885 Y3.227 E2.12115
G1 X-3.168 Y3.401 E2.14097
;WIDTH:0.456109
G1 X-3.352 Y3.398 E2.14584
;WIDTH:0.462864
G1 X-4.666 Y3.394 E2.18113
G1 X-4.722 Y3.321 E2.1836
;WIDTH:0.490201
G1 X-4.982 Y3.201 E2.19178
;WIDTH:0.520903
G1 X-5.242 Y3.081 E2.20051
;WIDTH:0.569319
G1 X-5.432 Y3.054 E2.20694
;WIDTH:0.617734
G1 X-5.621 Y3.026 E2.21392
G1 X-6.179 Y2.442 E2.24342
;WIDTH:0.581403
G1 X-6.495 Y2.038 E2.26099
;WIDTH:0.561717
G1 X-6.786 Y1.575 E2.27905
;WIDTH:0.553603
G1 X-6.65 Y1.23 E2.29111
G1 E.29111 F2400
G92 E0
G1 Z1.4 F4800
G1 X-1.641 Y3.385
G1 Z1.1
G1 E2 F2400
;WIDTH:0.481506
G1 F900
G1 X-1.711 Y3.39 E2.00197
;WIDTH:0.471646
G1 X-2.153 Y3.409 E2.01409
;WIDTH:0.434359
G1 X-2.594 Y3.427 E2.02516
;WIDTH:0.423713
G1 X-2.881 Y3.414 E2.03217
;WIDTH:0.450354
G1 X-3.168 Y3.401 E2.03966
G1 E.03966 F2400
G92 E0
G1 Z1.4 F4800
G1 X-6.772 Y-.27
G1 Z1.1
G1 E2 F2400
;WIDTH:0.449999
G1 F900
G1 X-6.764 Y-.31 E2.00106
G1 X-6.618 Y-.31 E2.00486
G1 X-6.569 Y-.154 E2.00912
G1 X-6.253 Y.58 E2.02994
G1 X-5.994 Y.995 E2.04269
G1 X-5.635 Y1.5 E2.05883
G1 X-5.254 Y1.901 E2.07324
G1 X-4.85 Y2.244 E2.08705
G1 X-4.237 Y2.622 E2.10581
G1 X-3.773 Y2.818 E2.11893
G1 X-3.13 Y2.984 E2.13623
G1 X-2.433 Y3.037 E2.15444
G1 X-1.628 Y2.936 E2.17558
G1 X-.974 Y2.72 E2.19353
G1 X-.616 Y2.523 E2.20418
G1 X-.037 Y2.156 E2.22204
G1 X.491 Y1.671 E2.24072
G1 X.936 Y1.108 E2.25942
G1 X1.253 Y.579 E2.27549
G1 X1.618 Y-.311 E2.30055
G1 X1.764 Y-.311 E2.30435
G1 X1.788 Y-.078 E2.31045
G1 X1.963 Y.74 E2.33225
G1 X2.299 Y1.607 E2.35648
G1 X2.139 Y1.914 E2.3655
G1 X1.636 Y2.66 E2.38894
G1 X1.303 Y3.056 E2.40242
G1 X.799 Y3.528 E2.42041
G1 X.282 Y3.533 E2.43388
G1 X-.04 Y3.671 E2.44301
G1 X-.109 Y3.819 E2.44726
G1 X-4.89 Y3.819 E2.57183
G1 X-4.959 Y3.672 E2.57606
G1 X-5.291 Y3.532 E2.58545
G1 X-5.81 Y3.528 E2.59897
G1 X-6.085 Y3.281 E2.6086
G1 X-6.558 Y2.743 E2.62727
G1 X-7.004 Y2.123 E2.64717
G1 X-7.309 Y1.588 E2.66322
G1 X-7.07 Y1.072 E2.67804
G1 X-6.957 Y.642 E2.68962
G1 X-6.784 Y-.211 E2.7123
G1 X-7.014 Y-.733 F4800
;TYPE:External perimeter
G1 F900
G1 X-6.298 Y-.728 E2.73096
G1 X-6.155 Y-.249 E2.74398
G1 X-5.774 Y.566 E2.76742
G1 X-5.408 Y1.127 E2.78487
G1 X-5.066 Y1.509 E2.79823
G1 X-4.63 Y1.889 E2.8133
G1 X-4.145 Y2.189 E2.82816
G1 X-3.663 Y2.415 E2.84203
G1 X-3.091 Y2.568 E2.85746
G1 X-2.478 Y2.621 E2.87349
G1 X-1.759 Y2.539 E2.89235
G1 X-1.106 Y2.323 E2.91027
G1 X-.317 Y1.846 E2.93429
G1 X.165 Y1.409 E2.95124
G1 X.58 Y.889 E2.96857
G1 X.869 Y.415 E2.98303
G1 X1.163 Y-.268 E3.0024
G1 X1.298 Y-.728 E3.01489
G1 X2.024 Y-.733 E3.03381
;WIDTH:0.443249
G1 X2.103 Y-.828 E3.03698
;WIDTH:0.40772
G1 X2.181 Y-.924 E3.03988
G1 X2.172 Y-.765 E3.04361
;WIDTH:0.443249
G1 X2.162 Y-.606 E3.04769
;WIDTH:0.449999
G1 X2.198 Y-.162 E3.0593
G1 X2.354 Y.594 E3.07941
G1 X2.533 Y1.094 E3.09325
G1 X2.772 Y1.606 E3.10797
G1 X2.498 Y2.128 E3.12333
G1 X1.97 Y2.912 E3.14796
G1 X1.606 Y3.344 E3.16268
G1 X.965 Y3.946 E3.18559
G1 X.359 Y3.946 E3.20138
G1 X.226 Y3.993 E3.20506
G1 X.15 Y4.236 E3.21169
G1 X-5.15 Y4.236 E3.34979
G1 X-5.226 Y3.994 E3.3564
G1 X-5.359 Y3.946 E3.36008
G1 X-5.968 Y3.946 E3.37595
G1 X-6.308 Y3.646 E3.38776
G1 X-6.672 Y3.271 E3.40138
G1 X-7.144 Y2.677 E3.42115
G1 X-7.497 Y2.13 E3.43811
G1 X-7.775 Y1.6 E3.4537
G1 X-7.45 Y.897 E3.47388
G1 X-7.187 Y-.267 E3.50497
G1 X-7.184 Y-.595 E3.51352
;WIDTH:0.411095
G1 X-7.181 Y-.923 E3.52127
;WIDTH:0.407721
G1 X-7.103 Y-.828 E3.52415
;WIDTH:0.443251
G1 X-7.056 Y-.771 E3.52604
G1 X-6.657 Y-.734 F4800
G1 E1.52604 F2400
G92 E0
G1 Z1.4 F4800
G1 X6.123 Y-4.504
G1 Z1.1
G1 E2 F2400
;TYPE:Perimeter
;WIDTH:0.351629
G1 F900
G1 X5.862 Y-4.554 E2.00529
G1 X5.357 Y-4.554 E2.01535
G1 X5.715 Y-4.798 E2.02398
G1 X5.827 Y-5.106 E2.03051
G1 X6.096 Y-4.558 E2.04267
G1 E.04267 F2400
G92 E0
G1 Z1.4 F4800
G1 X3.122 Y-4.605
G1 Z1.1
G1 E2 F2400
;WIDTH:0.452114
G1 F900
G1 X3.096 Y-4.559 E2.00138
G1 X3.043 Y-4.559 E2.00277
G1 X3.017 Y-4.605 E2.00415
G1 X3.043 Y-4.65 E2.00551
G1 X3.096 Y-4.65 E2.0069
G1 E.0069 F2400
G92 E0
G1 Z1.4 F4800
G1 X6.152 Y-4.074
G1 Z1.1
G1 E2 F2400
;WIDTH:0.449999
G1 F900
G1 X5.998 Y-4.171 E2.00474
G1 X5.851 Y-4.186 E2.00859
;WIDTH:0.493813
G1 X3.834 Y-4.208 E2.06666
G1 X2.834 Y-4.186 E2.09546
;WIDTH:0.449999
G1 X2.651 Y-4.057 E2.10129
G1 X2.651 Y-4.605 E2.11557
;WIDTH:0.484711
G1 X2.668 Y-5.017 E2.12721
;WIDTH:0.519423
G1 X2.685 Y-5.43 E2.13977
G1 X2.924 Y-5.766 E2.1523
G1 X3.172 Y-5.766 E2.15984
;WIDTH:0.526283
G1 X3.179 Y-5.203 E2.17719
G1 X3.277 Y-5.047 E2.18287
;WIDTH:0.488141
G1 X3.376 Y-4.89 E2.18815
;WIDTH:0.493814
G1 X3.834 Y-4.669 E2.20279
G1 X4.97 Y-4.669 E2.23549
G1 X5.4 Y-4.99 E2.25094
;WIDTH:0.449999
G1 X5.46 Y-5.118 E2.25462
G1 X5.493 Y-5.801 E2.27244
G1 X5.813 Y-5.801 E2.28078
G1 X5.911 Y-5.674 E2.28496
G1 X6.22 Y-5.166 E2.30045
G1 X6.448 Y-4.687 E2.31427
G1 X6.661 Y-4.143 E2.32949
;WIDTH:0.428983
G1 X6.757 Y-3.838 E2.3374
;WIDTH:0.395056
G1 X6.853 Y-3.533 E2.34464
;WIDTH:0.40942
G1 X6.846 Y-3.462 E2.34632
;WIDTH:0.457712
G1 X6.839 Y-3.392 E2.34819
;WIDTH:0.506003
G1 X6.832 Y-3.321 E2.3503
;WIDTH:0.554294
G1 X6.825 Y-3.251 E2.35259
;WIDTH:0.602585
G1 X6.818 Y-3.18 E2.35513
;WIDTH:0.650876
G1 X6.812 Y-3.11 E2.35784
G1 X6.766 Y-3.163 E2.36055
;WIDTH:0.602585
G1 X6.721 Y-3.217 E2.36305
;WIDTH:0.554294
G1 X6.676 Y-3.27 E2.36531
;WIDTH:0.506003
G1 X6.631 Y-3.324 E2.36739
;WIDTH:0.457712
G1 X6.586 Y-3.377 E2.36924
;WIDTH:0.40942
G1 X6.541 Y-3.431 E2.37089
;WIDTH:0.395056
G1 X6.433 Y-3.698 E2.37741
;WIDTH:0.428983
G1 X6.325 Y-3.965 E2.38454
;WIDTH:0.449999
G1 X6.202 Y-4.042 E2.38832
G1 X6.812 Y-3.11 F4800
;WIDTH:0.650876
G1 F900
G1 X6.92 Y-2.617 E2.40779
;WIDTH:0.611548
G1 X6.98 Y-2.156 E2.42459
G1 X5.935 Y-3.735 F4800
;TYPE:External perimeter
;WIDTH:0.449999
G1 F900
G1 X5.862 Y-3.768 E2.42668
G1 X2.834 Y-3.768 E2.50558
G1 X2.638 Y-3.63 E2.51183
;WIDTH:0.495388
G1 X2.458 Y-3.194 E2.52546
;WIDTH:0.540776
G1 X2.278 Y-2.757 E2.54045
G1 X2.273 Y-2.802 E2.54189
;WIDTH:0.530544
G1 X2.253 Y-3.251 E2.55586
;WIDTH:0.490272
G1 X2.233 Y-3.701 E2.56873
;WIDTH:0.449999
G1 X2.233 Y-5.575 E2.61756
G1 X2.691 Y-6.218 E2.63813
G1 X3.625 Y-6.218 E2.66247
G1 X3.625 Y-5.353 E2.68501
G1 X3.681 Y-5.175 E2.68987
G1 X3.834 Y-5.109 E2.69421
G1 X4.866 Y-5.109 E2.7211
G1 X5.044 Y-5.209 E2.72642
G1 X5.075 Y-5.318 E2.72937
G1 X5.075 Y-6.218 E2.75282
G1 X6.016 Y-6.218 E2.77734
G1 X6.247 Y-5.924 E2.78708
G1 X6.578 Y-5.385 E2.80356
G1 X6.827 Y-4.868 E2.81851
G1 X7.048 Y-4.275 E2.835
G1 X7.342 Y-3.118 E2.8661
G1 X7.425 Y-2.609 E2.87954
G1 X7.493 Y-1.869 E2.8989
G1 X6.558 Y-1.405 E2.9261
G1 X6.536 Y-1.849 E2.93768
G1 X6.437 Y-2.491 E2.95461
G1 X6.288 Y-3.057 E2.96986
G1 X6.019 Y-3.697 E2.98795
G1 X5.99 Y-3.71 E2.98878
G1 X5.593 Y-3.761 F4800
M106 S211.65
;LAYER_CHANGE
;Z:1.25
;HEIGHT:0.15
G1 E.98878 F2400
G92 E0
G1 Z1.25 F4800
G1 Z1.55
G1 X3.028 Y-8.235
G1 Z1.25
G1 E2 F2400
;TYPE:Support material interface
;WIDTH:0.35
G1 F3600
G1 X2.057 Y-7.264 E2.02722
G1 X2.45 Y-7.208 E2.03509
G1 X3.292 Y-8.049 E2.05868
G1 X3.553 Y-7.861 E2.06506
G1 X2.954 Y-7.262 E2.08185
G1 X3.403 Y-7.262 E2.09075
G1 X3.9 Y-7.759 E2.10468
G1 E.10468 F2400
G92 E0
G1 Z1.55 F4800
G1 X1.539 Y-6.297
G1 Z1.25
G1 E2 F2400
G1 F3600
G1 X1.18 Y-5.937 E2.01008
G1 X1.211 Y-5.713 E2.01456
G1 X1.314 Y-5.622 E2.01728
G1 X1.716 Y-6.023 E2.02853
G1 E.02853 F2400
G92 E0
G1 Z1.55 F4800
G1 X3.353 Y-1.03
G1 Z1.25
G1 E2 F2400
;TYPE:Support material
G1 F3600
G1 X3.267 Y-1.427 E2.00805
G1 X3.435 Y-1.94 E2.01875
G1 X3.773 Y-2.247 E2.0278
G1 X4.237 Y-2.382 E2.03738
G1 X4.254 Y-2.731 E2.04431
G1 X4.579 Y-2.707 E2.05077
G1 X5.213 Y-2.388 E2.06484
G1 X5.463 Y-2.072 E2.07283
G1 X5.635 Y-1.431 E2.08598
G1 X5.455 Y-.745 E2.10004
G1 X4.917 Y-.26 E2.1144
G1 X4.594 Y-.137 E2.12125
G1 X4.204 Y-.108 E2.129
G1 X3.496 Y-.356 E2.14387
G1 X3.062 Y-.81 E2.15632
G1 X2.914 Y-1.428 E2.16891
G1 X2.963 Y-1.764 E2.17564
G1 X3.145 Y-2.138 E2.18388
G1 X3.596 Y-2.551 E2.196
G1 X4.207 Y-2.734 E2.20864
G1 E.20864 F2400
G92 E0
G1 Z1.55 F4800
G1 X5.018 Y2.165
G1 Z1.25
G1 E2 F2400
G1 F3600
G1 X4.91 Y1.885 E2.00595
G1 X4.941 Y1.385 E2.01588
G1 X5.217 Y.977 E2.02564
G1 X5.694 Y.768 E2.03596
G1 X5.693 Y.418 E2.0429
G1 X6.375 Y.537 E2.05662
G1 X6.718 Y.757 E2.0647
G1 X7.084 Y1.363 E2.07873
G1 X7.093 Y2.08 E2.09294
G1 X6.723 Y2.685 E2.107
G1 X6.09 Y3.003 E2.12104
G1 X5.731 Y3.021 E2.12816
G1 X5.379 Y2.937 E2.13533
G1 X4.826 Y2.522 E2.14903
G1 X4.563 Y1.94 E2.16169
G1 X4.606 Y1.275 E2.1749
G1 X4.987 Y.709 E2.18842
G1 X5.286 Y.52 E2.19543
G1 X5.645 Y.418 E2.20283
G1 E.20283 F2400
G92 E0
G1 Z1.55 F4800
G1 X-1.002 Y6.994
G1 Z1.25
G1 E2 F2400
G1 F3600
G1 X-.535 Y6.46 E2.01406
G1 X-.064 Y6.241 E2.02435
G1 X.272 Y6.195 E2.03107
G1 X.283 Y5.845 E2.03801
G1 X1.018 Y5.987 E2.05285
G1 X1.372 Y6.183 E2.06087
G1 X1.856 Y6.72 E2.0752
G1 X2.024 Y7.091 E2.08327
G1 X2.11 Y7.563 E2.09278
G1 X1.96 Y8.384 E2.10932
G1 X1.503 Y9.014 E2.12475
G1 X.79 Y9.403 E2.14085
G1 X-.054 Y9.431 E2.15759
G1 X-.641 Y9.205 E2.17006
G1 X-.94 Y8.983 E2.17744
G1 X-1.324 Y8.665 E2.18732
G1 X-1.541 Y8.291 E2.19589
G1 X-1.567 Y8.003 E2.20162
G1 X-1.435 Y7.133 E2.21906
G1 X-1.109 Y6.518 E2.23286
G1 X-.519 Y6.04 E2.24791
G1 X.235 Y5.844 E2.26335
G1 X.367 Y5.498 F4800
G1 F3600
G1 X1.154 Y5.662 E2.27928
G1 X1.578 Y5.897 E2.28889
G1 X1.938 Y6.23 E2.29861
G1 X2.359 Y6.984 E2.31573
G1 X2.461 Y7.566 E2.32744
G1 X2.425 Y8.059 E2.33724
G1 X2.283 Y8.523 E2.34686
G1 X2.042 Y8.944 E2.35647
G1 X1.735 Y9.279 E2.36548
G1 X1.312 Y9.574 E2.3757
G1 X.878 Y9.744 E2.38494
G1 X.311 Y9.82 E2.39628
G1 X-.493 Y9.661 E2.41252
G1 X-1.18 Y9.241 E2.42848
G1 X-1.745 Y8.698 E2.44401
G1 X-1.92 Y8.067 E2.45699
G1 X-1.773 Y7.034 E2.47767
G1 X-1.385 Y6.302 E2.49409
G1 X-.68 Y5.729 E2.5121
G1 X-.246 Y5.563 E2.52131
G1 X.319 Y5.496 E2.53259
G1 E.53259 F2400
G92 E0
G1 Z1.55 F4800
G1 X-6.5 Y6.944
G1 Z1.25
G1 E2 F2400
G1 F3600
G1 X-6.133 Y6.53 E2.01097
G1 X-5.852 Y6.364 E2.01744
G1 X-5.18 Y6.246 E2.03096
G1 X-5.138 Y5.899 E2.03789
G1 X-4.482 Y6.062 E2.05129
G1 X-4.143 Y6.268 E2.05915
G1 X-3.634 Y6.876 E2.07487
G1 X-3.489 Y7.251 E2.08284
G1 X-3.399 Y8.024 E2.09826
G1 X-3.552 Y8.443 E2.1071
G1 X-4.054 Y9.061 E2.12288
G1 X-4.652 Y9.417 E2.13667
G1 X-5.162 Y9.51 E2.14694
G1 X-5.564 Y9.486 E2.15492
G1 X-6.312 Y9.17 E2.17101
G1 X-6.607 Y8.904 E2.17888
G1 X-6.922 Y8.395 E2.19074
G1 X-7.054 Y7.527 E2.20814
G1 X-6.882 Y6.914 E2.22076
G1 X-6.661 Y6.561 E2.22901
G1 X-6.342 Y6.247 E2.23788
G1 X-5.997 Y6.043 E2.24582
G1 X-5.185 Y5.893 E2.26219
G1 X-4.778 Y5.59 F4800
G1 F3600
G1 X-4.332 Y5.743 E2.27154
G1 X-3.928 Y5.989 E2.28091
G1 X-3.586 Y6.317 E2.2903
G1 X-3.321 Y6.714 E2.29976
G1 X-3.151 Y7.156 E2.30915
G1 X-3.046 Y8.044 E2.32687
G1 X-3.272 Y8.66 E2.33987
G1 X-3.714 Y9.225 E2.35409
G1 X-4.085 Y9.521 E2.3635
G1 X-4.662 Y9.783 E2.37606
G1 X-5.145 Y9.862 E2.38576
G1 X-5.624 Y9.833 E2.39527
G1 X-6.088 Y9.697 E2.40485
G1 X-6.514 Y9.458 E2.41453
G1 X-7.064 Y8.874 E2.43043
G1 X-7.245 Y8.534 E2.43806
G1 X-7.399 Y7.922 E2.45057
G1 X-7.338 Y7.132 E2.46627
G1 X-7.097 Y6.578 E2.47824
G1 X-6.552 Y5.965 E2.4945
G1 X-6.141 Y5.722 E2.50396
G1 X-5.711 Y5.584 E2.51291
G1 X-4.825 Y5.584 E2.53047
G1 E.53047 F2400
G92 E0
G1 Z1.55 F4800
G1 X-11.831 Y2.123
G1 Z1.25
G1 E2 F2400
G1 F3600
G1 X-11.84 Y1.697 E2.00844
G1 X-11.661 Y1.373 E2.01578
G1 X-11.355 Y1.156 E2.02321
G1 X-10.986 Y1.079 E2.03068
G1 X-10.937 Y.732 E2.03763
G1 X-10.695 Y.768 E2.04248
G1 X-10.233 Y1.042 E2.05313
G1 X-9.927 Y1.6 E2.06574
G1 X-9.946 Y2.28 E2.07922
G1 X-10.097 Y2.585 E2.08597
G1 X-10.338 Y2.837 E2.09288
G1 X-10.961 Y3.071 E2.10607
G1 X-11.313 Y3.042 E2.11307
G1 X-11.648 Y2.906 E2.12024
G1 X-12.072 Y2.465 E2.13236
G1 X-12.223 Y1.89 E2.14414
G1 X-12.08 Y1.355 E2.15512
G1 X-11.726 Y.963 E2.16559
G1 X-11.245 Y.752 E2.176
G1 X-10.984 Y.725 E2.1812
G1 X-10.431 Y-.882 F4800
G1 F3600
G1 X-10.421 Y-1.204 E2.18758
G1 X-10.198 Y-1.593 E2.19647
G1 X-9.925 Y-1.765 E2.20287
G1 X-9.31 Y-1.885 E2.21529
G1 X-9.209 Y-2.221 E2.22224
G1 X-8.962 Y-2.14 E2.22739
G1 X-8.449 Y-1.647 E2.24149
G1 X-8.256 Y-.954 E2.25575
G1 X-8.304 Y-.599 E2.26285
G1 X-8.675 Y.007 E2.27693
G1 X-9.309 Y.327 E2.29101
G1 X-10.024 Y.267 E2.30523
G1 X-10.457 Y-.016 E2.31548
G1 X-10.766 Y-.748 E2.33123
G1 X-10.763 Y-1.294 E2.34205
G1 X-10.44 Y-1.85 E2.35479
G1 X-10.05 Y-2.092 E2.36389
G1 X-9.255 Y-2.235 E2.3799
G1 E.3799 F2400
G92 E0
G1 Z1.55 F4800
G1 X-6.749 Y-6.099
G1 Z1.25
G1 E2 F2400
;TYPE:Support material interface
G1 F3600
G1 X-6.396 Y-6.451 E2.00988
G1 X-6.258 Y-7.039 E2.02185
G1 X-6.818 Y-6.479 E2.03755
G1 X-7 Y-6.746 E2.04395
G1 X-6.289 Y-7.478 E2.06418
G1 X-6.453 Y-7.743 E2.07036
G1 X-7.196 Y-6.999 E2.0912
G1 X-7.27 Y-7.095 E2.0936
G1 X-7.236 Y-7.409 E2.09986
G1 X-6.6 Y-8.045 E2.11769
G1 X-6.616 Y-8.38 E2.12434
G1 X-6.676 Y-8.419 E2.12576
G1 X-7.515 Y-7.579 E2.14929
G1 X-7.965 Y-7.579 E2.15821
G1 X-7.362 Y-8.182 E2.17511
G1 E.17511 F2400
G92 E0
G1 Z1.55 F4800
G1 X-10.057 Y-7.734
G1 Z1.25
G1 E2 F2400
G1 F3600
G1 X-10.212 Y-7.579 E2.00434
G1 X-10.661 Y-7.579 E2.01324
G1 X-10.455 Y-7.786 E2.01903
G1 X-10.743 Y-7.774 E2.02474
G1 X-10.764 Y-7.926 E2.02778
G1 X-11.111 Y-7.579 E2.03751
G1 X-11.447 Y-7.579 E2.04417
G1 X-12.002 Y-6.873 E2.06197
G1 X-11.848 Y-7.289 E2.07076
G1 X-10.926 Y-8.214 E2.09664
G1 X-11.856 Y-6.834 F4800
G1 F3600
G1 X-12.442 Y-6.248 E2.11306
G1 X-12.42 Y-6 E2.11799
G1 X-12.295 Y-5.946 E2.12069
G1 X-11.838 Y-6.402 E2.13349
G1 E.13349 F2400
G92 E0
G1 Z1.55 F4800
G1 X-3.323 Y-8.602
G1 Z1.25
G1 E2 F2400
;TYPE:Support material
G1 F3600
G1 X-2.791 Y-8.541 E2.01061
G1 X-2.196 Y-8.8 E2.02347
G1 X-1.813 Y-8.843 E2.03111
G1 X-1.791 Y-9.192 E2.03804
G1 X-1.01 Y-9.037 E2.05382
G1 X-.312 Y-8.561 E2.07056
G1 X.163 Y-7.813 E2.08812
G1 X.303 Y-7.382 E2.0971
G1 X.291 Y-6.511 E2.11436
G1 X.14 Y-6.167 E2.12181
G1 X-.399 Y-5.583 E2.13756
G1 X-.916 Y-5.251 E2.14974
G1 X-.946 Y-4.068 E2.17319
G1 X-1.224 Y-3.28 E2.18975
G1 X-1.788 Y-2.709 E2.20566
G1 X-2.551 Y-2.424 E2.2218
G1 X-3.284 Y-2.466 E2.23635
G1 X-3.72 Y-2.636 E2.24562
G1 X-4.212 Y-2.996 E2.2577
G1 X-4.451 Y-3.29 E2.26521
G1 X-4.795 Y-4.195 E2.2844
G1 X-4.995 Y-4.349 E2.2894
G1 X-4.793 Y-4.481 E2.29418
G1 X-4.581 Y-5.24 E2.3098
G1 X-4.951 Y-5.813 E2.32332
G1 X-5.44 Y-6.173 E2.33535
G1 X-5.756 Y-6.185 E2.34162
G1 X-5.492 Y-7.307 E2.36446
G1 X-5.596 Y-7.492 E2.36867
G1 X-5.569 Y-7.607 E2.37101
G1 X-6.047 Y-8.408 E2.3895
G1 X-5.652 Y-8.432 E2.39734
G1 X-5.101 Y-8.822 E2.41072
G1 X-4.263 Y-9.054 E2.42795
G1 X-2.865 Y-8.902 E2.45582
G1 X-2.273 Y-9.143 E2.46849
G1 X-1.839 Y-9.195 E2.47715
G1 E.47715 F2400
G92 E0
G1 Z1.55 F4800
G1 X-6.198 Y-5.421
G1 Z1.25
G1 E2 F2400
G1 F3600
G1 X-6.107 Y-5.848 E2.00865
G1 X-5.561 Y-5.827 E2.01948
G1 X-5.21 Y-5.569 E2.02811
G1 X-4.96 Y-5.182 E2.03724
G1 X-5.094 Y-4.702 E2.04712
G1 X-5.528 Y-4.418 E2.0574
G1 X-6.1 Y-4.894 E2.07215
G1 X-6.184 Y-5.375 E2.08183
G1 E.08183 F2400
G92 E0
G1 Z1.55 F4800
G1 X-1.648 Y-9.534
G1 Z1.25
G1 E2 F2400
G1 F3600
G1 X-.875 Y-9.362 E2.0157
G1 X-.438 Y-9.126 E2.02554
G1 X-.058 Y-8.804 E2.03541
G1 X.248 Y-8.407 E2.04534
G1 X.647 Y-7.453 E2.06583
G1 X.696 Y-6.94 E2.07604
G1 X.634 Y-6.43 E2.08622
G1 X.439 Y-5.982 E2.0959
G1 X.134 Y-5.587 E2.10579
G1 X-.577 Y-5.052 E2.12343
G1 X-.596 Y-4.026 E2.14377
G1 X-.713 Y-3.534 E2.15379
G1 X-.926 Y-3.093 E2.1635
G1 X-1.22 Y-2.718 E2.17294
G1 X-1.601 Y-2.411 E2.18264
G1 X-2.102 Y-2.175 E2.19362
G1 X-2.917 Y-2.055 E2.20995
G1 X-3.375 Y-2.126 E2.21914
G1 X-3.875 Y-2.321 E2.22978
G1 X-4.463 Y-2.75 E2.24421
G1 X-4.973 Y-3.54 E2.26285
G1 X-5.1 Y-3.988 E2.27208
G1 X-6.035 Y-4.565 E2.29386
G1 X-6.608 Y-5.104 E2.30945
G1 X-6.608 Y-5.884 E2.32491
G1 X-6.17 Y-5.957 E2.33371
G1 X-5.864 Y-7.254 E2.36012
G1 X-5.943 Y-7.55 E2.36619
G1 X-6.261 Y-8.072 E2.3783
G1 X-6.282 Y-8.562 E2.38802
G1 X-6.584 Y-8.757 E2.39514
G1 X-6.474 Y-8.892 E2.39859
G1 X-6.272 Y-8.745 E2.40354
G1 X-5.798 Y-8.774 E2.41295
G1 X-5.254 Y-9.139 E2.42593
G1 X-4.295 Y-9.404 E2.44565
G1 X-2.939 Y-9.263 E2.47267
G1 X-2.35 Y-9.486 E2.48515
G1 X-1.695 Y-9.537 E2.49817
G1 E.49817 F2400
G92 E0
G1 Z1.55 F4800
G1 X2.186 Y-1.143
G1 Z1.25
G1 E2 F2400
;TYPE:External perimeter
;WIDTH:0.387966
G1 F900
G1 X2.202 Y-2.149 E2.02232
;WIDTH:0.390452
G1 X2.203 Y-2.168 E2.02275
G1 X2.196 Y-1.768 F4800
G1 E.02275 F2400
G92 E0
G1 Z1.55 F4800
G1 X4.048 Y-5.021
G1 Z1.25
G1 E2 F2400
;WIDTH:0.430058
G1 F900
G1 X4.638 Y-5.022 E2.01464
G1 E.01464 F2400
G92 E0
G1 Z1.55 F4800
G1 X-7.203 Y-2.168
G1 Z1.25
G1 E2 F2400
;WIDTH:0.390454
G1 F900
G1 X-7.181 Y-1.608 E2.01252
;WIDTH:0.37219
G1 X-7.186 Y-1.143 E2.02238
G1 X-7.187 Y-1.543 F4800
G1 E.02238 F2400
G92 E0
G1 Z1.55 F4800
G1 X-9.652 Y-5.021
G1 Z1.25
G1 E2 F2400
;WIDTH:0.430252
G1 F900
G1 X-9.062 Y-5.022 E2.01465
G1 E.01465 F2400
G92 E0
G1 Z1.55 F4800
G1 X-12.015 Y-2.072
G1 Z1.25
G1 E2 F2400
;TYPE:Perimeter
;WIDTH:0.617618
G1 F900
G1 X-11.911 Y-2.893 E2.03021
;WIDTH:0.64341
G1 X-11.833 Y-3.224 E2.04317
G1 X-10.935 Y-4.605 F4800
;WIDTH:0.649334
G1 F900
G1 X-10.974 Y-4.539 E2.04612
G1 X-11.051 Y-4.539 E2.04908
G1 X-11.089 Y-4.605 E2.05201
G1 X-11.051 Y-4.672 E2.05497
G1 X-10.974 Y-4.672 E2.05793
G1 X-10.353 Y-4.418 F4800
;WIDTH:0.449999
G1 F900
G1 X-10.162 Y-4.274 E2.06416
;WIDTH:0.404209
G1 X-9.855 Y-4.042 E2.07309
G1 X-10.335 Y-4.065 E2.08424
;WIDTH:0.449999
G1 X-10.816 Y-4.088 E2.09679
G1 X-11.256 Y-4.035 E2.10834
G1 X-11.408 Y-3.833 E2.11493
;WIDTH:0.406014
G1 X-11.561 Y-3.632 E2.12082
;WIDTH:0.408925
G1 X-11.606 Y-3.564 E2.12274
;WIDTH:0.455822
G1 X-11.651 Y-3.496 E2.12489
;WIDTH:0.502719
G1 X-11.697 Y-3.428 E2.1273
;WIDTH:0.549616
G1 X-11.742 Y-3.36 E2.12993
;WIDTH:0.596513
G1 X-11.787 Y-3.292 E2.1328
;WIDTH:0.64341
G1 X-11.833 Y-3.224 E2.13593
G1 X-11.843 Y-3.293 E2.13859
;WIDTH:0.595908
G1 X-11.854 Y-3.363 E2.14108
;WIDTH:0.548405
G1 X-11.864 Y-3.433 E2.14336
;WIDTH:0.500903
G1 X-11.875 Y-3.503 E2.14543
;WIDTH:0.4534
G1 X-11.885 Y-3.573 E2.14729
;WIDTH:0.405898
G1 X-11.896 Y-3.643 E2.14894
;WIDTH:0.365379
G1 X-11.866 Y-3.773 E2.15171
;WIDTH:0.407689
G1 X-11.754 Y-4.087 E2.15952
;WIDTH:0.449999
G1 X-11.433 Y-4.953 E2.18358
G1 X-11.205 Y-5.421 E2.19714
G1 X-10.814 Y-6.03 E2.216
G1 X-10.493 Y-6.03 E2.22436
G1 X-10.493 Y-5.22 E2.24547
G1 X-10.447 Y-4.985 E2.25171
G1 X-10.501 Y-4.736 E2.25835
G1 X-10.47 Y-4.506 E2.2644
G1 X-10.401 Y-4.454 E2.26665
G1 X-8.744 Y-4.046 F4800
;WIDTH:0.367224
G1 F900
G1 X-8.845 Y-4.042 E2.26876
;WIDTH:0.35842
G1 X-9.855 Y-4.042 E2.28931
G1 X-8.744 Y-4.046 F4800
;WIDTH:0.410528
G1 F900
G1 X-8.607 Y-4.148 E2.29334
;WIDTH:0.453831
G1 X-8.47 Y-4.249 E2.29782
;WIDTH:0.497135
G1 X-8.333 Y-4.351 E2.30277
;WIDTH:0.540438
G1 X-8.196 Y-4.452 E2.30816
G1 X-8.189 Y-4.498 E2.30963
;WIDTH:0.534035
G1 X-8.172 Y-5.22 E2.33223
;WIDTH:0.519425
G1 X-8.172 Y-5.996 E2.35581
G1 X-7.907 Y-5.996 E2.36386
G1 X-7.723 Y-5.74 E2.37344
G1 X-7.685 Y-5.611 E2.37753
G1 X-7.683 Y-4.729 E2.40433
;WIDTH:0.540438
G1 X-7.696 Y-4.133 E2.42323
G1 X-8.148 Y-4.111 E2.43757
;WIDTH:0.497135
G1 X-8.347 Y-4.09 E2.44337
;WIDTH:0.453831
G1 X-8.546 Y-4.068 E2.44863
;WIDTH:0.410528
G1 X-8.685 Y-4.053 E2.45193
G1 X-10.031 Y-4.56 F4800
;TYPE:External perimeter
;WIDTH:0.449999
G1 F900
G1 X-9.855 Y-4.414 E2.45789
G1 X-8.845 Y-4.414 E2.48421
G1 X-8.643 Y-4.57 E2.49086
G1 X-8.625 Y-4.788 E2.49656
G1 X-8.753 Y-4.923 E2.50141
;WIDTH:0.44632
G1 X-9.011 Y-5.016 E2.50849
G1 X-8.755 Y-5.029 E2.51511
;WIDTH:0.449999
G1 X-8.645 Y-5.13 E2.519
G1 X-8.625 Y-5.22 E2.5214
G1 X-8.625 Y-6.448 E2.5534
G1 X-7.685 Y-6.448 E2.57789
G1 X-7.233 Y-5.811 E2.59824
G1 X-7.233 Y-2.996 E2.67159
G1 X-7.218 Y-2.582 E2.68238
;WIDTH:0.420227
G1 X-7.203 Y-2.168 E2.6924
G1 X-7.267 Y-2.591 E2.70275
;WIDTH:0.449999
G1 X-7.331 Y-3.014 E2.7139
G1 X-7.497 Y-3.525 E2.7279
G1 X-7.696 Y-3.67 E2.73432
G1 X-11.087 Y-3.652 E2.82268
G1 X-11.199 Y-3.535 E2.8269
G1 X-11.417 Y-2.803 E2.8468
G1 X-11.535 Y-2.033 E2.8671
G1 X-11.564 Y-1.31 E2.88595
G1 X-12.512 Y-1.781 E2.91353
G1 X-12.485 Y-2.303 E2.92715
G1 X-12.407 Y-2.97 E2.94465
G1 X-12.233 Y-3.855 E2.96815
G1 X-12.043 Y-4.52 E2.98617
G1 X-11.827 Y-5.097 E3.00222
G1 X-11.588 Y-5.596 E3.01664
G1 X-11.254 Y-6.14 E3.03327
G1 X-11.016 Y-6.448 E3.04341
G1 X-10.075 Y-6.448 E3.06793
G1 X-10.07 Y-5.176 E3.10107
G1 X-9.945 Y-5.029 E3.1061
;WIDTH:0.445974
G1 X-9.689 Y-5.016 E3.11271
;WIDTH:0.440986
G1 X-9.855 Y-4.955 E3.11722
;WIDTH:0.449999
G1 X-10.065 Y-4.815 E3.1238
G1 X-10.06 Y-4.607 E3.12922
G1 X-9.704 Y-4.425 F4800
G1 E1.12922 F2400
G92 E0
G1 Z1.55 F4800
G1 X1.621 Y.969
G1 Z1.25
G1 E2 F2400
;TYPE:Perimeter
;WIDTH:0.545535
G1 F900
G1 X1.848 Y1.522 E2.01914
G1 X1.794 Y1.666 E2.02406
;WIDTH:0.564149
G1 X1.47 Y2.173 E2.04402
;WIDTH:0.592687
G1 X.953 Y2.809 E2.07267
G1 X.359 Y2.809 E2.09343
G1 X-.197 Y2.959 E2.11356
;WIDTH:0.59231
G1 X.62 Y2.332 E2.14953
G1 X1.168 Y1.688 E2.17907
;WIDTH:0.552998
G1 X1.589 Y1.02 E2.20472
G1 E.20472 F2400
G92 E0
G1 Z1.55 F4800
G1 X-1.968 Y3.594
G1 Z1.25
G1 E2 F2400
;WIDTH:0.596498
G1 F900
G1 X-1.925 Y3.578 E2.00161
;WIDTH:0.581972
G1 X-1.586 Y3.466 E2.01385
;WIDTH:0.544376
G1 X-1.246 Y3.353 E2.02529
;WIDTH:0.506779
G1 X-.907 Y3.24 E2.03587
;WIDTH:0.510992
G1 X-.715 Y3.176 E2.04191
;WIDTH:0.552802
G1 X-.523 Y3.111 E2.04849
;WIDTH:0.594612
G1 X-.332 Y3.047 E2.05556
G1 X-.426 Y3.205 E2.06201
;WIDTH:0.552802
G1 X-.521 Y3.364 E2.06802
;WIDTH:0.510992
G1 X-.616 Y3.523 E2.07355
;WIDTH:0.469182
G1 X-.642 Y3.658 E2.0773
G1 X-1.24 Y3.658 E2.0936
;WIDTH:0.511621
G1 X-1.482 Y3.637 E2.10086
;WIDTH:0.55406
G1 X-1.725 Y3.615 E2.1088
;WIDTH:0.596498
G1 X-1.908 Y3.599 E2.11526
G1 X-.332 Y3.047 F4800
;WIDTH:0.594612
G1 F900
G1 X-.197 Y2.959 E2.12091
G1 E.12091 F2400
G92 E0
G1 Z1.55 F4800
G1 X-6.744 Y1.274
G1 Z1.25
G1 E2 F2400
;WIDTH:0.545533
G1 F900
G1 X-6.632 Y1.001 E2.00945
G1 X-6.36 Y1.391 E2.02467
;WIDTH:0.564642
G1 X-6.057 Y1.837 E2.04257
;WIDTH:0.595379
G1 X-5.612 Y2.333 E2.06597
G1 X-5.295 Y2.608 E2.08071
G1 X-4.792 Y2.966 E2.10239
G1 X-5.359 Y2.808 E2.12306
G1 X-5.95 Y2.808 E2.14382
G1 X-6.511 Y2.118 E2.17505
;WIDTH:0.562665
G1 X-6.794 Y1.666 E2.19269
;WIDTH:0.545533
G1 X-6.848 Y1.523 E2.19758
G1 X-6.767 Y1.329 E2.20431
G1 E.20431 F2400
G92 E0
G1 Z1.55 F4800
G1 X-4.792 Y2.966
G1 Z1.25
G1 E2 F2400
;WIDTH:0.594668
G1 F900
G1 X-4.668 Y3.047 E2.0052
G1 X-4.594 Y3.07 E2.00792
;WIDTH:0.570141
G1 X-4.306 Y3.173 E2.01818
;WIDTH:0.536488
G1 X-4.018 Y3.275 E2.02779
;WIDTH:0.502835
G1 X-3.73 Y3.378 E2.03677
;WIDTH:0.514556
G1 X-3.513 Y3.449 E2.04364
;WIDTH:0.55993
G1 X-3.295 Y3.519 E2.05118
;WIDTH:0.605304
G1 X-3.078 Y3.59 E2.05934
G1 X-3.305 Y3.612 E2.06749
;WIDTH:0.55993
G1 X-3.533 Y3.635 E2.07503
;WIDTH:0.514556
G1 X-3.76 Y3.658 E2.08189
;WIDTH:0.469181
G1 X-4.358 Y3.658 E2.09819
G1 X-4.385 Y3.523 E2.10194
;WIDTH:0.51101
G1 X-4.479 Y3.364 E2.10746
;WIDTH:0.552839
G1 X-4.574 Y3.205 E2.11347
;WIDTH:0.594668
G1 X-4.638 Y3.098 E2.11784
G1 E.11784 F2400
G92 E0
G1 Z1.55 F4800
G1 X-1.968 Y3.594
G1 Z1.25
G1 E2 F2400
;WIDTH:0.596498
G1 F900
G1 X-2.161 Y3.603 E2.0068
;WIDTH:0.605304
G1 X-3.078 Y3.59 E2.03958
G1 E.03958 F2400
G92 E0
G1 Z1.55 F4800
G1 X-6.769 Y-.505
G1 Z1.25
G1 E2 F2400
;WIDTH:0.449999
G1 F900
G1 X-6.728 Y-.54 E2.0014
G1 X-6.687 Y-.509 E2.00274
G1 X-6.506 Y.083 E2.01887
G1 X-6.136 Y.887 E2.04193
G1 X-5.711 Y1.512 E2.06162
G1 X-5.254 Y1.997 E2.07898
G1 X-5.008 Y2.21 E2.08746
G1 X-4.398 Y2.634 E2.10682
G1 X-3.639 Y2.96 E2.12834
G1 X-2.839 Y3.12 E2.1496
G1 X-2.028 Y3.106 E2.17073
G1 X-1.36 Y2.96 E2.18855
G1 X-1.083 Y2.85 E2.19632
G1 X-.487 Y2.567 E2.21351
G1 X.257 Y2.004 E2.23782
G1 X.715 Y1.507 E2.25543
G1 X.972 Y1.134 E2.26723
G1 X1.251 Y.668 E2.28138
G1 X1.533 Y.01 E2.30003
G1 X1.709 Y-.517 E2.31451
G1 X1.763 Y-.54 E2.31604
G1 X1.942 Y.401 E2.341
G1 X2.128 Y.983 E2.35692
G1 X2.385 Y1.539 E2.37288
G1 X2.192 Y1.907 E2.38371
G1 X1.845 Y2.464 E2.40081
G1 X1.158 Y3.298 E2.42896
G1 X.359 Y3.298 E2.44978
G1 X-.029 Y3.432 E2.46048
G1 X-.22 Y3.686 E2.46876
G1 X-.268 Y4.085 E2.47923
G1 X-4.732 Y4.085 E2.59554
G1 X-4.78 Y3.686 E2.60601
G1 X-4.971 Y3.432 E2.61429
G1 X-5.359 Y3.298 E2.62499
G1 X-6.159 Y3.298 E2.64583
G1 X-6.426 Y3.001 E2.65624
G1 X-7.009 Y2.21 E2.68184
G1 X-7.385 Y1.539 E2.70188
G1 X-7.241 Y1.256 E2.71015
G1 X-7.036 Y.747 E2.72445
G1 X-6.849 Y.039 E2.74353
G1 X-6.777 Y-.446 E2.75631
G1 X-7.012 Y-.964 F4800
;TYPE:External perimeter
G1 F900
G1 X-6.365 Y-.958 E2.77317
G1 X-6.281 Y-.606 E2.7826
G1 X-6.125 Y-.088 E2.7967
G1 X-5.788 Y.656 E2.81798
G1 X-5.406 Y1.226 E2.83586
G1 X-4.764 Y1.871 E2.85957
G1 X-4.227 Y2.253 E2.87674
G1 X-3.551 Y2.552 E2.896
G1 X-2.839 Y2.702 E2.91496
G1 X-2.116 Y2.697 E2.9338
G1 X-1.449 Y2.552 E2.95159
G1 X-.735 Y2.231 E2.97199
G1 X-.047 Y1.718 E2.99435
G1 X.428 Y1.198 E3.0127
G1 X.816 Y.604 E3.03119
G1 X1.05 Y.133 E3.04489
G1 X1.296 Y-.591 E3.06481
G1 X1.371 Y-.958 E3.07457
G1 X2.024 Y-.964 E3.09159
;WIDTH:0.440384
G1 X2.105 Y-1.054 E3.09467
;WIDTH:0.406287
G1 X2.186 Y-1.143 E3.09748
G1 X2.171 Y-.99 E3.10107
;WIDTH:0.440384
G1 X2.155 Y-.836 E3.10501
;WIDTH:0.449999
G1 X2.267 Y.002 E3.12704
G1 X2.439 Y.638 E3.14421
G1 X2.627 Y1.096 E3.15711
G1 X2.859 Y1.52 E3.1697
G1 X2.632 Y1.987 E3.18323
G1 X2.238 Y2.639 E3.20308
G1 X1.692 Y3.341 E3.22625
G1 X1.334 Y3.716 E3.23976
G1 X.359 Y3.716 E3.26516
G1 X.23 Y3.76 E3.26871
G1 X.15 Y3.925 E3.27349
G1 X.15 Y4.503 E3.28855
G1 X-5.15 Y4.503 E3.42665
G1 X-5.15 Y3.925 E3.44171
G1 X-5.219 Y3.77 E3.44613
G1 X-5.359 Y3.716 E3.45004
G1 X-6.335 Y3.716 E3.47547
G1 X-6.641 Y3.404 E3.48686
G1 X-7.238 Y2.639 E3.51214
G1 X-7.632 Y1.987 E3.53199
G1 X-7.859 Y1.52 E3.54552
G1 X-7.664 Y1.184 E3.55564
G1 X-7.439 Y.638 E3.57103
G1 X-7.262 Y-.022 E3.58883
G1 X-7.153 Y-.762 E3.60832
G1 X-7.17 Y-.952 E3.61329
;WIDTH:0.411095
G1 X-7.186 Y-1.143 E3.61782
;WIDTH:0.406288
G1 X-7.105 Y-1.053 E3.62064
;WIDTH:0.440386
G1 X-7.056 Y-.999 E3.6225
G1 X-6.658 Y-.964 F4800
G1 E1.6225 F2400
G92 E0
G1 Z1.55 F4800
G1 X5.917 Y-4.994
G1 Z1.25
G1 E2 F2400
;TYPE:Perimeter
;WIDTH:0.558042
G1 F900
G1 X5.949 Y-4.865 E2.00436
;WIDTH:0.604375
G1 X5.981 Y-4.735 E2.00914
;WIDTH:0.650708
G1 X6.014 Y-4.606 E2.01428
G1 X4.956 Y-4.046 F4800
;WIDTH:0.408612
G1 F900
G1 X5.213 Y-4.276 E2.02238
;WIDTH:0.449999
G1 X5.471 Y-4.506 E2.03139
G1 X5.498 Y-4.656 E2.03536
G1 X5.447 Y-4.985 E2.04403
G1 X5.493 Y-5.22 E2.05027
G1 X5.493 Y-6.031 E2.0714
G1 X5.802 Y-6.031 E2.07945
G1 X6.034 Y-5.718 E2.0896
G1 X6.284 Y-5.274 E2.10288
G1 X6.505 Y-4.772 E2.11717
G1 X6.817 Y-3.863 E2.14221
;WIDTH:0.403146
G1 X6.914 Y-3.574 E2.14926
;WIDTH:0.403581
G1 X6.904 Y-3.503 E2.15092
;WIDTH:0.450868
G1 X6.894 Y-3.431 E2.15282
;WIDTH:0.498156
G1 X6.884 Y-3.36 E2.1549
;WIDTH:0.545443
G1 X6.874 Y-3.289 E2.15719
;WIDTH:0.592731
G1 X6.865 Y-3.218 E2.15969
;WIDTH:0.640018
G1 X6.855 Y-3.146 E2.16245
G1 X6.813 Y-3.203 E2.16513
;WIDTH:0.592731
G1 X6.77 Y-3.26 E2.16763
;WIDTH:0.545443
G1 X6.728 Y-3.317 E2.1699
;WIDTH:0.498156
G1 X6.686 Y-3.373 E2.17193
;WIDTH:0.450868
G1 X6.644 Y-3.43 E2.17378
;WIDTH:0.403581
G1 X6.602 Y-3.487 E2.17542
;WIDTH:0.403146
G1 X6.5 Y-3.717 E2.18124
;WIDTH:0.449999
G1 X6.398 Y-3.948 E2.18782
G1 X6.012 Y-4.088 E2.19852
G1 X5.386 Y-4.067 E2.21484
;WIDTH:0.408612
G1 X5.016 Y-4.049 E2.22354
G1 E.22354 F2400
G92 E0
G1 Z1.55 F4800
G1 X6.855 Y-3.146
G1 Z1.25
G1 E2 F2400
;WIDTH:0.640018
G1 F900
G1 X6.923 Y-2.746 E2.01538
;WIDTH:0.611482
G1 X6.992 Y-2.347 E2.03001
;WIDTH:0.582946
G1 X7.015 Y-2.072 E2.03949
G1 E.03949 F2400
G92 E0
G1 Z1.55 F4800
G1 X4.956 Y-4.046
G1 Z1.25
G1 E2 F2400
;WIDTH:0.367224
G1 F900
G1 X4.855 Y-4.042 E2.00211
;WIDTH:0.358418
G1 X3.845 Y-4.042 E2.02266
G1 X3.31 Y-4.379 F4800
;WIDTH:0.540232
G1 F900
G1 X3.358 Y-4.349 E2.02445
;WIDTH:0.494778
G1 X3.52 Y-4.247 E2.02997
;WIDTH:0.449324
G1 X3.683 Y-4.144 E2.03499
;WIDTH:0.40387
G1 X3.845 Y-4.042 E2.03943
G1 X3.558 Y-4.065 E2.0461
;WIDTH:0.449324
G1 X3.27 Y-4.088 E2.05362
;WIDTH:0.494778
G1 X2.983 Y-4.11 E2.06192
;WIDTH:0.540232
G1 X2.696 Y-4.133 E2.07104
G1 X2.687 Y-4.559 E2.08454
;WIDTH:0.526283
G1 X2.685 Y-5.66 E2.11847
;WIDTH:0.519425
G1 X2.924 Y-5.996 E2.131
G1 X3.172 Y-5.996 E2.13854
G1 X3.172 Y-5.22 E2.16212
;WIDTH:0.533898
G1 X3.211 Y-4.986 E2.16954
G1 X3.166 Y-4.729 E2.1777
;WIDTH:0.540232
G1 X3.195 Y-4.452 E2.18652
G1 X3.259 Y-4.411 E2.18893
G1 X3.668 Y-4.56 F4800
;TYPE:External perimeter
;WIDTH:0.449999
G1 F900
G1 X3.845 Y-4.414 E2.19491
G1 X4.855 Y-4.414 E2.22123
G1 X5.06 Y-4.584 E2.22817
G1 X5.078 Y-4.779 E2.23327
G1 X4.948 Y-4.923 E2.23832
;WIDTH:0.446318
G1 X4.689 Y-5.016 E2.24543
G1 X4.946 Y-5.029 E2.25208
;WIDTH:0.449999
G1 X5.06 Y-5.141 E2.25624
G1 X5.075 Y-5.22 E2.25834
G1 X5.075 Y-6.448 E2.29034
G1 X6.012 Y-6.448 E2.31475
G1 X6.419 Y-5.891 E2.33272
G1 X6.666 Y-5.443 E2.34605
G1 X6.899 Y-4.91 E2.36121
G1 X7.125 Y-4.255 E2.37926
G1 X7.309 Y-3.521 E2.39898
G1 X7.408 Y-2.958 E2.41387
G1 X7.486 Y-2.288 E2.43145
G1 X7.512 Y-1.781 E2.44468
G1 X6.564 Y-1.31 E2.47226
G1 X6.568 Y-1.633 E2.48068
G1 X6.516 Y-2.26 E2.49707
G1 X6.416 Y-2.81 E2.51164
G1 X6.28 Y-3.273 E2.52421
G1 X6.135 Y-3.623 E2.53408
G1 X6.006 Y-3.67 E2.53766
G1 X2.696 Y-3.67 E2.6239
G1 X2.497 Y-3.525 E2.63032
G1 X2.325 Y-2.988 E2.64501
G1 X2.264 Y-2.578 E2.65581
;WIDTH:0.420226
G1 X2.203 Y-2.168 E2.66584
G1 X2.218 Y-2.582 E2.67586
;WIDTH:0.449999
G1 X2.233 Y-2.996 E2.68665
G1 X2.233 Y-5.805 E2.75984
G1 X2.691 Y-6.448 E2.78041
G1 X3.625 Y-6.448 E2.80475
G1 X3.628 Y-5.184 E2.83768
G1 X3.754 Y-5.029 E2.84288
;WIDTH:0.445963
G1 X4.011 Y-5.016 E2.84952
G1 X3.752 Y-4.923 E2.85662
;WIDTH:0.449999
G1 X3.624 Y-4.789 E2.86145
G1 X3.638 Y-4.607 E2.86621
G1 X3.994 Y-4.425 F4800
M106 S214.2
;LAYER_CHANGE
;Z:1.4
;HEIGHT:0.15
G1 E.86621 F2400
G92 E0
G1 Z1.4 F4800
G1 Z1.7
G1 X-6.509 Y7.087
G1 Z1.4
G1 E2 F2400
;TYPE:Support material
;WIDTH:0.35
G1 F3600
G1 X-6.167 Y6.634 E2.01125
G1 X-5.855 Y6.442 E2.01851
G1 X-5.241 Y6.306 E2.03097
G1 X-5.217 Y5.957 E2.0379
G1 X-4.53 Y6.11 E2.05185
G1 X-4.2 Y6.306 E2.05946
G1 X-3.702 Y6.89 E2.07467
G1 X-3.345 Y8.044 E2.09861
G1 X-3.498 Y8.45 E2.10721
G1 X-4.111 Y9.039 E2.12406
G1 X-4.798 Y9.394 E2.13939
G1 X-5.586 Y9.42 E2.15502
G1 X-6.311 Y9.095 E2.17077
G1 X-6.615 Y8.802 E2.17914
G1 X-6.863 Y8.392 E2.18864
G1 X-7.008 Y7.62 E2.20421
G1 X-6.797 Y6.865 E2.21975
G1 X-6.388 Y6.359 E2.23265
G1 X-6.006 Y6.124 E2.24154
G1 X-5.264 Y5.953 E2.25663
G1 X-5.063 Y5.617 F4800
G1 F3600
G1 X-4.385 Y5.789 E2.27049
G1 X-3.988 Y6.024 E2.27963
G1 X-3.652 Y6.341 E2.28879
G1 X-3.391 Y6.726 E2.29801
G1 X-3.22 Y7.161 E2.30727
G1 X-2.991 Y8.063 E2.32571
G1 X-3.215 Y8.661 E2.33837
G1 X-3.879 Y9.302 E2.35666
G1 X-4.349 Y9.599 E2.36768
G1 X-5.18 Y9.804 E2.38464
G1 X-5.654 Y9.766 E2.39406
G1 X-6.11 Y9.621 E2.40354
G1 X-6.525 Y9.375 E2.4131
G1 X-6.879 Y9.034 E2.42284
G1 X-7.192 Y8.513 E2.43489
G1 X-7.359 Y7.608 E2.45313
G1 X-7.297 Y7.166 E2.46198
G1 X-7.107 Y6.698 E2.47199
G1 X-6.609 Y6.084 E2.48766
G1 X-6.157 Y5.806 E2.49818
G1 X-5.727 Y5.656 E2.50721
G1 X-5.11 Y5.613 E2.51947
G1 E.51947 F2400
G92 E0
G1 Z1.7 F4800
G1 X-.98 Y7.11
G1 Z1.4
G1 E2 F2400
G1 F3600
G1 X-.803 Y6.794 E2.00718
G1 X-.41 Y6.445 E2.0176
G1 X.234 Y6.255 E2.03091
G1 X.245 Y5.905 E2.03785
G1 X1.194 Y6.066 E2.05693
G1 X1.365 Y6.195 E2.06118
G1 X1.841 Y6.805 E2.07652
G1 X2.054 Y7.577 E2.09239
G1 X1.904 Y8.353 E2.10805
G1 X1.43 Y8.989 E2.12377
G1 X.72 Y9.351 E2.13957
G1 X-.071 Y9.366 E2.15525
G1 X-1.168 Y8.833 E2.17942
G1 X-1.342 Y8.703 E2.18372
G1 X-1.569 Y8.293 E2.19301
G1 X-1.578 Y7.849 E2.20181
G1 X-1.279 Y6.905 E2.22144
G1 X-1.086 Y6.585 E2.22885
G1 X-.54 Y6.114 E2.24314
G1 X.197 Y5.904 E2.25833
G1 X.471 Y5.562 F4800
G1 F3600
G1 X1.348 Y5.744 E2.27608
G1 X1.862 Y6.24 E2.29024
G1 X2.149 Y6.632 E2.29987
G1 X2.333 Y7.078 E2.30943
G1 X2.391 Y7.912 E2.326
G1 X2.227 Y8.494 E2.33798
G1 X1.986 Y8.909 E2.34749
G1 X1.658 Y9.258 E2.35698
G1 X1.257 Y9.525 E2.36653
G1 X.804 Y9.693 E2.37611
G1 X.113 Y9.745 E2.38984
G1 X-.639 Y9.531 E2.40534
G1 X-1.594 Y8.952 E2.42747
G1 X-1.909 Y8.387 E2.44029
G1 X-1.959 Y8.052 E2.447
G1 X-1.597 Y6.756 E2.47367
G1 X-1.163 Y6.146 E2.48851
G1 X-.798 Y5.861 E2.49769
G1 X-.39 Y5.668 E2.50664
G1 X.423 Y5.561 E2.52289
G1 E.52289 F2400
G92 E0
G1 Z1.7 F4800
G1 X4.902 Y1.658
G1 Z1.4
G1 E2 F2400
G1 F3600
G1 X4.966 Y1.369 E2.00587
G1 X5.209 Y1.02 E2.0143
G1 X5.657 Y.798 E2.02421
G1 X5.987 Y.794 E2.03075
G1 X6.072 Y.455 E2.03768
G1 X6.326 Y.519 E2.04287
G1 X6.638 Y.717 E2.05019
G1 X6.91 Y1.029 E2.05839
G1 X7.056 Y1.355 E2.06547
G1 X7.063 Y2.051 E2.07927
G1 X6.7 Y2.656 E2.09325
G1 X6.408 Y2.857 E2.10028
G1 X6.071 Y2.969 E2.10732
G1 X5.716 Y2.983 E2.11436
G1 X5.354 Y2.89 E2.12177
G1 X4.876 Y2.55 E2.1334
G1 X4.591 Y2.029 E2.14517
G1 X4.547 Y1.631 E2.15311
G1 X4.635 Y1.249 E2.16088
G1 X4.973 Y.758 E2.17269
G1 X5.597 Y.449 E2.18649
G1 X6.026 Y.443 E2.19499
G1 E.19499 F2400
G92 E0
G1 Z1.7 F4800
G1 X3.303 Y-1.425
G1 Z1.4
G1 E2 F2400
G1 F3600
G1 X3.406 Y-1.852 E2.00871
G1 X3.553 Y-2.052 E2.01363
G1 X3.996 Y-2.328 E2.02397
G1 X4.352 Y-2.37 E2.03107
G1 X4.383 Y-2.718 E2.03799
G1 X4.936 Y-2.585 E2.04926
G1 X5.446 Y-2.096 E2.06326
G1 X5.635 Y-1.434 E2.0769
G1 X5.524 Y-.928 E2.08717
G1 X5.238 Y-.481 E2.09769
G1 X4.942 Y-.268 E2.10492
G1 X4.604 Y-.15 E2.11202
G1 X4.261 Y-.113 E2.11886
G1 X3.88 Y-.182 E2.12653
G1 X3.299 Y-.545 E2.14011
G1 X3.056 Y-.927 E2.14908
G1 X2.95 Y-1.397 E2.15863
G1 X3.097 Y-2.023 E2.17137
G1 X3.555 Y-2.505 E2.18455
G1 X3.881 Y-2.661 E2.19171
G1 X4.335 Y-2.722 E2.20079
G1 E.20079 F2400
G92 E0
G1 Z1.7 F4800
G1 X3.05 Y-7.976
G1 Z1.4
G1 E2 F2400
G1 F3600
G1 X3.356 Y-7.811 E2.00689
G1 X3.43 Y-7.609 E2.01115
G1 X3.348 Y-7.421 E2.01522
G1 X2.677 Y-7.421 E2.02852
G1 X2.259 Y-7.202 E2.03787
G1 X2.083 Y-7.202 E2.04136
G1 X1.941 Y-7.307 E2.04486
G1 X1.948 Y-7.496 E2.04861
G1 X2.362 Y-7.853 E2.05944
G1 X2.562 Y-7.949 E2.06384
G1 X3.002 Y-7.981 E2.07258
G1 E.07258 F2400
G92 E0
G1 Z1.7 F4800
G1 X-3.358 Y-8.563
G1 Z1.4
G1 E2 F2400
G1 F3600
G1 X-2.914 Y-8.418 E2.00926
G1 X-2.234 Y-8.682 E2.02372
G1 X-1.867 Y-8.737 E2.03107
G1 X-1.848 Y-9.087 E2.03802
G1 X-1.087 Y-8.959 E2.05331
G1 X-.356 Y-8.494 E2.07048
G1 X-.05 Y-8.16 E2.07946
G1 X.306 Y-7.358 E2.09685
G1 X.325 Y-6.988 E2.10419
G1 X.024 Y-6.201 E2.12089
G1 X-.259 Y-5.867 E2.12957
G1 X-.879 Y-5.441 E2.14448
G1 X-1.13 Y-4.808 E2.15798
G1 X-1.06 Y-4.047 E2.17313
G1 X-1.334 Y-3.3 E2.1889
G1 X-1.91 Y-2.724 E2.20504
G1 X-2.617 Y-2.467 E2.21995
G1 X-2.986 Y-2.464 E2.22726
G1 X-3.446 Y-2.581 E2.23667
G1 X-4.167 Y-3.12 E2.25451
G1 X-4.515 Y-3.691 E2.26776
G1 X-4.606 Y-4.027 E2.27466
G1 X-4.833 Y-4.338 E2.28229
G1 X-4.619 Y-4.542 E2.28815
G1 X-4.553 Y-4.926 E2.29587
G1 X-4.607 Y-5.534 E2.30797
G1 X-5.886 Y-6.786 E2.34344
G1 X-6.036 Y-6.839 E2.34659
G1 X-6.093 Y-7.271 E2.35523
G1 X-5.917 Y-7.864 E2.36749
G1 X-5.725 Y-8.168 E2.37462
G1 X-5.35 Y-8.566 E2.38546
G1 X-4.698 Y-8.935 E2.40031
G1 X-3.88 Y-9.039 E2.41665
G1 X-2.924 Y-8.79 E2.43623
G1 X-2.325 Y-9.022 E2.44896
G1 X-1.895 Y-9.089 E2.45759
G1 X-1.434 Y-9.415 F4800
G1 F3600
G1 X-.96 Y-9.287 E2.46732
G1 X-.522 Y-9.063 E2.47707
G1 X.234 Y-8.368 E2.49742
G1 X.493 Y-7.921 E2.50766
G1 X.651 Y-7.428 E2.51792
G1 X.673 Y-6.938 E2.52764
G1 X.547 Y-6.451 E2.53761
G1 X.317 Y-6.005 E2.54756
G1 X-.013 Y-5.616 E2.55767
G1 X-.596 Y-5.206 E2.5718
G1 X-.766 Y-4.778 E2.58093
G1 X-.711 Y-4.003 E2.59633
G1 X-.822 Y-3.538 E2.60581
G1 X-1.039 Y-3.108 E2.61536
G1 X-1.349 Y-2.733 E2.625
G1 X-1.716 Y-2.431 E2.63442
G1 X-2.128 Y-2.225 E2.64355
G1 X-2.574 Y-2.117 E2.65264
G1 X-3.457 Y-2.209 E2.67024
G1 X-3.842 Y-2.386 E2.67864
G1 X-4.436 Y-2.894 E2.69413
G1 X-4.683 Y-3.238 E2.70252
G1 X-4.926 Y-3.873 E2.716
G1 X-5.183 Y-4.224 E2.72462
G1 X-5.617 Y-4.371 E2.7337
G1 X-6.006 Y-4.615 E2.7428
G1 X-6.608 Y-5.181 E2.75918
G1 X-6.608 Y-5.494 E2.76538
G1 X-6.063 Y-4.784 E2.78312
G1 X-5.52 Y-4.364 E2.79673
G1 X-5.282 Y-4.395 E2.80149
G1 X-4.944 Y-4.715 E2.81071
G1 X-4.944 Y-5.376 E2.82381
G1 X-6.081 Y-6.484 E2.85528
G1 X-6.338 Y-6.575 E2.86068
G1 X-6.45 Y-7.047 E2.87029
G1 X-6.406 Y-7.54 E2.8801
G1 X-6.233 Y-8.019 E2.89019
G1 X-6.002 Y-8.384 E2.89875
G1 X-5.581 Y-8.832 E2.91093
G1 X-4.811 Y-9.268 E2.92847
G1 X-3.853 Y-9.39 E2.94761
G1 X-2.934 Y-9.161 E2.96638
G1 X-2.416 Y-9.362 E2.97739
G1 X-1.482 Y-9.417 E2.99593
G1 E.99593 F2400
G92 E0
G1 Z1.7 F4800
G1 X-6.888 Y-8.222
G1 Z1.4
G1 E2 F2400
G1 F3600
G1 X-7.066 Y-7.656 E2.01176
G1 X-7.083 Y-6.966 E2.02544
G1 X-7.205 Y-7.124 E2.0294
G1 X-7.204 Y-7.263 E2.03215
G1 X-6.869 Y-8.266 E2.05311
G1 E.05311 F2400
G92 E0
G1 Z1.7 F4800
G1 X-10.321 Y-.554
G1 Z1.4
G1 E2 F2400
G1 F3600
G1 X-10.462 Y-.909 E2.00757
G1 X-10.384 Y-1.376 E2.01695
G1 X-10.027 Y-1.734 E2.02697
G1 X-9.664 Y-1.837 E2.03445
G1 X-9.625 Y-2.185 E2.04139
G1 X-9.025 Y-2.109 E2.05338
G1 X-8.68 Y-1.933 E2.06106
G1 X-8.324 Y-1.328 E2.07497
G1 X-8.275 Y-.971 E2.08211
G1 X-8.328 Y-.604 E2.08946
G1 X-8.694 Y-.011 E2.10327
G1 X-9.328 Y.308 E2.11734
G1 X-9.691 Y.326 E2.12454
G1 X-10.022 Y.245 E2.13129
G1 X-10.449 Y-.154 E2.14287
G1 X-10.788 Y-.737 E2.15624
G1 X-10.806 Y-1.207 E2.16556
G1 X-10.701 Y-1.534 E2.17237
G1 X-10.514 Y-1.8 E2.17881
G1 X-10.193 Y-2.045 E2.18681
G1 X-9.673 Y-2.191 E2.19751
G1 E.19751 F2400
G92 E0
G1 Z1.7 F4800
G1 X-11.631 Y2.25
G1 Z1.4
G1 E2 F2400
G1 F3600
G1 X-11.734 Y1.953 E2.00623
G1 X-11.671 Y1.597 E2.0134
G1 X-11.309 Y1.219 E2.02377
G1 X-10.977 Y1.119 E2.03064
G1 X-10.957 Y.77 E2.03757
G1 X-10.513 Y.867 E2.04658
G1 X-10.122 Y1.257 E2.05753
G1 X-9.984 Y1.863 E2.06985
G1 X-10.037 Y2.194 E2.07649
G1 X-10.405 Y2.723 E2.08926
G1 X-11.01 Y2.936 E2.10197
G1 X-11.342 Y2.892 E2.10861
G1 X-11.654 Y2.738 E2.11551
G1 X-11.913 Y2.469 E2.12291
G1 X-12.085 Y1.969 E2.13339
G1 X-11.992 Y1.451 E2.14382
G1 X-11.686 Y1.054 E2.15375
G1 X-11.25 Y.814 E2.16361
G1 X-11.005 Y.767 E2.16855
G1 E.16855 F2400
G92 E0
G1 Z1.7 F4800
G1 X2.181 Y-1.381
G1 Z1.4
G1 E2 F2400
;TYPE:External perimeter
;WIDTH:0.375788
G1 F900
G1 X2.196 Y-2.266 E2.01897
;WIDTH:0.412152
G1 X2.214 Y-2.529 E2.02522
;WIDTH:0.448516
G1 X2.232 Y-2.792 E2.03206
G1 X2.214 Y-2.393 F4800
G1 E.03206 F2400
G92 E0
G1 Z1.7 F4800
G1 X-7.232 Y-2.792
G1 Z1.4
G1 E2 F2400
;WIDTH:0.448518
G1 F900
G1 X-7.214 Y-2.538 E2.00661
;WIDTH:0.412939
G1 X-7.196 Y-2.284 E2.01266
;WIDTH:0.37736
G1 X-7.18 Y-1.414 E2.03139
;WIDTH:0.37219
G1 X-7.181 Y-1.381 E2.03209
G1 X-7.19 Y-1.781 F4800
G1 E.03209 F2400
G92 E0
G1 Z1.7 F4800
G1 X-12.035 Y-1.973
G1 Z1.4
G1 E2 F2400
;TYPE:Perimeter
;WIDTH:0.58707
G1 F900
G1 X-11.978 Y-2.682 E2.02461
;WIDTH:0.614259
G1 X-11.909 Y-3.061 E2.03859
;WIDTH:0.641448
G1 X-11.84 Y-3.44 E2.05323
G1 E.05323 F2400
G92 E0
G1 Z1.7 F4800
G1 X-8.172 Y-5.314
G1 Z1.4
G1 E2 F2400
;WIDTH:0.519425
G1 F900
G1 X-8.172 Y-6.226 E2.02771
G1 X-7.907 Y-6.226 E2.03576
G1 X-7.685 Y-5.911 E2.04747
G1 X-7.67 Y-4.805 E2.08108
;WIDTH:0.488594
G1 X-7.654 Y-4.525 E2.08906
G1 X-7.748 Y-4.771 E2.09656
;WIDTH:0.519425
G1 X-7.842 Y-5.016 E2.10453
G1 X-8.128 Y-5.274 E2.11623
G1 E.11623 F2400
G92 E0
G1 Z1.7 F4800
G1 X-10.829 Y-5.467
G1 Z1.4
G1 E2 F2400
;WIDTH:0.37283
G1 F900
G1 X-10.851 Y-5.431 E2.0009
G1 X-10.915 Y-5.467 E2.00246
G1 X-10.851 Y-5.504 E2.00403
G1 X-11.063 Y-4.279 F4800
;WIDTH:0.594424
G1 F900
G1 X-11.034 Y-4.2 E2.00698
G1 X-10.91 Y-4.149 E2.01168
;WIDTH:0.547223
G1 X-10.786 Y-4.098 E2.01599
;WIDTH:0.500022
G1 X-10.662 Y-4.047 E2.0199
;WIDTH:0.452821
G1 X-10.539 Y-3.995 E2.0234
;WIDTH:0.405619
G1 X-10.415 Y-3.944 E2.02652
G1 X-10.555 Y-3.968 E2.02983
;WIDTH:0.452821
G1 X-10.696 Y-3.991 E2.03358
;WIDTH:0.500022
G1 X-10.836 Y-4.015 E2.03772
;WIDTH:0.547223
G1 X-10.977 Y-4.039 E2.04231
;WIDTH:0.594424
G1 X-11.117 Y-4.062 E2.04728
G1 X-11.298 Y-4.038 E2.05368
G1 X-11.353 Y-3.973 E2.05667
;WIDTH:0.5452
G1 X-11.409 Y-3.908 E2.05941
;WIDTH:0.495975
G1 X-11.464 Y-3.843 E2.06187
;WIDTH:0.446751
G1 X-11.519 Y-3.778 E2.06407
;WIDTH:0.397527
G1 X-11.575 Y-3.713 E2.06602
;WIDTH:0.391624
G1 X-11.616 Y-3.687 E2.06711
;WIDTH:0.434946
G1 X-11.657 Y-3.66 E2.06834
;WIDTH:0.478267
G1 X-11.698 Y-3.634 E2.06969
;WIDTH:0.519063
G1 X-11.733 Y-3.585 E2.07152
;WIDTH:0.559858
G1 X-11.769 Y-3.537 E2.07349
;WIDTH:0.600653
G1 X-11.805 Y-3.488 E2.07565
;WIDTH:0.641448
G1 X-11.84 Y-3.44 E2.07791
G1 X-11.848 Y-3.484 E2.07961
;WIDTH:0.611369
G1 X-11.856 Y-3.528 E2.08123
;WIDTH:0.581289
G1 X-11.857 Y-3.592 E2.08342
;WIDTH:0.534692
G1 X-11.859 Y-3.657 E2.08546
;WIDTH:0.488094
G1 X-11.861 Y-3.721 E2.08728
;WIDTH:0.441497
G1 X-11.863 Y-3.786 E2.08894
;WIDTH:0.3949
G1 X-11.864 Y-3.85 E2.09039
;WIDTH:0.397527
G1 X-11.819 Y-3.961 E2.09312
;WIDTH:0.446751
G1 X-11.773 Y-4.071 E2.0962
;WIDTH:0.495975
G1 X-11.728 Y-4.182 E2.09966
;WIDTH:0.5452
G1 X-11.682 Y-4.292 E2.10347
;WIDTH:0.594424
G1 X-11.543 Y-4.722 E2.11932
;WIDTH:0.559522
G1 X-11.449 Y-5.042 E2.13029
;WIDTH:0.524619
G1 X-11.326 Y-5.348 E2.14042
;WIDTH:0.487309
G1 X-11.203 Y-5.653 E2.14975
;WIDTH:0.449999
G1 X-10.801 Y-6.26 E2.16872
G1 X-10.493 Y-6.26 E2.17675
G1 X-10.493 Y-5.296 E2.20187
G1 X-10.618 Y-5.186 E2.20621
;WIDTH:0.487309
G1 X-10.812 Y-5.007 E2.2137
;WIDTH:0.524619
G1 X-11.005 Y-4.829 E2.22176
G1 X-11.04 Y-4.743 E2.22461
;WIDTH:0.557312
G1 X-11.068 Y-4.557 E2.23077
;WIDTH:0.594424
G1 X-11.097 Y-4.372 E2.23734
G1 X-11.083 Y-4.335 E2.23873
G1 E.23873 F2400
G92 E0
G1 Z1.7 F4800
G1 X-7.654 Y-4.525
G1 Z1.4
G1 E2 F2400
;WIDTH:0.498031
G1 F900
G1 X-7.675 Y-4.412 E2.00334
;WIDTH:0.538299
G1 X-7.695 Y-4.3 E2.00693
;WIDTH:0.578568
G1 X-7.715 Y-4.187 E2.01084
;WIDTH:0.618836
G1 X-7.735 Y-4.074 E2.01504
G1 X-7.827 Y-4.053 E2.01849
;WIDTH:0.575433
G1 X-7.918 Y-4.031 E2.02166
;WIDTH:0.53203
G1 X-8.01 Y-4.009 E2.02461
;WIDTH:0.488627
G1 X-8.102 Y-3.988 E2.0273
;WIDTH:0.445224
G1 X-8.193 Y-3.966 E2.02971
;WIDTH:0.401821
G1 X-8.285 Y-3.944 E2.03189
;WIDTH:0.35842
G1 X-9.219 Y-3.961 E2.0509
;WIDTH:0.323946
G1 X-9.491 Y-3.979 E2.05586
G1 X-9.608 Y-3.961 E2.05801
;WIDTH:0.35842
G1 X-9.725 Y-3.944 E2.06042
G1 X-10.415 Y-3.944 E2.07446
G1 X-10.603 Y-4.465 F4800
;TYPE:External perimeter
;WIDTH:0.449999
G1 F900
G1 X-10.6 Y-4.428 E2.07543
G1 X-10.415 Y-4.316 E2.08106
G1 X-8.285 Y-4.316 E2.13656
G1 X-8.123 Y-4.393 E2.14123
G1 X-8.079 Y-4.489 E2.14398
G1 X-8.145 Y-4.68 E2.14925
G1 X-8.395 Y-4.906 E2.15803
G1 X-8.665 Y-5.082 E2.16643
G1 X-8.625 Y-5.122 E2.1679
G1 X-8.625 Y-6.678 E2.20844
G1 X-7.686 Y-6.678 E2.23291
G1 X-7.233 Y-6.041 E2.25328
G1 X-7.234 Y-2.814 E2.33736
G1 X-7.383 Y-3.413 E2.35344
G1 X-7.586 Y-3.572 E2.36016
G1 X-8.947 Y-3.572 E2.39562
G1 X-9.379 Y-3.649 E2.40705
G1 X-9.666 Y-3.572 E2.41479
G1 X-11.117 Y-3.572 E2.4526
G1 X-11.283 Y-3.49 E2.45742
G1 X-11.339 Y-3.327 E2.46191
G1 X-11.495 Y-2.629 E2.48055
G1 X-11.564 Y-1.961 E2.49805
G1 X-11.553 Y-1.207 E2.5177
G1 X-12.517 Y-1.686 E2.54575
G1 X-12.486 Y-2.507 E2.56716
G1 X-12.425 Y-3.067 E2.58184
G1 X-12.122 Y-4.498 E2.61995
G1 X-11.877 Y-5.201 E2.63935
G1 X-11.661 Y-5.683 E2.65311
G1 X-11.404 Y-6.147 E2.66693
G1 X-11.012 Y-6.678 E2.68413
G1 X-10.075 Y-6.678 E2.70854
G1 X-10.075 Y-5.18 E2.74757
G1 X-10.036 Y-5.083 E2.75029
G1 X-10.224 Y-4.978 E2.7559
G1 X-10.612 Y-4.594 E2.77012
G1 X-10.607 Y-4.525 E2.77192
G1 X-10.266 Y-4.315 F4800
G1 E.77192 F2400
G92 E0
G1 Z1.7 F4800
G1 X-6.95 Y1.477
G1 Z1.4
G1 E2 F2400
;TYPE:Perimeter
;WIDTH:0.535794
G1 F900
G1 X-6.688 Y.907 E2.0197
G1 X-6.663 Y.954 E2.02137
;WIDTH:0.540856
G1 X-6.352 Y1.516 E2.04175
;WIDTH:0.577212
G1 X-5.901 Y2.126 E2.06753
G1 X-5.43 Y2.587 E2.08993
G1 X-6.225 Y2.587 E2.11695
G1 X-6.485 Y2.251 E2.13139
;WIDTH:0.568383
G1 X-6.919 Y1.529 E2.15956
G1 E.15956 F2400
G92 E0
G1 Z1.7 F4800
G1 X1.95 Y1.477
G1 Z1.4
G1 E2 F2400
;WIDTH:0.542042
G1 F900
G1 X1.762 Y1.819 E2.01241
;WIDTH:0.57598
G1 X1.234 Y2.587 E2.04402
G1 X.413 Y2.587 E2.07186
G1 X.739 Y2.3 E2.08659
G1 X1.041 Y1.941 E2.1025
;WIDTH:0.572345
G1 X1.449 Y1.357 E2.1265
;WIDTH:0.535791
G1 X1.688 Y.907 E2.1425
G1 X1.925 Y1.423 E2.16033
G1 E.16033 F2400
G92 E0
G1 Z1.7 F4800
G1 X-4.441 Y3.208
G1 Z1.4
G1 E2 F2400
;WIDTH:0.51855
G1 F900
G1 X-3.949 Y3.43 E2.01637
G1 X-3.715 Y3.482 E2.02364
;WIDTH:0.47548
G1 X-3.221 Y3.546 E2.03741
;WIDTH:0.431267
G1 X-2.726 Y3.611 E2.04984
;WIDTH:0.409884
G1 X-1.858 Y3.581 E2.0703
;WIDTH:0.45208
G1 X-1.525 Y3.523 E2.07915
;WIDTH:0.494276
G1 X-1.192 Y3.465 E2.08889
;WIDTH:0.521089
G1 X-.621 Y3.25 E2.10749
G1 X-.721 Y3.661 E2.12039
G1 X-.721 Y3.898 E2.12762
G1 X-1.015 Y3.913 E2.1366
;WIDTH:0.492773
G1 X-1.31 Y3.927 E2.14508
;WIDTH:0.464456
G1 X-1.676 Y3.944 E2.15496
;WIDTH:0.430364
G1 X-2.043 Y3.961 E2.16408
;WIDTH:0.398725
G1 X-2.991 Y3.96 E2.18575
;WIDTH:0.437103
G1 X-3.375 Y3.94 E2.19546
;WIDTH:0.47548
G1 X-3.759 Y3.921 E2.20609
;WIDTH:0.51855
G1 X-4.28 Y3.9 E2.22191
G1 X-4.28 Y3.695 E2.22813
G1 X-4.422 Y3.265 E2.24186
G1 E.24186 F2400
G92 E0
G1 Z1.7 F4800
G1 X-6.767 Y-.697
G1 Z1.4
G1 E2 F2400
;WIDTH:0.449999
G1 F900
G1 X-6.761 Y-.727 E2.0008
G1 X-6.685 Y-.337 E2.01115
G1 X-6.447 Y.361 E2.03037
G1 X-5.983 Y1.237 E2.0562
G1 X-5.553 Y1.792 E2.07449
G1 X-5.087 Y2.241 E2.09135
;WIDTH:0.497771
G1 X-4.929 Y2.388 E2.09762
;WIDTH:0.545543
G1 X-4.77 Y2.535 E2.10455
;WIDTH:0.593314
G1 X-4.612 Y2.681 E2.11208
G1 X-4.514 Y2.726 E2.11585
;WIDTH:0.565529
G1 X-4.416 Y2.772 E2.11945
;WIDTH:0.537744
G1 X-4.023 Y2.916 E2.13265
;WIDTH:0.493872
G1 X-3.63 Y3.06 E2.1447
;WIDTH:0.449999
G1 X-2.736 Y3.224 E2.16838
G1 X-1.942 Y3.192 E2.18909
G1 X-1.218 Y3.004 E2.20858
;WIDTH:0.499827
G1 X-.955 Y2.904 E2.21679
;WIDTH:0.549654
G1 X-.692 Y2.804 E2.22587
;WIDTH:0.599481
G1 X-.428 Y2.704 E2.23586
G1 X-.194 Y2.562 E2.24554
;WIDTH:0.59482
G1 X-.111 Y2.462 E2.2501
;WIDTH:0.546547
G1 X-.028 Y2.362 E2.25427
;WIDTH:0.498273
G1 X.055 Y2.262 E2.25805
;WIDTH:0.449999
G1 X.421 Y1.939 E2.27077
G1 X1.042 Y1.142 E2.2971
G1 X1.448 Y.358 E2.3201
G1 X1.705 Y-.407 E2.34113
G1 X1.764 Y-.713 E2.34925
G1 X1.914 Y.1 E2.37079
G1 X2.124 Y.761 E2.38886
G1 X2.471 Y1.459 E2.40917
G1 X2.158 Y2.059 E2.4268
G1 X1.857 Y2.551 E2.44183
G1 X1.458 Y3.068 E2.45885
G1 X.848 Y3.068 E2.47474
;WIDTH:0.498273
G1 X.587 Y3.065 E2.48233
;WIDTH:0.546547
G1 X.327 Y3.062 E2.49067
;WIDTH:0.59482
G1 X.067 Y3.06 E2.49979
;WIDTH:0.599481
G1 X-.098 Y3.163 E2.50667
G1 X-.13 Y3.236 E2.50949
;WIDTH:0.555135
G1 X-.162 Y3.31 E2.51212
;WIDTH:0.510789
G1 X-.194 Y3.383 E2.5145
;WIDTH:0.466443
G1 X-.268 Y3.695 E2.52318
;WIDTH:0.449999
G1 X-.268 Y4.352 E2.5403
G1 X-4.732 Y4.352 E2.65661
G1 X-4.732 Y3.695 E2.67373
;WIDTH:0.493872
G1 X-4.779 Y3.491 E2.67976
;WIDTH:0.537744
G1 X-4.826 Y3.288 E2.68633
;WIDTH:0.56615
G1 X-4.866 Y3.226 E2.68879
;WIDTH:0.594556
G1 X-4.905 Y3.163 E2.69139
G1 X-5.056 Y3.131 E2.6968
;WIDTH:0.546371
G1 X-5.208 Y3.1 E2.70177
;WIDTH:0.498185
G1 X-5.359 Y3.068 E2.70626
;WIDTH:0.449999
G1 X-6.457 Y3.068 E2.73487
G1 X-6.877 Y2.525 E2.75276
G1 X-7.241 Y1.922 E2.77111
G1 X-7.471 Y1.459 E2.78458
G1 X-7.317 Y1.174 E2.79302
G1 X-7.041 Y.512 E2.81171
G1 X-6.895 Y.024 E2.82498
G1 X-6.777 Y-.637 E2.84248
G1 X-7.014 Y-1.194 F4800
;TYPE:External perimeter
G1 F900
G1 X-6.419 Y-1.188 E2.85798
G1 X-6.29 Y-.472 E2.87694
G1 X-6.052 Y.226 E2.89616
G1 X-5.649 Y.985 E2.91855
G1 X-5.251 Y1.503 E2.93557
G1 X-4.839 Y1.905 E2.95057
G1 X-4.227 Y2.351 E2.9703
G1 X-3.548 Y2.651 E2.98964
G1 X-2.748 Y2.807 E3.01088
G1 X-2.031 Y2.784 E3.02957
G1 X-1.503 Y2.666 E3.04367
G1 X-.982 Y2.46 E3.05827
G1 X-.414 Y2.118 E3.07555
G1 X.145 Y1.626 E3.09495
G1 X.667 Y.957 E3.11706
G1 X.956 Y.413 E3.13311
G1 X1.14 Y-.037 E3.14578
G1 X1.316 Y-.572 E3.16045
G1 X1.42 Y-1.188 E3.17673
G1 X2.024 Y-1.194 E3.19247
;WIDTH:0.441528
G1 X2.102 Y-1.287 E3.19557
;WIDTH:0.406859
G1 X2.181 Y-1.381 E3.19844
;WIDTH:0.411095
G1 X2.175 Y-1.099 E3.20511
;WIDTH:0.449999
G1 X2.17 Y-.817 E3.21246
G1 X2.307 Y-.049 E3.23279
G1 X2.441 Y.389 E3.24472
G1 X2.696 Y.998 E3.26192
G1 X2.964 Y1.434 E3.27525
G1 X2.516 Y2.275 E3.30008
G1 X2.039 Y3.009 E3.32289
G1 X1.649 Y3.486 E3.33894
G1 X.359 Y3.486 E3.37255
G1 X.223 Y3.536 E3.37633
G1 X.15 Y3.695 E3.38089
G1 X.15 Y4.719 E3.40757
G1 X.061 Y4.77 E3.41024
G1 X-5.029 Y4.77 E3.54286
G1 X-5.15 Y4.719 E3.54628
G1 X-5.15 Y3.695 E3.57296
G1 X-5.193 Y3.568 E3.57645
G1 X-5.359 Y3.486 E3.58127
G1 X-6.649 Y3.486 E3.61488
G1 X-6.948 Y3.137 E3.62685
G1 X-7.251 Y2.713 E3.64043
G1 X-7.689 Y1.967 E3.66297
G1 X-7.964 Y1.434 E3.6786
G1 X-7.765 Y1.145 E3.68774
G1 X-7.493 Y.558 E3.7046
G1 X-7.307 Y-.049 E3.72114
G1 X-7.167 Y-.839 E3.74204
G1 X-7.174 Y-1.11 E3.7491
;WIDTH:0.411095
G1 X-7.181 Y-1.381 E3.75551
;WIDTH:0.40686
G1 X-7.102 Y-1.287 E3.75838
;WIDTH:0.44153
G1 X-7.056 Y-1.232 E3.76021
G1 X-6.658 Y-1.194 F4800
G1 E1.76021 F2400
G92 E0
G1 Z1.7 F4800
G1 X5.915 Y-5.468
G1 Z1.4
G1 E2 F2400
;TYPE:Perimeter
;WIDTH:0.372842
G1 F900
G1 X5.893 Y-5.431 E2.00091
G1 X5.829 Y-5.468 E2.00248
G1 X5.893 Y-5.504 E2.00404
G1 X6.063 Y-4.278 F4800
;WIDTH:0.594371
G1 F900
G1 X6.097 Y-4.371 E2.00751
G1 X6.084 Y-4.502 E2.01213
;WIDTH:0.560678
G1 X6.072 Y-4.633 E2.01647
;WIDTH:0.526984
G1 X6.005 Y-4.829 E2.02286
;WIDTH:0.524563
G1 X5.749 Y-5.063 E2.03351
;WIDTH:0.487281
G1 X5.493 Y-5.297 E2.04335
;WIDTH:0.449999
G1 X5.493 Y-6.26 E2.06844
G1 X5.801 Y-6.26 E2.07647
G1 X6.042 Y-5.936 E2.08699
G1 X6.28 Y-5.513 E2.09964
;WIDTH:0.485061
G1 X6.39 Y-5.208 E2.1088
;WIDTH:0.520122
G1 X6.501 Y-4.904 E2.11865
;WIDTH:0.54796
G1 X6.582 Y-4.626 E2.12796
;WIDTH:0.575797
G1 X6.718 Y-4.225 E2.14231
;WIDTH:0.5321
G1 X6.772 Y-4.101 E2.14653
;WIDTH:0.488403
G1 X6.825 Y-3.978 E2.15034
;WIDTH:0.444706
G1 X6.879 Y-3.854 E2.15382
;WIDTH:0.449092
G1 X6.871 Y-3.771 E2.15599
;WIDTH:0.497176
G1 X6.863 Y-3.688 E2.15841
;WIDTH:0.54526
G1 X6.856 Y-3.605 E2.16108
;WIDTH:0.593344
G1 X6.848 Y-3.523 E2.16396
;WIDTH:0.641428
G1 X6.84 Y-3.44 E2.16713
G1 X6.805 Y-3.488 E2.16939
;WIDTH:0.600587
G1 X6.769 Y-3.537 E2.17155
;WIDTH:0.559745
G1 X6.733 Y-3.586 E2.17355
;WIDTH:0.518903
G1 X6.698 Y-3.634 E2.17535
;WIDTH:0.478061
G1 X6.631 Y-3.669 E2.17745
;WIDTH:0.439535
G1 X6.563 Y-3.704 E2.17939
;WIDTH:0.444706
G1 X6.503 Y-3.784 E2.18196
;WIDTH:0.488403
G1 X6.442 Y-3.863 E2.1848
;WIDTH:0.5321
G1 X6.381 Y-3.943 E2.18794
;WIDTH:0.575797
G1 X6.32 Y-4.022 E2.19132
;WIDTH:0.594371
G1 X6.117 Y-4.062 E2.19857
G1 X5.997 Y-4.039 E2.20285
;WIDTH:0.548941
G1 X5.877 Y-4.017 E2.20678
;WIDTH:0.503511
G1 X5.757 Y-3.994 E2.21037
;WIDTH:0.458081
G1 X5.636 Y-3.971 E2.21364
;WIDTH:0.41265
G1 X5.516 Y-3.949 E2.21653
G1 X5.62 Y-3.999 E2.21927
;WIDTH:0.458081
G1 X5.723 Y-4.049 E2.22231
;WIDTH:0.503511
G1 X5.827 Y-4.099 E2.2257
;WIDTH:0.548941
G1 X5.93 Y-4.15 E2.2294
;WIDTH:0.594371
G1 X6.034 Y-4.2 E2.23345
G1 X6.042 Y-4.222 E2.23427
G1 X6.84 Y-3.44 F4800
;WIDTH:0.641428
G1 F900
G1 X6.968 Y-2.76 E2.26056
;WIDTH:0.591616
G1 X7.025 Y-1.979 E2.28788
G1 E.28788 F2400
G92 E0
G1 Z1.7 F4800
G1 X5.516 Y-3.949
G1 Z1.4
G1 E2 F2400
;WIDTH:0.36722
G1 F900
G1 X4.725 Y-3.944 E2.01653
;WIDTH:0.35842
G1 X4.538 Y-3.963 E2.02035
;WIDTH:0.320648
G1 X4.352 Y-3.982 E2.02371
G1 X3.818 Y-3.963 E2.03332
;WIDTH:0.358418
G1 X3.285 Y-3.944 E2.04417
;WIDTH:0.401801
G1 X3.193 Y-3.966 E2.04635
;WIDTH:0.445183
G1 X3.101 Y-3.988 E2.04879
;WIDTH:0.488565
G1 X3.01 Y-4.009 E2.05145
;WIDTH:0.531948
G1 X2.918 Y-4.031 E2.0544
;WIDTH:0.57533
G1 X2.827 Y-4.053 E2.05757
;WIDTH:0.618712
G1 X2.735 Y-4.074 E2.06102
G1 X2.715 Y-4.187 E2.06522
;WIDTH:0.578428
G1 X2.695 Y-4.3 E2.06913
;WIDTH:0.538144
G1 X2.674 Y-4.412 E2.07273
;WIDTH:0.49786
G1 X2.654 Y-4.525 E2.07606
G1 X3.172 Y-5.314 F4800
;WIDTH:0.519424
G1 F900
G1 X2.842 Y-5.016 E2.08957
G1 X2.748 Y-4.771 E2.09754
;WIDTH:0.4885
G1 X2.654 Y-4.525 E2.10503
G1 X2.67 Y-4.805 E2.11301
;WIDTH:0.519424
G1 X2.685 Y-5.892 E2.14604
G1 X2.92 Y-6.226 E2.15845
G1 X3.172 Y-6.226 E2.16611
G1 X3.172 Y-5.374 E2.192
G1 E.192 F2400
G92 E0
G1 Z1.7 F4800
G1 X5.603 Y-4.464
G1 Z1.4
G1 E2 F2400
;TYPE:External perimeter
;WIDTH:0.449999
G1 F900
G1 X5.612 Y-4.594 E2.0034
G1 X5.338 Y-4.875 E2.01363
G1 X5.036 Y-5.083 E2.02318
G1 X5.075 Y-5.122 E2.02462
G1 X5.075 Y-6.678 E2.06516
G1 X6.012 Y-6.678 E2.08957
G1 X6.427 Y-6.108 E2.10794
G1 X6.728 Y-5.533 E2.12485
G1 X6.928 Y-5.054 E2.13837
G1 X7.13 Y-4.466 E2.15457
G1 X7.332 Y-3.61 E2.17749
G1 X7.429 Y-3.036 E2.19266
G1 X7.489 Y-2.472 E2.20744
G1 X7.517 Y-1.686 E2.22793
G1 X6.553 Y-1.207 E2.25598
G1 X6.574 Y-1.508 E2.26384
G1 X6.491 Y-2.653 E2.29375
G1 X6.339 Y-3.327 E2.31175
G1 X6.272 Y-3.482 E2.31615
G1 X6.117 Y-3.572 E2.32082
G1 X4.725 Y-3.572 E2.35709
G1 X4.461 Y-3.639 E2.36419
G1 X4.195 Y-3.634 E2.37112
G1 X4.021 Y-3.572 E2.37593
G1 X2.586 Y-3.572 E2.41332
G1 X2.383 Y-3.413 E2.42004
G1 X2.234 Y-2.814 E2.43612
G1 X2.233 Y-6.035 E2.52005
G1 X2.685 Y-6.678 E2.54053
G1 X3.625 Y-6.678 E2.56502
G1 X3.625 Y-5.183 E2.60397
G1 X3.665 Y-5.083 E2.60678
G1 X3.572 Y-5.035 E2.60951
G1 X3.145 Y-4.68 E2.62398
G1 X3.076 Y-4.525 E2.6284
G1 X3.123 Y-4.393 E2.63205
G1 X3.285 Y-4.316 E2.63672
G1 X5.415 Y-4.316 E2.69222
G1 X5.58 Y-4.416 E2.69725
G1 X5.425 Y-4.785 F4800
;LAYER_CHANGE
;Z:1.55
;HEIGHT:0.15
G1 E.69725 F2400
G92 E0
G1 Z1.55 F4800
G1 Z1.85
G1 X-6.489 Y7.152
G1 Z1.55
G1 E2 F2400
;TYPE:Support material
;WIDTH:0.35
G1 F3600
G1 X-6.456 Y6.933 E2.00439
G1 X-6.165 Y6.682 E2.01201
G1 X-5.572 Y6.412 E2.02492
G1 X-5.271 Y6.372 E2.03094
G1 X-5.246 Y6.023 E2.03787
G1 X-4.578 Y6.158 E2.05138
G1 X-3.984 Y6.596 E2.06601
G1 X-3.319 Y7.836 E2.0939
G1 X-3.355 Y8.268 E2.10249
G1 X-3.609 Y8.613 E2.11098
G1 X-4.48 Y9.204 E2.13184
G1 X-5.22 Y9.394 E2.14698
G1 X-6.004 Y9.215 E2.16292
G1 X-6.594 Y8.734 E2.17801
G1 X-6.797 Y8.386 E2.18599
G1 X-6.935 Y7.669 E2.20046
G1 X-6.768 Y6.766 E2.21866
G1 X-6.398 Y6.4 E2.22897
G1 X-6.009 Y6.202 E2.23762
G1 X-5.294 Y6.019 E2.25225
G1 X-4.934 Y5.694 F4800
G1 F3600
G1 X-4.437 Y5.836 E2.26249
G1 X-3.717 Y6.365 E2.2802
G1 X-3.097 Y7.446 E2.3049
G1 X-2.972 Y7.762 E2.31164
G1 X-2.957 Y8.076 E2.31787
G1 X-3.16 Y8.661 E2.33014
G1 X-4.316 Y9.516 E2.35864
G1 X-4.978 Y9.716 E2.37235
G1 X-5.683 Y9.699 E2.38633
G1 X-6.158 Y9.532 E2.39631
G1 X-6.537 Y9.291 E2.40521
G1 X-6.875 Y8.948 E2.41475
G1 X-7.12 Y8.528 E2.42439
G1 X-7.246 Y8.124 E2.43278
G1 X-7.261 Y7.348 E2.44816
G1 X-7.079 Y6.599 E2.46344
G1 X-6.641 Y6.131 E2.47614
G1 X-5.746 Y5.73 E2.49558
G1 X-4.982 Y5.691 E2.51074
G1 E.51074 F2400
G92 E0
G1 Z1.85 F4800
G1 X-.958 Y7.235
G1 Z1.55
G1 E2 F2400
G1 F3600
G1 X-.6 Y6.665 E2.01334
G1 X-.347 Y6.484 E2.01951
G1 X.2 Y6.318 E2.03084
G1 X.204 Y5.968 E2.03778
G1 X1.079 Y5.996 E2.05513
G1 X1.33 Y6.096 E2.06048
G1 X1.751 Y6.788 E2.07653
G1 X1.986 Y7.561 E2.09254
G1 X1.966 Y7.951 E2.10028
G1 X1.646 Y8.666 E2.11581
G1 X1.046 Y9.16 E2.13121
G1 X.28 Y9.334 E2.14678
G1 X-.191 Y9.262 E2.15622
G1 X-1.178 Y8.854 E2.17739
G1 X-1.491 Y8.518 E2.18649
G1 X-1.614 Y8.078 E2.19554
G1 X-1.59 Y7.807 E2.20093
G1 X-1.072 Y6.665 E2.22578
G1 X-.519 Y6.177 E2.2404
G1 X.157 Y5.968 E2.25442
G1 X.347 Y5.62 F4800
G1 F3600
G1 X1.134 Y5.647 E2.27003
G1 X1.558 Y5.821 E2.27911
G1 X2.055 Y6.612 E2.29762
G1 X2.252 Y7.057 E2.30727
G1 X2.337 Y7.54 E2.31699
G1 X2.313 Y8.014 E2.3264
G1 X2.171 Y8.465 E2.33577
G1 X1.861 Y8.95 E2.34718
G1 X1.202 Y9.476 E2.36389
G1 X.75 Y9.636 E2.37339
G1 X.272 Y9.687 E2.38292
G1 X-.283 Y9.602 E2.39405
G1 X-1.365 Y9.156 E2.41725
G1 X-1.797 Y8.695 E2.42977
G1 X-1.966 Y8.089 E2.44224
G1 X-1.914 Y7.674 E2.45053
G1 X-1.563 Y6.826 E2.46872
G1 X-1.069 Y6.139 E2.48549
G1 X-.691 Y5.869 E2.4947
G1 X-.283 Y5.697 E2.50348
G1 X.299 Y5.619 E2.51512
G1 E.51512 F2400
G92 E0
G1 Z1.85 F4800
G1 X4.945 Y1.799
G1 Z1.55
G1 E2 F2400
G1 F3600
G1 X4.966 Y1.479 E2.00636
G1 X5.21 Y1.057 E2.01602
G1 X5.629 Y.834 E2.02543
G1 X5.894 Y.816 E2.03069
G1 X5.957 Y.472 E2.03762
G1 X6.26 Y.539 E2.04377
G1 X6.587 Y.717 E2.05115
G1 X6.848 Y.979 E2.05848
G1 X7.006 Y1.31 E2.06575
G1 X7.066 Y1.67 E2.07298
G1 X7.024 Y2.026 E2.08008
G1 X6.886 Y2.351 E2.08708
G1 X6.375 Y2.82 E2.10083
G1 X6.03 Y2.928 E2.10799
G1 X5.663 Y2.931 E2.11526
G1 X5.184 Y2.76 E2.12534
G1 X4.73 Y2.309 E2.13802
G1 X4.586 Y1.69 E2.15062
G1 X4.756 Y1.07 E2.16336
G1 X5.224 Y.611 E2.17635
G1 X5.554 Y.489 E2.18332
G1 X5.91 Y.463 E2.19039
G1 E.19039 F2400
G92 E0
G1 Z1.85 F4800
G1 X3.352 Y-1.373
G1 Z1.55
G1 E2 F2400
G1 F3600
G1 X3.321 Y-1.859 E2.00965
G1 X3.786 Y-2.197 E2.02104
G1 X4.25 Y-2.353 E2.03074
G1 X4.252 Y-2.703 E2.03768
G1 X4.612 Y-2.687 E2.04482
G1 X4.944 Y-2.556 E2.05189
G1 X5.447 Y-2.078 E2.06564
G1 X5.628 Y-1.435 E2.07888
G1 X5.456 Y-.788 E2.09215
G1 X4.959 Y-.296 E2.10601
G1 X4.628 Y-.168 E2.11304
G1 X4.27 Y-.139 E2.12016
G1 X3.935 Y-.189 E2.12687
G1 X3.592 Y-.35 E2.13438
G1 X3.178 Y-.794 E2.14641
G1 X3.036 Y-1.101 E2.15311
G1 X2.988 Y-1.989 E2.17074
G1 X3.592 Y-2.493 E2.18633
G1 X4.204 Y-2.703 E2.19915
G1 E.19915 F2400
G92 E0
G1 Z1.85 F4800
G1 X-5.289 Y-8.076
G1 Z1.55
G1 E2 F2400
G1 F3600
G1 X-4.925 Y-8.407 E2.00975
G1 X-4.624 Y-8.561 E2.01645
G1 X-3.902 Y-8.663 E2.0309
G1 X-3.84 Y-9.008 E2.03785
G1 X-3.191 Y-8.826 E2.05121
G1 X-2.634 Y-8.791 E2.06227
G1 X-1.963 Y-8.98 E2.07609
G1 X-1.11 Y-8.886 E2.0931
G1 X-.34 Y-8.46 E2.11054
G1 X-.043 Y-8.134 E2.11928
G1 X.163 Y-7.775 E2.12748
G1 X.244 Y-7.381 E2.13545
G1 X.109 Y-6.567 E2.1518
G1 X-.375 Y-5.897 E2.16818
G1 X-.889 Y-5.536 E2.18063
G1 X-1.098 Y-5.269 E2.18735
G1 X-1.229 Y-4.7 E2.19892
G1 X-1.174 Y-4.029 E2.21226
G1 X-1.273 Y-3.646 E2.2201
G1 X-1.687 Y-2.982 E2.23561
G1 X-1.983 Y-2.744 E2.24314
G1 X-2.317 Y-2.586 E2.25046
G1 X-3.039 Y-2.523 E2.26482
G1 X-3.36 Y-2.608 E2.2714
G1 X-3.947 Y-3 E2.28539
G1 X-4.157 Y-3.262 E2.29204
G1 X-4.51 Y-4.087 E2.30982
G1 X-4.687 Y-4.309 E2.31545
G1 X-4.483 Y-4.498 E2.32096
G1 X-4.366 Y-5.093 E2.33298
G1 X-4.992 Y-5.787 E2.3515
G1 X-6 Y-7.231 E2.3864
G1 X-5.915 Y-7.671 E2.39528
G1 X-5.462 Y-8.42 E2.41263
G1 X-4.749 Y-8.89 E2.42956
G1 X-3.887 Y-9.016 E2.44683
G1 X-3.679 Y-9.334 F4800
G1 F3600
G1 X-3.111 Y-9.172 E2.45854
G1 X-2.692 Y-9.146 E2.46686
G1 X-1.995 Y-9.331 E2.48115
G1 X-1.506 Y-9.323 E2.49084
G1 X-1.006 Y-9.222 E2.50095
G1 X-.529 Y-9.022 E2.5112
G1 X-.107 Y-8.724 E2.52144
G1 X.241 Y-8.341 E2.5317
G1 X.495 Y-7.901 E2.54177
G1 X.595 Y-7.408 E2.55174
G1 X.572 Y-6.913 E2.56156
G1 X.279 Y-6.141 E2.57793
G1 X-.144 Y-5.632 E2.59105
G1 X-.775 Y-5.115 E2.60722
G1 X-.871 Y-4.698 E2.6157
G1 X-.825 Y-3.981 E2.62994
G1 X-1.148 Y-3.1 E2.64854
G1 X-1.437 Y-2.734 E2.65778
G1 X-1.796 Y-2.445 E2.66691
G1 X-2.205 Y-2.252 E2.67587
G1 X-2.643 Y-2.161 E2.68474
G1 X-3.086 Y-2.175 E2.69352
G1 X-3.498 Y-2.285 E2.70197
G1 X-3.879 Y-2.487 E2.71052
G1 X-4.449 Y-3.067 E2.72664
G1 X-4.82 Y-3.914 E2.74497
G1 X-5.086 Y-4.248 E2.75343
G1 X-5.272 Y-4.317 E2.75736
G1 X-4.804 Y-4.677 E2.76906
G1 X-4.741 Y-5.002 E2.77562
G1 X-5.248 Y-5.544 E2.79033
G1 X-6.339 Y-7.048 E2.82716
G1 X-6.25 Y-7.78 E2.84177
G1 X-6.016 Y-8.277 E2.85266
G1 X-5.703 Y-8.675 E2.8627
G1 X-5.31 Y-8.996 E2.87276
G1 X-4.874 Y-9.219 E2.88247
G1 X-4.374 Y-9.349 E2.89271
G1 X-3.726 Y-9.343 E2.90555
G1 E.90555 F2400
G92 E0
G1 Z1.85 F4800
G1 X-6.908 Y-8.024
G1 Z1.55
G1 E2 F2400
G1 F3600
G1 X-7.067 Y-7.174 E2.01714
G1 X-7.103 Y-7.431 E2.02228
G1 X-6.895 Y-8.07 E2.0356
G1 E.0356 F2400
G92 E0
G1 Z1.85 F4800
G1 X-6.582 Y-5.381
G1 Z1.55
G1 E2 F2400
G1 F3600
G1 X-6.106 Y-4.819 E2.0146
G1 X-5.589 Y-4.439 E2.02732
G1 X-6.326 Y-4.954 E2.04514
G1 X-6.605 Y-5.26 E2.05335
G1 X-6.606 Y-5.422 E2.05656
G1 E.05656 F2400
G92 E0
G1 Z1.85 F4800
G1 X-10.449 Y-.876
G1 Z1.55
G1 E2 F2400
G1 F3600
G1 X-10.437 Y-1.197 E2.00637
G1 X-10.243 Y-1.684 E2.01676
G1 X-9.561 Y-1.824 E2.03056
G1 X-9.492 Y-2.167 E2.03749
G1 X-9.249 Y-2.118 E2.0424
G1 X-8.788 Y-1.903 E2.05248
G1 X-8.508 Y-1.646 E2.06001
G1 X-8.342 Y-1.333 E2.06703
G1 X-8.347 Y-.629 E2.08098
G1 X-8.491 Y-.301 E2.08808
G1 X-9.016 Y.175 E2.10213
G1 X-9.43 Y.291 E2.11065
G1 X-10.202 Y.025 E2.12683
G1 X-10.569 Y-.286 E2.13636
G1 X-10.724 Y-.54 E2.14226
G1 X-10.822 Y-.984 E2.15127
G1 X-10.779 Y-1.275 E2.1571
G1 X-10.496 Y-1.937 E2.17137
G1 X-10.293 Y-2.069 E2.17617
G1 X-9.539 Y-2.176 E2.19126
G1 E.19126 F2400
G92 E0
G1 Z1.85 F4800
G1 X-11.348 Y2.318
G1 Z1.55
G1 E2 F2400
G1 F3600
G1 X-11.546 Y2.091 E2.00597
G1 X-11.552 Y1.642 E2.01487
G1 X-11.253 Y1.266 E2.02439
G1 X-10.832 Y1.151 E2.03304
G1 X-10.738 Y.814 E2.03997
G1 X-10.388 Y.975 E2.04761
G1 X-10.185 Y1.216 E2.05386
G1 X-10.084 Y1.485 E2.05955
G1 X-10.122 Y2.097 E2.0717
G1 X-10.475 Y2.599 E2.08386
G1 X-10.746 Y2.739 E2.08991
G1 X-11.05 Y2.785 E2.096
G1 X-11.36 Y2.722 E2.10227
G1 X-11.644 Y2.547 E2.10888
G1 X-11.863 Y2.249 E2.11621
G1 X-11.946 Y1.842 E2.12444
G1 X-11.784 Y1.322 E2.13523
G1 X-11.246 Y.864 E2.14923
G1 X-10.784 Y.801 E2.15847
G1 E.15847 F2400
G92 E0
G1 Z1.85 F4800
G1 X2.181 Y-1.601
G1 Z1.55
G1 E2 F2400
;TYPE:External perimeter
;WIDTH:0.38404
G1 F900
G1 X2.2 Y-2.576 E2.0214
;WIDTH:0.426036
G1 X2.221 Y-2.819 E2.02739
;WIDTH:0.468032
G1 X2.242 Y-3.063 E2.03405
;WIDTH:0.510028
G1 X2.263 Y-3.307 E2.04135
G1 X2.24 Y-2.907 F4800
G1 E.04135 F2400
G92 E0
G1 Z1.85 F4800
G1 X-7.263 Y-3.307
G1 Z1.55
G1 E2 F2400
;WIDTH:0.510062
G1 F900
G1 X-7.242 Y-3.069 E2.00712
;WIDTH:0.46878
G1 X-7.221 Y-2.831 E2.01363
;WIDTH:0.427498
G1 X-7.201 Y-2.593 E2.01952
;WIDTH:0.386216
G1 X-7.181 Y-2.069 E2.0311
;WIDTH:0.37219
G1 X-7.181 Y-1.6 E2.04104
G1 X-7.196 Y-2 F4800
G1 E.04104 F2400
G92 E0
G1 Z1.85 F4800
G1 X-12.043 Y-1.883
G1 Z1.55
G1 E2 F2400
;TYPE:Perimeter
;WIDTH:0.582286
G1 F900
G1 X-11.995 Y-2.779 E2.03078
;WIDTH:0.610118
G1 X-11.899 Y-3.395 E2.05325
G1 E.05325 F2400
G92 E0
G1 Z1.85 F4800
G1 X-10.829 Y-5.688
G1 Z1.55
G1 E2 F2400
;WIDTH:0.371444
G1 F900
G1 X-10.85 Y-5.651 E2.0009
G1 X-10.914 Y-5.688 E2.00246
G1 X-10.85 Y-5.724 E2.00401
G1 X-11.209 Y-4.106 F4800
;WIDTH:0.551022
G1 F900
G1 X-11.165 Y-4.021 E2.00711
G1 X-11.03 Y-3.977 E2.0117
;WIDTH:0.502871
G1 X-10.894 Y-3.933 E2.0159
;WIDTH:0.454719
G1 X-10.759 Y-3.89 E2.01963
;WIDTH:0.406568
G1 X-10.624 Y-3.846 E2.02295
G1 X-10.769 Y-3.87 E2.02638
;WIDTH:0.454719
G1 X-10.914 Y-3.894 E2.03025
;WIDTH:0.502871
G1 X-11.059 Y-3.919 E2.03457
;WIDTH:0.551022
G1 X-11.204 Y-3.943 E2.03933
G1 X-11.431 Y-3.904 E2.04678
;WIDTH:0.565609
G1 X-11.77 Y-3.651 E2.06085
;WIDTH:0.610118
G1 X-11.899 Y-3.395 E2.07118
G1 X-11.879 Y-3.699 E2.08216
;WIDTH:0.565609
G1 X-11.808 Y-4.077 E2.09495
;WIDTH:0.534698
G1 X-11.737 Y-4.456 E2.10703
;WIDTH:0.503787
G1 X-11.553 Y-5.05 E2.12532
;WIDTH:0.487526
G1 X-11.36 Y-5.55 E2.14054
;WIDTH:0.449999
G1 X-11.195 Y-5.885 E2.15027
G1 X-10.818 Y-6.49 E2.16884
G1 X-10.493 Y-6.49 E2.17731
G1 X-10.493 Y-5.5 E2.20311
G1 X-10.806 Y-5.231 E2.21386
;WIDTH:0.487526
G1 X-11.141 Y-4.813 E2.22907
G1 X-11.262 Y-4.511 E2.23831
;WIDTH:0.517129
G1 X-11.266 Y-4.368 E2.24264
;WIDTH:0.551022
G1 X-11.27 Y-4.225 E2.24727
G1 X-11.236 Y-4.159 E2.24967
G1 X-10.624 Y-3.846 F4800
;WIDTH:0.358418
G1 F900
G1 X-10.241 Y-3.846 E2.25746
G1 E.25746 F2400
G92 E0
G1 Z1.85 F4800
G1 X-7.685 Y-5.01
G1 Z1.55
G1 E2 F2400
;WIDTH:0.519425
G1 F900
G1 X-7.857 Y-5.242 E2.00878
G1 X-8.172 Y-5.516 E2.02147
G1 X-8.172 Y-6.455 E2.05
G1 X-7.908 Y-6.455 E2.05802
G1 X-7.685 Y-6.142 E2.0697
G1 X-7.685 Y-5.07 E2.10227
G1 X-7.674 Y-3.916 F4800
;WIDTH:0.497592
G1 F900
G1 X-7.775 Y-3.894 E2.10527
;WIDTH:0.454136
G1 X-7.875 Y-3.872 E2.10796
;WIDTH:0.41068
G1 X-7.975 Y-3.851 E2.11037
;WIDTH:0.367224
G1 X-8.476 Y-3.846 E2.12084
G1 E.12084 F2400
G92 E0
G1 Z1.85 F4800
G1 X-10.798 Y-4.33
G1 Z1.55
G1 E2 F2400
;TYPE:External perimeter
;WIDTH:0.449999
G1 F900
G1 X-10.791 Y-4.302 E2.00075
G1 X-10.624 Y-4.218 E2.00562
G1 X-9.365 Y-4.238 E2.03843
G1 X-8.04 Y-4.221 E2.07296
;WIDTH:0.487496
G1 X-7.965 Y-4.275 E2.07558
;WIDTH:0.524993
G1 X-7.89 Y-4.328 E2.0784
;WIDTH:0.562489
G1 X-7.815 Y-4.381 E2.08144
G1 X-7.859 Y-4.468 E2.08466
;WIDTH:0.512731
G1 X-7.903 Y-4.555 E2.08758
;WIDTH:0.462972
G1 X-8.221 Y-4.973 E2.10169
;WIDTH:0.449999
G1 X-8.625 Y-5.293 E2.11512
G1 X-8.625 Y-6.908 E2.1572
G1 X-7.686 Y-6.908 E2.18167
G1 X-7.233 Y-6.271 E2.20204
G1 X-7.233 Y-5.299 E2.22737
;WIDTH:0.462972
G1 X-7.239 Y-4.775 E2.24145
;WIDTH:0.510737
G1 X-7.263 Y-4.601 E2.24669
;WIDTH:0.558502
G1 X-7.287 Y-4.427 E2.25246
G1 X-7.269 Y-4.257 E2.25807
;WIDTH:0.522335
G1 X-7.251 Y-4.086 E2.26333
;WIDTH:0.486167
G1 X-7.233 Y-3.916 E2.26817
;WIDTH:0.480031
G1 X-7.248 Y-3.611 E2.2767
;WIDTH:0.510062
G1 X-7.263 Y-3.307 E2.28577
G1 X-7.38 Y-3.39 E2.29005
;WIDTH:0.480031
G1 X-7.498 Y-3.474 E2.2941
;WIDTH:0.449999
G1 X-8.629 Y-3.474 E2.32357
G1 X-8.886 Y-3.729 E2.333
G1 X-9.136 Y-3.838 E2.34011
;WIDTH:0.428516
G1 X-9.381 Y-3.859 E2.34619
;WIDTH:0.433227
G1 X-9.627 Y-3.82 E2.35242
;WIDTH:0.449999
G1 X-9.86 Y-3.701 E2.35924
G1 X-10.074 Y-3.474 E2.36737
G1 X-11.204 Y-3.474 E2.39681
G1 X-11.377 Y-3.383 E2.4019
G1 X-11.409 Y-3.304 E2.40412
G1 X-11.513 Y-2.741 E2.41904
G1 X-11.568 Y-1.894 E2.44116
G1 X-11.529 Y-1.097 E2.46195
G1 X-12.516 Y-1.588 E2.49067
G1 X-12.519 Y-2.156 E2.50547
G1 X-12.474 Y-2.875 E2.52424
G1 X-12.347 Y-3.782 E2.5481
G1 X-12.17 Y-4.563 E2.56897
G1 X-11.988 Y-5.141 E2.58476
G1 X-11.645 Y-5.949 E2.60763
G1 X-11.245 Y-6.605 E2.62765
G1 X-11.018 Y-6.908 E2.63751
G1 X-10.075 Y-6.908 E2.66208
G1 X-10.075 Y-5.293 E2.70416
G1 X-10.471 Y-4.982 E2.71728
G1 X-10.831 Y-4.454 E2.73393
G1 X-10.813 Y-4.388 E2.73571
G1 X-10.448 Y-4.225 F4800
G1 E.73571 F2400
G92 E0
G1 Z1.85 F4800
G1 X-6.739 Y.916
G1 Z1.55
G1 E2 F2400
;TYPE:Perimeter
;WIDTH:0.52909
G1 F900
G1 X-6.436 Y1.473 E2.01965
;WIDTH:0.563561
G1 X-6.121 Y1.938 E2.03826
G1 X-5.755 Y2.364 E2.05687
G1 X-6.477 Y2.364 E2.0808
G1 X-6.781 Y1.879 E2.09977
;WIDTH:0.538963
G1 X-7.043 Y1.383 E2.1175
;WIDTH:0.526118
G1 X-6.779 Y.886 E2.13483
G1 E.13483 F2400
G92 E0
G1 Z1.85 F4800
G1 X1.768 Y.865
G1 Z1.55
G1 E2 F2400
;WIDTH:0.531623
G1 F900
G1 X2.044 Y1.39 E2.01847
;WIDTH:0.539471
G1 X1.762 Y1.909 E2.03716
;WIDTH:0.562458
G1 X1.474 Y2.364 E2.05497
G1 X.762 Y2.364 E2.07852
G1 X1.115 Y1.936 E2.09687
G1 X1.463 Y1.433 E2.1171
;WIDTH:0.536469
G1 X1.739 Y.918 E2.13548
G1 E.13548 F2400
G92 E0
G1 Z1.85 F4800
G1 X-.755 Y3.465
G1 Z1.55
G1 E2 F2400
;WIDTH:0.589175
G1 F900
G1 X-.755 Y4.131 E2.02313
G1 X-1.282 Y4.15 E2.04145
;WIDTH:0.551173
G1 X-1.675 Y4.168 E2.05418
;WIDTH:0.515496
G1 X-2.068 Y4.186 E2.06604
;WIDTH:0.489434
G1 X-3.114 Y4.181 E2.09587
;WIDTH:0.538107
G1 X-3.68 Y4.156 E2.11374
;WIDTH:0.58678
G1 X-4.246 Y4.132 E2.13333
G1 X-4.256 Y3.424 E2.15782
G1 X-3.971 Y3.555 E2.16867
G1 X-3.74 Y3.62 E2.17697
;WIDTH:0.562838
G1 X-3.283 Y3.683 E2.19224
;WIDTH:0.51878
G1 X-2.825 Y3.746 E2.20627
;WIDTH:0.494558
G1 X-1.858 Y3.721 E2.23416
;WIDTH:0.522866
G1 X-1.598 Y3.679 E2.24222
;WIDTH:0.551173
G1 X-1.337 Y3.637 E2.25078
;WIDTH:0.589175
G1 X-.813 Y3.482 E2.26976
G1 X-.079 Y3.027 F4800
;WIDTH:0.460655
G1 F900
G1 X-.248 Y3.308 E2.27852
;WIDTH:0.449999
G1 X-.268 Y3.465 E2.28264
G1 X-.268 Y4.561 E2.3112
G1 X-.375 Y4.618 E2.31436
G1 X-4.589 Y4.618 E2.42416
G1 X-4.732 Y4.561 E2.42817
G1 X-4.732 Y3.465 E2.45673
;WIDTH:0.455442
G1 X-4.8 Y3.175 E2.46459
;WIDTH:0.458729
G1 X-4.987 Y2.955 E2.47227
G1 X-5.359 Y2.838 E2.48264
;WIDTH:0.449999
G1 X-6.717 Y2.838 E2.51802
G1 X-6.954 Y2.501 E2.52875
G1 X-7.282 Y1.914 E2.54627
G1 X-7.553 Y1.358 E2.56239
G1 X-7.177 Y.648 E2.58332
G1 X-6.935 Y-.045 E2.60245
G1 X-6.797 Y-.74 E2.62091
G1 X-6.58 Y.11 E2.64377
G1 X-6.37 Y.631 E2.65841
G1 X-6.145 Y1.052 E2.67085
G1 X-5.867 Y1.487 E2.6843
G1 X-5.557 Y1.888 E2.69751
G1 X-5.109 Y2.332 E2.71394
;WIDTH:0.455442
G1 X-4.446 Y2.804 E2.73542
G1 X-3.64 Y3.156 E2.75863
;WIDTH:0.449999
G1 X-2.831 Y3.316 E2.78012
G1 X-1.952 Y3.291 E2.80303
G1 X-1.312 Y3.139 E2.82017
G1 X-.772 Y2.918 E2.83537
;WIDTH:0.452608
G1 X-.088 Y2.493 E2.85648
G1 X.427 Y2.032 E2.8746
;WIDTH:0.449999
G1 X.741 Y1.645 E2.88759
G1 X1.058 Y1.212 E2.90157
G1 X1.37 Y.631 E2.91875
G1 X1.607 Y.026 E2.93568
G1 X1.797 Y-.74 E2.95624
G1 X1.822 Y-.548 E2.96128
G1 X1.988 Y.118 E2.97916
G1 X2.251 Y.825 E2.99881
G1 X2.561 Y1.373 E3.01521
G1 X2.158 Y2.148 E3.03797
G1 X1.717 Y2.838 E3.05931
G1 X.735 Y2.838 E3.0849
;WIDTH:0.452608
G1 X.142 Y2.876 E3.10048
;WIDTH:0.460655
G1 X-.043 Y2.981 E3.10616
G1 X.216 Y3.32 F4800
;TYPE:External perimeter
;WIDTH:0.449999
G1 F900
G1 X.15 Y3.465 E3.11031
G1 X.15 Y4.812 E3.14541
G1 X-.271 Y5.036 E3.15784
G1 X-4.729 Y5.036 E3.274
G1 X-5.15 Y4.812 E3.28643
G1 X-5.15 Y3.465 E3.32153
G1 X-5.196 Y3.334 E3.32515
G1 X-5.359 Y3.256 E3.32986
G1 X-6.924 Y3.256 E3.37064
G1 X-7.165 Y2.94 E3.38099
G1 X-7.448 Y2.506 E3.39449
G1 X-7.925 Y1.576 E3.42172
G1 X-8.122 Y1.405 E3.42852
G1 X-7.916 Y1.151 E3.43704
G1 X-7.571 Y.508 E3.45605
G1 X-7.343 Y-.136 E3.47385
G1 X-7.229 Y-.64 E3.48731
G1 X-7.18 Y-1.077 E3.49877
G1 X-7.181 Y-1.339 E3.5056
;WIDTH:0.411095
G1 X-7.181 Y-1.6 E3.51177
;WIDTH:0.38931
G1 X-7.157 Y-1.52 E3.51363
;WIDTH:0.415407
G1 X-7.09 Y-1.471 E3.51561
;WIDTH:0.441504
G1 X-7.024 Y-1.423 E3.51769
;WIDTH:0.449999
G1 X-6.451 Y-1.418 E3.53262
G1 X-6.344 Y-.649 E3.55285
G1 X-6.193 Y-.046 E3.56905
G1 X-5.898 Y.634 E3.58836
G1 X-5.651 Y1.08 E3.60164
G1 X-5.258 Y1.596 E3.61854
G1 X-4.863 Y1.995 E3.63317
G1 X-4.271 Y2.422 E3.65219
G1 X-3.551 Y2.748 E3.67278
G1 X-2.836 Y2.898 E3.69182
G1 X-2.041 Y2.883 E3.71254
G1 X-1.464 Y2.75 E3.72797
G1 X-.988 Y2.561 E3.74131
G1 X-.367 Y2.181 E3.76028
G1 X.174 Y1.693 E3.77926
G1 X.691 Y1.011 E3.80156
G1 X.982 Y.475 E3.81745
G1 X1.22 Y-.148 E3.83483
G1 X1.402 Y-.894 E3.85484
G1 X1.451 Y-1.418 E3.86855
G1 X2.024 Y-1.423 E3.88348
;WIDTH:0.441502
G1 X2.147 Y-1.505 E3.88725
;WIDTH:0.393241
G1 X2.181 Y-1.601 E3.88954
;WIDTH:0.406846
G1 X2.171 Y-1.451 E3.89305
;WIDTH:0.441502
G1 X2.161 Y-1.301 E3.89689
;WIDTH:0.449999
G1 X2.229 Y-.64 E3.9142
G1 X2.382 Y-.022 E3.93079
G1 X2.614 Y.619 E3.94855
G1 X2.906 Y1.133 E3.96395
G1 X3.122 Y1.405 E3.973
G1 X2.922 Y1.582 E3.97996
G1 X2.681 Y2.09 E3.99461
G1 X2.314 Y2.697 E4.01309
G1 X1.924 Y3.256 E4.03085
G1 X.359 Y3.256 E4.07163
G1 X.265 Y3.291 E4.07424
G1 X.158 Y3.677 F4800
G1 E2.07424 F2400
G92 E0
G1 Z1.85 F4800
G1 X6.211 Y-4.109
G1 Z1.55
G1 E2 F2400
;TYPE:Perimeter
;WIDTH:0.550993
G1 F900
G1 X6.27 Y-4.225 E2.00421
G1 X6.263 Y-4.377 E2.00913
;WIDTH:0.514501
G1 X6.257 Y-4.528 E2.01368
;WIDTH:0.492301
G1 X6.143 Y-4.815 E2.02254
;WIDTH:0.527533
G1 X5.997 Y-5.04 E2.03083
;WIDTH:0.562765
G1 X5.851 Y-5.265 E2.0397
;WIDTH:0.589688
G1 X5.714 Y-5.403 E2.04646
;WIDTH:0.616611
G1 X5.576 Y-5.541 E2.05357
G1 X5.576 Y-6.403 E2.08499
G1 X5.763 Y-6.402 E2.09181
G1 X5.972 Y-6.117 E2.10469
G1 X6.266 Y-5.587 E2.12678
;WIDTH:0.582178
G1 X6.403 Y-5.355 E2.13602
;WIDTH:0.547745
G1 X6.522 Y-5.066 E2.14607
;WIDTH:0.50963
G1 X6.642 Y-4.778 E2.15536
;WIDTH:0.511254
G1 X6.706 Y-4.492 E2.16412
;WIDTH:0.550993
G1 X6.771 Y-4.206 E2.17361
;WIDTH:0.565535
G1 X6.879 Y-3.699 E2.19085
;WIDTH:0.610086
G1 X6.899 Y-3.395 E2.20183
G1 X6.769 Y-3.651 E2.21218
;WIDTH:0.565535
G1 X6.431 Y-3.903 E2.2262
;WIDTH:0.550993
G1 X6.204 Y-3.943 E2.23366
G1 X6.084 Y-3.92 E2.23761
;WIDTH:0.505051
G1 X5.965 Y-3.897 E2.24118
;WIDTH:0.459109
G1 X5.845 Y-3.874 E2.24443
;WIDTH:0.413167
G1 X5.725 Y-3.851 E2.24733
G1 X5.835 Y-3.893 E2.25013
;WIDTH:0.459109
G1 X5.945 Y-3.936 E2.25327
;WIDTH:0.505051
G1 X6.055 Y-3.978 E2.25674
;WIDTH:0.550993
G1 X6.165 Y-4.02 E2.26055
G1 X6.183 Y-4.055 E2.26182
G1 X6.899 Y-3.395 F4800
;WIDTH:0.610086
G1 F900
G1 X6.987 Y-2.852 E2.28164
;WIDTH:0.58535
G1 X7.04 Y-2.142 E2.3062
;WIDTH:0.57227
G1 X7.043 Y-1.883 E2.31492
G1 E.31492 F2400
G92 E0
G1 Z1.85 F4800
G1 X5.242 Y-3.846
G1 Z1.55
G1 E2 F2400
;WIDTH:0.367224
G1 F900
G1 X5.725 Y-3.851 E2.01009
G1 E.01009 F2400
G92 E0
G1 Z1.85 F4800
G1 X2.685 Y-5.01
G1 Z1.55
G1 E2 F2400
;WIDTH:0.519425
G1 F900
G1 X2.685 Y-6.131 E2.03406
G1 X2.901 Y-6.456 E2.04592
G1 X3.172 Y-6.456 E2.05415
G1 X3.172 Y-5.516 E2.08271
G1 X2.987 Y-5.374 E2.0898
G1 X2.724 Y-5.057 E2.10232
G1 X3.476 Y-3.846 F4800
;WIDTH:0.358418
G1 F900
G1 X3.076 Y-3.846 E2.11046
;WIDTH:0.40479
G1 X2.942 Y-3.869 E2.11362
;WIDTH:0.451163
G1 X2.808 Y-3.893 E2.11718
;WIDTH:0.497536
G1 X2.674 Y-3.916 E2.12113
G1 E.12113 F2400
G92 E0
G1 Z1.85 F4800
G1 X5.8 Y-4.328
G1 Z1.55
G1 E2 F2400
;TYPE:External perimeter
;WIDTH:0.449999
G1 F900
G1 X5.832 Y-4.414 E2.00239
G1 X5.791 Y-4.552 E2.00614
G1 X5.471 Y-4.982 E2.02011
G1 X5.075 Y-5.293 E2.03323
G1 X5.075 Y-6.907 E2.07528
G1 X6.017 Y-6.901 E2.09982
G1 X6.41 Y-6.368 E2.11707
G1 X6.827 Y-5.556 E2.14085
G1 X7.047 Y-4.918 E2.15843
G1 X7.227 Y-4.31 E2.17495
G1 X7.392 Y-3.464 E2.19741
G1 X7.478 Y-2.809 E2.21462
G1 X7.519 Y-2.139 E2.23211
G1 X7.516 Y-1.588 E2.24647
G1 X6.529 Y-1.097 E2.27519
G1 X6.554 Y-1.295 E2.28039
G1 X6.563 Y-2.105 E2.3015
G1 X6.51 Y-2.763 E2.3187
G1 X6.377 Y-3.383 E2.33522
G1 X6.204 Y-3.474 E2.34031
G1 X5.075 Y-3.474 E2.36973
G1 X4.964 Y-3.599 E2.37409
G1 X4.684 Y-3.802 E2.3831
;WIDTH:0.442758
G1 X4.442 Y-3.857 E2.38945
;WIDTH:0.418771
G1 X4.196 Y-3.848 E2.39538
;WIDTH:0.441778
G1 X3.954 Y-3.77 E2.40187
;WIDTH:0.449999
G1 X3.629 Y-3.474 E2.41332
G1 X2.498 Y-3.474 E2.44279
;WIDTH:0.480014
G1 X2.38 Y-3.39 E2.44684
;WIDTH:0.510028
G1 X2.263 Y-3.307 E2.45111
G1 X2.248 Y-3.523 E2.45756
;WIDTH:0.480014
G1 X2.233 Y-3.74 E2.46363
;WIDTH:0.487479
G1 X2.251 Y-3.938 E2.46928
;WIDTH:0.524959
G1 X2.27 Y-4.137 E2.47542
;WIDTH:0.562439
G1 X2.289 Y-4.336 E2.48203
G1 X2.264 Y-4.555 E2.48932
;WIDTH:0.51271
G1 X2.239 Y-4.775 E2.49596
;WIDTH:0.462981
G1 X2.233 Y-5.299 E2.51004
;WIDTH:0.449999
G1 X2.233 Y-6.268 E2.53529
G1 X2.681 Y-6.908 E2.55565
G1 X3.625 Y-6.908 E2.58025
G1 X3.625 Y-5.293 E2.62233
G1 X3.221 Y-4.973 E2.63576
;WIDTH:0.462981
G1 X2.903 Y-4.555 E2.64987
;WIDTH:0.51271
G1 X2.859 Y-4.468 E2.65279
;WIDTH:0.562439
G1 X2.815 Y-4.381 E2.65601
G1 X2.859 Y-4.342 E2.65795
;WIDTH:0.524959
G1 X2.903 Y-4.302 E2.65978
;WIDTH:0.487479
G1 X2.947 Y-4.263 E2.66145
;WIDTH:0.449999
G1 X3.076 Y-4.218 E2.66501
G1 X3.863 Y-4.222 E2.68552
;WIDTH:0.441778
G1 X4.489 Y-4.235 E2.70151
;WIDTH:0.449999
G1 X5.624 Y-4.218 E2.73109
G1 X5.762 Y-4.287 E2.73511
G1 X5.694 Y-4.681 F4800
M106 S211.65
;LAYER_CHANGE
;Z:1.7
;HEIGHT:0.15
G1 E.73511 F2400
G92 E0
G1 Z1.7 F4800
G1 Z2
G1 X-6.47 Y7.164
G1 Z1.7
G1 E2 F2400
;TYPE:Support material
;WIDTH:0.35
G1 F3600
G1 X-6.474 Y6.92 E2.00484
G1 X-6.156 Y6.618 E2.01353
G1 X-5.314 Y6.456 E2.03052
G1 X-5.293 Y6.106 E2.03747
G1 X-4.576 Y6.255 E2.05198
G1 X-4.059 Y6.633 E2.06467
G1 X-3.699 Y7.274 E2.07924
G1 X-3.368 Y7.639 E2.08901
G1 X-3.296 Y8.063 E2.09753
G1 X-3.438 Y8.476 E2.10619
G1 X-3.57 Y8.623 E2.11011
G1 X-4.085 Y8.822 E2.12105
G1 X-4.535 Y9.128 E2.13184
G1 X-5.252 Y9.3 E2.14645
G1 X-5.979 Y9.125 E2.16127
G1 X-6.559 Y8.619 E2.17653
G1 X-6.835 Y7.907 E2.19166
G1 X-6.848 Y7.044 E2.20877
G1 X-6.78 Y6.746 E2.21483
G1 X-6.328 Y6.311 E2.22726
G1 X-6.09 Y6.206 E2.23242
G1 X-5.904 Y6.238 E2.23616
G1 X-5.34 Y6.103 E2.24765
G1 X-4.928 Y5.778 F4800
G1 F3600
G1 X-4.436 Y5.932 E2.25787
G1 X-3.798 Y6.396 E2.27351
G1 X-3.408 Y7.063 E2.28882
G1 X-3.05 Y7.482 E2.29974
G1 X-2.944 Y8.092 E2.31201
G1 X-3.144 Y8.672 E2.32417
G1 X-3.577 Y9.043 E2.33547
G1 X-3.935 Y9.143 E2.34284
G1 X-4.373 Y9.441 E2.35334
G1 X-4.798 Y9.598 E2.36232
G1 X-5.251 Y9.652 E2.37136
G1 X-5.707 Y9.599 E2.38046
G1 X-6.14 Y9.439 E2.38961
G1 X-6.525 Y9.178 E2.39883
G1 X-6.988 Y8.582 E2.41379
G1 X-7.183 Y7.953 E2.42684
G1 X-7.18 Y6.795 E2.44979
G1 X-6.932 Y6.363 E2.45966
G1 X-6.5 Y6.004 E2.47079
G1 X-6.18 Y5.863 E2.47772
G1 X-5.355 Y5.752 E2.49422
G1 X-4.976 Y5.775 E2.50175
G1 E.50175 F2400
G92 E0
G1 Z2 F4800
G1 X-.509 Y6.711
G1 Z1.7
G1 E2 F2400
G1 F3600
G1 X.064 Y6.433 E2.01262
G1 X.747 Y6.426 E2.02616
G1 X.955 Y6.318 E2.03081
G1 X.958 Y5.968 E2.03775
G1 X1.256 Y6.033 E2.0438
G1 X1.434 Y6.164 E2.04818
G1 X1.824 Y7.171 E2.06958
G1 X1.875 Y7.926 E2.08458
G1 X1.578 Y8.622 E2.09958
G1 X1.01 Y9.093 E2.1142
G1 X.624 Y9.225 E2.12229
G1 X.235 Y9.255 E2.13002
G1 X-1.001 Y8.935 E2.15532
G1 X-1.502 Y8.518 E2.16824
G1 X-1.62 Y8.112 E2.17662
G1 X-1.525 Y7.639 E2.18618
G1 X-1.257 Y7.293 E2.19485
G1 X-.975 Y6.693 E2.20799
G1 X-.733 Y6.437 E2.21497
G1 X-.039 Y6.096 E2.2303
G1 X.665 Y6.073 E2.24426
G1 X.91 Y5.968 E2.24954
G1 X1.141 Y5.62 F4800
G1 F3600
G1 X1.423 Y5.721 E2.25548
G1 X1.738 Y5.989 E2.26368
G1 X2.161 Y7.067 E2.28663
G1 X2.245 Y7.522 E2.2958
G1 X2.223 Y7.984 E2.30497
G1 X2.093 Y8.43 E2.31418
G1 X1.861 Y8.833 E2.3234
G1 X1.539 Y9.171 E2.33265
G1 X1.164 Y9.41 E2.34146
G1 X.695 Y9.571 E2.35129
G1 X.221 Y9.607 E2.36071
G1 X-.173 Y9.544 E2.36862
G1 X-1.383 Y9.132 E2.39395
G1 X-1.808 Y8.695 E2.40603
G1 X-1.973 Y8.125 E2.41779
G1 X-1.84 Y7.475 E2.43094
G1 X-1.57 Y7.126 E2.43969
G1 X-1.256 Y6.48 E2.45393
G1 X-.958 Y6.166 E2.46251
G1 X-.59 Y5.928 E2.4712
G1 X-.142 Y5.76 E2.48068
G1 X1.093 Y5.619 E2.50532
G1 E.50532 F2400
G92 E0
G1 Z2 F4800
G1 X5.113 Y2.143
G1 Z1.7
G1 E2 F2400
G1 F3600
G1 X4.988 Y1.786 E2.0075
G1 X5.085 Y1.289 E2.01754
G1 X5.421 Y.96 E2.02686
G1 X5.851 Y.852 E2.03565
G1 X5.905 Y.507 E2.04257
G1 X6.514 Y.727 E2.0554
G1 X6.773 Y.977 E2.06253
G1 X6.953 Y1.296 E2.06979
G1 X7.027 Y1.647 E2.0769
G1 X6.984 Y2.001 E2.08397
G1 X6.844 Y2.324 E2.09095
G1 X6.617 Y2.593 E2.09793
G1 X6.318 Y2.788 E2.105
G1 X5.978 Y2.885 E2.11201
G1 X5.607 Y2.878 E2.11936
G1 X5.251 Y2.76 E2.12679
G1 X4.809 Y2.318 E2.13918
G1 X4.637 Y1.815 E2.14972
G1 X4.653 Y1.434 E2.15728
G1 X4.777 Y1.115 E2.16406
G1 X5.247 Y.653 E2.17712
G1 X5.858 Y.498 E2.18961
G1 E.18961 F2400
G92 E0
G1 Z2 F4800
G1 X3.365 Y-1.588
G1 Z1.7
G1 E2 F2400
G1 F3600
G1 X3.233 Y-1.832 E2.0055
G1 X3.275 Y-1.927 E2.00756
G1 X3.578 Y-1.973 E2.01363
G1 X4.016 Y-2.27 E2.02412
G1 X4.358 Y-2.328 E2.031
G1 X4.405 Y-2.675 E2.03794
G1 X4.951 Y-2.518 E2.0492
G1 X5.227 Y-2.319 E2.05594
G1 X5.542 Y-1.759 E2.06867
G1 X5.549 Y-1.115 E2.08143
G1 X5.283 Y-.503 E2.09466
G1 X4.641 Y-.203 E2.1087
G1 X4.223 Y-.168 E2.11701
G1 X3.646 Y-.362 E2.12907
G1 X3.367 Y-.597 E2.1363
G1 X3.169 Y-.899 E2.14346
G1 X3.065 Y-1.408 E2.15376
G1 X2.873 Y-1.811 E2.16261
G1 X3.013 Y-2.168 E2.17021
G1 X3.435 Y-2.308 E2.17902
G1 X3.897 Y-2.601 E2.18986
G1 X4.358 Y-2.681 E2.19913
G1 E.19913 F2400
G92 E0
G1 Z2 F4800
G1 X-5.272 Y-8.033
G1 Z1.7
G1 E2 F2400
G1 F3600
G1 X-4.922 Y-8.367 E2.00959
G1 X-4.607 Y-8.531 E2.01663
G1 X-3.895 Y-8.635 E2.03089
G1 X-3.833 Y-8.979 E2.03782
G1 X-3.488 Y-8.917 E2.04477
G1 X-2.615 Y-8.562 E2.06345
G1 X-2.402 Y-8.852 E2.07058
G1 X-1.522 Y-8.936 E2.0881
G1 X-1.093 Y-8.857 E2.09675
G1 X-.337 Y-8.435 E2.11391
G1 X-.071 Y-8.126 E2.12199
G1 X.155 Y-7.348 E2.13805
G1 X.005 Y-6.555 E2.15405
G1 X-.502 Y-5.84 E2.17142
G1 X-1.142 Y-5.335 E2.18758
G1 X-1.356 Y-4.724 E2.20041
G1 X-1.281 Y-4.377 E2.20745
G1 X-1.374 Y-3.622 E2.22253
G1 X-1.537 Y-3.28 E2.23004
G1 X-2.054 Y-2.769 E2.24445
G1 X-2.723 Y-2.561 E2.25834
G1 X-3.121 Y-2.596 E2.26626
G1 X-3.692 Y-2.868 E2.2788
G1 X-3.931 Y-3.104 E2.28546
G1 X-4.235 Y-3.667 E2.29814
G1 X-4.419 Y-4.419 E2.31348
G1 X-4.332 Y-4.508 E2.31595
G1 X-4.395 Y-4.91 E2.32401
G1 X-4.632 Y-5.422 E2.33519
G1 X-5.194 Y-5.966 E2.35069
G1 X-5.912 Y-7.48 E2.3839
G1 X-5.71 Y-8.032 E2.39555
G1 X-5.119 Y-8.66 E2.41264
G1 X-4.734 Y-8.86 E2.42124
G1 X-3.88 Y-8.988 E2.43835
G1 X-3.39 Y-9.255 F4800
G1 F3600
G1 X-2.736 Y-8.989 E2.45234
G1 X-2.591 Y-9.186 E2.45719
G1 X-1.497 Y-9.287 E2.47896
G1 X-.992 Y-9.195 E2.48913
G1 X-.518 Y-8.994 E2.49933
G1 X-.099 Y-8.695 E2.50953
G1 X.23 Y-8.312 E2.51954
G1 X.426 Y-7.849 E2.5295
G1 X.507 Y-7.366 E2.53921
G1 X.475 Y-6.884 E2.54878
G1 X.165 Y-6.128 E2.56497
G1 X-.24 Y-5.604 E2.5781
G1 X-.845 Y-5.126 E2.59338
G1 X-.993 Y-4.702 E2.60228
G1 X-.938 Y-3.955 E2.61713
G1 X-1.041 Y-3.506 E2.62626
G1 X-1.238 Y-3.093 E2.63533
G1 X-1.519 Y-2.741 E2.64426
G1 X-1.872 Y-2.467 E2.65312
G1 X-2.276 Y-2.286 E2.66189
G1 X-2.706 Y-2.209 E2.67055
G1 X-3.548 Y-2.369 E2.68754
G1 X-4.204 Y-2.882 E2.70405
G1 X-4.515 Y-3.404 E2.71609
G1 X-4.694 Y-4.068 E2.72972
G1 X-5.028 Y-4.321 E2.73802
G1 X-4.705 Y-4.627 E2.74684
G1 X-4.733 Y-4.807 E2.75045
G1 X-4.91 Y-5.189 E2.75879
G1 X-5.494 Y-5.781 E2.77527
G1 X-6.273 Y-7.445 E2.81168
G1 X-6.015 Y-8.208 E2.82764
G1 X-5.706 Y-8.621 E2.83786
G1 X-5.315 Y-8.952 E2.84801
G1 X-4.861 Y-9.188 E2.85815
G1 X-4.367 Y-9.319 E2.86828
G1 X-3.856 Y-9.339 E2.87842
G1 X-3.437 Y-9.264 E2.88686
G1 E.88686 F2400
G92 E0
G1 Z2 F4800
G1 X-6.922 Y-7.811
G1 Z1.7
G1 E2 F2400
G1 F3600
G1 X-6.998 Y-7.314 E2.00996
G1 X-6.909 Y-7.857 E2.02087
G1 E.02087 F2400
G92 E0
G1 Z2 F4800
G1 X-6.584 Y-5.509
G1 Z1.7
G1 E2 F2400
G1 F3600
G1 X-6.005 Y-4.8 E2.01814
G1 X-5.719 Y-4.594 E2.02513
G1 X-6.289 Y-5.02 E2.03923
G1 X-6.608 Y-5.401 E2.04908
G1 X-6.608 Y-5.55 E2.05203
G1 E.05203 F2400
G92 E0
G1 Z2 F4800
G1 X-10.2 Y-.434
G1 Z1.7
G1 E2 F2400
G1 F3600
G1 X-10.432 Y-.873 E2.00984
G1 X-10.428 Y-1.461 E2.02149
G1 X-10.299 Y-1.783 E2.02836
G1 X-10.101 Y-1.881 E2.03274
G1 X-10.069 Y-2.231 E2.03971
G1 X-9.231 Y-2.093 E2.05654
G1 X-8.896 Y-1.902 E2.06418
G1 X-8.44 Y-1.323 E2.07879
G1 X-8.361 Y-.981 E2.08575
G1 X-8.39 Y-.636 E2.09261
G1 X-8.525 Y-.319 E2.09944
G1 X-8.988 Y.072 E2.11145
G1 X-9.741 Y.151 E2.12646
G1 X-10.317 Y-.061 E2.13862
G1 X-10.525 Y-.26 E2.14433
G1 X-10.776 Y-.8 E2.15613
G1 X-10.776 Y-1.512 E2.17024
G1 X-10.7 Y-1.82 E2.17653
G1 X-10.557 Y-2.025 E2.18148
G1 X-10.374 Y-2.171 E2.18612
G1 X-10.116 Y-2.239 E2.19141
G1 E.19141 F2400
G92 E0
G1 Z2 F4800
G1 X-11.053 Y2.259
G1 Z1.7
G1 E2 F2400
G1 F3600
G1 X-11.361 Y2.078 E2.00708
G1 X-11.427 Y1.679 E2.0151
G1 X-11.189 Y1.3 E2.02397
G1 X-10.83 Y1.141 E2.03175
G1 X-10.807 Y.792 E2.03868
G1 X-10.567 Y.827 E2.04349
G1 X-10.373 Y.954 E2.04809
G1 X-10.147 Y1.422 E2.05839
G1 X-10.128 Y1.71 E2.06411
G1 X-10.335 Y2.257 E2.0757
G1 X-10.799 Y2.587 E2.08698
G1 X-11.089 Y2.613 E2.09275
G1 X-11.374 Y2.529 E2.09864
G1 X-11.646 Y2.291 E2.1058
G1 X-11.795 Y1.835 E2.11531
G1 X-11.693 Y1.385 E2.12446
G1 X-11.413 Y1.027 E2.13347
G1 X-10.855 Y.789 E2.14549
G1 E.14549 F2400
G92 E0
G1 Z2 F4800
G1 X2.18 Y-1.841
G1 Z1.7
G1 E2 F2400
;TYPE:External perimeter
;WIDTH:0.37219
G1 F900
G1 X2.183 Y-2.356 E2.01092
;WIDTH:0.405682
G1 X2.205 Y-2.773 E2.02065
;WIDTH:0.439174
G1 X2.227 Y-3.189 E2.03122
G1 X2.208 Y-2.79 F4800
G1 E.03122 F2400
G92 E0
G1 Z2 F4800
G1 X4.173 Y-4.106
G1 Z1.7
G1 E2 F2400
;WIDTH:0.47965
G1 F900
G1 X4.449 Y-4.112 E2.0077
G1 E.0077 F2400
G92 E0
G1 Z2 F4800
G1 X-7.227 Y-3.189
G1 Z1.7
G1 E2 F2400
;WIDTH:0.439196
G1 F900
G1 X-7.205 Y-2.78 E2.0104
;WIDTH:0.405693
G1 X-7.183 Y-2.372 E2.01992
;WIDTH:0.37219
G1 X-7.18 Y-1.841 E2.03118
G1 X-7.191 Y-2.241 F4800
G1 E.03118 F2400
G92 E0
G1 Z2 F4800
G1 X-9.434 Y-4.113
G1 Z1.7
G1 E2 F2400
;WIDTH:0.477226
G1 F900
G1 X-9.194 Y-4.107 E2.00666
G1 E.00666 F2400
G92 E0
G1 Z2 F4800
G1 X-12.034 Y-1.781
G1 Z1.7
G1 E2 F2400
;TYPE:Perimeter
;WIDTH:0.572172
G1 F900
G1 X-12.041 Y-2.353 E2.01926
;WIDTH:0.587064
G1 X-12.004 Y-2.905 E2.0384
;WIDTH:0.591658
G1 X-11.96 Y-3.258 E2.05081
G1 E.05081 F2400
G92 E0
G1 Z2 F4800
G1 X-10.828 Y-5.911
G1 Z1.7
G1 E2 F2400
;WIDTH:0.369894
G1 F900
G1 X-10.849 Y-5.875 E2.00088
G1 X-10.913 Y-5.911 E2.00243
G1 X-10.849 Y-5.948 E2.00399
G1 E.00399 F2400
G92 E0
G1 Z2 F4800
G1 X-10.8 Y-3.748
G1 Z1.7
G1 E2 F2400
;WIDTH:0.358418
G1 F900
G1 X-10.51 Y-3.748 E2.0059
G1 X-11.346 Y-3.984 F4800
;WIDTH:0.516948
G1 F900
G1 X-11.258 Y-3.854 E2.01065
G1 X-11.144 Y-3.827 E2.01419
;WIDTH:0.477315
G1 X-11.029 Y-3.801 E2.01746
;WIDTH:0.437682
G1 X-10.915 Y-3.775 E2.02042
;WIDTH:0.398049
G1 X-10.8 Y-3.748 E2.02312
G1 X-10.917 Y-3.768 E2.02583
;WIDTH:0.437682
G1 X-11.034 Y-3.788 E2.02883
;WIDTH:0.477315
G1 X-11.151 Y-3.808 E2.03212
;WIDTH:0.516948
G1 X-11.268 Y-3.828 E2.03571
G1 X-11.538 Y-3.77 E2.04406
;WIDTH:0.520455
G1 X-11.792 Y-3.572 E2.05387
;WIDTH:0.556057
G1 X-11.876 Y-3.415 E2.05969
;WIDTH:0.591658
G1 X-11.96 Y-3.258 E2.0659
G1 X-11.956 Y-3.447 E2.0725
;WIDTH:0.556057
G1 X-11.952 Y-3.637 E2.07871
;WIDTH:0.520455
G1 X-11.875 Y-4.038 E2.09114
;WIDTH:0.516948
G1 X-11.83 Y-4.325 E2.09992
;WIDTH:0.476489
G1 X-11.784 Y-4.611 E2.10795
;WIDTH:0.461786
G1 X-11.695 Y-4.873 E2.11536
;WIDTH:0.487541
G1 X-11.432 Y-5.624 E2.13796
;WIDTH:0.465444
G1 X-10.965 Y-6.51 E2.16502
;WIDTH:0.449999
G1 X-10.493 Y-6.661 E2.17793
G1 X-10.493 Y-5.751 E2.20164
G1 X-10.596 Y-5.652 E2.20536
;WIDTH:0.476598
G1 X-10.848 Y-5.39 E2.21543
;WIDTH:0.503197
G1 X-11.101 Y-5.127 E2.22615
G1 X-11.223 Y-4.882 E2.23419
;WIDTH:0.475303
G1 X-11.345 Y-4.636 E2.24178
;WIDTH:0.447409
G1 X-11.42 Y-4.395 E2.24832
;WIDTH:0.479602
G1 X-11.416 Y-4.238 E2.2527
;WIDTH:0.516948
G1 X-11.412 Y-4.082 E2.25742
G1 X-11.38 Y-4.034 E2.25916
G1 X-10.962 Y-4.225 F4800
;TYPE:External perimeter
;WIDTH:0.449999
G1 F900
G1 X-10.945 Y-4.179 E2.26044
G1 X-10.8 Y-4.12 E2.26452
G1 X-10.025 Y-4.12 E2.28471
;WIDTH:0.464592
G1 X-9.434 Y-4.113 E2.30065
G1 X-9.63 Y-4.061 E2.30612
;WIDTH:0.457128
G1 X-9.86 Y-3.931 E2.31312
;WIDTH:0.449999
G1 X-10.216 Y-3.52 E2.32729
G1 X-10.291 Y-3.376 E2.33152
G1 X-11.268 Y-3.376 E2.35698
G1 X-11.434 Y-3.295 E2.36179
G1 X-11.521 Y-2.843 E2.37378
G1 X-11.562 Y-2.334 E2.38709
G1 X-11.561 Y-1.817 E2.40056
G1 X-11.486 Y-.978 E2.42251
G1 X-12.504 Y-1.483 E2.45212
G1 X-12.52 Y-2.361 E2.475
G1 X-12.488 Y-2.947 E2.49029
G1 X-12.399 Y-3.71 E2.51031
G1 X-12.246 Y-4.49 E2.53102
G1 X-12.025 Y-5.264 E2.55199
G1 X-11.829 Y-5.782 E2.56642
G1 X-11.58 Y-6.272 E2.58074
G1 X-11.231 Y-6.864 E2.59865
G1 X-10.583 Y-7.071 E2.61637
G1 X-10.075 Y-7.121 E2.62967
G1 X-10.075 Y-5.535 E2.67099
G1 X-10.292 Y-5.366 E2.67816
G1 X-10.714 Y-4.909 E2.69437
G1 X-11.008 Y-4.351 E2.7108
G1 X-10.982 Y-4.281 E2.71275
G1 X-10.614 Y-4.124 F4800
G1 E.71275 F2400
G92 E0
G1 Z2 F4800
G1 X-7.685 Y-5.264
G1 Z1.7
G1 E2 F2400
;TYPE:Perimeter
;WIDTH:0.519425
G1 F900
G1 X-8.172 Y-5.768 E2.0213
G1 X-8.172 Y-6.685 E2.04916
G1 X-7.908 Y-6.685 E2.05718
G1 X-7.685 Y-6.372 E2.06886
G1 X-7.685 Y-5.324 E2.1007
G1 X-8.19 Y-3.748 F4800
;WIDTH:0.388638
G1 F900
G1 X-7.912 Y-3.764 E2.10689
;WIDTH:0.418858
G1 X-7.635 Y-3.779 E2.11358
G1 X-7.425 Y-3.372 F4800
;TYPE:External perimeter
;WIDTH:0.449999
G1 F900
G1 X-7.43 Y-3.376 E2.11375
G1 X-8.417 Y-3.376 E2.13947
G1 X-8.527 Y-3.591 E2.14576
;WIDTH:0.451165
G1 X-8.886 Y-3.96 E2.15921
;WIDTH:0.477226
G1 X-9.194 Y-4.107 E2.16868
G1 X-8.929 Y-4.116 E2.17604
;WIDTH:0.458891
G1 X-8.371 Y-4.12 E2.19089
;WIDTH:0.449999
G1 X-7.864 Y-4.124 E2.2041
;WIDTH:0.473575
G1 X-7.683 Y-4.291 E2.21088
G1 X-7.715 Y-4.435 E2.21494
;WIDTH:0.458443
G1 X-8.03 Y-4.969 E2.23142
;WIDTH:0.449999
G1 X-8.434 Y-5.396 E2.24674
G1 X-8.625 Y-5.535 E2.25289
G1 X-8.625 Y-7.138 E2.29466
G1 X-7.686 Y-7.138 E2.31913
G1 X-7.233 Y-6.502 E2.33948
G1 X-7.233 Y-5.131 E2.3752
;WIDTH:0.470256
G1 X-7.233 Y-3.779 E2.41214
;WIDTH:0.449999
G1 X-7.227 Y-3.189 E2.42751
G1 X-7.381 Y-3.332 E2.43299
G1 X-7.779 Y-3.372 F4800
G1 E.43299 F2400
G92 E0
G1 Z2 F4800
G1 X-6.852 Y.766
G1 Z1.7
G1 E2 F2400
;TYPE:Perimeter
;WIDTH:0.526579
G1 F900
G1 X-6.625 Y1.212 E2.01543
;WIDTH:0.542608
G1 X-6.335 Y1.735 E2.03447
G1 X-6.024 Y2.144 E2.05083
G1 X-6.683 Y2.144 E2.07181
G1 X-6.887 Y1.783 E2.08501
;WIDTH:0.529109
G1 X-7.127 Y1.316 E2.10128
;WIDTH:0.526579
G1 X-6.879 Y.82 E2.11838
G1 X-6.818 Y-.843 F4800
;WIDTH:0.449999
G1 F900
G1 X-6.708 Y-.225 E2.13474
G1 X-6.453 Y.543 E2.15583
G1 X-5.966 Y1.454 E2.18275
G1 X-5.541 Y2.004 E2.20086
;WIDTH:0.492774
G1 X-5.391 Y2.168 E2.20724
;WIDTH:0.535548
G1 X-5.24 Y2.332 E2.21424
;WIDTH:0.578322
G1 X-5.09 Y2.496 E2.22181
;WIDTH:0.621096
G1 X-4.94 Y2.659 E2.22995
G1 X-5.044 Y2.647 E2.23379
;WIDTH:0.578322
G1 X-5.149 Y2.634 E2.23739
;WIDTH:0.535548
G1 X-5.254 Y2.621 E2.24071
;WIDTH:0.492774
G1 X-5.359 Y2.608 E2.24375
;WIDTH:0.449999
G1 X-6.942 Y2.608 E2.285
G1 X-7.101 Y2.37 E2.29246
G1 X-7.47 Y1.648 E2.31359
G1 X-7.696 Y1.317 E2.32403
G1 X-7.521 Y1.087 E2.33156
G1 X-7.305 Y.659 E2.34405
G1 X-7.036 Y.054 E2.3613
G1 X-6.832 Y-.785 E2.3838
G1 E.3838 F2400
G92 E0
G1 Z2 F4800
G1 X1.841 Y.801
G1 Z1.7
G1 E2 F2400
;WIDTH:0.529062
G1 F900
G1 X2.125 Y1.318 E2.01828
G1 X2.068 Y1.44 E2.02245
;WIDTH:0.538733
G1 X1.672 Y2.146 E2.04802
G1 X1.02 Y2.146 E2.06862
G1 X1.464 Y1.527 E2.09268
;WIDTH:0.5364
G1 X1.814 Y.855 E2.1165
G1 X1.822 Y-.87 F4800
;WIDTH:0.449999
G1 F900
G1 X1.955 Y-.208 E2.13409
G1 X2.215 Y.521 E2.15426
G1 X2.466 Y1.001 E2.16837
G1 X2.696 Y1.317 E2.17855
G1 X2.545 Y1.501 E2.18475
G1 X2.314 Y1.986 E2.19875
G1 X1.929 Y2.608 E2.21781
G1 X.785 Y2.608 E2.24762
;WIDTH:0.490259
G1 X.653 Y2.596 E2.25141
;WIDTH:0.53052
G1 X.521 Y2.583 E2.25553
;WIDTH:0.57078
G1 X.39 Y2.571 E2.25995
;WIDTH:0.61104
G1 X.258 Y2.558 E2.26474
;WIDTH:0.6513
G1 X.126 Y2.546 E2.26986
G1 X.171 Y2.475 E2.27311
;WIDTH:0.607944
G1 X.216 Y2.405 E2.2761
;WIDTH:0.564588
G1 X.26 Y2.334 E2.27887
;WIDTH:0.521232
G1 X.427 Y2.139 E2.2867
;WIDTH:0.485616
G1 X.593 Y1.944 E2.29394
;WIDTH:0.449999
G1 X.961 Y1.46 E2.30978
G1 X1.219 Y1.004 E2.32343
G1 X1.465 Y.507 E2.33788
G1 X1.732 Y-.321 E2.36055
G1 X1.812 Y-.811 E2.37349
G1 E.37349 F2400
G92 E0
G1 Z2 F4800
G1 X-.686 Y3.423
G1 Z1.7
G1 E2 F2400
G1 F900
G1 X-.686 Y4.404 E2.02556
G1 X-.8 Y4.452 E2.02878
G1 X-1.172 Y4.467 E2.03848
;WIDTH:0.487843
G1 X-1.474 Y4.448 E2.04708
;WIDTH:0.525687
G1 X-1.776 Y4.429 E2.05639
;WIDTH:0.563531
G1 X-2.078 Y4.41 E2.06642
;WIDTH:0.574778
G1 X-3.132 Y4.405 E2.10208
G1 X-3.464 Y4.426 E2.11334
;WIDTH:0.533185
G1 X-3.796 Y4.446 E2.12373
;WIDTH:0.491592
G1 X-4.127 Y4.467 E2.13323
;WIDTH:0.449999
G1 X-4.314 Y4.404 E2.13837
G1 X-4.314 Y3.421 E2.16398
G1 X-3.729 Y3.662 E2.18047
;WIDTH:0.491592
G1 X-3.511 Y3.731 E2.18702
;WIDTH:0.533185
G1 X-3.293 Y3.8 E2.19416
;WIDTH:0.574778
G1 X-3.075 Y3.868 E2.20189
G1 X-2.826 Y3.886 E2.21034
;WIDTH:0.563531
G1 X-2.081 Y3.879 E2.23503
G1 X-1.852 Y3.847 E2.24269
;WIDTH:0.552679
G1 X-1.64 Y3.78 E2.24991
;WIDTH:0.518453
G1 X-1.427 Y3.714 E2.25667
;WIDTH:0.484226
G1 X-1.214 Y3.648 E2.26296
;WIDTH:0.449999
G1 X-.741 Y3.447 E2.27635
G1 X-.171 Y2.811 F4800
;WIDTH:0.63061
G1 F900
G1 X-.181 Y2.858 E2.27814
;WIDTH:0.585458
G1 X-.21 Y2.984 E2.2826
;WIDTH:0.540305
G1 X-.239 Y3.109 E2.28667
;WIDTH:0.495152
G1 X-.268 Y3.235 E2.2904
;WIDTH:0.449999
G1 X-.268 Y4.662 E2.32758
G1 X-.75 Y4.885 E2.34142
G1 X-4.25 Y4.885 E2.43262
G1 X-4.732 Y4.662 E2.44646
G1 X-4.74 Y3.139 E2.48614
;WIDTH:0.495472
G1 X-4.765 Y3.038 E2.48915
;WIDTH:0.540944
G1 X-4.791 Y2.938 E2.49243
;WIDTH:0.586416
G1 X-4.817 Y2.837 E2.49603
;WIDTH:0.631888
G1 X-4.843 Y2.737 E2.49989
G1 X-4.709 Y2.793 E2.50532
;WIDTH:0.586416
G1 X-4.576 Y2.85 E2.51032
;WIDTH:0.540944
G1 X-4.443 Y2.907 E2.51491
;WIDTH:0.495472
G1 X-4.309 Y2.963 E2.51911
;WIDTH:0.449999
G1 X-3.64 Y3.254 E2.53812
G1 X-2.832 Y3.413 E2.55958
G1 X-1.956 Y3.389 E2.58241
G1 X-1.236 Y3.213 E2.60172
G1 X-.685 Y2.965 E2.61746
;WIDTH:0.495152
G1 X-.552 Y2.907 E2.62165
;WIDTH:0.540305
G1 X-.419 Y2.849 E2.62625
;WIDTH:0.585458
G1 X-.286 Y2.791 E2.63126
;WIDTH:0.63061
G1 X-.153 Y2.733 E2.63667
G1 X-.157 Y2.753 E2.63743
G1 X-.153 Y2.733 F4800
;WIDTH:0.6513
G1 F900
G1 X.126 Y2.546 E2.6504
G1 X.199 Y3.115 F4800
;TYPE:External perimeter
;WIDTH:0.449999
G1 F900
G1 X.15 Y3.235 E2.65378
G1 X.15 Y4.911 E2.69745
G1 X-.665 Y5.303 E2.72101
G1 X-4.335 Y5.303 E2.81663
G1 X-5.15 Y4.911 E2.84019
G1 X-5.15 Y3.235 E2.88386
G1 X-5.209 Y3.09 E2.88794
G1 X-5.359 Y3.026 E2.89219
G1 X-7.166 Y3.026 E2.93927
G1 X-7.462 Y2.581 E2.9532
G1 X-7.925 Y1.674 E2.97973
G1 X-8.307 Y1.369 E2.99247
G1 X-8.162 Y1.24 E2.99753
G1 X-7.831 Y.796 E3.01196
G1 X-7.456 Y-.005 E3.035
G1 X-7.349 Y-.427 E3.04634
;WIDTH:0.4965
G1 X-7.274 Y-.672 E3.05376
;WIDTH:0.543001
G1 X-7.198 Y-.918 E3.06196
;WIDTH:0.589502
G1 X-7.123 Y-1.163 E3.07087
G1 X-7.083 Y-1.635 E3.08733
;WIDTH:0.582253
G1 X-7.024 Y-1.583 E3.09003
;WIDTH:0.602829
G1 X-6.538 Y-1.571 E3.10733
G1 X-6.533 Y-1.292 E3.11726
G1 X-6.5 Y-1.18 E3.12142
;WIDTH:0.566658
G1 X-6.468 Y-1.069 E3.12527
;WIDTH:0.530487
G1 X-6.436 Y-.958 E3.12886
;WIDTH:0.494315
G1 X-6.224 Y-.095 E3.15447
;WIDTH:0.449999
G1 X-6.043 Y.443 E3.16926
G1 X-5.654 Y1.173 E3.19081
G1 X-5.261 Y1.691 E3.20775
G1 X-4.938 Y2.021 E3.21978
G1 X-4.643 Y2.252 E3.22954
G1 X-4.135 Y2.584 E3.24535
G1 X-3.551 Y2.846 E3.26203
G1 X-2.837 Y2.996 E3.28104
G1 X-2.048 Y2.982 E3.3016
G1 X-1.408 Y2.832 E3.31873
G1 X-.737 Y2.526 E3.33795
G1 X-.149 Y2.102 E3.35684
G1 X.261 Y1.691 E3.37197
G1 X.687 Y1.117 E3.39059
G1 X1.068 Y.376 E3.4123
G1 X1.319 Y-.389 E3.43328
;WIDTH:0.48697
G1 X1.382 Y-.654 E3.44101
;WIDTH:0.523941
G1 X1.445 Y-.92 E3.44939
;WIDTH:0.560912
G1 X1.507 Y-1.186 E3.4584
;WIDTH:0.59595
G1 X1.535 Y-1.575 E3.47211
G1 X2.024 Y-1.589 E3.48931
;WIDTH:0.571248
G1 X2.063 Y-1.652 E3.4918
;WIDTH:0.521484
G1 X2.102 Y-1.715 E3.49406
;WIDTH:0.471719
G1 X2.141 Y-1.778 E3.49609
;WIDTH:0.421955
G1 X2.18 Y-1.841 E3.49789
G1 X2.158 Y-1.762 E3.49988
;WIDTH:0.471719
G1 X2.136 Y-1.683 E3.50213
;WIDTH:0.521484
G1 X2.114 Y-1.604 E3.50463
;WIDTH:0.571248
G1 X2.091 Y-1.526 E3.50736
;WIDTH:0.59595
G1 X2.093 Y-1.313 E3.51485
G1 X2.13 Y-1.193 E3.51926
;WIDTH:0.560912
G1 X2.203 Y-.911 E3.52886
;WIDTH:0.523941
G1 X2.276 Y-.63 E3.53776
;WIDTH:0.48697
G1 X2.348 Y-.348 E3.54601
;WIDTH:0.449999
G1 X2.6 Y.359 E3.56557
G1 X2.835 Y.805 E3.57871
G1 X3.061 Y1.107 E3.58854
G1 X3.307 Y1.369 E3.5979
G1 X2.923 Y1.68 E3.61078
G1 X2.682 Y2.187 E3.62541
G1 X2.162 Y3.026 E3.65113
G1 X.359 Y3.026 E3.69811
G1 X.239 Y3.076 E3.7015
G1 X.158 Y3.468 F4800
G1 E1.7015 F2400
G92 E0
G1 Z2 F4800
G1 X2.685 Y-5.231
G1 Z1.7
G1 E2 F2400
;TYPE:Perimeter
;WIDTH:0.519424
G1 F900
G1 X2.685 Y-6.35 E2.034
G1 X2.924 Y-6.685 E2.0465
G1 X3.172 Y-6.685 E2.05404
G1 X3.172 Y-5.746 E2.08257
G1 X2.987 Y-5.604 E2.08966
G1 X2.723 Y-5.278 E2.10241
G1 X2.635 Y-3.779 F4800
;WIDTH:0.418828
G1 F900
G1 X2.912 Y-3.764 E2.1091
;WIDTH:0.388623
G1 X3.19 Y-3.748 E2.11529
G1 X2.436 Y-3.376 F4800
;TYPE:External perimeter
;WIDTH:0.449999
G1 F900
G1 X2.43 Y-3.376 E2.11545
G1 X2.227 Y-3.189 E2.12264
G1 X2.233 Y-6.495 E2.20878
G1 X2.691 Y-7.138 E2.22935
G1 X3.625 Y-7.138 E2.25369
G1 X3.625 Y-5.523 E2.29577
G1 X3.219 Y-5.2 E2.30929
G1 X2.823 Y-4.645 E2.32705
;WIDTH:0.470219
G1 X2.681 Y-4.329 E2.33651
G1 X2.809 Y-4.141 E2.34272
;WIDTH:0.449999
G1 X3.371 Y-4.12 E2.35737
;WIDTH:0.47965
G1 X4.173 Y-4.106 E2.37975
G1 X3.95 Y-4.008 E2.38655
;WIDTH:0.4612
G1 X3.566 Y-3.645 E2.40069
;WIDTH:0.449999
G1 X3.417 Y-3.376 E2.4087
G1 X2.496 Y-3.376 E2.4327
G1 X2.108 Y-3.277 F4800
G1 E.4327 F2400
G92 E0
G1 Z2 F4800
G1 X5.916 Y-5.912
G1 Z1.7
G1 E2 F2400
;TYPE:Perimeter
;WIDTH:0.374934
G1 F900
G1 X5.894 Y-5.875 E2.00092
G1 X5.83 Y-5.912 E2.0025
G1 X5.894 Y-5.949 E2.00408
G1 E.00408 F2400
G92 E0
G1 Z2 F4800
G1 X5.901 Y-3.753
G1 Z1.7
G1 E2 F2400
;WIDTH:0.415073
G1 F900
G1 X6.02 Y-3.787 E2.00296
;WIDTH:0.462925
G1 X6.138 Y-3.821 E2.00626
;WIDTH:0.510777
G1 X6.256 Y-3.856 E2.00993
;WIDTH:0.519194
G1 X6.414 Y-4.083 E2.01833
G1 X6.421 Y-4.208 E2.02213
;WIDTH:0.485263
G1 X6.428 Y-4.334 E2.0257
;WIDTH:0.451331
G1 X6.395 Y-4.503 E2.0302
;WIDTH:0.465546
G1 X6.274 Y-4.764 E2.03797
;WIDTH:0.495799
G1 X6.154 Y-5.025 E2.04628
G1 X5.996 Y-5.244 E2.05409
;WIDTH:0.473549
G1 X5.493 Y-5.751 E2.07375
;WIDTH:0.449999
G1 X5.493 Y-6.658 E2.09738
G1 X5.952 Y-6.513 E2.10992
G1 X6.28 Y-5.969 E2.12647
;WIDTH:0.495799
G1 X6.578 Y-5.204 E2.15021
G1 X6.699 Y-4.841 E2.16127
;WIDTH:0.468657
G1 X6.819 Y-4.478 E2.17168
;WIDTH:0.480354
G1 X6.862 Y-4.198 E2.1796
;WIDTH:0.519194
G1 X6.905 Y-3.918 E2.1882
;WIDTH:0.568236
G1 X6.92 Y-3.666 E2.19664
;WIDTH:0.617278
G1 X6.935 Y-3.414 E2.20585
G1 X6.737 Y-3.592 E2.21556
;WIDTH:0.568236
G1 X6.54 Y-3.77 E2.22444
;WIDTH:0.519194
G1 X6.268 Y-3.825 E2.23287
;WIDTH:0.510777
G1 X6.146 Y-3.801 E2.23658
;WIDTH:0.462925
G1 X6.024 Y-3.777 E2.23992
;WIDTH:0.415073
G1 X5.96 Y-3.764 E2.24148
G1 X6.935 Y-3.414 F4800
;WIDTH:0.617278
G1 F900
G1 X7.003 Y-2.909 E2.26007
;WIDTH:0.587352
G1 X7.036 Y-2.353 E2.27935
;WIDTH:0.581344
G1 X7.032 Y-1.782 E2.29891
G1 E.29891 F2400
G92 E0
G1 Z2 F4800
G1 X5.495 Y-3.748
G1 Z1.7
G1 E2 F2400
;WIDTH:0.36722
G1 F900
G1 X5.901 Y-3.753 E2.00848
G1 X5.984 Y-4.237 F4800
;TYPE:External perimeter
;WIDTH:0.449999
G1 F900
G1 X5.994 Y-4.252 E2.00895
G1 X5.982 Y-4.432 E2.01365
G1 X5.714 Y-4.909 E2.02791
G1 X5.368 Y-5.285 E2.04122
G1 X5.075 Y-5.536 E2.05127
G1 X5.075 Y-7.121 E2.09257
G1 X5.526 Y-7.086 E2.10436
G1 X6.227 Y-6.865 E2.12351
G1 X6.642 Y-6.185 E2.14427
G1 X6.99 Y-5.366 E2.16746
G1 X7.247 Y-4.488 E2.1913
G1 X7.353 Y-3.979 E2.20485
G1 X7.433 Y-3.467 E2.21835
G1 X7.489 Y-2.936 E2.23226
G1 X7.52 Y-2.344 E2.24771
G1 X7.503 Y-1.483 E2.27015
G1 X6.467 Y-.969 E2.30028
G1 X6.552 Y-1.507 E2.31447
G1 X6.554 Y-1.781 E2.32161
G1 X6.55 Y-2.621 E2.3435
G1 X6.476 Y-3.195 E2.35858
G1 X6.381 Y-3.343 E2.36316
G1 X6.268 Y-3.376 E2.36623
G1 X5.28 Y-3.376 E2.39197
G1 X5.094 Y-3.698 E2.40166
G1 X4.899 Y-3.9 E2.40898
;WIDTH:0.455992
G1 X4.687 Y-4.037 E2.41565
;WIDTH:0.467536
G1 X4.449 Y-4.112 E2.42242
G1 X4.912 Y-4.12 E2.43499
;WIDTH:0.449999
G1 X5.8 Y-4.12 E2.45813
G1 X5.945 Y-4.179 E2.46221
G1 X5.95 Y-4.187 E2.46246
G1 X5.888 Y-4.582 F4800
M106 S214.2
;LAYER_CHANGE
;Z:1.85
;HEIGHT:0.15
G1 E.46246 F2400
G92 E0
G1 Z1.85 F4800
G1 Z2.15
G1 X-6.346 Y8.047
G1 Z1.85
G1 E2 F2400
;TYPE:Support material
;WIDTH:0.35
G1 F3600
G1 X-6.496 Y7.006 E2.02085
G1 X-6.079 Y6.539 E2.03326
G1 X-6.088 Y6.176 E2.04046
G1 X-5.812 Y6.284 E2.04633
G1 X-5.067 Y6.217 E2.06116
G1 X-4.433 Y6.448 E2.07453
G1 X-4.162 Y6.676 E2.08155
G1 X-3.864 Y7.153 E2.0927
G1 X-3.478 Y7.474 E2.10265
G1 X-3.296 Y7.871 E2.11131
G1 X-3.289 Y8.076 E2.11538
G1 X-3.388 Y8.414 E2.12236
G1 X-3.566 Y8.651 E2.12823
G1 X-4.247 Y8.837 E2.14222
G1 X-4.581 Y9.049 E2.15006
G1 X-5.278 Y9.203 E2.16421
G1 X-5.974 Y9.017 E2.17849
G1 X-6.286 Y8.792 E2.18611
G1 X-6.549 Y8.462 E2.19447
G1 X-6.698 Y8.114 E2.20197
G1 X-6.743 Y7.428 E2.2156
G1 X-6.854 Y7.025 E2.22388
G1 X-6.713 Y6.645 E2.23191
G1 X-6.135 Y6.168 E2.24676
G1 X-6.056 Y5.827 F4800
G1 F3600
G1 X-5.753 Y5.919 E2.25304
G1 X-5.206 Y5.855 E2.26396
G1 X-4.6 Y5.972 E2.27619
G1 X-3.905 Y6.435 E2.29274
G1 X-3.578 Y6.935 E2.30458
G1 X-3.208 Y7.244 E2.31413
G1 X-2.948 Y7.814 E2.32655
G1 X-3.003 Y8.418 E2.33857
G1 X-3.345 Y8.927 E2.35072
G1 X-3.575 Y9.062 E2.35601
G1 X-4.126 Y9.174 E2.36715
G1 X-4.845 Y9.512 E2.3829
G1 X-5.286 Y9.555 E2.39168
G1 X-5.727 Y9.493 E2.40051
G1 X-6.144 Y9.326 E2.40941
G1 X-6.605 Y8.965 E2.42101
G1 X-6.862 Y8.62 E2.42954
G1 X-7.035 Y8.217 E2.43823
G1 X-7.203 Y6.993 E2.46272
G1 X-7.094 Y6.588 E2.47103
G1 X-6.963 Y6.398 E2.4756
G1 X-6.392 Y5.901 E2.4906
G1 X-6.103 Y5.82 E2.49655
G1 E.49655 F2400
G92 E0
G1 Z2.15 F4800
G1 X-.459 Y6.796
G1 Z1.85
G1 E2 F2400
G1 F3600
G1 X.053 Y6.534 E2.0114
G1 X.655 Y6.482 E2.02338
G1 X.997 Y6.319 E2.03089
G1 X1.016 Y5.97 E2.03782
G1 X1.243 Y6.016 E2.04241
G1 X1.439 Y6.177 E2.04744
G1 X1.574 Y6.434 E2.05319
G1 X1.734 Y7.17 E2.06812
G1 X1.783 Y7.892 E2.08246
G1 X1.493 Y8.56 E2.09689
G1 X.93 Y9.013 E2.11121
G1 X.186 Y9.146 E2.12619
G1 X-.402 Y8.98 E2.1383
G1 X-.989 Y8.924 E2.14999
G1 X-1.202 Y8.814 E2.15474
G1 X-1.494 Y8.479 E2.16355
G1 X-1.594 Y7.902 E2.17516
G1 X-1.444 Y7.538 E2.18296
G1 X-1.127 Y7.221 E2.19185
G1 X-.875 Y6.72 E2.20296
G1 X-.637 Y6.478 E2.20969
G1 X-.028 Y6.19 E2.22304
G1 X.547 Y6.14 E2.23448
G1 X.968 Y5.967 E2.2435
G1 X1.065 Y5.622 F4800
G1 F3600
G1 X1.426 Y5.716 E2.25089
G1 X1.726 Y5.971 E2.25869
G1 X1.996 Y6.694 E2.27399
G1 X2.153 Y7.503 E2.29032
G1 X2.13 Y7.952 E2.29923
G1 X2.002 Y8.384 E2.30816
G1 X1.774 Y8.773 E2.3171
G1 X1.232 Y9.242 E2.33131
G1 X.633 Y9.473 E2.34403
G1 X-.044 Y9.464 E2.35745
G1 X-.48 Y9.327 E2.36651
G1 X-1.007 Y9.285 E2.37699
G1 X-1.401 Y9.105 E2.38558
G1 X-1.808 Y8.64 E2.39783
G1 X-1.943 Y8.201 E2.40693
G1 X-1.944 Y7.845 E2.41399
G1 X-1.734 Y7.34 E2.42483
G1 X-1.428 Y7.02 E2.43361
G1 X-1.152 Y6.502 E2.44524
G1 X-.602 Y6.04 E2.45948
G1 X-.109 Y5.846 E2.46998
G1 X.44 Y5.798 E2.4809
G1 X.738 Y5.648 E2.48751
G1 X1.017 Y5.62 E2.49307
G1 E.49307 F2400
G92 E0
G1 Z2.15 F4800
G1 X5.097 Y1.978
G1 Z1.85
G1 E2 F2400
G1 F3600
G1 X5.05 Y1.737 E2.00487
G1 X5.162 Y1.306 E2.0137
G1 X5.489 Y1.005 E2.02251
G1 X5.902 Y.935 E2.03081
G1 X5.951 Y.589 E2.03774
G1 X6.101 Y.61 E2.04074
G1 X6.435 Y.746 E2.04789
G1 X6.66 Y.943 E2.05382
G1 X6.87 Y1.284 E2.06176
G1 X6.948 Y1.625 E2.06869
G1 X6.922 Y1.974 E2.07563
G1 X6.804 Y2.267 E2.08189
G1 X6.571 Y2.56 E2.08931
G1 X6.27 Y2.748 E2.09634
G1 X5.924 Y2.83 E2.10339
G1 X5.562 Y2.797 E2.11059
G1 X5.096 Y2.552 E2.12102
G1 X4.749 Y2.07 E2.13279
G1 X4.696 Y1.744 E2.13934
G1 X4.861 Y1.122 E2.15209
G1 X5.32 Y.696 E2.1645
G1 X5.904 Y.582 E2.17629
G1 E.17629 F2400
G92 E0
G1 Z2.15 F4800
G1 X3.206 Y-1.82
G1 Z1.85
G1 E2 F2400
G1 F3600
G1 X3.276 Y-1.964 E2.00317
G1 X4.117 Y-2.274 E2.02093
G1 X4.372 Y-2.696 E2.0307
G1 X4.383 Y-3.046 E2.03764
G1 X4.573 Y-3.029 E2.04142
G1 X5.054 Y-2.603 E2.05415
G1 X5.502 Y-1.743 E2.07337
G1 X5.546 Y-1.008 E2.08796
G1 X5.401 Y-.516 E2.09813
G1 X5.004 Y-.246 E2.10765
G1 X3.979 Y-.266 E2.12797
G1 X3.416 Y-.632 E2.14128
G1 X2.879 Y-1.64 E2.16392
G1 X2.848 Y-1.846 E2.16805
G1 X2.982 Y-2.18 E2.17518
G1 X3.855 Y-2.534 E2.19385
G1 X4.01 Y-2.853 E2.20088
G1 X4.335 Y-3.05 E2.20841
G1 E.20841 F2400
G92 E0
G1 Z2.15 F4800
G1 X-5.26 Y-7.985
G1 Z1.85
G1 E2 F2400
G1 F3600
G1 X-4.91 Y-8.331 E2.00975
G1 X-4.597 Y-8.497 E2.01677
G1 X-3.892 Y-8.601 E2.03089
G1 X-3.832 Y-8.946 E2.03783
G1 X-3.458 Y-8.877 E2.04537
G1 X-2.704 Y-8.559 E2.06159
G1 X-2.484 Y-8.751 E2.06738
G1 X-1.943 Y-8.893 E2.07847
G1 X-1.08 Y-8.828 E2.09562
G1 X-.695 Y-8.663 E2.10392
G1 X-.381 Y-8.404 E2.11199
G1 X-.141 Y-8.066 E2.12021
G1 X.068 Y-7.314 E2.13568
G1 X-.036 Y-6.696 E2.1481
G1 X-.439 Y-5.872 E2.16628
G1 X-.775 Y-5.565 E2.1753
G1 X-1.082 Y-5.409 E2.18213
G1 X-1.317 Y-5.092 E2.18995
G1 X-1.439 Y-4.529 E2.20137
G1 X-1.395 Y-3.963 E2.21262
G1 X-1.471 Y-3.607 E2.21983
G1 X-1.846 Y-3.005 E2.23389
G1 X-2.12 Y-2.801 E2.24066
G1 X-2.782 Y-2.625 E2.25424
G1 X-3.134 Y-2.669 E2.26127
G1 X-3.698 Y-2.985 E2.27408
G1 X-3.92 Y-3.248 E2.2809
G1 X-4.135 Y-3.803 E2.2927
G1 X-4.094 Y-4.88 E2.31406
G1 X-5.204 Y-5.882 E2.3437
G1 X-5.624 Y-7.164 E2.37044
G1 X-5.783 Y-7.774 E2.38293
G1 X-5.44 Y-8.334 E2.39595
G1 X-4.726 Y-8.825 E2.41312
G1 X-3.879 Y-8.954 E2.4301
G1 X-3.731 Y-9.284 F4800
G1 F3600
G1 X-3.357 Y-9.214 E2.43764
G1 X-2.769 Y-8.966 E2.45029
G1 X-2.582 Y-9.131 E2.45523
G1 X-1.994 Y-9.241 E2.46709
G1 X-1.482 Y-9.259 E2.47724
G1 X-.978 Y-9.164 E2.4874
G1 X-.511 Y-8.965 E2.49746
G1 X-.123 Y-8.644 E2.50744
G1 X.168 Y-8.235 E2.51739
G1 X.347 Y-7.794 E2.52682
G1 X.42 Y-7.327 E2.53619
G1 X.293 Y-6.574 E2.55132
G1 X-.171 Y-5.642 E2.57195
G1 X-.573 Y-5.275 E2.58274
G1 X-.85 Y-5.134 E2.5889
G1 X-.991 Y-4.944 E2.59359
G1 X-1.081 Y-4.528 E2.60203
G1 X-1.044 Y-3.927 E2.61396
G1 X-1.137 Y-3.495 E2.62272
G1 X-1.325 Y-3.096 E2.63146
G1 X-1.776 Y-2.619 E2.64447
G1 X-2.352 Y-2.329 E2.65725
G1 X-2.781 Y-2.272 E2.66583
G1 X-3.371 Y-2.379 E2.67771
G1 X-3.938 Y-2.727 E2.6909
G1 X-4.206 Y-3.044 E2.69913
G1 X-4.483 Y-3.756 E2.71427
G1 X-4.457 Y-4.753 E2.73404
G1 X-4.768 Y-5.077 E2.74294
G1 X-5.276 Y-5.42 E2.75509
G1 X-5.509 Y-5.71 E2.76246
G1 X-6.116 Y-7.627 E2.80231
G1 X-6.131 Y-7.848 E2.8067
G1 X-6.012 Y-8.138 E2.81291
G1 X-5.7 Y-8.572 E2.8235
G1 X-5.309 Y-8.912 E2.83377
G1 X-4.856 Y-9.152 E2.84393
G1 X-4.364 Y-9.285 E2.85403
G1 X-3.778 Y-9.292 E2.86565
G1 E.86565 F2400
G92 E0
G1 Z2.15 F4800
G1 X-6.934 Y-7.462
G1 Z1.85
G1 E2 F2400
G1 F3600
G1 X-6.93 Y-7.51 E2.00095
G1 X-6.583 Y-5.64 F4800
G1 F3600
G1 X-6.357 Y-5.265 E2.00963
G1 X-5.969 Y-4.85 E2.02089
G1 X-6.552 Y-5.461 E2.03763
G1 X-6.608 Y-5.681 E2.04213
G1 E.04213 F2400
G92 E0
G1 Z2.15 F4800
G1 X-10.239 Y-.529
G1 Z1.85
G1 E2 F2400
G1 F3600
G1 X-10.398 Y-.829 E2.00673
G1 X-10.472 Y-1.602 E2.02212
G1 X-10.351 Y-1.854 E2.02766
G1 X-10.093 Y-1.957 E2.03317
G1 X-10.047 Y-2.304 E2.04011
G1 X-8.976 Y-1.917 E2.06268
G1 X-8.717 Y-1.653 E2.07001
G1 X-8.487 Y-.997 E2.08379
G1 X-8.523 Y-.666 E2.09039
G1 X-8.675 Y-.352 E2.0973
G1 X-9.062 Y.011 E2.10782
G1 X-9.607 Y.117 E2.11882
G1 X-10.011 Y.064 E2.1269
G1 X-10.345 Y-.132 E2.13458
G1 X-10.605 Y-.428 E2.14239
G1 X-10.744 Y-.757 E2.14947
G1 X-10.818 Y-1.671 E2.16764
G1 X-10.582 Y-2.122 E2.17773
G1 X-10.351 Y-2.269 E2.18316
G1 X-10.094 Y-2.311 E2.18832
G1 E.18832 F2400
G92 E0
G1 Z2.15 F4800
G1 X-10.71 Y1.944
G1 Z1.85
G1 E2 F2400
G1 F3600
G1 X-10.915 Y2.065 E2.00472
G1 X-11.146 Y2.021 E2.00938
G1 X-11.252 Y1.9 E2.01257
G1 X-11.29 Y1.679 E2.01701
G1 X-11.129 Y1.34 E2.02445
G1 X-10.774 Y1.106 E2.03288
G1 X-10.745 Y.755 E2.03986
G1 X-10.373 Y.904 E2.0478
G1 X-10.233 Y1.09 E2.05241
G1 X-10.188 Y1.62 E2.06295
G1 X-10.397 Y2.134 E2.07395
G1 X-10.843 Y2.414 E2.08439
G1 X-11.104 Y2.418 E2.08956
G1 X-11.355 Y2.313 E2.09495
G1 X-11.563 Y2.077 E2.10118
G1 X-11.631 Y1.866 E2.10557
G1 X-11.641 Y1.65 E2.10986
G1 X-11.505 Y1.248 E2.11827
G1 X-11.187 Y.908 E2.1275
G1 X-10.792 Y.749 E2.13594
G1 E.13594 F2400
G92 E0
G1 Z2.15 F4800
G1 X2.188 Y-2.065
G1 Z1.85
G1 E2 F2400
;TYPE:External perimeter
;WIDTH:0.390562
G1 F900
G1 X2.203 Y-3.083 E2.02275
G1 X2.197 Y-2.683 F4800
G1 E.02275 F2400
G92 E0
G1 Z2.15 F4800
G1 X4.202 Y-4.173
G1 Z1.85
G1 E2 F2400
;WIDTH:0.37219
G1 F900
G1 X4.409 Y-4.18 E2.00439
G1 E.00439 F2400
G92 E0
G1 Z2.15 F4800
G1 X-7.18 Y-2.067
G1 Z1.85
G1 E2 F2400
G1 F900
G1 X-7.181 Y-2.087 E2.00042
;WIDTH:0.390264
G1 X-7.203 Y-3.078 E2.02255
G1 X-7.194 Y-2.678 F4800
G1 E.02255 F2400
G92 E0
G1 Z2.15 F4800
G1 X-9.405 Y-4.18
G1 Z1.85
G1 E2 F2400
;WIDTH:0.37219
G1 F900
G1 X-9.207 Y-4.173 E2.0042
G1 E.0042 F2400
G92 E0
G1 Z2.15 F4800
G1 X-12.023 Y-1.678
G1 Z1.85
G1 E2 F2400
;TYPE:Perimeter
;WIDTH:0.564698
G1 F900
G1 X-12.044 Y-2.359 E2.02263
;WIDTH:0.573802
G1 X-12.003 Y-3.131 E2.04874
G1 X-11.446 Y-3.856 F4800
;WIDTH:0.494797
G1 F900
G1 X-11.331 Y-3.717 E2.05394
G1 X-11.498 Y-3.693 E2.05881
G1 X-11.773 Y-3.531 E2.06802
;WIDTH:0.534224
G1 X-11.888 Y-3.331 E2.07524
;WIDTH:0.57365
G1 X-12.003 Y-3.131 E2.08303
G1 X-11.985 Y-3.461 E2.09419
;WIDTH:0.528472
G1 X-11.968 Y-3.791 E2.10442
;WIDTH:0.483293
G1 X-11.951 Y-4.121 E2.11372
;WIDTH:0.438114
G1 X-11.856 Y-4.596 E2.12598
;WIDTH:0.441331
G1 X-11.753 Y-4.923 E2.13473
;WIDTH:0.469188
G1 X-11.651 Y-5.251 E2.14409
;WIDTH:0.500375
G1 X-11.54 Y-5.51 E2.15232
;WIDTH:0.531561
G1 X-11.429 Y-5.769 E2.1611
;WIDTH:0.561303
G1 X-11.288 Y-6.024 E2.17071
;WIDTH:0.591045
G1 X-11.147 Y-6.28 E2.1809
G1 X-10.563 Y-6.466 E2.20226
G1 X-10.563 Y-5.997 E2.21861
G1 X-10.709 Y-5.888 E2.22496
G1 X-10.881 Y-5.663 E2.23483
;WIDTH:0.553259
G1 X-11.053 Y-5.438 E2.24403
;WIDTH:0.515472
G1 X-11.212 Y-5.118 E2.2548
;WIDTH:0.481034
G1 X-11.371 Y-4.799 E2.26478
;WIDTH:0.446595
G1 X-11.546 Y-4.262 E2.27938
;WIDTH:0.45349
G1 X-11.534 Y-4.105 E2.28352
;WIDTH:0.494797
G1 X-11.522 Y-3.948 E2.28806
G1 X-11.485 Y-3.902 E2.28976
G1 X-10.939 Y-3.651 F4800
;WIDTH:0.358418
G1 F900
G1 X-10.665 Y-3.651 E2.29533
G1 X-11.084 Y-4.094 F4800
;TYPE:External perimeter
;WIDTH:0.449999
G1 F900
G1 X-10.939 Y-4.023 E2.29954
G1 X-9.99 Y-4.023 E2.32427
G1 X-10.216 Y-3.75 E2.3335
G1 X-10.411 Y-3.279 E2.34678
G1 X-11.415 Y-3.254 E2.37295
G1 X-11.525 Y-3.084 E2.37823
G1 X-11.573 Y-2.372 E2.39682
G1 X-11.553 Y-1.747 E2.41311
G1 X-11.419 Y-.847 E2.43682
G1 X-12.48 Y-1.374 E2.46769
G1 X-12.521 Y-2.025 E2.48469
G1 X-12.51 Y-2.845 E2.50606
G1 X-12.434 Y-3.695 E2.5283
G1 X-12.354 Y-4.205 E2.54175
G1 X-12.163 Y-5.045 E2.5642
G1 X-11.993 Y-5.589 E2.57905
G1 X-11.807 Y-6.059 E2.59222
G1 X-11.489 Y-6.683 E2.61047
G1 X-10.565 Y-6.978 E2.63574
G1 X-10.075 Y-7.051 E2.64865
G1 X-10.075 Y-5.753 E2.68247
G1 X-10.37 Y-5.531 E2.69209
G1 X-10.593 Y-5.295 E2.70055
G1 X-10.91 Y-4.815 E2.71554
G1 X-11.142 Y-4.278 E2.73078
G1 X-11.112 Y-4.141 E2.73443
G1 X-10.728 Y-4.03 F4800
G1 E.73443 F2400
G92 E0
G1 Z2.15 F4800
G1 X-7.685 Y-5.461
G1 Z1.85
G1 E2 F2400
;TYPE:Perimeter
;WIDTH:0.519425
G1 F900
G1 X-7.851 Y-5.693 E2.00867
G1 X-8.172 Y-5.976 E2.02167
G1 X-8.172 Y-6.852 E2.04829
G1 X-7.89 Y-6.891 E2.05694
G1 X-7.685 Y-6.603 E2.06768
G1 X-7.685 Y-5.521 E2.10056
G1 X-8.021 Y-3.651 F4800
;WIDTH:0.377088
G1 F900
G1 X-7.614 Y-3.66 E2.10932
G1 X-7.391 Y-3.278 F4800
;TYPE:External perimeter
;WIDTH:0.449999
G1 F900
G1 X-8.286 Y-3.279 E2.13264
G1 X-8.385 Y-3.565 E2.14053
G1 X-8.69 Y-4.023 E2.15487
G1 X-7.725 Y-4.026 E2.18001
G1 X-7.578 Y-4.199 E2.18593
;WIDTH:0.420245
G1 X-7.584 Y-4.31 E2.18862
;WIDTH:0.449999
G1 X-7.824 Y-4.876 E2.20464
G1 X-8.219 Y-5.43 E2.22237
G1 X-8.625 Y-5.752 E2.23587
G1 X-8.625 Y-7.248 E2.27485
G1 X-7.748 Y-7.367 E2.29791
G1 X-7.656 Y-7.329 E2.3005
G1 X-7.233 Y-6.732 E2.31956
G1 X-7.233 Y-4.96 E2.36573
G1 X-7.21 Y-4.167 E2.3864
G1 X-7.233 Y-3.66 E2.39962
G1 X-7.218 Y-3.369 E2.40721
;WIDTH:0.420132
G1 X-7.203 Y-3.078 E2.41426
;WIDTH:0.419608
G1 X-7.292 Y-3.178 E2.41749
;WIDTH:0.448951
G1 X-7.348 Y-3.24 E2.41966
G1 X-7.746 Y-3.274 F4800
G1 E.41966 F2400
G92 E0
G1 Z2.15 F4800
G1 X-6.901 Y.71
G1 Z1.85
G1 E2 F2400
;TYPE:Perimeter
;WIDTH:0.524662
G1 F900
G1 X-6.599 Y1.384 E2.02268
;WIDTH:0.535278
G1 X-6.263 Y1.918 E2.04247
G1 X-6.871 Y1.918 E2.06155
G1 X-7.236 Y1.241 E2.08568
;WIDTH:0.522883
G1 X-6.933 Y.761 E2.10305
G1 X-6.85 Y-.874 F4800
;WIDTH:0.449999
G1 F900
G1 X-6.805 Y-.582 E2.11075
G1 X-6.579 Y.305 E2.1346
G1 X-6.299 Y.966 E2.1533
G1 X-6.124 Y1.282 E2.16271
G1 X-5.72 Y1.891 E2.18175
G1 X-5.324 Y2.303 E2.19664
;WIDTH:0.439274
G1 X-5.188 Y2.408 E2.201
;WIDTH:0.397415
G1 X-5.052 Y2.513 E2.20491
G1 X-5.206 Y2.449 E2.20871
;WIDTH:0.439274
G1 X-5.359 Y2.384 E2.21293
;WIDTH:0.449999
G1 X-7.143 Y2.378 E2.25941
G1 X-7.302 Y2.107 E2.2676
G1 X-7.583 Y1.53 E2.28432
G1 X-7.862 Y1.274 E2.29419
G1 X-7.545 Y.882 E2.30733
G1 X-7.228 Y.308 E2.32442
G1 X-7.041 Y-.158 E2.3375
G1 X-6.865 Y-.816 E2.35525
G1 E.35525 F2400
G92 E0
G1 Z2.15 F4800
G1 X-5.052 Y2.513
G1 Z1.85
G1 E2 F2400
;WIDTH:0.363096
G1 F900
G1 X-4.942 Y2.597 E2.00286
G1 E.00286 F2400
G92 E0
G1 Z2.15 F4800
G1 X1.914 Y.709
G1 Z1.85
G1 E2 F2400
;WIDTH:0.522889
G1 F900
G1 X2.236 Y1.241 E2.01903
G1 X2.128 Y1.422 E2.02548
;WIDTH:0.53439
G1 X1.881 Y1.918 E2.04283
G1 X1.27 Y1.918 E2.06197
G1 X1.692 Y1.2 E2.08805
;WIDTH:0.522889
G1 X1.889 Y.764 E2.10269
G1 X1.841 Y-.916 F4800
;WIDTH:0.449999
G1 F900
G1 X2.067 Y-.08 E2.12525
G1 X2.264 Y.397 E2.1387
G1 X2.545 Y.882 E2.1533
G1 X2.862 Y1.274 E2.16644
G1 X2.666 Y1.427 E2.17292
G1 X2.144 Y2.378 E2.20119
G1 X.359 Y2.387 E2.2477
;WIDTH:0.432553
G1 X.219 Y2.441 E2.25145
;WIDTH:0.396897
G1 X.08 Y2.494 E2.25483
G1 X.2 Y2.398 E2.25833
;WIDTH:0.432553
G1 X.321 Y2.301 E2.2622
;WIDTH:0.449999
G1 X.869 Y1.692 E2.28355
G1 X1.299 Y.966 E2.30554
G1 X1.611 Y.209 E2.32687
G1 X1.805 Y-.582 E2.34809
G1 X1.835 Y-.857 E2.3553
G1 E.3553 F2400
G92 E0
G1 Z2.15 F4800
G1 X-.686 Y3.527
G1 Z1.85
G1 E2 F2400
G1 F900
G1 X-.686 Y4.491 E2.02512
G1 X-1.316 Y4.734 E2.04271
G1 X-3.166 Y4.734 E2.09091
G1 X-3.747 Y4.711 E2.10606
G1 X-4.314 Y4.492 E2.1219
G1 X-4.314 Y3.524 E2.14712
G1 X-4 Y3.668 E2.15612
G1 X-3.496 Y3.806 E2.16974
G1 X-2.839 Y3.929 E2.18716
G1 X-1.928 Y3.903 E2.21091
G1 X-1.203 Y3.737 E2.23029
G1 X-.741 Y3.549 E2.24329
G1 X-.083 Y2.646 F4800
;WIDTH:0.408101
G1 F900
G1 X-.162 Y2.799 E2.24733
;WIDTH:0.449999
G1 X-.268 Y3.005 E2.25337
G1 X-.268 Y4.763 E2.29918
G1 X-.788 Y4.994 E2.31401
G1 X-1.253 Y5.152 E2.32681
G1 X-3.742 Y5.152 E2.39166
G1 X-4.248 Y4.987 E2.40553
G1 X-4.732 Y4.756 E2.4195
G1 X-4.732 Y3.005 E2.46512
G1 X-4.837 Y2.801 E2.4711
;WIDTH:0.406548
G1 X-4.942 Y2.597 E2.47646
G1 X-4.673 Y2.81 E2.48447
;WIDTH:0.449999
G1 X-4.403 Y3.023 E2.49343
G1 X-3.826 Y3.288 E2.50997
G1 X-3.403 Y3.399 E2.52136
G1 X-2.839 Y3.511 E2.53634
G1 X-2.021 Y3.496 E2.55766
G1 X-1.179 Y3.29 E2.58025
G1 X-.661 Y3.057 E2.59505
G1 X-.44 Y2.916 E2.60188
G1 X-.248 Y2.754 E2.60843
;WIDTH:0.408101
G1 X-.056 Y2.593 E2.6143
;WIDTH:0.366202
G1 X.08 Y2.494 E2.6178
G1 X.206 Y2.91 F4800
;TYPE:External perimeter
;WIDTH:0.449999
G1 F1350
G1 X.15 Y3.005 E2.62067
G1 X.15 Y4.867 E2.66919
G1 X.23 Y4.951 E2.67221
G1 X-.037 Y5.117 E2.6804
G1 X-.673 Y5.4 E2.69854
G1 X-1.19 Y5.569 E2.71271
G1 X-3.809 Y5.569 E2.78095
G1 X-4.472 Y5.343 E2.7992
G1 X-5.22 Y4.964 E2.82105
G1 X-5.15 Y4.867 E2.82417
G1 X-5.15 Y3.078 E2.87078
G1 X-5.21 Y2.859 E2.8767
G1 X-5.359 Y2.796 E2.88092
G1 X-7.382 Y2.796 E2.93363
G1 X-7.988 Y1.699 E2.96628
G1 X-8.522 Y1.31 E2.98349
G1 X-8.374 Y1.212 E2.98812
G1 X-7.904 Y.669 E3.00683
G1 X-7.651 Y.238 E3.01985
G1 X-7.445 Y-.265 E3.03401
G1 X-7.249 Y-1.004 E3.05393
;WIDTH:0.492449
G1 X-7.201 Y-1.175 E3.05903
;WIDTH:0.534899
G1 X-7.153 Y-1.346 E3.0646
;WIDTH:0.577349
G1 X-7.104 Y-1.517 E3.07065
G1 X-7.088 Y-1.879 E3.08297
;WIDTH:0.561162
G1 X-7.024 Y-1.824 E3.08575
;WIDTH:0.586495
G1 X-6.53 Y-1.809 E3.10283
G1 X-6.535 Y-1.498 E3.11358
;WIDTH:0.577349
G1 X-6.49 Y-1.225 E3.12299
;WIDTH:0.534899
G1 X-6.445 Y-.953 E3.13163
;WIDTH:0.492449
G1 X-6.399 Y-.681 E3.13955
;WIDTH:0.449999
G1 X-6.269 Y-.15 E3.15379
G1 X-6.098 Y.37 E3.16805
G1 X-5.772 Y1.056 E3.18784
G1 X-5.416 Y1.604 E3.20487
G1 X-5.024 Y2.019 E3.21974
G1 X-4.724 Y2.293 E3.23033
G1 X-4.229 Y2.643 E3.24613
G1 X-3.568 Y2.932 E3.26493
G1 X-2.839 Y3.094 E3.28439
G1 X-2.114 Y3.088 E3.30328
G1 X-1.35 Y2.909 E3.32373
G1 X-.797 Y2.656 E3.33958
G1 X-.273 Y2.286 E3.35629
G1 X.017 Y2.027 E3.36642
G1 X.515 Y1.47 E3.38589
G1 X.914 Y.803 E3.40614
G1 X1.205 Y.11 E3.42572
G1 X1.399 Y-.681 E3.44694
G1 X1.427 Y-.975 E3.45464
;WIDTH:0.492458
G1 X1.463 Y-1.149 E3.45974
;WIDTH:0.534917
G1 X1.499 Y-1.323 E3.46531
;WIDTH:0.577375
G1 X1.535 Y-1.498 E3.47138
;WIDTH:0.586559
G1 X1.53 Y-1.81 E3.48217
G1 X2.024 Y-1.821 E3.49925
;WIDTH:0.565018
G1 X2.065 Y-1.882 E3.50169
;WIDTH:0.516811
G1 X2.106 Y-1.943 E3.50391
;WIDTH:0.468604
G1 X2.147 Y-2.004 E3.50591
;WIDTH:0.420397
G1 X2.188 Y-2.065 E3.50769
G1 X2.166 Y-1.985 E3.5097
;WIDTH:0.468604
G1 X2.144 Y-1.906 E3.51193
;WIDTH:0.516811
G1 X2.122 Y-1.827 E3.51441
;WIDTH:0.565018
G1 X2.1 Y-1.747 E3.51717
;WIDTH:0.577375
G1 X2.104 Y-1.518 E3.52496
G1 X2.171 Y-1.276 E3.5335
;WIDTH:0.534917
G1 X2.238 Y-1.034 E3.54137
;WIDTH:0.492458
G1 X2.304 Y-.792 E3.54857
;WIDTH:0.449999
G1 X2.453 Y-.24 E3.56347
G1 X2.664 Y.264 E3.57771
G1 X2.978 Y.785 E3.59356
G1 X3.374 Y1.212 E3.60873
G1 X3.523 Y1.31 E3.61338
G1 X2.923 Y1.777 E3.63319
G1 X2.662 Y2.322 E3.64893
G1 X2.382 Y2.796 E3.66327
G1 X1.071 Y2.796 E3.69743
G1 X.259 Y2.822 E3.7186
G1 X.237 Y2.859 E3.71972
G1 X.159 Y3.251 F4800
G1 E1.71972 F2400
G92 E0
G1 Z2.15 F4800
G1 X2.685 Y-5.461
G1 Z1.85
G1 E2 F2400
;TYPE:Perimeter
;WIDTH:0.519425
G1 F900
G1 X2.685 Y-6.58 E2.034
G1 X2.905 Y-6.889 E2.04553
G1 X3.172 Y-6.852 E2.05372
G1 X3.172 Y-5.976 E2.08034
G1 X2.987 Y-5.834 E2.08743
G1 X2.723 Y-5.508 E2.10018
G1 X2.614 Y-3.66 F4800
;WIDTH:0.377074
G1 F900
G1 X3.034 Y-3.651 E2.10922
G1 X2.376 Y-3.272 F4800
;TYPE:External perimeter
;WIDTH:0.448236
G1 F900
G1 X2.292 Y-3.18 E2.11245
;WIDTH:0.419399
G1 X2.203 Y-3.083 E2.11563
;WIDTH:0.420281
G1 X2.218 Y-3.371 E2.12261
;WIDTH:0.449999
G1 X2.233 Y-3.66 E2.13015
G1 X2.218 Y-4.388 E2.14912
G1 X2.233 Y-6.725 E2.21001
G1 X2.665 Y-7.332 E2.22942
G1 X2.74 Y-7.368 E2.23159
G1 X3.625 Y-7.248 E2.25486
G1 X3.625 Y-5.752 E2.29384
G1 X3.219 Y-5.43 E2.30734
G1 X2.803 Y-4.84 E2.32615
G1 X2.577 Y-4.231 E2.34308
G1 X2.709 Y-4.029 E2.34937
G1 X3.717 Y-4.023 E2.37563
G1 X3.525 Y-3.816 E2.38299
G1 X3.274 Y-3.283 E2.39834
G1 X2.433 Y-3.278 E2.42025
G1 X2.043 Y-3.189 F4800
G1 E.42025 F2400
G92 E0
G1 Z2.15 F4800
G1 X6.04 Y-3.655
G1 Z1.85
G1 E2 F2400
;TYPE:Perimeter
;WIDTH:0.412315
G1 F900
G1 X6.175 Y-3.688 E2.00329
;WIDTH:0.457408
G1 X6.31 Y-3.722 E2.00698
;WIDTH:0.494784
G1 X6.452 Y-3.835 E2.01222
G1 X6.522 Y-3.948 E2.01605
G1 X6.536 Y-4.036 E2.01862
;WIDTH:0.466418
G1 X6.55 Y-4.125 E2.02106
;WIDTH:0.438052
G1 X6.495 Y-4.477 E2.03008
;WIDTH:0.441324
G1 X6.376 Y-4.773 E2.03822
;WIDTH:0.469191
G1 X6.257 Y-5.07 E2.04694
;WIDTH:0.509198
G1 X6.106 Y-5.327 E2.05581
;WIDTH:0.549204
G1 X5.956 Y-5.584 E2.0654
;WIDTH:0.59729
G1 X5.566 Y-6.017 E2.08594
G1 X5.566 Y-6.462 E2.10162
G1 X6.145 Y-6.277 E2.12304
G1 X6.325 Y-5.926 E2.13694
;WIDTH:0.563051
G1 X6.453 Y-5.681 E2.14609
;WIDTH:0.528812
G1 X6.58 Y-5.435 E2.15466
;WIDTH:0.494572
G1 X6.763 Y-4.929 E2.17018
;WIDTH:0.446602
G1 X6.948 Y-4.135 E2.19125
;WIDTH:0.466418
G1 X6.972 Y-3.886 E2.19802
;WIDTH:0.494784
G1 X6.997 Y-3.637 E2.20524
;WIDTH:0.534215
G1 X7 Y-3.384 E2.21316
;WIDTH:0.573646
G1 X7.003 Y-3.131 E2.2217
G1 X6.888 Y-3.331 E2.22949
;WIDTH:0.534215
G1 X6.773 Y-3.532 E2.23674
;WIDTH:0.494784
G1 X6.498 Y-3.693 E2.24593
G1 X6.346 Y-3.68 E2.25033
;WIDTH:0.452264
G1 X6.193 Y-3.668 E2.25435
;WIDTH:0.409743
G1 X6.1 Y-3.66 E2.25655
G1 X7.003 Y-3.131 F4800
;WIDTH:0.573646
G1 F900
G1 X7.043 Y-2.425 E2.28043
;WIDTH:0.5837
G1 X7.014 Y-1.684 E2.30594
G1 E.30594 F2400
G92 E0
G1 Z2.15 F4800
G1 X5.665 Y-3.651
G1 Z1.85
G1 E2 F2400
;WIDTH:0.367222
G1 F900
G1 X6.04 Y-3.655 E2.00784
G1 X6.109 Y-4.121 F4800
;TYPE:External perimeter
;WIDTH:0.449999
G1 F900
G1 X6.147 Y-4.242 E2.01114
G1 X5.991 Y-4.632 E2.02208
G1 X5.672 Y-5.198 E2.03901
G1 X5.38 Y-5.517 E2.05028
G1 X5.075 Y-5.76 E2.06044
G1 X5.075 Y-7.05 E2.09405
G1 X5.534 Y-6.988 E2.10612
G1 X6.489 Y-6.683 E2.13224
G1 X6.901 Y-5.821 E2.15713
G1 X7.096 Y-5.261 E2.17258
G1 X7.357 Y-4.185 E2.20143
G1 X7.435 Y-3.676 E2.21485
G1 X7.51 Y-2.827 E2.23706
G1 X7.521 Y-2.025 E2.25796
G1 X7.48 Y-1.374 E2.27496
G1 X6.397 Y-.836 E2.30647
G1 X6.5 Y-1.277 E2.31827
G1 X6.572 Y-2.392 E2.34738
G1 X6.525 Y-3.084 E2.36545
G1 X6.463 Y-3.218 E2.3693
G1 X6.317 Y-3.279 E2.37342
G1 X5.411 Y-3.279 E2.39703
G1 X5.25 Y-3.693 E2.4086
G1 X4.99 Y-4.023 E2.41955
G1 X5.939 Y-4.023 E2.44428
G1 X6.067 Y-4.085 E2.44799
G1 X6.046 Y-4.485 F4800
G1 E.44799 F2400
G92 E0
G1 Z2.15 F4800
G1 X-1.86 Y4.611
G1 Z1.85
G1 E2 F2400
;TYPE:Top solid infill
;WIDTH:0.448347
G1 F900
G1 X-1.306 Y4.056 E2.02035
G1 X-1.868 Y4.185 E2.03531
G1 X-2.043 Y4.205 E2.03988
G1 X-2.283 Y4.445 E2.04869
G1 X-2.872 Y4.445 E2.06398
G1 X-2.644 Y4.217 E2.07235
G1 X-2.844 Y4.217 E2.07754
G1 X-3.187 Y4.172 E2.08652
G1 X-3.46 Y4.445 E2.09654
G1 X-3.629 Y4.445 E2.10093
G1 X-3.939 Y4.335 E2.10947
G1 X-3.528 Y3.925 E2.12454
;LAYER_CHANGE
;Z:2
;HEIGHT:0.15
G1 E.12454 F2400
G92 E0
G1 Z2 F4800
G1 Z2.3
G1 X1.696 Y6.882
G1 Z2
G1 E2 F2400
;TYPE:Support material interface
;WIDTH:0.35
G1 F3600
G1 X.85 Y6.037 E2.0237
G1 X.401 Y6.037 E2.0326
G1 X1.47 Y7.106 E2.06256
G1 X1.498 Y7.584 E2.07205
G1 X.055 Y6.141 E2.1125
G1 X-.256 Y6.279 E2.11924
G1 X1.357 Y7.912 E2.16473
G1 X1.092 Y8.076 E2.17091
G1 X-.58 Y6.404 E2.21777
G1 X-.921 Y6.512 E2.22486
G1 X.652 Y8.086 E2.26896
G1 X.203 Y8.086 E2.27786
G1 X-1.176 Y6.707 E2.31651
G1 X-1.388 Y6.944 E2.32281
G1 X-.247 Y8.086 E2.35481
G1 X-.696 Y8.086 E2.36371
G1 X-1.784 Y6.999 E2.39419
G1 X-2.193 Y7.039 E2.40233
G1 X-1.145 Y8.086 E2.43169
G1 X-1.595 Y8.086 E2.44061
G1 X-2.636 Y7.045 E2.46979
G1 X-3.118 Y7.012 E2.47937
G1 X-2.362 Y7.768 E2.50056
G1 X-2.812 Y7.768 E2.50948
G1 X-4.063 Y6.517 E2.54454
G1 X-4.756 Y6.273 E2.5591
G1 X-2.946 Y8.086 E2.60987
G1 X-3.393 Y8.086 E2.61873
G1 X-5.442 Y6.037 E2.67616
G1 X-5.891 Y6.037 E2.68506
G1 X-3.842 Y8.086 E2.74249
G1 X-4.292 Y8.086 E2.75141
G1 X-6.105 Y6.273 E2.80223
G1 X-6.284 Y6.543 E2.80865
G1 X-4.741 Y8.086 E2.8519
G1 X-5.191 Y8.086 E2.86082
G1 X-6.591 Y6.686 E2.90006
G1 X-6.898 Y6.829 E2.90677
G1 X-5.859 Y7.867 E2.93588
G1 X-6.833 Y7.343 E2.9578
G1 X-7.312 Y6.864 E2.97123
G1 X-6.226 Y5.864 F4800
;TYPE:Support material
G1 F3600
G1 X-6.503 Y6.276 E2.98107
G1 X-7.034 Y6.524 E2.99269
G1 X-6.702 Y6.123 E3.00301
G1 X-6.351 Y5.852 E3.0118
G1 X-6.193 Y5.83 E3.01496
G1 X-5.565 Y9.057 F4800
G1 F3600
G1 X-5.955 Y8.91 E3.02322
G1 X-6.227 Y8.701 E3.03002
G1 X-6.934 Y7.664 E3.05489
G1 X-6.507 Y7.934 E3.0649
G1 X-5.407 Y8.42 E3.08873
G1 X-3.019 Y8.42 E3.13606
G1 X-3.178 Y8.753 E3.14337
G1 X-3.579 Y9.068 E3.15348
G1 X-4.142 Y9.226 E3.16507
G1 X-4.397 Y9.217 E3.17013
G1 X-4.907 Y9.413 E3.18096
G1 X-5.329 Y9.448 E3.18935
G1 X-5.733 Y9.385 E3.19745
G1 X-6.133 Y9.214 E3.20607
G1 X-6.475 Y8.952 E3.21461
G1 X-6.74 Y8.616 E3.22309
G1 X-6.914 Y8.226 E3.23155
G1 X-6.978 Y7.644 E3.24315
G1 E1.24315 F2400
G92 E0
G1 Z2.3 F4800
G1 X-10.558 Y1.486
G1 Z2
G1 E2 F2400
G1 F3600
G1 X-10.814 Y1.849 E2.0088
G1 X-10.995 Y1.872 E2.01242
G1 X-11.127 Y1.741 E2.01611
G1 X-11.139 Y1.565 E2.01961
G1 X-11.023 Y1.272 E2.02586
G1 X-10.812 Y1.051 E2.03192
G1 X-10.836 Y.693 E2.03903
G1 X-10.403 Y.885 E2.04842
G1 X-10.253 Y1.062 E2.05302
G1 X-10.17 Y1.287 E2.05777
G1 X-10.309 Y1.784 E2.068
G1 X-10.454 Y2.011 E2.07334
G1 X-10.875 Y2.236 E2.0828
G1 X-11.111 Y2.213 E2.0875
G1 X-11.33 Y2.076 E2.09262
G1 X-11.456 Y1.875 E2.09732
G1 X-11.485 Y1.486 E2.10505
G1 X-11.337 Y1.113 E2.113
G1 X-11.225 Y.936 E2.11715
G1 X-10.884 Y.692 E2.12546
G1 X-10.229 Y-.605 F4800
G1 F3600
G1 X-10.469 Y-1.294 E2.13992
G1 X-10.503 Y-1.69 E2.1478
G1 X-10.384 Y-1.917 E2.15288
G1 X-10.132 Y-2.033 E2.15838
G1 X-10.101 Y-2.383 E2.16534
G1 X-9.842 Y-2.339 E2.17055
G1 X-9.488 Y-2.078 E2.17927
G1 X-9.058 Y-1.912 E2.18841
G1 X-8.789 Y-1.668 E2.19561
G1 X-8.569 Y-1.116 E2.20739
G1 X-8.551 Y-.556 E2.21849
G1 X-8.616 Y-.346 E2.22285
G1 X-8.862 Y-.077 E2.23007
G1 X-9.315 Y.1 E2.23971
G1 X-9.948 Y.014 E2.25237
G1 X-10.398 Y-.241 E2.26262
G1 X-10.58 Y-.493 E2.26878
G1 X-10.755 Y-1.006 E2.27952
G1 X-10.851 Y-1.75 E2.29439
G1 X-10.621 Y-2.181 E2.30407
G1 X-10.148 Y-2.391 E2.31433
G1 E.31433 F2400
G92 E0
G1 Z2.3 F4800
G1 X-6.584 Y-5.758
G1 Z2
G1 E2 F2400
G1 F3600
G1 X-6.093 Y-5.066 E2.01682
G1 X-6.507 Y-5.546 E2.02938
G1 X-6.608 Y-5.799 E2.03478
G1 E.03478 F2400
G92 E0
G1 Z2.3 F4800
G1 X-5.252 Y-7.928
G1 Z2
G1 E2 F2400
G1 F3600
G1 X-4.904 Y-8.286 E2.0099
G1 X-4.596 Y-8.454 E2.01685
G1 X-3.897 Y-8.563 E2.03087
G1 X-3.837 Y-8.908 E2.03781
G1 X-3.464 Y-8.842 E2.04532
G1 X-2.775 Y-8.556 E2.06011
G1 X-2.414 Y-8.763 E2.06836
G1 X-1.924 Y-8.862 E2.07827
G1 X-1.501 Y-8.876 E2.08666
G1 X-1.102 Y-8.787 E2.09476
G1 X-.739 Y-8.592 E2.10293
G1 X-.215 Y-8.006 E2.11851
G1 X-.018 Y-7.276 E2.1335
G1 X-.197 Y-6.247 E2.1542
G1 X-.486 Y-5.774 E2.16519
G1 X-1.393 Y-5.1 E2.18759
G1 X-1.572 Y-4.486 E2.20027
G1 X-1.504 Y-3.935 E2.21127
G1 X-1.569 Y-3.6 E2.21803
G1 X-1.715 Y-3.294 E2.22475
G1 X-2.201 Y-2.844 E2.23788
G1 X-2.842 Y-2.699 E2.25091
G1 X-3.163 Y-2.758 E2.25738
G1 X-3.696 Y-3.105 E2.26999
G1 X-3.933 Y-3.513 E2.27934
G1 X-4.003 Y-3.835 E2.28587
G1 X-3.882 Y-4.599 E2.3012
G1 X-4.298 Y-5.264 E2.31675
G1 X-4.631 Y-5.356 E2.3236
G1 X-5.05 Y-5.634 E2.33357
G1 X-5.366 Y-6.121 E2.34508
G1 X-5.612 Y-7.714 E2.37703
G1 X-5.583 Y-8.071 E2.38413
G1 X-5.108 Y-8.573 E2.39783
G1 X-4.728 Y-8.78 E2.40641
G1 X-3.884 Y-8.916 E2.42335
G1 X-3.457 Y-9.197 F4800
G1 F3600
G1 X-2.8 Y-8.945 E2.4373
G1 X-2.528 Y-9.101 E2.44351
G1 X-1.975 Y-9.21 E2.45468
G1 X-1.469 Y-9.227 E2.46471
G1 X-.979 Y-9.118 E2.47466
G1 X-.537 Y-8.881 E2.4846
G1 X-.168 Y-8.551 E2.49441
G1 X.095 Y-8.173 E2.50354
G1 X.267 Y-7.744 E2.5127
G1 X.335 Y-7.283 E2.52194
G1 X.283 Y-6.807 E2.53143
G1 X.02 Y-5.889 E2.55036
G1 X-.233 Y-5.53 E2.55906
G1 X-1.084 Y-4.909 E2.57994
G1 X-1.209 Y-4.481 E2.58878
G1 X-1.152 Y-3.909 E2.60017
G1 X-1.234 Y-3.49 E2.60863
G1 X-1.418 Y-3.104 E2.61711
G1 X-1.807 Y-2.691 E2.62835
G1 X-2.449 Y-2.381 E2.64248
G1 X-2.86 Y-2.346 E2.65066
G1 X-3.273 Y-2.422 E2.65898
G1 X-3.653 Y-2.606 E2.66735
G1 X-3.96 Y-2.874 E2.67543
G1 X-4.265 Y-3.395 E2.6874
G1 X-4.355 Y-3.803 E2.69568
G1 X-4.26 Y-4.544 E2.71049
G1 X-4.522 Y-4.963 E2.72028
G1 X-4.933 Y-5.122 E2.72901
G1 X-5.422 Y-5.531 E2.74164
G1 X-5.699 Y-6.009 E2.75259
G1 X-5.781 Y-6.382 E2.76016
G1 X-5.956 Y-7.966 E2.79175
G1 X-5.889 Y-8.244 E2.79742
G1 X-5.707 Y-8.505 E2.80373
G1 X-5.311 Y-8.861 E2.81428
G1 X-4.86 Y-9.107 E2.82446
G1 X-4.369 Y-9.243 E2.83456
G1 X-3.504 Y-9.205 E2.85172
G1 E.85172 F2400
G92 E0
G1 Z2.3 F4800
G1 X3.197 Y-1.833
G1 Z2
G1 E2 F2400
G1 F3600
G1 X3.265 Y-1.964 E2.00293
G1 X3.654 Y-2.062 E2.01088
G1 X4.088 Y-2.42 E2.02203
G1 X4.363 Y-2.805 E2.03141
G1 X4.331 Y-3.156 E2.0384
G1 X4.766 Y-3.016 E2.04746
G1 X5.131 Y-2.568 E2.05891
G1 X5.434 Y-1.729 E2.07659
G1 X5.591 Y-.878 E2.09374
G1 X5.442 Y-.499 E2.10181
G1 X5.141 Y-.247 E2.10959
G1 X4.79 Y-.173 E2.1167
G1 X4 Y-.329 E2.13266
G1 X3.696 Y-.47 E2.1393
G1 X3.461 Y-.691 E2.14569
G1 X3.2 Y-1.247 E2.15786
G1 X2.864 Y-1.701 E2.16905
G1 X2.846 Y-1.887 E2.17275
G1 X2.965 Y-2.162 E2.17869
G1 X3.133 Y-2.291 E2.18289
G1 X3.492 Y-2.382 E2.19023
G1 X3.816 Y-2.65 E2.19856
G1 X4.11 Y-3.069 E2.2087
G1 X4.284 Y-3.157 E2.21256
G1 E.21256 F2400
G92 E0
G1 Z2.3 F4800
G1 X5.525 Y2.307
G1 Z2
G1 E2 F2400
G1 F3600
G1 X5.263 Y2.097 E2.00665
G1 X5.176 Y1.913 E2.01068
G1 X5.164 Y1.504 E2.01879
G1 X5.428 Y1.14 E2.0277
G1 X5.819 Y.966 E2.03618
G1 X5.898 Y.625 E2.04312
G1 X6.308 Y.786 E2.05185
G1 X6.584 Y.995 E2.05871
G1 X6.78 Y1.276 E2.0655
G1 X6.863 Y1.599 E2.07211
G1 X6.836 Y1.933 E2.07875
G1 X6.707 Y2.244 E2.08542
G1 X6.49 Y2.495 E2.092
G1 X6.197 Y2.667 E2.09873
G1 X5.861 Y2.736 E2.10553
G1 X5.511 Y2.691 E2.11252
G1 X5.18 Y2.526 E2.11985
G1 X4.974 Y2.3 E2.12591
G1 X4.782 Y1.691 E2.13857
G1 X4.947 Y1.126 E2.15024
G1 X5.389 Y.748 E2.16177
G1 X5.852 Y.613 E2.17133
G1 E.17133 F2400
G92 E0
G1 Z2.3 F4800
G1 X1.486 Y5.782
G1 Z2
G1 E2 F2400
G1 F3600
G1 X1.785 Y6.094 E2.00856
G1 X1.998 Y6.898 E2.02504
G1 X2.027 Y7.923 E2.04536
G1 X1.91 Y8.339 E2.05392
G1 X1.687 Y8.714 E2.06257
G1 X1.316 Y9.064 E2.07268
G1 X.569 Y9.375 E2.08872
G1 X.122 Y9.389 E2.09758
G1 X-.396 Y9.264 E2.10814
G1 X-.853 Y9.294 E2.11722
G1 X-1.42 Y9.055 E2.12942
G1 X-1.656 Y8.822 E2.13599
G1 X-1.865 Y8.42 E2.14497
G1 X1.184 Y8.42 E2.2054
G1 X1.392 Y8.349 E2.20976
G1 X1.681 Y8.061 E2.21785
G1 X1.854 Y7.624 E2.22717
G1 X1.788 Y7.266 E2.23438
G1 X1.91 Y6.845 E2.24307
G1 X1.681 Y6.36 E2.2537
G1 X1.681 Y5.998 E2.26087
G1 X1.444 Y5.761 E2.26751
G1 X1.034 Y5.629 F4800
G1 F3600
G1 X1.327 Y5.703 E2.2735
G1 X.66 Y5.703 E2.28672
G1 X.987 Y5.626 E2.29338
G1 E.29338 F2400
G92 E0
G1 Z2.3 F4800
G1 X6.572 Y-4.448
G1 Z2
G1 E2 F2400
;TYPE:Perimeter
;WIDTH:0.431141
G1 F900
G1 X6.397 Y-4.971 E2.01372
;WIDTH:0.464767
G1 X6.259 Y-5.262 E2.02241
;WIDTH:0.498393
G1 X6.12 Y-5.552 E2.03176
;WIDTH:0.535782
G1 X5.802 Y-5.99 E2.04876
G1 X5.536 Y-6.214 E2.05968
G1 X5.536 Y-6.406 E2.06571
G1 X6.354 Y-6.145 E2.09268
G1 X6.582 Y-5.653 E2.10971
;WIDTH:0.494436
G1 X6.743 Y-5.155 E2.1248
;WIDTH:0.452582
G1 X6.905 Y-4.657 E2.13853
;WIDTH:0.410728
G1 X7.01 Y-4.11 E2.15168
;WIDTH:0.44418
G1 X7.032 Y-3.727 E2.16154
;WIDTH:0.490417
G1 X7.054 Y-3.343 E2.17253
;WIDTH:0.527651
G1 X7.044 Y-3.174 E2.17776
;WIDTH:0.564884
G1 X7.033 Y-3.006 E2.18335
G1 X6.972 Y-3.151 E2.18858
;WIDTH:0.527651
G1 X6.91 Y-3.295 E2.19342
;WIDTH:0.490417
G1 X6.681 Y-3.519 E2.20257
;WIDTH:0.475388
G1 X6.549 Y-3.579 E2.20658
G1 X6.415 Y-3.572 E2.21029
;WIDTH:0.439334
G1 X6.281 Y-3.565 E2.2137
;WIDTH:0.403279
G1 X6.147 Y-3.557 E2.21681
;WIDTH:0.395034
G1 X6.247 Y-3.578 E2.21912
;WIDTH:0.422843
G1 X6.346 Y-3.599 E2.22159
;WIDTH:0.449116
G1 X6.432 Y-3.65 E2.22419
;WIDTH:0.475388
G1 X6.517 Y-3.701 E2.22693
G1 X6.603 Y-3.818 E2.23094
G1 X6.624 Y-3.959 E2.23488
;WIDTH:0.436666
G1 X6.646 Y-4.099 E2.23845
;WIDTH:0.397943
G1 X6.61 Y-4.332 E2.24383
;WIDTH:0.431141
G1 X6.591 Y-4.392 E2.2454
G1 X7.033 Y-3.006 F4800
;WIDTH:0.564884
G1 F900
G1 X7.036 Y-2.167 E2.27327
;WIDTH:0.600086
G1 X6.985 Y-1.58 E2.29414
G1 E.29414 F2400
G92 E0
G1 Z2.3 F4800
G1 X5.784 Y-3.553
G1 Z2
G1 E2 F2400
;WIDTH:0.367224
G1 F900
G1 X6.147 Y-3.557 E2.00758
G1 X6.198 Y-4.329 F4800
;TYPE:External perimeter
;WIDTH:0.449999
G1 F900
G1 X6.039 Y-4.776 E2.01994
G1 X5.77 Y-5.271 E2.03462
G1 X5.445 Y-5.699 E2.04862
G1 X5.075 Y-5.984 E2.06079
G1 X5.075 Y-6.953 E2.08604
G1 X5.534 Y-6.89 E2.09811
G1 X6.696 Y-6.519 E2.12989
G1 X6.995 Y-5.813 E2.14987
G1 X7.296 Y-4.73 E2.17916
G1 X7.399 Y-4.156 E2.19435
G1 X7.492 Y-3.36 E2.21523
G1 X7.521 Y-2.751 E2.23112
G1 X7.501 Y-1.804 E2.2558
G1 X7.45 Y-1.261 E2.27001
G1 X6.295 Y-.688 E2.3036
G1 X6.424 Y-1.099 E2.31482
G1 X6.564 Y-2.164 E2.34281
G1 X6.559 Y-2.982 E2.36412
G1 X6.458 Y-3.151 E2.36925
G1 X6.35 Y-3.181 E2.37217
G1 X5.495 Y-3.181 E2.39445
G1 X5.377 Y-3.649 E2.40703
G1 X5.228 Y-3.925 E2.4152
G1 X6.082 Y-3.928 E2.43745
G1 X6.228 Y-4.031 E2.44211
G1 X6.243 Y-4.203 E2.44661
G1 X6.218 Y-4.273 E2.44855
G1 X6.084 Y-4.65 F4800
G1 E.44855 F2400
G92 E0
G1 Z2.3 F4800
G1 X-1.087 Y4.396
G1 Z2
G1 E2 F2400
G1 F900
G1 X-1.085 Y4.396 E2.00005
G1 X-1.007 Y4.411 E2.00212
G1 X-.878 Y4.577 E2.0076
;WIDTH:0.455665
G1 X-.887 Y4.825 E2.01415
;WIDTH:0.494603
G1 X-.924 Y4.877 E2.01599
;WIDTH:0.53354
G1 X-.961 Y4.928 E2.01796
;WIDTH:0.572477
G1 X-.998 Y4.979 E2.02008
;WIDTH:0.583637
G1 X-1.557 Y5.121 E2.03991
;WIDTH:0.585894
G1 X-2.207 Y5.208 E2.06255
G1 X-3.11 Y5.18 E2.09375
;WIDTH:0.579719
G1 X-4.025 Y4.969 E2.12581
;WIDTH:0.569087
G1 X-4.063 Y4.888 E2.12881
;WIDTH:0.529391
G1 X-4.101 Y4.806 E2.13161
;WIDTH:0.489695
G1 X-4.139 Y4.725 E2.13416
;WIDTH:0.449999
G1 X-4.122 Y4.577 E2.13804
G1 X-3.993 Y4.412 E2.1435
G1 X-3.014 Y4.396 E2.16901
G1 X-1.147 Y4.396 E2.21766
G1 X-.877 Y4.691 F4800
G1 E.21766 F2400
G92 E0
G1 Z2.3 F4800
G1 X-7.181 Y-2.286
G1 Z2
G1 E2 F2400
;WIDTH:0.37219
G1 F900
G1 X-7.188 Y-2.975 E2.01461
G1 X-7.348 Y-4.239 F4800
;WIDTH:0.67993
G1 F900
G1 X-7.341 Y-4.079 E2.02108
G1 E.02108 F2400
G92 E0
G1 Z2.3 F4800
G1 X2.188 Y-2.975
G1 Z2
G1 E2 F2400
;WIDTH:0.37219
G1 F900
G1 X2.181 Y-2.286 E2.01461
G1 X2.348 Y-4.239 F4800
;WIDTH:0.679884
G1 F900
G1 X2.341 Y-4.079 E2.02108
G1 X2.685 Y-5.709 F4800
;TYPE:Perimeter
;WIDTH:0.519424
G1 F900
G1 X2.685 Y-6.821 E2.05487
G1 X3.172 Y-6.755 E2.0698
G1 X3.172 Y-6.206 E2.08648
G1 X2.988 Y-6.065 E2.09352
G1 X2.712 Y-5.724 E2.10685
G1 X2.348 Y-4.239 F4800
;TYPE:External perimeter
;WIDTH:0.679884
G1 F900
G1 X2.325 Y-4.347 E2.11131
;WIDTH:0.633907
G1 X2.302 Y-4.455 E2.11545
;WIDTH:0.58793
G1 X2.279 Y-4.562 E2.11924
;WIDTH:0.541953
G1 X2.256 Y-4.67 E2.12275
;WIDTH:0.495976
G1 X2.233 Y-4.778 E2.12594
;WIDTH:0.449999
G1 X2.233 Y-6.958 E2.18274
G1 X2.463 Y-7.308 E2.19365
G1 X3.625 Y-7.15 E2.22421
G1 X3.625 Y-5.982 E2.25464
G1 X3.219 Y-5.661 E2.26813
G1 X2.825 Y-5.108 E2.28582
G1 X2.632 Y-4.711 E2.29732
;WIDTH:0.495976
G1 X2.575 Y-4.617 E2.3005
;WIDTH:0.541953
G1 X2.518 Y-4.522 E2.30402
;WIDTH:0.58793
G1 X2.461 Y-4.428 E2.30783
;WIDTH:0.633907
G1 X2.405 Y-4.334 E2.31194
;WIDTH:0.679884
G1 X2.379 Y-4.291 E2.31397
G1 X2.251 Y-4.67 F4800
G1 X2.902 Y-3.553
;TYPE:Perimeter
;WIDTH:0.360406
G1 F900
G1 X2.606 Y-3.554 E2.32003
G1 X2.363 Y-3.177 F4800
;TYPE:External perimeter
;WIDTH:0.449999
G1 F900
G1 X2.353 Y-3.177 E2.32029
;WIDTH:0.443209
G1 X2.271 Y-3.076 E2.32362
;WIDTH:0.4077
G1 X2.188 Y-2.975 E2.32668
;WIDTH:0.411095
G1 X2.211 Y-3.264 E2.33353
;WIDTH:0.449999
G1 X2.233 Y-3.554 E2.34111
;WIDTH:0.493389
G1 X2.254 Y-3.659 E2.34419
;WIDTH:0.536779
G1 X2.276 Y-3.764 E2.34757
;WIDTH:0.580169
G1 X2.298 Y-3.869 E2.35124
;WIDTH:0.623558
G1 X2.319 Y-3.974 E2.35519
;WIDTH:0.666948
G1 X2.341 Y-4.079 E2.35944
G1 X2.404 Y-4.048 E2.36222
;WIDTH:0.623558
G1 X2.466 Y-4.017 E2.36478
;WIDTH:0.580169
G1 X2.529 Y-3.986 E2.36718
;WIDTH:0.536779
G1 X2.591 Y-3.956 E2.36935
;WIDTH:0.493389
G1 X2.654 Y-3.925 E2.37137
;WIDTH:0.449999
G1 X3.467 Y-3.925 E2.39255
G1 X3.288 Y-3.549 E2.4034
G1 X3.201 Y-3.181 E2.41325
G1 X2.423 Y-3.177 E2.43352
G1 X2.043 Y-3.053 F4800
G1 E.43352 F2400
G92 E0
G1 Z2.3 F4800
G1 X1.985 Y.629
G1 Z2
G1 E2 F2400
;TYPE:Perimeter
;WIDTH:0.539108
G1 F900
G1 X2.361 Y1.185 E2.02122
G1 X2.238 Y1.315 E2.02688
G1 X2.044 Y1.696 E2.0404
;WIDTH:0.519588
G1 X1.459 Y1.696 E2.05818
;WIDTH:0.520473
G1 X1.691 Y1.302 E2.0721
;WIDTH:0.539108
G1 X1.961 Y.684 E2.09342
G1 X1.852 Y-1.212 F4800
;WIDTH:0.437352
G1 F900
G1 X1.901 Y-.962 E2.09986
;WIDTH:0.449999
G1 X2.112 Y-.191 E2.12069
G1 X2.455 Y.521 E2.14128
G1 X2.776 Y.97 E2.15566
G1 X3.043 Y1.24 E2.16555
G1 X2.742 Y1.459 E2.17525
G1 X2.545 Y1.696 E2.18328
G1 X2.33 Y2.148 E2.19632
G1 X.572 Y2.148 E2.24213
G1 X.795 Y1.894 E2.25094
G1 X1.219 Y1.231 E2.27145
G1 X1.375 Y.885 E2.28134
G1 X1.612 Y.308 E2.29759
G1 X1.79 Y-.407 E2.31679
G1 X1.862 Y-.96 E2.33132
;WIDTH:0.437352
G1 X1.854 Y-1.152 E2.33618
G1 E.33618 F2400
G92 E0
G1 Z2.3 F4800
G1 X-6.984 Y.596
G1 Z2
G1 E2 F2400
;WIDTH:0.532827
G1 F900
G1 X-6.894 Y.871 E2.00903
G1 X-6.711 Y1.248 E2.02211
;WIDTH:0.524598
G1 X-6.476 Y1.693 E2.03756
G1 X-7.036 Y1.693 E2.05476
G1 X-7.105 Y1.558 E2.05942
;WIDTH:0.532827
G1 X-7.349 Y1.192 E2.07315
G1 X-7.016 Y.647 E2.09309
G1 X-6.871 Y-1.069 F4800
;WIDTH:0.449999
G1 F900
G1 X-6.853 Y-.829 E2.09936
G1 X-6.734 Y-.133 E2.11776
G1 X-6.402 Y.851 E2.14482
G1 X-6.077 Y1.477 E2.1632
G1 X-5.786 Y1.907 E2.17673
G1 X-5.572 Y2.149 E2.18515
G1 X-7.316 Y2.149 E2.23059
G1 X-7.606 Y1.595 E2.24688
G1 X-8.047 Y1.237 E2.26168
G1 X-7.788 Y.963 E2.2715
G1 X-7.527 Y.618 E2.28277
G1 X-7.209 Y.046 E2.29982
G1 X-6.952 Y-.679 E2.31986
G1 X-6.883 Y-1.011 E2.3287
G1 E.3287 F2400
G92 E0
G1 Z2.3 F4800
G1 X-4.651 Y4.784
G1 Z2
G1 E2 F2400
;WIDTH:0.64684
G1 F900
G1 X-4.634 Y4.509 E2.01056
G1 E.01056 F2400
G92 E0
G1 Z2.3 F4800
G1 X-.366 Y4.509
G1 Z2
G1 E2 F2400
;WIDTH:0.646696
G1 F900
G1 X-.349 Y4.786 E2.01064
G1 X-.639 Y3.628 F4800
;WIDTH:0.465596
G1 F900
G1 X-.666 Y3.675 E2.01211
G1 X-.721 Y3.675 E2.0136
G1 X-.748 Y3.628 E2.01507
G1 X-.721 Y3.581 E2.01654
G1 X-.666 Y3.581 E2.01803
G1 E.01803 F2400
G92 E0
G1 Z2.3 F4800
G1 X-4.255 Y3.631
G1 Z2
G1 E2 F2400
;WIDTH:0.461766
G1 F900
G1 X-4.282 Y3.678 E2.00145
G1 X-4.335 Y3.678 E2.00287
G1 X-4.362 Y3.631 E2.00432
G1 X-4.335 Y3.585 E2.00575
G1 X-4.282 Y3.585 E2.00717
G1 E.00717 F2400
G92 E0
G1 Z2.3 F4800
G1 X-.932 Y4.016
G1 Z2
G1 E2 F2400
;WIDTH:0.449999
G1 F900
G1 X-1.354 Y3.979 E2.01104
G1 X-2.106 Y3.989 E2.03064
;WIDTH:0.435155
G1 X-3.014 Y3.986 E2.05346
;WIDTH:0.449999
G1 X-3.697 Y3.979 E2.07126
G1 X-4.15 Y4.024 E2.08312
;WIDTH:0.49921
G1 X-4.271 Y4.145 E2.0881
;WIDTH:0.54842
G1 X-4.392 Y4.266 E2.09361
;WIDTH:0.59763
G1 X-4.513 Y4.387 E2.09964
;WIDTH:0.64684
G1 X-4.634 Y4.509 E2.10623
G1 X-4.658 Y4.289 E2.11471
;WIDTH:0.59763
G1 X-4.683 Y4.07 E2.12248
;WIDTH:0.54842
G1 X-4.708 Y3.851 E2.12958
;WIDTH:0.49921
G1 X-4.732 Y3.631 E2.13603
;WIDTH:0.449999
G1 X-4.732 Y2.891 E2.15531
G1 X-4.455 Y3.089 E2.16418
G1 X-4.137 Y3.244 E2.1734
G1 X-3.64 Y3.45 E2.18742
G1 X-2.834 Y3.597 E2.20877
;WIDTH:0.436373
G1 X-1.982 Y3.582 E2.23025
;WIDTH:0.449999
G1 X-1.29 Y3.426 E2.24873
G1 X-.606 Y3.125 E2.2682
G1 X-.268 Y2.897 E2.27882
G1 X-.268 Y3.628 E2.29787
;WIDTH:0.499174
G1 X-.292 Y3.848 E2.30431
;WIDTH:0.548348
G1 X-.317 Y4.068 E2.31144
;WIDTH:0.597522
G1 X-.342 Y4.288 E2.31925
;WIDTH:0.646696
G1 X-.366 Y4.509 E2.32777
G1 X-.488 Y4.387 E2.33438
;WIDTH:0.597522
G1 X-.609 Y4.266 E2.34041
;WIDTH:0.548348
G1 X-.73 Y4.145 E2.34592
;WIDTH:0.499174
G1 X-.852 Y4.023 E2.35094
;WIDTH:0.449999
G1 X-.872 Y4.022 E2.35146
G1 X.198 Y2.662 F4800
;TYPE:External perimeter
;WIDTH:0.485383
G1 F1350
G1 X.15 Y2.775 E2.35493
;WIDTH:0.450583
G1 X.15 Y3.17 E2.36524
;WIDTH:0.449999
G1 X.15 Y4.622 E2.40307
G1 X.235 Y4.805 E2.40833
G1 X.359 Y4.846 E2.41173
G1 X.56 Y4.846 E2.41697
G1 X.214 Y5.074 E2.42777
;WIDTH:0.455665
G1 X-.407 Y5.391 E2.44618
;WIDTH:0.495652
G1 X-.577 Y5.434 E2.45125
;WIDTH:0.535638
G1 X-.746 Y5.478 E2.45673
;WIDTH:0.575624
G1 X-.915 Y5.521 E2.46264
;WIDTH:0.583637
G1 X-1.482 Y5.667 E2.48278
;WIDTH:0.585894
G1 X-2.166 Y5.76 E2.50662
;WIDTH:0.591075
G1 X-2.71 Y5.763 E2.52558
G1 X-3.395 Y5.69 E2.54959
;WIDTH:0.585241
G1 X-4.144 Y5.497 E2.57627
;WIDTH:0.571552
G1 X-4.308 Y5.455 E2.58196
;WIDTH:0.532311
G1 X-4.472 Y5.413 E2.58724
;WIDTH:0.49307
G1 X-4.636 Y5.372 E2.5921
;WIDTH:0.453828
G1 X-5.285 Y5.03 E2.61139
;WIDTH:0.449999
G1 X-5.531 Y4.85 E2.61933
G1 X-5.276 Y4.829 E2.626
G1 X-5.15 Y4.637 E2.63198
G1 X-5.15 Y3.405 E2.66408
;WIDTH:0.450456
G1 X-5.15 Y2.775 E2.68051
;WIDTH:0.485418
G1 X-5.228 Y2.59 E2.68618
G1 X-5.799 Y2.566 E2.70233
;WIDTH:0.449999
G1 X-7.573 Y2.566 E2.74855
G1 X-7.988 Y1.796 E2.77134
G1 X-8.736 Y1.252 E2.79544
G1 X-8.408 Y1.01 E2.80606
G1 X-7.956 Y.525 E2.82333
G1 X-7.619 Y-.06 E2.84092
G1 X-7.313 Y-.976 E2.86608
;WIDTH:0.489787
G1 X-7.266 Y-1.121 E2.87043
;WIDTH:0.529575
G1 X-7.219 Y-1.265 E2.87513
;WIDTH:0.569363
G1 X-7.172 Y-1.409 E2.8802
;WIDTH:0.60915
G1 X-7.125 Y-1.553 E2.88565
G1 X-7.085 Y-2.088 E2.90495
;WIDTH:0.566137
G1 X-7.024 Y-2.051 E2.90733
;WIDTH:0.597219
G1 X-6.505 Y-2.034 E2.92563
G1 X-6.547 Y-1.44 E2.94661
;WIDTH:0.595393
G1 X-6.512 Y-1.259 E2.95309
;WIDTH:0.546929
G1 X-6.476 Y-1.079 E2.95898
;WIDTH:0.498464
G1 X-6.441 Y-.899 E2.96431
;WIDTH:0.449999
G1 X-6.322 Y-.204 E2.98268
G1 X-6.031 Y.661 E3.00646
G1 X-5.731 Y1.243 E3.02352
G1 X-5.42 Y1.697 E3.03786
;WIDTH:0.484258
G1 X-4.896 Y2.281 E3.05998
G1 X-4.175 Y2.77 E3.08454
;WIDTH:0.449999
G1 X-3.551 Y3.041 E3.10227
G1 X-2.837 Y3.191 E3.12128
G1 X-2.069 Y3.18 E3.14129
G1 X-1.377 Y3.007 E3.15988
G1 X-.735 Y2.72 E3.1782
;WIDTH:0.485383
G1 X-.069 Y2.251 E3.20122
G1 X.443 Y1.668 E3.22315
;WIDTH:0.449999
G1 X.867 Y1.006 E3.24363
G1 X1.207 Y.204 E3.26633
G1 X1.377 Y-.465 E3.28432
G1 X1.457 Y-1.215 E3.30397
;WIDTH:0.487813
G1 X1.477 Y-1.349 E3.30782
;WIDTH:0.525627
G1 X1.497 Y-1.482 E3.31196
;WIDTH:0.563442
G1 X1.517 Y-1.616 E3.31645
;WIDTH:0.601256
G1 X1.537 Y-1.75 E3.32126
G1 X1.52 Y-2.032 E3.33129
G1 X1.821 Y-2.032 E3.34197
G1 X2.086 Y-2.083 E3.35155
G1 X2.104 Y-1.778 E3.36239
G1 X2.153 Y-1.601 E3.36891
;WIDTH:0.563442
G1 X2.201 Y-1.424 E3.37499
;WIDTH:0.525628
G1 X2.25 Y-1.247 E3.38064
;WIDTH:0.487814
G1 X2.299 Y-1.069 E3.38589
;WIDTH:0.449999
G1 X2.491 Y-.367 E3.40485
G1 X2.795 Y.278 E3.42343
G1 X3.116 Y.727 E3.43781
G1 X3.416 Y1.018 E3.4487
G1 X3.78 Y1.22 E3.45955
G1 X2.988 Y1.796 E3.48507
G1 X2.897 Y1.93 E3.48929
G1 X2.579 Y2.566 E3.50782
G1 X.799 Y2.566 E3.5542
;WIDTH:0.485383
G1 X.228 Y2.59 E3.57035
G1 X.221 Y2.607 E3.57087
G1 X.158 Y3.002 F4800
G1 E1.57087 F2400
G92 E0
G1 Z2.3 F4800
G1 X-7.902 Y-3.553
G1 Z2
G1 E2 F2400
;TYPE:Perimeter
;WIDTH:0.360412
G1 F900
G1 X-7.606 Y-3.554 E2.00606
G1 X-7.363 Y-3.177 F4800
;TYPE:External perimeter
;WIDTH:0.449999
G1 F900
G1 X-8.201 Y-3.181 E2.02789
G1 X-8.265 Y-3.473 E2.03568
G1 X-8.467 Y-3.925 E2.04858
G1 X-7.654 Y-3.925 E2.06976
;WIDTH:0.493396
G1 X-7.591 Y-3.956 E2.07178
;WIDTH:0.536792
G1 X-7.529 Y-3.986 E2.07395
;WIDTH:0.580189
G1 X-7.466 Y-4.017 E2.07635
;WIDTH:0.623586
G1 X-7.404 Y-4.048 E2.07891
;WIDTH:0.666982
G1 X-7.341 Y-4.079 E2.08169
G1 X-7.32 Y-3.974 E2.08593
;WIDTH:0.623586
G1 X-7.298 Y-3.869 E2.08989
;WIDTH:0.580189
G1 X-7.276 Y-3.764 E2.09356
;WIDTH:0.536792
G1 X-7.254 Y-3.659 E2.09694
;WIDTH:0.493396
G1 X-7.233 Y-3.554 E2.10002
;WIDTH:0.449999
G1 X-7.211 Y-3.264 E2.1076
;WIDTH:0.411095
G1 X-7.188 Y-2.975 E2.11445
;WIDTH:0.407701
G1 X-7.271 Y-3.076 E2.11751
;WIDTH:0.443211
G1 X-7.321 Y-3.138 E2.11955
G1 X-7.719 Y-3.175 F4800
G1 E.11955 F2400
G92 E0
G1 Z2.3 F4800
G1 X-7.685 Y-5.741
G1 Z2
G1 E2 F2400
;TYPE:Perimeter
;WIDTH:0.519425
G1 F900
G1 X-7.685 Y-5.724 E2.00052
G1 X-8.172 Y-6.228 E2.02182
G1 X-8.172 Y-6.755 E2.03783
G1 X-7.685 Y-6.821 E2.05276
G1 X-7.685 Y-5.801 E2.08375
G1 X-7.348 Y-4.239 F4800
;TYPE:External perimeter
;WIDTH:0.67993
G1 F900
G1 X-7.407 Y-4.34 E2.08847
;WIDTH:0.633944
G1 X-7.467 Y-4.441 E2.09288
;WIDTH:0.587958
G1 X-7.527 Y-4.542 E2.09695
;WIDTH:0.541972
G1 X-7.587 Y-4.642 E2.10066
;WIDTH:0.495985
G1 X-7.646 Y-4.743 E2.10404
;WIDTH:0.449999
G1 X-8.031 Y-5.43 E2.12456
G1 X-8.434 Y-5.856 E2.13984
G1 X-8.625 Y-5.995 E2.14599
G1 X-8.625 Y-7.15 E2.17608
G1 X-7.463 Y-7.308 E2.20664
G1 X-7.233 Y-6.958 E2.21755
G1 X-7.233 Y-4.778 E2.27435
;WIDTH:0.495985
G1 X-7.256 Y-4.67 E2.27754
;WIDTH:0.541972
G1 X-7.279 Y-4.562 E2.28105
;WIDTH:0.587958
G1 X-7.302 Y-4.455 E2.28484
;WIDTH:0.633944
G1 X-7.325 Y-4.347 E2.28898
;WIDTH:0.67993
G1 X-7.335 Y-4.298 E2.291
G1 X-7.577 Y-4.617 F4800
G1 E.291 F2400
G92 E0
G1 Z2.3 F4800
G1 X-11.566 Y-4.447
G1 Z2
G1 E2 F2400
;TYPE:Perimeter
;WIDTH:0.425515
G1 F900
G1 X-11.636 Y-4.216 E2.00592
;WIDTH:0.432107
G1 X-11.62 Y-4.017 E2.0109
;WIDTH:0.476527
G1 X-11.603 Y-3.819 E2.01641
G1 X-11.396 Y-3.604 E2.02468
G1 X-11.55 Y-3.58 E2.029
G1 X-11.778 Y-3.448 E2.0363
;WIDTH:0.519091
G1 X-11.905 Y-3.231 E2.04393
;WIDTH:0.561654
G1 X-12.031 Y-3.014 E2.05222
G1 X-12.035 Y-3.3 E2.06166
;WIDTH:0.519091
G1 X-12.038 Y-3.586 E2.07034
;WIDTH:0.476527
G1 X-12.021 Y-3.859 E2.07792
;WIDTH:0.435036
G1 X-12.004 Y-4.132 E2.08479
;WIDTH:0.393545
G1 X-11.955 Y-4.432 E2.09164
;WIDTH:0.43821
G1 X-11.777 Y-5.114 E2.10949
;WIDTH:0.464253
G1 X-11.687 Y-5.368 E2.11675
;WIDTH:0.490295
G1 X-11.597 Y-5.621 E2.12442
;WIDTH:0.54016
G1 X-11.366 Y-6.139 E2.14239
G1 X-10.538 Y-6.403 E2.16992
G1 X-10.538 Y-6.215 E2.17588
G1 X-10.685 Y-6.105 E2.1817
G1 X-10.983 Y-5.771 E2.19588
G1 X-11.182 Y-5.43 E2.20839
;WIDTH:0.490295
G1 X-11.308 Y-5.156 E2.21701
;WIDTH:0.457905
G1 X-11.435 Y-4.881 E2.22505
;WIDTH:0.425515
G1 X-11.549 Y-4.504 E2.23471
G1 E.23471 F2400
G92 E0
G1 Z2.3 F4800
G1 X-11.994 Y-1.574
G1 Z2
G1 E2 F2400
;WIDTH:0.581472
G1 F900
G1 X-12.034 Y-2.098 E2.018
;WIDTH:0.574988
G1 X-12.031 Y-3.014 E2.04901
G1 X-10.797 Y-3.553 F4800
;WIDTH:0.35842
G1 F900
G1 X-11.046 Y-3.553 E2.05408
G1 X-11.199 Y-4.329 F4800
;TYPE:External perimeter
;WIDTH:0.449999
G1 F900
G1 X-11.243 Y-4.203 E2.05756
G1 X-11.228 Y-4.031 E2.06206
G1 X-11.149 Y-3.951 E2.06499
G1 X-10.797 Y-3.925 E2.07419
G1 X-10.25 Y-3.924 E2.08844
G1 X-10.451 Y-3.415 E2.1027
G1 X-10.505 Y-3.181 E2.10896
G1 X-11.046 Y-3.181 E2.12306
G1 X-11.458 Y-3.15 E2.13383
G1 X-11.559 Y-2.985 E2.13887
G1 X-11.563 Y-2.143 E2.16081
G1 X-11.501 Y-1.515 E2.17725
G1 X-11.319 Y-.699 E2.19903
G1 X-12.45 Y-1.261 E2.23194
G1 X-12.509 Y-2.157 E2.25534
G1 X-12.504 Y-3.043 E2.27843
G1 X-12.444 Y-3.8 E2.29822
G1 X-12.335 Y-4.518 E2.31714
G1 X-12.153 Y-5.31 E2.33831
G1 X-11.957 Y-5.905 E2.35463
G1 X-11.701 Y-6.518 E2.37194
G1 X-10.565 Y-6.88 E2.40301
G1 X-10.075 Y-6.953 E2.41592
G1 X-10.075 Y-5.984 E2.44117
G1 X-10.445 Y-5.699 E2.45334
G1 X-10.797 Y-5.221 E2.46881
G1 X-11.052 Y-4.746 E2.48286
G1 X-11.179 Y-4.386 E2.49281
G1 X-11.163 Y-3.986 F4800
;LAYER_CHANGE
;Z:2.15
;HEIGHT:0.15
G1 E.49281 F2400
G92 E0
G1 Z2.15 F4800
G1 Z2.45
G1 X-5.707 Y5.894
G1 Z2.15
G1 E2 F2400
;TYPE:Support material interface
;WIDTH:0.35
G1 F3600
G1 X-7.107 Y7.294 E2.03924
G1 X-6.959 Y7.595 E2.04589
G1 X-5.401 Y6.037 E2.08956
G1 X-5.056 Y6.142 E2.09671
G1 X-6.642 Y7.728 E2.14116
G1 X-6.396 Y7.931 E2.14748
G1 X-4.744 Y6.279 E2.19378
G1 X-4.417 Y6.401 E2.2007
G1 X-6.154 Y8.138 E2.24939
G1 X-5.799 Y8.233 E2.25667
G1 X-4.12 Y6.554 E2.30373
G1 X-3.916 Y6.799 E2.31005
G1 X-5.443 Y8.327 E2.35286
G1 X-5.329 Y8.353 E2.35518
G1 X-5.02 Y8.353 E2.3613
G1 X-3.611 Y6.944 E2.40079
G1 X-3.216 Y6.999 E2.40869
G1 X-4.57 Y8.353 E2.44664
G1 X-4.121 Y8.353 E2.45554
G1 X-2.807 Y7.039 E2.49237
G1 X-2.364 Y7.045 E2.50115
G1 X-3.672 Y8.353 E2.53781
G1 X-3.222 Y8.353 E2.54673
G1 X-1.882 Y7.012 E2.5843
G1 X-1.36 Y6.94 E2.59474
G1 X-2.455 Y8.035 E2.62543
G1 X-2.005 Y8.035 E2.63435
G1 X-.245 Y6.275 E2.68368
G1 X.249 Y6.045 E2.69448
G1 X.442 Y6.037 E2.69831
G1 X-1.865 Y8.344 E2.76297
G1 X-1.424 Y8.353 E2.77171
G1 X.892 Y6.037 E2.83663
G1 X1.248 Y6.037 E2.84369
G1 X1.294 Y6.084 E2.84499
G1 X-.975 Y8.353 E2.90859
G1 X-.525 Y8.353 E2.91751
G1 X1.412 Y6.415 E2.97182
G1 X1.619 Y6.658 E2.97815
G1 X-.076 Y8.353 E3.02566
G1 X.385 Y8.341 E3.0348
G1 X1.925 Y6.801 E3.07796
G1 X1.984 Y6.828 E3.07925
G1 X1.931 Y7.154 E3.0858
G1 X1.993 Y7.183 E3.08716
G1 X.793 Y8.382 E3.12078
G1 X1.815 Y8.138 F4800
;TYPE:Support material
G1 F3600
G1 X1.563 Y8.644 E3.13198
G1 X1.264 Y8.938 E3.14029
G1 X.903 Y9.142 E3.14851
G1 X.477 Y9.247 E3.15721
G1 X-.231 Y9.165 E3.17134
G1 X-.893 Y9.225 E3.18451
G1 X-1.18 Y9.148 E3.1904
G1 X-1.696 Y8.687 E3.20411
G1 X.41 Y8.679 E3.24585
G1 X1.634 Y8.356 E3.27094
G1 X1.828 Y8.092 E3.27743
G1 X1.709 Y6.07 F4800
G1 F3600
G1 X1.847 Y6.396 E3.28445
G1 X1.681 Y6.215 E3.28932
G1 X1.681 Y6.031 E3.29297
G1 X1.576 Y5.893 F4800
G1 F3600
G1 X1.566 Y5.883 E3.29325
G1 X1.148 Y5.692 F4800
G1 F3600
G1 X1.211 Y5.703 E3.29452
G1 X.772 Y5.703 E3.30322
G1 X1.101 Y5.684 E3.30975
G1 E1.30975 F2400
G92 E0
G1 Z2.45 F4800
G1 X5.342 Y2.029
G1 Z2.15
G1 E2 F2400
G1 F3600
G1 X5.091 Y1.667 E2.00873
G1 X5.843 Y.924 E2.02968
G1 X5.963 Y.544 E2.03758
G1 X6.639 Y1.274 E2.0573
G1 X6.737 Y1.581 E2.06369
G1 X6.73 Y1.899 E2.06999
G1 X6.621 Y2.188 E2.07611
G1 X6.408 Y2.429 E2.08248
G1 X6.127 Y2.584 E2.08884
G1 X5.794 Y2.629 E2.0955
G1 X5.267 Y2.43 E2.10666
G1 X4.701 Y1.821 E2.12314
G1 X4.89 Y1.325 E2.13366
G1 X5.585 Y.656 E2.15278
G1 X5.921 Y.521 E2.15996
G1 X5.658 Y-1.426 F4800
;TYPE:Support material interface
G1 F3600
G1 X4.451 Y-.22 E2.19378
G1 X4.157 Y-.375 E2.20037
G1 X5.381 Y-1.599 E2.23468
G1 X5.366 Y-1.69 E2.23651
G1 X4.999 Y-1.611 E2.24395
G1 X3.827 Y-.494 E2.27604
G1 X3.566 Y-.682 E2.28242
G1 X4.133 Y-1.25 E2.29833
G1 X3.832 Y-1.398 E2.30498
G1 X3.385 Y-.951 E2.31751
G1 X3.217 Y-1.232 E2.324
G1 X3.619 Y-1.634 E2.33527
G1 X3.406 Y-1.871 E2.34159
G1 X3.067 Y-1.532 E2.35109
G1 X2.971 Y-1.885 E2.35834
G1 X3.295 Y-2.209 E2.36742
G1 X4.53 Y-2.128 F4800
;TYPE:Support material
G1 F3600
G1 X4.33 Y-1.909 E2.3733
G1 X3.955 Y-2.284 E2.38381
G1 X4.091 Y-2.408 E2.38746
G1 X4.242 Y-2.789 E2.39558
G1 X4.443 Y-2.882 E2.39997
G1 X4.53 Y-3.224 E2.40696
G1 X4.919 Y-2.915 E2.41681
G1 X5.001 Y-2.489 E2.42541
G1 X5.141 Y-2.556 E2.42849
G1 X5.336 Y-2.023 E2.43974
G1 X4.939 Y-1.965 E2.44769
G1 X4.376 Y-1.511 E2.46202
G1 X4.062 Y-1.641 E2.46876
G1 X3.46 Y-2.31 E2.4866
G1 X3.795 Y-2.612 E2.49554
G1 X4.076 Y-3.127 E2.50717
G1 X4.484 Y-3.236 E2.51554
G1 E.51554 F2400
G92 E0
G1 Z2.45 F4800
G1 X-5.114 Y-7.8
G1 Z2.15
G1 E2 F2400
G1 F3600
G1 X-4.913 Y-8.226 E2.00934
G1 X-4.598 Y-8.404 E2.01651
G1 X-3.903 Y-8.521 E2.03048
G1 X-3.844 Y-8.866 E2.03742
G1 X-3.477 Y-8.801 E2.04481
G1 X-2.845 Y-8.536 E2.05839
G1 X-1.927 Y-8.794 E2.07729
G1 X-1.513 Y-8.786 E2.0855
G1 X-.78 Y-8.496 E2.10112
G1 X-.29 Y-7.945 E2.11573
G1 X-.111 Y-7.23 E2.13034
G1 X-.146 Y-6.379 E2.14722
G1 X-.288 Y-6.024 E2.1548
G1 X-.777 Y-5.52 E2.16872
G1 X-1.545 Y-5.264 E2.18476
G1 X-1.722 Y-4.465 E2.20098
G1 X-1.62 Y-3.912 E2.21213
G1 X-1.678 Y-3.597 E2.21848
G1 X-1.815 Y-3.308 E2.22482
G1 X-2.28 Y-2.892 E2.23719
G1 X-2.901 Y-2.778 E2.2497
G1 X-3.204 Y-2.853 E2.25589
G1 X-3.659 Y-3.205 E2.26729
G1 X-3.865 Y-3.729 E2.27845
G1 X-3.698 Y-4.64 E2.29681
G1 X-4.232 Y-5.196 E2.31209
G1 X-4.707 Y-5.36 E2.32205
G1 X-4.99 Y-5.547 E2.32877
G1 X-5.24 Y-5.823 E2.33615
G1 X-5.442 Y-6.289 E2.34622
G1 X-5.405 Y-6.967 E2.35968
G1 X-5.475 Y-7.727 E2.37481
G1 X-5.304 Y-8.324 E2.38712
G1 X-4.735 Y-8.729 E2.40096
G1 X-3.891 Y-8.873 E2.41793
G1 X-3.787 Y-9.211 F4800
G1 F3600
G1 X-3.377 Y-9.139 E2.42618
G1 X-2.833 Y-8.911 E2.43787
G1 X-1.96 Y-9.145 E2.45578
G1 X-1.464 Y-9.135 E2.46561
G1 X-.989 Y-9.009 E2.47535
G1 X-.577 Y-8.784 E2.48465
G1 X-.241 Y-8.483 E2.49359
G1 X.02 Y-8.113 E2.50256
G1 X.187 Y-7.691 E2.51155
G1 X.241 Y-6.504 E2.5351
G1 X.02 Y-5.851 E2.54876
G1 X-.247 Y-5.497 E2.55755
G1 X-.59 Y-5.221 E2.56628
G1 X-1.251 Y-4.973 E2.58027
G1 X-1.36 Y-4.484 E2.5902
G1 X-1.268 Y-3.894 E2.60203
G1 X-1.342 Y-3.488 E2.61021
G1 X-1.519 Y-3.116 E2.61837
G1 X-2.004 Y-2.653 E2.63166
G1 X-2.523 Y-2.444 E2.64275
G1 X-2.936 Y-2.427 E2.65094
G1 X-3.336 Y-2.525 E2.6591
G1 X-3.674 Y-2.72 E2.66683
G1 X-3.942 Y-2.995 E2.67444
G1 X-4.215 Y-3.688 E2.6892
G1 X-4.211 Y-4.061 E2.69659
G1 X-4.086 Y-4.539 E2.70638
G1 X-4.425 Y-4.893 E2.71609
G1 X-4.863 Y-5.043 E2.72527
G1 X-5.22 Y-5.279 E2.73375
G1 X-5.53 Y-5.621 E2.7429
G1 X-5.783 Y-6.2 E2.75542
G1 X-5.826 Y-7.744 E2.78603
G1 X-5.6 Y-8.514 E2.80193
G1 X-5.327 Y-8.796 E2.80971
G1 X-4.872 Y-9.054 E2.82008
G1 X-4.379 Y-9.197 E2.83025
G1 X-3.834 Y-9.219 E2.84106
G1 E.84106 F2400
G92 E0
G1 Z2.45 F4800
G1 X-6.591 Y-5.95
G1 Z2.15
G1 E2 F2400
G1 F3600
G1 X-6.551 Y-5.843 E2.00226
G1 X-6.608 Y-5.995 E2.00548
G1 X-6.46 Y-5.674 F4800
G1 F3600
G1 X-6.368 Y-5.529 E2.00888
G1 X-6.485 Y-5.714 E2.01322
G1 E.01322 F2400
G92 E0
G1 Z2.45 F4800
G1 X-10.149 Y-2.425
G1 Z2.15
G1 E2 F2400
G1 F3600
G1 X-9.612 Y-2.26 E2.01113
G1 X-9.391 Y-1.977 E2.01825
G1 X-8.914 Y-1.685 E2.02933
G1 X-9.246 Y-1.415 E2.03781
G1 X-9.455 Y-1.412 E2.04195
G1 X-10.476 Y-2.193 E2.06743
G1 X-10.839 Y-1.929 E2.07633
G1 X-10.672 Y-2.2 E2.08264
G1 X-10.196 Y-2.428 E2.0931
G1 X-10.204 Y-1.744 F4800
;TYPE:Support material interface
G1 F3600
G1 X-10.579 Y-1.37 E2.1036
G1 X-10.45 Y-1.049 E2.11046
G1 X-10.052 Y-1.447 E2.12162
G1 X-9.797 Y-1.253 E2.12797
G1 X-10.282 Y-.768 E2.14156
G1 X-10.085 Y-.515 E2.14792
G1 X-9.523 Y-1.077 E2.16367
G1 X-9.126 Y-1.083 E2.17154
G1 X-8.819 Y-1.332 E2.17937
G1 X-9.844 Y-.306 E2.20811
G1 X-9.627 Y-.19 E2.21299
G1 X-9.536 Y-.166 E2.21486
G1 X-8.572 Y-1.123 E2.24178
G1 X-8.616 Y-1.037 E2.24369
G1 X-8.509 Y-.743 E2.24989
G1 X-9.252 Y0 E2.27072
G1 X-10.691 Y1.132 F4800
;TYPE:Support material
G1 F3600
G1 X-10.586 Y1.241 E2.27372
G1 X-10.565 Y1.452 E2.27792
G1 X-10.826 Y1.676 E2.28474
G1 X-10.97 Y1.652 E2.28763
G1 X-11.004 Y1.33 E2.29405
G1 X-10.829 Y1.005 E2.30137
G1 X-10.869 Y.655 E2.30835
G1 X-10.608 Y.702 E2.31361
G1 X-10.292 Y1.04 E2.32278
G1 X-10.192 Y1.391 E2.33001
G1 X-10.235 Y1.581 E2.33387
G1 X-10.331 Y1.748 E2.33769
G1 X-10.689 Y2.004 E2.34641
G1 X-11.107 Y2.001 E2.35469
G1 X-11.335 Y1.689 E2.36235
G1 X-11.352 Y1.275 E2.37056
G1 X-11.148 Y.838 E2.38012
G1 X-10.916 Y.65 E2.38604
G1 E.38604 F2400
G92 E0
G1 Z2.45 F4800
G1 X-6.234 Y5.872
G1 Z2.15
G1 E2 F2400
G1 F3600
G1 X-6.503 Y6.276 E2.00962
G1 X-6.934 Y6.477 E2.01905
G1 X-6.596 Y6.035 E2.03008
G1 X-6.201 Y5.838 E2.03883
G1 X-6.77 Y8.037 F4800
G1 F3600
G1 X-6.461 Y8.402 E2.04831
G1 X-5.411 Y8.679 E2.06983
G1 X-3.162 Y8.687 E2.1144
G1 X-3.384 Y8.932 E2.12095
G1 X-3.916 Y9.177 E2.13256
G1 X-4.5 Y9.12 E2.14419
G1 X-4.998 Y9.283 E2.15458
G1 X-5.618 Y9.261 E2.16688
G1 X-6.012 Y9.112 E2.17523
G1 X-6.347 Y8.872 E2.1834
G1 X-6.608 Y8.557 E2.19151
G1 X-6.814 Y8.018 E2.20295
G1 E.20295 F2400
G92 E0
G1 Z2.45 F4800
G1 X7.044 Y-2.954
G1 Z2.15
G1 E2 F2400
;TYPE:Perimeter
;WIDTH:0.569446
G1 F900
G1 X7.046 Y-2.858 E2.00322
;WIDTH:0.569036
G1 X7.027 Y-2.16 E2.0266
;WIDTH:0.60101
G1 X6.942 Y-1.462 E2.05154
G1 E.05154 F2400
G92 E0
G1 Z2.45 F4800
G1 X6.629 Y-3.65
G1 Z2.15
G1 E2 F2400
;WIDTH:0.462919
G1 F900
G1 X6.663 Y-3.69 E2.00141
G1 X6.693 Y-3.85 E2.00578
;WIDTH:0.419075
G1 X6.722 Y-4.01 E2.0097
;WIDTH:0.382794
G1 X6.673 Y-4.298 E2.01609
;WIDTH:0.423473
G1 X6.438 Y-5.1 E2.03648
;WIDTH:0.456418
G1 X6.301 Y-5.398 E2.04516
;WIDTH:0.489362
G1 X6.165 Y-5.696 E2.0545
G1 X5.707 Y-6.278 E2.07561
G1 X6.525 Y-6.017 E2.10009
G1 X6.634 Y-5.738 E2.10863
;WIDTH:0.46847
G1 X6.736 Y-5.422 E2.11766
;WIDTH:0.440882
G1 X6.837 Y-5.107 E2.12609
;WIDTH:0.413294
G1 X7.049 Y-4.155 E2.14927
;WIDTH:0.416214
G1 X7.054 Y-3.87 E2.1561
;WIDTH:0.462919
G1 X7.059 Y-3.586 E2.16373
;WIDTH:0.498428
G1 X7.054 Y-3.375 E2.16987
;WIDTH:0.533937
G1 X7.049 Y-3.165 E2.17644
;WIDTH:0.569446
G1 X7.044 Y-2.954 E2.18351
G1 X6.937 Y-3.101 E2.1896
;WIDTH:0.533937
G1 X6.829 Y-3.248 E2.19531
;WIDTH:0.498428
G1 X6.722 Y-3.395 E2.2006
;WIDTH:0.462919
G1 X6.581 Y-3.465 E2.20483
;WIDTH:0.456969
G1 X6.472 Y-3.471 E2.20772
;WIDTH:0.427619
G1 X6.363 Y-3.478 E2.21041
G1 X6.461 Y-3.525 E2.21309
;WIDTH:0.456969
G1 X6.56 Y-3.572 E2.21599
;WIDTH:0.462919
G1 X6.589 Y-3.605 E2.21717
G1 X5.866 Y-3.455 F4800
;WIDTH:0.367224
G1 F900
G1 X6.234 Y-3.459 E2.22486
G1 X6.282 Y-3.921 F4800
;TYPE:External perimeter
;WIDTH:0.449999
G1 F900
G1 X6.334 Y-3.978 E2.22687
G1 X6.306 Y-4.185 E2.23231
G1 X6.075 Y-4.922 E2.25243
G1 X5.829 Y-5.415 E2.26679
G1 X5.443 Y-5.93 E2.28356
G1 X5.075 Y-6.214 E2.29567
G1 X5.075 Y-6.855 E2.31237
G1 X5.534 Y-6.792 E2.32444
G1 X6.866 Y-6.367 E2.36087
G1 X7.037 Y-5.88 E2.37432
G1 X7.227 Y-5.193 E2.39289
G1 X7.423 Y-4.204 E2.41916
G1 X7.522 Y-2.952 E2.45188
G1 X7.519 Y-2.428 E2.46553
G1 X7.492 Y-1.897 E2.47938
G1 X7.4 Y-1.138 E2.4993
G1 X6.184 Y-.534 E2.53468
G1 X6.417 Y-1.297 E2.55547
G1 X6.557 Y-2.254 E2.58067
G1 X6.571 Y-2.869 E2.5967
G1 X6.481 Y-3.046 E2.60187
G1 X6.363 Y-3.083 E2.60509
G1 X5.542 Y-3.083 E2.62648
G1 X5.473 Y-3.573 E2.63937
G1 X5.38 Y-3.827 E2.64642
G1 X6.212 Y-3.843 E2.6681
G1 X6.242 Y-3.876 E2.66926
G1 X6.27 Y-4.275 F4800
G1 E.66926 F2400
G92 E0
G1 Z2.45 F4800
G1 X-.115 Y4.514
G1 Z2.15
G1 E2 F2400
;WIDTH:0.516567
G1 F900
G1 X-.107 Y4.582 E2.00207
;WIDTH:0.560738
G1 X-.098 Y4.666 E2.00485
;WIDTH:0.565699
G1 X-.599 Y4.923 E2.02358
;WIDTH:0.582453
G1 X-1.292 Y5.155 E2.04866
;WIDTH:0.590161
G1 X-1.841 Y5.26 E2.06811
G1 X-2.353 Y5.316 E2.08603
;WIDTH:0.584322
G1 X-3.098 Y5.279 E2.11171
;WIDTH:0.577468
G1 X-3.951 Y5.092 E2.14141
;WIDTH:0.578463
G1 X-4.463 Y4.88 E2.16029
G1 X-4.902 Y4.664 E2.17696
;WIDTH:0.558693
G1 X-4.893 Y4.581 E2.1797
;WIDTH:0.515045
G1 X-4.883 Y4.497 E2.18225
;WIDTH:0.471396
G1 X-4.874 Y4.413 E2.18456
;WIDTH:0.427747
G1 X-4.865 Y4.33 E2.18662
;WIDTH:0.417049
G1 X-4.78 Y4.248 E2.18945
;WIDTH:0.449999
G1 X-4.695 Y4.166 E2.19253
G1 X-.305 Y4.166 E2.30691
G1 X-.22 Y4.248 E2.30999
;WIDTH:0.417026
G1 X-.135 Y4.33 E2.31282
;WIDTH:0.428225
G1 X-.126 Y4.414 E2.31491
;WIDTH:0.472396
G1 X-.121 Y4.454 E2.31602
G1 X-.329 Y4.796 F4800
G1 E.31602 F2400
G92 E0
G1 Z2.45 F4800
G1 X2.181 Y-2.874
G1 Z2.15
G1 E2 F2400
;WIDTH:0.37219
G1 F900
G1 X2.187 Y-2.525 E2.0074
G1 E.0074 F2400
G92 E0
G1 Z2.45 F4800
G1 X-7.181 Y-2.874
G1 Z2.15
G1 E2 F2400
G1 F900
G1 X-7.187 Y-2.525 E2.0074
G1 X-7.82 Y-3.455 F4800
;TYPE:Perimeter
;WIDTH:0.35842
G1 F900
G1 X-7.606 Y-3.455 E2.01175
G1 X-7.332 Y-3.068 F4800
;TYPE:External perimeter
;WIDTH:0.440308
G1 F900
G1 X-7.338 Y-3.076 E2.012
;WIDTH:0.449999
G1 X-8.153 Y-3.083 E2.03324
G1 X-8.19 Y-3.414 E2.04192
G1 X-8.309 Y-3.827 E2.05312
G1 X-7.606 Y-3.827 E2.07144
;WIDTH:0.492474
G1 X-7.504 Y-3.881 E2.07475
;WIDTH:0.534949
G1 X-7.401 Y-3.935 E2.0784
;WIDTH:0.577424
G1 X-7.298 Y-3.989 E2.08235
G1 X-7.277 Y-3.811 E2.08844
;WIDTH:0.534949
G1 X-7.256 Y-3.633 E2.09406
;WIDTH:0.492474
G1 X-7.234 Y-3.455 E2.09921
;WIDTH:0.449999
G1 X-7.208 Y-3.165 E2.1068
;WIDTH:0.411095
G1 X-7.181 Y-2.874 E2.11371
;WIDTH:0.406249
G1 X-7.26 Y-2.975 E2.1167
;WIDTH:0.440308
G1 X-7.295 Y-3.021 E2.11817
G1 X-7.691 Y-3.075 F4800
G1 E.11817 F2400
G92 E0
G1 Z2.45 F4800
G1 X-7.673 Y-5.901
G1 Z2.15
G1 E2 F2400
;TYPE:Perimeter
;WIDTH:0.484502
G1 F900
G1 X-8.19 Y-6.45 E2.02127
G1 X-8.19 Y-6.672 E2.02753
G1 X-7.674 Y-6.742 E2.04222
G1 X-7.673 Y-5.961 E2.06425
G1 X-7.303 Y-4.119 F4800
;TYPE:External perimeter
;WIDTH:0.585924
G1 F900
G1 X-7.418 Y-4.404 E2.07486
;WIDTH:0.540616
G1 X-7.533 Y-4.69 E2.08463
;WIDTH:0.495308
G1 X-7.648 Y-4.976 E2.09353
;WIDTH:0.449999
G1 X-8.032 Y-5.661 E2.11399
G1 X-8.38 Y-6.028 E2.12717
G1 X-8.625 Y-6.224 E2.13535
G1 X-8.625 Y-7.052 E2.15692
G1 X-7.289 Y-7.234 E2.19205
G1 X-7.239 Y-7.203 E2.19358
G1 X-7.236 Y-4.999 E2.25101
;WIDTH:0.495308
G1 X-7.258 Y-4.706 E2.2595
;WIDTH:0.540616
G1 X-7.281 Y-4.412 E2.26885
;WIDTH:0.585924
G1 X-7.298 Y-4.179 E2.27692
G1 X-7.476 Y-4.537 F4800
G1 E.27692 F2400
G92 E0
G1 Z2.45 F4800
G1 X2.835 Y-3.455
G1 Z2.15
G1 E2 F2400
;TYPE:Perimeter
;WIDTH:0.358418
G1 F900
G1 X2.605 Y-3.455 E2.00468
G1 X2.349 Y-3.077 F4800
;TYPE:External perimeter
;WIDTH:0.449999
G1 F900
G1 X2.338 Y-3.077 E2.00497
;WIDTH:0.440524
G1 X2.259 Y-2.975 E2.00826
;WIDTH:0.406357
G1 X2.181 Y-2.874 E2.01124
;WIDTH:0.411095
G1 X2.207 Y-3.183 E2.01857
;WIDTH:0.449999
G1 X2.233 Y-3.493 E2.02668
;WIDTH:0.493174
G1 X2.254 Y-3.658 E2.03146
;WIDTH:0.536348
G1 X2.276 Y-3.823 E2.03669
;WIDTH:0.579522
G1 X2.297 Y-3.988 E2.04237
G1 X2.387 Y-3.935 E2.04594
;WIDTH:0.536348
G1 X2.477 Y-3.881 E2.04924
;WIDTH:0.493174
G1 X2.567 Y-3.827 E2.05226
;WIDTH:0.449999
G1 X3.309 Y-3.827 E2.07159
G1 X3.272 Y-3.732 E2.07425
G1 X3.145 Y-3.116 E2.09064
G1 X3.105 Y-3.083 E2.09199
G1 X2.409 Y-3.077 E2.11013
G1 X2.029 Y-2.953 F4800
G1 E.11013 F2400
G92 E0
G1 Z2.45 F4800
G1 X2.668 Y-5.866
G1 Z2.15
G1 E2 F2400
;TYPE:Perimeter
;WIDTH:0.483962
G1 F900
G1 X2.667 Y-6.743 E2.02471
G1 X3.19 Y-6.672 E2.03958
G1 X3.19 Y-6.427 E2.04648
G1 X2.999 Y-6.281 E2.05325
G1 X2.705 Y-5.913 E2.06652
G1 X2.3 Y-4.108 F4800
;TYPE:External perimeter
;WIDTH:0.584964
G1 F900
G1 X2.278 Y-4.266 E2.07202
;WIDTH:0.539976
G1 X2.255 Y-4.424 E2.07708
;WIDTH:0.494988
G1 X2.233 Y-4.583 E2.08171
;WIDTH:0.449999
G1 X2.233 Y-7.176 E2.14927
G1 X2.261 Y-7.237 E2.15102
G1 X3.625 Y-7.052 E2.18689
G1 X3.625 Y-6.212 E2.20878
G1 X3.22 Y-5.891 E2.22225
G1 X2.803 Y-5.299 E2.24112
G1 X2.498 Y-4.575 E2.26159
;WIDTH:0.494988
G1 X2.432 Y-4.42 E2.26645
;WIDTH:0.539976
G1 X2.366 Y-4.264 E2.27181
;WIDTH:0.584964
G1 X2.324 Y-4.163 E2.27558
G1 X2.233 Y-4.553 F4800
G1 E.27558 F2400
G92 E0
G1 Z2.45 F4800
G1 X-7.057 Y.515
G1 Z2.15
G1 E2 F2400
;TYPE:Perimeter
;WIDTH:0.558275
G1 F900
G1 X-6.908 Y.967 E2.01561
G1 X-6.677 Y1.447 E2.03309
G1 X-7.212 Y1.447 E2.05064
G1 X-7.268 Y1.358 E2.05409
G1 X-7.519 Y1.135 E2.06511
G1 X-7.329 Y.937 E2.07411
G1 X-7.089 Y.566 E2.08861
G1 X-6.876 Y-1.247 F4800
;WIDTH:0.449999
G1 F900
G1 X-6.867 Y-.856 E2.0988
G1 X-6.713 Y.049 E2.12272
G1 X-6.422 Y.91 E2.1464
G1 X-6.104 Y1.529 E2.16453
G1 X-5.823 Y1.919 E2.17705
G1 X-7.486 Y1.919 E2.22038
G1 X-7.545 Y1.794 E2.22398
G1 X-7.742 Y1.556 E2.23203
G1 X-8.257 Y1.182 E2.24861
G1 X-8.115 Y1.076 E2.25323
G1 X-7.6 Y.512 E2.27313
G1 X-7.209 Y-.185 E2.29395
G1 X-6.973 Y-.865 E2.3127
G1 X-6.891 Y-1.189 E2.32141
G1 E.32141 F2400
G92 E0
G1 Z2.45 F4800
G1 X2.056 Y.541
G1 Z2.15
G1 E2 F2400
;WIDTH:0.563124
G1 F900
G1 X2.504 Y1.144 E2.02487
G1 X2.211 Y1.444 E2.03875
G1 X1.705 Y1.444 E2.0555
G1 X2.034 Y.597 E2.08559
G1 X1.878 Y-1.239 F4800
;WIDTH:0.449999
G1 F900
G1 X1.939 Y-.958 E2.09308
G1 X2.109 Y-.429 E2.10756
G1 X2.464 Y.304 E2.12878
G1 X2.849 Y.824 E2.14564
G1 X3.264 Y1.177 E2.15984
G1 X2.664 Y1.624 E2.17933
G1 X2.486 Y1.919 E2.18831
G1 X.842 Y1.919 E2.23115
G1 X1.266 Y1.242 E2.25196
G1 X1.586 Y.452 E2.27417
G1 X1.736 Y-.047 E2.28775
G1 X1.867 Y-.856 E2.3091
G1 X1.876 Y-1.179 E2.31752
G1 E.31752 F2400
G92 E0
G1 Z2.45 F4800
G1 X-.287 Y3.712
G1 Z2.15
G1 E2 F2400
;WIDTH:0.487646
G1 F900
G1 X-.675 Y3.735 E2.01104
;WIDTH:0.476972
G1 X-1.338 Y3.735 E2.02943
;WIDTH:0.499766
G1 X-2.021 Y3.72 E2.04935
G1 X-1.23 Y3.519 E2.07315
;WIDTH:0.476972
G1 X-.766 Y3.31 E2.08727
;WIDTH:0.483163
G1 X-.598 Y3.284 E2.09205
;WIDTH:0.487646
G1 X-.287 Y3.043 E2.10323
G1 X-.287 Y3.652 E2.12053
G1 E.12053 F2400
G92 E0
G1 Z2.45 F4800
G1 X-2.979 Y3.72
G1 Z2.15
G1 E2 F2400
;WIDTH:0.506584
G1 F900
G1 X-3.816 Y3.735 E2.02477
;WIDTH:0.487679
G1 X-4.713 Y3.744 E2.05025
G1 X-4.713 Y3.056 E2.06979
G1 X-4.435 Y3.28 E2.07993
G1 X-4.234 Y3.31 E2.0857
;WIDTH:0.477
G1 X-3.643 Y3.561 E2.10351
;WIDTH:0.506584
G1 X-3.037 Y3.706 E2.12194
G1 X-2.048 Y3.723 F4800
;WIDTH:0.501398
G1 F900
G1 X-2.161 Y3.728 E2.12525
;WIDTH:0.506584
G1 X-2.979 Y3.72 E2.14945
G1 E.14945 F2400
G92 E0
G1 Z2.45 F4800
G1 X.241 Y2.452
G1 Z2.15
G1 E2 F2400
;TYPE:External perimeter
;WIDTH:0.430243
G1 F1350
G1 X.18 Y2.507 E2.00204
;WIDTH:0.424034
G1 X.165 Y2.683 E2.00636
;WIDTH:0.449999
G1 X.15 Y3.712 E2.03317
;WIDTH:0.486912
G1 X.174 Y4.019 E2.0419
;WIDTH:0.523825
G1 X.197 Y4.326 E2.05134
;WIDTH:0.560738
G1 X.221 Y4.633 E2.06149
G1 X.359 Y4.672 E2.06622
G1 X.815 Y4.672 E2.08125
;WIDTH:0.564631
G1 X.03 Y5.211 E2.11287
;WIDTH:0.573601
G1 X-.529 Y5.475 E2.13374
;WIDTH:0.575587
G1 X-1.287 Y5.718 E2.16071
;WIDTH:0.590161
G1 X-1.781 Y5.814 E2.17822
G1 X-2.371 Y5.868 E2.19884
;WIDTH:0.589961
G1 X-2.881 Y5.852 E2.21659
G1 X-3.521 Y5.762 E2.23907
;WIDTH:0.587296
G1 X-4.205 Y5.575 E2.26362
;WIDTH:0.578463
G1 X-4.708 Y5.367 E2.28216
G1 X-5.215 Y5.083 E2.30196
;WIDTH:0.558693
G1 X-5.834 Y4.671 E2.32637
G1 X-5.491 Y4.671 E2.33763
G1 X-5.221 Y4.632 E2.34659
G1 X-5.211 Y4.546 E2.34943
;WIDTH:0.515045
G1 X-5.202 Y4.46 E2.35203
;WIDTH:0.471396
G1 X-5.192 Y4.374 E2.3544
;WIDTH:0.427747
G1 X-5.183 Y4.288 E2.35653
;WIDTH:0.417049
G1 X-5.166 Y3.895 E2.36597
;WIDTH:0.449999
G1 X-5.15 Y3.502 E2.37622
G1 X-5.164 Y2.545 E2.40116
;WIDTH:0.421355
G1 X-5.226 Y2.44 E2.40412
;WIDTH:0.397447
G1 X-5.292 Y2.395 E2.40594
;WIDTH:0.42295
G1 X-5.359 Y2.35 E2.40791
;WIDTH:0.449999
G1 X-7.75 Y2.337 E2.47021
G1 X-7.988 Y1.894 E2.48331
G1 X-9.073 Y1.105 E2.51826
G1 X-8.943 Y1.072 E2.52175
G1 X-8.417 Y.787 E2.53734
G1 X-7.961 Y.303 E2.55467
G1 X-7.604 Y-.322 E2.57342
G1 X-7.317 Y-1.158 E2.59645
;WIDTH:0.489521
G1 X-7.267 Y-1.324 E2.60139
;WIDTH:0.529043
G1 X-7.217 Y-1.491 E2.60679
;WIDTH:0.568565
G1 X-7.167 Y-1.657 E2.61259
;WIDTH:0.608087
G1 X-7.117 Y-1.823 E2.61882
G1 X-7.091 Y-2.208 E2.63268
;WIDTH:0.581088
G1 X-7.11 Y-2.271 E2.63493
;WIDTH:0.539309
G1 X-7.13 Y-2.335 E2.63705
;WIDTH:0.497529
G1 X-7.149 Y-2.398 E2.63896
;WIDTH:0.455749
G1 X-7.168 Y-2.461 E2.6407
;WIDTH:0.41397
G1 X-7.187 Y-2.525 E2.64229
G1 X-7.155 Y-2.474 E2.64372
;WIDTH:0.455749
G1 X-7.122 Y-2.424 E2.6453
;WIDTH:0.497529
G1 X-7.089 Y-2.373 E2.64706
;WIDTH:0.539309
G1 X-7.056 Y-2.323 E2.64895
;WIDTH:0.581088
G1 X-7.024 Y-2.273 E2.65098
;WIDTH:0.605096
G1 X-6.471 Y-2.26 E2.67074
;WIDTH:0.608087
G1 X-6.54 Y-1.773 E2.68841
G1 X-6.519 Y-1.561 E2.69606
;WIDTH:0.568565
G1 X-6.497 Y-1.348 E2.70322
;WIDTH:0.529043
G1 X-6.476 Y-1.135 E2.70985
;WIDTH:0.489521
G1 X-6.454 Y-.922 E2.71596
;WIDTH:0.449999
G1 X-6.316 Y-.081 E2.73817
G1 X-6.05 Y.719 E2.76014
G1 X-5.714 Y1.368 E2.77918
G1 X-5.199 Y2.031 E2.80105
;WIDTH:0.42295
G1 X-4.814 Y2.388 E2.81384
;WIDTH:0.449999
G1 X-4.488 Y2.673 E2.82512
G1 X-4.486 Y2.724 E2.82645
G1 X-4.337 Y2.854 E2.8316
G1 X-4.183 Y2.86 E2.83562
G1 X-3.551 Y3.139 E2.85362
G1 X-2.839 Y3.289 E2.87258
G1 X-2.116 Y3.284 E2.89142
G1 X-1.407 Y3.126 E2.91035
G1 X-.915 Y2.904 E2.92441
G1 X-.709 Y2.86 E2.9299
G1 X-.516 Y2.73 E2.93596
G1 X-.513 Y2.665 E2.93766
G1 X-.159 Y2.381 E2.94949
;WIDTH:0.414821
G1 X-.012 Y2.199 E2.95507
;WIDTH:0.410283
G1 X.217 Y1.981 E2.96252
;WIDTH:0.449999
G1 X.445 Y1.763 E2.97074
G1 X.87 Y1.099 E2.99128
G1 X1.08 Y.634 E3.00457
G1 X1.253 Y.119 E3.01873
G1 X1.395 Y-.555 E3.03668
G1 X1.458 Y-1.087 E3.05064
;WIDTH:0.490139
G1 X1.479 Y-1.251 E3.05536
;WIDTH:0.530278
G1 X1.5 Y-1.416 E3.06053
;WIDTH:0.570417
G1 X1.521 Y-1.581 E3.06611
;WIDTH:0.610556
G1 X1.542 Y-1.746 E3.07211
G1 X1.47 Y-2.259 E3.09079
;WIDTH:0.607644
G1 X2.024 Y-2.271 E3.11068
;WIDTH:0.583353
G1 X2.056 Y-2.322 E3.11275
;WIDTH:0.541121
G1 X2.089 Y-2.373 E3.11468
;WIDTH:0.498888
G1 X2.122 Y-2.423 E3.11642
;WIDTH:0.456655
G1 X2.155 Y-2.474 E3.11803
;WIDTH:0.414423
G1 X2.187 Y-2.525 E3.11947
G1 X2.168 Y-2.461 E3.12106
;WIDTH:0.456655
G1 X2.148 Y-2.398 E3.12281
;WIDTH:0.498888
G1 X2.129 Y-2.335 E3.12473
;WIDTH:0.541121
G1 X2.109 Y-2.271 E3.12686
;WIDTH:0.583353
G1 X2.09 Y-2.208 E3.12912
;WIDTH:0.611218
G1 X2.128 Y-1.752 E3.14564
G1 X2.177 Y-1.597 E3.15151
;WIDTH:0.570913
G1 X2.225 Y-1.442 E3.15696
;WIDTH:0.530609
G1 X2.274 Y-1.288 E3.16198
;WIDTH:0.490304
G1 X2.323 Y-1.133 E3.16662
;WIDTH:0.449999
G1 X2.488 Y-.605 E3.18103
G1 X2.8 Y.056 E3.20008
G1 X3.218 Y.607 E3.2181
G1 X3.624 Y.929 E3.2316
G1 X4.074 Y1.104 E3.24418
G1 X2.988 Y1.894 E3.27917
G1 X2.75 Y2.336 E3.29225
G1 X.359 Y2.346 E3.35455
;WIDTH:0.430243
G1 X.285 Y2.412 E3.35701
G1 X.172 Y2.796 F4800
G1 E1.35701 F2400
G92 E0
G1 Z2.45 F4800
G1 X-11.618 Y-3.65
G1 Z2.15
G1 E2 F2400
;TYPE:Perimeter
;WIDTH:0.463775
G1 F900
G1 X-11.442 Y-3.493 E2.00635
G1 X-11.583 Y-3.468 E2.0102
G1 X-11.855 Y-3.273 E2.01921
;WIDTH:0.509776
G1 X-11.948 Y-3.078 E2.02564
;WIDTH:0.555776
G1 X-12.042 Y-2.884 E2.03268
G1 X-12.061 Y-3.124 E2.04054
;WIDTH:0.509776
G1 X-12.081 Y-3.365 E2.04774
;WIDTH:0.463775
G1 X-12.074 Y-3.677 E2.05614
;WIDTH:0.42106
G1 X-12.067 Y-3.989 E2.06371
;WIDTH:0.378344
G1 X-12.025 Y-4.288 E2.07023
;WIDTH:0.414293
G1 X-11.894 Y-4.929 E2.08582
;WIDTH:0.447368
G1 X-11.755 Y-5.419 E2.09901
;WIDTH:0.494072
G1 X-11.535 Y-6.011 E2.1172
G1 X-10.715 Y-6.273 E2.142
G1 X-10.795 Y-6.193 E2.14526
G1 X-11.235 Y-5.571 E2.16721
;WIDTH:0.472767
G1 X-11.38 Y-5.199 E2.17818
;WIDTH:0.44353
G1 X-11.526 Y-4.827 E2.18843
;WIDTH:0.414293
G1 X-11.721 Y-4.045 E2.20763
;WIDTH:0.418721
G1 X-11.693 Y-3.868 E2.21195
;WIDTH:0.463775
G1 X-11.664 Y-3.691 E2.21678
G1 E.21678 F2400
G92 E0
G1 Z2.45 F4800
G1 X-11.942 Y-1.462
G1 Z2.15
G1 E2 F2400
;WIDTH:0.601012
G1 F900
G1 X-12.027 Y-2.16 E2.02494
;WIDTH:0.56904
G1 X-12.042 Y-2.858 E2.04831
;WIDTH:0.556254
G1 X-12.042 Y-2.884 E2.04916
G1 X-10.866 Y-3.455 F4800
;WIDTH:0.35842
G1 F900
G1 X-11.133 Y-3.455 E2.05459
G1 X-11.29 Y-3.918 F4800
;TYPE:External perimeter
;WIDTH:0.449999
G1 F900
G1 X-11.275 Y-3.882 E2.05561
G1 X-11.133 Y-3.827 E2.05958
G1 X-10.38 Y-3.827 E2.0792
G1 X-10.461 Y-3.62 E2.08499
G1 X-10.542 Y-3.083 E2.09914
G1 X-11.363 Y-3.083 E2.12053
G1 X-11.481 Y-3.046 E2.12375
G1 X-11.571 Y-2.869 E2.12892
G1 X-11.523 Y-2.009 E2.15136
G1 X-11.417 Y-1.297 E2.17012
G1 X-11.184 Y-.534 E2.19091
G1 X-12.4 Y-1.138 E2.22629
G1 X-12.508 Y-2.218 E2.25457
G1 X-12.513 Y-2.89 E2.27208
G1 X-12.483 Y-3.631 E2.2914
G1 X-12.399 Y-4.352 E2.31031
G1 X-12.205 Y-5.334 E2.33639
G1 X-12.052 Y-5.862 E2.35071
G1 X-11.87 Y-6.366 E2.36467
G1 X-10.58 Y-6.778 E2.39995
G1 X-10.075 Y-6.855 E2.41326
G1 X-10.075 Y-6.214 E2.42996
G1 X-10.443 Y-5.93 E2.44207
G1 X-10.849 Y-5.381 E2.45986
G1 X-11.144 Y-4.709 E2.47898
G1 X-11.342 Y-4.039 E2.49718
G1 X-11.313 Y-3.973 E2.49906
G1 X-10.939 Y-3.833 F4800
;LAYER_CHANGE
;Z:2.3
;HEIGHT:0.15
G1 E.49906 F2400
G92 E0
G1 Z2.3 F4800
G1 Z2.6
G1 X2.104 Y7.291
G1 Z2.3
G1 E2 F2400
;TYPE:Support material interface
;WIDTH:0.35
G1 F3600
G1 X.85 Y6.037 E2.03515
G1 X.401 Y6.037 E2.04405
G1 X1.761 Y7.397 E2.08217
G1 X1.756 Y7.726 E2.08869
G1 X1.686 Y7.772 E2.09035
G1 X.094 Y6.179 E2.13499
G1 X-.246 Y6.289 E2.14207
G1 X1.475 Y8.01 E2.19031
G1 X1.193 Y8.177 E2.19681
G1 X-.538 Y6.447 E2.24531
G1 X-.776 Y6.658 E2.25161
G1 X.876 Y8.31 E2.29791
G1 X.521 Y8.404 E2.30519
G1 X-1.019 Y6.864 E2.34835
G1 X-1.388 Y6.944 E2.35583
G1 X.161 Y8.494 E2.39926
G1 X-.204 Y8.578 E2.40668
G1 X-1.784 Y6.999 E2.45095
G1 X-2.193 Y7.039 E2.45909
G1 X-.612 Y8.619 E2.50339
G1 X-1.062 Y8.619 E2.51231
G1 X-2.636 Y7.045 E2.55643
G1 X-3.118 Y7.012 E2.56601
G1 X-1.368 Y8.762 E2.61506
G1 X-2.135 Y8.445 F4800
G1 F3600
G1 X-3.64 Y6.94 E2.65724
G1 X-4.074 Y6.842 E2.66606
G1 X-4.306 Y6.586 E2.67291
G1 X-4.658 Y6.372 E2.68107
G1 X-2.728 Y8.302 E2.73517
G1 X-3.01 Y8.302 E2.74076
G1 X-3.054 Y8.424 E2.74333
G1 X-5.455 Y6.037 E2.81043
G1 X-5.891 Y6.037 E2.81907
G1 X-3.309 Y8.619 E2.89144
G1 X-3.758 Y8.619 E2.90034
G1 X-6.105 Y6.273 E2.96611
G1 X-6.284 Y6.543 E2.97253
G1 X-4.208 Y8.619 E3.03072
G1 X-4.672 Y8.605 E3.03992
G1 X-6.591 Y6.686 E3.09371
G1 X-6.898 Y6.829 E3.10042
G1 X-5.255 Y8.472 E3.14647
G1 X-5.86 Y8.316 E3.15885
G1 X-7.225 Y6.951 E3.19711
G1 X-6.301 Y5.939 F4800
;TYPE:Support material
G1 F3600
G1 X-6.503 Y6.276 E3.2049
G1 X-6.825 Y6.427 E3.21195
G1 X-6.685 Y6.16 E3.21793
G1 X-6.267 Y5.905 E3.22763
G1 X-6.577 Y8.244 F4800
G1 F3600
G1 X-6.461 Y8.402 E3.23151
G1 X-6.063 Y8.608 E3.24039
G1 X-5.102 Y8.851 E3.26004
G1 X-4.615 Y8.953 E3.2699
G1 X-3.506 Y8.953 E3.29188
G1 X-3.785 Y9.121 E3.29833
G1 X-4.049 Y9.169 E3.30365
G1 X-4.833 Y9.091 E3.31927
G1 X-5.473 Y9.141 E3.33199
G1 X-5.891 Y9.01 E3.34067
G1 X-6.219 Y8.793 E3.34846
G1 X-6.61 Y8.211 E3.36236
G1 X1.512 Y8.423 F4800
G1 F3600
G1 X1.131 Y8.835 E3.37348
G1 X.771 Y9.018 E3.38148
G1 X.358 Y9.097 E3.38981
G1 X-.094 Y9.051 E3.39881
G1 X-.738 Y9.178 E3.41182
G1 X-1.023 Y9.13 E3.41755
G1 X-1.364 Y8.953 E3.42516
G1 X-.333 Y8.948 E3.44559
G1 X1.275 Y8.55 E3.47842
G1 X1.537 Y8.382 E3.48459
G1 X1.702 Y6.222 F4800
G1 F3600
G1 X1.739 Y6.306 E3.48641
G1 X1.681 Y6.18 E3.48916
G1 E1.48916 F2400
G92 E0
G1 Z2.6 F4800
G1 X5.674 Y2.084
G1 Z2.3
G1 E2 F2400
G1 F3600
G1 X5.187 Y1.598 E2.01364
G1 X5.442 Y1.412 E2.0199
G1 X5.72 Y1.059 E2.02881
G1 X5.968 Y.468 E2.04151
G1 X6.083 Y.566 E2.0445
G1 X6.292 Y1.096 E2.05579
G1 X6.474 Y1.288 E2.06103
G1 X6.588 Y1.559 E2.06686
G1 X6.579 Y1.844 E2.07251
G1 X6.469 Y2.111 E2.07823
G1 X6.264 Y2.325 E2.0841
G1 X5.994 Y2.445 E2.08996
G1 X5.603 Y2.435 E2.09771
G1 X5.365 Y2.329 E2.10287
G1 X4.927 Y1.832 E2.116
G1 X4.902 Y2.123 E2.12179
G1 X4.636 Y2.001 E2.12759
G1 X4.581 Y1.887 E2.1301
G1 X4.812 Y1.438 E2.14011
G1 X5.197 Y1.158 E2.14955
G1 X5.589 Y.611 E2.16289
G1 X5.922 Y.457 E2.17016
G1 E.17016 F2400
G92 E0
G1 Z2.6 F4800
G1 X5.629 Y-1.769
G1 Z2.3
G1 E2 F2400
;TYPE:Support material interface
G1 F3600
G1 X5.34 Y-2.058 E2.0081
G1 X5.142 Y-2.034 E2.01205
G1 X5.045 Y-1.903 E2.01528
G1 X5.523 Y-1.426 E2.02866
G1 X5.555 Y-1.303 E2.03118
G1 X5.449 Y-1.05 E2.03662
G1 X4.839 Y-1.661 E2.05373
G1 X4.569 Y-1.48 E2.06017
G1 X5.287 Y-.762 E2.08029
G1 X5.082 Y-.519 E2.08659
G1 X4.089 Y-1.511 E2.11441
G1 X3.853 Y-1.621 E2.11957
G1 X3.498 Y-2.062 E2.13079
G1 X3.188 Y-2.167 E2.13728
G1 X3.053 Y-2.098 E2.14028
G1 X4.844 Y-.307 E2.19048
G1 X4.581 Y-.177 E2.19629
G1 X2.827 Y-1.874 E2.24466
G1 X4.631 Y-2.636 F4800
;TYPE:Support material
G1 F3600
G1 X4.675 Y-2.554 E2.2465
G1 X4.413 Y-2.199 E2.25524
G1 X4.286 Y-2.174 E2.25781
G1 X4.108 Y-2.395 E2.26343
G1 X4.237 Y-2.807 E2.27199
G1 X4.385 Y-2.931 E2.27582
G1 X4.438 Y-3.277 E2.28276
G1 X4.837 Y-3.054 E2.29182
G1 X5.219 Y-2.41 E2.30666
G1 X4.937 Y-2.319 E2.31253
G1 X4.659 Y-1.942 E2.32181
G1 X4.37 Y-1.748 E2.32871
G1 X4.064 Y-1.891 E2.3354
G1 X3.6 Y-2.384 E2.34882
G1 X3.78 Y-2.528 E2.35339
G1 X4.05 Y-3.15 E2.36683
G1 X4.392 Y-3.287 E2.37413
G1 E.37413 F2400
G92 E0
G1 Z2.6 F4800
G1 X-5 Y-7.618
G1 Z2.3
G1 E2 F2400
G1 F3600
G1 X-4.91 Y-8.004 E2.00786
G1 X-4.762 Y-8.216 E2.01298
G1 X-4.271 Y-8.45 E2.02376
G1 X-3.917 Y-8.471 E2.03079
G1 X-3.861 Y-8.817 E2.03774
G1 X-3.494 Y-8.756 E2.04511
G1 X-2.943 Y-8.53 E2.05691
G1 X-2.424 Y-8.542 E2.0672
G1 X-1.887 Y-8.678 E2.07818
G1 X-1.164 Y-8.579 E2.09264
G1 X-.85 Y-8.415 E2.09966
G1 X-.371 Y-7.885 E2.11382
G1 X-.1 Y-6.863 E2.13478
G1 X-.121 Y-6.466 E2.14266
G1 X-.239 Y-6.108 E2.15013
G1 X-.53 Y-5.721 E2.15973
G1 X-.806 Y-5.504 E2.16669
G1 X-1.118 Y-5.361 E2.17349
G1 X-1.761 Y-5.229 E2.1865
G1 X-1.85 Y-4.384 E2.20334
G1 X-1.74 Y-3.891 E2.21335
G1 X-1.789 Y-3.598 E2.21924
G1 X-1.915 Y-3.331 E2.22509
G1 X-2.361 Y-2.946 E2.23677
G1 X-2.917 Y-2.863 E2.24791
G1 X-3.408 Y-3.074 E2.2585
G1 X-3.569 Y-3.245 E2.26315
G1 X-3.739 Y-3.66 E2.27204
G1 X-3.694 Y-4.124 E2.28128
G1 X-3.521 Y-4.486 E2.28923
G1 X-3.828 Y-4.913 E2.29965
G1 X-4.254 Y-5.21 E2.30994
G1 X-4.957 Y-5.509 E2.32508
G1 X-5.377 Y-6.058 E2.33878
G1 X-5.474 Y-6.662 E2.3509
G1 X-5.347 Y-7.736 E2.37233
G1 X-5.221 Y-8.169 E2.38127
G1 X-5.027 Y-8.449 E2.38802
G1 X-4.731 Y-8.675 E2.3954
G1 X-3.908 Y-8.824 E2.41198
G1 X-3.537 Y-9.119 F4800
G1 F3600
G1 X-2.878 Y-8.882 E2.42586
G1 X-2.472 Y-8.891 E2.43391
G1 X-1.927 Y-9.029 E2.44505
G1 X-1.471 Y-9.02 E2.45409
G1 X-.746 Y-8.757 E2.46938
G1 X-.313 Y-8.41 E2.48038
G1 X-.058 Y-8.049 E2.48914
G1 X.216 Y-7.145 E2.50786
G1 X.225 Y-6.411 E2.52241
G1 X.001 Y-5.827 E2.53481
G1 X-.281 Y-5.472 E2.5438
G1 X-.622 Y-5.203 E2.55241
G1 X-1.44 Y-4.938 E2.56945
G1 X-1.493 Y-4.431 E2.57955
G1 X-1.387 Y-3.883 E2.59061
G1 X-1.452 Y-3.493 E2.59845
G1 X-1.621 Y-3.135 E2.6063
G1 X-1.904 Y-2.821 E2.61468
G1 X-2.215 Y-2.624 E2.62198
G1 X-2.584 Y-2.516 E2.6296
G1 X-2.962 Y-2.513 E2.63709
G1 X-3.32 Y-2.611 E2.64445
G1 X-3.854 Y-3.037 E2.65799
G1 X-4.088 Y-3.608 E2.67022
G1 X-4.096 Y-3.921 E2.67643
G1 X-3.926 Y-4.45 E2.68744
G1 X-4.077 Y-4.66 E2.69257
G1 X-4.411 Y-4.892 E2.70063
G1 X-4.825 Y-5.024 E2.70924
G1 X-5.318 Y-5.365 E2.72112
G1 X-5.647 Y-5.813 E2.73214
G1 X-5.808 Y-6.332 E2.74291
G1 X-5.822 Y-6.712 E2.75045
G1 X-5.639 Y-8.058 E2.77737
G1 X-5.292 Y-8.681 E2.7915
G1 X-4.889 Y-8.993 E2.8016
G1 X-4.398 Y-9.144 E2.81178
G1 X-3.584 Y-9.127 E2.82792
G1 E.82792 F2400
G92 E0
G1 Z2.6 F4800
G1 X-10.098 Y-2.447
G1 Z2.3
G1 E2 F2400
G1 F3600
G1 X-9.681 Y-2.324 E2.00862
G1 X-9.13 Y-1.768 E2.02413
G1 X-9.241 Y-1.661 E2.02719
G1 X-9.465 Y-1.648 E2.03164
G1 X-10.395 Y-2.36 E2.05485
G1 X-10.178 Y-2.36 E2.05915
G1 X-10.146 Y-2.447 E2.06099
G1 X-10.801 Y-1.569 F4800
;TYPE:Support material interface
G1 F3600
G1 X-9.374 Y-.143 E2.10097
G1 X-9.01 Y-.228 E2.10838
G1 X-10.659 Y-1.876 E2.15459
G1 X-10.481 Y-2.005 E2.15895
G1 X-9.872 Y-1.54 E2.17414
G1 X-8.733 Y-.4 E2.20608
G1 X-8.514 Y-.631 E2.21239
G1 X-9.212 Y-1.328 E2.23194
G1 X-9.098 Y-1.335 E2.2342
G1 X-8.931 Y-1.497 E2.23881
G1 X-8.433 Y-.999 E2.25277
G1 E.25277 F2400
G92 E0
G1 Z2.6 F4800
G1 X-10.817 Y.953
G1 Z2.3
G1 E2 F2400
;TYPE:Support material
G1 F3600
G1 X-10.58 Y1.332 E2.00886
G1 X-10.594 Y1.478 E2.01177
G1 X-10.735 Y1.523 E2.0147
G1 X-10.938 Y1.409 E2.01931
G1 X-10.817 Y.953 E2.02866
G1 X-10.951 Y.583 E2.03646
G1 X-10.617 Y.65 E2.04321
G1 X-10.24 Y1.223 E2.0568
G1 X-10.217 Y1.689 E2.06605
G1 X-10.356 Y1.835 E2.07005
G1 X-10.899 Y1.872 E2.08084
G1 X-11.098 Y1.778 E2.0852
G1 X-11.247 Y1.589 E2.08997
G1 X-11.302 Y1.298 E2.09584
G1 X-11.132 Y.65 E2.10912
G1 X-10.997 Y.573 E2.1122
G1 E.1122 F2400
G92 E0
G1 Z2.6 F4800
G1 X7.03 Y-2.986
G1 Z2.3
G1 E2 F2400
;TYPE:Perimeter
;WIDTH:0.601558
G1 F900
G1 X7.017 Y-2.362 E2.02216
;WIDTH:0.631884
G1 X6.882 Y-1.351 E2.06031
G1 E.06031 F2400
G92 E0
G1 Z2.6 F4800
G1 X6.665 Y-3.534
G1 Z2.3
G1 E2 F2400
;WIDTH:0.458299
G1 F900
G1 X6.702 Y-3.569 E2.00135
G1 X6.737 Y-3.73 E2.00573
;WIDTH:0.411777
G1 X6.772 Y-3.891 E2.00963
;WIDTH:0.373107
G1 X6.729 Y-4.224 E2.01677
;WIDTH:0.414562
G1 X6.528 Y-5.054 E2.03713
;WIDTH:0.454322
G1 X6.315 Y-5.635 E2.05342
G1 X6.037 Y-6.093 E2.06752
G1 X6.674 Y-5.89 E2.08512
G1 X6.744 Y-5.68 E2.09095
;WIDTH:0.450648
G1 X6.849 Y-5.28 E2.10174
;WIDTH:0.419857
G1 X6.954 Y-4.88 E2.11174
;WIDTH:0.389066
G1 X7.065 Y-4.277 E2.12539
;WIDTH:0.410586
G1 X7.107 Y-3.62 E2.14093
;WIDTH:0.458329
G1 X7.087 Y-3.461 E2.14519
;WIDTH:0.506072
G1 X7.068 Y-3.303 E2.14989
;WIDTH:0.553815
G1 X7.049 Y-3.145 E2.15507
;WIDTH:0.601558
G1 X7.03 Y-2.986 E2.16076
G1 X6.935 Y-3.083 E2.16558
;WIDTH:0.553805
G1 X6.84 Y-3.179 E2.16997
;WIDTH:0.506052
G1 X6.745 Y-3.276 E2.17398
;WIDTH:0.458299
G1 X6.595 Y-3.353 E2.17846
;WIDTH:0.442208
G1 X6.477 Y-3.361 E2.18148
;WIDTH:0.412583
G1 X6.36 Y-3.369 E2.18426
G1 X6.47 Y-3.411 E2.18705
;WIDTH:0.442208
G1 X6.581 Y-3.453 E2.19008
;WIDTH:0.458299
G1 X6.622 Y-3.492 E2.19158
G1 X5.916 Y-3.357 F4800
;WIDTH:0.367222
G1 F900
G1 X6.291 Y-3.361 E2.19942
G1 X6.341 Y-3.813 F4800
;TYPE:External perimeter
;WIDTH:0.449999
G1 F900
G1 X6.398 Y-3.921 E2.2026
G1 X6.216 Y-4.757 E2.22489
G1 X5.96 Y-5.394 E2.24278
G1 X5.744 Y-5.783 E2.25437
G1 X5.431 Y-6.173 E2.2674
G1 X5.075 Y-6.444 E2.27906
G1 X5.075 Y-6.757 E2.28722
G1 X5.534 Y-6.694 E2.29929
G1 X7.007 Y-6.225 E2.33957
G1 X7.15 Y-5.782 E2.3517
G1 X7.336 Y-4.945 E2.37404
G1 X7.457 Y-4.153 E2.39492
G1 X7.504 Y-3.632 E2.40855
G1 X7.523 Y-2.972 E2.42575
G1 X7.505 Y-2.333 E2.44241
G1 X7.439 Y-1.601 E2.46156
G1 X7.341 Y-1.011 E2.47714
G1 X5.998 Y-.346 E2.51619
G1 X6.222 Y-.87 E2.53104
G1 X6.457 Y-1.735 E2.5544
G1 X6.569 Y-2.77 E2.58153
G1 X6.487 Y-2.942 E2.58649
G1 X6.36 Y-2.985 E2.58998
G1 X5.558 Y-2.985 E2.61088
G1 X5.544 Y-3.342 E2.62019
G1 X5.48 Y-3.729 E2.63041
G1 X6.19 Y-3.729 E2.64891
G1 X6.305 Y-3.77 E2.65209
G1 X6.337 Y-4.168 F4800
G1 E.65209 F2400
G92 E0
G1 Z2.6 F4800
G1 X2.605 Y-3.357
G1 Z2.3
G1 E2 F2400
;TYPE:Perimeter
;WIDTH:0.358418
G1 F900
G1 X2.772 Y-3.357 E2.0034
G1 X2.329 Y-2.969 F4800
;TYPE:External perimeter
;WIDTH:0.439905
G1 F900
G1 X2.258 Y-2.877 E2.00635
;WIDTH:0.406048
G1 X2.18 Y-2.776 E2.00933
;WIDTH:0.411095
G1 X2.206 Y-3.067 E2.01623
;WIDTH:0.449999
G1 X2.233 Y-3.357 E2.02382
;WIDTH:0.486011
G1 X2.251 Y-3.626 E2.03145
;WIDTH:0.522022
G1 X2.269 Y-3.896 E2.03972
G1 X2.389 Y-3.812 E2.04419
;WIDTH:0.486011
G1 X2.51 Y-3.729 E2.04834
;WIDTH:0.449999
G1 X3.228 Y-3.729 E2.06705
G1 X3.146 Y-3.348 E2.0772
G1 X3.137 Y-2.985 E2.08666
G1 X2.385 Y-2.978 E2.10625
G1 X1.996 Y-2.884 F4800
G1 E.10625 F2400
G92 E0
G1 Z2.6 F4800
G1 X2.619 Y-5.946
G1 Z2.3
G1 E2 F2400
;TYPE:Perimeter
;WIDTH:0.387889
G1 F900
G1 X2.619 Y-6.7 E2.01673
G1 X3.219 Y-6.619 E2.03016
G1 X2.934 Y-6.382 E2.03838
G1 X2.655 Y-5.995 E2.04896
G1 E.04896 F2400
G92 E0
G1 Z2.6 F4800
G1 X2.27 Y-3.993
G1 Z2.3
G1 E2 F2400
;TYPE:External perimeter
;WIDTH:0.524628
G1 F900
G1 X2.251 Y-4.399 E2.01248
;WIDTH:0.487314
G1 X2.233 Y-4.804 E2.02399
;WIDTH:0.449999
G1 X2.233 Y-7.143 E2.08493
G1 X3.625 Y-6.954 E2.12153
G1 X3.625 Y-6.442 E2.13487
G1 X3.22 Y-6.121 E2.14834
G1 X2.804 Y-5.531 E2.16715
G1 X2.489 Y-4.775 E2.18849
;WIDTH:0.487314
G1 X2.379 Y-4.384 E2.20002
;WIDTH:0.524628
G1 X2.286 Y-4.051 E2.21064
G1 X2.246 Y-4.449 F4800
G1 E.21064 F2400
G92 E0
G1 Z2.6 F4800
G1 X2.128 Y.402
G1 Z2.3
G1 E2 F2400
;TYPE:Perimeter
;WIDTH:0.550851
G1 F900
G1 X2.343 Y.718 E2.01236
G1 X2.702 Y1.105 E2.02943
G1 X2.543 Y1.22 E2.03578
G1 X1.825 Y1.22 E2.059
G1 X2.107 Y.458 E2.08528
G1 X1.902 Y-1.235 F4800
;WIDTH:0.470949
G1 F900
G1 X1.943 Y-1.142 E2.08806
;WIDTH:0.464913
G1 X2.245 Y-.337 E2.11126
;WIDTH:0.449999
G1 X2.687 Y.4 E2.13365
G1 X3.039 Y.781 E2.14717
G1 X3.497 Y1.105 E2.16179
G1 X2.713 Y1.689 E2.18726
G1 X1.051 Y1.689 E2.23056
G1 X1.274 Y1.323 E2.24173
G1 X1.635 Y.423 E2.267
G1 X1.769 Y-.134 E2.28193
G1 X1.856 Y-.657 E2.29574
;WIDTH:0.470949
G1 X1.897 Y-1.176 E2.30999
G1 X1.788 Y-2.187 F4800
;WIDTH:0.421375
G1 F900
G1 X1.844 Y-1.754 E2.32059
;WIDTH:0.46789
G1 X1.9 Y-1.321 E2.33245
;WIDTH:0.473634
G1 X1.904 Y-1.28 E2.33358
G1 X2.18 Y-2.76 F4800
;TYPE:External perimeter
;WIDTH:0.411095
G1 F900
G1 X2.175 Y-2.481 E2.34017
;WIDTH:0.449999
G1 X2.171 Y-2.202 E2.34744
G1 X2.343 Y-1.288 E2.37167
G1 X2.654 Y-.445 E2.39508
G1 X2.968 Y.082 E2.41106
G1 X3.249 Y.393 E2.42198
G1 X3.623 Y.7 E2.43459
G1 X3.912 Y.834 E2.44289
G1 X4.258 Y.904 E2.45209
G1 X4.527 Y.872 E2.45915
G1 X3.215 Y1.827 E2.50143
G1 X2.891 Y2.106 E2.51257
G1 X.218 Y2.107 E2.58222
G1 X.448 Y1.857 E2.59107
G1 X.888 Y1.161 E2.61252
G1 X1.159 Y.517 E2.63073
G1 X1.325 Y-.019 E2.64535
G1 X1.439 Y-.683 E2.6629
G1 X1.474 Y-1.29 E2.67874
G1 X1.415 Y-2.106 E2.70006
G1 X1.314 Y-2.568 E2.71238
G1 X2.024 Y-2.573 E2.73088
;WIDTH:0.441172
G1 X2.102 Y-2.667 E2.734
;WIDTH:0.406681
G1 X2.141 Y-2.714 E2.73543
G1 X2.178 Y-2.316 F4800
G1 E.73543 F2400
G92 E0
G1 Z2.6 F4800
G1 X-11.662 Y-3.534
G1 Z2.3
G1 E2 F2400
;TYPE:Perimeter
;WIDTH:0.457724
G1 F900
G1 X-11.577 Y-3.457 E2.00304
;WIDTH:0.431618
G1 X-11.36 Y-3.369 E2.00887
G1 X-11.593 Y-3.348 E2.0147
;WIDTH:0.457724
G1 X-11.744 Y-3.276 E2.01914
;WIDTH:0.505519
G1 X-11.84 Y-3.179 E2.02317
;WIDTH:0.553314
G1 X-11.935 Y-3.082 E2.02758
;WIDTH:0.601108
G1 X-12.03 Y-2.985 E2.0324
G1 X-12.049 Y-3.14 E2.03794
;WIDTH:0.553314
G1 X-12.068 Y-3.296 E2.04305
;WIDTH:0.505519
G1 X-12.087 Y-3.452 E2.04769
;WIDTH:0.457724
G1 X-12.091 Y-3.739 E2.05531
;WIDTH:0.408934
G1 X-12.096 Y-4.026 E2.06205
;WIDTH:0.373802
G1 X-12.02 Y-4.541 E2.07314
;WIDTH:0.418395
G1 X-11.85 Y-5.327 E2.09251
;WIDTH:0.462517
G1 X-11.671 Y-5.887 E2.10829
G1 X-11.059 Y-6.078 E2.1255
G1 X-11.31 Y-5.616 E2.13961
G1 X-11.523 Y-5.069 E2.15536
;WIDTH:0.414328
G1 X-11.703 Y-4.396 E2.17196
;WIDTH:0.370689
G1 X-11.773 Y-3.893 E2.18268
;WIDTH:0.411759
G1 X-11.737 Y-3.731 E2.18661
;WIDTH:0.457724
G1 X-11.703 Y-3.576 E2.19082
G1 E.19082 F2400
G92 E0
G1 Z2.6 F4800
G1 X-11.88 Y-1.352
G1 Z2.3
G1 E2 F2400
;WIDTH:0.634568
G1 F900
G1 X-11.935 Y-1.675 E2.01231
;WIDTH:0.608215
G1 X-11.989 Y-1.998 E2.02407
;WIDTH:0.581862
G1 X-12.042 Y-2.724 E2.04902
;WIDTH:0.601108
G1 X-12.03 Y-2.985 E2.05829
G1 X-10.916 Y-3.357 F4800
;WIDTH:0.38324
G1 F900
G1 X-11.36 Y-3.369 E2.06801
G1 X-11.341 Y-3.813 F4800
;TYPE:External perimeter
;WIDTH:0.449999
G1 F900
G1 X-11.321 Y-3.775 E2.06913
G1 X-11.19 Y-3.729 E2.07275
G1 X-10.48 Y-3.729 E2.09125
G1 X-10.533 Y-3.515 E2.09699
G1 X-10.558 Y-2.985 E2.11081
G1 X-11.439 Y-2.97 E2.13377
G1 X-11.559 Y-2.838 E2.13842
G1 X-11.54 Y-2.398 E2.1499
G1 X-11.447 Y-1.768 E2.16649
G1 X-11.303 Y-1.102 E2.18424
G1 X-10.997 Y-.345 E2.20551
G1 X-12.341 Y-1.011 E2.24459
G1 X-12.479 Y-2.044 E2.27174
G1 X-12.517 Y-2.743 E2.28998
G1 X-12.508 Y-3.466 E2.30882
G1 X-12.467 Y-4.061 E2.32436
G1 X-12.394 Y-4.605 E2.33866
G1 X-12.204 Y-5.567 E2.36421
G1 X-12.007 Y-6.225 E2.38211
G1 X-10.627 Y-6.665 E2.41985
G1 X-10.075 Y-6.757 E2.43443
G1 X-10.075 Y-6.444 E2.44259
G1 X-10.431 Y-6.173 E2.45425
G1 X-10.75 Y-5.773 E2.46758
G1 X-11.094 Y-5.105 E2.48716
G1 X-11.325 Y-4.351 E2.50771
G1 X-11.398 Y-3.922 E2.51905
G1 X-11.369 Y-3.866 E2.52069
G1 X-10.991 Y-3.736 F4800
G1 E.52069 F2400
G92 E0
G1 Z2.6 F4800
G1 X-6.797 Y-2.18
G1 Z2.3
G1 E2 F2400
;TYPE:Perimeter
;WIDTH:0.407566
G1 F900
G1 X-6.84 Y-1.731 E2.01056
G1 E.01056 F2400
G92 E0
G1 Z2.6 F4800
G1 X-7.12 Y.408
G1 Z2.3
G1 E2 F2400
;WIDTH:0.552032
G1 F900
G1 X-6.841 Y1.219 E2.0278
G1 X-7.502 Y1.22 E2.04923
G1 X-7.692 Y1.111 E2.05633
G1 X-7.485 Y.887 E2.06622
G1 X-7.157 Y.455 E2.0838
G1 E.0838 F2400
G92 E0
G1 Z2.6 F4800
G1 X-6.84 Y-1.729
G1 Z2.3
G1 E2 F2400
;WIDTH:0.449999
G1 F900
G1 X-6.891 Y-1.236 E2.01291
G1 X-6.848 Y-.589 E2.02981
G1 X-6.663 Y.299 E2.05344
G1 X-6.424 Y1.004 E2.07284
G1 X-6.066 Y1.689 E2.09298
G1 X-7.636 Y1.689 E2.13389
G1 X-7.743 Y1.654 E2.13682
G1 X-8.503 Y1.101 E2.16131
G1 X-8.43 Y1.064 E2.16344
G1 X-7.976 Y.72 E2.17828
G1 X-7.791 Y.516 E2.18546
G1 X-7.407 Y-.038 E2.20302
G1 X-7.043 Y-.842 E2.22602
G1 X-6.854 Y-1.671 E2.24817
G1 X-7.14 Y-2.677 F4800
;TYPE:External perimeter
;WIDTH:0.443456
G1 F900
G1 X-7.024 Y-2.572 E2.25218
;WIDTH:0.449999
G1 X-6.314 Y-2.567 E2.27068
G1 X-6.411 Y-2.136 E2.28219
G1 X-6.474 Y-1.262 E2.30502
G1 X-6.436 Y-.661 E2.32071
G1 X-6.266 Y.169 E2.34279
G1 X-6.052 Y.813 E2.36047
G1 X-5.702 Y1.485 E2.38021
G1 X-5.236 Y2.107 E2.40046
G1 X-7.867 Y2.107 E2.46901
G1 X-7.988 Y1.992 E2.47336
G1 X-9.497 Y.894 E2.52199
G1 X-9.196 Y.896 E2.52983
G1 X-8.682 Y.731 E2.5439
G1 X-8.228 Y.387 E2.55874
G1 X-7.786 Y-.215 E2.5782
G1 X-7.448 Y-.945 E2.59916
G1 X-7.225 Y-1.827 E2.62286
G1 X-7.146 Y-2.617 E2.64355
G1 X-6.749 Y-2.566 F4800
G1 X-7.605 Y-3.357
;TYPE:Perimeter
;WIDTH:0.358418
G1 F900
G1 X-7.772 Y-3.357 E2.64695
G1 X-7.329 Y-2.97 F4800
;TYPE:External perimeter
;WIDTH:0.439925
G1 F900
G1 X-7.335 Y-2.978 E2.6472
;WIDTH:0.449999
G1 X-8.137 Y-2.985 E2.6681
G1 X-8.141 Y-3.306 E2.67646
G1 X-8.228 Y-3.729 E2.68771
G1 X-7.51 Y-3.729 E2.70642
;WIDTH:0.486009
G1 X-7.389 Y-3.812 E2.71057
;WIDTH:0.522018
G1 X-7.269 Y-3.896 E2.71504
G1 X-7.251 Y-3.626 E2.72331
;WIDTH:0.486009
G1 X-7.233 Y-3.357 E2.73094
;WIDTH:0.449999
G1 X-7.206 Y-3.067 E2.73853
;WIDTH:0.411095
G1 X-7.18 Y-2.776 E2.74543
;WIDTH:0.406058
G1 X-7.258 Y-2.877 E2.74841
;WIDTH:0.439925
G1 X-7.292 Y-2.922 E2.74984
G1 X-7.689 Y-2.976 F4800
G1 E.74984 F2400
G92 E0
G1 Z2.6 F4800
G1 X-7.62 Y-5.946
G1 Z2.3
G1 E2 F2400
;TYPE:Perimeter
;WIDTH:0.387932
G1 F900
G1 X-7.905 Y-6.346 E2.0109
G1 X-8.219 Y-6.619 E2.02013
G1 X-7.62 Y-6.7 E2.03354
G1 X-7.62 Y-6.006 E2.04894
G1 E.04894 F2400
G92 E0
G1 Z2.6 F4800
G1 X-7.27 Y-3.993
G1 Z2.3
G1 E2 F2400
;TYPE:External perimeter
;WIDTH:0.524632
G1 F900
G1 X-7.385 Y-4.401 E2.01302
;WIDTH:0.487316
G1 X-7.5 Y-4.809 E2.02505
;WIDTH:0.449999
G1 X-7.827 Y-5.572 E2.04668
G1 X-8.23 Y-6.134 E2.0647
G1 X-8.625 Y-6.442 E2.07775
G1 X-8.625 Y-6.954 E2.09109
G1 X-7.233 Y-7.143 E2.12769
G1 X-7.233 Y-4.804 E2.18863
;WIDTH:0.487316
G1 X-7.251 Y-4.399 E2.20014
;WIDTH:0.524632
G1 X-7.267 Y-4.053 E2.21078
G1 X-7.397 Y-4.432 F4800
G1 E.21078 F2400
G92 E0
G1 Z2.6 F4800
G1 X-4.661 Y3.447
G1 Z2.3
G1 E2 F2400
;TYPE:Perimeter
;WIDTH:0.593362
G1 F900
G1 X-4.286 Y3.447 E2.01312
G1 E.01312 F2400
G92 E0
G1 Z2.6 F4800
G1 X-.714 Y3.447
G1 Z2.3
G1 E2 F2400
;WIDTH:0.593306
G1 F900
G1 X-.339 Y3.447 E2.01312
G1 X.224 Y4.016 F4800
;TYPE:External perimeter
;WIDTH:0.449999
G1 F900
G1 X-.339 Y3.937 E2.02793
G1 X-1.406 Y3.937 E2.05573
;WIDTH:0.483873
G1 X-1.769 Y3.92 E2.06597
;WIDTH:0.517747
G1 X-2.132 Y3.903 E2.07697
;WIDTH:0.523352
G1 X-2.972 Y3.9 E2.1027
G1 X-3.283 Y3.918 E2.11224
;WIDTH:0.486676
G1 X-3.594 Y3.937 E2.12107
;WIDTH:0.449999
G1 X-4.661 Y3.937 E2.14887
G1 X-5.23 Y4.011 E2.16382
G1 X-5.15 Y3.447 E2.17866
G1 X-5.15 Y2.958 E2.1914
G1 X-4.286 Y2.958 E2.21391
G1 X-4.088 Y3 E2.21918
G1 X-3.52 Y3.246 E2.23531
;WIDTH:0.483877
G1 X-3.194 Y3.332 E2.24481
;WIDTH:0.517754
G1 X-2.868 Y3.417 E2.25501
;WIDTH:0.517882
G1 X-2.08 Y3.412 E2.27888
G1 X-1.76 Y3.322 E2.28895
;WIDTH:0.483941
G1 X-1.44 Y3.233 E2.29831
;WIDTH:0.449999
G1 X-.817 Y2.958 E2.31605
G1 X.15 Y2.958 E2.34125
G1 X.15 Y3.447 E2.35399
G1 X.217 Y3.957 E2.36739
G1 X-.183 Y3.96 F4800
G1 X.351 Y4.297
;WIDTH:0.464441
G1 F900
G1 X.401 Y4.344 E2.36924
;WIDTH:0.507422
G1 X.45 Y4.39 E2.37123
;WIDTH:0.550403
G1 X.5 Y4.437 E2.37345
G1 X1.227 Y4.437 E2.39694
;WIDTH:0.55497
G1 X.409 Y5.077 E2.4308
;WIDTH:0.572879
G1 X-.048 Y5.345 E2.44866
;WIDTH:0.582195
G1 X-.793 Y5.671 E2.47655
;WIDTH:0.585001
G1 X-1.544 Y5.874 E2.50337
G1 X-2.36 Y5.957 E2.53165
;WIDTH:0.589029
G1 X-2.902 Y5.948 E2.55047
G1 X-3.491 Y5.865 E2.57113
;WIDTH:0.587019
G1 X-4.335 Y5.624 E2.6015
;WIDTH:0.577132
G1 X-5.167 Y5.228 E2.63281
;WIDTH:0.564037
G1 X-5.893 Y4.732 E2.66197
;WIDTH:0.54859
G1 X-6.2 Y4.436 E2.6757
G1 X-5.495 Y4.436 E2.6984
G1 X-5.45 Y4.388 E2.70052
;WIDTH:0.506073
G1 X-5.404 Y4.34 E2.70248
;WIDTH:0.463556
G1 X-5.359 Y4.292 E2.70425
;WIDTH:0.46338
G1 X-5.369 Y4.347 E2.70575
;WIDTH:0.505722
G1 X-5.379 Y4.401 E2.70737
;WIDTH:0.548063
G1 X-5.389 Y4.456 E2.70917
;WIDTH:0.54859
G1 X-5.359 Y4.475 E2.71031
;WIDTH:0.558182
G1 X-4.761 Y4.847 E2.73341
;WIDTH:0.56816
G1 X-3.941 Y5.189 E2.76311
;WIDTH:0.587019
G1 X-3.355 Y5.328 E2.78395
;WIDTH:0.589029
G1 X-2.851 Y5.394 E2.8016
G1 X-2.171 Y5.398 E2.82521
;WIDTH:0.587804
G1 X-1.437 Y5.293 E2.8509
;WIDTH:0.582195
G1 X-.949 Y5.143 E2.86841
G1 X-.283 Y4.859 E2.89324
;WIDTH:0.572879
G1 X.232 Y4.57 E2.91315
;WIDTH:0.556327
G1 X.382 Y4.423 E2.92001
;WIDTH:0.521409
G1 X.366 Y4.36 E2.92199
;WIDTH:0.471435
G1 X.365 Y4.355 E2.92213
G1 X.754 Y4.451 F4800
;LAYER_CHANGE
;Z:2.45
;HEIGHT:0.15
G1 E.92213 F2400
G92 E0
G1 Z2.45 F4800
G1 Z2.75
G1 X-6.573 Y6.759
G1 Z2.45
G1 E2 F2400
;TYPE:Support material interface
;WIDTH:0.35
G1 F3600
G1 X-6.945 Y7.132 E2.01044
G1 X-6.752 Y7.217 E2.01462
G1 X-6.895 Y7.277 E2.01769
G1 X-6.831 Y7.467 E2.02166
G1 X-6.497 Y7.133 E2.03102
G1 X-6.28 Y7.366 E2.03733
G1 X-6.624 Y7.71 E2.04697
G1 X-6.396 Y7.931 E2.05326
G1 X-5.936 Y7.471 E2.06615
G1 X-5.501 Y7.486 E2.07478
G1 X-6.154 Y8.138 E2.09307
G1 X-5.917 Y8.351 E2.09939
G1 X-5.052 Y7.486 E2.12364
G1 X-4.602 Y7.486 E2.13256
G1 X-5.599 Y8.483 E2.1605
G1 X-5.24 Y8.573 E2.16784
G1 X-4.153 Y7.486 E2.19831
G1 X-3.704 Y7.486 E2.20721
G1 X-4.845 Y8.666 E2.23974
G1 X-4.505 Y8.737 E2.24662
G1 X-3.256 Y7.488 E2.28163
G1 X-3.115 Y7.796 E2.28834
G1 X-4.126 Y8.807 E2.31668
G1 X-3.727 Y8.858 E2.32465
G1 X-2.673 Y7.804 E2.35419
G1 X-2.224 Y7.804 E2.36309
G1 X-2.902 Y8.482 E2.38209
G1 X-2.578 Y8.499 E2.38852
G1 X-2.372 Y8.401 E2.39304
G1 X-1.456 Y7.486 E2.4187
G1 X-1.007 Y7.486 E2.4276
G1 X-1.919 Y8.398 E2.45316
G1 X-1.72 Y8.404 E2.45711
G1 X-1.633 Y8.561 E2.46067
G1 X-.557 Y7.486 E2.49082
G1 X-.108 Y7.486 E2.49972
G1 X-1.355 Y8.733 E2.53467
G1 X-1.094 Y8.741 E2.53985
G1 X-.895 Y8.723 E2.54381
G1 X.341 Y7.486 E2.57847
G1 X.791 Y7.486 E2.58739
G1 X-.494 Y8.77 E2.62339
G1 X.079 Y8.648 E2.635
G1 X1.84 Y6.886 E2.68437
G1 X1.831 Y7.108 E2.68877
G1 X1.56 Y7.35 E2.69597
G1 X1.613 Y7.442 E2.69807
G1 X1.557 Y7.619 E2.70175
G1 X.358 Y8.818 E2.73536
G1 X-.282 Y9.071 F4800
;TYPE:Support material
G1 F3600
G1 X-.355 Y9.075 E2.73681
G1 X-.249 Y9.062 E2.73893
G1 X-.943 Y9.057 F4800
G1 F3600
G1 X-.955 Y9.053 E2.73918
G1 E.73918 F2400
G92 E0
G1 Z2.75 F4800
G1 X.822 Y6.215
G1 Z2.45
G1 E2 F2400
G1 F3600
G1 X1.169 Y6.307 E2.00711
G1 X.472 Y6.358 E2.02096
G1 X.822 Y6.215 E2.02845
G1 X.876 Y5.868 E2.03541
G1 X1.43 Y6.019 E2.04679
G1 X1.658 Y6.378 E2.05522
G1 X1.243 Y6.689 E2.0655
G1 X1.21 Y6.964 E2.07099
G1 X.998 Y6.708 E2.07758
G1 X-.499 Y6.708 E2.10725
G1 X-.065 Y6.46 E2.11716
G1 X.233 Y6.069 E2.1269
G1 X.83 Y5.855 E2.13947
G1 E.13947 F2400
G92 E0
G1 Z2.75 F4800
G1 X5.925 Y1.863
G1 Z2.45
G1 E2 F2400
G1 F3600
G1 X5.75 Y1.88 E2.00348
G1 X5.235 Y1.661 E2.01457
G1 X5.674 Y1.342 E2.02533
G1 X5.856 Y.616 E2.04016
G1 X6.034 Y.681 E2.04392
G1 X6.186 Y.927 E2.04965
G1 X6.192 Y1.234 E2.05574
G1 X6.35 Y1.542 E2.0626
G1 X6.364 Y1.789 E2.0675
G1 X6.278 Y2.014 E2.07227
G1 X5.916 Y2.243 E2.08076
G1 X5.666 Y2.225 E2.08573
G1 X5.177 Y2.017 E2.09626
G1 X4.635 Y2.083 E2.10708
G1 X4.51 Y1.898 E2.11151
G1 X4.707 Y1.612 E2.11839
G1 X5.349 Y1.145 E2.13412
G1 X5.383 Y.917 E2.13869
G1 X5.595 Y.693 E2.1448
G1 X5.809 Y.611 E2.14934
G1 E.14934 F2400
G92 E0
G1 Z2.75 F4800
G1 X5.676 Y-1.445
G1 Z2.45
G1 E2 F2400
;TYPE:Support material interface
G1 F3600
G1 X4.457 Y-.238 E2.034
G1 X4.214 Y-.431 E2.04015
G1 X5.653 Y-1.9 E2.08091
G1 X5.401 Y-2.069 E2.08692
G1 X3.96 Y-.627 E2.12732
G1 X3.742 Y-.858 E2.13362
G1 X4.626 Y-1.742 E2.1584
G1 X4.397 Y-1.593 E2.16381
G1 X4.146 Y-1.712 E2.16932
G1 X3.564 Y-1.13 E2.18563
G1 X3.422 Y-1.438 E2.19235
G1 X3.845 Y-1.86 E2.20419
G1 X3.565 Y-2.03 E2.21068
G1 X3.142 Y-1.607 E2.22254
G1 X3.013 Y-1.928 E2.2294
G1 X3.341 Y-2.256 E2.23859
G1 X4.373 Y-2.963 F4800
;TYPE:Support material
G1 F3600
G1 X4.565 Y-2.817 E2.24337
G1 X4.532 Y-2.531 E2.24908
G1 X4.287 Y-2.401 E2.25458
G1 X4.176 Y-2.525 E2.25788
G1 X4.281 Y-2.888 E2.26537
G1 X4.373 Y-2.963 E2.26772
G1 X4.408 Y-3.312 E2.27467
G1 X4.819 Y-3.071 E2.28411
G1 X4.927 Y-2.899 E2.28814
G1 X4.883 Y-2.52 E2.2957
G1 X5.153 Y-2.389 E2.30165
G1 X4.713 Y-2.229 E2.31093
G1 X4.371 Y-1.974 E2.31939
G1 X3.81 Y-2.309 E2.33234
G1 X3.787 Y-2.527 E2.33668
G1 X4.07 Y-3.198 E2.35111
G1 X4.361 Y-3.318 E2.35735
G1 E.35735 F2400
G92 E0
G1 Z2.75 F4800
G1 X-4.971 Y-7.124
G1 Z2.45
G1 E2 F2400
G1 F3600
G1 X-4.764 Y-7.973 E2.01732
G1 X-4.504 Y-8.237 E2.02466
G1 X-3.917 Y-8.391 E2.03669
G1 X-3.866 Y-8.738 E2.04364
G1 X-3.164 Y-8.518 E2.05822
G1 X-2.764 Y-8.209 E2.06824
G1 X-2.296 Y-8.439 E2.07858
G1 X-1.573 Y-8.553 E2.09309
G1 X-1.178 Y-8.455 E2.10116
G1 X-.653 Y-8.099 E2.11373
G1 X-.161 Y-7.152 E2.13488
G1 X-.103 Y-6.653 E2.14484
G1 X-.181 Y-6.306 E2.15189
G1 X-.34 Y-5.974 E2.15919
G1 X-.834 Y-5.488 E2.17292
G1 X-1.744 Y-5.243 E2.1916
G1 X-1.937 Y-4.732 E2.20243
G1 X-1.903 Y-3.61 E2.22468
G1 X-2.193 Y-3.166 E2.23519
G1 X-2.662 Y-2.953 E2.2454
G1 X-2.94 Y-2.958 E2.25091
G1 X-3.428 Y-3.226 E2.26194
G1 X-3.635 Y-3.693 E2.27206
G1 X-3.468 Y-4.383 E2.28613
G1 X-3.584 Y-4.708 E2.29297
G1 X-4.008 Y-5.205 E2.30592
G1 X-4.643 Y-5.327 E2.31874
G1 X-4.931 Y-5.488 E2.32528
G1 X-5.351 Y-5.993 E2.3383
G1 X-5.473 Y-6.657 E2.35168
G1 X-5.066 Y-8.154 E2.38243
G1 X-4.689 Y-8.539 E2.39311
G1 X-4.317 Y-8.697 E2.40112
G1 X-3.913 Y-8.744 E2.40918
G1 X-3.831 Y-9.087 F4800
G1 F3600
G1 X-3.431 Y-9.02 E2.41722
G1 X-2.723 Y-8.619 E2.43335
G1 X-1.977 Y-8.893 E2.4491
G1 X-1.535 Y-8.905 E2.45786
G1 X-1.054 Y-8.785 E2.46769
G1 X-.389 Y-8.334 E2.48362
G1 X.016 Y-7.657 E2.49926
G1 X.214 Y-7.089 E2.51118
G1 X.246 Y-6.611 E2.52067
G1 X-.041 Y-5.786 E2.53798
G1 X-.316 Y-5.445 E2.54666
G1 X-.655 Y-5.185 E2.55513
G1 X-1.486 Y-4.935 E2.57233
G1 X-1.585 Y-4.673 E2.57788
G1 X-1.511 Y-3.876 E2.59374
G1 X-1.564 Y-3.509 E2.60109
G1 X-1.72 Y-3.174 E2.60841
G1 X-1.964 Y-2.897 E2.61573
G1 X-2.272 Y-2.702 E2.62295
G1 X-2.616 Y-2.602 E2.63005
G1 X-3.223 Y-2.675 E2.64217
G1 X-3.693 Y-2.993 E2.65342
G1 X-3.881 Y-3.279 E2.6602
G1 X-3.983 Y-3.651 E2.66784
G1 X-3.965 Y-4.021 E2.67518
G1 X-3.839 Y-4.382 E2.68276
G1 X-3.892 Y-4.53 E2.68588
G1 X-4.185 Y-4.873 E2.69482
G1 X-4.778 Y-5.002 E2.70685
G1 X-5.33 Y-5.359 E2.71988
G1 X-5.673 Y-5.847 E2.7317
G1 X-5.81 Y-6.307 E2.74121
G1 X-5.767 Y-7.006 E2.75509
G1 X-5.367 Y-8.336 E2.78262
G1 X-4.873 Y-8.84 E2.79661
G1 X-4.407 Y-9.039 E2.80665
G1 X-3.878 Y-9.092 E2.81719
G1 E.81719 F2400
G92 E0
G1 Z2.75 F4800
G1 X-9.984 Y-2.433
G1 Z2.45
G1 E2 F2400
G1 F3600
G1 X-9.667 Y-2.318 E2.00668
G1 X-9.337 Y-1.895 E2.01731
G1 X-9.472 Y-1.883 E2.02
G1 X-9.987 Y-2.277 E2.03285
G1 X-10.224 Y-2.329 E2.03766
G1 X-10.03 Y-2.446 E2.04215
G1 X-10.26 Y-2.138 F4800
;TYPE:Support material interface
G1 F3600
G1 X-10.696 Y-1.702 E2.05437
G1 X-10.579 Y-1.37 E2.06135
G1 X-10.046 Y-1.902 E2.07628
G1 X-9.792 Y-1.707 E2.08263
G1 X-10.45 Y-1.049 E2.10107
G1 X-10.282 Y-.768 E2.10756
G1 X-9.504 Y-1.545 E2.12935
G1 X-9.049 Y-1.551 E2.13837
G1 X-10.085 Y-.515 E2.16741
G1 X-9.844 Y-.306 E2.17373
G1 X-8.633 Y-1.518 E2.20769
G1 X-8.499 Y-1.562 E2.21049
G1 X-8.614 Y-1.264 E2.21682
G1 X-8.532 Y-1.199 E2.21889
G1 X-8.565 Y-1.136 E2.2203
G1 X-9.536 Y-.166 E2.2475
G1 X-9.26 Y-.143 E2.25299
G1 X-9.034 Y-.218 E2.25771
G1 X-8.418 Y-.834 E2.27498
G1 E.27498 F2400
G92 E0
G1 Z2.75 F4800
G1 X-10.805 Y1.097
G1 Z2.45
G1 E2 F2400
;TYPE:Support material
G1 F3600
G1 X-10.664 Y1.246 E2.00407
G1 X-10.675 Y1.417 E2.00747
G1 X-10.831 Y1.386 E2.01062
G1 X-10.805 Y1.097 E2.01637
G1 X-10.945 Y.525 E2.02804
G1 X-10.518 Y.748 E2.03759
G1 X-10.332 Y1.123 E2.04589
G1 X-10.326 Y1.522 E2.0538
G1 X-10.504 Y1.737 E2.05933
G1 X-10.904 Y1.764 E2.06728
G1 X-11.085 Y1.653 E2.07149
G1 X-11.174 Y1.485 E2.07526
G1 X-11.208 Y.66 E2.09162
G1 X-10.987 Y.503 E2.09699
G1 E.09699 F2400
G92 E0
G1 Z2.75 F4800
G1 X-5.851 Y6.262
G1 Z2.45
G1 E2 F2400
G1 F3600
G1 X-5.684 Y6.358 E2.00382
G1 X-6.234 Y6.338 E2.01473
G1 X-6.017 Y6.254 E2.01934
G1 X-6 Y5.905 E2.02627
G1 X-5.802 Y5.914 E2.0302
G1 X-5.54 Y5.99 E2.03561
G1 X-5.041 Y6.464 E2.04925
G1 X-4.497 Y6.708 E2.06107
G1 X-6.325 Y6.708 E2.0973
G1 X-6.707 Y6.417 E2.10682
G1 X-6.665 Y6.263 E2.10998
G1 X-6.546 Y6.099 E2.114
G1 X-6.048 Y5.902 E2.12461
G1 E.12461 F2400
G92 E0
G1 Z2.75 F4800
G1 X-5.86 Y8.764
G1 Z2.45
G1 E2 F2400
G1 F3600
G1 X-4.637 Y9.051 E2.0249
G1 X-5.43 Y8.942 E2.04076
G1 X-5.906 Y8.755 E2.0509
G1 E.0509 F2400
G92 E0
G1 Z2.75 F4800
G1 X2.248 Y-3.801
G1 Z2.45
G1 E2 F2400
;TYPE:External perimeter
;WIDTH:0.480548
G1 F900
G1 X2.248 Y-3.875 E2.00207
;WIDTH:0.517682
G1 X2.267 Y-4.115 E2.00936
;WIDTH:0.55543
G1 X2.285 Y-4.354 E2.01718
;WIDTH:0.593178
G1 X2.304 Y-4.594 E2.0256
G1 E.0256 F2400
G92 E0
G1 Z2.75 F4800
G1 X4.925 Y.414
G1 Z2.45
G1 E2 F2400
;WIDTH:0.37219
G1 F900
G1 X5.334 Y.177 E2.01002
G1 E.01002 F2400
G92 E0
G1 Z2.75 F4800
G1 X2.879 Y1.007
G1 Z2.45
G1 E2 F2400
;TYPE:Perimeter
;WIDTH:0.51794
G1 F900
G1 X1.939 Y1.007 E2.02848
G1 X2.181 Y.235 E2.05299
G1 X2.492 Y.642 E2.06851
G1 X2.835 Y.966 E2.0828
G1 E.0828 F2400
G92 E0
G1 Z2.75 F4800
G1 X1.885 Y-1.646
G1 Z2.45
G1 E2 F2400
;WIDTH:0.467706
G1 F900
G1 X1.896 Y-1.607 E2.0011
;WIDTH:0.465876
G1 X2.084 Y-.957 E2.0194
;WIDTH:0.449999
G1 X2.386 Y-.312 E2.03796
G1 X2.632 Y.087 E2.05017
G1 X3.044 Y.558 E2.06647
G1 X3.368 Y.802 E2.07704
G1 X3.783 Y.995 E2.08897
G1 X3.03 Y1.543 E2.11324
G1 X2.958 Y1.462 E2.11606
G1 X2.891 Y1.459 E2.11781
G1 X1.237 Y1.459 E2.16091
G1 X1.464 Y1.004 E2.17416
G1 X1.716 Y.231 E2.19534
G1 X1.824 Y-.308 E2.20966
G1 X1.888 Y-1.042 E2.22886
;WIDTH:0.467706
G1 X1.885 Y-1.586 E2.24364
G1 X1.885 Y-1.646 F4800
G1 F900
G1 X1.877 Y-1.689 E2.24483
;WIDTH:0.46162
G1 X1.764 Y-2.381 E2.26361
G1 X2.176 Y-2.828 F4800
;TYPE:External perimeter
;WIDTH:0.5021
G1 F900
G1 X2.137 Y-2.674 E2.26827
;WIDTH:0.473753
G1 X2.178 Y-2.432 E2.27503
;WIDTH:0.449999
G1 X2.308 Y-1.714 E2.29404
G1 X2.463 Y-1.134 E2.30968
G1 X2.724 Y-.575 E2.32575
G1 X2.97 Y-.159 E2.33834
G1 X3.341 Y.265 E2.35302
G1 X3.612 Y.463 E2.36176
G1 X3.978 Y.623 E2.37217
G1 X4.49 Y.668 E2.38556
G1 X4.655 Y.634 E2.38995
G1 X4.763 Y.555 E2.39344
;WIDTH:0.411055
G1 X4.871 Y.477 E2.39659
;WIDTH:0.4191
G1 X4.828 Y.63 E2.40042
;WIDTH:0.449919
G1 X4.784 Y.783 E2.40457
G1 X3.058 Y2.039 E2.46018
G1 X2.891 Y1.877 E2.46624
G1 X.489 Y1.877 E2.52881
G1 X.685 Y1.614 E2.53735
G1 X1.067 Y.875 E2.55902
G1 X1.256 Y.297 E2.57486
G1 X1.408 Y-.346 E2.59207
G1 X1.47 Y-1.035 E2.61009
G1 X1.458 Y-1.626 E2.62549
G1 X1.353 Y-2.319 E2.64375
G1 X1.225 Y-2.797 E2.65664
;WIDTH:0.466555
G1 X1.986 Y-2.789 E2.67726
;WIDTH:0.5021
G1 X2.118 Y-2.816 E2.68121
G1 X2.179 Y-2.421 F4800
G1 X2.605 Y-3.259
;TYPE:Perimeter
;WIDTH:0.358418
G1 F900
G1 X2.755 Y-3.259 E2.68426
G1 X3.166 Y-3.631 F4800
;TYPE:External perimeter
;WIDTH:0.449999
G1 F900
G1 X3.126 Y-3.226 E2.69486
G1 X3.152 Y-2.887 E2.70372
;WIDTH:0.473757
G1 X2.358 Y-2.899 E2.72559
;WIDTH:0.5021
G1 X2.205 Y-2.857 E2.73024
G1 X2.245 Y-3.006 E2.73476
;WIDTH:0.474796
G1 X2.233 Y-3.259 E2.74175
;WIDTH:0.480548
G1 X2.248 Y-3.801 E2.75691
G1 X2.469 Y-3.631 E2.76471
;WIDTH:0.449999
G1 X3.106 Y-3.631 E2.78131
G1 X3.127 Y-3.232 F4800
G1 E.78131 F2400
G92 E0
G1 Z2.75 F4800
G1 X2.789 Y-6.488
G1 Z2.45
G1 E2 F2400
;TYPE:Perimeter
;WIDTH:0.587886
G1 F900
G1 X2.754 Y-6.428 E2.00241
G1 X2.685 Y-6.428 E2.0048
G1 X2.65 Y-6.488 E2.00721
G1 X2.685 Y-6.548 E2.00962
G1 X2.754 Y-6.548 E2.01201
G1 E.01201 F2400
G92 E0
G1 Z2.75 F4800
G1 X2.304 Y-4.594
G1 Z2.45
G1 E2 F2400
;TYPE:External perimeter
;WIDTH:0.593178
G1 F900
G1 X2.28 Y-4.747 E2.00542
;WIDTH:0.545452
G1 X2.257 Y-4.899 E2.01034
;WIDTH:0.497726
G1 X2.233 Y-5.051 E2.01481
;WIDTH:0.449999
G1 X2.233 Y-7.045 E2.06677
G1 X3.625 Y-6.856 E2.10337
G1 X3.625 Y-6.672 E2.10816
G1 X3.263 Y-6.396 E2.12002
G1 X2.806 Y-5.763 E2.14036
;WIDTH:0.497726
G1 X2.638 Y-5.374 E2.15266
;WIDTH:0.545452
G1 X2.471 Y-4.984 E2.16624
;WIDTH:0.593178
G1 X2.328 Y-4.649 E2.17898
G1 X2.23 Y-5.037 F4800
G1 E.17898 F2400
G92 E0
G1 Z2.75 F4800
G1 X7.026 Y-2.651
G1 Z2.45
G1 E2 F2400
;TYPE:Perimeter
;WIDTH:0.592166
G1 F900
G1 X6.999 Y-2.337 E2.01101
;WIDTH:0.603428
G1 X6.914 Y-1.721 E2.03316
;WIDTH:0.634592
G1 X6.86 Y-1.478 E2.04251
;WIDTH:0.665756
G1 X6.806 Y-1.235 E2.05235
G1 E.05235 F2400
G92 E0
G1 Z2.75 F4800
G1 X6.733 Y-3.488
G1 Z2.45
G1 E2 F2400
;WIDTH:0.455259
G1 F900
G1 X6.765 Y-3.606 E2.00323
;WIDTH:0.407472
G1 X6.806 Y-3.762 E2.007
;WIDTH:0.359684
G1 X6.799 Y-3.963 E2.01111
;WIDTH:0.373929
G1 X6.699 Y-4.65 E2.02591
;WIDTH:0.417422
G1 X6.509 Y-5.345 E2.04322
;WIDTH:0.427467
G1 X6.254 Y-5.94 E2.05918
G1 X6.787 Y-5.77 E2.07297
G1 X6.985 Y-4.992 E2.09276
;WIDTH:0.388539
G1 X7.067 Y-4.498 E2.10389
;WIDTH:0.371533
G1 X7.132 Y-3.746 E2.11986
;WIDTH:0.407472
G1 X7.117 Y-3.496 E2.12572
;WIDTH:0.455259
G1 X7.103 Y-3.247 E2.1323
;WIDTH:0.491011
G1 X7.077 Y-3.048 E2.13804
;WIDTH:0.526763
G1 X7.052 Y-2.85 E2.1442
;WIDTH:0.562514
G1 X7.026 Y-2.651 E2.15084
G1 X6.935 Y-2.82 E2.15719
;WIDTH:0.526763
G1 X6.843 Y-2.989 E2.16312
;WIDTH:0.491011
G1 X6.752 Y-3.157 E2.16859
;WIDTH:0.455259
G1 X6.441 Y-3.274 E2.17736
G1 X6.706 Y-3.439 E2.1856
G1 X5.937 Y-3.259 F4800
;WIDTH:0.367224
G1 F900
G1 X6.331 Y-3.263 E2.19383
G1 X6.389 Y-3.733 F4800
;TYPE:External perimeter
;WIDTH:0.449999
G1 F900
G1 X6.437 Y-3.812 E2.19624
G1 X6.431 Y-3.907 E2.19872
G1 X6.262 Y-4.819 E2.22289
G1 X6.059 Y-5.401 E2.23895
G1 X5.801 Y-5.921 E2.25407
G1 X5.427 Y-6.406 E2.27003
G1 X5.101 Y-6.655 E2.28072
G1 X5.534 Y-6.597 E2.2921
G1 X7.121 Y-6.09 E2.33551
G1 X7.268 Y-5.549 E2.35012
G1 X7.369 Y-5.044 E2.36354
G1 X7.444 Y-4.535 E2.37695
G1 X7.495 Y-4.008 E2.39075
G1 X7.524 Y-3.254 E2.41041
G1 X7.486 Y-2.296 E2.43539
G1 X7.391 Y-1.552 E2.45493
G1 X7.269 Y-.878 E2.47278
G1 X5.66 Y-.078 E2.5196
G1 X5.827 Y-.285 E2.52653
G1 X6.175 Y-.967 E2.54648
G1 X6.425 Y-1.793 E2.56897
G1 X6.55 Y-2.648 E2.59148
G1 X6.491 Y-2.826 E2.59637
G1 X6.343 Y-2.887 E2.60054
G1 X5.542 Y-2.887 E2.62141
G1 X5.566 Y-3.281 E2.63169
G1 X5.538 Y-3.631 E2.64084
G1 X6.23 Y-3.631 E2.65887
G1 X6.35 Y-3.669 E2.66215
G1 X6.358 Y-3.682 E2.66255
G1 X6.389 Y-4.081 F4800
G1 E.66255 F2400
G92 E0
G1 Z2.75 F4800
G1 X-7.304 Y-4.594
G1 Z2.45
G1 E2 F2400
;WIDTH:0.59318
G1 F900
G1 X-7.285 Y-4.354 E2.00842
;WIDTH:0.555438
G1 X-7.267 Y-4.115 E2.01624
;WIDTH:0.517695
G1 X-7.248 Y-3.875 E2.02353
;WIDTH:0.48056
G1 X-7.248 Y-3.801 E2.0256
G1 E.0256 F2400
G92 E0
G1 Z2.75 F4800
G1 X-10.069 Y.343
G1 Z2.45
G1 E2 F2400
;WIDTH:0.37219
G1 F900
G1 X-9.949 Y.398 E2.0028
G1 E.0028 F2400
G92 E0
G1 Z2.75 F4800
G1 X-11.706 Y-3.451
G1 Z2.45
G1 E2 F2400
;TYPE:Perimeter
;WIDTH:0.44115
G1 F900
G1 X-11.585 Y-3.337 E2.00424
;WIDTH:0.428537
G1 X-11.464 Y-3.301 E2.00736
;WIDTH:0.39905
G1 X-11.344 Y-3.265 E2.01023
G1 X-11.469 Y-3.253 E2.0131
;WIDTH:0.428537
G1 X-11.594 Y-3.241 E2.0162
;WIDTH:0.455572
G1 X-11.752 Y-3.157 E2.02092
;WIDTH:0.493924
G1 X-11.845 Y-2.993 E2.02635
;WIDTH:0.532276
G1 X-11.938 Y-2.829 E2.03223
;WIDTH:0.570628
G1 X-12.03 Y-2.664 E2.03857
G1 X-12.05 Y-2.885 E2.04602
;WIDTH:0.527656
G1 X-12.069 Y-3.105 E2.05284
;WIDTH:0.484684
G1 X-12.089 Y-3.325 E2.05907
;WIDTH:0.441712
G1 X-12.108 Y-3.546 E2.06473
;WIDTH:0.398739
G1 X-12.128 Y-3.766 E2.06978
;WIDTH:0.369923
G1 X-12.085 Y-4.341 E2.08192
;WIDTH:0.396591
G1 X-11.939 Y-5.202 E2.10177
;WIDTH:0.426763
G1 X-11.786 Y-5.771 E2.11627
G1 X-11.253 Y-5.941 E2.13004
G1 X-11.438 Y-5.546 E2.14077
G1 X-11.653 Y-4.815 E2.15952
;WIDTH:0.389262
G1 X-11.805 Y-3.884 E2.18053
;WIDTH:0.395692
G1 X-11.771 Y-3.682 E2.18517
;WIDTH:0.44115
G1 X-11.74 Y-3.497 E2.18995
G1 E.18995 F2400
G92 E0
G1 Z2.75 F4800
G1 X-11.814 Y-1.23
G1 Z2.45
G1 E2 F2400
;WIDTH:0.650856
G1 F900
G1 X-11.847 Y-1.375 E2.00574
;WIDTH:0.645658
G1 X-11.943 Y-1.873 E2.02514
;WIDTH:0.607374
G1 X-12.03 Y-2.664 E2.05368
G1 X-10.937 Y-3.259 F4800
;WIDTH:0.369562
G1 F900
G1 X-11.344 Y-3.265 E2.06224
G1 X-11.397 Y-3.722 F4800
;TYPE:External perimeter
;WIDTH:0.449999
G1 F900
G1 X-11.394 Y-3.71 E2.06256
G1 X-11.23 Y-3.631 E2.0673
G1 X-10.538 Y-3.631 E2.08533
G1 X-10.569 Y-3.398 E2.09145
G1 X-10.542 Y-2.887 E2.10478
G1 X-11.344 Y-2.887 E2.12568
G1 X-11.479 Y-2.837 E2.12943
G1 X-11.55 Y-2.649 E2.13467
G1 X-11.443 Y-1.892 E2.15459
G1 X-11.304 Y-1.332 E2.16962
G1 X-11.066 Y-.724 E2.18663
G1 X-10.824 Y-.28 E2.19981
G1 X-10.661 Y-.079 E2.20655
G1 X-12.27 Y-.878 E2.25336
G1 X-12.355 Y-1.283 E2.26414
G1 X-12.436 Y-1.813 E2.27811
G1 X-12.507 Y-2.596 E2.2986
G1 X-12.523 Y-3.375 E2.3189
G1 X-12.462 Y-4.372 E2.34493
G1 X-12.386 Y-4.942 E2.35991
G1 X-12.282 Y-5.488 E2.37439
G1 X-12.12 Y-6.09 E2.39063
G1 X-10.556 Y-6.59 E2.43341
G1 X-10.101 Y-6.656 E2.44539
G1 X-10.427 Y-6.406 E2.45609
G1 X-10.821 Y-5.891 E2.47299
G1 X-11.058 Y-5.403 E2.48713
G1 X-11.273 Y-4.737 E2.50536
G1 X-11.438 Y-3.856 E2.52871
G1 X-11.415 Y-3.78 E2.53078
G1 X-11.041 Y-3.637 F4800
G1 E.53078 F2400
G92 E0
G1 Z2.75 F4800
G1 X-7.605 Y-3.259
G1 Z2.45
G1 E2 F2400
;TYPE:Perimeter
;WIDTH:0.35842
G1 F900
G1 X-7.755 Y-3.259 E2.00305
G1 X-7.354 Y-2.899 F4800
;TYPE:External perimeter
;WIDTH:0.474765
G1 F900
G1 X-7.605 Y-2.887 E2.00999
;WIDTH:0.449999
G1 X-8.152 Y-2.887 E2.02424
G1 X-8.126 Y-3.187 E2.03209
G1 X-8.166 Y-3.631 E2.04371
G1 X-7.469 Y-3.631 E2.06187
;WIDTH:0.48056
G1 X-7.248 Y-3.801 E2.06967
G1 X-7.245 Y-3.012 E2.09173
;WIDTH:0.501998
G1 X-7.205 Y-2.857 E2.09642
G1 X-7.296 Y-2.883 E2.09919
G1 X-7.696 Y-2.887 F4800
G1 E.09919 F2400
G92 E0
G1 Z2.75 F4800
G1 X-7.65 Y-6.488
G1 Z2.45
G1 E2 F2400
;TYPE:Perimeter
;WIDTH:0.587964
G1 F900
G1 X-7.685 Y-6.428 E2.00241
G1 X-7.754 Y-6.428 E2.0048
G1 X-7.789 Y-6.488 E2.00721
G1 X-7.754 Y-6.548 E2.00962
G1 X-7.685 Y-6.548 E2.01201
G1 X-7.321 Y-4.633 F4800
;TYPE:External perimeter
;WIDTH:0.577791
G1 F900
G1 X-7.49 Y-5.023 E2.02647
;WIDTH:0.535194
G1 X-7.659 Y-5.413 E2.0398
;WIDTH:0.492597
G1 X-7.828 Y-5.804 E2.05203
;WIDTH:0.449999
G1 X-8.22 Y-6.351 E2.06956
G1 X-8.625 Y-6.672 E2.08303
G1 X-8.625 Y-6.856 E2.08782
G1 X-7.233 Y-7.045 E2.12442
G1 X-7.233 Y-5.467 E2.16554
;WIDTH:0.497726
G1 X-7.262 Y-5.189 E2.17365
;WIDTH:0.545453
G1 X-7.292 Y-4.911 E2.1826
;WIDTH:0.59318
G1 X-7.315 Y-4.692 E2.1903
G1 X-7.504 Y-5.045 F4800
G1 E.1903 F2400
G92 E0
G1 Z2.75 F4800
G1 X-6.764 Y-2.381
G1 Z2.45
G1 E2 F2400
;TYPE:Perimeter
;WIDTH:0.461586
G1 F900
G1 X-6.877 Y-1.689 E2.01878
;WIDTH:0.467674
G1 X-6.885 Y-1.646 E2.01997
G1 E.01997 F2400
G92 E0
G1 Z2.75 F4800
G1 X-7.881 Y1.009
G1 Z2.45
G1 E2 F2400
;WIDTH:0.513763
G1 F900
G1 X-7.516 Y.663 E2.0151
G1 X-7.168 Y.214 E2.03216
G1 X-7.081 Y.579 E2.04343
G1 X-6.935 Y1.009 E2.05707
G1 X-7.821 Y1.009 E2.08368
G1 E.08368 F2400
G92 E0
G1 Z2.75 F4800
G1 X-6.885 Y-1.646
G1 Z2.45
G1 E2 F2400
;WIDTH:0.467674
G1 F900
G1 X-6.886 Y-1.605 E2.00111
;WIDTH:0.465848
G1 X-6.885 Y-.965 E2.01842
;WIDTH:0.449999
G1 X-6.824 Y-.308 E2.03561
G1 X-6.589 Y.669 E2.06179
G1 X-6.249 Y1.459 E2.0842
G1 X-7.959 Y1.463 E2.12876
G1 X-8.031 Y1.542 E2.13155
G1 X-8.795 Y.986 E2.15617
G1 X-8.64 Y.94 E2.16038
G1 X-8.233 Y.713 E2.17252
G1 X-7.827 Y.338 E2.18692
G1 X-7.501 Y-.093 E2.201
G1 X-7.046 Y-1.064 E2.22894
;WIDTH:0.467674
G1 X-6.901 Y-1.588 E2.24371
G1 X-7.142 Y-2.651 F4800
;TYPE:External perimeter
;WIDTH:0.501998
G1 F900
G1 X-7.176 Y-2.828 E2.24899
G1 X-7.024 Y-2.785 E2.25362
;WIDTH:0.4737
G1 X-6.764 Y-2.797 E2.26079
;WIDTH:0.449999
G1 X-6.226 Y-2.797 E2.27481
G1 X-6.353 Y-2.318 E2.28772
G1 X-6.46 Y-1.598 E2.30669
G1 X-6.469 Y-1.003 E2.32219
G1 X-6.408 Y-.346 E2.33938
G1 X-6.203 Y.51 E2.36231
G1 X-5.909 Y1.214 E2.38219
G1 X-5.497 Y1.877 E2.40253
G1 X-7.891 Y1.877 E2.46491
G1 X-8.058 Y2.039 E2.47097
G1 X-9.732 Y.821 E2.52491
G1 X-9.795 Y.654 E2.52956
;WIDTH:0.423975
G1 X-9.858 Y.486 E2.53394
G1 X-9.752 Y.563 E2.53714
;WIDTH:0.449999
G1 X-9.647 Y.639 E2.54052
G1 X-9.255 Y.674 E2.55077
G1 X-8.758 Y.539 E2.56419
G1 X-8.473 Y.371 E2.57281
G1 X-8.115 Y.036 E2.58558
G1 X-7.839 Y-.339 E2.59771
G1 X-7.45 Y-1.169 E2.62159
G1 X-7.228 Y-2.027 E2.64468
;WIDTH:0.466544
G1 X-7.15 Y-2.592 E2.66013
G1 X-6.873 Y-2.88 F4800
G1 E.66013 F2400
G92 E0
G1 Z2.75 F4800
G1 X.092 Y3.648
G1 Z2.45
G1 E2 F2400
;WIDTH:0.566674
G1 F900
G1 X-.748 Y3.648 E2.028
G1 X-.976 Y3.672 E2.03564
;WIDTH:0.519699
G1 X-1.204 Y3.695 E2.04261
;WIDTH:0.472723
G1 X-1.431 Y3.719 E2.04888
;WIDTH:0.425747
G1 X-1.786 Y3.737 E2.0576
;WIDTH:0.389491
G1 X-2.141 Y3.755 E2.06552
;WIDTH:0.35694
G1 X-2.928 Y3.753 E2.08146
;WIDTH:0.397888
G1 X-3.289 Y3.733 E2.08971
;WIDTH:0.438835
G1 X-3.65 Y3.712 E2.09888
;WIDTH:0.481457
G1 X-3.851 Y3.691 E2.10454
;WIDTH:0.524079
G1 X-4.051 Y3.67 E2.11071
;WIDTH:0.5667
G1 X-4.252 Y3.648 E2.11745
G1 X-5.092 Y3.648 E2.14545
G1 X-5.092 Y3.114 E2.16325
G1 X-4.143 Y3.137 E2.19489
G1 X-3.938 Y3.201 E2.20205
;WIDTH:0.51972
G1 X-3.732 Y3.265 E2.20861
;WIDTH:0.472739
G1 X-3.527 Y3.33 E2.21452
;WIDTH:0.425758
G1 X-3.193 Y3.382 E2.22282
;WIDTH:0.389499
G1 X-2.859 Y3.434 E2.23035
;WIDTH:0.356937
G1 X-2.107 Y3.432 E2.24558
;WIDTH:0.397881
G1 X-1.77 Y3.378 E2.25336
;WIDTH:0.438825
G1 X-1.432 Y3.323 E2.26204
;WIDTH:0.481442
G1 X-1.223 Y3.253 E2.26822
;WIDTH:0.524058
G1 X-1.014 Y3.184 E2.27497
;WIDTH:0.566674
G1 X-.805 Y3.114 E2.28232
G1 X.092 Y3.114 E2.31222
G1 X.092 Y3.588 E2.32802
G1 X-.304 Y3.648 F4800
G1 X.805 Y4.225
;WIDTH:0.564207
G1 F900
G1 X.833 Y4.204 E2.32918
;WIDTH:0.544556
G1 X1.56 Y4.204 E2.35241
;WIDTH:0.549092
G1 X.993 Y4.746 E2.37769
;WIDTH:0.564207
G1 X.505 Y5.112 E2.39793
;WIDTH:0.564946
G1 X-.034 Y5.441 E2.41891
;WIDTH:0.577561
G1 X-.725 Y5.746 E2.4446
;WIDTH:0.58659
G1 X-1.253 Y5.907 E2.46368
G1 X-1.963 Y6.035 E2.48862
;WIDTH:0.587621
G1 X-2.516 Y6.064 E2.5078
;WIDTH:0.589963
G1 X-3.07 Y6.028 E2.52711
G1 X-3.782 Y5.901 E2.55227
;WIDTH:0.581317
G1 X-4.539 Y5.635 E2.57975
;WIDTH:0.572981
G1 X-4.994 Y5.421 E2.59671
G1 X-5.529 Y5.099 E2.61777
;WIDTH:0.55762
G1 X-6.094 Y4.65 E2.64142
;WIDTH:0.548854
G1 X-6.555 Y4.206 E2.66204
G1 X-5.828 Y4.206 E2.68546
;WIDTH:0.555302
G1 X-5.673 Y4.328 E2.69189
;WIDTH:0.556048
G1 X-5.184 Y4.7 E2.71196
;WIDTH:0.572981
G1 X-4.727 Y4.951 E2.72954
;WIDTH:0.580555
G1 X-4.109 Y5.222 E2.75262
G1 X-3.504 Y5.405 E2.77424
;WIDTH:0.587621
G1 X-2.513 Y5.509 E2.80875
G1 X-1.88 Y5.471 E2.83072
;WIDTH:0.577561
G1 X-.912 Y5.234 E2.86461
G1 X-.207 Y4.931 E2.89071
;WIDTH:0.564207
G1 X.223 Y4.66 E2.90757
G1 X.757 Y4.261 E2.92969
G1 X1.154 Y4.21 F4800
;LAYER_CHANGE
;Z:2.6
;HEIGHT:0.15
G1 E.92969 F2400
G92 E0
G1 Z2.6 F4800
G1 Z2.9
G1 X1.436 Y7.971
G1 Z2.6
G1 E2 F2400
;TYPE:Support material interface
;WIDTH:0.35
G1 F3600
G1 X1.027 Y7.562 E2.01146
G1 X.657 Y7.641 E2.01896
G1 X1.186 Y8.171 E2.0338
G1 X.947 Y8.381 E2.04011
G1 X.307 Y7.741 E2.05805
G1 X-.131 Y7.752 E2.06673
G1 X.643 Y8.527 E2.08844
G1 X.422 Y8.688 E2.09386
G1 X-.58 Y7.752 E2.12104
G1 X-1.03 Y7.752 E2.12996
G1 X-.081 Y8.701 E2.15656
G1 X-.47 Y8.762 E2.16436
G1 X-1.479 Y7.752 E2.19266
G1 X-1.625 Y7.752 E2.19555
G1 X-1.67 Y8.011 E2.20076
G1 X-.967 Y8.714 E2.22046
G1 X-1.365 Y8.733 E2.22836
G1 X-1.596 Y8.408 E2.23626
G1 X-1.727 Y8.404 E2.23886
G1 X-2.06 Y8.07 E2.24821
G1 X-2.51 Y8.07 E2.25713
G1 X-2.198 Y8.383 E2.26589
G1 X-2.543 Y8.486 E2.27303
G1 X-3.277 Y7.752 E2.2936
G1 X-3.726 Y7.752 E2.3025
G1 X-3.005 Y8.474 E2.32272
G1 X-3.308 Y8.621 E2.32939
G1 X-4.176 Y7.752 E2.35373
G1 X-4.625 Y7.752 E2.36263
G1 X-3.536 Y8.842 E2.39317
G1 X-3.657 Y8.867 E2.39562
G1 X-4.005 Y8.823 E2.40257
G1 X-5.075 Y7.752 E2.43258
G1 X-5.627 Y7.649 E2.44371
G1 X-4.548 Y8.728 E2.47395
G1 X-5.126 Y8.6 E2.48568
G1 X-6.2 Y7.526 E2.51578
G1 X-6.309 Y7.604 E2.51844
G1 X-6.32 Y7.855 E2.52342
G1 X-5.527 Y8.649 E2.54566
G1 X-6.651 Y7.265 F4800
;TYPE:Support material
G1 F3600
G1 X-6.494 Y7.325 E2.54899
G1 X-6.638 Y7.463 E2.55294
G1 X-6.696 Y7.248 E2.55735
G1 X-5.669 Y5.979 F4800
G1 F3600
G1 X-5.469 Y6.103 E2.56201
G1 X-5.296 Y6.478 E2.5702
G1 X-6.567 Y6.478 E2.59539
G1 X-6.526 Y6.234 E2.60029
G1 X-6.335 Y6.055 E2.60548
G1 X-5.715 Y5.969 E2.61789
G1 E.61789 F2400
G92 E0
G1 Z2.9 F4800
G1 X1.258 Y5.985
G1 Z2.6
G1 E2 F2400
G1 F3600
G1 X1.466 Y6.138 E2.00512
G1 X1.469 Y6.478 E2.01186
G1 X.067 Y6.478 E2.03965
G1 X.217 Y6.171 E2.04642
G1 X.57 Y5.975 E2.05442
G1 X1.213 Y5.969 E2.06716
G1 E.06716 F2400
G92 E0
G1 Z2.9 F4800
G1 X5.133 Y1.442
G1 Z2.6
G1 E2 F2400
G1 F3600
G1 X5.309 Y1.546 E2.00405
G1 X5.307 Y1.795 E2.00899
G1 X5.183 Y1.924 E2.01254
G1 X4.982 Y1.925 E2.01652
G1 X4.858 Y1.801 E2.02
G1 X4.835 Y1.617 E2.02368
G1 X5.086 Y1.434 E2.02984
G1 E.02984 F2400
G92 E0
G1 Z2.9 F4800
G1 X3.467 Y-1.235
G1 Z2.6
G1 E2 F2400
;TYPE:Support material interface
G1 F3600
G1 X4.311 Y-.39 E2.02367
G1 X4.442 Y-.376 E2.02628
G1 X4.699 Y-.451 E2.03159
G1 X3.473 Y-1.677 E2.06595
G1 X3.622 Y-1.631 E2.06904
G1 X3.836 Y-1.764 E2.07403
G1 X4.97 Y-.63 E2.10581
G1 X5.188 Y-.861 E2.11211
G1 X4.433 Y-1.616 E2.13327
G1 X4.705 Y-1.794 E2.13971
G1 X5.373 Y-1.126 E2.15843
G1 X5.518 Y-1.43 E2.16511
G1 X4.967 Y-1.982 E2.18057
G1 X5.34 Y-2.058 E2.18811
G1 X5.744 Y-1.654 E2.19943
G1 X4.347 Y-2.969 F4800
;TYPE:Support material
G1 F3600
G1 X4.516 Y-2.836 E2.20369
G1 X4.414 Y-2.421 E2.21216
G1 X4.343 Y-2.375 E2.21384
G1 X4.258 Y-2.438 E2.21594
G1 X4.407 Y-3.318 E2.23363
G1 X4.661 Y-3.205 E2.23914
G1 X4.886 Y-2.876 E2.24704
G1 X4.729 Y-2.237 E2.26008
G1 X4.371 Y-1.974 E2.26888
G1 X4.065 Y-2.12 E2.2756
G1 X3.873 Y-2.323 E2.28114
G1 X3.971 Y-3.082 E2.29631
G1 X4.195 Y-3.302 E2.30253
G1 X4.359 Y-3.323 E2.30581
G1 E.30581 F2400
G92 E0
G1 Z2.9 F4800
G1 X-4.876 Y-7.205
G1 Z2.6
G1 E2 F2400
G1 F3600
G1 X-4.632 Y-7.909 E2.01477
G1 X-4.39 Y-8.134 E2.02132
G1 X-3.94 Y-8.256 E2.03056
G1 X-3.898 Y-8.603 E2.03749
G1 X-3.578 Y-8.562 E2.04388
G1 X-2.99 Y-8.249 E2.05708
G1 X-2.399 Y-8.25 E2.06879
G1 X-1.962 Y-8.401 E2.07795
G1 X-1.616 Y-8.425 E2.08482
G1 X-1.284 Y-8.363 E2.09151
G1 X-.992 Y-8.222 E2.09794
G1 X-.441 Y-7.655 E2.11361
G1 X-.141 Y-6.983 E2.1282
G1 X-.18 Y-6.357 E2.14063
G1 X-.372 Y-5.95 E2.14955
G1 X-.6 Y-5.695 E2.15633
G1 X-1.194 Y-5.376 E2.16969
G1 X-1.684 Y-5.297 E2.17953
G1 X-1.95 Y-5.065 E2.18653
G1 X-2.08 Y-4.705 E2.19412
G1 X-2.024 Y-3.629 E2.21547
G1 X-2.287 Y-3.228 E2.22497
G1 X-2.735 Y-3.049 E2.23453
G1 X-2.985 Y-3.069 E2.2395
G1 X-3.307 Y-3.249 E2.24681
G1 X-3.499 Y-3.54 E2.25372
G1 X-3.543 Y-3.897 E2.26085
G1 X-3.315 Y-4.417 E2.2721
G1 X-3.594 Y-4.916 E2.28343
G1 X-4.135 Y-5.24 E2.29593
G1 X-4.634 Y-5.331 E2.30598
G1 X-4.882 Y-5.46 E2.31152
G1 X-5.243 Y-5.834 E2.32182
G1 X-5.439 Y-6.287 E2.3316
G1 X-5.406 Y-6.974 E2.34523
G1 X-5.169 Y-7.399 E2.35487
G1 X-4.922 Y-8.107 E2.36973
G1 X-4.567 Y-8.438 E2.37935
G1 X-3.945 Y-8.609 E2.39214
G1 X-3.576 Y-8.916 F4800
G1 F3600
G1 X-2.886 Y-8.599 E2.40719
G1 X-2.458 Y-8.6 E2.41567
G1 X-2.032 Y-8.747 E2.4246
G1 X-1.595 Y-8.778 E2.43328
G1 X-1.174 Y-8.698 E2.44177
G1 X-.796 Y-8.516 E2.45008
G1 X-.165 Y-7.874 E2.46792
G1 X.068 Y-7.482 E2.47696
G1 X.208 Y-7.038 E2.48619
G1 X.157 Y-6.252 E2.5018
G1 X-.078 Y-5.755 E2.5127
G1 X-.366 Y-5.431 E2.52129
G1 X-.717 Y-5.188 E2.52975
G1 X-1.529 Y-4.967 E2.54643
G1 X-1.652 Y-4.86 E2.54966
G1 X-1.728 Y-4.649 E2.5541
G1 X-1.642 Y-3.874 E2.56955
G1 X-1.683 Y-3.533 E2.57636
G1 X-1.826 Y-3.219 E2.5832
G1 X-2.225 Y-2.853 E2.59393
G1 X-2.708 Y-2.696 E2.604
G1 X-3.32 Y-2.827 E2.6164
G1 X-3.681 Y-3.139 E2.62586
G1 X-3.891 Y-3.668 E2.63714
G1 X-3.893 Y-3.936 E2.64245
G1 X-3.714 Y-4.413 E2.65255
G1 X-3.854 Y-4.664 E2.65825
G1 X-4.234 Y-4.891 E2.66702
G1 X-4.764 Y-5.004 E2.67776
G1 X-5.075 Y-5.165 E2.6847
G1 X-5.543 Y-5.65 E2.69806
G1 X-5.781 Y-6.204 E2.71001
G1 X-5.819 Y-6.685 E2.71957
G1 X-5.742 Y-7.08 E2.72755
G1 X-5.212 Y-8.306 E2.75402
G1 X-4.744 Y-8.743 E2.76671
G1 X-4.407 Y-8.894 E2.77403
G1 X-3.949 Y-8.962 E2.78321
G1 X-3.623 Y-8.922 E2.78972
G1 E.78972 F2400
G92 E0
G1 Z2.9 F4800
G1 X-8.386 Y-1.402
G1 Z2.6
G1 E2 F2400
;TYPE:Support material interface
G1 F3600
G1 X-8.535 Y-1.55 E2.00416
G1 X-8.782 Y-1.468 E2.00932
G1 X-9.027 Y-1.593 E2.01477
G1 X-8.649 Y-1.215 E2.02536
G1 X-8.71 Y-1.034 E2.02915
G1 X-8.623 Y-.74 E2.03523
G1 X-9.435 Y-1.551 E2.05798
G1 X-9.572 Y-1.539 E2.06071
G1 X-10.147 Y-1.978 E2.07505
G1 X-10.328 Y-1.995 E2.07865
G1 X-8.865 Y-.533 E2.11964
G1 X-9.171 Y-.389 E2.12634
G1 X-10.673 Y-1.866 E2.16809
G1 X-10.395 Y-1.163 E2.18307
G1 X-9.464 Y-.233 E2.20915
G1 X-10.786 Y.665 F4800
;TYPE:Support material
G1 F3600
G1 X-10.672 Y.738 E2.21183
G1 X-10.392 Y1.218 E2.22284
G1 X-10.481 Y1.547 E2.22959
G1 X-10.672 Y1.645 E2.23384
G1 X-10.969 Y1.456 E2.24082
G1 X-10.978 Y1.192 E2.24606
G1 X-11.116 Y.934 E2.25186
G1 X-11.037 Y.71 E2.25657
G1 X-10.83 Y.647 E2.26086
G1 E.26086 F2400
G92 E0
G1 Z2.9 F4800
G1 X-9.908 Y-2.399
G1 Z2.6
G1 E2 F2400
G1 F3600
G1 X-9.563 Y-2.208 E2.00782
G1 X-9.354 Y-1.894 E2.0153
G1 X-9.472 Y-1.883 E2.01765
G1 X-10.072 Y-2.306 E2.0322
G1 X-9.954 Y-2.411 E2.03533
G1 E.03533 F2400
G92 E0
G1 Z2.9 F4800
G1 X2.236 Y-3.705
G1 Z2.6
G1 E2 F2400
;TYPE:External perimeter
;WIDTH:0.45643
G1 F900
G1 X2.235 Y-3.761 E2.00148
;WIDTH:0.484557
G1 X2.25 Y-4.082 E2.01055
;WIDTH:0.514994
G1 X2.265 Y-4.403 E2.02023
G1 E.02023 F2400
G92 E0
G1 Z2.9 F4800
G1 X4.852 Y.387
G1 Z2.6
G1 E2 F2400
;WIDTH:0.517104
G1 F900
G1 X5.145 Y.238 E2.00994
G1 E.00994 F2400
G92 E0
G1 Z2.9 F4800
G1 X2.891 Y.791
G1 Z2.6
G1 E2 F2400
;TYPE:Perimeter
;WIDTH:0.490319
G1 F900
G1 X2.042 Y.791 E2.02426
G1 X2.221 Y.037 E2.0464
G1 X2.502 Y.402 E2.05956
G1 X2.849 Y.748 E2.07356
G1 X3.937 Y.885 F4800
;WIDTH:0.605297
G1 F900
G1 X3.287 Y1.357 E2.10227
G1 X3.206 Y1.225 E2.10781
G1 X3.127 Y1.226 E2.11063
;WIDTH:0.566473
G1 X3.048 Y1.227 E2.11326
;WIDTH:0.527648
G1 X2.97 Y1.228 E2.11567
;WIDTH:0.488824
G1 X2.891 Y1.229 E2.11792
;WIDTH:0.449999
G1 X1.396 Y1.229 E2.15687
G1 X1.59 Y.764 E2.17
G1 X1.698 Y.374 E2.18054
G1 X1.807 Y-.159 E2.19472
G1 X1.877 Y-.751 E2.21025
;WIDTH:0.482338
G1 X1.887 Y-1.177 E2.22221
;WIDTH:0.514677
G1 X1.896 Y-1.602 E2.235
G1 X2.03 Y-1.365 E2.24319
;WIDTH:0.464844
G1 X2.307 Y-.669 E2.2634
;WIDTH:0.449999
G1 X2.634 Y-.139 E2.27963
G1 X3.032 Y.318 E2.29542
;WIDTH:0.488783
G1 X3.131 Y.412 E2.29931
;WIDTH:0.527566
G1 X3.229 Y.507 E2.30353
;WIDTH:0.56635
G1 X3.328 Y.601 E2.30808
;WIDTH:0.605133
G1 X3.427 Y.696 E2.31298
;WIDTH:0.605297
G1 X3.68 Y.815 E2.32297
G1 X3.879 Y.869 E2.33034
G1 E.33034 F2400
G92 E0
G1 Z2.9 F4800
G1 X2.769 Y-3.161
G1 Z2.6
G1 E2 F2400
;WIDTH:0.358416
G1 F900
G1 X2.6 Y-3.161 E2.00344
G1 X1.73 Y-2.573 F4800
;WIDTH:0.522252
G1 F900
G1 X1.834 Y-2.057 E2.01953
;WIDTH:0.524308
G1 X1.896 Y-1.654 E2.03204
G1 X2.26 Y-2.695 F4800
;TYPE:External perimeter
;WIDTH:0.449999
G1 F900
G1 X2.184 Y-2.578 E2.03568
G1 X2.28 Y-2.055 E2.04953
G1 X2.43 Y-1.51 E2.06426
G1 X2.675 Y-.868 E2.08216
G1 X2.973 Y-.383 E2.09699
G1 X3.331 Y.026 E2.11115
G1 X3.601 Y.227 E2.11992
G1 X3.89 Y.366 E2.12828
G1 X4.352 Y.445 E2.14049
;WIDTH:0.483552
G1 X4.602 Y.416 E2.14757
;WIDTH:0.517104
G1 X4.852 Y.387 E2.15518
G1 X4.808 Y.437 E2.15719
;WIDTH:0.504956
G1 X4.796 Y.659 E2.16374
;WIDTH:0.477478
G1 X4.784 Y.881 E2.16991
;WIDTH:0.449999
G1 X3.1 Y2.107 E2.22418
G1 X3.1 Y1.856 E2.23072
G1 X2.984 Y1.669 E2.23645
G1 X2.891 Y1.647 E2.23894
G1 X.709 Y1.647 E2.29579
G1 X.893 Y1.348 E2.30494
G1 X1.204 Y.603 E2.32597
G1 X1.393 Y-.219 E2.34795
G1 X1.459 Y-.757 E2.36207
G1 X1.466 Y-1.371 E2.37807
G1 X1.408 Y-1.958 E2.39344
G1 X1.288 Y-2.47 E2.40714
G1 X1.115 Y-3.027 E2.42234
G1 X1.73 Y-3.027 E2.43836
G1 X2.102 Y-3.064 E2.4481
G1 X2.231 Y-3.209 E2.45316
;WIDTH:0.45643
G1 X2.236 Y-3.705 E2.46628
G1 X2.445 Y-3.533 E2.47344
;WIDTH:0.449999
G1 X3.14 Y-3.533 E2.49155
G1 X3.141 Y-3.162 E2.50122
G1 X3.199 Y-2.789 E2.51106
G1 X2.393 Y-2.778 E2.53206
;WIDTH:0.427852
G1 X2.297 Y-2.74 E2.53461
G1 X2.235 Y-2.345 F4800
G1 E.53461 F2400
G92 E0
G1 Z2.9 F4800
G1 X6.373 Y-.754
G1 Z2.6
G1 E2 F2400
;TYPE:Perimeter
;WIDTH:0.365977
G1 F900
G1 X6.493 Y-.985 E2.00542
G1 X6.61 Y-1.352 E2.01344
;WIDTH:0.404148
G1 X6.652 Y-1.409 E2.01508
;WIDTH:0.451278
G1 X6.694 Y-1.466 E2.01693
;WIDTH:0.498409
G1 X6.736 Y-1.522 E2.01897
;WIDTH:0.545539
G1 X6.778 Y-1.579 E2.02124
;WIDTH:0.59267
G1 X6.82 Y-1.636 E2.02371
;WIDTH:0.6398
G1 X6.862 Y-1.693 E2.02639
G1 X6.873 Y-1.622 E2.02911
;WIDTH:0.59267
G1 X6.883 Y-1.552 E2.03158
;WIDTH:0.545539
G1 X6.893 Y-1.482 E2.03384
;WIDTH:0.498409
G1 X6.904 Y-1.412 E2.0359
;WIDTH:0.451278
G1 X6.914 Y-1.341 E2.03777
;WIDTH:0.404148
G1 X6.924 Y-1.271 E2.03941
;WIDTH:0.365977
G1 X6.857 Y-.995 E2.04532
G1 X6.427 Y-.781 E2.05532
G1 X6.997 Y-2.528 F4800
;WIDTH:0.601272
G1 F900
G1 X6.96 Y-2.218 E2.0664
;WIDTH:0.6398
G1 X6.862 Y-1.693 E2.08664
G1 X6.31 Y-3.163 F4800
;WIDTH:0.398694
G1 F900
G1 X6.602 Y-3.26 E2.09367
;WIDTH:0.406494
G1 X7.12 Y-3.257 E2.10576
G1 X7.12 Y-3.04 E2.11083
;WIDTH:0.448426
G1 X7.089 Y-2.912 E2.11425
;WIDTH:0.490357
G1 X7.059 Y-2.784 E2.11801
;WIDTH:0.532289
G1 X7.028 Y-2.656 E2.12212
;WIDTH:0.57422
G1 X6.997 Y-2.528 E2.12657
G1 X6.946 Y-2.632 E2.13049
;WIDTH:0.532289
G1 X6.895 Y-2.736 E2.1341
;WIDTH:0.490357
G1 X6.844 Y-2.84 E2.13741
;WIDTH:0.448426
G1 X6.793 Y-2.945 E2.14044
;WIDTH:0.406494
G1 X6.602 Y-3.106 E2.14627
;WIDTH:0.398694
G1 X6.369 Y-3.151 E2.15169
G1 X5.933 Y-3.161 F4800
;WIDTH:0.361012
G1 F900
G1 X6.31 Y-3.163 E2.15942
G1 X5.563 Y-3.533 F4800
;TYPE:External perimeter
;WIDTH:0.449999
G1 F900
G1 X6.255 Y-3.533 E2.17745
G1 X6.373 Y-3.57 E2.18067
G1 X6.414 Y-3.653 E2.18308
G1 X7.513 Y-3.653 E2.21172
G1 X7.515 Y-3.011 E2.22845
G1 X7.448 Y-2.145 E2.25108
G1 X7.349 Y-1.484 E2.26849
G1 X7.175 Y-.733 E2.28858
G1 X6.032 Y-.165 E2.32184
;WIDTH:0.482947
G1 X5.589 Y.036 E2.33551
;WIDTH:0.515894
G1 X5.146 Y.237 E2.35018
G1 X5.268 Y.125 E2.35518
;WIDTH:0.487377
G1 X5.39 Y.013 E2.35988
;WIDTH:0.458859
G1 X5.822 Y-.508 E2.37789
;WIDTH:0.449999
G1 X6.159 Y-1.158 E2.39697
G1 X6.425 Y-2.019 E2.42045
G1 X6.516 Y-2.544 E2.43433
G1 X6.477 Y-2.706 E2.43867
G1 X6.31 Y-2.789 E2.44353
G1 X5.493 Y-2.789 E2.46482
G1 X5.566 Y-3.223 E2.47629
G1 X5.563 Y-3.473 E2.4828
G1 X5.959 Y-3.533 F4800
G1 E.4828 F2400
G92 E0
G1 Z2.9 F4800
G1 X2.693 Y-6.478
G1 Z2.6
G1 E2 F2400
;TYPE:Perimeter
;WIDTH:0.433878
G1 F900
G1 X2.668 Y-6.435 E2.00125
G1 X2.617 Y-6.435 E2.00253
G1 X2.592 Y-6.478 E2.00378
G1 X2.617 Y-6.522 E2.00505
G1 X2.668 Y-6.522 E2.00633
G1 E.00633 F2400
G92 E0
G1 Z2.9 F4800
G1 X2.265 Y-4.403
G1 Z2.6
G1 E2 F2400
;TYPE:External perimeter
;WIDTH:0.514994
G1 F900
G1 X2.249 Y-4.837 E2.01308
;WIDTH:0.482497
G1 X2.233 Y-5.272 E2.0253
;WIDTH:0.449999
G1 X2.233 Y-6.948 E2.06897
G1 X3.465 Y-6.78 E2.10137
G1 X3.22 Y-6.581 E2.10959
G1 X2.807 Y-5.995 E2.12827
G1 X2.491 Y-5.243 E2.14952
;WIDTH:0.482497
G1 X2.378 Y-4.823 E2.16173
;WIDTH:0.514994
G1 X2.281 Y-4.461 E2.17301
G1 X2.245 Y-4.859 F4800
G1 E.17301 F2400
G92 E0
G1 Z2.9 F4800
G1 X6.73 Y-4.772
G1 Z2.6
G1 E2 F2400
;TYPE:Perimeter
;WIDTH:0.373493
G1 F900
G1 X6.72 Y-4.772 E2.00021
G1 X6.713 Y-4.81 E2.00103
;WIDTH:0.392273
G1 X6.592 Y-5.316 E2.01271
;WIDTH:0.402537
G1 X6.413 Y-5.805 E2.02474
G1 X6.88 Y-5.656 E2.03606
G1 X7.049 Y-4.772 E2.05685
;WIDTH:0.373493
G1 X6.79 Y-4.772 E2.06236
G1 X6.402 Y-4.392 F4800
;TYPE:External perimeter
;WIDTH:0.449999
G1 F900
G1 X6.398 Y-4.392 E2.06246
G1 X6.325 Y-4.806 E2.07341
G1 X6.18 Y-5.307 E2.087
G1 X5.986 Y-5.809 E2.10102
G1 X5.559 Y-6.491 E2.12199
G1 X7.217 Y-5.962 E2.16734
G1 X7.387 Y-5.161 E2.18868
G1 X7.474 Y-4.392 E2.20884
G1 X6.462 Y-4.392 E2.23521
G1 X6.333 Y-4.771 F4800
G1 E.23521 F2400
G92 E0
G1 Z2.9 F4800
G1 X1.131 Y4.012
G1 Z2.6
G1 E2 F2400
;WIDTH:0.545476
G1 F900
G1 X1.174 Y3.973 E2.00186
;WIDTH:0.542737
G1 X1.829 Y3.973 E2.02271
G1 X1.626 Y4.23 E2.03314
;WIDTH:0.553258
G1 X1.219 Y4.64 E2.05191
;WIDTH:0.556924
G1 X.679 Y5.088 E2.07487
;WIDTH:0.565663
G1 X.027 Y5.506 E2.10064
;WIDTH:0.567553
G1 X-.491 Y5.749 E2.11974
;WIDTH:0.574665
G1 X-1.427 Y6.041 E2.15291
;WIDTH:0.590003
G1 X-2.011 Y6.135 E2.17349
G1 X-2.515 Y6.162 E2.19105
;WIDTH:0.587265
G1 X-3.213 Y6.104 E2.2153
;WIDTH:0.586314
G1 X-3.792 Y5.993 E2.23567
G1 X-4.283 Y5.842 E2.25342
;WIDTH:0.575784
G1 X-5.06 Y5.484 E2.28242
;WIDTH:0.570454
G1 X-5.703 Y5.069 E2.30811
;WIDTH:0.559402
G1 X-6.464 Y4.4 E2.34142
;WIDTH:0.538342
G1 X-6.833 Y3.971 E2.35928
G1 X-6.179 Y3.971 E2.37992
;WIDTH:0.542868
G1 X-5.865 Y4.278 E2.39391
;WIDTH:0.559402
G1 X-5.376 Y4.656 E2.41423
;WIDTH:0.570454
G1 X-4.787 Y5.021 E2.43749
;WIDTH:0.575784
G1 X-4.074 Y5.34 E2.46397
;WIDTH:0.586314
G1 X-3.65 Y5.458 E2.47918
G1 X-3.063 Y5.577 E2.49988
;WIDTH:0.587265
G1 X-2.487 Y5.607 E2.51985
;WIDTH:0.590003
G1 X-2.059 Y5.58 E2.53477
G1 X-1.381 Y5.473 E2.55865
;WIDTH:0.581478
G1 X-.605 Y5.219 E2.58662
;WIDTH:0.569999
G1 X-.131 Y4.985 E2.60435
;WIDTH:0.559762
G1 X.549 Y4.538 E2.63112
;WIDTH:0.545476
G1 X1.086 Y4.052 E2.6543
G1 X1.48 Y3.98 F4800
G1 E.6543 F2400
G92 E0
G1 Z2.9 F4800
G1 X-2.123 Y3.528
G1 Z2.6
G1 E2 F2400
;WIDTH:0.37219
G1 F900
G1 X-2.883 Y3.527 E2.01611
;WIDTH:0.402817
G1 X-3.543 Y3.5 E2.03138
G1 X-5.174 Y3.5 E2.06908
G1 X-5.174 Y3.13 E2.07763
G1 X-4.142 Y3.146 E2.10149
G1 X-3.533 Y3.414 E2.11687
G1 X-2.942 Y3.517 E2.13074
G1 X-3.342 Y3.51 F4800
G1 E.13074 F2400
G92 E0
G1 Z2.9 F4800
G1 X.174 Y3.5
G1 Z2.6
G1 E2 F2400
;WIDTH:0.402792
G1 F900
G1 X-1.457 Y3.5 E2.0377
G1 X-2.117 Y3.527 E2.05297
G1 X-1.43 Y3.402 E2.06911
G1 X-.822 Y3.13 E2.0845
G1 X.174 Y3.13 E2.10752
G1 X.174 Y3.44 E2.11468
G1 X-.222 Y3.5 F4800
G1 E.11468 F2400
G92 E0
G1 Z2.9 F4800
G1 X-7.265 Y-4.403
G1 Z2.6
G1 E2 F2400
;WIDTH:0.514996
G1 F900
G1 X-7.25 Y-4.082 E2.00968
;WIDTH:0.484562
G1 X-7.235 Y-3.761 E2.01875
;WIDTH:0.456434
G1 X-7.236 Y-3.706 E2.02021
G1 E.02021 F2400
G92 E0
G1 Z2.9 F4800
G1 X-10.163 Y.227
G1 Z2.6
G1 E2 F2400
;WIDTH:0.520574
G1 F900
G1 X-9.852 Y.387 E2.01065
G1 E.01065 F2400
G92 E0
G1 Z2.9 F4800
G1 X-10.933 Y-3.161
G1 Z2.6
G1 E2 F2400
;TYPE:Perimeter
;WIDTH:0.361014
G1 F900
G1 X-11.31 Y-3.163 E2.00773
;WIDTH:0.398681
G1 X-11.602 Y-3.106 E2.01453
;WIDTH:0.406483
G1 X-11.786 Y-2.954 E2.0201
;WIDTH:0.448724
G1 X-11.839 Y-2.848 E2.02318
;WIDTH:0.490964
G1 X-11.892 Y-2.742 E2.02657
;WIDTH:0.533204
G1 X-11.945 Y-2.636 E2.03027
;WIDTH:0.575444
G1 X-11.998 Y-2.53 E2.03429
G1 X-12.029 Y-2.657 E2.03872
;WIDTH:0.533204
G1 X-12.059 Y-2.785 E2.04283
;WIDTH:0.490964
G1 X-12.09 Y-2.912 E2.04657
;WIDTH:0.448724
G1 X-12.12 Y-3.04 E2.04999
;WIDTH:0.406483
G1 X-12.12 Y-3.257 E2.05506
G1 X-11.641 Y-3.261 E2.06624
;WIDTH:0.398681
G1 X-11.368 Y-3.18 E2.07275
G1 X-11.853 Y-1.652 F4800
;WIDTH:0.64577
G1 F900
G1 X-11.914 Y-1.934 E2.08379
;WIDTH:0.60739
G1 X-11.998 Y-2.53 E2.10538
G1 X-11.853 Y-1.652 F4800
;WIDTH:0.64577
G1 F900
G1 X-11.811 Y-1.595 E2.10809
;WIDTH:0.597257
G1 X-11.768 Y-1.539 E2.11058
;WIDTH:0.548743
G1 X-11.725 Y-1.482 E2.11288
;WIDTH:0.500229
G1 X-11.682 Y-1.426 E2.11494
;WIDTH:0.451716
G1 X-11.64 Y-1.369 E2.11679
;WIDTH:0.403202
G1 X-11.597 Y-1.313 E2.11842
;WIDTH:0.360397
G1 X-11.55 Y-1.148 E2.12193
G1 X-11.372 Y-.751 E2.13084
G1 X-11.849 Y-.987 E2.14173
G1 X-11.908 Y-1.228 E2.14681
;WIDTH:0.403202
G1 X-11.899 Y-1.299 E2.14847
;WIDTH:0.451716
G1 X-11.89 Y-1.37 E2.15034
;WIDTH:0.500229
G1 X-11.881 Y-1.44 E2.1524
;WIDTH:0.548743
G1 X-11.872 Y-1.511 E2.15471
;WIDTH:0.597257
G1 X-11.862 Y-1.581 E2.1572
;WIDTH:0.64577
G1 X-11.861 Y-1.592 E2.15762
G1 E.15762 F2400
G92 E0
G1 Z2.9 F4800
G1 X-10.563 Y-3.533
G1 Z2.6
G1 E2 F2400
;TYPE:External perimeter
;WIDTH:0.449999
G1 F900
G1 X-10.571 Y-3.277 E2.00667
G1 X-10.493 Y-2.789 E2.01955
G1 X-11.31 Y-2.789 E2.04084
G1 X-11.475 Y-2.709 E2.04562
G1 X-11.519 Y-2.565 E2.04954
G1 X-11.344 Y-1.75 E2.07126
G1 X-11.16 Y-1.16 E2.08736
G1 X-10.873 Y-.593 E2.10392
G1 X-10.578 Y-.185 E2.11704
;WIDTH:0.485287
G1 X-10.37 Y.021 E2.12531
;WIDTH:0.520574
G1 X-10.163 Y.227 E2.1342
G1 X-10.432 Y.113 E2.1431
;WIDTH:0.485287
G1 X-10.702 Y-.001 E2.15138
;WIDTH:0.449999
G1 X-12.172 Y-.731 E2.19414
G1 X-12.352 Y-1.501 E2.21474
G1 X-12.457 Y-2.216 E2.23357
G1 X-12.517 Y-3.033 E2.25491
G1 X-12.513 Y-3.653 E2.27106
G1 X-11.414 Y-3.653 E2.2997
G1 X-11.373 Y-3.57 E2.30211
G1 X-11.255 Y-3.533 E2.30533
G1 X-10.623 Y-3.533 E2.3218
G1 X-10.549 Y-3.14 F4800
G1 E.3218 F2400
G92 E0
G1 Z2.9 F4800
G1 X-7.6 Y-3.161
G1 Z2.6
G1 E2 F2400
;TYPE:Perimeter
;WIDTH:0.358418
G1 F900
G1 X-7.769 Y-3.161 E2.00344
G1 X-6.948 Y-1.407 F4800
;WIDTH:0.581486
G1 F900
G1 X-6.947 Y-1.417 E2.00378
;WIDTH:0.57987
G1 X-6.888 Y-1.737 E2.01489
;WIDTH:0.530874
G1 X-6.83 Y-2.056 E2.02497
;WIDTH:0.52221
G1 X-6.73 Y-2.573 E2.04106
G1 E.04106 F2400
G92 E0
G1 Z2.9 F4800
G1 X-7.895 Y.776
G1 Z2.6
G1 E2 F2400
;WIDTH:0.492609
G1 F900
G1 X-7.502 Y.402 E2.01558
;WIDTH:0.490323
G1 X-7.221 Y.037 E2.02874
G1 X-7.183 Y.251 E2.03495
G1 X-7.042 Y.791 E2.0509
G1 X-7.338 Y.791 E2.05936
;WIDTH:0.492609
G1 X-7.835 Y.777 E2.07364
G1 X-8.936 Y.886 F4800
;WIDTH:0.605499
G1 F900
G1 X-8.796 Y.853 E2.07878
;WIDTH:0.624488
G1 X-8.304 Y.635 E2.09866
G1 X-8.267 Y.581 E2.10108
;WIDTH:0.581609
G1 X-8.229 Y.527 E2.10334
;WIDTH:0.53873
G1 X-8.192 Y.474 E2.10538
;WIDTH:0.495851
G1 X-8.155 Y.42 E2.10727
;WIDTH:0.452972
G1 X-7.802 Y.082 E2.12009
;WIDTH:0.449999
G1 X-7.497 Y-.328 E2.1334
G1 X-7.283 Y-.761 E2.14598
;WIDTH:0.493828
G1 X-7.171 Y-.977 E2.15298
;WIDTH:0.537657
G1 X-7.06 Y-1.192 E2.16061
;WIDTH:0.581486
G1 X-6.948 Y-1.407 E2.16891
G1 X-6.926 Y-1.273 E2.17356
;WIDTH:0.536555
G1 X-6.903 Y-1.138 E2.17787
;WIDTH:0.491624
G1 X-6.833 Y-.341 E2.20079
;WIDTH:0.449999
G1 X-6.744 Y.197 E2.215
G1 X-6.59 Y.764 E2.23031
G1 X-6.396 Y1.229 E2.24344
G1 X-7.041 Y1.229 E2.26025
;WIDTH:0.452972
G1 X-7.836 Y1.228 E2.28111
;WIDTH:0.495851
G1 X-7.892 Y1.211 E2.2828
;WIDTH:0.53873
G1 X-7.948 Y1.195 E2.28464
;WIDTH:0.581609
G1 X-8.004 Y1.178 E2.28665
;WIDTH:0.624488
G1 X-8.059 Y1.162 E2.28877
G1 X-8.206 Y1.225 E2.29468
;WIDTH:0.605499
G1 X-8.287 Y1.357 E2.30022
G1 X-8.887 Y.921 E2.32674
G1 X-9.852 Y.387 F4800
;TYPE:External perimeter
;WIDTH:0.516914
G1 F900
G1 X-9.717 Y.409 E2.33087
;WIDTH:0.491338
G1 X-9.582 Y.432 E2.33479
;WIDTH:0.465762
G1 X-9.056 Y.412 E2.34902
;WIDTH:0.449999
G1 X-8.644 Y.251 E2.36055
G1 X-8.402 Y.081 E2.36826
G1 X-8.114 Y-.196 E2.37867
G1 X-7.836 Y-.573 E2.39087
G1 X-7.661 Y-.938 E2.40142
G1 X-7.414 Y-1.539 E2.41835
G1 X-7.186 Y-2.551 E2.44538
G1 X-7.224 Y-2.683 E2.44896
;WIDTH:0.427816
G1 X-7.301 Y-2.744 E2.45138
;WIDTH:0.449999
G1 X-7.6 Y-2.789 E2.45926
G1 X-8.199 Y-2.789 E2.47487
G1 X-8.145 Y-3.067 E2.48225
G1 X-8.14 Y-3.533 E2.49439
G1 X-7.445 Y-3.533 E2.5125
;WIDTH:0.456434
G1 X-7.236 Y-3.706 E2.51968
G1 X-7.231 Y-3.209 E2.53283
;WIDTH:0.449999
G1 X-7.116 Y-3.072 E2.53749
G1 X-6.73 Y-3.027 E2.54762
G1 X-6.115 Y-3.027 E2.56364
G1 X-6.288 Y-2.47 E2.57884
G1 X-6.412 Y-1.93 E2.59328
G1 X-6.466 Y-1.275 E2.6104
G1 X-6.456 Y-.652 E2.62663
G1 X-6.34 Y.092 E2.64625
G1 X-6.204 Y.603 E2.66003
G1 X-5.893 Y1.348 E2.68106
G1 X-5.709 Y1.647 E2.69021
G1 X-7.94 Y1.653 E2.74834
G1 X-8.1 Y1.856 E2.75507
G1 X-8.1 Y2.107 E2.76161
G1 X-9.784 Y.881 E2.81588
;WIDTH:0.465762
G1 X-9.776 Y.584 E2.82391
;WIDTH:0.491338
G1 X-9.814 Y.485 E2.82695
;WIDTH:0.516914
G1 X-9.831 Y.443 E2.82832
G1 X-9.431 Y.426 F4800
G1 E.82832 F2400
G92 E0
G1 Z2.9 F4800
G1 X-7.592 Y-6.478
G1 Z2.6
G1 E2 F2400
;TYPE:Perimeter
;WIDTH:0.433954
G1 F900
G1 X-7.617 Y-6.435 E2.00125
G1 X-7.668 Y-6.435 E2.00253
G1 X-7.693 Y-6.478 E2.00378
G1 X-7.668 Y-6.522 E2.00505
G1 X-7.617 Y-6.522 E2.00633
G1 E.00633 F2400
G92 E0
G1 Z2.9 F4800
G1 X-7.265 Y-4.403
G1 Z2.6
G1 E2 F2400
;TYPE:External perimeter
;WIDTH:0.514996
G1 F900
G1 X-7.384 Y-4.84 E2.01364
;WIDTH:0.482498
G1 X-7.502 Y-5.277 E2.02635
;WIDTH:0.449999
G1 X-7.829 Y-6.035 E2.04786
G1 X-8.221 Y-6.581 E2.06537
G1 X-8.466 Y-6.78 E2.07359
G1 X-7.233 Y-6.948 E2.10601
G1 X-7.233 Y-5.272 E2.14968
;WIDTH:0.482498
G1 X-7.249 Y-4.837 E2.1619
;WIDTH:0.514996
G1 X-7.263 Y-4.463 E2.17317
G1 X-7.388 Y-4.843 F4800
G1 E.17317 F2400
G92 E0
G1 Z2.9 F4800
G1 X-11.726 Y-4.776
G1 Z2.6
G1 E2 F2400
;TYPE:Perimeter
;WIDTH:0.382319
G1 F900
G1 X-12.044 Y-4.776 E2.00694
;WIDTH:0.389178
G1 X-11.999 Y-5.139 E2.01508
;WIDTH:0.407648
G1 X-11.887 Y-5.646 E2.02724
G1 X-11.409 Y-5.803 E2.03902
G1 X-11.591 Y-5.324 E2.05102
;WIDTH:0.396737
G1 X-11.697 Y-4.814 E2.06286
G1 X-11.399 Y-4.392 F4800
;TYPE:External perimeter
;WIDTH:0.449999
G1 F900
G1 X-12.474 Y-4.392 E2.09087
G1 X-12.349 Y-5.367 E2.11648
G1 X-12.222 Y-5.96 E2.13228
G1 X-10.557 Y-6.491 E2.17782
G1 X-10.95 Y-5.886 E2.19662
G1 X-11.237 Y-5.146 E2.2173
G1 X-11.381 Y-4.444 E2.23597
G1 X-11.778 Y-4.395 F4800
M106 S221.85
;LAYER_CHANGE
;Z:2.75
;HEIGHT:0.15
G1 E.23597 F2400
G92 E0
G1 Z2.75 F4800
G1 Z3.05
G1 X-5.632 Y7.616
G1 Z2.75
G1 E2 F2400
;TYPE:Support material interface
;WIDTH:0.35
G1 F3600
G1 X-5.925 Y7.909 E2.00821
G1 X-5.749 Y8.183 E2.01466
G1 X-5.399 Y7.833 E2.02447
G1 X-5.02 Y7.904 E2.03211
G1 X-5.472 Y8.355 E2.04477
G1 X-5.329 Y8.402 E2.04775
G1 X-5.103 Y8.436 E2.05228
G1 X-4.659 Y7.992 E2.06472
G1 X-4.237 Y8.019 E2.0731
G1 X-4.82 Y8.602 E2.08944
G1 X-4.755 Y8.685 E2.09153
G1 X-4.505 Y8.737 E2.09659
G1 X-3.787 Y8.019 E2.11671
G1 X-3.67 Y8.019 E2.11903
G1 X-3.646 Y8.327 E2.12515
G1 X-4.126 Y8.807 E2.1386
G1 X-3.809 Y8.848 E2.14494
G1 X-3.587 Y8.651 E2.15082
G1 X-3.559 Y8.532 E2.15324
G1 X-3.416 Y8.547 E2.15609
G1 X-3.206 Y8.337 E2.16198
G1 X-2.757 Y8.337 E2.17088
G1 X-2.902 Y8.482 E2.17494
G1 X-2.613 Y8.504 E2.18068
G1 X-2.307 Y8.337 E2.18759
G1 X-1.483 Y8.411 E2.20399
G1 X-1.091 Y8.019 E2.21498
G1 X-.641 Y8.019 E2.2239
G1 X-1.272 Y8.649 E2.24157
G1 X-1.189 Y8.738 E2.24398
G1 X-.895 Y8.723 E2.24981
G1 X-.103 Y7.931 E2.27201
G1 X.463 Y7.814 E2.28346
G1 X-.494 Y8.77 E2.31027
G1 X-.175 Y8.737 E2.31663
G1 X.079 Y8.648 E2.32196
G1 X1.006 Y7.72 E2.34796
G1 X1.1 Y7.906 E2.35209
G1 X1.076 Y8.049 E2.35496
G1 X.358 Y8.818 E2.37581
G1 E.37581 F2400
G92 E0
G1 Z3.05 F4800
G1 X1.284 Y6.038
G1 Z2.75
G1 E2 F2400
;TYPE:Support material
G1 F3600
G1 X1.443 Y6.248 E2.00522
G1 X.283 Y6.248 E2.02821
G1 X.583 Y6.066 E2.03516
G1 X1.238 Y6.026 E2.04817
G1 E.04817 F2400
G92 E0
G1 Z3.05 F4800
G1 X-5.742 Y6.065
G1 Z2.75
G1 E2 F2400
G1 F3600
G1 X-5.601 Y6.105 E2.0029
G1 X-5.499 Y6.249 E2.0064
G1 X-6.034 Y6.249 E2.017
G1 X-5.789 Y6.059 E2.02314
G1 E.02314 F2400
G92 E0
G1 Z3.05 F4800
G1 X-9.24 Y-.461
G1 Z2.75
G1 E2 F2400
;TYPE:Support material interface
G1 F3600
G1 X-8.769 Y-.942 E2.01334
G1 X-8.588 Y-1.263 E2.02064
G1 X-8.595 Y-1.53 E2.02593
G1 X-9.527 Y-.624 E2.05169
G1 X-9.615 Y-.645 E2.05348
G1 X-9.837 Y-.763 E2.05846
G1 X-9.004 Y-1.596 E2.08181
G1 X-9.504 Y-1.545 E2.09177
G1 X-10.08 Y-.97 E2.1079
G1 X-10.283 Y-1.216 E2.11422
G1 X-9.792 Y-1.707 E2.12798
G1 X-10.046 Y-1.902 E2.13433
G1 X-10.441 Y-1.507 E2.1454
G1 X-10.576 Y-1.822 E2.15219
G1 X-10.26 Y-2.138 E2.16105
G1 X-9.777 Y-2.291 F4800
;TYPE:Support material
G1 F3600
G1 X-9.402 Y-1.889 E2.17195
G1 X-9.904 Y-2.214 E2.1838
G1 X-9.82 Y-2.312 E2.18636
G1 E.18636 F2400
G92 E0
G1 Z3.05 F4800
G1 X-4.917 Y-7.093
G1 Z2.75
G1 E2 F2400
G1 F3600
G1 X-4.396 Y-7.939 E2.01969
G1 X-4.065 Y-8.094 E2.02693
G1 X-3.855 Y-8.102 E2.0311
G1 X-3.812 Y-8.449 E2.03803
G1 X-3.311 Y-8.298 E2.0484
G1 X-3.045 Y-8.114 E2.05481
G1 X-2.423 Y-8.053 E2.0672
G1 X-1.993 Y-8.244 E2.07653
G1 X-1.363 Y-8.23 E2.08902
G1 X-.737 Y-7.889 E2.10315
G1 X-.293 Y-7.356 E2.1169
G1 X-.195 Y-7.076 E2.12278
G1 X-.163 Y-6.5 E2.13421
G1 X-.429 Y-5.944 E2.14643
G1 X-.944 Y-5.507 E2.15982
G1 X-1.243 Y-5.398 E2.16613
G1 X-1.959 Y-5.374 E2.18033
G1 X-2.268 Y-4.91 E2.19138
G1 X-2.3 Y-4.259 E2.2043
G1 X-2.134 Y-3.853 E2.21299
G1 X-2.241 Y-3.456 E2.22114
G1 X-2.387 Y-3.3 E2.22537
G1 X-2.788 Y-3.158 E2.2338
G1 X-3.035 Y-3.202 E2.23877
G1 X-3.296 Y-3.387 E2.24511
G1 X-3.451 Y-3.623 E2.25071
G1 X-3.521 Y-3.965 E2.25763
G1 X-3.253 Y-4.542 E2.27024
G1 X-3.674 Y-5.02 E2.28286
G1 X-4.824 Y-5.463 E2.30729
G1 X-5.268 Y-5.918 E2.31989
G1 X-5.394 Y-6.227 E2.3265
G1 X-5.439 Y-6.551 E2.33298
G1 X-5.36 Y-7.012 E2.34225
G1 X-4.785 Y-8.041 E2.36561
G1 X-4.417 Y-8.346 E2.37508
G1 X-3.86 Y-8.455 E2.38633
G1 X-3.578 Y-8.773 F4800
G1 F3600
G1 X-2.92 Y-8.453 E2.40083
G1 X-2.481 Y-8.41 E2.40957
G1 X-2.087 Y-8.585 E2.41811
G1 X-1.665 Y-8.636 E2.42653
G1 X-1.259 Y-8.567 E2.43469
G1 X-.522 Y-8.167 E2.45131
G1 X-.228 Y-7.89 E2.45932
G1 X.067 Y-7.422 E2.47028
G1 X.152 Y-7.136 E2.47619
G1 X.164 Y-6.324 E2.49229
G1 X-.145 Y-5.735 E2.50547
G1 X-.786 Y-5.192 E2.52212
G1 X-1.162 Y-5.055 E2.53005
G1 X-1.776 Y-5.017 E2.54224
G1 X-1.923 Y-4.796 E2.5475
G1 X-1.945 Y-4.346 E2.55643
G1 X-1.78 Y-3.877 E2.56628
G1 X-1.812 Y-3.555 E2.57269
G1 X-1.946 Y-3.259 E2.57913
G1 X-2.171 Y-3.019 E2.58565
G1 X-2.656 Y-2.821 E2.59603
G1 X-3.153 Y-2.868 E2.60592
G1 X-3.564 Y-3.157 E2.61588
G1 X-3.864 Y-3.763 E2.62928
G1 X-3.848 Y-4.156 E2.63708
G1 X-3.68 Y-4.497 E2.64461
G1 X-3.891 Y-4.736 E2.65093
G1 X-4.261 Y-4.917 E2.65909
G1 X-4.682 Y-5.007 E2.66762
G1 X-5.314 Y-5.404 E2.68241
G1 X-5.571 Y-5.737 E2.69075
G1 X-5.777 Y-6.386 E2.70425
G1 X-5.692 Y-7.125 E2.71899
G1 X-5.06 Y-8.261 E2.74475
G1 X-4.573 Y-8.663 E2.75727
G1 X-4.059 Y-8.804 E2.76783
G1 X-3.626 Y-8.779 E2.77643
G1 E.77643 F2400
G92 E0
G1 Z3.05 F4800
G1 X4.304 Y-2.952
G1 Z2.75
G1 E2 F2400
G1 F3600
G1 X4.441 Y-2.842 E2.00348
G1 X4.362 Y-2.625 E2.00806
G1 X4.304 Y-2.952 E2.01464
G1 X4.375 Y-3.298 E2.02164
G1 X4.729 Y-3.056 E2.03014
G1 X4.819 Y-2.855 E2.0345
G1 X4.688 Y-2.496 E2.04207
G1 X4.838 Y-2.29 E2.04712
G1 X4.371 Y-1.974 E2.0583
G1 X3.982 Y-2.222 E2.06744
G1 X4.042 Y-2.427 E2.07167
G1 X3.949 Y-2.949 E2.08218
G1 X3.99 Y-3.196 E2.08714
G1 X4.33 Y-3.314 E2.09427
G1 X3.948 Y-1.964 F4800
;TYPE:Support material interface
G1 F3600
G1 X3.567 Y-1.582 E2.10496
G1 X3.615 Y-1.491 E2.107
G1 X3.545 Y-1.333 E2.11043
G1 X3.656 Y-1.222 E2.11354
G1 X4.146 Y-1.712 E2.12727
G1 X4.397 Y-1.593 E2.13278
G1 X4.626 Y-1.742 E2.13819
G1 X3.881 Y-.998 E2.15906
G1 X4.115 Y-.782 E2.16537
G1 X5.103 Y-1.77 E2.19306
G1 X5.248 Y-1.466 E2.19974
G1 X4.244 Y-.462 E2.22788
G1 E.22788 F2400
G92 E0
G1 Z3.05 F4800
G1 X6.74 Y-5.004
G1 Z2.75
G1 E2 F2400
;TYPE:Perimeter
;WIDTH:0.374349
G1 F900
G1 X6.692 Y-5.127 E2.00282
;WIDTH:0.390773
G1 X6.548 Y-5.67 E2.01538
G1 X6.966 Y-5.536 E2.0252
G1 X7.048 Y-5.002 E2.03728
;WIDTH:0.374349
G1 X6.799 Y-5.002 E2.04259
G1 X6.402 Y-4.622 F4800
;TYPE:External perimeter
;WIDTH:0.449999
G1 F900
G1 X6.398 Y-4.622 E2.04269
G1 X6.326 Y-5.024 E2.05333
G1 X6.146 Y-5.654 E2.0704
G1 X5.838 Y-6.304 E2.08914
G1 X7.303 Y-5.836 E2.12921
G1 X7.383 Y-5.415 E2.14038
G1 X7.474 Y-4.622 E2.16118
G1 X6.462 Y-4.622 E2.18755
G1 X6.332 Y-5.001 F4800
G1 E.18755 F2400
G92 E0
G1 Z3.05 F4800
G1 X2.23 Y-3.609
G1 Z2.75
G1 E2 F2400
;WIDTH:0.444604
G1 F900
G1 X2.229 Y-3.652 E2.00111
;WIDTH:0.461746
G1 X2.239 Y-4.163 E2.0148
;WIDTH:0.506265
G1 X2.261 Y-4.462 E2.02366
;WIDTH:0.550784
G1 X2.283 Y-4.762 E2.03339
;WIDTH:0.595302
G1 X2.305 Y-5.062 E2.04395
G1 X2.279 Y-4.663 F4800
G1 X2.304 Y-5.108
;WIDTH:0.593526
G1 F900
G1 X2.298 Y-5.933 E2.07283
;WIDTH:0.579941
G1 X2.298 Y-6.775 E2.10159
G1 X3.031 Y-6.676 E2.12686
G1 X2.946 Y-6.573 E2.13142
G1 X2.575 Y-5.89 E2.15797
;WIDTH:0.595302
G1 X2.324 Y-5.165 E2.18491
G1 X2.297 Y-5.564 F4800
G1 E.18491 F2400
G92 E0
G1 Z3.05 F4800
G1 X2.26 Y-.156
G1 Z2.75
G1 E2 F2400
;TYPE:Perimeter
;WIDTH:0.467244
G1 F900
G1 X2.558 Y.217 E2.01295
G1 X2.976 Y.58 E2.02797
G1 X2.117 Y.573 E2.05128
G1 X2.248 Y-.097 E2.0698
G1 X1.919 Y-1.721 F4800
;WIDTH:0.587707
G1 F900
G1 X1.974 Y-1.618 E2.07385
;WIDTH:0.544665
G1 X2.028 Y-1.514 E2.0776
;WIDTH:0.501623
G1 X2.082 Y-1.41 E2.08103
;WIDTH:0.45858
G1 X2.41 Y-.707 E2.10166
;WIDTH:0.449999
G1 X2.612 Y-.416 E2.11089
G1 X2.983 Y.041 E2.12623
;WIDTH:0.488971
G1 X3.091 Y.145 E2.1305
;WIDTH:0.527943
G1 X3.198 Y.25 E2.13513
;WIDTH:0.566915
G1 X3.305 Y.354 E2.14011
;WIDTH:0.605887
G1 X3.412 Y.458 E2.14545
;WIDTH:0.626477
G1 X3.807 Y.639 E2.16155
G1 X4.276 Y.72 E2.17919
G1 X3.466 Y1.312 E2.21637
G1 X3.368 Y1.093 E2.22526
G1 X3.194 Y.99 E2.23275
;WIDTH:0.605629
G1 X3.118 Y.992 E2.23547
;WIDTH:0.566722
G1 X3.043 Y.994 E2.23797
;WIDTH:0.527814
G1 X2.967 Y.997 E2.24032
;WIDTH:0.488907
G1 X2.891 Y.999 E2.24249
;WIDTH:0.449999
G1 X1.53 Y.999 E2.27795
G1 X1.764 Y.198 E2.29969
G1 X1.868 Y-.607 E2.32084
;WIDTH:0.45858
G1 X1.875 Y-1.357 E2.34078
;WIDTH:0.501623
G1 X1.89 Y-1.479 E2.34438
;WIDTH:0.544665
G1 X1.905 Y-1.6 E2.34828
;WIDTH:0.587707
G1 X1.912 Y-1.662 E2.35044
G1 E.35044 F2400
G92 E0
G1 Z3.05 F4800
G1 X6.809 Y-1.685
G1 Z2.75
G1 E2 F2400
;WIDTH:0.644128
G1 F900
G1 X6.816 Y-1.615 E2.00268
;WIDTH:0.596986
G1 X6.822 Y-1.545 E2.00515
;WIDTH:0.549843
G1 X6.828 Y-1.474 E2.00745
;WIDTH:0.502701
G1 X6.834 Y-1.404 E2.00951
;WIDTH:0.455558
G1 X6.84 Y-1.334 E2.01136
;WIDTH:0.408416
G1 X6.846 Y-1.263 E2.01303
;WIDTH:0.384782
G1 X6.725 Y-.842 E2.02266
G1 X6.138 Y-.55 E2.03708
G1 X6.307 Y-.804 E2.04379
G1 X6.535 Y-1.366 E2.05713
;WIDTH:0.408416
G1 X6.58 Y-1.419 E2.05876
;WIDTH:0.455558
G1 X6.626 Y-1.473 E2.06063
;WIDTH:0.502701
G1 X6.672 Y-1.526 E2.06269
;WIDTH:0.549843
G1 X6.718 Y-1.579 E2.06496
;WIDTH:0.596986
G1 X6.764 Y-1.632 E2.06743
;WIDTH:0.644128
G1 X6.77 Y-1.64 E2.06781
G1 X6.954 Y-2.42 F4800
;WIDTH:0.60829
G1 F900
G1 X6.938 Y-2.302 E2.07209
;WIDTH:0.644128
G1 X6.809 Y-1.685 E2.09615
G1 X7.1 Y-3.146 F4800
;WIDTH:0.417063
G1 F900
G1 X7.11 Y-3.146 E2.09639
G1 X7.092 Y-2.944 E2.10126
;WIDTH:0.462393
G1 X7.057 Y-2.813 E2.1049
;WIDTH:0.507723
G1 X7.023 Y-2.682 E2.10891
;WIDTH:0.553052
G1 X6.988 Y-2.551 E2.11331
;WIDTH:0.598382
G1 X6.954 Y-2.42 E2.11809
G1 X6.902 Y-2.526 E2.12226
;WIDTH:0.553052
G1 X6.85 Y-2.633 E2.12612
;WIDTH:0.507723
G1 X6.798 Y-2.74 E2.12965
;WIDTH:0.462393
G1 X6.746 Y-2.846 E2.13282
;WIDTH:0.417063
G1 X6.603 Y-2.98 E2.13752
;WIDTH:0.409876
G1 X6.312 Y-3.063 E2.14465
G1 X6.605 Y-3.14 E2.15179
;WIDTH:0.417063
G1 X7.04 Y-3.145 E2.16223
G1 X5.9 Y-3.063 F4800
;WIDTH:0.362906
G1 F900
G1 X6.312 Y-3.063 E2.17073
G1 E.17073 F2400
G92 E0
G1 Z3.05 F4800
G1 X2.723 Y-3.063
G1 Z2.75
G1 E2 F2400
;WIDTH:0.35842
G1 F900
G1 X2.81 Y-3.063 E2.00177
G1 X1.917 Y-1.734 F4800
;WIDTH:0.592402
G1 F900
G1 X1.905 Y-1.797 E2.00401
;WIDTH:0.584236
G1 X1.792 Y-2.311 E2.02213
;WIDTH:0.586704
G1 X1.775 Y-2.449 E2.02694
;WIDTH:0.632333
G1 X1.759 Y-2.587 E2.03214
;WIDTH:0.677962
G1 X1.742 Y-2.725 E2.03774
G1 X2.262 Y-2.605 F4800
;TYPE:External perimeter
;WIDTH:0.515149
G1 F900
G1 X2.254 Y-2.54 E2.03971
;WIDTH:0.482574
G1 X2.24 Y-2.429 E2.04285
;WIDTH:0.449999
G1 X2.394 Y-1.846 E2.05856
G1 X2.597 Y-1.301 E2.07371
G1 X2.813 Y-.843 E2.0869
G1 X3.207 Y-.323 E2.1039
G1 X3.585 Y-.014 E2.11662
G1 X3.81 Y.099 E2.12318
G1 X4.179 Y.206 E2.13319
G1 X4.555 Y.196 E2.14299
;WIDTH:0.44526
G1 X5.121 Y-.033 E2.15872
;WIDTH:0.449999
G1 X5.608 Y-.45 E2.17543
G1 X6.054 Y-1.174 E2.19759
G1 X6.312 Y-1.818 E2.21567
G1 X6.455 Y-2.417 E2.23172
G1 X6.424 Y-2.607 E2.23674
G1 X6.256 Y-2.691 E2.24163
G1 X5.424 Y-2.691 E2.26331
G1 X5.471 Y-2.825 E2.26701
G1 X5.557 Y-3.435 E2.28306
G1 X6.256 Y-3.435 E2.30127
G1 X6.383 Y-3.471 E2.30471
G1 X6.426 Y-3.555 E2.30717
G1 X7.52 Y-3.555 E2.33567
G1 X7.511 Y-3.124 E2.3469
G1 X7.432 Y-2.241 E2.37
G1 X7.35 Y-1.721 E2.38372
G1 X7.054 Y-.575 E2.41456
G1 X4.902 Y.499 E2.47723
;WIDTH:0.449248
G1 X4.793 Y.622 E2.4815
;WIDTH:0.449999
G1 X4.784 Y.979 E2.4908
G1 X3.1 Y2.204 E2.54506
G1 X3.1 Y1.626 E2.56012
G1 X3.03 Y1.47 E2.56458
G1 X2.891 Y1.417 E2.56846
G1 X.892 Y1.417 E2.62055
G1 X1.071 Y1.06 E2.63096
G1 X1.352 Y.125 E2.6564
G1 X1.438 Y-.429 E2.67101
G1 X1.474 Y-1.017 E2.68636
G1 X1.428 Y-1.712 E2.70451
G1 X1.336 Y-2.23 E2.71822
G1 X1.235 Y-2.565 E2.72734
G1 X.977 Y-3.257 E2.74658
G1 X1.28 Y-3.257 E2.75447
;WIDTH:0.488873
G1 X1.563 Y-3.245 E2.76254
;WIDTH:0.527747
G1 X1.846 Y-3.233 E2.77129
;WIDTH:0.566621
G1 X2.128 Y-3.22 E2.7807
G1 X2.248 Y-3.335 E2.78624
;WIDTH:0.551144
G1 X2.242 Y-3.426 E2.78919
;WIDTH:0.515631
G1 X2.236 Y-3.518 E2.79197
;WIDTH:0.480118
G1 X2.23 Y-3.609 E2.79452
;WIDTH:0.488794
G1 X2.278 Y-3.477 E2.79852
;WIDTH:0.519969
G1 X2.327 Y-3.434 E2.8005
;WIDTH:0.551144
G1 X2.376 Y-3.391 E2.80261
G1 X2.492 Y-3.406 E2.8064
;WIDTH:0.517429
G1 X2.608 Y-3.421 E2.80994
;WIDTH:0.483714
G1 X2.723 Y-3.435 E2.8132
;WIDTH:0.449999
G1 X3.146 Y-3.435 E2.82422
G1 X3.18 Y-3.101 E2.83297
G1 X3.284 Y-2.691 E2.84399
G1 X2.913 Y-2.691 E2.85366
;WIDTH:0.492525
G1 X2.738 Y-2.711 E2.85872
;WIDTH:0.53505
G1 X2.563 Y-2.73 E2.86424
;WIDTH:0.577575
G1 X2.387 Y-2.75 E2.87026
G1 X2.328 Y-2.7 E2.87289
;WIDTH:0.546362
G1 X2.279 Y-2.66 E2.87492
G1 X2.295 Y-2.26 F4800
G1 E.87492 F2400
G92 E0
G1 Z3.05 F4800
G1 X-11.726 Y-5.002
G1 Z2.75
G1 E2 F2400
;TYPE:Perimeter
;WIDTH:0.37484
G1 F900
G1 X-12.056 Y-5.002 E2.00705
;WIDTH:0.382451
G1 X-11.961 Y-5.543 E2.01905
G1 X-11.537 Y-5.678 E2.02877
G1 X-11.7 Y-5.045 E2.04305
G1 X-11.4 Y-4.622 F4800
;TYPE:External perimeter
;WIDTH:0.449999
G1 F900
G1 X-12.479 Y-4.622 E2.07116
G1 X-12.447 Y-4.973 E2.08034
G1 X-12.3 Y-5.837 E2.10318
G1 X-10.836 Y-6.305 E2.14323
G1 X-11.112 Y-5.749 E2.1594
G1 X-11.293 Y-5.17 E2.17521
G1 X-11.385 Y-4.675 E2.18833
G1 X-11.781 Y-4.624 F4800
G1 E.18833 F2400
G92 E0
G1 Z3.05 F4800
G1 X-7.265 Y-4.63
G1 Z2.75
G1 E2 F2400
;WIDTH:0.51406
G1 F900
G1 X-7.247 Y-4.144 E2.01461
;WIDTH:0.478052
G1 X-7.229 Y-3.659 E2.0281
;WIDTH:0.444604
G1 X-7.23 Y-3.609 E2.02939
G1 X-7.243 Y-4.008 F4800
G1 X-7.265 Y-4.63
;WIDTH:0.543933
G1 F900
G1 X-7.295 Y-4.864 E2.03692
;WIDTH:0.573805
G1 X-7.324 Y-5.098 E2.04488
G1 X-7.508 Y-5.702 E2.06621
G1 X-7.752 Y-6.255 E2.08663
G1 X-8.048 Y-6.676 E2.10401
G1 X-7.295 Y-6.779 E2.12968
G1 X-7.28 Y-5.165 E2.1842
;WIDTH:0.543933
G1 X-7.266 Y-4.69 E2.19937
G1 X-7.324 Y-5.086 F4800
G1 E.19937 F2400
G92 E0
G1 Z3.05 F4800
G1 X-11.824 Y-1.696
G1 Z2.75
G1 E2 F2400
;TYPE:Perimeter
;WIDTH:0.615736
G1 F900
G1 X-11.777 Y-1.643 E2.00258
;WIDTH:0.571313
G1 X-11.73 Y-1.59 E2.00496
;WIDTH:0.52689
G1 X-11.683 Y-1.537 E2.00715
;WIDTH:0.482467
G1 X-11.637 Y-1.484 E2.00912
;WIDTH:0.438043
G1 X-11.59 Y-1.432 E2.01089
;WIDTH:0.39362
G1 X-11.424 Y-1.051 E2.02026
;WIDTH:0.38808
G1 X-11.159 Y-.563 E2.03258
G1 X-11.733 Y-.847 E2.04679
G1 X-11.876 Y-1.299 E2.05731
;WIDTH:0.404557
G1 X-11.867 Y-1.365 E2.05886
;WIDTH:0.446793
G1 X-11.859 Y-1.431 E2.06058
;WIDTH:0.489029
G1 X-11.85 Y-1.497 E2.06248
;WIDTH:0.531265
G1 X-11.841 Y-1.564 E2.06458
;WIDTH:0.5735
G1 X-11.833 Y-1.63 E2.06682
;WIDTH:0.615736
G1 X-11.832 Y-1.636 E2.06704
G1 X-12.016 Y-3.148 F4800
;WIDTH:0.417057
G1 F900
G1 X-11.659 Y-3.157 E2.07561
;WIDTH:0.409867
G1 X-11.312 Y-3.063 E2.08408
G1 X-11.603 Y-2.98 E2.09121
;WIDTH:0.417057
G1 X-11.746 Y-2.846 E2.09591
;WIDTH:0.462384
G1 X-11.798 Y-2.74 E2.09908
;WIDTH:0.50771
G1 X-11.85 Y-2.633 E2.10261
;WIDTH:0.553036
G1 X-11.902 Y-2.526 E2.10647
;WIDTH:0.598362
G1 X-11.954 Y-2.42 E2.11064
G1 X-11.993 Y-2.601 E2.11718
;WIDTH:0.553036
G1 X-12.032 Y-2.783 E2.12323
;WIDTH:0.50771
G1 X-12.071 Y-2.964 E2.12872
;WIDTH:0.462384
G1 X-12.11 Y-3.145 E2.13369
;WIDTH:0.417057
G1 X-12.076 Y-3.146 E2.13451
G1 X-11.954 Y-2.42 F4800
;WIDTH:0.639726
G1 F900
G1 X-11.818 Y-1.731 E2.16112
G1 X-10.9 Y-3.063 F4800
;WIDTH:0.362906
G1 F900
G1 X-11.312 Y-3.063 E2.16962
G1 E.16962 F2400
G92 E0
G1 Z3.05 F4800
G1 X-7.724 Y-3.063
G1 Z2.75
G1 E2 F2400
;WIDTH:0.358418
G1 F900
G1 X-7.81 Y-3.063 E2.00175
G1 X-6.742 Y-2.725 F4800
;WIDTH:0.677882
G1 F900
G1 X-6.759 Y-2.587 E2.00735
;WIDTH:0.632332
G1 X-6.776 Y-2.448 E2.01259
;WIDTH:0.586781
G1 X-6.792 Y-2.309 E2.01743
;WIDTH:0.585924
G1 X-6.906 Y-1.797 E2.03554
;WIDTH:0.59391
G1 X-6.918 Y-1.737 E2.03768
G1 X-7.264 Y-.155 F4800
;WIDTH:0.473776
G1 F900
G1 X-7.121 Y.569 E2.058
G1 X-7.959 Y.577 E2.08108
G1 X-7.659 Y.318 E2.09199
G1 X-7.303 Y-.109 E2.1073
G1 X-6.92 Y-1.722 F4800
;WIDTH:0.588334
G1 F900
G1 X-6.903 Y-1.586 E2.11205
;WIDTH:0.54002
G1 X-6.885 Y-1.451 E2.11636
;WIDTH:0.491706
G1 X-6.891 Y-.962 E2.13037
;WIDTH:0.449999
G1 X-6.84 Y-.23 E2.14949
G1 X-6.72 Y.414 E2.16656
G1 X-6.53 Y.999 E2.18259
G1 X-7.541 Y.999 E2.20893
;WIDTH:0.489055
G1 X-7.707 Y.998 E2.21366
;WIDTH:0.52811
G1 X-7.872 Y.996 E2.21876
;WIDTH:0.567166
G1 X-8.037 Y.995 E2.22426
;WIDTH:0.606221
G1 X-8.203 Y.994 E2.2302
;WIDTH:0.632265
G1 X-8.367 Y1.089 E2.23729
G1 X-8.466 Y1.308 E2.24628
G1 X-9.272 Y.722 E2.28357
G1 X-8.801 Y.637 E2.30148
G1 X-8.545 Y.519 E2.31203
;WIDTH:0.612875
G1 X-8.471 Y.463 E2.31539
;WIDTH:0.579495
G1 X-8.397 Y.407 E2.31856
;WIDTH:0.546115
G1 X-8.323 Y.351 E2.32153
;WIDTH:0.512735
G1 X-8.111 Y.142 E2.33045
;WIDTH:0.481367
G1 X-7.898 Y-.067 E2.33881
;WIDTH:0.449999
G1 X-7.465 Y-.617 E2.35705
G1 X-7.218 Y-1.13 E2.37189
;WIDTH:0.496111
G1 X-7.119 Y-1.327 E2.37827
;WIDTH:0.542223
G1 X-7.02 Y-1.524 E2.38528
;WIDTH:0.588334
G1 X-6.947 Y-1.668 E2.39088
G1 X-7.262 Y-2.605 F4800
;TYPE:External perimeter
;WIDTH:0.51511
G1 F900
G1 X-7.268 Y-2.65 E2.39225
;WIDTH:0.541852
G1 X-7.313 Y-2.694 E2.39425
;WIDTH:0.568593
G1 X-7.359 Y-2.737 E2.39636
G1 X-7.48 Y-2.722 E2.40044
;WIDTH:0.529062
G1 X-7.602 Y-2.707 E2.40425
;WIDTH:0.489531
G1 X-7.724 Y-2.691 E2.40776
;WIDTH:0.449999
G1 X-8.284 Y-2.691 E2.42235
G1 X-8.199 Y-2.955 E2.42958
G1 X-8.146 Y-3.435 E2.44216
G1 X-7.81 Y-3.435 E2.45091
;WIDTH:0.488216
G1 X-7.687 Y-3.416 E2.45445
;WIDTH:0.526433
G1 X-7.565 Y-3.397 E2.45826
;WIDTH:0.56465
G1 X-7.443 Y-3.378 E2.46236
G1 X-7.36 Y-3.428 E2.46558
;WIDTH:0.526752
G1 X-7.278 Y-3.477 E2.46853
;WIDTH:0.488854
G1 X-7.23 Y-3.609 E2.47253
;WIDTH:0.480126
G1 X-7.236 Y-3.518 E2.47508
;WIDTH:0.515648
G1 X-7.242 Y-3.426 E2.47786
;WIDTH:0.551169
G1 X-7.248 Y-3.335 E2.48081
;WIDTH:0.568593
G1 X-7.15 Y-3.229 E2.48564
G1 X-7.014 Y-3.239 E2.4902
;WIDTH:0.529062
G1 X-6.878 Y-3.248 E2.49442
;WIDTH:0.489531
G1 X-6.742 Y-3.257 E2.49831
;WIDTH:0.449999
G1 X-5.977 Y-3.257 E2.51824
G1 X-6.096 Y-3.006 E2.52548
G1 X-6.336 Y-2.228 E2.54669
G1 X-6.43 Y-1.69 E2.56092
G1 X-6.474 Y-.989 E2.57922
G1 X-6.428 Y-.303 E2.59713
G1 X-6.322 Y.285 E2.6127
G1 X-6.071 Y1.06 E2.63393
G1 X-5.892 Y1.417 E2.64434
G1 X-7.398 Y1.417 E2.68358
G1 X-7.983 Y1.438 E2.69883
G1 X-8.1 Y1.626 E2.7046
G1 X-8.1 Y2.204 E2.71966
G1 X-9.784 Y.979 E2.77392
G1 X-9.784 Y.715 E2.7808
G1 X-9.815 Y.58 E2.78441
;WIDTH:0.442784
G1 X-10.337 Y.292 E2.79968
;WIDTH:0.449999
G1 X-12.057 Y-.577 E2.84989
G1 X-12.254 Y-1.259 E2.86839
G1 X-12.432 Y-2.243 E2.89444
G1 X-12.492 Y-2.908 E2.91184
G1 X-12.52 Y-3.555 E2.92871
G1 X-11.426 Y-3.555 E2.95721
G1 X-11.383 Y-3.471 E2.95967
G1 X-11.267 Y-3.435 E2.96283
G1 X-10.557 Y-3.435 E2.98133
G1 X-10.538 Y-3.162 E2.98846
G1 X-10.424 Y-2.691 E3.00109
G1 X-11.256 Y-2.691 E3.02277
G1 X-11.424 Y-2.607 E3.02766
G1 X-11.459 Y-2.434 E3.03226
G1 X-11.32 Y-1.851 E3.04788
G1 X-11.159 Y-1.387 E3.06068
G1 X-10.893 Y-.857 E3.07613
G1 X-10.571 Y-.408 E3.09053
G1 X-10.121 Y-.033 E3.10579
;WIDTH:0.424992
G1 X-9.823 Y.116 E3.11395
;WIDTH:0.442784
G1 X-9.532 Y.201 E3.12171
;WIDTH:0.449999
G1 X-9.066 Y.184 E3.13386
G1 X-8.739 Y.059 E3.14298
G1 X-8.407 Y-.146 E3.15315
G1 X-8.219 Y-.335 E3.1601
G1 X-7.841 Y-.798 E3.17567
G1 X-7.464 Y-1.59 E3.19852
G1 X-7.24 Y-2.429 E3.22115
;WIDTH:0.482555
G1 X-7.254 Y-2.539 E3.22426
;WIDTH:0.51511
G1 X-7.255 Y-2.546 E3.22447
G1 X-7.614 Y-2.723 F4800
G1 E1.22447 F2400
G92 E0
G1 Z3.05 F4800
G1 X-5.152 Y3.249
G1 Z2.75
G1 E2 F2400
;WIDTH:0.44569
G1 F900
G1 X-4.183 Y3.249 E2.02499
G1 E.02499 F2400
G92 E0
G1 Z3.05 F4800
G1 X-.812 Y3.249
G1 Z2.75
G1 E2 F2400
;WIDTH:0.44563
G1 F900
G1 X.152 Y3.249 E2.02486
G1 X1.431 Y3.782 F4800
;WIDTH:0.541329
G1 F900
G1 X1.471 Y3.74 E2.0267
;WIDTH:0.535455
G1 X2.085 Y3.74 E2.04597
G1 X1.764 Y4.162 E2.06261
;WIDTH:0.543196
G1 X1.183 Y4.776 E2.08955
;WIDTH:0.550983
G1 X.504 Y5.302 E2.11734
;WIDTH:0.56376
G1 X-.033 Y5.635 E2.13829
;WIDTH:0.566305
G1 X-.776 Y5.95 E2.16517
;WIDTH:0.57345
G1 X-1.415 Y6.136 E2.18763
;WIDTH:0.586279
G1 X-2.057 Y6.24 E2.2101
G1 X-2.689 Y6.25 E2.23194
;WIDTH:0.586776
G1 X-3.364 Y6.185 E2.25539
G1 X-4.123 Y5.986 E2.28253
;WIDTH:0.578455
G1 X-4.595 Y5.811 E2.29968
G1 X-5.1 Y5.562 E2.31886
;WIDTH:0.564477
G1 X-5.879 Y5.025 E2.35027
;WIDTH:0.546117
G1 X-6.373 Y4.591 E2.37134
G1 X-6.775 Y4.155 E2.39035
;WIDTH:0.532038
G1 X-7.088 Y3.738 E2.4066
G1 X-6.477 Y3.738 E2.42565
G1 X-6.402 Y3.823 E2.42918
;WIDTH:0.546117
G1 X-6.012 Y4.227 E2.44718
;WIDTH:0.556394
G1 X-5.412 Y4.733 E2.47284
;WIDTH:0.562506
G1 X-4.741 Y5.153 E2.49902
;WIDTH:0.56963
G1 X-3.911 Y5.492 E2.52907
;WIDTH:0.586776
G1 X-3.247 Y5.643 E2.55262
G1 X-2.613 Y5.707 E2.57466
;WIDTH:0.586279
G1 X-2.082 Y5.686 E2.59302
G1 X-1.477 Y5.596 E2.61416
;WIDTH:0.574762
G1 X-.904 Y5.429 E2.63435
;WIDTH:0.566303
G1 X-.225 Y5.137 E2.65897
;WIDTH:0.563677
G1 X.396 Y4.742 E2.68336
;WIDTH:0.557479
G1 X.893 Y4.35 E2.7041
;WIDTH:0.541329
G1 X1.39 Y3.826 E2.72703
G1 X1.781 Y3.746 F4800
G1 E.72703 F2400
G92 E0
G1 Z3.05 F4800
G1 X-5.175 Y7.08
G1 Z2.75
G1 E2 F2400
;WIDTH:0.628042
G1 F900
G1 X.175 Y7.08 E2.1988
G1 X-.225 Y7.08 F4800
M106 S219.3
;LAYER_CHANGE
;Z:2.9
;HEIGHT:0.15
G1 Z2.9 F4800
G1 X.383 Y8.211
;TYPE:Support material
;WIDTH:0.35
G1 F3600
G1 X-.26 Y8.451 E2.2124
G1 X-.357 Y8.399 E2.21458
G1 X.383 Y8.211 E2.22971
G1 X.885 Y7.752 E2.24319
G1 X1.026 Y7.754 E2.24598
G1 X1.143 Y7.878 E2.24936
G1 X1.153 Y7.993 E2.25165
G1 X.821 Y8.358 E2.26143
G1 X-.194 Y8.798 E2.28336
G1 X-.526 Y8.73 E2.29008
G1 X-.826 Y8.34 E2.29983
G1 X-.765 Y8.169 E2.30343
G1 X-.514 Y8.061 E2.30885
G1 X.838 Y7.752 E2.33634
G1 E.33634 F2400
G92 E0
G1 Z3.2 F4800
G1 X-3.929 Y8.207
G1 Z2.9
G1 E2 F2400
G1 F3600
G1 X-3.649 Y8.318 E2.00597
G1 X-3.523 Y8.522 E2.01072
G1 X-3.648 Y8.712 E2.01523
G1 X-3.994 Y8.807 E2.02234
G1 X-4.256 Y8.726 E2.02778
G1 X-4.427 Y8.478 E2.03375
G1 X-4.281 Y8.239 E2.0393
G1 X-3.976 Y8.196 E2.0454
G1 E.0454 F2400
G92 E0
G1 Z3.2 F4800
G1 X-9.078 Y-1.224
G1 Z2.9
G1 E2 F2400
G1 F3600
G1 X-9.291 Y-1.112 E2.00477
G1 X-9.486 Y-1.13 E2.00865
G1 X-9.799 Y-1.313 E2.01584
G1 X-10.07 Y-1.626 E2.02405
G1 X-9.76 Y-1.617 E2.0302
G1 X-9.538 Y-1.939 E2.03795
G1 X-9.089 Y-1.58 E2.04934
G1 X-8.622 Y-1.553 E2.05861
G1 X-8.55 Y-1.488 E2.06053
G1 X-8.518 Y-1.287 E2.06456
G1 X-8.927 Y-.873 E2.07609
G1 X-9.246 Y-.763 E2.08278
G1 X-9.615 Y-.8 E2.09013
G1 X-10.194 Y-1.212 E2.10421
G1 X-10.623 Y-1.97 E2.12147
G1 X-9.559 Y-1.982 E2.14256
G1 E.14256 F2400
G92 E0
G1 Z3.2 F4800
G1 X-5.006 Y-6.809
G1 Z2.9
G1 E2 F2400
G1 F3600
G1 X-4.86 Y-7.128 E2.00695
G1 X-4.538 Y-7.449 E2.01596
G1 X-4.384 Y-7.73 E2.02231
G1 X-4.001 Y-7.935 E2.03092
G1 X-3.998 Y-8.284 E2.03784
G1 X-3.424 Y-8.186 E2.04938
G1 X-3.102 Y-7.964 E2.05713
G1 X-2.482 Y-7.805 E2.06982
G1 X-2.028 Y-8.042 E2.07997
G1 X-1.348 Y-8.1 E2.0935
G1 X-.744 Y-7.847 E2.10648
G1 X-.465 Y-7.567 E2.11431
G1 X-.093 Y-6.625 E2.13438
G1 X-.174 Y-6.26 E2.14179
G1 X-.73 Y-5.686 E2.15763
G1 X-.998 Y-5.52 E2.16388
G1 X-2.474 Y-5.236 E2.19367
G1 X-2.522 Y-4.321 E2.21183
G1 X-2.328 Y-4.038 E2.21863
G1 X-2.294 Y-3.68 E2.22576
G1 X-2.498 Y-3.384 E2.23288
G1 X-2.67 Y-3.304 E2.23664
G1 X-3.102 Y-3.352 E2.24525
G1 X-3.325 Y-3.486 E2.25041
G1 X-3.514 Y-3.822 E2.25805
G1 X-3.353 Y-4.482 E2.27151
G1 X-3.489 Y-4.803 E2.27842
G1 X-3.929 Y-5.286 E2.29137
G1 X-4.529 Y-5.36 E2.30335
G1 X-4.995 Y-5.64 E2.31412
G1 X-5.285 Y-6.039 E2.3239
G1 X-5.398 Y-6.449 E2.33233
G1 X-5.296 Y-7.084 E2.34508
G1 X-5.138 Y-7.346 E2.35114
G1 X-4.484 Y-8.109 E2.37106
G1 X-4.045 Y-8.285 E2.38043
G1 X-3.672 Y-8.632 F4800
G1 F3600
G1 X-3.269 Y-8.504 E2.38881
G1 X-2.954 Y-8.287 E2.39639
G1 X-2.525 Y-8.177 E2.40517
G1 X-2.15 Y-8.374 E2.41357
G1 X-1.73 Y-8.468 E2.4221
G1 X-1.289 Y-8.448 E2.43085
G1 X-.888 Y-8.327 E2.43915
G1 X-.533 Y-8.131 E2.44719
G1 X-.172 Y-7.76 E2.45745
G1 X.258 Y-6.662 E2.48082
G1 X.135 Y-6.088 E2.49245
G1 X-.511 Y-5.411 E2.511
G1 X-1.212 Y-5.081 E2.52636
G1 X-2.138 Y-4.955 E2.54488
G1 X-2.166 Y-4.421 E2.55548
G1 X-1.926 Y-3.889 E2.56705
G1 X-1.951 Y-3.59 E2.573
G1 X-2.078 Y-3.311 E2.57908
G1 X-2.293 Y-3.094 E2.58513
G1 X-2.58 Y-2.96 E2.59141
G1 X-3.006 Y-2.953 E2.59985
G1 X-3.576 Y-3.239 E2.61249
G1 X-3.859 Y-3.752 E2.6241
G1 X-3.868 Y-4.052 E2.63005
G1 X-3.727 Y-4.469 E2.63877
G1 X-3.788 Y-4.612 E2.64185
G1 X-4.092 Y-4.945 E2.65079
G1 X-4.637 Y-5.026 E2.66171
G1 X-5.237 Y-5.385 E2.67557
G1 X-5.603 Y-5.89 E2.68793
G1 X-5.747 Y-6.406 E2.69855
G1 X-5.622 Y-7.222 E2.71491
G1 X-4.907 Y-8.201 E2.73894
G1 X-4.402 Y-8.551 E2.75112
G1 X-3.72 Y-8.632 E2.76473
G1 E.76473 F2400
G92 E0
G1 Z3.2 F4800
G1 X4.218 Y-3.303
G1 Z2.9
G1 E2 F2400
G1 F3600
G1 X4.475 Y-3.209 E2.00542
G1 X4.692 Y-2.898 E2.01294
G1 X4.679 Y-2.783 E2.01523
G1 X4.462 Y-2.61 E2.02073
G1 X4.2 Y-2.63 E2.02594
G1 X3.913 Y-3.063 E2.03624
G1 X3.974 Y-3.276 E2.04063
G1 X4.172 Y-3.314 E2.04463
G1 X4.734 Y-1.537 F4800
G1 F3600
G1 X4.856 Y-1.37 E2.04873
G1 X4.406 Y-1.112 E2.05901
G1 X4.021 Y-1.412 E2.06868
G1 X4.236 Y-1.608 E2.07445
G1 X4.658 Y-1.628 E2.08282
G1 X4.788 Y-1.971 E2.09009
G1 X4.911 Y-1.941 E2.0926
G1 X5.124 Y-1.635 E2.09999
G1 X5.261 Y-1.311 E2.10696
G1 X5.192 Y-1.21 E2.10938
G1 X4.82 Y-.893 E2.11907
G1 X4.435 Y-.76 E2.12714
G1 X4.245 Y-.771 E2.13091
G1 X4.02 Y-.904 E2.13609
G1 X3.859 Y-1.099 E2.1411
G1 X3.554 Y-1.228 E2.14766
G1 X3.5 Y-1.341 E2.15014
G1 X3.614 Y-1.599 E2.15573
G1 X3.857 Y-1.723 E2.16114
G1 X4.038 Y-1.949 E2.16688
G1 X4.741 Y-1.982 E2.18083
G1 E.18083 F2400
G92 E0
G1 Z3.2 F4800
G1 X2.232 Y-3.667
G1 Z2.9
G1 E2 F2400
;TYPE:External perimeter
;WIDTH:0.452452
G1 F900
G1 X2.229 Y-3.919 E2.00661
;WIDTH:0.479987
G1 X2.248 Y-4.398 E2.02
;WIDTH:0.517076
G1 X2.266 Y-4.876 E2.03446
G1 X2.251 Y-4.476 F4800
G1 X2.266 Y-4.876
G1 F900
G1 X2.264 Y-5.74 E2.06059
;WIDTH:0.513271
G1 X2.264 Y-6.716 E2.08987
G1 X2.884 Y-6.631 E2.10864
G1 X2.726 Y-6.346 E2.11842
G1 X2.463 Y-5.718 E2.13885
;WIDTH:0.517076
G1 X2.28 Y-4.935 E2.16317
G1 X2.263 Y-5.334 F4800
G1 E.16317 F2400
G92 E0
G1 Z3.2 F4800
G1 X3.622 Y.677
G1 Z2.9
G1 E2 F2400
;TYPE:Perimeter
;WIDTH:0.456287
G1 F900
G1 X3.688 Y.719 E2.00207
;WIDTH:0.50205
G1 X3.753 Y.761 E2.00434
G1 X2.285 Y-.348 F4800
;WIDTH:0.451585
G1 F900
G1 X2.584 Y.005 E2.01644
G1 X2.998 Y.36 E2.0307
G1 X2.182 Y.351 E2.05204
G1 X2.276 Y-.288 E2.06893
G1 X1.955 Y-1.649 F4800
;WIDTH:0.686698
G1 F900
G1 X2.012 Y-1.584 E2.07246
;WIDTH:0.636875
G1 X2.068 Y-1.519 E2.0757
;WIDTH:0.587051
G1 X2.125 Y-1.454 E2.07869
;WIDTH:0.537228
G1 X2.181 Y-1.389 E2.08139
;WIDTH:0.487404
G1 X2.544 Y-.729 E2.10277
;WIDTH:0.449999
G1 X2.903 Y-.266 E2.11804
;WIDTH:0.484435
G1 X3.098 Y-.081 E2.12562
;WIDTH:0.518871
G1 X3.293 Y.104 E2.13378
;WIDTH:0.551644
G1 X3.374 Y.17 E2.13716
;WIDTH:0.584417
G1 X3.454 Y.236 E2.14073
G1 X3.66 Y.284 E2.14801
;WIDTH:0.539611
G1 X3.865 Y.333 E2.15468
;WIDTH:0.494805
G1 X4.07 Y.381 E2.16075
;WIDTH:0.449999
G1 X4.503 Y.395 E2.17204
G1 X4.386 Y.622 E2.17869
G1 X4.366 Y.864 E2.18502
G1 X3.518 Y1.482 E2.21236
G1 X3.396 Y1.024 E2.22471
;WIDTH:0.48921
G1 X3.337 Y.954 E2.22732
;WIDTH:0.528421
G1 X3.279 Y.884 E2.23013
;WIDTH:0.567632
G1 X3.22 Y.815 E2.23316
;WIDTH:0.606843
G1 X3.162 Y.745 E2.23642
G1 X3.094 Y.751 E2.23887
;WIDTH:0.567632
G1 X3.026 Y.757 E2.24115
;WIDTH:0.528421
G1 X2.959 Y.763 E2.24323
;WIDTH:0.48921
G1 X2.891 Y.769 E2.24518
;WIDTH:0.449999
G1 X1.647 Y.769 E2.27759
G1 X1.764 Y.312 E2.28988
G1 X1.87 Y-.409 E2.30887
G1 X1.877 Y-.772 E2.31833
;WIDTH:0.487404
G1 X1.895 Y-1.324 E2.33401
;WIDTH:0.537228
G1 X1.91 Y-1.406 E2.33664
;WIDTH:0.587051
G1 X1.925 Y-1.487 E2.33949
;WIDTH:0.636875
G1 X1.94 Y-1.568 E2.3426
;WIDTH:0.686698
G1 X1.944 Y-1.59 E2.34351
G1 E.34351 F2400
G92 E0
G1 Z3.2 F4800
G1 X6.857 Y-2.119
G1 Z2.9
G1 E2 F2400
;WIDTH:0.63834
G1 F900
G1 X6.867 Y-2.049 E2.00267
;WIDTH:0.59155
G1 X6.877 Y-1.979 E2.00514
;WIDTH:0.544759
G1 X6.887 Y-1.909 E2.0074
;WIDTH:0.497969
G1 X6.897 Y-1.838 E2.00948
;WIDTH:0.451178
G1 X6.907 Y-1.768 E2.01133
;WIDTH:0.404388
G1 X6.917 Y-1.698 E2.01297
;WIDTH:0.371654
G1 X6.804 Y-1.305 E2.02163
;WIDTH:0.421082
G1 X6.584 Y-.694 E2.03738
G1 X5.784 Y-.297 E2.05904
G1 X6.09 Y-.65 E2.07037
G1 X6.251 Y-.921 E2.07801
G1 X6.491 Y-1.435 E2.09177
;WIDTH:0.371654
G1 X6.603 Y-1.781 E2.09947
;WIDTH:0.404388
G1 X6.645 Y-1.837 E2.10109
;WIDTH:0.451178
G1 X6.687 Y-1.894 E2.10294
;WIDTH:0.497969
G1 X6.73 Y-1.95 E2.10499
;WIDTH:0.544759
G1 X6.772 Y-2.007 E2.10725
;WIDTH:0.59155
G1 X6.814 Y-2.063 E2.10969
;WIDTH:0.63834
G1 X6.821 Y-2.071 E2.11009
G1 X6.857 Y-2.119 F4800
G1 F900
G1 X6.889 Y-2.282 E2.11637
G1 X7.072 Y-3.048 F4800
;WIDTH:0.432767
G1 F900
G1 X7.055 Y-2.77 E2.12333
;WIDTH:0.47977
G1 X7.013 Y-2.648 E2.12693
;WIDTH:0.526773
G1 X6.972 Y-2.526 E2.1309
;WIDTH:0.573776
G1 X6.931 Y-2.404 E2.13525
;WIDTH:0.620778
G1 X6.889 Y-2.282 E2.13999
G1 X6.846 Y-2.387 E2.14415
;WIDTH:0.573776
G1 X6.802 Y-2.492 E2.148
;WIDTH:0.526773
G1 X6.758 Y-2.597 E2.15151
;WIDTH:0.47977
G1 X6.715 Y-2.702 E2.15468
;WIDTH:0.432767
G1 X6.582 Y-2.856 E2.15976
;WIDTH:0.429934
G1 X6.426 Y-2.909 E2.16385
;WIDTH:0.397424
G1 X6.27 Y-2.962 E2.1676
G1 X6.431 Y-2.997 E2.17135
;WIDTH:0.429934
G1 X6.592 Y-3.031 E2.17543
;WIDTH:0.432767
G1 X7.012 Y-3.046 E2.18593
G1 X5.832 Y-2.965 F4800
;WIDTH:0.364914
G1 F900
G1 X6.27 Y-2.962 E2.19502
G1 E.19502 F2400
G92 E0
G1 Z3.2 F4800
G1 X2.88 Y-2.965
G1 Z2.9
G1 E2 F2400
;WIDTH:0.364462
G1 F900
G1 X2.426 Y-2.963 E2.00941
G1 X1.995 Y-3.063 F4800
;WIDTH:0.462662
G1 F900
G1 X2.23 Y-2.977 E2.01613
;WIDTH:0.414953
G1 X2.328 Y-2.97 E2.01848
;WIDTH:0.389708
G1 X2.426 Y-2.963 E2.02067
G1 X2.329 Y-2.946 E2.02287
;WIDTH:0.414953
G1 X2.233 Y-2.928 E2.0252
;WIDTH:0.462662
G1 X2.078 Y-2.85 E2.02986
G1 X1.973 Y-2.724 E2.03426
;WIDTH:0.510576
G1 X1.924 Y-2.551 E2.03962
;WIDTH:0.558489
G1 X1.875 Y-2.379 E2.04549
;WIDTH:0.606402
G1 X1.825 Y-2.206 E2.05194
G1 X1.709 Y-2.492 E2.06299
;WIDTH:0.558489
G1 X1.593 Y-2.777 E2.07309
;WIDTH:0.510576
G1 X1.476 Y-3.063 E2.08231
;WIDTH:0.462662
G1 X1.935 Y-3.063 E2.09463
G1 X1.825 Y-2.206 F4800
;WIDTH:0.645455
G1 F900
G1 X1.889 Y-1.934 E2.10532
;WIDTH:0.684508
G1 X1.952 Y-1.662 E2.11668
;WIDTH:0.686698
G1 X1.955 Y-1.649 E2.11722
G1 X2.349 Y-2.505 F4800
;TYPE:External perimeter
;WIDTH:0.449999
G1 F900
G1 X2.318 Y-2.472 E2.1184
G1 X2.332 Y-2.244 E2.12435
G1 X2.577 Y-1.574 E2.14294
G1 X2.835 Y-1.035 E2.15851
G1 X3.215 Y-.545 E2.17467
G1 X3.433 Y-.363 E2.18207
G1 X3.822 Y-.125 E2.19395
G1 X4.216 Y-.02 E2.20457
;WIDTH:0.489299
G1 X4.451 Y-.039 E2.21129
;WIDTH:0.528599
G1 X4.686 Y-.058 E2.21859
;WIDTH:0.567898
G1 X4.921 Y-.077 E2.22647
;WIDTH:0.590647
G1 X5.364 Y-.338 E2.24438
G1 X5.407 Y-.403 E2.24709
;WIDTH:0.547591
G1 X5.65 Y-.756 E2.26086
;WIDTH:0.498795
G1 X5.894 Y-1.108 E2.27332
;WIDTH:0.449999
G1 X6.195 Y-1.724 E2.29118
G1 X6.391 Y-2.355 E2.3084
G1 X6.319 Y-2.544 E2.31367
G1 X6.184 Y-2.593 E2.31741
G1 X5.29 Y-2.593 E2.3407
G1 X5.373 Y-2.749 E2.3453
G1 X5.519 Y-3.337 E2.36109
G1 X6.184 Y-3.337 E2.37842
G1 X6.368 Y-3.372 E2.3833
G1 X6.417 Y-3.457 E2.38586
G1 X7.505 Y-3.457 E2.41421
G1 X7.463 Y-2.736 E2.43303
G1 X7.347 Y-1.931 E2.45422
G1 X7.238 Y-1.422 E2.46778
G1 X6.916 Y-.409 E2.49548
G1 X6.382 Y-.143 E2.51102
;WIDTH:0.496882
G1 X6.135 Y-.047 E2.5187
;WIDTH:0.543765
G1 X5.888 Y.05 E2.52717
;WIDTH:0.590647
G1 X5.64 Y.146 E2.53643
G1 X5.391 Y.29 E2.54645
;WIDTH:0.556394
G1 X5.141 Y.433 E2.55587
;WIDTH:0.522141
G1 X4.892 Y.576 E2.56464
;WIDTH:0.487888
G1 X4.791 Y.727 E2.5698
;WIDTH:0.449999
G1 X4.784 Y1.077 E2.57892
G1 X3.1 Y2.302 E2.63318
G1 X3.1 Y1.396 E2.65679
G1 X3.04 Y1.249 E2.66093
G1 X2.891 Y1.187 E2.66513
G1 X1.044 Y1.187 E2.71325
G1 X1.217 Y.761 E2.72523
G1 X1.351 Y.251 E2.73897
G1 X1.457 Y-.47 E2.75796
G1 X1.423 Y-1.585 E2.78703
G1 X1.346 Y-2.08 E2.80008
G1 X1.205 Y-2.606 E2.81427
G1 X.812 Y-3.487 E2.83941
G1 X1.995 Y-3.487 E2.87023
;WIDTH:0.451645
G1 X2.182 Y-3.558 E2.87546
;WIDTH:0.452452
G1 X2.232 Y-3.667 E2.8786
G1 X2.237 Y-3.539 E2.88196
;WIDTH:0.451645
G1 X2.315 Y-3.384 E2.8865
;WIDTH:0.449999
G1 X2.446 Y-3.337 E2.89013
G1 X3.183 Y-3.337 E2.90933
G1 X3.272 Y-2.909 E2.92072
G1 X3.416 Y-2.593 E2.92977
G1 X2.413 Y-2.571 E2.95591
G1 X2.391 Y-2.548 E2.95674
G1 X2.376 Y-2.148 F4800
G1 E.95674 F2400
G92 E0
G1 Z3.2 F4800
G1 X6.896 Y-5.36
G1 Z2.9
G1 E2 F2400
;TYPE:Perimeter
;WIDTH:0.629138
G1 F900
G1 X6.859 Y-5.295 E2.00278
G1 X6.784 Y-5.295 E2.00557
G1 X6.747 Y-5.36 E2.00835
G1 X6.784 Y-5.424 E2.0111
G1 X6.859 Y-5.424 E2.01389
G1 X6.4 Y-4.852 F4800
;TYPE:External perimeter
;WIDTH:0.449999
G1 F900
G1 X6.399 Y-4.852 E2.01392
G1 X6.341 Y-5.195 E2.02298
G1 X6.12 Y-5.958 E2.04368
G1 X6.032 Y-6.144 E2.04904
G1 X7.366 Y-5.718 E2.08553
G1 X7.48 Y-4.852 E2.10829
G1 X6.46 Y-4.852 E2.13487
G1 X6.331 Y-5.231 F4800
G1 E.13487 F2400
G92 E0
G1 Z3.2 F4800
G1 X-2.862 Y6.579
G1 Z2.9
G1 E2 F2400
;TYPE:Perimeter
;WIDTH:0.494096
G1 F900
G1 X-2.139 Y6.578 E2.02083
G1 X-1.252 Y7.018 F4800
;WIDTH:0.449999
G1 F900
G1 X-3.679 Y7.018 E2.08407
G1 X-3.316 Y6.646 E2.09761
G1 X-3.299 Y6.535 E2.10054
G1 X-3.34 Y6.2 E2.10933
;WIDTH:0.453251
G1 X-3.428 Y6.075 E2.11334
G1 X-3.268 Y6.101 E2.1176
;WIDTH:0.449999
G1 X-2.67 Y6.156 E2.13325
G1 X-2.159 Y6.138 E2.14657
G1 X-1.554 Y6.069 E2.16244
G1 X-1.694 Y6.309 E2.16968
G1 X-1.684 Y6.646 E2.17846
G1 X-1.297 Y6.979 E2.19176
G1 E.19176 F2400
G92 E0
G1 Z3.2 F4800
G1 X1.712 Y3.533
G1 Z2.9
G1 E2 F2400
;TYPE:External perimeter
;WIDTH:0.540077
G1 F900
G1 X1.736 Y3.505 E2.00117
;WIDTH:0.525175
G1 X2.319 Y3.505 E2.01909
G1 X2.052 Y3.903 E2.03382
;WIDTH:0.540077
G1 X1.668 Y4.378 E2.05317
;WIDTH:0.542851
G1 X1.175 Y4.88 E2.07558
;WIDTH:0.55958
G1 X.449 Y5.446 E2.10586
;WIDTH:0.562826
G1 X-.039 Y5.735 E2.12463
;WIDTH:0.57013
G1 X-.67 Y6.016 E2.1478
;WIDTH:0.585513
G1 X-1.201 Y6.192 E2.1671
G1 X-1.229 Y6.26 E2.16964
;WIDTH:0.540342
G1 X-1.257 Y6.329 E2.172
;WIDTH:0.495171
G1 X-1.285 Y6.397 E2.17412
;WIDTH:0.449999
G1 X-1.271 Y6.583 E2.17898
;WIDTH:0.492782
G1 X-1.202 Y6.664 E2.18204
;WIDTH:0.535565
G1 X-1.133 Y6.745 E2.18538
;WIDTH:0.578348
G1 X-1.064 Y6.825 E2.18898
G1 X1.425 Y6.825 E2.27376
G1 X.751 Y7.046 E2.29792
G1 X-.533 Y7.371 E2.34303
G1 X-1.064 Y7.371 E2.36112
G1 X-1.378 Y7.393 E2.37184
;WIDTH:0.535565
G1 X-1.691 Y7.414 E2.38169
;WIDTH:0.492782
G1 X-2.004 Y7.435 E2.3907
;WIDTH:0.449999
G1 X-2.996 Y7.435 E2.41655
;WIDTH:0.492772
G1 X-3.309 Y7.414 E2.42556
;WIDTH:0.535545
G1 X-3.622 Y7.393 E2.43541
;WIDTH:0.578317
G1 X-4.5 Y7.364 E2.46533
G1 X-5.445 Y7.133 E2.49846
G1 X-6.435 Y6.825 E2.53377
G1 X-4.435 Y6.825 E2.60189
;WIDTH:0.582456
G1 X-3.888 Y6.823 E2.62066
G1 X-3.835 Y6.743 E2.62395
;WIDTH:0.538304
G1 X-3.782 Y6.663 E2.62698
;WIDTH:0.494152
G1 X-3.729 Y6.583 E2.62974
;WIDTH:0.449999
G1 X-3.712 Y6.473 E2.63264
;WIDTH:0.495318
G1 X-3.745 Y6.377 E2.63557
;WIDTH:0.540637
G1 X-3.778 Y6.282 E2.63876
;WIDTH:0.585956
G1 X-3.811 Y6.186 E2.64227
G1 X-4.116 Y6.087 E2.65334
;WIDTH:0.569561
G1 X-4.62 Y5.901 E2.67134
G1 X-5.471 Y5.43 E2.70394
;WIDTH:0.563049
G1 X-5.883 Y5.129 E2.72083
;WIDTH:0.549218
G1 X-6.393 Y4.67 E2.74295
;WIDTH:0.545316
G1 X-6.868 Y4.144 E2.76563
;WIDTH:0.53918
G1 X-7.312 Y3.508 E2.79015
;WIDTH:0.53189
G1 X-6.732 Y3.508 E2.80822
;WIDTH:0.53918
G1 X-6.47 Y3.83 E2.82135
;WIDTH:0.545316
G1 X-6.032 Y4.306 E2.84205
;WIDTH:0.550562
G1 X-5.509 Y4.767 E2.86459
;WIDTH:0.552752
G1 X-4.874 Y5.173 E2.88906
;WIDTH:0.567458
G1 X-4.335 Y5.44 E2.90914
;WIDTH:0.583674
G1 X-3.671 Y5.653 E2.93312
G1 X-3.524 Y5.664 E2.93819
;WIDTH:0.539116
G1 X-3.377 Y5.674 E2.94285
;WIDTH:0.494558
G1 X-3.229 Y5.685 E2.94713
;WIDTH:0.449999
G1 X-2.603 Y5.74 E2.9635
G1 X-1.94 Y5.709 E2.98079
;WIDTH:0.495171
G1 X-1.758 Y5.698 E2.98605
;WIDTH:0.540342
G1 X-1.577 Y5.687 E2.9918
;WIDTH:0.585513
G1 X-1.395 Y5.676 E2.99809
G1 X-.886 Y5.523 E3.01643
;WIDTH:0.57013
G1 X-.231 Y5.238 E3.04039
;WIDTH:0.563534
G1 X.273 Y4.931 E3.05994
;WIDTH:0.551164
G1 X.889 Y4.452 E3.08519
;WIDTH:0.541816
G1 X1.303 Y4.025 E3.10409
;WIDTH:0.540077
G1 X1.674 Y3.58 E3.12244
G1 X2.068 Y3.51 F4800
G1 E1.12244 F2400
G92 E0
G1 Z3.2 F4800
G1 X-7.234 Y-3.658
G1 Z2.9
G1 E2 F2400
;WIDTH:0.45889
G1 F900
G1 X-7.236 Y-3.696 E2.00101
;WIDTH:0.46238
G1 X-7.239 Y-4.4 E2.0199
;WIDTH:0.507093
G1 X-7.261 Y-4.699 E2.02878
;WIDTH:0.551806
G1 X-7.284 Y-4.998 E2.0385
;WIDTH:0.596518
G1 X-7.306 Y-5.297 E2.04905
G1 X-7.284 Y-4.898 F4800
G1 E.04905 F2400
G92 E0
G1 Z3.2 F4800
G1 X-11.846 Y-2.072
G1 Z2.9
G1 E2 F2400
;TYPE:Perimeter
;WIDTH:0.64619
G1 F900
G1 X-11.803 Y-2.016 E2.0027
;WIDTH:0.59765
G1 X-11.759 Y-1.96 E2.00521
;WIDTH:0.54911
G1 X-11.716 Y-1.903 E2.00751
;WIDTH:0.500569
G1 X-11.673 Y-1.847 E2.00957
;WIDTH:0.452029
G1 X-11.63 Y-1.791 E2.01142
;WIDTH:0.403489
G1 X-11.587 Y-1.735 E2.01305
;WIDTH:0.372706
G1 X-11.492 Y-1.435 E2.01973
;WIDTH:0.398899
G1 X-11.332 Y-1.101 E2.0282
;WIDTH:0.425091
G1 X-11.173 Y-.767 E2.03726
G1 X-10.792 Y-.303 E2.05197
G1 X-11.592 Y-.7 E2.07385
G1 X-11.737 Y-1.083 E2.08388
;WIDTH:0.402581
G1 X-11.898 Y-1.648 E2.09745
;WIDTH:0.403489
G1 X-11.889 Y-1.719 E2.09911
;WIDTH:0.452029
G1 X-11.88 Y-1.79 E2.10098
;WIDTH:0.500569
G1 X-11.872 Y-1.86 E2.10304
;WIDTH:0.54911
G1 X-11.863 Y-1.931 E2.10535
;WIDTH:0.59765
G1 X-11.854 Y-2.001 E2.10784
;WIDTH:0.64619
G1 X-11.853 Y-2.012 E2.10826
G1 X-12.072 Y-3.048 F4800
;WIDTH:0.432752
G1 F900
G1 X-11.652 Y-3.049 E2.11875
;WIDTH:0.429914
G1 X-11.461 Y-3.006 E2.12361
;WIDTH:0.397412
G1 X-11.27 Y-2.962 E2.12807
G1 X-11.426 Y-2.909 E2.13182
;WIDTH:0.429914
G1 X-11.582 Y-2.856 E2.13591
;WIDTH:0.432752
G1 X-11.694 Y-2.734 E2.14005
;WIDTH:0.479754
G1 X-11.743 Y-2.621 E2.14349
;WIDTH:0.526755
G1 X-11.792 Y-2.508 E2.14729
;WIDTH:0.573757
G1 X-11.84 Y-2.395 E2.15144
;WIDTH:0.620758
G1 X-11.889 Y-2.282 E2.15596
G1 X-11.931 Y-2.404 E2.1607
;WIDTH:0.573757
G1 X-11.972 Y-2.526 E2.16505
;WIDTH:0.526755
G1 X-12.013 Y-2.648 E2.16902
;WIDTH:0.479754
G1 X-12.055 Y-2.77 E2.17262
;WIDTH:0.432752
G1 X-12.068 Y-2.988 E2.17808
G1 X-11.889 Y-2.282 F4800
;WIDTH:0.64619
G1 F900
G1 X-11.846 Y-2.072 E2.18629
G1 X-10.832 Y-2.966 F4800
;WIDTH:0.36491
G1 F900
G1 X-11.27 Y-2.962 E2.19538
G1 E.19538 F2400
G92 E0
G1 Z3.2 F4800
G1 X-7.879 Y-2.965
G1 Z2.9
G1 E2 F2400
;WIDTH:0.365046
G1 F900
G1 X-7.426 Y-2.963 E2.0094
G1 X-7.202 Y-2.989 F4800
;WIDTH:0.462786
G1 F900
G1 X-7.024 Y-3.063 E2.01458
G1 X-6.476 Y-3.063 E2.0293
G1 X-6.628 Y-2.678 E2.04042
;WIDTH:0.510664
G1 X-6.694 Y-2.521 E2.0455
;WIDTH:0.558542
G1 X-6.76 Y-2.363 E2.05112
;WIDTH:0.60642
G1 X-6.826 Y-2.205 E2.05725
G1 X-6.862 Y-2.354 E2.06274
;WIDTH:0.558542
G1 X-6.897 Y-2.502 E2.06773
;WIDTH:0.510664
G1 X-6.933 Y-2.651 E2.0723
;WIDTH:0.462786
G1 X-7.078 Y-2.849 E2.07889
G1 X-7.233 Y-2.928 E2.08356
;WIDTH:0.415302
G1 X-7.329 Y-2.945 E2.08589
;WIDTH:0.390174
G1 X-7.426 Y-2.963 E2.08809
G1 X-7.328 Y-2.97 E2.09028
;WIDTH:0.415302
G1 X-7.259 Y-2.975 E2.09193
G1 E.09193 F2400
G92 E0
G1 Z3.2 F4800
G1 X-7.282 Y-.329
G1 Z2.9
G1 E2 F2400
;WIDTH:0.451585
G1 F900
G1 X-7.182 Y.351 E2.01798
G1 X-8.056 Y.382 E2.04085
G1 X-7.584 Y.005 E2.05665
G1 X-7.311 Y-.317 E2.06769
G1 X-7.058 Y-1.541 F4800
;WIDTH:0.600209
G1 F900
G1 X-7.045 Y-1.556 E2.06839
;WIDTH:0.641559
G1 X-6.998 Y-1.611 E2.07114
;WIDTH:0.682908
G1 X-6.951 Y-1.667 E2.07411
G1 X-6.938 Y-1.598 E2.07696
;WIDTH:0.641559
G1 X-6.926 Y-1.53 E2.07958
;WIDTH:0.600209
G1 X-6.914 Y-1.461 E2.08206
;WIDTH:0.558859
G1 X-6.902 Y-1.393 E2.08433
;WIDTH:0.51751
G1 X-6.889 Y-1.324 E2.08646
;WIDTH:0.47616
G1 X-6.877 Y-.501 E2.10925
;WIDTH:0.449999
G1 X-6.803 Y.049 E2.12371
G1 X-6.647 Y.769 E2.14291
G1 X-7.424 Y.769 E2.16316
;WIDTH:0.49028
G1 X-7.607 Y.762 E2.16839
;WIDTH:0.53056
G1 X-7.789 Y.754 E2.17405
;WIDTH:0.570841
G1 X-7.971 Y.747 E2.18017
;WIDTH:0.611121
G1 X-8.153 Y.739 E2.18675
G1 X-8.225 Y.777 E2.18969
;WIDTH:0.603636
G1 X-8.268 Y.839 E2.19238
;WIDTH:0.565227
G1 X-8.311 Y.901 E2.19489
;WIDTH:0.526818
G1 X-8.353 Y.963 E2.1972
;WIDTH:0.488409
G1 X-8.396 Y1.025 E2.19935
;WIDTH:0.449999
G1 X-8.518 Y1.481 E2.21165
G1 X-9.366 Y.864 E2.23897
G1 X-9.369 Y.725 E2.24259
G1 X-9.508 Y.392 E2.25199
G1 X-9.436 Y.398 E2.25387
;WIDTH:0.497772
G1 X-9.028 Y.348 E2.2658
;WIDTH:0.545544
G1 X-8.62 Y.298 E2.27896
;WIDTH:0.578333
G1 X-8.525 Y.267 E2.28236
;WIDTH:0.611121
G1 X-8.43 Y.235 E2.28598
G1 X-8.293 Y.103 E2.29285
;WIDTH:0.570841
G1 X-8.156 Y-.029 E2.29924
;WIDTH:0.53056
G1 X-8.019 Y-.16 E2.30513
;WIDTH:0.49028
G1 X-7.882 Y-.292 E2.31056
;WIDTH:0.449999
G1 X-7.413 Y-.932 E2.33123
;WIDTH:0.47616
G1 X-7.187 Y-1.39 E2.34537
;WIDTH:0.51751
G1 X-7.14 Y-1.445 E2.34756
;WIDTH:0.558859
G1 X-7.097 Y-1.495 E2.34973
G1 X-6.951 Y-1.667 F4800
;WIDTH:0.682908
G1 F900
G1 X-6.892 Y-1.92 E2.36027
;WIDTH:0.645053
G1 X-6.834 Y-2.173 E2.37019
;WIDTH:0.607198
G1 X-6.826 Y-2.205 E2.37137
G1 X-7.343 Y-2.506 F4800
;TYPE:External perimeter
;WIDTH:0.449999
G1 F900
G1 X-7.366 Y-2.538 E2.3724
G1 X-7.507 Y-2.593 E2.37634
G1 X-8.365 Y-2.593 E2.3987
G1 X-8.384 Y-2.619 E2.39954
G1 X-8.173 Y-3.338 E2.41906
G1 X-7.439 Y-3.338 E2.43818
;WIDTH:0.450212
G1 X-7.282 Y-3.417 E2.44276
;WIDTH:0.45889
G1 X-7.234 Y-3.658 E2.4493
G1 X-7.19 Y-3.564 E2.45206
;WIDTH:0.456389
G1 X-7.024 Y-3.487 E2.4569
;WIDTH:0.449999
G1 X-5.812 Y-3.487 E2.48848
G1 X-5.923 Y-3.295 E2.49426
G1 X-6.217 Y-2.571 E2.51462
G1 X-6.359 Y-2.025 E2.52932
G1 X-6.458 Y-1.324 E2.54777
G1 X-6.457 Y-.47 E2.57002
G1 X-6.346 Y.274 E2.58962
G1 X-6.217 Y.761 E2.60275
G1 X-6.044 Y1.187 E2.61473
G1 X-7.711 Y1.187 E2.65816
G1 X-8.007 Y1.222 E2.66593
G1 X-8.1 Y1.396 E2.67107
G1 X-8.1 Y2.302 E2.69468
G1 X-9.784 Y1.077 E2.74894
G1 X-9.784 Y.78 E2.75668
;WIDTH:0.488652
G1 X-9.833 Y.669 E2.76013
;WIDTH:0.527304
G1 X-9.883 Y.558 E2.76389
;WIDTH:0.565032
G1 X-10.338 Y.311 E2.78109
G1 X-10.793 Y.096 E2.79781
;WIDTH:0.546174
G1 X-11.087 Y-.024 E2.80799
;WIDTH:0.498087
G1 X-11.382 Y-.143 E2.81723
;WIDTH:0.449999
G1 X-11.92 Y-.411 E2.83289
G1 X-12.113 Y-.963 E2.84813
G1 X-12.347 Y-1.933 E2.87413
G1 X-12.463 Y-2.736 E2.89527
G1 X-12.505 Y-3.457 E2.91409
G1 X-11.417 Y-3.457 E2.94244
G1 X-11.368 Y-3.372 E2.945
G1 X-11.253 Y-3.338 E2.94812
G1 X-10.519 Y-3.338 E2.96724
G1 X-10.473 Y-3.062 E2.97453
G1 X-10.291 Y-2.593 E2.98764
G1 X-11.184 Y-2.593 E3.01091
G1 X-11.319 Y-2.544 E3.01465
G1 X-11.391 Y-2.355 E3.01992
G1 X-11.234 Y-1.846 E3.0338
G1 X-11.043 Y-1.395 E3.04656
G1 X-10.786 Y-.914 E3.06077
;WIDTH:0.497554
G1 X-10.65 Y-.724 E3.06755
;WIDTH:0.545109
G1 X-10.513 Y-.535 E3.07502
;WIDTH:0.592664
G1 X-10.377 Y-.345 E3.08319
G1 X-9.845 Y-.044 E3.10455
;WIDTH:0.567819
G1 X-9.676 Y-.019 E3.11026
;WIDTH:0.527304
G1 X-9.385 Y-.031 E3.11925
;WIDTH:0.488652
G1 X-9.094 Y-.042 E3.12754
;WIDTH:0.449999
G1 X-8.721 Y-.169 E3.13781
G1 X-8.214 Y-.546 E3.15427
G1 X-7.792 Y-1.107 E3.17256
G1 X-7.531 Y-1.672 E3.18878
G1 X-7.332 Y-2.244 E3.20456
G1 X-7.319 Y-2.454 E3.21004
G1 X-7.697 Y-2.586 F4800
G1 E1.21004 F2400
G92 E0
G1 Z3.2 F4800
G1 X-7.321 Y-5.34
G1 Z2.9
G1 E2 F2400
;WIDTH:0.587047
G1 F900
G1 X-7.473 Y-5.748 E2.01507
;WIDTH:0.550857
G1 X-7.626 Y-6.156 E2.02916
;WIDTH:0.514667
G1 X-7.888 Y-6.63 E2.04546
G1 X-7.265 Y-6.715 E2.06438
G1 X-7.265 Y-6.166 E2.0809
;WIDTH:0.555593
G1 X-7.293 Y-5.753 E2.09441
;WIDTH:0.596518
G1 X-7.317 Y-5.4 E2.10686
G1 X-7.483 Y-5.764 F4800
G1 E.10686 F2400
G92 E0
G1 Z3.2 F4800
G1 X-11.747 Y-5.359
G1 Z2.9
G1 E2 F2400
;TYPE:Perimeter
;WIDTH:0.629374
G1 F900
G1 X-11.785 Y-5.295 E2.00277
G1 X-11.859 Y-5.295 E2.00553
G1 X-11.897 Y-5.359 E2.0083
G1 X-11.859 Y-5.424 E2.0111
G1 X-11.785 Y-5.424 E2.01386
G1 X-11.4 Y-4.852 F4800
;TYPE:External perimeter
;WIDTH:0.449999
G1 F900
G1 X-12.48 Y-4.852 E2.042
G1 X-12.449 Y-5.188 E2.05079
G1 X-12.366 Y-5.718 E2.06477
G1 X-11.032 Y-6.144 E2.10126
G1 X-11.12 Y-5.958 E2.10662
G1 X-11.334 Y-5.218 E2.12669
G1 X-11.389 Y-4.909 E2.13487
G1 X-11.785 Y-4.854 F4800
M106 S214.2
;LAYER_CHANGE
;Z:3.05
;HEIGHT:0.15
G1 E.13487 F2400
G92 E0
G1 Z3.05 F4800
G1 Z3.35
G1 X.13 Y8.048
G1 Z3.05
G1 E2 F2400
;TYPE:Support material
;WIDTH:0.35
G1 F3600
G1 X.307 Y8.236 E2.00512
G1 X.23 Y8.478 E2.01015
G1 X-.295 Y8.65 E2.0211
G1 X-.535 Y8.58 E2.02605
G1 X-.616 Y8.368 E2.03055
G1 X-.512 Y8.168 E2.03502
G1 X.083 Y8.037 E2.0471
G1 E.0471 F2400
G92 E0
G1 Z3.35 F4800
G1 X4.593 Y-1.516
G1 Z3.05
G1 E2 F2400
G1 F3600
G1 X4.684 Y-1.457 E2.00215
G1 X4.343 Y-1.34 E2.0093
G1 X4.081 Y-1.463 E2.01504
G1 X4.593 Y-1.516 E2.02524
G1 X4.713 Y-1.846 E2.0322
G1 X4.943 Y-1.715 E2.03745
G1 X5.093 Y-1.342 E2.04542
G1 X4.812 Y-1.119 E2.05253
G1 X4.354 Y-.987 E2.06198
G1 X3.923 Y-1.104 E2.07083
G1 X3.576 Y-1.418 E2.08011
G1 X3.535 Y-1.542 E2.0827
G1 X3.643 Y-1.709 E2.08664
G1 X4.017 Y-1.827 E2.09441
G1 X4.67 Y-1.866 E2.10738
G1 E.10738 F2400
G92 E0
G1 Z3.35 F4800
G1 X-4.988 Y-6.59
G1 Z3.05
G1 E2 F2400
G1 F3600
G1 X-4.831 Y-7.083 E2.01025
G1 X-4.159 Y-7.687 E2.02816
G1 X-3.869 Y-7.759 E2.03408
G1 X-3.813 Y-8.105 E2.04103
G1 X-3.568 Y-8.058 E2.04597
G1 X-3.104 Y-7.779 E2.0567
G1 X-2.481 Y-7.723 E2.0691
G1 X-2.013 Y-7.971 E2.0796
G1 X-1.362 Y-8.038 E2.09257
G1 X-.71 Y-7.741 E2.10677
G1 X-.505 Y-7.502 E2.11301
G1 X-.071 Y-6.647 E2.13201
G1 X-.109 Y-6.288 E2.13916
G1 X-.256 Y-6.097 E2.14394
G1 X-1.069 Y-5.569 E2.16315
G1 X-2.315 Y-5.253 E2.18863
G1 X-2.583 Y-4.399 E2.20637
G1 X-2.438 Y-4.105 E2.21287
G1 X-2.426 Y-3.747 E2.21997
G1 X-2.624 Y-3.471 E2.2267
G1 X-2.794 Y-3.392 E2.23042
G1 X-3.135 Y-3.394 E2.23718
G1 X-3.472 Y-3.71 E2.24634
G1 X-3.495 Y-4.027 E2.25264
G1 X-2.986 Y-4.795 E2.2709
G1 X-3.899 Y-5.356 E2.29214
G1 X-4.493 Y-5.4 E2.30395
G1 X-4.933 Y-5.64 E2.31388
G1 X-5.281 Y-6.153 E2.32617
G1 X-5.344 Y-6.465 E2.33248
G1 X-5.329 Y-6.808 E2.33928
G1 X-5.108 Y-7.302 E2.35001
G1 X-4.341 Y-7.989 E2.37042
G1 X-3.86 Y-8.113 E2.38026
G1 X-3.499 Y-8.402 F4800
G1 F3600
G1 X-2.992 Y-8.121 E2.39175
G1 X-2.553 Y-8.081 E2.40049
G1 X-2.136 Y-8.302 E2.40984
G1 X-1.713 Y-8.397 E2.41843
G1 X-1.333 Y-8.397 E2.42596
G1 X-.858 Y-8.245 E2.43584
G1 X-.482 Y-8.011 E2.44462
G1 X-.275 Y-7.78 E2.45077
G1 X.277 Y-6.715 E2.47454
G1 X.216 Y-6.157 E2.48567
G1 X-.015 Y-5.836 E2.49351
G1 X-.934 Y-5.244 E2.51518
G1 X-2.039 Y-4.967 E2.53776
G1 X-2.207 Y-4.429 E2.54893
G1 X-2.047 Y-3.921 E2.55949
G1 X-2.088 Y-3.64 E2.56512
G1 X-2.225 Y-3.367 E2.57117
G1 X-2.7 Y-3.049 E2.5825
G1 X-3.253 Y-3.058 E2.59346
G1 X-3.629 Y-3.323 E2.60258
G1 X-3.832 Y-3.676 E2.61065
G1 X-3.842 Y-4.1 E2.61906
G1 X-3.491 Y-4.694 E2.63273
G1 X-3.994 Y-5.004 E2.64444
G1 X-4.601 Y-5.066 E2.65653
G1 X-5.164 Y-5.374 E2.66925
G1 X-5.392 Y-5.599 E2.6756
G1 X-5.607 Y-6.021 E2.68499
G1 X-5.695 Y-6.443 E2.69353
G1 X-5.677 Y-6.871 E2.70202
G1 X-5.56 Y-7.224 E2.70939
G1 X-5.384 Y-7.521 E2.71623
G1 X-5.027 Y-7.865 E2.72606
G1 X-4.523 Y-8.292 E2.73915
G1 X-4.24 Y-8.414 E2.74526
G1 X-3.852 Y-8.468 E2.75302
G1 X-3.546 Y-8.41 E2.75919
G1 E.75919 F2400
G92 E0
G1 Z3.35 F4800
G1 X-9.775 Y-1.521
G1 Z3.05
G1 E2 F2400
G1 F3600
G1 X-9.532 Y-1.375 E2.00562
G1 X-10.434 Y-1.871 E2.02602
G1 X-9.571 Y-1.871 E2.04312
G1 X-9.423 Y-1.711 E2.04744
G1 X-8.811 Y-1.485 E2.06037
G1 X-8.712 Y-1.246 E2.0655
G1 X-9.173 Y-1.006 E2.0758
G1 X-9.638 Y-1.039 E2.08504
G1 X-10.188 Y-1.436 E2.09848
G1 X-10.481 Y-1.871 E2.10887
G1 E.10887 F2400
G92 E0
G1 Z3.35 F4800
G1 X6.734 Y-5.449
G1 Z3.05
G1 E2 F2400
;TYPE:Perimeter
;WIDTH:0.349082
G1 F900
G1 X6.714 Y-5.415 E2.00078
G1 X6.654 Y-5.449 E2.00214
G1 X6.714 Y-5.484 E2.00351
G1 X6.397 Y-5.082 F4800
;TYPE:External perimeter
;WIDTH:0.449999
G1 F900
G1 X6.393 Y-5.082 E2.00361
G1 X6.176 Y-6 E2.02819
G1 X7.418 Y-5.604 E2.06216
G1 X7.475 Y-5.082 E2.07584
G1 X6.457 Y-5.082 E2.10236
G1 X6.307 Y-5.453 F4800
G1 E.10236 F2400
G92 E0
G1 Z3.35 F4800
G1 X-7.307 Y-5.538
G1 Z3.05
G1 E2 F2400
;WIDTH:0.598636
G1 F900
G1 X-7.289 Y-5.329 E2.00741
;WIDTH:0.563336
G1 X-7.272 Y-5.121 E2.01432
;WIDTH:0.528036
G1 X-7.254 Y-4.912 E2.02081
;WIDTH:0.492736
G1 X-7.23 Y-4.073 E2.04492
;WIDTH:0.45481
G1 X-7.234 Y-3.902 E2.04943
G1 X-7.247 Y-4.302 F4800
G1 E.04943 F2400
G92 E0
G1 Z3.35 F4800
G1 X2.234 Y-3.902
G1 Z3.05
G1 E2 F2400
;WIDTH:0.454804
G1 F900
G1 X2.23 Y-4.073 E2.00451
;WIDTH:0.49273
G1 X2.254 Y-4.912 E2.02862
;WIDTH:0.528032
G1 X2.272 Y-5.121 E2.03511
;WIDTH:0.563334
G1 X2.289 Y-5.33 E2.04206
;WIDTH:0.598636
G1 X2.307 Y-5.538 E2.04944
G1 X2.284 Y-5.139 F4800
G1 X2.299 Y-5.579
;WIDTH:0.583503
G1 F900
G1 X2.277 Y-5.937 E2.06177
;WIDTH:0.539494
G1 X2.255 Y-6.295 E2.07312
;WIDTH:0.495485
G1 X2.233 Y-6.653 E2.08348
;WIDTH:0.451476
G1 X2.764 Y-6.581 E2.09749
G1 X2.638 Y-6.336 E2.10469
;WIDTH:0.50053
G1 X2.525 Y-6.084 E2.11276
;WIDTH:0.549583
G1 X2.412 Y-5.832 E2.12167
;WIDTH:0.598636
G1 X2.324 Y-5.634 E2.12932
G1 X2.268 Y-6.03 F4800
G1 E.12932 F2400
G92 E0
G1 Z3.35 F4800
G1 X3.963 Y.632
G1 Z3.05
G1 E2 F2400
;TYPE:Perimeter
;WIDTH:0.623532
G1 F900
G1 X3.926 Y.696 E2.00273
G1 X3.852 Y.696 E2.00546
G1 X3.815 Y.632 E2.00819
G1 X3.852 Y.568 E2.01092
G1 X3.926 Y.568 E2.01365
G1 X2.294 Y-.586 F4800
;WIDTH:0.444733
G1 F900
G1 X2.612 Y-.229 E2.02595
G1 X3.006 Y.136 E2.03977
G1 X2.236 Y.124 E2.05958
G1 X2.289 Y-.526 E2.07636
G1 E.07636 F2400
G92 E0
G1 Z3.35 F4800
G1 X2.101 Y-2.691
G1 Z3.05
G1 E2 F2400
;WIDTH:0.526086
G1 F900
G1 X2.053 Y-2.652 E2.0019
G1 X2.039 Y-2.579 E2.00419
;WIDTH:0.484744
G1 X2.025 Y-2.506 E2.00629
;WIDTH:0.443401
G1 X2.04 Y-2.292 E2.01179
;WIDTH:0.409666
G1 X2.056 Y-2.079 E2.01682
;WIDTH:0.412965
G1 X2.164 Y-1.755 E2.02493
;WIDTH:0.449999
G1 X2.272 Y-1.43 E2.03385
G1 X2.636 Y-.818 E2.0524
G1 X2.904 Y-.524 E2.06277
;WIDTH:0.488537
G1 X3.052 Y-.382 E2.06861
;WIDTH:0.527075
G1 X3.201 Y-.24 E2.07496
;WIDTH:0.565612
G1 X3.349 Y-.098 E2.08178
;WIDTH:0.60415
G1 X3.497 Y.044 E2.0891
G1 X3.629 Y.069 E2.09389
;WIDTH:0.558021
G1 X3.762 Y.095 E2.09833
;WIDTH:0.511892
G1 X3.894 Y.121 E2.10235
;WIDTH:0.465762
G1 X4.428 Y.169 E2.11685
;WIDTH:0.491008
G1 X4.591 Y.162 E2.12152
;WIDTH:0.532017
G1 X4.753 Y.155 E2.12657
;WIDTH:0.573026
G1 X4.916 Y.147 E2.13207
G1 X4.79 Y.247 E2.1375
;WIDTH:0.532017
G1 X4.664 Y.347 E2.14251
;WIDTH:0.491008
G1 X4.538 Y.447 E2.14711
;WIDTH:0.449999
G1 X4.403 Y.666 E2.15381
G1 X4.366 Y.962 E2.16158
G1 X3.518 Y1.579 E2.1889
G1 X3.518 Y1.166 E2.19966
G1 X3.462 Y.907 E2.20656
;WIDTH:0.490675
G1 X3.416 Y.815 E2.2095
;WIDTH:0.531351
G1 X3.371 Y.724 E2.21266
;WIDTH:0.572027
G1 X3.326 Y.633 E2.21608
;WIDTH:0.60415
G1 X3.219 Y.543 E2.22107
G1 X3.137 Y.542 E2.224
;WIDTH:0.565612
G1 X3.055 Y.541 E2.22673
;WIDTH:0.527075
G1 X2.973 Y.54 E2.22926
;WIDTH:0.488537
G1 X2.891 Y.539 E2.23159
;WIDTH:0.449999
G1 X1.743 Y.516 E2.26151
G1 X1.863 Y-.364 E2.28465
G1 X1.891 Y-.871 E2.29788
G1 X1.84 Y-1.445 E2.31289
;WIDTH:0.440368
G1 X1.772 Y-1.763 E2.32117
;WIDTH:0.406375
G1 X1.703 Y-2.081 E2.32876
;WIDTH:0.410808
G1 X1.681 Y-2.237 E2.33248
;WIDTH:0.449234
G1 X1.658 Y-2.393 E2.33658
;WIDTH:0.48766
G1 X1.636 Y-2.549 E2.34105
;WIDTH:0.526086
G1 X1.613 Y-2.705 E2.34591
G1 X1.348 Y-3.285 E2.36555
;WIDTH:0.479279
G1 X1.867 Y-3.285 E2.38002
;WIDTH:0.526086
G1 X2.016 Y-2.966 E2.39086
G1 X2.286 Y-2.838 E2.40006
G1 X2.148 Y-2.728 E2.4055
G1 E.4055 F2400
G92 E0
G1 Z3.35 F4800
G1 X4.916 Y.147
G1 Z3.05
G1 E2 F2400
;WIDTH:0.575622
G1 F900
G1 X5.42 Y-.105 E2.0191
G1 E.0191 F2400
G92 E0
G1 Z3.35 F4800
G1 X6.226 Y-2.86
G1 Z3.05
G1 E2 F2400
;WIDTH:0.41165
G1 F900
G1 X6.395 Y-2.891 E2.00407
;WIDTH:0.450138
G1 X6.564 Y-2.921 E2.00854
G1 X7.033 Y-2.941 E2.02078
G1 X7.007 Y-2.695 E2.02723
G1 X6.992 Y-2.507 E2.03215
;WIDTH:0.413575
G1 X6.976 Y-2.318 E2.03666
;WIDTH:0.377012
G1 X6.961 Y-2.13 E2.04072
;WIDTH:0.362951
G1 X6.895 Y-1.832 E2.04702
;WIDTH:0.388965
G1 X6.773 Y-1.453 E2.05588
;WIDTH:0.414979
G1 X6.652 Y-1.074 E2.06538
;WIDTH:0.443099
G1 X6.534 Y-.807 E2.07286
;WIDTH:0.471218
G1 X6.417 Y-.541 E2.08082
G1 X5.971 Y-.32 E2.09445
;WIDTH:0.50602
G1 X5.787 Y-.248 E2.10029
;WIDTH:0.540821
G1 X5.604 Y-.176 E2.10653
;WIDTH:0.575622
G1 X5.42 Y-.105 E2.11321
G1 X5.559 Y-.245 E2.1199
;WIDTH:0.540821
G1 X5.697 Y-.385 E2.12614
;WIDTH:0.50602
G1 X5.835 Y-.526 E2.13197
;WIDTH:0.471218
G1 X6.065 Y-.824 E2.14228
G1 X6.219 Y-1.1 E2.15093
;WIDTH:0.436188
G1 X6.373 Y-1.377 E2.15891
;WIDTH:0.401158
G1 X6.515 Y-1.781 E2.16876
;WIDTH:0.370803
G1 X6.657 Y-2.185 E2.1778
;WIDTH:0.377012
G1 X6.647 Y-2.33 E2.18093
;WIDTH:0.413575
G1 X6.636 Y-2.475 E2.18439
;WIDTH:0.450138
G1 X6.625 Y-2.621 E2.18821
G1 X6.542 Y-2.726 E2.1917
G1 X6.384 Y-2.793 E2.19617
;WIDTH:0.41165
G1 X6.281 Y-2.837 E2.19882
G1 X5.728 Y-2.868 F4800
;WIDTH:0.373162
G1 F900
G1 X6.226 Y-2.86 E2.20941
G1 E.20941 F2400
G92 E0
G1 Z3.35 F4800
G1 X2.986 Y-2.868
G1 Z3.05
G1 E2 F2400
;WIDTH:0.36722
G1 F900
G1 X2.507 Y-2.863 E2.01001
G1 X2.446 Y-2.407 F4800
;TYPE:External perimeter
;WIDTH:0.449999
G1 F900
G1 X2.413 Y-2.36 E2.01151
G1 X2.413 Y-2.213 E2.01534
G1 X2.631 Y-1.644 E2.03122
G1 X3.027 Y-.99 E2.05114
G1 X3.467 Y-.555 E2.06726
G1 X3.747 Y-.384 E2.07581
G1 X4.032 Y-.281 E2.08371
G1 X4.454 Y-.248 E2.09474
G1 X4.766 Y-.309 E2.10302
G1 X5.109 Y-.471 E2.1129
G1 X5.557 Y-.852 E2.12822
G1 X6.009 Y-1.525 E2.14934
G1 X6.3 Y-2.249 E2.16967
G1 X6.244 Y-2.433 E2.17468
G1 X6.095 Y-2.496 E2.1789
G1 X5.079 Y-2.496 E2.20537
G1 X5.244 Y-2.704 E2.21229
G1 X5.448 Y-3.24 E2.22723
G1 X6.292 Y-3.25 E2.24922
G1 X6.393 Y-3.359 E2.25309
G1 X7.49 Y-3.359 E2.28167
G1 X7.419 Y-2.62 E2.30101
G1 X7.257 Y-1.736 E2.32443
G1 X7.031 Y-.944 E2.34589
G1 X6.749 Y-.228 E2.36594
G1 X4.9 Y.691 E2.41974
G1 X4.796 Y.807 E2.4238
G1 X4.784 Y1.174 E2.43337
G1 X3.1 Y2.4 E2.48764
G1 X3.1 Y1.166 E2.51979
G1 X3.023 Y1.004 E2.52446
G1 X2.891 Y.957 E2.52811
G1 X1.169 Y.957 E2.57298
G1 X1.332 Y.442 E2.58705
G1 X1.43 Y-.152 E2.60274
G1 X1.474 Y-.838 E2.62065
G1 X1.404 Y-1.687 E2.64285
G1 X1.247 Y-2.372 E2.66116
G1 X1.06 Y-2.898 E2.67571
G1 X.613 Y-3.717 E2.70002
G1 X2.024 Y-3.717 E2.73678
;WIDTH:0.454804
G1 X2.234 Y-3.902 E2.74416
G1 X2.265 Y-3.436 E2.75647
;WIDTH:0.449999
G1 X2.33 Y-3.297 E2.76047
G1 X2.474 Y-3.24 E2.76451
G1 X3.255 Y-3.24 E2.78486
G1 X3.384 Y-2.848 E2.79561
G1 X3.616 Y-2.496 E2.80659
G1 X2.608 Y-2.496 E2.83285
G1 X2.484 Y-2.451 E2.83629
G1 X2.483 Y-2.051 F4800
G1 E.83629 F2400
G92 E0
G1 Z3.35 F4800
G1 X-1.058 Y6.821
G1 Z3.05
G1 E2 F2400
;TYPE:Perimeter
;WIDTH:0.384793
G1 F900
G1 X-1.294 Y6.861 E2.00526
G1 X-1.932 Y6.916 E2.01934
;WIDTH:0.351772
G1 X-2.677 Y6.922 E2.03419
;WIDTH:0.382489
G1 X-3.494 Y6.897 E2.05205
G1 X-4.01 Y6.8 E2.06352
;WIDTH:0.382079
G1 X-3.844 Y6.631 E2.06869
G1 X-3.806 Y6.483 E2.07202
G1 X-3.083 Y6.595 E2.08798
;WIDTH:0.352502
G1 X-2.555 Y6.617 E2.09854
;WIDTH:0.36097
G1 X-1.802 Y6.585 E2.11399
;WIDTH:0.384793
G1 X-1.195 Y6.484 E2.12752
G1 X-1.081 Y6.765 E2.13419
G1 X.118 Y6.949 F4800
;WIDTH:0.449999
G1 F900
G1 X-.873 Y7.18 E2.1607
G1 X-1.481 Y7.284 E2.17677
G1 X-3.514 Y7.284 E2.22974
G1 X-4.595 Y7.079 E2.25841
G1 X-5.094 Y6.949 E2.27185
G1 X-4.604 Y6.915 E2.28465
G1 X-4.21 Y6.514 E2.2993
G1 X-4.161 Y6.297 E2.3051
G1 X-4.297 Y5.929 E2.31532
G1 X-3.744 Y6.104 E2.33043
G1 X-3.13 Y6.218 E2.3467
G1 X-2.571 Y6.256 E2.3613
G1 X-1.87 Y6.218 E2.37959
G1 X-1.244 Y6.101 E2.39618
G1 X-.703 Y5.929 E2.41097
G1 X-.839 Y6.298 E2.42122
G1 X-.692 Y6.702 E2.43242
G1 X-.201 Y6.949 E2.44674
G1 X.058 Y6.949 E2.45349
G1 E.45349 F2400
G92 E0
G1 Z3.35 F4800
G1 X1.959 Y3.273
G1 Z3.05
G1 E2 F2400
;TYPE:External perimeter
;WIDTH:0.522771
G1 F900
G1 X2.525 Y3.273 E2.01732
G1 X2.287 Y3.657 E2.03114
;WIDTH:0.525788
G1 X1.888 Y4.216 E2.05228
;WIDTH:0.544745
G1 X1.54 Y4.618 E2.06928
G1 X1.172 Y4.961 E2.08536
;WIDTH:0.559527
G1 X.764 Y5.315 E2.10312
G1 X.383 Y5.575 E2.11829
;WIDTH:0.573629
G1 X-.367 Y5.997 E2.14735
G1 X-.386 Y6.08 E2.15023
;WIDTH:0.532419
G1 X-.405 Y6.164 E2.15292
;WIDTH:0.491209
G1 X-.424 Y6.247 E2.15536
;WIDTH:0.449999
G1 X-.359 Y6.449 E2.16089
G1 X-.196 Y6.531 E2.16564
G1 X2.561 Y6.531 E2.23748
G1 X1.922 Y6.819 E2.25574
G1 X1.293 Y7.044 E2.27315
G1 X.556 Y7.267 E2.29321
G1 X-.095 Y7.436 E2.31073
G1 X-.793 Y7.59 E2.32935
G1 X-1.445 Y7.702 E2.34659
G1 X-3.553 Y7.702 E2.40152
G1 X-4.687 Y7.487 E2.43159
G1 X-5.814 Y7.193 E2.46194
G1 X-6.774 Y6.876 E2.48828
G1 X-7.586 Y6.531 E2.51127
G1 X-4.739 Y6.52 E2.58545
G1 X-4.608 Y6.386 E2.59033
G1 X-4.584 Y6.29 E2.59291
;WIDTH:0.483407
G1 X-4.592 Y6.203 E2.59537
;WIDTH:0.516814
G1 X-4.6 Y6.117 E2.59798
;WIDTH:0.550221
G1 X-4.608 Y6.031 E2.60077
;WIDTH:0.556102
G1 X-5.606 Y5.422 E2.63897
;WIDTH:0.547722
G1 X-6.177 Y4.977 E2.66224
;WIDTH:0.5452
G1 X-6.543 Y4.614 E2.67873
G1 X-6.98 Y4.101 E2.70029
;WIDTH:0.52953
G1 X-7.525 Y3.274 E2.73101
;WIDTH:0.52277
G1 X-6.959 Y3.274 E2.74833
G1 X-6.886 Y3.375 E2.75214
;WIDTH:0.526511
G1 X-6.496 Y3.914 E2.77265
;WIDTH:0.543128
G1 X-5.859 Y4.577 E2.80195
;WIDTH:0.549886
G1 X-5.266 Y5.033 E2.8261
;WIDTH:0.556102
G1 X-4.761 Y5.336 E2.84534
G1 X-4.318 Y5.535 E2.86121
;WIDTH:0.550221
G1 X-3.973 Y5.612 E2.87263
;WIDTH:0.516814
G1 X-3.628 Y5.688 E2.88331
;WIDTH:0.483407
G1 X-3.283 Y5.764 E2.89325
;WIDTH:0.449999
G1 X-2.59 Y5.839 E2.91141
G1 X-1.947 Y5.807 E2.92818
G1 X-1.306 Y5.686 E2.94518
;WIDTH:0.484354
G1 X-1.098 Y5.636 E2.95121
;WIDTH:0.518708
G1 X-.89 Y5.586 E2.9577
;WIDTH:0.553062
G1 X-.682 Y5.536 E2.96465
;WIDTH:0.573049
G1 X-.23 Y5.32 E2.98155
G1 X.429 Y4.909 E3.00775
;WIDTH:0.559527
G1 X.853 Y4.575 E3.0255
;WIDTH:0.544745
G1 X1.171 Y4.262 E3.03976
G1 X1.573 Y3.815 E3.05898
;WIDTH:0.529531
G1 X1.925 Y3.322 E3.07777
G1 X2.322 Y3.278 F4800
G1 E1.07777 F2400
G92 E0
G1 Z3.35 F4800
G1 X-7.986 Y-2.868
G1 Z3.05
G1 E2 F2400
;TYPE:Perimeter
;WIDTH:0.373656
G1 F900
G1 X-7.474 Y-2.86 E2.0109
G1 E.0109 F2400
G92 E0
G1 Z3.35 F4800
G1 X-10.728 Y-2.868
G1 Z3.05
G1 E2 F2400
;WIDTH:0.36722
G1 F900
G1 X-11.196 Y-2.863 E2.00978
G1 X-11.303 Y-2.852 F4800
;WIDTH:0.415856
G1 F900
G1 X-11.411 Y-2.808 E2.01257
;WIDTH:0.450128
G1 X-11.625 Y-2.621 E2.01998
G1 X-11.636 Y-2.475 E2.0238
;WIDTH:0.413562
G1 X-11.647 Y-2.33 E2.02726
;WIDTH:0.376996
G1 X-11.658 Y-2.185 E2.03039
;WIDTH:0.362963
G1 X-11.582 Y-1.937 E2.03574
;WIDTH:0.401164
G1 X-11.373 Y-1.376 E2.04952
;WIDTH:0.451066
G1 X-11.175 Y-1.006 E2.06048
;WIDTH:0.471195
G1 X-10.834 Y-.525 E2.07662
;WIDTH:0.505692
G1 X-10.694 Y-.384 E2.08249
;WIDTH:0.540189
G1 X-10.554 Y-.242 E2.08881
;WIDTH:0.574686
G1 X-10.414 Y-.101 E2.09553
G1 X-10.748 Y-.248 E2.10788
;WIDTH:0.540189
G1 X-11.083 Y-.394 E2.11946
;WIDTH:0.505692
G1 X-11.417 Y-.541 E2.13024
;WIDTH:0.471195
G1 X-11.586 Y-.937 E2.14203
;WIDTH:0.43618
G1 X-11.722 Y-1.259 E2.15084
;WIDTH:0.401164
G1 X-11.842 Y-1.694 E2.16122
;WIDTH:0.370797
G1 X-11.961 Y-2.13 E2.17076
;WIDTH:0.376996
G1 X-11.985 Y-2.4 E2.17659
;WIDTH:0.413562
G1 X-12.009 Y-2.671 E2.18306
;WIDTH:0.450128
G1 X-12.033 Y-2.941 E2.19012
G1 X-11.564 Y-2.921 E2.20236
G1 X-11.361 Y-2.867 E2.20783
G1 E.20783 F2400
G92 E0
G1 Z3.35 F4800
G1 X-10.414 Y-.101
G1 Z3.05
G1 E2 F2400
;WIDTH:0.574686
G1 F900
G1 X-9.916 Y.147 E2.01882
G1 X-8.624 Y.449 F4800
;WIDTH:0.454718
G1 F900
G1 X-8.677 Y.485 E2.02051
;WIDTH:0.497623
G1 X-8.73 Y.521 E2.02237
;WIDTH:0.540529
G1 X-8.782 Y.557 E2.02437
;WIDTH:0.583435
G1 X-8.835 Y.593 E2.02657
;WIDTH:0.62634
G1 X-8.888 Y.628 E2.02892
G1 E.02892 F2400
G92 E0
G1 Z3.35 F4800
G1 X-7.293 Y-.608
G1 Z3.05
G1 E2 F2400
;WIDTH:0.438572
G1 F900
G1 X-7.232 Y.127 E2.01869
G1 X-7.461 Y.127 E2.02449
;WIDTH:0.440943
G1 X-8.004 Y.134 E2.03833
G1 X-7.608 Y-.215 E2.05179
;WIDTH:0.438572
G1 X-7.33 Y-.561 E2.06304
G1 E.06304 F2400
G92 E0
G1 Z3.35 F4800
G1 X-7.09 Y-2.689
G1 Z3.05
G1 E2 F2400
;WIDTH:0.525803
G1 F900
G1 X-7.192 Y-2.785 E2.00431
;WIDTH:0.493885
G1 X-7.286 Y-2.81 E2.00711
;WIDTH:0.453809
G1 X-7.38 Y-2.835 E2.00967
;WIDTH:0.413733
G1 X-7.474 Y-2.86 E2.01198
G1 X-7.376 Y-2.863 E2.01431
;WIDTH:0.453809
G1 X-7.279 Y-2.866 E2.01686
;WIDTH:0.493885
G1 X-7.182 Y-2.869 E2.01965
;WIDTH:0.525803
G1 X-7.016 Y-2.967 E2.02558
G1 X-6.867 Y-3.284 E2.03636
;WIDTH:0.479285
G1 X-6.349 Y-3.284 E2.0508
;WIDTH:0.525803
G1 X-6.613 Y-2.706 E2.07036
G1 X-6.623 Y-2.617 E2.07312
;WIDTH:0.488761
G1 X-6.633 Y-2.528 E2.07567
;WIDTH:0.451718
G1 X-6.644 Y-2.438 E2.07804
;WIDTH:0.414675
G1 X-6.783 Y-1.773 E2.09424
;WIDTH:0.420175
G1 X-6.821 Y-1.52 E2.10043
;WIDTH:0.449999
G1 X-6.859 Y-1.267 E2.1071
G1 X-6.875 Y-.545 E2.12592
G1 X-6.834 Y.011 E2.14045
G1 X-6.737 Y.539 E2.15444
G1 X-7.59 Y.539 E2.17667
;WIDTH:0.489192
G1 X-7.734 Y.534 E2.18078
;WIDTH:0.528385
G1 X-7.878 Y.528 E2.18524
;WIDTH:0.567578
G1 X-8.021 Y.522 E2.19002
;WIDTH:0.60677
G1 X-8.165 Y.516 E2.19518
G1 X-8.234 Y.604 E2.19919
;WIDTH:0.567578
G1 X-8.304 Y.692 E2.20294
;WIDTH:0.528385
G1 X-8.373 Y.781 E2.20642
;WIDTH:0.489192
G1 X-8.443 Y.869 E2.20962
;WIDTH:0.449999
G1 X-8.518 Y1.166 E2.2176
G1 X-8.518 Y1.579 E2.22836
G1 X-9.366 Y.962 E2.25568
G1 X-9.388 Y.714 E2.26217
G1 X-9.559 Y.426 E2.2709
;WIDTH:0.490946
G1 X-9.678 Y.333 E2.27522
;WIDTH:0.531892
G1 X-9.797 Y.24 E2.27993
;WIDTH:0.572838
G1 X-9.916 Y.147 E2.28502
G1 X-9.76 Y.158 E2.29029
;WIDTH:0.524972
G1 X-9.604 Y.169 E2.2951
;WIDTH:0.477106
G1 X-9.01 Y.137 E2.31161
;WIDTH:0.489192
G1 X-8.859 Y.102 E2.31603
;WIDTH:0.528385
G1 X-8.707 Y.066 E2.32086
;WIDTH:0.567578
G1 X-8.556 Y.03 E2.32604
;WIDTH:0.60677
G1 X-8.404 Y-.006 E2.33164
G1 X-8.344 Y-.071 E2.33481
;WIDTH:0.56813
G1 X-8.283 Y-.136 E2.33779
;WIDTH:0.52949
G1 X-8.223 Y-.201 E2.34053
;WIDTH:0.49085
G1 X-8.162 Y-.266 E2.34308
;WIDTH:0.45221
G1 X-7.768 Y-.647 E2.35744
;WIDTH:0.449999
G1 X-7.493 Y-1.068 E2.37054
G1 X-7.235 Y-1.512 E2.38392
;WIDTH:0.443934
G1 X-7.146 Y-1.794 E2.39151
;WIDTH:0.40966
G1 X-7.056 Y-2.076 E2.39848
;WIDTH:0.414675
G1 X-7.016 Y-2.434 E2.40707
;WIDTH:0.451718
G1 X-7.028 Y-2.507 E2.40901
;WIDTH:0.488761
G1 X-7.04 Y-2.58 E2.41112
;WIDTH:0.525803
G1 X-7.05 Y-2.645 E2.41314
G1 X-7.447 Y-2.405 F4800
;TYPE:External perimeter
;WIDTH:0.449999
G1 F900
G1 X-7.473 Y-2.447 E2.41443
G1 X-7.607 Y-2.496 E2.41815
G1 X-8.616 Y-2.496 E2.44444
G1 X-8.41 Y-2.796 E2.45392
G1 X-8.255 Y-3.24 E2.46617
G1 X-7.38 Y-3.262 E2.48898
G1 X-7.287 Y-3.355 E2.49241
;WIDTH:0.45481
G1 X-7.234 Y-3.902 E2.50689
G1 X-7.024 Y-3.717 E2.51427
;WIDTH:0.449999
G1 X-5.613 Y-3.717 E2.55103
G1 X-5.721 Y-3.563 E2.55593
G1 X-6.06 Y-2.898 E2.57538
G1 X-6.183 Y-2.555 E2.58487
G1 X-6.357 Y-1.892 E2.60273
G1 X-6.443 Y-1.234 E2.62002
G1 X-6.459 Y-.573 E2.63725
G1 X-6.423 Y-.064 E2.65055
G1 X-6.325 Y.469 E2.66467
G1 X-6.168 Y.957 E2.67803
G1 X-7.891 Y.957 E2.72292
G1 X-8.04 Y1.02 E2.72714
G1 X-8.1 Y1.166 E2.73125
G1 X-8.1 Y2.4 E2.7634
G1 X-9.784 Y1.174 E2.81767
G1 X-9.791 Y.823 E2.82682
G1 X-9.9 Y.691 E2.83128
G1 X-11.749 Y-.228 E2.88508
G1 X-11.935 Y-.664 E2.89743
G1 X-12.097 Y-1.138 E2.91048
G1 X-12.262 Y-1.757 E2.92717
G1 X-12.428 Y-2.671 E2.95137
G1 X-12.49 Y-3.359 E2.96937
G1 X-11.393 Y-3.359 E2.99795
G1 X-11.338 Y-3.273 E3.00061
G1 X-11.226 Y-3.24 E3.00365
G1 X-10.448 Y-3.24 E3.02392
G1 X-10.355 Y-2.94 E3.0321
G1 X-10.102 Y-2.496 E3.04542
G1 X-11.095 Y-2.496 E3.07129
G1 X-11.244 Y-2.433 E3.07551
G1 X-11.3 Y-2.249 E3.08052
G1 X-11.236 Y-2.079 E3.08525
G1 X-10.98 Y-1.466 E3.10256
G1 X-10.557 Y-.852 E3.12199
G1 X-10.104 Y-.467 E3.13748
G1 X-9.809 Y-.323 E3.14603
G1 X-9.563 Y-.264 E3.15262
G1 X-9.204 Y-.251 E3.16198
G1 X-8.899 Y-.321 E3.17013
G1 X-8.603 Y-.462 E3.17867
G1 X-8.212 Y-.785 E3.19188
G1 X-7.923 Y-1.167 E3.20436
G1 X-7.622 Y-1.66 E3.21941
G1 X-7.411 Y-2.212 E3.23481
G1 X-7.404 Y-2.337 E3.23807
G1 X-7.415 Y-2.354 E3.2386
G1 X-7.792 Y-2.487 F4800
G1 E1.2386 F2400
G92 E0
G1 Z3.35 F4800
G1 X-7.32 Y-5.569
G1 Z3.05
G1 E2 F2400
;WIDTH:0.586897
G1 F900
G1 X-7.393 Y-5.738 E2.00637
;WIDTH:0.543827
G1 X-7.465 Y-5.908 E2.01226
;WIDTH:0.500757
G1 X-7.538 Y-6.077 E2.01764
;WIDTH:0.457687
G1 X-7.757 Y-6.579 E2.03217
G1 X-7.237 Y-6.65 E2.0461
G1 X-7.237 Y-6.094 E2.06085
;WIDTH:0.50467
G1 X-7.264 Y-5.919 E2.06607
;WIDTH:0.551653
G1 X-7.292 Y-5.744 E2.07181
;WIDTH:0.598636
G1 X-7.311 Y-5.628 E2.07596
G1 X-7.501 Y-5.98 F4800
G1 E.07596 F2400
G92 E0
G1 Z3.35 F4800
G1 X-11.658 Y-5.449
G1 Z3.05
G1 E2 F2400
;TYPE:Perimeter
;WIDTH:0.348334
G1 F900
G1 X-11.678 Y-5.415 E2.00078
G1 X-11.737 Y-5.449 E2.00212
G1 X-11.678 Y-5.483 E2.00346
G1 X-11.398 Y-5.082 F4800
;TYPE:External perimeter
;WIDTH:0.449999
G1 F900
G1 X-12.475 Y-5.082 E2.03152
G1 X-12.418 Y-5.604 E2.0452
G1 X-11.17 Y-6.002 E2.07933
G1 X-11.276 Y-5.696 E2.08777
G1 X-11.383 Y-5.137 E2.1026
G1 X-11.78 Y-5.084 F4800
M106 S211.65
;LAYER_CHANGE
;Z:3.2
;HEIGHT:0.15
G1 E.1026 F2400
G92 E0
G1 Z3.2 F4800
G1 Z3.5
G1 X-1.981 Y-5.783
G1 Z3.2
G1 E2 F2400
;TYPE:Support material interface
;WIDTH:0.35
G1 F3600
G1 X-2.248 Y-6.05 E2.00748
G1 X-2.697 Y-6.05 E2.01638
G1 X-2.094 Y-5.447 E2.03328
G1 X-2.083 Y-5.323 E2.03575
G1 X-2.178 Y-5.22 E2.03853
G1 X-2.317 Y-5.22 E2.04128
G1 X-3.147 Y-6.05 E2.06454
G1 X-3.596 Y-6.05 E2.07344
G1 X-2.766 Y-5.22 E2.0967
G1 X-3.237 Y-5.241 E2.10604
G1 X-4.046 Y-6.05 E2.12872
G1 X-4.495 Y-6.05 E2.13762
G1 X-3.665 Y-5.22 E2.16088
G1 X-4.114 Y-5.22 E2.16978
G1 X-4.945 Y-6.05 E2.19306
G1 X-5.344 Y-6.05 E2.20097
G1 X-4.421 Y-5.077 E2.22755
G1 E.22755 F2400
G92 E0
G1 Z3.5 F4800
G1 X-2.939 Y-3.425
G1 Z3.2
G1 E2 F2400
;TYPE:Support material
G1 F3600
G1 X-3.194 Y-3.469 E2.00513
G1 X-3.339 Y-3.591 E2.00889
G1 X-3.522 Y-4.011 E2.01797
G1 X-3.207 Y-4.354 E2.0272
G1 X-2.873 Y-4.414 E2.03393
G1 X-2.776 Y-4.75 E2.04086
G1 X-2.536 Y-4.673 E2.04586
G1 X-2.302 Y-4.489 E2.05176
G1 X-2.127 Y-4.169 E2.05899
G1 X-2.096 Y-3.887 E2.06461
G1 X-2.27 Y-3.393 E2.07499
G1 X-2.485 Y-3.203 E2.08068
G1 X-2.76 Y-3.086 E2.0866
G1 X-3.065 Y-3.067 E2.09266
G1 X-3.362 Y-3.154 E2.09879
G1 X-3.717 Y-3.533 E2.10908
G1 X-3.878 Y-3.912 E2.11724
G1 X-3.868 Y-4.096 E2.12089
G1 X-3.788 Y-4.271 E2.1247
G1 X-3.38 Y-4.664 E2.13593
G1 X-2.821 Y-4.765 E2.14719
G1 E.14719 F2400
G92 E0
G1 Z3.5 F4800
G1 X-3.058 Y-7.23
G1 Z3.2
G1 E2 F2400
G1 F3600
G1 X-2.353 Y-7.207 E2.01398
G1 X-2.085 Y-7.456 E2.02123
G1 X-1.633 Y-7.623 E2.03078
G1 X-1.618 Y-7.973 E2.03772
G1 X-1.099 Y-7.896 E2.04812
G1 X-.6 Y-7.5 E2.06075
G1 X-.106 Y-6.813 E2.07752
G1 X-.039 Y-6.451 E2.08482
G1 X-.158 Y-6.17 E2.09087
G1 X-.322 Y-6.033 E2.09511
G1 X-1.417 Y-5.549 E2.11884
G1 X-1.483 Y-6.293 E2.13364
G1 X-1.966 Y-6.734 E2.1466
G1 X-5.272 Y-6.734 E2.21212
G1 X-5.12 Y-7.159 E2.22107
G1 X-4.848 Y-7.47 E2.22926
G1 X-4.012 Y-7.9 E2.24789
G1 X-3.68 Y-7.881 E2.25448
G1 X-3.269 Y-7.588 E2.26448
G1 X-2.486 Y-7.561 E2.28001
G1 X-1.992 Y-7.901 E2.2919
G1 X-1.665 Y-7.975 E2.29854
G1 X-1.622 Y-8.323 F4800
G1 F3600
G1 X-.976 Y-8.225 E2.31149
G1 X-.623 Y-8.016 E2.31962
G1 X.213 Y-6.965 E2.34624
G1 X.312 Y-6.669 E2.35243
G1 X.227 Y-6.124 E2.36336
G1 X-.201 Y-5.698 E2.37533
G1 X-.51 Y-5.601 E2.38175
G1 X-1.015 Y-5.289 E2.39351
G1 X-1.912 Y-5.016 E2.41209
G1 X-1.738 Y-5.207 E2.41721
G1 X-1.82 Y-6.126 E2.4355
G1 X-2.102 Y-6.384 E2.44308
G1 X-5.536 Y-6.384 E2.51114
G1 X-5.603 Y-6.27 E2.51376
G1 X-5.618 Y-6.8 E2.52427
G1 X-5.419 Y-7.343 E2.53573
G1 X-5.058 Y-7.754 E2.54657
G1 X-4.341 Y-8.152 E2.56282
G1 X-4.072 Y-8.251 E2.5685
G1 X-3.723 Y-8.246 E2.57542
G1 X-3.34 Y-8.109 E2.58348
G1 X-3.113 Y-7.933 E2.58917
G1 X-2.618 Y-7.916 E2.59899
G1 X-2.114 Y-8.233 E2.61079
G1 X-1.669 Y-8.325 E2.6198
G1 E.6198 F2400
G92 E0
G1 Z3.5 F4800
G1 X4.045 Y-1.773
G1 Z3.2
G1 E2 F2400
G1 F3600
G1 X4.561 Y-1.731 E2.01026
G1 X4.724 Y-1.588 E2.01456
G1 X4.793 Y-1.345 E2.01957
G1 X4.426 Y-1.219 E2.02726
G1 X3.991 Y-1.295 E2.03601
G1 X3.784 Y-1.424 E2.04084
G1 X3.875 Y-1.685 E2.04632
G1 X3.997 Y-1.773 E2.0493
G1 E.0493 F2400
G92 E0
G1 Z3.5 F4800
G1 X.044 Y8.165
G1 Z3.2
G1 E2 F2400
G1 F3600
G1 X.186 Y8.234 E2.00313
G1 X.158 Y8.38 E2.00608
G1 X.061 Y8.427 E2.00822
G1 X-.08 Y8.31 E2.01185
G1 X-.004 Y8.164 E2.01511
G1 E.01511 F2400
G92 E0
G1 Z3.5 F4800
G1 X-10.224 Y-1.773
G1 Z3.2
G1 E2 F2400
G1 F3600
G1 X-9.57 Y-1.773 E2.01296
G1 X-9.449 Y-1.573 E2.01759
G1 X-9.475 Y-1.339 E2.02226
G1 X-9.55 Y-1.248 E2.0246
G1 X-9.802 Y-1.342 E2.02993
G1 X-10.272 Y-1.773 E2.04257
G1 E.04257 F2400
G92 E0
G1 Z3.5 F4800
G1 X6.404 Y-5.32
G1 Z3.2
G1 E2 F2400
;TYPE:External perimeter
;WIDTH:0.46655
G1 F900
G1 X6.4 Y-5.32 E2.00011
G1 X6.294 Y-5.856 E2.01491
G1 X7.456 Y-5.485 E2.04795
G1 X7.471 Y-5.32 E2.05244
G1 X6.464 Y-5.32 E2.07972
G1 X6.328 Y-5.696 F4800
G1 E.07972 F2400
G92 E0
G1 Z3.5 F4800
G1 X4.198 Y-2.358
G1 Z3.2
G1 E2 F2400
;WIDTH:0.37219
G1 F900
G1 X4.424 Y-2.351 E2.00479
G1 E.00479 F2400
G92 E0
G1 Z3.5 F4800
G1 X2.238 Y-4.136
G1 Z3.2
G1 E2 F2400
;WIDTH:0.462406
G1 F900
G1 X2.229 Y-4.397 E2.00701
;WIDTH:0.481106
G1 X2.248 Y-4.873 E2.02035
;WIDTH:0.51916
G1 X2.267 Y-5.349 E2.03482
G1 X2.251 Y-4.95 F4800
G1 E.03482 F2400
G92 E0
G1 Z3.5 F4800
G1 X-7.235 Y-4.118
G1 Z3.2
G1 E2 F2400
;WIDTH:0.461716
G1 F900
G1 X-7.237 Y-4.156 E2.00102
;WIDTH:0.463646
G1 X-7.24 Y-4.876 E2.02039
;WIDTH:0.508772
G1 X-7.262 Y-5.173 E2.02924
;WIDTH:0.553898
G1 X-7.285 Y-5.471 E2.03896
;WIDTH:0.599024
G1 X-7.307 Y-5.768 E2.04949
G1 X-7.285 Y-5.369 F4800
G1 E.04949 F2400
G92 E0
G1 Z3.5 F4800
G1 X-9.435 Y-2.352
G1 Z3.2
G1 E2 F2400
;WIDTH:0.37219
G1 F900
G1 X-9.183 Y-2.358 E2.00534
G1 E.00534 F2400
G92 E0
G1 Z3.5 F4800
G1 X-7.307 Y-5.768
G1 Z3.2
G1 E2 F2400
;WIDTH:0.599024
G1 F900
G1 X-7.328 Y-5.809 E2.00163
;WIDTH:0.576848
G1 X-7.408 Y-5.987 E2.00826
;WIDTH:0.53458
G1 X-7.488 Y-6.165 E2.01437
;WIDTH:0.492312
G1 X-7.567 Y-6.343 E2.01996
;WIDTH:0.450044
G1 X-7.647 Y-6.521 E2.02505
;WIDTH:0.407776
G1 X-7.212 Y-6.58 E2.03533
G1 X-7.212 Y-6.365 E2.04037
;WIDTH:0.455588
G1 X-7.236 Y-6.216 E2.04435
;WIDTH:0.5034
G1 X-7.259 Y-6.067 E2.04878
;WIDTH:0.551212
G1 X-7.283 Y-5.918 E2.05366
;WIDTH:0.599024
G1 X-7.298 Y-5.828 E2.05689
G1 X-7.497 Y-6.174 F4800
G1 E.05689 F2400
G92 E0
G1 Z3.5 F4800
G1 X-11.082 Y-2.765
G1 Z3.2
G1 E2 F2400
;TYPE:Perimeter
;WIDTH:0.367222
G1 F900
G1 X-10.577 Y-2.77 E2.01055
G1 E.01055 F2400
G92 E0
G1 Z3.5 F4800
G1 X-8.138 Y-2.77
G1 Z3.2
G1 E2 F2400
;WIDTH:0.358418
G1 F900
G1 X-7.725 Y-2.77 E2.0084
G1 E.0084 F2400
G92 E0
G1 Z3.5 F4800
G1 X-8.578 Y.19
G1 Z3.2
G1 E2 F2400
;WIDTH:0.378659
G1 F900
G1 X-8.723 Y.348 E2.00463
G1 X-8.801 Y.519 E2.00869
;WIDTH:0.363317
G1 X-8.895 Y.936 E2.01752
G1 X-8.978 Y.879 E2.0196
G1 X-9.099 Y.524 E2.02734
G1 X-9.245 Y.314 E2.03262
G1 X-9.009 Y.29 E2.03752
;WIDTH:0.378659
G1 X-8.637 Y.204 E2.04577
G1 X-7.29 Y-.828 F4800
;WIDTH:0.429202
G1 F900
G1 X-7.263 Y-.098 E2.06386
G1 X-7.828 Y-.098 E2.07785
G1 X-8.108 Y-.051 E2.08488
G1 X-7.916 Y-.18 E2.09061
G1 X-7.622 Y-.438 E2.10029
G1 X-7.329 Y-.783 E2.1115
G1 X-7.179 Y-2.57 F4800
;WIDTH:0.559887
G1 F900
G1 X-7.314 Y-2.715 E2.11802
G1 X-7.068 Y-2.838 E2.12707
G1 X-6.995 Y-2.961 E2.13178
;WIDTH:0.529311
G1 X-6.923 Y-3.085 E2.13623
;WIDTH:0.520236
G1 X-6.833 Y-3.494 E2.14898
G1 X-6.22 Y-3.494 E2.16764
G1 X-6.396 Y-3.144 E2.17956
;WIDTH:0.559887
G1 X-6.642 Y-2.56 E2.20041
G1 X-6.683 Y-2.322 E2.20836
;WIDTH:0.518041
G1 X-6.723 Y-2.083 E2.2157
;WIDTH:0.476195
G1 X-6.763 Y-1.845 E2.22238
;WIDTH:0.449999
G1 X-6.875 Y-1.15 E2.24072
G1 X-6.88 Y-.356 E2.26141
G1 X-6.798 Y.309 E2.27887
G1 X-7.558 Y.309 E2.29867
;WIDTH:0.489398
G1 X-7.715 Y.306 E2.30315
;WIDTH:0.528796
G1 X-7.871 Y.302 E2.30798
;WIDTH:0.568195
G1 X-8.028 Y.298 E2.31323
;WIDTH:0.607593
G1 X-8.185 Y.295 E2.31886
;WIDTH:0.60799
G1 X-8.289 Y.354 E2.32315
G1 X-8.332 Y.434 E2.32641
;WIDTH:0.568493
G1 X-8.375 Y.514 E2.32945
;WIDTH:0.528995
G1 X-8.418 Y.594 E2.33226
;WIDTH:0.489497
G1 X-8.461 Y.675 E2.33488
;WIDTH:0.449999
G1 X-8.518 Y.936 E2.34184
G1 X-8.518 Y1.677 E2.36115
G1 X-9.366 Y1.06 E2.38847
G1 X-9.366 Y.975 E2.39068
G1 X-9.434 Y.693 E2.39824
G1 X-9.661 Y.444 E2.40702
;WIDTH:0.451018
G1 X-10.531 Y.012 E2.43239
;WIDTH:0.487495
G1 X-10.86 Y-.176 E2.44315
;WIDTH:0.530278
G1 X-11.188 Y-.363 E2.45488
G1 X-11.38 Y-.742 E2.46808
;WIDTH:0.48227
G1 X-11.534 Y-1.048 E2.4777
;WIDTH:0.434261
G1 X-11.746 Y-1.569 E2.4918
;WIDTH:0.397924
G1 X-11.865 Y-1.976 E2.50147
;WIDTH:0.396738
G1 X-11.904 Y-2.262 E2.50803
;WIDTH:0.433957
G1 X-11.944 Y-2.547 E2.51524
;WIDTH:0.471176
G1 X-11.983 Y-2.833 E2.52314
G1 X-11.52 Y-2.81 E2.53583
G1 X-11.265 Y-2.738 E2.54308
;WIDTH:0.448547
G1 X-11.366 Y-2.683 E2.54607
;WIDTH:0.471176
G1 X-11.535 Y-2.505 E2.55279
G1 X-11.539 Y-2.354 E2.55693
;WIDTH:0.433957
G1 X-11.543 Y-2.203 E2.56071
;WIDTH:0.396738
G1 X-11.547 Y-2.053 E2.56412
;WIDTH:0.397924
G1 X-11.412 Y-1.717 E2.57238
;WIDTH:0.437043
G1 X-11.155 Y-1.186 E2.58727
;WIDTH:0.483661
G1 X-10.986 Y-.95 E2.59544
;WIDTH:0.530278
G1 X-10.818 Y-.714 E2.60444
G1 X-10.569 Y-.528 E2.61409
;WIDTH:0.487495
G1 X-10.32 Y-.342 E2.62291
;WIDTH:0.450757
G1 X-9.816 Y-.121 E2.63728
G1 X-9.301 Y-.057 E2.65083
;WIDTH:0.488991
G1 X-9.082 Y-.085 E2.65712
;WIDTH:0.527982
G1 X-8.863 Y-.112 E2.66394
;WIDTH:0.566973
G1 X-8.644 Y-.139 E2.6713
;WIDTH:0.607593
G1 X-8.466 Y-.205 E2.67811
G1 X-8.345 Y-.316 E2.684
;WIDTH:0.568195
G1 X-8.223 Y-.427 E2.68951
;WIDTH:0.528796
G1 X-8.102 Y-.538 E2.6946
;WIDTH:0.489398
G1 X-7.981 Y-.649 E2.69928
;WIDTH:0.449999
G1 X-7.642 Y-1.039 E2.71274
G1 X-7.277 Y-1.65 E2.73128
G1 X-7.118 Y-2.092 E2.74352
;WIDTH:0.470713
G1 X-7.121 Y-2.233 E2.74738
;WIDTH:0.5153
G1 X-7.123 Y-2.373 E2.7516
;WIDTH:0.559887
G1 X-7.126 Y-2.514 E2.75624
G1 X-7.138 Y-2.526 E2.7568
G1 X-7.563 Y-2.295 F4800
;TYPE:External perimeter
;WIDTH:0.449999
G1 F900
G1 X-7.576 Y-2.335 E2.7579
G1 X-7.725 Y-2.398 E2.76212
G1 X-8.78 Y-2.381 E2.78961
;WIDTH:0.414846
G1 X-9.144 Y-2.364 E2.79831
;WIDTH:0.418207
G1 X-8.958 Y-2.422 E2.803
;WIDTH:0.449999
G1 X-8.567 Y-2.766 E2.81657
G1 X-8.37 Y-3.142 E2.82763
G1 X-7.517 Y-3.142 E2.84986
G1 X-7.379 Y-3.193 E2.85369
G1 X-7.309 Y-3.333 E2.85777
;WIDTH:0.461716
G1 X-7.235 Y-4.118 E2.87889
G1 X-7.134 Y-3.975 E2.88358
;WIDTH:0.455516
G1 X-7.024 Y-3.947 E2.88658
;WIDTH:0.449999
G1 X-5.375 Y-3.947 E2.92955
G1 X-5.47 Y-3.836 E2.93336
G1 X-5.881 Y-3.182 E2.95349
G1 X-5.983 Y-2.959 E2.95988
G1 X-6.191 Y-2.418 E2.97498
G1 X-6.358 Y-1.781 E2.99214
G1 X-6.457 Y-1.145 E3.00891
G1 X-6.464 Y-.397 E3.0284
G1 X-6.409 Y.141 E3.04249
G1 X-6.266 Y.727 E3.05821
G1 X-7.828 Y.727 E3.09891
G1 X-8.026 Y.777 E3.10423
G1 X-8.1 Y.936 E3.1088
G1 X-8.1 Y2.498 E3.1495
G1 X-9.784 Y1.272 E3.20377
G1 X-9.807 Y.881 E3.21398
G1 X-9.9 Y.788 E3.21741
G1 X-11.527 Y-.019 E3.26473
G1 X-11.756 Y-.465 E3.27779
G1 X-12.114 Y-1.434 E3.30471
G1 X-12.365 Y-2.51 E3.3335
G1 X-12.464 Y-3.261 E3.35324
G1 X-11.351 Y-3.261 E3.38224
G1 X-11.293 Y-3.173 E3.38499
G1 X-11.183 Y-3.142 E3.38797
G1 X-10.335 Y-3.142 E3.41007
G1 X-10.243 Y-2.933 E3.41602
G1 X-9.914 Y-2.526 E3.42966
G1 X-9.676 Y-2.391 E3.43679
G1 X-11.017 Y-2.395 E3.47173
G1 X-11.145 Y-2.319 E3.47561
G1 X-11.184 Y-2.14 E3.48038
G1 X-10.776 Y-1.359 E3.50334
G1 X-10.354 Y-.881 E3.51995
G1 X-10.081 Y-.681 E3.52877
G1 X-9.798 Y-.549 E3.53691
G1 X-9.485 Y-.489 E3.54521
G1 X-9.089 Y-.499 E3.55553
G1 X-8.795 Y-.591 E3.56356
G1 X-8.379 Y-.864 E3.57652
G1 X-8.001 Y-1.254 E3.59067
G1 X-7.635 Y-1.864 E3.60921
G1 X-7.519 Y-2.156 E3.6174
G1 X-7.545 Y-2.238 E3.61964
G1 X-7.914 Y-2.392 F4800
G1 E1.61964 F2400
G92 E0
G1 Z3.5 F4800
G1 X-3.206 Y6.786
G1 Z3.2
G1 E2 F2400
;TYPE:Perimeter
;WIDTH:0.568752
G1 F900
G1 X-3.369 Y6.808 E2.0055
;WIDTH:0.525848
G1 X-3.532 Y6.829 E2.01056
;WIDTH:0.482943
G1 X-3.695 Y6.851 E2.01518
;WIDTH:0.440038
G1 X-3.859 Y6.872 E2.01939
;WIDTH:0.397133
G1 X-4.161 Y6.867 E2.02626
;WIDTH:0.406216
G1 X-4.73 Y6.729 E2.03992
G1 X-4.49 Y6.549 E2.04692
G1 X-4.432 Y6.4 E2.05065
G1 X-3.832 Y6.582 E2.06527
;WIDTH:0.440038
G1 X-3.675 Y6.633 E2.06947
;WIDTH:0.482943
G1 X-3.519 Y6.684 E2.07408
;WIDTH:0.525848
G1 X-3.362 Y6.735 E2.07916
;WIDTH:0.568752
G1 X-3.263 Y6.768 E2.08265
G1 X-1.386 Y6.754 F4800
;WIDTH:0.632796
G1 F900
G1 X-1.457 Y6.759 E2.08532
;WIDTH:0.622676
G1 X-1.96 Y6.784 E2.10387
;WIDTH:0.573418
G1 X-2.463 Y6.809 E2.12087
;WIDTH:0.568752
G1 X-3.206 Y6.786 E2.14574
G1 E.14574 F2400
G92 E0
G1 Z3.5 F4800
G1 X-.341 Y6.753
G1 Z3.2
G1 E2 F2400
;WIDTH:0.405958
G1 F900
G1 X-.874 Y6.87 E2.01272
;WIDTH:0.446787
G1 X-.976 Y6.847 E2.01542
;WIDTH:0.493289
G1 X-1.079 Y6.824 E2.01845
;WIDTH:0.539791
G1 X-1.181 Y6.801 E2.02176
;WIDTH:0.586294
G1 X-1.283 Y6.777 E2.02538
;WIDTH:0.632796
G1 X-1.386 Y6.754 E2.02933
G1 X-1.293 Y6.705 E2.03327
;WIDTH:0.586294
G1 X-1.201 Y6.656 E2.03687
;WIDTH:0.539791
G1 X-1.109 Y6.607 E2.04017
;WIDTH:0.493289
G1 X-1.016 Y6.558 E2.04319
;WIDTH:0.446787
G1 X-.924 Y6.509 E2.04589
;WIDTH:0.405958
G1 X-.568 Y6.404 E2.05454
G1 X-.525 Y6.516 E2.05734
G1 X-.378 Y6.706 E2.06294
G1 X1.218 Y6.719 F4800
;WIDTH:0.449999
G1 F900
G1 X.797 Y6.86 E2.07451
G1 X-.079 Y7.1 E2.09818
G1 X-.811 Y7.263 E2.11772
G1 X-4.185 Y7.263 E2.20563
G1 X-5.306 Y7 E2.23563
G1 X-6.235 Y6.719 E2.26092
G1 X-5.294 Y6.709 E2.28544
G1 X-4.844 Y6.372 E2.30009
G1 X-4.759 Y6.089 E2.30779
G1 X-4.876 Y5.773 E2.31657
G1 X-4.338 Y6.014 E2.33193
G1 X-3.76 Y6.198 E2.34773
G1 X-3.032 Y6.327 E2.36699
G1 X-2.344 Y6.351 E2.38493
G1 X-1.412 Y6.239 E2.40939
G1 X-.712 Y6.036 E2.42838
G1 X-.195 Y5.814 E2.44304
G1 X-.225 Y6.167 E2.45227
G1 X-.194 Y6.276 E2.45522
G1 X.026 Y6.591 E2.46523
G1 X.405 Y6.719 E2.47565
G1 X1.158 Y6.719 E2.49527
G1 E.49527 F2400
G92 E0
G1 Z3.5 F4800
G1 X2.158 Y3.042
G1 Z3.2
G1 E2 F2400
;TYPE:External perimeter
;WIDTH:0.52068
G1 F900
G1 X2.701 Y3.042 E2.01654
G1 X2.507 Y3.406 E2.02911
G1 X2.162 Y3.936 E2.04838
;WIDTH:0.538459
G1 X1.854 Y4.357 E2.06485
G1 X1.526 Y4.736 E2.08067
;WIDTH:0.552857
G1 X.764 Y5.419 E2.1139
;WIDTH:0.566571
G1 X.228 Y5.777 E2.13538
G1 X.173 Y5.859 E2.13867
;WIDTH:0.529251
G1 X.175 Y5.957 E2.14171
;WIDTH:0.489625
G1 X.178 Y6.054 E2.14448
;WIDTH:0.449999
G1 X.279 Y6.259 E2.15043
G1 X.405 Y6.301 E2.15389
G1 X3.205 Y6.301 E2.22685
G1 X2.517 Y6.666 E2.24714
G1 X1.781 Y6.971 E2.2679
G1 X.919 Y7.26 E2.29159
G1 X.022 Y7.506 E2.31582
G1 X-.764 Y7.681 E2.3368
G1 X-4.234 Y7.681 E2.42721
G1 X-5.414 Y7.404 E2.45879
G1 X-6.407 Y7.104 E2.48582
G1 X-7.109 Y6.843 E2.50533
G1 X-8.201 Y6.301 E2.53709
G1 X-5.405 Y6.301 E2.60994
G1 X-5.218 Y6.186 E2.61566
G1 X-5.172 Y6.028 E2.61995
;WIDTH:0.487016
G1 X-5.192 Y5.945 E2.62237
;WIDTH:0.524033
G1 X-5.212 Y5.861 E2.62502
;WIDTH:0.561049
G1 X-5.233 Y5.777 E2.62788
G1 X-5.872 Y5.326 E2.65368
;WIDTH:0.545808
G1 X-6.525 Y4.736 E2.68187
;WIDTH:0.538537
G1 X-6.854 Y4.357 E2.69772
G1 X-7.215 Y3.87 E2.71686
;WIDTH:0.519416
G1 X-7.705 Y3.04 E2.74615
;WIDTH:0.515665
G1 X-7.156 Y3.04 E2.7627
G1 X-7.085 Y3.154 E2.76675
;WIDTH:0.526522
G1 X-6.747 Y3.688 E2.78623
;WIDTH:0.537396
G1 X-6.188 Y4.36 E2.81377
;WIDTH:0.552791
G1 X-5.467 Y4.992 E2.8449
;WIDTH:0.556417
G1 X-4.911 Y5.351 E2.86654
G1 X-4.676 Y5.439 E2.87474
;WIDTH:0.520945
G1 X-4.442 Y5.528 E2.88237
;WIDTH:0.485472
G1 X-4.208 Y5.617 E2.88945
;WIDTH:0.449999
G1 X-3.684 Y5.787 E2.9038
G1 X-3.013 Y5.91 E2.92157
G1 X-2.39 Y5.936 E2.93782
G1 X-1.525 Y5.836 E2.96051
G1 X-.764 Y5.603 E2.98125
;WIDTH:0.488857
G1 X-.531 Y5.512 E2.98837
;WIDTH:0.527714
G1 X-.297 Y5.421 E2.99613
;WIDTH:0.566571
G1 X-.064 Y5.33 E3.00447
G1 X.48 Y4.983 E3.02597
;WIDTH:0.552872
G1 X1.182 Y4.365 E3.05634
;WIDTH:0.538459
G1 X1.798 Y3.614 E3.08701
;WIDTH:0.52068
G1 X2.126 Y3.093 E3.10576
G1 X2.523 Y3.047 F4800
G1 E1.10576 F2400
G92 E0
G1 Z3.5 F4800
G1 X3.578 Y.19
G1 Z3.2
G1 E2 F2400
;TYPE:Perimeter
;WIDTH:0.37868
G1 F900
G1 X3.788 Y.26 E2.00478
G1 X4.245 Y.313 E2.01472
;WIDTH:0.363351
G1 X4.116 Y.493 E2.01929
G1 X4.001 Y.841 E2.02686
G1 X3.895 Y.936 E2.0298
G1 X3.888 Y.839 E2.03181
;WIDTH:0.37868
G1 X3.723 Y.347 E2.04302
G1 X3.619 Y.234 E2.04634
G1 X2.289 Y-.825 F4800
;WIDTH:0.435425
G1 F900
G1 X2.533 Y-.543 E2.05572
;WIDTH:0.451656
G1 X2.944 Y-.118 E2.07119
G1 X2.267 Y-.101 E2.08891
;WIDTH:0.435425
G1 X2.289 Y-.323 E2.09452
G1 X2.289 Y-.765 E2.10563
G1 X2.179 Y-2.57 F4800
;WIDTH:0.559903
G1 F900
G1 X2.126 Y-2.513 E2.10819
G1 X2.119 Y-2.407 E2.11169
;WIDTH:0.518685
G1 X2.112 Y-2.301 E2.11491
;WIDTH:0.477467
G1 X2.106 Y-2.194 E2.11789
;WIDTH:0.436665
G1 X2.167 Y-1.919 E2.125
;WIDTH:0.449999
G1 X2.478 Y-1.277 E2.14359
G1 X2.82 Y-.836 E2.15813
;WIDTH:0.464993
G1 X3.177 Y-.475 E2.17183
;WIDTH:0.50541
G1 X3.199 Y-.434 E2.1732
;WIDTH:0.545827
G1 X3.221 Y-.392 E2.17472
;WIDTH:0.586244
G1 X3.242 Y-.35 E2.17634
;WIDTH:0.626661
G1 X3.264 Y-.309 E2.17806
G1 X3.454 Y-.224 E2.18578
;WIDTH:0.596815
G1 X3.644 Y-.14 E2.19309
;WIDTH:0.566968
G1 X3.863 Y-.112 E2.20045
;WIDTH:0.527979
G1 X4.082 Y-.085 E2.20727
;WIDTH:0.488989
G1 X4.301 Y-.057 E2.21356
;WIDTH:0.451111
G1 X4.89 Y-.138 E2.22909
;WIDTH:0.451938
G1 X5.368 Y-.374 E2.24304
;WIDTH:0.486828
G1 X5.603 Y-.548 E2.25133
;WIDTH:0.521718
G1 X5.837 Y-.722 E2.26023
G1 X5.949 Y-.873 E2.26597
;WIDTH:0.483746
G1 X6.129 Y-1.17 E2.27575
;WIDTH:0.449117
G1 X6.308 Y-1.466 E2.28474
;WIDTH:0.414487
G1 X6.512 Y-1.942 E2.29709
;WIDTH:0.400145
G1 X6.534 Y-2.178 E2.30253
;WIDTH:0.433344
G1 X6.557 Y-2.415 E2.30849
;WIDTH:0.471199
G1 X6.481 Y-2.585 E2.31359
G1 X6.332 Y-2.669 E2.31827
;WIDTH:0.432256
G1 X6.183 Y-2.752 E2.32253
G1 X6.351 Y-2.781 E2.32678
;WIDTH:0.471199
G1 X6.519 Y-2.81 E2.33145
G1 X6.983 Y-2.833 E2.34417
G1 X6.916 Y-2.378 E2.35676
;WIDTH:0.433981
G1 X6.891 Y-2.177 E2.36184
;WIDTH:0.396762
G1 X6.865 Y-1.976 E2.36645
;WIDTH:0.393453
G1 X6.747 Y-1.562 E2.37615
;WIDTH:0.421799
G1 X6.643 Y-1.298 E2.38304
;WIDTH:0.450144
G1 X6.54 Y-1.035 E2.3904
;WIDTH:0.485931
G1 X6.359 Y-.694 E2.40132
;WIDTH:0.521718
G1 X6.179 Y-.354 E2.41306
G1 X5.85 Y-.17 E2.42457
;WIDTH:0.486828
G1 X5.597 Y-.025 E2.43284
;WIDTH:0.451938
G1 X5.148 Y.202 E2.44601
;WIDTH:0.449999
G1 X4.661 Y.444 E2.46018
G1 X4.444 Y.673 E2.4684
G1 X4.372 Y.891 E2.47438
G1 X4.366 Y1.06 E2.47879
G1 X3.518 Y1.677 E2.50611
G1 X3.518 Y.936 E2.52542
G1 X3.461 Y.675 E2.53238
;WIDTH:0.4895
G1 X3.418 Y.594 E2.535
;WIDTH:0.529
G1 X3.375 Y.514 E2.53781
;WIDTH:0.5685
G1 X3.332 Y.434 E2.54085
;WIDTH:0.608
G1 X3.289 Y.353 E2.54414
;WIDTH:0.626661
G1 X3.05 Y.239 E2.55396
G1 X3.01 Y.255 E2.55556
;WIDTH:0.586244
G1 X2.97 Y.27 E2.55704
;WIDTH:0.545827
G1 X2.931 Y.286 E2.55839
;WIDTH:0.50541
G1 X2.891 Y.302 E2.55966
;WIDTH:0.464993
G1 X2.489 Y.309 E2.57051
;WIDTH:0.449999
G1 X1.798 Y.309 E2.58851
G1 X1.829 Y.154 E2.59263
G1 X1.882 Y-.547 E2.61095
G1 X1.867 Y-1.241 E2.62904
G1 X1.727 Y-2.047 E2.65036
;WIDTH:0.470797
G1 X1.699 Y-2.218 E2.6551
;WIDTH:0.51535
G1 X1.67 Y-2.389 E2.66033
;WIDTH:0.559903
G1 X1.642 Y-2.56 E2.66603
G1 X1.57 Y-2.727 E2.67201
;WIDTH:0.529324
G1 X1.497 Y-2.894 E2.67766
;WIDTH:0.520273
G1 X1.22 Y-3.494 E2.69778
G1 X1.841 Y-3.494 E2.71668
G1 X1.923 Y-3.085 E2.72938
;WIDTH:0.529324
G1 X1.995 Y-2.961 E2.73383
;WIDTH:0.559903
G1 X2.068 Y-2.838 E2.73854
G1 X2.314 Y-2.715 E2.74759
G1 X2.22 Y-2.614 E2.75213
G1 E.75213 F2400
G92 E0
G1 Z3.5 F4800
G1 X5.577 Y-2.77
G1 Z3.2
G1 E2 F2400
;WIDTH:0.393312
G1 F900
G1 X6.183 Y-2.752 E2.01365
G1 E.01365 F2400
G92 E0
G1 Z3.5 F4800
G1 X2.624 Y-2.765
G1 Z3.2
G1 E2 F2400
;WIDTH:0.36722
G1 F900
G1 X3.138 Y-2.77 E2.01074
G1 X2.56 Y-2.297 F4800
;TYPE:External perimeter
;WIDTH:0.449999
G1 F900
G1 X2.517 Y-2.191 E2.01372
G1 X2.537 Y-2.098 E2.0162
G1 X2.782 Y-1.592 E2.03085
G1 X3.034 Y-1.212 E2.04273
G1 X3.475 Y-.779 E2.05883
G1 X3.757 Y-.609 E2.06741
G1 X4.044 Y-.508 E2.07534
G1 X4.343 Y-.473 E2.08318
G1 X4.747 Y-.533 E2.09382
G1 X5.099 Y-.694 E2.10391
G1 X5.589 Y-1.117 E2.12078
G1 X5.977 Y-1.69 E2.13881
G1 X6.184 Y-2.14 E2.15172
G1 X6.145 Y-2.319 E2.15649
G1 X5.981 Y-2.398 E2.16123
G1 X4.68 Y-2.381 E2.19513
G1 X4.86 Y-2.48 E2.20048
G1 X5.216 Y-2.891 E2.21465
G1 X5.335 Y-3.142 E2.22189
G1 X6.248 Y-3.152 E2.24568
G1 X6.351 Y-3.261 E2.24959
G1 X7.464 Y-3.261 E2.27859
G1 X7.426 Y-2.884 E2.28846
G1 X7.342 Y-2.368 E2.30208
G1 X7.124 Y-1.462 E2.32636
G1 X6.933 Y-.89 E2.34207
G1 X6.523 Y-.017 E2.3672
G1 X4.9 Y.788 E2.4144
G1 X4.81 Y.875 E2.41766
G1 X4.784 Y1.272 E2.42803
G1 X3.1 Y2.498 E2.4823
G1 X3.1 Y.936 E2.523
G1 X3.026 Y.777 E2.52757
G1 X2.891 Y.727 E2.53132
G1 X1.267 Y.727 E2.57363
G1 X1.413 Y.113 E2.59007
G1 X1.465 Y-.542 E2.60719
G1 X1.455 Y-1.175 E2.62369
G1 X1.319 Y-2.012 E2.64578
G1 X1.093 Y-2.713 E2.66497
G1 X.881 Y-3.182 E2.67838
G1 X.375 Y-3.947 E2.70228
G1 X2.024 Y-3.947 E2.74525
;WIDTH:0.462406
G1 X2.238 Y-4.136 E2.75291
G1 X2.309 Y-3.334 E2.77451
;WIDTH:0.449999
G1 X2.379 Y-3.193 E2.77861
G1 X2.517 Y-3.142 E2.78244
G1 X3.37 Y-3.142 E2.80467
G1 X3.526 Y-2.823 E2.81392
G1 X3.89 Y-2.456 E2.82739
;WIDTH:0.438731
G1 X4.017 Y-2.41 E2.83081
;WIDTH:0.410721
G1 X4.144 Y-2.364 E2.834
;WIDTH:0.421225
G1 X3.95 Y-2.383 E2.83873
;WIDTH:0.449999
G1 X2.726 Y-2.398 E2.87062
G1 X2.594 Y-2.342 E2.87436
G1 X2.619 Y-1.943 F4800
G1 E.87436 F2400
G92 E0
G1 Z3.5 F4800
G1 X2.267 Y-5.349
G1 Z3.2
G1 E2 F2400
;WIDTH:0.51916
G1 F900
G1 X2.248 Y-5.76 E2.01249
;WIDTH:0.480751
G1 X2.229 Y-6.171 E2.024
;WIDTH:0.442342
G1 X2.21 Y-6.582 E2.03452
;WIDTH:0.403932
G1 X2.658 Y-6.521 E2.045
G1 X2.519 Y-6.174 E2.05367
;WIDTH:0.442342
G1 X2.435 Y-5.899 E2.06102
;WIDTH:0.480751
G1 X2.351 Y-5.624 E2.06906
;WIDTH:0.51916
G1 X2.285 Y-5.407 E2.07595
G1 X2.243 Y-5.805 F4800
G1 E.07595 F2400
G92 E0
G1 Z3.5 F4800
G1 X-11.406 Y-5.319
G1 Z3.2
G1 E2 F2400
;WIDTH:0.464824
G1 F900
G1 X-12.472 Y-5.319 E2.02876
G1 X-12.456 Y-5.486 E2.03329
G1 X-11.291 Y-5.858 E2.06629
G1 X-11.393 Y-5.378 E2.07953
G1 X-11.789 Y-5.321 F4800
M106 S216.75
;LAYER_CHANGE
;Z:3.35
;HEIGHT:0.15
G1 E.07953 F2400
G92 E0
G1 Z3.35 F4800
G1 Z3.65
G1 X-5.076 Y-6.423
G1 Z3.35
G1 E2 F2400
;TYPE:Support material interface
;WIDTH:0.35
G1 F3600
G1 X-5.464 Y-6.035 E2.01088
G1 X-5.301 Y-5.749 E2.0174
G1 X-4.769 Y-6.28 E2.0323
G1 X-4.32 Y-6.28 E2.0412
G1 X-5.095 Y-5.505 E2.06292
G1 X-4.843 Y-5.308 E2.06926
G1 X-3.87 Y-6.28 E2.09652
G1 X-3.421 Y-6.28 E2.10542
G1 X-4.481 Y-5.22 E2.13513
G1 X-4.032 Y-5.22 E2.14403
G1 X-2.972 Y-6.28 E2.17374
G1 X-2.522 Y-6.28 E2.18266
G1 X-3.541 Y-5.261 E2.21122
G1 X-3.307 Y-5.366 E2.2163
G1 X-3.044 Y-5.309 E2.22163
G1 X-2.073 Y-6.28 E2.24885
G1 X-1.685 Y-6.219 E2.25663
G1 X-2.683 Y-5.22 E2.28462
G1 X-2.234 Y-5.22 E2.29352
G1 X-1.468 Y-5.986 E2.31499
G1 X-1.746 Y-5.098 F4800
;TYPE:Support material
G1 F3600
G1 X-1.857 Y-5.069 E2.31726
G1 X-1.702 Y-5.116 E2.32047
G1 X-2.839 Y-3.497 F4800
G1 F3600
G1 X-3.236 Y-3.588 E2.32854
G1 X-3.553 Y-3.958 E2.3382
G1 X-3.516 Y-4.052 E2.3402
G1 X-3.187 Y-4.294 E2.34829
G1 X-2.928 Y-4.36 E2.35359
G1 X-2.845 Y-4.701 E2.36055
G1 X-2.195 Y-4.463 E2.37427
G1 X-2.192 Y-3.674 E2.38991
G1 X-2.543 Y-3.232 E2.4011
G1 X-2.815 Y-3.133 E2.40684
G1 X-3.111 Y-3.144 E2.41271
G1 X-3.395 Y-3.266 E2.41884
G1 X-3.99 Y-3.937 E2.43661
G1 X-3.681 Y-4.379 E2.4473
G1 X-3.151 Y-4.695 E2.45953
G1 X-2.891 Y-4.714 E2.4647
G1 E.4647 F2400
G92 E0
G1 Z3.65 F4800
G1 X-3.039 Y-7.255
G1 Z3.35
G1 E2 F2400
G1 F3600
G1 X-2.474 Y-7.432 E2.01173
G1 X-1.973 Y-7.812 E2.02419
G1 X-1.651 Y-7.886 E2.03074
G1 X-1.646 Y-8.236 E2.03768
G1 X-1.289 Y-8.211 E2.04477
G1 X-.906 Y-8.078 E2.05281
G1 X-.567 Y-7.849 E2.06092
G1 X.247 Y-6.902 E2.08567
G1 X.301 Y-6.377 E2.09613
G1 X.11 Y-5.944 E2.10551
G1 X-.076 Y-5.769 E2.11057
G1 X-1.282 Y-5.313 E2.13612
G1 X-1.136 Y-5.506 E2.14092
G1 X-1.389 Y-6.413 E2.15958
G1 X-1.653 Y-6.614 E2.16616
G1 X-5.553 Y-6.614 E2.24346
G1 X-5.438 Y-7.149 E2.25431
G1 X-5.275 Y-7.402 E2.26027
G1 X-5.061 Y-7.655 E2.26684
G1 X-4.678 Y-7.881 E2.27565
G1 X-4.244 Y-7.995 E2.28454
G1 X-3.764 Y-8.008 E2.29406
G1 X-3.388 Y-7.863 E2.30205
G1 X-3.128 Y-7.593 E2.30948
G1 X-2.661 Y-7.74 E2.31918
G1 X-2.103 Y-8.141 E2.3328
G1 X-1.693 Y-8.236 E2.34114
G1 E.34114 F2400
G92 E0
G1 Z3.65 F4800
G1 X4.478 Y-1.616
G1 Z3.35
G1 E2 F2400
G1 F3600
G1 X4.618 Y-1.491 E2.00372
G1 X4.155 Y-1.476 E2.0129
G1 X4.314 Y-1.622 E2.01718
G1 X4.434 Y-1.631 E2.01957
G1 E.01957 F2400
G92 E0
G1 Z3.65 F4800
G1 X-9.9 Y-1.675
G1 Z3.35
G1 E2 F2400
G1 F3600
G1 X-9.618 Y-1.675 E2.00559
G1 X-9.587 Y-1.481 E2.00948
G1 X-9.948 Y-1.675 E2.0176
G1 E.0176 F2400
G92 E0
G1 Z3.65 F4800
G1 X6.537 Y-5.625
G1 Z3.35
G1 E2 F2400
;TYPE:External perimeter
;WIDTH:0.616826
G1 F900
G1 X6.5 Y-5.562 E2.00266
G1 X6.427 Y-5.562 E2.00532
G1 X6.39 Y-5.625 E2.00798
G1 X6.427 Y-5.689 E2.01068
G1 X6.5 Y-5.689 E2.01334
G1 E.01334 F2400
G92 E0
G1 Z3.65 F4800
G1 X-7.704 Y-2.198
G1 Z3.35
G1 E2 F2400
;WIDTH:0.449999
G1 F900
G1 X-7.681 Y-2.172 E2.0009
G1 X-7.676 Y-2.023 E2.00478
G1 X-7.996 Y-1.499 E2.02078
G1 X-8.484 Y-1.001 E2.03895
G1 X-8.893 Y-.785 E2.051
G1 X-9.411 Y-.705 E2.06466
G1 X-9.822 Y-.79 E2.0756
G1 X-10.172 Y-.987 E2.08606
G1 X-10.582 Y-1.338 E2.10012
G1 X-11.011 Y-1.974 E2.12011
G1 X-11.044 Y-2.124 E2.12411
G1 X-10.992 Y-2.231 E2.12721
G1 X-10.837 Y-2.3 E2.13163
G1 X-9.972 Y-2.3 E2.15417
G1 X-9.684 Y-2.277 E2.1617
;WIDTH:0.40341
G1 X-9.396 Y-2.253 E2.16839
;WIDTH:0.390337
G1 X-9.14 Y-2.27 E2.17412
;WIDTH:0.423852
G1 X-8.885 Y-2.287 E2.18036
;WIDTH:0.449999
G1 X-8.365 Y-2.3 E2.19391
G1 X-7.773 Y-2.275 E2.20935
G1 X-7.745 Y-2.243 E2.21046
G1 X-7.787 Y-1.845 F4800
G1 E.21046 F2400
G92 E0
G1 Z3.65 F4800
G1 X-7.354 Y-6.319
G1 Z3.35
G1 E2 F2400
;WIDTH:0.69322
G1 F900
G1 X-7.331 Y-6.078 E2.00998
;WIDTH:0.647432
G1 X-7.309 Y-5.837 E2.01927
;WIDTH:0.601644
G1 X-7.286 Y-5.596 E2.02787
;WIDTH:0.555856
G1 X-7.263 Y-5.355 E2.03578
;WIDTH:0.510068
G1 X-7.24 Y-5.114 E2.04299
;WIDTH:0.46428
G1 X-7.237 Y-4.386 E2.06261
;WIDTH:0.46135
G1 X-7.235 Y-4.347 E2.06366
G1 X-7.256 Y-4.747 F4800
G1 E.06366 F2400
G92 E0
G1 Z3.65 F4800
G1 X2.235 Y-4.348
G1 Z3.35
G1 E2 F2400
;WIDTH:0.461344
G1 F900
G1 X2.237 Y-4.386 E2.00102
;WIDTH:0.464278
G1 X2.24 Y-5.114 E2.02064
;WIDTH:0.510058
G1 X2.263 Y-5.355 E2.02785
;WIDTH:0.555837
G1 X2.286 Y-5.596 E2.03576
;WIDTH:0.601617
G1 X2.309 Y-5.837 E2.04436
;WIDTH:0.647397
G1 X2.331 Y-6.078 E2.05364
;WIDTH:0.693176
G1 X2.354 Y-6.319 E2.06362
G1 X2.325 Y-5.92 F4800
G1 E.06362 F2400
G92 E0
G1 Z3.65 F4800
G1 X2.704 Y-2.199
G1 Z3.35
G1 E2 F2400
;WIDTH:0.449999
G1 F900
G1 X2.774 Y-2.275 E2.00269
G1 X3.357 Y-2.3 E2.01789
G1 X3.885 Y-2.29 E2.03165
;WIDTH:0.429764
G1 X4.14 Y-2.272 E2.03799
;WIDTH:0.393343
G1 X4.396 Y-2.253 E2.04377
;WIDTH:0.40346
G1 X4.684 Y-2.277 E2.05046
;WIDTH:0.449999
G1 X4.972 Y-2.3 E2.05799
G1 X5.837 Y-2.3 E2.08053
G1 X5.992 Y-2.231 E2.08495
G1 X6.044 Y-2.124 E2.08805
G1 X6.015 Y-1.982 E2.09183
G1 X5.746 Y-1.548 E2.10513
G1 X5.342 Y-1.1 E2.12085
G1 X4.979 Y-.856 E2.13225
G1 X4.49 Y-.71 E2.14555
G1 X4.056 Y-.735 E2.15688
G1 X3.751 Y-.844 E2.16532
G1 X3.28 Y-1.171 E2.18026
G1 X3.007 Y-1.474 E2.19089
G1 X2.695 Y-1.981 E2.2064
G1 X2.683 Y-2.148 E2.21076
G1 X3.059 Y-2.283 F4800
G1 E.21076 F2400
G92 E0
G1 Z3.65 F4800
G1 X3.942 Y.942
G1 Z3.35
G1 E2 F2400
;TYPE:Perimeter
;WIDTH:0.478802
G1 F900
G1 X3.95 Y.706 E2.00658
G1 X3.456 Y-.112 F4800
;WIDTH:0.385701
G1 F900
G1 X3.808 Y.029 E2.01494
;WIDTH:0.386631
G1 X4.368 Y.096 E2.02741
G1 X4.167 Y.303 E2.03379
;WIDTH:0.432717
G1 X4.058 Y.505 E2.03952
;WIDTH:0.478802
G1 X3.95 Y.706 E2.04588
G1 X3.926 Y.599 E2.04893
;WIDTH:0.452364
G1 X3.901 Y.492 E2.05181
;WIDTH:0.425925
G1 X3.728 Y.136 E2.06153
;WIDTH:0.385701
G1 X3.5 Y-.071 E2.06832
G1 X3.456 Y-.112 F4800
;WIDTH:0.349478
G1 F900
G1 X3.303 Y-.199 E2.0718
G1 X2.261 Y-1.117 F4800
;WIDTH:0.423845
G1 F900
G1 X2.414 Y-.898 E2.07833
G1 X2.81 Y-.496 E2.09211
G1 X3.057 Y-.347 E2.09916
;WIDTH:0.386662
G1 X3.303 Y-.199 E2.10551
G1 X3.097 Y-.262 E2.11027
;WIDTH:0.423845
G1 X2.891 Y-.325 E2.11553
G1 X2.278 Y-.325 E2.1305
G1 X2.295 Y-.57 E2.1365
G1 X2.265 Y-1.057 E2.14842
G1 X2.291 Y-2.45 F4800
;WIDTH:0.600889
G1 F900
G1 X2.228 Y-2.367 E2.15212
G1 X2.233 Y-2.152 E2.15975
;WIDTH:0.551757
G1 X2.238 Y-1.937 E2.16672
;WIDTH:0.502625
G1 X2.369 Y-1.687 E2.175
;WIDTH:0.478302
G1 X2.651 Y-1.255 E2.18935
;WIDTH:0.449999
G1 X2.913 Y-.947 E2.19989
G1 X3.152 Y-.752 E2.20793
G1 X3.609 Y-.446 E2.22226
G1 X4.082 Y-.308 E2.2351
;WIDTH:0.486638
G1 X4.251 Y-.288 E2.23992
;WIDTH:0.523276
G1 X4.419 Y-.267 E2.24511
;WIDTH:0.559914
G1 X4.587 Y-.247 E2.25068
;WIDTH:0.593189
G1 X5.084 Y-.373 E2.26862
;WIDTH:0.607253
G1 X5.521 Y-.616 E2.28655
G1 X5.695 Y-.787 E2.2953
;WIDTH:0.557597
G1 X5.838 Y-.978 E2.30312
;WIDTH:0.521967
G1 X5.982 Y-1.169 E2.31043
;WIDTH:0.486337
G1 X6.125 Y-1.36 E2.31719
;WIDTH:0.450706
G1 X6.364 Y-1.8 E2.33026
;WIDTH:0.428349
G1 X6.445 Y-2.188 E2.34005
;WIDTH:0.468051
G1 X6.43 Y-2.295 E2.34299
;WIDTH:0.507753
G1 X6.415 Y-2.401 E2.34617
G1 X6.216 Y-2.614 E2.35482
G1 X6.49 Y-2.711 E2.36344
G1 X6.588 Y-2.815 E2.36768
G1 X6.921 Y-2.815 E2.37756
G1 X6.9 Y-2.664 E2.38208
G1 X6.866 Y-2.415 E2.38953
;WIDTH:0.468051
G1 X6.832 Y-2.166 E2.39636
;WIDTH:0.428349
G1 X6.687 Y-1.618 E2.41036
;WIDTH:0.435614
G1 X6.554 Y-1.322 E2.41852
;WIDTH:0.466913
G1 X6.421 Y-1.026 E2.42732
;WIDTH:0.509082
G1 X6.268 Y-.775 E2.43606
;WIDTH:0.55125
G1 X6.115 Y-.523 E2.4456
;WIDTH:0.593418
G1 X5.962 Y-.271 E2.45592
;WIDTH:0.607253
G1 X5.807 Y-.119 E2.46371
G1 X5.259 Y.16 E2.48576
;WIDTH:0.595977
G1 X4.739 Y.256 E2.50435
;WIDTH:0.559914
G1 X4.654 Y.346 E2.50842
;WIDTH:0.523276
G1 X4.568 Y.436 E2.51223
;WIDTH:0.486638
G1 X4.482 Y.526 E2.51576
;WIDTH:0.449999
G1 X4.376 Y.781 E2.52296
G1 X4.366 Y1.158 E2.53279
G1 X3.518 Y1.775 E2.56011
G1 X3.504 Y.576 E2.59135
G1 X3.409 Y.353 E2.59767
G1 X3.247 Y.19 E2.60366
G1 X2.891 Y.079 E2.61338
G1 X1.845 Y.079 E2.64063
G1 X1.889 Y-.562 E2.65737
G1 X1.865 Y-.998 E2.66875
;WIDTH:0.478302
G1 X1.837 Y-1.513 E2.6831
;WIDTH:0.502625
G1 X1.781 Y-1.826 E2.69243
;WIDTH:0.551757
G1 X1.736 Y-2.119 E2.70203
;WIDTH:0.600889
G1 X1.69 Y-2.412 E2.71255
G1 X1.628 Y-2.533 E2.71737
;WIDTH:0.570497
G1 X1.565 Y-2.654 E2.72195
;WIDTH:0.578904
G1 X1.337 Y-3.248 E2.74364
;WIDTH:0.587597
G1 X1.077 Y-3.69 E2.7614
G1 X1.813 Y-3.69 E2.78689
G1 X1.888 Y-3.342 E2.79922
;WIDTH:0.56037
G1 X1.962 Y-2.994 E2.81094
;WIDTH:0.566774
G1 X2.052 Y-2.849 E2.81663
;WIDTH:0.600406
G1 X2.142 Y-2.703 E2.82271
;WIDTH:0.600889
G1 X2.398 Y-2.589 E2.83265
G1 X2.328 Y-2.498 E2.83672
G1 E.83672 F2400
G92 E0
G1 Z3.65 F4800
G1 X5.327 Y-2.672
G1 Z3.35
G1 E2 F2400
;WIDTH:0.35842
G1 F900
G1 X5.837 Y-2.672 E2.01038
G1 E.01038 F2400
G92 E0
G1 Z3.65 F4800
G1 X2.772 Y-2.667
G1 Z3.35
G1 E2 F2400
;WIDTH:0.36722
G1 F900
G1 X3.357 Y-2.672 E2.01222
G1 X2.424 Y-3.112 F4800
;TYPE:External perimeter
;WIDTH:0.449999
G1 F900
G1 X2.578 Y-3.044 E2.01661
G1 X3.546 Y-3.044 E2.04183
G1 X3.657 Y-2.892 E2.04673
G1 X3.904 Y-2.666 E2.05545
G1 X4.024 Y-2.629 E2.05872
;WIDTH:0.418857
G1 X4.143 Y-2.592 E2.06173
;WIDTH:0.407485
G1 X4.624 Y-2.604 E2.07299
;WIDTH:0.449999
G1 X4.86 Y-2.71 E2.07973
G1 X5.151 Y-3.044 E2.09127
G1 X6.121 Y-3.044 E2.11654
G1 X6.239 Y-3.08 E2.11975
G1 X6.336 Y-3.262 E2.12512
G1 X7.437 Y-3.262 E2.15381
G1 X7.339 Y-2.579 E2.17179
G1 X7.232 Y-2.09 E2.18483
G1 X7.097 Y-1.598 E2.19812
G1 X6.931 Y-1.113 E2.21148
G1 X6.532 Y-.25 E2.23625
G1 X6.22 Y.231 E2.25119
G1 X5.315 Y.68 E2.27751
G1 X4.993 Y.68 E2.2859
G1 X4.867 Y.723 E2.28937
G1 X4.787 Y.853 E2.29335
G1 X4.784 Y1.37 E2.30682
G1 X3.021 Y2.678 E2.36402
;WIDTH:0.414069
G1 X3.082 Y2.568 E2.36702
;WIDTH:0.449999
G1 X3.103 Y.712 E2.41538
G1 X3.029 Y.549 E2.42004
G1 X2.891 Y.497 E2.42388
G1 X1.352 Y.497 E2.46398
G1 X1.421 Y.152 E2.47315
G1 X1.472 Y-.591 E2.49255
G1 X1.401 Y-1.509 E2.51654
G1 X1.211 Y-2.296 E2.53763
G1 X.877 Y-3.091 E2.5601
G1 X.479 Y-3.724 E2.57958
G1 X.072 Y-4.177 E2.59545
G1 X1.572 Y-4.177 E2.63453
;WIDTH:0.454239
G1 X2.113 Y-4.194 E2.64878
;WIDTH:0.461344
G1 X2.235 Y-4.348 E2.65404
G1 X2.264 Y-3.968 E2.66424
;WIDTH:0.449999
G1 X2.372 Y-3.223 E2.68385
G1 X2.399 Y-3.166 E2.68549
G1 X2.782 Y-3.052 F4800
G1 E.68549 F2400
G92 E0
G1 Z3.65 F4800
G1 X-5.32 Y6.653
G1 Z3.35
G1 E2 F2400
;TYPE:Perimeter
;WIDTH:0.375566
G1 F900
G1 X-5.027 Y6.391 E2.00842
G1 X-4.963 Y6.259 E2.01156
G1 X-4.455 Y6.477 E2.0234
G1 X-3.865 Y6.653 E2.03658
G1 X-5.26 Y6.653 E2.06645
G1 E.06645 F2400
G92 E0
G1 Z3.65 F4800
G1 X-1.146 Y6.653
G1 Z3.35
G1 E2 F2400
;WIDTH:0.375574
G1 F900
G1 X-.489 Y6.456 E2.01469
G1 X-.038 Y6.251 E2.0253
G1 X.027 Y6.391 E2.02861
G1 X.318 Y6.653 E2.037
G1 X-1.086 Y6.653 E2.06707
G1 E.06707 F2400
G92 E0
G1 Z3.65 F4800
G1 X-7.057 Y6.489
G1 Z3.35
G1 E2 F2400
;WIDTH:0.449999
G1 F900
G1 X-5.884 Y6.489 E2.03056
G1 X-5.617 Y6.429 E2.03769
G1 X-5.351 Y6.191 E2.04699
G1 X-5.295 Y6.077 E2.0503
G1 X-5.253 Y5.672 E2.06091
G1 X-4.861 Y5.889 E2.07258
G1 X-4.228 Y6.155 E2.09047
;WIDTH:0.494187
G1 X-3.99 Y6.243 E2.09778
;WIDTH:0.538375
G1 X-3.752 Y6.332 E2.1058
;WIDTH:0.582562
G1 X-3.514 Y6.42 E2.11451
G1 X-3.022 Y6.474 E2.1315
;WIDTH:0.544874
G1 X-2.354 Y6.491 E2.15286
;WIDTH:0.579595
G1 X-1.518 Y6.423 E2.18149
G1 X-1.399 Y6.381 E2.1858
;WIDTH:0.545161
G1 X-.88 Y6.183 E2.20357
;WIDTH:0.49758
G1 X-.361 Y5.985 E2.21969
;WIDTH:0.449999
G1 X.283 Y5.645 E2.23866
G1 X.233 Y5.846 E2.24406
G1 X.351 Y6.191 E2.25356
G1 X.613 Y6.427 E2.26275
G1 X.885 Y6.489 E2.27002
G1 X2.082 Y6.489 E2.30121
G1 X1.642 Y6.675 E2.31366
G1 X.524 Y7.033 E2.34425
G1 X-.46 Y7.034 E2.36989
;WIDTH:0.493198
G1 X-.803 Y7.012 E2.37977
;WIDTH:0.536397
G1 X-1.145 Y6.99 E2.39055
;WIDTH:0.579595
G1 X-1.488 Y6.969 E2.40228
G1 X-2.468 Y6.993 E2.43574
;WIDTH:0.549957
G1 X-3.674 Y6.987 E2.47468
;WIDTH:0.543277
G1 X-4.012 Y7.01 E2.48548
;WIDTH:0.496638
G1 X-4.35 Y7.034 E2.49529
;WIDTH:0.449999
G1 X-5.529 Y7.034 E2.52601
G1 X-6.203 Y6.829 E2.54437
G1 X-7.001 Y6.511 E2.56675
G1 E.56675 F2400
G92 E0
G1 Z3.65 F4800
G1 X-7.332 Y2.811
G1 Z3.35
G1 E2 F2400
;TYPE:External perimeter
;WIDTH:0.516304
G1 F1350
G1 X-7.264 Y2.938 E2.00435
;WIDTH:0.521087
G1 X-7.001 Y3.409 E2.0208
;WIDTH:0.532477
G1 X-6.472 Y4.139 E2.04893
;WIDTH:0.544725
G1 X-5.851 Y4.78 E2.07746
;WIDTH:0.563899
G1 X-5.311 Y5.194 E2.10002
G1 X-5.106 Y5.298 E2.10764
;WIDTH:0.525933
G1 X-4.901 Y5.401 E2.1147
;WIDTH:0.487966
G1 X-4.696 Y5.505 E2.12123
;WIDTH:0.449999
G1 X-4.115 Y5.753 E2.13769
G1 X-3.464 Y5.936 E2.15531
G1 X-3.001 Y6.009 E2.16752
G1 X-2.404 Y6.034 E2.18309
G1 X-1.533 Y5.936 E2.20593
G1 X-.543 Y5.609 E2.2331
G1 X-.072 Y5.378 E2.24677
;WIDTH:0.49829
G1 X.227 Y5.212 E2.25671
;WIDTH:0.54658
G1 X.526 Y5.045 E2.2677
G1 X1.172 Y4.472 E2.2954
;WIDTH:0.538677
G1 X1.782 Y3.741 E2.32547
;WIDTH:0.523352
G1 X2.057 Y3.322 E2.34082
;WIDTH:0.516301
G1 X2.332 Y2.81 E2.35837
G1 X2.612 Y2.788 E2.36685
;WIDTH:0.471831
G1 X2.891 Y2.766 E2.37452
;WIDTH:0.42736
G1 X2.989 Y2.717 E2.37722
;WIDTH:0.430775
G1 X2.891 Y2.863 E2.38159
;WIDTH:0.473538
G1 X2.794 Y3.01 E2.38644
;WIDTH:0.516301
G1 X2.696 Y3.156 E2.39175
;WIDTH:0.519647
G1 X2.413 Y3.672 E2.40964
;WIDTH:0.526586
G1 X2.136 Y4.091 E2.42513
;WIDTH:0.538637
G1 X1.53 Y4.829 E2.45529
;WIDTH:0.55271
G1 X1.167 Y5.179 E2.47166
;WIDTH:0.556312
G1 X.689 Y5.571 E2.49187
G1 X.675 Y5.638 E2.49411
;WIDTH:0.520875
G1 X.661 Y5.705 E2.4962
;WIDTH:0.485437
G1 X.647 Y5.772 E2.49813
;WIDTH:0.449999
G1 X.686 Y5.927 E2.50229
G1 X.794 Y6.051 E2.50657
G1 X.885 Y6.071 E2.509
G1 X3.69 Y6.071 E2.58209
G1 X3.151 Y6.433 E2.59901
G1 X2.625 Y6.713 E2.61454
G1 X1.787 Y7.067 E2.63824
G1 X.59 Y7.451 E2.67099
G1 X-5.482 Y7.451 E2.8292
G1 X-5.696 Y7.42 E2.83483
G1 X-6.364 Y7.214 E2.85304
G1 X-7.627 Y6.712 E2.88845
G1 X-8.157 Y6.43 E2.90409
G1 X-8.696 Y6.071 E2.92096
G1 X-5.818 Y6.071 E2.99595
G1 X-5.707 Y5.972 E2.99983
;WIDTH:0.484473
G1 X-5.637 Y5.713 E3.0074
;WIDTH:0.522356
G1 X-5.662 Y5.641 E3.00973
;WIDTH:0.560238
G1 X-5.687 Y5.569 E3.01224
G1 X-6.243 Y5.112 E3.03594
;WIDTH:0.54234
G1 X-6.84 Y4.478 E3.06365
;WIDTH:0.532477
G1 X-7.143 Y4.075 E3.07938
;WIDTH:0.532022
G1 X-7.449 Y3.61 E3.09673
;WIDTH:0.517044
G1 X-7.696 Y3.156 E3.11236
;WIDTH:0.516304
G1 X-7.794 Y3.01 E3.11767
;WIDTH:0.473499
G1 X-7.891 Y2.863 E3.12252
;WIDTH:0.430694
G1 X-7.989 Y2.717 E3.12689
;WIDTH:0.427285
G1 X-7.891 Y2.766 E3.12959
;WIDTH:0.471795
G1 X-7.612 Y2.788 E3.13726
;WIDTH:0.516304
G1 X-7.392 Y2.806 E3.14392
G1 X-7.16 Y3.132 F4800
G1 E1.14392 F2400
G92 E0
G1 Z3.65 F4800
G1 X-10.938 Y-2.667
G1 Z3.35
G1 E2 F2400
;TYPE:Perimeter
;WIDTH:0.367224
G1 F900
G1 X-10.327 Y-2.672 E2.01277
G1 X-8.365 Y-2.672 F4800
;WIDTH:0.358418
G1 F900
G1 X-7.873 Y-2.672 E2.02278
G1 E.02278 F2400
G92 E0
G1 Z3.65 F4800
G1 X-8.64 Y-.001
G1 Z3.35
G1 E2 F2400
;WIDTH:0.412622
G1 F900
G1 X-8.72 Y.077 E2.00265
G1 X-8.825 Y.307 E2.00865
;WIDTH:0.435821
G1 X-8.888 Y.507 E2.01393
;WIDTH:0.478808
G1 X-8.95 Y.706 E2.01974
G1 X-9.046 Y.52 E2.02557
;WIDTH:0.435821
G1 X-9.142 Y.334 E2.03084
;WIDTH:0.392833
G1 X-9.39 Y.09 E2.03866
G1 X-9.197 Y.09 E2.043
;WIDTH:0.412622
G1 X-8.7 Y.008 E2.05495
G1 X-8.95 Y.706 F4800
;WIDTH:0.478808
G1 F900
G1 X-8.942 Y.942 E2.06153
G1 E.06153 F2400
G92 E0
G1 Z3.65 F4800
G1 X-7.284 Y-1.058
G1 Z3.35
G1 E2 F2400
;WIDTH:0.434177
G1 F900
G1 X-7.288 Y-.33 E2.01825
;WIDTH:0.451585
G1 X-7.945 Y-.348 E2.03544
G1 X-7.627 Y-.676 E2.04739
;WIDTH:0.434177
G1 X-7.324 Y-1.013 E2.05875
G1 X-7.289 Y-2.451 F4800
;WIDTH:0.606544
G1 F900
G1 X-7.392 Y-2.587 E2.06486
G1 X-7.138 Y-2.702 E2.07485
G1 X-7.064 Y-2.82 E2.07984
;WIDTH:0.569404
G1 X-6.989 Y-2.938 E2.08452
;WIDTH:0.544716
G1 X-6.911 Y-3.157 E2.09195
;WIDTH:0.569763
G1 X-6.86 Y-3.422 E2.101
;WIDTH:0.59481
G1 X-6.81 Y-3.686 E2.11043
G1 X-6.098 Y-3.686 E2.13541
G1 X-6.293 Y-3.286 E2.15102
;WIDTH:0.564063
G1 X-6.461 Y-2.931 E2.16405
;WIDTH:0.56993
G1 X-6.573 Y-2.66 E2.17388
;WIDTH:0.606544
G1 X-6.686 Y-2.388 E2.18443
G1 X-6.715 Y-2.227 E2.19029
;WIDTH:0.560823
G1 X-6.744 Y-2.065 E2.19572
;WIDTH:0.515102
G1 X-6.815 Y-1.559 E2.21111
;WIDTH:0.477217
G1 X-6.874 Y-1.056 E2.22517
;WIDTH:0.449999
G1 X-6.877 Y-.528 E2.23893
G1 X-6.836 Y.08 E2.25481
G1 X-7.191 Y.08 E2.26406
;WIDTH:0.460516
G1 X-7.882 Y.074 E2.28252
;WIDTH:0.500592
G1 X-7.93 Y.06 E2.28398
;WIDTH:0.540668
G1 X-7.979 Y.046 E2.2856
;WIDTH:0.580744
G1 X-8.027 Y.032 E2.28731
;WIDTH:0.62082
G1 X-8.076 Y.019 E2.28917
G1 X-8.293 Y.125 E2.29804
;WIDTH:0.610557
G1 X-8.337 Y.209 E2.30146
;WIDTH:0.570418
G1 X-8.38 Y.292 E2.3046
;WIDTH:0.530278
G1 X-8.424 Y.376 E2.30755
;WIDTH:0.490139
G1 X-8.467 Y.46 E2.31025
;WIDTH:0.449999
G1 X-8.518 Y.706 E2.3168
G1 X-8.518 Y1.775 E2.34465
G1 X-9.366 Y1.158 E2.37197
G1 X-9.376 Y.781 E2.3818
G1 X-9.468 Y.547 E2.38835
;WIDTH:0.486786
G1 X-9.567 Y.447 E2.39234
;WIDTH:0.523573
G1 X-9.666 Y.347 E2.39665
;WIDTH:0.56036
G1 X-9.764 Y.247 E2.40126
;WIDTH:0.59175
G1 X-10.259 Y.163 E2.41878
;WIDTH:0.612518
G1 X-10.805 Y-.12 E2.44104
G1 X-10.919 Y-.222 E2.44658
G1 X-11.059 Y-.44 E2.45596
;WIDTH:0.570651
G1 X-11.2 Y-.657 E2.46465
;WIDTH:0.528783
G1 X-11.34 Y-.874 E2.47265
;WIDTH:0.486915
G1 X-11.52 Y-1.262 E2.48478
;WIDTH:0.443873
G1 X-11.7 Y-1.651 E2.49578
;WIDTH:0.428255
G1 X-11.835 Y-2.177 E2.50919
;WIDTH:0.467994
G1 X-11.878 Y-2.496 E2.51794
;WIDTH:0.507733
G1 X-11.921 Y-2.815 E2.52749
G1 X-11.588 Y-2.815 E2.53737
G1 X-11.49 Y-2.711 E2.54161
G1 X-11.216 Y-2.614 E2.55023
G1 X-11.415 Y-2.402 E2.55885
G1 X-11.43 Y-2.295 E2.56205
;WIDTH:0.467994
G1 X-11.446 Y-2.188 E2.56499
;WIDTH:0.428255
G1 X-11.413 Y-1.931 E2.57139
;WIDTH:0.421795
G1 X-11.293 Y-1.698 E2.57776
;WIDTH:0.452157
G1 X-11.172 Y-1.465 E2.58464
;WIDTH:0.489452
G1 X-11.064 Y-1.287 E2.59058
;WIDTH:0.526746
G1 X-10.955 Y-1.109 E2.59702
;WIDTH:0.56404
G1 X-10.847 Y-.931 E2.60393
;WIDTH:0.612518
G1 X-10.491 Y-.604 E2.62142
G1 X-10.021 Y-.344 E2.64086
;WIDTH:0.59175
G1 X-9.632 Y-.262 E2.65473
;WIDTH:0.56036
G1 X-9.452 Y-.283 E2.6607
;WIDTH:0.523573
G1 X-9.271 Y-.304 E2.66628
;WIDTH:0.486786
G1 X-9.091 Y-.325 E2.67142
;WIDTH:0.4907
G1 X-8.972 Y-.333 E2.67483
;WIDTH:0.531401
G1 X-8.853 Y-.341 E2.67854
;WIDTH:0.572102
G1 X-8.733 Y-.349 E2.68259
;WIDTH:0.612803
G1 X-8.614 Y-.356 E2.68691
;WIDTH:0.62082
G1 X-8.292 Y-.525 E2.70026
G1 X-8.267 Y-.568 E2.70209
;WIDTH:0.580744
G1 X-8.242 Y-.61 E2.70376
;WIDTH:0.540668
G1 X-8.217 Y-.653 E2.70534
;WIDTH:0.500592
G1 X-8.192 Y-.696 E2.70679
;WIDTH:0.460516
G1 X-7.642 Y-1.278 E2.72818
;WIDTH:0.477217
G1 X-7.33 Y-1.752 E2.74393
;WIDTH:0.499267
G1 X-7.23 Y-1.987 E2.75137
;WIDTH:0.535026
G1 X-7.228 Y-2.113 E2.75532
;WIDTH:0.570785
G1 X-7.226 Y-2.24 E2.75959
;WIDTH:0.606544
G1 X-7.224 Y-2.366 E2.7641
G1 X-7.252 Y-2.403 E2.76576
G1 X-7.494 Y-3.062 F4800
;TYPE:External perimeter
;WIDTH:0.449999
G1 F900
G1 X-7.394 Y-3.154 E2.7693
G1 X-7.33 Y-3.515 E2.77885
;WIDTH:0.46135
G1 X-7.235 Y-4.347 E2.80126
G1 X-7.14 Y-4.209 E2.80574
;WIDTH:0.455672
G1 X-7.024 Y-4.177 E2.80892
;WIDTH:0.449999
G1 X-5.079 Y-4.177 E2.8596
G1 X-5.211 Y-4.051 E2.86435
G1 X-5.691 Y-3.415 E2.88511
G1 X-6.095 Y-2.6 E2.90881
G1 X-6.324 Y-1.893 E2.92817
G1 X-6.454 Y-1.086 E2.94947
G1 X-6.458 Y-.717 E2.95909
G1 X-6.458 Y-.193 E2.97274
G1 X-6.342 Y.497 E2.99097
G1 X-7.488 Y.497 E3.02083
G1 X-7.99 Y.522 E3.03393
G1 X-8.083 Y.624 E3.03753
G1 X-8.1 Y.942 E3.04583
G1 X-8.082 Y2.568 E3.0882
;WIDTH:0.413978
G1 X-8.007 Y2.703 E3.09188
G1 X-8.133 Y2.594 E3.09585
;WIDTH:0.449999
G1 X-9.784 Y1.364 E3.14949
G1 X-9.8 Y.81 E3.16393
G1 X-9.894 Y.705 E3.1676
G1 X-10.315 Y.68 E3.17859
G1 X-11.22 Y.231 E3.20491
G1 X-11.532 Y-.25 E3.21985
G1 X-11.917 Y-1.084 E3.24378
G1 X-12.092 Y-1.581 E3.25751
G1 X-12.229 Y-2.074 E3.27084
G1 X-12.339 Y-2.579 E3.28431
G1 X-12.437 Y-3.262 E3.30229
G1 X-11.336 Y-3.262 E3.33098
G1 X-11.261 Y-3.097 E3.3357
G1 X-11.122 Y-3.044 E3.33958
G1 X-10.151 Y-3.044 E3.36488
G1 X-9.86 Y-2.71 E3.37642
G1 X-9.623 Y-2.605 E3.38317
;WIDTH:0.403499
G1 X-9.198 Y-2.59 E3.39302
;WIDTH:0.407476
G1 X-9.042 Y-2.635 E3.39682
;WIDTH:0.449999
G1 X-8.886 Y-2.681 E3.40106
G1 X-8.532 Y-3.041 E3.41422
G1 X-7.554 Y-3.061 E3.43971
G1 X-7.352 Y-3.406 F4800
G1 E1.43971 F2400
G92 E0
G1 Z3.65 F4800
G1 X-11.39 Y-5.625
G1 Z3.35
G1 E2 F2400
;WIDTH:0.61705
G1 F900
G1 X-11.427 Y-5.562 E2.00266
G1 X-11.5 Y-5.562 E2.00532
G1 X-11.537 Y-5.625 E2.00798
G1 X-11.5 Y-5.688 E2.01064
G1 X-11.427 Y-5.688 E2.0133
;LAYER_CHANGE
;Z:3.5
;HEIGHT:0.15
G1 E.0133 F2400
G92 E0
G1 Z3.5 F4800
G1 Z3.8
G1 X-2.986 Y-3.592
G1 Z3.5
G1 E2 F2400
;TYPE:Support material
;WIDTH:0.35
G1 F3600
G1 X-3.175 Y-3.655 E2.00395
G1 X-3.544 Y-3.975 E2.01363
G1 X-3.292 Y-4.126 E2.01945
G1 X-2.725 Y-4.237 E2.0309
G1 X-2.72 Y-4.586 E2.03782
G1 X-2.141 Y-4.504 E2.04941
G1 X-2.09 Y-4.313 E2.05333
G1 X-2.423 Y-3.479 E2.07113
G1 X-2.633 Y-3.309 E2.07648
G1 X-2.886 Y-3.232 E2.08172
G1 X-3.165 Y-3.256 E2.08727
G1 X-3.403 Y-3.379 E2.09258
G1 X-4.01 Y-3.838 E2.10766
G1 X-4.054 Y-4.017 E2.11131
G1 X-3.627 Y-4.373 E2.12233
G1 X-2.768 Y-4.587 E2.13988
G1 E.13988 F2400
G92 E0
G1 Z3.8 F4800
G1 X-2.464 Y-7.194
G1 Z3.5
G1 E2 F2400
G1 F3600
G1 X-2.756 Y-7.194 E2.00579
G1 X-2.475 Y-7.252 E2.01148
G1 X-1.972 Y-7.681 E2.02458
G1 X-1.672 Y-7.762 E2.03074
G1 X-1.671 Y-8.112 E2.03768
G1 X-1.324 Y-8.102 E2.04456
G1 X-.801 Y-7.887 E2.05577
G1 X-.406 Y-7.469 E2.06717
G1 X-.25 Y-7.417 E2.07043
G1 X.109 Y-7.093 E2.08001
G1 X.241 Y-6.85 E2.08549
G1 X.289 Y-6.356 E2.09533
G1 X.092 Y-5.955 E2.10418
G1 X-.2 Y-5.73 E2.11149
G1 X.238 Y-6.291 E2.1256
G1 X-.032 Y-6.844 E2.1378
G1 X-4.681 Y-6.844 E2.22994
G1 X-5.063 Y-6.614 E2.23878
G1 X-5.453 Y-6.614 E2.24651
G1 X-5.374 Y-7.009 E2.25449
G1 X-5.2 Y-7.351 E2.2621
G1 X-4.725 Y-7.759 E2.27451
G1 X-4.284 Y-7.88 E2.28357
G1 X-3.863 Y-7.863 E2.29192
G1 X-3.477 Y-7.719 E2.30009
G1 X-3.12 Y-7.476 E2.30865
G1 X-2.659 Y-7.572 E2.31798
G1 X-2.115 Y-8.005 E2.33176
G1 X-1.719 Y-8.112 E2.33989
G1 E.33989 F2400
G92 E0
G1 Z3.8 F4800
G1 X-.108 Y-6.158
G1 Z3.5
G1 E2 F2400
;TYPE:Support material interface
G1 F3600
G1 X-.461 Y-6.51 E2.00988
G1 X-.91 Y-6.51 E2.01878
G1 X-.407 Y-6.007 E2.03288
G1 X-.604 Y-5.755 E2.03922
G1 X-1.359 Y-6.51 E2.06038
G1 X-1.809 Y-6.51 E2.0693
G1 X-.979 Y-5.68 E2.09256
G1 X-1.371 Y-5.623 E2.10041
G1 X-2.258 Y-6.51 E2.12527
G1 X-2.708 Y-6.51 E2.13419
G1 X-1.648 Y-5.45 E2.1639
G1 X-2.013 Y-5.366 E2.17132
G1 X-3.157 Y-6.51 E2.20339
G1 X-3.607 Y-6.51 E2.21231
G1 X-2.317 Y-5.22 E2.24847
G1 X-2.7 Y-5.22 E2.25606
G1 X-4.056 Y-6.51 E2.29315
G1 X-4.506 Y-6.51 E2.30207
G1 X-3.378 Y-5.383 E2.33367
G1 X-3.744 Y-5.299 E2.34111
G1 X-4.811 Y-6.366 E2.37102
G1 X-5.175 Y-6.28 E2.37843
G1 X-4.125 Y-5.23 E2.40786
G1 X-4.712 Y-5.368 E2.41981
G1 X-5.573 Y-6.229 E2.44394
G1 E.44394 F2400
G92 E0
G1 Z3.8 F4800
G1 X6.392 Y-5.713
G1 Z3.5
G1 E2 F2400
;TYPE:External perimeter
;WIDTH:0.37219
G1 F900
G1 X6.371 Y-5.676 E2.0009
G1 X6.307 Y-5.713 E2.00247
G1 X6.371 Y-5.75 E2.00404
G1 E.00404 F2400
G92 E0
G1 Z3.8 F4800
G1 X-7.893 Y-2.082
G1 Z3.5
G1 E2 F2400
;WIDTH:0.449999
G1 F900
G1 X-7.854 Y-2.012 E2.00209
G1 X-7.891 Y-1.874 E2.00581
G1 X-8.031 Y-1.671 E2.01224
G1 X-8.492 Y-1.226 E2.02893
G1 X-8.865 Y-1.022 E2.04001
G1 X-9.171 Y-.944 E2.04824
G1 X-9.519 Y-.949 E2.05731
G1 X-10.009 Y-1.101 E2.07068
G1 X-10.338 Y-1.327 E2.08108
G1 X-10.805 Y-1.855 E2.09945
G1 X-10.858 Y-1.996 E2.10337
G1 X-10.819 Y-2.114 E2.10661
G1 X-10.685 Y-2.199 E2.11074
G1 X-9.964 Y-2.202 E2.12953
;WIDTH:0.485352
G1 X-9.68 Y-2.22 E2.13757
;WIDTH:0.520704
G1 X-9.396 Y-2.237 E2.14624
;WIDTH:0.551841
G1 X-9.135 Y-2.253 E2.15471
;WIDTH:0.582977
G1 X-8.873 Y-2.268 E2.16372
G1 X-8.741 Y-2.246 E2.16832
;WIDTH:0.538651
G1 X-8.609 Y-2.224 E2.17255
;WIDTH:0.494325
G1 X-8.477 Y-2.202 E2.17641
;WIDTH:0.449999
G1 X-8.063 Y-2.202 E2.1872
G1 X-7.935 Y-2.159 E2.19072
G1 X-7.922 Y-2.135 E2.19143
G1 X-7.99 Y-1.74 F4800
G1 E.19143 F2400
G92 E0
G1 Z3.8 F4800
G1 X-7.318 Y-6.262
G1 Z3.5
G1 E2 F2400
;WIDTH:0.621144
G1 F900
G1 X-7.296 Y-5.915 E2.01277
;WIDTH:0.576662
G1 X-7.274 Y-5.568 E2.02458
;WIDTH:0.53218
G1 X-7.252 Y-5.222 E2.03539
;WIDTH:0.487698
G1 X-7.229 Y-4.875 E2.04527
;WIDTH:0.461004
G1 X-7.237 Y-4.593 E2.05281
G1 X-7.255 Y-4.992 F4800
G1 E.05281 F2400
G92 E0
G1 Z3.8 F4800
G1 X2.237 Y-4.593
G1 Z3.5
G1 E2 F2400
;WIDTH:0.461
G1 F900
G1 X2.229 Y-4.875 E2.00754
;WIDTH:0.487685
G1 X2.252 Y-5.222 E2.01742
;WIDTH:0.532158
G1 X2.274 Y-5.569 E2.02826
;WIDTH:0.576631
G1 X2.296 Y-5.915 E2.04003
;WIDTH:0.621104
G1 X2.318 Y-6.262 E2.0528
G1 X2.293 Y-5.863 F4800
G1 E.0528 F2400
G92 E0
G1 Z3.8 F4800
G1 X2.893 Y-2.082
G1 Z3.5
G1 E2 F2400
;WIDTH:0.449999
G1 F900
G1 X2.935 Y-2.158 E2.00226
G1 X3.063 Y-2.202 E2.00579
G1 X3.759 Y-2.202 E2.02392
;WIDTH:0.485812
G1 X4.058 Y-2.22 E2.03239
;WIDTH:0.521624
G1 X4.356 Y-2.238 E2.0415
G1 X4.623 Y-2.22 E2.04967
;WIDTH:0.485812
G1 X4.889 Y-2.202 E2.05721
;WIDTH:0.449999
G1 X5.649 Y-2.202 E2.07701
G1 X5.819 Y-2.114 E2.082
G1 X5.858 Y-1.992 E2.08534
G1 X5.813 Y-1.863 E2.0889
G1 X5.418 Y-1.418 E2.1044
G1 X5.029 Y-1.112 E2.1173
G1 X4.712 Y-.984 E2.12621
G1 X4.35 Y-.935 E2.13573
G1 X3.828 Y-1.036 E2.14958
G1 X3.434 Y-1.276 E2.1616
G1 X3.249 Y-1.428 E2.16784
G1 X2.9 Y-1.862 E2.18235
G1 X2.855 Y-2.012 E2.18643
G1 X2.864 Y-2.03 E2.18695
G1 X3.228 Y-2.196 F4800
G1 E.18695 F2400
G92 E0
G1 Z3.8 F4800
G1 X.338 Y6.312
G1 Z3.5
G1 E2 F2400
;TYPE:Perimeter
;WIDTH:0.597316
G1 F900
G1 X.302 Y6.373 E2.0025
G1 X.232 Y6.373 E2.00497
G1 X.196 Y6.312 E2.00747
G1 X.232 Y6.251 E2.00997
G1 X.302 Y6.251 E2.01244
G1 E.01244 F2400
G92 E0
G1 Z3.8 F4800
G1 X-5.204 Y6.315
G1 Z3.5
G1 E2 F2400
;WIDTH:0.590744
G1 F900
G1 X-5.239 Y6.376 E2.00245
G1 X-5.308 Y6.376 E2.00485
G1 X-5.343 Y6.315 E2.0073
G1 X-5.308 Y6.255 E2.00972
G1 X-5.239 Y6.255 E2.01212
G1 E.01212 F2400
G92 E0
G1 Z3.8 F4800
G1 X-7.611 Y6.291
G1 Z3.5
G1 E2 F2400
;WIDTH:0.51329
G1 F900
G1 X-6.93 Y6.291 E2.02043
;WIDTH:0.520101
G1 X-6.04 Y6.284 E2.04751
G1 X-5.85 Y6.15 E2.05458
;WIDTH:0.48505
G1 X-5.659 Y6.016 E2.06117
;WIDTH:0.449999
G1 X-5.602 Y5.927 E2.06392
G1 X-5.587 Y5.548 E2.0738
G1 X-5.06 Y5.877 E2.08999
G1 X-4.41 Y6.187 E2.10875
G1 X-3.793 Y6.385 E2.12563
G1 X-3.4 Y6.438 E2.13596
;WIDTH:0.415116
G1 X-3.007 Y6.491 E2.14543
;WIDTH:0.380233
G1 X-2.377 Y6.508 E2.15911
;WIDTH:0.39745
G1 X-1.902 Y6.466 E2.16997
;WIDTH:0.425421
G1 X-1.428 Y6.424 E2.18164
;WIDTH:0.449999
G1 X-.504 Y6.151 E2.20674
G1 X.27 Y5.76 E2.22933
G1 X.614 Y5.516 E2.24032
G1 X.544 Y5.771 E2.24721
G1 X.657 Y6.013 E2.25417
;WIDTH:0.481646
G1 X.906 Y6.152 E2.26216
;WIDTH:0.513293
G1 X1.155 Y6.291 E2.27072
G1 X2.639 Y6.291 E2.31524
G1 X2.371 Y6.434 E2.32435
G1 X1.578 Y6.754 E2.35001
G1 X.711 Y6.788 E2.37604
;WIDTH:0.481646
G1 X.267 Y6.804 E2.38849
;WIDTH:0.449999
G1 X-1.519 Y6.822 E2.43503
;WIDTH:0.414018
G1 X-2.474 Y6.845 E2.45778
;WIDTH:0.386409
G1 X-3.122 Y6.835 E2.4721
;WIDTH:0.418204
G1 X-3.477 Y6.82 E2.48065
;WIDTH:0.449999
G1 X-3.832 Y6.804 E2.48991
G1 X-5.274 Y6.804 E2.52748
;WIDTH:0.481645
G1 X-5.885 Y6.788 E2.54461
;WIDTH:0.51329
G1 X-6.497 Y6.772 E2.56298
G1 X-6.995 Y6.6 E2.57879
G1 X-7.557 Y6.318 E2.59766
G1 E.59766 F2400
G92 E0
G1 Z3.8 F4800
G1 X-7.487 Y2.578
G1 Z3.5
G1 E2 F2400
;TYPE:External perimeter
;WIDTH:0.516192
G1 F1350
G1 X-7.226 Y3.117 E2.01808
;WIDTH:0.526864
G1 X-6.746 Y3.885 E2.04602
;WIDTH:0.538779
G1 X-6.168 Y4.574 E2.07443
G1 X-5.484 Y5.156 E2.1028
;WIDTH:0.517763
G1 X-5.18 Y5.329 E2.11339
;WIDTH:0.483881
G1 X-4.877 Y5.501 E2.1232
;WIDTH:0.449999
G1 X-4.279 Y5.791 E2.14052
G1 X-3.716 Y5.974 E2.15594
G1 X-2.989 Y6.108 E2.1752
G1 X-2.417 Y6.132 E2.19012
G1 X-1.544 Y6.036 E2.213
G1 X-.692 Y5.778 E2.23619
G1 X.112 Y5.368 E2.25971
;WIDTH:0.485126
G1 X.288 Y5.26 E2.26554
;WIDTH:0.520253
G1 X.464 Y5.151 E2.27184
;WIDTH:0.555379
G1 X.64 Y5.042 E2.27859
G1 X1.146 Y4.581 E2.30092
;WIDTH:0.54571
G1 X1.52 Y4.181 E2.31846
;WIDTH:0.528105
G1 X1.999 Y3.509 E2.34398
;WIDTH:0.522678
G1 X2.483 Y2.581 E2.37599
;WIDTH:0.563405
G1 X2.664 Y2.593 E2.382
;WIDTH:0.609734
G1 X2.846 Y2.606 E2.38857
;WIDTH:0.656062
G1 X3.028 Y2.619 E2.39567
G1 X2.979 Y2.691 E2.39906
;WIDTH:0.61754
G1 X2.931 Y2.763 E2.40222
;WIDTH:0.579017
G1 X2.882 Y2.835 E2.40519
;WIDTH:0.540494
G1 X2.648 Y3.347 E2.42303
;WIDTH:0.522678
G1 X2.403 Y3.785 E2.43838
;WIDTH:0.532865
G1 X1.846 Y4.568 E2.46838
;WIDTH:0.54571
G1 X1.507 Y4.946 E2.48464
;WIDTH:0.555379
G1 X.975 Y5.442 E2.50837
G1 X.971 Y5.533 E2.51134
;WIDTH:0.520253
G1 X.966 Y5.623 E2.51408
;WIDTH:0.485126
G1 X.962 Y5.713 E2.51662
;WIDTH:0.449999
G1 X1.155 Y5.841 E2.52265
G1 X4.114 Y5.841 E2.59975
G1 X3.874 Y6.046 E2.60797
G1 X3.258 Y6.469 E2.62744
G1 X2.562 Y6.842 E2.64801
G1 X1.622 Y7.221 E2.67442
G1 X-6.624 Y7.222 E2.88928
G1 X-7.204 Y6.998 E2.90548
G1 X-8.264 Y6.466 E2.93638
G1 X-9.114 Y5.842 E2.96385
G1 X-6.155 Y5.841 E3.04095
G1 X-5.99 Y5.761 E3.04573
;WIDTH:0.483881
G1 X-5.961 Y5.648 E3.04902
;WIDTH:0.517763
G1 X-5.932 Y5.536 E3.05252
;WIDTH:0.552653
G1 X-5.976 Y5.444 E3.05583
G1 X-6.509 Y4.949 E3.07944
;WIDTH:0.538816
G1 X-6.843 Y4.566 E3.0955
G1 X-7.401 Y3.784 E3.12585
;WIDTH:0.525824
G1 X-7.651 Y3.348 E3.14132
;WIDTH:0.535938
G1 X-7.884 Y2.836 E3.15899
;WIDTH:0.575938
G1 X-7.932 Y2.764 E3.16192
;WIDTH:0.615938
G1 X-7.98 Y2.691 E3.1651
;WIDTH:0.655938
G1 X-8.028 Y2.619 E3.16847
G1 X-7.848 Y2.605 E3.17549
;WIDTH:0.607813
G1 X-7.667 Y2.592 E3.182
;WIDTH:0.559687
G1 X-7.547 Y2.583 E3.18596
G1 X-7.327 Y2.917 F4800
G1 E1.18596 F2400
G92 E0
G1 Z3.8 F4800
G1 X1.557 Y-3.569
G1 Z3.5
G1 E2 F2400
;TYPE:Perimeter
;WIDTH:0.454658
G1 F900
G1 X1.531 Y-3.523 E2.00139
G1 X1.478 Y-3.523 E2.00279
G1 X1.452 Y-3.569 E2.00418
G1 X1.478 Y-3.614 E2.00555
G1 X1.531 Y-3.614 E2.00695
G1 E.00695 F2400
G92 E0
G1 Z3.8 F4800
G1 X5.511 Y-.389
G1 Z3.5
G1 E2 F2400
;WIDTH:0.456846
G1 F900
G1 X5.485 Y-.343 E2.0014
G1 X5.431 Y-.343 E2.00283
G1 X5.405 Y-.389 E2.00423
G1 X5.431 Y-.435 E2.00563
G1 X5.485 Y-.435 E2.00706
G1 E.00706 F2400
G92 E0
G1 Z3.8 F4800
G1 X3.942 Y1.04
G1 Z3.5
G1 E2 F2400
;WIDTH:0.4788
G1 F900
G1 X3.95 Y.476 E2.01571
G1 X3.631 Y-.237 F4800
;WIDTH:0.410756
G1 F900
G1 X3.738 Y-.202 E2.01837
G1 X4.39 Y-.139 E2.03383
;WIDTH:0.393419
G1 X4.142 Y.103 E2.04164
;WIDTH:0.43611
G1 X4.046 Y.29 E2.04693
;WIDTH:0.4788
G1 X3.95 Y.476 E2.05276
G1 X3.925 Y.366 E2.0559
;WIDTH:0.453535
G1 X3.901 Y.256 E2.05886
;WIDTH:0.428269
G1 X3.712 Y-.159 E2.07012
;WIDTH:0.410756
G1 X3.674 Y-.195 E2.07136
G1 X2.221 Y-1.411 F4800
;WIDTH:0.427754
G1 F900
G1 X2.498 Y-1.046 E2.08266
;WIDTH:0.455989
G1 X2.891 Y-.6 E2.09837
G1 X2.687 Y-.557 E2.10388
;WIDTH:0.427754
G1 X2.283 Y-.557 E2.11385
G1 X2.282 Y-.805 E2.11997
G1 X2.227 Y-1.351 E2.13351
G1 X2.432 Y-2.331 F4800
;WIDTH:0.669242
G1 F900
G1 X2.358 Y-2.205 E2.13932
G1 X2.379 Y-1.984 E2.14814
;WIDTH:0.634895
G1 X2.4 Y-1.762 E2.15652
;WIDTH:0.600547
G1 X2.443 Y-1.722 E2.1586
;WIDTH:0.56291
G1 X2.487 Y-1.681 E2.16059
;WIDTH:0.525273
G1 X2.531 Y-1.641 E2.16242
;WIDTH:0.487636
G1 X2.574 Y-1.6 E2.16411
;WIDTH:0.449999
G1 X2.934 Y-1.153 E2.17906
;WIDTH:0.490661
G1 X3.036 Y-1.047 E2.18327
;WIDTH:0.531323
G1 X3.137 Y-.941 E2.18783
;WIDTH:0.571985
G1 X3.238 Y-.835 E2.19276
;WIDTH:0.612646
G1 X3.339 Y-.729 E2.19806
G1 X3.593 Y-.598 E2.20841
;WIDTH:0.60994
G1 X3.665 Y-.599 E2.211
;WIDTH:0.560908
G1 X3.737 Y-.6 E2.21337
;WIDTH:0.511876
G1 X3.809 Y-.601 E2.21552
;WIDTH:0.49327
G1 X4.154 Y-.544 E2.22557
;WIDTH:0.523695
G1 X4.499 Y-.486 E2.23629
;WIDTH:0.564631
G1 X4.909 Y-.544 E2.25004
G1 X5.053 Y-.635 E2.2557
;WIDTH:0.526421
G1 X5.197 Y-.726 E2.26095
;WIDTH:0.48821
G1 X5.341 Y-.817 E2.26579
;WIDTH:0.449999
G1 X5.778 Y-1.172 E2.28046
G1 X6.161 Y-1.637 E2.29616
;WIDTH:0.453003
G1 X6.277 Y-1.99 E2.30591
;WIDTH:0.496271
G1 X6.272 Y-2.123 E2.30976
;WIDTH:0.539538
G1 X6.267 Y-2.256 E2.31397
G1 X6.089 Y-2.492 E2.32332
G1 X6.372 Y-2.575 E2.33265
G1 X6.445 Y-2.692 E2.33701
;WIDTH:0.492853
G1 X6.517 Y-2.809 E2.34096
;WIDTH:0.446167
G1 X6.59 Y-2.927 E2.34454
;WIDTH:0.399481
G1 X6.636 Y-3.102 E2.34868
;WIDTH:0.394294
G1 X6.986 Y-3.102 E2.35658
G1 X6.955 Y-2.885 E2.36153
;WIDTH:0.429118
G1 X6.903 Y-2.725 E2.36569
;WIDTH:0.463136
G1 X6.851 Y-2.565 E2.37021
;WIDTH:0.497153
G1 X6.686 Y-1.921 E2.38949
;WIDTH:0.453003
G1 X6.494 Y-1.385 E2.40443
;WIDTH:0.449999
G1 X6.152 Y-.663 E2.42525
G1 X5.667 Y.032 E2.44733
G1 X5.597 Y.032 E2.44915
;WIDTH:0.494414
G1 X5.339 Y.01 E2.45661
;WIDTH:0.538828
G1 X5.082 Y-.012 E2.46476
;WIDTH:0.559594
G1 X4.764 Y.017 E2.47526
G1 X4.687 Y.09 E2.47875
;WIDTH:0.523063
G1 X4.609 Y.162 E2.482
;WIDTH:0.486531
G1 X4.532 Y.234 E2.48499
;WIDTH:0.449999
G1 X4.413 Y.422 E2.49079
G1 X4.366 Y.659 E2.49709
G1 X4.366 Y1.255 E2.51262
G1 X3.518 Y1.873 E2.53996
G1 X3.503 Y.342 E2.57985
;WIDTH:0.490451
G1 X3.455 Y.233 E2.58325
;WIDTH:0.530902
G1 X3.406 Y.124 E2.58697
;WIDTH:0.571353
G1 X3.358 Y.014 E2.59101
;WIDTH:0.611804
G1 X3.309 Y-.095 E2.59533
;WIDTH:0.612646
G1 X3.114 Y-.196 E2.60328
G1 X3.007 Y-.185 E2.60717
;WIDTH:0.571985
G1 X2.9 Y-.173 E2.61079
;WIDTH:0.531323
G1 X2.794 Y-.162 E2.61411
;WIDTH:0.490661
G1 X2.687 Y-.15 E2.61719
;WIDTH:0.449999
G1 X1.879 Y-.15 E2.63824
G1 X1.875 Y-.751 E2.6539
G1 X1.832 Y-1.27 E2.66747
;WIDTH:0.487636
G1 X1.837 Y-1.358 E2.66997
;WIDTH:0.525273
G1 X1.841 Y-1.447 E2.67271
;WIDTH:0.56291
G1 X1.846 Y-1.535 E2.67563
;WIDTH:0.600547
G1 X1.851 Y-1.623 E2.67875
;WIDTH:0.634895
G1 X1.8 Y-1.91 E2.68971
;WIDTH:0.669242
G1 X1.75 Y-2.198 E2.70132
G1 X1.657 Y-2.415 E2.7107
;WIDTH:0.634305
G1 X1.564 Y-2.632 E2.71957
;WIDTH:0.599368
G1 X1.47 Y-2.85 E2.72797
;WIDTH:0.564431
G1 X1.332 Y-3.073 E2.73667
;WIDTH:0.526287
G1 X1.194 Y-3.296 E2.74475
;WIDTH:0.488143
G1 X1.057 Y-3.519 E2.75219
;WIDTH:0.449999
G1 X.709 Y-3.989 E2.76743
G1 X1.864 Y-3.989 E2.79752
G1 X1.915 Y-3.659 E2.80622
;WIDTH:0.489276
G1 X1.95 Y-3.413 E2.8133
;WIDTH:0.528552
G1 X1.986 Y-3.168 E2.82097
;WIDTH:0.567828
G1 X2.022 Y-2.922 E2.82927
;WIDTH:0.601633
G1 X2.094 Y-2.8 E2.8343
;WIDTH:0.635438
G1 X2.166 Y-2.678 E2.83963
;WIDTH:0.669242
G1 X2.238 Y-2.556 E2.84526
G1 X2.503 Y-2.451 E2.85658
G1 X2.462 Y-2.382 E2.85977
G1 E.85977 F2400
G92 E0
G1 Z3.8 F4800
G1 X4.964 Y-2.574
G1 Z3.5
G1 E2 F2400
;WIDTH:0.358418
G1 F900
G1 X5.649 Y-2.574 E2.01394
G1 E.01394 F2400
G92 E0
G1 Z3.8 F4800
G1 X2.962 Y-2.57
G1 Z3.5
G1 E2 F2400
;WIDTH:0.367224
G1 F900
G1 X3.759 Y-2.574 E2.01665
G1 X2.545 Y-2.985 F4800
;TYPE:External perimeter
;WIDTH:0.449999
G1 F900
G1 X2.667 Y-2.946 E2.01999
G1 X3.857 Y-2.946 E2.051
;WIDTH:0.489603
G1 X4.024 Y-2.842 E2.05661
;WIDTH:0.529206
G1 X4.192 Y-2.738 E2.06273
G1 X4.376 Y-2.726 E2.06845
;WIDTH:0.521624
G1 X4.633 Y-2.797 E2.07659
;WIDTH:0.482719
G1 X4.851 Y-2.946 E2.08401
;WIDTH:0.449999
G1 X6.098 Y-2.956 E2.1165
G1 X6.227 Y-3.076 E2.12109
G1 X6.328 Y-3.492 E2.13224
G1 X7.437 Y-3.492 E2.16114
G1 X7.339 Y-2.816 E2.17894
G1 X7.23 Y-2.311 E2.1924
G1 X7.094 Y-1.82 E2.20568
G1 X6.928 Y-1.336 E2.21901
G1 X6.556 Y-.533 E2.24207
G1 X6.252 Y-.065 E2.25661
G1 X5.851 Y.45 E2.27362
G1 X4.993 Y.45 E2.29598
G1 X4.839 Y.518 E2.30037
G1 X4.784 Y.659 E2.30431
G1 X4.784 Y1.468 E2.32539
G1 X4.438 Y1.72 E2.33654
;WIDTH:0.48765
G1 X3.376 Y2.469 E2.37345
;WIDTH:0.528581
G1 X3.301 Y2.499 E2.37595
;WIDTH:0.569511
G1 X3.225 Y2.529 E2.37869
;WIDTH:0.610442
G1 X3.149 Y2.559 E2.38164
;WIDTH:0.651372
G1 X3.073 Y2.589 E2.3848
G1 X3.085 Y2.526 E2.38728
;WIDTH:0.610442
G1 X3.096 Y2.464 E2.38955
;WIDTH:0.569511
G1 X3.107 Y2.401 E2.39169
;WIDTH:0.528581
G1 X3.119 Y2.338 E2.39368
;WIDTH:0.48765
G1 X3.1 Y1.04 E2.43055
;WIDTH:0.449999
G1 X3.095 Y.432 E2.44639
G1 X3.014 Y.308 E2.45025
G1 X2.891 Y.267 E2.45363
G1 X1.408 Y.267 E2.49227
G1 X1.462 Y-.137 E2.50289
G1 X1.453 Y-.996 E2.52527
G1 X1.364 Y-1.544 E2.53974
G1 X1.249 Y-2.032 E2.5528
G1 X1.049 Y-2.63 E2.56923
G1 X.667 Y-3.355 E2.59058
G1 X.179 Y-3.988 E2.61141
G1 X-.281 Y-4.407 E2.62762
G1 X2.024 Y-4.407 E2.68768
;WIDTH:0.461
G1 X2.237 Y-4.593 E2.69524
G1 X2.291 Y-3.892 E2.71404
;WIDTH:0.449999
G1 X2.456 Y-3.141 E2.73407
G1 X2.515 Y-3.037 E2.73719
G1 X2.906 Y-2.953 F4800
G1 E.73719 F2400
G92 E0
G1 Z3.8 F4800
G1 X-10.75 Y-2.57
G1 Z3.5
G1 E2 F2400
;TYPE:Perimeter
;WIDTH:0.367222
G1 F900
G1 X-9.964 Y-2.574 E2.01642
G1 X-8.477 Y-2.574 F4800
;WIDTH:0.358418
G1 F900
G1 X-8.063 Y-2.574 E2.02484
G1 E.02484 F2400
G92 E0
G1 Z3.8 F4800
G1 X-10.396 Y-.388
G1 Z3.5
G1 E2 F2400
;WIDTH:0.45505
G1 F900
G1 X-10.423 Y-.342 E2.00141
G1 X-10.475 Y-.342 E2.00278
G1 X-10.502 Y-.388 E2.00419
G1 X-10.475 Y-.433 E2.00557
G1 X-10.423 Y-.433 E2.00694
G1 X-8.55 Y-.286 F4800
;WIDTH:0.385627
G1 F900
G1 X-8.631 Y-.214 E2.00933
G1 X-8.826 Y.089 E2.01727
;WIDTH:0.432219
G1 X-8.888 Y.283 E2.02235
;WIDTH:0.47881
G1 X-8.95 Y.476 E2.028
G1 X-9.044 Y.296 E2.03366
;WIDTH:0.432219
G1 X-9.139 Y.116 E2.03874
;WIDTH:0.385627
G1 X-9.368 Y-.132 E2.04618
G1 X-9.018 Y-.153 E2.05391
G1 X-8.608 Y-.27 E2.06331
G1 X-8.95 Y.476 F4800
;WIDTH:0.47881
G1 F900
G1 X-8.942 Y1.039 E2.07899
G1 E.07899 F2400
G92 E0
G1 Z3.8 F4800
G1 X-7.231 Y-1.372
G1 Z3.5
G1 E2 F2400
;WIDTH:0.435314
G1 F900
G1 X-7.271 Y-1.128 E2.00622
G1 X-7.287 Y-.561 E2.02048
G1 X-7.487 Y-.561 E2.02551
;WIDTH:0.444769
G1 X-7.988 Y-.561 E2.0384
G1 X-7.909 Y-.619 E2.04092
;WIDTH:0.4445
G1 X-7.48 Y-1.049 E2.05654
;WIDTH:0.435314
G1 X-7.268 Y-1.324 E2.06527
G1 E.06527 F2400
G92 E0
G1 Z3.8 F4800
G1 X-6.452 Y-3.569
G1 Z3.5
G1 E2 F2400
;WIDTH:0.45461
G1 F900
G1 X-6.478 Y-3.523 E2.00139
G1 X-6.531 Y-3.523 E2.00279
G1 X-6.557 Y-3.569 E2.00418
G1 X-6.531 Y-3.614 E2.00555
G1 X-6.478 Y-3.614 E2.00695
G1 X-7.168 Y-2.664 F4800
;WIDTH:0.66921
G1 F900
G1 X-7.149 Y-2.693 E2.00833
;WIDTH:0.622032
G1 X-7.059 Y-2.829 E2.01433
;WIDTH:0.574853
G1 X-6.992 Y-3.039 E2.02179
;WIDTH:0.564429
G1 X-6.949 Y-3.356 E2.03241
;WIDTH:0.526286
G1 X-6.907 Y-3.672 E2.04223
;WIDTH:0.488143
G1 X-6.864 Y-3.989 E2.05133
;WIDTH:0.449999
G1 X-5.709 Y-3.989 E2.08142
G1 X-5.999 Y-3.609 E2.09388
G1 X-6.132 Y-3.374 E2.10092
;WIDTH:0.48927
G1 X-6.26 Y-3.165 E2.10791
;WIDTH:0.528541
G1 X-6.388 Y-2.957 E2.11547
;WIDTH:0.567812
G1 X-6.515 Y-2.748 E2.12364
;WIDTH:0.601612
G1 X-6.594 Y-2.564 E2.13075
;WIDTH:0.635411
G1 X-6.672 Y-2.381 E2.13823
;WIDTH:0.66921
G1 X-6.75 Y-2.198 E2.14613
G1 X-6.8 Y-1.911 E2.1577
;WIDTH:0.634851
G1 X-6.851 Y-1.623 E2.16869
;WIDTH:0.600491
G1 X-6.856 Y-1.459 E2.1745
;WIDTH:0.562868
G1 X-6.862 Y-1.295 E2.17993
;WIDTH:0.525245
G1 X-6.868 Y-1.131 E2.18498
;WIDTH:0.487622
G1 X-6.874 Y-.966 E2.18967
;WIDTH:0.449999
G1 X-6.879 Y-.15 E2.21093
;WIDTH:0.458451
G1 X-7.891 Y-.155 E2.23783
;WIDTH:0.498635
G1 X-7.939 Y-.168 E2.23928
;WIDTH:0.538818
G1 X-7.986 Y-.182 E2.24083
;WIDTH:0.579002
G1 X-8.034 Y-.195 E2.24253
;WIDTH:0.619185
G1 X-8.081 Y-.209 E2.24433
G1 X-8.287 Y-.109 E2.25271
;WIDTH:0.609242
G1 X-8.302 Y-.069 E2.25425
;WIDTH:0.569431
G1 X-8.318 Y-.03 E2.25566
;WIDTH:0.529621
G1 X-8.334 Y.009 E2.25697
;WIDTH:0.48981
G1 X-8.349 Y.049 E2.25819
;WIDTH:0.449999
G1 X-8.441 Y.175 E2.26226
G1 X-8.518 Y.476 E2.27036
G1 X-8.518 Y1.873 E2.30676
G1 X-9.366 Y1.255 E2.3341
G1 X-9.376 Y.551 E2.35245
G1 X-9.464 Y.323 E2.35882
;WIDTH:0.486927
G1 X-9.555 Y.225 E2.36261
;WIDTH:0.523854
G1 X-9.646 Y.126 E2.36673
;WIDTH:0.560781
G1 X-9.736 Y.027 E2.37114
;WIDTH:0.576776
G1 X-9.993 Y-.031 E2.38009
G1 X-10.211 Y-.01 E2.38753
;WIDTH:0.534517
G1 X-10.429 Y.012 E2.39439
;WIDTH:0.492258
G1 X-10.647 Y.033 E2.40067
;WIDTH:0.449999
G1 X-10.933 Y-.314 E2.41239
G1 X-11.152 Y-.694 E2.42382
G1 X-11.479 Y-1.36 E2.44315
;WIDTH:0.454975
G1 X-11.687 Y-1.928 E2.4591
;WIDTH:0.497289
G1 X-11.716 Y-2.108 E2.46439
;WIDTH:0.539603
G1 X-11.744 Y-2.288 E2.47015
G1 X-11.809 Y-2.464 E2.47609
;WIDTH:0.492896
G1 X-11.874 Y-2.641 E2.48151
;WIDTH:0.446189
G1 X-11.939 Y-2.817 E2.48635
;WIDTH:0.399481
G1 X-11.986 Y-3.102 E2.49297
;WIDTH:0.394305
G1 X-11.636 Y-3.102 E2.50087
;WIDTH:0.395088
G1 X-11.603 Y-2.968 E2.50399
;WIDTH:0.44326
G1 X-11.526 Y-2.837 E2.50789
;WIDTH:0.491432
G1 X-11.449 Y-2.706 E2.51224
;WIDTH:0.539603
G1 X-11.372 Y-2.575 E2.51705
G1 X-11.089 Y-2.492 E2.52638
G1 X-11.267 Y-2.256 E2.53573
G1 X-11.272 Y-2.128 E2.53978
;WIDTH:0.497289
G1 X-11.278 Y-2 E2.5435
;WIDTH:0.454975
G1 X-11.179 Y-1.676 E2.55243
;WIDTH:0.449999
G1 X-10.921 Y-1.355 E2.56316
G1 X-10.527 Y-.942 E2.57803
;WIDTH:0.483582
G1 X-10.307 Y-.794 E2.58549
;WIDTH:0.517164
G1 X-10.086 Y-.645 E2.59355
;WIDTH:0.557114
G1 X-9.652 Y-.497 E2.60856
G1 X-9.533 Y-.496 E2.61246
;WIDTH:0.524692
G1 X-9.414 Y-.495 E2.61612
;WIDTH:0.492269
G1 X-8.754 Y-.619 E2.63539
;WIDTH:0.490445
G1 X-8.717 Y-.612 E2.63647
;WIDTH:0.530891
G1 X-8.681 Y-.604 E2.63762
;WIDTH:0.571337
G1 X-8.644 Y-.596 E2.63889
;WIDTH:0.611782
G1 X-8.608 Y-.589 E2.64022
;WIDTH:0.619185
G1 X-8.299 Y-.75 E2.65297
G1 X-8.274 Y-.793 E2.65479
;WIDTH:0.579002
G1 X-8.249 Y-.836 E2.65649
;WIDTH:0.538818
G1 X-8.224 Y-.879 E2.65806
;WIDTH:0.498635
G1 X-8.199 Y-.921 E2.65948
;WIDTH:0.458451
G1 X-7.762 Y-1.347 E2.6757
;WIDTH:0.487622
G1 X-7.671 Y-1.451 E2.67962
;WIDTH:0.525245
G1 X-7.581 Y-1.555 E2.68385
;WIDTH:0.562868
G1 X-7.49 Y-1.658 E2.6884
;WIDTH:0.600491
G1 X-7.4 Y-1.762 E2.69327
;WIDTH:0.634851
G1 X-7.379 Y-1.984 E2.70165
;WIDTH:0.66921
G1 X-7.357 Y-2.205 E2.71047
G1 X-7.503 Y-2.451 E2.72183
G1 X-7.238 Y-2.556 E2.73315
G1 X-7.2 Y-2.614 E2.7359
G1 X-7.511 Y-3.045 F4800
;TYPE:External perimeter
;WIDTH:0.449999
G1 F900
G1 X-7.456 Y-3.141 E2.73878
G1 X-7.287 Y-3.922 E2.7596
;WIDTH:0.461004
G1 X-7.237 Y-4.593 E2.77759
G1 X-7.024 Y-4.407 E2.78515
;WIDTH:0.449999
G1 X-4.719 Y-4.407 E2.84521
G1 X-5.204 Y-3.961 E2.86238
G1 X-5.667 Y-3.355 E2.88225
G1 X-6.063 Y-2.599 E2.90449
G1 X-6.249 Y-2.033 E2.92001
G1 X-6.364 Y-1.544 E2.9331
G1 X-6.456 Y-.963 E2.94843
G1 X-6.462 Y-.137 E2.96995
G1 X-6.408 Y.267 E2.98057
G1 X-7.891 Y.267 E3.01921
G1 X-8.044 Y.334 E3.02356
G1 X-8.1 Y.476 E3.02754
G1 X-8.1 Y1.039 E3.04221
;WIDTH:0.487662
G1 X-8.119 Y2.339 E3.07914
;WIDTH:0.528558
G1 X-8.107 Y2.401 E3.08109
;WIDTH:0.569454
G1 X-8.096 Y2.464 E3.08323
;WIDTH:0.61035
G1 X-8.085 Y2.526 E3.0855
;WIDTH:0.651246
G1 X-8.073 Y2.589 E3.08798
G1 X-8.149 Y2.559 E3.09113
;WIDTH:0.61035
G1 X-8.225 Y2.529 E3.09408
;WIDTH:0.569454
G1 X-8.3 Y2.499 E3.09679
;WIDTH:0.528558
G1 X-8.376 Y2.47 E3.09931
;WIDTH:0.487662
G1 X-9.784 Y1.476 E3.14827
;WIDTH:0.449999
G1 X-9.784 Y.659 E3.16956
G1 X-9.832 Y.527 E3.17322
G1 X-9.993 Y.45 E3.17787
G1 X-10.844 Y.451 E3.20004
G1 X-11.302 Y-.104 E3.21879
G1 X-11.74 Y-.889 E3.24221
G1 X-12.09 Y-1.805 E3.26776
G1 X-12.226 Y-2.292 E3.28093
G1 X-12.336 Y-2.796 E3.29437
G1 X-12.437 Y-3.492 E3.31269
G1 X-11.328 Y-3.492 E3.34159
G1 X-11.237 Y-3.107 E3.3519
G1 X-11.161 Y-2.989 E3.35556
G1 X-11.033 Y-2.946 E3.35908
G1 X-9.851 Y-2.946 E3.38988
G1 X-9.757 Y-2.883 E3.39283
;WIDTH:0.488992
G1 X-9.607 Y-2.806 E3.39763
;WIDTH:0.527985
G1 X-9.456 Y-2.73 E3.40286
;WIDTH:0.562563
G1 X-9.081 Y-2.754 E3.41529
;WIDTH:0.56478
G1 X-8.914 Y-2.848 E3.42166
G1 X-8.768 Y-2.881 E3.42663
;WIDTH:0.52652
G1 X-8.623 Y-2.913 E3.43121
;WIDTH:0.48826
G1 X-8.477 Y-2.946 E3.43547
;WIDTH:0.449999
G1 X-7.667 Y-2.946 E3.45658
G1 X-7.545 Y-2.985 E3.45992
G1 X-7.54 Y-2.993 E3.46017
G1 X-7.412 Y-3.372 F4800
G1 E1.46017 F2400
G92 E0
G1 Z3.8 F4800
G1 X-11.308 Y-5.713
G1 Z3.5
G1 E2 F2400
;WIDTH:0.37219
G1 F900
G1 X-11.329 Y-5.676 E2.0009
G1 X-11.393 Y-5.713 E2.00247
G1 X-11.329 Y-5.75 E2.00404
M106 S219.3
;LAYER_CHANGE
;Z:3.65
;HEIGHT:0.15
G1 E.00404 F2400
G92 E0
G1 Z3.65 F4800
G1 Z3.95
G1 X-5.076 Y-6.423
G1 Z3.65
G1 E2 F2400
;TYPE:Support material interface
;WIDTH:0.35
G1 F3600
G1 X-5.275 Y-6.224 E2.00558
G1 X-5.197 Y-5.852 E2.01311
G1 X-4.167 Y-6.883 E2.04199
G1 X-3.845 Y-6.755 E2.04886
G1 X-4.934 Y-5.667 E2.07937
G1 X-4.672 Y-5.479 E2.08576
G1 X-3.411 Y-6.74 E2.1211
G1 X-2.961 Y-6.74 E2.13002
G1 X-4.251 Y-5.45 E2.16618
G1 X-3.802 Y-5.45 E2.17508
G1 X-2.512 Y-6.74 E2.21124
G1 X-2.062 Y-6.74 E2.22016
G1 X-3.326 Y-5.477 E2.25557
G1 X-2.896 Y-5.457 E2.2641
G1 X-1.613 Y-6.74 E2.30006
G1 X-1.163 Y-6.74 E2.30898
G1 X-2.453 Y-5.45 E2.34514
G1 X-2.004 Y-5.45 E2.35404
G1 X-.714 Y-6.74 E2.3902
G1 X-.425 Y-6.58 E2.39675
G1 X-1.392 Y-5.613 E2.42385
G1 X-.875 Y-5.68 E2.43418
G1 X-.069 Y-6.486 E2.45677
G1 X.174 Y-6.184 F4800
;TYPE:Support material
G1 F3600
G1 X-.135 Y-5.812 E2.46635
G1 X.19 Y-6.229 E2.47683
G1 X-1.207 Y-7.549 F4800
G1 F3600
G1 X-1.017 Y-7.424 E2.48134
G1 X-2.133 Y-7.424 E2.50346
G1 X-1.697 Y-7.636 E2.51307
G1 X-1.699 Y-7.986 E2.52001
G1 X-1.373 Y-7.977 E2.52647
G1 X-1.026 Y-7.857 E2.53375
G1 X-.619 Y-7.522 E2.5442
G1 X-.06 Y-7.267 E2.55638
G1 X.222 Y-6.779 E2.56755
G1 X.223 Y-6.322 E2.57661
G1 X-.032 Y-6.844 E2.58812
G1 X-.312 Y-6.895 E2.59376
G1 X-.476 Y-7.074 E2.59857
G1 X-3.736 Y-7.074 E2.66318
G1 X-4.221 Y-7.27 E2.67355
G1 X-4.549 Y-7.184 E2.68027
G1 X-4.937 Y-6.677 E2.69292
G1 X-5.317 Y-6.614 E2.70055
G1 X-5.293 Y-6.898 E2.7062
G1 X-5.115 Y-7.246 E2.71395
G1 X-4.615 Y-7.653 E2.72673
G1 X-4.321 Y-7.76 E2.73293
G1 X-3.908 Y-7.749 E2.74112
G1 X-2.948 Y-7.342 E2.76179
G1 X-2.528 Y-7.508 E2.77074
G1 X-2.126 Y-7.866 E2.78141
G1 X-1.747 Y-7.987 E2.7893
G1 E.7893 F2400
G92 E0
G1 Z3.95 F4800
G1 X-2.688 Y-4.141
G1 Z3.65
G1 E2 F2400
G1 F3600
G1 X-2.855 Y-3.74 E2.00861
G1 X-3.021 Y-3.739 E2.0119
G1 X-3.415 Y-3.954 E2.0208
G1 X-2.688 Y-4.141 E2.03568
G1 X-2.638 Y-4.494 E2.04275
G1 X-2.419 Y-4.39 E2.04756
G1 X-2.329 Y-4.129 E2.05303
G1 X-2.416 Y-3.747 E2.06079
G1 X-2.528 Y-3.544 E2.06539
G1 X-2.927 Y-3.367 E2.07404
G1 X-3.607 Y-3.647 E2.08862
G1 X-3.789 Y-3.95 E2.09563
G1 X-3.763 Y-4.183 E2.10028
G1 X-3.398 Y-4.343 E2.10818
G1 X-2.686 Y-4.497 E2.12262
G1 E.12262 F2400
G92 E0
G1 Z3.95 F4800
G1 X3.088 Y-1.948
G1 Z3.65
G1 E2 F2400
;TYPE:External perimeter
;WIDTH:0.449999
G1 F900
G1 X3.089 Y-1.976 E2.00073
G1 X3.249 Y-2.104 E2.00607
G1 X5.39 Y-2.104 E2.06186
G1 X5.576 Y-1.989 E2.06756
G1 X5.579 Y-1.807 E2.0723
G1 X5.068 Y-1.365 E2.0899
G1 X4.685 Y-1.207 E2.1007
G1 X4.416 Y-1.163 E2.1078
G1 X4.114 Y-1.182 E2.11568
G1 X3.746 Y-1.306 E2.1258
G1 X3.437 Y-1.5 E2.13531
G1 X3.087 Y-1.819 E2.14765
G1 X3.088 Y-1.888 E2.14945
G1 X3.422 Y-2.108 F4800
G1 E.14945 F2400
G92 E0
G1 Z3.95 F4800
G1 X2.288 Y-6.199
G1 Z3.65
G1 E2 F2400
;WIDTH:0.56049
G1 F900
G1 X2.264 Y-5.894 E2.01008
;WIDTH:0.513029
G1 X2.241 Y-5.589 E2.01925
;WIDTH:0.465568
G1 X2.236 Y-4.845 E2.03936
;WIDTH:0.460546
G1 X2.234 Y-4.807 E2.04038
G1 X2.244 Y-5.207 F4800
G1 E.04038 F2400
G92 E0
G1 Z3.95 F4800
G1 X-7.234 Y-4.807
G1 Z3.65
G1 E2 F2400
;WIDTH:0.46055
G1 F900
G1 X-7.236 Y-4.845 E2.00102
;WIDTH:0.465574
G1 X-7.241 Y-5.589 E2.02113
;WIDTH:0.51305
G1 X-7.264 Y-5.894 E2.0303
;WIDTH:0.560526
G1 X-7.288 Y-6.199 E2.04038
G1 X-7.268 Y-5.8 F4800
G1 E.04038 F2400
G92 E0
G1 Z3.95 F4800
G1 X-8.1 Y-1.96
G1 Z3.65
G1 E2 F2400
;WIDTH:0.449999
G1 F900
G1 X-8.072 Y-1.888 E2.00201
G1 X-8.15 Y-1.733 E2.00653
G1 X-8.543 Y-1.418 E2.01965
G1 X-8.827 Y-1.267 E2.02803
G1 X-9.125 Y-1.18 E2.03612
G1 X-9.548 Y-1.184 E2.04714
G1 X-9.753 Y-1.222 E2.05257
G1 X-10.127 Y-1.413 E2.06351
G1 X-10.521 Y-1.733 E2.07674
G1 X-10.585 Y-1.821 E2.07958
G1 X-10.577 Y-1.989 E2.08396
G1 X-10.422 Y-2.104 E2.08899
G1 X-8.281 Y-2.104 E2.14478
G1 X-8.129 Y-2.038 E2.1491
G1 X-8.121 Y-2.016 E2.14971
G1 X-8.265 Y-1.643 F4800
G1 E.14971 F2400
G92 E0
G1 Z3.95 F4800
G1 X1.439 Y-3.72
G1 Z3.65
G1 E2 F2400
;TYPE:Perimeter
;WIDTH:0.612196
G1 F900
G1 X1.494 Y-3.584 E2.00531
;WIDTH:0.567803
G1 X1.549 Y-3.448 E2.01021
;WIDTH:0.523409
G1 X1.604 Y-3.312 E2.0147
;WIDTH:0.479016
G1 X1.659 Y-3.176 E2.01879
;WIDTH:0.434622
G1 X1.751 Y-2.927 E2.02545
;WIDTH:0.406586
G1 X1.843 Y-2.678 E2.03165
;WIDTH:0.421052
G1 X1.897 Y-2.582 E2.03432
;WIDTH:0.463554
G1 X1.95 Y-2.486 E2.03727
;WIDTH:0.506055
G1 X2.004 Y-2.39 E2.04052
;WIDTH:0.548557
G1 X2.057 Y-2.293 E2.04408
;WIDTH:0.591059
G1 X2.111 Y-2.197 E2.04792
;WIDTH:0.63356
G1 X2.164 Y-2.101 E2.05203
G1 X2.208 Y-1.82 E2.0627
;WIDTH:0.585766
G1 X2.253 Y-1.539 E2.07252
;WIDTH:0.543968
G1 X2.265 Y-1.496 E2.07394
G1 E.07394 F2400
G92 E0
G1 Z3.95 F4800
G1 X3.942 Y1.137
G1 Z3.65
G1 E2 F2400
;WIDTH:0.462872
G1 F900
G1 X3.942 Y.429 E2.01902
;WIDTH:0.4788
G1 X3.95 Y.246 E2.02412
G1 X3.562 Y-.51 F4800
;WIDTH:0.385893
G1 F900
G1 X3.843 Y-.421 E2.03062
G1 X4.362 Y-.361 E2.04214
G1 X4.178 Y-.171 E2.04797
;WIDTH:0.432347
G1 X4.064 Y.038 E2.05391
;WIDTH:0.4788
G1 X3.95 Y.246 E2.06052
G1 X3.926 Y.14 E2.06355
;WIDTH:0.452243
G1 X3.901 Y.033 E2.06643
;WIDTH:0.425686
G1 X3.747 Y-.295 E2.07532
;WIDTH:0.385893
G1 X3.601 Y-.464 E2.08025
G1 X5.511 Y-.619 F4800
;WIDTH:0.456666
G1 F900
G1 X5.485 Y-.573 E2.08165
G1 X5.431 Y-.573 E2.08308
G1 X5.405 Y-.619 E2.08448
G1 X5.431 Y-.664 E2.08586
G1 X5.485 Y-.664 E2.08729
G1 E.08729 F2400
G92 E0
G1 Z3.95 F4800
G1 X3.18 Y-2.472
G1 Z3.65
G1 E2 F2400
;WIDTH:0.36722
G1 F900
G1 X3.281 Y-2.476 E2.00211
;WIDTH:0.358418
G1 X5.39 Y-2.476 E2.04502
G1 E.04502 F2400
G92 E0
G1 Z3.95 F4800
G1 X2.265 Y-1.496
G1 Z3.65
G1 E2 F2400
;WIDTH:0.543968
G1 F900
G1 X2.373 Y-1.374 E2.0052
;WIDTH:0.504853
G1 X2.48 Y-1.252 E2.00998
;WIDTH:0.465738
G1 X2.588 Y-1.13 E2.01439
;WIDTH:0.437661
G1 X2.97 Y-.798 E2.02719
G1 X2.274 Y-.786 E2.04479
;WIDTH:0.426623
G1 X2.259 Y-.967 E2.04926
;WIDTH:0.465738
G1 X2.261 Y-1.143 E2.05402
;WIDTH:0.504853
G1 X2.263 Y-1.32 E2.05924
;WIDTH:0.543968
G1 X2.265 Y-1.436 E2.06294
G1 X2.713 Y-2.104 F4800
;WIDTH:0.449999
G1 F900
G1 X2.665 Y-2.009 E2.06571
G1 X2.689 Y-1.69 E2.07405
G1 X2.861 Y-1.431 E2.08215
;WIDTH:0.459693
G1 X3.17 Y-1.172 E2.0929
;WIDTH:0.499423
G1 X3.203 Y-1.124 E2.0946
;WIDTH:0.539153
G1 X3.236 Y-1.075 E2.09647
;WIDTH:0.578883
G1 X3.268 Y-1.027 E2.09844
;WIDTH:0.618613
G1 X3.301 Y-.978 E2.1006
G1 X3.587 Y-.828 E2.11241
;WIDTH:0.609092
G1 X3.616 Y-.838 E2.11351
;WIDTH:0.569319
G1 X3.646 Y-.847 E2.11456
;WIDTH:0.529546
G1 X3.675 Y-.857 E2.11551
;WIDTH:0.489772
G1 X3.704 Y-.867 E2.11639
;WIDTH:0.449999
G1 X3.957 Y-.79 E2.12328
;WIDTH:0.496365
G1 X4.255 Y-.75 E2.13198
;WIDTH:0.542731
G1 X4.553 Y-.71 E2.14155
;WIDTH:0.551982
G1 X4.811 Y-.754 E2.15003
G1 X4.985 Y-.85 E2.15647
;WIDTH:0.517988
G1 X5.158 Y-.945 E2.16245
;WIDTH:0.483994
G1 X5.331 Y-1.041 E2.16802
;WIDTH:0.492878
G1 X5.922 Y-1.525 E2.18997
;WIDTH:0.513157
G1 X6.045 Y-1.838 E2.20006
;WIDTH:0.551479
G1 X6.052 Y-1.965 E2.20418
;WIDTH:0.5898
G1 X6.058 Y-2.091 E2.20857
G1 X5.917 Y-2.35 E2.21882
G1 X5.811 Y-2.375 E2.22261
;WIDTH:0.543524
G1 X5.706 Y-2.401 E2.22606
;WIDTH:0.497247
G1 X5.6 Y-2.426 E2.22922
;WIDTH:0.450971
G1 X5.495 Y-2.451 E2.23204
;WIDTH:0.404695
G1 X5.39 Y-2.476 E2.23455
G1 X5.496 Y-2.453 E2.23707
;WIDTH:0.450971
G1 X5.602 Y-2.43 E2.2399
;WIDTH:0.497247
G1 X5.709 Y-2.407 E2.24307
;WIDTH:0.543524
G1 X5.815 Y-2.384 E2.24653
;WIDTH:0.5898
G1 X5.922 Y-2.36 E2.25034
G1 X6.093 Y-2.382 E2.25634
G1 X6.259 Y-2.468 E2.26284
;WIDTH:0.554164
G1 X6.335 Y-2.587 E2.26744
;WIDTH:0.509133
G1 X6.411 Y-2.705 E2.27161
;WIDTH:0.464102
G1 X6.487 Y-2.824 E2.27541
;WIDTH:0.419071
G1 X6.634 Y-3.329 E2.2881
;WIDTH:0.400181
G1 X6.982 Y-3.329 E2.29609
G1 X6.855 Y-2.709 E2.31061
;WIDTH:0.464102
G1 X6.783 Y-2.529 E2.31583
;WIDTH:0.509133
G1 X6.711 Y-2.35 E2.32157
;WIDTH:0.554164
G1 X6.64 Y-2.171 E2.32784
G1 X6.512 Y-1.739 E2.34251
;WIDTH:0.513157
G1 X6.386 Y-1.433 E2.35244
;WIDTH:0.48627
G1 X6.15 Y-.89 E2.36921
;WIDTH:0.450482
G1 X5.667 Y-.197 E2.39125
;WIDTH:0.449999
G1 X5.598 Y-.197 E2.39305
;WIDTH:0.483694
G1 X5.296 Y-.214 E2.40157
;WIDTH:0.517389
G1 X4.993 Y-.231 E2.41075
;WIDTH:0.558656
G1 X4.753 Y-.208 E2.41867
G1 X4.675 Y-.141 E2.42205
;WIDTH:0.517129
G1 X4.598 Y-.073 E2.42516
;WIDTH:0.475602
G1 X4.411 Y.196 E2.43422
;WIDTH:0.449999
G1 X4.366 Y.429 E2.4404
G1 X4.366 Y1.353 E2.46448
G1 X3.518 Y1.971 E2.49182
G1 X3.518 Y.246 E2.53677
G1 X3.47 Y.006 E2.54315
G1 X3.321 Y-.21 E2.54999
;WIDTH:0.489772
G1 X3.315 Y-.24 E2.55086
;WIDTH:0.529546
G1 X3.31 Y-.27 E2.5518
;WIDTH:0.569319
G1 X3.304 Y-.3 E2.55282
;WIDTH:0.609092
G1 X3.298 Y-.331 E2.55396
;WIDTH:0.618613
G1 X3.081 Y-.439 E2.56282
G1 X3.038 Y-.429 E2.56443
;WIDTH:0.584506
G1 X2.995 Y-.42 E2.56594
;WIDTH:0.550399
G1 X2.952 Y-.411 E2.56736
;WIDTH:0.516292
G1 X2.737 Y-.396 E2.57387
;WIDTH:0.483146
G1 X2.522 Y-.38 E2.57993
;WIDTH:0.449999
G1 X1.889 Y-.38 E2.59642
G1 X1.854 Y-.932 E2.61083
G1 X1.78 Y-1.526 E2.62643
G1 X1.583 Y-2.304 E2.64734
G1 X1.349 Y-2.881 E2.66356
G1 X1.085 Y-3.34 E2.67736
G1 X.813 Y-3.776 E2.69075
G1 X.422 Y-4.219 E2.70615
G1 X1.873 Y-4.219 E2.74396
G1 X1.933 Y-3.789 E2.75527
G1 X2.052 Y-3.294 E2.76854
G1 X2.247 Y-2.725 E2.78421
G1 X2.439 Y-2.53 E2.79134
G1 X2.778 Y-2.43 E2.80055
G1 X2.979 Y-2.451 E2.80582
;WIDTH:0.40861
G1 X3.18 Y-2.472 E2.81056
G1 X3.002 Y-2.398 E2.81509
;WIDTH:0.449999
G1 X2.824 Y-2.324 E2.82011
G1 X2.74 Y-2.157 E2.82498
G1 E.82498 F2400
G92 E0
G1 Z3.95 F4800
G1 X-7.248 Y-1.534
G1 Z3.65
G1 E2 F2400
;WIDTH:0.589107
G1 F900
G1 X-7.207 Y-1.818 E2.00997
;WIDTH:0.627124
G1 X-7.167 Y-2.103 E2.02065
G1 X-7.111 Y-2.198 E2.02474
;WIDTH:0.579589
G1 X-7.054 Y-2.292 E2.02849
;WIDTH:0.532053
G1 X-6.998 Y-2.387 E2.03193
;WIDTH:0.484517
G1 X-6.942 Y-2.482 E2.03504
;WIDTH:0.436982
G1 X-6.885 Y-2.576 E2.03782
;WIDTH:0.392254
G1 X-6.76 Y-2.915 E2.04593
;WIDTH:0.433131
G1 X-6.697 Y-3.078 E2.0503
;WIDTH:0.474007
G1 X-6.634 Y-3.24 E2.05509
;WIDTH:0.514883
G1 X-6.572 Y-3.403 E2.06034
;WIDTH:0.55576
G1 X-6.509 Y-3.565 E2.06602
;WIDTH:0.596636
G1 X-6.446 Y-3.728 E2.07217
G1 E.07217 F2400
G92 E0
G1 Z3.95 F4800
G1 X-10.491 Y-2.472
G1 Z3.65
G1 E2 F2400
;WIDTH:0.36722
G1 F900
G1 X-10.39 Y-2.476 E2.00211
;WIDTH:0.358418
G1 X-8.281 Y-2.476 E2.04502
G1 E.04502 F2400
G92 E0
G1 Z3.95 F4800
G1 X-10.397 Y-.616
G1 Z3.65
G1 E2 F2400
;WIDTH:0.452324
G1 F900
G1 X-10.424 Y-.571 E2.00137
G1 X-10.476 Y-.571 E2.00273
G1 X-10.502 Y-.616 E2.00409
G1 X-10.476 Y-.662 E2.00547
G1 X-10.424 Y-.662 E2.00683
G1 X-8.562 Y-.51 F4800
;WIDTH:0.385899
G1 F900
G1 X-8.826 Y-.141 E2.01684
;WIDTH:0.432356
G1 X-8.888 Y.053 E2.02192
;WIDTH:0.478812
G1 X-8.95 Y.246 E2.02757
G1 X-8.992 Y.146 E2.03059
;WIDTH:0.452254
G1 X-9.035 Y.045 E2.03347
;WIDTH:0.425696
G1 X-9.332 Y-.338 E2.04536
;WIDTH:0.385899
G1 X-9.067 Y-.379 E2.05127
G1 X-8.62 Y-.495 E2.06146
G1 X-8.95 Y.246 F4800
;WIDTH:0.478812
G1 F900
G1 X-8.942 Y1.137 E2.08628
G1 E.08628 F2400
G92 E0
G1 Z3.95 F4800
G1 X-7.248 Y-1.534
G1 Z3.65
G1 E2 F2400
;WIDTH:0.55109
G1 F900
G1 X-7.258 Y-1.284 E2.0081
;WIDTH:0.508088
G1 X-7.268 Y-1.034 E2.01553
;WIDTH:0.465086
G1 X-7.278 Y-.784 E2.02228
;WIDTH:0.422083
G1 X-7.467 Y-.784 E2.02688
;WIDTH:0.434782
G1 X-7.971 Y-.798 E2.03954
G1 X-7.597 Y-1.125 E2.05201
;WIDTH:0.465086
G1 X-7.48 Y-1.261 E2.05685
;WIDTH:0.508088
G1 X-7.364 Y-1.397 E2.06216
;WIDTH:0.55109
G1 X-7.286 Y-1.488 E2.06604
G1 X-7.714 Y-2.106 F4800
;WIDTH:0.449999
G1 F900
G1 X-7.824 Y-2.324 E2.0724
G1 X-8.053 Y-2.4 E2.07869
;WIDTH:0.404209
G1 X-8.281 Y-2.476 E2.08427
G1 X-8.03 Y-2.453 E2.09012
;WIDTH:0.449999
G1 X-7.778 Y-2.43 E2.09671
G1 X-7.44 Y-2.529 E2.10589
G1 X-7.226 Y-2.76 E2.11409
G1 X-6.954 Y-3.645 E2.13821
G1 X-6.873 Y-4.219 E2.15331
G1 X-5.455 Y-4.219 E2.19026
G1 X-5.993 Y-3.52 E2.21324
G1 X-6.454 Y-2.644 E2.23903
G1 X-6.687 Y-1.943 E2.25828
G1 X-6.785 Y-1.458 E2.27117
G1 X-6.871 Y-.927 E2.28519
G1 X-6.877 Y-.38 E2.29944
G1 X-7.374 Y-.38 E2.31239
;WIDTH:0.460894
G1 X-7.891 Y-.386 E2.32621
;WIDTH:0.500323
G1 X-7.939 Y-.399 E2.32766
;WIDTH:0.539752
G1 X-7.986 Y-.412 E2.3292
;WIDTH:0.579181
G1 X-8.034 Y-.425 E2.3309
;WIDTH:0.618609
G1 X-8.081 Y-.439 E2.33269
G1 X-8.298 Y-.331 E2.34155
;WIDTH:0.609084
G1 X-8.304 Y-.3 E2.34269
;WIDTH:0.569313
G1 X-8.31 Y-.27 E2.34371
;WIDTH:0.529542
G1 X-8.315 Y-.24 E2.34465
;WIDTH:0.489771
G1 X-8.321 Y-.209 E2.34555
;WIDTH:0.449999
G1 X-8.47 Y.006 E2.35237
G1 X-8.518 Y.246 E2.35875
G1 X-8.518 Y1.971 E2.4037
G1 X-9.366 Y1.353 E2.43104
G1 X-9.376 Y.321 E2.45793
G1 X-9.464 Y.093 E2.4643
;WIDTH:0.48628
G1 X-9.564 Y-.009 E2.46835
;WIDTH:0.52256
G1 X-9.663 Y-.11 E2.47267
;WIDTH:0.55884
G1 X-9.763 Y-.212 E2.47736
G1 X-10.064 Y-.244 E2.4873
;WIDTH:0.543808
G1 X-10.356 Y-.221 E2.49665
;WIDTH:0.496904
G1 X-10.647 Y-.197 E2.50511
;WIDTH:0.449999
G1 X-10.971 Y-.599 E2.51856
;WIDTH:0.488006
G1 X-11.418 Y-1.501 E2.54718
;WIDTH:0.518116
G1 X-11.532 Y-1.843 E2.5581
;WIDTH:0.548225
G1 X-11.719 Y-2.37 E2.5761
;WIDTH:0.504314
G1 X-11.791 Y-2.556 E2.58197
;WIDTH:0.460403
G1 X-11.863 Y-2.741 E2.58727
;WIDTH:0.416491
G1 X-11.986 Y-3.332 E2.60174
;WIDTH:0.394095
G1 X-11.634 Y-3.332 E2.60968
;WIDTH:0.43044
G1 X-11.46 Y-2.756 E2.62462
;WIDTH:0.46981
G1 X-11.397 Y-2.673 E2.62746
;WIDTH:0.509179
G1 X-11.334 Y-2.589 E2.63058
;WIDTH:0.548548
G1 X-11.272 Y-2.506 E2.63392
;WIDTH:0.587917
G1 X-11.209 Y-2.423 E2.63753
G1 X-10.922 Y-2.361 E2.64771
G1 X-10.836 Y-2.383 E2.65079
;WIDTH:0.543778
G1 X-10.749 Y-2.406 E2.65366
;WIDTH:0.499638
G1 X-10.663 Y-2.428 E2.65625
;WIDTH:0.455499
G1 X-10.577 Y-2.45 E2.65859
;WIDTH:0.41136
G1 X-10.491 Y-2.472 E2.66069
G1 X-10.576 Y-2.447 E2.66279
;WIDTH:0.455499
G1 X-10.661 Y-2.423 E2.66512
;WIDTH:0.499638
G1 X-10.746 Y-2.399 E2.66769
;WIDTH:0.543778
G1 X-10.831 Y-2.374 E2.67052
;WIDTH:0.587917
G1 X-10.916 Y-2.35 E2.67358
G1 X-11.057 Y-2.092 E2.68377
G1 X-11.002 Y-1.827 E2.69315
;WIDTH:0.541272
G1 X-10.947 Y-1.562 E2.70174
;WIDTH:0.494626
G1 X-10.794 Y-1.397 E2.70823
;WIDTH:0.479057
G1 X-10.39 Y-1.088 E2.7224
;WIDTH:0.496904
G1 X-10.17 Y-.944 E2.73002
;WIDTH:0.543808
G1 X-9.95 Y-.8 E2.73841
;WIDTH:0.55884
G1 X-9.629 Y-.719 E2.74928
G1 X-9.451 Y-.734 E2.75515
;WIDTH:0.52256
G1 X-9.273 Y-.749 E2.76061
;WIDTH:0.48628
G1 X-9.095 Y-.764 E2.76567
;WIDTH:0.449999
G1 X-8.704 Y-.867 E2.77621
;WIDTH:0.489771
G1 X-8.675 Y-.857 E2.77709
;WIDTH:0.529542
G1 X-8.646 Y-.847 E2.77804
;WIDTH:0.569313
G1 X-8.616 Y-.837 E2.7791
;WIDTH:0.609084
G1 X-8.587 Y-.827 E2.7802
;WIDTH:0.618609
G1 X-8.301 Y-.978 E2.79203
G1 X-8.277 Y-1.015 E2.79364
;WIDTH:0.584757
G1 X-8.252 Y-1.051 E2.79515
;WIDTH:0.550905
G1 X-8.228 Y-1.088 E2.79658
;WIDTH:0.517053
G1 X-8.03 Y-1.274 E2.80479
;WIDTH:0.483526
G1 X-7.831 Y-1.459 E2.81244
;WIDTH:0.449999
G1 X-7.663 Y-1.794 E2.8222
G1 X-7.665 Y-2.01 E2.82783
G1 X-7.687 Y-2.053 E2.82909
G1 E.82909 F2400
G92 E0
G1 Z3.95 F4800
G1 X-5.637 Y6.117
G1 Z3.65
G1 E2 F2400
;WIDTH:0.527086
G1 F900
G1 X-5.668 Y6.171 E2.00192
G1 X-5.73 Y6.171 E2.00383
G1 X-5.761 Y6.117 E2.00575
G1 X-5.73 Y6.064 E2.00765
G1 X-5.668 Y6.064 E2.00956
G1 X-5.953 Y5.357 F4800
;WIDTH:0.449999
G1 F900
G1 X-5.69 Y5.579 E2.01853
G1 X-5.124 Y5.942 E2.03605
G1 X-4.383 Y6.294 E2.05742
;WIDTH:0.464168
G1 X-3.445 Y6.567 E2.08374
G1 X-3.569 Y6.569 E2.08708
;WIDTH:0.459738
G1 X-4.424 Y6.574 E2.10988
;WIDTH:0.449999
G1 X-5.699 Y6.574 E2.1431
;WIDTH:0.481644
G1 X-6.106 Y6.558 E2.15452
;WIDTH:0.513289
G1 X-7.283 Y6.542 E2.18984
G1 X-7.745 Y6.344 E2.20492
G1 X-8.206 Y6.061 E2.22115
G1 X-7.283 Y6.061 E2.24884
;WIDTH:0.5201
G1 X-6.399 Y6.055 E2.27574
G1 X-6.22 Y5.935 E2.2823
;WIDTH:0.48505
G1 X-6.042 Y5.816 E2.28835
;WIDTH:0.449999
G1 X-5.909 Y5.57 E2.29564
G1 X-5.941 Y5.416 E2.29974
G1 E.29974 F2400
G92 E0
G1 Z3.95 F4800
G1 X-1.504 Y6.563
G1 Z3.65
G1 E2 F2400
;WIDTH:0.470996
G1 F900
G1 X-1.548 Y6.566 E2.00121
;WIDTH:0.464794
G1 X-2.028 Y6.588 E2.01417
;WIDTH:0.420909
G1 X-2.507 Y6.61 E2.02579
;WIDTH:0.420596
G1 X-2.976 Y6.588 E2.03716
;WIDTH:0.464168
G1 X-3.445 Y6.567 E2.04981
G1 E.04981 F2400
G92 E0
G1 Z3.95 F4800
G1 X.762 Y6.118
G1 Z3.65
G1 E2 F2400
;WIDTH:0.526606
G1 F900
G1 X.731 Y6.171 E2.00189
G1 X.669 Y6.171 E2.0038
G1 X.638 Y6.118 E2.00569
G1 X.669 Y6.064 E2.00761
G1 X.731 Y6.064 E2.00952
G1 X.961 Y5.356 F4800
;WIDTH:0.449999
G1 F900
G1 X1.042 Y5.816 E2.02169
;WIDTH:0.481646
G1 X1.278 Y5.939 E2.02915
;WIDTH:0.513293
G1 X1.513 Y6.061 E2.03709
G1 X3.207 Y6.061 E2.08791
G1 X2.338 Y6.542 E2.11771
G1 X1.106 Y6.558 E2.15468
;WIDTH:0.481646
G1 X.7 Y6.574 E2.16607
;WIDTH:0.449999
G1 X-.576 Y6.574 E2.19932
;WIDTH:0.470996
G1 X-1.504 Y6.563 E2.22472
G1 X-1.434 Y6.545 E2.2267
;WIDTH:0.467131
G1 X-.513 Y6.253 E2.25291
;WIDTH:0.449999
G1 X.355 Y5.805 E2.27836
G1 X.913 Y5.392 E2.29645
G1 E.29645 F2400
G92 E0
G1 Z3.95 F4800
G1 X-7.169 Y-4.703
G1 Z3.65
G1 E2 F2400
;TYPE:External perimeter
;WIDTH:0.46055
G1 F1350
G1 X-7.153 Y-4.677 E2.00082
;WIDTH:0.45587
G1 X-7.024 Y-4.636 E2.0044
;WIDTH:0.449999
G1 X-4.219 Y-4.636 E2.07749
G1 X-4.622 Y-4.392 E2.08977
G1 X-5.197 Y-3.87 E2.11
G1 X-5.662 Y-3.266 E2.12986
G1 X-6.059 Y-2.51 E2.15211
G1 X-6.29 Y-1.812 E2.17127
G1 X-6.455 Y-.873 E2.19611
G1 X-6.454 Y.038 E2.21985
G1 X-7.891 Y.038 E2.25729
G1 X-8.034 Y.095 E2.2613
G1 X-8.1 Y.246 E2.26559
G1 X-8.1 Y2.109 E2.31413
;WIDTH:0.474221
G1 X-8.021 Y2.287 E2.3195
;WIDTH:0.521025
G1 X-7.891 Y2.353 E2.32394
;WIDTH:0.546815
G1 X-7.637 Y2.366 E2.3321
G1 X-7.468 Y2.732 E2.34504
;WIDTH:0.514409
G1 X-7.23 Y3.215 E2.36123
;WIDTH:0.523147
G1 X-6.784 Y3.934 E2.38714
;WIDTH:0.538816
G1 X-6.445 Y4.351 E2.40412
;WIDTH:0.551103
G1 X-5.938 Y4.882 E2.42788
G1 X-5.779 Y4.998 E2.43425
;WIDTH:0.517402
G1 X-5.62 Y5.113 E2.44019
;WIDTH:0.483701
G1 X-5.462 Y5.229 E2.44571
;WIDTH:0.449999
G1 X-4.941 Y5.566 E2.46188
G1 X-4.265 Y5.893 E2.48145
G1 X-3.405 Y6.144 E2.50479
G1 X-2.431 Y6.23 E2.53027
G1 X-1.555 Y6.136 E2.55323
G1 X-.701 Y5.88 E2.57646
G1 X.18 Y5.415 E2.60242
;WIDTH:0.497438
G1 X.565 Y5.146 E2.61605
;WIDTH:0.544877
G1 X.951 Y4.878 E2.63107
G1 X1.52 Y4.279 E2.65748
;WIDTH:0.52804
G1 X1.998 Y3.608 E2.68296
;WIDTH:0.521451
G1 X2.214 Y3.226 E2.69635
;WIDTH:0.546856
G1 X2.637 Y2.366 E2.72711
G1 X2.812 Y2.366 E2.73273
G1 X2.901 Y2.337 E2.73573
;WIDTH:0.512245
G1 X2.989 Y2.309 E2.73849
;WIDTH:0.477633
G1 X3.1 Y2.109 E2.74484
;WIDTH:0.449999
G1 X3.1 Y.246 E2.79338
G1 X3.034 Y.094 E2.7977
G1 X2.891 Y.037 E2.80171
G1 X1.444 Y.037 E2.83941
G1 X1.474 Y-.477 E2.85283
G1 X1.399 Y-1.33 E2.87514
G1 X1.263 Y-1.88 E2.8899
G1 X1.067 Y-2.463 E2.90593
G1 X.811 Y-2.983 E2.92103
G1 X.5 Y-3.5 E2.93675
G1 X-.058 Y-4.126 E2.9586
G1 X-.759 Y-4.637 E2.9812
G1 X1.439 Y-4.637 E3.03847
;WIDTH:0.45463
G1 X2.126 Y-4.661 E3.05658
;WIDTH:0.460546
G1 X2.234 Y-4.807 E3.06143
G1 X2.266 Y-4.426 E3.07164
;WIDTH:0.449999
G1 X2.347 Y-3.848 E3.08685
G1 X2.452 Y-3.415 E3.09846
G1 X2.629 Y-2.911 E3.11238
G1 X2.778 Y-2.848 E3.1166
G1 X5.39 Y-2.848 E3.18466
G1 X6.008 Y-2.867 E3.20077
G1 X6.121 Y-2.996 E3.20524
G1 X6.336 Y-3.722 E3.22497
G1 X7.437 Y-3.722 E3.25366
G1 X7.337 Y-3.033 E3.2718
G1 X7.227 Y-2.528 E3.28527
G1 X7.092 Y-2.044 E3.29836
G1 X6.925 Y-1.559 E3.31173
G1 X6.529 Y-.705 E3.33626
G1 X6.246 Y-.286 E3.34943
G1 X5.851 Y.22 E3.36616
G1 X4.963 Y.223 E3.3893
G1 X4.825 Y.306 E3.3935
G1 X4.784 Y.429 E3.39688
G1 X4.784 Y1.566 E3.42651
G1 X3.652 Y2.39 E3.46299
;WIDTH:0.498428
G1 X3.308 Y2.61 E3.47486
;WIDTH:0.546856
G1 X2.963 Y2.831 E3.48801
G1 X2.896 Y2.94 E3.49212
;WIDTH:0.521451
G1 X2.41 Y3.871 E3.52416
;WIDTH:0.532185
G1 X2.132 Y4.287 E3.53976
;WIDTH:0.532903
G1 X1.829 Y4.686 E3.5554
;WIDTH:0.548629
G1 X1.3 Y5.257 E3.58047
G1 X1.328 Y5.399 E3.58513
;WIDTH:0.499314
G1 X1.356 Y5.541 E3.58935
;WIDTH:0.449999
G1 X1.513 Y5.611 E3.59383
G1 X4.49 Y5.611 E3.6714
G1 X4.161 Y5.913 E3.68304
G1 X3.576 Y6.362 E3.70225
G1 X2.961 Y6.739 E3.72105
G1 X2.442 Y6.991 E3.73608
G1 X-7.441 Y6.992 E3.99359
G1 X-7.986 Y6.723 E4.00943
G1 X-8.593 Y6.349 E4.02801
G1 X-9.49 Y5.612 E4.05826
G1 X-6.477 Y5.608 E4.13677
G1 X-6.321 Y5.486 E4.14193
;WIDTH:0.499396
G1 X-6.322 Y5.357 E4.14569
;WIDTH:0.548792
G1 X-6.322 Y5.228 E4.14985
G1 X-6.826 Y4.685 E4.17372
;WIDTH:0.538816
G1 X-7.134 Y4.288 E4.1896
;WIDTH:0.527144
G1 X-7.408 Y3.87 E4.20503
;WIDTH:0.525077
G1 X-7.675 Y3.399 E4.22167
;WIDTH:0.545539
G1 X-7.96 Y2.834 E4.24193
G1 X-8.089 Y2.762 E4.24666
;WIDTH:0.511555
G1 X-8.218 Y2.689 E4.25109
;WIDTH:0.477571
G1 X-8.652 Y2.39 E4.26573
;WIDTH:0.449999
G1 X-9.784 Y1.566 E4.30221
G1 X-9.784 Y.43 E4.33181
G1 X-9.857 Y.271 E4.33637
G1 X-9.993 Y.221 E4.34015
G1 X-10.844 Y.221 E4.36232
G1 X-11.3 Y-.332 E4.381
G1 X-11.738 Y-1.114 E4.40435
G1 X-12.087 Y-2.026 E4.42979
G1 X-12.223 Y-2.511 E4.44291
G1 X-12.334 Y-3.012 E4.45628
G1 X-12.437 Y-3.721 E4.47495
G1 X-11.327 Y-3.721 E4.50387
G1 X-11.118 Y-2.986 E4.52378
G1 X-11.028 Y-2.877 E4.52746
G1 X-10.922 Y-2.848 E4.53032
G1 X-7.705 Y-2.861 E4.61414
G1 X-7.594 Y-2.958 E4.61798
G1 X-7.346 Y-3.854 E4.6422
;WIDTH:0.46055
G1 X-7.234 Y-4.807 E4.66783
G1 X-7.201 Y-4.753 E4.66952
G1 X-6.816 Y-4.644 F4800
;LAYER_CHANGE
;Z:3.8
;HEIGHT:0.15
G1 E2.66952 F2400
G92 E0
G1 Z3.8 F4800
G1 Z4.1
G1 X-3.217 Y-4.279
G1 Z3.8
G1 E2 F2400
;TYPE:Support material
;WIDTH:0.35
G1 F3600
G1 X-2.708 Y-4.15 E2.01041
G1 X-2.621 Y-4.018 E2.01354
G1 X-2.634 Y-3.812 E2.01763
G1 X-2.739 Y-3.661 E2.02128
G1 X-2.989 Y-3.576 E2.02651
G1 X-3.674 Y-3.889 E2.04144
G1 X-3.68 Y-4.127 E2.04616
G1 X-3.265 Y-4.282 E2.05494
G1 X-4.431 Y-5.537 F4800
;TYPE:Support material interface
G1 F3600
G1 X-4.973 Y-6.079 E2.07013
G1 X-4.779 Y-6.334 E2.07648
G1 X-4.125 Y-5.68 E2.09481
G1 X-3.675 Y-5.68 E2.10373
G1 X-4.584 Y-6.589 E2.12921
G1 X-4.389 Y-6.843 E2.13556
G1 X-3.226 Y-5.68 E2.16816
G1 X-2.776 Y-5.68 E2.17708
G1 X-4.079 Y-6.983 E2.2136
G1 X-3.991 Y-7.006 E2.2154
G1 X-3.677 Y-7.03 E2.22164
G1 X-2.327 Y-5.68 E2.25948
G1 X-1.878 Y-5.68 E2.26838
G1 X-3.168 Y-6.97 E2.30454
G1 X-2.718 Y-6.97 E2.31346
G1 X-1.428 Y-5.68 E2.34962
G1 X-1.054 Y-5.755 E2.35718
G1 X-2.269 Y-6.97 E2.39124
G1 X-1.819 Y-6.97 E2.40016
G1 X-.604 Y-5.755 E2.43422
G1 X-.407 Y-6.007 E2.44056
G1 X-1.37 Y-6.97 E2.46755
G1 X-.92 Y-6.97 E2.47647
G1 X-.108 Y-6.158 E2.49923
G1 X-1.566 Y-7.807 F4800
;TYPE:Support material
G1 F3600
G1 X-1.115 Y-7.715 E2.50835
G1 X-.755 Y-7.481 E2.51686
G1 X-.341 Y-7.431 E2.52512
G1 X-.142 Y-7.303 E2.52981
G1 X.06 Y-7.058 E2.5361
G1 X.178 Y-6.414 E2.54908
G1 X-.083 Y-6.949 E2.56088
G1 X-.41 Y-7.304 E2.57045
G1 X-2.828 Y-7.304 E2.61837
G1 X-2.51 Y-7.571 E2.6266
G1 X-2.219 Y-7.586 E2.63238
G1 X-1.613 Y-7.809 E2.64518
G1 E.64518 F2400
G92 E0
G1 Z4.1 F4800
G1 X-3.94 Y-7.585
G1 Z3.8
G1 E2 F2400
G1 F3600
G1 X-3.469 Y-7.523 E2.00942
G1 X-2.828 Y-7.304 E2.02285
G1 X-3.409 Y-7.304 E2.03437
G1 X-3.615 Y-7.379 E2.03871
G1 X-4.385 Y-7.248 E2.05419
G1 X-4.549 Y-7.184 E2.05768
G1 X-5.146 Y-6.404 E2.07715
G1 X-5.154 Y-6.738 E2.08377
G1 X-5.066 Y-7.03 E2.08981
G1 X-4.79 Y-7.375 E2.09857
G1 X-4.417 Y-7.568 E2.10689
G1 X-3.986 Y-7.598 E2.11545
G1 E.11545 F2400
G92 E0
G1 Z4.1 F4800
G1 X-3.241 Y-4.902
G1 Z3.8
G1 E2 F2400
;TYPE:External perimeter
;WIDTH:0.379108
G1 F900
G1 X-2.732 Y-4.931 E2.01103
;TYPE:Overhang perimeter
;WIDTH:0.4
;HEIGHT:0.4
M106 S255
G1 X-2.525 Y-4.943 E2.02186
G1 X-2.268 Y-4.93 E2.0353
M106 S219.3
;TYPE:External perimeter
;WIDTH:0.37219
;HEIGHT:0.15
G1 X-1.796 Y-4.906 E2.04532
G1 X-2.196 Y-4.913 F4800
G1 E.04532 F2400
G92 E0
G1 Z4.1 F4800
G1 X2.261 Y-6.132
G1 Z3.8
G1 E2 F2400
;WIDTH:0.506958
G1 F900
G1 X2.249 Y-5.604 E2.01564
;WIDTH:0.48193
G1 X2.236 Y-5.075 E2.03048
;WIDTH:0.460108
G1 X2.234 Y-5.036 E2.03152
G1 X2.244 Y-5.436 F4800
G1 E.03152 F2400
G92 E0
G1 Z4.1 F4800
G1 X3.752 Y-1.853
G1 Z3.8
G1 E2 F2400
;WIDTH:0.449999
G1 F900
G1 X3.897 Y-2.003 E2.00544
G1 X4.765 Y-2.006 E2.02806
G1 X4.97 Y-1.838 E2.03497
G1 X4.984 Y-1.625 E2.04053
G1 X4.917 Y-1.53 E2.04356
G1 X4.408 Y-1.392 E2.0573
G1 X4.101 Y-1.414 E2.06532
G1 X3.781 Y-1.527 E2.07416
G1 X3.708 Y-1.676 E2.07848
G1 X3.723 Y-1.804 E2.08184
G1 X4.074 Y-1.996 F4800
G1 E.08184 F2400
G92 E0
G1 Z4.1 F4800
G1 X-7.266 Y-6.127
G1 Z3.8
G1 E2 F2400
;WIDTH:0.515864
G1 F900
G1 X-7.248 Y-5.741 E2.01166
;WIDTH:0.479726
G1 X-7.23 Y-5.355 E2.02244
;WIDTH:0.461586
G1 X-7.237 Y-5.052 E2.03056
G1 X-7.243 Y-5.452 F4800
G1 E.03056 F2400
G92 E0
G1 Z4.1 F4800
G1 X-8.762 Y-1.854
G1 Z3.8
G1 E2 F2400
;WIDTH:0.449999
G1 F900
G1 X-8.725 Y-1.82 E2.00131
G1 X-8.713 Y-1.638 E2.00606
G1 X-8.824 Y-1.498 E2.01072
G1 X-9.148 Y-1.406 E2.0195
G1 X-9.471 Y-1.398 E2.02792
G1 X-9.932 Y-1.542 E2.0405
G1 X-9.994 Y-1.717 E2.04534
G1 X-9.971 Y-1.838 E2.04855
G1 X-9.766 Y-2.006 E2.05546
G1 X-8.932 Y-2.006 E2.07719
G1 X-8.806 Y-1.894 E2.08158
G1 X-8.818 Y-1.494 F4800
G1 E.08158 F2400
G92 E0
G1 Z4.1 F4800
G1 X3.478 Y-.79
G1 Z3.8
G1 E2 F2400
;TYPE:Perimeter
;WIDTH:0.37653
G1 F900
G1 X3.26 Y-.921 E2.00546
G1 X3.478 Y-.79 F4800
;WIDTH:0.385452
G1 F900
G1 X3.876 Y-.643 E2.01481
G1 X4.36 Y-.59 E2.02554
G1 X4.19 Y-.417 E2.03088
;WIDTH:0.432126
G1 X4.07 Y-.2 E2.03706
;WIDTH:0.4788
G1 X3.95 Y.016 E2.04394
G1 X3.926 Y-.09 E2.04697
;WIDTH:0.452173
G1 X3.901 Y-.196 E2.04982
;WIDTH:0.425546
G1 X3.763 Y-.498 E2.05797
;WIDTH:0.385452
G1 X3.52 Y-.747 E2.06563
G1 E.06563 F2400
G92 E0
G1 Z4.1 F4800
G1 X3.942 Y1.235
G1 Z3.8
G1 E2 F2400
;WIDTH:0.46287
G1 F900
G1 X3.942 Y.199 E2.02783
;WIDTH:0.4788
G1 X3.95 Y.016 E2.03293
G1 E.03293 F2400
G92 E0
G1 Z4.1 F4800
G1 X5.918 Y-1.828
G1 Z3.8
G1 E2 F2400
;WIDTH:0.64008
G1 F900
G1 X5.885 Y-1.709 E2.00468
;WIDTH:0.598917
G1 X5.852 Y-1.589 E2.00908
;WIDTH:0.557753
G1 X5.82 Y-1.47 E2.01312
;WIDTH:0.51659
G1 X5.787 Y-1.351 E2.01685
;WIDTH:0.485902
G1 X5.45 Y-.863 E2.03363
G1 E.03363 F2400
G92 E0
G1 Z4.1 F4800
G1 X3.832 Y-2.374
G1 Z3.8
G1 E2 F2400
;WIDTH:0.36722
G1 F900
G1 X4.765 Y-2.378 E2.01949
G1 E.01949 F2400
G92 E0
G1 Z4.1 F4800
G1 X2.81 Y-1.846
G1 Z3.8
G1 E2 F2400
;WIDTH:0.597044
G1 F900
G1 X2.8 Y-1.631 E2.00758
G1 X2.931 Y-1.165 E2.02463
;WIDTH:0.591772
G1 X2.996 Y-1.116 E2.02747
;WIDTH:0.548724
G1 X3.062 Y-1.067 E2.03012
;WIDTH:0.505675
G1 X3.128 Y-1.019 E2.03253
;WIDTH:0.462627
G1 X3.194 Y-.97 E2.03474
;WIDTH:0.419579
G1 X3.26 Y-.921 E2.03673
G1 X3.186 Y-.957 E2.03872
;WIDTH:0.462627
G1 X3.112 Y-.992 E2.04092
;WIDTH:0.505675
G1 X3.039 Y-1.028 E2.04332
;WIDTH:0.548724
G1 X2.965 Y-1.063 E2.04596
;WIDTH:0.591772
G1 X2.891 Y-1.099 E2.04883
G1 X2.322 Y-1.099 E2.06869
G1 X2.269 Y-1.388 E2.07894
;WIDTH:0.597044
G1 X2.176 Y-1.921 E2.098
G1 X2.078 Y-2.166 E2.1073
;WIDTH:0.566733
G1 X1.981 Y-2.41 E2.11605
;WIDTH:0.561785
G1 X2.073 Y-2.275 E2.12145
;WIDTH:0.587148
G1 X2.166 Y-2.141 E2.1271
;WIDTH:0.597044
G1 X2.318 Y-2.017 E2.13401
G1 X2.599 Y-1.888 E2.1449
G1 X2.751 Y-1.858 E2.15036
G1 X1.723 Y-3.055 F4800
;WIDTH:0.526168
G1 F900
G1 X1.605 Y-3.226 E2.15676
;WIDTH:0.483592
G1 X1.486 Y-3.397 E2.16262
;WIDTH:0.441015
G1 X1.367 Y-3.568 E2.16793
;WIDTH:0.398438
G1 X1 Y-4.057 E2.18189
G1 X1.532 Y-4.057 E2.19404
G1 X1.61 Y-3.636 E2.20382
;WIDTH:0.441015
G1 X1.648 Y-3.442 E2.20886
;WIDTH:0.483592
G1 X1.686 Y-3.249 E2.2144
;WIDTH:0.526168
G1 X1.712 Y-3.114 E2.21864
G1 X1.981 Y-2.41 F4800
;WIDTH:0.536422
G1 F900
G1 X1.943 Y-2.494 E2.22154
;WIDTH:0.526168
G1 X1.723 Y-3.055 E2.2401
G1 E.2401 F2400
G92 E0
G1 Z4.1 F4800
G1 X3.417 Y-1.985
G1 Z3.8
G1 E2 F2400
;WIDTH:0.449999
G1 F900
G1 X3.313 Y-1.887 E2.00372
G1 X3.291 Y-1.655 E2.00979
G1 X3.363 Y-1.393 E2.01687
G1 X3.508 Y-1.21 E2.02295
G1 X3.641 Y-1.123 E2.02709
G1 X4.07 Y-.995 E2.03875
;WIDTH:0.487532
G1 X4.236 Y-.975 E2.0435
;WIDTH:0.525065
G1 X4.403 Y-.954 E2.04867
;WIDTH:0.562597
G1 X4.569 Y-.934 E2.0542
;WIDTH:0.571502
G1 X4.927 Y-1.019 E2.06658
G1 X5.031 Y-1.098 E2.07097
;WIDTH:0.531001
G1 X5.134 Y-1.178 E2.07503
;WIDTH:0.4905
G1 X5.237 Y-1.257 E2.07874
;WIDTH:0.449999
G1 X5.379 Y-1.49 E2.08585
G1 X5.409 Y-1.767 E2.09311
G1 X5.38 Y-1.921 E2.09719
G1 X5.073 Y-2.149 E2.10715
;WIDTH:0.40421
G1 X4.765 Y-2.378 E2.11605
G1 X5.241 Y-2.355 E2.12711
;WIDTH:0.449999
G1 X5.717 Y-2.332 E2.13953
G1 X6.051 Y-2.394 E2.14838
G1 X6.278 Y-2.579 E2.15601
;WIDTH:0.449603
G1 X6.443 Y-2.953 E2.16665
;WIDTH:0.432416
G1 X6.634 Y-3.562 E2.18258
;WIDTH:0.393572
G1 X6.986 Y-3.562 E2.19051
G1 X6.924 Y-3.209 E2.19859
;WIDTH:0.449301
G1 X6.733 Y-2.541 E2.21666
;WIDTH:0.449999
G1 X6.535 Y-1.939 E2.23317
G1 X6.177 Y-1.169 E2.2553
G1 X5.667 Y-.427 E2.27876
G1 X5.599 Y-.427 E2.28053
;WIDTH:0.487746
G1 X5.406 Y-.446 E2.28604
;WIDTH:0.525493
G1 X5.213 Y-.465 E2.29201
;WIDTH:0.56324
G1 X5.02 Y-.484 E2.29843
G1 X4.746 Y-.436 E2.30764
;WIDTH:0.560848
G1 X4.669 Y-.371 E2.31096
;WIDTH:0.522871
G1 X4.592 Y-.305 E2.31406
;WIDTH:0.484894
G1 X4.411 Y-.034 E2.32326
;WIDTH:0.449999
G1 X4.366 Y.199 E2.32944
G1 X4.366 Y1.451 E2.36206
G1 X3.364 Y2.181 E2.39436
G1 X3.518 Y1.879 E2.40319
G1 X3.518 Y.016 E2.45173
G1 X3.47 Y-.223 E2.45808
G1 X3.341 Y-.42 E2.46422
G1 X3.12 Y-.567 E2.47114
G1 X2.891 Y-.61 E2.47721
G1 X1.875 Y-.61 E2.50368
G1 X1.863 Y-.893 E2.51106
G1 X1.693 Y-1.834 E2.53598
G1 X1.324 Y-2.835 E2.56378
G1 X.987 Y-3.431 E2.58162
G1 X.521 Y-4.035 E2.6015
G1 X.081 Y-4.449 E2.61724
G1 X1.873 Y-4.449 E2.66393
G1 X1.973 Y-3.787 E2.68137
G1 X2.159 Y-3.19 E2.69766
G1 X2.354 Y-2.69 E2.71164
G1 X2.495 Y-2.498 E2.71785
G1 X2.74 Y-2.359 E2.72519
G1 X2.927 Y-2.332 E2.73011
G1 X3.38 Y-2.353 E2.74193
;WIDTH:0.40861
G1 X3.832 Y-2.374 E2.75255
G1 X3.572 Y-2.131 E2.7609
;WIDTH:0.449999
G1 X3.461 Y-2.026 E2.76488
G1 E.76488 F2400
G92 E0
G1 Z4.1 F4800
G1 X1.127 Y5.915
G1 Z3.8
G1 E2 F2400
;WIDTH:0.472326
G1 F900
G1 X1.099 Y5.962 E2.0015
G1 X1.044 Y5.962 E2.00301
G1 X1.017 Y5.915 E2.0045
G1 X1.044 Y5.867 E2.00601
G1 X1.099 Y5.867 E2.00752
G1 X1.271 Y5.183 F4800
;WIDTH:0.449999
G1 F900
G1 X1.283 Y5.491 E2.01555
G1 X1.377 Y5.613 E2.01956
;WIDTH:0.481646
G1 X1.599 Y5.722 E2.02649
;WIDTH:0.513293
G1 X1.822 Y5.831 E2.03394
G1 X3.658 Y5.831 E2.08903
G1 X2.961 Y6.312 E2.11444
G1 X1.447 Y6.328 E2.15987
;WIDTH:0.481646
G1 X1.072 Y6.344 E2.17039
;WIDTH:0.449999
G1 X-.5 Y6.344 E2.21135
G1 X.343 Y5.911 E2.23604
G1 X.821 Y5.567 E2.25138
G1 X1.225 Y5.222 E2.26522
G1 E.26522 F2400
G92 E0
G1 Z4.1 F4800
G1 X-6.011 Y5.913
G1 Z3.8
G1 E2 F2400
;WIDTH:0.476526
G1 F900
G1 X-6.039 Y5.961 E2.00154
G1 X-6.094 Y5.961 E2.00306
G1 X-6.122 Y5.913 E2.0046
G1 X-6.094 Y5.865 E2.00614
G1 X-6.039 Y5.865 E2.00766
G1 X-6.237 Y5.212 F4800
;WIDTH:0.449999
G1 F900
G1 X-5.81 Y5.566 E2.02211
G1 X-5.258 Y5.963 E2.03983
G1 X-4.499 Y6.344 E2.06196
G1 X-6.066 Y6.344 E2.10279
;WIDTH:0.481645
G1 X-6.444 Y6.328 E2.11339
;WIDTH:0.51329
G1 X-7.892 Y6.312 E2.15684
G1 X-8.019 Y6.276 E2.1608
G1 X-8.642 Y5.831 E2.18377
G1 X-6.718 Y5.831 E2.2415
G1 X-6.546 Y5.721 E2.24763
;WIDTH:0.481645
G1 X-6.374 Y5.611 E2.25335
;WIDTH:0.449999
G1 X-6.216 Y5.334 E2.26166
G1 X-6.227 Y5.271 E2.26333
G1 E.26333 F2400
G92 E0
G1 Z4.1 F4800
G1 X-8.95 Y.017
G1 Z3.8
G1 E2 F2400
;WIDTH:0.47881
G1 F900
G1 X-8.942 Y.2 E2.0051
;WIDTH:0.462874
G1 X-8.942 Y1.235 E2.0329
G1 E.0329 F2400
G92 E0
G1 Z4.1 F4800
G1 X-9.867 Y-2.374
G1 Z3.8
G1 E2 F2400
;WIDTH:0.36722
G1 F900
G1 X-8.932 Y-2.378 E2.01954
G1 E.01954 F2400
G92 E0
G1 Z4.1 F4800
G1 X-10.457 Y-.865
G1 Z3.8
G1 E2 F2400
;WIDTH:0.490434
G1 F900
G1 X-10.699 Y-1.187 E2.01151
;WIDTH:0.484816
G1 X-10.751 Y-1.322 E2.01559
;WIDTH:0.523973
G1 X-10.803 Y-1.456 E2.02
;WIDTH:0.563131
G1 X-10.855 Y-1.591 E2.02479
;WIDTH:0.602288
G1 X-10.907 Y-1.725 E2.0299
;WIDTH:0.646474
G1 X-10.922 Y-1.825 E2.03377
G1 E.03377 F2400
G92 E0
G1 Z4.1 F4800
G1 X-8.478 Y-.79
G1 Z3.8
G1 E2 F2400
;WIDTH:0.368724
G1 F900
G1 X-8.611 Y-.683 E2.00358
;WIDTH:0.385452
G1 X-8.826 Y-.371 E2.01193
;WIDTH:0.432131
G1 X-8.888 Y-.177 E2.01701
;WIDTH:0.47881
G1 X-8.95 Y.017 E2.02268
G1 X-9.044 Y-.163 E2.02834
;WIDTH:0.432131
G1 X-9.139 Y-.343 E2.03342
;WIDTH:0.385452
G1 X-9.36 Y-.59 E2.04072
G1 X-9.015 Y-.613 E2.04834
G1 X-8.535 Y-.771 E2.05947
G1 X-8.478 Y-.79 F4800
;WIDTH:0.376334
G1 F900
G1 X-8.26 Y-.921 E2.06493
G1 E.06493 F2400
G92 E0
G1 Z4.1 F4800
G1 X-6.528 Y-4.055
G1 Z3.8
G1 E2 F2400
;WIDTH:0.401708
G1 F900
G1 X-6.003 Y-4.055 E2.0121
G1 X-6.299 Y-3.672 E2.02325
;WIDTH:0.44498
G1 X-6.425 Y-3.497 E2.0288
;WIDTH:0.488252
G1 X-6.55 Y-3.322 E2.03492
;WIDTH:0.531524
G1 X-6.676 Y-3.147 E2.04164
G1 X-6.664 Y-3.236 E2.04444
;WIDTH:0.502272
G1 X-6.652 Y-3.324 E2.04704
;WIDTH:0.47302
G1 X-6.59 Y-3.689 E2.05722
;WIDTH:0.437364
G1 X-6.538 Y-3.996 E2.06509
G1 E.06509 F2400
G92 E0
G1 Z4.1 F4800
G1 X-7.809 Y-1.846
G1 Z3.8
G1 E2 F2400
;WIDTH:0.58937
G1 F900
G1 X-7.604 Y-1.891 E2.00729
G1 X-7.283 Y-2.045 E2.01966
G1 X-7.168 Y-2.143 E2.02491
;WIDTH:0.580721
G1 X-6.981 Y-2.41 E2.03606
;WIDTH:0.562861
G1 X-7.072 Y-2.187 E2.04403
;WIDTH:0.58937
G1 X-7.163 Y-1.964 E2.0524
G1 X-7.317 Y-1.094 E2.0831
;WIDTH:0.581639
G1 X-7.891 Y-1.094 E2.10277
G1 X-7.965 Y-1.059 E2.10557
;WIDTH:0.540578
G1 X-8.039 Y-1.025 E2.10815
;WIDTH:0.499517
G1 X-8.112 Y-.99 E2.11051
;WIDTH:0.458456
G1 X-8.186 Y-.956 E2.11267
;WIDTH:0.417395
G1 X-8.26 Y-.921 E2.11464
G1 X-8.195 Y-.97 E2.1166
;WIDTH:0.458456
G1 X-8.13 Y-1.019 E2.11876
;WIDTH:0.499517
G1 X-8.065 Y-1.068 E2.12113
;WIDTH:0.540578
G1 X-8 Y-1.117 E2.12371
;WIDTH:0.581639
G1 X-7.935 Y-1.166 E2.1265
G1 X-7.835 Y-1.431 E2.13621
;WIDTH:0.58937
G1 X-7.813 Y-1.786 E2.14857
G1 X-6.981 Y-2.41 F4800
;WIDTH:0.536352
G1 F900
G1 X-6.783 Y-2.906 E2.16536
;WIDTH:0.531524
G1 X-6.676 Y-3.147 E2.17357
G1 E.17357 F2400
G92 E0
G1 Z4.1 F4800
G1 X-8.442 Y-1.991
G1 Z3.8
G1 E2 F2400
;WIDTH:0.449999
G1 F900
G1 X-8.622 Y-2.133 E2.00597
;WIDTH:0.404209
G1 X-8.932 Y-2.378 E2.01514
G1 X-8.43 Y-2.355 E2.0268
;WIDTH:0.449999
G1 X-7.927 Y-2.332 E2.03992
G1 X-7.742 Y-2.358 E2.04479
G1 X-7.495 Y-2.498 E2.05219
G1 X-7.338 Y-2.726 E2.0594
G1 X-7.101 Y-3.318 E2.07602
G1 X-6.967 Y-3.889 E2.0913
G1 X-6.863 Y-4.449 E2.10614
G1 X-5.081 Y-4.449 E2.15257
G1 X-5.521 Y-4.035 E2.16831
G1 X-5.987 Y-3.431 E2.18819
G1 X-6.274 Y-2.926 E2.20332
G1 X-6.493 Y-2.401 E2.21814
G1 X-6.688 Y-1.859 E2.23315
G1 X-6.819 Y-1.244 E2.24953
G1 X-6.874 Y-.61 E2.26611
G1 X-7.891 Y-.61 E2.29261
G1 X-8.12 Y-.567 E2.29868
G1 X-8.341 Y-.42 E2.3056
G1 X-8.47 Y-.223 E2.31174
G1 X-8.518 Y.017 E2.31812
G1 X-8.518 Y1.879 E2.36664
G1 X-8.364 Y2.18 E2.37545
G1 X-9.366 Y1.451 E2.40774
G1 X-9.366 Y.116 E2.44252
G1 X-9.464 Y-.137 E2.44959
;WIDTH:0.487534
G1 X-9.553 Y-.235 E2.45335
;WIDTH:0.525068
G1 X-9.641 Y-.333 E2.4574
;WIDTH:0.562602
G1 X-9.73 Y-.431 E2.46178
;WIDTH:0.563062
G1 X-10.021 Y-.484 E2.47157
G1 X-10.236 Y-.465 E2.47872
;WIDTH:0.525375
G1 X-10.452 Y-.446 E2.48539
;WIDTH:0.487687
G1 X-10.667 Y-.427 E2.49152
;WIDTH:0.449999
G1 X-11.062 Y-.986 E2.50935
G1 X-11.404 Y-1.64 E2.52858
G1 X-11.825 Y-2.835 E2.56159
;WIDTH:0.432415
G1 X-11.986 Y-3.562 E2.58017
;WIDTH:0.393576
G1 X-11.634 Y-3.562 E2.5881
;WIDTH:0.40079
G1 X-11.573 Y-3.317 E2.5939
;WIDTH:0.449568
G1 X-11.284 Y-2.587 E2.61434
;WIDTH:0.449999
G1 X-10.858 Y-2.337 E2.62721
G1 X-10.292 Y-2.353 E2.64196
;WIDTH:0.40861
G1 X-9.867 Y-2.374 E2.65195
G1 X-10.124 Y-2.147 E2.66
;WIDTH:0.449999
G1 X-10.38 Y-1.921 E2.6689
G1 X-10.413 Y-1.711 E2.67444
G1 X-10.292 Y-1.321 E2.68508
;WIDTH:0.487687
G1 X-10.179 Y-1.224 E2.68931
;WIDTH:0.525375
G1 X-10.066 Y-1.127 E2.69389
;WIDTH:0.563062
G1 X-9.953 Y-1.03 E2.69882
G1 X-9.586 Y-.939 E2.71134
;WIDTH:0.560841
G1 X-9.432 Y-.956 E2.71645
;WIDTH:0.523894
G1 X-9.279 Y-.972 E2.72117
;WIDTH:0.486947
G1 X-9.125 Y-.989 E2.72556
;WIDTH:0.449999
G1 X-8.74 Y-1.084 E2.73589
G1 X-8.508 Y-1.21 E2.74277
G1 X-8.362 Y-1.393 E2.74887
G1 X-8.306 Y-1.542 E2.75302
G1 X-8.312 Y-1.887 E2.76201
G1 X-8.395 Y-1.953 E2.76477
G1 E.76477 F2400
G92 E0
G1 Z4.1 F4800
G1 X-7.136 Y-4.963
G1 Z3.8
G1 E2 F2400
;TYPE:External perimeter
;WIDTH:0.461586
G1 F1350
G1 X-7.024 Y-4.866 E2.00397
;WIDTH:0.449999
G1 X-3.992 Y-4.866 E2.08297
G1 X-3.631 Y-4.882 E2.09239
;WIDTH:0.417095
G1 X-3.27 Y-4.898 E2.10106
G1 X-3.636 Y-4.784 E2.11026
;WIDTH:0.449999
G1 X-4.003 Y-4.671 E2.12027
G1 X-4.672 Y-4.256 E2.14078
G1 X-5.191 Y-3.779 E2.15915
G1 X-5.657 Y-3.176 E2.17901
G1 X-5.908 Y-2.724 E2.19248
G1 X-6.28 Y-1.768 E2.21921
G1 X-6.403 Y-1.208 E2.23415
G1 X-6.47 Y-.192 E2.26068
G1 X-7.891 Y-.192 E2.29771
G1 X-8.041 Y-.129 E2.30195
G1 X-8.1 Y.017 E2.30605
G1 X-8.1 Y1.879 E2.35457
;WIDTH:0.489181
G1 X-8.09 Y1.937 E2.35625
;WIDTH:0.528362
G1 X-8.08 Y1.995 E2.35807
;WIDTH:0.567543
G1 X-8.07 Y2.053 E2.36003
;WIDTH:0.606724
G1 X-8.06 Y2.111 E2.36214
;WIDTH:0.637527
G1 X-7.944 Y2.177 E2.36718
G1 X-7.782 Y2.181 E2.3733
G1 X-7.712 Y2.37 E2.38091
G1 X-7.631 Y2.522 E2.38741
;WIDTH:0.594698
G1 X-7.55 Y2.673 E2.39342
;WIDTH:0.551869
G1 X-7.469 Y2.825 E2.399
;WIDTH:0.516759
G1 X-7.046 Y3.635 E2.42661
;WIDTH:0.532122
G1 X-6.725 Y4.094 E2.44407
;WIDTH:0.544885
G1 X-6.216 Y4.704 E2.46947
G1 X-5.889 Y4.967 E2.48289
;WIDTH:0.497442
G1 X-5.562 Y5.23 E2.49507
;WIDTH:0.449999
G1 X-5.07 Y5.59 E2.51095
;WIDTH:0.498171
G1 X-4.708 Y5.776 E2.52278
;WIDTH:0.546343
G1 X-4.346 Y5.963 E2.53584
;WIDTH:0.594515
G1 X-3.984 Y6.15 E2.55013
G1 X-3.451 Y6.294 E2.56949
;WIDTH:0.571199
G1 X-2.963 Y6.342 E2.58597
;WIDTH:0.565648
G1 X-2.439 Y6.377 E2.60344
;WIDTH:0.571194
G1 X-1.549 Y6.294 E2.63349
;WIDTH:0.594511
G1 X-1.015 Y6.15 E2.65289
G1 X-.913 Y6.094 E2.65697
;WIDTH:0.546341
G1 X-.811 Y6.037 E2.66072
;WIDTH:0.49817
G1 X-.709 Y5.981 E2.6641
;WIDTH:0.449999
G1 X.099 Y5.572 E2.6877
G1 X.7 Y5.137 E2.70703
;WIDTH:0.492933
G1 X.975 Y4.908 E2.71731
;WIDTH:0.535866
G1 X1.25 Y4.679 E2.72855
G1 X1.739 Y4.089 E2.75262
;WIDTH:0.527426
G1 X1.981 Y3.719 E2.76627
;WIDTH:0.525902
G1 X2.293 Y3.193 E2.7851
;WIDTH:0.549423
G1 X2.441 Y2.909 E2.79543
;WIDTH:0.589259
G1 X2.588 Y2.625 E2.80654
;WIDTH:0.634386
G1 X2.788 Y2.18 E2.82486
G1 X2.891 Y2.18 E2.82873
G1 X3.06 Y2.111 E2.83559
;WIDTH:0.606787
G1 X3.07 Y2.053 E2.8377
;WIDTH:0.56759
G1 X3.08 Y1.995 E2.83967
;WIDTH:0.528393
G1 X3.09 Y1.937 E2.84149
;WIDTH:0.489196
G1 X3.1 Y1.879 E2.84317
;WIDTH:0.449999
G1 X3.1 Y.016 E2.89171
G1 X3.041 Y-.129 E2.89579
G1 X2.891 Y-.192 E2.90003
G1 X1.461 Y-.192 E2.93729
G1 X1.451 Y-.818 E2.9536
G1 X1.281 Y-1.76 E2.97854
G1 X.958 Y-2.633 E3.00279
G1 X.586 Y-3.267 E3.02194
G1 X.166 Y-3.806 E3.03974
G1 X-.359 Y-4.279 E3.05815
G1 X-1.038 Y-4.69 E3.07883
G1 X-1.398 Y-4.796 E3.08861
;WIDTH:0.414865
G1 X-1.757 Y-4.901 E3.09754
G1 X-1.383 Y-4.884 E3.10647
;WIDTH:0.449999
G1 X-1.009 Y-4.866 E3.11623
G1 X1.372 Y-4.866 E3.17827
;WIDTH:0.454762
G1 X2.133 Y-4.895 E3.19834
;WIDTH:0.460108
G1 X2.234 Y-5.036 E3.20297
G1 X2.266 Y-4.655 E3.21317
;WIDTH:0.449999
G1 X2.372 Y-3.911 E3.23275
G1 X2.605 Y-3.162 E3.25319
G1 X2.778 Y-2.806 E3.2635
G1 X2.92 Y-2.75 E3.26748
G1 X4.765 Y-2.75 E3.31555
G1 X5.87 Y-2.771 E3.34435
G1 X5.974 Y-2.881 E3.34829
G1 X6.208 Y-3.464 E3.36466
G1 X6.327 Y-3.952 E3.37775
G1 X7.436 Y-3.952 E3.40665
G1 X7.334 Y-3.249 E3.42516
G1 X7.224 Y-2.746 E3.43858
G1 X7.089 Y-2.263 E3.45165
G1 X6.923 Y-1.782 E3.46491
G1 X6.527 Y-.931 E3.48937
G1 X6.232 Y-.495 E3.50309
G1 X5.851 Y-.009 E3.51918
G1 X4.942 Y-.003 E3.54287
G1 X4.827 Y.072 E3.54645
G1 X4.784 Y.199 E3.54994
G1 X4.784 Y1.664 E3.58811
G1 X3.917 Y2.295 E3.61605
;WIDTH:0.489196
G1 X3.788 Y2.365 E3.62023
;WIDTH:0.528393
G1 X3.658 Y2.435 E3.6248
;WIDTH:0.56759
G1 X3.528 Y2.505 E3.62973
;WIDTH:0.606787
G1 X3.398 Y2.576 E3.63504
G1 X2.947 Y2.915 E3.65526
;WIDTH:0.589259
G1 X2.92 Y2.975 E3.65755
;WIDTH:0.552093
G1 X2.893 Y3.036 E3.65971
;WIDTH:0.516237
G1 X2.654 Y3.538 E3.67649
;WIDTH:0.525902
G1 X2.403 Y3.977 E3.69206
;WIDTH:0.527426
G1 X2.126 Y4.398 E3.70762
;WIDTH:0.537235
G1 X1.613 Y5.032 E3.73331
G1 X1.627 Y5.155 E3.73721
;WIDTH:0.493617
G1 X1.642 Y5.279 E3.7408
;WIDTH:0.449999
G1 X1.822 Y5.382 E3.7462
G1 X4.846 Y5.382 E3.82499
G1 X4.159 Y6.013 E3.84929
G1 X3.578 Y6.459 E3.86837
G1 X3.089 Y6.762 E3.88336
G1 X-.524 Y6.762 E3.9775
;WIDTH:0.49817
G1 X-.643 Y6.739 E3.98102
;WIDTH:0.546341
G1 X-.761 Y6.717 E3.98487
;WIDTH:0.594511
G1 X-.88 Y6.695 E3.98911
G1 X-1.497 Y6.833 E4.01128
;WIDTH:0.570804
G1 X-2.001 Y6.875 E4.02827
;WIDTH:0.563947
G1 X-2.504 Y6.891 E4.04496
;WIDTH:0.565648
G1 X-3.007 Y6.874 E4.0617
;WIDTH:0.571199
G1 X-3.581 Y6.817 E4.08109
;WIDTH:0.594515
G1 X-4.12 Y6.695 E4.10047
G1 X-4.239 Y6.715 E4.1047
;WIDTH:0.550263
G1 X-4.357 Y6.736 E4.10857
;WIDTH:0.50601
G1 X-4.476 Y6.756 E4.11214
;WIDTH:0.461757
G1 X-5.348 Y6.762 E4.1355
;WIDTH:0.449999
G1 X-8.089 Y6.762 E4.20692
G1 X-8.576 Y6.46 E4.22185
G1 X-9.442 Y5.765 E4.25078
G1 X-9.838 Y5.382 E4.26513
G1 X-6.79 Y5.382 E4.34455
G1 X-6.631 Y5.258 E4.3498
;WIDTH:0.496134
G1 X-6.627 Y5.136 E4.35333
;WIDTH:0.542269
G1 X-6.623 Y5.013 E4.35724
G1 X-7.124 Y4.396 E4.38252
;WIDTH:0.532122
G1 X-7.405 Y3.978 E4.39822
;WIDTH:0.521646
G1 X-7.652 Y3.537 E4.41365
;WIDTH:0.560998
G1 X-7.956 Y2.926 E4.43616
;WIDTH:0.606724
G1 X-8.398 Y2.576 E4.45636
G1 X-8.528 Y2.505 E4.46167
;WIDTH:0.567543
G1 X-8.658 Y2.435 E4.4666
;WIDTH:0.528362
G1 X-8.787 Y2.365 E4.47114
;WIDTH:0.489181
G1 X-8.917 Y2.295 E4.47535
;WIDTH:0.449999
G1 X-9.784 Y1.664 E4.50329
G1 X-9.784 Y.169 E4.54224
G1 X-9.863 Y.036 E4.54627
G1 X-9.993 Y-.009 E4.54985
G1 X-10.851 Y-.009 E4.57221
G1 X-11.029 Y-.204 E4.57909
G1 X-11.338 Y-.621 E4.59261
G1 X-11.735 Y-1.339 E4.61399
G1 X-12.084 Y-2.247 E4.63934
G1 X-12.22 Y-2.729 E4.65239
G1 X-12.331 Y-3.228 E4.66571
G1 X-12.436 Y-3.951 E4.68475
G1 X-11.327 Y-3.951 E4.71365
G1 X-11.208 Y-3.464 E4.72671
G1 X-10.948 Y-2.835 E4.74444
G1 X-10.78 Y-2.75 E4.74935
G1 X-7.927 Y-2.75 E4.82369
G1 X-7.778 Y-2.806 E4.82784
G1 X-7.577 Y-3.253 E4.84061
G1 X-7.414 Y-3.804 E4.85558
G1 X-7.284 Y-4.404 E4.87158
;WIDTH:0.461586
G1 X-7.237 Y-5.052 E4.88898
G1 X-7.181 Y-5.003 E4.89097
G1 X-6.801 Y-4.876 F4800
M106 S221.85
;LAYER_CHANGE
;Z:3.95
;HEIGHT:0.15
G1 E2.89097 F2400
G92 E0
G1 Z3.95 F4800
G1 Z4.25
G1 X-3.618 Y-7.497
G1 Z3.95
G1 E2 F2400
;TYPE:Support material
;WIDTH:0.35
G1 F3600
G1 X-3.334 Y-7.454 E2.00569
G1 X-4.194 Y-7.298 E2.02301
G1 X-3.949 Y-7.457 E2.0288
G1 X-3.665 Y-7.506 E2.03451
G1 X-3.894 Y-7.156 F4800
;TYPE:Support material interface
G1 F3600
G1 X-4.583 Y-6.466 E2.05384
G1 X-4.495 Y-6.105 E2.0612
G1 X-3.554 Y-7.046 E2.08758
G1 X-2.951 Y-7.2 E2.09991
G1 X-4.241 Y-5.91 E2.13607
G1 X-3.791 Y-5.91 E2.14499
G1 X-2.501 Y-7.2 E2.18115
G1 X-2.052 Y-7.2 E2.19005
G1 X-3.342 Y-5.91 E2.22621
G1 X-2.893 Y-5.91 E2.23511
G1 X-1.602 Y-7.2 E2.27128
G1 X-1.232 Y-7.12 E2.27878
G1 X-2.443 Y-5.91 E2.31271
G1 X-1.994 Y-5.91 E2.32161
G1 X-.906 Y-6.997 E2.35209
G1 X-.556 Y-6.97 E2.35905
G1 X-.522 Y-6.932 E2.36006
G1 X-1.544 Y-5.91 E2.38871
G1 X-1.052 Y-5.952 E2.3985
G1 X-.193 Y-6.812 E2.42259
G1 X-1.439 Y-7.582 F4800
;TYPE:Support material
G1 F3600
G1 X-.383 Y-7.387 E2.44387
G1 X-.008 Y-7.102 E2.45321
G1 X.122 Y-6.887 E2.45819
G1 X-.13 Y-6.999 E2.46366
G1 X-.41 Y-7.304 E2.47187
G1 X-.798 Y-7.314 E2.47956
G1 X-1.427 Y-7.534 E2.49277
G1 X-1.881 Y-7.534 E2.50177
G1 X-1.485 Y-7.594 E2.50971
G1 E.50971 F2400
G92 E0
G1 Z4.25 F4800
G1 X-8.031 Y-.361
G1 Z3.95
G1 E2 F2400
;TYPE:External perimeter
;WIDTH:0.449999
G1 F900
G1 X-7.891 Y-.422 E2.00398
G1 X-6.464 Y-.422 E2.04116
G1 X-6.451 Y-.725 E2.04906
G1 X-6.316 Y-1.534 E2.07043
G1 X-6.052 Y-2.33 E2.09228
G1 X-5.671 Y-3.056 E2.11364
G1 X-5.184 Y-3.689 E2.13445
G1 X-4.683 Y-4.149 E2.15217
G1 X-4.015 Y-4.567 E2.1727
G1 X-3.649 Y-4.681 E2.18269
;WIDTH:0.416739
G1 X-3.282 Y-4.796 E2.19191
;WIDTH:0.383479
G1 X-2.911 Y-4.828 E2.20007
;WIDTH:0.356204
G1 X-2.539 Y-4.861 E2.20762
;WIDTH:0.365186
G1 X-1.807 Y-4.807 E2.22286
;WIDTH:0.407593
G1 X-1.417 Y-4.696 E2.23235
;WIDTH:0.449999
G1 X-1.026 Y-4.586 E2.24293
G1 X-.347 Y-4.172 E2.26365
G1 X.255 Y-3.608 E2.28514
G1 X.653 Y-3.084 E2.30228
G1 X.909 Y-2.625 E2.31597
G1 X1.189 Y-1.971 E2.33451
G1 X1.354 Y-1.32 E2.35201
G1 X1.456 Y-.422 E2.37556
G1 X2.891 Y-.422 E2.41295
G1 X3.044 Y-.356 E2.41729
G1 X3.1 Y-.213 E2.42129
G1 X3.1 Y1.649 E2.46981
G1 X2.985 Y1.835 E2.47551
G1 X2.815 Y1.858 E2.47998
G1 X2.647 Y2.411 E2.49504
;WIDTH:0.479247
G1 X2.471 Y2.849 E2.5082
;WIDTH:0.508495
G1 X2.295 Y3.287 E2.52222
;WIDTH:0.521478
G1 X1.984 Y3.826 E2.54121
;WIDTH:0.527932
G1 X1.518 Y4.477 E2.56596
G1 X1.335 Y4.65 E2.57375
;WIDTH:0.488966
G1 X1.152 Y4.824 E2.58094
;WIDTH:0.449999
G1 X.477 Y5.413 E2.60428
;WIDTH:0.48268
G1 X.134 Y5.644 E2.6159
;WIDTH:0.515361
G1 X-.208 Y5.876 E2.62835
;WIDTH:0.5466
G1 X-.264 Y5.925 E2.63074
;WIDTH:0.577838
G1 X-.32 Y5.975 E2.63329
G1 X-.845 Y6.162 E2.65225
;WIDTH:0.550082
G1 X-1.04 Y6.214 E2.65877
;WIDTH:0.510916
G1 X-1.234 Y6.266 E2.66477
;WIDTH:0.47175
G1 X-1.628 Y6.322 E2.67568
;WIDTH:0.434851
G1 X-2.022 Y6.377 E2.68567
;WIDTH:0.397952
G1 X-2.944 Y6.379 E2.7067
;WIDTH:0.437814
G1 X-3.384 Y6.317 E2.71794
;WIDTH:0.480542
G1 X-3.824 Y6.255 E2.73036
;WIDTH:0.5299
G1 X-4.166 Y6.149 E2.74147
;WIDTH:0.579258
G1 X-4.508 Y6.043 E2.75369
G1 X-4.722 Y5.937 E2.76184
;WIDTH:0.546697
G1 X-5.085 Y5.685 E2.77602
;WIDTH:0.498348
G1 X-5.449 Y5.434 E2.78887
;WIDTH:0.449999
G1 X-5.855 Y5.083 E2.80285
;WIDTH:0.495061
G1 X-6.159 Y4.805 E2.81474
;WIDTH:0.540122
G1 X-6.463 Y4.526 E2.82781
G1 X-6.783 Y4.126 E2.84404
;WIDTH:0.516631
G1 X-7.241 Y3.386 E2.87033
;WIDTH:0.515352
G1 X-7.518 Y2.785 E2.89027
;WIDTH:0.453583
G1 X-7.792 Y1.931 E2.91384
;WIDTH:0.449999
G1 X-7.815 Y1.858 E2.91583
G1 X-8.014 Y1.818 E2.92112
G1 X-8.1 Y1.649 E2.92606
G1 X-8.1 Y-.213 E2.97458
G1 X-8.061 Y-.313 E2.97738
G1 X-7.674 Y-.414 F4800
G1 E.97738 F2400
G92 E0
G1 Z4.25 F4800
G1 X-7.237 Y-5.277
G1 Z3.95
G1 E2 F2400
;WIDTH:0.462894
G1 F900
G1 X-7.238 Y-5.305 E2.00075
;WIDTH:0.475066
G1 X-7.245 Y-6.052 E2.02138
G1 E.02138 F2400
G92 E0
G1 Z4.25 F4800
G1 X2.245 Y-6.052
G1 Z3.95
G1 E2 F2400
;WIDTH:0.47505
G1 F900
G1 X2.238 Y-5.305 E2.02063
;WIDTH:0.462892
G1 X2.237 Y-5.277 E2.02138
G1 X1.497 Y-4.242 F4800
;TYPE:Perimeter
;WIDTH:0.486642
G1 F900
G1 X1.529 Y-4.054 E2.02678
G1 X1.607 Y-3.835 E2.03337
;WIDTH:0.438224
G1 X1.686 Y-3.617 E2.03924
;WIDTH:0.389805
G1 X1.829 Y-3.25 E2.04802
;WIDTH:0.362142
G1 X1.972 Y-2.884 E2.05611
;WIDTH:0.377236
G1 X2.283 Y-2.275 E2.07082
;WIDTH:0.419517
G1 X2.35 Y-2.191 E2.07342
;WIDTH:0.461798
G1 X2.418 Y-2.107 E2.07632
;WIDTH:0.504079
G1 X2.486 Y-2.024 E2.07948
;WIDTH:0.546359
G1 X2.554 Y-1.94 E2.08295
;WIDTH:0.58864
G1 X2.622 Y-1.856 E2.0867
G1 X2.872 Y-1.816 E2.09549
;WIDTH:0.559586
G1 X3.122 Y-1.777 E2.10381
;WIDTH:0.530532
G1 X3.583 Y-1.797 E2.11815
;WIDTH:0.490266
G1 X4.043 Y-1.817 E2.1313
;WIDTH:0.493178
G1 X4.219 Y-1.795 E2.1364
;WIDTH:0.536356
G1 X4.395 Y-1.774 E2.14197
;WIDTH:0.579534
G1 X4.571 Y-1.752 E2.14802
;WIDTH:0.622712
G1 X4.747 Y-1.73 E2.15455
G1 X4.993 Y-1.736 E2.16361
;WIDTH:0.611987
G1 X5.598 Y-1.736 E2.18549
G1 X5.823 Y-1.821 E2.19419
;WIDTH:0.611984
G1 X5.724 Y-1.609 E2.20265
G1 X5.421 Y-1.156 E2.22236
;WIDTH:0.622712
G1 X4.798 Y-1.144 E2.24531
G1 X4.689 Y-1.074 E2.25008
;WIDTH:0.579534
G1 X4.58 Y-1.004 E2.2545
;WIDTH:0.536356
G1 X4.472 Y-.934 E2.25855
;WIDTH:0.493178
G1 X4.363 Y-.864 E2.26227
;WIDTH:0.449999
G1 X4.146 Y-.642 E2.27036
;WIDTH:0.4788
G1 X3.95 Y-.213 E2.2835
G1 X3.831 Y-.669 E2.29663
;WIDTH:0.449999
G1 X3.655 Y-.925 E2.30472
;WIDTH:0.490266
G1 X3.367 Y-1.104 E2.31441
;WIDTH:0.530532
G1 X3.079 Y-1.282 E2.32493
G1 X2.891 Y-1.297 E2.33079
;WIDTH:0.558788
G1 X2.586 Y-1.312 E2.34082
;WIDTH:0.58864
G1 X2.281 Y-1.327 E2.35142
G1 X2.232 Y-1.538 E2.35894
G1 X2.168 Y-1.687 E2.36457
;WIDTH:0.542221
G1 X2.105 Y-1.836 E2.36972
;WIDTH:0.495803
G1 X2.041 Y-1.984 E2.37438
;WIDTH:0.449384
G1 X1.977 Y-2.133 E2.3786
;WIDTH:0.402965
G1 X1.914 Y-2.282 E2.38234
;WIDTH:0.356546
G1 X1.541 Y-3.123 E2.40095
;WIDTH:0.394654
G1 X1.402 Y-3.375 E2.40746
;WIDTH:0.440648
G1 X1.263 Y-3.627 E2.41479
;WIDTH:0.486642
G1 X1.124 Y-3.879 E2.42295
G1 X.827 Y-4.242 E2.43624
G1 X1.437 Y-4.242 E2.45353
G1 E.45353 F2400
G92 E0
G1 Z4.25 F4800
G1 X3.942 Y1.333
G1 Z3.95
G1 E2 F2400
;WIDTH:0.462872
G1 F900
G1 X3.942 Y-.03 E2.03661
;WIDTH:0.4788
G1 X3.95 Y-.213 E2.04171
G1 E.04171 F2400
G92 E0
G1 Z4.25 F4800
G1 X-.372 Y-4.679
G1 Z3.95
G1 E2 F2400
;WIDTH:0.449999
G1 F900
G1 X1.864 Y-4.679 E2.05826
G1 X2.054 Y-3.739 E2.08325
G1 X2.29 Y-3.053 E2.10215
G1 X2.549 Y-2.567 E2.1165
G1 X2.832 Y-2.296 E2.12671
G1 X3.102 Y-2.235 E2.13392
G1 X5.598 Y-2.235 E2.19896
;WIDTH:0.467516
G1 X6.072 Y-2.438 E2.21296
;WIDTH:0.487214
G1 X6.167 Y-2.558 E2.2173
G1 X6.303 Y-2.856 E2.2266
;WIDTH:0.456041
G1 X6.439 Y-3.155 E2.23528
;WIDTH:0.424868
G1 X6.631 Y-3.787 E2.25146
;WIDTH:0.402728
G1 X6.98 Y-3.787 E2.25952
G1 X6.937 Y-3.513 E2.26593
;WIDTH:0.446669
G1 X6.75 Y-2.82 E2.28448
;WIDTH:0.467516
G1 X6.515 Y-2.146 E2.30386
G1 X6.106 Y-1.282 E2.32981
;WIDTH:0.449999
G1 X5.661 Y-.657 E2.3498
G1 X4.885 Y-.648 E2.37002
G1 X4.615 Y-.53 E2.3777
G1 X4.485 Y-.397 E2.38255
G1 X4.366 Y-.03 E2.3926
G1 X4.366 Y1.549 E2.43374
G1 X3.937 Y1.862 E2.44758
;WIDTH:0.490193
G1 X3.779 Y1.952 E2.45277
;WIDTH:0.530386
G1 X3.622 Y2.041 E2.45838
;WIDTH:0.570579
G1 X3.465 Y2.131 E2.46446
;WIDTH:0.610772
G1 X3.307 Y2.22 E2.471
G1 X3.36 Y2.078 E2.47647
;WIDTH:0.570579
G1 X3.413 Y1.935 E2.48159
;WIDTH:0.530386
G1 X3.465 Y1.792 E2.48632
;WIDTH:0.490193
G1 X3.518 Y1.649 E2.49068
;WIDTH:0.449999
G1 X3.518 Y-.03 E2.53443
G1 X3.455 Y-.487 E2.54645
G1 X3.35 Y-.641 E2.55131
G1 X2.999 Y-.831 E2.56171
G1 X1.842 Y-.84 E2.59186
G1 X1.759 Y-1.421 E2.60715
G1 X1.573 Y-2.136 E2.6264
G1 X1.224 Y-2.937 E2.64917
G1 X.879 Y-3.479 E2.66591
G1 X.542 Y-3.912 E2.68021
G1 X-.026 Y-4.45 E2.70059
G1 X-.322 Y-4.645 E2.70983
G1 E.70983 F2400
G92 E0
G1 Z4.25 F4800
G1 X1.448 Y5.706
G1 Z3.95
G1 E2 F2400
;WIDTH:0.431202
G1 F900
G1 X1.423 Y5.749 E2.00124
G1 X1.348 Y5.706 E2.00339
G1 X1.423 Y5.662 E2.00555
G1 X1.489 Y5.089 F4800
;WIDTH:0.449999
G1 F900
G1 X1.674 Y5.405 E2.01509
;WIDTH:0.481646
G1 X1.886 Y5.503 E2.02164
;WIDTH:0.513293
G1 X2.098 Y5.601 E2.02865
G1 X4.056 Y5.601 E2.0874
G1 X3.465 Y6.082 E2.11026
G1 X2.098 Y6.082 E2.15127
G1 X1.748 Y6.098 E2.16178
;WIDTH:0.481646
G1 X1.398 Y6.114 E2.1716
;WIDTH:0.449999
G1 X.14 Y6.114 E2.20438
G1 X.752 Y5.728 E2.22323
G1 X1.443 Y5.128 E2.24707
G1 E.24707 F2400
G92 E0
G1 Z4.25 F4800
G1 X-6.348 Y5.706
G1 Z3.95
G1 E2 F2400
;WIDTH:0.431206
G1 F900
G1 X-6.373 Y5.749 E2.00124
G1 X-6.448 Y5.706 E2.00339
G1 X-6.373 Y5.662 E2.00555
G1 E.00555 F2400
G92 E0
G1 Z4.25 F4800
G1 X-9.052 Y5.601
G1 Z3.95
G1 E2 F2400
;WIDTH:0.51329
G1 F900
G1 X-6.994 Y5.601 E2.06175
G1 X-6.834 Y5.503 E2.06738
;WIDTH:0.481645
G1 X-6.674 Y5.405 E2.07264
;WIDTH:0.449999
G1 X-6.486 Y5.077 E2.08249
G1 X-5.668 Y5.789 E2.11075
G1 X-5.14 Y6.114 E2.1269
G1 X-6.398 Y6.114 E2.15968
;WIDTH:0.481645
G1 X-6.748 Y6.098 E2.1695
;WIDTH:0.51329
G1 X-7.098 Y6.082 E2.18001
G1 X-8.456 Y6.082 E2.22075
G1 X-9.005 Y5.639 E2.24192
G1 E.24192 F2400
G92 E0
G1 Z4.25 F4800
G1 X-8.95 Y-.213
G1 Z3.95
G1 E2 F2400
;WIDTH:0.478812
G1 F900
G1 X-8.942 Y-.03 E2.0051
;WIDTH:0.462874
G1 X-8.942 Y1.333 E2.04171
G1 E.04171 F2400
G92 E0
G1 Z4.25 F4800
G1 X-6.496 Y-4.241
G1 Z3.95
G1 E2 F2400
;WIDTH:0.488872
G1 F900
G1 X-5.833 Y-4.241 E2.01888
G1 X-6.123 Y-3.873 E2.03222
G1 X-6.209 Y-3.726 E2.03707
;WIDTH:0.45425
G1 X-6.295 Y-3.579 E2.04155
;WIDTH:0.419628
G1 X-6.38 Y-3.432 E2.04565
;WIDTH:0.385005
G1 X-6.552 Y-3.078 E2.05431
;WIDTH:0.357132
G1 X-6.724 Y-2.724 E2.06229
;WIDTH:0.366256
G1 X-6.916 Y-2.25 E2.07294
;WIDTH:0.406244
G1 X-6.981 Y-2.107 E2.0766
;WIDTH:0.446231
G1 X-7.047 Y-1.964 E2.08067
;WIDTH:0.486219
G1 X-7.112 Y-1.821 E2.08512
;WIDTH:0.526206
G1 X-7.178 Y-1.679 E2.08994
;WIDTH:0.557253
G1 X-7.223 Y-1.503 E2.09589
;WIDTH:0.5883
G1 X-7.268 Y-1.327 E2.10219
G1 X-7.791 Y-1.304 E2.12035
;WIDTH:0.559456
G1 X-8.079 Y-1.282 E2.12985
;WIDTH:0.530612
G1 X-8.367 Y-1.104 E2.14037
;WIDTH:0.490306
G1 X-8.655 Y-.925 E2.15006
;WIDTH:0.449999
G1 X-8.831 Y-.669 E2.15815
;WIDTH:0.478812
G1 X-8.95 Y-.213 E2.17128
G1 X-9.146 Y-.642 E2.18442
;WIDTH:0.449999
G1 X-9.363 Y-.864 E2.19251
;WIDTH:0.490523
G1 X-9.521 Y-.937 E2.19748
;WIDTH:0.531047
G1 X-9.678 Y-1.01 E2.20287
;WIDTH:0.571571
G1 X-9.836 Y-1.083 E2.20872
;WIDTH:0.612095
G1 X-9.993 Y-1.156 E2.21498
G1 X-10.413 Y-1.156 E2.23017
G1 X-10.539 Y-1.309 E2.23734
G1 X-10.801 Y-1.775 E2.25667
G1 X-10.598 Y-1.736 E2.26415
G1 X-9.993 Y-1.736 E2.28603
G1 X-9.756 Y-1.756 E2.29463
;WIDTH:0.571571
G1 X-9.518 Y-1.776 E2.30266
;WIDTH:0.531047
G1 X-9.281 Y-1.797 E2.31006
;WIDTH:0.490523
G1 X-9.043 Y-1.817 E2.31689
;WIDTH:0.490306
G1 X-8.583 Y-1.797 E2.33004
;WIDTH:0.530612
G1 X-8.122 Y-1.776 E2.34438
;WIDTH:0.559456
G1 X-7.872 Y-1.816 E2.3527
;WIDTH:0.5883
G1 X-7.623 Y-1.856 E2.36145
G1 X-7.585 Y-1.894 E2.36331
;WIDTH:0.557253
G1 X-7.548 Y-1.931 E2.36502
;WIDTH:0.526206
G1 X-7.465 Y-2.046 E2.36939
;WIDTH:0.48603
G1 X-7.383 Y-2.161 E2.37339
;WIDTH:0.445853
G1 X-7.3 Y-2.275 E2.37703
;WIDTH:0.405677
G1 X-7.218 Y-2.39 E2.38032
;WIDTH:0.3655
G1 X-6.905 Y-3.037 E2.39526
;WIDTH:0.372674
G1 X-6.77 Y-3.39 E2.40328
;WIDTH:0.408124
G1 X-6.634 Y-3.744 E2.41217
;WIDTH:0.448498
G1 X-6.565 Y-3.992 E2.41885
;WIDTH:0.488872
G1 X-6.512 Y-4.183 E2.4245
G1 X-6.864 Y-4.678 F4800
;WIDTH:0.449999
G1 F900
G1 X-4.628 Y-4.678 E2.48276
G1 X-4.965 Y-4.458 E2.49325
G1 X-5.514 Y-3.945 E2.51283
G1 X-6.04 Y-3.251 E2.53552
G1 X-6.395 Y-2.581 E2.55528
G1 X-6.559 Y-2.131 E2.56776
G1 X-6.728 Y-1.603 E2.5822
G1 X-6.856 Y-.84 E2.60236
G1 X-7.99 Y-.832 E2.63191
G1 X-8.35 Y-.64 E2.64254
G1 X-8.455 Y-.487 E2.64738
G1 X-8.518 Y-.213 E2.65471
G1 X-8.518 Y1.649 E2.70323
;WIDTH:0.490162
G1 X-8.465 Y1.792 E2.70759
;WIDTH:0.530324
G1 X-8.412 Y1.935 E2.71233
;WIDTH:0.570486
G1 X-8.36 Y2.078 E2.71744
;WIDTH:0.610648
G1 X-8.307 Y2.221 E2.72294
G1 X-8.464 Y2.131 E2.72947
;WIDTH:0.570486
G1 X-8.622 Y2.041 E2.73557
;WIDTH:0.530324
G1 X-8.779 Y1.952 E2.74118
;WIDTH:0.490162
G1 X-8.936 Y1.862 E2.74635
;WIDTH:0.449999
G1 X-9.366 Y1.549 E2.76021
G1 X-9.366 Y-.03 E2.80135
G1 X-9.485 Y-.397 E2.8114
G1 X-9.615 Y-.53 E2.81625
G1 X-9.993 Y-.657 E2.82664
G1 X-10.648 Y-.657 E2.84371
G1 X-10.986 Y-1.086 E2.85794
G1 X-11.363 Y-1.768 E2.87824
;WIDTH:0.453609
G1 X-11.754 Y-2.838 E2.90818
;WIDTH:0.448137
G1 X-11.892 Y-3.322 E2.92124
;WIDTH:0.406541
G1 X-11.983 Y-3.79 E2.93237
;WIDTH:0.397691
G1 X-11.629 Y-3.79 E2.94044
;WIDTH:0.400943
G1 X-11.565 Y-3.529 E2.94662
;WIDTH:0.448137
G1 X-11.364 Y-2.979 E2.96181
;WIDTH:0.453609
G1 X-11.132 Y-2.53 E2.97509
G1 X-10.833 Y-2.28 E2.98533
;WIDTH:0.449999
G1 X-10.598 Y-2.235 E2.99156
G1 X-8.102 Y-2.235 E3.0566
G1 X-7.781 Y-2.323 E3.06527
G1 X-7.549 Y-2.567 E3.07404
G1 X-7.248 Y-3.151 E3.09116
G1 X-6.988 Y-3.958 E3.11325
G1 X-6.874 Y-4.619 E3.13073
G1 X-7.137 Y-5.192 F4800
;TYPE:External perimeter
;WIDTH:0.462894
G1 F1350
G1 X-7.024 Y-5.096 E3.13471
;WIDTH:0.449999
G1 X-4.063 Y-5.096 E3.21186
G1 X-3.663 Y-5.116 E3.2223
;WIDTH:0.410464
G1 X-3.263 Y-5.136 E3.23175
;WIDTH:0.370929
G1 X-2.491 Y-5.157 E3.24806
;WIDTH:0.35514
G1 X-2.102 Y-5.144 E3.2559
;WIDTH:0.381592
G1 X-1.713 Y-5.131 E3.26438
;WIDTH:0.415796
G1 X-1.327 Y-5.113 E3.27362
;WIDTH:0.449999
G1 X-.941 Y-5.096 E3.28369
G1 X1.996 Y-5.096 E3.36022
;WIDTH:0.462892
G1 X2.237 Y-5.277 E3.36832
G1 X2.264 Y-4.814 E3.38078
;WIDTH:0.449999
G1 X2.45 Y-3.87 E3.40585
G1 X2.659 Y-3.25 E3.4229
G1 X2.902 Y-2.793 E3.43639
G1 X3.012 Y-2.673 E3.44063
G1 X3.102 Y-2.652 E3.44304
G1 X5.598 Y-2.652 E3.50808
G1 X5.782 Y-2.763 E3.51368
G1 X6.053 Y-3.279 E3.52887
G1 X6.336 Y-4.181 E3.5535
G1 X7.436 Y-4.181 E3.58216
G1 X7.329 Y-3.446 E3.60151
G1 X7.154 Y-2.714 E3.62112
G1 X6.919 Y-2.003 E3.64063
G1 X6.558 Y-1.228 E3.66291
G1 X6.268 Y-.774 E3.67695
G1 X5.849 Y-.239 E3.69466
G1 X4.993 Y-.239 E3.71696
G1 X4.867 Y-.197 E3.72042
G1 X4.784 Y-.03 E3.72528
G1 X4.784 Y1.762 E3.77197
G1 X3.259 Y2.872 E3.82112
G1 X3.153 Y2.873 E3.82388
;WIDTH:0.480853
G1 X3.054 Y2.927 E3.82704
;WIDTH:0.511707
G1 X2.955 Y2.981 E3.83041
;WIDTH:0.514712
G1 X2.657 Y3.63 E3.8519
;WIDTH:0.520354
G1 X2.341 Y4.174 E3.87105
;WIDTH:0.527932
G1 X1.915 Y4.773 E3.89377
G1 X1.905 Y4.883 E3.89718
;WIDTH:0.488966
G1 X1.895 Y4.992 E3.9003
;WIDTH:0.449999
G1 X1.957 Y5.097 E3.90348
G1 X2.098 Y5.152 E3.90742
G1 X5.175 Y5.152 E3.98759
G1 X4.427 Y5.876 E4.01471
G1 X3.611 Y6.532 E4.04199
G1 X.759 Y6.532 E4.1163
;WIDTH:0.497757
G1 X.343 Y6.51 E4.1284
;WIDTH:0.545515
G1 X-.073 Y6.487 E4.14174
;WIDTH:0.576132
G1 X-.445 Y6.6 E4.15493
G1 X-.695 Y6.634 E4.16349
;WIDTH:0.541338
G1 X-.944 Y6.668 E4.17147
;WIDTH:0.506544
G1 X-1.194 Y6.702 E4.17893
;WIDTH:0.47175
G1 X-1.625 Y6.722 E4.19076
;WIDTH:0.433286
G1 X-2.056 Y6.741 E4.20155
;WIDTH:0.398451
G1 X-3.014 Y6.74 E4.22343
;WIDTH:0.445113
G1 X-3.422 Y6.715 E4.23396
;WIDTH:0.491774
G1 X-3.83 Y6.691 E4.24567
;WIDTH:0.538435
G1 X-4.238 Y6.666 E4.25858
;WIDTH:0.57776
G1 X-4.863 Y6.489 E4.28068
G1 X-4.915 Y6.494 E4.28246
;WIDTH:0.547225
G1 X-4.968 Y6.498 E4.28417
;WIDTH:0.516689
G1 X-5.363 Y6.515 E4.29612
;WIDTH:0.483344
G1 X-5.759 Y6.532 E4.30727
;WIDTH:0.449999
G1 X-8.608 Y6.532 E4.3815
G1 X-9.156 Y6.113 E4.39947
G1 X-9.754 Y5.572 E4.42048
G1 X-10.167 Y5.152 E4.43583
G1 X-7.098 Y5.152 E4.5158
G1 X-6.957 Y5.097 E4.51974
G1 X-6.902 Y5.015 E4.52231
;WIDTH:0.49364
G1 X-6.896 Y4.907 E4.52542
;WIDTH:0.537281
G1 X-6.891 Y4.798 E4.52886
G1 X-7.409 Y4.063 E4.55718
;WIDTH:0.525779
G1 X-7.727 Y3.486 E4.57746
;WIDTH:0.511708
G1 X-7.955 Y2.981 E4.59403
G1 X-8.022 Y2.934 E4.59648
;WIDTH:0.482646
G1 X-8.089 Y2.887 E4.59878
;WIDTH:0.453583
G1 X-8.259 Y2.872 E4.60326
;WIDTH:0.449999
G1 X-9.784 Y1.762 E4.65241
G1 X-9.784 Y-.03 E4.6991
G1 X-9.824 Y-.153 E4.70247
G1 X-9.993 Y-.239 E4.70741
G1 X-10.844 Y-.239 E4.72958
G1 X-11.298 Y-.788 E4.74814
G1 X-11.732 Y-1.562 E4.77126
G1 X-12.154 Y-2.717 E4.8033
G1 X-12.329 Y-3.446 E4.82283
G1 X-12.436 Y-4.181 E4.84218
G1 X-11.325 Y-4.181 E4.87113
G1 X-11.184 Y-3.626 E4.88605
G1 X-10.98 Y-3.143 E4.89971
G1 X-10.775 Y-2.751 E4.91124
G1 X-10.598 Y-2.652 E4.91652
G1 X-8.012 Y-2.673 E4.9839
G1 X-7.918 Y-2.763 E4.98729
G1 X-7.645 Y-3.282 E5.00257
G1 X-7.4 Y-4.029 E5.02305
G1 X-7.264 Y-4.814 E5.04381
;WIDTH:0.462894
G1 X-7.237 Y-5.277 E5.05627
G1 X-7.183 Y-5.231 E5.05818
G1 X-6.803 Y-5.106 F4800
G1 E3.05818 F2400
G92 E0
G1 Z4.25 F4800
G1 X-8.307 Y-1.566
G1 Z3.95
G1 E2 F2400
;TYPE:Bridge infill
;WIDTH:0.49
;HEIGHT:0.4
M106 S255
G1 F3600
G1 X-9.842 Y-1.304 E2.12208
M106 S221.85
G1 E.12208 F2400
G92 E0
G1 Z4.25 F4800
G1 X3.32 Y-1.617
G1 Z3.95
G1 E2 F2400
;WIDTH:0.486811
M106 S255
G1 F3600
G1 X4.685 Y-1.281 E2.10878
M106 S221.85
M106 S224.4
;LAYER_CHANGE
;Z:4.1
;HEIGHT:0.15
G1 E.10878 F2400
G92 E0
G1 Z4.1 F4800
G1 Z4.4
G1 X-.171 Y-6.22
G1 Z4.1
G1 E2 F2400
;TYPE:Support material interface
;WIDTH:0.35
G1 F3600
G1 X-.973 Y-7.023 E2.02249
G1 X-1.6 Y-7.2 E2.0354
G1 X-.56 Y-6.14 E2.06483
G1 X-.989 Y-6.14 E2.07333
G1 X-2.049 Y-7.2 E2.10304
G1 X-2.499 Y-7.2 E2.11196
G1 X-1.438 Y-6.14 E2.14168
G1 X-1.888 Y-6.14 E2.1506
G1 X-2.948 Y-7.2 E2.18031
G1 X-3.096 Y-7.2 E2.18324
G1 X-3.298 Y-7.1 E2.18771
G1 X-2.337 Y-6.14 E2.21463
G1 X-2.787 Y-6.14 E2.22355
G1 X-3.71 Y-7.033 E2.249
G1 X-4.079 Y-6.983 E2.25638
G1 X-3.236 Y-6.14 E2.28001
G1 X-3.686 Y-6.14 E2.28893
G1 X-4.322 Y-6.776 E2.30676
G1 X-4.462 Y-6.625 E2.31084
G1 X-4.426 Y-6.431 E2.31475
G1 X-3.992 Y-5.997 E2.32691
G1 X-3.407 Y-7.418 F4800
;TYPE:Support material
G1 F3600
G1 X-4.001 Y-7.341 E2.33878
G1 X-3.364 Y-7.44 E2.35156
G1 E.35156 F2400
G92 E0
G1 Z4.4 F4800
G1 X-.585 Y-7.354
G1 Z4.1
G1 E2 F2400
G1 F3600
G1 X-.135 Y-7.194 E2.00947
G1 X.151 Y-6.876 E2.01795
G1 X-.13 Y-6.999 E2.02403
G1 X-.41 Y-7.304 E2.03224
G1 X-.839 Y-7.329 E2.04076
G1 X-.632 Y-7.361 E2.04491
G1 X.2 Y-6.581 F4800
G1 F3600
G1 X.157 Y-6.422 E2.04817
G1 X.195 Y-6.628 E2.05232
G1 E.05232 F2400
G92 E0
G1 Z4.4 F4800
G1 X-2.033 Y6.494
G1 Z4.1
G1 E2 F2400
;TYPE:External perimeter
;WIDTH:0.432624
G1 F900
G1 X-2.932 Y6.495 E2.02245
;WIDTH:0.433202
G1 X-2.97 Y6.493 E2.0234
G1 E.0234 F2400
G92 E0
G1 Z4.4 F4800
G1 X-7.233 Y-5.969
G1 Z4.1
G1 E2 F2400
;WIDTH:0.462056
G1 F900
G1 X-7.237 Y-5.511 E2.01228
G1 E.01228 F2400
G92 E0
G1 Z4.4 F4800
G1 X2.237 Y-5.964
G1 Z4.1
G1 E2 F2400
;WIDTH:0.458158
G1 F900
G1 X2.233 Y-5.497 E2.01241
G1 X1.454 Y-4.429 F4800
;TYPE:Perimeter
;WIDTH:0.57388
G1 F900
G1 X1.524 Y-4.184 E2.02102
;WIDTH:0.538096
G1 X1.594 Y-3.939 E2.02906
;WIDTH:0.502312
G1 X1.772 Y-3.517 E2.04249
;WIDTH:0.452495
G1 X1.95 Y-3.095 E2.05449
;WIDTH:0.433068
G1 X2.264 Y-2.481 E2.07173
;WIDTH:0.472986
G1 X2.368 Y-2.316 E2.07709
;WIDTH:0.512904
G1 X2.471 Y-2.15 E2.08295
;WIDTH:0.552822
G1 X2.575 Y-1.985 E2.08928
G1 X2.672 Y-1.943 E2.09271
;WIDTH:0.514931
G1 X2.768 Y-1.902 E2.09585
;WIDTH:0.477039
G1 X2.864 Y-1.86 E2.09876
;WIDTH:0.439148
G1 X2.961 Y-1.819 E2.10143
;WIDTH:0.401256
G1 X3.346 Y-1.743 E2.11046
;WIDTH:0.447919
G1 X3.482 Y-1.72 E2.11404
;WIDTH:0.494586
G1 X3.618 Y-1.697 E2.11802
;WIDTH:0.541253
G1 X3.755 Y-1.673 E2.12244
;WIDTH:0.587921
G1 X3.891 Y-1.65 E2.12722
;WIDTH:0.634588
G1 X4.027 Y-1.627 E2.1324
G1 X4.214 Y-1.649 E2.13947
;WIDTH:0.590338
G1 X4.401 Y-1.671 E2.14602
;WIDTH:0.546088
G1 X4.588 Y-1.693 E2.15205
;WIDTH:0.501838
G1 X4.775 Y-1.715 E2.15756
;WIDTH:0.457588
G1 X5.354 Y-1.72 E2.17292
;WIDTH:0.448102
G1 X5.815 Y-1.84 E2.18528
;WIDTH:0.448101
G1 X5.466 Y-1.304 E2.20187
G1 X5.354 Y-1.304 E2.20477
;WIDTH:0.457588
G1 X4.812 Y-1.293 E2.21915
;WIDTH:0.501838
G1 X4.666 Y-1.245 E2.22365
;WIDTH:0.546088
G1 X4.521 Y-1.198 E2.22853
;WIDTH:0.590338
G1 X4.375 Y-1.15 E2.23388
;WIDTH:0.634588
G1 X4.229 Y-1.102 E2.23965
G1 X4.027 Y-.86 E2.25149
G1 X4.008 Y-.756 E2.25546
;WIDTH:0.595641
G1 X3.989 Y-.652 E2.25917
;WIDTH:0.556694
G1 X3.969 Y-.548 E2.26263
;WIDTH:0.517747
G1 X3.95 Y-.443 E2.26586
G1 X3.949 Y-.549 E2.26907
;WIDTH:0.556694
G1 X3.948 Y-.655 E2.27254
;WIDTH:0.595641
G1 X3.947 Y-.761 E2.27626
;WIDTH:0.634588
G1 X3.946 Y-.867 E2.28024
G1 X3.789 Y-1.141 E2.2921
G1 X3.686 Y-1.19 E2.29638
;WIDTH:0.587921
G1 X3.584 Y-1.24 E2.30032
;WIDTH:0.541253
G1 X3.481 Y-1.289 E2.30394
;WIDTH:0.494586
G1 X3.379 Y-1.338 E2.3072
;WIDTH:0.447919
G1 X3.276 Y-1.388 E2.31017
;WIDTH:0.401256
G1 X2.891 Y-1.463 E2.3192
;WIDTH:0.439148
G1 X2.716 Y-1.482 E2.32367
;WIDTH:0.477039
G1 X2.54 Y-1.501 E2.32858
;WIDTH:0.514931
G1 X2.364 Y-1.52 E2.33391
;WIDTH:0.552822
G1 X2.189 Y-1.539 E2.33963
G1 X2.14 Y-1.736 E2.34622
G1 X2.061 Y-1.926 E2.3529
;WIDTH:0.512904
G1 X1.982 Y-2.117 E2.3591
;WIDTH:0.472986
G1 X1.903 Y-2.307 E2.36476
;WIDTH:0.433068
G1 X1.495 Y-3.161 E2.38842
;WIDTH:0.455245
G1 X1.38 Y-3.364 E2.39458
;WIDTH:0.49479
G1 X1.264 Y-3.567 E2.40133
;WIDTH:0.534335
G1 X1.149 Y-3.77 E2.40864
;WIDTH:0.57388
G1 X1.033 Y-3.973 E2.41654
G1 X.606 Y-4.429 E2.43764
G1 X1.394 Y-4.429 E2.46426
G1 E.46426 F2400
G92 E0
G1 Z4.4 F4800
G1 X3.942 Y1.431
G1 Z4.1
G1 E2 F2400
;WIDTH:0.46294
G1 F900
G1 X3.942 Y-.26 E2.04542
;WIDTH:0.4788
G1 X3.95 Y-.443 E2.05052
G1 E.05052 F2400
G92 E0
G1 Z4.4 F4800
G1 X1.859 Y-4.908
G1 Z4.1
G1 E2 F2400
;WIDTH:0.449999
G1 F900
G1 X2.016 Y-4.075 E2.02209
G1 X2.264 Y-3.344 E2.0422
G1 X2.624 Y-2.675 E2.06199
G1 X2.86 Y-2.368 E2.07208
G1 X3.109 Y-2.183 E2.08016
G1 X3.346 Y-2.137 E2.08645
G1 X5.354 Y-2.137 E2.13877
G1 X5.61 Y-2.191 E2.14559
G1 X5.865 Y-2.401 E2.1542
;WIDTH:0.463117
G1 X6.261 Y-2.963 E2.17268
G1 X6.463 Y-3.445 E2.18672
;WIDTH:0.419239
G1 X6.64 Y-4.02 E2.20124
;WIDTH:0.396891
G1 X6.983 Y-4.02 E2.20904
G1 X6.937 Y-3.729 E2.21574
;WIDTH:0.427289
G1 X6.806 Y-3.236 E2.22831
;WIDTH:0.46154
G1 X6.616 Y-2.667 E2.24437
G1 X6.394 Y-2.094 E2.26082
;WIDTH:0.449999
G1 X6.14 Y-1.562 E2.27618
G1 X5.66 Y-.887 E2.29776
G1 X4.885 Y-.878 E2.31795
G1 X4.572 Y-.725 E2.32703
G1 X4.461 Y-.591 E2.33156
G1 X4.366 Y-.26 E2.34053
G1 X4.366 Y1.647 E2.39022
G1 X3.573 Y2.224 E2.41577
G1 X3.302 Y2.224 E2.42283
G1 X3.138 Y2.308 E2.42763
G1 X3.246 Y1.92 E2.43812
G1 X3.344 Y1.853 E2.44121
G1 X3.518 Y1.419 E2.45339
G1 X3.518 Y-.26 E2.49714
G1 X3.473 Y-.677 E2.50807
G1 X3.386 Y-.828 E2.51261
G1 X3.128 Y-1.024 E2.52105
G1 X2.958 Y-1.066 E2.52561
G1 X1.815 Y-1.075 E2.55539
G1 X1.684 Y-1.622 E2.57005
G1 X1.527 Y-2.145 E2.58428
G1 X1.159 Y-2.944 E2.6072
G1 X.683 Y-3.645 E2.62928
G1 X.113 Y-4.238 E2.65071
G1 X-.478 Y-4.666 E2.66972
G1 X-.982 Y-4.908 E2.68429
G1 X1.799 Y-4.908 E2.75675
G1 E.75675 F2400
G92 E0
G1 Z4.4 F4800
G1 X1.753 Y5.5
G1 Z4.1
G1 E2 F2400
;WIDTH:0.383376
G1 F900
G1 X1.731 Y5.538 E2.00096
G1 X1.665 Y5.5 E2.00263
G1 X1.731 Y5.462 E2.0043
G1 X.672 Y5.884 F4800
;WIDTH:0.449999
G1 F900
G1 X1.425 Y5.238 E2.03015
G1 X1.755 Y4.88 E2.04284
G1 X1.914 Y5.169 E2.05143
;WIDTH:0.481646
G1 X2.129 Y5.27 E2.05809
;WIDTH:0.513292
G1 X2.344 Y5.371 E2.06522
G1 X4.411 Y5.371 E2.12724
G1 X3.876 Y5.852 E2.14883
G1 X2.344 Y5.852 E2.19479
G1 X2.026 Y5.868 E2.20434
;WIDTH:0.481646
G1 X1.709 Y5.884 E2.21324
;WIDTH:0.449999
G1 X.732 Y5.884 E2.2387
G1 E.2387 F2400
G92 E0
G1 Z4.4 F4800
G1 X-6.665 Y5.5
G1 Z4.1
G1 E2 F2400
;WIDTH:0.383384
G1 F900
G1 X-6.687 Y5.538 E2.00096
G1 X-6.752 Y5.5 E2.00261
G1 X-6.687 Y5.462 E2.00426
G1 X-5.672 Y5.884 F4800
;WIDTH:0.449999
G1 F900
G1 X-6.709 Y5.884 E2.03128
;WIDTH:0.481645
G1 X-7.026 Y5.868 E2.04018
;WIDTH:0.51329
G1 X-7.344 Y5.852 E2.04973
G1 X-8.881 Y5.852 E2.09584
G1 X-9.401 Y5.371 E2.11709
G1 X-7.24 Y5.371 E2.18193
G1 X-7.068 Y5.262 E2.18804
;WIDTH:0.481645
G1 X-6.897 Y5.152 E2.19374
;WIDTH:0.449999
G1 X-6.845 Y4.748 E2.20435
G1 X-6.425 Y5.238 E2.22117
G1 X-5.718 Y5.845 E2.24545
G1 E.24545 F2400
G92 E0
G1 Z4.4 F4800
G1 X-8.95 Y-.443
G1 Z4.1
G1 E2 F2400
;WIDTH:0.47881
G1 F900
G1 X-8.942 Y-.26 E2.0051
;WIDTH:0.462874
G1 X-8.942 Y1.431 E2.05052
G1 E.05052 F2400
G92 E0
G1 Z4.4 F4800
G1 X-6.455 Y-4.429
G1 Z4.1
G1 E2 F2400
;WIDTH:0.572548
G1 F900
G1 X-5.589 Y-4.429 E2.02918
G1 X-5.884 Y-4.147 E2.04293
G1 X-6.027 Y-3.937 E2.05149
;WIDTH:0.540853
G1 X-6.169 Y-3.726 E2.05956
;WIDTH:0.509158
G1 X-6.331 Y-3.45 E2.06908
;WIDTH:0.460575
G1 X-6.493 Y-3.175 E2.07761
;WIDTH:0.411992
G1 X-6.719 Y-2.69 E2.09028
;WIDTH:0.452293
G1 X-6.954 Y-2.215 E2.10416
;WIDTH:0.500186
G1 X-7.075 Y-1.876 E2.11467
;WIDTH:0.548079
G1 X-7.195 Y-1.537 E2.12624
G1 X-7.404 Y-1.537 E2.13296
G1 X-7.695 Y-1.487 E2.14246
;WIDTH:0.499154
G1 X-7.985 Y-1.437 E2.15103
;WIDTH:0.450229
G1 X-8.276 Y-1.388 E2.15872
;WIDTH:0.447976
G1 X-8.379 Y-1.338 E2.16169
;WIDTH:0.494648
G1 X-8.481 Y-1.289 E2.16495
;WIDTH:0.541321
G1 X-8.584 Y-1.239 E2.16859
;WIDTH:0.587994
G1 X-8.686 Y-1.19 E2.17251
;WIDTH:0.634666
G1 X-8.789 Y-1.141 E2.1768
G1 X-8.946 Y-.867 E2.18866
G1 X-8.947 Y-.761 E2.19264
;WIDTH:0.595702
G1 X-8.948 Y-.655 E2.19637
;WIDTH:0.556738
G1 X-8.949 Y-.549 E2.19984
;WIDTH:0.517774
G1 X-8.95 Y-.443 E2.20305
G1 X-8.969 Y-.547 E2.20625
;WIDTH:0.556738
G1 X-8.989 Y-.652 E2.20975
;WIDTH:0.595702
G1 X-9.008 Y-.756 E2.21347
;WIDTH:0.634666
G1 X-9.027 Y-.86 E2.21744
G1 X-9.229 Y-1.102 E2.22928
G1 X-9.42 Y-1.153 E2.23671
;WIDTH:0.588053
G1 X-9.611 Y-1.203 E2.24355
;WIDTH:0.54144
G1 X-9.802 Y-1.253 E2.24982
;WIDTH:0.494827
G1 X-9.993 Y-1.304 E2.25552
;WIDTH:0.448215
G1 X-10.466 Y-1.304 E2.26779
G1 X-10.794 Y-1.794 E2.28309
G1 X-10.354 Y-1.72 E2.29467
G1 X-9.993 Y-1.72 E2.30404
;WIDTH:0.494827
G1 X-9.751 Y-1.697 E2.31105
;WIDTH:0.54144
G1 X-9.51 Y-1.673 E2.31874
;WIDTH:0.588053
G1 X-9.268 Y-1.65 E2.32717
;WIDTH:0.634666
G1 X-9.027 Y-1.627 E2.33627
G1 X-8.867 Y-1.654 E2.34237
;WIDTH:0.592773
G1 X-8.706 Y-1.682 E2.34808
;WIDTH:0.550879
G1 X-8.546 Y-1.709 E2.35333
;WIDTH:0.508986
G1 X-8.386 Y-1.737 E2.35816
;WIDTH:0.467092
G1 X-8.226 Y-1.764 E2.36256
;WIDTH:0.425199
G1 X-8.066 Y-1.792 E2.36654
;WIDTH:0.424499
G1 X-7.945 Y-1.839 E2.36972
;WIDTH:0.465692
G1 X-7.825 Y-1.886 E2.3732
;WIDTH:0.506886
G1 X-7.704 Y-1.933 E2.37704
;WIDTH:0.548079
G1 X-7.584 Y-1.98 E2.38119
G1 X-7.455 Y-2.188 E2.38906
;WIDTH:0.500186
G1 X-7.327 Y-2.397 E2.39621
;WIDTH:0.452293
G1 X-7.058 Y-2.849 E2.40999
;WIDTH:0.429245
G1 X-6.789 Y-3.454 E2.42638
;WIDTH:0.469202
G1 X-6.69 Y-3.696 E2.43351
;WIDTH:0.509158
G1 X-6.591 Y-3.938 E2.44129
;WIDTH:0.540853
G1 X-6.523 Y-4.183 E2.44936
;WIDTH:0.572548
G1 X-6.471 Y-4.371 E2.45593
G1 X-6.861 Y-4.908 F4800
;WIDTH:0.449999
G1 F900
G1 X-4.035 Y-4.908 E2.52956
G1 X-4.249 Y-4.817 E2.53562
G1 X-4.987 Y-4.341 E2.5585
G1 X-5.554 Y-3.801 E2.5789
G1 X-5.805 Y-3.467 E2.58979
G1 X-6.193 Y-2.88 E2.60812
G1 X-6.554 Y-2.091 E2.63073
G1 X-6.709 Y-1.588 E2.64444
G1 X-6.792 Y-1.07 E2.65811
G1 X-8.065 Y-1.045 E2.69129
G1 X-8.386 Y-.828 E2.70139
G1 X-8.473 Y-.677 E2.70593
G1 X-8.518 Y-.443 E2.71214
G1 X-8.518 Y1.419 E2.76066
G1 X-8.343 Y1.853 E2.77285
G1 X-8.261 Y1.908 E2.77542
G1 X-8.167 Y2.264 E2.78501
G1 X-8.208 Y2.231 E2.78638
G1 X-8.573 Y2.224 E2.79589
G1 X-9.366 Y1.647 E2.82144
G1 X-9.366 Y-.26 E2.87113
G1 X-9.461 Y-.591 E2.8801
G1 X-9.572 Y-.724 E2.88461
G1 X-9.993 Y-.887 E2.89637
G1 X-10.66 Y-.887 E2.91375
G1 X-10.874 Y-1.164 E2.92287
G1 X-11.172 Y-1.619 E2.93704
;WIDTH:0.476799
G1 X-11.352 Y-2.049 E2.94997
;WIDTH:0.503599
G1 X-11.531 Y-2.478 E2.96364
G1 X-11.683 Y-2.909 E2.97708
;WIDTH:0.461422
G1 X-11.835 Y-3.34 E2.98931
;WIDTH:0.419244
G1 X-11.983 Y-4.02 E3.00611
;WIDTH:0.396895
G1 X-11.64 Y-4.02 E3.01391
;WIDTH:0.402656
G1 X-11.58 Y-3.829 E3.01854
;WIDTH:0.44738
G1 X-11.376 Y-3.233 E3.03485
;WIDTH:0.475626
G1 X-11.204 Y-2.898 E3.04526
;WIDTH:0.503871
G1 X-11.032 Y-2.562 E3.05636
G1 X-10.821 Y-2.377 E3.06461
;WIDTH:0.476935
G1 X-10.61 Y-2.191 E3.07241
;WIDTH:0.449999
G1 X-10.354 Y-2.137 E3.07923
G1 X-8.346 Y-2.137 E3.13155
G1 X-8.109 Y-2.183 E3.13784
G1 X-7.832 Y-2.406 E3.14711
G1 X-7.417 Y-3.018 E3.16638
G1 X-7.177 Y-3.579 E3.18228
G1 X-6.967 Y-4.303 E3.20192
G1 X-6.872 Y-4.849 E3.21636
G1 X-7.136 Y-5.423 F4800
;TYPE:External perimeter
;WIDTH:0.462056
G1 F1350
G1 X-7.024 Y-5.326 E3.22033
;WIDTH:0.449999
G1 X-4.134 Y-5.326 E3.29563
;WIDTH:0.493513
G1 X-3.716 Y-5.304 E3.30767
;WIDTH:0.537026
G1 X-3.297 Y-5.283 E3.32088
G1 X-2.589 Y-5.304 E3.34318
;WIDTH:0.505078
G1 X-1.732 Y-5.312 E3.36845
;WIDTH:0.477539
G1 X-1.38 Y-5.326 E3.37823
;WIDTH:0.449999
G1 X2.024 Y-5.326 E3.46692
;WIDTH:0.454567
G1 X2.153 Y-5.368 E3.47049
;WIDTH:0.458158
G1 X2.233 Y-5.497 E3.47452
G1 X2.285 Y-4.858 E3.49155
;WIDTH:0.449999
G1 X2.414 Y-4.204 E3.50892
G1 X2.632 Y-3.542 E3.52708
G1 X2.992 Y-2.873 E3.54687
G1 X3.184 Y-2.632 E3.5549
G1 X3.346 Y-2.555 E3.55957
G1 X5.354 Y-2.555 E3.61189
G1 X5.524 Y-2.643 E3.61688
G1 X5.861 Y-3.118 E3.63205
G1 X6.081 Y-3.571 E3.64517
G1 X6.327 Y-4.411 E3.66798
G1 X7.436 Y-4.411 E3.69688
G1 X7.326 Y-3.662 E3.71661
G1 X7.159 Y-2.965 E3.73528
G1 X6.916 Y-2.226 E3.75555
G1 X6.523 Y-1.384 E3.77976
G1 X6.221 Y-.932 E3.79392
G1 X5.849 Y-.469 E3.8094
G1 X4.993 Y-.469 E3.8317
G1 X4.853 Y-.415 E3.83561
G1 X4.784 Y-.26 E3.84003
G1 X4.784 Y1.86 E3.89527
G1 X3.709 Y2.642 E3.92991
G1 X3.396 Y2.642 E3.93807
;WIDTH:0.495955
G1 X3.114 Y2.715 E3.94649
;WIDTH:0.50498
G1 X3.083 Y2.763 E3.94817
;WIDTH:0.514754
G1 X2.871 Y3.281 E3.96501
;WIDTH:0.515806
G1 X2.647 Y3.748 E3.98063
;WIDTH:0.529917
G1 X2.136 Y4.577 E4.01086
G1 X2.131 Y4.655 E4.01329
;WIDTH:0.500206
G1 X2.126 Y4.734 E4.0156
;WIDTH:0.470495
G1 X2.201 Y4.865 E4.01973
;WIDTH:0.449999
G1 X2.344 Y4.922 E4.02374
G1 X5.474 Y4.922 E4.10529
G1 X4.947 Y5.483 E4.12535
G1 X4.433 Y5.969 E4.14378
G1 X4.041 Y6.302 E4.15718
G1 X.768 Y6.302 E4.24246
;WIDTH:0.492885
G1 X.653 Y6.289 E4.24579
;WIDTH:0.53577
G1 X.537 Y6.276 E4.24946
;WIDTH:0.578655
G1 X.422 Y6.262 E4.25341
G1 X.179 Y6.383 E4.26266
;WIDTH:0.56243
G1 X-.027 Y6.429 E4.26964
G1 X-1.337 Y6.429 E4.31296
G1 X-1.163 Y6.391 E4.31885
G1 X-.281 Y6.045 E4.35018
;WIDTH:0.578655
G1 X.165 Y5.781 E4.36784
G1 X.268 Y5.692 E4.37248
;WIDTH:0.53577
G1 X.37 Y5.603 E4.37673
;WIDTH:0.492885
G1 X.473 Y5.514 E4.38064
;WIDTH:0.449999
G1 X1.168 Y4.906 E4.4047
;WIDTH:0.491649
G1 X1.431 Y4.623 E4.41577
;WIDTH:0.533299
G1 X1.694 Y4.341 E4.42782
G1 X1.982 Y3.924 E4.44366
;WIDTH:0.52215
G1 X2.432 Y3.08 E4.47289
;WIDTH:0.514754
G1 X2.673 Y2.503 E4.49171
;WIDTH:0.495955
G1 X2.894 Y1.627 E4.51784
;WIDTH:0.449999
G1 X3.022 Y1.582 E4.52138
G1 X3.1 Y1.421 E4.52604
G1 X3.1 Y-.443 E4.57461
G1 X3.056 Y-.571 E4.57814
G1 X2.891 Y-.652 E4.58293
G1 X1.44 Y-.652 E4.62074
G1 X1.395 Y-1.06 E4.63144
G1 X1.144 Y-1.98 E4.65629
G1 X.808 Y-2.717 E4.67739
G1 X.378 Y-3.359 E4.69752
G1 X-.133 Y-3.899 E4.71689
G1 X-.76 Y-4.349 E4.737
G1 X-1.451 Y-4.657 E4.75671
;WIDTH:0.477539
G1 X-1.792 Y-4.744 E4.76648
;WIDTH:0.505078
G1 X-2.133 Y-4.831 E4.77686
G1 X-2.561 Y-4.845 E4.78949
;WIDTH:0.519424
G1 X-3.317 Y-4.759 E4.81261
G1 X-3.673 Y-4.61 E4.82434
;WIDTH:0.484712
G1 X-4.028 Y-4.462 E4.83519
;WIDTH:0.449999
G1 X-4.698 Y-4.039 E4.85584
G1 X-5.266 Y-3.498 E4.87628
G1 X-5.815 Y-2.703 E4.90145
G1 X-6.155 Y-1.968 E4.92255
G1 X-6.315 Y-1.441 E4.9369
G1 X-6.432 Y-.652 E4.95768
G1 X-7.891 Y-.652 E4.9957
G1 X-8.056 Y-.571 E5.00049
G1 X-8.1 Y-.443 E5.00402
G1 X-8.1 Y1.419 E5.05254
G1 X-8.042 Y1.564 E5.05661
G1 X-7.9 Y1.624 E5.06063
G1 X-7.791 Y2.071 E5.07262
;WIDTH:0.47683
G1 X-7.709 Y2.353 E5.08076
;WIDTH:0.503661
G1 X-7.627 Y2.636 E5.08942
;WIDTH:0.516106
G1 X-7.233 Y3.496 E5.11797
;WIDTH:0.52928
G1 X-6.723 Y4.305 E5.14762
G1 X-6.437 Y4.614 E5.16067
;WIDTH:0.48964
G1 X-6.15 Y4.923 E5.1727
;WIDTH:0.492886
G1 X-5.822 Y5.209 E5.1852
;WIDTH:0.535772
G1 X-5.494 Y5.495 E5.19887
;WIDTH:0.578658
G1 X-5.165 Y5.781 E5.21373
G1 X-4.677 Y6.066 E5.23299
;WIDTH:0.56243
G1 X-3.822 Y6.396 E5.2633
G1 X-3.538 Y6.428 E5.27275
;WIDTH:0.519354
G1 X-3.254 Y6.461 E5.28144
;WIDTH:0.476278
G1 X-2.97 Y6.493 E5.28936
G1 X-3.272 Y6.472 E5.29774
;WIDTH:0.519354
G1 X-3.575 Y6.45 E5.30697
;WIDTH:0.56243
G1 X-5.116 Y6.403 E5.35795
;WIDTH:0.578658
G1 X-5.422 Y6.262 E5.36943
G1 X-5.537 Y6.276 E5.37338
;WIDTH:0.535772
G1 X-5.653 Y6.289 E5.37705
;WIDTH:0.492886
G1 X-5.768 Y6.302 E5.38038
;WIDTH:0.449999
G1 X-9.044 Y6.302 E5.46574
G1 X-10.008 Y5.422 E5.49975
G1 X-10.475 Y4.922 E5.51758
G1 X-7.344 Y4.922 E5.59916
G1 X-7.213 Y4.876 E5.60278
;WIDTH:0.48964
G1 X-7.171 Y4.732 E5.60706
;WIDTH:0.52928
G1 X-7.129 Y4.589 E5.61168
G1 X-7.22 Y4.448 E5.61688
;WIDTH:0.5186
G1 X-7.658 Y3.727 E5.64247
;WIDTH:0.516106
G1 X-7.875 Y3.274 E5.65763
;WIDTH:0.513782
G1 X-8.069 Y2.801 E5.67298
;WIDTH:0.503455
G1 X-8.17 Y2.722 E5.67675
;WIDTH:0.476727
G1 X-8.271 Y2.644 E5.68029
;WIDTH:0.449999
G1 X-8.709 Y2.642 E5.6917
G1 X-9.784 Y1.86 E5.72634
G1 X-9.784 Y-.26 E5.78158
G1 X-9.816 Y-.37 E5.78456
G1 X-9.993 Y-.469 E5.78984
G1 X-10.849 Y-.469 E5.81214
G1 X-11.108 Y-.763 E5.82235
G1 X-11.523 Y-1.384 E5.84181
G1 X-11.916 Y-2.225 E5.866
G1 X-12.159 Y-2.964 E5.88627
G1 X-12.326 Y-3.662 E5.90497
G1 X-12.436 Y-4.411 E5.9247
G1 X-11.327 Y-4.411 E5.9536
G1 X-11.227 Y-4.016 E5.96422
G1 X-11.066 Y-3.536 E5.97741
G1 X-10.709 Y-2.875 E5.99698
G1 X-10.516 Y-2.632 E6.00507
G1 X-10.354 Y-2.555 E6.00974
G1 X-8.324 Y-2.556 E6.06263
G1 X-8.175 Y-2.644 E6.06714
G1 X-7.795 Y-3.196 E6.0846
G1 X-7.575 Y-3.708 E6.09912
G1 X-7.377 Y-4.383 E6.11745
G1 X-7.281 Y-4.885 E6.13077
;WIDTH:0.462056
G1 X-7.237 Y-5.511 E6.14759
G1 X-7.181 Y-5.462 E6.14958
G1 X-6.802 Y-5.336 F4800
M106 S221.85
;LAYER_CHANGE
;Z:4.25
;HEIGHT:0.15
G1 E4.14958 F2400
G92 E0
G1 Z4.25 F4800
G1 Z4.55
G1 X-2.808 Y-7.343
G1 Z4.25
G1 E2 F2400
;TYPE:Support material interface
;WIDTH:0.35
G1 F3600
G1 X-3.745 Y-6.37 E2.02677
G1 X-3.332 Y-6.37 E2.03496
G1 X-2.501 Y-7.2 E2.05824
G1 X-2.052 Y-7.2 E2.06714
G1 X-2.564 Y-6.687 E2.0815
G1 X-2.158 Y-6.644 E2.08959
G1 X-1.602 Y-7.2 E2.10517
G1 X-1.232 Y-7.12 E2.11267
G1 X-1.889 Y-6.464 E2.13107
G1 X-1.675 Y-6.37 E2.1357
G1 X-1.534 Y-6.37 E2.13849
G1 X-.906 Y-6.997 E2.15608
G1 X-.58 Y-6.874 E2.16299
G1 X-1.084 Y-6.37 E2.17712
G1 X-.635 Y-6.37 E2.18602
G1 X-.2 Y-6.804 E2.1982
G1 X.23 Y-6.645 F4800
;TYPE:Support material
G1 F3600
G1 X.259 Y-6.445 E2.20221
G1 X.145 Y-6.352 E2.20513
G1 X.206 Y-6.686 E2.21186
G1 X-.592 Y-7.249 F4800
G1 F3600
G1 X-.12 Y-7.153 E2.22141
G1 X.151 Y-6.876 E2.22909
G1 X-.639 Y-7.254 E2.24645
G1 X-3.453 Y-7.345 F4800
G1 F3600
G1 X-3.762 Y-7.188 E2.25332
G1 X-4.198 Y-6.619 E2.26753
G1 X-4.193 Y-6.957 E2.27423
G1 X-3.98 Y-7.237 E2.2812
G1 X-3.421 Y-7.379 E2.29263
G1 E.29263 F2400
G92 E0
G1 Z4.55 F4800
G1 X2.231 Y-5.872
G1 Z4.25
G1 E2 F2400
;TYPE:External perimeter
;WIDTH:0.452818
G1 F900
G1 X2.232 Y-5.733 E2.00365
G1 E.00365 F2400
G92 E0
G1 Z4.55 F4800
G1 X-7.232 Y-5.872
G1 Z4.25
G1 E2 F2400
;WIDTH:0.452824
G1 F900
G1 X-7.232 Y-5.733 E2.00365
G1 E.00365 F2400
G92 E0
G1 Z4.55 F4800
G1 X-6.931 Y5.284
G1 Z4.25
G1 E2 F2400
;TYPE:Perimeter
;WIDTH:0.355218
G1 F900
G1 X-6.952 Y5.319 E2.00082
G1 X-7.012 Y5.284 E2.00222
G1 X-6.952 Y5.249 E2.00362
G1 X-7.044 Y4.599 F4800
;WIDTH:0.449999
G1 F900
G1 X-6.707 Y5.025 E2.01777
G1 X-6.084 Y5.654 E2.04084
G1 X-6.972 Y5.654 E2.06398
;WIDTH:0.481645
G1 X-7.269 Y5.638 E2.07232
;WIDTH:0.51329
G1 X-7.566 Y5.623 E2.08124
G1 X-9.24 Y5.623 E2.13146
G1 X-9.738 Y5.142 E2.15223
G1 X-7.461 Y5.141 E2.22055
G1 X-7.275 Y5.016 E2.22727
;WIDTH:0.481645
G1 X-7.09 Y4.89 E2.23354
;WIDTH:0.449999
G1 X-7.053 Y4.658 E2.23966
G1 E.23966 F2400
G92 E0
G1 Z4.55 F4800
G1 X2.012 Y5.284
G1 Z4.25
G1 E2 F2400
;WIDTH:0.355202
G1 F900
G1 X1.992 Y5.319 E2.00081
G1 X1.932 Y5.284 E2.00221
G1 X1.992 Y5.249 E2.00361
G1 X2.005 Y4.663 F4800
;WIDTH:0.449999
G1 F900
G1 X2.15 Y4.951 E2.01201
;WIDTH:0.481646
G1 X2.358 Y5.046 E2.01842
;WIDTH:0.513293
G1 X2.566 Y5.141 E2.02528
G1 X4.738 Y5.141 E2.09045
G1 X4.24 Y5.622 E2.11122
G1 X2.566 Y5.622 E2.16144
G1 X2.269 Y5.638 E2.17036
;WIDTH:0.481646
G1 X1.972 Y5.654 E2.1787
;WIDTH:0.449999
G1 X1.084 Y5.654 E2.20184
G1 X1.707 Y5.025 E2.22491
G1 X1.967 Y4.709 E2.23557
G1 E.23557 F2400
G92 E0
G1 Z4.55 F4800
G1 X3.398 Y-1.633
G1 Z4.25
G1 E2 F2400
;WIDTH:0.531444
G1 F900
G1 X4.009 Y-1.593 E2.01906
;WIDTH:0.55273
G1 X4.804 Y-1.57 E2.04488
G1 X4.188 Y-1.199 E2.06822
;WIDTH:0.506598
G1 X4.042 Y-.982 E2.07596
;WIDTH:0.502597
G1 X3.95 Y-.673 E2.08542
G1 X3.913 Y-.993 E2.09487
;WIDTH:0.506598
G1 X3.807 Y-1.232 E2.10261
;WIDTH:0.509
G1 X3.66 Y-1.423 E2.10978
;WIDTH:0.531444
G1 X3.445 Y-1.595 E2.11835
G1 X4.804 Y-1.57 F4800
;WIDTH:0.590994
G1 F900
G1 X5.111 Y-1.597 E2.12909
;WIDTH:0.629258
G1 X5.419 Y-1.624 E2.1406
G1 X3.95 Y-.673 F4800
;WIDTH:0.4788
G1 F900
G1 X3.942 Y-.49 E2.1457
;WIDTH:0.462872
G1 X3.942 Y1.189 E2.1908
;WIDTH:0.488299
G1 X3.929 Y1.352 E2.19545
;WIDTH:0.513726
G1 X3.917 Y1.516 E2.20039
G1 E.20039 F2400
G92 E0
G1 Z4.55 F4800
G1 X1.5 Y-4.721
G1 Z4.25
G1 E2 F2400
;WIDTH:0.449999
G1 F900
G1 X1.572 Y-4.388 E2.00888
;WIDTH:0.485046
G1 X1.663 Y-4.028 E2.01937
;WIDTH:0.520092
G1 X1.754 Y-3.668 E2.03067
G1 X1.997 Y-3.126 E2.04874
;WIDTH:0.495524
G1 X2.21 Y-2.763 E2.0609
;WIDTH:0.533231
G1 X2.354 Y-2.528 E2.06951
;WIDTH:0.570938
G1 X2.498 Y-2.292 E2.0788
;WIDTH:0.583972
G1 X2.704 Y-2.064 E2.08937
G1 X2.964 Y-1.885 E2.10023
;WIDTH:0.557707
G1 X3.224 Y-1.706 E2.11058
;WIDTH:0.578649
G1 X2.891 Y-1.782 E2.12222
;WIDTH:0.583972
G1 X2.125 Y-1.785 E2.14858
G1 X2.024 Y-2.046 E2.15821
;WIDTH:0.570938
G1 X1.81 Y-2.488 E2.17471
;WIDTH:0.525413
G1 X1.595 Y-2.93 E2.18983
;WIDTH:0.520092
G1 X1.317 Y-3.455 E2.20791
G1 X1.188 Y-3.592 E2.21364
;WIDTH:0.485046
G1 X1.06 Y-3.73 E2.21896
;WIDTH:0.449999
G1 X.503 Y-4.348 E2.24064
G1 X.028 Y-4.721 E2.25638
G1 X1.44 Y-4.721 E2.29317
G1 E.29317 F2400
G92 E0
G1 Z4.55 F4800
G1 X3.224 Y-1.706
G1 Z4.25
G1 E2 F2400
;WIDTH:0.531444
G1 F900
G1 X3.398 Y-1.633 E2.00587
G1 E.00587 F2400
G92 E0
G1 Z4.55 F4800
G1 X1.869 Y-5.138
G1 Z4.25
G1 E2 F2400
;WIDTH:0.449999
G1 F900
G1 X1.925 Y-4.71 E2.01125
G1 X2.092 Y-4.039 E2.02927
G1 X2.397 Y-3.289 E2.05037
G1 X2.569 Y-3.018 E2.05873
G1 X3.007 Y-2.442 E2.07758
G1 X3.438 Y-2.112 E2.09172
G1 X3.731 Y-2.039 E2.09959
G1 X4.804 Y-2.039 E2.12755
G1 X5.217 Y-2.09 E2.13839
G1 X5.36 Y-2.176 E2.14274
G1 X5.807 Y-2.562 E2.15813
;WIDTH:0.465362
G1 X6.249 Y-3.172 E2.17848
G1 X6.466 Y-3.683 E2.19348
;WIDTH:0.418947
G1 X6.641 Y-4.25 E2.20779
;WIDTH:0.396901
G1 X6.991 Y-4.25 E2.21575
;WIDTH:0.402262
G1 X6.936 Y-3.955 E2.22268
;WIDTH:0.442925
G1 X6.764 Y-3.32 E2.23953
;WIDTH:0.450879
G1 X6.517 Y-2.587 E2.25973
G1 X6.246 Y-2.007 E2.27645
;WIDTH:0.449999
G1 X6.003 Y-1.587 E2.28909
G1 X5.659 Y-1.117 E2.30427
G1 X4.885 Y-1.108 E2.32444
G1 X4.522 Y-.904 E2.33529
G1 X4.436 Y-.778 E2.33926
G1 X4.366 Y-.49 E2.34698
G1 X4.366 Y1.745 E2.40521
G1 X4.024 Y1.994 E2.41623
G1 X3.409 Y1.994 E2.43225
G1 X3.248 Y2.047 E2.43667
G1 X3.329 Y1.686 E2.44631
G1 X3.478 Y1.409 E2.45451
G1 X3.518 Y1.189 E2.46034
G1 X3.518 Y-.673 E2.50886
G1 X3.426 Y-1 E2.51771
G1 X3.184 Y-1.227 E2.52636
G1 X2.891 Y-1.3 E2.53423
G1 X1.743 Y-1.3 E2.56414
G1 X1.574 Y-1.884 E2.57998
G1 X1.342 Y-2.503 E2.5972
G1 X.924 Y-3.229 E2.61903
G1 X.742 Y-3.458 E2.62665
G1 X.245 Y-4.019 E2.64618
G1 X-.47 Y-4.562 E2.66957
G1 X-1.26 Y-4.933 E2.69231
;WIDTH:0.487008
G1 X-1.951 Y-5.12 E2.71261
G1 X-1.236 Y-5.138 E2.7329
;WIDTH:0.449999
G1 X1.809 Y-5.138 E2.81224
G1 E.81224 F2400
G92 E0
G1 Z4.55 F4800
G1 X-8.917 Y1.516
G1 Z4.25
G1 E2 F2400
;WIDTH:0.513678
G1 F900
G1 X-8.929 Y1.353 E2.00491
;WIDTH:0.488275
G1 X-8.942 Y1.189 E2.00959
;WIDTH:0.462874
G1 X-8.942 Y-.49 E2.05469
;WIDTH:0.478812
G1 X-8.95 Y-.673 E2.05979
G1 X-10.419 Y-1.624 F4800
;WIDTH:0.629332
G1 F900
G1 X-10.111 Y-1.597 E2.0713
;WIDTH:0.591143
G1 X-9.804 Y-1.57 E2.08204
G1 X-8.398 Y-1.633 F4800
;WIDTH:0.531478
G1 F900
G1 X-8.66 Y-1.423 E2.09249
;WIDTH:0.50908
G1 X-8.807 Y-1.232 E2.09966
;WIDTH:0.50667
G1 X-8.913 Y-.993 E2.1074
;WIDTH:0.502664
G1 X-8.95 Y-.673 E2.11685
G1 X-9.042 Y-.982 E2.12631
;WIDTH:0.50667
G1 X-9.188 Y-1.199 E2.13405
;WIDTH:0.552954
G1 X-9.804 Y-1.57 E2.1574
G1 X-9.009 Y-1.593 E2.18323
;WIDTH:0.531478
G1 X-8.458 Y-1.629 E2.20042
G1 X-8.398 Y-1.633 F4800
G1 F900
G1 X-8.224 Y-1.706 E2.2063
G1 E.2063 F2400
G92 E0
G1 Z4.55 F4800
G1 X-6.5 Y-4.72
G1 Z4.25
G1 E2 F2400
;WIDTH:0.449999
G1 F900
G1 X-5.024 Y-4.72 E2.03846
G1 X-5.349 Y-4.486 E2.04889
G1 X-5.838 Y-3.993 E2.06698
G1 X-6.167 Y-3.6 E2.08033
;WIDTH:0.478959
G1 X-6.563 Y-3.018 E2.09994
;WIDTH:0.482586
G1 X-6.722 Y-2.692 E2.11013
;WIDTH:0.51466
G1 X-6.858 Y-2.418 E2.11933
;WIDTH:0.546734
G1 X-6.994 Y-2.143 E2.12917
;WIDTH:0.578945
G1 X-7.117 Y-1.782 E2.14217
G1 X-7.891 Y-1.78 E2.16856
;WIDTH:0.574111
G1 X-8.224 Y-1.706 E2.18009
G1 X-7.93 Y-1.89 E2.19181
;WIDTH:0.578945
G1 X-7.541 Y-2.229 E2.2094
G1 X-7.44 Y-2.394 E2.216
;WIDTH:0.546734
G1 X-7.276 Y-2.653 E2.22584
;WIDTH:0.51466
G1 X-7.112 Y-2.912 E2.23506
;WIDTH:0.482586
G1 X-6.957 Y-3.224 E2.24485
;WIDTH:0.478959
G1 X-6.631 Y-4.14 E2.27194
;WIDTH:0.449999
G1 X-6.513 Y-4.662 E2.28588
G1 X-6.869 Y-5.138 F4800
G1 F900
G1 X-3.796 Y-5.138 E2.36595
;WIDTH:0.486036
G1 X-3.533 Y-5.12 E2.37341
;WIDTH:0.522072
G1 X-3.269 Y-5.102 E2.38149
G1 X-3.51 Y-5.016 E2.38931
;WIDTH:0.486036
G1 X-3.752 Y-4.93 E2.39658
;WIDTH:0.449999
G1 X-4.512 Y-4.574 E2.41845
G1 X-5.194 Y-4.068 E2.44058
G1 X-5.778 Y-3.433 E2.46306
G1 X-6.2 Y-2.782 E2.48327
G1 X-6.324 Y-2.52 E2.49082
G1 X-6.598 Y-1.866 E2.5093
G1 X-6.741 Y-1.3 E2.52451
G1 X-7.33 Y-1.3 E2.53986
G1 X-8.083 Y-1.27 E2.5595
G1 X-8.34 Y-1.111 E2.56737
G1 X-8.489 Y-.861 E2.57495
G1 X-8.518 Y-.49 E2.58465
G1 X-8.518 Y1.277 E2.63069
G1 X-8.376 Y1.586 E2.63955
G1 X-8.237 Y2.07 E2.65267
G1 X-8.409 Y1.994 E2.65757
G1 X-9.024 Y1.994 E2.67359
G1 X-9.366 Y1.745 E2.68461
G1 X-9.366 Y-.579 E2.74516
G1 X-9.522 Y-.904 E2.75455
G1 X-9.885 Y-1.107 E2.76539
G1 X-10.659 Y-1.117 E2.78556
G1 X-10.841 Y-1.343 E2.79312
G1 X-11.182 Y-1.87 E2.80948
;WIDTH:0.480295
G1 X-11.348 Y-2.268 E2.82153
;WIDTH:0.51059
G1 X-11.676 Y-3.121 E2.8488
;WIDTH:0.464771
G1 X-11.838 Y-3.578 E2.86188
;WIDTH:0.418952
G1 X-11.991 Y-4.25 E2.8785
;WIDTH:0.396904
G1 X-11.641 Y-4.25 E2.88646
;WIDTH:0.402265
G1 X-11.581 Y-4.055 E2.89117
;WIDTH:0.445973
G1 X-11.384 Y-3.484 E2.90676
;WIDTH:0.478282
G1 X-11.23 Y-3.169 E2.91651
;WIDTH:0.51059
G1 X-11.076 Y-2.855 E2.92694
G1 X-10.969 Y-2.722 E2.93203
;WIDTH:0.494927
G1 X-10.542 Y-2.308 E2.94919
;WIDTH:0.449999
G1 X-10.301 Y-2.134 E2.95694
G1 X-9.969 Y-2.039 E2.96594
G1 X-8.731 Y-2.039 E2.9982
G1 X-8.438 Y-2.111 E3.00606
G1 X-8.007 Y-2.442 E3.02022
G1 X-7.821 Y-2.663 E3.02775
G1 X-7.397 Y-3.289 E3.04745
G1 X-7.092 Y-4.038 E3.06852
G1 X-6.979 Y-4.485 E3.08053
G1 X-6.879 Y-5.079 E3.09622
G1 E1.09622 F2400
G92 E0
G1 Z4.55 F4800
G1 X-3.269 Y-5.102
G1 Z4.25
G1 E2 F2400
;WIDTH:0.522072
G1 F900
G1 X-2.893 Y-5.121 E2.0115
;WIDTH:0.484571
G1 X-2.516 Y-5.14 E2.02215
;WIDTH:0.487008
G1 X-1.951 Y-5.12 E2.03819
G1 E.03819 F2400
G92 E0
G1 Z4.55 F4800
G1 X-7.174 Y-5.622
G1 Z4.25
G1 E2 F2400
;TYPE:External perimeter
;WIDTH:0.452824
G1 F1350
G1 X-7.171 Y-5.615 E2.0002
;WIDTH:0.451771
G1 X-7.024 Y-5.556 E2.00434
;WIDTH:0.449999
G1 X2.024 Y-5.556 E2.24009
;WIDTH:0.451565
G1 X2.155 Y-5.601 E2.24371
;WIDTH:0.452818
G1 X2.232 Y-5.733 E2.24772
G1 X2.265 Y-5.343 E2.25799
;WIDTH:0.449999
G1 X2.332 Y-4.806 E2.27209
G1 X2.479 Y-4.196 E2.28844
G1 X2.784 Y-3.447 E2.30951
G1 X3.236 Y-2.8 E2.33007
G1 X3.634 Y-2.481 E2.34336
G1 X4.009 Y-2.457 E2.35315
G1 X5.052 Y-2.474 E2.38033
G1 X5.47 Y-2.808 E2.39427
G1 X5.867 Y-3.358 E2.41194
G1 X6.084 Y-3.81 E2.425
G1 X6.326 Y-4.641 E2.44755
G1 X7.442 Y-4.641 E2.47663
G1 X7.411 Y-4.384 E2.48337
G1 X7.324 Y-3.881 E2.49667
G1 X7.165 Y-3.215 E2.51451
G1 X6.914 Y-2.448 E2.53554
G1 X6.521 Y-1.61 E2.55966
G1 X6.188 Y-1.111 E2.57529
G1 X5.848 Y-.699 E2.58921
G1 X4.993 Y-.699 E2.61149
G1 X4.836 Y-.628 E2.61598
G1 X4.784 Y-.49 E2.61982
G1 X4.784 Y1.957 E2.68358
G1 X4.16 Y2.412 E2.7037
G1 X3.576 Y2.412 E2.71892
;WIDTH:0.465579
G1 X3.28 Y2.447 E2.72698
;WIDTH:0.504271
G1 X3.187 Y2.539 E2.73083
;WIDTH:0.51115
G1 X2.859 Y3.41 E2.75863
;WIDTH:0.514162
G1 X2.603 Y3.926 E2.77594
;WIDTH:0.526665
G1 X2.351 Y4.362 E2.79147
G1 X2.334 Y4.466 E2.79472
;WIDTH:0.497551
G1 X2.41 Y4.622 E2.79976
;WIDTH:0.449999
G1 X2.566 Y4.692 E2.80422
G1 X5.768 Y4.692 E2.88765
G1 X5.281 Y5.242 E2.90679
G1 X4.421 Y6.072 E2.93793
G1 X1.972 Y6.072 E3.00174
;WIDTH:0.490377
G1 X1.602 Y6.063 E3.01232
;WIDTH:0.530754
G1 X1.232 Y6.054 E3.02383
;WIDTH:0.571131
G1 X.861 Y6.045 E3.0363
G1 X.674 Y6.156 E3.04361
;WIDTH:0.557048
G1 X.522 Y6.201 E3.0488
G1 X-.448 Y6.201 E3.08055
G1 X.116 Y5.918 E3.1012
;WIDTH:0.571131
G1 X.572 Y5.592 E3.12004
G1 X.658 Y5.502 E3.12422
;WIDTH:0.530754
G1 X.745 Y5.412 E3.12811
;WIDTH:0.490377
G1 X.831 Y5.322 E3.13167
;WIDTH:0.449999
G1 X1.483 Y4.655 E3.15597
;WIDTH:0.488332
G1 X1.704 Y4.382 E3.16596
;WIDTH:0.526665
G1 X1.926 Y4.109 E3.17681
G1 X2.22 Y3.62 E3.1944
;WIDTH:0.515934
G1 X2.502 Y3.04 E3.21386
;WIDTH:0.501546
G1 X2.807 Y2.14 E3.24167
;WIDTH:0.465579
G1 X2.974 Y1.358 E3.26328
;WIDTH:0.449999
G1 X3.054 Y1.32 E3.26559
G1 X3.1 Y1.189 E3.26921
G1 X3.1 Y-.673 E3.31773
G1 X3.041 Y-.819 E3.32183
G1 X2.891 Y-.882 E3.32607
G1 X1.396 Y-.882 E3.36502
G1 X1.297 Y-1.412 E3.37907
G1 X.979 Y-2.295 E3.40352
G1 X.562 Y-3.021 E3.42533
G1 X-.012 Y-3.69 E3.4483
G1 X-.654 Y-4.187 E3.46945
G1 X-1.359 Y-4.527 E3.48984
G1 X-2.054 Y-4.696 E3.50848
G1 X-2.476 Y-4.725 E3.5195
G1 X-3.175 Y-4.657 E3.5378
G1 X-3.581 Y-4.549 E3.54875
G1 X-4.268 Y-4.236 E3.56842
G1 X-4.889 Y-3.782 E3.58846
G1 X-5.428 Y-3.205 E3.60903
G1 X-5.85 Y-2.555 E3.62922
G1 X-6.194 Y-1.76 E3.65179
G1 X-6.406 Y-.882 E3.67532
G1 X-7.955 Y-.872 E3.71568
G1 X-8.069 Y-.782 E3.71946
G1 X-8.1 Y-.49 E3.72711
G1 X-8.1 Y1.251 E3.77247
G1 X-7.973 Y1.359 E3.77681
G1 X-7.883 Y1.75 E3.78726
;WIDTH:0.476268
G1 X-7.812 Y2.072 E3.79639
;WIDTH:0.502536
G1 X-7.74 Y2.395 E3.8061
;WIDTH:0.504655
G1 X-7.494 Y3.062 E3.82705
;WIDTH:0.516083
G1 X-7.228 Y3.604 E3.84527
;WIDTH:0.52304
G1 X-6.908 Y4.142 E3.86443
G1 X-6.658 Y4.437 E3.87627
;WIDTH:0.48652
G1 X-6.408 Y4.733 E3.88725
;WIDTH:0.490377
G1 X-6.129 Y5.019 E3.89867
;WIDTH:0.530755
G1 X-5.85 Y5.306 E3.91111
;WIDTH:0.571132
G1 X-5.571 Y5.592 E3.92454
G1 X-5.077 Y5.942 E3.94489
;WIDTH:0.557051
G1 X-4.551 Y6.201 E3.96408
G1 X-5.549 Y6.195 E3.99675
;WIDTH:0.571132
G1 X-5.861 Y6.045 E4.00839
G1 X-5.956 Y6.054 E4.0116
;WIDTH:0.530755
G1 X-6.052 Y6.063 E4.0146
;WIDTH:0.490377
G1 X-6.147 Y6.072 E4.01733
;WIDTH:0.449999
G1 X-9.421 Y6.072 E4.10264
G1 X-10.282 Y5.241 E4.13382
G1 X-10.782 Y4.692 E4.15317
G1 X-7.566 Y4.692 E4.23697
G1 X-7.407 Y4.619 E4.24153
;WIDTH:0.487116
G1 X-7.379 Y4.491 E4.24525
;WIDTH:0.524233
G1 X-7.352 Y4.363 E4.24926
G1 X-7.727 Y3.687 E4.27298
;WIDTH:0.509525
G1 X-7.943 Y3.211 E4.28854
;WIDTH:0.510057
G1 X-8.212 Y2.484 E4.31164
G1 X-8.31 Y2.448 E4.31475
;WIDTH:0.480028
G1 X-8.409 Y2.412 E4.31769
;WIDTH:0.449999
G1 X-9.159 Y2.412 E4.33723
G1 X-9.784 Y1.957 E4.35737
G1 X-9.784 Y-.49 E4.42113
G1 X-9.836 Y-.628 E4.42497
G1 X-9.993 Y-.699 E4.42946
G1 X-10.848 Y-.699 E4.45174
G1 X-11.282 Y-1.251 E4.47004
G1 X-11.56 Y-1.693 E4.48365
G1 X-11.939 Y-2.526 E4.5075
G1 X-12.213 Y-3.415 E4.53174
G1 X-12.339 Y-3.97 E4.54657
G1 X-12.442 Y-4.641 E4.56426
G1 X-11.326 Y-4.641 E4.59334
G1 X-11.207 Y-4.179 E4.60577
G1 X-11.019 Y-3.684 E4.61957
G1 X-10.651 Y-3.026 E4.63921
G1 X-10.24 Y-2.596 E4.65471
G1 X-10.08 Y-2.488 E4.65974
G1 X-9.804 Y-2.457 E4.66698
G1 X-8.667 Y-2.467 E4.69661
G1 X-8.268 Y-2.768 E4.70963
G1 X-7.745 Y-3.544 E4.73401
G1 X-7.444 Y-4.333 E4.75601
G1 X-7.328 Y-4.829 E4.76928
;WIDTH:0.452824
G1 X-7.232 Y-5.733 E4.79313
G1 X-7.202 Y-5.675 E4.79484
G1 X-6.817 Y-5.564 F4800
G1 X-5.775 Y-4.452
;TYPE:Solid infill
;WIDTH:0.360848
G1 F1200
G1 X-6.32 Y-3.852 E4.81145
G1 X-6.419 Y-3.897 E4.81368
G1 X-6.281 Y-4.452 E4.8254
G1 X-5.984 Y-4.452 E4.83149
G1 E2.83149 F2400
G92 E0
G1 Z4.55 F4800
G1 X.793 Y-4.455
G1 Z4.25
G1 E2 F2400
;WIDTH:0.353733
G1 F1200
G1 X1.281 Y-4.455 E2.00979
G1 X1.402 Y-3.902 E2.02114
G1 X1.325 Y-3.858 E2.02292
G1 X.932 Y-4.299 E2.03476
M106 S232.05
;LAYER_CHANGE
;Z:4.4
;HEIGHT:0.15
G1 E.03476 F2400
G92 E0
G1 Z4.4 F4800
G1 Z4.7
G1 X-.303 Y-7.14
G1 Z4.4
G1 E2 F2400
;TYPE:Support material
;WIDTH:0.35
G1 F3600
G1 X.097 Y-6.905 E2.00919
G1 X.156 Y-6.628 E2.0148
G1 X.075 Y-6.486 E2.01804
G1 X-.691 Y-6.528 E2.03324
G1 X-.733 Y-6.584 E2.03463
G1 X-.735 Y-6.922 E2.04133
G1 X-.617 Y-7.057 E2.04488
G1 X-.351 Y-7.145 E2.05043
G1 X-1.765 Y-7.012 F4800
G1 F3600
G1 X-1.767 Y-6.902 E2.05261
G1 X-1.979 Y-7.359 E2.06259
G1 X-1.709 Y-7.364 E2.06794
G1 X-1.444 Y-7.188 E2.07424
G1 X-1.408 Y-6.778 E2.0824
G1 X-1.696 Y-6.55 E2.08968
G1 X-1.952 Y-6.583 E2.0948
G1 X-2.143 Y-6.797 E2.10049
G1 X-2.617 Y-6.8 E2.10988
G1 X-3.242 Y-6.562 E2.12313
G1 X-3.764 Y-6.596 E2.1335
G1 X-3.878 Y-6.667 E2.13616
G1 X-3.824 Y-6.949 E2.14185
G1 X-3.341 Y-7.339 E2.15415
G1 X-2.72 Y-7.372 E2.16648
G1 X-2.357 Y-7.304 E2.1738
G1 X-2.024 Y-7.375 E2.18055
G1 E.18055 F2400
G92 E0
G1 Z4.7 F4800
G1 X3.95 Y-.903
G1 Z4.4
G1 E2 F2400
;TYPE:Perimeter
;WIDTH:0.478802
G1 F900
G1 X3.942 Y-.72 E2.0051
;WIDTH:0.462874
G1 X3.942 Y.959 E2.0502
;WIDTH:0.492256
G1 X3.927 Y1.135 E2.05527
;WIDTH:0.52164
G1 X3.913 Y1.311 E2.06066
G1 E.06066 F2400
G92 E0
G1 Z4.7 F4800
G1 X3.468 Y-1.814
G1 Z4.4
G1 E2 F2400
;WIDTH:0.511198
G1 F900
G1 X3.842 Y-1.74 E2.01139
;WIDTH:0.479733
G1 X4.215 Y-1.666 E2.022
;WIDTH:0.448267
G1 X4.694 Y-1.706 E2.03447
;WIDTH:0.436617
G1 X4.485 Y-1.625 E2.04012
;WIDTH:0.448267
G1 X4.276 Y-1.479 E2.04674
;WIDTH:0.456593
G1 X4.043 Y-1.162 E2.05715
;WIDTH:0.478802
G1 X3.95 Y-.903 E2.06481
G1 X3.903 Y-1.174 E2.07247
;WIDTH:0.456593
G1 X3.79 Y-1.434 E2.07997
;WIDTH:0.479733
G1 X3.629 Y-1.624 E2.08692
;WIDTH:0.511198
G1 X3.506 Y-1.769 E2.0926
G1 X5.413 Y-1.846 F4800
;WIDTH:0.613064
G1 F900
G1 X5.325 Y-1.827 E2.09586
;WIDTH:0.574263
G1 X5.238 Y-1.807 E2.09888
;WIDTH:0.535462
G1 X5.057 Y-1.774 E2.10465
;WIDTH:0.497292
G1 X4.876 Y-1.74 E2.10999
;WIDTH:0.459122
G1 X4.694 Y-1.706 E2.11492
G1 E.11492 F2400
G92 E0
G1 Z4.7 F4800
G1 X-.49 Y-4.95
G1 Z4.4
G1 E2 F2400
;WIDTH:0.449999
G1 F900
G1 X1.507 Y-4.95 E2.05203
G1 X1.705 Y-4.134 E2.07391
;WIDTH:0.49356
G1 X1.739 Y-3.968 E2.07879
;WIDTH:0.537121
G1 X1.774 Y-3.803 E2.0841
;WIDTH:0.580682
G1 X1.809 Y-3.637 E2.0899
G1 X2.142 Y-3.019 E2.11391
;WIDTH:0.589375
G1 X2.306 Y-2.763 E2.12447
;WIDTH:0.622679
G1 X2.471 Y-2.507 E2.13569
G1 X2.873 Y-2.117 E2.15632
G1 X3.007 Y-2.048 E2.16187
;WIDTH:0.58703
G1 X3.141 Y-1.979 E2.16709
;WIDTH:0.55138
G1 X3.276 Y-1.91 E2.172
G1 X3.147 Y-1.951 E2.17638
;WIDTH:0.58703
G1 X3.019 Y-1.993 E2.18104
;WIDTH:0.622679
G1 X2.891 Y-2.034 E2.18599
G1 X2.038 Y-2.034 E2.2174
G1 X1.951 Y-2.239 E2.2256
;WIDTH:0.619225
G1 X1.774 Y-2.586 E2.23986
;WIDTH:0.583935
G1 X1.597 Y-2.933 E2.25326
;WIDTH:0.580682
G1 X1.333 Y-3.367 E2.27064
G1 X1.235 Y-3.474 E2.2756
;WIDTH:0.533582
G1 X1.137 Y-3.582 E2.28016
;WIDTH:0.486481
G1 X.722 Y-4.018 E2.29721
;WIDTH:0.449999
G1 X.339 Y-4.396 E2.31123
G1 X-.254 Y-4.822 E2.33025
G1 X-.437 Y-4.922 E2.33568
G1 E.33568 F2400
G92 E0
G1 Z4.7 F4800
G1 X3.276 Y-1.91
G1 Z4.4
G1 E2 F2400
;WIDTH:0.51573
G1 F900
G1 X3.451 Y-1.823 E2.00589
G1 E.00589 F2400
G92 E0
G1 Z4.7 F4800
G1 X-8.913 Y1.311
G1 Z4.4
G1 E2 F2400
;WIDTH:0.521646
G1 F900
G1 X-8.927 Y1.135 E2.00539
;WIDTH:0.49226
G1 X-8.942 Y.959 E2.01046
;WIDTH:0.462874
G1 X-8.942 Y-.72 E2.05556
;WIDTH:0.478808
G1 X-8.95 Y-.903 E2.06066
G1 X-10.413 Y-1.847 F4800
;WIDTH:0.614546
G1 F900
G1 X-10.239 Y-1.812 E2.06711
;WIDTH:0.564817
G1 X-10.065 Y-1.778 E2.073
;WIDTH:0.515088
G1 X-9.891 Y-1.744 E2.07834
;WIDTH:0.465359
G1 X-9.717 Y-1.71 E2.08313
;WIDTH:0.41919
G1 X-9.696 Y-1.705 E2.08365
G1 X-8.621 Y-1.632 F4800
;WIDTH:0.510076
G1 F900
G1 X-8.637 Y-1.613 E2.08439
;WIDTH:0.479024
G1 X-8.801 Y-1.414 E2.09158
;WIDTH:0.456402
G1 X-8.903 Y-1.173 E2.0985
;WIDTH:0.478808
G1 X-8.95 Y-.903 E2.10613
G1 X-9.043 Y-1.161 E2.11377
;WIDTH:0.456402
G1 X-9.165 Y-1.355 E2.11983
;WIDTH:0.447972
G1 X-9.493 Y-1.628 E2.1309
;WIDTH:0.435164
G1 X-9.696 Y-1.705 E2.13636
G1 X-9.479 Y-1.671 E2.14188
;WIDTH:0.447972
G1 X-8.986 Y-1.693 E2.15468
;WIDTH:0.481081
G1 X-8.73 Y-1.752 E2.16203
;WIDTH:0.51419
G1 X-8.473 Y-1.811 E2.16996
;WIDTH:0.510076
G1 X-8.583 Y-1.679 E2.17508
G1 X-8.451 Y-1.822 F4800
;WIDTH:0.517748
G1 F900
G1 X-8.266 Y-1.914 E2.18134
;WIDTH:0.55606
G1 X-8.146 Y-1.97 E2.18567
;WIDTH:0.594372
G1 X-8.026 Y-2.025 E2.1903
;WIDTH:0.632683
G1 X-7.905 Y-2.081 E2.19529
G1 X-7.456 Y-2.543 E2.21942
G1 X-7.329 Y-2.731 E2.22792
;WIDTH:0.596524
G1 X-7.201 Y-2.918 E2.2359
;WIDTH:0.560365
G1 X-6.826 Y-3.642 E2.26276
;WIDTH:0.553041
G1 X-6.767 Y-3.861 E2.27013
;WIDTH:0.518694
G1 X-6.707 Y-4.08 E2.27702
;WIDTH:0.484347
G1 X-6.648 Y-4.3 E2.28344
;WIDTH:0.449999
G1 X-6.51 Y-4.95 E2.30075
G1 X-4.516 Y-4.95 E2.35271
G1 X-5.13 Y-4.562 E2.37163
G1 X-5.687 Y-4.074 E2.39093
G1 X-5.97 Y-3.743 E2.40228
;WIDTH:0.484347
G1 X-6.091 Y-3.617 E2.40721
;WIDTH:0.518694
G1 X-6.212 Y-3.491 E2.41251
;WIDTH:0.553041
G1 X-6.333 Y-3.365 E2.41818
;WIDTH:0.558475
G1 X-6.452 Y-3.184 E2.42529
;WIDTH:0.566076
G1 X-6.803 Y-2.548 E2.44948
;WIDTH:0.59938
G1 X-6.913 Y-2.293 E2.4593
;WIDTH:0.632683
G1 X-7.024 Y-2.039 E2.46968
G1 X-7.891 Y-2.039 E2.50215
G1 X-8.016 Y-1.997 E2.50709
;WIDTH:0.594372
G1 X-8.141 Y-1.956 E2.5117
;WIDTH:0.55606
G1 X-8.209 Y-1.933 E2.51405
G1 X-8.327 Y-1.345 F4800
;WIDTH:0.449999
G1 F2700
G1 X-8.351 Y-1.329 E2.5148
G1 X-8.497 Y-1.065 E2.52266
G1 X-8.518 Y-.72 E2.53167
G1 X-8.518 Y1.045 E2.57766
G1 X-8.426 Y1.262 E2.5838
G1 X-8.339 Y1.794 E2.59785
G1 X-8.505 Y1.764 E2.60225
G1 X-9.366 Y1.764 E2.62468
G1 X-9.366 Y-.807 E2.69167
G1 X-9.496 Y-1.102 E2.70007
G1 X-9.691 Y-1.269 E2.70676
G1 X-9.993 Y-1.347 E2.71489
G1 X-10.648 Y-1.347 E2.73196
G1 X-10.815 Y-1.549 E2.73879
G1 X-11.134 Y-2.039 E2.75402
G1 X-11.396 Y-2.543 E2.76882
G1 X-11.677 Y-3.269 E2.7891
G1 X-11.837 Y-3.811 E2.80382
;WIDTH:0.416469
G1 X-11.98 Y-4.455 E2.81963
;WIDTH:0.392391
G1 X-11.643 Y-4.482 E2.82722
G1 X-11.621 Y-4.415 E2.8288
;WIDTH:0.416469
G1 X-11.468 Y-3.921 E2.84119
;WIDTH:0.449999
G1 X-11.245 Y-3.413 E2.85565
G1 X-10.846 Y-2.836 E2.87393
G1 X-10.526 Y-2.52 E2.88565
G1 X-10.171 Y-2.285 E2.89674
G1 X-9.853 Y-2.156 E2.90568
G1 X-9.43 Y-2.079 E2.91688
G1 X-9.034 Y-2.107 E2.92722
G1 X-8.508 Y-2.296 E2.94178
G1 X-8.142 Y-2.552 E2.95342
G1 X-7.614 Y-3.148 E2.97417
G1 X-7.286 Y-3.753 E2.9921
G1 X-7.083 Y-4.296 E3.0072
G1 X-6.859 Y-5.368 E3.03573
G1 X-3.662 Y-5.368 E3.11903
G1 X-2.796 Y-5.389 E3.1416
;WIDTH:0.417208
G1 X-2.041 Y-5.385 E3.15973
;WIDTH:0.449999
G1 X-1.338 Y-5.368 E3.17805
G1 X1.859 Y-5.368 E3.26135
G1 X2.031 Y-4.48 E3.28492
G1 X2.243 Y-3.849 E3.30226
G1 X2.523 Y-3.295 E3.31843
G1 X2.865 Y-2.822 E3.33364
G1 X3.21 Y-2.492 E3.34608
G1 X3.513 Y-2.293 E3.35553
G1 X3.874 Y-2.145 E3.3657
G1 X4.267 Y-2.079 E3.37608
G1 X4.646 Y-2.106 E3.38598
G1 X5.077 Y-2.239 E3.39773
G1 X5.401 Y-2.425 E3.40746
G1 X5.846 Y-2.836 E3.42324
;WIDTH:0.454236
G1 X6.307 Y-3.52 E3.44495
G1 X6.47 Y-4 E3.45829
;WIDTH:0.424798
G1 X6.633 Y-4.481 E3.47072
;WIDTH:0.39536
G1 X6.978 Y-4.454 E3.47856
G1 X6.864 Y-3.908 E3.49119
;WIDTH:0.453546
G1 X6.649 Y-3.198 E3.51068
G1 X6.348 Y-2.418 E3.53265
;WIDTH:0.449999
G1 X5.968 Y-1.746 E3.55277
G1 X5.648 Y-1.347 E3.5661
G1 X4.834 Y-1.326 E3.58732
G1 X4.563 Y-1.176 E3.59539
G1 X4.425 Y-.984 E3.60155
G1 X4.366 Y-.72 E3.6086
G1 X4.366 Y1.764 E3.67332
G1 X3.913 Y1.764 E3.68512
G1 X3.339 Y1.794 E3.7001
G1 X3.518 Y.959 E3.72235
G1 X3.518 Y-1.027 E3.7741
G1 X3.343 Y-1.337 E3.78338
G1 X3.115 Y-1.489 E3.79052
G1 X2.891 Y-1.53 E3.79645
G1 X1.659 Y-1.53 E3.82855
G1 X1.49 Y-2.039 E3.84252
G1 X1.196 Y-2.694 E3.86123
G1 X.824 Y-3.263 E3.87894
G1 X.545 Y-3.597 E3.89028
G1 X.095 Y-4.057 E3.90705
G1 X-.609 Y-4.546 E3.92938
G1 X-1.388 Y-4.877 E3.95143
G1 X-2.204 Y-5.012 E3.97298
;WIDTH:0.417031
G1 X-2.919 Y-5.003 E3.99014
;WIDTH:0.449999
G1 X-3.722 Y-4.844 E4.01147
G1 X-4.264 Y-4.615 E4.0268
G1 X-4.855 Y-4.248 E4.04493
G1 X-5.412 Y-3.759 E4.06424
G1 X-6.038 Y-2.957 E4.09075
G1 X-6.397 Y-2.285 E4.1106
G1 X-6.663 Y-1.53 E4.13146
G1 X-7.695 Y-1.53 E4.15835
G1 X-8.109 Y-1.491 E4.16918
G1 X-8.277 Y-1.378 E4.17446
G1 E2.17446 F2400
G92 E0
G1 Z4.7 F4800
G1 X-10.058 Y4.912
G1 Z4.4
G1 E2 F2400
;WIDTH:0.51329
G1 F900
G1 X-7.752 Y4.912 E2.06919
;WIDTH:0.554295
G1 X-7.558 Y4.874 E2.07563
;WIDTH:0.595299
G1 X-7.365 Y4.836 E2.08254
G1 X-7.191 Y4.623 E2.0922
G1 X-6.983 Y4.902 E2.10442
G1 X-6.584 Y5.352 E2.12554
G1 X-7.209 Y5.352 E2.14749
G1 X-7.48 Y5.372 E2.15703
;WIDTH:0.554295
G1 X-7.752 Y5.393 E2.16591
;WIDTH:0.51329
G1 X-9.586 Y5.393 E2.22093
G1 X-10.016 Y4.954 E2.23937
G1 E.23937 F2400
G92 E0
G1 Z4.7 F4800
G1 X1.585 Y5.352
G1 Z4.4
G1 E2 F2400
;WIDTH:0.5953
G1 F900
G1 X1.878 Y5.042 E2.01498
G1 X2.191 Y4.623 E2.03335
G1 X2.365 Y4.836 E2.04301
G1 X2.558 Y4.874 E2.04992
;WIDTH:0.554296
G1 X2.752 Y4.911 E2.05635
;WIDTH:0.513291
G1 X5.058 Y4.911 E2.12554
G1 X4.586 Y5.393 E2.14578
G1 X2.752 Y5.393 E2.20081
;WIDTH:0.554296
G1 X2.48 Y5.372 E2.20969
;WIDTH:0.5953
G1 X2.209 Y5.352 E2.21923
G1 X1.645 Y5.352 E2.23904
G1 E.23904 F2400
G92 E0
G1 Z4.7 F4800
G1 X-8.03 Y-1.043
G1 Z4.4
G1 E2 F2400
;TYPE:External perimeter
;WIDTH:0.449999
G1 F1350
G1 X-8.073 Y-1.005 E2.0015
G1 X-8.1 Y-.72 E2.00896
G1 X-8.1 Y.991 E2.05354
G1 X-8.033 Y1.082 E2.05648
G1 X-7.915 Y1.788 E2.07513
;WIDTH:0.496693
G1 X-7.779 Y2.383 E2.09281
;WIDTH:0.509027
G1 X-7.448 Y3.261 E2.12071
;WIDTH:0.520714
G1 X-7.105 Y3.909 E2.14305
G1 X-6.984 Y4.076 E2.14933
;WIDTH:0.485357
G1 X-6.862 Y4.243 E2.15517
;WIDTH:0.449999
G1 X-6.467 Y4.771 E2.17235
;WIDTH:0.497619
G1 X-6.131 Y5.14 E2.18684
;WIDTH:0.545238
G1 X-5.795 Y5.51 E2.20283
G1 X-5.154 Y5.977 E2.2282
G1 X-5.964 Y5.977 E2.25412
;WIDTH:0.552742
G1 X-6.192 Y5.86 E2.26244
G1 X-6.284 Y5.85 E2.26544
;WIDTH:0.50367
G1 X-6.376 Y5.84 E2.26816
;WIDTH:0.454598
G1 X-6.917 Y5.842 E2.28241
;WIDTH:0.449999
G1 X-9.775 Y5.842 E2.35688
G1 X-10.571 Y5.029 E2.38653
G1 X-11.053 Y4.462 E2.40592
G1 X-7.752 Y4.462 E2.49193
G1 X-7.636 Y4.427 E2.49509
G1 X-7.558 Y4.332 E2.49829
;WIDTH:0.485357
G1 X-7.546 Y4.238 E2.50097
;WIDTH:0.520714
G1 X-7.533 Y4.144 E2.50386
G1 X-7.885 Y3.452 E2.52751
;WIDTH:0.509027
G1 X-8.077 Y2.967 E2.54302
;WIDTH:0.508808
G1 X-8.282 Y2.322 E2.56314
;WIDTH:0.500023
G1 X-8.349 Y2.262 E2.56576
;WIDTH:0.475011
G1 X-8.415 Y2.203 E2.5682
;WIDTH:0.449999
G1 X-8.505 Y2.182 E2.57061
G1 X-9.61 Y2.182 E2.5994
G1 X-9.784 Y2.055 E2.60501
G1 X-9.784 Y-.72 E2.67731
G1 X-9.853 Y-.875 E2.68173
G1 X-9.993 Y-.929 E2.68564
G1 X-10.845 Y-.929 E2.70784
G1 X-11.294 Y-1.472 E2.7262
G1 X-11.726 Y-2.238 E2.74911
G1 X-12.072 Y-3.128 E2.77399
G1 X-12.302 Y-4.004 E2.79759
G1 X-12.417 Y-4.724 E2.81659
G1 X-11.955 Y-4.871 E2.82922
G1 X-11.325 Y-4.871 E2.84564
G1 X-11.176 Y-4.31 E2.86076
G1 X-10.901 Y-3.65 E2.87939
G1 X-10.487 Y-3.054 E2.8983
G1 X-10.091 Y-2.728 E2.91166
G1 X-9.713 Y-2.55 E2.92255
G1 X-9.38 Y-2.494 E2.93135
G1 X-9.119 Y-2.518 E2.93818
G1 X-8.772 Y-2.629 E2.94767
G1 X-8.448 Y-2.836 E2.95769
G1 X-7.979 Y-3.351 E2.97584
G1 X-7.657 Y-3.953 E2.99363
G1 X-7.465 Y-4.473 E3.00807
G1 X-7.282 Y-5.336 E3.03106
G1 X-7.247 Y-5.764 E3.04225
G1 X-7.014 Y-5.786 E3.04835
G1 X1.737 Y-5.786 E3.27636
G1 X2.247 Y-5.764 E3.28966
G1 X2.282 Y-5.338 E3.3008
G1 X2.428 Y-4.61 E3.32015
G1 X2.619 Y-4.032 E3.33601
G1 X2.862 Y-3.54 E3.35031
G1 X3.204 Y-3.066 E3.36554
G1 X3.49 Y-2.803 E3.37566
G1 X3.733 Y-2.648 E3.38317
G1 X4.02 Y-2.537 E3.39119
G1 X4.319 Y-2.494 E3.39906
G1 X4.681 Y-2.537 E3.40856
G1 X5.096 Y-2.728 E3.42046
G1 X5.502 Y-3.074 E3.43436
G1 X5.921 Y-3.687 E3.45371
G1 X6.17 Y-4.289 E3.47068
G1 X6.336 Y-4.871 E3.48645
G1 X6.88 Y-4.871 E3.50062
G1 X7.417 Y-4.724 E3.51513
G1 X7.302 Y-4.004 E3.53413
G1 X7.072 Y-3.128 E3.55773
G1 X6.726 Y-2.239 E3.58259
G1 X6.294 Y-1.472 E3.60553
G1 X5.845 Y-.929 E3.62389
G1 X4.993 Y-.929 E3.64609
G1 X4.85 Y-.872 E3.6501
G1 X4.784 Y-.72 E3.65442
G1 X4.784 Y2.055 E3.72672
G1 X4.61 Y2.182 E3.73233
G1 X3.434 Y2.195 E3.76297
;WIDTH:0.475009
G1 X3.358 Y2.258 E3.7657
;WIDTH:0.500019
G1 X3.282 Y2.322 E3.7686
G1 X3.226 Y2.509 E3.7743
;WIDTH:0.508808
G1 X3.071 Y2.985 E3.78918
;WIDTH:0.509026
G1 X2.877 Y3.471 E3.80474
;WIDTH:0.520713
G1 X2.533 Y4.144 E3.82777
G1 X2.541 Y4.229 E3.83037
;WIDTH:0.489414
G1 X2.548 Y4.313 E3.83277
;WIDTH:0.458115
G1 X2.636 Y4.427 E3.8366
;WIDTH:0.449999
G1 X2.752 Y4.462 E3.83976
G1 X6.04 Y4.462 E3.92543
G1 X5.563 Y5.039 E3.94494
G1 X4.775 Y5.842 E3.97425
G1 X1.917 Y5.842 E4.04872
;WIDTH:0.494667
G1 X1.578 Y5.84 E4.0585
;WIDTH:0.539335
G1 X1.239 Y5.837 E4.06922
;WIDTH:0.545232
G1 X.964 Y5.977 E4.07909
G1 X.154 Y5.977 E4.10501
G1 X.782 Y5.519 E4.12988
G1 X.936 Y5.339 E4.13746
;WIDTH:0.499895
G1 X1.09 Y5.159 E4.14437
;WIDTH:0.454558
G1 X1.485 Y4.749 E4.15937
;WIDTH:0.458115
G1 X1.877 Y4.228 E4.17669
;WIDTH:0.506592
G1 X2.287 Y3.594 E4.19903
G1 X2.506 Y3.134 E4.2141
;WIDTH:0.504601
G1 X2.785 Y2.362 E4.23828
;WIDTH:0.496542
G1 X2.919 Y1.768 E4.25591
;WIDTH:0.449999
G1 X3.033 Y1.082 E4.27403
G1 X3.076 Y1.056 E4.27534
G1 X3.1 Y.959 E4.27794
G1 X3.1 Y-.903 E4.32646
G1 X3.042 Y-1.048 E4.33053
G1 X2.891 Y-1.112 E4.3348
G1 X1.335 Y-1.112 E4.37534
G1 X1.18 Y-1.703 E4.39126
G1 X.862 Y-2.436 E4.41208
G1 X.578 Y-2.875 E4.4257
G1 X.242 Y-3.31 E4.44002
G1 X-.148 Y-3.717 E4.45471
G1 X-.778 Y-4.164 E4.47484
G1 X-1.473 Y-4.468 E4.49461
G1 X-2.204 Y-4.615 E4.51404
G1 X-2.838 Y-4.61 E4.53056
G1 X-3.564 Y-4.457 E4.54989
G1 X-4.048 Y-4.257 E4.56354
G1 X-4.579 Y-3.934 E4.57973
G1 X-5.137 Y-3.445 E4.59906
G1 X-5.654 Y-2.788 E4.62084
G1 X-5.957 Y-2.235 E4.63727
G1 X-6.079 Y-1.931 E4.6458
G1 X-6.343 Y-1.112 E4.66822
G1 X-7.964 Y-1.099 E4.71046
G1 X-7.984 Y-1.082 E4.71114
G1 X-8.091 Y-.696 F4800
G1 E2.71114 F2400
G92 E0
G1 Z4.7 F4800
G1 X-6.436 Y-3.758
G1 Z4.4
G1 E2 F2400
;TYPE:Solid infill
;WIDTH:0.455623
G1 F1200
G1 X-6.39 Y-4.056 E2.00796
G1 X-6.255 Y-4.634 E2.02363
G1 X-5.527 Y-4.634 E2.04285
G1 X-5.929 Y-4.281 E2.05698
G1 X-6.197 Y-3.964 E2.06794
G1 X-6.278 Y-3.894 E2.07077
G1 E.07077 F2400
G92 E0
G1 Z4.7 F4800
G1 X.555 Y-4.63
G1 Z4.4
G1 E2 F2400
;WIDTH:0.463165
G1 F1200
G1 X1.253 Y-4.63 E2.01876
G1 X1.42 Y-3.784 E2.04194
G1 X.705 Y-4.484 E2.06883
M106 S234.6
;LAYER_CHANGE
;Z:4.55
;HEIGHT:0.15
G1 E.06883 F2400
G92 E0
G1 Z4.55 F4800
G1 Z4.85
G1 X-10.36 Y4.682
G1 Z4.55
G1 E2 F2400
;TYPE:Perimeter
;WIDTH:0.513291
G1 F900
G1 X-7.924 Y4.682 E2.07309
;WIDTH:0.548826
G1 X-7.743 Y4.649 E2.07902
;WIDTH:0.584361
G1 X-7.563 Y4.616 E2.08532
G1 X-7.381 Y4.43 E2.09428
G1 X-6.881 Y5.127 E2.12382
G1 X-7.672 Y5.145 E2.15107
;WIDTH:0.548826
G1 X-7.924 Y5.163 E2.15921
;WIDTH:0.513291
G1 X-9.915 Y5.163 E2.21895
G1 X-10.32 Y4.726 E2.23683
G1 E.23683 F2400
G92 E0
G1 Z4.85 F4800
G1 X3.95 Y-1.133
G1 Z4.55
G1 E2 F2400
;WIDTH:0.4788
G1 F900
G1 X3.942 Y-.95 E2.0051
;WIDTH:0.462872
G1 X3.942 Y.729 E2.0502
;WIDTH:0.492253
G1 X3.927 Y.905 E2.05527
;WIDTH:0.521634
G1 X3.913 Y1.081 E2.06066
G1 E.06066 F2400
G92 E0
G1 Z4.85 F4800
G1 X3.465 Y-2.046
G1 Z4.55
G1 E2 F2400
;WIDTH:0.511136
G1 F900
G1 X3.743 Y-1.982 E2.00852
;WIDTH:0.479439
G1 X4.021 Y-1.918 E2.01648
;WIDTH:0.447741
G1 X4.594 Y-1.914 E2.03133
;WIDTH:0.447622
G1 X4.312 Y-1.741 E2.0399
;WIDTH:0.456248
G1 X4.043 Y-1.391 E2.05157
;WIDTH:0.4788
G1 X3.95 Y-1.133 E2.05921
G1 X3.903 Y-1.403 E2.06684
;WIDTH:0.459376
G1 X3.671 Y-1.835 E2.0799
;WIDTH:0.485256
G1 X3.568 Y-1.941 E2.08408
;WIDTH:0.511136
G1 X3.507 Y-2.003 E2.08668
G1 X4.594 Y-1.914 F4800
;WIDTH:0.489121
G1 F900
G1 X4.799 Y-1.955 E2.09264
;WIDTH:0.531572
G1 X5.003 Y-1.996 E2.09912
;WIDTH:0.574023
G1 X5.208 Y-2.037 E2.10618
;WIDTH:0.616474
G1 X5.412 Y-2.078 E2.11376
G1 E.11376 F2400
G92 E0
G1 Z4.85 F4800
G1 X3.248 Y-2.153
G1 Z4.55
G1 E2 F2400
;WIDTH:0.521466
G1 F900
G1 X3.446 Y-2.056 E2.00673
G1 E.00673 F2400
G92 E0
G1 Z4.85 F4800
G1 X-1.277 Y-5.18
G1 Z4.55
G1 E2 F2400
;WIDTH:0.449999
G1 F900
G1 X-.33 Y-5.18 E2.02467
G1 X1.551 Y-4.925 E2.07413
G1 X1.688 Y-4.389 E2.08854
;WIDTH:0.492086
G1 X1.736 Y-4.209 E2.09388
;WIDTH:0.534173
G1 X1.783 Y-4.029 E2.0997
;WIDTH:0.57626
G1 X1.83 Y-3.848 E2.10604
;WIDTH:0.618347
G1 X1.878 Y-3.668 E2.11285
;WIDTH:0.637595
G1 X1.999 Y-3.429 E2.12296
;WIDTH:0.675827
G1 X2.376 Y-2.83 E2.15137
G1 X2.908 Y-2.287 E2.18188
G1 X1.93 Y-2.29 E2.22114
G1 X1.627 Y-2.846 E2.24656
;WIDTH:0.644828
G1 X1.375 Y-3.289 E2.26603
G1 X1.317 Y-3.331 E2.26877
;WIDTH:0.609202
G1 X1.26 Y-3.373 E2.27132
;WIDTH:0.573575
G1 X1.203 Y-3.415 E2.27371
;WIDTH:0.537948
G1 X.878 Y-3.762 E2.28871
;WIDTH:0.493974
G1 X.552 Y-4.109 E2.30242
;WIDTH:0.449999
G1 X-.028 Y-4.58 E2.32189
G1 X-.652 Y-4.941 E2.34067
G1 X-1.221 Y-5.159 E2.35655
G1 E.35655 F2400
G92 E0
G1 Z4.85 F4800
G1 X-8.922 Y1.09
G1 Z4.55
G1 E2 F2400
;WIDTH:0.502938
G1 F900
G1 X-8.942 Y.729 E2.01061
;WIDTH:0.462874
G1 X-8.942 Y-.95 E2.05571
;WIDTH:0.478812
G1 X-8.95 Y-1.133 E2.06081
G1 X-10.413 Y-2.076 F4800
;WIDTH:0.613082
G1 F900
G1 X-10.246 Y-2.044 E2.06697
;WIDTH:0.563691
G1 X-10.079 Y-2.011 E2.07261
;WIDTH:0.5143
G1 X-9.912 Y-1.979 E2.07772
;WIDTH:0.464909
G1 X-9.745 Y-1.947 E2.08231
;WIDTH:0.42336
G1 X-9.693 Y-1.937 E2.0836
G1 X-8.637 Y-1.875 F4800
;WIDTH:0.54591
G1 F900
G1 X-8.655 Y-1.851 E2.08456
;WIDTH:0.497267
G1 X-8.778 Y-1.683 E2.0906
;WIDTH:0.456831
G1 X-8.903 Y-1.404 E2.0987
;WIDTH:0.478812
G1 X-8.95 Y-1.133 E2.10636
G1 X-9.043 Y-1.392 E2.11402
;WIDTH:0.456831
G1 X-9.166 Y-1.586 E2.1201
;WIDTH:0.448624
G1 X-9.475 Y-1.85 E2.13065
;WIDTH:0.438522
G1 X-9.693 Y-1.937 E2.1366
G1 X-9.458 Y-1.9 E2.14263
;WIDTH:0.448624
G1 X-9.029 Y-1.919 E2.15378
;WIDTH:0.497267
G1 X-8.78 Y-1.969 E2.16115
;WIDTH:0.54591
G1 X-8.531 Y-2.019 E2.16929
G1 X-8.601 Y-1.923 E2.1731
G1 X-8.531 Y-2.019 F4800
;WIDTH:0.551072
G1 F900
G1 X-8.165 Y-2.193 E2.18621
;WIDTH:0.599351
G1 X-8.022 Y-2.26 E2.1918
;WIDTH:0.64763
G1 X-7.88 Y-2.327 E2.19783
;WIDTH:0.670087
G1 X-7.459 Y-2.711 E2.2205
G1 X-7.16 Y-3.138 E2.24124
;WIDTH:0.644784
G1 X-6.886 Y-3.624 E2.26255
G1 X-6.872 Y-3.709 E2.26584
;WIDTH:0.598178
G1 X-6.858 Y-3.795 E2.26892
;WIDTH:0.551571
G1 X-6.801 Y-3.993 E2.27559
;WIDTH:0.517714
G1 X-6.745 Y-4.191 E2.28182
;WIDTH:0.483857
G1 X-6.688 Y-4.389 E2.28762
;WIDTH:0.449999
G1 X-6.551 Y-4.925 E2.30203
G1 X-4.67 Y-5.18 E2.35149
G1 X-3.721 Y-5.18 E2.37622
G1 X-3.897 Y-5.124 E2.38103
G1 X-4.716 Y-4.744 E2.40455
G1 X-5.293 Y-4.338 E2.42293
G1 X-5.812 Y-3.845 E2.44158
;WIDTH:0.498696
G1 X-5.953 Y-3.706 E2.44734
;WIDTH:0.547392
G1 X-6.093 Y-3.567 E2.45368
;WIDTH:0.596088
G1 X-6.234 Y-3.428 E2.46064
;WIDTH:0.644784
G1 X-6.375 Y-3.289 E2.4682
G1 X-6.627 Y-2.846 E2.48767
;WIDTH:0.670087
G1 X-6.928 Y-2.287 E2.51293
G1 X-7.86 Y-2.276 E2.55001
;WIDTH:0.64763
G1 X-8.013 Y-2.235 E2.55609
;WIDTH:0.599351
G1 X-8.107 Y-2.209 E2.55954
G1 X-8.324 Y-1.565 F4800
;WIDTH:0.449999
G1 F2700
G1 X-8.446 Y-1.423 E2.56442
G1 X-8.518 Y-1.133 E2.57221
G1 X-8.518 Y.729 E2.62073
G1 X-8.389 Y1.614 E2.64403
G1 X-8.458 Y1.548 E2.64652
G1 X-8.589 Y1.534 E2.64995
G1 X-9.366 Y1.534 E2.6702
G1 X-9.366 Y-1.037 E2.73719
G1 X-9.496 Y-1.332 E2.74559
G1 X-9.681 Y-1.493 E2.75198
G1 X-9.993 Y-1.577 E2.7604
G1 X-10.648 Y-1.577 E2.77747
G1 X-10.85 Y-1.82 E2.7857
G1 X-11.145 Y-2.288 E2.80011
G1 X-11.404 Y-2.788 E2.81478
;WIDTH:0.451656
G1 X-11.713 Y-3.636 E2.83839
G1 X-11.919 Y-4.364 E2.85818
;WIDTH:0.416659
G1 X-11.58 Y-4.472 E2.86671
G1 X-11.514 Y-4.306 E2.87099
;WIDTH:0.451656
G1 X-11.317 Y-3.776 E2.88578
;WIDTH:0.452555
G1 X-11.187 Y-3.558 E2.89243
G1 X-10.77 Y-2.977 E2.91118
;WIDTH:0.449999
G1 X-10.305 Y-2.597 E2.92683
G1 X-9.847 Y-2.382 E2.94001
G1 X-9.409 Y-2.309 E2.95158
G1 X-8.996 Y-2.345 E2.96238
G1 X-8.369 Y-2.615 E2.98017
G1 X-7.947 Y-2.961 E2.99439
G1 X-7.607 Y-3.388 E3.00861
G1 X-7.296 Y-3.96 E3.02557
G1 X-7.05 Y-4.638 E3.04436
G1 X-6.907 Y-5.298 E3.06196
G1 X-4.699 Y-5.598 E3.12002
G1 X-3.682 Y-5.598 E3.14652
;WIDTH:0.490758
G1 X-3.383 Y-5.578 E3.15509
;WIDTH:0.531517
G1 X-3.084 Y-5.557 E3.16442
;WIDTH:0.572276
G1 X-2.785 Y-5.537 E3.17451
;WIDTH:0.581973
G1 X-2.023 Y-5.532 E3.20064
G1 X-1.788 Y-5.554 E3.20873
;WIDTH:0.537982
G1 X-1.553 Y-5.576 E3.21617
;WIDTH:0.493991
G1 X-1.318 Y-5.598 E3.22297
;WIDTH:0.449999
G1 X-.302 Y-5.598 E3.24944
G1 X1.907 Y-5.298 E3.30753
G1 X1.936 Y-5.11 E3.31249
G1 X2.079 Y-4.537 E3.32788
G1 X2.336 Y-3.875 E3.34638
G1 X2.693 Y-3.27 E3.36468
G1 X3.13 Y-2.792 E3.38156
G1 X3.493 Y-2.534 E3.39316
G1 X3.906 Y-2.368 E3.40476
G1 X4.306 Y-2.308 E3.4153
G1 X4.657 Y-2.356 E3.42453
G1 X5.157 Y-2.509 E3.43815
G1 X5.576 Y-2.798 E3.45141
;WIDTH:0.479282
G1 X6.026 Y-3.272 E3.46963
;WIDTH:0.488441
G1 X6.188 Y-3.526 E3.4782
G1 X6.314 Y-3.796 E3.48668
;WIDTH:0.459762
G1 X6.44 Y-4.067 E3.49465
;WIDTH:0.431082
G1 X6.563 Y-4.478 E3.50532
;WIDTH:0.415482
G1 X6.919 Y-4.364 E3.51426
;WIDTH:0.431082
G1 X6.808 Y-3.916 E3.52574
;WIDTH:0.465508
G1 X6.665 Y-3.533 E3.53679
;WIDTH:0.499933
G1 X6.347 Y-2.645 E3.5643
;WIDTH:0.449999
G1 X5.967 Y-1.974 E3.58439
G1 X5.648 Y-1.577 E3.59766
G1 X4.847 Y-1.56 E3.61854
G1 X4.584 Y-1.425 E3.62624
G1 X4.425 Y-1.214 E3.63312
G1 X4.366 Y-.95 E3.64017
G1 X4.366 Y1.534 E3.70489
G1 X3.589 Y1.534 E3.72514
G1 X3.373 Y1.647 E3.73149
G1 X3.518 Y.729 E3.75571
G1 X3.518 Y-1.256 E3.80743
G1 X3.357 Y-1.553 E3.81623
G1 X3.098 Y-1.725 E3.82433
G1 X2.891 Y-1.76 E3.8298
G1 X1.552 Y-1.76 E3.86469
G1 X1.392 Y-2.202 E3.87694
G1 X1.018 Y-2.895 E3.89746
G1 X.283 Y-3.789 E3.92762
G1 X-.243 Y-4.222 E3.94537
G1 X-.81 Y-4.554 E3.96249
G1 X-1.288 Y-4.749 E3.97594
;WIDTH:0.493991
G1 X-1.551 Y-4.828 E3.98385
;WIDTH:0.537982
G1 X-1.814 Y-4.908 E3.99252
;WIDTH:0.581973
G1 X-2.077 Y-4.988 E4.00195
G1 X-2.215 Y-4.997 E4.00669
;WIDTH:0.57228
G1 X-2.921 Y-4.982 E4.03047
;WIDTH:0.571106
G1 X-3.19 Y-4.902 E4.0399
;WIDTH:0.530737
G1 X-3.459 Y-4.822 E4.04863
;WIDTH:0.490368
G1 X-3.728 Y-4.742 E4.05665
;WIDTH:0.449999
G1 X-4.481 Y-4.398 E4.07822
G1 X-5.011 Y-4.03 E4.09503
G1 X-5.484 Y-3.586 E4.11193
G1 X-6.018 Y-2.895 E4.13468
G1 X-6.391 Y-2.204 E4.15514
G1 X-6.552 Y-1.76 E4.16745
G1 X-8.048 Y-1.74 E4.20643
G1 X-8.258 Y-1.641 E4.21248
G1 X-8.285 Y-1.61 E4.21355
G1 E2.21355 F2400
G92 E0
G1 Z4.85 F4800
G1 X2.457 Y4.285
G1 Z4.55
G1 E2 F2400
;WIDTH:0.58128
G1 F900
G1 X2.57 Y4.618 E2.01204
G1 X2.747 Y4.65 E2.0182
;WIDTH:0.547286
G1 X2.924 Y4.682 E2.02398
;WIDTH:0.513291
G1 X5.358 Y4.682 E2.09701
G1 X4.91 Y5.163 E2.11673
G1 X2.924 Y5.163 E2.17632
;WIDTH:0.547286
G1 X2.677 Y5.146 E2.18427
;WIDTH:0.58128
G1 X1.857 Y5.129 E2.21236
G1 X2.191 Y4.719 E2.23047
G1 X2.425 Y4.336 E2.24584
G1 E.24584 F2400
G92 E0
G1 Z4.85 F4800
G1 X-8.028 Y-1.273
G1 Z4.55
G1 E2 F2400
;TYPE:External perimeter
;WIDTH:0.449999
G1 F1350
G1 X-8.069 Y-1.243 E2.00132
G1 X-8.1 Y-.95 E2.009
G1 X-8.1 Y.744 E2.05314
G1 X-8.006 Y1.413 E2.07074
;WIDTH:0.476075
G1 X-7.899 Y1.922 E2.08514
;WIDTH:0.502151
G1 X-7.793 Y2.43 E2.10035
G1 X-7.494 Y3.252 E2.12599
;WIDTH:0.521644
G1 X-7.24 Y3.763 E2.14341
G1 X-7.02 Y4.085 E2.15531
;WIDTH:0.485822
G1 X-6.8 Y4.408 E2.16637
;WIDTH:0.486095
G1 X-6.601 Y4.677 E2.17584
;WIDTH:0.52219
G1 X-6.402 Y4.946 E2.18606
;WIDTH:0.558285
G1 X-6.203 Y5.215 E2.19704
G1 X-5.861 Y5.557 E2.21291
;WIDTH:0.547925
G1 X-5.609 Y5.746 E2.22304
G1 X-6.339 Y5.746 E2.24652
;WIDTH:0.558285
G1 X-6.548 Y5.61 E2.2547
G1 X-6.625 Y5.611 E2.25723
;WIDTH:0.52219
G1 X-6.702 Y5.612 E2.25958
;WIDTH:0.486095
G1 X-6.779 Y5.612 E2.26176
;WIDTH:0.449999
G1 X-10.107 Y5.612 E2.34847
G1 X-10.572 Y5.126 E2.366
G1 X-11.305 Y4.232 E2.39612
G1 X-7.893 Y4.232 E2.48502
G1 X-7.743 Y4.128 E2.48978
;WIDTH:0.484297
G1 X-7.722 Y4.027 E2.49269
;WIDTH:0.518594
G1 X-7.701 Y3.927 E2.49579
G1 X-8.076 Y3.065 E2.5243
;WIDTH:0.510001
G1 X-8.361 Y2.103 E2.5542
;WIDTH:0.502458
G1 X-8.475 Y2.028 E2.5582
;WIDTH:0.476229
G1 X-8.589 Y1.952 E2.56199
;WIDTH:0.449999
G1 X-9.784 Y1.952 E2.59313
G1 X-9.784 Y-.95 E2.66874
G1 X-9.846 Y-1.099 E2.67294
G1 X-9.993 Y-1.159 E2.67708
G1 X-10.845 Y-1.159 E2.69928
G1 X-11.242 Y-1.639 E2.71551
G1 X-11.509 Y-2.083 E2.72901
G1 X-11.792 Y-2.633 E2.74513
G1 X-12.114 Y-3.516 E2.76962
G1 X-12.27 Y-4.101 E2.7854
G1 X-12.375 Y-4.639 E2.79968
G1 X-11.301 Y-4.982 E2.82906
G1 X-11.142 Y-4.457 E2.84335
G1 X-10.841 Y-3.795 E2.8623
G1 X-10.483 Y-3.282 E2.8786
G1 X-10.077 Y-2.948 E2.8923
G1 X-9.696 Y-2.772 E2.90324
G1 X-9.358 Y-2.724 E2.91214
G1 X-9.053 Y-2.759 E2.92014
G1 X-8.552 Y-2.99 E2.93451
G1 X-8.226 Y-3.272 E2.94574
G1 X-7.972 Y-3.592 E2.95639
G1 X-7.687 Y-4.107 E2.97173
G1 X-7.456 Y-4.736 E2.98919
G1 X-7.278 Y-5.669 E3.01394
G1 X-4.727 Y-6.016 E3.08102
G1 X-.274 Y-6.016 E3.19705
G1 X2.278 Y-5.669 E3.26416
G1 X2.342 Y-5.208 E3.27629
G1 X2.47 Y-4.684 E3.29034
G1 X2.701 Y-4.079 E3.30721
G1 X3.001 Y-3.552 E3.32301
G1 X3.438 Y-3.075 E3.33987
G1 X3.72 Y-2.885 E3.34873
G1 X4.048 Y-2.761 E3.35787
G1 X4.348 Y-2.724 E3.36575
G1 X4.874 Y-2.838 E3.37977
G1 X5.267 Y-3.079 E3.39178
G1 X5.706 Y-3.563 E3.40881
G1 X5.801 Y-3.729 E3.41379
G1 X6.095 Y-4.296 E3.43043
G1 X6.292 Y-4.985 E3.4491
G1 X7.375 Y-4.639 E3.47872
G1 X7.318 Y-4.312 E3.48737
G1 X7.206 Y-3.824 E3.50042
G1 X7.019 Y-3.2 E3.51739
G1 X6.724 Y-2.464 E3.53805
G1 X6.292 Y-1.7 E3.56092
G1 X5.845 Y-1.159 E3.57921
G1 X4.993 Y-1.159 E3.60141
G1 X4.857 Y-1.108 E3.60519
G1 X4.784 Y-.95 E3.60972
G1 X4.784 Y1.952 E3.68533
G1 X3.589 Y1.952 E3.71647
;WIDTH:0.493831
G1 X3.398 Y2.03 E3.72241
;WIDTH:0.498789
G1 X3.365 Y2.096 E3.72456
;WIDTH:0.506708
G1 X3.068 Y3.093 E3.75534
;WIDTH:0.510595
G1 X2.71 Y3.918 E3.78217
G1 X2.764 Y4.06 E3.7867
;WIDTH:0.480297
G1 X2.818 Y4.203 E3.79097
;WIDTH:0.449999
G1 X2.924 Y4.232 E3.79383
G1 X6.308 Y4.232 E3.882
G1 X5.849 Y4.813 E3.90129
G1 X5.106 Y5.612 E3.92972
G1 X2.284 Y5.612 E4.00325
;WIDTH:0.497995
G1 X1.921 Y5.612 E4.01379
;WIDTH:0.54599
G1 X1.558 Y5.611 E4.02542
G1 X1.34 Y5.748 E4.03367
;WIDTH:0.5423
G1 X.607 Y5.749 E4.05699
G1 X1.125 Y5.3 E4.0788
G1 X1.258 Y5.119 E4.08595
;WIDTH:0.499608
G1 X1.392 Y4.937 E4.09254
;WIDTH:0.456915
G1 X1.784 Y4.458 E4.10893
;WIDTH:0.481529
G1 X2.028 Y4.09 E4.1213
;WIDTH:0.513059
G1 X2.272 Y3.721 E4.13457
;WIDTH:0.514742
G1 X2.682 Y2.776 E4.16557
;WIDTH:0.497542
G1 X2.944 Y1.853 E4.19341
;WIDTH:0.493831
G1 X3.004 Y1.278 E4.21005
;WIDTH:0.449999
G1 X3.1 Y.729 E4.22457
G1 X3.1 Y-1.133 E4.27309
G1 X3.046 Y-1.273 E4.277
G1 X2.891 Y-1.342 E4.28142
G1 X1.252 Y-1.342 E4.32413
G1 X1.038 Y-1.971 E4.34144
G1 X.808 Y-2.404 E4.35421
G1 X.524 Y-2.856 E4.36812
G1 X.015 Y-3.469 E4.38888
G1 X-.459 Y-3.863 E4.40494
G1 X-.968 Y-4.167 E4.42039
G1 X-1.483 Y-4.373 E4.43484
G1 X-2.215 Y-4.518 E4.45428
G1 X-2.826 Y-4.514 E4.4702
G1 X-3.559 Y-4.36 E4.48972
G1 X-4.246 Y-4.053 E4.50933
G1 X-4.729 Y-3.721 E4.5246
G1 X-5.156 Y-3.327 E4.53974
G1 X-5.65 Y-2.696 E4.56062
G1 X-6.038 Y-1.971 E4.58205
G1 X-6.252 Y-1.342 E4.59936
G1 X-7.943 Y-1.335 E4.64342
G1 X-7.98 Y-1.308 E4.64461
G1 X-8.091 Y-.924 F4800
G1 E2.64461 F2400
G92 E0
G1 Z4.85 F4800
G1 X-5.308 Y-4.746
G1 Z4.55
G1 E2 F2400
;TYPE:Solid infill
;WIDTH:0.5112
G1 F1200
G1 X-5.531 Y-4.586 E2.0082
G1 X-6.476 Y-3.711 E2.04667
G1 X-6.275 Y-4.615 E2.07433
G1 X-5.515 Y-4.718 E2.09724
G1 E.09724 F2400
G92 E0
G1 Z4.85 F4800
G1 X.333 Y-4.743
G1 Z4.55
G1 E2 F2400
;WIDTH:0.511726
G1 F1200
G1 X1.271 Y-4.615 E2.02831
G1 X1.473 Y-3.691 E2.05659
G1 X.768 Y-4.377 E2.08601
G1 X.493 Y-4.608 E2.09675
M106 S232.05
;LAYER_CHANGE
;Z:4.7
;HEIGHT:0.15
G1 E.09675 F2400
G92 E0
G1 Z4.7 F4800
G1 Z5
G1 X-10.639 Y4.452
G1 Z4.7
G1 E2 F2400
;TYPE:Perimeter
;WIDTH:0.51329
G1 F900
G1 X-8.083 Y4.452 E2.07669
;WIDTH:0.543481
G1 X-7.916 Y4.424 E2.08209
;WIDTH:0.573671
G1 X-7.748 Y4.395 E2.08785
G1 X-7.577 Y4.179 E2.09715
G1 X-7.132 Y4.899 E2.12573
G1 X-7.661 Y4.918 E2.1436
;WIDTH:0.543481
G1 X-8.083 Y4.933 E2.15706
;WIDTH:0.51329
G1 X-10.223 Y4.933 E2.22127
G1 X-10.6 Y4.497 E2.23856
G1 E.23856 F2400
G92 E0
G1 Z5 F4800
G1 X-8.931 Y.87
G1 Z4.7
G1 E2 F2400
;WIDTH:0.484186
G1 F900
G1 X-8.943 Y.483 E2.01091
;WIDTH:0.462736
G1 X-8.942 Y-1.18 E2.05556
;WIDTH:0.478974
G1 X-8.95 Y-1.364 E2.06069
G1 X-10.413 Y-2.306 F4800
;WIDTH:0.613266
G1 F900
G1 X-10.257 Y-2.276 E2.06645
;WIDTH:0.56343
G1 X-10.101 Y-2.246 E2.07171
;WIDTH:0.513594
G1 X-9.944 Y-2.216 E2.07651
;WIDTH:0.463758
G1 X-9.788 Y-2.186 E2.08079
;WIDTH:0.428124
G1 X-9.664 Y-2.16 E2.08392
G1 X-8.63 Y-2.102 F4800
;WIDTH:0.485327
G1 F900
G1 X-8.678 Y-2.053 E2.08586
;WIDTH:0.4561
G1 X-8.903 Y-1.633 E2.09846
;WIDTH:0.478974
G1 X-8.95 Y-1.364 E2.10607
G1 X-9.043 Y-1.621 E2.11369
;WIDTH:0.4561
G1 X-9.165 Y-1.814 E2.11973
;WIDTH:0.447386
G1 X-9.333 Y-1.987 E2.12597
;WIDTH:0.447214
G1 X-9.664 Y-2.16 E2.13564
;WIDTH:0.434352
G1 X-9.538 Y-2.137 E2.13885
;WIDTH:0.447386
G1 X-9.022 Y-2.147 E2.15221
;WIDTH:0.481309
G1 X-8.732 Y-2.218 E2.16057
;WIDTH:0.515232
G1 X-8.441 Y-2.289 E2.16959
G1 X-8.56 Y-2.171 E2.17464
;WIDTH:0.485327
G1 X-8.587 Y-2.144 E2.17572
G1 X-8.441 Y-2.289 F4800
;WIDTH:0.52561
G1 F900
G1 X-8.229 Y-2.391 E2.18296
G1 E.18296 F2400
G92 E0
G1 Z5 F4800
G1 X3.95 Y-1.364
G1 Z4.7
G1 E2 F2400
;WIDTH:0.478966
G1 F900
G1 X3.942 Y-1.18 E2.00513
;WIDTH:0.462734
G1 X3.943 Y.483 E2.04978
;WIDTH:0.484176
G1 X3.931 Y.869 E2.06067
G1 E.06067 F2400
G92 E0
G1 Z5 F4800
G1 X3.457 Y-2.281
G1 Z4.7
G1 E2 F2400
;WIDTH:0.512315
G1 F900
G1 X3.617 Y-2.24 E2.00495
;WIDTH:0.483867
G1 X3.778 Y-2.199 E2.00963
;WIDTH:0.455419
G1 X4.291 Y-2.124 E2.02331
;WIDTH:0.44721
G1 X4.664 Y-2.16 E2.03301
G1 X4.333 Y-1.988 E2.04266
;WIDTH:0.447385
G1 X4.177 Y-1.829 E2.04843
;WIDTH:0.456096
G1 X4.043 Y-1.621 E2.05497
;WIDTH:0.478966
G1 X3.95 Y-1.364 E2.06258
G1 X3.903 Y-1.633 E2.07019
;WIDTH:0.456096
G1 X3.678 Y-2.053 E2.08279
;WIDTH:0.483867
G1 X3.568 Y-2.167 E2.08725
;WIDTH:0.512315
G1 X3.499 Y-2.238 E2.09021
G1 X5.413 Y-2.306 F4800
;WIDTH:0.613248
G1 F900
G1 X5.351 Y-2.292 E2.09251
;WIDTH:0.585879
G1 X5.289 Y-2.279 E2.0947
;WIDTH:0.55851
G1 X5.081 Y-2.239 E2.10165
;WIDTH:0.515048
G1 X4.873 Y-2.199 E2.10803
;WIDTH:0.471585
G1 X4.664 Y-2.16 E2.11386
G1 E.11386 F2400
G92 E0
G1 Z5 F4800
G1 X-1.36 Y-5.166
G1 Z4.7
G1 E2 F2400
;WIDTH:0.561372
G1 F900
G1 X-1.178 Y-5.16 E2.00601
;WIDTH:0.524248
G1 X-.996 Y-5.154 E2.0116
;WIDTH:0.487124
G1 X-.813 Y-5.148 E2.01679
;WIDTH:0.449999
G1 X1.633 Y-4.816 E2.08111
G1 X1.985 Y-3.874 E2.10731
G1 X2.138 Y-3.6 E2.11549
G1 X2.64 Y-2.907 E2.13779
;WIDTH:0.487814
G1 X2.934 Y-2.649 E2.1489
;WIDTH:0.525628
G1 X3.229 Y-2.391 E2.16096
G1 X2.991 Y-2.399 E2.16829
;WIDTH:0.487814
G1 X2.752 Y-2.407 E2.17508
;WIDTH:0.449999
G1 X1.705 Y-2.407 E2.20236
G1 X1.32 Y-3.094 E2.22288
G1 X1.115 Y-3.371 E2.23186
G1 X.67 Y-3.895 E2.24977
G1 X-.059 Y-4.501 E2.27447
G1 X-.863 Y-4.937 E2.2983
;WIDTH:0.487124
G1 X-1.029 Y-5.013 E2.30348
;WIDTH:0.524248
G1 X-1.195 Y-5.09 E2.3091
;WIDTH:0.561372
G1 X-1.306 Y-5.141 E2.31313
G1 E.31313 F2400
G92 E0
G1 Z5 F4800
G1 X3.229 Y-2.391
G1 Z4.7
G1 E2 F2400
;WIDTH:0.525628
G1 F900
G1 X3.441 Y-2.289 E2.00724
G1 E.00724 F2400
G92 E0
G1 Z5 F4800
G1 X-3.616 Y-5.172
G1 Z4.7
G1 E2 F2400
;WIDTH:0.556942
G1 F900
G1 X-2.955 Y-5.278 E2.02191
;WIDTH:0.570276
G1 X-2.5 Y-5.317 E2.03723
G1 X-1.535 Y-5.2 E2.06985
;WIDTH:0.561372
G1 X-1.36 Y-5.166 E2.07573
G1 E.07573 F2400
G92 E0
G1 Z5 F4800
G1 X-8.229 Y-2.391
G1 Z4.7
G1 E2 F2400
;WIDTH:0.52561
G1 F900
G1 X-8.019 Y-2.571 E2.00851
;WIDTH:0.487805
G1 X-7.809 Y-2.752 E2.01639
;WIDTH:0.449999
G1 X-7.25 Y-3.399 E2.03867
G1 X-7.002 Y-3.833 E2.05169
G1 X-6.796 Y-4.308 E2.06518
G1 X-6.643 Y-4.814 E2.07895
G1 X-4.187 Y-5.148 E2.14353
;WIDTH:0.485647
G1 X-4.004 Y-5.152 E2.14871
;WIDTH:0.521295
G1 X-3.821 Y-5.157 E2.15429
;WIDTH:0.556942
G1 X-3.638 Y-5.161 E2.16028
;WIDTH:0.550511
G1 X-3.856 Y-5.063 E2.16801
;WIDTH:0.517007
G1 X-4.075 Y-4.966 E2.17525
;WIDTH:0.483503
G1 X-4.294 Y-4.868 E2.182
;WIDTH:0.449999
G1 X-4.916 Y-4.52 E2.20057
G1 X-5.462 Y-4.095 E2.2186
G1 X-6.027 Y-3.494 E2.24009
G1 X-6.441 Y-2.884 E2.2593
G1 X-6.697 Y-2.407 E2.27341
G1 X-7.656 Y-2.407 E2.2984
;WIDTH:0.487805
G1 X-7.942 Y-2.399 E2.30653
;WIDTH:0.52561
G1 X-8.169 Y-2.393 E2.31352
G1 X-8.325 Y-1.801 F4800
;WIDTH:0.449999
G1 F2700
G1 X-8.362 Y-1.776 E2.31468
G1 X-8.497 Y-1.524 E2.32213
G1 X-8.518 Y-1.179 E2.33114
G1 X-8.519 Y.655 E2.37893
G1 X-8.423 Y1.469 E2.40029
G1 X-8.655 Y1.305 E2.40769
G1 X-9.366 Y1.305 E2.42622
G1 X-9.366 Y-1.267 E2.49324
G1 X-9.496 Y-1.561 E2.50162
G1 X-9.722 Y-1.745 E2.50921
G1 X-9.993 Y-1.806 E2.51645
G1 X-10.648 Y-1.806 E2.53352
G1 X-10.967 Y-2.202 E2.54677
G1 X-11.27 Y-2.725 E2.56252
;WIDTH:0.492701
G1 X-11.559 Y-3.469 E2.58544
G1 X-11.694 Y-3.876 E2.59775
;WIDTH:0.46655
G1 X-11.829 Y-4.282 E2.60934
;WIDTH:0.440398
G1 X-11.485 Y-4.392 E2.61853
G1 X-11.405 Y-4.221 E2.62334
;WIDTH:0.46655
G1 X-11.27 Y-3.934 E2.63193
;WIDTH:0.492701
G1 X-11.135 Y-3.647 E2.64104
G1 X-11.035 Y-3.521 E2.64566
;WIDTH:0.469741
G1 X-10.59 Y-3.04 E2.66354
;WIDTH:0.449999
G1 X-10.306 Y-2.828 E2.67277
G1 X-9.85 Y-2.612 E2.68592
G1 X-9.328 Y-2.538 E2.69966
G1 X-8.92 Y-2.595 E2.71039
G1 X-8.479 Y-2.772 E2.72277
G1 X-8.118 Y-3.032 E2.73436
G1 X-7.644 Y-3.561 E2.75287
G1 X-7.385 Y-3.999 E2.76613
G1 X-7.153 Y-4.548 E2.78166
G1 X-6.971 Y-5.191 E2.79907
G1 X-2.5 Y-5.799 E2.91664
G1 X1.978 Y-5.19 E3.03439
G1 X2.026 Y-4.955 E3.04064
G1 X2.442 Y-3.896 E3.07029
G1 X2.839 Y-3.314 E3.08865
G1 X3.153 Y-2.998 E3.10026
G1 X3.479 Y-2.772 E3.1106
G1 X3.92 Y-2.595 E3.12298
G1 X4.328 Y-2.538 E3.13371
G1 X4.85 Y-2.612 E3.14745
G1 X5.281 Y-2.814 E3.15985
G1 X5.747 Y-3.186 E3.17539
;WIDTH:0.492692
G1 X6.135 Y-3.647 E3.19269
G1 X6.31 Y-4.019 E3.2045
;WIDTH:0.466541
G1 X6.485 Y-4.392 E3.21566
;WIDTH:0.440389
G1 X6.829 Y-4.282 E3.22485
G1 X6.78 Y-4.063 E3.23056
;WIDTH:0.473271
G1 X6.498 Y-3.258 E3.25402
G1 X6.262 Y-2.707 E3.27051
;WIDTH:0.449999
G1 X5.968 Y-2.202 E3.28574
G1 X5.648 Y-1.807 E3.29899
G1 X4.868 Y-1.794 E3.31932
G1 X4.596 Y-1.665 E3.32716
G1 X4.425 Y-1.444 E3.33444
G1 X4.366 Y-1.18 E3.34149
G1 X4.366 Y1.304 E3.40621
G1 X3.655 Y1.304 E3.42474
G1 X3.423 Y1.468 E3.43214
G1 X3.481 Y1.091 E3.44208
G1 X3.519 Y.484 E3.45793
G1 X3.518 Y-1.363 E3.50605
G1 X3.447 Y-1.653 E3.51383
G1 X3.211 Y-1.902 E3.52277
G1 X2.891 Y-1.99 E3.53142
G1 X1.438 Y-1.99 E3.56928
G1 X1.368 Y-2.155 E3.57395
G1 X.956 Y-2.889 E3.59588
G1 X.397 Y-3.58 E3.61904
G1 X-.265 Y-4.137 E3.64158
G1 X-.999 Y-4.542 E3.66342
G1 X-1.613 Y-4.743 E3.68025
G1 X-2.226 Y-4.839 E3.69642
G1 X-2.879 Y-4.83 E3.71344
G1 X-3.486 Y-4.718 E3.72952
G1 X-4.096 Y-4.5 E3.7464
G1 X-4.665 Y-4.185 E3.76335
G1 X-5.163 Y-3.803 E3.7797
G1 X-5.567 Y-3.39 E3.79475
G1 X-5.889 Y-2.953 E3.80889
G1 X-6.214 Y-2.468 E3.8241
G1 X-6.42 Y-1.99 E3.83766
G1 X-7.656 Y-1.989 E3.86986
G1 X-8.087 Y-1.958 E3.88112
G1 X-8.275 Y-1.834 E3.88699
G1 E1.88699 F2400
G92 E0
G1 Z5 F4800
G1 X2.577 Y4.179
G1 Z4.7
G1 E2 F2400
;WIDTH:0.57367
G1 F900
G1 X2.749 Y4.395 E2.00932
G1 X2.916 Y4.423 E2.01504
;WIDTH:0.543481
G1 X3.083 Y4.452 E2.02044
;WIDTH:0.513291
G1 X5.637 Y4.452 E2.09707
G1 X5.216 Y4.933 E2.11625
G1 X3.083 Y4.933 E2.18025
;WIDTH:0.543481
G1 X2.608 Y4.916 E2.19541
;WIDTH:0.57367
G1 X2.132 Y4.899 E2.21149
G1 X2.545 Y4.23 E2.23804
G1 E.23804 F2400
G92 E0
G1 Z5 F4800
G1 X-8.028 Y-1.5
G1 Z4.7
G1 E2 F2400
;TYPE:External perimeter
;WIDTH:0.449999
G1 F1350
G1 X-8.076 Y-1.459 E2.00164
G1 X-8.1 Y-1.179 E2.00896
G1 X-8.101 Y.491 E2.05247
G1 X-8.062 Y1.083 E2.06793
;WIDTH:0.491247
G1 X-7.939 Y1.97 E2.09357
;WIDTH:0.507036
G1 X-7.63 Y3.008 E2.12564
G1 X-7.276 Y3.773 E2.1506
;WIDTH:0.472243
G1 X-6.761 Y4.588 E2.17706
;WIDTH:0.497581
G1 X-6.58 Y4.841 E2.18609
;WIDTH:0.545162
G1 X-6.399 Y5.095 E2.19607
G1 X-5.989 Y5.517 E2.21489
G1 X-6.662 Y5.516 E2.23642
;WIDTH:0.551424
G1 X-6.824 Y5.396 E2.24295
G1 X-6.881 Y5.392 E2.2448
;WIDTH:0.517616
G1 X-6.938 Y5.387 E2.24653
;WIDTH:0.483808
G1 X-6.995 Y5.382 E2.24814
;WIDTH:0.449999
G1 X-10.422 Y5.382 E2.33743
G1 X-10.857 Y4.901 E2.35433
G1 X-11.538 Y4.002 E2.38372
G1 X-8.051 Y4.002 E2.47458
;WIDTH:0.472243
G1 X-7.871 Y3.854 E2.48098
;WIDTH:0.51536
G1 X-7.859 Y3.704 E2.48551
G1 X-8.073 Y3.177 E2.50265
;WIDTH:0.507036
G1 X-8.238 Y2.672 E2.51838
;WIDTH:0.506093
G1 X-8.429 Y1.878 E2.54252
;WIDTH:0.497163
G1 X-8.655 Y1.722 E2.55048
;WIDTH:0.449999
G1 X-9.784 Y1.722 E2.5799
G1 X-9.784 Y-1.211 E2.65632
G1 X-9.861 Y-1.341 E2.66026
G1 X-9.993 Y-1.389 E2.66392
G1 X-10.845 Y-1.389 E2.68612
G1 X-11.292 Y-1.929 E2.70439
G1 X-11.634 Y-2.515 E2.72207
G1 X-11.905 Y-3.115 E2.73922
G1 X-12.182 Y-3.964 E2.76249
G1 X-12.313 Y-4.561 E2.77842
G1 X-11.217 Y-4.911 E2.8084
G1 X-11.039 Y-4.412 E2.8222
G1 X-10.716 Y-3.807 E2.84007
G1 X-10.351 Y-3.4 E2.85431
G1 X-9.981 Y-3.115 E2.86648
G1 X-9.541 Y-2.975 E2.87851
G1 X-9.114 Y-2.976 E2.88964
G1 X-8.751 Y-3.1 E2.89963
G1 X-8.428 Y-3.313 E2.90971
G1 X-7.998 Y-3.788 E2.9264
G1 X-7.769 Y-4.166 E2.93792
G1 X-7.554 Y-4.666 E2.9521
G1 X-7.321 Y-5.565 E2.9763
G1 X-2.5 Y-6.221 E3.10307
G1 X2.327 Y-5.564 E3.23
G1 X2.435 Y-5.04 E3.24394
G1 X2.788 Y-4.131 E3.26935
G1 X3.106 Y-3.664 E3.28407
G1 X3.439 Y-3.301 E3.29691
G1 X3.708 Y-3.122 E3.30533
G1 X4.062 Y-2.988 E3.31519
G1 X4.364 Y-2.955 E3.32311
G1 X4.666 Y-2.994 E3.33104
G1 X5.008 Y-3.132 E3.34065
G1 X5.424 Y-3.451 E3.35431
G1 X5.745 Y-3.848 E3.36761
G1 X6.048 Y-4.43 E3.38471
G1 X6.217 Y-4.911 E3.39799
G1 X7.313 Y-4.561 E3.42797
G1 X7.182 Y-3.964 E3.4439
G1 X6.905 Y-3.115 E3.46717
G1 X6.634 Y-2.516 E3.4843
G1 X6.292 Y-1.929 E3.502
G1 X5.845 Y-1.389 E3.52027
G1 X4.951 Y-1.385 E3.54356
G1 X4.83 Y-1.31 E3.54727
G1 X4.784 Y-1.18 E3.55086
G1 X4.784 Y1.722 E3.62647
G1 X3.682 Y1.722 E3.65518
;WIDTH:0.497164
G1 X3.429 Y1.878 E3.6638
G1 X3.383 Y2.086 E3.66998
;WIDTH:0.506092
G1 X3.232 Y2.691 E3.68841
;WIDTH:0.507037
G1 X3.068 Y3.191 E3.70399
;WIDTH:0.515359
G1 X2.859 Y3.704 E3.72068
G1 X2.858 Y3.825 E3.72433
;WIDTH:0.485786
G1 X2.982 Y3.976 E3.72986
;WIDTH:0.449999
G1 X3.083 Y4.002 E3.73258
G1 X6.541 Y4.002 E3.82268
G1 X6.128 Y4.574 E3.84106
G1 X5.42 Y5.382 E3.86905
G1 X2.617 Y5.382 E3.94208
;WIDTH:0.483807
G1 X2.353 Y5.387 E3.94952
;WIDTH:0.517614
G1 X2.088 Y5.391 E3.95754
;WIDTH:0.551421
G1 X1.824 Y5.396 E3.96609
G1 X1.663 Y5.516 E3.97259
;WIDTH:0.545164
G1 X.995 Y5.517 E3.99396
G1 X1.399 Y5.095 E4.01265
G1 X1.536 Y4.894 E4.02043
;WIDTH:0.497582
G1 X1.674 Y4.693 E4.02751
;WIDTH:0.449999
G1 X1.977 Y4.24 E4.04171
;WIDTH:0.482679
G1 X2.195 Y3.879 E4.05356
;WIDTH:0.515359
G1 X2.413 Y3.518 E4.06627
G1 X2.63 Y3.008 E4.08297
;WIDTH:0.507037
G1 X2.779 Y2.552 E4.09718
;WIDTH:0.506092
G1 X2.973 Y1.788 E4.12048
;WIDTH:0.497164
G1 X3.064 Y1.064 E4.14164
;WIDTH:0.449999
G1 X3.102 Y.484 E4.15678
G1 X3.1 Y-1.363 E4.2049
G1 X3.048 Y-1.501 E4.20874
G1 X2.891 Y-1.572 E4.21323
G1 X1.15 Y-1.572 E4.25859
G1 X1.016 Y-1.923 E4.26838
G1 X.833 Y-2.255 E4.27826
G1 X.465 Y-2.846 E4.2964
G1 X.123 Y-3.264 E4.31047
G1 X-.471 Y-3.774 E4.33087
G1 X-1.134 Y-4.146 E4.35068
G1 X-1.683 Y-4.332 E4.36578
G1 X-2.226 Y-4.421 E4.38012
G1 X-2.809 Y-4.418 E4.39531
G1 X-3.35 Y-4.323 E4.40962
G1 X-3.897 Y-4.133 E4.42471
G1 X-4.415 Y-3.851 E4.44008
G1 X-4.865 Y-3.511 E4.45478
G1 X-5.268 Y-3.098 E4.46982
G1 X-5.855 Y-2.253 E4.49663
G1 X-6.144 Y-1.572 E4.51591
G1 X-7.956 Y-1.561 E4.56312
G1 X-7.982 Y-1.539 E4.56401
G1 X-8.091 Y-1.154 F4800
G1 X-7.446 Y-2.708
;TYPE:Solid infill
;WIDTH:0.423934
G1 F1200
G1 X-7.065 Y-3.152 E4.5783
;WIDTH:0.425827
G1 X-6.796 Y-3.575 E4.59061
;WIDTH:0.466148
G1 X-6.652 Y-3.879 E4.59971
;WIDTH:0.506469
G1 X-6.507 Y-4.183 E4.60967
;WIDTH:0.546789
G1 X-6.363 Y-4.487 E4.62047
G1 X-5.376 Y-4.621 E4.65244
G1 X-5.58 Y-4.471 E4.66057
G1 X-5.985 Y-4.071 E4.67884
G1 X-6.074 Y-3.957 E4.68348
;WIDTH:0.512249
G1 X-6.163 Y-3.842 E4.68783
;WIDTH:0.477708
G1 X-6.323 Y-3.591 E4.6961
;WIDTH:0.450204
G1 X-6.483 Y-3.34 E4.70386
;WIDTH:0.423934
G1 X-6.89 Y-2.708 E4.72222
G1 X-7.237 Y-2.708 E4.7307
G1 E2.7307 F2400
G92 E0
G1 Z5 F4800
G1 X1.439 Y-4.31
G1 Z4.7
G1 E2 F2400
;WIDTH:0.53491
G1 F1200
G1 X1.584 Y-4.033 E2.0098
;WIDTH:0.493703
G1 X1.728 Y-3.757 E2.01876
;WIDTH:0.452496
G1 X1.873 Y-3.48 E2.02696
;WIDTH:0.431437
G1 X2.166 Y-3.022 E2.0405
G1 X2.409 Y-2.711 E2.05033
G1 X1.883 Y-2.711 E2.06343
G1 X1.422 Y-3.456 E2.08524
;WIDTH:0.463612
G1 X1.275 Y-3.669 E2.0922
;WIDTH:0.50312
G1 X1.128 Y-3.882 E2.0998
;WIDTH:0.542628
G1 X.981 Y-4.095 E2.10804
G1 X.38 Y-4.623 E2.13351
G1 X1.35 Y-4.491 E2.16467
;LAYER_CHANGE
;Z:4.85
;HEIGHT:0.15
G1 E.16467 F2400
G92 E0
G1 Z4.85 F4800
G1 Z5.15
G1 X-10.897 Y4.222
G1 Z4.85
G1 E2 F2400
;TYPE:Perimeter
;WIDTH:0.51329
G1 F900
G1 X-8.215 Y4.222 E2.08047
;WIDTH:0.562099
G1 X-7.914 Y4.176 E2.09053
G1 X-7.756 Y3.916 E2.10058
G1 X-7.329 Y4.679 E2.12947
G1 X-8.215 Y4.703 E2.15876
;WIDTH:0.51329
G1 X-10.511 Y4.703 E2.22765
G1 X-10.859 Y4.269 E2.24434
G1 E.24434 F2400
G92 E0
G1 Z5.15 F4800
G1 X3.95 Y-1.595
G1 Z4.85
G1 E2 F2400
;WIDTH:0.479246
G1 F900
G1 X3.942 Y-1.41 E2.00516
;WIDTH:0.4625
G1 X3.944 Y.453 E2.05515
;WIDTH:0.46715
G1 X3.94 Y.648 E2.06044
G1 E.06044 F2400
G92 E0
G1 Z5.15 F4800
G1 X3.448 Y-2.517
G1 Z4.85
G1 E2 F2400
;WIDTH:0.513632
G1 F900
G1 X3.621 Y-2.472 E2.00537
;WIDTH:0.482547
G1 X3.794 Y-2.428 E2.01038
;WIDTH:0.451461
G1 X4.318 Y-2.354 E2.02422
;WIDTH:0.445118
G1 X4.652 Y-2.387 E2.03286
G1 X4.355 Y-2.233 E2.04148
;WIDTH:0.447079
G1 X4.192 Y-2.078 E2.0473
;WIDTH:0.456034
G1 X4.043 Y-1.851 E2.05448
;WIDTH:0.479246
G1 X3.95 Y-1.595 E2.06207
G1 X3.903 Y-1.863 E2.06966
;WIDTH:0.456034
G1 X3.686 Y-2.272 E2.0819
;WIDTH:0.482547
G1 X3.567 Y-2.394 E2.08669
;WIDTH:0.513632
G1 X3.49 Y-2.473 E2.09
G1 X5.42 Y-2.538 F4800
;WIDTH:0.616752
G1 F900
G1 X5.315 Y-2.514 E2.09393
;WIDTH:0.570274
G1 X5.094 Y-2.472 E2.10148
;WIDTH:0.52365
G1 X4.873 Y-2.429 E2.10838
;WIDTH:0.477025
G1 X4.652 Y-2.387 E2.11462
G1 E.11462 F2400
G92 E0
G1 Z5.15 F4800
G1 X-1.121 Y-5.016
G1 Z4.85
G1 E2 F2400
;WIDTH:0.600956
G1 F900
G1 X-.979 Y-5.016 E2.00504
;WIDTH:0.563217
G1 X-.837 Y-5.015 E2.00974
;WIDTH:0.525478
G1 X-.695 Y-5.015 E2.01411
;WIDTH:0.487739
G1 X-.553 Y-5.015 E2.01814
;WIDTH:0.449999
G1 X1.747 Y-4.702 E2.07862
G1 X1.865 Y-4.368 E2.08785
G1 X2.105 Y-3.902 E2.10151
G1 X2.363 Y-3.477 E2.11446
G1 X2.795 Y-2.994 E2.13134
;WIDTH:0.49013
G1 X3.003 Y-2.812 E2.13923
;WIDTH:0.53026
G1 X3.21 Y-2.629 E2.14781
G1 X2.923 Y-2.633 E2.15673
;WIDTH:0.49013
G1 X2.636 Y-2.637 E2.16493
;WIDTH:0.449999
G1 X1.54 Y-2.637 E2.19349
G1 X.983 Y-3.452 E2.21921
G1 X.462 Y-3.996 E2.23884
G1 X-.044 Y-4.395 E2.25563
G1 X-.628 Y-4.733 E2.27321
;WIDTH:0.487739
G1 X-.751 Y-4.804 E2.27724
;WIDTH:0.525478
G1 X-.875 Y-4.874 E2.28162
;WIDTH:0.563217
G1 X-.998 Y-4.945 E2.28632
;WIDTH:0.600956
G1 X-1.069 Y-4.986 E2.28923
G1 E.28923 F2400
G92 E0
G1 Z5.15 F4800
G1 X3.21 Y-2.629
G1 Z4.85
G1 E2 F2400
;WIDTH:0.53026
G1 F900
G1 X3.436 Y-2.522 E2.00777
G1 E.00777 F2400
G92 E0
G1 Z5.15 F4800
G1 X-8.94 Y.648
G1 Z4.85
G1 E2 F2400
;WIDTH:0.46716
G1 F900
G1 X-8.944 Y.453 E2.00529
;WIDTH:0.462504
G1 X-8.942 Y-1.41 E2.05528
;WIDTH:0.479254
G1 X-8.95 Y-1.595 E2.06044
G1 X-10.412 Y-2.539 F4800
;WIDTH:0.619132
G1 F900
G1 X-10.276 Y-2.512 E2.06552
;WIDTH:0.569245
G1 X-10.14 Y-2.485 E2.07016
;WIDTH:0.519358
G1 X-10.005 Y-2.458 E2.07434
;WIDTH:0.469471
G1 X-9.869 Y-2.431 E2.07812
;WIDTH:0.419584
G1 X-9.687 Y-2.392 E2.08262
G1 X-8.625 Y-2.326 F4800
;WIDTH:0.484571
G1 F900
G1 X-8.754 Y-2.18 E2.08812
;WIDTH:0.457235
G1 X-8.903 Y-1.865 E2.09736
;WIDTH:0.479254
G1 X-8.95 Y-1.595 E2.105
G1 X-9.043 Y-1.853 E2.11265
;WIDTH:0.457235
G1 X-9.166 Y-2.046 E2.11872
;WIDTH:0.448919
G1 X-9.418 Y-2.276 E2.12759
;WIDTH:0.441616
G1 X-9.639 Y-2.381 E2.13384
G1 X-9.39 Y-2.356 E2.14023
;WIDTH:0.448919
G1 X-9.033 Y-2.379 E2.14953
;WIDTH:0.484571
G1 X-8.748 Y-2.444 E2.15778
;WIDTH:0.520222
G1 X-8.463 Y-2.509 E2.16668
G1 X-8.585 Y-2.371 E2.17229
G1 X-8.463 Y-2.509 F4800
;WIDTH:0.530338
G1 F900
G1 X-8.21 Y-2.629 E2.18099
G1 X-8.083 Y-2.735 E2.18613
;WIDTH:0.495981
G1 X-7.956 Y-2.841 E2.19091
;WIDTH:0.461623
G1 X-7.496 Y-3.303 E2.20837
;WIDTH:0.449999
G1 X-7.256 Y-3.641 E2.21917
G1 X-6.983 Y-4.107 E2.23324
G1 X-6.748 Y-4.702 E2.24991
G1 X-4.655 Y-4.987 E2.30495
;WIDTH:0.492748
G1 X-4.487 Y-4.988 E2.30978
;WIDTH:0.535498
G1 X-4.319 Y-4.989 E2.31505
;WIDTH:0.578247
G1 X-4.151 Y-4.99 E2.32077
;WIDTH:0.620996
G1 X-3.983 Y-4.992 E2.32694
G1 X-4.044 Y-4.951 E2.32964
;WIDTH:0.5894
G1 X-4.105 Y-4.91 E2.33219
;WIDTH:0.557804
G1 X-4.303 Y-4.792 E2.33975
;WIDTH:0.521869
G1 X-4.501 Y-4.675 E2.34677
;WIDTH:0.485934
G1 X-4.699 Y-4.558 E2.35328
;WIDTH:0.449999
G1 X-5.316 Y-4.123 E2.37295
G1 X-5.792 Y-3.672 E2.39004
G1 X-6.231 Y-3.128 E2.40825
G1 X-6.543 Y-2.637 E2.42341
G1 X-7.682 Y-2.637 E2.45309
;WIDTH:0.490169
G1 X-7.946 Y-2.633 E2.46063
;WIDTH:0.530338
G1 X-8.15 Y-2.63 E2.46697
G1 E.46697 F2400
G92 E0
G1 Z5.15 F4800
G1 X-3.983 Y-4.992
G1 Z4.85
G1 E2 F2400
;WIDTH:0.620996
G1 F900
G1 X-3.698 Y-5.052 E2.01069
;WIDTH:0.578714
G1 X-3.412 Y-5.112 E2.02065
;WIDTH:0.537968
G1 X-2.711 Y-5.206 E2.04296
;WIDTH:0.5631
G1 X-2.5 Y-5.222 E2.04997
G1 X-1.996 Y-5.174 E2.06673
;WIDTH:0.569376
G1 X-1.302 Y-5.056 E2.09031
;WIDTH:0.600956
G1 X-1.121 Y-5.016 E2.09688
G1 E.09688 F2400
G92 E0
G1 Z5.15 F4800
G1 X-8.322 Y-2.024
G1 Z4.85
G1 E2 F2400
;WIDTH:0.449999
G1 F2700
G1 X-8.409 Y-1.945 E2.00306
G1 X-8.496 Y-1.755 E2.0085
G1 X-8.518 Y-1.409 E2.01753
G1 X-8.522 Y.47 E2.06649
G1 X-8.49 Y1.113 E2.08326
G1 X-8.713 Y1.075 E2.08915
G1 X-9.366 Y1.075 E2.10616
G1 X-9.366 Y-1.41 E2.17091
G1 X-9.425 Y-1.675 E2.17798
G1 X-9.534 Y-1.836 E2.18305
G1 X-9.778 Y-1.998 E2.19068
G1 X-9.993 Y-2.036 E2.19637
G1 X-10.648 Y-2.036 E2.21344
G1 X-10.944 Y-2.394 E2.22554
G1 X-11.329 Y-3.072 E2.24586
G1 X-11.749 Y-4.204 E2.27732
G1 X-11.358 Y-4.329 E2.28802
G1 X-11.256 Y-4.125 E2.29396
G1 X-10.887 Y-3.576 E2.3112
G1 X-10.467 Y-3.17 E2.32642
G1 X-10.165 Y-2.976 E2.33577
G1 X-9.747 Y-2.815 E2.34744
G1 X-9.358 Y-2.768 E2.35765
G1 X-9.099 Y-2.791 E2.36442
G1 X-8.632 Y-2.929 E2.37711
G1 X-8.205 Y-3.184 E2.39007
G1 X-7.797 Y-3.593 E2.40512
G1 X-7.511 Y-4.019 E2.41849
G1 X-7.277 Y-4.499 E2.4324
G1 X-7.053 Y-5.082 E2.44867
G1 X-2.5 Y-5.701 E2.56839
G1 X2.072 Y-5.08 E2.68861
G1 X2.192 Y-4.671 E2.69972
G1 X2.344 Y-4.351 E2.70895
G1 X2.674 Y-3.756 E2.72668
G1 X3.107 Y-3.273 E2.74358
G1 X3.464 Y-3.01 E2.75513
G1 X3.935 Y-2.822 E2.76834
G1 X4.349 Y-2.768 E2.77922
G1 X4.855 Y-2.843 E2.79255
G1 X5.271 Y-3.034 E2.80448
;WIDTH:0.493448
G1 X5.452 Y-3.157 E2.81077
;WIDTH:0.536897
G1 X5.634 Y-3.279 E2.81767
;WIDTH:0.580345
G1 X5.815 Y-3.401 E2.82513
G1 X5.979 Y-3.646 E2.83521
;WIDTH:0.53741
G1 X6.144 Y-3.891 E2.84452
;WIDTH:0.494474
G1 X6.358 Y-4.317 E2.85826
;WIDTH:0.473641
G1 X6.727 Y-4.199 E2.86893
G1 X6.541 Y-3.664 E2.88452
;WIDTH:0.539141
G1 X6.396 Y-3.365 E2.89503
;WIDTH:0.583807
G1 X6.182 Y-2.896 E2.91276
;WIDTH:0.539205
G1 X6.114 Y-2.726 E2.91855
;WIDTH:0.494602
G1 X6.046 Y-2.557 E2.9238
;WIDTH:0.449999
G1 X5.668 Y-2.037 E2.94055
G1 X4.884 Y-2.027 E2.96098
G1 X4.609 Y-1.905 E2.96882
G1 X4.425 Y-1.674 E2.97651
G1 X4.366 Y-1.41 E2.98356
G1 X4.366 Y1.074 E3.04828
G1 X3.94 Y1.074 E3.05938
G1 X3.49 Y1.113 E3.07115
G1 X3.522 Y.456 E3.08829
G1 X3.518 Y-1.594 E3.1417
G1 X3.447 Y-1.882 E3.14943
G1 X3.215 Y-2.129 E3.15826
G1 X2.891 Y-2.22 E3.16703
G1 X1.282 Y-2.219 E3.20895
G1 X.981 Y-2.732 E3.22445
G1 X.682 Y-3.163 E3.23812
G1 X.16 Y-3.707 E3.25776
G1 X-.259 Y-4.037 E3.27166
G1 X-.786 Y-4.346 E3.28758
G1 X-1.407 Y-4.591 E3.30497
G1 X-2.021 Y-4.72 E3.32132
G1 X-2.66 Y-4.748 E3.33799
G1 X-3.285 Y-4.669 E3.3544
G1 X-3.905 Y-4.483 E3.37127
G1 X-4.464 Y-4.212 E3.38746
G1 X-5.034 Y-3.815 E3.40556
G1 X-5.403 Y-3.477 E3.4186
G1 X-5.609 Y-3.233 E3.42692
G1 X-6.02 Y-2.69 E3.44466
G1 X-6.285 Y-2.219 E3.45874
G1 X-7.891 Y-2.219 E3.50059
G1 X-8.193 Y-2.142 E3.50871
G1 X-8.278 Y-2.065 E3.5117
G1 E1.5117 F2400
G92 E0
G1 Z5.15 F4800
G1 X2.756 Y3.916
G1 Z4.85
G1 E2 F2400
;WIDTH:0.5621
G1 F900
G1 X2.914 Y4.176 E2.01005
G1 X3.216 Y4.222 E2.02015
;WIDTH:0.513291
G1 X5.897 Y4.222 E2.10059
G1 X5.512 Y4.703 E2.11907
G1 X3.216 Y4.703 E2.18796
;WIDTH:0.5621
G1 X2.329 Y4.678 E2.21728
G1 X2.466 Y4.475 E2.22537
G1 X2.728 Y3.969 E2.2442
G1 E.2442 F2400
G92 E0
G1 Z5.15 F4800
G1 X-8.028 Y-1.73
G1 Z4.85
G1 E2 F2400
;TYPE:External perimeter
;WIDTH:0.449999
G1 F1350
G1 X-8.076 Y-1.69 E2.00163
G1 X-8.1 Y-1.408 E2.009
G1 X-8.104 Y.464 E2.05778
G1 X-8.069 Y1.107 E2.07456
;WIDTH:0.492312
G1 X-8.008 Y1.719 E2.09221
;WIDTH:0.50292
G1 X-7.789 Y2.635 E2.11986
G1 X-7.499 Y3.435 E2.14484
;WIDTH:0.499529
G1 X-7.03 Y4.282 E2.17306
;WIDTH:0.449999
G1 X-6.616 Y4.859 E2.19156
G1 X-6.203 Y5.334 E2.20796
G1 X-6.955 Y5.333 E2.22755
G1 X-7.069 Y5.248 E2.23126
G1 X-7.251 Y5.152 E2.23662
G1 X-10.719 Y5.153 E2.32698
G1 X-11.134 Y4.661 E2.34375
G1 X-11.749 Y3.773 E2.37189
G1 X-8.139 Y3.772 E2.46595
;WIDTH:0.499529
G1 X-7.982 Y3.558 E2.47369
;WIDTH:0.506823
G1 X-7.991 Y3.486 E2.47584
G1 X-8.239 Y2.773 E2.49818
;WIDTH:0.50292
G1 X-8.371 Y2.259 E2.51376
;WIDTH:0.501575
G1 X-8.485 Y1.659 E2.53164
;WIDTH:0.495252
G1 X-8.624 Y1.513 E2.53746
;WIDTH:0.449999
G1 X-8.713 Y1.492 E2.53984
G1 X-9.784 Y1.492 E2.56775
G1 X-9.784 Y-1.41 E2.64336
G1 X-9.84 Y-1.552 E2.64734
G1 X-9.993 Y-1.619 E2.65169
G1 X-10.845 Y-1.619 E2.67389
G1 X-11.29 Y-2.156 E2.69206
G1 X-11.693 Y-2.866 E2.71333
G1 X-12.09 Y-3.88 E2.7417
G1 X-12.252 Y-4.483 E2.75797
G1 X-11.116 Y-4.845 E2.78904
G1 X-10.903 Y-4.349 E2.8031
G1 X-10.596 Y-3.876 E2.81779
G1 X-10.177 Y-3.47 E2.83299
G1 X-9.96 Y-3.34 E2.83958
G1 X-9.583 Y-3.205 E2.85001
G1 X-9.164 Y-3.204 E2.86093
G1 X-8.789 Y-3.316 E2.87113
G1 X-8.423 Y-3.546 E2.88239
G1 X-8.045 Y-3.959 E2.89698
G1 X-7.76 Y-4.413 E2.91095
G1 X-7.465 Y-5.163 E2.93195
G1 X-7.39 Y-5.458 E2.93988
G1 X-2.5 Y-6.123 E3.06847
G1 X2.396 Y-5.457 E3.19721
G1 X2.593 Y-4.788 E3.21538
G1 X2.985 Y-4.034 E3.23752
G1 X3.418 Y-3.551 E3.25442
G1 X3.696 Y-3.358 E3.26324
G1 X4.076 Y-3.215 E3.27382
G1 X4.381 Y-3.185 E3.28181
G1 X4.681 Y-3.228 E3.28971
G1 X4.993 Y-3.351 E3.29845
G1 X5.413 Y-3.671 E3.31221
G1 X5.797 Y-4.162 E3.32845
G1 X6.126 Y-4.842 E3.34813
G1 X7.246 Y-4.484 E3.37877
G1 X7.063 Y-3.79 E3.39747
G1 X6.736 Y-2.956 E3.42081
G1 X6.555 Y-2.612 E3.43094
G1 X6.171 Y-2.009 E3.44957
G1 X5.851 Y-1.619 E3.46271
G1 X4.957 Y-1.616 E3.486
G1 X4.833 Y-1.544 E3.48974
G1 X4.784 Y-1.41 E3.49346
G1 X4.784 Y1.492 E3.56907
G1 X3.639 Y1.506 E3.59891
;WIDTH:0.495251
G1 X3.485 Y1.659 E3.60518
G1 X3.466 Y1.771 E3.60846
;WIDTH:0.501573
G1 X3.368 Y2.275 E3.62349
;WIDTH:0.502921
G1 X3.233 Y2.791 E3.63915
;WIDTH:0.510411
G1 X2.98 Y3.523 E3.66225
G1 X3.051 Y3.637 E3.66626
;WIDTH:0.480205
G1 X3.123 Y3.751 E3.67003
;WIDTH:0.449999
G1 X3.216 Y3.772 E3.67251
G1 X6.749 Y3.772 E3.76456
G1 X6.649 Y3.946 E3.76979
G1 X6.121 Y4.68 E3.79335
G1 X5.719 Y5.152 E3.8095
G1 X2.252 Y5.152 E3.89984
G1 X1.955 Y5.333 E3.9089
G1 X1.203 Y5.334 E3.92849
G1 X1.466 Y5.065 E3.93829
G1 X2.141 Y4.074 E3.96953
;WIDTH:0.478413
G1 X2.342 Y3.701 E3.98132
;WIDTH:0.506827
G1 X2.543 Y3.329 E3.99384
G1 X2.833 Y2.497 E4.01992
;WIDTH:0.496711
G1 X3.012 Y1.698 E4.04364
;WIDTH:0.492407
G1 X3.071 Y1.091 E4.06114
;WIDTH:0.449999
G1 X3.104 Y.456 E4.07771
G1 X3.1 Y-1.593 E4.1311
G1 X3.05 Y-1.728 E4.13485
G1 X2.891 Y-1.802 E4.13942
G1 X1.017 Y-1.802 E4.18825
G1 X.683 Y-2.426 E4.20669
G1 X.38 Y-2.874 E4.22078
G1 X-.141 Y-3.418 E4.24041
G1 X-.475 Y-3.679 E4.25145
G1 X-.945 Y-3.959 E4.2657
G1 X-1.499 Y-4.183 E4.28127
G1 X-2.045 Y-4.303 E4.29584
G1 X-2.613 Y-4.332 E4.31066
G1 X-3.17 Y-4.267 E4.32527
G1 X-3.728 Y-4.104 E4.34042
G1 X-4.228 Y-3.867 E4.35484
G1 X-4.752 Y-3.508 E4.37139
G1 X-5.284 Y-2.97 E4.3911
G1 X-5.664 Y-2.471 E4.40744
G1 X-6.018 Y-1.802 E4.42716
G1 X-7.952 Y-1.792 E4.47755
G1 X-7.981 Y-1.768 E4.47853
G1 X-8.092 Y-1.384 F4800
G1 E2.47853 F2400
G92 E0
G1 Z5.15 F4800
G1 X-5.466 Y-4.49
G1 Z4.85
G1 E2 F2400
;TYPE:Solid infill
;WIDTH:0.589655
G1 F1200
G1 X-5.965 Y-4.045 E2.02324
G1 X-6.16 Y-3.783 E2.03459
;WIDTH:0.553787
G1 X-6.355 Y-3.522 E2.04519
;WIDTH:0.517919
G1 X-6.732 Y-2.978 E2.06524
;WIDTH:0.505237
G1 X-7.336 Y-2.978 E2.08306
G1 X-7.056 Y-3.348 E2.09675
;WIDTH:0.517919
G1 X-6.765 Y-3.773 E2.11235
;WIDTH:0.553787
G1 X-6.622 Y-4.062 E2.12284
;WIDTH:0.589655
G1 X-6.479 Y-4.352 E2.13408
G1 X-5.673 Y-4.461 E2.16236
G1 E.16236 F2400
G92 E0
G1 Z5.15 F4800
G1 X.457 Y-4.492
G1 Z4.85
G1 E2 F2400
;WIDTH:0.58716
G1 F1200
G1 X1.459 Y-4.356 E2.035
G1 X1.501 Y-4.246 E2.03908
G1 X1.633 Y-4.028 E2.0479
;WIDTH:0.554725
G1 X1.765 Y-3.809 E2.05623
;WIDTH:0.52229
G1 X2.028 Y-3.362 E2.07208
;WIDTH:0.499194
G1 X2.365 Y-2.975 E2.08703
G1 X1.727 Y-2.975 E2.10561
G1 X1.641 Y-3.103 E2.1101
;WIDTH:0.52229
G1 X1.368 Y-3.529 E2.12556
;WIDTH:0.554725
G1 X1.057 Y-3.89 E2.14109
;WIDTH:0.58716
G1 X.746 Y-4.252 E2.15761
G1 X.618 Y-4.358 E2.16336
;LAYER_CHANGE
;Z:5
;HEIGHT:0.15
G1 E.16336 F2400
G92 E0
G1 Z5 F4800
G1 Z5.3
G1 X-11.137 Y3.992
G1 Z5
G1 E2 F2400
;TYPE:Perimeter
;WIDTH:0.51329
G1 F900
G1 X-8.336 Y3.992 E2.08404
;WIDTH:0.553752
G1 X-8.06 Y3.954 E2.0931
G1 X-7.864 Y3.796 E2.10129
G1 X-7.528 Y4.453 E2.12529
G1 X-8.336 Y4.473 E2.15158
;WIDTH:0.51329
G1 X-10.78 Y4.473 E2.22491
G1 X-11.101 Y4.04 E2.24108
G1 E.24108 F2400
G92 E0
G1 Z5.3 F4800
G1 X3.941 Y.42
G1 Z5
G1 E2 F2400
;WIDTH:0.464336
G1 F900
G1 X3.942 Y-1.64 E2.05552
;WIDTH:0.478668
G1 X3.95 Y-1.822 E2.06059
G1 X3.487 Y-2.723 F4800
;WIDTH:0.519866
G1 F900
G1 X3.674 Y-2.682 E2.06641
;WIDTH:0.483974
G1 X3.86 Y-2.64 E2.07178
;WIDTH:0.448081
G1 X4.346 Y-2.585 E2.08447
;WIDTH:0.443486
G1 X4.639 Y-2.613 E2.09202
G1 X4.377 Y-2.479 E2.09957
;WIDTH:0.446818
G1 X4.209 Y-2.327 E2.10543
;WIDTH:0.455582
G1 X4.043 Y-2.08 E2.11329
;WIDTH:0.478668
G1 X3.95 Y-1.822 E2.12093
G1 X3.903 Y-2.092 E2.12856
;WIDTH:0.455582
G1 X3.726 Y-2.448 E2.13906
;WIDTH:0.483974
G1 X3.607 Y-2.586 E2.14419
;WIDTH:0.519866
G1 X3.526 Y-2.678 E2.14792
G1 X5.419 Y-2.768 F4800
;WIDTH:0.61685
G1 F900
G1 X5.341 Y-2.75 E2.15084
;WIDTH:0.582194
G1 X5.166 Y-2.716 E2.15695
;WIDTH:0.544652
G1 X4.99 Y-2.682 E2.16268
;WIDTH:0.50711
G1 X4.815 Y-2.647 E2.16797
;WIDTH:0.469568
G1 X4.639 Y-2.613 E2.17286
G1 E.17286 F2400
G92 E0
G1 Z5.3 F4800
G1 X-1.286 Y-4.956
G1 Z5
G1 E2 F2400
;WIDTH:0.570218
G1 F900
G1 X-1.125 Y-4.958 E2.0054
;WIDTH:0.522191
G1 X-.833 Y-4.937 E2.01435
;WIDTH:0.486095
G1 X-.54 Y-4.915 E2.02267
;WIDTH:0.449999
G1 X1.88 Y-4.586 E2.0863
G1 X1.933 Y-4.443 E2.09027
G1 X2.249 Y-3.892 E2.10682
G1 X2.542 Y-3.484 E2.11991
;WIDTH:0.498078
G1 X2.851 Y-3.183 E2.13244
;WIDTH:0.546156
G1 X3.16 Y-2.882 E2.14627
G1 X3.019 Y-2.88 E2.15079
;WIDTH:0.509911
G1 X2.879 Y-2.879 E2.15496
;WIDTH:0.473666
G1 X2.296 Y-2.867 E2.17101
;WIDTH:0.449999
G1 X1.343 Y-2.867 E2.19584
G1 X1.157 Y-3.114 E2.2039
G1 X.586 Y-3.783 E2.22682
G1 X-.051 Y-4.303 E2.24825
G1 X-.616 Y-4.629 E2.26525
;WIDTH:0.490072
G1 X-.84 Y-4.738 E2.27236
;WIDTH:0.530145
G1 X-1.063 Y-4.847 E2.28007
;WIDTH:0.570218
G1 X-1.232 Y-4.93 E2.28639
G1 E.28639 F2400
G92 E0
G1 Z5.3 F4800
G1 X3.16 Y-2.882
G1 Z5
G1 E2 F2400
;WIDTH:0.546156
G1 F900
G1 X3.487 Y-2.723 E2.01165
G1 E.01165 F2400
G92 E0
G1 Z5.3 F4800
G1 X-8.95 Y-1.822
G1 Z5
G1 E2 F2400
;WIDTH:0.478678
G1 F900
G1 X-8.942 Y-1.64 E2.00507
;WIDTH:0.464338
G1 X-8.941 Y.42 E2.06059
G1 E.06059 F2400
G92 E0
G1 Z5.3 F4800
G1 X-10.411 Y-2.771
G1 Z5
G1 E2 F2400
;WIDTH:0.622988
G1 F900
G1 X-10.298 Y-2.748 E2.00425
;WIDTH:0.581773
G1 X-10.184 Y-2.725 E2.00824
;WIDTH:0.540557
G1 X-10.071 Y-2.702 E2.0119
;WIDTH:0.499341
G1 X-9.957 Y-2.679 E2.01529
;WIDTH:0.458126
G1 X-9.844 Y-2.657 E2.01835
;WIDTH:0.418944
G1 X-9.681 Y-2.62 E2.02238
G1 X-8.627 Y-2.558 F4800
;WIDTH:0.48571
G1 F900
G1 X-8.741 Y-2.429 E2.02725
;WIDTH:0.456904
G1 X-8.903 Y-2.093 E2.03713
;WIDTH:0.478678
G1 X-8.95 Y-1.822 E2.04479
G1 X-9.043 Y-2.081 E2.05245
;WIDTH:0.456904
G1 X-9.166 Y-2.276 E2.05856
;WIDTH:0.44883
G1 X-9.398 Y-2.494 E2.06683
;WIDTH:0.443106
G1 X-9.616 Y-2.6 E2.07304
G1 X-9.366 Y-2.585 E2.07946
;WIDTH:0.44883
G1 X-9.036 Y-2.609 E2.08806
;WIDTH:0.48571
G1 X-8.754 Y-2.671 E2.09623
;WIDTH:0.52259
G1 X-8.472 Y-2.734 E2.10507
G1 X-8.588 Y-2.603 E2.11042
G1 X-8.472 Y-2.734 F4800
;WIDTH:0.53545
G1 F900
G1 X-8.191 Y-2.868 E2.12019
G1 X-7.987 Y-3.052 E2.12881
;WIDTH:0.492725
G1 X-7.782 Y-3.236 E2.13672
;WIDTH:0.449999
G1 X-7.352 Y-3.721 E2.15361
G1 X-7.204 Y-3.938 E2.16045
G1 X-6.871 Y-4.587 E2.17946
G1 X-4.46 Y-4.915 E2.24286
;WIDTH:0.493384
G1 X-4.234 Y-4.924 E2.24937
;WIDTH:0.536769
G1 X-4.008 Y-4.933 E2.25649
;WIDTH:0.580154
G1 X-3.782 Y-4.942 E2.26422
G1 X-3.86 Y-4.898 E2.26728
;WIDTH:0.551037
G1 X-4.097 Y-4.775 E2.27592
;WIDTH:0.517358
G1 X-4.335 Y-4.652 E2.28403
;WIDTH:0.483679
G1 X-4.572 Y-4.528 E2.29156
;WIDTH:0.449999
G1 X-5.448 Y-3.911 E2.31948
G1 X-6.021 Y-3.311 E2.3411
G1 X-6.344 Y-2.867 E2.35541
G1 X-7.616 Y-2.867 E2.38855
;WIDTH:0.492725
G1 X-7.904 Y-2.867 E2.39682
;WIDTH:0.53545
G1 X-8.131 Y-2.868 E2.40394
G1 E.40394 F2400
G92 E0
G1 Z5.3 F4800
G1 X-3.782 Y-4.942
G1 Z5
G1 E2 F2400
;WIDTH:0.580154
G1 F900
G1 X-3.488 Y-4.996 E2.01021
;WIDTH:0.552054
G1 X-3.193 Y-5.05 E2.01993
;WIDTH:0.564054
G1 X-2.5 Y-5.124 E2.04305
G1 X-1.778 Y-5.046 E2.06714
;WIDTH:0.570218
G1 X-1.286 Y-4.956 E2.08392
G1 E.08392 F2400
G92 E0
G1 Z5.3 F4800
G1 X-8.32 Y-2.251
G1 Z5
G1 E2 F2400
;WIDTH:0.449999
G1 F2700
G1 X-8.446 Y-2.113 E2.00487
G1 X-8.518 Y-1.822 E2.01268
G1 X-8.502 Y.947 E2.08483
G1 X-8.562 Y.875 E2.08727
G1 X-8.754 Y.845 E2.09233
G1 X-9.366 Y.845 E2.10828
G1 X-9.366 Y-1.64 E2.17303
G1 X-9.425 Y-1.904 E2.18008
G1 X-9.525 Y-2.056 E2.18482
G1 X-9.764 Y-2.223 E2.19242
G1 X-9.993 Y-2.266 E2.19849
G1 X-10.648 Y-2.266 E2.21556
G1 X-10.8 Y-2.449 E2.22176
G1 X-11.066 Y-2.838 E2.23404
G1 X-11.348 Y-3.342 E2.24909
;WIDTH:0.493097
G1 X-11.632 Y-4.121 E2.27292
G1 X-11.216 Y-4.254 E2.28547
G1 X-11.061 Y-4.012 E2.29373
;WIDTH:0.47746
G1 X-10.619 Y-3.525 E2.31199
;WIDTH:0.449999
G1 X-10.146 Y-3.199 E2.32696
G1 X-9.727 Y-3.04 E2.33864
G1 X-9.338 Y-2.998 E2.34883
G1 X-8.941 Y-3.048 E2.35926
G1 X-8.561 Y-3.189 E2.36982
G1 X-8.095 Y-3.513 E2.38461
G1 X-7.665 Y-3.998 E2.4015
G1 X-7.412 Y-4.449 E2.41497
G1 X-7.168 Y-4.969 E2.42994
G1 X-2.5 Y-5.603 E2.55268
G1 X2.185 Y-4.966 E2.67587
G1 X2.38 Y-4.476 E2.68961
G1 X2.83 Y-3.787 E2.71105
G1 X3.253 Y-3.386 E2.72624
G1 X3.617 Y-3.163 E2.73736
G1 X3.98 Y-3.039 E2.74735
G1 X4.371 Y-2.999 E2.75759
G1 X4.745 Y-3.047 E2.76741
G1 X5.192 Y-3.214 E2.77984
G1 X5.618 Y-3.525 E2.79358
;WIDTH:0.477452
G1 X6.061 Y-4.012 E2.81186
;WIDTH:0.493111
G1 X6.216 Y-4.254 E2.82012
G1 X6.603 Y-4.13 E2.8318
G1 X6.624 Y-4.093 E2.83302
;WIDTH:0.493516
G1 X6.327 Y-3.296 E2.85749
;WIDTH:0.449999
G1 X6.057 Y-2.804 E2.87211
G1 X5.668 Y-2.266 E2.88941
G1 X4.899 Y-2.259 E2.90945
G1 X4.622 Y-2.145 E2.91725
G1 X4.424 Y-1.903 E2.9254
G1 X4.366 Y-1.64 E2.93242
G1 X4.366 Y.845 E2.99717
G1 X3.62 Y.859 E3.01661
G1 X3.503 Y.943 E3.02036
G1 X3.518 Y-1.94 E3.09548
G1 X3.393 Y-2.198 E3.10295
G1 X3.188 Y-2.374 E3.10999
G1 X2.891 Y-2.449 E3.11797
G1 X1.102 Y-2.449 E3.16458
G1 X.834 Y-2.849 E3.17713
G1 X.317 Y-3.464 E3.19806
G1 X-.267 Y-3.945 E3.21777
G1 X-.775 Y-4.242 E3.2331
G1 X-1.317 Y-4.464 E3.24836
G1 X-1.829 Y-4.593 E3.26212
G1 X-2.473 Y-4.65 E3.27897
G1 X-3.093 Y-4.607 E3.29516
G1 X-3.683 Y-4.465 E3.31097
G1 X-4.338 Y-4.182 E3.32956
G1 X-5.149 Y-3.62 E3.35527
G1 X-5.606 Y-3.151 E3.37233
G1 X-5.819 Y-2.883 E3.38125
G1 X-6.102 Y-2.449 E3.39475
G1 X-8.064 Y-2.425 E3.44588
G1 X-8.228 Y-2.351 E3.45057
G1 X-8.279 Y-2.295 E3.45254
G1 E1.45254 F2400
G92 E0
G1 Z5.3 F4800
G1 X2.864 Y3.796
G1 Z5
G1 E2 F2400
;WIDTH:0.553751
G1 F900
G1 X3.06 Y3.954 E2.00819
G1 X3.336 Y3.992 E2.01725
;WIDTH:0.513292
G1 X6.128 Y3.992 E2.10102
G1 X5.769 Y4.473 E2.11903
G1 X3.336 Y4.473 E2.19203
;WIDTH:0.553751
G1 X2.528 Y4.453 E2.21832
G1 X2.836 Y3.85 E2.24034
G1 E.24034 F2400
G92 E0
G1 Z5.3 F4800
G1 X-8.027 Y-1.959
G1 Z5
G1 E2 F2400
;TYPE:External perimeter
;WIDTH:0.449999
G1 F1350
G1 X-8.076 Y-1.919 E2.00165
G1 X-8.1 Y-1.64 E2.00895
G1 X-8.098 Y.784 E2.07211
;WIDTH:0.496706
G1 X-8.016 Y1.757 E2.1004
G1 X-7.826 Y2.61 E2.12572
;WIDTH:0.511927
G1 X-7.637 Y3.173 E2.14349
G1 X-7.47 Y3.516 E2.1549
;WIDTH:0.480963
G1 X-7.304 Y3.859 E2.16556
;WIDTH:0.449999
G1 X-6.841 Y4.664 E2.18976
G1 X-6.494 Y5.104 E2.20436
G1 X-7.18 Y5.103 E2.22223
G1 X-7.257 Y5.042 E2.22479
G1 X-7.48 Y4.923 E2.23138
G1 X-10.998 Y4.923 E2.32304
G1 X-11.397 Y4.413 E2.33991
G1 X-11.926 Y3.543 E2.36644
G1 X-8.336 Y3.543 E2.45998
G1 X-8.168 Y3.458 E2.46489
;WIDTH:0.47939
G1 X-8.137 Y3.363 E2.46768
;WIDTH:0.50878
G1 X-8.107 Y3.268 E2.47064
G1 X-8.37 Y2.357 E2.49882
;WIDTH:0.50288
G1 X-8.524 Y1.442 E2.52606
;WIDTH:0.496176
G1 X-8.69 Y1.273 E2.53291
;WIDTH:0.449999
G1 X-9.784 Y1.263 E2.56142
G1 X-9.784 Y-1.64 E2.63706
G1 X-9.837 Y-1.778 E2.64091
G1 X-9.993 Y-1.848 E2.64537
G1 X-10.845 Y-1.848 E2.66757
G1 X-11.288 Y-2.384 E2.68569
G1 X-11.717 Y-3.138 E2.70829
G1 X-12.031 Y-3.927 E2.73042
G1 X-12.171 Y-4.411 E2.74355
G1 X-10.995 Y-4.786 E2.77571
G1 X-10.736 Y-4.295 E2.79017
G1 X-10.304 Y-3.8 E2.80729
G1 X-9.925 Y-3.554 E2.81906
G1 X-9.605 Y-3.44 E2.82791
G1 X-9.176 Y-3.432 E2.83909
G1 X-8.806 Y-3.539 E2.84913
G1 X-8.408 Y-3.79 E2.86139
G1 X-7.948 Y-4.319 E2.87966
G1 X-7.602 Y-4.993 E2.8994
G1 X-7.485 Y-5.347 E2.90911
G1 X-2.5 Y-6.025 E3.04019
G1 X2.49 Y-5.347 E3.1714
G1 X2.735 Y-4.695 E3.18955
G1 X3.117 Y-4.09 E3.20819
G1 X3.54 Y-3.689 E3.22338
G1 X3.817 Y-3.529 E3.23171
G1 X4.101 Y-3.44 E3.23946
G1 X4.397 Y-3.416 E3.2472
G1 X4.672 Y-3.458 E3.25445
G1 X4.989 Y-3.581 E3.26331
G1 X5.304 Y-3.8 E3.27331
G1 X5.764 Y-4.337 E3.29173
G1 X5.995 Y-4.786 E3.30489
G1 X7.171 Y-4.411 E3.33705
G1 X7.04 Y-3.95 E3.34954
G1 X6.716 Y-3.137 E3.37234
G1 X6.469 Y-2.681 E3.38585
G1 X6.172 Y-2.24 E3.3997
G1 X5.851 Y-1.849 E3.41288
G1 X4.993 Y-1.849 E3.43524
G1 X4.836 Y-1.777 E3.43974
G1 X4.784 Y-1.64 E3.44356
G1 X4.784 Y1.262 E3.51917
G1 X3.709 Y1.267 E3.54718
;WIDTH:0.496585
G1 X3.525 Y1.434 E3.55438
G1 X3.477 Y1.755 E3.56378
;WIDTH:0.497383
G1 X3.273 Y2.747 E3.59316
;WIDTH:0.511928
G1 X3.099 Y3.293 E3.6103
G1 X3.134 Y3.376 E3.61299
;WIDTH:0.480964
G1 X3.168 Y3.458 E3.61547
;WIDTH:0.449999
G1 X3.336 Y3.542 E3.62036
G1 X6.922 Y3.542 E3.7138
G1 X6.638 Y4.06 E3.72919
G1 X5.995 Y4.922 E3.75721
G1 X2.461 Y4.923 E3.84929
G1 X2.18 Y5.103 E3.85799
G1 X1.494 Y5.104 E3.87586
G1 X1.906 Y4.563 E3.89358
G1 X2.304 Y3.859 E3.91465
;WIDTH:0.479197
G1 X2.481 Y3.482 E3.92626
;WIDTH:0.508395
G1 X2.659 Y3.105 E3.93864
G1 X2.907 Y2.275 E3.96437
;WIDTH:0.502833
G1 X3.065 Y1.373 E3.99125
;WIDTH:0.496585
G1 X3.098 Y.776 E4.00857
;WIDTH:0.449999
G1 X3.1 Y-1.823 E4.07629
G1 X3.026 Y-1.982 E4.08086
G1 X2.891 Y-2.032 E4.08461
G1 X.858 Y-2.032 E4.13758
G1 X.511 Y-2.584 E4.15457
G1 X.048 Y-3.144 E4.1735
G1 X-.483 Y-3.587 E4.19152
G1 X-.933 Y-3.856 E4.20518
G1 X-1.476 Y-4.078 E4.22047
G1 X-1.875 Y-4.178 E4.23119
G1 X-2.45 Y-4.233 E4.24624
G1 X-3.001 Y-4.199 E4.26062
G1 X-3.524 Y-4.078 E4.27461
G1 X-4.105 Y-3.836 E4.29101
G1 X-4.85 Y-3.328 E4.3145
G1 X-5.483 Y-2.634 E4.33897
G1 X-5.858 Y-2.031 E4.35747
G1 X-7.949 Y-2.023 E4.41195
G1 X-7.981 Y-1.997 E4.41302
G1 X-8.091 Y-1.613 F4800
G1 X-7.261 Y-3.249
;TYPE:Solid infill
;WIDTH:0.588091
G1 F1200
G1 X-6.93 Y-3.65 E4.43105
G1 X-6.887 Y-3.776 E4.43567
;WIDTH:0.547125
G1 X-6.843 Y-3.902 E4.43996
;WIDTH:0.506159
G1 X-6.799 Y-4.028 E4.4439
;WIDTH:0.465193
G1 X-6.667 Y-4.299 E4.45204
;WIDTH:0.449999
G1 X-5.236 Y-4.474 E4.4896
G1 X-5.245 Y-4.444 E4.49042
G1 X-5.676 Y-4.127 E4.50436
;WIDTH:0.465193
G1 X-6.172 Y-3.627 E4.52338
;WIDTH:0.506159
G1 X-6.295 Y-3.501 E4.52858
;WIDTH:0.547125
G1 X-6.418 Y-3.375 E4.53423
;WIDTH:0.588091
G1 X-6.541 Y-3.249 E4.54033
G1 X-7.052 Y-3.249 E4.55805
G1 E2.55805 F2400
G92 E0
G1 Z5.3 F4800
G1 X.282 Y-4.444
G1 Z5
G1 E2 F2400
;WIDTH:0.449999
G1 F1200
G1 X.283 Y-4.487 E2.00112
G1 X1.657 Y-4.3 E2.03725
G1 X1.738 Y-4.126 E2.04225
G1 X2.102 Y-3.534 E2.06036
G1 X2.432 Y-3.181 E2.07295
G1 X1.502 Y-3.181 E2.09718
G1 X.943 Y-3.866 E2.12022
G1 X.439 Y-4.307 E2.13767
G1 X1.391 Y-3.94 F4800
;WIDTH:0.399508
G1 F1200
G1 X1.532 Y-3.741 E2.14326
;WIDTH:0.367812
G1 X1.674 Y-3.541 E2.14839
M106 S234.6
;LAYER_CHANGE
;Z:5.15
;HEIGHT:0.15
G1 E.14839 F2400
G92 E0
G1 Z5.15 F4800
G1 Z5.45
G1 X-11.342 Y3.762
G1 Z5.15
G1 E2 F2400
;TYPE:Perimeter
;WIDTH:0.513291
G1 F900
G1 X-8.446 Y3.762 E2.08689
;WIDTH:0.546601
G1 X-8.196 Y3.731 E2.09497
G1 X-8.007 Y3.533 E2.10375
G1 X-7.702 Y4.227 E2.12807
G1 X-8.446 Y4.243 E2.15194
;WIDTH:0.513291
G1 X-11.026 Y4.243 E2.22935
G1 X-11.309 Y3.812 E2.24482
G1 E.24482 F2400
G92 E0
G1 Z5.45 F4800
G1 X-8.939 Y.188
G1 Z5.15
G1 E2 F2400
;WIDTH:0.468486
G1 F900
G1 X-8.942 Y-.19 E2.01029
;WIDTH:0.462874
G1 X-8.942 Y-1.869 E2.05539
;WIDTH:0.478812
G1 X-8.95 Y-2.052 E2.06049
G1 X-10.412 Y-2.999 F4800
;WIDTH:0.62004
G1 F900
G1 X-10.294 Y-2.975 E2.0649
;WIDTH:0.579032
G1 X-10.175 Y-2.952 E2.06903
;WIDTH:0.538023
G1 X-10.056 Y-2.929 E2.07285
;WIDTH:0.497015
G1 X-9.938 Y-2.905 E2.07634
;WIDTH:0.456007
G1 X-9.819 Y-2.882 E2.07954
;WIDTH:0.419524
G1 X-9.675 Y-2.848 E2.08311
G1 X-8.625 Y-2.786 F4800
;WIDTH:0.482012
G1 F900
G1 X-8.701 Y-2.709 E2.08614
;WIDTH:0.455545
G1 X-8.903 Y-2.322 E2.09767
;WIDTH:0.478812
G1 X-8.95 Y-2.052 E2.1053
G1 X-9.043 Y-2.31 E2.11294
;WIDTH:0.455545
G1 X-9.262 Y-2.614 E2.12283
;WIDTH:0.446655
G1 X-9.675 Y-2.848 E2.1351
;WIDTH:0.429399
G1 X-9.533 Y-2.833 E2.13864
;WIDTH:0.446655
G1 X-9.029 Y-2.834 E2.15167
;WIDTH:0.482012
G1 X-8.728 Y-2.911 E2.16039
;WIDTH:0.517368
G1 X-8.426 Y-2.989 E2.16983
G1 X-8.564 Y-2.849 E2.17578
;WIDTH:0.482012
G1 X-8.583 Y-2.829 E2.17655
G1 X-8.426 Y-2.989 F4800
;WIDTH:0.541054
G1 F900
G1 X-8.172 Y-3.106 E2.18542
G1 E.18542 F2400
G92 E0
G1 Z5.45 F4800
G1 X3.95 Y-2.053
G1 Z5.15
G1 E2 F2400
;WIDTH:0.4788
G1 F900
G1 X3.942 Y-1.87 E2.0051
;WIDTH:0.462872
G1 X3.942 Y-.19 E2.05022
;WIDTH:0.468498
G1 X3.939 Y.188 E2.06051
G1 E.06051 F2400
G92 E0
G1 Z5.45 F4800
G1 X3.43 Y-2.987
G1 Z5.15
G1 E2 F2400
;WIDTH:0.516706
G1 F900
G1 X3.729 Y-2.911 E2.00932
;WIDTH:0.481681
G1 X4.029 Y-2.834 E2.018
;WIDTH:0.446655
G1 X4.675 Y-2.848 E2.0347
G1 X4.262 Y-2.614 E2.04697
;WIDTH:0.455541
G1 X4.043 Y-2.31 E2.05686
;WIDTH:0.4788
G1 X3.95 Y-2.053 E2.06447
G1 X3.903 Y-2.322 E2.07208
;WIDTH:0.455541
G1 X3.702 Y-2.709 E2.08359
;WIDTH:0.481681
G1 X3.566 Y-2.848 E2.08904
;WIDTH:0.516706
G1 X3.472 Y-2.944 E2.0931
G1 X5.416 Y-3.004 F4800
;WIDTH:0.628846
G1 F900
G1 X5.395 Y-2.997 E2.09392
;WIDTH:0.616434
G1 X5.215 Y-2.96 E2.10062
;WIDTH:0.567205
G1 X5.035 Y-2.923 E2.10675
;WIDTH:0.517975
G1 X4.855 Y-2.886 E2.11232
;WIDTH:0.468746
G1 X4.675 Y-2.848 E2.11733
G1 E.11733 F2400
G92 E0
G1 Z5.45 F4800
G1 X-1.3 Y-4.861
G1 Z5.15
G1 E2 F2400
;WIDTH:0.568012
G1 F900
G1 X-1.136 Y-4.863 E2.00548
;WIDTH:0.519745
G1 X-.831 Y-4.839 E2.01478
;WIDTH:0.484872
G1 X-.526 Y-4.815 E2.02342
;WIDTH:0.449999
G1 X2.033 Y-4.468 E2.09071
G1 X2.201 Y-4.2 E2.09895
G1 X2.601 Y-3.638 E2.11692
;WIDTH:0.495536
G1 X2.886 Y-3.372 E2.12818
;WIDTH:0.541072
G1 X3.172 Y-3.106 E2.14058
G1 X2.932 Y-3.101 E2.1482
;WIDTH:0.495536
G1 X2.692 Y-3.097 E2.15514
;WIDTH:0.449999
G1 X1.108 Y-3.097 E2.19641
G1 X.927 Y-3.317 E2.20383
G1 X.278 Y-3.956 E2.22756
G1 X-.604 Y-4.525 E2.25491
;WIDTH:0.489337
G1 X-.836 Y-4.637 E2.26225
;WIDTH:0.528675
G1 X-1.068 Y-4.749 E2.27023
;WIDTH:0.568012
G1 X-1.246 Y-4.835 E2.27684
G1 E.27684 F2400
G92 E0
G1 Z5.45 F4800
G1 X3.172 Y-3.106
G1 Z5.15
G1 E2 F2400
;WIDTH:0.541072
G1 F900
G1 X3.426 Y-2.989 E2.00887
G1 E.00887 F2400
G92 E0
G1 Z5.45 F4800
G1 X-3.652 Y-4.871
G1 Z5.15
G1 E2 F2400
;WIDTH:0.56123
G1 F900
G1 X-3.112 Y-4.965 E2.01808
;WIDTH:0.56506
G1 X-2.5 Y-5.026 E2.03852
G1 X-1.789 Y-4.95 E2.06228
;WIDTH:0.568012
G1 X-1.3 Y-4.861 E2.07889
G1 E.07889 F2400
G92 E0
G1 Z5.45 F4800
G1 X-8.172 Y-3.106
G1 Z5.15
G1 E2 F2400
;WIDTH:0.541054
G1 F900
G1 X-7.97 Y-3.292 E2.00871
;WIDTH:0.495527
G1 X-7.769 Y-3.478 E2.01662
;WIDTH:0.449999
G1 X-7.341 Y-3.966 E2.03353
G1 X-7.029 Y-4.468 E2.04893
G1 X-4.158 Y-4.858 E2.12442
;WIDTH:0.487076
G1 X-3.997 Y-4.859 E2.12899
;WIDTH:0.524153
G1 X-3.836 Y-4.859 E2.13393
;WIDTH:0.56123
G1 X-3.675 Y-4.86 E2.13924
;WIDTH:0.554272
G1 X-3.876 Y-4.767 E2.14645
;WIDTH:0.519515
G1 X-4.077 Y-4.673 E2.15319
;WIDTH:0.484757
G1 X-4.278 Y-4.58 E2.15944
;WIDTH:0.449999
G1 X-5.074 Y-4.115 E2.18346
G1 X-5.701 Y-3.573 E2.20505
G1 X-6.108 Y-3.097 E2.22137
G1 X-7.596 Y-3.097 E2.26014
;WIDTH:0.495527
G1 X-7.884 Y-3.101 E2.26846
;WIDTH:0.541054
G1 X-8.112 Y-3.105 E2.2757
G1 X-8.316 Y-2.478 F4800
;WIDTH:0.449999
G1 F2700
G1 X-8.447 Y-2.342 E2.28062
G1 X-8.518 Y-2.052 E2.2884
G1 X-8.516 Y.733 E2.36097
G1 X-8.785 Y.615 E2.36862
G1 X-9.366 Y.615 E2.38376
G1 X-9.366 Y-1.956 E2.45075
G1 X-9.495 Y-2.25 E2.45912
G1 X-9.719 Y-2.433 E2.46666
G1 X-9.993 Y-2.496 E2.47399
G1 X-10.648 Y-2.496 E2.49106
G1 X-10.799 Y-2.678 E2.49722
G1 X-11.079 Y-3.091 E2.51022
G1 X-11.349 Y-3.57 E2.52455
G1 X-11.552 Y-4.072 E2.53866
G1 X-11.031 Y-4.238 E2.55291
G1 X-10.853 Y-3.995 E2.56076
G1 X-10.432 Y-3.603 E2.57575
G1 X-10.175 Y-3.442 E2.58365
G1 X-9.707 Y-3.266 E2.59668
G1 X-9.175 Y-3.24 E2.61056
G1 X-8.965 Y-3.276 E2.61611
G1 X-8.435 Y-3.487 E2.63097
G1 X-8.083 Y-3.753 E2.64247
G1 X-7.564 Y-4.376 E2.6636
G1 X-7.314 Y-4.851 E2.67759
G1 X-2.5 Y-5.505 E2.80417
G1 X2.314 Y-4.851 E2.93075
G1 X2.42 Y-4.626 E2.93723
G1 X2.809 Y-4.038 E2.9556
G1 X3.116 Y-3.718 E2.96715
G1 X3.435 Y-3.487 E2.97741
G1 X3.965 Y-3.277 E2.99226
G1 X4.176 Y-3.24 E2.99784
G1 X4.707 Y-3.266 E3.01169
G1 X5.136 Y-3.427 E3.02363
G1 X5.707 Y-3.837 E3.04195
G1 X6.037 Y-4.236 E3.05544
G1 X6.552 Y-4.072 E3.06952
G1 X6.413 Y-3.749 E3.07868
G1 X6.056 Y-3.035 E3.09948
G1 X5.668 Y-2.496 E3.11678
G1 X4.799 Y-2.466 E3.13944
G1 X4.554 Y-2.317 E3.14691
G1 X4.424 Y-2.133 E3.15278
G1 X4.366 Y-1.87 E3.1598
G1 X4.366 Y.615 E3.22455
G1 X3.815 Y.615 E3.23891
G1 X3.516 Y.733 E3.24729
G1 X3.518 Y-2.053 E3.31988
G1 X3.447 Y-2.342 E3.32763
G1 X3.204 Y-2.596 E3.33679
G1 X2.894 Y-2.679 E3.34515
G1 X.888 Y-2.679 E3.39742
G1 X.627 Y-3.026 E3.40873
G1 X.044 Y-3.61 E3.43023
G1 X-.762 Y-4.138 E3.45534
G1 X-1.327 Y-4.37 E3.47125
G1 X-1.839 Y-4.498 E3.485
G1 X-2.422 Y-4.554 E3.50026
G1 X-3.002 Y-4.521 E3.5154
G1 X-3.522 Y-4.416 E3.52922
G1 X-4.074 Y-4.215 E3.54453
G1 X-4.805 Y-3.795 E3.5665
G1 X-5.39 Y-3.294 E3.58657
G1 X-5.888 Y-2.679 E3.60719
G1 X-7.891 Y-2.679 E3.65938
G1 X-8.202 Y-2.597 E3.66776
G1 X-8.275 Y-2.521 E3.67051
G1 E1.67051 F2400
G92 E0
G1 Z5.45 F4800
G1 X3.007 Y3.533
G1 Z5.15
G1 E2 F2400
;WIDTH:0.546601
G1 F900
G1 X3.196 Y3.73 E2.00876
G1 X3.446 Y3.762 E2.01685
;WIDTH:0.513292
G1 X6.335 Y3.762 E2.10353
G1 X6.013 Y4.243 E2.1209
G1 X3.446 Y4.243 E2.19792
;WIDTH:0.546601
G1 X2.702 Y4.226 E2.22179
G1 X2.982 Y3.588 E2.24414
G1 E.24414 F2400
G92 E0
G1 Z5.45 F4800
G1 X-8.029 Y-2.196
G1 Z5.15
G1 E2 F2400
;TYPE:External perimeter
;WIDTH:0.449999
G1 F1350
G1 X-8.053 Y-2.184 E2.0007
G1 X-8.1 Y-2.052 E2.00435
G1 X-8.1 Y.344 E2.06678
;WIDTH:0.463856
G1 X-8.104 Y.905 E2.08188
;WIDTH:0.488403
G1 X-8.075 Y1.431 E2.09687
;WIDTH:0.50028
G1 X-7.914 Y2.359 E2.12436
G1 X-7.674 Y3.158 E2.14871
;WIDTH:0.476724
G1 X-7.319 Y3.954 E2.17287
;WIDTH:0.449999
G1 X-7.047 Y4.452 E2.18766
G1 X-6.747 Y4.875 E2.20117
G1 X-7.402 Y4.873 E2.21824
G1 X-7.521 Y4.771 E2.22232
G1 X-7.684 Y4.693 E2.22703
G1 X-11.257 Y4.693 E2.32013
G1 X-11.643 Y4.146 E2.33757
G1 X-12.098 Y3.313 E2.3623
G1 X-8.414 Y3.313 E2.45829
;WIDTH:0.476724
G1 X-8.236 Y3.177 E2.4645
;WIDTH:0.506624
G1 X-8.217 Y3.044 E2.46848
G1 X-8.369 Y2.467 E2.48613
;WIDTH:0.50028
G1 X-8.471 Y1.939 E2.50183
;WIDTH:0.498882
G1 X-8.556 Y1.216 E2.52302
;WIDTH:0.492773
G1 X-8.617 Y1.107 E2.52661
;WIDTH:0.463856
G1 X-8.785 Y1.033 E2.53155
;WIDTH:0.449999
G1 X-9.784 Y1.033 E2.55758
G1 X-9.784 Y-1.869 E2.63319
G1 X-9.847 Y-2.018 E2.63741
G1 X-9.993 Y-2.078 E2.64152
G1 X-10.845 Y-2.078 E2.66372
G1 X-11.287 Y-2.612 E2.68178
G1 X-11.696 Y-3.33 E2.70331
G1 X-11.896 Y-3.782 E2.71619
G1 X-12.082 Y-4.341 E2.73154
G1 X-10.851 Y-4.734 E2.76521
G1 X-10.568 Y-4.301 E2.77869
G1 X-10.147 Y-3.909 E2.79368
G1 X-9.978 Y-3.811 E2.79877
G1 X-9.59 Y-3.667 E2.80955
G1 X-9.175 Y-3.658 E2.82037
G1 X-8.721 Y-3.806 E2.83281
G1 X-8.397 Y-4.028 E2.84304
G1 X-7.925 Y-4.586 E2.86208
G1 X-7.606 Y-5.233 E2.88088
G1 X-2.5 Y-5.927 E3.01514
G1 X2.607 Y-5.233 E3.14943
G1 X2.769 Y-4.856 E3.16012
G1 X3.158 Y-4.269 E3.17847
G1 X3.408 Y-4.017 E3.18772
G1 X3.672 Y-3.831 E3.19613
G1 X4.105 Y-3.67 E3.20817
G1 X4.532 Y-3.659 E3.2193
G1 X4.888 Y-3.764 E3.22897
G1 X5.339 Y-4.062 E3.24305
G1 X5.584 Y-4.344 E3.25278
G1 X5.859 Y-4.731 E3.26515
G1 X7.082 Y-4.341 E3.2986
G1 X6.898 Y-3.787 E3.31381
G1 X6.465 Y-2.907 E3.33936
G1 X6.174 Y-2.474 E3.35295
G1 X5.851 Y-2.079 E3.36624
G1 X4.993 Y-2.079 E3.3886
G1 X4.847 Y-2.019 E3.39271
G1 X4.784 Y-1.87 E3.39693
G1 X4.784 Y1.033 E3.47257
G1 X3.886 Y1.033 E3.49597
;WIDTH:0.459769
G1 X3.628 Y1.096 E3.50305
;WIDTH:0.492772
G1 X3.556 Y1.215 E3.50704
G1 X3.531 Y1.455 E3.51397
;WIDTH:0.498882
G1 X3.468 Y1.957 E3.52869
;WIDTH:0.50028
G1 X3.366 Y2.482 E3.5443
;WIDTH:0.506622
G1 X3.217 Y3.044 E3.5615
G1 X3.224 Y3.151 E3.56467
;WIDTH:0.48699
G1 X3.369 Y3.298 E3.57053
;WIDTH:0.449999
G1 X3.446 Y3.313 E3.57257
G1 X7.083 Y3.312 E3.66733
G1 X6.864 Y3.781 E3.68082
G1 X6.252 Y4.693 E3.70944
G1 X2.684 Y4.693 E3.80241
G1 X2.42 Y4.873 E3.81074
G1 X1.747 Y4.875 E3.82828
G1 X2.051 Y4.444 E3.84202
G1 X2.435 Y3.686 E3.86416
;WIDTH:0.478311
G1 X2.597 Y3.303 E3.87573
;WIDTH:0.506622
G1 X2.759 Y2.92 E3.88803
G1 X2.954 Y2.202 E3.91004
;WIDTH:0.493802
G1 X3.077 Y1.412 E3.93306
;WIDTH:0.488308
G1 X3.102 Y.889 E3.94795
;WIDTH:0.459769
G1 X3.084 Y.064 E3.96995
;WIDTH:0.449999
G1 X3.1 Y-.19 E3.97658
G1 X3.1 Y-2.053 E4.02512
G1 X3.053 Y-2.184 E4.02875
G1 X2.892 Y-2.261 E4.0334
G1 X.667 Y-2.261 E4.09137
G1 X.327 Y-2.736 E4.10659
G1 X-.19 Y-3.263 E4.12583
G1 X-.921 Y-3.752 E4.14875
G1 X-1.486 Y-3.983 E4.16465
G1 X-1.886 Y-4.082 E4.17539
G1 X-2.399 Y-4.137 E4.18883
G1 X-2.979 Y-4.104 E4.20397
G1 X-3.386 Y-4.02 E4.2148
G1 X-3.871 Y-3.85 E4.22819
G1 X-4.536 Y-3.476 E4.24807
G1 X-5.058 Y-3.036 E4.26586
G1 X-5.374 Y-2.687 E4.27813
G1 X-5.667 Y-2.261 E4.2916
G1 X-7.891 Y-2.261 E4.34955
G1 X-7.975 Y-2.222 E4.35196
G1 X-8.094 Y-1.84 F4800
G1 E2.35196 F2400
G92 E0
G1 Z5.45 F4800
G1 X-5.282 Y-4.389
G1 Z5.15
G1 E2 F2400
;TYPE:Solid infill
G1 F1200
G1 X-5.281 Y-4.351 E2.00099
G1 X-5.813 Y-3.9 E2.01916
G1 X-6.259 Y-3.41 E2.03642
G1 X-7.417 Y-3.41 E2.06659
G1 X-7.11 Y-3.755 E2.07862
G1 X-6.838 Y-4.178 E2.09172
G1 X-5.489 Y-4.361 E2.12719
G1 E.12719 F2400
G92 E0
G1 Z5.45 F4800
G1 X.246 Y-4.394
G1 Z5.15
G1 E2 F2400
G1 F1200
G1 X1.84 Y-4.178 E2.04191
G1 X2.384 Y-3.41 E2.06643
G1 X1.257 Y-3.41 E2.09579
G1 X.674 Y-4.029 E2.11795
G1 X.377 Y-4.25 E2.1276
M106 S229.5
;LAYER_CHANGE
;Z:5.3
;HEIGHT:0.15
G1 E.1276 F2400
G92 E0
G1 Z5.3 F4800
G1 Z5.6
G1 X-8.925 Y-.057
G1 Z5.3
G1 E2 F2400
;TYPE:Perimeter
;WIDTH:0.497572
G1 F900
G1 X-8.942 Y-.811 E2.02189
G1 X-9.238 Y-1.514 F4800
;WIDTH:0.449999
G1 F900
G1 X-8.921 Y-1.235 E2.03289
G1 X-8.518 Y-1.234 E2.04339
G1 X-8.508 Y-.312 E2.06741
G1 X-8.465 Y-.227 E2.06989
G1 X-8.516 Y.538 E2.08987
G1 X-8.609 Y.417 E2.09385
G1 X-8.806 Y.385 E2.09905
G1 X-9.366 Y.385 E2.11364
G1 X-9.366 Y-1.627 E2.16606
G1 X-9.283 Y-1.554 E2.16894
G1 E.16894 F2400
G92 E0
G1 Z5.6 F4800
G1 X-11.522 Y3.532
G1 Z5.3
G1 E2 F2400
;WIDTH:0.513291
G1 F900
G1 X-8.347 Y3.532 E2.09526
;WIDTH:0.538324
G1 X-8.108 Y3.359 E2.10457
G1 X-7.857 Y3.986 E2.12589
G1 X-8.532 Y4.013 E2.14721
;WIDTH:0.513291
G1 X-11.25 Y4.013 E2.22876
G1 X-11.493 Y3.585 E2.24353
G1 E.24353 F2400
G92 E0
G1 Z5.6 F4800
G1 X2.866 Y4.001
G1 Z5.3
G1 E2 F2400
;WIDTH:0.538324
G1 F900
G1 X3.108 Y3.359 E2.02166
G1 X3.315 Y3.508 E2.02971
G1 X3.532 Y3.532 E2.0366
;WIDTH:0.513292
G1 X6.527 Y3.532 E2.12646
;WIDTH:0.51329
G1 X6.236 Y4.013 E2.14333
G1 X3.532 Y4.013 E2.22446
;WIDTH:0.538324
G1 X2.926 Y4.002 E2.24359
G1 E.24359 F2400
G92 E0
G1 Z5.6 F4800
G1 X4.586 Y-3.057
G1 Z5.3
G1 E2 F2400
;WIDTH:0.441794
G1 F900
G1 X4.872 Y-3.125 E2.00751
;WIDTH:0.474445
G1 X5.009 Y-3.151 E2.01136
;WIDTH:0.52255
G1 X5.146 Y-3.177 E2.01562
;WIDTH:0.570655
G1 X5.283 Y-3.203 E2.0203
;WIDTH:0.61876
G1 X5.42 Y-3.228 E2.02539
G1 E.02539 F2400
G92 E0
G1 Z5.6 F4800
G1 X-1.03 Y-4.699
G1 Z5.3
G1 E2 F2400
;WIDTH:0.621822
G1 F900
G1 X-.942 Y-4.706 E2.00325
;WIDTH:0.584264
G1 X-.853 Y-4.713 E2.00632
;WIDTH:0.546705
G1 X-.765 Y-4.72 E2.00915
;WIDTH:0.509146
G1 X-.359 Y-4.68 E2.02128
;WIDTH:0.479573
G1 X.046 Y-4.64 E2.03263
;WIDTH:0.449999
G1 X2.239 Y-4.342 E2.0903
G1 X2.348 Y-4.189 E2.09519
G1 X2.87 Y-3.612 E2.11546
G1 X3.295 Y-3.327 E2.12879
G1 X.832 Y-3.327 E2.19297
G1 X.636 Y-3.538 E2.20047
G1 X-.114 Y-4.145 E2.22561
;WIDTH:0.492955
G1 X-.343 Y-4.283 E2.23329
;WIDTH:0.535911
G1 X-.572 Y-4.422 E2.24171
;WIDTH:0.578867
G1 X-.801 Y-4.561 E2.25084
;WIDTH:0.621822
G1 X-.979 Y-4.668 E2.25848
G1 E.25848 F2400
G92 E0
G1 Z5.6 F4800
G1 X-10.417 Y-3.235
G1 Z5.3
G1 E2 F2400
;WIDTH:0.632254
G1 F900
G1 X-10.293 Y-3.209 E2.00474
;WIDTH:0.58857
G1 X-10.168 Y-3.183 E2.00917
;WIDTH:0.544885
G1 X-10.043 Y-3.158 E2.01325
;WIDTH:0.501201
G1 X-9.918 Y-3.132 E2.01698
;WIDTH:0.457517
G1 X-9.794 Y-3.106 E2.02034
;WIDTH:0.441798
G1 X-9.586 Y-3.057 E2.0258
G1 X-8.305 Y-3.327 F4800
;WIDTH:0.449999
G1 F900
G1 X-8.107 Y-3.44 E2.03174
G1 X-7.651 Y-3.824 E2.04727
G1 X-7.236 Y-4.342 E2.06456
G1 X-5.064 Y-4.637 E2.12167
;WIDTH:0.493102
G1 X-4.703 Y-4.665 E2.13208
;WIDTH:0.536204
G1 X-4.342 Y-4.692 E2.14346
;WIDTH:0.574891
G1 X-4.264 Y-4.683 E2.14612
;WIDTH:0.613578
G1 X-4.186 Y-4.674 E2.14897
;WIDTH:0.652264
G1 X-4.108 Y-4.665 E2.15201
G1 X-4.168 Y-4.619 E2.15493
;WIDTH:0.613578
G1 X-4.227 Y-4.572 E2.15766
;WIDTH:0.574891
G1 X-4.286 Y-4.526 E2.16019
;WIDTH:0.536204
G1 X-4.678 Y-4.273 E2.17485
;WIDTH:0.493102
G1 X-5.07 Y-4.02 E2.18826
;WIDTH:0.449999
G1 X-5.636 Y-3.538 E2.20763
G1 X-5.832 Y-3.327 E2.21513
G1 X-8.245 Y-3.327 E2.278
G1 E.278 F2400
G92 E0
G1 Z5.6 F4800
G1 X-4.108 Y-4.665
G1 Z5.3
G1 E2 F2400
;WIDTH:0.652264
G1 F900
G1 X-3.871 Y-4.717 E2.00938
;WIDTH:0.613772
G1 X-3.633 Y-4.769 E2.01822
;WIDTH:0.57528
G1 X-3.395 Y-4.82 E2.02646
;WIDTH:0.536788
G1 X-2.745 Y-4.91 E2.04711
;WIDTH:0.566018
G1 X-2.5 Y-4.927 E2.05529
G1 X-1.961 Y-4.876 E2.07331
;WIDTH:0.572598
G1 X-1.495 Y-4.787 E2.0893
;WIDTH:0.621822
G1 X-1.03 Y-4.699 E2.1067
G1 E.1067 F2400
G92 E0
G1 Z5.6 F4800
G1 X-9.481 Y-2.427
G1 Z5.3
G1 E2 F2400
;WIDTH:0.452771
G1 F900
G1 X-9.591 Y-2.586 E2.00507
G1 X-9.748 Y-2.676 E2.00982
;WIDTH:0.449999
G1 X-9.993 Y-2.726 E2.01634
G1 X-10.653 Y-2.726 E2.03354
G1 X-10.85 Y-2.959 E2.04149
G1 X-11.143 Y-3.4 E2.05529
G1 X-11.435 Y-4.011 E2.07293
G1 X-10.819 Y-4.207 E2.08977
G1 X-10.55 Y-3.926 E2.09991
G1 X-10.099 Y-3.636 E2.11388
G1 X-9.686 Y-3.491 E2.12528
;WIDTH:0.48517
G1 X-9.439 Y-3.462 E2.13231
;WIDTH:0.52034
G1 X-9.191 Y-3.432 E2.13991
;WIDTH:0.541742
G1 X-8.965 Y-3.46 E2.14715
G1 X-8.67 Y-3.61 E2.15767
;WIDTH:0.495871
G1 X-8.376 Y-3.76 E2.16721
;WIDTH:0.449999
G1 X-7.823 Y-4.247 E2.18641
G1 X-7.497 Y-4.728 E2.20155
G1 X-2.5 Y-5.408 E2.33295
G1 X2.497 Y-4.728 E2.46435
G1 X2.64 Y-4.492 E2.47154
G1 X3.01 Y-4.05 E2.48656
G1 X3.408 Y-3.735 E2.49979
;WIDTH:0.495877
G1 X3.686 Y-3.598 E2.50875
;WIDTH:0.541755
G1 X3.965 Y-3.46 E2.51864
G1 X4.138 Y-3.427 E2.52424
;WIDTH:0.536017
G1 X4.374 Y-3.451 E2.53169
;WIDTH:0.493008
G1 X4.61 Y-3.475 E2.53851
;WIDTH:0.449999
G1 X5.148 Y-3.658 E2.55332
G1 X5.548 Y-3.923 E2.56582
G1 X5.819 Y-4.207 E2.57605
G1 X6.435 Y-4.011 E2.59289
G1 X6.26 Y-3.644 E2.60348
G1 X5.964 Y-3.126 E2.61903
G1 X5.653 Y-2.726 E2.63223
G1 X5.313 Y-2.726 E2.64109
G1 X4.795 Y-2.694 E2.65461
;WIDTH:0.452769
G1 X4.591 Y-2.586 E2.66066
G1 X4.481 Y-2.427 E2.66573
G1 X4.429 Y-2.613 E2.6708
;WIDTH:0.486553
G1 X4.267 Y-2.761 E2.67702
;WIDTH:0.520336
G1 X4.105 Y-2.909 E2.6837
;WIDTH:0.544853
G1 X3.891 Y-2.957 E2.69071
G1 X3.668 Y-2.933 E2.69788
;WIDTH:0.497426
G1 X3.444 Y-2.909 E2.70442
;WIDTH:0.449999
G1 X.636 Y-2.909 E2.77758
G1 X.366 Y-3.22 E2.78831
G1 X-.311 Y-3.776 E2.81114
G1 X-1.161 Y-4.213 E2.83604
G1 X-1.986 Y-4.422 E2.85822
G1 X-2.694 Y-4.453 E2.87669
G1 X-3.261 Y-4.379 E2.89159
G1 X-4.063 Y-4.122 E2.91353
G1 X-4.799 Y-3.701 E2.93562
G1 X-5.366 Y-3.22 E2.95499
G1 X-5.636 Y-2.909 E2.96572
G1 X-8.066 Y-2.909 E3.02904
;WIDTH:0.495871
G1 X-8.472 Y-2.932 E3.0408
;WIDTH:0.541742
G1 X-8.878 Y-2.955 E3.05372
G1 X-9.105 Y-2.909 E3.06108
;WIDTH:0.52034
G1 X-9.267 Y-2.761 E3.06776
;WIDTH:0.486556
G1 X-9.429 Y-2.613 E3.07398
;WIDTH:0.452771
G1 X-9.465 Y-2.484 E3.07749
G1 E1.07749 F2400
G92 E0
G1 Z5.6 F4800
G1 X3.942 Y-.811
G1 Z5.3
G1 E2 F2400
;WIDTH:0.478798
G1 F900
G1 X3.934 Y-.237 E2.01599
;WIDTH:0.497588
G1 X3.925 Y-.057 E2.02122
G1 X3.516 Y.537 F4800
;WIDTH:0.449999
G1 F900
G1 X3.513 Y.29 E2.02766
G1 X3.465 Y-.227 E2.04119
G1 X3.494 Y-.248 E2.04212
G1 X3.518 Y-.42 E2.04665
G1 X3.518 Y-1.234 E2.06786
G1 X3.921 Y-1.235 E2.07836
G1 X4.366 Y-1.627 E2.09381
G1 X4.366 Y.385 E2.14623
G1 X3.925 Y.385 E2.15772
G1 X3.609 Y.417 E2.166
G1 X3.552 Y.49 E2.16841
G1 E.16841 F2400
G92 E0
G1 Z5.6 F4800
G1 X-9.021 Y-1.729
G1 Z5.3
G1 E2 F2400
;TYPE:External perimeter
;WIDTH:0.541549
G1 F1350
G1 X-8.982 Y-1.706 E2.00144
;WIDTH:0.495774
G1 X-8.891 Y-1.652 E2.0045
;WIDTH:0.449999
G1 X-8.1 Y-1.652 E2.02511
G1 X-8.1 Y-.42 E2.05721
G1 X-8.037 Y-.321 E2.06027
G1 X-8.098 Y.348 E2.07777
;WIDTH:0.490743
G1 X-8.116 Y1.019 E2.09697
;WIDTH:0.491809
G1 X-8.075 Y1.546 E2.11212
G1 X-7.949 Y2.312 E2.13437
;WIDTH:0.490633
G1 X-7.715 Y3.093 E2.15768
;WIDTH:0.450605
G1 X-7.485 Y3.699 E2.17459
;WIDTH:0.449999
G1 X-6.982 Y4.645 E2.20251
G1 X-7.59 Y4.643 E2.21835
G1 X-7.673 Y4.566 E2.2213
G1 X-7.866 Y4.463 E2.227
G1 X-11.494 Y4.463 E2.32153
G1 X-11.792 Y3.997 E2.33594
G1 X-12.231 Y3.083 E2.36236
G1 X-8.532 Y3.083 E2.45874
;WIDTH:0.450605
G1 X-8.365 Y3 E2.46361
;WIDTH:0.476437
G1 X-8.334 Y2.912 E2.46619
;WIDTH:0.502268
G1 X-8.302 Y2.825 E2.46891
G1 X-8.471 Y2.039 E2.49248
;WIDTH:0.498532
G1 X-8.54 Y1.523 E2.50762
;WIDTH:0.493329
G1 X-8.576 Y1.018 E2.52218
;WIDTH:0.49121
G1 X-8.741 Y.813 E2.52971
;WIDTH:0.449999
G1 X-9.784 Y.803 E2.55689
G1 X-9.784 Y-.811 E2.59894
;WIDTH:0.495774
G1 X-9.761 Y-1.129 E2.60816
;WIDTH:0.541549
G1 X-9.738 Y-1.447 E2.61829
;WIDTH:0.587324
G1 X-9.715 Y-1.765 E2.62933
;WIDTH:0.598348
G1 X-9.725 Y-2.191 E2.64437
G1 X-9.814 Y-2.23 E2.6478
;WIDTH:0.548899
G1 X-9.904 Y-2.269 E2.65096
;WIDTH:0.499449
G1 X-9.993 Y-2.308 E2.65379
;WIDTH:0.449999
G1 X-10.846 Y-2.308 E2.67602
G1 X-11.238 Y-2.781 E2.69203
G1 X-11.636 Y-3.463 E2.7126
G1 X-11.988 Y-4.273 E2.73561
G1 X-10.676 Y-4.692 E2.7715
G1 X-10.366 Y-4.313 E2.78426
G1 X-9.915 Y-4.014 E2.79836
G1 X-9.574 Y-3.894 E2.80778
G1 X-9.12 Y-3.897 E2.81961
G1 X-8.645 Y-4.079 E2.83286
G1 X-8.189 Y-4.463 E2.84839
G1 X-8.027 Y-4.67 E2.85524
G1 X-7.763 Y-5.114 E2.8687
G1 X-2.5 Y-5.829 E3.00709
G1 X2.763 Y-5.114 E3.14548
G1 X2.96 Y-4.76 E3.15604
G1 X3.33 Y-4.318 E3.17106
G1 X3.656 Y-4.071 E3.18172
G1 X4.12 Y-3.897 E3.19463
G1 X4.532 Y-3.887 E3.20537
G1 X5.004 Y-4.05 E3.21838
G1 X5.335 Y-4.286 E3.22897
G1 X5.675 Y-4.692 E3.24277
G1 X6.988 Y-4.273 E3.27868
G1 X6.876 Y-3.964 E3.28724
G1 X6.508 Y-3.195 E3.30945
G1 X6.206 Y-2.733 E3.32383
G1 X5.846 Y-2.308 E3.33834
G1 X4.993 Y-2.308 E3.36057
;WIDTH:0.499447
G1 X4.904 Y-2.269 E3.3634
;WIDTH:0.548895
G1 X4.814 Y-2.23 E3.36656
;WIDTH:0.598343
G1 X4.725 Y-2.191 E3.36999
G1 X4.715 Y-1.765 E3.38503
;WIDTH:0.587323
G1 X4.738 Y-1.447 E3.39607
;WIDTH:0.541549
G1 X4.761 Y-1.129 E3.4062
;WIDTH:0.495774
G1 X4.784 Y-.811 E3.41542
;WIDTH:0.449999
G1 X4.784 Y.803 E3.45747
G1 X3.76 Y.808 E3.48415
;WIDTH:0.491208
G1 X3.576 Y1.018 E3.49214
;WIDTH:0.493329
G1 X3.54 Y1.523 E3.5067
;WIDTH:0.498531
G1 X3.468 Y2.057 E3.52237
;WIDTH:0.502266
G1 X3.303 Y2.825 E3.5454
G1 X3.351 Y2.986 E3.55033
;WIDTH:0.458881
G1 X3.532 Y3.083 E3.55579
;WIDTH:0.449999
G1 X7.218 Y3.083 E3.65183
G1 X7.006 Y3.608 E3.66658
G1 X6.489 Y4.463 E3.69261
G1 X2.952 Y4.463 E3.78477
G1 X2.724 Y4.518 E3.79088
G1 X2.59 Y4.643 E3.79565
G1 X1.982 Y4.645 E3.81149
G1 X2.495 Y3.677 E3.84003
;WIDTH:0.458881
G1 X2.725 Y3.076 E3.85715
;WIDTH:0.490557
G1 X2.954 Y2.288 E3.88061
;WIDTH:0.49199
G1 X3.077 Y1.528 E3.90269
G1 X3.118 Y.98 E3.91845
G1 X3.097 Y.328 E3.93716
;WIDTH:0.449999
G1 X3.037 Y-.321 E3.95414
G1 X3.1 Y-.42 E3.9572
G1 X3.1 Y-1.652 E3.9893
G1 X3.891 Y-1.652 E4.00991
;WIDTH:0.495774
G1 X3.982 Y-1.706 E4.01297
;WIDTH:0.541549
G1 X4.073 Y-1.759 E4.01632
;WIDTH:0.587323
G1 X4.165 Y-1.813 E4.02001
;WIDTH:0.598343
G1 X4.174 Y-2.282 E4.03657
G1 X4.126 Y-2.334 E4.03907
;WIDTH:0.548895
G1 X4.078 Y-2.386 E4.04135
;WIDTH:0.499447
G1 X4.031 Y-2.438 E4.04339
;WIDTH:0.449999
G1 X3.891 Y-2.491 E4.04729
G1 X.439 Y-2.491 E4.13723
G1 X.095 Y-2.902 E4.15119
G1 X-.508 Y-3.408 E4.1717
G1 X-1.27 Y-3.81 E4.19415
G1 X-2.01 Y-4.005 E4.21409
G1 X-2.612 Y-4.039 E4.2298
G1 X-3.141 Y-3.979 E4.24367
G1 X-3.861 Y-3.757 E4.2633
G1 X-4.529 Y-3.383 E4.28325
G1 X-5.105 Y-2.892 E4.30297
G1 X-5.439 Y-2.491 E4.31657
G1 X-8.943 Y-2.485 E4.40787
;WIDTH:0.499449
G1 X-9.02 Y-2.417 E4.41086
;WIDTH:0.548899
G1 X-9.097 Y-2.35 E4.41415
;WIDTH:0.598348
G1 X-9.174 Y-2.282 E4.41778
G1 X-9.164 Y-1.813 E4.43434
;WIDTH:0.587324
G1 X-9.073 Y-1.759 E4.438
G1 X-8.685 Y-1.663 F4800
G1 E2.438 F2400
G92 E0
G1 Z5.6 F4800
G1 X-7.392 Y-3.642
G1 Z5.3
G1 E2 F2400
;TYPE:Solid infill
;WIDTH:0.453085
G1 F1200
G1 X-7.055 Y-4.049 E2.01387
G1 X-6.968 Y-4.061 E2.01618
;WIDTH:0.481921
G1 X-6.544 Y-4.104 E2.02813
;WIDTH:0.510756
G1 X-5.324 Y-4.255 E2.06482
G1 X-5.987 Y-3.671 E2.09119
G1 X-7.183 Y-3.646 E2.12689
G1 E.12689 F2400
G92 E0
G1 Z5.6 F4800
G1 X.318 Y-4.255
G1 Z5.3
G1 E2 F2400
;WIDTH:0.511989
G1 F1200
G1 X1.583 Y-4.099 E2.03814
;WIDTH:0.481995
G1 X2.065 Y-4.048 E2.05174
;WIDTH:0.452
G1 X2.399 Y-3.641 E2.06552
G1 X1.955 Y-3.641 E2.07714
;WIDTH:0.481995
G1 X1.466 Y-3.656 E2.09086
;WIDTH:0.511989
G1 X.977 Y-3.671 E2.1055
G1 X.474 Y-4.117 E2.12561
;LAYER_CHANGE
;Z:5.45
;HEIGHT:0.15
G1 E.12561 F2400
G92 E0
G1 Z5.45 F4800
G1 Z5.75
G1 X-8.913 Y-.299
G1 Z5.45
G1 E2 F2400
;TYPE:Perimeter
;WIDTH:0.521648
G1 F900
G1 X-8.927 Y-.506 E2.00633
;WIDTH:0.492261
G1 X-8.942 Y-.713 E2.01228
G1 X-9.238 Y-1.416 F4800
;WIDTH:0.449999
G1 F900
G1 X-8.921 Y-1.137 E2.02328
G1 X-8.518 Y-1.136 E2.03378
G1 X-8.518 Y-.763 E2.0435
G1 X-8.484 Y-.446 E2.05181
G1 X-8.432 Y-.402 E2.05358
G1 X-8.505 Y.35 E2.07327
G1 X-8.71 Y.163 E2.0805
G1 X-9.366 Y.155 E2.09759
G1 X-9.366 Y-1.53 E2.14149
G1 X-9.283 Y-1.456 E2.14439
G1 E.14439 F2400
G92 E0
G1 Z5.75 F4800
G1 X-11.691 Y3.302
G1 Z5.45
G1 E2 F2400
;WIDTH:0.513291
G1 F900
G1 X-8.441 Y3.302 E2.09751
;WIDTH:0.533786
G1 X-8.208 Y3.138 E2.10642
G1 X-7.985 Y3.777 E2.12759
G1 X-8.611 Y3.783 E2.14717
;WIDTH:0.513291
G1 X-11.434 Y3.783 E2.23187
G1 X-11.662 Y3.355 E2.24642
G1 E.24642 F2400
G92 E0
G1 Z5.75 F4800
G1 X2.986 Y3.777
G1 Z5.45
G1 E2 F2400
;WIDTH:0.533785
G1 F900
G1 X3.208 Y3.137 E2.02119
G1 X3.414 Y3.283 E2.02909
G1 X3.611 Y3.302 E2.03528
;WIDTH:0.513291
G1 X6.673 Y3.302 E2.12715
;WIDTH:0.51329
G1 X6.453 Y3.783 E2.14302
G1 X3.611 Y3.783 E2.22829
;WIDTH:0.533785
G1 X3.046 Y3.778 E2.24596
G1 E.24596 F2400
G92 E0
G1 Z5.75 F4800
G1 X4.586 Y-3.286
G1 Z5.45
G1 E2 F2400
;WIDTH:0.439712
G1 F900
G1 X4.754 Y-3.33 E2.00441
;WIDTH:0.461969
G1 X4.887 Y-3.357 E2.00805
;WIDTH:0.504618
G1 X5.019 Y-3.384 E2.01202
;WIDTH:0.547267
G1 X5.151 Y-3.411 E2.01635
;WIDTH:0.589915
G1 X5.284 Y-3.438 E2.02107
;WIDTH:0.632564
G1 X5.416 Y-3.465 E2.02611
G1 E.02611 F2400
G92 E0
G1 Z5.75 F4800
G1 X-1.153 Y-4.631
G1 Z5.45
G1 E2 F2400
;WIDTH:0.596382
G1 F900
G1 X-.913 Y-4.623 E2.00845
;WIDTH:0.547588
G1 X-.673 Y-4.615 E2.01617
;WIDTH:0.498794
G1 X-.433 Y-4.607 E2.02316
;WIDTH:0.449999
G1 X.948 Y-4.419 E2.05947
;WIDTH:0.499325
G1 X1.043 Y-4.381 E2.06245
;WIDTH:0.548651
G1 X1.139 Y-4.344 E2.06576
;WIDTH:0.597977
G1 X1.234 Y-4.306 E2.06937
;WIDTH:0.647302
G1 X1.33 Y-4.268 E2.07333
G1 X1.9 Y-4.21 E2.09531
;WIDTH:0.611931
G1 X2.469 Y-4.152 E2.11599
;WIDTH:0.576559
G1 X2.751 Y-3.86 E2.12977
G1 X3.06 Y-3.62 E2.14305
G1 X2.334 Y-3.62 E2.1677
;WIDTH:0.611931
G1 X1.811 Y-3.638 E2.18662
;WIDTH:0.647302
G1 X1.288 Y-3.656 E2.20669
G1 X1.189 Y-3.631 E2.21061
;WIDTH:0.597977
G1 X1.089 Y-3.606 E2.21425
;WIDTH:0.548651
G1 X.989 Y-3.582 E2.21756
;WIDTH:0.499325
G1 X.889 Y-3.557 E2.22056
;WIDTH:0.449999
G1 X.507 Y-3.557 E2.23051
G1 X.272 Y-3.767 E2.23872
G1 X-.52 Y-4.286 E2.26339
;WIDTH:0.498794
G1 X-.731 Y-4.401 E2.27038
;WIDTH:0.547588
G1 X-.942 Y-4.516 E2.2781
;WIDTH:0.596382
G1 X-1.1 Y-4.602 E2.28443
G1 E.28443 F2400
G92 E0
G1 Z5.75 F4800
G1 X-10.419 Y-3.458
G1 Z5.45
G1 E2 F2400
;WIDTH:0.618924
G1 F900
G1 X-10.253 Y-3.426 E2.00619
;WIDTH:0.569025
G1 X-10.087 Y-3.394 E2.01185
;WIDTH:0.519126
G1 X-9.92 Y-3.362 E2.01701
;WIDTH:0.469227
G1 X-9.754 Y-3.33 E2.02162
;WIDTH:0.439722
G1 X-9.586 Y-3.285 E2.02604
G1 X-8.059 Y-3.62 F4800
;WIDTH:0.576645
G1 F900
G1 X-7.893 Y-3.739 E2.03297
G1 X-7.473 Y-4.148 E2.05288
G1 X-7.37 Y-4.162 E2.05641
;WIDTH:0.611974
G1 X-6.851 Y-4.215 E2.07527
;WIDTH:0.647303
G1 X-6.331 Y-4.268 E2.09532
G1 X-6.235 Y-4.306 E2.09928
;WIDTH:0.597977
G1 X-6.14 Y-4.344 E2.10289
;WIDTH:0.548651
G1 X-6.044 Y-4.381 E2.1062
;WIDTH:0.499325
G1 X-5.949 Y-4.419 E2.10918
;WIDTH:0.449999
G1 X-5.038 Y-4.543 E2.13314
;WIDTH:0.492879
G1 X-4.642 Y-4.575 E2.14455
;WIDTH:0.535759
G1 X-4.247 Y-4.607 E2.157
;WIDTH:0.584087
G1 X-4.14 Y-4.597 E2.1607
;WIDTH:0.632414
G1 X-4.032 Y-4.588 E2.16476
G1 X-4.116 Y-4.526 E2.16867
;WIDTH:0.584087
G1 X-4.201 Y-4.464 E2.17229
;WIDTH:0.535759
G1 X-4.63 Y-4.197 E2.18816
;WIDTH:0.492879
G1 X-5.059 Y-3.93 E2.20268
;WIDTH:0.449999
G1 X-5.501 Y-3.557 E2.21775
G1 X-5.89 Y-3.557 E2.22789
;WIDTH:0.499325
G1 X-5.99 Y-3.581 E2.23089
;WIDTH:0.548651
G1 X-6.09 Y-3.606 E2.23421
;WIDTH:0.597977
G1 X-6.189 Y-3.631 E2.23781
;WIDTH:0.647303
G1 X-6.289 Y-3.655 E2.24175
G1 X-6.811 Y-3.638 E2.26178
;WIDTH:0.611974
G1 X-7.334 Y-3.62 E2.2807
;WIDTH:0.576645
G1 X-7.999 Y-3.62 E2.30328
G1 E.30328 F2400
G92 E0
G1 Z5.75 F4800
G1 X-4.032 Y-4.588
G1 Z5.45
G1 E2 F2400
;WIDTH:0.632414
G1 F900
G1 X-3.78 Y-4.639 E2.00962
;WIDTH:0.59812
G1 X-3.528 Y-4.691 E2.0187
;WIDTH:0.563826
G1 X-3.276 Y-4.742 E2.02722
;WIDTH:0.574112
G1 X-2.5 Y-4.825 E2.0536
G1 X-1.388 Y-4.682 E2.09149
;WIDTH:0.596382
G1 X-1.153 Y-4.631 E2.09995
G1 E.09995 F2400
G92 E0
G1 Z5.75 F4800
G1 X-9.481 Y-2.657
G1 Z5.45
G1 E2 F2400
;WIDTH:0.452999
G1 F900
G1 X-9.59 Y-2.815 E2.00504
G1 X-9.747 Y-2.906 E2.0098
;WIDTH:0.449999
G1 X-9.99 Y-2.956 E2.01626
G1 X-10.652 Y-2.956 E2.03351
G1 X-11.033 Y-3.46 E2.04997
G1 X-11.291 Y-3.959 E2.06461
G1 X-10.564 Y-4.191 E2.08449
G1 X-10.254 Y-3.938 E2.09492
G1 X-9.892 Y-3.777 E2.10524
;WIDTH:0.475374
G1 X-9.635 Y-3.723 E2.1125
;WIDTH:0.500748
G1 X-9.378 Y-3.668 E2.12018
;WIDTH:0.544067
G1 X-8.937 Y-3.696 E2.13429
G1 X-8.725 Y-3.8 E2.14183
;WIDTH:0.497033
G1 X-8.513 Y-3.903 E2.14866
;WIDTH:0.449999
G1 X-8.092 Y-4.199 E2.16207
G1 X-7.734 Y-4.598 E2.17604
G1 X-2.5 Y-5.31 E2.31367
G1 X2.734 Y-4.598 E2.4513
G1 X3.092 Y-4.199 E2.46527
G1 X3.406 Y-3.964 E2.47549
;WIDTH:0.497613
G1 X3.691 Y-3.825 E2.48469
;WIDTH:0.545226
G1 X3.977 Y-3.687 E2.49485
G1 X4.147 Y-3.655 E2.50038
;WIDTH:0.53597
G1 X4.292 Y-3.667 E2.50495
;WIDTH:0.502566
G1 X4.437 Y-3.68 E2.50922
;WIDTH:0.469162
G1 X4.892 Y-3.777 E2.5219
;WIDTH:0.449999
G1 X5.148 Y-3.898 E2.52928
G1 X5.587 Y-4.184 E2.54293
G1 X6.308 Y-3.954 E2.56265
G1 X5.895 Y-3.255 E2.5838
G1 X5.652 Y-2.956 E2.59384
G1 X4.848 Y-2.939 E2.61479
;WIDTH:0.452998
G1 X4.591 Y-2.816 E2.62227
G1 X4.481 Y-2.658 E2.62732
G1 X4.429 Y-2.842 E2.63234
G1 X4.31 Y-2.979 E2.6371
;WIDTH:0.486925
G1 X4.204 Y-3.061 E2.6409
;WIDTH:0.523851
G1 X4.099 Y-3.143 E2.64498
;WIDTH:0.545666
G1 X3.892 Y-3.187 E2.65176
G1 X3.663 Y-3.163 E2.65913
;WIDTH:0.497833
G1 X3.434 Y-3.139 E2.66582
;WIDTH:0.449999
G1 X.335 Y-3.139 E2.74657
G1 X.035 Y-3.423 E2.75733
G1 X-.682 Y-3.901 E2.77978
G1 X-1.473 Y-4.217 E2.80197
G1 X-2.169 Y-4.344 E2.8204
G1 X-2.479 Y-4.346 E2.82848
G1 X-3.156 Y-4.301 E2.84616
G1 X-3.983 Y-4.058 E2.86862
G1 X-4.789 Y-3.611 E2.89263
G1 X-5.349 Y-3.139 E2.91171
G1 X-8.349 Y-3.139 E2.98988
;WIDTH:0.496004
G1 X-8.658 Y-3.16 E2.99884
;WIDTH:0.542009
G1 X-8.966 Y-3.181 E3.00866
G1 X-9.198 Y-3.088 E3.01661
;WIDTH:0.500748
G1 X-9.429 Y-2.842 E3.02647
;WIDTH:0.452999
G1 X-9.465 Y-2.715 E3.02993
G1 E1.02993 F2400
G92 E0
G1 Z5.75 F4800
G1 X3.942 Y-.713
G1 Z5.45
G1 E2 F2400
;WIDTH:0.492256
G1 F900
G1 X3.927 Y-.506 E2.00595
;WIDTH:0.52164
G1 X3.913 Y-.299 E2.01228
G1 X3.505 Y.35 F4800
;WIDTH:0.449999
G1 F900
G1 X3.432 Y-.402 E2.03197
G1 X3.48 Y-.436 E2.0335
G1 X3.508 Y-.542 E2.03636
G1 X3.518 Y-1.136 E2.05184
G1 X3.922 Y-1.137 E2.06237
G1 X4.366 Y-1.53 E2.07782
G1 X4.366 Y.155 E2.12172
G1 X3.71 Y.163 E2.13881
G1 X3.549 Y.309 E2.14447
G1 E.14447 F2400
G92 E0
G1 Z5.75 F4800
G1 X-9.021 Y-1.631
G1 Z5.45
G1 E2 F2400
;TYPE:External perimeter
;WIDTH:0.54155
G1 F1350
G1 X-8.982 Y-1.608 E2.00144
;WIDTH:0.495775
G1 X-8.891 Y-1.554 E2.0045
;WIDTH:0.449999
G1 X-8.1 Y-1.554 E2.02511
G1 X-8.097 Y-.614 E2.0496
G1 X-7.993 Y-.513 E2.05338
G1 X-8.068 Y.005 E2.06702
;WIDTH:0.491007
G1 X-8.123 Y.751 E2.08842
;WIDTH:0.494826
G1 X-8.08 Y1.564 E2.11191
;WIDTH:0.50247
G1 X-7.912 Y2.567 E2.14174
G1 X-7.79 Y2.928 E2.15292
;WIDTH:0.476235
G1 X-7.668 Y3.289 E2.16347
;WIDTH:0.449999
G1 X-7.405 Y3.962 E2.1823
G1 X-7.173 Y4.415 E2.19556
G1 X-7.762 Y4.413 E2.21091
G1 X-7.881 Y4.294 E2.21529
G1 X-8.029 Y4.233 E2.21946
G1 X-11.703 Y4.233 E2.31519
G1 X-12.136 Y3.423 E2.33912
G1 X-12.329 Y2.853 E2.3548
G1 X-8.611 Y2.853 E2.45168
;WIDTH:0.454492
G1 X-8.442 Y2.77 E2.45664
;WIDTH:0.50247
G1 X-8.376 Y2.632 E2.46113
G1 X-8.446 Y2.231 E2.47307
;WIDTH:0.488592
G1 X-8.551 Y1.439 E2.49581
G1 X-8.59 Y.725 E2.51616
;WIDTH:0.488071
G1 X-8.81 Y.573 E2.52376
;WIDTH:0.449999
G1 X-9.784 Y.573 E2.54914
G1 X-9.784 Y-.713 E2.58265
;WIDTH:0.494383
G1 X-9.762 Y-1.063 E2.59276
;WIDTH:0.538767
G1 X-9.74 Y-1.413 E2.60384
;WIDTH:0.58315
G1 X-9.718 Y-1.763 E2.61589
;WIDTH:0.598349
G1 X-9.725 Y-2.421 E2.63912
G1 X-9.814 Y-2.46 E2.64255
;WIDTH:0.548899
G1 X-9.903 Y-2.499 E2.64568
;WIDTH:0.499449
G1 X-9.992 Y-2.538 E2.64851
;WIDTH:0.449999
G1 X-10.846 Y-2.538 E2.67076
G1 X-11.219 Y-2.979 E2.68581
G1 X-11.504 Y-3.419 E2.69947
G1 X-11.866 Y-4.214 E2.72223
G1 X-10.455 Y-4.65 E2.76071
G1 X-10.104 Y-4.345 E2.77283
G1 X-9.838 Y-4.199 E2.78074
G1 X-9.488 Y-4.111 E2.79014
G1 X-8.989 Y-4.158 E2.8032
G1 X-8.684 Y-4.284 E2.8118
G1 X-8.415 Y-4.471 E2.82034
G1 X-8.167 Y-4.715 E2.8294
G1 X-7.969 Y-4.988 E2.83819
G1 X-2.5 Y-5.731 E2.982
G1 X2.969 Y-4.988 E3.12581
G1 X3.145 Y-4.741 E3.13371
G1 X3.388 Y-4.494 E3.14274
G1 X3.648 Y-4.305 E3.15112
G1 X4.131 Y-4.126 E3.16454
G1 X4.447 Y-4.107 E3.17279
G1 X4.795 Y-4.184 E3.18208
G1 X5.213 Y-4.43 E3.19472
G1 X5.466 Y-4.648 E3.20342
G1 X6.874 Y-4.212 E3.24183
G1 X6.711 Y-3.815 E3.25301
G1 X6.216 Y-2.975 E3.27841
G1 X5.846 Y-2.538 E3.29333
G1 X4.993 Y-2.538 E3.31556
;WIDTH:0.499447
G1 X4.904 Y-2.499 E3.31839
;WIDTH:0.548895
G1 X4.814 Y-2.46 E3.32155
;WIDTH:0.598343
G1 X4.725 Y-2.421 E3.32498
G1 X4.718 Y-2.329 E3.32824
;WIDTH:0.587323
G1 X4.715 Y-1.667 E3.35116
G1 X4.738 Y-1.349 E3.3622
;WIDTH:0.541549
G1 X4.761 Y-1.031 E3.37233
;WIDTH:0.495774
G1 X4.784 Y-.713 E3.38155
;WIDTH:0.449999
G1 X4.784 Y.573 E3.41506
G1 X3.81 Y.573 E3.44044
;WIDTH:0.488059
G1 X3.59 Y.725 E3.44804
;WIDTH:0.491003
G1 X3.581 Y.771 E3.44938
;WIDTH:0.495111
G1 X3.538 Y1.631 E3.47424
;WIDTH:0.499064
G1 X3.382 Y2.599 E3.50279
G1 X3.425 Y2.753 E3.50745
;WIDTH:0.463196
G1 X3.611 Y2.853 E3.51313
;WIDTH:0.449999
G1 X7.34 Y2.853 E3.61029
G1 X7.277 Y3.06 E3.61593
G1 X6.711 Y4.233 E3.64987
G1 X2.991 Y4.236 E3.7468
G1 X2.762 Y4.413 E3.75434
G1 X2.173 Y4.415 E3.76969
G1 X2.289 Y4.214 E3.77574
G1 X2.566 Y3.583 E3.7937
;WIDTH:0.463196
G1 X2.828 Y2.846 E3.81472
;WIDTH:0.496172
G1 X3.011 Y2.086 E3.83734
G1 X3.095 Y1.42 E3.85676
;WIDTH:0.488591
G1 X3.123 Y.678 E3.87789
;WIDTH:0.488059
G1 X3.066 Y-.014 E3.89763
;WIDTH:0.449999
G1 X2.993 Y-.513 E3.91077
G1 X3.087 Y-.579 E3.91376
G1 X3.1 Y-.65 E3.91564
G1 X3.1 Y-1.554 E3.93919
G1 X3.891 Y-1.554 E3.9598
;WIDTH:0.495774
G1 X3.982 Y-1.608 E3.96286
;WIDTH:0.541549
G1 X4.073 Y-1.662 E3.96622
;WIDTH:0.587323
G1 X4.165 Y-1.715 E3.9699
G1 X4.167 Y-1.763 E3.97156
;WIDTH:0.598343
G1 X4.174 Y-2.512 E3.99801
G1 X4.126 Y-2.564 E4.00051
;WIDTH:0.548895
G1 X4.079 Y-2.616 E4.00277
;WIDTH:0.499447
G1 X4.031 Y-2.668 E4.00483
;WIDTH:0.449999
G1 X3.892 Y-2.721 E4.00871
G1 X.162 Y-2.721 E4.1059
G1 X-.202 Y-3.079 E4.1192
G1 X-.844 Y-3.516 E4.13944
G1 X-1.548 Y-3.806 E4.15928
G1 X-2.244 Y-3.933 E4.17771
G1 X-3.045 Y-3.898 E4.1986
G1 X-3.786 Y-3.69 E4.21865
G1 X-4.52 Y-3.291 E4.24042
G1 X-5.17 Y-2.721 E4.26295
G1 X-8.95 Y-2.713 E4.36144
;WIDTH:0.499449
G1 X-9.025 Y-2.646 E4.36437
;WIDTH:0.548899
G1 X-9.099 Y-2.579 E4.36759
;WIDTH:0.598349
G1 X-9.174 Y-2.512 E4.37114
G1 X-9.167 Y-2.329 E4.37761
;WIDTH:0.587325
G1 X-9.164 Y-1.715 E4.39887
G1 X-9.073 Y-1.662 E4.40252
G1 X-8.685 Y-1.565 F4800
G1 E2.40252 F2400
G92 E0
G1 Z5.75 F4800
G1 X-5.256 Y-4.234
G1 Z5.45
G1 E2 F2400
;TYPE:Solid infill
;WIDTH:0.376167
G1 F1200
G1 X-5.221 Y-4.155 E2.00185
G1 X-5.602 Y-3.833 E2.01255
G1 X-5.837 Y-3.827 E2.01759
;WIDTH:0.364559
G1 X-6.167 Y-3.971 E2.02505
G1 X-5.859 Y-4.158 E2.03252
;WIDTH:0.372179
G1 X-5.463 Y-4.208 E2.04098
G1 E.04098 F2400
G92 E0
G1 Z5.75 F4800
G1 X.28 Y-4.231
G1 Z5.45
G1 E2 F2400
;WIDTH:0.375855
G1 F1200
G1 X.859 Y-4.158 E2.01251
;WIDTH:0.364565
G1 X1.166 Y-3.971 E2.01996
G1 X.91 Y-3.845 E2.02587
;WIDTH:0.375855
G1 X.612 Y-3.833 E2.03226
G1 X.244 Y-4.11 E2.04213
M106 S232.05
;LAYER_CHANGE
;Z:5.6
;HEIGHT:0.15
G1 E.04213 F2400
G92 E0
G1 Z5.6 F4800
G1 Z5.9
G1 X-8.851 Y-.528
G1 Z5.6
G1 E2 F2400
;TYPE:Perimeter
;WIDTH:0.521646
G1 F900
G1 X-8.882 Y-.475 E2.00187
G1 X-8.943 Y-.475 E2.00373
G1 X-8.974 Y-.528 E2.0056
G1 X-8.943 Y-.581 E2.00747
G1 X-8.882 Y-.581 E2.00933
G1 X-9.235 Y-1.321 F4800
;WIDTH:0.449999
G1 F900
G1 X-8.91 Y-1.039 E2.02054
G1 X-8.518 Y-1.039 E2.03075
G1 X-8.484 Y-.676 E2.04025
G1 X-8.392 Y-.571 E2.04389
G1 X-8.431 Y-.372 E2.04917
G1 X-8.484 Y.166 E2.06326
G1 X-8.736 Y-.071 E2.07227
G1 X-9.366 Y-.075 E2.08869
G1 X-9.366 Y-1.434 E2.1241
G1 X-9.281 Y-1.36 E2.12704
G1 E.12704 F2400
G92 E0
G1 Z5.9 F4800
G1 X-11.826 Y3.072
G1 Z5.6
G1 E2 F2400
;WIDTH:0.513291
G1 F900
G1 X-8.577 Y3.072 E2.09748
;WIDTH:0.528057
G1 X-8.29 Y2.955 E2.10706
G1 X-8.115 Y3.534 E2.12576
G1 X-8.676 Y3.554 E2.14312
;WIDTH:0.513291
G1 X-11.609 Y3.554 E2.23112
G1 X-11.801 Y3.127 E2.24517
G1 E.24517 F2400
G92 E0
G1 Z5.9 F4800
G1 X3.076 Y3.588
G1 Z5.6
G1 E2 F2400
;WIDTH:0.529133
G1 F900
G1 X3.285 Y2.973 E2.02013
G1 X3.502 Y3.057 E2.02734
G1 X3.676 Y3.072 E2.03275
;WIDTH:0.513292
G1 X6.821 Y3.072 E2.12711
G1 X6.609 Y3.553 E2.14288
;WIDTH:0.513289
G1 X3.676 Y3.553 E2.23088
;WIDTH:0.529133
G1 X3.173 Y3.545 E2.24647
G1 X3.131 Y3.564 E2.2479
G1 E.2479 F2400
G92 E0
G1 Z5.9 F4800
G1 X4.586 Y-3.515
G1 Z5.6
G1 E2 F2400
;WIDTH:0.438958
G1 F900
G1 X4.764 Y-3.561 E2.00466
;WIDTH:0.454939
G1 X4.907 Y-3.587 E2.00849
;WIDTH:0.493478
G1 X5.05 Y-3.613 E2.01267
;WIDTH:0.532017
G1 X5.193 Y-3.638 E2.01719
;WIDTH:0.570556
G1 X5.336 Y-3.664 E2.02207
G1 E.02207 F2400
G92 E0
G1 Z5.9 F4800
G1 X-1.166 Y-4.536
G1 Z5.6
G1 E2 F2400
;WIDTH:0.593672
G1 F900
G1 X-.454 Y-4.457 E2.02508
;WIDTH:0.558747
G1 X.887 Y-4.298 E2.06942
;WIDTH:0.513519
G1 X1.553 Y-4.23 E2.08952
;WIDTH:0.468291
G1 X2.218 Y-4.162 E2.1077
;WIDTH:0.423063
G1 X2.883 Y-4.095 E2.12399
;WIDTH:0.377835
G1 X2.972 Y-4.056 E2.12608
G1 X3.423 Y-3.755 E2.13777
G1 X2.86 Y-3.751 E2.14991
;WIDTH:0.423063
G1 X2.169 Y-3.774 E2.16676
;WIDTH:0.468291
G1 X1.479 Y-3.797 E2.18554
;WIDTH:0.513519
G1 X.788 Y-3.821 E2.20629
;WIDTH:0.558747
G1 X.098 Y-3.844 E2.22896
G1 X-.511 Y-4.245 E2.2529
;WIDTH:0.593672
G1 X-1.111 Y-4.512 E2.2759
G1 E.2759 F2400
G92 E0
G1 Z5.9 F4800
G1 X-10.336 Y-3.664
G1 Z5.6
G1 E2 F2400
;WIDTH:0.570786
G1 F900
G1 X-10.193 Y-3.638 E2.00488
;WIDTH:0.532191
G1 X-10.05 Y-3.613 E2.00941
;WIDTH:0.493596
G1 X-9.907 Y-3.587 E2.01359
;WIDTH:0.455001
G1 X-9.764 Y-3.561 E2.01742
;WIDTH:0.438964
G1 X-9.586 Y-3.515 E2.02208
G1 X-8.423 Y-3.755 F4800
;WIDTH:0.37793
G1 F900
G1 X-7.883 Y-4.095 E2.03584
;WIDTH:0.42252
G1 X-7.227 Y-4.161 E2.05189
;WIDTH:0.467109
G1 X-6.571 Y-4.228 E2.06978
;WIDTH:0.511698
G1 X-5.915 Y-4.295 E2.0895
;WIDTH:0.556287
G1 X-5.006 Y-4.396 E2.11939
;WIDTH:0.601439
G1 X-4.547 Y-4.435 E2.13574
;WIDTH:0.64659
G1 X-4.089 Y-4.475 E2.15336
G1 X-4.274 Y-4.369 E2.16153
;WIDTH:0.597219
G1 X-5.132 Y-3.84 E2.19705
;WIDTH:0.556287
G1 X-5.882 Y-3.818 E2.22157
;WIDTH:0.511698
G1 X-6.541 Y-3.795 E2.24129
;WIDTH:0.467109
G1 X-7.201 Y-3.773 E2.2592
;WIDTH:0.42252
G1 X-7.86 Y-3.751 E2.27525
;WIDTH:0.37793
G1 X-8.363 Y-3.754 E2.2861
G1 E.2861 F2400
G92 E0
G1 Z5.9 F4800
G1 X-4.089 Y-4.475
G1 Z5.6
G1 E2 F2400
;WIDTH:0.64659
G1 F900
G1 X-3.848 Y-4.527 E2.00945
;WIDTH:0.6092
G1 X-3.607 Y-4.578 E2.01831
;WIDTH:0.57181
G1 X-3.367 Y-4.63 E2.02657
;WIDTH:0.574644
G1 X-2.5 Y-4.727 E2.05608
G1 X-1.402 Y-4.587 E2.09352
;WIDTH:0.593672
G1 X-1.166 Y-4.536 E2.10197
G1 E.10197 F2400
G92 E0
G1 Z5.9 F4800
G1 X-9.481 Y-2.888
G1 Z5.6
G1 E2 F2400
;WIDTH:0.453083
G1 F900
G1 X-9.59 Y-3.045 E2.00502
G1 X-9.747 Y-3.136 E2.00978
;WIDTH:0.449999
G1 X-9.993 Y-3.186 E2.01632
G1 X-10.649 Y-3.186 E2.03341
G1 X-10.92 Y-3.513 E2.04448
G1 X-11.151 Y-3.906 E2.05636
G1 X-10.77 Y-4.027 E2.06678
G1 X-10.209 Y-4.164 E2.08183
G1 X-9.853 Y-3.993 E2.09212
;WIDTH:0.484819
G1 X-9.531 Y-3.94 E2.10133
;WIDTH:0.519638
G1 X-9.21 Y-3.888 E2.11122
;WIDTH:0.544363
G1 X-8.993 Y-3.914 E2.1182
G1 X-8.772 Y-4.016 E2.12597
;WIDTH:0.497181
G1 X-8.551 Y-4.119 E2.13304
;WIDTH:0.449999
G1 X-8.094 Y-4.451 E2.14776
G1 X-2.5 Y-5.212 E2.29486
G1 X3.095 Y-4.451 E2.44198
G1 X3.354 Y-4.232 E2.45082
;WIDTH:0.495176
G1 X3.666 Y-4.076 E2.46089
;WIDTH:0.540352
G1 X3.978 Y-3.921 E2.47193
G1 X4.21 Y-3.888 E2.47936
;WIDTH:0.519632
G1 X4.531 Y-3.94 E2.48925
;WIDTH:0.484816
G1 X4.853 Y-3.993 E2.49846
;WIDTH:0.449999
G1 X5.209 Y-4.164 E2.50875
G1 X5.442 Y-4.132 E2.51488
G1 X6.163 Y-3.902 E2.5346
G1 X5.668 Y-3.186 E2.55728
G1 X4.854 Y-3.17 E2.57849
;WIDTH:0.453081
G1 X4.59 Y-3.046 E2.58615
G1 X4.481 Y-2.888 E2.59119
G1 X4.429 Y-3.072 E2.59621
;WIDTH:0.486357
G1 X4.273 Y-3.218 E2.60226
;WIDTH:0.519632
G1 X4.116 Y-3.364 E2.60878
;WIDTH:0.544362
G1 X3.903 Y-3.416 E2.61578
G1 X3.663 Y-3.393 E2.62348
;WIDTH:0.497181
G1 X3.423 Y-3.369 E2.63047
;WIDTH:0.449999
G1 X-.049 Y-3.369 E2.72094
G1 X-.693 Y-3.809 E2.74126
G1 X-1.485 Y-4.123 E2.76346
G1 X-2.182 Y-4.247 E2.78191
G1 X-2.473 Y-4.248 E2.78949
G1 X-3.237 Y-4.189 E2.80946
G1 X-4.04 Y-3.937 E2.83139
G1 X-4.658 Y-3.603 E2.84969
G1 X-4.968 Y-3.369 E2.85981
G1 X-8.038 Y-3.369 E2.9398
;WIDTH:0.495181
G1 X-8.465 Y-3.391 E2.95215
;WIDTH:0.540362
G1 X-8.891 Y-3.414 E2.96567
G1 X-9.116 Y-3.364 E2.97297
;WIDTH:0.519638
G1 X-9.273 Y-3.218 E2.97949
;WIDTH:0.486361
G1 X-9.429 Y-3.072 E2.98554
;WIDTH:0.453083
G1 X-9.465 Y-2.945 E2.989
G1 E.989 F2400
G92 E0
G1 Z5.9 F4800
G1 X3.974 Y-.529
G1 Z5.6
G1 E2 F2400
;WIDTH:0.52164
G1 F900
G1 X3.943 Y-.476 E2.00187
G1 X3.882 Y-.476 E2.00373
G1 X3.852 Y-.529 E2.00559
G1 X3.882 Y-.582 E2.00745
G1 X3.943 Y-.582 E2.00931
G1 X3.484 Y.166 F4800
;WIDTH:0.449999
G1 F900
G1 X3.392 Y-.571 E2.02866
G1 X3.484 Y-.676 E2.0323
G1 X3.518 Y-1.039 E2.0418
G1 X3.91 Y-1.039 E2.05201
G1 X4.366 Y-1.434 E2.06773
G1 X4.366 Y-.075 E2.10314
G1 X3.736 Y-.071 E2.11956
G1 X3.528 Y.125 E2.12701
G1 E.12701 F2400
G92 E0
G1 Z5.9 F4800
G1 X-9.021 Y-1.533
G1 Z5.6
G1 E2 F2400
;TYPE:External perimeter
;WIDTH:0.54155
G1 F1350
G1 X-8.982 Y-1.51 E2.00144
;WIDTH:0.495775
G1 X-8.891 Y-1.456 E2.0045
;WIDTH:0.449999
G1 X-8.1 Y-1.456 E2.02511
G1 X-8.094 Y-.83 E2.04142
G1 X-7.94 Y-.702 E2.04664
G1 X-8.024 Y-.272 E2.05806
;WIDTH:0.492032
G1 X-8.118 Y.55 E2.08179
;WIDTH:0.492794
G1 X-8.117 Y1.176 E2.09977
;WIDTH:0.496678
G1 X-8.076 Y1.675 E2.11427
;WIDTH:0.499272
G1 X-7.984 Y2.303 E2.13276
G1 X-7.854 Y2.819 E2.14826
;WIDTH:0.449999
G1 X-7.673 Y3.417 E2.16454
G1 X-7.34 Y4.185 E2.18635
G1 X-7.914 Y4.183 E2.20131
G1 X-7.998 Y4.094 E2.2045
G1 X-8.173 Y4.003 E2.20964
G1 X-11.894 Y4.003 E2.30659
G1 X-12.23 Y3.284 E2.32727
G1 X-12.433 Y2.623 E2.34529
G1 X-8.676 Y2.623 E2.44318
G1 X-8.553 Y2.583 E2.44655
;WIDTH:0.499272
G1 X-8.444 Y2.382 E2.45321
G1 X-8.539 Y1.713 E2.47289
;WIDTH:0.496678
G1 X-8.577 Y1.176 E2.48848
;WIDTH:0.49647
G1 X-8.579 Y.512 E2.50771
G1 X-8.804 Y.343 E2.51586
;WIDTH:0.449999
G1 X-9.784 Y.343 E2.54139
G1 X-9.784 Y-.596 E2.56586
;WIDTH:0.494383
G1 X-9.762 Y-.952 E2.57614
;WIDTH:0.538767
G1 X-9.74 Y-1.309 E2.58744
;WIDTH:0.58315
G1 X-9.718 Y-1.665 E2.5997
;WIDTH:0.598348
G1 X-9.725 Y-2.651 E2.63451
G1 X-9.814 Y-2.69 E2.63794
;WIDTH:0.548899
G1 X-9.904 Y-2.729 E2.6411
;WIDTH:0.499449
G1 X-9.993 Y-2.768 E2.64393
;WIDTH:0.449999
G1 X-10.845 Y-2.768 E2.66613
G1 X-11.315 Y-3.352 E2.68566
G1 X-11.757 Y-4.151 E2.70945
G1 X-10.699 Y-4.489 E2.73839
G1 X-10.126 Y-4.597 E2.75358
G1 X-9.862 Y-4.448 E2.76148
G1 X-9.582 Y-4.359 E2.76914
G1 X-9.197 Y-4.341 E2.77918
G1 X-8.69 Y-4.513 E2.79313
G1 X-8.271 Y-4.849 E2.80712
G1 X-2.5 Y-5.633 E2.95887
G1 X3.271 Y-4.849 E3.11062
G1 X3.624 Y-4.551 E3.12266
G1 X4.131 Y-4.358 E3.1368
G1 X4.463 Y-4.338 E3.14547
G1 X4.76 Y-4.4 E3.15338
G1 X5.125 Y-4.597 E3.16419
G1 X5.534 Y-4.541 E3.17495
G1 X6.748 Y-4.154 E3.20815
G1 X6.505 Y-3.65 E3.22273
G1 X6.162 Y-3.15 E3.23853
G1 X5.851 Y-2.768 E3.25136
G1 X4.993 Y-2.768 E3.27372
;WIDTH:0.499447
G1 X4.904 Y-2.729 E3.27655
;WIDTH:0.548895
G1 X4.814 Y-2.69 E3.27971
;WIDTH:0.598343
G1 X4.725 Y-2.651 E3.28314
G1 X4.718 Y-2.559 E3.2864
;WIDTH:0.587323
G1 X4.715 Y-1.569 E3.32067
G1 X4.738 Y-1.245 E3.33191
;WIDTH:0.541549
G1 X4.761 Y-.92 E3.34226
;WIDTH:0.495774
G1 X4.784 Y-.596 E3.35165
;WIDTH:0.449999
G1 X4.784 Y.343 E3.37612
G1 X3.808 Y.343 E3.40155
;WIDTH:0.496446
G1 X3.579 Y.512 E3.40979
G1 X3.578 Y.552 E3.41095
;WIDTH:0.492793
G1 X3.577 Y1.192 E3.42933
;WIDTH:0.496677
G1 X3.538 Y1.729 E3.44493
;WIDTH:0.499272
G1 X3.445 Y2.381 E3.46411
G1 X3.538 Y2.571 E3.47027
;WIDTH:0.449999
G1 X3.676 Y2.623 E3.47411
G1 X7.416 Y2.623 E3.57156
G1 X7.218 Y3.318 E3.59039
G1 X6.894 Y4.003 E3.61013
G1 X3.173 Y4.003 E3.70708
G1 X3.02 Y4.069 E3.71142
G1 X2.914 Y4.183 E3.71548
G1 X2.34 Y4.185 E3.73044
G1 X2.503 Y3.854 E3.74005
G1 X2.859 Y2.8 E3.76904
;WIDTH:0.499272
G1 X2.984 Y2.303 E3.78397
G1 X3.076 Y1.675 E3.80246
;WIDTH:0.496677
G1 X3.117 Y1.176 E3.81696
;WIDTH:0.496446
G1 X3.119 Y.494 E3.83671
G1 X2.94 Y-.702 E3.87172
;WIDTH:0.449999
G1 X3.08 Y-.791 E3.87604
G1 X3.1 Y-.88 E3.87842
G1 X3.1 Y-1.456 E3.89343
G1 X3.891 Y-1.456 E3.91404
;WIDTH:0.495774
G1 X3.982 Y-1.51 E3.9171
;WIDTH:0.541549
G1 X4.073 Y-1.564 E3.92046
;WIDTH:0.587323
G1 X4.165 Y-1.617 E3.92414
G1 X4.167 Y-1.665 E3.9258
;WIDTH:0.598343
G1 X4.174 Y-2.742 E3.96383
G1 X4.126 Y-2.794 E3.96633
;WIDTH:0.548895
G1 X4.079 Y-2.846 E3.96859
;WIDTH:0.499447
G1 X4.031 Y-2.898 E3.97065
;WIDTH:0.449999
G1 X3.891 Y-2.951 E3.97455
G1 X-.183 Y-2.951 E4.0807
G1 X-.853 Y-3.423 E4.10205
G1 X-1.558 Y-3.711 E4.12189
G1 X-2.255 Y-3.836 E4.14034
G1 X-3.118 Y-3.788 E4.16286
G1 X-3.841 Y-3.57 E4.18254
G1 X-4.459 Y-3.235 E4.20086
G1 X-4.823 Y-2.951 E4.21289
G1 X-8.946 Y-2.944 E4.32032
;WIDTH:0.499449
G1 X-9.022 Y-2.877 E4.32327
;WIDTH:0.548899
G1 X-9.098 Y-2.809 E4.32656
;WIDTH:0.598348
G1 X-9.174 Y-2.742 E4.33014
G1 X-9.167 Y-2.559 E4.33661
;WIDTH:0.587325
G1 X-9.164 Y-1.617 E4.36922
G1 X-9.073 Y-1.564 E4.37287
G1 X-8.685 Y-1.467 F4800
M106 S237.15
;LAYER_CHANGE
;Z:5.75
;HEIGHT:0.15
G1 Z5.75 F4800
G1 X-9.285 Y-1.173
;TYPE:Perimeter
;WIDTH:0.565159
G1 F900
G1 X-9 Y-.892 E4.38617
G1 X-8.511 Y-.885 E4.40242
;WIDTH:0.561114
G1 X-8.416 Y-.675 E4.41002
G1 X-8.489 Y-.199 E4.4259
G1 X-8.713 Y-.356 E4.43492
G1 X-8.789 Y-.359 E4.43743
;WIDTH:0.565159
G1 X-9.309 Y-.362 E4.45471
G1 X-9.309 Y-1.169 E4.48153
G1 E2.48153 F2400
G92 E0
G1 Z6.05 F4800
G1 X-11.917 Y2.843
G1 Z5.75
G1 E2 F2400
;WIDTH:0.513291
G1 F900
G1 X-8.622 Y2.843 E2.09886
;WIDTH:0.523508
G1 X-8.37 Y2.689 E2.10791
G1 X-8.187 Y3.372 E2.12958
G1 X-8.301 Y3.319 E2.13343
G1 X-8.725 Y3.324 E2.14642
;WIDTH:0.513291
G1 X-11.76 Y3.324 E2.23748
G1 X-11.907 Y2.892 E2.25117
G1 E.25117 F2400
G92 E0
G1 Z6.05 F4800
G1 X3.188 Y3.355
G1 Z5.75
G1 E2 F2400
;WIDTH:0.525155
G1 F900
G1 X3.364 Y2.693 E2.02106
G1 X3.575 Y2.831 E2.02881
G1 X3.725 Y2.842 E2.03343
;WIDTH:0.513292
G1 X6.924 Y2.842 E2.12941
;WIDTH:0.513289
G1 X6.76 Y3.323 E2.14466
G1 X3.467 Y3.324 E2.24346
;WIDTH:0.525155
G1 X3.248 Y3.349 E2.25024
G1 E.25024 F2400
G92 E0
G1 Z6.05 F4800
G1 X-9.535 Y-3.739
G1 Z5.75
G1 E2 F2400
;WIDTH:0.42978
G1 F900
G1 X-9.56 Y-3.696 E2.00123
G1 X-9.634 Y-3.739 E2.00335
G1 X-9.56 Y-3.782 E2.00547
G1 X-7.924 Y-3.986 F4800
;WIDTH:0.438366
G1 F900
G1 X-7.557 Y-4.011 E2.01479
;WIDTH:0.488062
G1 X-7.19 Y-4.036 E2.02525
;WIDTH:0.537758
G1 X-6.822 Y-4.06 E2.03688
;WIDTH:0.587454
G1 X-6.455 Y-4.085 E2.04962
;WIDTH:0.63715
G1 X-6.088 Y-4.11 E2.0635
G1 X-6.025 Y-4.142 E2.06617
;WIDTH:0.591237
G1 X-5.962 Y-4.174 E2.06863
;WIDTH:0.545323
G1 X-5.899 Y-4.205 E2.07088
;WIDTH:0.49941
G1 X-5.837 Y-4.237 E2.07291
;WIDTH:0.453496
G1 X-5.774 Y-4.269 E2.07477
;WIDTH:0.407583
G1 X-5.711 Y-4.3 E2.07641
;WIDTH:0.395965
G1 X-5.075 Y-4.365 E2.09091
;WIDTH:0.430261
G1 X-4.439 Y-4.43 E2.10678
;WIDTH:0.477253
G1 X-4.203 Y-4.441 E2.11334
;WIDTH:0.524245
G1 X-3.967 Y-4.452 E2.12059
;WIDTH:0.571236
G1 X-3.731 Y-4.464 E2.12853
G1 X-3.81 Y-4.418 E2.1316
;WIDTH:0.538767
G1 X-4.098 Y-4.281 E2.14168
;WIDTH:0.502599
G1 X-4.387 Y-4.144 E2.15106
;WIDTH:0.46643
G1 X-4.675 Y-4.007 E2.1597
;WIDTH:0.430261
G1 X-5.182 Y-3.99 E2.17229
;WIDTH:0.395965
G1 X-5.689 Y-3.972 E2.1838
;WIDTH:0.407583
G1 X-5.755 Y-3.995 E2.18544
;WIDTH:0.453496
G1 X-5.822 Y-4.018 E2.1873
;WIDTH:0.49941
G1 X-5.888 Y-4.041 E2.18934
;WIDTH:0.545323
G1 X-5.955 Y-4.064 E2.19161
;WIDTH:0.591237
G1 X-6.021 Y-4.087 E2.19405
;WIDTH:0.63715
G1 X-6.031 Y-4.091 E2.19446
G1 E.19446 F2400
G92 E0
G1 Z6.05 F4800
G1 X-.955 Y-4.387
G1 Z5.75
G1 E2 F2400
;WIDTH:0.638178
G1 F900
G1 X-.831 Y-4.391 E2.00469
;WIDTH:0.597065
G1 X-.707 Y-4.395 E2.00906
;WIDTH:0.555953
G1 X-.582 Y-4.399 E2.01314
;WIDTH:0.51484
G1 X-.458 Y-4.403 E2.01687
;WIDTH:0.473727
G1 X-.333 Y-4.407 E2.02031
;WIDTH:0.432614
G1 X.188 Y-4.354 E2.03339
;WIDTH:0.397143
G1 X.71 Y-4.3 E2.04533
;WIDTH:0.407583
G1 X.773 Y-4.269 E2.04697
;WIDTH:0.453495
G1 X.836 Y-4.237 E2.04883
;WIDTH:0.499407
G1 X.899 Y-4.205 E2.05089
;WIDTH:0.545319
G1 X.961 Y-4.174 E2.05311
;WIDTH:0.59123
G1 X1.024 Y-4.142 E2.05557
;WIDTH:0.637142
G1 X1.087 Y-4.11 E2.05824
G1 X1.021 Y-4.087 E2.06088
;WIDTH:0.59123
G1 X.954 Y-4.064 E2.06335
;WIDTH:0.545319
G1 X.888 Y-4.041 E2.06559
;WIDTH:0.499407
G1 X.821 Y-4.018 E2.06765
;WIDTH:0.453495
G1 X.755 Y-3.995 E2.06949
;WIDTH:0.407583
G1 X.688 Y-3.972 E2.07115
;WIDTH:0.397143
G1 X.132 Y-3.991 E2.08381
;WIDTH:0.432614
G1 X-.425 Y-4.01 E2.09773
;WIDTH:0.473727
G1 X-.531 Y-4.086 E2.10132
;WIDTH:0.51484
G1 X-.637 Y-4.161 E2.10523
;WIDTH:0.555953
G1 X-.743 Y-4.236 E2.10947
;WIDTH:0.597065
G1 X-.849 Y-4.312 E2.11406
;WIDTH:0.638178
G1 X-.907 Y-4.353 E2.11674
G1 E.11674 F2400
G92 E0
G1 Z6.05 F4800
G1 X1.087 Y-4.11
G1 Z5.75
G1 E2 F2400
;WIDTH:0.637142
G1 F900
G1 X1.454 Y-4.085 E2.01388
;WIDTH:0.587449
G1 X1.821 Y-4.061 E2.02662
;WIDTH:0.537757
G1 X2.189 Y-4.036 E2.03825
;WIDTH:0.488064
G1 X2.556 Y-4.011 E2.04871
;WIDTH:0.438371
G1 X2.923 Y-3.986 E2.05803
G1 E.05803 F2400
G92 E0
G1 Z6.05 F4800
G1 X-3.731 Y-4.464
G1 Z5.75
G1 E2 F2400
;WIDTH:0.571236
G1 F900
G1 X-2.839 Y-4.605 E2.03036
;WIDTH:0.568904
G1 X-2.5 Y-4.632 E2.04174
G1 X-1.926 Y-4.577 E2.06104
;WIDTH:0.561749
G1 X-1.602 Y-4.514 E2.07194
;WIDTH:0.599964
G1 X-1.279 Y-4.451 E2.08359
;WIDTH:0.638178
G1 X-.955 Y-4.387 E2.09607
G1 E.09607 F2400
G92 E0
G1 Z6.05 F4800
G1 X-9.482 Y-3.121
G1 Z5.75
G1 E2 F2400
;WIDTH:0.454093
G1 F900
G1 X-9.588 Y-3.275 E2.00492
;WIDTH:0.49585
G1 X-9.723 Y-3.344 E2.0093
;WIDTH:0.537607
G1 X-9.858 Y-3.412 E2.01406
;WIDTH:0.579364
G1 X-9.993 Y-3.48 E2.01922
G1 X-10.625 Y-3.468 E2.04079
;WIDTH:0.55369
G1 X-10.915 Y-3.829 E2.05585
G1 X-10.585 Y-3.934 E2.06711
;WIDTH:0.579364
G1 X-10.03 Y-4.025 E2.0863
G1 X-9.9 Y-4.065 E2.09094
;WIDTH:0.536243
G1 X-9.77 Y-4.104 E2.09521
;WIDTH:0.493121
G1 X-9.64 Y-4.143 E2.09911
;WIDTH:0.47786
G1 X-9.452 Y-4.133 E2.10434
;WIDTH:0.505721
G1 X-9.265 Y-4.122 E2.10987
;WIDTH:0.547072
G1 X-8.965 Y-4.151 E2.11955
;WIDTH:0.574156
G1 X-8.663 Y-4.196 E2.12987
;WIDTH:0.60124
G1 X-8.362 Y-4.241 E2.14067
G1 X-8.265 Y-4.273 E2.14429
;WIDTH:0.56343
G1 X-8.169 Y-4.305 E2.14764
;WIDTH:0.52562
G1 X-8.073 Y-4.337 E2.15075
;WIDTH:0.48781
G1 X-7.976 Y-4.37 E2.15366
;WIDTH:0.449999
G1 X-2.5 Y-5.114 E2.29765
G1 X2.975 Y-4.37 E2.44162
;WIDTH:0.487809
G1 X3.072 Y-4.337 E2.44453
;WIDTH:0.525619
G1 X3.168 Y-4.305 E2.44764
;WIDTH:0.563429
G1 X3.264 Y-4.273 E2.45099
;WIDTH:0.601239
G1 X3.36 Y-4.241 E2.45458
G1 X3.701 Y-4.187 E2.46683
;WIDTH:0.569253
G1 X4.042 Y-4.134 E2.47839
;WIDTH:0.574412
G1 X4.237 Y-4.104 E2.48506
;WIDTH:0.611557
G1 X4.431 Y-4.075 E2.49215
;WIDTH:0.648701
G1 X5.017 Y-4.016 E2.51479
;WIDTH:0.601138
G1 X5.408 Y-3.987 E2.5287
;WIDTH:0.553574
G1 X5.903 Y-3.833 E2.54556
G1 X5.669 Y-3.494 E2.55895
G1 X5.373 Y-3.468 E2.56861
;WIDTH:0.601138
G1 X5.039 Y-3.462 E2.58046
;WIDTH:0.648701
G1 X4.706 Y-3.456 E2.59327
G1 X4.518 Y-3.338 E2.6018
;WIDTH:0.647304
G1 X4.317 Y-3.552 E2.61306
;WIDTH:0.63584
G1 X4.104 Y-3.6 E2.62128
;WIDTH:0.591454
G1 X3.891 Y-3.647 E2.62889
;WIDTH:0.574154
G1 X3.607 Y-3.661 E2.6385
;WIDTH:0.601239
G1 X3.322 Y-3.674 E2.64862
G1 X3.222 Y-3.656 E2.65223
;WIDTH:0.563429
G1 X3.123 Y-3.637 E2.65557
;WIDTH:0.525619
G1 X3.023 Y-3.618 E2.6587
;WIDTH:0.487809
G1 X2.923 Y-3.599 E2.66159
;WIDTH:0.449999
G1 X-.514 Y-3.599 E2.75114
G1 X-1.096 Y-3.895 E2.76815
G1 X-1.951 Y-4.123 E2.79121
G1 X-2.763 Y-4.153 E2.81238
G1 X-3.634 Y-3.99 E2.83547
G1 X-4.505 Y-3.599 E2.86035
G1 X-7.924 Y-3.599 E2.94943
;WIDTH:0.48781
G1 X-8.024 Y-3.618 E2.95232
;WIDTH:0.52562
G1 X-8.124 Y-3.637 E2.95545
;WIDTH:0.56343
G1 X-8.224 Y-3.655 E2.95882
;WIDTH:0.60124
G1 X-8.323 Y-3.674 E2.9624
G1 X-8.607 Y-3.661 E2.97249
;WIDTH:0.574156
G1 X-8.891 Y-3.647 E2.9821
;WIDTH:0.547072
G1 X-9.16 Y-3.569 E2.99109
;WIDTH:0.505721
G1 X-9.296 Y-3.435 E2.99673
;WIDTH:0.479907
G1 X-9.432 Y-3.301 E3.00206
;WIDTH:0.454093
G1 X-9.466 Y-3.179 E3.00539
G1 E1.00539 F2400
G92 E0
G1 Z6.05 F4800
G1 X3.489 Y-.2
G1 Z5.75
G1 E2 F2400
;WIDTH:0.56103
G1 F900
G1 X3.416 Y-.676 E2.01588
G1 X3.511 Y-.885 E2.02345
;WIDTH:0.565072
G1 X4 Y-.892 E2.0397
G1 X4.309 Y-1.196 E2.05411
G1 X4.309 Y-.362 E2.08183
G1 X3.726 Y-.357 E2.1012
;WIDTH:0.56103
G1 X3.539 Y-.233 E2.1086
G1 E.1086 F2400
G92 E0
G1 Z6.05 F4800
G1 X-9.021 Y-1.435
G1 Z5.75
G1 E2 F2400
;TYPE:External perimeter
;WIDTH:0.538767
G1 F1350
G1 X-8.983 Y-1.413 E2.00139
;WIDTH:0.494383
G1 X-8.891 Y-1.359 E2.00446
;WIDTH:0.449999
G1 X-8.1 Y-1.359 E2.02507
G1 X-8.07 Y-1.002 E2.0344
G1 X-7.891 Y-.901 E2.03976
G1 X-7.964 Y-.501 E2.05035
;WIDTH:0.494031
G1 X-8.097 Y.36 E2.07544
G1 X-8.124 Y.906 E2.09118
;WIDTH:0.489521
G1 X-8.095 Y1.607 E2.11119
;WIDTH:0.486261
G1 X-7.974 Y2.416 E2.13435
;WIDTH:0.464189
G1 X-7.808 Y3.079 E2.15276
;WIDTH:0.449999
G1 X-7.502 Y3.955 E2.17694
G1 X-8.075 Y3.954 E2.19187
G1 X-8.121 Y3.876 E2.19423
G1 X-8.301 Y3.773 E2.19963
G1 X-12.06 Y3.773 E2.29757
G1 X-12.295 Y3.206 E2.31356
G1 X-12.503 Y2.393 E2.33543
G1 X-8.725 Y2.393 E2.43387
;WIDTH:0.464189
G1 X-8.547 Y2.307 E2.4392
;WIDTH:0.49686
G1 X-8.494 Y2.163 E2.44365
G1 X-8.576 Y1.274 E2.46952
;WIDTH:0.495072
G1 X-8.581 Y.746 E2.48476
;WIDTH:0.493679
G1 X-8.584 Y.243 E2.49924
;WIDTH:0.472051
G1 X-8.789 Y.113 E2.5059
;WIDTH:0.449999
G1 X-9.784 Y.113 E2.53183
G1 X-9.784 Y-.629 E2.55116
;WIDTH:0.494383
G1 X-9.762 Y-.942 E2.5602
;WIDTH:0.538767
G1 X-9.74 Y-1.255 E2.57011
;WIDTH:0.58315
G1 X-9.718 Y-1.567 E2.58086
G1 X-9.718 Y-2.877 E2.62587
G1 X-9.809 Y-2.917 E2.62929
;WIDTH:0.538767
G1 X-9.901 Y-2.958 E2.63247
;WIDTH:0.494383
G1 X-9.993 Y-2.998 E2.63536
;WIDTH:0.449999
G1 X-10.845 Y-2.998 E2.65756
G1 X-11.281 Y-3.523 E2.67534
G1 X-11.607 Y-4.101 E2.69263
G1 X-10.534 Y-4.443 E2.72197
G1 X-9.696 Y-4.557 E2.74401
G1 X-9.243 Y-4.567 E2.75582
G1 X-8.849 Y-4.673 E2.76645
G1 X-2.5 Y-5.536 E2.9334
G1 X3.792 Y-4.68 E3.09885
G1 X4.173 Y-4.576 E3.10914
G1 X4.521 Y-4.581 E3.11821
G1 X5.534 Y-4.443 E3.14485
G1 X6.616 Y-4.098 E3.17444
G1 X6.504 Y-3.878 E3.18087
G1 X6.11 Y-3.304 E3.19901
G1 X5.851 Y-2.998 E3.20946
G1 X4.993 Y-2.998 E3.23182
;WIDTH:0.499447
G1 X4.904 Y-2.959 E3.23465
;WIDTH:0.548895
G1 X4.814 Y-2.92 E3.23781
;WIDTH:0.598343
G1 X4.725 Y-2.881 E3.24124
G1 X4.718 Y-2.789 E3.2445
;WIDTH:0.583149
G1 X4.718 Y-1.446 E3.29064
G1 X4.74 Y-1.174 E3.30002
;WIDTH:0.538766
G1 X4.762 Y-.901 E3.30867
;WIDTH:0.494383
G1 X4.784 Y-.629 E3.31654
;WIDTH:0.449999
G1 X4.784 Y.113 E3.33587
G1 X3.789 Y.113 E3.3618
;WIDTH:0.468624
G1 X3.593 Y.224 E3.36793
;WIDTH:0.494185
G1 X3.558 Y.326 E3.37104
G1 X3.574 Y.911 E3.3879
;WIDTH:0.490691
G1 X3.553 Y1.653 E3.40912
;WIDTH:0.496658
G1 X3.495 Y2.154 E3.42373
G1 X3.534 Y2.291 E3.42786
;WIDTH:0.47073
G1 X3.725 Y2.393 E3.43378
;WIDTH:0.449999
G1 X7.503 Y2.393 E3.53222
G1 X7.295 Y3.206 E3.55409
G1 X7.06 Y3.773 E3.57008
G1 X3.301 Y3.773 E3.66802
G1 X3.175 Y3.815 E3.67148
G1 X3.075 Y3.953 E3.67592
G1 X2.488 Y3.955 E3.69121
G1 X2.683 Y3.485 E3.70447
G1 X2.84 Y2.891 E3.72048
;WIDTH:0.496658
G1 X3.035 Y2.093 E3.74427
G1 X3.099 Y1.585 E3.7591
;WIDTH:0.490314
G1 X3.121 Y.885 E3.77911
;WIDTH:0.484251
G1 X3.071 Y.142 E3.8001
;WIDTH:0.468624
G1 X2.88 Y-.886 E3.82856
;WIDTH:0.449999
G1 X3.068 Y-.999 E3.83428
G1 X3.1 Y-1.359 E3.8437
G1 X3.891 Y-1.359 E3.86431
;WIDTH:0.495774
G1 X3.982 Y-1.412 E3.86735
;WIDTH:0.541549
G1 X4.073 Y-1.466 E3.87071
;WIDTH:0.587323
G1 X4.165 Y-1.519 E3.87439
G1 X4.167 Y-1.567 E3.87605
;WIDTH:0.583149
G1 X4.167 Y-2.98 E3.9246
G1 X4.121 Y-3.029 E3.92691
;WIDTH:0.538765
G1 X4.076 Y-3.078 E3.92901
;WIDTH:0.494382
G1 X4.031 Y-3.127 E3.93093
;WIDTH:0.449999
G1 X3.891 Y-3.181 E3.93484
G1 X-.619 Y-3.181 E4.05235
G1 X-1.211 Y-3.493 E4.06979
G1 X-1.975 Y-3.706 E4.09046
G1 X-2.693 Y-3.741 E4.10919
G1 X-3.475 Y-3.604 E4.12988
G1 X-4.137 Y-3.331 E4.14854
G1 X-4.387 Y-3.181 E4.15614
G1 X-8.948 Y-3.173 E4.27498
;WIDTH:0.499449
G1 X-9.023 Y-3.106 E4.27791
;WIDTH:0.548899
G1 X-9.099 Y-3.039 E4.28117
;WIDTH:0.598348
G1 X-9.174 Y-2.972 E4.28472
G1 X-9.167 Y-2.789 E4.29119
;WIDTH:0.58315
G1 X-9.167 Y-1.521 E4.33476
G1 X-9.075 Y-1.467 E4.33843
;WIDTH:0.538767
G1 X-9.073 Y-1.466 E4.3385
G1 X-8.685 Y-1.369 F4800
;LAYER_CHANGE
;Z:5.9
;HEIGHT:0.15
G1 E2.3385 F2400
G92 E0
G1 Z5.9 F4800
G1 Z6.2
G1 X-5.94 Y-1.147
G1 Z5.9
G1 E2 F2400
;WIDTH:0.418516
G1 F900
G1 X-5.964 Y-1.105 E2.00117
G1 X-6.036 Y-1.147 E2.00318
G1 X-5.964 Y-1.188 E2.00518
G1 E.00518 F2400
G92 E0
G1 Z6.2 F4800
G1 X1.033 Y-1.148
G1 Z5.9
G1 E2 F2400
;WIDTH:0.415754
G1 F900
G1 X1.009 Y-1.107 E2.00114
G1 X.937 Y-1.148 E2.00312
G1 X1.009 Y-1.19 E2.00511
G1 E.00511 F2400
G92 E0
G1 Z6.2 F4800
G1 X-8.269 Y-.861
G1 Z5.9
G1 E2 F2400
;TYPE:Perimeter
;WIDTH:0.413924
G1 F900
G1 X-8.383 Y-.251 E2.01477
G1 X-8.51 Y-.463 E2.02065
G1 X-8.76 Y-.507 E2.02669
;WIDTH:0.42281
G1 X-9.38 Y-.521 E2.0418
G1 X-9.38 Y-1.223 E2.0589
G1 X-9.114 Y-.898 E2.06913
G1 X-8.891 Y-.87 E2.0746
;WIDTH:0.413924
G1 X-8.329 Y-.862 E2.08798
G1 E.08798 F2400
G92 E0
G1 Z6.2 F4800
G1 X-8.435 Y2.432
G1 Z5.9
G1 E2 F2400
;WIDTH:0.52036
G1 F900
G1 X-8.271 Y3.157 E2.02263
G1 X-8.413 Y3.09 E2.02741
G1 X-8.769 Y3.094 E2.03825
;WIDTH:0.513291
G1 X-11.875 Y3.094 E2.13144
G1 X-12.018 Y2.613 E2.1465
G1 X-8.599 Y2.613 E2.24908
;WIDTH:0.52036
G1 X-8.476 Y2.476 E2.25469
G1 E.25469 F2400
G92 E0
G1 Z6.2 F4800
G1 X3.431 Y2.401
G1 Z5.9
G1 E2 F2400
;WIDTH:0.521824
G1 F900
G1 X3.641 Y2.604 E2.00892
G1 X3.769 Y2.613 E2.01284
;WIDTH:0.513292
G1 X7.01 Y2.612 E2.11008
;WIDTH:0.513289
G1 X6.891 Y3.094 E2.12498
G1 X3.295 Y3.094 E2.23287
;WIDTH:0.521824
G1 X3.419 Y2.46 E2.2526
G1 E.2526 F2400
G92 E0
G1 Z6.2 F4800
G1 X-5.513 Y-4.216
G1 Z5.9
G1 E2 F2400
;WIDTH:0.432233
G1 F900
G1 X-5.191 Y-4.238 E2.00805
;WIDTH:0.475798
G1 X-4.869 Y-4.259 E2.01698
;WIDTH:0.519363
G1 X-4.547 Y-4.281 E2.02679
;WIDTH:0.562927
G1 X-4.225 Y-4.303 E2.03747
;WIDTH:0.606492
G1 X-3.903 Y-4.325 E2.04903
G1 X-3.377 Y-4.416 E2.06815
;WIDTH:0.568124
G1 X-2.851 Y-4.507 E2.08599
;WIDTH:0.570082
G1 X-2.5 Y-4.534 E2.0978
G1 X-1.898 Y-4.475 E2.11809
;WIDTH:0.567274
G1 X-1.513 Y-4.401 E2.13117
;WIDTH:0.610716
G1 X-1.128 Y-4.327 E2.14531
G1 X-.8 Y-4.305 E2.15717
;WIDTH:0.566308
G1 X-.472 Y-4.282 E2.16812
;WIDTH:0.521899
G1 X-.144 Y-4.26 E2.17816
;WIDTH:0.477491
G1 X.184 Y-4.238 E2.18729
;WIDTH:0.433083
G1 X.512 Y-4.216 E2.19551
G1 E.19551 F2400
G92 E0
G1 Z6.2 F4800
G1 X-9.498 Y-3.447
G1 Z5.9
G1 E2 F2400
;WIDTH:0.507806
G1 F900
G1 X-9.671 Y-3.588 E2.00662
;WIDTH:0.503197
G1 X-9.832 Y-3.608 E2.01139
;WIDTH:0.459715
G1 X-9.993 Y-3.629 E2.01572
;WIDTH:0.416233
G1 X-10.664 Y-3.615 E2.03179
;WIDTH:0.388081
G1 X-10.85 Y-3.839 E2.03825
G1 X-10.433 Y-3.969 E2.04794
;WIDTH:0.426453
G1 X-10.151 Y-3.988 E2.05489
;WIDTH:0.464825
G1 X-9.869 Y-4.007 E2.06252
;WIDTH:0.503197
G1 X-9.587 Y-4.026 E2.07082
G1 X-9.363 Y-4.074 E2.07755
;WIDTH:0.468697
G1 X-9.14 Y-4.121 E2.08375
;WIDTH:0.434197
G1 X-8.916 Y-4.169 E2.08949
;WIDTH:0.440006
G1 X-8.323 Y-4.23 E2.10465
;WIDTH:0.480314
G1 X-7.73 Y-4.29 E2.12131
;WIDTH:0.520622
G1 X-7.137 Y-4.35 E2.13946
;WIDTH:0.560931
G1 X-6.543 Y-4.41 E2.15915
;WIDTH:0.601239
G1 X-5.95 Y-4.471 E2.18031
G1 X-5.854 Y-4.503 E2.1839
;WIDTH:0.563429
G1 X-5.758 Y-4.535 E2.18725
;WIDTH:0.525619
G1 X-5.661 Y-4.567 E2.19039
;WIDTH:0.487809
G1 X-5.565 Y-4.599 E2.19327
;WIDTH:0.449999
G1 X-2.5 Y-5.016 E2.27387
G1 X.564 Y-4.6 E2.35444
;WIDTH:0.487809
G1 X.661 Y-4.567 E2.35735
;WIDTH:0.525618
G1 X.757 Y-4.535 E2.36046
;WIDTH:0.563428
G1 X.853 Y-4.503 E2.36381
;WIDTH:0.601237
G1 X.95 Y-4.471 E2.36743
G1 X1.561 Y-4.409 E2.38922
;WIDTH:0.560911
G1 X2.173 Y-4.347 E2.4095
;WIDTH:0.520585
G1 X2.784 Y-4.284 E2.42821
;WIDTH:0.480259
G1 X3.396 Y-4.222 E2.4454
;WIDTH:0.439932
G1 X4.007 Y-4.16 E2.46102
;WIDTH:0.434107
G1 X4.2 Y-4.115 E2.46599
;WIDTH:0.468607
G1 X4.394 Y-4.071 E2.4714
;WIDTH:0.503107
G1 X4.587 Y-4.026 E2.47722
G1 X4.869 Y-4.007 E2.48552
;WIDTH:0.464726
G1 X5.151 Y-3.988 E2.49314
;WIDTH:0.426345
G1 X5.433 Y-3.969 E2.50009
;WIDTH:0.387964
G1 X5.85 Y-3.839 E2.50978
G1 X5.664 Y-3.615 E2.51624
G1 X5.594 Y-3.615 E2.51779
;WIDTH:0.416125
G1 X4.993 Y-3.629 E2.53218
;WIDTH:0.459616
G1 X4.832 Y-3.608 E2.53651
;WIDTH:0.503107
G1 X4.671 Y-3.588 E2.54127
;WIDTH:0.507721
G1 X4.498 Y-3.448 E2.54787
G1 X4.379 Y-3.636 E2.55447
;WIDTH:0.503107
G1 X4.217 Y-3.692 E2.5595
;WIDTH:0.468607
G1 X4.054 Y-3.748 E2.56419
;WIDTH:0.434107
G1 X3.891 Y-3.804 E2.56851
;WIDTH:0.439932
G1 X3.295 Y-3.824 E2.58367
;WIDTH:0.480259
G1 X2.699 Y-3.844 E2.60033
;WIDTH:0.520585
G1 X2.103 Y-3.864 E2.61849
;WIDTH:0.560911
G1 X1.507 Y-3.884 E2.63815
;WIDTH:0.601237
G1 X.911 Y-3.904 E2.65931
G1 X.812 Y-3.885 E2.66289
;WIDTH:0.563428
G1 X.712 Y-3.867 E2.66626
;WIDTH:0.525618
G1 X.612 Y-3.848 E2.66939
;WIDTH:0.487809
G1 X.512 Y-3.829 E2.67228
;WIDTH:0.449999
G1 X-1.192 Y-3.829 E2.71668
G1 X-1.925 Y-4.021 E2.73642
G1 X-2.774 Y-4.055 E2.75856
G1 X-3.489 Y-3.934 E2.77745
G1 X-3.819 Y-3.829 E2.78647
G1 X-5.513 Y-3.829 E2.83061
;WIDTH:0.487809
G1 X-5.613 Y-3.848 E2.8335
;WIDTH:0.525619
G1 X-5.712 Y-3.866 E2.8366
;WIDTH:0.563429
G1 X-5.812 Y-3.885 E2.83997
;WIDTH:0.601239
G1 X-5.912 Y-3.904 E2.84358
G1 X-6.521 Y-3.884 E2.8652
;WIDTH:0.560931
G1 X-7.131 Y-3.863 E2.88533
;WIDTH:0.520622
G1 X-7.74 Y-3.842 E2.90389
;WIDTH:0.480314
G1 X-8.35 Y-3.822 E2.92095
;WIDTH:0.440006
G1 X-8.959 Y-3.801 E2.93645
;WIDTH:0.434197
G1 X-9.099 Y-3.746 E2.94022
;WIDTH:0.468697
G1 X-9.239 Y-3.691 E2.94431
;WIDTH:0.503197
G1 X-9.379 Y-3.636 E2.94873
;WIDTH:0.507806
G1 X-9.466 Y-3.498 E2.95357
G1 E.95357 F2400
G92 E0
G1 Z6.2 F4800
G1 X3.273 Y-.86
G1 Z5.9
G1 E2 F2400
;WIDTH:0.415516
G1 F900
G1 X3.507 Y-.86 E2.00559
;WIDTH:0.422732
G1 X4.114 Y-.898 E2.0204
G1 X4.38 Y-1.223 E2.03063
G1 X4.38 Y-.521 E2.04773
G1 X3.568 Y-.487 E2.06752
;WIDTH:0.415516
G1 X3.381 Y-.328 E2.07339
G1 X3.285 Y-.801 E2.08493
G1 E.08493 F2400
G92 E0
G1 Z6.2 F4800
G1 X-9.035 Y-1.325
G1 Z5.9
G1 E2 F2400
;TYPE:External perimeter
;WIDTH:0.538767
G1 F1350
G1 X-9.033 Y-1.324 E2.00007
;WIDTH:0.494383
G1 X-8.967 Y-1.275 E2.00244
;WIDTH:0.449999
G1 X-8.891 Y-1.261 E2.00445
G1 X-8.062 Y-1.261 E2.02605
G1 X-8.02 Y-1.176 E2.02852
G1 X-7.781 Y-1.131 E2.03486
G1 X-7.948 Y-.507 E2.05169
;WIDTH:0.476181
G1 X-8.003 Y-.176 E2.06098
;WIDTH:0.502363
G1 X-8.057 Y.154 E2.07078
G1 X-8.117 Y.857 E2.09147
;WIDTH:0.49482
G1 X-8.113 Y1.474 E2.10927
;WIDTH:0.491575
G1 X-8.067 Y2.006 E2.12457
G1 X-7.885 Y2.851 E2.14933
;WIDTH:0.449999
G1 X-7.628 Y3.725 E2.17307
G1 X-8.191 Y3.724 E2.18774
G1 X-8.229 Y3.653 E2.18984
G1 X-8.413 Y3.543 E2.19543
G1 X-12.197 Y3.543 E2.29402
G1 X-12.356 Y3.075 E2.3069
G1 X-12.505 Y2.483 E2.32281
G1 X-12.661 Y2.163 E2.33209
G1 X-8.736 Y2.163 E2.43436
;WIDTH:0.491575
G1 X-8.543 Y1.999 E2.44162
;WIDTH:0.494105
G1 X-8.577 Y1.382 E2.45942
;WIDTH:0.493405
G1 X-8.567 Y.611 E2.4816
;WIDTH:0.502363
G1 X-8.525 Y.108 E2.4964
G1 X-8.599 Y.005 E2.50012
;WIDTH:0.476181
G1 X-8.674 Y-.098 E2.50365
;WIDTH:0.449999
G1 X-8.76 Y-.117 E2.50594
G1 X-9.784 Y-.117 E2.53262
G1 X-9.784 Y-.716 E2.54823
;WIDTH:0.494383
G1 X-9.762 Y-.967 E2.55549
;WIDTH:0.538767
G1 X-9.74 Y-1.218 E2.56345
;WIDTH:0.58315
G1 X-9.718 Y-1.47 E2.57214
G1 X-9.718 Y-3.107 E2.62839
G1 X-9.809 Y-3.147 E2.63181
;WIDTH:0.538767
G1 X-9.901 Y-3.188 E2.63499
;WIDTH:0.494383
G1 X-9.993 Y-3.228 E2.63788
;WIDTH:0.449999
G1 X-10.845 Y-3.228 E2.66008
G1 X-11.268 Y-3.736 E2.6773
G1 X-11.458 Y-4.051 E2.68688
G1 X-10.534 Y-4.346 E2.71215
G1 X-2.5 Y-5.438 E2.92341
G1 X5.534 Y-4.346 E3.13467
G1 X6.458 Y-4.051 E3.15994
G1 X6.281 Y-3.752 E3.16899
G1 X5.845 Y-3.228 E3.18675
G1 X4.993 Y-3.228 E3.20895
;WIDTH:0.499447
G1 X4.904 Y-3.189 E3.21178
;WIDTH:0.548895
G1 X4.814 Y-3.15 E3.21494
;WIDTH:0.598343
G1 X4.725 Y-3.111 E3.21837
G1 X4.718 Y-3.019 E3.22163
;WIDTH:0.583149
G1 X4.718 Y-1.354 E3.27884
G1 X4.74 Y-1.141 E3.2862
;WIDTH:0.538766
G1 X4.762 Y-.929 E3.29293
;WIDTH:0.494383
G1 X4.784 Y-.716 E3.2991
;WIDTH:0.449999
G1 X4.784 Y-.117 E3.31471
G1 X3.76 Y-.117 E3.34139
;WIDTH:0.464962
G1 X3.568 Y-.008 E3.34735
;WIDTH:0.494793
G1 X3.529 Y.108 E3.35088
G1 X3.58 Y.859 E3.3726
G1 X3.57 Y1.501 E3.39112
;WIDTH:0.490393
G1 X3.546 Y2.006 E3.40557
;WIDTH:0.489714
G1 X3.769 Y2.163 E3.41335
;WIDTH:0.449999
G1 X7.656 Y2.163 E3.51463
G1 X7.507 Y2.476 E3.52366
G1 X7.373 Y3.019 E3.53823
G1 X7.203 Y3.543 E3.55258
G1 X3.337 Y3.543 E3.65331
G1 X3.191 Y3.724 E3.65937
G1 X2.617 Y3.725 E3.67433
G1 X2.752 Y3.337 E3.68503
G1 X2.908 Y2.71 E3.70186
;WIDTH:0.494104
G1 X3.078 Y1.902 E3.72565
G1 X3.116 Y1.38 E3.74073
;WIDTH:0.493405
G1 X3.113 Y.662 E3.76138
;WIDTH:0.488151
G1 X3.036 Y-.062 E3.78208
;WIDTH:0.471152
G1 X2.927 Y-.55 E3.79577
;WIDTH:0.449999
G1 X2.79 Y-1.131 E3.81132
G1 X2.961 Y-1.143 E3.81579
G1 X3.062 Y-1.261 E3.81984
G1 X3.927 Y-1.264 E3.84238
;WIDTH:0.495774
G1 X4.006 Y-1.316 E3.84511
;WIDTH:0.541549
G1 X4.085 Y-1.369 E3.84813
;WIDTH:0.587324
G1 X4.165 Y-1.422 E3.85145
G1 X4.167 Y-1.47 E3.85311
;WIDTH:0.583149
G1 X4.167 Y-3.21 E3.9129
G1 X4.127 Y-3.254 E3.91494
;WIDTH:0.538765
G1 X4.087 Y-3.297 E3.9168
;WIDTH:0.494382
G1 X4.047 Y-3.341 E3.91851
;WIDTH:0.449999
G1 X3.891 Y-3.411 E3.92297
G1 X-1.128 Y-3.411 E4.05374
G1 X-1.381 Y-3.446 E4.06039
G1 X-1.95 Y-3.604 E4.07578
G1 X-2.705 Y-3.643 E4.09548
G1 X-3.42 Y-3.522 E4.11437
G1 X-3.749 Y-3.411 E4.12342
G1 X-8.944 Y-3.411 E4.25878
;WIDTH:0.499449
G1 X-9.02 Y-3.341 E4.26179
;WIDTH:0.548899
G1 X-9.097 Y-3.272 E4.26512
;WIDTH:0.598349
G1 X-9.174 Y-3.202 E4.26879
G1 X-9.167 Y-3.019 E4.27526
;WIDTH:0.58315
G1 X-9.167 Y-1.423 E4.3301
G1 X-9.1 Y-1.374 E4.33295
;WIDTH:0.538767
G1 X-9.083 Y-1.361 E4.33363
G1 X-8.693 Y-1.27 F4800
M106 S242.25
;LAYER_CHANGE
;Z:6.05
;HEIGHT:0.15
G1 E2.33363 F2400
G92 E0
G1 Z6.05 F4800
G1 Z6.35
G1 X.97 Y-1.008
G1 Z6.05
G1 E2 F2400
;WIDTH:0.364846
G1 F900
G1 X.765 Y-1.403 E2.00923
G1 X1.675 Y-1.403 E2.02811
G1 X1.022 Y-1.037 E2.04364
G1 X.788 Y-1.361 F4800
G1 E.04364 F2400
G92 E0
G1 Z6.35 F4800
G1 X3.482 Y2.167
G1 Z6.05
G1 E2 F2400
;TYPE:Perimeter
;WIDTH:0.517755
G1 F900
G1 X3.7 Y2.378 E2.00919
G1 X3.792 Y2.383 E2.01198
;WIDTH:0.513292
G1 X7.101 Y2.383 E2.11126
;WIDTH:0.51329
G1 X6.965 Y2.864 E2.12626
G1 X3.554 Y2.864 E2.2286
;WIDTH:0.517755
G1 X3.359 Y2.926 E2.2348
G1 X3.411 Y2.69 E2.24212
G1 X3.474 Y2.226 E2.2563
G1 E.2563 F2400
G92 E0
G1 Z6.35 F4800
G1 X3.397 Y-.817
G1 Z6.05
G1 E2 F2400
;WIDTH:0.70151
G1 F900
G1 X3.559 Y-.836 E2.00681
;WIDTH:0.66495
G1 X3.721 Y-.854 E2.01324
;WIDTH:0.669845
G1 X3.978 Y-.875 E2.02349
;WIDTH:0.7113
G1 X4.236 Y-.895 E2.03445
G1 E.03445 F2400
G92 E0
G1 Z6.35 F4800
G1 X1.844 Y-4.021
G1 Z6.05
G1 E2 F2400
;WIDTH:0.405562
G1 F900
G1 X1.392 Y-4.036 E2.01053
;WIDTH:0.449457
G1 X.743 Y-4.058 E2.02743
;WIDTH:0.493352
G1 X.095 Y-4.08 E2.04608
;WIDTH:0.537247
G1 X-.554 Y-4.102 E2.06653
;WIDTH:0.581142
G1 X-1.203 Y-4.124 E2.08876
;WIDTH:0.625037
G1 X-1.851 Y-4.146 E2.11273
;WIDTH:0.668932
G1 X-2.5 Y-4.168 E2.13852
G1 X-3.149 Y-4.146 E2.16431
;WIDTH:0.625038
G1 X-3.798 Y-4.124 E2.18832
;WIDTH:0.581143
G1 X-4.447 Y-4.102 E2.21055
;WIDTH:0.537248
G1 X-5.095 Y-4.08 E2.23097
;WIDTH:0.493353
G1 X-5.744 Y-4.058 E2.24965
;WIDTH:0.449459
G1 X-6.393 Y-4.036 E2.26655
;WIDTH:0.405564
G1 X-7.042 Y-4.014 E2.28167
;WIDTH:0.407583
G1 X-7.108 Y-4.037 E2.28331
;WIDTH:0.453496
G1 X-7.175 Y-4.06 E2.28517
;WIDTH:0.49941
G1 X-7.241 Y-4.083 E2.28721
;WIDTH:0.545323
G1 X-7.308 Y-4.106 E2.28948
;WIDTH:0.591237
G1 X-7.374 Y-4.129 E2.29192
;WIDTH:0.63715
G1 X-7.441 Y-4.152 E2.29459
G1 X-7.378 Y-4.184 E2.29726
;WIDTH:0.591237
G1 X-7.315 Y-4.216 E2.29972
;WIDTH:0.545323
G1 X-7.253 Y-4.247 E2.30194
;WIDTH:0.49941
G1 X-7.19 Y-4.279 E2.304
;WIDTH:0.453496
G1 X-7.127 Y-4.311 E2.30586
;WIDTH:0.407583
G1 X-7.064 Y-4.342 E2.3075
;WIDTH:0.405564
G1 X-6.412 Y-4.409 E2.32276
;WIDTH:0.449459
G1 X-5.76 Y-4.475 E2.33981
;WIDTH:0.493353
G1 X-5.108 Y-4.541 E2.35866
;WIDTH:0.537248
G1 X-4.456 Y-4.607 E2.3793
;WIDTH:0.581143
G1 X-3.804 Y-4.674 E2.40174
;WIDTH:0.625038
G1 X-3.152 Y-4.74 E2.42597
;WIDTH:0.668932
G1 X-2.5 Y-4.806 E2.45199
G1 X-1.848 Y-4.74 E2.47801
;WIDTH:0.625037
G1 X-1.196 Y-4.674 E2.50224
;WIDTH:0.581142
G1 X-.544 Y-4.607 E2.52468
;WIDTH:0.537247
G1 X.107 Y-4.541 E2.54529
;WIDTH:0.493352
G1 X.759 Y-4.475 E2.56414
;WIDTH:0.449457
G1 X1.411 Y-4.409 E2.58119
;WIDTH:0.405562
G1 X2.063 Y-4.342 E2.59645
;WIDTH:0.407578
G1 X2.126 Y-4.311 E2.59809
;WIDTH:0.45349
G1 X2.189 Y-4.279 E2.59995
;WIDTH:0.499401
G1 X2.252 Y-4.247 E2.60201
;WIDTH:0.545312
G1 X2.314 Y-4.216 E2.60423
;WIDTH:0.591223
G1 X2.377 Y-4.184 E2.60669
;WIDTH:0.637134
G1 X2.44 Y-4.152 E2.60936
G1 X2.373 Y-4.129 E2.61203
;WIDTH:0.591223
G1 X2.307 Y-4.106 E2.61447
;WIDTH:0.545312
G1 X2.24 Y-4.083 E2.61674
;WIDTH:0.499401
G1 X2.174 Y-4.06 E2.61878
;WIDTH:0.45349
G1 X2.107 Y-4.037 E2.62064
;WIDTH:0.407578
G1 X2.041 Y-4.014 E2.62228
;WIDTH:0.405562
G1 X1.904 Y-4.019 E2.62547
G1 E.62547 F2400
G92 E0
G1 Z6.35 F4800
G1 X5.446 Y-3.857
G1 Z6.05
G1 E2 F2400
;WIDTH:0.445064
G1 F900
G1 X5.207 Y-3.873 E2.00617
;WIDTH:0.477606
G1 X4.968 Y-3.889 E2.01282
G1 X3.975 Y-4.046 F4800
;WIDTH:0.435086
G1 F900
G1 X4.261 Y-4.024 E2.02003
;WIDTH:0.400655
G1 X4.547 Y-4.002 E2.02662
;WIDTH:0.403352
G1 X4.687 Y-3.965 E2.02997
;WIDTH:0.440479
G1 X4.828 Y-3.927 E2.03369
;WIDTH:0.477606
G1 X4.968 Y-3.889 E2.03772
G1 X4.855 Y-3.828 E2.04129
;WIDTH:0.440479
G1 X4.742 Y-3.767 E2.04456
;WIDTH:0.403352
G1 X4.629 Y-3.706 E2.04753
;WIDTH:0.385349
G1 X4.478 Y-3.554 E2.05225
G1 X4.384 Y-3.747 E2.05698
;WIDTH:0.400655
G1 X4.179 Y-3.896 E2.0628
;WIDTH:0.435086
G1 X4.023 Y-4.01 E2.06765
G1 X2.44 Y-4.152 F4800
;WIDTH:0.637134
G1 F900
G1 X2.803 Y-4.128 E2.08137
;WIDTH:0.58804
G1 X3.166 Y-4.103 E2.09398
;WIDTH:0.538946
G1 X3.528 Y-4.079 E2.10545
;WIDTH:0.489852
G1 X3.891 Y-4.054 E2.11583
;WIDTH:0.440758
G1 X3.975 Y-4.046 E2.11798
G1 E.11798 F2400
G92 E0
G1 Z6.35 F4800
G1 X-8.482 Y2.167
G1 Z6.05
G1 E2 F2400
;WIDTH:0.517755
G1 F900
G1 X-8.359 Y2.927 E2.02331
G1 X-8.491 Y2.862 E2.02777
G1 X-8.792 Y2.864 E2.03688
;WIDTH:0.513291
G1 X-11.985 Y2.864 E2.13268
G1 X-12.103 Y2.383 E2.14754
G1 X-8.704 Y2.383 E2.24952
;WIDTH:0.517755
G1 X-8.525 Y2.209 E2.25708
G1 E.25708 F2400
G92 E0
G1 Z6.35 F4800
G1 X-10.446 Y-3.857
G1 Z6.05
G1 E2 F2400
;WIDTH:0.443382
G1 F900
G1 X-10.219 Y-3.872 E2.00583
;WIDTH:0.47401
G1 X-9.993 Y-3.888 E2.01207
G1 X-9.081 Y-4.026 F4800
;WIDTH:0.444658
G1 F900
G1 X-9.232 Y-3.887 E2.01735
;WIDTH:0.405482
G1 X-9.384 Y-3.747 E2.02216
;WIDTH:0.385423
G1 X-9.478 Y-3.554 E2.02689
G1 X-9.512 Y-3.618 E2.02849
;WIDTH:0.429717
G1 X-9.752 Y-3.753 E2.03532
;WIDTH:0.47401
G1 X-9.993 Y-3.888 E2.04293
G1 X-9.844 Y-3.926 E2.04717
;WIDTH:0.438109
G1 X-9.696 Y-3.964 E2.05104
;WIDTH:0.402208
G1 X-9.547 Y-4.002 E2.05459
;WIDTH:0.405482
G1 X-9.314 Y-4.014 E2.06002
;WIDTH:0.444658
G1 X-9.141 Y-4.023 E2.06448
G1 X-9.081 Y-4.026 F4800
G1 F900
G1 X-8.891 Y-4.054 E2.06942
;WIDTH:0.489994
G1 X-8.529 Y-4.079 E2.07978
;WIDTH:0.539046
G1 X-8.166 Y-4.103 E2.09128
;WIDTH:0.588098
G1 X-7.803 Y-4.128 E2.10389
;WIDTH:0.63715
G1 X-7.441 Y-4.152 E2.11758
G1 E.11758 F2400
G92 E0
G1 Z6.35 F4800
G1 X-8.403 Y-.818
G1 Z6.05
G1 E2 F2400
;WIDTH:0.711306
G1 F900
G1 X-9.236 Y-.895 E2.03543
G1 X-9.037 Y-1.423 F4800
;TYPE:External perimeter
;WIDTH:0.494383
G1 F1350
G1 X-8.986 Y-1.384 E2.03728
;WIDTH:0.449999
G1 X-8.891 Y-1.361 E2.03983
G1 X-7.679 Y-1.361 E2.07141
G1 X-7.87 Y-.72 E2.08884
;WIDTH:0.476496
G1 X-7.946 Y-.381 E2.09847
;WIDTH:0.502993
G1 X-8.022 Y-.041 E2.1087
G1 X-8.089 Y.445 E2.1231
;WIDTH:0.495105
G1 X-8.124 Y1.114 E2.14244
;WIDTH:0.490639
G1 X-8.099 Y1.772 E2.16127
G1 X-7.96 Y2.649 E2.18666
;WIDTH:0.449999
G1 X-7.737 Y3.495 E2.20946
G1 X-8.271 Y3.494 E2.22337
G1 X-8.344 Y3.397 E2.22653
G1 X-8.511 Y3.313 E2.2314
G1 X-12.318 Y3.313 E2.33059
G1 X-12.524 Y2.529 E2.35171
G1 X-12.776 Y2.037 E2.36611
G1 X-12.783 Y1.933 E2.36883
G1 X-8.792 Y1.933 E2.47282
;WIDTH:0.490639
G1 X-8.566 Y1.763 E2.48091
;WIDTH:0.491549
G1 X-8.563 Y1.719 E2.48217
;WIDTH:0.493945
G1 X-8.58 Y.94 E2.50461
;WIDTH:0.495105
G1 X-8.55 Y.405 E2.52008
;WIDTH:0.502993
G1 X-8.487 Y-.111 E2.53534
G1 X-8.56 Y-.219 E2.53917
;WIDTH:0.476496
G1 X-8.632 Y-.327 E2.54277
;WIDTH:0.449999
G1 X-8.721 Y-.347 E2.54515
G1 X-9.784 Y-.347 E2.57285
G1 X-9.784 Y-.895 E2.58713
;WIDTH:0.494383
G1 X-9.762 Y-1.12 E2.59365
;WIDTH:0.538767
G1 X-9.74 Y-1.345 E2.60079
;WIDTH:0.58315
G1 X-9.718 Y-1.57 E2.60856
G1 X-9.718 Y-3.337 E2.66927
G1 X-9.809 Y-3.377 E2.67269
;WIDTH:0.538767
G1 X-9.901 Y-3.417 E2.67586
;WIDTH:0.494383
G1 X-9.993 Y-3.458 E2.67876
;WIDTH:0.449999
G1 X-10.845 Y-3.458 E2.70096
G1 X-11.296 Y-4.005 E2.71943
G1 X-10.534 Y-4.248 E2.74027
G1 X-2.5 Y-5.34 E2.95153
G1 X5.534 Y-4.248 E3.16279
G1 X6.282 Y-4.009 E3.18325
G1 X5.851 Y-3.458 E3.20148
G1 X4.993 Y-3.458 E3.22384
;WIDTH:0.499447
G1 X4.904 Y-3.419 E3.22667
;WIDTH:0.548895
G1 X4.814 Y-3.38 E3.22983
;WIDTH:0.598343
G1 X4.725 Y-3.34 E3.23328
G1 X4.718 Y-3.249 E3.2365
;WIDTH:0.583149
G1 X4.718 Y-1.456 E3.29811
G1 X4.74 Y-1.269 E3.30458
;WIDTH:0.538766
G1 X4.762 Y-1.082 E3.31053
;WIDTH:0.494383
G1 X4.784 Y-.895 E3.31596
;WIDTH:0.449999
G1 X4.784 Y-.347 E3.33024
G1 X3.721 Y-.347 E3.35794
G1 X3.571 Y-.284 E3.36218
;WIDTH:0.497862
G1 X3.489 Y-.111 E3.36774
G1 X3.552 Y.42 E3.38327
;WIDTH:0.495104
G1 X3.579 Y1.128 E3.40372
;WIDTH:0.494007
G1 X3.563 Y1.749 E3.42161
G1 X3.792 Y1.933 E3.43007
;WIDTH:0.449999
G1 X7.783 Y1.933 E3.53406
G1 X7.776 Y2.037 E3.53678
G1 X7.508 Y2.571 E3.55235
G1 X7.311 Y3.313 E3.57235
G1 X3.561 Y3.313 E3.67006
G1 X3.35 Y3.389 E3.6759
G1 X3.271 Y3.494 E3.67932
G1 X2.737 Y3.495 E3.69323
G1 X2.846 Y3.14 E3.70291
G1 X2.977 Y2.526 E3.71927
;WIDTH:0.491551
G1 X3.104 Y1.704 E3.7431
;WIDTH:0.493944
G1 X3.119 Y.966 E3.76436
G1 X3.078 Y.299 E3.7836
;WIDTH:0.491304
G1 X2.942 Y-.44 E3.80511
;WIDTH:0.449999
G1 X2.67 Y-1.361 E3.83013
G1 X3.927 Y-1.364 E3.86288
;WIDTH:0.495774
G1 X4.006 Y-1.417 E3.86563
;WIDTH:0.541549
G1 X4.085 Y-1.469 E3.86863
;WIDTH:0.587323
G1 X4.165 Y-1.522 E3.87195
G1 X4.167 Y-1.57 E3.87361
;WIDTH:0.583149
G1 X4.167 Y-3.44 E3.93786
G1 X4.133 Y-3.475 E3.93954
;WIDTH:0.538765
G1 X4.1 Y-3.51 E3.94106
;WIDTH:0.494382
G1 X4.067 Y-3.545 E3.94245
;WIDTH:0.449999
G1 X3.891 Y-3.641 E3.94767
G1 X-8.917 Y-3.641 E4.28139
;WIDTH:0.499449
G1 X-9.003 Y-3.571 E4.28462
;WIDTH:0.548899
G1 X-9.088 Y-3.501 E4.28817
;WIDTH:0.598348
G1 X-9.174 Y-3.432 E4.29206
G1 X-9.167 Y-3.249 E4.29853
;WIDTH:0.58315
G1 X-9.167 Y-1.523 E4.35783
G1 X-9.106 Y-1.477 E4.36046
;WIDTH:0.538767
G1 X-9.084 Y-1.459 E4.36136
G1 X-8.694 Y-1.37 F4800
G1 E2.36136 F2400
G92 E0
G1 Z6.35 F4800
G1 X-5.978 Y-1.01
G1 Z6.05
G1 E2 F2400
;WIDTH:0.360483
G1 F900
G1 X-6.683 Y-1.405 E2.01654
G1 X-5.777 Y-1.405 E2.03509
G1 X-5.951 Y-1.063 E2.04295
G1 X-6.325 Y-1.205 F4800
M106 S244.8
;LAYER_CHANGE
;Z:6.2
;HEIGHT:0.15
G1 E.04295 F2400
G92 E0
G1 Z6.2 F4800
G1 Z6.5
G1 X1.001 Y-1.006
G1 Z6.2
G1 E2 F2400
;WIDTH:0.500989
G1 F900
G1 X.713 Y-1.565 E2.01838
G1 X1.998 Y-1.565 E2.05595
G1 X1.054 Y-1.035 E2.0876
G1 X.82 Y-1.359 F4800
G1 E.0876 F2400
G92 E0
G1 Z6.5 F4800
G1 X-8.514 Y2.025
G1 Z6.2
G1 E2 F2400
;TYPE:Perimeter
;WIDTH:0.515543
G1 F900
G1 X-8.424 Y2.69 E2.02023
G1 X-8.598 Y2.633 E2.02575
G1 X-8.808 Y2.634 E2.03208
;WIDTH:0.513291
G1 X-12.054 Y2.634 E2.12947
G1 X-12.262 Y2.153 E2.14519
G1 X-8.717 Y2.153 E2.25155
;WIDTH:0.515543
G1 X-8.565 Y2.057 E2.25697
G1 E.25697 F2400
G92 E0
G1 Z6.5 F4800
G1 X-8.327 Y-1.044
G1 Z6.2
G1 E2 F2400
;WIDTH:0.707964
G1 F900
G1 X-8.609 Y-1.064 E2.01191
;WIDTH:0.668176
G1 X-8.891 Y-1.084 E2.02312
;WIDTH:0.669847
G1 X-9.063 Y-1.104 E2.03001
;WIDTH:0.711306
G1 X-9.236 Y-1.125 E2.03739
G1 E.03739 F2400
G92 E0
G1 Z6.5 F4800
G1 X-6.866 Y-4.258
G1 Z6.2
G1 E2 F2400
;WIDTH:0.438367
G1 F900
G1 X-6.499 Y-4.283 E2.00932
;WIDTH:0.488063
G1 X-6.131 Y-4.307 E2.0198
;WIDTH:0.537759
G1 X-5.764 Y-4.332 E2.0314
;WIDTH:0.587456
G1 X-5.397 Y-4.357 E2.04414
;WIDTH:0.637152
G1 X-5.03 Y-4.382 E2.05802
G1 E.05802 F2400
G92 E0
G1 Z6.5 F4800
G1 X3.514 Y2.025
G1 Z6.2
G1 E2 F2400
;WIDTH:0.515543
G1 F900
G1 X3.661 Y2.137 E2.00557
G1 X3.808 Y2.153 E2.01003
;WIDTH:0.513292
G1 X7.262 Y2.153 E2.11366
;WIDTH:0.513291
G1 X7.054 Y2.634 E2.12938
G1 X3.712 Y2.634 E2.22965
;WIDTH:0.515543
G1 X3.424 Y2.69 E2.23849
G1 X3.506 Y2.084 E2.25692
G1 E.25692 F2400
G92 E0
G1 Z6.5 F4800
G1 X3.327 Y-1.044
G1 Z6.2
G1 E2 F2400
;WIDTH:0.707966
G1 F900
G1 X3.495 Y-1.064 E2.00713
;WIDTH:0.668178
G1 X3.664 Y-1.084 E2.01388
;WIDTH:0.669845
G1 X3.95 Y-1.104 E2.02528
;WIDTH:0.7113
G1 X4.236 Y-1.125 E2.03743
G1 E.03743 F2400
G92 E0
G1 Z6.5 F4800
G1 X.029 Y-4.382
G1 Z6.2
G1 E2 F2400
;WIDTH:0.637136
G1 F900
G1 X-.037 Y-4.359 E2.00264
;WIDTH:0.591225
G1 X-.104 Y-4.336 E2.00511
;WIDTH:0.545314
G1 X-.17 Y-4.313 E2.00735
;WIDTH:0.499403
G1 X-.237 Y-4.29 E2.00941
;WIDTH:0.453492
G1 X-.303 Y-4.267 E2.01125
;WIDTH:0.40758
G1 X-.37 Y-4.244 E2.01291
;WIDTH:0.409713
G1 X-1.08 Y-4.268 E2.02964
;WIDTH:0.457757
G1 X-1.79 Y-4.292 E2.04849
;WIDTH:0.5058
G1 X-2.5 Y-4.316 E2.06947
G1 X-3.21 Y-4.292 E2.09045
;WIDTH:0.457757
G1 X-3.92 Y-4.268 E2.1093
;WIDTH:0.409714
G1 X-4.631 Y-4.244 E2.12605
;WIDTH:0.407584
G1 X-4.697 Y-4.267 E2.12769
;WIDTH:0.453498
G1 X-4.764 Y-4.29 E2.12955
;WIDTH:0.499411
G1 X-4.83 Y-4.313 E2.13159
;WIDTH:0.545325
G1 X-4.897 Y-4.336 E2.13386
;WIDTH:0.591239
G1 X-4.963 Y-4.359 E2.1363
;WIDTH:0.637152
G1 X-5.03 Y-4.382 E2.13897
G1 X-4.967 Y-4.414 E2.14164
;WIDTH:0.591239
G1 X-4.904 Y-4.445 E2.14409
;WIDTH:0.545325
G1 X-4.841 Y-4.477 E2.14635
;WIDTH:0.499411
G1 X-4.778 Y-4.509 E2.14841
;WIDTH:0.453498
G1 X-4.716 Y-4.541 E2.15024
;WIDTH:0.407584
G1 X-4.653 Y-4.572 E2.15188
;WIDTH:0.409714
G1 X-3.935 Y-4.645 E2.16887
;WIDTH:0.457757
G1 X-3.218 Y-4.718 E2.188
;WIDTH:0.5058
G1 X-2.5 Y-4.791 E2.20932
G1 X-1.783 Y-4.718 E2.23061
;WIDTH:0.457757
G1 X-1.065 Y-4.645 E2.24976
;WIDTH:0.409713
G1 X-.348 Y-4.572 E2.26673
;WIDTH:0.40758
G1 X-.285 Y-4.541 E2.26837
;WIDTH:0.453492
G1 X-.222 Y-4.509 E2.27023
;WIDTH:0.499403
G1 X-.159 Y-4.477 E2.27229
;WIDTH:0.545314
G1 X-.097 Y-4.446 E2.27451
;WIDTH:0.591225
G1 X-.034 Y-4.414 E2.27697
;WIDTH:0.637136
G1 X-.024 Y-4.409 E2.27739
G1 X.029 Y-4.382 F4800
G1 F900
G1 X.396 Y-4.357 E2.29127
;WIDTH:0.587443
G1 X.764 Y-4.332 E2.30404
;WIDTH:0.53775
G1 X1.131 Y-4.308 E2.31564
;WIDTH:0.488057
G1 X1.498 Y-4.283 E2.3261
;WIDTH:0.438363
G1 X1.865 Y-4.258 E2.33542
G1 E.33542 F2400
G92 E0
G1 Z6.5 F4800
G1 X-9.037 Y-1.653
G1 Z6.2
G1 E2 F2400
;TYPE:External perimeter
;WIDTH:0.494383
G1 F1350
G1 X-8.986 Y-1.613 E2.00187
;WIDTH:0.449999
G1 X-8.891 Y-1.591 E2.00441
G1 X-8.327 Y-1.591 E2.01911
G1 X-7.865 Y-1.622 E2.03117
;WIDTH:0.411095
G1 X-7.403 Y-1.654 E2.04211
;WIDTH:0.410938
G1 X-7.546 Y-1.565 E2.04609
;WIDTH:0.449999
G1 X-7.846 Y-.751 E2.06869
;WIDTH:0.4871
G1 X-8.046 Y.148 E2.09482
G1 X-8.112 Y.852 E2.11488
;WIDTH:0.48535
G1 X-8.106 Y1.7 E2.13885
;WIDTH:0.479609
G1 X-8.015 Y2.398 E2.15849
;WIDTH:0.449999
G1 X-7.829 Y3.266 E2.18162
G1 X-8.361 Y3.264 E2.19548
G1 X-8.429 Y3.17 E2.1985
G1 X-8.598 Y3.083 E2.20345
G1 X-12.41 Y3.083 E2.30277
G1 X-12.524 Y2.627 E2.31502
G1 X-12.784 Y2.119 E2.32989
G1 X-12.781 Y1.703 E2.34073
G1 X-8.808 Y1.703 E2.44425
;WIDTH:0.479609
G1 X-8.61 Y1.599 E2.45049
;WIDTH:0.494411
G1 X-8.577 Y1.5 E2.4535
;WIDTH:0.495456
G1 X-8.549 Y.502 E2.48234
;WIDTH:0.499911
G1 X-8.432 Y-.336 E2.50702
G1 X-8.526 Y-.524 E2.51315
;WIDTH:0.449999
G1 X-8.664 Y-.577 E2.517
G1 X-9.784 Y-.577 E2.54618
G1 X-9.784 Y-1.125 E2.56046
;WIDTH:0.494383
G1 X-9.762 Y-1.35 E2.56698
;WIDTH:0.538766
G1 X-9.74 Y-1.575 E2.57412
;WIDTH:0.583149
G1 X-9.718 Y-1.799 E2.58185
G1 X-9.718 Y-3.667 E2.64603
G1 X-9.855 Y-3.692 E2.65081
;WIDTH:0.545464
G1 X-9.993 Y-3.716 E2.65529
;WIDTH:0.507777
G1 X-10.839 Y-3.7 E2.68039
;WIDTH:0.474674
G1 X-11.062 Y-3.968 E2.69001
G1 X-10.531 Y-4.138 E2.7054
;WIDTH:0.507777
G1 X-10.025 Y-4.19 E2.72049
;WIDTH:0.547097
G1 X-9.902 Y-4.187 E2.72444
;WIDTH:0.586417
G1 X-9.779 Y-4.184 E2.72869
;WIDTH:0.625737
G1 X-9.656 Y-4.18 E2.73325
;WIDTH:0.665057
G1 X-9.533 Y-4.177 E2.73811
G1 X-9.381 Y-4.22 E2.74434
;WIDTH:0.621604
G1 X-9.228 Y-4.263 E2.75018
;WIDTH:0.57815
G1 X-9.075 Y-4.305 E2.75558
;WIDTH:0.534697
G1 X-8.922 Y-4.348 E2.76056
;WIDTH:0.527909
G1 X-8.382 Y-4.403 E2.77734
;WIDTH:0.564575
G1 X-7.843 Y-4.458 E2.79533
;WIDTH:0.60124
G1 X-7.303 Y-4.513 E2.81459
G1 X-7.207 Y-4.545 E2.81818
;WIDTH:0.56343
G1 X-7.111 Y-4.577 E2.82153
;WIDTH:0.52562
G1 X-7.015 Y-4.609 E2.82464
;WIDTH:0.48781
G1 X-6.918 Y-4.641 E2.82754
;WIDTH:0.449999
G1 X-2.5 Y-5.242 E2.94371
G1 X1.917 Y-4.642 E3.05986
;WIDTH:0.487808
G1 X2.014 Y-4.609 E3.06277
;WIDTH:0.525617
G1 X2.11 Y-4.577 E3.06588
;WIDTH:0.563426
G1 X2.206 Y-4.545 E3.06923
;WIDTH:0.601235
G1 X2.303 Y-4.513 E3.07285
G1 X2.861 Y-4.456 E3.09275
;WIDTH:0.56454
G1 X3.42 Y-4.399 E3.1114
;WIDTH:0.527845
G1 X3.978 Y-4.343 E3.12873
;WIDTH:0.534611
G1 X4.117 Y-4.301 E3.13328
;WIDTH:0.578071
G1 X4.256 Y-4.26 E3.13821
;WIDTH:0.621531
G1 X4.395 Y-4.219 E3.14354
;WIDTH:0.664991
G1 X4.533 Y-4.177 E3.14923
G1 X4.656 Y-4.181 E3.15409
;WIDTH:0.625661
G1 X4.779 Y-4.184 E3.15864
;WIDTH:0.586331
G1 X4.902 Y-4.187 E3.16289
;WIDTH:0.547001
G1 X5.025 Y-4.19 E3.16684
;WIDTH:0.50767
G1 X5.531 Y-4.138 E3.18192
;WIDTH:0.474557
G1 X6.062 Y-3.968 E3.1973
G1 X5.839 Y-3.7 E3.20692
G1 X5.755 Y-3.7 E3.20924
;WIDTH:0.50767
G1 X4.993 Y-3.717 E3.23184
;WIDTH:0.547001
G1 X4.93 Y-3.705 E3.2339
;WIDTH:0.586331
G1 X4.867 Y-3.694 E3.23611
;WIDTH:0.625661
G1 X4.805 Y-3.683 E3.23844
;WIDTH:0.664991
G1 X4.742 Y-3.671 E3.24097
G1 X4.73 Y-3.575 E3.24479
;WIDTH:0.62407
G1 X4.718 Y-3.479 E3.24836
;WIDTH:0.583149
G1 X4.718 Y-1.686 E3.30997
G1 X4.74 Y-1.499 E3.31644
;WIDTH:0.538766
G1 X4.762 Y-1.312 E3.32239
;WIDTH:0.494383
G1 X4.784 Y-1.125 E3.32782
;WIDTH:0.449999
G1 X4.784 Y-.577 E3.3421
G1 X3.571 Y-.555 E3.37371
;WIDTH:0.49991
G1 X3.432 Y-.336 E3.38128
G1 X3.498 Y.096 E3.39403
;WIDTH:0.489995
G1 X3.571 Y.84 E3.41537
;WIDTH:0.494327
G1 X3.577 Y1.492 E3.43416
G1 X3.61 Y1.599 E3.43739
;WIDTH:0.479587
G1 X3.808 Y1.703 E3.44363
;WIDTH:0.449999
G1 X7.781 Y1.703 E3.54715
G1 X7.784 Y2.119 E3.55799
G1 X7.524 Y2.627 E3.57286
G1 X7.41 Y3.083 E3.58511
G1 X3.718 Y3.083 E3.68131
G1 X3.474 Y3.124 E3.68776
G1 X3.361 Y3.264 E3.69245
G1 X2.829 Y3.265 E3.70631
G1 X2.949 Y2.804 E3.71872
G1 X3.044 Y2.218 E3.73419
;WIDTH:0.494327
G1 X3.115 Y1.49 E3.75527
;WIDTH:0.495583
G1 X3.09 Y.562 E3.7821
;WIDTH:0.49991
G1 X2.972 Y-.258 E3.80626
G1 X2.807 Y-.873 E3.82483
;WIDTH:0.449999
G1 X2.55 Y-1.566 E3.84409
;WIDTH:0.415619
G1 X2.378 Y-1.655 E3.84872
G1 X2.588 Y-1.619 E3.85381
;WIDTH:0.449999
G1 X3.327 Y-1.591 E3.87308
G1 X3.927 Y-1.594 E3.88871
;WIDTH:0.495774
G1 X4.006 Y-1.646 E3.89144
;WIDTH:0.541549
G1 X4.085 Y-1.699 E3.89446
;WIDTH:0.587323
G1 X4.165 Y-1.752 E3.89778
G1 X4.167 Y-1.8 E3.89944
;WIDTH:0.583149
G1 X4.167 Y-3.479 E3.95713
;WIDTH:0.62407
G1 X4.179 Y-3.621 E3.96239
;WIDTH:0.664991
G1 X4.191 Y-3.763 E3.96801
G1 X4.116 Y-3.795 E3.97123
;WIDTH:0.621531
G1 X4.041 Y-3.827 E3.97423
;WIDTH:0.578071
G1 X3.966 Y-3.859 E3.97701
;WIDTH:0.534611
G1 X3.891 Y-3.891 E3.97956
;WIDTH:0.527845
G1 X3.349 Y-3.91 E3.99632
;WIDTH:0.56454
G1 X2.806 Y-3.928 E4.01436
;WIDTH:0.601235
G1 X2.264 Y-3.946 E4.0336
G1 X2.164 Y-3.927 E4.03721
;WIDTH:0.563426
G1 X2.065 Y-3.909 E4.04054
;WIDTH:0.525617
G1 X1.965 Y-3.89 E4.04367
;WIDTH:0.487808
G1 X1.865 Y-3.871 E4.04656
;WIDTH:0.449999
G1 X-6.866 Y-3.871 E4.27405
;WIDTH:0.48781
G1 X-6.966 Y-3.89 E4.27694
;WIDTH:0.52562
G1 X-7.066 Y-3.908 E4.28007
;WIDTH:0.56343
G1 X-7.165 Y-3.927 E4.28341
;WIDTH:0.60124
G1 X-7.265 Y-3.946 E4.28702
G1 X-7.807 Y-3.928 E4.30626
;WIDTH:0.564575
G1 X-8.349 Y-3.91 E4.32426
;WIDTH:0.527909
G1 X-8.891 Y-3.891 E4.34103
;WIDTH:0.534697
G1 X-8.966 Y-3.859 E4.34359
;WIDTH:0.57815
G1 X-9.041 Y-3.827 E4.34637
;WIDTH:0.621604
G1 X-9.116 Y-3.795 E4.34937
;WIDTH:0.665057
G1 X-9.191 Y-3.763 E4.35259
G1 X-9.179 Y-3.621 E4.35821
;WIDTH:0.624104
G1 X-9.167 Y-3.479 E4.36347
;WIDTH:0.58315
G1 X-9.167 Y-1.753 E4.42277
G1 X-9.106 Y-1.707 E4.4254
;WIDTH:0.538766
G1 X-9.084 Y-1.689 E4.4263
G1 X-8.694 Y-1.6 F4800
G1 E2.4263 F2400
G92 E0
G1 Z6.5 F4800
G1 X-6.011 Y-1.01
G1 Z6.2
G1 E2 F2400
;WIDTH:0.499095
G1 F900
G1 X-7.002 Y-1.566 E2.03309
G1 X-5.685 Y-1.566 E2.07144
G1 X-5.98 Y-1.062 E2.08844
G1 X-6.354 Y-1.204 F4800
M106 S239.7
;LAYER_CHANGE
;Z:6.35
;HEIGHT:0.15
G1 E.08844 F2400
G92 E0
G1 Z6.35 F4800
G1 Z6.65
G1 X-8.981 Y-4.174
G1 Z6.35
G1 E2 F2400
;WIDTH:0.637148
G1 F900
G1 X-8.794 Y-4.194 E2.0071
G1 X-10.519 Y-3.985 F4800
;WIDTH:0.621521
G1 F900
G1 X-10.256 Y-4.003 E2.01679
;WIDTH:0.6571
G1 X-9.993 Y-4.021 E2.02706
G1 E.02706 F2400
G92 E0
G1 Z6.65 F4800
G1 X4.981 Y-4.022
G1 Z6.35
G1 E2 F2400
;WIDTH:0.658748
G1 F900
G1 X4.993 Y-4.021 E2.00047
;WIDTH:0.656884
G1 X5.256 Y-4.003 E2.01074
;WIDTH:0.621295
G1 X5.519 Y-3.986 E2.02042
G1 E.02042 F2400
G92 E0
G1 Z6.65 F4800
G1 X-4.455 Y-4.488
G1 Z6.35
G1 E2 F2400
;TYPE:Perimeter
;WIDTH:0.432749
G1 F900
G1 X-4.129 Y-4.51 E2.00816
;WIDTH:0.476828
G1 X-3.803 Y-4.532 E2.01722
;WIDTH:0.520907
G1 X-3.477 Y-4.554 E2.02718
;WIDTH:0.564986
G1 X-3.152 Y-4.576 E2.038
;WIDTH:0.609065
G1 X-2.826 Y-4.598 E2.04975
;WIDTH:0.653144
G1 X-2.5 Y-4.62 E2.0624
G1 X-2.174 Y-4.598 E2.07505
;WIDTH:0.609066
G1 X-1.849 Y-4.576 E2.08677
;WIDTH:0.564987
G1 X-1.523 Y-4.554 E2.09763
;WIDTH:0.520908
G1 X-1.197 Y-4.532 E2.10759
;WIDTH:0.47683
G1 X-.871 Y-4.51 E2.11665
;WIDTH:0.432751
G1 X-.546 Y-4.488 E2.12479
G1 E.12479 F2400
G92 E0
G1 Z6.65 F4800
G1 X3.394 Y-4.056
G1 Z6.35
G1 E2 F2400
;TYPE:External perimeter
;WIDTH:0.40958
G1 F900
G1 X2.686 Y-4.08 E2.01667
;WIDTH:0.457494
G1 X1.978 Y-4.104 E2.03546
;WIDTH:0.505408
G1 X1.27 Y-4.128 E2.05637
;WIDTH:0.553321
G1 X.561 Y-4.152 E2.07943
;WIDTH:0.601235
G1 X-.147 Y-4.176 E2.10457
G1 X-.246 Y-4.157 E2.10815
;WIDTH:0.563426
G1 X-.346 Y-4.138 E2.11152
;WIDTH:0.525617
G1 X-.446 Y-4.12 E2.11465
;WIDTH:0.487808
G1 X-.546 Y-4.101 E2.11754
;WIDTH:0.449999
G1 X-4.455 Y-4.101 E2.21939
;WIDTH:0.48781
G1 X-4.554 Y-4.119 E2.22225
;WIDTH:0.52562
G1 X-4.654 Y-4.138 E2.22538
;WIDTH:0.56343
G1 X-4.754 Y-4.157 E2.22875
;WIDTH:0.60124
G1 X-4.854 Y-4.176 E2.23236
G1 X-5.562 Y-4.152 E2.2575
;WIDTH:0.553326
G1 X-6.27 Y-4.128 E2.28052
;WIDTH:0.505411
G1 X-6.979 Y-4.104 E2.30146
;WIDTH:0.457497
G1 X-7.687 Y-4.08 E2.32025
;WIDTH:0.409583
G1 X-8.395 Y-4.056 E2.33692
;WIDTH:0.407582
G1 X-8.462 Y-4.079 E2.33858
;WIDTH:0.453495
G1 X-8.528 Y-4.102 E2.34042
;WIDTH:0.499408
G1 X-8.595 Y-4.125 E2.34248
;WIDTH:0.545322
G1 X-8.661 Y-4.148 E2.34472
;WIDTH:0.591235
G1 X-8.728 Y-4.171 E2.34719
;WIDTH:0.637148
G1 X-8.794 Y-4.194 E2.34983
G1 X-8.731 Y-4.226 E2.3525
;WIDTH:0.591235
G1 X-8.669 Y-4.257 E2.35492
;WIDTH:0.545322
G1 X-8.606 Y-4.289 E2.35718
;WIDTH:0.499408
G1 X-8.543 Y-4.321 E2.35924
;WIDTH:0.453495
G1 X-8.48 Y-4.353 E2.3611
;WIDTH:0.407582
G1 X-8.417 Y-4.384 E2.36274
;WIDTH:0.409583
G1 X-7.712 Y-4.456 E2.37942
;WIDTH:0.457497
G1 X-7.007 Y-4.528 E2.39822
;WIDTH:0.505411
G1 X-6.302 Y-4.599 E2.41913
;WIDTH:0.553326
G1 X-5.597 Y-4.671 E2.44216
;WIDTH:0.60124
G1 X-4.892 Y-4.743 E2.46731
G1 X-4.796 Y-4.775 E2.4709
;WIDTH:0.56343
G1 X-4.699 Y-4.807 E2.47428
;WIDTH:0.52562
G1 X-4.603 Y-4.839 E2.47739
;WIDTH:0.48781
G1 X-4.507 Y-4.871 E2.48027
;WIDTH:0.449999
G1 X-2.5 Y-5.144 E2.53305
G1 X-.494 Y-4.871 E2.5858
;WIDTH:0.487808
G1 X-.397 Y-4.839 E2.5887
;WIDTH:0.525617
G1 X-.301 Y-4.807 E2.59181
;WIDTH:0.563426
G1 X-.205 Y-4.775 E2.59516
;WIDTH:0.601235
G1 X-.108 Y-4.743 E2.59878
G1 X.597 Y-4.671 E2.62393
;WIDTH:0.553321
G1 X1.301 Y-4.599 E2.64693
;WIDTH:0.505408
G1 X2.006 Y-4.528 E2.66784
;WIDTH:0.457494
G1 X2.711 Y-4.456 E2.68664
;WIDTH:0.40958
G1 X3.416 Y-4.384 E2.70332
;WIDTH:0.407578
G1 X3.479 Y-4.353 E2.70496
;WIDTH:0.453489
G1 X3.542 Y-4.321 E2.70682
;WIDTH:0.4994
G1 X3.604 Y-4.289 E2.70885
;WIDTH:0.545312
G1 X3.667 Y-4.258 E2.7111
;WIDTH:0.591223
G1 X3.73 Y-4.226 E2.71356
;WIDTH:0.637134
G1 X3.793 Y-4.194 E2.71623
G1 X3.726 Y-4.171 E2.7189
;WIDTH:0.591223
G1 X3.66 Y-4.148 E2.72134
;WIDTH:0.545312
G1 X3.593 Y-4.125 E2.72361
;WIDTH:0.4994
G1 X3.527 Y-4.102 E2.72565
;WIDTH:0.453489
G1 X3.46 Y-4.079 E2.72751
;WIDTH:0.407578
G1 X3.45 Y-4.076 E2.72775
G1 X3.051 Y-4.071 F4800
G1 E.72775 F2400
G92 E0
G1 Z6.65 F4800
G1 X1.208 Y-1.423
G1 Z6.35
G1 E2 F2400
;TYPE:Perimeter
;WIDTH:0.40878
G1 F900
G1 X1.184 Y-1.383 E2.0011
G1 X1.114 Y-1.423 E2.00299
G1 X1.184 Y-1.464 E2.0049
G1 X.991 Y-.872 F4800
;TYPE:External perimeter
;WIDTH:0.449999
G1 F900
G1 X.722 Y-1.41 E2.02057
G1 X.433 Y-1.821 E2.03366
G1 X1.161 Y-1.821 E2.05263
;WIDTH:0.49953
G1 X1.557 Y-1.793 E2.0642
;WIDTH:0.549061
G1 X1.954 Y-1.765 E2.07703
;WIDTH:0.598592
G1 X2.351 Y-1.737 E2.09109
G1 X1.945 Y-1.465 E2.10835
;WIDTH:0.549061
G1 X1.65 Y-1.271 E2.11973
;WIDTH:0.49953
G1 X1.355 Y-1.077 E2.13002
;WIDTH:0.449999
G1 X1.043 Y-.902 E2.13934
G1 X.813 Y-1.229 F4800
G1 E.13934 F2400
G92 E0
G1 Z6.65 F4800
G1 X3.538 Y1.862
G1 Z6.35
G1 E2 F2400
;TYPE:Perimeter
;WIDTH:0.514282
G1 F900
G1 X3.812 Y1.923 E2.00844
;WIDTH:0.513292
G1 X7.333 Y1.923 E2.11408
G1 X7.334 Y2.073 E2.11858
;WIDTH:0.51329
G1 X7.183 Y2.404 E2.1295
G1 X3.812 Y2.404 E2.23064
;WIDTH:0.514282
G1 X3.482 Y2.431 E2.24059
G1 X3.532 Y1.922 E2.25597
G1 E.25597 F2400
G92 E0
G1 Z6.65 F4800
G1 X3.23 Y-1.266
G1 Z6.35
G1 E2 F2400
;WIDTH:0.723646
G1 F900
G1 X3.414 Y-1.29 E2.008
;WIDTH:0.676019
G1 X3.599 Y-1.314 E2.01549
;WIDTH:0.669845
G1 X3.917 Y-1.334 E2.02816
;WIDTH:0.711298
G1 X4.236 Y-1.355 E2.0417
G1 X4.016 Y-1.883 F4800
;TYPE:External perimeter
;WIDTH:0.541549
G1 F900
G1 X4.085 Y-1.929 E2.04433
;WIDTH:0.587323
G1 X4.165 Y-1.982 E2.04765
G1 X4.167 Y-2.03 E2.04931
;WIDTH:0.583149
G1 X4.167 Y-3.897 E2.11346
;WIDTH:0.621148
G1 X3.931 Y-4.184 E2.12711
G1 X4.488 Y-4.123 E2.14769
;WIDTH:0.62519
G1 X4.735 Y-4.072 E2.15702
;WIDTH:0.658748
G1 X4.981 Y-4.022 E2.16683
G1 X4.851 Y-3.899 E2.17382
;WIDTH:0.62519
G1 X4.722 Y-3.777 E2.18039
;WIDTH:0.591631
G1 X4.718 Y-3.709 E2.18277
;WIDTH:0.583149
G1 X4.718 Y-1.916 E2.24438
G1 X4.74 Y-1.729 E2.25085
;WIDTH:0.538766
G1 X4.762 Y-1.542 E2.2568
;WIDTH:0.494383
G1 X4.784 Y-1.355 E2.26223
;WIDTH:0.449999
G1 X4.784 Y-.807 E2.27651
G1 X3.563 Y-.803 E2.30832
;WIDTH:0.467409
G1 X3.395 Y-.673 E2.31409
;WIDTH:0.500414
G1 X3.369 Y-.555 E2.31762
G1 X3.492 Y.092 E2.33685
;WIDTH:0.495395
G1 X3.552 Y.624 E2.35232
;WIDTH:0.496472
G1 X3.58 Y1.275 E2.37119
G1 X3.705 Y1.444 E2.37728
;WIDTH:0.449999
G1 X3.812 Y1.473 E2.38017
G1 X7.779 Y1.473 E2.48353
G1 X7.784 Y2.217 E2.50292
G1 X7.489 Y2.853 E2.52119
G1 X3.617 Y2.853 E2.62208
G1 X3.436 Y3.034 E2.62875
G1 X2.907 Y3.036 E2.64253
G1 X3.042 Y2.334 E2.66116
G1 X3.091 Y1.794 E2.67529
;WIDTH:0.48862
G1 X3.112 Y.913 E2.70037
;WIDTH:0.495372
G1 X3.035 Y.165 E2.72209
G1 X2.847 Y-.682 E2.74715
;WIDTH:0.467409
G1 X2.577 Y-1.477 E2.76994
;WIDTH:0.499959
G1 X2.527 Y-1.538 E2.77224
;WIDTH:0.549919
G1 X2.477 Y-1.599 E2.77479
;WIDTH:0.599878
G1 X2.428 Y-1.66 E2.77756
;WIDTH:0.649838
G1 X2.378 Y-1.721 E2.7806
G1 X2.49 Y-1.746 E2.78502
;WIDTH:0.599878
G1 X2.602 Y-1.771 E2.78908
;WIDTH:0.549919
G1 X2.714 Y-1.796 E2.79279
;WIDTH:0.499959
G1 X2.825 Y-1.821 E2.79611
;WIDTH:0.449999
G1 X3.927 Y-1.824 E2.82482
;WIDTH:0.495774
G1 X3.966 Y-1.85 E2.82618
G1 X4.163 Y-2.198 F4800
G1 E.82618 F2400
G92 E0
G1 Z6.65 F4800
G1 X-6.112 Y-1.423
G1 Z6.35
G1 E2 F2400
;TYPE:Perimeter
;WIDTH:0.409534
G1 F900
G1 X-6.135 Y-1.382 E2.00111
G1 X-6.206 Y-1.423 E2.00304
G1 X-6.135 Y-1.464 E2.00497
G1 X-5.999 Y-.877 F4800
;TYPE:External perimeter
;WIDTH:0.449999
G1 F900
G1 X-6.354 Y-1.076 E2.01557
;WIDTH:0.489462
G1 X-6.692 Y-1.292 E2.02701
;WIDTH:0.528925
G1 X-7.03 Y-1.508 E2.03944
;WIDTH:0.568387
G1 X-7.368 Y-1.723 E2.05284
G1 X-7.217 Y-1.761 E2.05805
G1 X-6.864 Y-1.781 E2.06987
;WIDTH:0.528925
G1 X-6.511 Y-1.801 E2.08082
;WIDTH:0.489462
G1 X-6.159 Y-1.821 E2.09087
;WIDTH:0.449999
G1 X-5.433 Y-1.821 E2.10979
G1 X-5.505 Y-1.733 E2.11275
G1 X-5.969 Y-.929 E2.13694
G1 X-6.343 Y-1.071 F4800
G1 X-7.991 Y-1.439
;TYPE:Perimeter
;WIDTH:0.377919
G1 F900
G1 X-8.157 Y-.933 E2.14842
G1 X-8.313 Y-1.115 E2.15359
G1 X-8.599 Y-1.164 E2.15985
;WIDTH:0.33029
G1 X-8.891 Y-1.164 E2.16528
;WIDTH:0.371748
G1 X-9.405 Y-1.185 E2.17617
G1 X-9.405 Y-1.841 E2.19006
G1 X-9.158 Y-1.506 E2.19887
G1 X-8.599 Y-1.463 E2.21074
;WIDTH:0.377919
G1 X-8.051 Y-1.441 E2.22256
G1 E.22256 F2400
G92 E0
G1 Z6.65 F4800
G1 X-8.538 Y1.862
G1 Z6.35
G1 E2 F2400
;WIDTH:0.514283
G1 F900
G1 X-8.484 Y2.421 E2.01688
G1 X-8.812 Y2.404 E2.02675
;WIDTH:0.513291
G1 X-12.183 Y2.404 E2.12789
G1 X-12.317 Y2.143 E2.13669
G1 X-12.333 Y1.923 E2.14331
G1 X-8.812 Y1.923 E2.24895
;WIDTH:0.514283
G1 X-8.596 Y1.875 E2.2556
G1 E.2556 F2400
G92 E0
G1 Z6.65 F4800
G1 X-9.026 Y-1.874
G1 Z6.35
G1 E2 F2400
;TYPE:External perimeter
;WIDTH:0.494383
G1 F900
G1 X-8.986 Y-1.843 E2.00146
;WIDTH:0.449999
G1 X-8.891 Y-1.82 E2.00401
G1 X-7.825 Y-1.821 E2.03179
;WIDTH:0.490875
G1 X-7.747 Y-1.8 E2.0341
;WIDTH:0.53175
G1 X-7.668 Y-1.78 E2.03664
;WIDTH:0.572625
G1 X-7.589 Y-1.759 E2.0394
;WIDTH:0.613501
G1 X-7.511 Y-1.739 E2.04232
;WIDTH:0.654376
G1 X-7.432 Y-1.718 E2.04549
G1 X-7.461 Y-1.67 E2.04767
;WIDTH:0.613501
G1 X-7.49 Y-1.622 E2.0497
;WIDTH:0.572625
G1 X-7.519 Y-1.574 E2.05159
;WIDTH:0.53175
G1 X-7.548 Y-1.525 E2.05336
;WIDTH:0.490875
G1 X-7.577 Y-1.477 E2.05496
;WIDTH:0.449999
G1 X-7.703 Y-1.093 E2.06549
;WIDTH:0.475209
G1 X-7.806 Y-.779 E2.07462
;WIDTH:0.500418
G1 X-7.909 Y-.465 E2.08427
G1 X-8.035 Y.165 E2.10303
;WIDTH:0.495395
G1 X-8.09 Y.656 E2.1173
;WIDTH:0.49647
G1 X-8.116 Y1.284 E2.1355
G1 X-8.09 Y1.813 E2.15084
;WIDTH:0.449999
G1 X-8.04 Y2.348 E2.16484
G1 X-7.918 Y3.036 E2.18305
G1 X-8.436 Y3.034 E2.19655
G1 X-8.496 Y2.945 E2.19935
G1 X-8.669 Y2.854 E2.20444
G1 X-12.489 Y2.854 E2.30397
G1 X-12.524 Y2.725 E2.30745
G1 X-12.784 Y2.217 E2.32232
G1 X-12.779 Y1.474 E2.34168
G1 X-8.738 Y1.474 E2.44697
;WIDTH:0.49647
G1 X-8.58 Y1.275 E2.45433
G1 X-8.551 Y.608 E2.47366
;WIDTH:0.495395
G1 X-8.491 Y.084 E2.4889
;WIDTH:0.500418
G1 X-8.369 Y-.555 E2.5079
G1 X-8.384 Y-.649 E2.51068
;WIDTH:0.475049
G1 X-8.498 Y-.78 E2.51548
;WIDTH:0.449999
G1 X-8.599 Y-.806 E2.5182
G1 X-9.784 Y-.806 E2.54908
G1 X-9.784 Y-1.355 E2.56338
;WIDTH:0.494383
G1 X-9.762 Y-1.58 E2.5699
;WIDTH:0.538767
G1 X-9.74 Y-1.805 E2.57704
;WIDTH:0.58315
G1 X-9.718 Y-2.029 E2.58477
G1 X-9.718 Y-3.773 E2.64469
;WIDTH:0.620125
G1 X-9.855 Y-3.897 E2.65147
;WIDTH:0.6571
G1 X-9.993 Y-4.021 E2.6587
G1 X-9.741 Y-4.072 E2.66872
;WIDTH:0.624378
G1 X-9.488 Y-4.123 E2.67825
;WIDTH:0.625798
G1 X-8.981 Y-4.174 E2.69711
G1 X-9.171 Y-3.892 E2.7097
;WIDTH:0.591656
G1 X-9.167 Y-3.709 E2.71609
;WIDTH:0.58315
G1 X-9.167 Y-1.983 E2.77539
G1 X-9.106 Y-1.936 E2.77804
;WIDTH:0.538767
G1 X-9.074 Y-1.911 E2.77932
G1 X-8.682 Y-1.829 F4800
;LAYER_CHANGE
;Z:6.5
;HEIGHT:0.15
G1 E.77932 F2400
G92 E0
G1 Z6.5 F4800
G1 Z6.8
G1 X1.382 Y-4.424
G1 Z6.5
G1 E2 F2400
;WIDTH:0.637136
G1 F900
G1 X1.8 Y-4.396 E2.0158
;WIDTH:0.592979
G1 X2.218 Y-4.368 E2.03045
;WIDTH:0.548821
G1 X2.637 Y-4.339 E2.04398
;WIDTH:0.504663
G1 X3.055 Y-4.311 E2.05632
;WIDTH:0.460506
G1 X3.473 Y-4.283 E2.06751
;WIDTH:0.416348
G1 X3.891 Y-4.254 E2.07755
;WIDTH:0.37219
G1 X3.909 Y-4.253 E2.07793
G1 X3.51 Y-4.28 F4800
G1 X4.987 Y-4.088
G1 F900
G1 X5.556 Y-4.05 E2.09002
G1 E.09002 F2400
G92 E0
G1 Z6.8 F4800
G1 X-8.932 Y-4.248
G1 Z6.5
G1 E2 F2400
G1 F900
G1 X-8.891 Y-4.254 E2.00088
;WIDTH:0.41635
G1 X-8.473 Y-4.283 E2.01092
;WIDTH:0.46051
G1 X-8.055 Y-4.311 E2.02211
;WIDTH:0.50467
G1 X-7.637 Y-4.339 E2.03445
;WIDTH:0.54883
G1 X-7.219 Y-4.367 E2.04795
;WIDTH:0.59299
G1 X-6.801 Y-4.396 E2.0626
;WIDTH:0.63715
G1 X-6.383 Y-4.424 E2.07841
G1 X-6.782 Y-4.397 F4800
G1 E.07841 F2400
G92 E0
G1 Z6.8 F4800
G1 X-10.556 Y-4.05
G1 Z6.5
G1 E2 F2400
;WIDTH:0.37219
G1 F900
G1 X-9.993 Y-4.088 E2.01196
G1 E.01196 F2400
G92 E0
G1 Z6.8 F4800
G1 X-11.539 Y1.693
G1 Z6.5
G1 E2 F2400
;TYPE:Perimeter
;WIDTH:0.513291
G1 F900
G1 X-8.801 Y1.693 E2.08215
;WIDTH:0.513445
G1 X-8.548 Y1.599 E2.09025
G1 X-8.504 Y2.25 E2.10983
G1 X-8.628 Y2.182 E2.11407
G1 X-8.801 Y2.174 E2.11927
;WIDTH:0.513291
G1 X-12.333 Y2.174 E2.22524
G1 X-12.331 Y1.693 E2.23967
G1 X-11.599 Y1.693 E2.26163
G1 E.26163 F2400
G92 E0
G1 Z6.8 F4800
G1 X-9.405 Y-2.071
G1 Z6.5
G1 E2 F2400
;WIDTH:0.371748
G1 F900
G1 X-9.158 Y-1.736 E2.00881
G1 X-8.891 Y-1.692 E2.01454
;WIDTH:0.330291
G1 X-8.518 Y-1.692 E2.02147
;WIDTH:0.356761
G1 X-8.134 Y-1.679 E2.02925
;WIDTH:0.38323
G1 X-7.749 Y-1.666 E2.03768
G1 X-7.941 Y-1.499 E2.04325
G1 X-8.092 Y-1.042 E2.05379
G1 X-8.218 Y-1.339 E2.06085
G1 X-8.368 Y-1.367 E2.06419
;WIDTH:0.356761
G1 X-8.518 Y-1.394 E2.06727
;WIDTH:0.330291
G1 X-8.891 Y-1.394 E2.0742
;WIDTH:0.371748
G1 X-9.405 Y-1.415 E2.08509
G1 X-9.405 Y-2.011 E2.09771
G1 E.09771 F2400
G92 E0
G1 Z6.8 F4800
G1 X-6.842 Y-1.679
G1 Z6.5
G1 E2 F2400
;WIDTH:0.357746
G1 F900
G1 X-5.914 Y-1.679 E2.01884
G1 X-6.15 Y-1.29 E2.02808
G1 X-6.789 Y-1.649 E2.04296
G1 E.04296 F2400
G92 E0
G1 Z6.8 F4800
G1 X-9.026 Y-2.104
G1 Z6.5
G1 E2 F2400
;TYPE:External perimeter
;WIDTH:0.494383
G1 F900
G1 X-8.986 Y-2.073 E2.00146
;WIDTH:0.449999
G1 X-8.891 Y-2.05 E2.00401
G1 X-8.062 Y-2.05 E2.02561
;WIDTH:0.470677
G1 X-6.219 Y-2.05 E2.07601
;WIDTH:0.449999
G1 X-5.152 Y-2.05 E2.10381
G1 X-5.248 Y-1.955 E2.10733
G1 X-5.735 Y-1.289 E2.12883
G1 X-5.991 Y-.775 E2.14379
G1 X-6.481 Y-1.05 E2.15843
;WIDTH:0.470677
G1 X-7.27 Y-1.505 E2.18334
;WIDTH:0.508489
G1 X-7.419 Y-1.548 E2.18795
G1 X-7.508 Y-1.432 E2.19229
;WIDTH:0.479244
G1 X-7.597 Y-1.315 E2.19639
;WIDTH:0.498611
G1 X-7.844 Y-.645 E2.21716
;WIDTH:0.501953
G1 X-8.05 Y.364 E2.24733
;WIDTH:0.49012
G1 X-8.111 Y1.425 E2.27768
;WIDTH:0.462447
G1 X-8.083 Y2.019 E2.29364
;WIDTH:0.449999
G1 X-7.971 Y2.806 E2.31435
G1 X-8.498 Y2.804 E2.32808
G1 X-8.551 Y2.721 E2.33065
G1 X-8.728 Y2.624 E2.33591
G1 X-12.626 Y2.624 E2.43748
G1 X-12.784 Y2.315 E2.44652
G1 X-12.778 Y1.244 E2.47443
G1 X-8.801 Y1.244 E2.57805
;WIDTH:0.462447
G1 X-8.657 Y1.194 E2.58214
;WIDTH:0.497355
G1 X-8.57 Y1.056 E2.58687
G1 X-8.489 Y.173 E2.61259
;WIDTH:0.498611
G1 X-8.292 Y-.773 E2.6407
G1 X-8.413 Y-1.008 E2.64839
;WIDTH:0.449999
G1 X-8.518 Y-1.036 E2.65122
G1 X-9.784 Y-1.036 E2.68421
G1 X-9.784 Y-1.585 E2.69851
;WIDTH:0.494383
G1 X-9.762 Y-1.81 E2.70503
;WIDTH:0.538766
G1 X-9.74 Y-2.034 E2.71214
;WIDTH:0.583149
G1 X-9.718 Y-2.259 E2.71991
G1 X-9.718 Y-3.934 E2.77746
G1 X-9.773 Y-3.965 E2.77963
;WIDTH:0.540958
G1 X-9.828 Y-3.996 E2.78163
;WIDTH:0.498766
G1 X-9.883 Y-4.026 E2.78345
;WIDTH:0.456574
G1 X-9.938 Y-4.057 E2.78512
;WIDTH:0.414382
G1 X-9.993 Y-4.088 E2.78662
;WIDTH:0.421582
G1 X-9.91 Y-4.069 E2.78869
;WIDTH:0.470974
G1 X-9.826 Y-4.051 E2.79104
;WIDTH:0.520366
G1 X-9.743 Y-4.032 E2.79363
;WIDTH:0.569758
G1 X-9.66 Y-4.014 E2.79648
;WIDTH:0.58315
G1 X-9.479 Y-4.03 E2.80272
G1 X-9.303 Y-4.085 E2.80906
;WIDTH:0.538469
G1 X-9.126 Y-4.139 E2.8149
;WIDTH:0.493788
G1 X-9.061 Y-4.176 E2.81705
;WIDTH:0.453256
G1 X-8.997 Y-4.212 E2.81898
;WIDTH:0.412723
G1 X-8.932 Y-4.248 E2.82074
G1 X-8.99 Y-4.206 E2.82244
;WIDTH:0.453256
G1 X-9.048 Y-4.164 E2.82432
;WIDTH:0.493788
G1 X-9.106 Y-4.121 E2.8264
;WIDTH:0.538469
G1 X-9.136 Y-3.939 E2.83222
;WIDTH:0.58315
G1 X-9.167 Y-3.757 E2.83856
G1 X-9.167 Y-2.213 E2.89161
G1 X-9.106 Y-2.166 E2.89426
;WIDTH:0.538766
G1 X-9.073 Y-2.141 E2.89557
G1 X-8.681 Y-2.059 F4800
G1 E.89557 F2400
G92 E0
G1 Z6.8 F4800
G1 X1.382 Y-4.424
G1 Z6.5
G1 E2 F2400
;WIDTH:0.637136
G1 F900
G1 X1.315 Y-4.401 E2.00267
;WIDTH:0.591225
G1 X1.249 Y-4.378 E2.00511
;WIDTH:0.545314
G1 X1.182 Y-4.355 E2.00738
;WIDTH:0.499402
G1 X1.116 Y-4.332 E2.00942
;WIDTH:0.453491
G1 X1.049 Y-4.309 E2.01128
;WIDTH:0.40758
G1 X.983 Y-4.286 E2.01292
;WIDTH:0.408803
G1 X.286 Y-4.31 E2.0293
;WIDTH:0.455939
G1 X-.41 Y-4.333 E2.0477
;WIDTH:0.503074
G1 X-1.107 Y-4.357 E2.06818
;WIDTH:0.550209
G1 X-1.803 Y-4.381 E2.09068
;WIDTH:0.597344
G1 X-2.5 Y-4.404 E2.11526
G1 X-3.197 Y-4.381 E2.13984
;WIDTH:0.550209
G1 X-3.893 Y-4.357 E2.16234
;WIDTH:0.503074
G1 X-4.59 Y-4.333 E2.18282
;WIDTH:0.455939
G1 X-5.287 Y-4.31 E2.20125
;WIDTH:0.408803
G1 X-5.984 Y-4.286 E2.21763
;WIDTH:0.407582
G1 X-6.05 Y-4.309 E2.21927
;WIDTH:0.453496
G1 X-6.117 Y-4.332 E2.22113
;WIDTH:0.499409
G1 X-6.183 Y-4.355 E2.22317
;WIDTH:0.545323
G1 X-6.25 Y-4.378 E2.22544
;WIDTH:0.591237
G1 X-6.316 Y-4.401 E2.22788
;WIDTH:0.63715
G1 X-6.383 Y-4.424 E2.23055
G1 X-6.32 Y-4.456 E2.23322
;WIDTH:0.591237
G1 X-6.257 Y-4.487 E2.23567
;WIDTH:0.545323
G1 X-6.194 Y-4.519 E2.23793
;WIDTH:0.499409
G1 X-6.131 Y-4.551 E2.23999
;WIDTH:0.453496
G1 X-6.069 Y-4.583 E2.24182
;WIDTH:0.407582
G1 X-6.006 Y-4.614 E2.24346
;WIDTH:0.408803
G1 X-5.305 Y-4.686 E2.26001
;WIDTH:0.455939
G1 X-4.604 Y-4.757 E2.27863
;WIDTH:0.503074
G1 X-3.902 Y-4.828 E2.29935
;WIDTH:0.550209
G1 X-3.201 Y-4.899 E2.32211
;WIDTH:0.597344
G1 X-2.5 Y-4.971 E2.34695
G1 X-1.799 Y-4.899 E2.37179
;WIDTH:0.550209
G1 X-1.098 Y-4.828 E2.39455
;WIDTH:0.503074
G1 X-.397 Y-4.757 E2.41524
;WIDTH:0.455939
G1 X.304 Y-4.686 E2.43386
;WIDTH:0.408803
G1 X1.005 Y-4.614 E2.45041
;WIDTH:0.40758
G1 X1.068 Y-4.583 E2.45205
;WIDTH:0.453491
G1 X1.131 Y-4.551 E2.45391
;WIDTH:0.499402
G1 X1.194 Y-4.519 E2.45597
;WIDTH:0.545314
G1 X1.256 Y-4.488 E2.45819
;WIDTH:0.591225
G1 X1.319 Y-4.456 E2.46065
;WIDTH:0.637136
G1 X1.328 Y-4.451 E2.46104
G1 X.969 Y-4.276 F4800
G1 E.46104 F2400
G92 E0
G1 Z6.8 F4800
G1 X3.544 Y1.602
G1 Z6.5
G1 E2 F2400
;TYPE:Perimeter
;WIDTH:0.513688
G1 F900
G1 X3.801 Y1.693 E2.00819
;WIDTH:0.513292
G1 X7.331 Y1.693 E2.1141
G1 X7.334 Y2.174 E2.12853
;WIDTH:0.51329
G1 X3.801 Y2.174 E2.23453
;WIDTH:0.513688
G1 X3.5 Y2.279 E2.2441
G1 X3.54 Y1.662 E2.26267
G1 E.26267 F2400
G92 E0
G1 Z6.8 F4800
G1 X3.129 Y-1.491
G1 Z6.5
G1 E2 F2400
;WIDTH:0.734268
G1 F900
G1 X3.261 Y-1.514 E2.00587
;WIDTH:0.686753
G1 X3.394 Y-1.538 E2.01139
;WIDTH:0.639238
G1 X3.891 Y-1.544 E2.03021
;WIDTH:0.669845
G1 X4.063 Y-1.564 E2.0371
;WIDTH:0.7113
G1 X4.236 Y-1.585 E2.04448
G1 E.04448 F2400
G92 E0
G1 Z6.8 F4800
G1 X1.842 Y-1.679
G1 Z6.5
G1 E2 F2400
;WIDTH:0.357791
G1 F900
G1 X1.15 Y-1.29 E2.01612
G1 X.914 Y-1.679 E2.02536
G1 X1.782 Y-1.679 E2.04299
G1 E.04299 F2400
G92 E0
G1 Z6.8 F4800
G1 X4.015 Y-2.112
G1 Z6.5
G1 E2 F2400
;TYPE:External perimeter
;WIDTH:0.541549
G1 F900
G1 X4.085 Y-2.159 E2.00268
;WIDTH:0.587323
G1 X4.165 Y-2.211 E2.00598
G1 X4.167 Y-2.259 E2.00764
;WIDTH:0.583149
G1 X4.167 Y-3.757 E2.05911
G1 X4.14 Y-3.939 E2.06543
;WIDTH:0.54405
G1 X4.113 Y-4.122 E2.07133
;WIDTH:0.50495
G1 X4.045 Y-4.165 E2.0737
;WIDTH:0.460697
G1 X3.977 Y-4.209 E2.07586
;WIDTH:0.416444
G1 X3.909 Y-4.253 E2.0778
G1 X3.981 Y-4.212 E2.07979
;WIDTH:0.460697
G1 X4.053 Y-4.172 E2.08199
;WIDTH:0.50495
G1 X4.125 Y-4.132 E2.08442
;WIDTH:0.535926
G1 X4.393 Y-4.074 E2.09303
;WIDTH:0.566901
G1 X4.66 Y-4.015 E2.10215
G1 X4.742 Y-4.034 E2.10496
;WIDTH:0.518224
G1 X4.824 Y-4.052 E2.1075
;WIDTH:0.469546
G1 X4.905 Y-4.07 E2.10976
;WIDTH:0.420868
G1 X4.987 Y-4.088 E2.11179
G1 X4.922 Y-4.051 E2.1136
;WIDTH:0.469546
G1 X4.857 Y-4.013 E2.11565
;WIDTH:0.518224
G1 X4.792 Y-3.976 E2.11792
;WIDTH:0.566901
G1 X4.727 Y-3.939 E2.12041
;WIDTH:0.583149
G1 X4.718 Y-2.146 E2.18202
G1 X4.74 Y-1.959 E2.18849
;WIDTH:0.538766
G1 X4.762 Y-1.772 E2.19444
;WIDTH:0.494383
G1 X4.784 Y-1.585 E2.19987
;WIDTH:0.449999
G1 X4.784 Y-1.037 E2.21415
G1 X4.016 Y-1.037 E2.23416
G1 X3.413 Y-1.008 E2.24989
;WIDTH:0.499393
G1 X3.29 Y-.78 E2.25744
G1 X3.315 Y-.672 E2.26067
;WIDTH:0.500124
G1 X3.49 Y.199 E2.2866
G1 X3.572 Y1.056 E2.31172
;WIDTH:0.49249
G1 X3.645 Y1.183 E2.31592
;WIDTH:0.464528
G1 X3.801 Y1.243 E2.32043
;WIDTH:0.449999
G1 X7.778 Y1.243 E2.42405
G1 X7.784 Y2.315 E2.45198
G1 X7.626 Y2.623 E2.461
G1 X3.801 Y2.623 E2.56066
G1 X3.569 Y2.697 E2.567
G1 X3.498 Y2.804 E2.57035
G1 X2.979 Y2.806 E2.58387
G1 X3.036 Y2.481 E2.59247
G1 X3.072 Y1.924 E2.60701
;WIDTH:0.464528
G1 X3.112 Y1.409 E2.62094
;WIDTH:0.48654
G1 X3.099 Y.831 E2.63732
;WIDTH:0.487581
G1 X2.965 Y-.132 E2.66493
;WIDTH:0.499393
G1 X2.839 Y-.66 E2.68075
G1 X2.576 Y-1.379 E2.70306
;WIDTH:0.477489
G1 X2.477 Y-1.465 E2.7067
;WIDTH:0.504979
G1 X2.378 Y-1.55 E2.71055
G1 X2.267 Y-1.511 E2.71402
;WIDTH:0.484045
G1 X1.481 Y-1.05 E2.7397
;WIDTH:0.449999
G1 X.991 Y-.775 E2.75434
G1 X.716 Y-1.32 E2.77025
G1 X.152 Y-2.05 E2.79429
G1 X1.219 Y-2.051 E2.82209
;WIDTH:0.477489
G1 X1.799 Y-2.037 E2.8382
;WIDTH:0.504979
G1 X2.378 Y-2.023 E2.85528
G1 X2.886 Y-2.037 E2.87026
;WIDTH:0.477489
G1 X3.394 Y-2.051 E2.88437
;WIDTH:0.449999
G1 X3.927 Y-2.054 E2.89826
;WIDTH:0.495774
G1 X3.966 Y-2.079 E2.8996
G1 X4.163 Y-2.427 F4800
M106 S242.25
;LAYER_CHANGE
;Z:6.65
;HEIGHT:0.15
G1 E.8996 F2400
G92 E0
G1 Z6.65 F4800
G1 Z6.95
G1 X-11.596 Y1.463
G1 Z6.65
G1 E2 F2400
;TYPE:Perimeter
;WIDTH:0.513291
G1 F900
G1 X-8.682 Y1.463 E2.08743
G1 X-8.54 Y1.329 E2.09329
G1 X-8.552 Y1.56 E2.10023
G1 X-8.515 Y2.061 E2.1153
G1 X-8.773 Y1.944 E2.1238
G1 X-12.332 Y1.944 E2.23058
G1 X-12.329 Y1.463 E2.24501
G1 X-11.656 Y1.463 E2.2652
G1 E.2652 F2400
G92 E0
G1 Z6.95 F4800
G1 X-9.236 Y-1.815
G1 Z6.65
G1 E2 F2400
;WIDTH:0.711306
G1 F900
G1 X-8.83 Y-1.794 E2.01722
;WIDTH:0.669848
G1 X-8.424 Y-1.773 E2.03339
G1 X-7.489 Y-1.848 F4800
;WIDTH:0.47942
G1 F900
G1 X-7.667 Y-1.72 E2.0395
;WIDTH:0.438143
G1 X-7.845 Y-1.592 E2.04505
;WIDTH:0.396865
G1 X-7.943 Y-1.413 E2.04969
G1 X-8.089 Y-1.555 E2.05432
;WIDTH:0.44317
G1 X-8.156 Y-1.599 E2.05637
;WIDTH:0.489475
G1 X-8.223 Y-1.643 E2.05866
;WIDTH:0.53578
G1 X-8.29 Y-1.686 E2.06116
;WIDTH:0.582085
G1 X-8.357 Y-1.73 E2.06391
;WIDTH:0.62839
G1 X-8.424 Y-1.773 E2.06687
G1 X-8.337 Y-1.796 E2.07022
;WIDTH:0.582085
G1 X-8.249 Y-1.82 E2.07335
;WIDTH:0.53578
G1 X-8.162 Y-1.843 E2.07618
;WIDTH:0.489475
G1 X-8.075 Y-1.866 E2.07875
;WIDTH:0.44317
G1 X-7.987 Y-1.889 E2.08108
;WIDTH:0.438143
G1 X-7.738 Y-1.868 E2.08741
;WIDTH:0.47942
G1 X-7.548 Y-1.853 E2.09273
G1 X-7.489 Y-1.848 F4800
G1 F900
G1 X-7.378 Y-1.853 E2.09583
G1 X-5.832 Y-1.837 F4800
;WIDTH:0.500432
G1 F900
G1 X-6.175 Y-1.288 E2.11473
G1 X-7.06 Y-1.782 E2.14433
;WIDTH:0.495511
G1 X-7.378 Y-1.853 E2.15374
G1 X-7.045 Y-1.84 E2.16337
;WIDTH:0.500432
G1 X-5.892 Y-1.837 E2.19704
G1 E.19704 F2400
G92 E0
G1 Z6.95 F4800
G1 X-9.037 Y-2.342
G1 Z6.65
G1 E2 F2400
;TYPE:External perimeter
;WIDTH:0.494383
G1 F900
G1 X-8.986 Y-2.303 E2.00185
;WIDTH:0.449999
G1 X-8.891 Y-2.28 E2.0044
G1 X-4.799 Y-2.28 E2.11102
G1 X-4.966 Y-2.147 E2.11658
G1 X-5.482 Y-1.568 E2.13679
G1 X-5.999 Y-.682 E2.16352
G1 X-7.378 Y-1.425 E2.20433
G1 X-7.541 Y-1.347 E2.20904
;WIDTH:0.477312
G1 X-7.642 Y-1.105 E2.21632
;WIDTH:0.504624
G1 X-7.743 Y-.864 E2.22402
G1 X-7.932 Y-.142 E2.24601
;WIDTH:0.504072
G1 X-8.027 Y.365 E2.26119
;WIDTH:0.501233
G1 X-8.093 Y.924 E2.27765
G1 X-8.098 Y1.27 E2.28777
;WIDTH:0.475616
G1 X-8.103 Y1.615 E2.29731
;WIDTH:0.449999
G1 X-8.018 Y2.576 E2.32245
G1 X-8.547 Y2.574 E2.33623
G1 X-8.594 Y2.496 E2.3386
G1 X-8.773 Y2.394 E2.34397
G1 X-12.784 Y2.394 E2.44848
G1 X-12.776 Y1.014 E2.48444
G1 X-8.752 Y1.014 E2.58929
;WIDTH:0.498097
G1 X-8.552 Y.831 E2.59717
;WIDTH:0.500836
G1 X-8.488 Y.28 E2.61338
;WIDTH:0.504072
G1 X-8.392 Y-.246 E2.62911
;WIDTH:0.504624
G1 X-8.195 Y-.998 E2.65201
G1 X-8.225 Y-1.088 E2.65481
;WIDTH:0.477312
G1 X-8.254 Y-1.179 E2.65746
;WIDTH:0.449999
G1 X-8.424 Y-1.266 E2.66244
G1 X-9.784 Y-1.266 E2.69788
G1 X-9.784 Y-1.815 E2.71218
;WIDTH:0.494383
G1 X-9.762 Y-2.04 E2.7187
;WIDTH:0.538767
G1 X-9.74 Y-2.264 E2.72581
;WIDTH:0.58315
G1 X-9.718 Y-2.489 E2.73358
G1 X-9.718 Y-3.9 E2.78206
G1 X-9.167 Y-3.975 E2.80117
G1 X-9.167 Y-2.443 E2.85381
G1 X-9.106 Y-2.396 E2.85646
;WIDTH:0.538767
G1 X-9.084 Y-2.379 E2.85734
G1 X-8.694 Y-2.29 F4800
G1 E.85734 F2400
G92 E0
G1 Z6.95 F4800
G1 X-1.029 Y-4.654
G1 Z6.65
G1 E2 F2400
;WIDTH:0.637138
G1 F900
G1 X-.408 Y-4.612 E2.02348
;WIDTH:0.59298
G1 X.212 Y-4.57 E2.04521
;WIDTH:0.548822
G1 X.833 Y-4.528 E2.06526
;WIDTH:0.504664
G1 X1.454 Y-4.486 E2.0836
;WIDTH:0.460506
G1 X2.074 Y-4.444 E2.1002
;WIDTH:0.416348
G1 X2.695 Y-4.402 E2.11511
G1 X2.296 Y-4.429 F4800
G1 E.11511 F2400
G92 E0
G1 Z6.95 F4800
G1 X-7.696 Y-4.402
G1 Z6.65
G1 E2 F2400
;WIDTH:0.416351
G1 F900
G1 X-7.075 Y-4.444 E2.01491
;WIDTH:0.460512
G1 X-6.454 Y-4.486 E2.03154
;WIDTH:0.504672
G1 X-5.834 Y-4.528 E2.04985
;WIDTH:0.548833
G1 X-5.213 Y-4.57 E2.0699
;WIDTH:0.592994
G1 X-4.592 Y-4.612 E2.09167
;WIDTH:0.637154
G1 X-3.971 Y-4.654 E2.11515
G1 X-4.37 Y-4.627 F4800
G1 E.11515 F2400
G92 E0
G1 Z6.95 F4800
G1 X-1.029 Y-4.654
G1 Z6.65
G1 E2 F2400
;WIDTH:0.637138
G1 F900
G1 X-1.095 Y-4.631 E2.00264
;WIDTH:0.591227
G1 X-1.162 Y-4.608 E2.00511
;WIDTH:0.545315
G1 X-1.228 Y-4.585 E2.00735
;WIDTH:0.499404
G1 X-1.295 Y-4.562 E2.00941
;WIDTH:0.453492
G1 X-1.361 Y-4.539 E2.01125
;WIDTH:0.407581
G1 X-1.428 Y-4.516 E2.01291
;WIDTH:0.39794
G1 X-1.964 Y-4.534 E2.02514
;WIDTH:0.434211
G1 X-2.5 Y-4.552 E2.03859
G1 X-3.036 Y-4.534 E2.05204
;WIDTH:0.397941
G1 X-3.572 Y-4.516 E2.06427
;WIDTH:0.407584
G1 X-3.639 Y-4.539 E2.06593
;WIDTH:0.453498
G1 X-3.705 Y-4.562 E2.06777
;WIDTH:0.499412
G1 X-3.772 Y-4.585 E2.06983
;WIDTH:0.545326
G1 X-3.838 Y-4.608 E2.07207
;WIDTH:0.59124
G1 X-3.905 Y-4.631 E2.07454
;WIDTH:0.637154
G1 X-3.971 Y-4.654 E2.07718
G1 X-3.909 Y-4.686 E2.07981
;WIDTH:0.59124
G1 X-3.846 Y-4.717 E2.08226
;WIDTH:0.545326
G1 X-3.783 Y-4.749 E2.08452
;WIDTH:0.499412
G1 X-3.72 Y-4.781 E2.08658
;WIDTH:0.453498
G1 X-3.657 Y-4.812 E2.08842
;WIDTH:0.407584
G1 X-3.594 Y-4.844 E2.09007
;WIDTH:0.397941
G1 X-3.047 Y-4.9 E2.10261
;WIDTH:0.434211
G1 X-2.5 Y-4.955 E2.11639
G1 X-1.953 Y-4.9 E2.13017
;WIDTH:0.39794
G1 X-1.406 Y-4.844 E2.14271
;WIDTH:0.407581
G1 X-1.343 Y-4.812 E2.14436
;WIDTH:0.453492
G1 X-1.28 Y-4.781 E2.1462
;WIDTH:0.499404
G1 X-1.217 Y-4.749 E2.14826
;WIDTH:0.545315
G1 X-1.154 Y-4.717 E2.15052
;WIDTH:0.591227
G1 X-1.092 Y-4.686 E2.15294
;WIDTH:0.637138
G1 X-1.082 Y-4.681 E2.15336
G1 X-1.442 Y-4.506 F4800
G1 E.15336 F2400
G92 E0
G1 Z6.95 F4800
G1 X6.606 Y1.463
G1 Z6.65
G1 E2 F2400
;TYPE:Perimeter
;WIDTH:0.513291
G1 F900
G1 X7.329 Y1.463 E2.02169
G1 X7.332 Y1.944 E2.03612
G1 X3.784 Y1.944 E2.14257
G1 X3.536 Y2.006 E2.15024
G1 X3.54 Y1.343 E2.17013
G1 X3.78 Y1.463 E2.17818
G1 X6.546 Y1.463 E2.26117
G1 E.26117 F2400
G92 E0
G1 Z6.95 F4800
G1 X4.236 Y-1.815
G1 Z6.65
G1 E2 F2400
;WIDTH:0.7113
G1 F900
G1 X4.063 Y-1.794 E2.00738
;WIDTH:0.669845
G1 X3.891 Y-1.773 E2.01427
;WIDTH:0.628392
G1 X3.424 Y-1.773 E2.03163
G1 X2.378 Y-1.853 F4800
;WIDTH:0.469914
G1 F900
G1 X2.683 Y-1.871 E2.03997
;WIDTH:0.433395
G1 X2.987 Y-1.889 E2.04759
;WIDTH:0.443179
G1 X3.075 Y-1.866 E2.04992
;WIDTH:0.489483
G1 X3.162 Y-1.843 E2.05249
;WIDTH:0.535786
G1 X3.249 Y-1.82 E2.05532
;WIDTH:0.582089
G1 X3.337 Y-1.797 E2.05844
;WIDTH:0.628392
G1 X3.424 Y-1.773 E2.0618
G1 X3.366 Y-1.746 E2.06418
;WIDTH:0.583593
G1 X3.308 Y-1.719 E2.06638
;WIDTH:0.538794
G1 X3.186 Y-1.617 E2.0714
;WIDTH:0.491488
G1 X3.065 Y-1.515 E2.07593
;WIDTH:0.444182
G1 X2.943 Y-1.413 E2.08002
;WIDTH:0.396876
G1 X2.845 Y-1.592 E2.08466
;WIDTH:0.433395
G1 X2.612 Y-1.723 E2.09135
;WIDTH:0.469914
G1 X2.43 Y-1.823 E2.09702
G1 X.81 Y-1.839 F4800
;WIDTH:0.497207
G1 F900
G1 X2.267 Y-1.848 E2.13927
;WIDTH:0.489509
G1 X2.061 Y-1.78 E2.14546
;WIDTH:0.497207
G1 X1.18 Y-1.289 E2.17471
G1 X1.131 Y-1.387 E2.17789
G1 X.845 Y-1.79 E2.19222
G1 X2.267 Y-1.848 F4800
;WIDTH:0.479562
G1 F900
G1 X2.378 Y-1.853 E2.19532
G1 X4.028 Y-2.351 F4800
;TYPE:External perimeter
;WIDTH:0.541549
G1 F900
G1 X4.085 Y-2.389 E2.1975
;WIDTH:0.587323
G1 X4.165 Y-2.441 E2.2008
G1 X4.167 Y-2.489 E2.20246
;WIDTH:0.583149
G1 X4.167 Y-3.975 E2.25352
G1 X4.718 Y-3.9 E2.27263
G1 X4.718 Y-2.376 E2.32499
G1 X4.74 Y-2.189 E2.33146
;WIDTH:0.538766
G1 X4.762 Y-2.002 E2.33741
;WIDTH:0.494383
G1 X4.784 Y-1.815 E2.34284
;WIDTH:0.449999
G1 X4.784 Y-1.266 E2.35714
G1 X3.388 Y-1.263 E2.39351
G1 X3.254 Y-1.179 E2.39763
;WIDTH:0.477311
G1 X3.225 Y-1.088 E2.40028
;WIDTH:0.504623
G1 X3.195 Y-.998 E2.40308
G1 X3.4 Y-.228 E2.42656
;WIDTH:0.502072
G1 X3.585 Y.916 E2.46052
;WIDTH:0.48853
G1 X3.783 Y1.014 E2.46681
;WIDTH:0.449999
G1 X7.776 Y1.014 E2.57085
G1 X7.784 Y2.394 E2.60681
G1 X3.784 Y2.394 E2.71103
G1 X3.672 Y2.42 E2.71403
G1 X3.547 Y2.574 E2.7192
G1 X3.026 Y2.576 E2.73278
G1 X3.069 Y2.225 E2.74199
G1 X3.088 Y1.7 E2.75568
;WIDTH:0.498029
G1 X3.09 Y.887 E2.7793
G1 X2.946 Y-.134 E2.80925
;WIDTH:0.504623
G1 X2.743 Y-.864 E2.83157
G1 X2.642 Y-1.105 E2.83927
;WIDTH:0.477311
G1 X2.541 Y-1.347 E2.84655
;WIDTH:0.449999
G1 X2.378 Y-1.425 E2.85126
G1 X2.276 Y-1.398 E2.85401
G1 X.991 Y-.677 E2.8924
G1 X.716 Y-1.222 E2.90831
G1 X.222 Y-1.886 E2.92987
G1 X-.204 Y-2.28 E2.94499
G1 X3.927 Y-2.284 E3.05263
;WIDTH:0.495774
G1 X3.978 Y-2.318 E3.0544
G1 X4.164 Y-2.672 F4800
M106 S244.8
;LAYER_CHANGE
;Z:6.8
;HEIGHT:0.15
G1 E1.0544 F2400
G92 E0
G1 Z6.8 F4800
G1 Z7.1
G1 X-11.565 Y1.233
G1 Z6.8
G1 E2 F2400
;TYPE:Perimeter
;WIDTH:0.513385
G1 F900
G1 X-8.787 Y1.233 E2.08336
G1 X-8.516 Y1.052 E2.09314
G1 X-8.549 Y1.796 E2.11549
G1 X-8.658 Y1.731 E2.1193
G1 X-8.805 Y1.714 E2.12374
G1 X-12.33 Y1.714 E2.22952
G1 X-12.327 Y1.233 E2.24395
G1 X-11.625 Y1.233 E2.26502
G1 E.26502 F2400
G92 E0
G1 Z7.1 F4800
G1 X-8.321 Y-2.003
G1 Z6.8
G1 E2 F2400
;WIDTH:0.62839
G1 F900
G1 X-8.891 Y-2.003 E2.02119
;WIDTH:0.669848
G1 X-9.063 Y-2.024 E2.02808
;WIDTH:0.711306
G1 X-9.236 Y-2.045 E2.03546
G1 E.03546 F2400
G92 E0
G1 Z7.1 F4800
G1 X-6.261 Y-1.694
G1 Z6.8
G1 E2 F2400
;WIDTH:0.411658
G1 F900
G1 X-6.285 Y-1.653 E2.00112
G1 X-6.356 Y-1.694 E2.00306
G1 X-6.285 Y-1.735 E2.005
G1 E.005 F2400
G92 E0
G1 Z7.1 F4800
G1 X-8.321 Y-2.003
G1 Z6.8
G1 E2 F2400
;WIDTH:0.62839
G1 F900
G1 X-8.161 Y-2.024 E2.006
;WIDTH:0.586898
G1 X-8 Y-2.045 E2.01162
;WIDTH:0.545406
G1 X-7.839 Y-2.065 E2.01681
;WIDTH:0.503914
G1 X-7.678 Y-2.086 E2.02159
;WIDTH:0.462421
G1 X-7.517 Y-2.107 E2.02595
;WIDTH:0.449999
G1 X-5.487 Y-2.092 E2.07884
G1 X-5.858 Y-1.663 E2.09362
G1 X-6.172 Y-1.16 E2.10907
G1 X-7.071 Y-1.665 E2.13594
G1 X-7.378 Y-1.727 E2.1441
;WIDTH:0.453195
G1 X-7.64 Y-1.689 E2.15105
G1 X-7.779 Y-1.599 E2.1554
G1 X-7.877 Y-1.731 E2.15972
;WIDTH:0.496994
G1 X-7.988 Y-1.799 E2.16349
;WIDTH:0.540793
G1 X-8.099 Y-1.867 E2.16762
;WIDTH:0.584592
G1 X-8.21 Y-1.935 E2.1721
;WIDTH:0.62839
G1 X-8.27 Y-1.972 E2.17472
G1 X-9.037 Y-2.572 F4800
;TYPE:External perimeter
;WIDTH:0.495775
G1 F900
G1 X-8.986 Y-2.533 E2.17658
;WIDTH:0.449999
G1 X-8.891 Y-2.51 E2.17913
G1 X-4.364 Y-2.51 E2.29708
G1 X-4.966 Y-2.05 E2.31682
G1 X-5.482 Y-1.47 E2.33705
G1 X-5.994 Y-.581 E2.36378
G1 X-7.276 Y-1.3 E2.40208
G1 X-7.465 Y-1.308 E2.40701
;WIDTH:0.483156
G1 X-7.536 Y-1.251 E2.40957
;WIDTH:0.516313
G1 X-7.608 Y-1.194 E2.41234
G1 X-7.643 Y-1.073 E2.41614
;WIDTH:0.506783
G1 X-7.823 Y-.518 E2.43341
;WIDTH:0.502173
G1 X-7.935 Y-.047 E2.4476
G1 X-8.065 Y.703 E2.46991
;WIDTH:0.496799
G1 X-8.105 Y1.632 E2.49685
;WIDTH:0.449999
G1 X-8.069 Y2.346 E2.51548
G1 X-8.582 Y2.344 E2.52885
G1 X-8.647 Y2.236 E2.53213
G1 X-8.805 Y2.164 E2.53665
G1 X-12.782 Y2.164 E2.64027
G1 X-12.774 Y.784 E2.67623
G1 X-8.787 Y.784 E2.78011
;WIDTH:0.496799
G1 X-8.522 Y.631 E2.78898
G1 X-8.498 Y.465 E2.79384
;WIDTH:0.502173
G1 X-8.393 Y-.149 E2.8121
G1 X-8.27 Y-.661 E2.82753
;WIDTH:0.516313
G1 X-8.079 Y-1.278 E2.84703
G1 X-8.105 Y-1.334 E2.84889
;WIDTH:0.490603
G1 X-8.131 Y-1.389 E2.85063
;WIDTH:0.464893
G1 X-8.321 Y-1.496 E2.85651
;WIDTH:0.449999
G1 X-9.784 Y-1.496 E2.89463
G1 X-9.784 Y-2.045 E2.90893
;WIDTH:0.494383
G1 X-9.762 Y-2.269 E2.91542
;WIDTH:0.538767
G1 X-9.74 Y-2.494 E2.92256
;WIDTH:0.58315
G1 X-9.718 Y-2.719 E2.93033
G1 X-9.718 Y-3.802 E2.96754
G1 X-9.167 Y-3.877 E2.98665
G1 X-9.167 Y-3.562 E2.99747
;WIDTH:0.587325
G1 X-9.164 Y-2.671 E3.02832
G1 X-9.105 Y-2.625 E3.03091
;WIDTH:0.54155
G1 X-9.084 Y-2.609 E3.03175
G1 X-8.694 Y-2.52 F4800
G1 E1.03175 F2400
G92 E0
G1 Z7.1 F4800
G1 X-5.285 Y-4.632
G1 Z6.8
G1 E2 F2400
;WIDTH:0.418117
G1 F900
G1 X-4.356 Y-4.695 E2.02241
;WIDTH:0.464044
G1 X-3.428 Y-4.757 E2.04746
;WIDTH:0.50997
G1 X-2.5 Y-4.82 E2.07517
G1 X-1.572 Y-4.757 E2.10288
;WIDTH:0.464044
G1 X-.644 Y-4.695 E2.12793
;WIDTH:0.418117
G1 X.284 Y-4.632 E2.15032
G1 X-.116 Y-4.634 F4800
G1 E.15032 F2400
G92 E0
G1 Z7.1 F4800
G1 X6.65 Y1.233
G1 Z6.8
G1 E2 F2400
;TYPE:Perimeter
;WIDTH:0.51329
G1 F900
G1 X7.327 Y1.233 E2.02031
G1 X7.33 Y1.714 E2.03474
G1 X3.721 Y1.714 E2.14302
G1 X3.545 Y1.794 E2.14882
G1 X3.538 Y1.174 E2.16742
G1 X3.807 Y1.233 E2.17568
G1 X6.59 Y1.233 E2.25918
G1 E.25918 F2400
G92 E0
G1 Z7.1 F4800
G1 X4.236 Y-2.045
G1 Z6.8
G1 E2 F2400
;WIDTH:0.7113
G1 F900
G1 X4.063 Y-2.024 E2.00738
;WIDTH:0.669845
G1 X3.891 Y-2.003 E2.01427
;WIDTH:0.628392
G1 X3.321 Y-2.003 E2.03546
;WIDTH:0.639238
G1 X3.197 Y-1.998 E2.04016
G1 X1.357 Y-1.694 F4800
;WIDTH:0.411002
G1 F900
G1 X1.334 Y-1.653 E2.04127
G1 X1.263 Y-1.694 E2.04321
G1 X1.334 Y-1.735 E2.04515
G1 X3.197 Y-1.998 F4800
;WIDTH:0.639238
G1 F900
G1 X3.117 Y-1.931 E2.0491
;WIDTH:0.592737
G1 X3.037 Y-1.865 E2.05273
;WIDTH:0.546235
G1 X2.957 Y-1.798 E2.05608
;WIDTH:0.499734
G1 X2.877 Y-1.732 E2.0591
;WIDTH:0.453232
G1 X2.779 Y-1.599 E2.06344
G1 X2.64 Y-1.689 E2.06779
G1 X2.378 Y-1.727 E2.07474
;WIDTH:0.441556
G1 X2.073 Y-1.661 E2.08271
;WIDTH:0.449999
G1 X1.169 Y-1.158 E2.10967
G1 X.99 Y-1.458 E2.11877
G1 X.508 Y-2.092 E2.13952
G1 X1.959 Y-2.097 E2.17733
;WIDTH:0.453232
G1 X2.728 Y-2.091 E2.19752
;WIDTH:0.499734
G1 X2.845 Y-2.068 E2.201
;WIDTH:0.546235
G1 X2.962 Y-2.044 E2.20483
;WIDTH:0.592737
G1 X3.08 Y-2.021 E2.20903
;WIDTH:0.639238
G1 X3.138 Y-2.01 E2.21126
G1 X4.028 Y-2.581 F4800
;TYPE:External perimeter
;WIDTH:0.541549
G1 F900
G1 X4.085 Y-2.619 E2.21344
;WIDTH:0.587323
G1 X4.165 Y-2.671 E2.21674
G1 X4.167 Y-2.719 E2.2184
;WIDTH:0.583149
G1 X4.167 Y-3.877 E2.25819
G1 X4.718 Y-3.802 E2.2773
G1 X4.718 Y-3.562 E2.28555
;WIDTH:0.587323
G1 X4.715 Y-2.623 E2.31806
G1 X4.738 Y-2.43 E2.32479
;WIDTH:0.541549
G1 X4.761 Y-2.238 E2.33093
;WIDTH:0.495774
G1 X4.784 Y-2.045 E2.33655
;WIDTH:0.449999
G1 X4.784 Y-1.496 E2.35085
G1 X3.321 Y-1.496 E2.38897
G1 X3.174 Y-1.435 E2.39312
;WIDTH:0.483146
G1 X3.127 Y-1.357 E2.39568
;WIDTH:0.516292
G1 X3.08 Y-1.279 E2.39843
G1 X3.095 Y-1.217 E2.40036
;WIDTH:0.506784
G1 X3.315 Y-.489 E2.42287
;WIDTH:0.495711
G1 X3.425 Y.012 E2.4377
;WIDTH:0.498586
G1 X3.517 Y.611 E2.45533
G1 X3.618 Y.746 E2.46023
;WIDTH:0.461103
G1 X3.747 Y.784 E2.46383
;WIDTH:0.449999
G1 X7.774 Y.784 E2.56876
G1 X7.782 Y2.164 E2.60472
G1 X3.807 Y2.164 E2.70829
G1 X3.65 Y2.235 E2.71278
G1 X3.584 Y2.344 E2.7161
G1 X3.061 Y2.346 E2.72973
G1 X3.099 Y1.457 E2.75291
;WIDTH:0.498586
G1 X3.056 Y.68 E2.77554
G1 X2.968 Y.068 E2.79352
;WIDTH:0.501446
G1 X2.823 Y-.518 E2.81119
;WIDTH:0.516292
G1 X2.608 Y-1.194 E2.83261
G1 X2.565 Y-1.237 E2.83445
;WIDTH:0.490585
G1 X2.521 Y-1.28 E2.83621
;WIDTH:0.464877
G1 X2.378 Y-1.327 E2.84027
;WIDTH:0.449999
G1 X2.276 Y-1.3 E2.84302
G1 X.991 Y-.579 E2.88141
G1 X.653 Y-1.21 E2.90006
G1 X.222 Y-1.789 E2.91887
G1 X-.338 Y-2.307 E2.93875
G1 X-.664 Y-2.51 E2.94876
G1 X3.927 Y-2.513 E3.06838
;WIDTH:0.495774
G1 X3.978 Y-2.548 E3.07017
G1 X4.164 Y-2.902 F4800
M106 S242.25
;LAYER_CHANGE
;Z:6.95
;HEIGHT:0.15
G1 E1.07017 F2400
G92 E0
G1 Z6.95 F4800
G1 Z7.25
G1 X-3.23 Y-2.812
G1 Z6.95
G1 E2 F2400
;WIDTH:0.37219
G1 F900
G1 X-3.097 Y-2.82 E2.00283
;TYPE:Overhang perimeter
;WIDTH:0.4
;HEIGHT:0.4
M106 S255
G1 X-2.511 Y-2.853 E2.03349
G1 X-1.903 Y-2.82 E2.0653
M106 S242.25
;TYPE:External perimeter
;WIDTH:0.37219
;HEIGHT:0.15
G1 X-1.778 Y-2.813 E2.06795
G1 X-2.178 Y-2.821 F4800
G1 E.06795 F2400
G92 E0
G1 Z7.25 F4800
G1 X-11.407 Y1.003
G1 Z6.95
G1 E2 F2400
;TYPE:Perimeter
;WIDTH:0.513292
G1 F900
G1 X-8.702 Y1.003 E2.08116
;WIDTH:0.513906
G1 X-8.511 Y.925 E2.08736
G1 X-8.55 Y1.576 E2.10695
G1 X-8.826 Y1.485 E2.11568
;WIDTH:0.513292
G1 X-12.328 Y1.485 E2.22075
G1 X-12.325 Y1.003 E2.23521
G1 X-11.467 Y1.003 E2.26095
G1 E.26095 F2400
G92 E0
G1 Z7.25 F4800
G1 X-8.193 Y-2.233
G1 Z6.95
G1 E2 F2400
;WIDTH:0.62839
G1 F900
G1 X-8.891 Y-2.233 E2.02595
;WIDTH:0.669848
G1 X-9.063 Y-2.254 E2.03284
;WIDTH:0.711306
G1 X-9.236 Y-2.275 E2.04022
G1 E.04022 F2400
G92 E0
G1 Z7.25 F4800
G1 X-6.03 Y-1.948
G1 Z6.95
G1 E2 F2400
;WIDTH:0.362195
G1 F900
G1 X-6.298 Y-1.561 E2.00969
G1 X-6.888 Y-1.893 E2.02362
G1 X-7.088 Y-1.948 E2.02789
G1 X-6.09 Y-1.948 E2.04843
G1 X-5.164 Y-2.322 F4800
;WIDTH:0.449999
G1 F900
G1 X-5.386 Y-2.119 E2.05627
G1 X-5.862 Y-1.559 E2.07542
G1 X-6.166 Y-1.059 E2.09067
G1 X-7.071 Y-1.567 E2.11771
G1 X-7.359 Y-1.647 E2.1255
G1 X-7.586 Y-1.596 E2.13156
G1 X-7.644 Y-1.821 E2.13761
;WIDTH:0.494597
G1 X-7.782 Y-1.924 E2.14258
;WIDTH:0.539195
G1 X-7.919 Y-2.027 E2.148
;WIDTH:0.583793
G1 X-8.056 Y-2.13 E2.1539
;WIDTH:0.62839
G1 X-8.193 Y-2.233 E2.16027
G1 X-7.982 Y-2.255 E2.16816
;WIDTH:0.583793
G1 X-7.771 Y-2.278 E2.17546
;WIDTH:0.539195
G1 X-7.56 Y-2.3 E2.18217
;WIDTH:0.494597
G1 X-7.349 Y-2.322 E2.18829
;WIDTH:0.449999
G1 X-5.224 Y-2.322 E2.24366
G1 E.24366 F2400
G92 E0
G1 Z7.25 F4800
G1 X-9.017 Y-2.787
G1 Z6.95
G1 E2 F2400
;TYPE:External perimeter
;WIDTH:0.495774
G1 F900
G1 X-8.986 Y-2.763 E2.00113
;WIDTH:0.449999
G1 X-8.891 Y-2.74 E2.00368
G1 X-3.662 Y-2.74 E2.13993
G1 X-3.996 Y-2.619 E2.14919
G1 X-4.658 Y-2.212 E2.16944
G1 X-5.071 Y-1.844 E2.18385
G1 X-5.539 Y-1.286 E2.20283
G1 X-5.999 Y-.486 E2.22687
G1 X-6.824 Y-.949 E2.25152
G1 X-7.372 Y-1.229 E2.26755
;WIDTH:0.478839
G1 X-7.544 Y-1.169 E2.27262
;WIDTH:0.506132
G1 X-7.666 Y-.903 E2.28127
G1 X-7.863 Y-.279 E2.30061
;WIDTH:0.493261
G1 X-8.049 Y.674 E2.32853
;WIDTH:0.483018
G1 X-8.088 Y1.27 E2.34532
;WIDTH:0.449999
G1 X-8.088 Y2.116 E2.36736
G1 X-8.588 Y2.115 E2.38039
G1 X-8.669 Y2.005 E2.38395
G1 X-8.826 Y1.934 E2.38844
G1 X-12.78 Y1.934 E2.49146
G1 X-12.772 Y.554 E2.52742
G1 X-8.779 Y.554 E2.63146
;WIDTH:0.483018
G1 X-8.525 Y.483 E2.63887
;WIDTH:0.497117
G1 X-8.475 Y.393 E2.64186
;WIDTH:0.501363
G1 X-8.269 Y-.566 E2.67056
G1 X-7.984 Y-1.438 E2.6974
;WIDTH:0.478839
G1 X-8.01 Y-1.618 E2.70247
;WIDTH:0.449999
G1 X-8.193 Y-1.726 E2.70801
G1 X-9.784 Y-1.726 E2.74946
G1 X-9.784 Y-2.275 E2.76376
;WIDTH:0.494383
G1 X-9.762 Y-2.499 E2.77025
;WIDTH:0.538766
G1 X-9.74 Y-2.724 E2.77739
;WIDTH:0.583149
G1 X-9.718 Y-2.949 E2.78516
G1 X-9.718 Y-3.704 E2.8111
G1 X-9.167 Y-3.779 E2.83021
G1 X-9.167 Y-3.464 E2.84103
;WIDTH:0.587324
G1 X-9.164 Y-2.901 E2.86052
G1 X-9.105 Y-2.855 E2.86311
;WIDTH:0.541549
G1 X-9.064 Y-2.823 E2.86476
G1 X-8.671 Y-2.748 F4800
G1 E.86476 F2400
G92 E0
G1 Z7.25 F4800
G1 X6.52 Y1.003
G1 Z6.95
G1 E2 F2400
;TYPE:Perimeter
;WIDTH:0.51329
G1 F900
G1 X7.325 Y1.003 E2.02415
G1 X7.328 Y1.484 E2.03858
G1 X3.826 Y1.484 E2.14365
;WIDTH:0.513905
G1 X3.55 Y1.576 E2.15239
G1 X3.511 Y.925 E2.17198
G1 X3.654 Y1.002 E2.17686
G1 X3.826 Y1.003 E2.18203
;WIDTH:0.51329
G1 X6.46 Y1.003 E2.26106
G1 E.26106 F2400
G92 E0
G1 Z7.25 F4800
G1 X3.068 Y-2.228
G1 Z6.95
G1 E2 F2400
;WIDTH:0.639238
G1 F900
G1 X3.193 Y-2.233 E2.00474
;WIDTH:0.628392
G1 X3.891 Y-2.233 E2.03069
;WIDTH:0.669845
G1 X4.063 Y-2.254 E2.03758
;WIDTH:0.7113
G1 X4.236 Y-2.275 E2.04496
G1 E.04496 F2400
G92 E0
G1 Z7.25 F4800
G1 X1.022 Y-1.948
G1 Z6.95
G1 E2 F2400
;WIDTH:0.363844
G1 F900
G1 X1.35 Y-1.948 E2.00678
;WIDTH:0.367637
G1 X2.015 Y-1.943 E2.02069
G1 X1.886 Y-1.897 E2.02356
G1 X1.304 Y-1.566 E2.03757
;WIDTH:0.363844
G1 X1.057 Y-1.899 E2.04615
G1 X.155 Y-2.322 F4800
;WIDTH:0.449999
G1 F900
G1 X1.35 Y-2.322 E2.07729
;WIDTH:0.493012
G1 X1.683 Y-2.301 E2.08688
;WIDTH:0.536025
G1 X2.016 Y-2.279 E2.09737
;WIDTH:0.579038
G1 X2.349 Y-2.258 E2.10875
;WIDTH:0.609138
G1 X2.708 Y-2.243 E2.12168
;WIDTH:0.639238
G1 X3.068 Y-2.228 E2.13532
G1 X2.828 Y-2.04 E2.14686
;WIDTH:0.609138
G1 X2.588 Y-1.852 E2.15783
;WIDTH:0.579038
G1 X2.526 Y-1.693 E2.16365
;WIDTH:0.586127
G1 X2.258 Y-1.705 E2.17292
G1 X2.195 Y-1.659 E2.17561
;WIDTH:0.541526
G1 X2.133 Y-1.613 E2.17806
;WIDTH:0.496924
G1 X2.07 Y-1.568 E2.1803
;WIDTH:0.452322
G1 X1.615 Y-1.31 E2.194
;WIDTH:0.449999
G1 X1.169 Y-1.061 E2.20731
G1 X1.052 Y-1.275 E2.21366
G1 X.584 Y-1.91 E2.23421
G1 X.198 Y-2.281 E2.24816
G1 E.24816 F2400
G92 E0
G1 Z7.25 F4800
G1 X4.014 Y-2.801
G1 Z6.95
G1 E2 F2400
;TYPE:External perimeter
;WIDTH:0.541549
G1 F900
G1 X4.085 Y-2.849 E2.00272
;WIDTH:0.587323
G1 X4.165 Y-2.901 E2.00602
G1 X4.167 Y-2.949 E2.00768
;WIDTH:0.583149
G1 X4.167 Y-3.779 E2.0362
G1 X4.718 Y-3.704 E2.05531
G1 X4.718 Y-3.464 E2.06356
;WIDTH:0.587323
G1 X4.715 Y-2.853 E2.08471
G1 X4.738 Y-2.66 E2.09144
;WIDTH:0.541549
G1 X4.761 Y-2.468 E2.09758
;WIDTH:0.495774
G1 X4.784 Y-2.275 E2.1032
;WIDTH:0.449999
G1 X4.784 Y-1.726 E2.1175
G1 X3.157 Y-1.723 E2.15989
G1 X2.989 Y-1.565 E2.1659
;WIDTH:0.497918
G1 X3.041 Y-1.241 E2.17543
;WIDTH:0.501034
G1 X3.276 Y-.539 E2.19707
;WIDTH:0.502398
G1 X3.51 Y.467 E2.22736
;WIDTH:0.489073
G1 X3.701 Y.554 E2.23334
;WIDTH:0.449999
G1 X7.772 Y.554 E2.33941
G1 X7.78 Y1.934 E2.37537
G1 X3.826 Y1.934 E2.47839
G1 X3.696 Y1.979 E2.48197
G1 X3.617 Y2.114 E2.48605
G1 X3.088 Y2.116 E2.49983
G1 X3.104 Y1.705 E2.51055
G1 X3.084 Y1.173 E2.52442
;WIDTH:0.497178
G1 X3.017 Y.472 E2.54484
;WIDTH:0.501034
G1 X2.826 Y-.411 E2.57125
G1 X2.599 Y-1.093 E2.59227
;WIDTH:0.497918
G1 X2.536 Y-1.173 E2.59523
;WIDTH:0.472754
G1 X2.428 Y-1.223 E2.5985
;WIDTH:0.449999
G1 X2.276 Y-1.202 E2.6025
G1 X.991 Y-.481 E2.64089
G1 X.735 Y-.995 E2.65585
G1 X.222 Y-1.691 E2.67838
G1 X-.372 Y-2.235 E2.69937
G1 X-1.004 Y-2.619 E2.71864
G1 X-1.338 Y-2.74 E2.7279
G1 X3.927 Y-2.743 E2.86508
;WIDTH:0.495774
G1 X3.964 Y-2.768 E2.86637
G1 X4.163 Y-3.114 F4800
;LAYER_CHANGE
;Z:7.1
;HEIGHT:0.15
G1 E.86637 F2400
G92 E0
G1 Z7.1 F4800
G1 Z7.4
G1 X-3.259 Y-2.877
G1 Z7.1
G1 E2 F2400
;WIDTH:0.636284
G1 F900
G1 X-2.894 Y-2.898 E2.01377
;WIDTH:0.594961
G1 X-2.529 Y-2.918 E2.0266
;WIDTH:0.593649
G1 X-2.145 Y-2.898 E2.04006
;WIDTH:0.63366
G1 X-1.76 Y-2.878 E2.05452
G1 X-2.16 Y-2.886 F4800
G1 E.05452 F2400
G92 E0
G1 Z7.4 F4800
G1 X-11.468 Y.774
G1 Z7.1
G1 E2 F2400
;TYPE:Perimeter
;WIDTH:0.513292
G1 F900
G1 X-8.644 Y.774 E2.08473
;WIDTH:0.515329
G1 X-8.461 Y.675 E2.091
G1 X-8.537 Y1.33 E2.11087
G1 X-8.834 Y1.255 E2.1201
;WIDTH:0.513292
G1 X-12.326 Y1.255 E2.22487
G1 X-12.323 Y.774 E2.2393
G1 X-11.528 Y.774 E2.26315
G1 E.26315 F2400
G92 E0
G1 Z7.4 F4800
G1 X-8.053 Y-2.463
G1 Z7.1
G1 E2 F2400
;WIDTH:0.628392
G1 F900
G1 X-8.891 Y-2.463 E2.03116
;WIDTH:0.669849
G1 X-9.063 Y-2.484 E2.03805
;WIDTH:0.711308
G1 X-9.236 Y-2.504 E2.04543
G1 E.04543 F2400
G92 E0
G1 Z7.4 F4800
G1 X-5.916 Y-2.106
G1 Z7.1
G1 E2 F2400
;WIDTH:0.506042
G1 F900
G1 X-6.323 Y-1.56 E2.02012
G1 X-6.999 Y-1.921 E2.04277
G1 X-7.006 Y-1.978 E2.04447
G1 X-7.166 Y-2.106 E2.05052
G1 X-5.976 Y-2.106 E2.08569
G1 X-4.749 Y-2.552 F4800
;WIDTH:0.449999
G1 F900
G1 X-4.945 Y-2.418 E2.09188
G1 X-5.506 Y-1.899 E2.11179
G1 X-5.84 Y-1.464 E2.12608
G1 X-6.169 Y-.963 E2.1417
G1 X-7.125 Y-1.496 E2.17022
G1 X-7.467 Y-1.538 E2.1792
G1 X-7.441 Y-1.882 E2.18819
;WIDTH:0.494598
G1 X-7.594 Y-2.027 E2.19427
;WIDTH:0.539196
G1 X-7.747 Y-2.172 E2.20093
;WIDTH:0.583794
G1 X-7.9 Y-2.318 E2.2082
;WIDTH:0.628392
G1 X-8.053 Y-2.463 E2.21604
G1 X-7.765 Y-2.485 E2.22678
;WIDTH:0.583794
G1 X-7.478 Y-2.508 E2.23668
;WIDTH:0.539196
G1 X-7.19 Y-2.53 E2.24581
;WIDTH:0.494598
G1 X-6.902 Y-2.552 E2.25414
;WIDTH:0.449999
G1 X-4.809 Y-2.552 E2.30867
G1 E.30867 F2400
G92 E0
G1 Z7.4 F4800
G1 X-9.021 Y-3.02
G1 Z7.1
G1 E2 F2400
;TYPE:External perimeter
;WIDTH:0.495775
G1 F900
G1 X-8.986 Y-2.993 E2.00128
;WIDTH:0.449999
G1 X-8.891 Y-2.97 E2.00383
G1 X-4.029 Y-2.97 E2.13051
;WIDTH:0.49657
G1 X-3.836 Y-2.947 E2.13614
;WIDTH:0.543142
G1 X-3.644 Y-2.923 E2.14231
;WIDTH:0.589713
G1 X-3.451 Y-2.9 E2.14907
;WIDTH:0.636284
G1 X-3.259 Y-2.877 E2.15635
G1 X-3.302 Y-2.854 E2.15819
;WIDTH:0.613338
G1 X-3.475 Y-2.771 E2.16514
;WIDTH:0.572504
G1 X-3.649 Y-2.688 E2.17164
;WIDTH:0.531669
G1 X-3.823 Y-2.605 E2.17764
;WIDTH:0.490834
G1 X-3.996 Y-2.521 E2.18314
;WIDTH:0.449999
G1 X-4.662 Y-2.112 E2.2035
G1 X-5.248 Y-1.564 E2.2244
G1 X-5.735 Y-.898 E2.2459
G1 X-5.991 Y-.383 E2.26089
G1 X-7.276 Y-1.105 E2.29929
G1 X-7.416 Y-1.128 E2.30299
;WIDTH:0.499075
G1 X-7.594 Y-1.009 E2.30922
;WIDTH:0.506087
G1 X-7.863 Y-.189 E2.33472
;WIDTH:0.495116
G1 X-7.993 Y.413 E2.3525
;WIDTH:0.489023
G1 X-8.086 Y1.303 E2.37799
;WIDTH:0.449999
G1 X-8.093 Y1.886 E2.39318
G1 X-8.605 Y1.885 E2.40652
G1 X-8.679 Y1.773 E2.41002
G1 X-8.834 Y1.704 E2.41444
G1 X-12.778 Y1.704 E2.5172
G1 X-12.77 Y.324 E2.55316
G1 X-8.646 Y.324 E2.66061
;WIDTH:0.489023
G1 X-8.455 Y.241 E2.66654
;WIDTH:0.496972
G1 X-8.419 Y.168 E2.6689
;WIDTH:0.501175
G1 X-8.271 Y-.461 E2.6878
G1 X-8.028 Y-1.183 E2.71008
;WIDTH:0.499075
G1 X-7.859 Y-1.669 E2.72506
;WIDTH:0.449999
G1 X-7.849 Y-1.792 E2.72828
G1 X-8.053 Y-1.956 E2.7351
G1 X-9.784 Y-1.956 E2.7802
G1 X-9.784 Y-2.504 E2.79448
;WIDTH:0.495775
G1 X-9.761 Y-2.697 E2.8001
;WIDTH:0.54155
G1 X-9.738 Y-2.89 E2.80627
;WIDTH:0.587325
G1 X-9.715 Y-3.083 E2.813
G1 X-9.718 Y-3.606 E2.83111
;WIDTH:0.58315
G1 X-9.167 Y-3.681 E2.85022
;WIDTH:0.587325
G1 X-9.164 Y-3.131 E2.86926
G1 X-9.105 Y-3.085 E2.87185
;WIDTH:0.54155
G1 X-9.068 Y-3.057 E2.87332
G1 X-8.676 Y-2.979 F4800
G1 E.87332 F2400
G92 E0
G1 Z7.4 F4800
G1 X6.508 Y.773
G1 Z7.1
G1 E2 F2400
;TYPE:Perimeter
;WIDTH:0.51329
G1 F900
G1 X7.323 Y.773 E2.02445
G1 X7.326 Y1.254 E2.03888
G1 X3.781 Y1.254 E2.14524
;WIDTH:0.515109
G1 X3.537 Y1.33 E2.15294
G1 X3.484 Y.752 E2.17042
G1 X3.834 Y.773 E2.18098
;WIDTH:0.51329
G1 X6.448 Y.773 E2.25941
G1 E.25941 F2400
G92 E0
G1 Z7.4 F4800
G1 X2.928 Y-2.458
G1 Z7.1
G1 E2 F2400
;WIDTH:0.639238
G1 F900
G1 X3.053 Y-2.463 E2.00474
;WIDTH:0.628392
G1 X3.891 Y-2.463 E2.0359
;WIDTH:0.669845
G1 X4.063 Y-2.484 E2.04279
;WIDTH:0.7113
G1 X4.236 Y-2.505 E2.05017
G1 E.05017 F2400
G92 E0
G1 Z7.4 F4800
G1 X.916 Y-2.106
G1 Z7.1
G1 E2 F2400
;WIDTH:0.506091
G1 F900
G1 X2.14 Y-2.106 E2.03617
G1 X2.006 Y-1.978 E2.04165
G1 X1.999 Y-1.921 E2.04335
G1 X1.853 Y-1.858 E2.04805
G1 X1.323 Y-1.56 E2.06602
G1 X.952 Y-2.058 E2.08437
G1 X-.251 Y-2.552 F4800
;WIDTH:0.449999
G1 F900
G1 X1.902 Y-2.552 E2.14047
;WIDTH:0.497309
G1 X2.159 Y-2.529 E2.14795
;WIDTH:0.544619
G1 X2.415 Y-2.505 E2.15617
;WIDTH:0.591929
G1 X2.672 Y-2.481 E2.16518
;WIDTH:0.639238
G1 X2.928 Y-2.458 E2.17491
G1 X2.807 Y-2.314 E2.18203
;WIDTH:0.591929
G1 X2.685 Y-2.17 E2.18862
;WIDTH:0.544619
G1 X2.563 Y-2.026 E2.19465
;WIDTH:0.497309
G1 X2.441 Y-1.882 E2.20012
;WIDTH:0.449999
G1 X2.467 Y-1.538 E2.20911
G1 X2.244 Y-1.535 E2.21492
G1 X2.071 Y-1.469 E2.21974
G1 X1.169 Y-.963 E2.24669
G1 X.84 Y-1.464 E2.26231
G1 X.506 Y-1.899 E2.2766
G1 X-.054 Y-2.418 E2.29649
G1 X-.201 Y-2.518 E2.30112
G1 E.30112 F2400
G92 E0
G1 Z7.4 F4800
G1 X4.01 Y-3.029
G1 Z7.1
G1 E2 F2400
;TYPE:External perimeter
;WIDTH:0.541549
G1 F900
G1 X4.085 Y-3.078 E2.00285
;WIDTH:0.587323
G1 X4.165 Y-3.131 E2.00617
G1 X4.167 Y-3.179 E2.00783
;WIDTH:0.583149
G1 X4.167 Y-3.681 E2.02508
G1 X4.718 Y-3.606 E2.04419
;WIDTH:0.587323
G1 X4.715 Y-3.083 E2.0623
G1 X4.738 Y-2.89 E2.06903
;WIDTH:0.541549
G1 X4.761 Y-2.697 E2.0752
;WIDTH:0.495774
G1 X4.784 Y-2.505 E2.08079
;WIDTH:0.449999
G1 X4.784 Y-1.956 E2.09509
G1 X3.053 Y-1.956 E2.14019
G1 X2.849 Y-1.792 E2.14701
G1 X2.859 Y-1.669 E2.15023
;WIDTH:0.478042
G1 X2.989 Y-1.306 E2.16095
;WIDTH:0.506085
G1 X3.303 Y-.336 E2.19108
;WIDTH:0.501893
G1 X3.417 Y.168 E2.20622
G1 X3.493 Y.239 E2.20927
;WIDTH:0.475946
G1 X3.569 Y.309 E2.21213
;WIDTH:0.449999
G1 X3.646 Y.324 E2.21417
G1 X7.77 Y.324 E2.32162
G1 X7.778 Y1.704 E2.35758
G1 X3.834 Y1.704 E2.46034
G1 X3.679 Y1.773 E2.46476
G1 X3.626 Y1.885 E2.46799
G1 X3.093 Y1.886 E2.48188
G1 X3.085 Y1.285 E2.49754
G1 X3.034 Y.781 E2.51074
;WIDTH:0.475946
G1 X2.996 Y.524 E2.51793
;WIDTH:0.501893
G1 X2.958 Y.267 E2.52554
G1 X2.824 Y-.318 E2.54312
;WIDTH:0.501172
G1 X2.6 Y-.996 E2.564
;WIDTH:0.499531
G1 X2.416 Y-1.128 E2.5706
;WIDTH:0.449999
G1 X2.276 Y-1.105 E2.5743
G1 X.991 Y-.383 E2.6127
G1 X.716 Y-.929 E2.62863
G1 X.222 Y-1.593 E2.65019
G1 X-.372 Y-2.137 E2.67118
G1 X-1.044 Y-2.54 E2.6916
;WIDTH:0.495915
G1 X-1.223 Y-2.625 E2.69733
;WIDTH:0.54183
G1 X-1.402 Y-2.709 E2.70361
;WIDTH:0.587745
G1 X-1.581 Y-2.794 E2.71048
;WIDTH:0.63366
G1 X-1.76 Y-2.878 E2.7179
G1 X-1.692 Y-2.894 E2.72052
;WIDTH:0.60255
G1 X-1.512 Y-2.913 E2.72696
;WIDTH:0.564413
G1 X-1.332 Y-2.932 E2.73297
;WIDTH:0.526275
G1 X-1.152 Y-2.951 E2.73855
;WIDTH:0.488137
G1 X-.971 Y-2.97 E2.74372
;WIDTH:0.449999
G1 X3.927 Y-2.973 E2.87134
;WIDTH:0.495774
G1 X3.961 Y-2.995 E2.87251
G1 X4.163 Y-3.34 F4800
M106 S247.35
;LAYER_CHANGE
;Z:7.25
;HEIGHT:0.15
G1 E.87251 F2400
G92 E0
G1 Z7.25 F4800
G1 Z7.55
G1 X3.507 Y1.138
G1 Z7.25
G1 E2 F2400
;TYPE:Perimeter
;WIDTH:0.516765
G1 F900
G1 X3.427 Y.501 E2.0194
G1 X3.573 Y.545 E2.02401
G1 X3.831 Y.543 E2.03181
;WIDTH:0.51329
G1 X7.321 Y.543 E2.13652
G1 X7.324 Y1.025 E2.15098
G1 X3.757 Y1.025 E2.258
;WIDTH:0.516765
G1 X3.562 Y1.113 E2.26447
G1 E.26447 F2400
G92 E0
G1 Z7.55 F4800
G1 X2.778 Y-2.688
G1 Z7.25
G1 E2 F2400
;WIDTH:0.639238
G1 F900
G1 X2.902 Y-2.693 E2.0047
;WIDTH:0.628392
G1 X3.891 Y-2.693 E2.04147
;WIDTH:0.669845
G1 X4.063 Y-2.714 E2.04836
;WIDTH:0.7113
G1 X4.236 Y-2.734 E2.05574
G1 E.05574 F2400
G92 E0
G1 Z7.55 F4800
G1 X1.343 Y-1.555
G1 Z7.25
G1 E2 F2400
;WIDTH:0.648338
G1 F900
G1 X1.182 Y-1.774 E2.01044
G1 X.766 Y-2.265 E2.03517
G1 X1.855 Y-2.265 E2.07701
G1 X1.759 Y-1.967 E2.08904
G1 X1.777 Y-1.799 E2.09553
G1 X1.396 Y-1.585 E2.11232
G1 X1.171 Y-.866 F4800
;WIDTH:0.449999
G1 F900
G1 X1.052 Y-1.079 E2.11868
G1 X.506 Y-1.801 E2.14227
G1 X-.155 Y-2.396 E2.16544
G1 X-.786 Y-2.781 E2.1847
G1 X2.18 Y-2.782 E2.26198
;WIDTH:0.497309
G1 X2.329 Y-2.759 E2.26635
;WIDTH:0.544619
G1 X2.479 Y-2.735 E2.2712
;WIDTH:0.591929
G1 X2.628 Y-2.711 E2.27647
;WIDTH:0.639238
G1 X2.778 Y-2.688 E2.28221
G1 X2.683 Y-2.603 E2.28704
;WIDTH:0.591929
G1 X2.588 Y-2.519 E2.29147
;WIDTH:0.544619
G1 X2.493 Y-2.434 E2.29554
;WIDTH:0.497309
G1 X2.398 Y-2.35 E2.29922
;WIDTH:0.449999
G1 X2.276 Y-1.972 E2.30957
G1 X2.289 Y-1.849 E2.31279
G1 X2.488 Y-1.375 E2.32618
G1 X2.199 Y-1.425 E2.33382
G1 X2.071 Y-1.371 E2.33744
G1 X1.223 Y-.895 E2.36278
G1 E.36278 F2400
G92 E0
G1 Z7.55 F4800
G1 X-8.401 Y.427
G1 Z7.25
G1 E2 F2400
;WIDTH:0.516807
G1 F900
G1 X-8.507 Y1.138 E2.02173
G1 X-8.661 Y1.045 E2.02717
G1 X-8.831 Y1.025 E2.03234
;WIDTH:0.51329
G1 X-12.324 Y1.025 E2.13714
G1 X-12.321 Y.544 E2.15157
G1 X-8.571 Y.544 E2.26408
;WIDTH:0.516807
G1 X-8.45 Y.461 E2.26851
G1 E.26851 F2400
G92 E0
G1 Z7.55 F4800
G1 X-7.902 Y-2.693
G1 Z7.25
G1 E2 F2400
;WIDTH:0.62839
G1 F900
G1 X-8.891 Y-2.693 E2.03677
;WIDTH:0.669848
G1 X-9.063 Y-2.714 E2.04366
;WIDTH:0.711306
G1 X-9.236 Y-2.734 E2.05104
G1 E.05104 F2400
G92 E0
G1 Z7.55 F4800
G1 X-6.348 Y-1.556
G1 Z7.25
G1 E2 F2400
;WIDTH:0.644922
G1 F900
G1 X-6.778 Y-1.798 E2.01885
G1 X-6.76 Y-1.967 E2.02534
G1 X-6.858 Y-2.267 E2.0374
G1 X-5.76 Y-2.267 E2.07936
G1 X-6.179 Y-1.797 E2.10342
G1 X-6.313 Y-1.605 E2.11237
G1 X-6.358 Y-.967 F4800
;WIDTH:0.449999
G1 F900
G1 X-7.199 Y-1.425 E2.13732
G1 X-7.488 Y-1.375 E2.14496
G1 X-7.332 Y-1.717 E2.15475
G1 X-7.276 Y-1.972 E2.16155
G1 X-7.398 Y-2.349 E2.17187
;WIDTH:0.494597
G1 X-7.524 Y-2.435 E2.17627
;WIDTH:0.539195
G1 X-7.65 Y-2.521 E2.18109
;WIDTH:0.583793
G1 X-7.776 Y-2.607 E2.18634
;WIDTH:0.62839
G1 X-7.902 Y-2.693 E2.19201
G1 X-7.722 Y-2.715 E2.19875
;WIDTH:0.583793
G1 X-7.541 Y-2.737 E2.20502
;WIDTH:0.539195
G1 X-7.361 Y-2.76 E2.21076
;WIDTH:0.494597
G1 X-7.18 Y-2.782 E2.21602
;WIDTH:0.449999
G1 X-4.173 Y-2.782 E2.29437
G1 X-4.59 Y-2.57 E2.30656
G1 X-5.278 Y-2.034 E2.32928
G1 X-5.862 Y-1.363 E2.35246
G1 X-6.166 Y-.863 E2.36771
G1 X-6.305 Y-.938 E2.37183
G1 E.37183 F2400
G92 E0
G1 Z7.55 F4800
G1 X-8.459 Y.03
G1 Z7.25
G1 E2 F2400
;TYPE:External perimeter
;WIDTH:0.502434
G1 F1350
G1 X-8.354 Y-.03 E2.00355
G1 X-8.295 Y-.25 E2.01023
;WIDTH:0.506011
G1 X-7.947 Y-1.357 E2.04452
;WIDTH:0.465461
G1 X-7.698 Y-1.934 E2.0615
;WIDTH:0.449999
G1 X-7.734 Y-2.101 E2.06595
G1 X-7.902 Y-2.186 E2.07086
G1 X-9.784 Y-2.186 E2.1199
G1 X-9.784 Y-3.567 E2.15588
G1 X-9.1 Y-3.66 E2.17387
G1 X-9.1 Y-3.409 E2.18041
G1 X-8.986 Y-3.223 E2.18609
G1 X-8.891 Y-3.2 E2.18864
G1 X-3.667 Y-3.2 E2.32476
;WIDTH:0.465966
G1 X-2.855 Y-3.192 E2.34673
;WIDTH:0.471456
G1 X-1.333 Y-3.2 E2.38842
;WIDTH:0.449999
G1 X2.902 Y-3.2 E2.49877
G1 X3.986 Y-3.223 E2.52702
G1 X4.092 Y-3.353 E2.53139
G1 X4.1 Y-3.66 E2.53939
G1 X4.784 Y-3.567 E2.55738
G1 X4.784 Y-2.186 E2.59336
G1 X2.902 Y-2.186 E2.6424
G1 X2.734 Y-2.101 E2.64731
G1 X2.693 Y-1.975 E2.65076
G1 X2.712 Y-1.89 E2.65303
;WIDTH:0.465462
G1 X2.954 Y-1.339 E2.66929
;WIDTH:0.50601
G1 X3.119 Y-.846 E2.68465
G1 X3.35 Y-.051 E2.70911
;WIDTH:0.496727
G1 X3.441 Y.058 E2.71322
;WIDTH:0.467907
G1 X3.573 Y.094 E2.71694
;WIDTH:0.449999
G1 X7.768 Y.094 E2.82624
G1 X7.776 Y1.474 E2.8622
G1 X3.831 Y1.474 E2.96499
G1 X3.677 Y1.542 E2.96938
G1 X3.624 Y1.655 E2.97263
G1 X3.089 Y1.656 E2.98657
G1 X3.035 Y.899 E3.00634
;WIDTH:0.4629
G1 X2.958 Y.386 E3.02027
;WIDTH:0.49293
G1 X2.855 Y-.115 E3.03497
;WIDTH:0.501575
G1 X2.601 Y-.898 E3.05907
G1 X2.506 Y-.999 E3.06313
;WIDTH:0.465462
G1 X2.276 Y-1.007 E3.06935
;WIDTH:0.449999
G1 X1.157 Y-.379 E3.10278
G1 X.962 Y-.356 E3.1079
G1 X.716 Y-.831 E3.12184
G1 X.222 Y-1.495 E3.1434
G1 X-.372 Y-2.039 E3.16439
G1 X-1.004 Y-2.424 E3.18367
G1 X-1.402 Y-2.586 E3.19487
;WIDTH:0.46597
G1 X-2.145 Y-2.758 E3.2155
;WIDTH:0.468185
G1 X-2.903 Y-2.754 E3.23611
G1 X-3.641 Y-2.571 E3.25678
;WIDTH:0.449999
G1 X-4.337 Y-2.237 E3.27689
G1 X-4.966 Y-1.756 E3.29752
G1 X-5.505 Y-1.146 E3.31873
G1 X-5.97 Y-.356 E3.34262
G1 X-6.116 Y-.356 E3.34642
G1 X-7.276 Y-1.007 E3.38108
;WIDTH:0.465461
G1 X-7.506 Y-.999 E3.3873
;WIDTH:0.501351
G1 X-7.597 Y-.908 E3.39107
;WIDTH:0.506011
G1 X-7.904 Y.1 E3.42221
;WIDTH:0.502434
G1 X-7.973 Y.527 E3.43489
;WIDTH:0.476217
G1 X-8.043 Y.955 E3.4469
;WIDTH:0.449999
G1 X-8.089 Y1.657 E3.46523
G1 X-8.611 Y1.655 E3.47883
G1 X-8.677 Y1.542 E3.48224
G1 X-8.831 Y1.474 E3.48663
G1 X-12.776 Y1.474 E3.58942
G1 X-12.768 Y.094 E3.62538
G1 X-8.573 Y.094 E3.73468
;WIDTH:0.476217
G1 X-8.511 Y.059 E3.73665
G1 X-8.294 Y-.277 F4800
M106 S242.25
;LAYER_CHANGE
;Z:7.4
;HEIGHT:0.15
G1 E1.73665 F2400
G92 E0
G1 Z7.4 F4800
G1 Z7.7
G1 X-7.721 Y-2.923
G1 Z7.4
G1 E2 F2400
;TYPE:Perimeter
;WIDTH:0.628392
G1 F900
G1 X-8.891 Y-2.923 E2.0435
;WIDTH:0.669849
G1 X-9.063 Y-2.943 E2.05039
;WIDTH:0.711308
G1 X-9.236 Y-2.964 E2.05777
G1 E.05777 F2400
G92 E0
G1 Z7.7 F4800
G1 X-8.35 Y.248
G1 Z7.4
G1 E2 F2400
;WIDTH:0.51997
G1 F900
G1 X-8.478 Y.883 E2.0197
G1 X-8.816 Y.795 E2.03032
;WIDTH:0.513291
G1 X-12.322 Y.795 E2.13551
G1 X-12.319 Y.314 E2.14994
G1 X-8.485 Y.314 E2.26497
;WIDTH:0.51997
G1 X-8.404 Y.274 E2.26772
G1 E.26772 F2400
G92 E0
G1 Z7.7 F4800
G1 X3.478 Y.883
G1 Z7.4
G1 E2 F2400
G1 F900
G1 X3.35 Y.248 E2.0197
G1 X3.492 Y.317 E2.0245
G1 X3.816 Y.314 E2.03436
;WIDTH:0.513291
G1 X7.319 Y.314 E2.13946
G1 X7.322 Y.795 E2.15389
G1 X3.816 Y.795 E2.25908
;WIDTH:0.51997
G1 X3.536 Y.868 E2.26788
G1 E.26788 F2400
G92 E0
G1 Z7.7 F4800
G1 X2.596 Y-2.917
G1 Z7.4
G1 E2 F2400
;WIDTH:0.639238
G1 F900
G1 X2.721 Y-2.923 E2.00474
;WIDTH:0.62839
G1 X3.891 Y-2.923 E2.04824
;WIDTH:0.669844
G1 X4.063 Y-2.944 E2.05513
;WIDTH:0.711298
G1 X4.236 Y-2.964 E2.06251
G1 E.06251 F2400
G92 E0
G1 Z7.7 F4800
G1 X1.257 Y-1.421
G1 Z7.4
G1 E2 F2400
;WIDTH:0.449999
G1 F900
G1 X1.106 Y-1.635 E2.00682
G1 X.59 Y-2.214 E2.02703
G1 X.121 Y-2.594 E2.04276
G1 X1.803 Y-2.594 E2.08659
G1 X1.677 Y-2.169 E2.09814
G1 X1.708 Y-1.953 E2.10383
G1 X1.843 Y-1.624 E2.1131
G1 X1.482 Y-1.421 E2.12389
G1 X1.317 Y-1.421 E2.12819
G1 X1.024 Y-1.004 F4800
G1 F900
G1 X.859 Y-1.27 E2.13635
G1 X.188 Y-2.018 E2.16253
G1 X-.521 Y-2.539 E2.18545
G1 X-1.309 Y-2.896 E2.20799
G1 X-2.011 Y-3.034 E2.22663
G1 X-1.296 Y-3.012 E2.24527
G1 X1.978 Y-3.012 E2.33058
;WIDTH:0.497309
G1 X2.133 Y-2.988 E2.33513
;WIDTH:0.544619
G1 X2.287 Y-2.965 E2.34011
;WIDTH:0.591929
G1 X2.442 Y-2.941 E2.34559
;WIDTH:0.639238
G1 X2.596 Y-2.917 E2.35149
G1 X2.499 Y-2.83 E2.35642
;WIDTH:0.591929
G1 X2.402 Y-2.743 E2.36097
;WIDTH:0.544619
G1 X2.305 Y-2.655 E2.36516
;WIDTH:0.497309
G1 X2.208 Y-2.568 E2.36894
;WIDTH:0.449999
G1 X2.094 Y-2.184 E2.37938
G1 X2.158 Y-1.93 E2.38621
G1 X2.497 Y-1.243 E2.40617
G1 X2.071 Y-1.273 E2.4173
G1 X1.591 Y-1.004 E2.43164
G1 X1.084 Y-1.004 E2.44485
G1 E.44485 F2400
G92 E0
G1 Z7.7 F4800
G1 X-6.482 Y-1.421
G1 Z7.4
G1 E2 F2400
G1 F900
G1 X-6.847 Y-1.626 E2.01091
G1 X-6.801 Y-1.712 E2.01345
G1 X-6.678 Y-2.141 E2.02508
G1 X-6.804 Y-2.594 E2.03733
G1 X-5.127 Y-2.594 E2.08103
G1 X-5.428 Y-2.361 E2.09095
G1 X-5.92 Y-1.864 E2.10917
G1 X-6.247 Y-1.421 E2.12352
G1 X-6.422 Y-1.421 E2.12808
G1 X-7.48 Y-1.295 F4800
G1 F900
G1 X-7.169 Y-1.91 E2.14604
G1 X-7.095 Y-2.167 E2.15301
G1 X-7.21 Y-2.57 E2.16393
;WIDTH:0.494598
G1 X-7.337 Y-2.658 E2.16839
;WIDTH:0.539196
G1 X-7.465 Y-2.746 E2.1733
;WIDTH:0.583794
G1 X-7.593 Y-2.834 E2.17864
;WIDTH:0.628392
G1 X-7.721 Y-2.923 E2.18444
G1 X-7.536 Y-2.945 E2.19137
;WIDTH:0.583794
G1 X-7.351 Y-2.967 E2.19778
;WIDTH:0.539196
G1 X-7.166 Y-2.99 E2.20367
;WIDTH:0.494598
G1 X-6.981 Y-3.012 E2.20904
;WIDTH:0.449999
G1 X-3.704 Y-3.012 E2.29442
G1 X-2.989 Y-3.034 E2.31306
G1 X-3.82 Y-2.851 E2.33523
G1 X-4.584 Y-2.477 E2.35739
G1 X-5.137 Y-2.061 E2.37542
G1 X-5.584 Y-1.616 E2.39185
G1 X-6.036 Y-1.004 E2.41167
G1 X-6.591 Y-1.004 E2.42613
G1 X-7.273 Y-1.345 E2.446
G1 X-7.422 Y-1.309 E2.44999
G1 E.44999 F2400
G92 E0
G1 Z7.7 F4800
G1 X-2.959 Y-3.037
G1 Z7.4
G1 E2 F2400
;WIDTH:0.400946
G1 F900
G1 X-2.145 Y-3.041 E2.01872
;WIDTH:0.407022
G1 X-2.011 Y-3.034 E2.02186
G1 E.02186 F2400
G92 E0
G1 Z7.7 F4800
G1 X-8.469 Y-.144
G1 Z7.4
G1 E2 F2400
;TYPE:External perimeter
;WIDTH:0.492896
G1 F1350
G1 X-8.311 Y-.202 E2.00484
;WIDTH:0.501074
G1 X-8.268 Y-.276 E2.00734
;WIDTH:0.506128
G1 X-7.948 Y-1.257 E2.03784
;WIDTH:0.465761
G1 X-7.523 Y-2.141 E2.06436
;WIDTH:0.449999
G1 X-7.55 Y-2.328 E2.06928
G1 X-7.721 Y-2.416 E2.07429
G1 X-9.784 Y-2.416 E2.12804
G1 X-9.784 Y-3.469 E2.15548
G1 X-9.06 Y-3.567 E2.17452
G1 X-8.999 Y-3.46 E2.17773
G1 X-8.891 Y-3.43 E2.18065
G1 X3.971 Y-3.43 E2.51578
G1 X4.06 Y-3.567 E2.52004
G1 X4.784 Y-3.469 E2.53908
G1 X4.784 Y-2.416 E2.56652
G1 X2.721 Y-2.416 E2.62027
G1 X2.55 Y-2.327 E2.62529
G1 X2.512 Y-2.199 E2.62877
G1 X2.605 Y-1.97 E2.63521
;WIDTH:0.466765
G1 X2.957 Y-1.232 E2.65737
;WIDTH:0.506127
G1 X3.284 Y-.233 E2.68844
;WIDTH:0.504578
G1 X3.388 Y-.184 E2.69183
;WIDTH:0.477289
G1 X3.492 Y-.136 E2.69501
;WIDTH:0.449999
G1 X7.766 Y-.136 E2.80637
G1 X7.774 Y1.244 E2.84233
G1 X3.816 Y1.244 E2.94546
G1 X3.71 Y1.273 E2.94832
G1 X3.609 Y1.425 E2.95308
G1 X3.074 Y1.426 E2.96702
G1 X3.046 Y1.099 E2.97557
G1 X2.945 Y.532 E2.99058
;WIDTH:0.475537
G1 X2.883 Y.199 E2.99995
;WIDTH:0.501074
G1 X2.821 Y-.133 E3.00983
;WIDTH:0.501564
G1 X2.601 Y-.8 E3.03039
G1 X2.51 Y-.899 E3.03433
;WIDTH:0.466765
G1 X2.276 Y-.909 E3.04068
;WIDTH:0.449999
G1 X1.7 Y-.586 E3.05789
G1 X.792 Y-.586 E3.08155
G1 X.504 Y-1.05 E3.09578
G1 X-.064 Y-1.685 E3.11798
G1 X-.699 Y-2.162 E3.13867
G1 X-1.402 Y-2.488 E3.15886
G1 X-2.145 Y-2.652 E3.17869
G1 X-2.901 Y-2.647 E3.19839
G1 X-3.641 Y-2.473 E3.2182
G1 X-4.335 Y-2.141 E3.23825
G1 X-4.846 Y-1.76 E3.25486
G1 X-5.225 Y-1.394 E3.26859
G1 X-5.799 Y-.586 E3.29441
G1 X-6.7 Y-.586 E3.31789
G1 X-7.343 Y-.933 E3.33693
;WIDTH:0.465761
G1 X-7.507 Y-.901 E3.34145
;WIDTH:0.501345
G1 X-7.597 Y-.81 E3.34519
;WIDTH:0.506128
G1 X-7.861 Y.007 E3.37057
;WIDTH:0.492896
G1 X-7.978 Y.698 E3.39071
;WIDTH:0.449999
G1 X-8.074 Y1.427 E3.40987
G1 X-8.604 Y1.425 E3.42368
G1 X-8.663 Y1.311 E3.42702
G1 X-8.816 Y1.244 E3.43137
G1 X-12.774 Y1.244 E3.5345
G1 X-12.766 Y-.136 E3.57046
G1 X-8.528 Y-.136 E3.68088
G1 X-8.232 Y-.405 F4800
G1 E1.68088 F2400
G92 E0
G1 Z7.7 F4800
G1 X-6.508 Y-1.75
G1 Z7.4
G1 E2 F2400
;TYPE:Solid infill
;WIDTH:0.369563
G1 F1200
G1 X-6.415 Y-2.079 E2.00719
G1 X-6.452 Y-2.321 E2.01234
G1 X-5.861 Y-2.321 E2.02477
G1 X-6.006 Y-2.178 E2.02905
G1 X-6.345 Y-1.743 E2.04065
G1 E.04065 F2400
G92 E0
G1 Z7.7 F4800
G1 X.857 Y-2.319
G1 Z7.4
G1 E2 F2400
;WIDTH:0.373693
G1 F1200
G1 X1.446 Y-2.319 E2.01254
G1 X1.411 Y-2.202 E2.01514
G1 X1.502 Y-1.748 E2.025
G1 X1.404 Y-1.694 E2.02738
G1 X.994 Y-2.162 E2.04063
;LAYER_CHANGE
;Z:7.55
;HEIGHT:0.15
G1 E.04063 F2400
G92 E0
G1 Z7.55 F4800
G1 Z7.85
G1 X-9.397 Y-3.033
G1 Z7.55
G1 E2 F2400
;TYPE:Perimeter
;WIDTH:0.436718
G1 F900
G1 X-9.043 Y-3.057 E2.00895
;WIDTH:0.484636
G1 X-8.689 Y-3.081 E2.01896
;WIDTH:0.532554
G1 X-8.334 Y-3.105 E2.03006
;WIDTH:0.580472
G1 X-7.98 Y-3.129 E2.04219
;WIDTH:0.62839
G1 X-7.522 Y-3.153 E2.05924
G1 E.05924 F2400
G92 E0
G1 Z7.85 F4800
G1 X-8.298 Y.084
G1 Z7.55
G1 E2 F2400
;WIDTH:0.523341
G1 F900
G1 X-8.422 Y.702 E2.01931
G1 X-8.65 Y.575 E2.0273
G1 X-8.789 Y.565 E2.03157
;WIDTH:0.513291
G1 X-12.32 Y.565 E2.13751
G1 X-12.317 Y.084 E2.15194
G1 X-8.358 Y.084 E2.27072
G1 E.27072 F2400
G92 E0
G1 Z7.85 F4800
G1 X3.425 Y.687
G1 Z7.55
G1 E2 F2400
;WIDTH:0.522124
G1 F900
G1 X3.298 Y.075 E2.0191
G1 X3.789 Y.084 E2.0341
;WIDTH:0.513291
G1 X7.317 Y.084 E2.13995
G1 X7.32 Y.565 E2.15438
;WIDTH:0.51329
G1 X3.676 Y.565 E2.26371
;WIDTH:0.522124
G1 X3.479 Y.661 E2.27041
G1 E.27041 F2400
G92 E0
G1 Z7.85 F4800
G1 X2.398 Y-3.147
G1 Z7.55
G1 E2 F2400
;WIDTH:0.639238
G1 F900
G1 X2.625 Y-3.153 E2.0086
;WIDTH:0.628386
G1 X2.979 Y-3.129 E2.02179
;WIDTH:0.580425
G1 X3.334 Y-3.105 E2.03395
;WIDTH:0.532465
G1 X3.688 Y-3.081 E2.04502
;WIDTH:0.484504
G1 X4.043 Y-3.057 E2.05506
;WIDTH:0.436543
G1 X4.397 Y-3.033 E2.06401
G1 E.06401 F2400
G92 E0
G1 Z7.85 F4800
G1 X1.006 Y-1.651
G1 Z7.55
G1 E2 F2400
;WIDTH:0.449999
G1 F900
G1 X.688 Y-2.006 E2.01242
G1 X.063 Y-2.557 E2.03413
G1 X-.376 Y-2.824 E2.04752
G1 X1.603 Y-2.824 E2.09908
G1 X1.479 Y-2.379 E2.11112
G1 X1.527 Y-2.119 E2.11801
G1 X1.767 Y-1.651 E2.13171
G1 X1.066 Y-1.651 E2.14998
G1 E.14998 F2400
G92 E0
G1 Z7.85 F4800
G1 X-6.767 Y-1.651
G1 Z7.55
G1 E2 F2400
G1 F900
G1 X-6.527 Y-2.119 E2.0137
G1 X-6.48 Y-2.379 E2.02058
G1 X-6.603 Y-2.824 E2.03261
G1 X-4.624 Y-2.824 E2.08417
G1 X-5.229 Y-2.431 E2.10297
G1 X-5.688 Y-2.006 E2.11927
G1 X-6.006 Y-1.651 E2.13169
G1 X-6.707 Y-1.651 E2.14996
G1 X-7.476 Y-1.206 F4800
G1 F900
G1 X-7.374 Y-1.429 E2.15635
G1 X-6.978 Y-2.127 E2.17726
G1 X-6.903 Y-2.344 E2.18324
G1 X-7.005 Y-2.79 E2.19516
;WIDTH:0.494598
G1 X-7.134 Y-2.88 E2.1997
;WIDTH:0.539196
G1 X-7.263 Y-2.971 E2.20469
;WIDTH:0.583794
G1 X-7.393 Y-3.062 E2.21015
;WIDTH:0.628392
G1 X-7.522 Y-3.153 E2.21602
G1 X-7.333 Y-3.175 E2.22309
;WIDTH:0.583794
G1 X-7.144 Y-3.197 E2.22964
;WIDTH:0.539196
G1 X-6.955 Y-3.22 E2.23566
;WIDTH:0.494598
G1 X-6.765 Y-3.242 E2.24118
;WIDTH:0.449999
G1 X-4.194 Y-3.242 E2.30817
G1 X-3.295 Y-3.263 E2.3316
;WIDTH:0.408309
G1 X-2.415 Y-3.283 E2.35225
;WIDTH:0.397635
G1 X-1.971 Y-3.268 E2.36237
;WIDTH:0.426958
G1 X-1.527 Y-3.253 E2.37331
;WIDTH:0.449999
G1 X1.765 Y-3.242 E2.45909
;WIDTH:0.497309
G1 X1.923 Y-3.218 E2.46373
;WIDTH:0.544619
G1 X2.082 Y-3.195 E2.46886
;WIDTH:0.591929
G1 X2.24 Y-3.171 E2.47444
;WIDTH:0.639238
G1 X2.398 Y-3.147 E2.48049
G1 X2.299 Y-3.058 E2.48553
;WIDTH:0.591929
G1 X2.201 Y-2.969 E2.49015
;WIDTH:0.544619
G1 X2.103 Y-2.879 E2.4944
;WIDTH:0.497309
G1 X2.004 Y-2.79 E2.49826
;WIDTH:0.449999
G1 X1.897 Y-2.402 E2.50875
G1 X1.977 Y-2.127 E2.51621
G1 X2.476 Y-1.206 E2.5435
G1 X2.386 Y-1.234 E2.54596
G1 X.797 Y-1.234 E2.58736
G1 X.404 Y-1.7 E2.60324
G1 X-.155 Y-2.2 E2.62278
G1 X-.907 Y-2.641 E2.64549
G1 X-1.726 Y-2.888 E2.66778
;WIDTH:0.408321
G1 X-2.566 Y-2.948 E2.68753
;WIDTH:0.396266
G1 X-2.987 Y-2.907 E2.69713
;WIDTH:0.424221
G1 X-3.408 Y-2.866 E2.70747
;WIDTH:0.449999
G1 X-4.213 Y-2.585 E2.72969
G1 X-4.945 Y-2.125 E2.75222
G1 X-5.404 Y-1.7 E2.76852
G1 X-5.797 Y-1.233 E2.78442
G1 X-7.255 Y-1.233 E2.82241
G1 X-7.416 Y-1.213 E2.82664
G1 X-8.275 Y-.418 F4800
;TYPE:External perimeter
;WIDTH:0.477398
G1 F1350
G1 X-8.259 Y-.43 E2.8272
;WIDTH:0.504797
G1 X-8.169 Y-.494 E2.83045
G1 X-7.949 Y-1.161 E2.85115
;WIDTH:0.461267
G1 X-7.735 Y-1.64 E2.86519
;WIDTH:0.449999
G1 X-7.323 Y-2.373 E2.8871
G1 X-7.35 Y-2.554 E2.89187
G1 X-7.522 Y-2.646 E2.89695
G1 X-9.784 Y-2.646 E2.95589
G1 X-9.784 Y-3.371 E2.97478
G1 X-7.66 Y-3.66 E3.03063
G1 X2.659 Y-3.66 E3.2995
G1 X4.784 Y-3.371 E3.35538
G1 X4.784 Y-2.646 E3.37427
G1 X2.522 Y-2.646 E3.43321
G1 X2.35 Y-2.555 E3.43828
G1 X2.314 Y-2.425 E3.44179
G1 X2.341 Y-2.334 E3.44426
G1 X2.747 Y-1.619 E3.46568
;WIDTH:0.461285
G1 X2.958 Y-1.139 E3.47971
;WIDTH:0.508275
G1 X3.182 Y-.462 E3.50088
G1 X3.287 Y-.414 E3.50431
;WIDTH:0.479137
G1 X3.391 Y-.366 E3.5075
;WIDTH:0.449999
G1 X7.764 Y-.366 E3.62144
G1 X7.772 Y1.014 E3.6574
G1 X3.789 Y1.014 E3.76118
G1 X3.638 Y1.079 E3.76546
G1 X3.583 Y1.195 E3.7688
G1 X3.039 Y1.197 E3.78297
G1 X2.95 Y.573 E3.79939
;WIDTH:0.452816
G1 X2.834 Y.082 E3.81262
;WIDTH:0.499457
G1 X2.608 Y-.68 E3.83578
G1 X2.505 Y-.785 E3.84007
;WIDTH:0.461285
G1 X2.386 Y-.816 E3.84336
;WIDTH:0.449999
G1 X.588 Y-.816 E3.89021
G1 X.12 Y-1.393 E3.90957
G1 X-.372 Y-1.843 E3.92694
G1 X-1.044 Y-2.247 E3.94737
G1 X-1.77 Y-2.493 E3.96734
G1 X-2.523 Y-2.573 E3.98707
G1 X-3.275 Y-2.483 E4.0068
G1 X-3.996 Y-2.228 E4.02673
G1 X-4.662 Y-1.818 E4.04711
G1 X-5.247 Y-1.271 E4.06798
G1 X-5.588 Y-.816 E4.0828
G1 X-7.255 Y-.816 E4.12623
;WIDTH:0.461267
G1 X-7.505 Y-.785 E4.13297
;WIDTH:0.499353
G1 X-7.605 Y-.686 E4.13707
;WIDTH:0.508272
G1 X-7.746 Y-.275 E4.14997
G1 X-7.829 Y.099 E4.16134
;WIDTH:0.479136
G1 X-7.913 Y.472 E4.172
;WIDTH:0.449999
G1 X-8.047 Y1.197 E4.19121
G1 X-8.583 Y1.195 E4.20518
G1 X-8.638 Y1.079 E4.20852
G1 X-8.789 Y1.014 E4.2128
G1 X-12.772 Y1.014 E4.31658
G1 X-12.764 Y-.366 E4.35254
G1 X-8.349 Y-.366 E4.46758
;WIDTH:0.477398
G1 X-8.324 Y-.384 E4.46844
G1 X-8.105 Y-.718 F4800
G1 E2.46844 F2400
G92 E0
G1 Z7.85 F4800
G1 X-5.541 Y-2.536
G1 Z7.55
G1 E2 F2400
;TYPE:Solid infill
;WIDTH:0.400158
G1 F1200
G1 X-6.125 Y-1.965 E2.01874
G1 X-6.292 Y-1.94 E2.02261
G1 X-6.197 Y-2.329 E2.0318
G1 X-6.235 Y-2.536 E2.03663
G1 X-5.75 Y-2.536 E2.04776
G1 E.04776 F2400
G92 E0
G1 Z7.85 F4800
G1 X.536 Y-2.536
G1 Z7.55
G1 E2 F2400
;WIDTH:0.400517
G1 F1200
G1 X1.235 Y-2.536 E2.01606
G1 X1.194 Y-2.357 E2.02028
G1 X1.292 Y-1.94 E2.03012
G1 X1.181 Y-1.94 E2.03267
G1 X.69 Y-2.395 E2.04805
M106 S244.8
;LAYER_CHANGE
;Z:7.7
;HEIGHT:0.15
G1 E.04805 F2400
G92 E0
G1 Z7.7 F4800
G1 Z8
G1 X-8.2 Y-.172
G1 Z7.7
G1 E2 F2400
;TYPE:Perimeter
;WIDTH:0.525994
G1 F900
G1 X-8.36 Y.48 E2.02067
G1 X-8.594 Y.347 E2.02896
G1 X-8.75 Y.335 E2.03378
;WIDTH:0.513291
G1 X-12.318 Y.335 E2.14083
G1 X-12.315 Y-.146 E2.15526
G1 X-8.47 Y-.146 E2.27062
;WIDTH:0.525994
G1 X-8.259 Y-.166 E2.27715
G1 E.27715 F2400
G92 E0
G1 Z8 F4800
G1 X3.36 Y.48
G1 Z7.7
G1 E2 F2400
;WIDTH:0.525993
G1 F900
G1 X3.2 Y-.172 E2.02067
G1 X3.278 Y-.14 E2.02327
G1 X3.75 Y-.146 E2.03781
;WIDTH:0.51329
G1 X7.315 Y-.146 E2.14477
G1 X7.318 Y.335 E2.1592
G1 X3.649 Y.335 E2.26928
;WIDTH:0.525993
G1 X3.414 Y.453 E2.27738
G1 E.27738 F2400
G92 E0
G1 Z8 F4800
G1 X.714 Y-1.881
G1 Z7.7
G1 E2 F2400
;WIDTH:0.449999
G1 F900
G1 X.441 Y-2.156 E2.0101
G1 X-.342 Y-2.721 E2.03526
G1 X-1.062 Y-3.054 E2.05593
G1 X.192 Y-3.054 E2.0886
G1 X1.335 Y-2.899 E2.11865
G1 X1.264 Y-2.545 E2.12806
G1 X1.293 Y-2.398 E2.13196
G1 X1.567 Y-1.881 E2.14721
G1 X.774 Y-1.881 E2.16787
G1 E.16787 F2400
G92 E0
G1 Z8 F4800
G1 X-6.567 Y-1.881
G1 Z7.7
G1 E2 F2400
G1 F900
G1 X-6.426 Y-2.097 E2.00672
G1 X-6.264 Y-2.545 E2.01913
G1 X-6.336 Y-2.899 E2.02854
G1 X-5.192 Y-3.054 E2.05862
G1 X-3.957 Y-3.054 E2.0908
G1 X-4.842 Y-2.609 E2.11661
G1 X-5.441 Y-2.156 E2.13618
G1 X-5.714 Y-1.881 E2.14628
G1 X-6.507 Y-1.881 E2.16694
G1 X-7.31 Y-1.452 F4800
G1 F900
G1 X-7.146 Y-1.756 E2.17594
G1 X-6.776 Y-2.325 E2.19362
G1 X-6.679 Y-2.594 E2.20107
G1 X-6.756 Y-2.975 E2.2112
G1 X-7.157 Y-3.209 E2.2233
G1 X-5.221 Y-3.472 E2.27421
G1 X-3.778 Y-3.472 E2.31181
;WIDTH:0.494902
G1 X-3.316 Y-3.449 E2.32516
;WIDTH:0.539805
G1 X-2.855 Y-3.427 E2.33977
;WIDTH:0.551518
G1 X-1.937 Y-3.421 E2.3695
G1 X-1.699 Y-3.438 E2.37723
;WIDTH:0.517679
G1 X-1.46 Y-3.455 E2.38448
;WIDTH:0.483839
G1 X-1.222 Y-3.472 E2.3912
;WIDTH:0.449999
G1 X.22 Y-3.472 E2.42877
G1 X2.142 Y-3.211 E2.47931
G1 X1.756 Y-2.975 E2.4911
G1 X1.679 Y-2.594 E2.50123
G1 X1.776 Y-2.325 E2.50868
G1 X2.31 Y-1.452 E2.53534
G1 X.529 Y-1.463 E2.58175
G1 X.188 Y-1.823 E2.59467
G1 X-.521 Y-2.344 E2.61759
G1 X-1.309 Y-2.7 E2.64012
;WIDTH:0.483839
G1 X-1.538 Y-2.769 E2.64686
;WIDTH:0.517679
G1 X-1.766 Y-2.839 E2.65408
;WIDTH:0.551518
G1 X-1.995 Y-2.908 E2.66183
G1 X-2.145 Y-2.919 E2.6667
;WIDTH:0.539809
G1 X-3.003 Y-2.9 E2.69387
;WIDTH:0.535369
G1 X-3.412 Y-2.778 E2.70726
;WIDTH:0.492684
G1 X-3.82 Y-2.655 E2.7195
;WIDTH:0.449999
G1 X-4.59 Y-2.276 E2.74186
G1 X-5.188 Y-1.823 E2.76141
G1 X-5.529 Y-1.463 E2.77433
G1 X-7.25 Y-1.453 E2.81917
G1 X-8.17 Y-.633 F4800
;TYPE:External perimeter
;WIDTH:0.492472
G1 F1350
G1 X-8.115 Y-.642 E2.82077
;WIDTH:0.504737
G1 X-8.06 Y-.712 E2.82339
G1 X-7.899 Y-1.125 E2.83645
;WIDTH:0.477368
G1 X-7.738 Y-1.538 E2.84876
;WIDTH:0.449999
G1 X-7.492 Y-1.991 E2.86219
G1 X-7.1 Y-2.613 E2.88135
G1 X-7.12 Y-2.769 E2.88545
;WIDTH:0.489225
G1 X-7.165 Y-2.815 E2.88728
;WIDTH:0.52845
G1 X-7.211 Y-2.862 E2.88932
;WIDTH:0.567676
G1 X-7.256 Y-2.908 E2.89147
;WIDTH:0.606901
G1 X-7.302 Y-2.954 E2.8938
G1 X-7.922 Y-2.933 E2.91603
;WIDTH:0.56851
G1 X-8.542 Y-2.912 E2.93678
;WIDTH:0.530118
G1 X-9.162 Y-2.891 E2.95604
;WIDTH:0.491726
G1 X-9.782 Y-2.87 E2.97382
;WIDTH:0.453334
G1 X-9.782 Y-3.272 E2.98438
G1 X-9.6 Y-3.296 E2.9892
;WIDTH:0.491726
G1 X-9.035 Y-3.354 E3.00548
;WIDTH:0.530118
G1 X-8.47 Y-3.411 E3.02311
;WIDTH:0.56851
G1 X-7.905 Y-3.469 E3.04211
;WIDTH:0.606901
G1 X-7.341 Y-3.526 E3.06243
G1 X-7.17 Y-3.569 E3.06875
;WIDTH:0.567676
G1 X-7 Y-3.612 E3.07461
;WIDTH:0.52845
G1 X-6.829 Y-3.655 E3.08007
;WIDTH:0.489225
G1 X-6.659 Y-3.698 E3.08507
;WIDTH:0.449999
G1 X-5.249 Y-3.89 E3.12215
G1 X.248 Y-3.89 E3.26538
G1 X1.659 Y-3.698 E3.30248
;WIDTH:0.489209
G1 X1.829 Y-3.655 E3.30748
;WIDTH:0.528419
G1 X2 Y-3.612 E3.31294
;WIDTH:0.567629
G1 X2.17 Y-3.569 E3.3188
;WIDTH:0.606838
G1 X2.341 Y-3.526 E3.32512
G1 X2.951 Y-3.464 E3.34709
;WIDTH:0.568435
G1 X3.562 Y-3.402 E3.36763
;WIDTH:0.530031
G1 X4.172 Y-3.34 E3.38667
;WIDTH:0.491627
G1 X4.783 Y-3.278 E3.40427
;WIDTH:0.453223
G1 X4.783 Y-2.877 E3.4148
G1 X4.572 Y-2.877 E3.42034
;WIDTH:0.491627
G1 X4.004 Y-2.896 E3.43662
;WIDTH:0.530031
G1 X3.437 Y-2.916 E3.45423
;WIDTH:0.568435
G1 X2.869 Y-2.935 E3.47324
;WIDTH:0.606838
G1 X2.302 Y-2.954 E3.49357
G1 X2.256 Y-2.908 E3.4959
;WIDTH:0.567629
G1 X2.211 Y-2.862 E3.49805
;WIDTH:0.528419
G1 X2.165 Y-2.816 E3.50006
;WIDTH:0.489209
G1 X2.12 Y-2.769 E3.50191
;WIDTH:0.449999
G1 X2.094 Y-2.642 E3.50529
G1 X2.127 Y-2.553 E3.50776
G1 X2.506 Y-1.97 E3.52588
G1 X2.752 Y-1.511 E3.53945
;WIDTH:0.47915
G1 X2.914 Y-1.094 E3.55192
;WIDTH:0.508301
G1 X3.076 Y-.678 E3.56518
G1 X3.177 Y-.637 E3.56842
;WIDTH:0.47915
G1 X3.278 Y-.596 E3.57146
;WIDTH:0.449999
G1 X7.762 Y-.596 E3.68829
G1 X7.77 Y.784 E3.72425
G1 X3.75 Y.784 E3.82899
G1 X3.601 Y.847 E3.83321
G1 X3.546 Y.965 E3.8366
G1 X2.993 Y.967 E3.85101
G1 X2.796 Y.062 E3.87514
;WIDTH:0.47915
G1 X2.725 Y-.199 E3.88268
;WIDTH:0.508301
G1 X2.654 Y-.461 E3.89074
G1 X2.46 Y-.935 E3.90595
;WIDTH:0.507518
G1 X2.352 Y-.99 E3.90954
;WIDTH:0.478759
G1 X2.243 Y-1.046 E3.91295
;WIDTH:0.449999
G1 X.344 Y-1.046 E3.96243
G1 X-.064 Y-1.49 E3.97814
G1 X-.699 Y-1.966 E3.99882
G1 X-1.402 Y-2.293 E4.01902
G1 X-2.145 Y-2.457 E4.03885
G1 X-2.901 Y-2.451 E4.05855
G1 X-3.641 Y-2.278 E4.07835
G1 X-4.301 Y-1.966 E4.09737
G1 X-4.965 Y-1.464 E4.11906
G1 X-5.344 Y-1.046 E4.13376
G1 X-7.243 Y-1.046 E4.18324
;WIDTH:0.475981
G1 X-7.352 Y-.986 E4.18668
;WIDTH:0.501963
G1 X-7.461 Y-.926 E4.19033
G1 X-7.679 Y-.378 E4.20761
;WIDTH:0.492472
G1 X-7.839 Y.201 E4.22485
;WIDTH:0.449999
G1 X-7.993 Y.967 E4.24521
G1 X-8.546 Y.965 E4.25962
G1 X-8.601 Y.847 E4.26301
G1 X-8.75 Y.784 E4.26723
G1 X-12.77 Y.785 E4.37197
G1 X-12.762 Y-.595 E4.40793
G1 X-8.401 Y-.596 E4.52156
;WIDTH:0.492472
G1 X-8.229 Y-.623 E4.52656
G1 X-7.979 Y-.936 F4800
G1 E2.52656 F2400
G92 E0
G1 Z8 F4800
G1 X-6.093 Y-2.173
G1 Z7.7
G1 E2 F2400
;TYPE:Solid infill
;WIDTH:0.406784
G1 F1200
G1 X-5.988 Y-2.455 E2.00703
G1 X-5.998 Y-2.65 E2.01159
G1 X-5.272 Y-2.749 E2.02871
G1 X-5.227 Y-2.723 E2.02992
G1 X-5.241 Y-2.673 E2.03113
G1 X-5.841 Y-2.173 E2.04938
G1 X-5.884 Y-2.173 E2.05038
G1 E.05038 F2400
G92 E0
G1 Z8 F4800
G1 X.202 Y-2.694
G1 Z7.7
G1 E2 F2400
;WIDTH:0.409005
G1 F1200
G1 X.226 Y-2.754 E2.00152
G1 X.997 Y-2.649 E2.01981
G1 X.979 Y-2.558 E2.02199
G1 X1.091 Y-2.174 E2.03139
G1 X.841 Y-2.174 E2.03726
G1 X.611 Y-2.394 E2.04474
G1 X.37 Y-2.571 E2.05177
;LAYER_CHANGE
;Z:7.85
;HEIGHT:0.15
G1 E.05177 F2400
G92 E0
G1 Z7.85 F4800
G1 Z8.15
G1 X-9.747 Y-3.143
G1 Z7.85
G1 E2 F2400
;TYPE:External perimeter
;WIDTH:0.562077
G1 F900
G1 X-9.469 Y-3.161 E2.00921
;WIDTH:0.599614
G1 X-9.192 Y-3.18 E2.01903
;WIDTH:0.63715
G1 X-8.915 Y-3.199 E2.0295
G1 E.0295 F2400
G92 E0
G1 Z8.15 F4800
G1 X4.747 Y-3.143
G1 Z7.85
G1 E2 F2400
;WIDTH:0.561922
G1 F900
G1 X4.469 Y-3.162 E2.00921
;WIDTH:0.599532
G1 X4.191 Y-3.18 E2.01907
;WIDTH:0.637142
G1 X3.913 Y-3.199 E2.02958
G1 E.02958 F2400
G92 E0
G1 Z8.15 F4800
G1 X-9.747 Y-.376
G1 Z7.85
G1 E2 F2400
;TYPE:Perimeter
;WIDTH:0.51329
G1 F900
G1 X-8.699 Y-.376 E2.03144
;WIDTH:0.530969
G1 X-8.093 Y-.388 E2.05029
G1 X-8.294 Y.237 E2.07071
G1 X-8.387 Y.174 E2.0742
G1 X-8.699 Y.105 E2.08414
;WIDTH:0.51329
G1 X-12.316 Y.105 E2.19266
G1 X-12.314 Y-.376 E2.20709
G1 X-9.807 Y-.376 E2.28231
G1 E.28231 F2400
G92 E0
G1 Z8.15 F4800
G1 X3.093 Y-.388
G1 Z7.85
G1 E2 F2400
;WIDTH:0.53097
G1 F900
G1 X3.153 Y-.367 E2.00198
G1 X3.699 Y-.376 E2.01897
;WIDTH:0.513291
G1 X7.314 Y-.376 E2.12743
G1 X7.316 Y.105 E2.14186
;WIDTH:0.51329
G1 X3.548 Y.105 E2.25491
;WIDTH:0.53097
G1 X3.294 Y.236 E2.2638
G1 X3.111 Y-.331 E2.28233
G1 E.28233 F2400
G92 E0
G1 Z8.15 F4800
G1 X.979 Y-2.759
G1 Z7.85
G1 E2 F2400
;WIDTH:0.628238
G1 F900
G1 X.972 Y-2.581 E2.00662
G1 X1.166 Y-2.2 E2.02251
G1 X1.13 Y-2.2 E2.02385
;WIDTH:0.63945
G1 X.404 Y-2.206 E2.05134
G1 X.112 Y-2.442 E2.06556
G1 X-.739 Y-2.93 E2.10271
G1 X-1.087 Y-3.028 E2.1164
;WIDTH:0.596111
G1 X-1.434 Y-3.125 E2.12907
G1 X-1.08 Y-3.055 E2.14176
;WIDTH:0.63945
G1 X-.726 Y-2.985 E2.15543
G1 X.919 Y-2.767 E2.21827
G1 E.21827 F2400
G92 E0
G1 Z8.15 F4800
G1 X-6.166 Y-2.2
G1 Z7.85
G1 E2 F2400
;WIDTH:0.628283
G1 F900
G1 X-5.972 Y-2.581 E2.01589
G1 X-5.979 Y-2.759 E2.02251
;WIDTH:0.639487
G1 X-3.99 Y-3.024 E2.0985
G1 X-4.48 Y-2.827 E2.1185
G1 X-5.112 Y-2.442 E2.14653
G1 X-5.404 Y-2.206 E2.16075
G1 X-6.106 Y-2.201 E2.18734
G1 E.18734 F2400
G92 E0
G1 Z8.15 F4800
G1 X-3.539 Y-3.132
G1 Z7.85
G1 E2 F2400
;WIDTH:0.547616
G1 F900
G1 X-2.778 Y-3.237 E2.02469
;WIDTH:0.544028
G1 X-2.222 Y-3.237 E2.04244
G1 X-1.672 Y-3.168 E2.06013
;WIDTH:0.552772
G1 X-1.434 Y-3.125 E2.06798
G1 E.06798 F2400
G92 E0
G1 Z8.15 F4800
G1 X-7.126 Y-1.691
G1 Z7.85
G1 E2 F2400
;WIDTH:0.449999
G1 F900
G1 X-6.892 Y-2.064 E2.01147
G1 X-6.555 Y-2.528 E2.02641
G1 X-6.459 Y-2.722 E2.03205
G1 X-6.473 Y-3.114 E2.04227
G1 X-6.581 Y-3.189 E2.0457
G1 X-2.809 Y-3.702 E2.14489
G1 X-2.191 Y-3.702 E2.16099
G1 X1.578 Y-3.189 E2.2601
G1 X1.473 Y-3.114 E2.26346
G1 X1.459 Y-2.722 E2.27368
G1 X1.555 Y-2.528 E2.27932
G1 X2.126 Y-1.691 E2.30572
G1 X.207 Y-1.693 E2.35572
G1 X-.155 Y-2.004 E2.36816
G1 X-.907 Y-2.446 E2.39089
G1 X-1.723 Y-2.713 E2.41326
G1 X-2.274 Y-2.775 E2.42771
G1 X-2.726 Y-2.775 E2.43949
G1 X-3.412 Y-2.682 E2.45753
G1 X-4.213 Y-2.389 E2.47975
G1 X-4.845 Y-2.004 E2.49903
G1 X-5.207 Y-1.693 E2.51147
G1 X-7.066 Y-1.691 E2.55991
G1 X-8.109 Y-.85 F4800
;TYPE:External perimeter
;WIDTH:0.490315
G1 F1350
G1 X-8.012 Y-.854 E2.56268
;WIDTH:0.510239
G1 X-7.936 Y-.935 E2.56599
;WIDTH:0.513289
G1 X-7.611 Y-1.643 E2.58936
;WIDTH:0.481644
G1 X-7.506 Y-1.872 E2.59642
;WIDTH:0.449999
G1 X-7.238 Y-2.298 E2.60953
G1 X-6.892 Y-2.774 E2.62486
G1 X-6.865 Y-2.969 E2.62999
;WIDTH:0.460049
G1 X-7.061 Y-3.11 E2.63643
G1 X-7.788 Y-3.086 E2.65584
;WIDTH:0.410859
G1 X-8.515 Y-3.061 E2.67302
;WIDTH:0.407583
G1 X-8.582 Y-3.084 E2.67468
;WIDTH:0.453496
G1 X-8.648 Y-3.107 E2.67652
;WIDTH:0.49941
G1 X-8.715 Y-3.13 E2.67858
;WIDTH:0.545323
G1 X-8.782 Y-3.153 E2.68085
;WIDTH:0.591237
G1 X-8.848 Y-3.176 E2.68329
;WIDTH:0.63715
G1 X-8.915 Y-3.199 E2.68596
G1 X-8.852 Y-3.231 E2.68863
;WIDTH:0.591237
G1 X-8.789 Y-3.262 E2.69108
;WIDTH:0.545323
G1 X-8.726 Y-3.294 E2.69334
;WIDTH:0.49941
G1 X-8.663 Y-3.326 E2.6954
;WIDTH:0.453496
G1 X-8.6 Y-3.358 E2.69726
;WIDTH:0.407583
G1 X-8.538 Y-3.389 E2.69888
;WIDTH:0.410859
G1 X-7.814 Y-3.463 E2.71607
;WIDTH:0.460049
G1 X-7.09 Y-3.536 E2.73549
G1 X-6.471 Y-3.626 E2.75218
;WIDTH:0.449999
G1 X-2.838 Y-4.12 E2.84771
G1 X-2.162 Y-4.12 E2.86532
G1 X1.471 Y-3.626 E2.96085
;WIDTH:0.459989
G1 X2.09 Y-3.536 E2.97754
G1 X2.813 Y-3.463 E2.99693
;WIDTH:0.41083
G1 X3.536 Y-3.389 E3.01409
;WIDTH:0.407583
G1 X3.599 Y-3.358 E3.01573
;WIDTH:0.453495
G1 X3.662 Y-3.326 E3.01759
;WIDTH:0.499407
G1 X3.725 Y-3.294 E3.01965
;WIDTH:0.545319
G1 X3.788 Y-3.263 E3.0219
;WIDTH:0.59123
G1 X3.85 Y-3.231 E3.02433
;WIDTH:0.637142
G1 X3.913 Y-3.199 E3.027
G1 X3.847 Y-3.176 E3.02964
;WIDTH:0.59123
G1 X3.78 Y-3.153 E3.03211
;WIDTH:0.545319
G1 X3.714 Y-3.13 E3.03435
;WIDTH:0.499407
G1 X3.647 Y-3.107 E3.03641
;WIDTH:0.453495
G1 X3.581 Y-3.084 E3.03825
;WIDTH:0.407583
G1 X3.514 Y-3.061 E3.03991
;WIDTH:0.41083
G1 X2.788 Y-3.086 E3.05706
;WIDTH:0.459989
G1 X2.061 Y-3.111 E3.07647
G1 X1.865 Y-2.969 E3.08293
;WIDTH:0.449999
G1 X1.892 Y-2.774 E3.08806
G1 X2.238 Y-2.298 E3.10339
G1 X2.512 Y-1.86 E3.11685
;WIDTH:0.481245
G1 X2.625 Y-1.614 E3.12443
;WIDTH:0.51249
G1 X2.737 Y-1.369 E3.1325
;WIDTH:0.513852
G1 X2.956 Y-.897 E3.14813
G1 X3.055 Y-.861 E3.15129
;WIDTH:0.481926
G1 X3.153 Y-.826 E3.15421
;WIDTH:0.449999
G1 X7.76 Y-.826 E3.27425
G1 X7.768 Y.554 E3.31021
G1 X3.617 Y.554 E3.41837
G1 X3.497 Y.735 E3.42403
G1 X2.935 Y.737 E3.43867
G1 X2.864 Y.416 E3.44724
G1 X2.682 Y-.17 E3.46323
;WIDTH:0.481926
G1 X2.611 Y-.414 E3.47036
;WIDTH:0.513852
G1 X2.54 Y-.657 E3.47796
G1 X2.301 Y-1.168 E3.49491
;WIDTH:0.51249
G1 X2.192 Y-1.222 E3.49855
;WIDTH:0.481245
G1 X2.083 Y-1.276 E3.50196
;WIDTH:0.449999
G1 X.046 Y-1.276 E3.55504
G1 X-.372 Y-1.648 E3.56962
G1 X-1.044 Y-2.051 E3.59004
G1 X-1.77 Y-2.298 E3.61002
G1 X-2.321 Y-2.36 E3.62447
G1 X-2.679 Y-2.36 E3.6338
G1 X-3.275 Y-2.287 E3.64945
G1 X-3.996 Y-2.032 E3.66938
G1 X-4.66 Y-1.624 E3.68969
G1 X-5.046 Y-1.275 E3.70325
G1 X-7.083 Y-1.275 E3.75633
;WIDTH:0.481245
G1 X-7.192 Y-1.222 E3.75972
;WIDTH:0.512491
G1 X-7.301 Y-1.168 E3.76336
G1 X-7.577 Y-.547 E3.78372
;WIDTH:0.490315
G1 X-7.776 Y.108 E3.80328
;WIDTH:0.449999
G1 X-7.935 Y.737 E3.82018
G1 X-8.497 Y.735 E3.83482
G1 X-8.551 Y.616 E3.83822
G1 X-8.699 Y.555 E3.84239
G1 X-12.768 Y.555 E3.94841
G1 X-12.76 Y-.825 E3.98437
G1 X-8.699 Y-.825 E4.09018
;WIDTH:0.490315
G1 X-8.169 Y-.848 E4.10534
G1 X-7.862 Y-1.104 F4800
;LAYER_CHANGE
;Z:8
;HEIGHT:0.15
G1 E2.10534 F2400
G92 E0
G1 Z8 F4800
G1 Z8.3
G1 X-9.922 Y-3.198
G1 Z8
G1 E2 F2400
;WIDTH:0.417757
G1 F900
G1 X-9.293 Y-3.24 E2.01516
;WIDTH:0.463325
G1 X-8.664 Y-3.283 E2.03211
;WIDTH:0.508892
G1 X-8.035 Y-3.325 E2.05085
;WIDTH:0.554459
G1 X-7.406 Y-3.368 E2.07138
;WIDTH:0.600026
G1 X-6.778 Y-3.41 E2.09367
G1 X-7.177 Y-3.383 F4800
G1 E.09367 F2400
G92 E0
G1 Z8.3 F4800
G1 X1.767 Y-3.411
G1 Z8
G1 E2 F2400
;WIDTH:0.601608
G1 F900
G1 X1.777 Y-3.41 E2.00036
;WIDTH:0.599914
G1 X2.406 Y-3.368 E2.02268
;WIDTH:0.554369
G1 X3.035 Y-3.325 E2.04321
;WIDTH:0.508825
G1 X3.664 Y-3.283 E2.06195
;WIDTH:0.46328
G1 X4.293 Y-3.24 E2.0789
;WIDTH:0.417735
G1 X4.922 Y-3.198 E2.09406
G1 X4.523 Y-3.225 F4800
G1 E.09406 F2400
G92 E0
G1 Z8.3 F4800
G1 X-9.922 Y-.606
G1 Z8
G1 E2 F2400
;TYPE:Perimeter
;WIDTH:0.513291
G1 F900
G1 X-8.635 Y-.606 E2.03861
;WIDTH:0.535056
G1 X-7.973 Y-.612 E2.05937
G1 X-8.202 Y.032 E2.0808
G1 X-8.384 Y-.087 E2.08762
G1 X-8.635 Y-.125 E2.09558
;WIDTH:0.513291
G1 X-12.314 Y-.125 E2.20596
G1 X-12.312 Y-.606 E2.22039
G1 X-9.982 Y-.606 E2.2903
G1 E.2903 F2400
G92 E0
G1 Z8.3 F4800
G1 X3.635 Y-.606
G1 Z8
G1 E2 F2400
G1 F900
G1 X7.312 Y-.606 E2.11032
G1 X7.314 Y-.125 E2.12475
G1 X3.467 Y-.125 E2.24017
;WIDTH:0.535058
G1 X3.202 Y.032 E2.24983
G1 X2.973 Y-.612 E2.27126
G1 X3.005 Y-.595 E2.2724
G1 X3.575 Y-.605 E2.29028
G1 E.29028 F2400
G92 E0
G1 Z8.3 F4800
G1 X-6.053 Y-2.35
G1 Z8
G1 E2 F2400
;WIDTH:0.468647
G1 F900
G1 X-5.83 Y-2.664 E2.01048
G1 X-5.887 Y-2.754 E2.01338
G1 X-5.664 Y-2.785 E2.01951
;WIDTH:0.509499
G1 X-4.77 Y-2.886 E2.04629
;WIDTH:0.554535
G1 X-4.331 Y-2.923 E2.06064
;WIDTH:0.59957
G1 X-3.892 Y-2.96 E2.07623
G1 X-4.023 Y-2.89 E2.08149
;WIDTH:0.565567
G1 X-4.457 Y-2.653 E2.09794
;WIDTH:0.537533
G1 X-4.891 Y-2.416 E2.11352
;WIDTH:0.509499
G1 X-5.03 Y-2.371 E2.11787
G1 X-5.993 Y-2.351 E2.14654
G1 E.14654 F2400
G92 E0
G1 Z8.3 F4800
G1 X.885 Y-2.755
G1 Z8
G1 E2 F2400
;WIDTH:0.468603
G1 F900
G1 X.83 Y-2.664 E2.00289
G1 X1.053 Y-2.35 E2.01337
G1 X.634 Y-2.35 E2.02477
;WIDTH:0.509468
G1 X-.046 Y-2.371 E2.04502
G1 X-.329 Y-2.552 E2.05502
;WIDTH:0.548318
G1 X-.765 Y-2.765 E2.07064
;WIDTH:0.587168
G1 X-1.201 Y-2.978 E2.08743
G1 X-.955 Y-2.969 E2.09595
;WIDTH:0.539439
G1 X.063 Y-2.846 E2.12839
;WIDTH:0.509468
G1 X.825 Y-2.761 E2.15121
G1 E.15121 F2400
G92 E0
G1 Z8.3 F4800
G1 X-3.892 Y-2.96
G1 Z8
G1 E2 F2400
;WIDTH:0.59957
G1 F900
G1 X-3.493 Y-3.033 E2.01435
;WIDTH:0.561573
G1 X-3.095 Y-3.106 E2.02771
;WIDTH:0.550387
G1 X-2.797 Y-3.133 E2.03738
;WIDTH:0.577198
G1 X-2.5 Y-3.16 E2.04752
G1 X-2.25 Y-3.141 E2.05604
;WIDTH:0.548253
G1 X-2 Y-3.121 E2.06411
;WIDTH:0.553238
G1 X-1.6 Y-3.05 E2.07731
;WIDTH:0.587168
G1 X-1.201 Y-2.978 E2.09134
G1 E.09134 F2400
G92 E0
G1 Z8.3 F4800
G1 X-6.91 Y-1.937
G1 Z8
G1 E2 F2400
;WIDTH:0.449999
G1 F900
G1 X-6.612 Y-2.35 E2.01327
G1 X-6.214 Y-2.852 E2.02996
G1 X-6.381 Y-3.118 E2.03814
G1 X-2.5 Y-3.646 E2.14019
G1 X1.374 Y-3.119 E2.24206
G1 X1.214 Y-2.852 E2.25017
G1 X1.298 Y-2.723 E2.25418
G1 X1.623 Y-2.335 E2.26737
G1 X1.903 Y-1.923 E2.28035
G1 X-.19 Y-1.923 E2.33488
G1 X-.521 Y-2.148 E2.34531
G1 X-1.309 Y-2.504 E2.36784
G1 X-2.145 Y-2.679 E2.39009
G1 X-2.994 Y-2.663 E2.41222
G1 X-3.82 Y-2.46 E2.43438
G1 X-4.479 Y-2.148 E2.45338
G1 X-4.81 Y-1.923 E2.46381
G1 X-6.85 Y-1.937 E2.51696
G1 X-7.901 Y-1.104 F4800
;TYPE:External perimeter
;WIDTH:0.479428
G1 F1350
G1 X-7.899 Y-1.105 E2.51702
;WIDTH:0.508856
G1 X-7.793 Y-1.155 E2.5205
;WIDTH:0.523743
G1 X-7.349 Y-1.988 E2.54944
;WIDTH:0.486871
G1 X-7.23 Y-2.212 E2.55663
;WIDTH:0.449999
G1 X-6.932 Y-2.619 E2.56977
G1 X-6.59 Y-3.035 E2.5838
;WIDTH:0.487506
G1 X-6.637 Y-3.129 E2.58678
;WIDTH:0.525013
G1 X-6.684 Y-3.223 E2.59001
;WIDTH:0.562519
G1 X-6.731 Y-3.316 E2.59346
;WIDTH:0.600026
G1 X-6.778 Y-3.41 E2.59718
G1 X-6.528 Y-3.463 E2.60623
;WIDTH:0.562519
G1 X-6.278 Y-3.516 E2.61468
;WIDTH:0.525013
G1 X-6.028 Y-3.569 E2.62253
;WIDTH:0.487506
G1 X-5.778 Y-3.622 E2.62979
;WIDTH:0.449999
G1 X-2.5 Y-4.068 E2.71599
G1 X.778 Y-3.622 E2.80219
;WIDTH:0.487902
G1 X1.025 Y-3.569 E2.80937
;WIDTH:0.525804
G1 X1.272 Y-3.517 E2.81714
;WIDTH:0.563706
G1 X1.519 Y-3.464 E2.82551
;WIDTH:0.601608
G1 X1.767 Y-3.411 E2.83452
G1 X1.722 Y-3.317 E2.83822
;WIDTH:0.563706
G1 X1.678 Y-3.223 E2.84166
;WIDTH:0.525804
G1 X1.634 Y-3.129 E2.84485
;WIDTH:0.487902
G1 X1.59 Y-3.035 E2.8478
;WIDTH:0.449999
G1 X1.961 Y-2.581 E2.86308
G1 X2.264 Y-2.159 E2.87662
;WIDTH:0.482171
G1 X2.402 Y-1.898 E2.8849
;WIDTH:0.514343
G1 X2.793 Y-1.155 E2.91015
;WIDTH:0.508861
G1 X2.899 Y-1.105 E2.91363
;WIDTH:0.47943
G1 X3.005 Y-1.055 E2.9169
;WIDTH:0.449999
G1 X7.759 Y-1.056 E3.04077
G1 X7.767 Y.325 E3.07675
G1 X3.635 Y.325 E3.18441
G1 X3.49 Y.383 E3.18848
G1 X3.436 Y.505 E3.19196
G1 X2.857 Y.507 E3.20705
G1 X2.768 Y.188 E3.21568
G1 X2.564 Y-.396 E3.2318
;WIDTH:0.47943
G1 X2.468 Y-.664 E3.23974
;WIDTH:0.508861
G1 X2.372 Y-.931 E3.24817
;WIDTH:0.523723
G1 X2.081 Y-1.465 E3.26681
G1 X1.992 Y-1.485 E3.26961
;WIDTH:0.486861
G1 X1.903 Y-1.505 E3.2722
;WIDTH:0.449999
G1 X-.325 Y-1.505 E3.33025
G1 X-.699 Y-1.77 E3.34219
G1 X-1.402 Y-2.097 E3.36239
G1 X-2.145 Y-2.261 E3.38222
G1 X-2.901 Y-2.256 E3.40192
G1 X-3.641 Y-2.082 E3.42173
G1 X-4.301 Y-1.77 E3.44075
G1 X-4.675 Y-1.505 E3.45269
G1 X-6.87 Y-1.505 E3.50988
;WIDTH:0.486871
G1 X-6.976 Y-1.485 E3.51294
;WIDTH:0.523743
G1 X-7.081 Y-1.465 E3.51622
G1 X-7.114 Y-1.412 E3.51813
;WIDTH:0.514339
G1 X-7.387 Y-.901 E3.53555
;WIDTH:0.509381
G1 X-7.539 Y-.493 E3.54851
;WIDTH:0.47969
G1 X-7.691 Y-.085 E3.56066
;WIDTH:0.449999
G1 X-7.857 Y.507 E3.57668
G1 X-8.436 Y.505 E3.59177
G1 X-8.49 Y.384 E3.59522
G1 X-8.635 Y.325 E3.5993
G1 X-12.766 Y.325 E3.70694
G1 X-12.758 Y-1.055 E3.7429
G1 X-8.005 Y-1.055 E3.86674
;WIDTH:0.479428
G1 X-7.956 Y-1.078 E3.86825
G1 X-7.687 Y-1.374 F4800
M106 S247.35
;LAYER_CHANGE
;Z:8.15
;HEIGHT:0.15
G1 E1.86825 F2400
G92 E0
G1 Z8.15 F4800
G1 Z8.45
G1 X1.451 Y-3.499
G1 Z8.15
G1 E2 F2400
;WIDTH:0.37219
G1 F900
G1 X2.815 Y-3.407 E2.02899
G1 X2.416 Y-3.434 F4800
G1 E.02899 F2400
G92 E0
G1 Z8.45 F4800
G1 X-7.816 Y-3.407
G1 Z8.15
G1 E2 F2400
G1 F900
G1 X-6.457 Y-3.499 E2.02888
G1 X-6.856 Y-3.472 F4800
G1 E.02888 F2400
G92 E0
G1 Z8.45 F4800
G1 X-7.87 Y-.822
G1 Z8.15
G1 E2 F2400
;TYPE:Perimeter
;WIDTH:0.542174
G1 F900
G1 X-7.857 Y-.821 E2.00041
G1 X-8.109 Y-.195 E2.02187
G1 X-8.324 Y-.327 E2.02989
G1 X-8.558 Y-.355 E2.03739
;WIDTH:0.51329
G1 X-12.313 Y-.355 E2.15005
G1 X-12.31 Y-.836 E2.16448
G1 X-8.558 Y-.836 E2.27705
;WIDTH:0.542174
G1 X-7.93 Y-.823 E2.29703
G1 E.29703 F2400
G92 E0
G1 Z8.45 F4800
G1 X2.858 Y-.821
G1 Z8.15
G1 E2 F2400
;WIDTH:0.543746
G1 F900
G1 X3.558 Y-.836 E2.02234
;WIDTH:0.513291
G1 X7.31 Y-.836 E2.13491
G1 X7.313 Y-.355 E2.14934
G1 X3.459 Y-.355 E2.26497
;WIDTH:0.543746
G1 X3.09 Y-.193 E2.27783
G1 X2.879 Y-.764 E2.29725
G1 E.29725 F2400
G92 E0
G1 Z8.45 F4800
G1 X-5.611 Y-2.637
G1 Z8.15
G1 E2 F2400
;WIDTH:0.60957
G1 F900
G1 X-5.407 Y-2.651 E2.00736
;WIDTH:0.63715
G1 X-5.203 Y-2.664 E2.01507
G1 X-5.141 Y-2.696 E2.0177
;WIDTH:0.591237
G1 X-5.078 Y-2.728 E2.02016
;WIDTH:0.545323
G1 X-5.015 Y-2.76 E2.02242
;WIDTH:0.49941
G1 X-4.952 Y-2.791 E2.02447
;WIDTH:0.453496
G1 X-4.889 Y-2.823 E2.02633
;WIDTH:0.407583
G1 X-4.827 Y-2.855 E2.02796
;WIDTH:0.389378
G1 X-4.419 Y-2.896 E2.03709
;WIDTH:0.431425
G1 X-4.313 Y-2.889 E2.03973
;WIDTH:0.473471
G1 X-4.208 Y-2.882 E2.04263
;WIDTH:0.515517
G1 X-4.103 Y-2.875 E2.0458
;WIDTH:0.557564
G1 X-3.997 Y-2.869 E2.04928
;WIDTH:0.59961
G1 X-3.892 Y-2.862 E2.053
G1 X-3.977 Y-2.801 E2.0567
;WIDTH:0.557564
G1 X-4.063 Y-2.74 E2.06015
;WIDTH:0.515517
G1 X-4.149 Y-2.679 E2.06333
;WIDTH:0.473471
G1 X-4.234 Y-2.618 E2.06621
;WIDTH:0.431425
G1 X-4.32 Y-2.557 E2.06884
;WIDTH:0.389378
G1 X-4.804 Y-2.527 E2.07964
;WIDTH:0.407583
G1 X-4.871 Y-2.55 E2.0813
;WIDTH:0.453496
G1 X-4.937 Y-2.573 E2.08314
;WIDTH:0.49941
G1 X-5.004 Y-2.596 E2.0852
;WIDTH:0.545323
G1 X-5.07 Y-2.619 E2.08744
;WIDTH:0.591237
G1 X-5.137 Y-2.641 E2.0899
;WIDTH:0.63715
G1 X-5.147 Y-2.645 E2.09031
G1 E.09031 F2400
G92 E0
G1 Z8.45 F4800
G1 X-.121 Y-2.828
G1 Z8.15
G1 E2 F2400
;WIDTH:0.407582
G1 F900
G1 X-.111 Y-2.823 E2.00026
;WIDTH:0.453494
G1 X-.048 Y-2.791 E2.00212
;WIDTH:0.499406
G1 X.014 Y-2.76 E2.00414
;WIDTH:0.545318
G1 X.077 Y-2.728 E2.0064
;WIDTH:0.59123
G1 X.14 Y-2.696 E2.00886
;WIDTH:0.637142
G1 X.203 Y-2.664 E2.01153
G1 X.136 Y-2.642 E2.01419
;WIDTH:0.59123
G1 X.07 Y-2.619 E2.01663
;WIDTH:0.545318
G1 X.003 Y-2.596 E2.0189
;WIDTH:0.499406
G1 X-.063 Y-2.573 E2.02094
;WIDTH:0.453494
G1 X-.13 Y-2.55 E2.0228
;WIDTH:0.407582
G1 X-.196 Y-2.527 E2.02444
;WIDTH:0.389356
G1 X-.68 Y-2.557 E2.03524
;WIDTH:0.438809
G1 X-.811 Y-2.638 E2.03915
;WIDTH:0.488262
G1 X-.941 Y-2.719 E2.04351
;WIDTH:0.537715
G1 X-1.071 Y-2.8 E2.04834
;WIDTH:0.587168
G1 X-1.201 Y-2.881 E2.05364
G1 X-1.12 Y-2.889 E2.05646
;WIDTH:0.548084
G1 X-1.04 Y-2.898 E2.05905
;WIDTH:0.509
G1 X-.959 Y-2.907 E2.06147
;WIDTH:0.469916
G1 X-.697 Y-2.889 E2.06864
;WIDTH:0.433834
G1 X-.436 Y-2.872 E2.07519
;WIDTH:0.397752
G1 X-.175 Y-2.855 E2.08115
G1 X.203 Y-2.664 F4800
;WIDTH:0.637142
G1 F900
G1 X.407 Y-2.651 E2.08886
;WIDTH:0.609522
G1 X.611 Y-2.637 E2.09622
G1 E.09622 F2400
G92 E0
G1 Z8.45 F4800
G1 X-3.892 Y-2.862
G1 Z8.15
G1 E2 F2400
;WIDTH:0.59961
G1 F900
G1 X-3.493 Y-2.935 E2.01435
;WIDTH:0.561595
G1 X-3.095 Y-3.008 E2.02771
;WIDTH:0.550389
G1 X-2.797 Y-3.035 E2.03738
;WIDTH:0.577198
G1 X-2.5 Y-3.062 E2.04752
G1 X-2.25 Y-3.043 E2.05604
;WIDTH:0.548253
G1 X-2 Y-3.023 E2.06411
;WIDTH:0.553238
G1 X-1.6 Y-2.952 E2.07731
;WIDTH:0.587168
G1 X-1.201 Y-2.881 E2.09134
G1 E.09134 F2400
G92 E0
G1 Z8.45 F4800
G1 X-6.685 Y-2.153
G1 Z8.15
G1 E2 F2400
;WIDTH:0.449999
G1 F900
G1 X-6.329 Y-2.588 E2.01465
G1 X-5.98 Y-2.95 E2.02775
G1 X-6.034 Y-3.068 E2.03113
G1 X-2.5 Y-3.548 E2.12406
G1 X1.031 Y-3.068 E2.21691
G1 X.992 Y-2.936 E2.2205
G1 X1.685 Y-2.153 E2.24774
G1 X-.73 Y-2.153 E2.31066
G1 X-1.309 Y-2.406 E2.32712
G1 X-2.145 Y-2.581 E2.34937
G1 X-2.994 Y-2.565 E2.3715
G1 X-3.815 Y-2.364 E2.39352
G1 X-4.27 Y-2.153 E2.40659
G1 X-6.625 Y-2.153 E2.46795
G1 X-7.744 Y-1.327 F4800
;TYPE:External perimeter
;WIDTH:0.514985
G1 F1350
G1 X-7.647 Y-1.351 E2.47096
G1 X-7.62 Y-1.396 E2.47254
;WIDTH:0.511796
G1 X-7.225 Y-2.094 E2.49653
;WIDTH:0.482283
G1 X-6.937 Y-2.515 E2.51085
;WIDTH:0.449999
G1 X-6.307 Y-3.211 E2.53531
G1 X-6.382 Y-3.355 E2.53954
;WIDTH:0.411095
G1 X-6.457 Y-3.499 E2.54338
G1 X-6.095 Y-3.515 E2.55194
;WIDTH:0.449999
G1 X-5.732 Y-3.53 E2.56141
G1 X-2.5 Y-3.97 E2.6464
G1 X.733 Y-3.53 E2.73141
G1 X1.092 Y-3.515 E2.74077
;WIDTH:0.411095
G1 X1.451 Y-3.499 E2.74926
G1 X1.377 Y-3.358 E2.75302
;WIDTH:0.449999
G1 X1.302 Y-3.216 E2.7572
G1 X2.031 Y-2.387 E2.78596
;WIDTH:0.484123
G1 X2.176 Y-2.148 E2.79384
;WIDTH:0.518246
G1 X2.625 Y-1.388 E2.8206
;WIDTH:0.512175
G1 X2.733 Y-1.337 E2.82418
;WIDTH:0.481087
G1 X2.841 Y-1.285 E2.82754
;WIDTH:0.449999
G1 X7.757 Y-1.285 E2.95563
G1 X7.765 Y.095 E2.99159
G1 X3.558 Y.095 E3.10121
G1 X3.416 Y.15 E3.10518
G1 X3.362 Y.275 E3.10873
G1 X2.765 Y.277 E3.12429
G1 X2.435 Y-.629 E3.14941
;WIDTH:0.481087
G1 X2.322 Y-.889 E3.15735
;WIDTH:0.512175
G1 X2.209 Y-1.15 E3.16586
;WIDTH:0.518223
G1 X1.905 Y-1.655 E3.18373
G1 X1.802 Y-1.695 E3.18708
;WIDTH:0.484111
G1 X1.699 Y-1.735 E3.19019
;WIDTH:0.449999
G1 X-.822 Y-1.735 E3.25588
G1 X-1.402 Y-1.999 E3.27248
G1 X-2.145 Y-2.163 E3.29231
G1 X-2.901 Y-2.158 E3.31201
G1 X-3.64 Y-1.985 E3.33179
G1 X-4.178 Y-1.735 E3.34725
G1 X-6.126 Y-1.735 E3.39801
;WIDTH:0.482283
G1 X-6.829 Y-1.71 E3.41776
;WIDTH:0.515417
G1 X-6.905 Y-1.652 E3.42064
G1 X-7.236 Y-1.099 E3.44006
;WIDTH:0.514985
G1 X-7.402 Y-.7 E3.45307
;WIDTH:0.482492
G1 X-7.568 Y-.3 E3.46523
;WIDTH:0.449999
G1 X-7.773 Y.277 E3.48118
G1 X-8.362 Y.276 E3.49653
G1 X-8.414 Y.152 E3.50003
G1 X-8.558 Y.095 E3.50407
G1 X-12.765 Y.095 E3.61369
G1 X-12.757 Y-1.285 E3.64965
G1 X-7.912 Y-1.285 E3.77589
;WIDTH:0.482492
G1 X-7.802 Y-1.312 E3.77907
G1 X-7.517 Y-1.593 F4800
M106 S252.45
;LAYER_CHANGE
;Z:8.3
;HEIGHT:0.150001
G1 Z8.3 F4800
G1 X-7.82 Y-1.051
;TYPE:Perimeter
;WIDTH:0.548924
G1 F900
G1 X-7.699 Y-1.048 E3.78297
G1 X-7.984 Y-.432 E3.80484
G1 X-8.12 Y-.506 E3.80983
G1 X-8.468 Y-.585 E3.82133
;WIDTH:0.51329
G1 X-12.311 Y-.584 E3.93663
G1 X-12.308 Y-1.066 E3.95109
G1 X-8.468 Y-1.066 E4.0663
;WIDTH:0.548924
G1 X-7.88 Y-1.052 E4.08525
G1 E2.08525 F2400
G92 E0
G1 Z8.6 F4800
G1 X3.012 Y-.426
G1 Z8.3
G1 E2 F2400
;WIDTH:0.548925
G1 F900
G1 X2.699 Y-1.048 E2.02244
G1 X3.468 Y-1.066 E2.04723
;WIDTH:0.513292
G1 X7.308 Y-1.066 E2.16244
G1 X7.311 Y-.585 E2.17687
G1 X3.468 Y-.585 E2.29217
;WIDTH:0.548925
G1 X3.209 Y-.551 E2.30059
G1 X3.063 Y-.458 E2.30617
G1 E.30617 F2400
G92 E0
G1 Z8.6 F4800
G1 X-4.628 Y-2.77
G1 Z8.3
G1 E2 F2400
;WIDTH:0.428327
G1 F900
G1 X-4.335 Y-2.79 E2.00726
;WIDTH:0.46799
G1 X-4.042 Y-2.81 E2.01524
;WIDTH:0.507653
G1 X-3.749 Y-2.83 E2.02395
;WIDTH:0.547316
G1 X-3.456 Y-2.849 E2.03338
G1 X-2.855 Y-2.94 E2.05291
;WIDTH:0.529172
G1 X-2.145 Y-2.94 E2.07492
;WIDTH:0.5473
G1 X-1.544 Y-2.849 E2.09445
G1 X-1.251 Y-2.83 E2.10388
;WIDTH:0.507644
G1 X-.958 Y-2.81 E2.11259
;WIDTH:0.467988
G1 X-.665 Y-2.79 E2.12057
;WIDTH:0.428332
G1 X-.372 Y-2.77 E2.12783
G1 E.12783 F2400
G92 E0
G1 Z8.6 F4800
G1 X-6.291 Y-2.451
G1 Z8.3
G1 E2 F2400
;WIDTH:0.559322
G1 F900
G1 X-5.767 Y-2.951 E2.02381
G1 X-5.683 Y-2.962 E2.02659
;WIDTH:0.601238
G1 X-5.066 Y-3.025 E2.0486
G1 X-4.97 Y-3.057 E2.05219
;WIDTH:0.563429
G1 X-4.873 Y-3.089 E2.05557
;WIDTH:0.525619
G1 X-4.777 Y-3.122 E2.05869
;WIDTH:0.487809
G1 X-4.681 Y-3.154 E2.06157
;WIDTH:0.449999
G1 X-2.5 Y-3.45 E2.11892
G1 X-.32 Y-3.154 E2.17624
;WIDTH:0.487809
G1 X-.223 Y-3.122 E2.17914
;WIDTH:0.525618
G1 X-.127 Y-3.089 E2.18226
;WIDTH:0.563428
G1 X-.031 Y-3.057 E2.18561
;WIDTH:0.601237
G1 X.065 Y-3.025 E2.1892
G1 X.767 Y-2.951 E2.21425
;WIDTH:0.559276
G1 X1.302 Y-2.438 E2.23861
G1 X.647 Y-2.438 E2.26014
;WIDTH:0.601237
G1 X.027 Y-2.459 E2.28215
G1 X-.073 Y-2.44 E2.28576
;WIDTH:0.563428
G1 X-.172 Y-2.421 E2.2891
;WIDTH:0.525618
G1 X-.272 Y-2.402 E2.29223
;WIDTH:0.487809
G1 X-.372 Y-2.383 E2.29512
;WIDTH:0.449999
G1 X-1.585 Y-2.383 E2.32673
G1 X-2.145 Y-2.483 E2.34155
G1 X-2.855 Y-2.483 E2.36005
G1 X-3.409 Y-2.383 E2.37472
G1 X-4.628 Y-2.383 E2.40648
;WIDTH:0.487809
G1 X-4.728 Y-2.402 E2.40937
;WIDTH:0.525619
G1 X-4.828 Y-2.421 E2.4125
;WIDTH:0.563429
G1 X-4.928 Y-2.44 E2.41587
;WIDTH:0.601238
G1 X-5.028 Y-2.459 E2.41948
G1 X-5.647 Y-2.438 E2.44146
;WIDTH:0.559322
G1 X-6.231 Y-2.45 E2.46066
G1 X-7.82 Y-1.515 F4800
;TYPE:External perimeter
;WIDTH:0.449999
G1 F1350
G1 X-7.661 Y-1.515 E2.4648
;WIDTH:0.486583
G1 X-7.568 Y-1.54 E2.46753
;WIDTH:0.523167
G1 X-7.475 Y-1.564 E2.47047
G1 X-7.343 Y-1.763 E2.47778
;WIDTH:0.514497
G1 X-6.943 Y-2.385 E2.50002
;WIDTH:0.478267
G1 X-6.636 Y-2.775 E2.51383
;WIDTH:0.449999
G1 X-5.983 Y-3.398 E2.53735
G1 X-2.5 Y-3.872 E2.62894
G1 X.983 Y-3.398 E2.72053
G1 X1.765 Y-2.621 E2.74925
;WIDTH:0.487869
G1 X1.985 Y-2.304 E2.76022
;WIDTH:0.525739
G1 X2.475 Y-1.564 E2.78754
;WIDTH:0.523163
G1 X2.568 Y-1.54 E2.79048
;WIDTH:0.486581
G1 X2.661 Y-1.515 E2.79321
;WIDTH:0.449999
G1 X7.755 Y-1.515 E2.92594
G1 X7.763 Y-.135 E2.9619
G1 X3.468 Y-.135 E3.07381
G1 X3.361 Y-.106 E3.0767
G1 X3.275 Y.045 E3.08123
G1 X2.662 Y.047 E3.0972
G1 X2.456 Y-.475 E3.11182
;WIDTH:0.462358
G1 X2.216 Y-.986 E3.12696
;WIDTH:0.490251
G1 X2.083 Y-1.237 E3.13507
;WIDTH:0.518144
G1 X1.949 Y-1.489 E3.14372
;WIDTH:0.524566
G1 X1.66 Y-1.899 E3.15912
G1 X1.56 Y-1.932 E3.16235
;WIDTH:0.487283
G1 X1.46 Y-1.965 E3.16534
;WIDTH:0.449999
G1 X-1.633 Y-1.965 E3.24593
G1 X-2.145 Y-2.065 E3.25952
G1 X-2.855 Y-2.065 E3.27802
G1 X-3.367 Y-1.965 E3.29161
G1 X-6.46 Y-1.965 E3.3722
;WIDTH:0.48518
G1 X-6.559 Y-1.932 E3.37515
;WIDTH:0.520361
G1 X-6.658 Y-1.898 E3.37834
G1 X-6.958 Y-1.471 E3.39423
;WIDTH:0.514851
G1 X-7.089 Y-1.219 E3.40278
;WIDTH:0.483389
G1 X-7.221 Y-.967 E3.41078
;WIDTH:0.451926
G1 X-7.456 Y-.475 E3.42505
;WIDTH:0.449999
G1 X-7.662 Y.047 E3.43967
G1 X-8.275 Y.046 E3.45564
G1 X-8.327 Y-.08 E3.45919
G1 X-8.468 Y-.135 E3.46313
G1 X-12.763 Y-.135 E3.57504
G1 X-12.755 Y-1.515 E3.611
G1 X-7.88 Y-1.515 E3.73802
G1 X-7.488 Y-1.596 F4800
;LAYER_CHANGE
;Z:8.45
;HEIGHT:0.15
G1 Z8.45 F4800
G1 X-7.534 Y-1.272
;TYPE:Perimeter
;WIDTH:0.560364
G1 F900
G1 X-7.808 Y-.697 E3.759
G1 X-7.873 Y-.656 E3.76153
G1 X-8.067 Y-.77 E3.76894
G1 X-8.364 Y-.814 E3.77883
;WIDTH:0.513291
G1 X-12.309 Y-.814 E3.89719
G1 X-12.306 Y-1.295 E3.91162
G1 X-8.364 Y-1.296 E4.02989
;WIDTH:0.560364
G1 X-7.594 Y-1.274 E4.05526
G1 E2.05526 F2400
G92 E0
G1 Z8.75 F4800
G1 X2.828 Y-.688
G1 Z8.45
G1 E2 F2400
;WIDTH:0.555989
G1 F900
G1 X2.532 Y-1.274 E2.02145
G1 X3.364 Y-1.296 E2.04864
;WIDTH:0.513292
G1 X7.306 Y-1.296 E2.16691
G1 X7.309 Y-.815 E2.18134
G1 X3.364 Y-.815 E2.2997
;WIDTH:0.555989
G1 X3.081 Y-.774 E2.30904
G1 X2.88 Y-.654 E2.31669
G1 E.31669 F2400
G92 E0
G1 Z8.75 F4800
G1 X-6.188 Y-2.568
G1 Z8.45
G1 E2 F2400
;WIDTH:0.390999
G1 F900
G1 X-5.848 Y-2.892 E2.01051
G1 X-5.748 Y-2.941 E2.013
;WIDTH:0.43462
G1 X-5.098 Y-3.007 E2.0294
;WIDTH:0.478241
G1 X-4.449 Y-3.073 E2.04755
;WIDTH:0.521862
G1 X-3.799 Y-3.139 E2.0675
;WIDTH:0.565482
G1 X-3.15 Y-3.205 E2.0892
;WIDTH:0.609103
G1 X-2.5 Y-3.271 E2.11271
G1 X-1.839 Y-3.203 E2.13662
;WIDTH:0.565473
G1 X-1.179 Y-3.136 E2.15868
;WIDTH:0.521842
G1 X-.518 Y-3.069 E2.17897
;WIDTH:0.478211
G1 X.143 Y-3.002 E2.19745
;WIDTH:0.434581
G1 X.803 Y-2.935 E2.2141
;WIDTH:0.39095
G1 X1.172 Y-2.583 E2.22551
G1 X.724 Y-2.583 E2.23553
;WIDTH:0.434581
G1 X.079 Y-2.605 E2.25173
;WIDTH:0.478211
G1 X-.566 Y-2.627 E2.26968
;WIDTH:0.521842
G1 X-1.21 Y-2.649 E2.28936
;WIDTH:0.565473
G1 X-1.855 Y-2.671 E2.31082
;WIDTH:0.609103
G1 X-2.5 Y-2.692 E2.33404
G1 X-3.238 Y-2.667 E2.36061
;WIDTH:0.565482
G1 X-3.975 Y-2.642 E2.38513
;WIDTH:0.521862
G1 X-4.713 Y-2.618 E2.40768
;WIDTH:0.478241
G1 X-5.45 Y-2.593 E2.42819
;WIDTH:0.43462
G1 X-6.128 Y-2.57 E2.44522
G1 X-7.364 Y-1.775 F4800
;TYPE:External perimeter
;WIDTH:0.488624
G1 F1342
G1 X-7.356 Y-1.777 E2.44545
;WIDTH:0.527248
G1 X-7.255 Y-1.81 E2.44873
;WIDTH:0.531924
G1 X-6.91 Y-2.288 E2.4671
G1 X-6.68 Y-2.571 E2.47847
;WIDTH:0.490962
G1 X-6.449 Y-2.855 E2.48894
;WIDTH:0.449999
G1 X-5.983 Y-3.3 E2.50573
G1 X-2.5 Y-3.774 E2.59732
G1 X.983 Y-3.3 E2.68891
G1 X1.116 Y-3.173 E2.6937
;WIDTH:0.486277
G1 X1.611 Y-2.675 E2.71358
;WIDTH:0.531921
G1 X2.255 Y-1.81 E2.74719
;WIDTH:0.527248
G1 X2.356 Y-1.778 E2.75046
;WIDTH:0.488624
G1 X2.456 Y-1.745 E2.75346
;WIDTH:0.449999
G1 X7.753 Y-1.745 E2.89148
G1 X7.761 Y-.365 E2.92744
G1 X3.283 Y-.365 E3.04412
G1 X3.174 Y-.184 E3.04963
G1 X2.535 Y-.183 E3.06628
G1 X2.397 Y-.5 E3.07529
G1 X2.096 Y-1.09 E3.09255
;WIDTH:0.488624
G1 X1.972 Y-1.309 E3.09971
;WIDTH:0.527248
G1 X1.848 Y-1.528 E3.10748
;WIDTH:0.531487
G1 X1.377 Y-2.146 E3.13167
G1 X1.281 Y-2.171 E3.13476
;WIDTH:0.490743
G1 X1.185 Y-2.195 E3.13759
;WIDTH:0.449999
G1 X-6.185 Y-2.195 E3.32962
;WIDTH:0.490744
G1 X-6.28 Y-2.171 E3.33242
;WIDTH:0.531488
G1 X-6.376 Y-2.147 E3.3355
;WIDTH:0.531924
G1 X-6.848 Y-1.528 E3.35976
;WIDTH:0.527248
G1 X-6.975 Y-1.304 E3.36771
;WIDTH:0.488624
G1 X-7.101 Y-1.08 E3.37503
;WIDTH:0.449999
G1 X-7.53 Y-.182 E3.40096
G1 X-8.174 Y-.184 E3.41774
G1 X-8.228 Y-.315 E3.42143
G1 X-8.364 Y-.365 E3.42521
G1 X-12.761 Y-.365 E3.53978
G1 X-12.753 Y-1.745 E3.57574
G1 X-7.456 Y-1.745 E3.71376
;WIDTH:0.488624
G1 X-7.422 Y-1.756 E3.71478
G1 X-7.117 Y-2.016 F4800
;LAYER_CHANGE
;Z:8.6
;HEIGHT:0.150001
G1 E1.71478 F2400
G92 E0
G1 Z8.6 F4800
G1 Z8.9
G1 X2.682 Y-.889
G1 Z8.6
G1 E2 F2400
;TYPE:Perimeter
;WIDTH:0.566216
G1 F900
G1 X2.328 Y-1.499 E2.02349
G1 X2.955 Y-1.512 E2.04438
;WIDTH:0.539754
G1 X3.242 Y-1.526 E2.05348
;WIDTH:0.513292
G1 X7.304 Y-1.526 E2.17535
;WIDTH:0.51329
G1 X7.307 Y-1.045 E2.18978
G1 X3.242 Y-1.044 E2.31174
;WIDTH:0.539754
G1 X3.085 Y-1.02 E2.31677
;WIDTH:0.566216
G1 X2.928 Y-.995 E2.32206
G1 X2.803 Y-.912 E2.32706
G1 X2.741 Y-.9 E2.32916
G1 E.32916 F2400
G92 E0
G1 Z8.9 F4800
G1 X-7.328 Y-1.499
G1 Z8.6
G1 E2 F2400
;WIDTH:0.56622
G1 F900
G1 X-7.682 Y-.889 E2.02349
G1 X-7.741 Y-.889 E2.02545
G1 X-7.928 Y-.995 E2.03261
G1 X-8.085 Y-1.019 E2.0379
;WIDTH:0.539756
G1 X-8.242 Y-1.044 E2.04293
;WIDTH:0.513291
G1 X-12.307 Y-1.044 E2.16489
G1 X-12.304 Y-1.525 E2.17932
G1 X-8.242 Y-1.525 E2.30119
;WIDTH:0.539756
G1 X-7.785 Y-1.512 E2.31566
;WIDTH:0.56622
G1 X-7.388 Y-1.501 E2.32889
G1 E.32889 F2400
G92 E0
G1 Z8.9 F4800
G1 X-5.801 Y-2.824
G1 Z8.6
G1 E2 F2400
;WIDTH:0.45796
G1 F900
G1 X-5.47 Y-2.847 E2.00881
;WIDTH:0.502757
G1 X-5.138 Y-2.869 E2.01857
;WIDTH:0.547555
G1 X-4.807 Y-2.892 E2.02923
;WIDTH:0.592353
G1 X-4.476 Y-2.914 E2.04082
;WIDTH:0.63715
G1 X-4.145 Y-2.936 E2.05334
G1 X-4.082 Y-2.968 E2.05601
;WIDTH:0.591237
G1 X-4.02 Y-3 E2.05844
;WIDTH:0.545323
G1 X-3.957 Y-3.031 E2.06069
;WIDTH:0.49941
G1 X-3.894 Y-3.063 E2.06275
;WIDTH:0.453496
G1 X-3.831 Y-3.095 E2.06461
;WIDTH:0.407583
G1 X-3.768 Y-3.127 E2.06626
;WIDTH:0.40382
G1 X-3.134 Y-3.191 E2.08103
;WIDTH:0.445971
G1 X-2.5 Y-3.255 E2.09747
G1 X-1.866 Y-3.191 E2.11391
;WIDTH:0.403821
G1 X-1.232 Y-3.127 E2.12868
;WIDTH:0.407582
G1 X-1.169 Y-3.095 E2.13033
;WIDTH:0.453494
G1 X-1.106 Y-3.063 E2.13219
;WIDTH:0.499405
G1 X-1.043 Y-3.031 E2.13425
;WIDTH:0.545317
G1 X-.981 Y-3 E2.13647
;WIDTH:0.591229
G1 X-.918 Y-2.968 E2.13893
;WIDTH:0.63714
G1 X-.855 Y-2.936 E2.1416
G1 X-.922 Y-2.913 E2.14427
;WIDTH:0.591229
G1 X-.988 Y-2.89 E2.14671
;WIDTH:0.545317
G1 X-1.055 Y-2.867 E2.14898
;WIDTH:0.499405
G1 X-1.121 Y-2.845 E2.15101
;WIDTH:0.453494
G1 X-1.188 Y-2.822 E2.15287
;WIDTH:0.407582
G1 X-1.254 Y-2.799 E2.15451
;WIDTH:0.403821
G1 X-1.877 Y-2.82 E2.16896
;WIDTH:0.445971
G1 X-2.5 Y-2.841 E2.18505
G1 X-3.123 Y-2.82 E2.20114
;WIDTH:0.40382
G1 X-3.746 Y-2.799 E2.21559
;WIDTH:0.407583
G1 X-3.813 Y-2.822 E2.21725
;WIDTH:0.453496
G1 X-3.879 Y-2.844 E2.21908
;WIDTH:0.49941
G1 X-3.946 Y-2.867 E2.22114
;WIDTH:0.545323
G1 X-4.012 Y-2.89 E2.22338
;WIDTH:0.591237
G1 X-4.079 Y-2.913 E2.22585
;WIDTH:0.63715
G1 X-4.089 Y-2.917 E2.22626
G1 E.22626 F2400
G92 E0
G1 Z8.9 F4800
G1 X-.855 Y-2.936
G1 Z8.6
G1 E2 F2400
;WIDTH:0.63714
G1 F900
G1 X-.524 Y-2.914 E2.01251
;WIDTH:0.592324
G1 X-.193 Y-2.892 E2.0241
;WIDTH:0.547507
G1 X.138 Y-2.869 E2.03476
;WIDTH:0.502691
G1 X.47 Y-2.847 E2.04452
;WIDTH:0.457875
G1 X.801 Y-2.824 E2.05333
G1 E.05333 F2400
G92 E0
G1 Z8.9 F4800
G1 X-7.139 Y-2.003
G1 Z8.6
G1 E2 F2400
;TYPE:External perimeter
;WIDTH:0.530475
G1 F1350
G1 X-7.047 Y-2.009 E2.00286
G1 X-6.958 Y-2.121 E2.00731
;WIDTH:0.533235
G1 X-6.185 Y-2.981 E2.04344
;WIDTH:0.491617
G1 X-5.983 Y-3.203 E2.05204
;WIDTH:0.449999
G1 X-2.5 Y-3.676 E2.14363
G1 X.983 Y-3.203 E2.23522
G1 X1.125 Y-3.067 E2.24034
;WIDTH:0.496019
G1 X1.368 Y-2.801 E2.25076
;WIDTH:0.542038
G1 X2.032 Y-2.028 E2.28316
;WIDTH:0.527429
G1 X2.128 Y-2.002 E2.28623
;WIDTH:0.488714
G1 X2.224 Y-1.975 E2.28907
;WIDTH:0.449999
G1 X7.385 Y-1.975 E2.42354
G1 X7.751 Y-1.876 E2.43342
G1 X7.759 Y-.595 E2.4668
G1 X3.16 Y-.595 E2.58663
G1 X3.057 Y-.414 E2.59206
G1 X2.392 Y-.412 E2.60939
G1 X2.231 Y-.725 E2.61856
G1 X1.878 Y-1.314 E2.63645
;WIDTH:0.48764
G1 X1.731 Y-1.556 E2.64449
;WIDTH:0.525281
G1 X1.585 Y-1.799 E2.65321
;WIDTH:0.53377
G1 X1.052 Y-2.386 E2.67801
G1 X.96 Y-2.405 E2.68095
;WIDTH:0.491885
G1 X.867 Y-2.425 E2.68368
;WIDTH:0.449999
G1 X-5.801 Y-2.425 E2.85742
;WIDTH:0.491617
G1 X-5.921 Y-2.411 E2.86088
;WIDTH:0.533235
G1 X-6.04 Y-2.397 E2.86462
;WIDTH:0.54204
G1 X-6.665 Y-1.692 E2.89458
;WIDTH:0.530475
G1 X-6.874 Y-1.354 E2.90693
;WIDTH:0.490237
G1 X-7.082 Y-1.015 E2.91829
;WIDTH:0.449999
G1 X-7.392 Y-.412 E2.93596
G1 X-8.057 Y-.414 E2.95329
G1 X-8.108 Y-.546 E2.95698
G1 X-8.242 Y-.595 E2.9607
G1 X-12.759 Y-.595 E3.07839
G1 X-12.751 Y-1.876 E3.11177
G1 X-12.443 Y-1.975 E3.1202
G1 X-7.559 Y-1.975 E3.24746
;WIDTH:0.490237
G1 X-7.303 Y-1.992 E3.25479
;WIDTH:0.530475
G1 X-7.199 Y-1.999 E3.25803
G1 X-6.871 Y-2.228 F4800
;LAYER_CHANGE
;Z:8.75
;HEIGHT:0.15
G1 E1.25803 F2400
G92 E0
G1 Z8.75 F4800
G1 Z9.05
G1 X2.513 Y-1.123
G1 Z8.75
G1 E2 F2400
;TYPE:Perimeter
;WIDTH:0.574913
G1 F896
G1 X2.404 Y-1.31 E2.00733
G1 X2.11 Y-1.725 E2.02454
G1 X2.608 Y-1.74 E2.0414
;WIDTH:0.544103
G1 X3.106 Y-1.755 E2.05731
;WIDTH:0.513292
G1 X6.345 Y-1.755 E2.15449
G1 X7.304 Y-1.45 E2.18468
G1 X7.305 Y-1.274 E2.18996
;WIDTH:0.513289
G1 X3.106 Y-1.274 E2.31594
;WIDTH:0.544103
G1 X2.937 Y-1.246 E2.32141
;WIDTH:0.574913
G1 X2.768 Y-1.217 E2.32721
G1 X2.663 Y-1.124 E2.33196
G1 X2.573 Y-1.123 E2.33501
G1 E.33501 F2400
G92 E0
G1 Z9.05 F4800
G1 X-7.12 Y-1.723
G1 Z8.75
G1 E2 F2400
;WIDTH:0.577802
G1 F896
G1 X-7.235 Y-1.57 E2.00651
G1 X-7.501 Y-1.125 E2.02415
G1 X-7.664 Y-1.125 E2.0297
G1 X-7.76 Y-1.214 E2.03415
G1 X-7.933 Y-1.244 E2.04012
;WIDTH:0.545547
G1 X-8.106 Y-1.274 E2.04574
;WIDTH:0.513291
G1 X-12.305 Y-1.274 E2.17172
G1 X-12.304 Y-1.45 E2.177
G1 X-11.346 Y-1.755 E2.20716
G1 X-8.106 Y-1.755 E2.30437
;WIDTH:0.545547
G1 X-7.865 Y-1.739 E2.3121
;WIDTH:0.577802
G1 X-7.18 Y-1.724 E2.33541
G1 X-6.883 Y-2.22 F4800
;TYPE:External perimeter
;WIDTH:0.538573
G1 F896
G1 X-6.799 Y-2.223 E2.33806
G1 X-6.623 Y-2.417 E2.34633
;WIDTH:0.546724
G1 X-5.966 Y-3.058 E2.37578
G1 X-5.525 Y-3.143 E2.39019
;WIDTH:0.538611
G1 X-4.92 Y-3.204 E2.40939
;WIDTH:0.579121
G1 X-4.315 Y-3.266 E2.43013
;WIDTH:0.61963
G1 X-3.71 Y-3.327 E2.45241
;WIDTH:0.660139
G1 X-3.105 Y-3.389 E2.47623
;WIDTH:0.700648
G1 X-2.5 Y-3.45 E2.50158
G1 X-1.895 Y-3.389 E2.52693
;WIDTH:0.660131
G1 X-1.29 Y-3.327 E2.55075
;WIDTH:0.619615
G1 X-.685 Y-3.266 E2.57303
;WIDTH:0.579098
G1 X-.08 Y-3.204 E2.59377
;WIDTH:0.538581
G1 X.525 Y-3.143 E2.61297
;WIDTH:0.543488
G1 X.962 Y-3.06 E2.62715
G1 X1.395 Y-2.654 E2.64608
;WIDTH:0.539701
G1 X1.812 Y-2.212 E2.66531
G1 X1.889 Y-2.207 E2.66775
;WIDTH:0.497802
G1 X1.965 Y-2.202 E2.66996
;WIDTH:0.455903
G1 X2.619 Y-2.205 E2.68724
;WIDTH:0.449999
G1 X6.415 Y-2.205 E2.78615
G1 X7.751 Y-1.779 E2.82269
G1 X7.757 Y-.825 E2.84755
G1 X3.106 Y-.825 E2.96874
G1 X3.003 Y-.798 E2.97151
G1 X2.925 Y-.644 E2.97601
G1 X2.232 Y-.642 E2.99407
G1 X2.012 Y-1.032 E3.00574
;WIDTH:0.478503
G1 X1.785 Y-1.377 E3.01723
;WIDTH:0.507007
G1 X1.557 Y-1.721 E3.02945
;WIDTH:0.541837
G1 X1.23 Y-2.101 E3.04538
;WIDTH:0.543488
G1 X.677 Y-2.625 E3.06967
G1 X.494 Y-2.679 E3.07575
;WIDTH:0.538581
G1 X-.105 Y-2.699 E3.09468
;WIDTH:0.579098
G1 X-.704 Y-2.719 E3.11512
;WIDTH:0.619615
G1 X-1.302 Y-2.74 E3.13704
;WIDTH:0.660131
G1 X-1.901 Y-2.76 E3.16051
;WIDTH:0.700648
G1 X-2.5 Y-2.78 E3.18549
G1 X-3.099 Y-2.76 E3.21047
;WIDTH:0.660139
G1 X-3.698 Y-2.74 E3.23394
;WIDTH:0.61963
G1 X-4.296 Y-2.719 E3.25586
;WIDTH:0.579121
G1 X-4.895 Y-2.699 E3.2763
;WIDTH:0.538611
G1 X-5.494 Y-2.679 E3.29523
;WIDTH:0.542231
G1 X-5.667 Y-2.633 E3.30092
;WIDTH:0.550056
G1 X-5.904 Y-2.419 E3.31123
G1 X-6.436 Y-1.873 E3.33585
;WIDTH:0.538573
G1 X-6.629 Y-1.598 E3.34646
;WIDTH:0.494286
G1 X-6.821 Y-1.323 E3.35613
;WIDTH:0.449999
G1 X-7.228 Y-.642 E3.3768
G1 X-7.925 Y-.644 E3.39496
G1 X-7.976 Y-.779 E3.39872
G1 X-8.106 Y-.825 E3.40231
G1 X-12.757 Y-.825 E3.5235
G1 X-12.751 Y-1.779 E3.54836
G1 X-11.416 Y-2.205 E3.58487
G1 X-7.321 Y-2.205 E3.69157
;WIDTH:0.494286
G1 X-7.06 Y-2.214 E3.6991
;WIDTH:0.538573
G1 X-6.943 Y-2.218 E3.7028
G1 X-6.609 Y-2.439 F4800
;LAYER_CHANGE
;Z:8.9
;HEIGHT:0.15
G1 E1.7028 F2400
G92 E0
G1 Z8.9 F4800
G1 Z9.2
G1 X2.307 Y-1.359
G1 Z8.9
G1 E2 F2400
;TYPE:Perimeter
;WIDTH:0.587484
G1 F866
G1 X2.203 Y-1.52 E2.00664
G1 X1.868 Y-1.948 E2.02546
G1 X2.436 Y-1.948 E2.04513
G1 X2.694 Y-1.967 E2.05409
;WIDTH:0.550388
G1 X2.953 Y-1.985 E2.06248
;WIDTH:0.513291
G1 X5.144 Y-1.985 E2.12822
G1 X5.436 Y-1.956 E2.13702
;WIDTH:0.496972
G1 X6.878 Y-1.496 E2.18089
G1 X5.385 Y-1.496 E2.22416
;WIDTH:0.513289
G1 X2.953 Y-1.504 E2.29713
;WIDTH:0.550388
G1 X2.768 Y-1.47 E2.30321
;WIDTH:0.587484
G1 X2.584 Y-1.435 E2.3097
G1 X2.517 Y-1.36 E2.31318
G1 X2.367 Y-1.36 E2.31837
G1 E.31837 F2400
G92 E0
G1 Z9.2 F4800
G1 X-6.868 Y-1.948
G1 Z8.9
G1 E2 F2400
G1 F866
G1 X-7.307 Y-1.359 E2.02544
G1 X-7.517 Y-1.36 E2.03271
G1 X-7.532 Y-1.4 E2.03419
G1 X-7.742 Y-1.452 E2.04168
;WIDTH:0.550388
G1 X-7.953 Y-1.504 E2.0487
;WIDTH:0.513291
G1 X-10.385 Y-1.496 E2.12167
;WIDTH:0.497087
G1 X-11.878 Y-1.496 E2.16496
G1 X-10.456 Y-1.95 E2.20824
;WIDTH:0.513289
G1 X-10.146 Y-1.985 E2.2176
G1 X-7.953 Y-1.985 E2.2834
;WIDTH:0.550388
G1 X-7.694 Y-1.967 E2.29179
;WIDTH:0.587484
G1 X-7.436 Y-1.948 E2.30075
G1 X-6.928 Y-1.948 E2.31834
G1 X-6.579 Y-2.421 F4800
;TYPE:External perimeter
;WIDTH:0.540507
G1 F866
G1 X-6.5 Y-2.459 E2.32112
;WIDTH:0.543602
G1 X-5.963 Y-2.962 E2.34459
G1 X-5.841 Y-2.985 E2.34855
;WIDTH:0.532379
G1 X-5.644 Y-3.032 E2.35487
;WIDTH:0.49088
G1 X-5.446 Y-3.08 E2.3607
;WIDTH:0.44938
G1 X-5.249 Y-3.128 E2.36598
;WIDTH:0.407881
G1 X-5.052 Y-3.176 E2.37073
;WIDTH:0.409165
G1 X-4.414 Y-3.24 E2.3858
;WIDTH:0.451948
G1 X-3.776 Y-3.305 E2.40259
;WIDTH:0.494732
G1 X-3.138 Y-3.37 E2.42109
;WIDTH:0.537515
G1 X-2.5 Y-3.435 E2.4413
G1 X-1.838 Y-3.368 E2.46227
;WIDTH:0.494725
G1 X-1.177 Y-3.3 E2.48144
;WIDTH:0.451934
G1 X-.515 Y-3.233 E2.49886
;WIDTH:0.409144
G1 X.146 Y-3.166 E2.51448
;WIDTH:0.410665
G1 X.35 Y-3.115 E2.51944
;WIDTH:0.454977
G1 X.554 Y-3.064 E2.52498
;WIDTH:0.499288
G1 X.759 Y-3.013 E2.53113
;WIDTH:0.5436
G1 X.963 Y-2.962 E2.53784
G1 X1.039 Y-2.89 E2.54118
;WIDTH:0.544352
G1 X1.535 Y-2.428 E2.56283
G1 X1.605 Y-2.427 E2.56507
;WIDTH:0.505649
G1 X1.674 Y-2.426 E2.56711
;WIDTH:0.466945
G1 X2.241 Y-2.435 E2.58248
;WIDTH:0.449999
G1 X5.144 Y-2.435 E2.65812
G1 X5.534 Y-2.388 E2.66836
G1 X7.751 Y-1.681 E2.72899
G1 X7.755 Y-1.055 E2.7453
G1 X2.953 Y-1.055 E2.87042
G1 X2.842 Y-1.023 E2.87343
G1 X2.776 Y-.874 E2.87768
G1 X2.042 Y-.872 E2.8968
G1 X1.732 Y-1.35 E2.91164
;WIDTH:0.495253
G1 X1.442 Y-1.719 E2.92519
;WIDTH:0.540507
G1 X1.153 Y-2.087 E2.94002
G1 X.662 Y-2.533 E2.96105
;WIDTH:0.532378
G1 X.504 Y-2.61 E2.96653
;WIDTH:0.490872
G1 X.346 Y-2.688 E2.97157
;WIDTH:0.449366
G1 X.188 Y-2.765 E2.97614
;WIDTH:0.40786
G1 X.03 Y-2.843 E2.98027
;WIDTH:0.409144
G1 X-.603 Y-2.864 E2.99516
;WIDTH:0.451934
G1 X-1.235 Y-2.886 E3.01171
;WIDTH:0.494725
G1 X-1.868 Y-2.907 E3.02998
;WIDTH:0.537515
G1 X-2.5 Y-2.928 E3.04991
G1 X-3.148 Y-2.907 E3.07034
;WIDTH:0.494732
G1 X-3.796 Y-2.885 E3.08904
;WIDTH:0.451948
G1 X-4.445 Y-2.863 E3.10604
;WIDTH:0.409165
G1 X-5.093 Y-2.841 E3.12128
;WIDTH:0.410595
G1 X-5.242 Y-2.76 E3.12528
;WIDTH:0.454808
G1 X-5.392 Y-2.679 E3.12977
;WIDTH:0.499021
G1 X-5.541 Y-2.598 E3.13471
;WIDTH:0.543234
G1 X-5.691 Y-2.517 E3.14014
G1 X-6.153 Y-2.087 E3.16025
;WIDTH:0.540507
G1 X-6.265 Y-1.939 E3.16613
;WIDTH:0.503727
G1 X-6.376 Y-1.792 E3.17155
;WIDTH:0.466947
G1 X-6.746 Y-1.33 E3.1876
;WIDTH:0.449999
G1 X-7.042 Y-.872 E3.20181
G1 X-7.776 Y-.874 E3.22093
G1 X-7.826 Y-1.012 E3.22475
G1 X-7.953 Y-1.055 E3.22824
G1 X-12.755 Y-1.055 E3.35336
G1 X-12.751 Y-1.681 E3.36967
G1 X-10.59 Y-2.37 E3.42877
G1 X-10.192 Y-2.435 E3.43928
G1 X-7.241 Y-2.435 E3.51617
;WIDTH:0.484021
G1 X-6.915 Y-2.426 E3.52536
;WIDTH:0.518042
G1 X-6.638 Y-2.418 E3.53376
G1 X-6.31 Y-2.646 F4800
;LAYER_CHANGE
;Z:9.05
;HEIGHT:0.150001
G1 Z9.05 F4800
G1 X-4.491 Y-3.108
;WIDTH:0.457206
G1 F741
G1 X-4.426 Y-3.118 E3.5355
;WIDTH:0.499381
G1 X-4.105 Y-3.139 E3.54487
;WIDTH:0.542819
G1 X-3.784 Y-3.161 E3.55512
;WIDTH:0.586257
G1 X-3.463 Y-3.183 E3.56624
;WIDTH:0.629696
G1 X-3.142 Y-3.204 E3.57823
;WIDTH:0.673134
G1 X-2.821 Y-3.226 E3.59109
;WIDTH:0.716572
G1 X-2.5 Y-3.248 E3.60482
G1 X-2.179 Y-3.226 E3.61855
;WIDTH:0.673126
G1 X-1.858 Y-3.204 E3.63141
;WIDTH:0.62968
G1 X-1.537 Y-3.183 E3.6434
;WIDTH:0.586233
G1 X-1.216 Y-3.161 E3.65452
;WIDTH:0.542787
G1 X-.895 Y-3.139 E3.66477
;WIDTH:0.499341
G1 X-.574 Y-3.118 E3.67414
;WIDTH:0.455894
G1 X-.545 Y-3.115 E3.67491
G1 X-.945 Y-3.118 F4800
G1 E1.67491 F2400
G92 E0
G1 Z9.35 F4800
G1 X-6.597 Y-2.17
G1 Z9.05
G1 E2 F2400
;TYPE:Perimeter
;WIDTH:0.602729
G1 F741
G1 X-7.088 Y-1.597 E2.02685
G1 X-7.363 Y-1.597 E2.03663
G1 X-7.384 Y-1.648 E2.03859
G1 X-7.587 Y-1.69 E2.04597
;WIDTH:0.55608
G1 X-7.791 Y-1.732 E2.05277
;WIDTH:0.50943
G1 X-8.519 Y-1.707 E2.07445
;WIDTH:0.460176
G1 X-9.247 Y-1.683 E2.09389
;WIDTH:0.410922
G1 X-9.975 Y-1.658 E2.11109
;WIDTH:0.40758
G1 X-10.042 Y-1.681 E2.11275
;WIDTH:0.453494
G1 X-10.108 Y-1.704 E2.11459
;WIDTH:0.499407
G1 X-10.175 Y-1.727 E2.11665
;WIDTH:0.54532
G1 X-10.241 Y-1.75 E2.11889
;WIDTH:0.591233
G1 X-10.308 Y-1.773 E2.12136
;WIDTH:0.637146
G1 X-10.374 Y-1.796 E2.124
G1 X-10.312 Y-1.828 E2.12663
;WIDTH:0.591233
G1 X-10.249 Y-1.859 E2.12908
;WIDTH:0.54532
G1 X-10.186 Y-1.891 E2.13134
;WIDTH:0.499407
G1 X-10.123 Y-1.923 E2.1334
;WIDTH:0.453494
G1 X-10.06 Y-1.954 E2.13524
;WIDTH:0.40758
G1 X-9.998 Y-1.986 E2.13687
;WIDTH:0.410922
G1 X-9.246 Y-2.063 E2.15472
;WIDTH:0.460176
G1 X-8.494 Y-2.139 E2.17489
;WIDTH:0.50943
G1 X-7.742 Y-2.215 E2.19739
;WIDTH:0.55608
G1 X-7.483 Y-2.193 E2.20588
;WIDTH:0.602729
G1 X-7.224 Y-2.17 E2.21513
G1 X-6.657 Y-2.17 E2.2353
G1 X-6.243 Y-2.644 F4800
;TYPE:External perimeter
;WIDTH:0.535199
G1 F741
G1 X-6.238 Y-2.644 E2.23546
;WIDTH:0.552904
G1 X-5.965 Y-2.86 E2.24676
G1 X-5.273 Y-2.954 E2.26944
G1 X-4.902 Y-3.025 E2.28171
;WIDTH:0.505055
G1 X-4.531 Y-3.097 E2.29285
;WIDTH:0.510044
G1 X-4.889 Y-2.923 E2.30471
;WIDTH:0.552904
G1 X-5.247 Y-2.749 E2.31764
G1 X-5.844 Y-2.285 E2.34219
;WIDTH:0.546328
G1 X-5.959 Y-2.152 E2.34783
;WIDTH:0.51071
G1 X-6.074 Y-2.018 E2.3531
;WIDTH:0.475092
G1 X-6.441 Y-1.62 E2.36805
;WIDTH:0.449999
G1 X-6.836 Y-1.102 E2.38502
G1 X-7.614 Y-1.104 E2.40529
G1 X-7.67 Y-1.246 E2.40927
G1 X-7.791 Y-1.285 E2.41258
G1 X-12.753 Y-1.284 E2.54187
G1 X-12.751 Y-1.583 E2.54966
G1 X-10.534 Y-2.29 E2.61029
G1 X-7.781 Y-2.665 E2.68268
G1 X-6.861 Y-2.665 E2.70665
;WIDTH:0.492599
G1 X-6.55 Y-2.654 E2.71559
;WIDTH:0.535199
G1 X-6.303 Y-2.646 E2.72334
G1 X-5.956 Y-2.844 F4800
G1 E.72334 F2400
G92 E0
G1 Z9.35 F4800
G1 X1.606 Y-2.17
G1 Z9.05
G1 E2 F2400
;TYPE:Perimeter
;WIDTH:0.604141
G1 F741
G1 X2.22 Y-2.17 E2.0219
G1 X2.521 Y-2.188 E2.03266
;WIDTH:0.55675
G1 X2.823 Y-2.207 E2.04256
;WIDTH:0.509358
G1 X3.548 Y-2.134 E2.06424
;WIDTH:0.460129
G1 X4.272 Y-2.06 E2.08366
;WIDTH:0.4109
G1 X4.996 Y-1.986 E2.10085
;WIDTH:0.407582
G1 X5.059 Y-1.955 E2.10249
;WIDTH:0.453494
G1 X5.122 Y-1.923 E2.10435
;WIDTH:0.499405
G1 X5.184 Y-1.891 E2.10638
;WIDTH:0.545317
G1 X5.247 Y-1.86 E2.10863
;WIDTH:0.591229
G1 X5.31 Y-1.828 E2.11109
;WIDTH:0.63714
G1 X5.373 Y-1.796 E2.11376
G1 X5.306 Y-1.773 E2.11643
;WIDTH:0.591229
G1 X5.24 Y-1.75 E2.11887
;WIDTH:0.545317
G1 X5.173 Y-1.727 E2.12114
;WIDTH:0.499405
G1 X5.107 Y-1.704 E2.12318
;WIDTH:0.453494
G1 X5.04 Y-1.681 E2.12504
;WIDTH:0.407582
G1 X4.974 Y-1.658 E2.12668
;WIDTH:0.4109
G1 X4.246 Y-1.683 E2.14388
;WIDTH:0.460129
G1 X3.519 Y-1.708 E2.16329
;WIDTH:0.509358
G1 X2.791 Y-1.732 E2.18497
;WIDTH:0.55675
G1 X2.588 Y-1.691 E2.19174
;WIDTH:0.604141
G1 X2.385 Y-1.65 E2.19913
G1 X2.364 Y-1.598 E2.20113
G1 X2.076 Y-1.597 E2.2114
G1 X1.644 Y-2.123 E2.23568
G1 E.23568 F2400
G92 E0
G1 Z9.35 F4800
G1 X-.245 Y-3.022
G1 Z9.05
G1 E2 F2400
;TYPE:External perimeter
;WIDTH:0.556804
G1 F741
G1 X.964 Y-2.858 E2.03992
;WIDTH:0.556994
G1 X1.212 Y-2.645 E2.05062
G1 X1.288 Y-2.649 E2.05311
;WIDTH:0.514963
G1 X1.364 Y-2.653 E2.0554
;WIDTH:0.472931
G1 X1.877 Y-2.665 E2.0695
;WIDTH:0.449999
G1 X2.78 Y-2.665 E2.09303
G1 X5.534 Y-2.29 E2.16545
G1 X7.751 Y-1.583 E2.22608
G1 X7.753 Y-1.285 E2.23384
G1 X2.791 Y-1.285 E2.36313
G1 X2.671 Y-1.246 E2.36642
G1 X2.614 Y-1.104 E2.37041
G1 X1.829 Y-1.102 E2.39086
G1 X1.43 Y-1.634 E2.40819
;WIDTH:0.484409
G1 X1.23 Y-1.85 E2.41649
;WIDTH:0.518818
G1 X1.03 Y-2.066 E2.42542
;WIDTH:0.553227
G1 X.831 Y-2.282 E2.43496
;WIDTH:0.556804
G1 X.295 Y-2.719 E2.45759
G1 X-.192 Y-2.993 E2.47587
G1 X.207 Y-2.964 F4800
;LAYER_CHANGE
;Z:9.2
;HEIGHT:0.15
G1 E.47587 F2400
G92 E0
G1 Z9.2 F4800
G1 Z9.5
G1 X-4.019 Y-3.135
G1 Z9.2
G1 E2 F2400
;WIDTH:0.37219
G1 F688
G1 X-3.456 Y-3.248 E2.01218
;WIDTH:0.39031
G1 X-2.5 Y-3.315 E2.03358
G1 X-1.574 Y-3.252 E2.05431
;WIDTH:0.37219
G1 X-1.021 Y-3.144 E2.06626
G1 X-1.421 Y-3.155 F4800
G1 E.06626 F2400
G92 E0
G1 Z9.5 F4800
G1 X-9.8 Y-1.902
G1 Z9.2
G1 E2 F2400
;TYPE:Perimeter
;WIDTH:0.438363
G1 F688
G1 X-9.432 Y-1.926 E2.00934
;WIDTH:0.488059
G1 X-9.065 Y-1.951 E2.0198
;WIDTH:0.537754
G1 X-8.698 Y-1.976 E2.0314
;WIDTH:0.587449
G1 X-8.33 Y-2.001 E2.04417
;WIDTH:0.637144
G1 X-7.963 Y-2.026 E2.05805
G1 X-6.273 Y-2.326 F4800
;WIDTH:0.496683
G1 F688
G1 X-6.786 Y-1.797 E2.0794
G1 X-7.191 Y-1.769 E2.09116
;WIDTH:0.485513
G1 X-7.208 Y-1.816 E2.09257
G1 X-7.329 Y-1.839 E2.09605
;WIDTH:0.442413
G1 X-7.451 Y-1.862 E2.09923
;WIDTH:0.399312
G1 X-7.572 Y-1.885 E2.10205
;WIDTH:0.403033
G1 X-7.637 Y-1.908 E2.10364
;WIDTH:0.449856
G1 X-7.703 Y-1.932 E2.10547
;WIDTH:0.496678
G1 X-7.768 Y-1.955 E2.10747
;WIDTH:0.5435
G1 X-7.833 Y-1.979 E2.10968
;WIDTH:0.590322
G1 X-7.898 Y-2.002 E2.11208
;WIDTH:0.637144
G1 X-7.963 Y-2.026 E2.11469
G1 X-7.9 Y-2.056 E2.11732
;WIDTH:0.590322
G1 X-7.837 Y-2.087 E2.11976
;WIDTH:0.5435
G1 X-7.775 Y-2.118 E2.12197
;WIDTH:0.496678
G1 X-7.712 Y-2.148 E2.12399
;WIDTH:0.449856
G1 X-7.649 Y-2.179 E2.12582
;WIDTH:0.403033
G1 X-7.586 Y-2.21 E2.12744
G1 X-7.37 Y-2.218 E2.13244
;WIDTH:0.449859
G1 X-7.154 Y-2.227 E2.13807
;WIDTH:0.496683
G1 X-6.938 Y-2.236 E2.14433
G1 X-6.332 Y-2.318 E2.16204
G1 E.16204 F2400
G92 E0
G1 Z9.5 F4800
G1 X-4.421 Y-3.023
G1 Z9.2
G1 E2 F2400
;TYPE:External perimeter
;WIDTH:0.449999
G1 F688
G1 X-4.81 Y-2.853 E2.01106
G1 X-5.334 Y-2.53 E2.0271
G1 X-5.876 Y-2.102 E2.04509
G1 X-6.593 Y-1.332 E2.0725
G1 X-7.425 Y-1.334 E2.09418
G1 X-7.474 Y-1.471 E2.09797
G1 X-7.601 Y-1.514 E2.10146
G1 X-9.8 Y-1.514 E2.15876
;WIDTH:0.487809
G1 X-9.899 Y-1.533 E2.16162
;WIDTH:0.525619
G1 X-9.999 Y-1.552 E2.16475
;WIDTH:0.563429
G1 X-10.099 Y-1.571 E2.16812
;WIDTH:0.601238
G1 X-10.199 Y-1.59 E2.17173
G1 X-10.458 Y-1.581 E2.18093
;WIDTH:0.583679
G1 X-12.23 Y-1.581 E2.24187
G1 X-10.542 Y-2.12 E2.30281
;WIDTH:0.601238
G1 X-10.237 Y-2.156 E2.31371
G1 X-10.141 Y-2.189 E2.31731
;WIDTH:0.563429
G1 X-10.044 Y-2.221 E2.32069
;WIDTH:0.525619
G1 X-9.948 Y-2.253 E2.3238
;WIDTH:0.487809
G1 X-9.852 Y-2.285 E2.32668
;WIDTH:0.449999
G1 X-4.481 Y-3.015 E2.46791
G1 X-4.839 Y-2.837 F4800
G1 E.46791 F2400
G92 E0
G1 Z9.5 F4800
G1 X1.274 Y-2.326
G1 Z9.2
G1 E2 F2400
;TYPE:Perimeter
;WIDTH:0.497186
G1 F688
G1 X1.93 Y-2.237 E2.0192
G1 X2.148 Y-2.229 E2.02553
;WIDTH:0.451672
G1 X2.367 Y-2.222 E2.03126
;WIDTH:0.406157
G1 X2.585 Y-2.214 E2.03635
;WIDTH:0.406726
G1 X2.648 Y-2.183 E2.03799
;WIDTH:0.452809
G1 X2.711 Y-2.152 E2.03983
;WIDTH:0.498892
G1 X2.774 Y-2.12 E2.04189
;WIDTH:0.544976
G1 X2.836 Y-2.089 E2.04411
;WIDTH:0.591059
G1 X2.899 Y-2.057 E2.04657
;WIDTH:0.637142
G1 X2.962 Y-2.026 E2.04922
G1 X2.89 Y-2.001 E2.0521
;WIDTH:0.587821
G1 X2.818 Y-1.977 E2.05473
;WIDTH:0.538499
G1 X2.746 Y-1.952 E2.05714
;WIDTH:0.489178
G1 X2.674 Y-1.927 E2.05931
;WIDTH:0.439857
G1 X2.601 Y-1.903 E2.06126
;WIDTH:0.437994
G1 X2.404 Y-1.859 E2.06637
;WIDTH:0.485452
G1 X2.208 Y-1.816 E2.07204
G1 X2.189 Y-1.769 E2.07347
;WIDTH:0.497186
G1 X1.791 Y-1.774 E2.08501
G1 X1.315 Y-2.282 E2.1052
G1 X2.962 Y-2.026 F4800
;WIDTH:0.637142
G1 F688
G1 X3.329 Y-2.001 E2.11908
;WIDTH:0.587449
G1 X3.696 Y-1.976 E2.13182
;WIDTH:0.537757
G1 X4.064 Y-1.951 E2.14345
;WIDTH:0.488064
G1 X4.431 Y-1.927 E2.15391
;WIDTH:0.438371
G1 X4.798 Y-1.902 E2.16323
G1 E.16323 F2400
G92 E0
G1 Z9.5 F4800
G1 X-.507 Y-3.011
G1 Z9.2
G1 E2 F2400
;TYPE:External perimeter
;WIDTH:0.449999
G1 F688
G1 X4.85 Y-2.285 E2.14086
;WIDTH:0.487809
G1 X4.946 Y-2.253 E2.14374
;WIDTH:0.525619
G1 X5.043 Y-2.221 E2.14688
;WIDTH:0.563429
G1 X5.139 Y-2.189 E2.15023
;WIDTH:0.601238
G1 X5.235 Y-2.157 E2.15382
G1 X5.519 Y-2.127 E2.16395
;WIDTH:0.583564
G1 X7.229 Y-1.581 E2.22567
G1 X5.15 Y-1.581 E2.29716
G1 X5.033 Y-1.559 E2.30125
;WIDTH:0.539043
G1 X4.916 Y-1.537 E2.30501
;WIDTH:0.494521
G1 X4.798 Y-1.515 E2.30847
;WIDTH:0.449999
G1 X2.601 Y-1.515 E2.36571
G1 X2.474 Y-1.471 E2.36921
G1 X2.419 Y-1.334 E2.37306
G1 X1.587 Y-1.332 E2.39474
G1 X1.175 Y-1.816 E2.4113
G1 X.716 Y-2.239 E2.42756
G1 X.159 Y-2.647 E2.44555
G1 X-.455 Y-2.983 E2.46379
G1 X-.056 Y-2.954 F4800
M106 S255
;LAYER_CHANGE
;Z:9.35
;HEIGHT:0.150001
G1 E.46379 F2400
G92 E0
G1 Z9.35 F4800
G1 Z9.65
G1 X-4.06 Y-3.027
G1 Z9.35
G1 E2 F2400
;WIDTH:0.37219
G1 F600
G1 X-3.189 Y-3.194 E2.0188
G1 X-2.5 Y-3.258 E2.03347
G1 X-1.475 Y-3.14 E2.05535
G1 X-.944 Y-3.028 E2.06686
G1 X-1.344 Y-3.039 F4800
G1 E.06686 F2400
G92 E0
G1 Z9.65 F4800
G1 X-6.553 Y-2.097
G1 Z9.35
G1 E2 F2400
;TYPE:Perimeter
;WIDTH:0.683098
G1 F600
G1 X-6.906 Y-2.073 E2.01436
;WIDTH:0.634482
G1 X-7.001 Y-2.085 E2.01796
;WIDTH:0.585451
G1 X-7.097 Y-2.097 E2.0213
;WIDTH:0.53642
G1 X-7.192 Y-2.108 E2.02431
;WIDTH:0.487389
G1 X-7.288 Y-2.12 E2.02706
;WIDTH:0.438357
G1 X-7.383 Y-2.132 E2.02949
G1 E.02949 F2400
G92 E0
G1 Z9.65 F4800
G1 X-4.431 Y-2.924
G1 Z9.35
G1 E2 F2400
;TYPE:External perimeter
;WIDTH:0.449999
G1 F600
G1 X-4.782 Y-2.769 E2.01
G1 X-5.512 Y-2.304 E2.03255
G1 X-6.316 Y-1.562 E2.06106
G1 X-7.21 Y-1.564 E2.08435
G1 X-7.245 Y-1.692 E2.08781
;WIDTH:0.487809
G1 X-7.38 Y-1.724 E2.09175
;WIDTH:0.525618
G1 X-7.516 Y-1.756 E2.09605
;WIDTH:0.563427
G1 X-7.652 Y-1.788 E2.10068
;WIDTH:0.601236
G1 X-7.787 Y-1.82 E2.1056
G1 X-8.464 Y-1.797 E2.12964
;WIDTH:0.555445
G1 X-9.141 Y-1.774 E2.15174
;WIDTH:0.509654
G1 X-9.818 Y-1.751 E2.17191
;WIDTH:0.463863
G1 X-10.495 Y-1.728 E2.19015
;WIDTH:0.418072
G1 X-11.734 Y-1.728 E2.21997
G1 X-10.535 Y-2.111 E2.25026
;WIDTH:0.463863
G1 X-9.858 Y-2.18 E2.26858
;WIDTH:0.509654
G1 X-9.18 Y-2.249 E2.28887
;WIDTH:0.555445
G1 X-8.503 Y-2.318 E2.31108
;WIDTH:0.601236
G1 X-7.826 Y-2.386 E2.33523
G1 X-7.728 Y-2.419 E2.3389
;WIDTH:0.563427
G1 X-7.631 Y-2.451 E2.34228
;WIDTH:0.525618
G1 X-7.533 Y-2.483 E2.34545
;WIDTH:0.487809
G1 X-7.436 Y-2.516 E2.34836
;WIDTH:0.449999
G1 X-4.49 Y-2.916 E2.42582
G1 X-4.846 Y-2.734 F4800
G1 E.42582 F2400
G92 E0
G1 Z9.65 F4800
G1 X2.383 Y-2.132
G1 Z9.35
G1 E2 F2400
;TYPE:Perimeter
;WIDTH:0.438231
G1 F600
G1 X2.288 Y-2.12 E2.00242
;WIDTH:0.487265
G1 X2.192 Y-2.108 E2.00517
;WIDTH:0.536298
G1 X2.097 Y-2.097 E2.00818
;WIDTH:0.585331
G1 X2.001 Y-2.085 E2.01152
;WIDTH:0.634364
G1 X1.906 Y-2.073 E2.01512
;WIDTH:0.659973
G1 X1.72 Y-2.085 E2.02242
;WIDTH:0.685582
G1 X1.534 Y-2.098 E2.03002
G1 E.03002 F2400
G92 E0
G1 Z9.65 F4800
G1 X-.595 Y-2.928
G1 Z9.35
G1 E2 F2400
;TYPE:External perimeter
;WIDTH:0.449999
G1 F600
G1 X2.413 Y-2.519 E2.0791
;WIDTH:0.487809
G1 X2.516 Y-2.486 E2.08217
;WIDTH:0.525618
G1 X2.619 Y-2.453 E2.0855
;WIDTH:0.563428
G1 X2.722 Y-2.42 E2.08908
;WIDTH:0.601237
G1 X2.825 Y-2.387 E2.09292
G1 X3.502 Y-2.318 E2.11707
;WIDTH:0.555417
G1 X4.18 Y-2.249 E2.13931
;WIDTH:0.509596
G1 X4.857 Y-2.18 E2.15957
;WIDTH:0.463776
G1 X5.535 Y-2.111 E2.17791
;WIDTH:0.417955
G1 X6.734 Y-1.729 E2.20818
G1 X5.495 Y-1.728 E2.23799
;WIDTH:0.463776
G1 X4.818 Y-1.751 E2.25622
;WIDTH:0.509596
G1 X4.141 Y-1.774 E2.27639
;WIDTH:0.555417
G1 X3.463 Y-1.797 E2.29853
;WIDTH:0.601237
G1 X2.786 Y-1.82 E2.32257
G1 X2.651 Y-1.788 E2.32749
;WIDTH:0.563428
G1 X2.515 Y-1.756 E2.33212
;WIDTH:0.525618
G1 X2.38 Y-1.724 E2.33639
;WIDTH:0.487809
G1 X2.245 Y-1.692 E2.34033
;WIDTH:0.449999
G1 X2.204 Y-1.564 E2.34383
G1 X1.311 Y-1.562 E2.3671
G1 X.85 Y-2.028 E2.38418
G1 X.489 Y-2.321 E2.39629
G1 X-.07 Y-2.687 E2.4137
G1 X-.54 Y-2.903 E2.42718
G1 X-.141 Y-2.869 F4800
;LAYER_CHANGE
;Z:9.5
;HEIGHT:0.15
G1 E.42718 F2400
G92 E0
G1 Z9.5 F4800
G1 Z9.8
G1 X-4.101 Y-2.919
G1 Z9.5
G1 E2 F2400
;WIDTH:0.37219
G1 F600
G1 X-3.229 Y-3.09 E2.01884
G1 X-2.658 Y-3.156 E2.03103
G1 X-2.206 Y-3.144 E2.04062
G1 X-1.332 Y-3.015 E2.05935
G1 X-1.732 Y-3.011 F4800
G1 E.05935 F2400
G92 E0
G1 Z9.8 F4800
G1 X4.315 Y-2.068
G1 Z9.5
G1 E2 F2400
;WIDTH:0.637144
G1 F600
G1 X4.619 Y-2.047 E2.0115
;WIDTH:0.595984
G1 X4.923 Y-2.027 E2.02221
;WIDTH:0.554823
G1 X5.227 Y-2.006 E2.03214
;WIDTH:0.513663
G1 X5.531 Y-1.986 E2.04129
G1 X5.132 Y-2.013 F4800
G1 E.04129 F2400
G92 E0
G1 Z9.8 F4800
G1 X-10.531 Y-1.986
G1 Z9.5
G1 E2 F2400
;WIDTH:0.513837
G1 F600
G1 X-10.228 Y-2.006 E2.00912
;WIDTH:0.554939
G1 X-9.924 Y-2.027 E2.01905
;WIDTH:0.596042
G1 X-9.62 Y-2.047 E2.02976
;WIDTH:0.637144
G1 X-9.316 Y-2.068 E2.04126
G1 X-9.715 Y-2.041 F4800
G1 E.04126 F2400
G92 E0
G1 Z9.8 F4800
G1 X-6.312 Y-2.18
G1 Z9.5
G1 E2 F2400
;TYPE:Perimeter
;WIDTH:0.411148
G1 F600
G1 X-6.153 Y-2.19 E2.00377
G1 X-5.004 Y-2.546 F4800
;TYPE:External perimeter
;WIDTH:0.449999
G1 F600
G1 X-5.789 Y-1.983 E2.02894
G1 X-5.996 Y-1.791 E2.0363
G1 X-6.313 Y-1.792 E2.04456
;WIDTH:0.499982
G1 X-6.514 Y-1.818 E2.05047
;WIDTH:0.549965
G1 X-6.716 Y-1.843 E2.05704
;WIDTH:0.599947
G1 X-6.918 Y-1.868 E2.06425
G1 X-6.936 Y-1.959 E2.06753
G1 X-7.005 Y-1.969 E2.07
;WIDTH:0.560508
G1 X-7.075 Y-1.98 E2.07233
;WIDTH:0.521069
G1 X-7.144 Y-1.99 E2.07446
;WIDTH:0.48163
G1 X-7.735 Y-1.97 E2.09103
;WIDTH:0.441642
G1 X-8.326 Y-1.95 E2.10613
;WIDTH:0.401654
G1 X-8.917 Y-1.93 E2.11975
;WIDTH:0.407579
G1 X-8.984 Y-1.953 E2.12141
;WIDTH:0.453492
G1 X-9.05 Y-1.976 E2.12325
;WIDTH:0.499405
G1 X-9.117 Y-1.999 E2.12531
;WIDTH:0.545318
G1 X-9.183 Y-2.022 E2.12755
;WIDTH:0.591231
G1 X-9.25 Y-2.045 E2.13002
;WIDTH:0.637144
G1 X-9.316 Y-2.068 E2.13266
G1 X-9.253 Y-2.1 E2.13533
;WIDTH:0.591231
G1 X-9.191 Y-2.131 E2.13775
;WIDTH:0.545318
G1 X-9.128 Y-2.163 E2.14001
;WIDTH:0.499405
G1 X-9.065 Y-2.195 E2.14207
;WIDTH:0.453492
G1 X-9.002 Y-2.226 E2.14391
;WIDTH:0.407579
G1 X-8.939 Y-2.258 E2.14556
;WIDTH:0.401654
G1 X-8.351 Y-2.318 E2.15918
;WIDTH:0.441642
G1 X-7.763 Y-2.378 E2.17427
;WIDTH:0.48163
G1 X-7.174 Y-2.437 E2.19086
;WIDTH:0.521069
G1 X-7.038 Y-2.436 E2.19501
;WIDTH:0.560508
G1 X-6.902 Y-2.435 E2.19949
;WIDTH:0.599947
G1 X-6.766 Y-2.433 E2.20431
G1 X-6.632 Y-2.477 E2.2093
;WIDTH:0.549965
G1 X-6.498 Y-2.52 E2.21384
;WIDTH:0.499982
G1 X-6.364 Y-2.564 E2.21795
;WIDTH:0.449999
G1 X-4.409 Y-2.829 E2.26935
G1 X-4.95 Y-2.572 E2.28496
G1 X-5.28 Y-2.346 F4800
G1 E.28496 F2400
G92 E0
G1 Z9.8 F4800
G1 X1.138 Y-2.191
G1 Z9.5
G1 E2 F2400
;TYPE:Perimeter
;WIDTH:0.413082
G1 F600
G1 X1.311 Y-2.18 E2.00412
G1 X-.535 Y-2.822 F4800
;TYPE:External perimeter
;WIDTH:0.449999
G1 F600
G1 X1.192 Y-2.587 E2.04953
;WIDTH:0.499964
G1 X1.384 Y-2.536 E2.05533
;WIDTH:0.549929
G1 X1.575 Y-2.484 E2.06172
;WIDTH:0.599894
G1 X1.766 Y-2.433 E2.06872
G1 X1.902 Y-2.435 E2.07354
;WIDTH:0.560454
G1 X2.038 Y-2.436 E2.07802
;WIDTH:0.521013
G1 X2.174 Y-2.437 E2.08217
;WIDTH:0.481572
G1 X2.762 Y-2.378 E2.09873
;WIDTH:0.441605
G1 X3.35 Y-2.318 E2.11382
;WIDTH:0.401638
G1 X3.938 Y-2.258 E2.12744
;WIDTH:0.407583
G1 X4.001 Y-2.226 E2.12909
;WIDTH:0.453496
G1 X4.064 Y-2.195 E2.13093
;WIDTH:0.499408
G1 X4.126 Y-2.163 E2.13296
;WIDTH:0.54532
G1 X4.189 Y-2.131 E2.13522
;WIDTH:0.591232
G1 X4.252 Y-2.1 E2.13767
;WIDTH:0.637144
G1 X4.315 Y-2.068 E2.14034
G1 X4.248 Y-2.045 E2.14301
;WIDTH:0.591232
G1 X4.182 Y-2.022 E2.14545
;WIDTH:0.54532
G1 X4.115 Y-1.999 E2.14772
;WIDTH:0.499408
G1 X4.049 Y-1.976 E2.14976
;WIDTH:0.453496
G1 X3.982 Y-1.953 E2.15162
;WIDTH:0.407583
G1 X3.916 Y-1.93 E2.15326
;WIDTH:0.401638
G1 X3.325 Y-1.95 E2.16688
;WIDTH:0.441605
G1 X2.735 Y-1.97 E2.18195
;WIDTH:0.481572
G1 X2.144 Y-1.99 E2.19852
;WIDTH:0.521013
G1 X2.075 Y-1.98 E2.20065
;WIDTH:0.560454
G1 X2.005 Y-1.969 E2.20298
;WIDTH:0.599894
G1 X1.936 Y-1.959 E2.20545
G1 X1.914 Y-1.869 E2.20873
G1 X1.713 Y-1.843 E2.21591
;WIDTH:0.549929
G1 X1.513 Y-1.818 E2.22242
;WIDTH:0.499964
G1 X1.312 Y-1.792 E2.22833
;WIDTH:0.449999
G1 X.991 Y-1.792 E2.23669
G1 X.458 Y-2.246 E2.25493
G1 X-.25 Y-2.688 E2.27668
G1 X-.481 Y-2.796 E2.28332
G1 X-.082 Y-2.763 F4800
;LAYER_CHANGE
;Z:9.65
;HEIGHT:0.15
G1 E.28332 F2400
G92 E0
G1 Z9.65 F4800
G1 Z9.95
G1 X-4.286 Y-2.774
G1 Z9.65
G1 E2 F2400
;WIDTH:0.397748
G1 F600
G1 X-3.472 Y-2.953 E2.019
;WIDTH:0.37219
G1 X-2.623 Y-3.061 E2.03715
G1 X-1.751 Y-2.989 E2.0557
G1 X-.866 Y-2.813 E2.07483
G1 X-1.266 Y-2.819 F4800
G1 E.07483 F2400
G92 E0
G1 Z9.95 F4800
G1 X2.024 Y-2.29
G1 Z9.65
G1 E2 F2400
;WIDTH:0.62089
G1 F600
G1 X2.733 Y-2.242 E2.02609
;WIDTH:0.57115
G1 X3.441 Y-2.194 E2.04994
;WIDTH:0.52141
G1 X4.149 Y-2.146 E2.07159
;WIDTH:0.47167
G1 X4.858 Y-2.098 E2.09107
;WIDTH:0.42193
G1 X5.566 Y-2.05 E2.10832
G1 X5.167 Y-2.077 F4800
G1 E.10832 F2400
G92 E0
G1 Z9.95 F4800
G1 X-10.566 Y-2.05
G1 Z9.65
G1 E2 F2400
;WIDTH:0.421725
G1 F600
G1 X-9.859 Y-2.098 E2.01721
;WIDTH:0.471261
G1 X-9.153 Y-2.146 E2.03659
;WIDTH:0.520796
G1 X-8.446 Y-2.193 E2.05818
;WIDTH:0.570331
G1 X-7.739 Y-2.241 E2.08196
;WIDTH:0.619866
G1 X-7.033 Y-2.289 E2.10789
G1 X-7.432 Y-2.262 F4800
G1 E.10789 F2400
G92 E0
G1 Z9.95 F4800
G1 X-4.614 Y-2.675
G1 Z9.65
G1 E2 F2400
;WIDTH:0.507319
G1 F600
G1 X-5.059 Y-2.45 E2.01478
G1 X-5.559 Y-2.094 E2.03297
G1 X-5.697 Y-2.05 E2.03726
G1 X-6.194 Y-2.037 E2.05199
;WIDTH:0.478829
G1 X-6.691 Y-2.024 E2.06584
;WIDTH:0.450339
G1 X-6.699 Y-2.114 E2.0682
;WIDTH:0.484402
G1 X-6.785 Y-2.176 E2.07119
;WIDTH:0.518465
G1 X-6.871 Y-2.238 E2.07441
;WIDTH:0.552266
G1 X-6.925 Y-2.255 E2.07625
;WIDTH:0.586066
G1 X-6.979 Y-2.272 E2.07821
;WIDTH:0.619866
G1 X-7.033 Y-2.289 E2.08028
G1 X-6.959 Y-2.32 E2.08322
;WIDTH:0.572091
G1 X-6.885 Y-2.351 E2.08592
;WIDTH:0.524315
G1 X-6.811 Y-2.382 E2.08838
;WIDTH:0.476539
G1 X-6.737 Y-2.412 E2.09059
;WIDTH:0.428764
G1 X-6.663 Y-2.443 E2.09257
;WIDTH:0.415664
G1 X-6.609 Y-2.441 E2.09386
;WIDTH:0.450339
G1 X-6.555 Y-2.44 E2.09527
;WIDTH:0.478829
G1 X-6.142 Y-2.481 E2.10683
;WIDTH:0.507319
G1 X-4.674 Y-2.667 E2.15068
G1 X-5.02 Y-2.466 F4800
G1 E.15068 F2400
G92 E0
G1 Z9.95 F4800
G1 X-.409 Y-2.678
G1 Z9.65
G1 E2 F2400
;WIDTH:0.50728
G1 F600
G1 X1.038 Y-2.497 E2.04321
;WIDTH:0.466819
G1 X1.346 Y-2.47 E2.05159
;WIDTH:0.426358
G1 X1.655 Y-2.443 E2.05921
;WIDTH:0.432895
G1 X1.729 Y-2.413 E2.06121
;WIDTH:0.479894
G1 X1.803 Y-2.382 E2.06345
;WIDTH:0.526893
G1 X1.877 Y-2.351 E2.06593
;WIDTH:0.573891
G1 X1.95 Y-2.32 E2.06861
;WIDTH:0.62089
G1 X2.024 Y-2.29 E2.07154
G1 X1.943 Y-2.246 E2.07492
;WIDTH:0.57824
G1 X1.862 Y-2.202 E2.07806
;WIDTH:0.535589
G1 X1.78 Y-2.158 E2.08098
;WIDTH:0.492939
G1 X1.699 Y-2.114 E2.08363
;WIDTH:0.450288
G1 X1.688 Y-2.024 E2.08599
G1 X1.527 Y-2.023 E2.09019
;WIDTH:0.478784
G1 X1.074 Y-2.037 E2.10281
;WIDTH:0.50728
G1 X.621 Y-2.05 E2.11624
G1 X.059 Y-2.45 E2.13668
G1 X-.355 Y-2.651 E2.15032
G1 X.044 Y-2.624 F4800
;LAYER_CHANGE
;Z:9.8
;HEIGHT:0.150001
G1 E.15032 F2400
G92 E0
G1 Z9.8 F4800
G1 Z10.1
G1 X-3.848 Y-2.782
G1 Z9.8
G1 E2 F2400
;WIDTH:0.37219
G1 F600
G1 X-3.306 Y-2.883 E2.01169
G1 X-2.583 Y-2.967 E2.02712
G1 X-2.005 Y-2.926 E2.03941
G1 X-1.144 Y-2.78 E2.05793
G1 X-1.543 Y-2.793 F4800
G1 E.05793 F2400
G92 E0
G1 Z10.1 F4800
G1 X.832 Y-2.346
G1 Z9.8
G1 E2 F2400
;WIDTH:0.636788
G1 F600
G1 X1.072 Y-2.33 E2.00907
;WIDTH:0.603922
G1 X1.311 Y-2.314 E2.01761
;WIDTH:0.571056
G1 X1.375 Y-2.332 E2.01984
;WIDTH:0.52134
G1 X1.439 Y-2.351 E2.02188
;WIDTH:0.471623
G1 X1.502 Y-2.369 E2.02368
;WIDTH:0.421907
G1 X1.566 Y-2.387 E2.0253
;WIDTH:0.37219
G1 X3.217 Y-2.276 E2.06039
G1 X2.817 Y-2.285 F4800
G1 E.06039 F2400
G92 E0
G1 Z10.1 F4800
G1 X-8.218 Y-2.276
G1 Z9.8
G1 E2 F2400
G1 F600
G1 X-6.566 Y-2.387 E2.03511
;WIDTH:0.421931
G1 X-6.502 Y-2.369 E2.03673
;WIDTH:0.471672
G1 X-6.439 Y-2.351 E2.03853
;WIDTH:0.521413
G1 X-6.375 Y-2.332 E2.04057
;WIDTH:0.571154
G1 X-6.311 Y-2.314 E2.0428
;WIDTH:0.603975
G1 X-6.072 Y-2.33 E2.05134
;WIDTH:0.636796
G1 X-5.833 Y-2.346 E2.06037
G1 X-6.233 Y-2.337 F4800
G1 E.06037 F2400
G92 E0
G1 Z10.1 F4800
G1 X-3.856 Y-2.78
G1 Z9.8
G1 E2 F2400
;WIDTH:0.378456
G1 F600
G1 X-4.637 Y-2.51 E2.01784
G1 X-5.104 Y-2.239 E2.0295
G1 X-5.434 Y-2.208 E2.03666
;WIDTH:0.407679
G1 X-5.5 Y-2.231 E2.0383
;WIDTH:0.453502
G1 X-5.567 Y-2.254 E2.04016
;WIDTH:0.499326
G1 X-5.633 Y-2.277 E2.0422
;WIDTH:0.545149
G1 X-5.7 Y-2.3 E2.04447
;WIDTH:0.590973
G1 X-5.766 Y-2.323 E2.04691
;WIDTH:0.636796
G1 X-5.833 Y-2.346 E2.04958
G1 X-5.77 Y-2.377 E2.05223
;WIDTH:0.590973
G1 X-5.707 Y-2.409 E2.05469
;WIDTH:0.545149
G1 X-5.644 Y-2.441 E2.05695
;WIDTH:0.499326
G1 X-5.581 Y-2.472 E2.059
;WIDTH:0.453502
G1 X-5.519 Y-2.504 E2.06083
;WIDTH:0.407679
G1 X-5.456 Y-2.536 E2.06248
;WIDTH:0.378456
G1 X-4.644 Y-2.638 E2.08015
G1 X-3.915 Y-2.769 E2.09614
G1 X-4.29 Y-2.629 F4800
G1 E.09614 F2400
G92 E0
G1 Z10.1 F4800
G1 X-1.144 Y-2.78
G1 Z9.8
G1 E2 F2400
;WIDTH:0.378425
G1 F600
G1 X-.32 Y-2.633 E2.01807
G1 X.455 Y-2.536 E2.03493
;WIDTH:0.407678
G1 X.518 Y-2.504 E2.03658
;WIDTH:0.4535
G1 X.581 Y-2.473 E2.03842
;WIDTH:0.499322
G1 X.644 Y-2.441 E2.04048
;WIDTH:0.545144
G1 X.706 Y-2.409 E2.04271
;WIDTH:0.590966
G1 X.769 Y-2.378 E2.04516
;WIDTH:0.636788
G1 X.832 Y-2.346 E2.04782
G1 X.766 Y-2.323 E2.05046
;WIDTH:0.590966
G1 X.699 Y-2.3 E2.05293
;WIDTH:0.545144
G1 X.633 Y-2.277 E2.05517
;WIDTH:0.499322
G1 X.566 Y-2.254 E2.05723
;WIDTH:0.4535
G1 X.5 Y-2.231 E2.05907
;WIDTH:0.407678
G1 X.433 Y-2.208 E2.06073
;WIDTH:0.378425
G1 X.104 Y-2.239 E2.06787
G1 X-.386 Y-2.521 E2.08008
G1 X-1.087 Y-2.761 E2.09608
G1 X-.691 Y-2.701 F4800
;LAYER_CHANGE
;Z:9.95
;HEIGHT:0.15
G1 E.09608 F2400
G92 E0
G1 Z9.95 F4800
G1 Z10.25
G1 X-6.108 Y-2.393
G1 Z9.95
G1 E2 F2400
;WIDTH:0.409042
G1 F600
G1 X-5.595 Y-2.428 E2.01208
;WIDTH:0.445894
G1 X-5.083 Y-2.463 E2.02532
;WIDTH:0.482746
G1 X-4.57 Y-2.497 E2.03977
G1 X-4.32 Y-2.562 E2.04703
;WIDTH:0.445894
G1 X-4.07 Y-2.626 E2.05369
;WIDTH:0.409042
G1 X-3.821 Y-2.69 E2.05973
;WIDTH:0.37219
G1 X-2.975 Y-2.83 E2.07791
G1 X-2.5 Y-2.865 E2.08801
G1 X-2.088 Y-2.838 E2.09676
G1 X-1.203 Y-2.695 E2.11577
;WIDTH:0.409028
G1 X-.946 Y-2.629 E2.12201
;WIDTH:0.445866
G1 X-.688 Y-2.563 E2.12888
;WIDTH:0.482704
G1 X-.43 Y-2.497 E2.13636
G1 X.082 Y-2.463 E2.15078
;WIDTH:0.445866
G1 X.595 Y-2.428 E2.16405
;WIDTH:0.409028
G1 X1.108 Y-2.393 E2.17613
G1 X.708 Y-2.395 F4800
;LAYER_CHANGE
;Z:10.1
;HEIGHT:0.150001
G1 E.17613 F2400
G92 E0
G1 Z10.1 F4800
G1 Z10.4
G1 X-3.636 Y-2.627
G1 Z10.1
G1 E2 F2400
;WIDTH:0.37219
G1 F600
G1 X-2.943 Y-2.737 E2.01488
G1 X-2.5 Y-2.767 E2.02429
G1 X-1.364 Y-2.627 E2.04856
G1 X-2.057 Y-2.737 E2.06344
G1 X-2.5 Y-2.767 E2.07285
G1 X-3.577 Y-2.635 E2.09586
G1 X-3.182 Y-2.699 F4800
G1 E.09586 F2400
G92 E0
M107
;TYPE:Custom
; Filament-specific end gcode 
;END gcode for filament
M300
M104 S0
G28 X
G28 Z
G1 Y65
G92 E
; objects_info = {"objects":[]}
; filament used [mm] = 17968.64
; filament used [cm3] = 43.22
; total filament used [g] = 0.00
; total filament cost = 0.00
; total filament used for wipe tower [g] = 0.00
; estimated printing time (normal mode) = 25m 40s
; estimated first layer printing time (normal mode) = 1m 27s

; prusaslicer_config = begin
; arc_fitting = disabled
; autoemit_temperature_commands = 0
; automatic_extrusion_widths = 0
; automatic_infill_combination = 0
; automatic_infill_combination_max_layer_height = 100%
; avoid_crossing_curled_overhangs = 0
; avoid_crossing_perimeters = 0
; avoid_crossing_perimeters_max_detour = 0
; bed_custom_model = 
; bed_custom_texture = 
; bed_shape = -95x-65,90x-65,90x65,-95x65
; bed_temperature = 0
; bed_temperature_extruder = 0
; before_layer_gcode = 
; between_objects_gcode = 
; binary_gcode = 0
; bottom_fill_pattern = rectilinear
; bottom_solid_layers = 3
; bottom_solid_min_thickness = 0
; bridge_acceleration = 0
; bridge_angle = 0
; bridge_fan_speed = 100
; bridge_flow_ratio = 1
; bridge_speed = 60
; brim_separation = 0
; brim_type = outer_only
; brim_width = 0
; chamber_minimal_temperature = 0
; chamber_temperature = 0
; color_change_gcode = M600
; colorprint_heights = 
; complete_objects = 0
; cooling = 1
; cooling_perimeter_transition_distance = 0
; cooling_slowdown_logic = uniform_cooling
; cooling_tube_length = 5
; cooling_tube_retraction = 91.5
; custom_parameters_filament = ""
; custom_parameters_print = 
; custom_parameters_printer = 
; default_acceleration = 0
; default_filament_profile = 
; default_print_profile = 
; deretract_speed = 0
; disable_fan_first_layers = 3
; dont_support_bridges = 1
; draft_shield = disabled
; duplicate_distance = 6
; elefant_foot_compensation = 0
; enable_dynamic_fan_speeds = 0
; enable_dynamic_overhang_speeds = 0
; end_filament_gcode = "; Filament-specific end gcode \n;END gcode for filament\n"
; end_gcode = M300\r\nM104 S0\r\nG28 X\r\nG28 Z\r\nG1 Y65\r\nG92 E\r\n
; ensure_vertical_shell_thickness = enabled
; external_perimeter_acceleration = 0
; external_perimeter_extrusion_width = 0.45
; external_perimeter_speed = 50%
; external_perimeters_first = 0
; extra_loading_move = -2
; extra_perimeters = 1
; extra_perimeters_on_overhangs = 0
; extruder_clearance_height = 20
; extruder_clearance_radius = 20
; extruder_colour = ""
; extruder_offset = 0x0
; extrusion_axis = E
; extrusion_multiplier = 1
; extrusion_width = 0.45
; fan_always_on = 0
; fan_below_layer_time = 60
; filament_abrasive = 0
; filament_colour = #29B2B2
; filament_cooling_final_speed = 3.4
; filament_cooling_initial_speed = 2.2
; filament_cooling_moves = 4
; filament_cost = 0
; filament_density = 0
; filament_deretract_speed = nil
; filament_diameter = 1.75
; filament_infill_max_crossing_speed = 0
; filament_infill_max_speed = 0
; filament_load_time = 0
; filament_loading_speed = 28
; filament_loading_speed_start = 3
; filament_max_volumetric_speed = 0
; filament_minimal_purge_on_wipe_tower = 15
; filament_multitool_ramming = 0
; filament_multitool_ramming_flow = 10
; filament_multitool_ramming_volume = 10
; filament_notes = ""
; filament_purge_multiplier = 100%
; filament_ramming_parameters = "120 100 6.6 6.8 7.2 7.6 7.9 8.2 8.7 9.4 9.9 10.0| 0.05 6.6 0.45 6.8 0.95 7.8 1.45 8.3 1.95 9.7 2.45 10 2.95 7.6 3.45 7.6 3.95 7.6 4.45 7.6 4.95 7.6"
; filament_retract_before_travel = nil
; filament_retract_before_wipe = nil
; filament_retract_layer_change = nil
; filament_retract_length = nil
; filament_retract_length_toolchange = nil
; filament_retract_lift = 0.3
; filament_retract_lift_above = nil
; filament_retract_lift_below = nil
; filament_retract_restart_extra = nil
; filament_retract_restart_extra_toolchange = nil
; filament_retract_speed = nil
; filament_seam_gap_distance = nil
; filament_settings_id = Beethefirst
; filament_shrinkage_compensation_xy = 0%
; filament_shrinkage_compensation_z = 0%
; filament_soluble = 0
; filament_spool_weight = 0
; filament_stamping_distance = 0
; filament_stamping_loading_speed = 20
; filament_toolchange_delay = 0
; filament_travel_lift_before_obstacle = nil
; filament_travel_max_lift = nil
; filament_travel_ramping_lift = nil
; filament_travel_slope = nil
; filament_type = PLA
; filament_unload_time = 0
; filament_unloading_speed = 90
; filament_unloading_speed_start = 100
; filament_vendor = (Unknown)
; filament_wipe = nil
; fill_angle = 45
; fill_density = 25%
; fill_pattern = cubic
; first_layer_acceleration = 0
; first_layer_acceleration_over_raft = 0
; first_layer_bed_temperature = 0
; first_layer_extrusion_width = 0.42
; first_layer_height = 0.2
; first_layer_infill_speed = 0
; first_layer_speed = 30
; first_layer_speed_over_raft = 30
; first_layer_temperature = 200
; full_fan_speed_layer = 0
; fuzzy_skin = none
; fuzzy_skin_point_dist = 0.8
; fuzzy_skin_thickness = 0.3
; gap_fill_enabled = 1
; gap_fill_speed = 20
; gcode_comments = 0
; gcode_flavor = reprap
; gcode_label_objects = disabled
; gcode_resolution = 0.0125
; gcode_substitutions = 
; high_current_on_filament_swap = 0
; host_type = prusalink
; idle_temperature = nil
; infill_acceleration = 0
; infill_anchor = 600%
; infill_anchor_max = 50
; infill_every_layers = 1
; infill_extruder = 1
; infill_extrusion_width = 0.45
; infill_first = 0
; infill_overlap = 25%
; infill_speed = 50
; interface_shells = 0
; interlocking_beam = 0
; interlocking_beam_layer_count = 2
; interlocking_beam_width = 0.8
; interlocking_boundary_avoidance = 2
; interlocking_depth = 2
; interlocking_orientation = 22.5
; ironing = 0
; ironing_flowrate = 15%
; ironing_spacing = 0.1
; ironing_speed = 15
; ironing_type = top
; layer_gcode = 
; layer_height = 0.15
; machine_limits_usage = time_estimate_only
; machine_max_acceleration_e = 10000,5000
; machine_max_acceleration_extruding = 1500,1250
; machine_max_acceleration_retracting = 1500,1250
; machine_max_acceleration_travel = 1500,1250
; machine_max_acceleration_x = 9000,1000
; machine_max_acceleration_y = 9000,1000
; machine_max_acceleration_z = 500,200
; machine_max_feedrate_e = 120,120
; machine_max_feedrate_x = 500,200
; machine_max_feedrate_y = 500,200
; machine_max_feedrate_z = 12,12
; machine_max_jerk_e = 2.5,2.5
; machine_max_jerk_x = 10,10
; machine_max_jerk_y = 10,10
; machine_max_jerk_z = 0.2,0.4
; machine_max_junction_deviation = 0,0
; machine_min_extruding_rate = 0,0
; machine_min_travel_rate = 0,0
; max_fan_speed = 100
; max_layer_height = 0
; max_print_height = 125
; max_print_speed = 50
; max_volumetric_extrusion_rate_slope_negative = 0
; max_volumetric_extrusion_rate_slope_positive = 0
; max_volumetric_speed = 0
; min_bead_width = 85%
; min_fan_speed = 35
; min_feature_size = 25%
; min_layer_height = 0.07
; min_print_speed = 10
; min_skirt_length = 0
; mmu_segmented_region_interlocking_depth = 0
; mmu_segmented_region_max_width = 0
; multimaterial_purging = 140
; notes = 
; nozzle_diameter = 0.4
; nozzle_high_flow = 0
; only_one_perimeter_first_layer = 0
; only_retract_when_crossing_perimeters = 0
; ooze_prevention = 0
; output_filename_format = [input_filename_base].gcode
; over_bridge_speed = 0
; overhang_fan_speed_0 = 0
; overhang_fan_speed_1 = 0
; overhang_fan_speed_2 = 0
; overhang_fan_speed_3 = 0
; overhang_speed_0 = 15
; overhang_speed_1 = 15
; overhang_speed_2 = 20
; overhang_speed_3 = 25
; overhangs = 1
; parking_pos_retraction = 92
; pause_print_gcode = M601
; perimeter_acceleration = 0
; perimeter_extruder = 1
; perimeter_extrusion_width = 0.45
; perimeter_generator = arachne
; perimeter_speed = 45
; perimeters = 3
; physical_printer_settings_id = 
; post_process = 
; prefer_clockwise_movements = 0
; print_settings_id = Beethefirst
; printer_model = 
; printer_notes = 
; printer_settings_id = Beethefirst
; printer_technology = FFF
; printer_variant = 
; printer_vendor = 
; raft_contact_distance = 0.1
; raft_expansion = 1.5
; raft_first_layer_density = 90%
; raft_first_layer_expansion = 3
; raft_layers = 0
; remaining_times = 0
; resolution = 0
; retract_before_travel = 2
; retract_before_wipe = 0%
; retract_layer_change = 0
; retract_length = 2
; retract_length_toolchange = 10
; retract_lift = 0
; retract_lift_above = 0
; retract_lift_below = 0
; retract_restart_extra = 0
; retract_restart_extra_toolchange = 0
; retract_speed = 40
; scarf_seam_entire_loop = 0
; scarf_seam_length = 20
; scarf_seam_max_segment_length = 1
; scarf_seam_on_inner_perimeters = 0
; scarf_seam_only_on_smooth = 1
; scarf_seam_placement = everywhere
; scarf_seam_start_height = 0%
; seam_gap_distance = 15%
; seam_position = aligned
; silent_mode = 1
; single_extruder_multi_material = 0
; single_extruder_multi_material_priming = 1
; skirt_distance = 6
; skirt_height = 1
; skirts = 2
; slice_closing_radius = 0.049
; slicing_mode = regular
; slowdown_below_layer_time = 5
; small_perimeter_speed = 15
; solid_infill_acceleration = 0
; solid_infill_below_area = 70
; solid_infill_every_layers = 0
; solid_infill_extruder = 1
; solid_infill_extrusion_width = 0.45
; solid_infill_speed = 20
; spiral_vase = 0
; staggered_inner_seams = 0
; standby_temperature_delta = -5
; start_filament_gcode = "; Filament gcode\n"
; start_gcode = M109 S207\nM300\nM206 X500\nM107\nG28\nG92 E\nM130 T6 U1.3 V80\nG1 X-98.0 Y-20.0 Z5.0 F3000\nG1 Y-68.0 Z0.3\nG1 X-98.0 Y0.0 F500 E20\nG92 E\n
; support_material = 1
; support_material_angle = 0
; support_material_auto = 0
; support_material_bottom_contact_distance = 0
; support_material_bottom_interface_layers = -1
; support_material_buildplate_only = 0
; support_material_closing_radius = 2
; support_material_contact_distance = 0.2
; support_material_enforce_layers = 0
; support_material_extruder = 1
; support_material_extrusion_width = 0.35
; support_material_interface_contact_loops = 0
; support_material_interface_extruder = 1
; support_material_interface_layers = 3
; support_material_interface_pattern = rectilinear
; support_material_interface_spacing = 0
; support_material_interface_speed = 100%
; support_material_pattern = rectilinear
; support_material_spacing = 2.5
; support_material_speed = 60
; support_material_style = organic
; support_material_synchronize_layers = 0
; support_material_threshold = 0
; support_material_with_sheath = 1
; support_material_xy_spacing = 50%
; support_tree_angle = 40
; support_tree_angle_slow = 25
; support_tree_branch_diameter = 2
; support_tree_branch_diameter_angle = 5
; support_tree_branch_diameter_double_wall = 3
; support_tree_branch_distance = 1
; support_tree_tip_diameter = 0.8
; support_tree_top_rate = 15%
; temperature = 200
; template_custom_gcode = 
; thick_bridges = 1
; thin_walls = 1
; thumbnails = 
; thumbnails_format = PNG
; toolchange_gcode = 
; top_fill_pattern = rectilinear
; top_infill_extrusion_width = 0.4
; top_one_perimeter_type = none
; top_solid_infill_acceleration = 0
; top_solid_infill_speed = 15
; top_solid_layers = 5
; top_solid_min_thickness = 0
; travel_acceleration = 0
; travel_lift_before_obstacle = 0
; travel_max_lift = 0
; travel_ramping_lift = 0
; travel_short_distance_acceleration = 0
; travel_slope = 0
; travel_speed = 80
; travel_speed_z = 0
; use_firmware_retraction = 0
; use_relative_e_distances = 0
; use_volumetric_e = 0
; variable_layer_height = 1
; wall_distribution_count = 1
; wall_transition_angle = 10
; wall_transition_filter_deviation = 25%
; wall_transition_length = 100%
; wipe = 0
; wipe_into_infill = 0
; wipe_into_objects = 0
; wipe_tower = 0
; wipe_tower_acceleration = 0
; wipe_tower_bridging = 10
; wipe_tower_brim_width = 2
; wipe_tower_cone_angle = 0
; wipe_tower_extra_flow = 100%
; wipe_tower_extra_spacing = 100%
; wipe_tower_extruder = 0
; wipe_tower_no_sparse_layers = 0
; wipe_tower_width = 60
; wiping_volumes_matrix = 0
; wiping_volumes_use_custom_matrix = 0
; xy_size_compensation = 0
; z_offset = 0
; prusaslicer_config = end
